{
"type": "FeatureCollection",
"name": "cartescolaire_39",
"crs": { "type": "name", "properties": { "name": "urn:ogc:def:crs:OGC:1.3:CRS84" } },
"features": [
{ "type": "Feature", "properties": { "code_departement": 39.0, "code_rne": "0010987T", "multisecteur": 0.0 }, "geometry": { "type": "MultiPolygon", "coordinates": [ [ [ [ 5.731835, 46.263325 ], [ 5.7439293, 46.2668436 ], [ 5.7442675, 46.2668264 ], [ 5.745277, 46.266464199999987 ], [ 5.7458323, 46.2663445 ], [ 5.7487379, 46.2660211 ], [ 5.7501118, 46.2660609 ], [ 5.7513479, 46.2659184 ], [ 5.7521795, 46.2662299 ], [ 5.7534561, 46.2665558 ], [ 5.7545341, 46.2664216 ], [ 5.7566646, 46.2664953 ], [ 5.7580179, 46.2666923 ], [ 5.7587432, 46.2665449 ], [ 5.7591496, 46.2665909 ], [ 5.7596379, 46.2667683 ], [ 5.7600738, 46.266755 ], [ 5.760751, 46.267045 ], [ 5.7611705, 46.2671204 ], [ 5.7612984, 46.267285799999989 ], [ 5.762064, 46.2672924 ], [ 5.7626854, 46.2675314 ], [ 5.7638431, 46.2675331 ], [ 5.7642747, 46.2674613 ], [ 5.7648416, 46.2677025 ], [ 5.7652115, 46.2679783 ], [ 5.7655791, 46.2680784 ], [ 5.7657271, 46.2682045 ], [ 5.7667238, 46.2686209 ], [ 5.7669878, 46.2688046 ], [ 5.76717, 46.2692489 ], [ 5.767659, 46.2696695 ], [ 5.7697675, 46.27064 ], [ 5.7700292, 46.27083 ], [ 5.7701095, 46.2712101 ], [ 5.7710157, 46.272094499999987 ], [ 5.7712087, 46.272416 ], [ 5.7712564, 46.2728203 ], [ 5.7716869, 46.272981 ], [ 5.7724997, 46.273791 ], [ 5.7731603, 46.2741083 ], [ 5.7736958, 46.2745233 ], [ 5.774464, 46.2753479 ], [ 5.7771118, 46.2775431 ], [ 5.7777353, 46.2782803 ], [ 5.7778886, 46.2785865 ], [ 5.7790305, 46.2797318 ], [ 5.7783427, 46.2802612 ], [ 5.7772531, 46.2834775 ], [ 5.7754903, 46.2835682 ], [ 5.7747914, 46.283215 ], [ 5.7747114, 46.2833295 ], [ 5.77538, 46.2839052 ], [ 5.7753808, 46.2842025 ], [ 5.7751448, 46.2846741 ], [ 5.774009, 46.2848811 ], [ 5.7737385, 46.2850057 ], [ 5.773678, 46.2854775 ], [ 5.7744933, 46.2864858 ], [ 5.7760473, 46.2863001 ], [ 5.7770018, 46.2877176 ], [ 5.7775407, 46.2880171 ], [ 5.7782626, 46.2881301 ], [ 5.7785561, 46.2886618 ], [ 5.7805, 46.2886026 ], [ 5.7808303, 46.288682 ], [ 5.7827359, 46.2900653 ], [ 5.7826924, 46.2903088 ], [ 5.7810634, 46.2905576 ], [ 5.7800987, 46.290783 ], [ 5.7800021, 46.2910043 ], [ 5.7802143, 46.2912676 ], [ 5.7827904, 46.2919553 ], [ 5.7842779, 46.2920937 ], [ 5.7844795, 46.2931944 ], [ 5.786429, 46.2945676 ], [ 5.7881763, 46.2953628 ], [ 5.7896237, 46.2954769 ], [ 5.792231, 46.2954977 ], [ 5.7912295, 46.2975757 ], [ 5.7908913, 46.2985148 ], [ 5.7903322, 46.2991998 ], [ 5.79135, 46.2995289 ], [ 5.7921215, 46.3000768 ], [ 5.7929436, 46.3004413 ], [ 5.7925261, 46.3007435 ], [ 5.7934248, 46.3018973 ], [ 5.7900679, 46.3022247 ], [ 5.7899739, 46.3026766 ], [ 5.7899886, 46.3035007 ], [ 5.7894308, 46.3034982 ], [ 5.789512, 46.3040458 ], [ 5.7899628, 46.3054413 ], [ 5.7917533, 46.3072797 ], [ 5.7913308, 46.3073324 ], [ 5.7904775, 46.3072992 ], [ 5.7902076, 46.307641 ], [ 5.7864714, 46.3080082 ], [ 5.7858054, 46.308411 ], [ 5.785574, 46.3089213 ], [ 5.7855761, 46.309269 ], [ 5.785798, 46.3096943 ], [ 5.7837083, 46.3108906 ], [ 5.7829726, 46.310231 ], [ 5.7809399, 46.3112213 ], [ 5.7806146, 46.3109851 ], [ 5.7798512, 46.3113146 ], [ 5.7796655, 46.3111668 ], [ 5.7769262, 46.3119671 ], [ 5.7749242, 46.312411399999988 ], [ 5.7739739, 46.3128004 ], [ 5.7724403, 46.3137892 ], [ 5.7725232, 46.3142954 ], [ 5.7745555, 46.3154731 ], [ 5.7767562, 46.3186073 ], [ 5.7754005, 46.3196711 ], [ 5.7738436, 46.321358 ], [ 5.7735586, 46.3214063 ], [ 5.7723666, 46.3213137 ], [ 5.772, 46.3206496 ], [ 5.7715929, 46.3203919 ], [ 5.7713571, 46.3203832 ], [ 5.7706463, 46.3209348 ], [ 5.7699997, 46.3209811 ], [ 5.7698705, 46.3212546 ], [ 5.7696868, 46.3212735 ], [ 5.7687213, 46.3211348 ], [ 5.7675043, 46.3204705 ], [ 5.7672314, 46.3223252 ], [ 5.7673792, 46.3234217 ], [ 5.7672489, 46.3241106 ], [ 5.7671849, 46.3256727 ], [ 5.7681741, 46.3259442 ], [ 5.7676037, 46.326186 ], [ 5.7668005, 46.3268408 ], [ 5.765844, 46.3271397 ], [ 5.7657931, 46.3273671 ], [ 5.76622, 46.3279388 ], [ 5.7659729, 46.3281953 ], [ 5.7661568, 46.3285918 ], [ 5.765858, 46.3290865 ], [ 5.7660352, 46.3302247 ], [ 5.7656216, 46.3309709 ], [ 5.7656005, 46.3316841 ], [ 5.7652458, 46.3325676 ], [ 5.7656007, 46.3328707 ], [ 5.7659225, 46.3334738 ], [ 5.7659026, 46.3337996 ], [ 5.7656791, 46.3341897 ], [ 5.7657845, 46.3349359 ], [ 5.766381, 46.3353873 ], [ 5.767248, 46.3358374 ], [ 5.7682514, 46.3365402 ], [ 5.7683124, 46.336718 ], [ 5.7681612, 46.3369433 ], [ 5.767949, 46.3378378 ], [ 5.7684572, 46.3386778 ], [ 5.7688749, 46.3391155 ], [ 5.7690311, 46.3395541 ], [ 5.7695257, 46.3399187 ], [ 5.7683801, 46.3402376 ], [ 5.7655936, 46.3407539 ], [ 5.7638212, 46.3416718 ], [ 5.7625458, 46.3419199 ], [ 5.7622278, 46.3423466 ], [ 5.7623018, 46.3431413 ], [ 5.7620758, 46.3436892 ], [ 5.7618965, 46.344955 ], [ 5.7602975, 46.344879299999988 ], [ 5.7589735, 46.3446807 ], [ 5.7579798, 46.344712799999989 ], [ 5.7543901, 46.3434706 ], [ 5.7517549, 46.3422963 ], [ 5.7486408, 46.3397684 ], [ 5.7454498, 46.3367152 ], [ 5.7444765, 46.3359322 ], [ 5.7383378, 46.3373341 ], [ 5.7373887, 46.3398383 ], [ 5.7371199, 46.3401862 ], [ 5.7364384, 46.3407865 ], [ 5.7346424, 46.3421 ], [ 5.7285029, 46.3428761 ], [ 5.7203383, 46.3395384 ], [ 5.7201457, 46.3395889 ], [ 5.7200945, 46.3398154 ], [ 5.7194697, 46.3406971 ], [ 5.7188224, 46.3421983 ], [ 5.7184234, 46.3423376 ], [ 5.7181428, 46.3433137 ], [ 5.7176723, 46.3437151 ], [ 5.7165291, 46.3460264 ], [ 5.7162305, 46.346302 ], [ 5.7158163, 46.346292 ], [ 5.7148102, 46.3454474 ], [ 5.7144909, 46.3458812 ], [ 5.7141655, 46.346926 ], [ 5.713817, 46.3476119 ], [ 5.7136542, 46.3511459 ], [ 5.7106108, 46.3535609 ], [ 5.7094262, 46.35439 ], [ 5.7064392, 46.3569523 ], [ 5.7031622, 46.3568687 ], [ 5.7016035, 46.3562948 ], [ 5.7012326, 46.3555305 ], [ 5.7005189, 46.3556493 ], [ 5.6995928, 46.3548152 ], [ 5.6989302, 46.3550994 ], [ 5.6965285, 46.3542111 ], [ 5.6951418, 46.3549854 ], [ 5.6946059, 46.3553855 ], [ 5.6943713, 46.3550874 ], [ 5.694091, 46.3549445 ], [ 5.6919582, 46.3542047 ], [ 5.6911037, 46.354106 ], [ 5.6903459, 46.3542545 ], [ 5.6891814, 46.3542847 ], [ 5.6884844, 46.3530505 ], [ 5.6878101, 46.3505833 ], [ 5.6878246, 46.3504019 ], [ 5.6881762, 46.350117 ], [ 5.6869725, 46.3498489 ], [ 5.684593, 46.3502789 ], [ 5.6822092, 46.3508324 ], [ 5.6820867, 46.3510136 ], [ 5.6808856, 46.3494742 ], [ 5.6793879, 46.3480903 ], [ 5.6780688, 46.3465815 ], [ 5.6753135, 46.3428126 ], [ 5.6731315, 46.3403599 ], [ 5.6721008, 46.3396047 ], [ 5.6706773, 46.3387191 ], [ 5.6672086, 46.3354 ], [ 5.6659554, 46.3343481 ], [ 5.6656115, 46.3345247 ], [ 5.6622611, 46.332155 ], [ 5.6607558, 46.3312919 ], [ 5.6595405, 46.3307995 ], [ 5.6588827, 46.3307266 ], [ 5.6570822, 46.3308253 ], [ 5.6556194, 46.3309955 ], [ 5.6551751, 46.3323186 ], [ 5.6535875, 46.3329466 ], [ 5.6557267, 46.3358015 ], [ 5.6565127, 46.3366932 ], [ 5.6569404, 46.3373833 ], [ 5.6573431, 46.3383091 ], [ 5.657481, 46.3387645 ], [ 5.6574641, 46.3398082 ], [ 5.6574037, 46.3399835 ], [ 5.6569082, 46.3403609 ], [ 5.6567418, 46.3418883 ], [ 5.6566192, 46.3420425 ], [ 5.6559245, 46.3424714 ], [ 5.6542321, 46.3428757 ], [ 5.6523925, 46.3435186 ], [ 5.6511824, 46.3445063 ], [ 5.6494738, 46.3456515 ], [ 5.6495126, 46.3465597 ], [ 5.6490886, 46.3474489 ], [ 5.6491201, 46.3478022 ], [ 5.6495935, 46.348067799999988 ], [ 5.6495915, 46.3485373 ], [ 5.6505272, 46.3495598 ], [ 5.6498378, 46.35002 ], [ 5.6496757, 46.3513473 ], [ 5.649255, 46.3519562 ], [ 5.6477945, 46.352829799999988 ], [ 5.6472863, 46.3532696 ], [ 5.6468482, 46.3537357 ], [ 5.6463212, 46.3549453 ], [ 5.6457548, 46.3554756 ], [ 5.645289, 46.355663 ], [ 5.6433366, 46.3558957 ], [ 5.6429926, 46.3579309 ], [ 5.6430082, 46.3591396 ], [ 5.6378062, 46.3595331 ], [ 5.6378996, 46.3589057 ], [ 5.6377121, 46.3578523 ], [ 5.6373931, 46.3573902 ], [ 5.6363541, 46.3564872 ], [ 5.6357329, 46.3555069 ], [ 5.6358227, 46.3543191 ], [ 5.6356669, 46.3535443 ], [ 5.6352849, 46.3528008 ], [ 5.6346182, 46.3522756 ], [ 5.6342315, 46.3517584 ], [ 5.6333849, 46.3521464 ], [ 5.632453, 46.3529239 ], [ 5.6320052, 46.353109 ], [ 5.6310382, 46.3524277 ], [ 5.6310429, 46.3519311 ], [ 5.6301279, 46.3494376 ], [ 5.6300403, 46.3482657 ], [ 5.6295804, 46.3475501 ], [ 5.629305, 46.346718599999988 ], [ 5.6290794, 46.3464913 ], [ 5.6288488, 46.3463777 ], [ 5.6279295, 46.3463061 ], [ 5.6261338, 46.3456772 ], [ 5.6241764, 46.344551 ], [ 5.619388, 46.3421718 ], [ 5.6193895, 46.3420132 ], [ 5.6207322, 46.341094 ], [ 5.6199608, 46.3407693 ], [ 5.6192443, 46.3394992 ], [ 5.6188041, 46.3390264 ], [ 5.6177265, 46.3381736 ], [ 5.6166421, 46.3363903 ], [ 5.6153276, 46.3354772 ], [ 5.6151516, 46.3350884 ], [ 5.6152708, 46.3348883 ], [ 5.6152452, 46.3346258 ], [ 5.6140258, 46.3337682 ], [ 5.6135481, 46.333298 ], [ 5.6127358, 46.3329581 ], [ 5.6114779, 46.3321931 ], [ 5.6110371, 46.3323042 ], [ 5.6107978, 46.3320321 ], [ 5.6101286, 46.3317186 ], [ 5.6098087, 46.3314475 ], [ 5.6064312, 46.3278787 ], [ 5.6055611, 46.3270868 ], [ 5.6041975, 46.326172 ], [ 5.60358, 46.325495 ], [ 5.6029358, 46.3240096 ], [ 5.6025147, 46.3234408 ], [ 5.6022819, 46.3232768 ], [ 5.6017496, 46.3232133 ], [ 5.6013113, 46.3233503 ], [ 5.6008071, 46.3237393 ], [ 5.5998636, 46.3242726 ], [ 5.5994206, 46.3243386 ], [ 5.5992862, 46.3242732 ], [ 5.5983683, 46.3226904 ], [ 5.5969494, 46.3210442 ], [ 5.5959363, 46.3203033 ], [ 5.5959783, 46.3200366 ], [ 5.5961369, 46.3199276 ], [ 5.5979067, 46.3196268 ], [ 5.5967298, 46.3186113 ], [ 5.5945277, 46.3164595 ], [ 5.5985865, 46.3147209 ], [ 5.5996317, 46.3143889 ], [ 5.6004449, 46.314237 ], [ 5.6011736, 46.3141934 ], [ 5.6032699, 46.3148293 ], [ 5.6034207, 46.3148006 ], [ 5.6038269, 46.3144562 ], [ 5.6050229, 46.3139324 ], [ 5.6062632, 46.313904 ], [ 5.608731, 46.3176649 ], [ 5.6107249, 46.3196086 ], [ 5.6110284, 46.320273799999988 ], [ 5.6110661, 46.3243047 ], [ 5.6117045, 46.3254992 ], [ 5.6139077, 46.3277605 ], [ 5.6157791, 46.3287384 ], [ 5.6181654, 46.3291674 ], [ 5.6253408, 46.3295447 ], [ 5.6290722, 46.3299767 ], [ 5.6305151, 46.3302047 ], [ 5.6322573, 46.3310546 ], [ 5.6340934, 46.332397 ], [ 5.6353317, 46.3335315 ], [ 5.6366498, 46.3348894 ], [ 5.6374583, 46.336441099999988 ], [ 5.6381693, 46.3374563 ], [ 5.6400743, 46.338842 ], [ 5.6402939, 46.3392405 ], [ 5.6403555, 46.3402743 ], [ 5.6407106, 46.3407589 ], [ 5.6413893, 46.3412352 ], [ 5.6419584, 46.3420283 ], [ 5.6426277, 46.3439796 ], [ 5.6424936, 46.3441116 ], [ 5.642503, 46.3444402 ], [ 5.6431028, 46.3448182 ], [ 5.6433671, 46.34485 ], [ 5.6438087, 46.3446992 ], [ 5.6455446, 46.3434714 ], [ 5.6463308, 46.343050399999989 ], [ 5.6477482, 46.3420967 ], [ 5.6486464, 46.3417334 ], [ 5.6497092, 46.3407114 ], [ 5.6497545, 46.340304 ], [ 5.6490713, 46.3382062 ], [ 5.6490417, 46.3376491 ], [ 5.6491177, 46.3372843 ], [ 5.6495705, 46.3367233 ], [ 5.6498057, 46.3361276 ], [ 5.6499379, 46.3346136 ], [ 5.6493215, 46.3316385 ], [ 5.6494194, 46.3308127 ], [ 5.6477871, 46.3287442 ], [ 5.6463057, 46.3270794 ], [ 5.6437235, 46.3265284 ], [ 5.643735, 46.3251785 ], [ 5.6439769, 46.324990899999989 ], [ 5.6456706, 46.3244903 ], [ 5.647886, 46.3235351 ], [ 5.650369, 46.3233017 ], [ 5.652724, 46.323246 ], [ 5.6558539, 46.3237209 ], [ 5.6597877, 46.3244391 ], [ 5.6611892, 46.3246154 ], [ 5.6620914, 46.3249034 ], [ 5.6627497, 46.3247213 ], [ 5.6641047, 46.3248248 ], [ 5.6647547, 46.3246582 ], [ 5.6660542, 46.3246647 ], [ 5.6664517, 46.3247879 ], [ 5.6672194, 46.3246095 ], [ 5.6674967, 46.3243499 ], [ 5.6679516, 46.3244771 ], [ 5.6685697, 46.3242446 ], [ 5.6686535, 46.3241237 ], [ 5.6693817, 46.3238021 ], [ 5.6700004, 46.3232884 ], [ 5.6724951, 46.3215937 ], [ 5.6735719, 46.3200764 ], [ 5.6741347, 46.3197001 ], [ 5.6745151, 46.3195534 ], [ 5.6749973, 46.3190429 ], [ 5.6756183, 46.3190058 ], [ 5.6758375, 46.318861 ], [ 5.676594, 46.3189333 ], [ 5.6768578, 46.318691 ], [ 5.6778085, 46.3187201 ], [ 5.6780164, 46.3188755 ], [ 5.6792839, 46.3188944 ], [ 5.6802967, 46.3186787 ], [ 5.6807947, 46.3188102 ], [ 5.6837064, 46.3168514 ], [ 5.6833466, 46.3162769 ], [ 5.6833319, 46.3149708 ], [ 5.6842624, 46.3121522 ], [ 5.6845282, 46.3109963 ], [ 5.6881672, 46.3101455 ], [ 5.6921974, 46.3094502 ], [ 5.6924085, 46.3096975 ], [ 5.6925549, 46.3096076 ], [ 5.6934954, 46.3104359 ], [ 5.6946045, 46.3102258 ], [ 5.7020689, 46.3100941 ], [ 5.7079887, 46.3101742 ], [ 5.7101635, 46.3094296 ], [ 5.7110097, 46.3094771 ], [ 5.7134492, 46.3093289 ], [ 5.7140121, 46.309247 ], [ 5.7145367, 46.3090777 ], [ 5.7167007, 46.3019145 ], [ 5.7181732, 46.3005197 ], [ 5.718396, 46.2999278 ], [ 5.7187193, 46.2978018 ], [ 5.7187599, 46.2955583 ], [ 5.7186714, 46.2952675 ], [ 5.7190649, 46.2949995 ], [ 5.719294, 46.2934624 ], [ 5.7187541, 46.291047 ], [ 5.7183768, 46.2902028 ], [ 5.7183125, 46.2891691 ], [ 5.7176952, 46.2886468 ], [ 5.7169248, 46.2866893 ], [ 5.7164964, 46.2860715 ], [ 5.7163001, 46.2849968 ], [ 5.7157909, 46.2841115 ], [ 5.7156502, 46.2828994 ], [ 5.7149975, 46.281793199999989 ], [ 5.714443, 46.2812244 ], [ 5.7144871, 46.280908 ], [ 5.7160492, 46.2799156 ], [ 5.7186089, 46.2728735 ], [ 5.7190258, 46.2725563 ], [ 5.7195668, 46.2719109 ], [ 5.7198633, 46.2712641 ], [ 5.7198235, 46.2705676 ], [ 5.7202544, 46.2702447 ], [ 5.7206406, 46.2691524 ], [ 5.7201839, 46.2680155 ], [ 5.7202441, 46.2668211 ], [ 5.7200808, 46.2649455 ], [ 5.7196397, 46.2646181 ], [ 5.7194555, 46.264363 ], [ 5.7209399, 46.2635158 ], [ 5.7251783, 46.260687 ], [ 5.7283905, 46.2611767 ], [ 5.7289903, 46.2614291 ], [ 5.7309642, 46.2629008 ], [ 5.731835, 46.263325 ] ] ] ] } },
{ "type": "Feature", "properties": { "code_departement": 39.0, "code_rne": "0011071J", "multisecteur": 0.0 }, "geometry": { "type": "MultiPolygon", "coordinates": [ [ [ [ 5.437795, 46.3151094 ], [ 5.4378288, 46.3156933 ], [ 5.4397973, 46.3160449 ], [ 5.4399742, 46.3157249 ], [ 5.4407574, 46.3157937 ], [ 5.4408145, 46.3167826 ], [ 5.4429632, 46.3168581 ], [ 5.443162, 46.3169431 ], [ 5.4433458, 46.3178833 ], [ 5.44406, 46.3178634 ], [ 5.4443034, 46.3187123 ], [ 5.4455338, 46.3186336 ], [ 5.4460523, 46.3174936 ], [ 5.4462378, 46.3173086 ], [ 5.4466366, 46.3177352 ], [ 5.4471156, 46.3185042 ], [ 5.44961, 46.3183415 ], [ 5.4540035, 46.3179055 ], [ 5.4554777, 46.3175504 ], [ 5.4570742, 46.3170556 ], [ 5.4568091, 46.3180991 ], [ 5.4568545, 46.318908099999987 ], [ 5.4573631, 46.3198394 ], [ 5.458288, 46.3222474 ], [ 5.4584061, 46.3222728 ], [ 5.4589669, 46.3230328 ], [ 5.4593528, 46.3232263 ], [ 5.4595034, 46.323396 ], [ 5.4599523, 46.3230548 ], [ 5.4620639, 46.3225011 ], [ 5.4642035, 46.3223971 ], [ 5.4644673, 46.3224797 ], [ 5.4651783, 46.3235409 ], [ 5.4650028, 46.325042 ], [ 5.4647942, 46.3255493 ], [ 5.4643216, 46.326258599999989 ], [ 5.4641149, 46.3270694 ], [ 5.463745, 46.3274882 ], [ 5.4631993, 46.3285982 ], [ 5.4628428, 46.3287374 ], [ 5.4627478, 46.328853 ], [ 5.4627641, 46.329677 ], [ 5.4622716, 46.3311858 ], [ 5.4626068, 46.3320164 ], [ 5.4626248, 46.3328782 ], [ 5.4628382, 46.3335745 ], [ 5.4636042, 46.3354201 ], [ 5.4644124, 46.3358063 ], [ 5.4647222, 46.3362437 ], [ 5.4646232, 46.3377117 ], [ 5.4654408, 46.3390561 ], [ 5.4659694, 46.3397006 ], [ 5.4660742, 46.3401208 ], [ 5.4659929, 46.3411731 ], [ 5.4662521, 46.3419602 ], [ 5.4659516, 46.3423911 ], [ 5.4653507, 46.3444708 ], [ 5.4652586, 46.3452836 ], [ 5.4641787, 46.3454817 ], [ 5.4633833, 46.3454701 ], [ 5.4611557, 46.3450857 ], [ 5.4604681, 46.3452141 ], [ 5.4602361, 46.3447993 ], [ 5.4601024, 46.3437364 ], [ 5.459864, 46.3436695 ], [ 5.4558685, 46.3436286 ], [ 5.4559037, 46.3440657 ], [ 5.4565713, 46.3443315 ], [ 5.4565558, 46.3450579 ], [ 5.4550162, 46.3453037 ], [ 5.4544572, 46.3447608 ], [ 5.4532676, 46.3452693 ], [ 5.4510539, 46.3447286 ], [ 5.4508739, 46.3455019 ], [ 5.4486103, 46.345964 ], [ 5.4481266, 46.3454771 ], [ 5.4476979, 46.3452287 ], [ 5.4473802, 46.3446995 ], [ 5.4453396, 46.3434298 ], [ 5.4435273, 46.343802 ], [ 5.4439452, 46.3450624 ], [ 5.4430915, 46.3448807 ], [ 5.4429633, 46.3452996 ], [ 5.4424029, 46.3452774 ], [ 5.4422386, 46.3459395 ], [ 5.440795, 46.3459479 ], [ 5.4407074, 46.3468128 ], [ 5.4388344, 46.346673599999988 ], [ 5.4372588, 46.3466407 ], [ 5.4374848, 46.3475953 ], [ 5.4364411, 46.3475005 ], [ 5.4353208, 46.3458316 ], [ 5.435144, 46.3461552 ], [ 5.4350941, 46.3466689 ], [ 5.4333209, 46.346377 ], [ 5.4331699, 46.3464632 ], [ 5.4327341, 46.3470184 ], [ 5.4325202, 46.3475608 ], [ 5.4323251, 46.3476794 ], [ 5.4310052, 46.3497093 ], [ 5.4307306, 46.3498827 ], [ 5.4300834, 46.351011 ], [ 5.4263362, 46.3499493 ], [ 5.4249603, 46.3498741 ], [ 5.4224689, 46.3491694 ], [ 5.4233327, 46.3482006 ], [ 5.4249197, 46.3458489 ], [ 5.4259724, 46.3449193 ], [ 5.4274231, 46.3429893 ], [ 5.4278984, 46.3422107 ], [ 5.4278931, 46.3421207 ], [ 5.4252651, 46.3416722 ], [ 5.4252554, 46.3412769 ], [ 5.4256817, 46.339775 ], [ 5.4261327, 46.3392087 ], [ 5.4268403, 46.3377738 ], [ 5.4273145, 46.3373493 ], [ 5.4273347, 46.337102 ], [ 5.427652, 46.3367791 ], [ 5.4281307, 46.3358139 ], [ 5.4283863, 46.3355652 ], [ 5.4293207, 46.3349615 ], [ 5.4300486, 46.3347766 ], [ 5.4313362, 46.332933 ], [ 5.4318857, 46.3311627 ], [ 5.4320646, 46.3308877 ], [ 5.4325437, 46.3290288 ], [ 5.4333423, 46.3270712 ], [ 5.4336961, 46.3264312 ], [ 5.4345164, 46.3237074 ], [ 5.4343162, 46.3236225 ], [ 5.4349377, 46.3219849 ], [ 5.4347952, 46.3217636 ], [ 5.4351908, 46.3207173 ], [ 5.4353842, 46.319542 ], [ 5.4360831, 46.3181271 ], [ 5.4369915, 46.316977 ], [ 5.4372206, 46.3164307 ], [ 5.4371469, 46.3151268 ], [ 5.437795, 46.3151094 ] ] ], [ [ [ 5.3671383, 46.3884423 ], [ 5.3671967, 46.3880483 ], [ 5.3673736, 46.3879239 ], [ 5.3687091, 46.3876494 ], [ 5.3688376, 46.3873999 ], [ 5.3688417, 46.3865953 ], [ 5.3707592, 46.3867122 ], [ 5.370773, 46.386221 ], [ 5.3714627, 46.3851049 ], [ 5.3716212, 46.3846782 ], [ 5.3716845, 46.3837661 ], [ 5.3715318, 46.383456599999988 ], [ 5.3716226, 46.3827908 ], [ 5.3721598, 46.3827805 ], [ 5.3761302, 46.3821538 ], [ 5.3778573, 46.3821772 ], [ 5.3756571, 46.3803439 ], [ 5.3731693, 46.3788696 ], [ 5.3729411, 46.3787995 ], [ 5.3725033, 46.3784609 ], [ 5.372048, 46.3779569 ], [ 5.3716688, 46.3773486 ], [ 5.3709447, 46.3767393 ], [ 5.3704197, 46.3760683 ], [ 5.3691894, 46.3754605 ], [ 5.36898, 46.375255 ], [ 5.3677533, 46.3751201 ], [ 5.3674445, 46.3746914 ], [ 5.3667993, 46.3743985 ], [ 5.3662052, 46.3739649 ], [ 5.3632673, 46.3714889 ], [ 5.3625049, 46.370321 ], [ 5.3624367, 46.3698584 ], [ 5.3625845, 46.3695734 ], [ 5.3627246, 46.3694435 ], [ 5.363735, 46.3693343 ], [ 5.36595, 46.3693343 ], [ 5.3671172, 46.3691488 ], [ 5.3685991, 46.369109 ], [ 5.3697181, 46.3688344 ], [ 5.3695852, 46.3666093 ], [ 5.3724516, 46.3660002 ], [ 5.3745364, 46.364383 ], [ 5.3749785, 46.364944 ], [ 5.3771777, 46.3640162 ], [ 5.3761637, 46.3611672 ], [ 5.3754416, 46.3582634 ], [ 5.3762922, 46.3583466 ], [ 5.3765513, 46.3584385 ], [ 5.377347, 46.3592327 ], [ 5.378132, 46.3592721 ], [ 5.3782699, 46.3595711 ], [ 5.3791417, 46.3596907 ], [ 5.3804801, 46.3602141 ], [ 5.3809627, 46.3600329 ], [ 5.3810706, 46.3603585 ], [ 5.3814577, 46.3603135 ], [ 5.381358, 46.3598174 ], [ 5.3824296, 46.3598941 ], [ 5.3822514, 46.3594465 ], [ 5.3830983, 46.3591441 ], [ 5.3836217, 46.3597791 ], [ 5.385004, 46.359788 ], [ 5.3864767, 46.3594239 ], [ 5.3870948, 46.3606461 ], [ 5.3880964, 46.3603999 ], [ 5.3889695, 46.362068 ], [ 5.3893414, 46.3620918 ], [ 5.3897313, 46.361753 ], [ 5.3901825, 46.3615372 ], [ 5.3904862, 46.3619047 ], [ 5.390915, 46.3621597 ], [ 5.3917072, 46.3623304 ], [ 5.3926749, 46.362141699999988 ], [ 5.3931621, 46.3615315 ], [ 5.3940145, 46.3611757 ], [ 5.394859, 46.3606706 ], [ 5.3946817, 46.3603365 ], [ 5.395137, 46.3602143 ], [ 5.3957983, 46.3610815 ], [ 5.3965027, 46.3629613 ], [ 5.397321, 46.3630756 ], [ 5.3984487, 46.3630933 ], [ 5.3990436, 46.3630087 ], [ 5.3997135, 46.3628253 ], [ 5.4010692, 46.3621985 ], [ 5.4032174, 46.3654181 ], [ 5.4040627, 46.366884 ], [ 5.4048131, 46.3666673 ], [ 5.4049392, 46.3669286 ], [ 5.4057231, 46.3667634 ], [ 5.4059968, 46.3667712 ], [ 5.4060447, 46.3668837 ], [ 5.4067155, 46.3667218 ], [ 5.4071747, 46.3667472 ], [ 5.4073815, 46.3675113 ], [ 5.408265, 46.3676845 ], [ 5.417874, 46.3671722 ], [ 5.4196405, 46.3671545 ], [ 5.4228411, 46.3669893 ], [ 5.4236095, 46.3691432 ], [ 5.4236511, 46.3703162 ], [ 5.4240364, 46.3712846 ], [ 5.4248554, 46.3740509 ], [ 5.4252123, 46.3749658 ], [ 5.4253969, 46.3749015 ], [ 5.4253462, 46.3753134 ], [ 5.4254541, 46.3757219 ], [ 5.4262328, 46.3773108 ], [ 5.4267968, 46.3795474 ], [ 5.4269704, 46.3812275 ], [ 5.4277759, 46.3821292 ], [ 5.4282866, 46.3828715 ], [ 5.4292368, 46.3838648 ], [ 5.4294523, 46.3842899 ], [ 5.4296771, 46.3851302 ], [ 5.4298267, 46.3868549 ], [ 5.4294628, 46.387687 ], [ 5.4294322, 46.3884056 ], [ 5.429857, 46.3894371 ], [ 5.4301507, 46.3905092 ], [ 5.4311449, 46.3921349 ], [ 5.4317031, 46.3937347 ], [ 5.4320421, 46.3959382 ], [ 5.4323129, 46.3997684 ], [ 5.4325182, 46.4005181 ], [ 5.4325322, 46.4023538 ], [ 5.4318354, 46.4029074 ], [ 5.4314819, 46.4033023 ], [ 5.4306816, 46.4037248 ], [ 5.4297349, 46.4043999 ], [ 5.4268326, 46.4055833 ], [ 5.4264947, 46.406067899999989 ], [ 5.4259541, 46.406533499999988 ], [ 5.4244754, 46.407518 ], [ 5.4235264, 46.4078229 ], [ 5.4232255, 46.4077031 ], [ 5.4203672, 46.4085358 ], [ 5.4188543, 46.409104899999988 ], [ 5.4195238, 46.4098988 ], [ 5.4195158, 46.4102773 ], [ 5.418355, 46.4110055 ], [ 5.4181637, 46.4112149 ], [ 5.4175257, 46.4121609 ], [ 5.416533, 46.4131251 ], [ 5.4157052, 46.4145814 ], [ 5.4170081, 46.4151204 ], [ 5.4073678, 46.4170638 ], [ 5.4060771, 46.4172451 ], [ 5.406682, 46.4187034 ], [ 5.4038721, 46.4192924 ], [ 5.4036849, 46.418945 ], [ 5.4005324, 46.4187654 ], [ 5.3998812, 46.4180566 ], [ 5.3995079, 46.4173869 ], [ 5.3995845, 46.4167583 ], [ 5.3997686, 46.416413 ], [ 5.4005836, 46.4155446 ], [ 5.4006679, 46.415241 ], [ 5.400021, 46.4151321 ], [ 5.397239, 46.4154329 ], [ 5.3945154, 46.4160873 ], [ 5.3938228, 46.4159172 ], [ 5.3922606, 46.416322 ], [ 5.3910672, 46.4167623 ], [ 5.3900652, 46.4170238 ], [ 5.3873004, 46.4174231 ], [ 5.3861707, 46.4179521 ], [ 5.385561, 46.4181577 ], [ 5.3849729, 46.418173599999989 ], [ 5.3845615, 46.4182677 ], [ 5.3838864, 46.4185881 ], [ 5.3834018, 46.4180794 ], [ 5.3816488, 46.4183249 ], [ 5.3789288, 46.4182619 ], [ 5.3788883, 46.4178996 ], [ 5.3776168, 46.4178054 ], [ 5.3773176, 46.4166486 ], [ 5.3759951, 46.4146952 ], [ 5.3752669, 46.4129545 ], [ 5.3752979, 46.4125908 ], [ 5.3751862, 46.4122391 ], [ 5.3745854, 46.4111814 ], [ 5.3746016, 46.410954 ], [ 5.3747969, 46.4106247 ], [ 5.3738651, 46.4097721 ], [ 5.3733454, 46.4088415 ], [ 5.3718163, 46.407131 ], [ 5.3716454, 46.4066436 ], [ 5.3712804, 46.4063052 ], [ 5.3714949, 46.406208 ], [ 5.3715759, 46.4060036 ], [ 5.3714633, 46.4055699 ], [ 5.3710364, 46.4048257 ], [ 5.3710256, 46.4044565 ], [ 5.370344, 46.403995 ], [ 5.3691999, 46.4035576 ], [ 5.3687683, 46.4032746 ], [ 5.3681934, 46.4024506 ], [ 5.3659503, 46.3998197 ], [ 5.3661844, 46.3994509 ], [ 5.3666103, 46.3980403 ], [ 5.3665072, 46.3968948 ], [ 5.3667196, 46.3957859 ], [ 5.3666668, 46.3941177 ], [ 5.367428, 46.3919722 ], [ 5.3671672, 46.3905822 ], [ 5.3672217, 46.3890162 ], [ 5.3671754, 46.3885785 ], [ 5.3670136, 46.38848 ], [ 5.3671383, 46.3884423 ] ] ] ] } },
{ "type": "Feature", "properties": { "code_departement": 39.0, "code_rne": "0390004T", "multisecteur": 0.0 }, "geometry": { "type": "MultiPolygon", "coordinates": [ [ [ [ 5.4062097, 46.7042032 ], [ 5.4068945, 46.7039059 ], [ 5.4069282, 46.7036332 ], [ 5.407245, 46.7037193 ], [ 5.407323, 46.703678 ], [ 5.4073541, 46.7032279 ], [ 5.4076094, 46.7031369 ], [ 5.4079233, 46.7027745 ], [ 5.4078965, 46.702585 ], [ 5.4074357, 46.7022037 ], [ 5.4075315, 46.7020603 ], [ 5.4073342, 46.7015365 ], [ 5.4078816, 46.70089 ], [ 5.4074622, 46.6999934 ], [ 5.408328, 46.6986429 ], [ 5.4088751, 46.6984017 ], [ 5.4097411, 46.6982664 ], [ 5.4098695, 46.6981205 ], [ 5.4104263, 46.6978935 ], [ 5.4110267, 46.6975269 ], [ 5.4126468, 46.6961821 ], [ 5.4128796, 46.6949962 ], [ 5.412805, 46.694732 ], [ 5.412962, 46.694554 ], [ 5.4129191, 46.694354 ], [ 5.4130005, 46.6942991 ], [ 5.4121338, 46.6938291 ], [ 5.4126991, 46.6935271 ], [ 5.4133966, 46.6933728 ], [ 5.4145112, 46.6929404 ], [ 5.4156086, 46.6921246 ], [ 5.4163021, 46.6905263 ], [ 5.4163868, 46.6891354 ], [ 5.4165187, 46.6890389 ], [ 5.4176191, 46.6889374 ], [ 5.4175852, 46.6897065 ], [ 5.4180984, 46.6904416 ], [ 5.4185737, 46.6905901 ], [ 5.4190243, 46.6908905 ], [ 5.4193571, 46.691542 ], [ 5.419841, 46.6919444 ], [ 5.4202079, 46.6920988 ], [ 5.420842, 46.692225 ], [ 5.4217264, 46.6927406 ], [ 5.4222957, 46.6921187 ], [ 5.4229249, 46.6911983 ], [ 5.4231413, 46.6904433 ], [ 5.4242939, 46.6895181 ], [ 5.4249221, 46.68884 ], [ 5.4291674, 46.6876647 ], [ 5.4293172, 46.687766 ], [ 5.4296665, 46.6878189 ], [ 5.4325518, 46.6868263 ], [ 5.4339729, 46.6866115 ], [ 5.4353039, 46.6867796 ], [ 5.4374944, 46.6872844 ], [ 5.4406377, 46.6878428 ], [ 5.4446681, 46.6880993 ], [ 5.4463207, 46.6883127 ], [ 5.4465499, 46.6882294 ], [ 5.4473914, 46.6881943 ], [ 5.4485769, 46.6883267 ], [ 5.4502051, 46.6883199 ], [ 5.4511478, 46.688440199999988 ], [ 5.4530917, 46.6884365 ], [ 5.4536958, 46.6885371 ], [ 5.4541055, 46.6884779 ], [ 5.4552643, 46.688599 ], [ 5.4558263, 46.6883177 ], [ 5.4585785, 46.6880101 ], [ 5.4598342, 46.6876679 ], [ 5.4611143, 46.6875494 ], [ 5.4619037, 46.6872883 ], [ 5.4620167, 46.6859995 ], [ 5.4622208, 46.6857942 ], [ 5.463534, 46.6852228 ], [ 5.4645787, 46.6844734 ], [ 5.4654271, 46.6841011 ], [ 5.4669958, 46.6835935 ], [ 5.4692604, 46.6817521 ], [ 5.4710136, 46.6808711 ], [ 5.4712444, 46.6817427 ], [ 5.4716495, 46.6819024 ], [ 5.4721779, 46.6819775 ], [ 5.4731422, 46.6819693 ], [ 5.4748703, 46.6813141 ], [ 5.4770831, 46.6807843 ], [ 5.4787324, 46.6807856 ], [ 5.4793342, 46.6808925 ], [ 5.4794781, 46.6824388 ], [ 5.4793748, 46.6831302 ], [ 5.4782283, 46.6851423 ], [ 5.4780812, 46.6867967 ], [ 5.4788372, 46.6874128 ], [ 5.4806617, 46.6884076 ], [ 5.4824537, 46.6892922 ], [ 5.4829591, 46.6893794 ], [ 5.4807859, 46.6921317 ], [ 5.4809608, 46.6924054 ], [ 5.4813517, 46.6924519 ], [ 5.4815613, 46.6926546 ], [ 5.4815096, 46.6928413 ], [ 5.4817198, 46.6932286 ], [ 5.4821947, 46.6936796 ], [ 5.4826147, 46.6938462 ], [ 5.4829169, 46.6945576 ], [ 5.4825202, 46.6950445 ], [ 5.4839071, 46.6955676 ], [ 5.4843065, 46.695568 ], [ 5.4855948, 46.6949383 ], [ 5.4870066, 46.6953762 ], [ 5.4877554, 46.6958014 ], [ 5.488769, 46.6960064 ], [ 5.4912638, 46.6962468 ], [ 5.4917748, 46.69637 ], [ 5.4919356, 46.6964773 ], [ 5.4928179, 46.6965869 ], [ 5.4931947, 46.6967535 ], [ 5.4938808, 46.6967251 ], [ 5.4940702, 46.6969426 ], [ 5.4946129, 46.6969848 ], [ 5.495111, 46.6969398 ], [ 5.4958161, 46.696756 ], [ 5.4956335, 46.6962582 ], [ 5.4993372, 46.6959658 ], [ 5.5014833, 46.695400199999987 ], [ 5.5023947, 46.6950335 ], [ 5.5030363, 46.6949204 ], [ 5.5035114, 46.6946605 ], [ 5.5042989, 46.6946171 ], [ 5.5067927, 46.6958005 ], [ 5.5072574, 46.6956858 ], [ 5.5080523, 46.6958018 ], [ 5.5111183, 46.6991346 ], [ 5.5099379, 46.7001126 ], [ 5.5098869, 46.7003399 ], [ 5.5105035, 46.7010453 ], [ 5.5103987, 46.7012421 ], [ 5.5101585, 46.7013429 ], [ 5.510049, 46.7015804 ], [ 5.5100601, 46.7019054 ], [ 5.5094877, 46.7017044 ], [ 5.5094806, 46.7014649 ], [ 5.5091011, 46.7014417 ], [ 5.5089357, 46.7015471 ], [ 5.5088051, 46.7020067 ], [ 5.5083699, 46.7023937 ], [ 5.5082263, 46.7027446 ], [ 5.5085014, 46.7045331 ], [ 5.5084127, 46.704908 ], [ 5.5082025, 46.7051207 ], [ 5.5077501, 46.7052215 ], [ 5.5073412, 46.7051566 ], [ 5.5069745, 46.704930399999988 ], [ 5.506206, 46.7054454 ], [ 5.5056674, 46.7059751 ], [ 5.5049907, 46.7061539 ], [ 5.504446, 46.706127 ], [ 5.5038951, 46.7059949 ], [ 5.5019663, 46.7072495 ], [ 5.5012115, 46.7073245 ], [ 5.5003291, 46.7071294 ], [ 5.5001006, 46.7076857 ], [ 5.4979384, 46.7075138 ], [ 5.496514, 46.7079493 ], [ 5.4962182, 46.7078684 ], [ 5.4959319, 46.7079088 ], [ 5.4955435, 46.7076624 ], [ 5.4941984, 46.7073475 ], [ 5.4935501, 46.7070309 ], [ 5.4922279, 46.7072407 ], [ 5.4914491, 46.7070216 ], [ 5.4912837, 46.7072126 ], [ 5.4911094, 46.7072677 ], [ 5.4902888, 46.7072225 ], [ 5.4900037, 46.7073728 ], [ 5.4895035, 46.7073161 ], [ 5.4889578, 46.7070685 ], [ 5.4882409, 46.7072282 ], [ 5.4874178, 46.707128 ], [ 5.4870072, 46.7069405 ], [ 5.4862318, 46.7072231 ], [ 5.4856776, 46.7071324 ], [ 5.4846903, 46.7077645 ], [ 5.4844058, 46.7078428 ], [ 5.4842177, 46.708082 ], [ 5.4839129, 46.7081471 ], [ 5.4832923, 46.7085236 ], [ 5.4831621, 46.7091417 ], [ 5.4832853, 46.7091426 ], [ 5.4840945, 46.709799 ], [ 5.4864872, 46.7111137 ], [ 5.4872465, 46.7113648 ], [ 5.4883963, 46.7119039 ], [ 5.4893773, 46.7120781 ], [ 5.4908313, 46.7121384 ], [ 5.4921448, 46.7118234 ], [ 5.4943305, 46.7115048 ], [ 5.4957335, 46.7115418 ], [ 5.4969537, 46.7113883 ], [ 5.4982403, 46.711399 ], [ 5.499005, 46.7112535 ], [ 5.5001309, 46.7111876 ], [ 5.5010755, 46.7108823 ], [ 5.5021207, 46.7107703 ], [ 5.5031526, 46.7108812 ], [ 5.5036534, 46.7107775 ], [ 5.5040765, 46.7108934 ], [ 5.5043786, 46.7108562 ], [ 5.5049603, 46.7109732 ], [ 5.5052072, 46.7111588 ], [ 5.5053344, 46.7114182 ], [ 5.5057501, 46.7115136 ], [ 5.5063152, 46.7115004 ], [ 5.5064323, 46.7116537 ], [ 5.5058301, 46.7122254 ], [ 5.505779, 46.7128787 ], [ 5.5061266, 46.7132297 ], [ 5.5075429, 46.7154815 ], [ 5.5077329, 46.7170701 ], [ 5.5090129, 46.718579899999988 ], [ 5.5099597, 46.7191412 ], [ 5.5103318, 46.7189447 ], [ 5.5112053, 46.7197607 ], [ 5.5118711, 46.7200534 ], [ 5.5146894, 46.7196998 ], [ 5.5179746, 46.7221295 ], [ 5.5183288, 46.7250198 ], [ 5.5169551, 46.7269796 ], [ 5.5167494, 46.7274877 ], [ 5.5164243, 46.727738 ], [ 5.516141, 46.7278163 ], [ 5.515009, 46.7277303 ], [ 5.5146597, 46.7275713 ], [ 5.5136336, 46.7281595 ], [ 5.5130554, 46.7286586 ], [ 5.5117245, 46.7292003 ], [ 5.5111722, 46.7289854 ], [ 5.5103084, 46.7287773 ], [ 5.5098728, 46.7290472 ], [ 5.5097842, 46.7292572 ], [ 5.5089869, 46.7298629 ], [ 5.5083238, 46.7300585 ], [ 5.5068491, 46.7303249 ], [ 5.5062088, 46.7312406 ], [ 5.505678, 46.7317756 ], [ 5.505468, 46.7321658 ], [ 5.5056852, 46.7332655 ], [ 5.5055933, 46.7341134 ], [ 5.5048042, 46.7359792 ], [ 5.507014, 46.7361652 ], [ 5.5068754, 46.7372483 ], [ 5.5070666, 46.7375018 ], [ 5.5046679, 46.738364 ], [ 5.505849, 46.7389986 ], [ 5.5061271, 46.738779 ], [ 5.5078304, 46.7401084 ], [ 5.5067471, 46.7406555 ], [ 5.5061701, 46.7412131 ], [ 5.5088711, 46.7417568 ], [ 5.510618, 46.7419006 ], [ 5.5105513, 46.740685 ], [ 5.5113965, 46.7401485 ], [ 5.5113301, 46.7397887 ], [ 5.5129886, 46.739411 ], [ 5.5130501, 46.739522199999989 ], [ 5.5144424, 46.7389152 ], [ 5.5144299, 46.7387029 ], [ 5.515849, 46.7374295 ], [ 5.5178088, 46.7364028 ], [ 5.5182478, 46.7359806 ], [ 5.5205486, 46.7380399 ], [ 5.5210893, 46.7383397 ], [ 5.5239569, 46.739338 ], [ 5.524341, 46.7390872 ], [ 5.5249658, 46.7397302 ], [ 5.5257379, 46.7394258 ], [ 5.5272669, 46.7411948 ], [ 5.5278238, 46.7420933 ], [ 5.5283966, 46.7424059 ], [ 5.5289838, 46.7430263 ], [ 5.5294078, 46.7427899 ], [ 5.5301566, 46.7421834 ], [ 5.5305885, 46.7417207 ], [ 5.5315806, 46.7415259 ], [ 5.5323245, 46.7430905 ], [ 5.5329264, 46.7437448 ], [ 5.5334916, 46.743808 ], [ 5.5340071, 46.7437074 ], [ 5.5344113, 46.743859799999989 ], [ 5.5369832, 46.7440426 ], [ 5.5369421, 46.7442282 ], [ 5.5373482, 46.7443381 ], [ 5.5388262, 46.7439118 ], [ 5.5392972, 46.7435599 ], [ 5.539943, 46.7433015 ], [ 5.5410101, 46.7426383 ], [ 5.5414882, 46.7421854 ], [ 5.5417997, 46.7420379 ], [ 5.5403045, 46.7406657 ], [ 5.5413384, 46.7401617 ], [ 5.5401669, 46.7387066 ], [ 5.5398219, 46.7379143 ], [ 5.5392375, 46.7373822 ], [ 5.5415714, 46.7358765 ], [ 5.5416878, 46.7356478 ], [ 5.5421104, 46.7355232 ], [ 5.5419131, 46.7346951 ], [ 5.5433315, 46.73457 ], [ 5.5440882, 46.7347235 ], [ 5.5468701, 46.7344204 ], [ 5.5469296, 46.734600199999988 ], [ 5.5467736, 46.7349613 ], [ 5.5473989, 46.7349114 ], [ 5.5484581, 46.7346437 ], [ 5.5492567, 46.7357449 ], [ 5.5499868, 46.7361971 ], [ 5.5507627, 46.7371204 ], [ 5.5504268, 46.7376684 ], [ 5.5506251, 46.737929699999988 ], [ 5.5503073, 46.738584499999988 ], [ 5.5503334, 46.7387479 ], [ 5.5507981, 46.7392952 ], [ 5.5509091, 46.7395675 ], [ 5.5508881, 46.7397328 ], [ 5.550533, 46.7402065 ], [ 5.5504719, 46.7405241 ], [ 5.5505737, 46.7409056 ], [ 5.5503505, 46.7411763 ], [ 5.5506085, 46.741563299999989 ], [ 5.5527099, 46.7413563 ], [ 5.5547353, 46.7412896 ], [ 5.5547541, 46.7416054 ], [ 5.5587422, 46.7421977 ], [ 5.5602446, 46.7421822 ], [ 5.5605908, 46.743215 ], [ 5.5608824, 46.7436463 ], [ 5.5609868, 46.7441088 ], [ 5.5611964, 46.7443285 ], [ 5.5614658, 46.7444558 ], [ 5.5618668, 46.7449 ], [ 5.5619763, 46.7453597 ], [ 5.5617338, 46.7456633 ], [ 5.5617213, 46.745869899999988 ], [ 5.5619037, 46.7465685 ], [ 5.5621918, 46.7468143 ], [ 5.5624365, 46.7466953 ], [ 5.5625333, 46.7469688 ], [ 5.5627923, 46.7469577 ], [ 5.5628136, 46.747132 ], [ 5.5629865, 46.7472416 ], [ 5.563395, 46.7472883 ], [ 5.5643881, 46.7480851 ], [ 5.5649782, 46.749534 ], [ 5.5641065, 46.7501688 ], [ 5.5643971, 46.7503551 ], [ 5.5641951, 46.7505452 ], [ 5.5651944, 46.7510841 ], [ 5.566216, 46.7518721 ], [ 5.5661319, 46.7521181 ], [ 5.5668799, 46.7528563 ], [ 5.567522, 46.753741 ], [ 5.5668349, 46.7541501 ], [ 5.5684116, 46.7562796 ], [ 5.5694823, 46.7569097 ], [ 5.56977, 46.7573672 ], [ 5.5696691, 46.757865 ], [ 5.5690316, 46.7590477 ], [ 5.5694208, 46.7588498 ], [ 5.5699509, 46.7583361 ], [ 5.5704226, 46.7634489 ], [ 5.5693802, 46.7632515 ], [ 5.5722635, 46.7694544 ], [ 5.571922, 46.7695251 ], [ 5.5722422, 46.7702773 ], [ 5.5730272, 46.7704625 ], [ 5.5742736, 46.7704796 ], [ 5.5744404, 46.7710929 ], [ 5.573247, 46.77128 ], [ 5.5721995, 46.7711999 ], [ 5.5726228, 46.7718048 ], [ 5.5728321, 46.772347 ], [ 5.5722813, 46.7724557 ], [ 5.5722068, 46.7727366 ], [ 5.5707706, 46.7726165 ], [ 5.5706297, 46.7729359 ], [ 5.5688804, 46.7734047 ], [ 5.568626, 46.7733753 ], [ 5.5677312, 46.7735304 ], [ 5.5666921, 46.7737392 ], [ 5.5663813, 46.7738777 ], [ 5.5656872, 46.7739779 ], [ 5.5651293, 46.7741597 ], [ 5.5650563, 46.7743334 ], [ 5.5626243, 46.7745363 ], [ 5.5621223, 46.774679 ], [ 5.5615416, 46.7745992 ], [ 5.561341, 46.7742956 ], [ 5.5609206, 46.7735833 ], [ 5.560601, 46.7724797 ], [ 5.5606867, 46.7719895 ], [ 5.5606134, 46.7717146 ], [ 5.5604522, 46.7715488 ], [ 5.5600563, 46.7714684 ], [ 5.5590384, 46.7729316 ], [ 5.5589145, 46.7734452 ], [ 5.5582331, 46.7737603 ], [ 5.5579889, 46.7736144 ], [ 5.5577597, 46.7736483 ], [ 5.5569502, 46.7734168 ], [ 5.5567477, 46.7730421 ], [ 5.5560033, 46.7725496 ], [ 5.5531397, 46.7743051 ], [ 5.5528899, 46.7746242 ], [ 5.5523237, 46.7749088 ], [ 5.552156, 46.7751062 ], [ 5.5518616, 46.7752596 ], [ 5.5511585, 46.7754221 ], [ 5.5511846, 46.775808 ], [ 5.5509192, 46.7759085 ], [ 5.5508959, 46.776026099999989 ], [ 5.5509494, 46.776606 ], [ 5.5508394, 46.7776975 ], [ 5.5509625, 46.7785569 ], [ 5.5506693, 46.778876 ], [ 5.5502912, 46.7791187 ], [ 5.5503754, 46.7792907 ], [ 5.5494921, 46.779722 ], [ 5.5467265, 46.780449 ], [ 5.5469326, 46.780871499999989 ], [ 5.5443013, 46.781864 ], [ 5.5438062, 46.7821281 ], [ 5.5423074, 46.7824964 ], [ 5.5417779, 46.7830621 ], [ 5.5406635, 46.7832642 ], [ 5.5407057, 46.7844443 ], [ 5.5411038, 46.7854111 ], [ 5.5418537, 46.7880917 ], [ 5.5417548, 46.7882768 ], [ 5.541756, 46.7892245 ], [ 5.5406407, 46.7897464 ], [ 5.5392047, 46.7909565 ], [ 5.538976, 46.791757 ], [ 5.5375956, 46.7918289 ], [ 5.5360778, 46.791348 ], [ 5.5352643, 46.7913435 ], [ 5.5347137, 46.791488 ], [ 5.5338414, 46.7923577 ], [ 5.5335454, 46.7928155 ], [ 5.5331685, 46.7927788 ], [ 5.5330684, 46.7930504 ], [ 5.5320047, 46.7931927 ], [ 5.531902, 46.7930148 ], [ 5.531461, 46.7929804 ], [ 5.5310195, 46.7933018 ], [ 5.5307026, 46.793706 ], [ 5.5307076, 46.794150099999989 ], [ 5.5295967, 46.7942087 ], [ 5.5305415, 46.796859 ], [ 5.5302158, 46.797104 ], [ 5.5303586, 46.7975774 ], [ 5.5301786, 46.798357 ], [ 5.5295198, 46.799112 ], [ 5.5289481, 46.7995669 ], [ 5.5286421, 46.7996709 ], [ 5.528166, 46.7996462 ], [ 5.5276574, 46.7985278 ], [ 5.5275264, 46.7985315 ], [ 5.5270656, 46.7989462 ], [ 5.5264375, 46.7988969 ], [ 5.5264266, 46.7987197 ], [ 5.5257432, 46.7983816 ], [ 5.5250195, 46.7989263 ], [ 5.5248024, 46.7987716 ], [ 5.5238136, 46.7986654 ], [ 5.523441, 46.7981853 ], [ 5.522947, 46.7987042 ], [ 5.522322, 46.7988882 ], [ 5.521752, 46.7987052 ], [ 5.5211271, 46.7987793 ], [ 5.5199699, 46.7983524 ], [ 5.5190696, 46.7975803 ], [ 5.5189672, 46.7973546 ], [ 5.5186946, 46.7972174 ], [ 5.5182098, 46.797146 ], [ 5.5176989, 46.7979518 ], [ 5.518397, 46.798577 ], [ 5.5194942, 46.7992367 ], [ 5.520322, 46.7990969 ], [ 5.5220434, 46.7993015 ], [ 5.5248785, 46.7993636 ], [ 5.5265414, 46.7994928 ], [ 5.5273559, 46.7997154 ], [ 5.5282536, 46.8002578 ], [ 5.5286031, 46.8006645 ], [ 5.5277262, 46.8009883 ], [ 5.5271599, 46.8009124 ], [ 5.5265783, 46.8009324 ], [ 5.524989, 46.8012565 ], [ 5.5221539, 46.8024097 ], [ 5.5220444, 46.8023968 ], [ 5.5220449, 46.8027166 ], [ 5.5200646, 46.8034645 ], [ 5.5189272, 46.8043119 ], [ 5.5178602, 46.804756 ], [ 5.517334, 46.8052629 ], [ 5.5166453, 46.8061681 ], [ 5.5143171, 46.8078766 ], [ 5.5115786, 46.8106462 ], [ 5.5100977, 46.8118739 ], [ 5.5092797, 46.8124836 ], [ 5.5072647, 46.8129762 ], [ 5.5068707, 46.8133082 ], [ 5.5066654, 46.8135505 ], [ 5.5065054, 46.8142621 ], [ 5.5059885, 46.8146616 ], [ 5.5056323, 46.8152153 ], [ 5.5055832, 46.8155731 ], [ 5.5047741, 46.816578 ], [ 5.5028673, 46.818110399999988 ], [ 5.5022332, 46.8184449 ], [ 5.50274, 46.8185348 ], [ 5.5044814, 46.8191599 ], [ 5.5049768, 46.8195446 ], [ 5.5055281, 46.8196893 ], [ 5.5056985, 46.8209909 ], [ 5.5069144, 46.8213455 ], [ 5.5071658, 46.8215886 ], [ 5.5073307, 46.8215778 ], [ 5.5075412, 46.8218435 ], [ 5.5083833, 46.8219206 ], [ 5.5090757, 46.8217379 ], [ 5.5092736, 46.8215354 ], [ 5.510272, 46.8218388 ], [ 5.5112962, 46.8220489 ], [ 5.5118569, 46.822254699999988 ], [ 5.5128316, 46.8227559 ], [ 5.5132576, 46.8233105 ], [ 5.5136065, 46.8234749 ], [ 5.5152902, 46.823303 ], [ 5.5157826, 46.8238183 ], [ 5.5163386, 46.8242313 ], [ 5.516523, 46.8247264 ], [ 5.5182853, 46.8253418 ], [ 5.5191169, 46.8255281 ], [ 5.5193457, 46.8256798 ], [ 5.519685, 46.8261165 ], [ 5.5198034, 46.8267427 ], [ 5.5201049, 46.826847799999989 ], [ 5.5205111, 46.827228899999987 ], [ 5.5207483, 46.8276724 ], [ 5.5207199, 46.8281901 ], [ 5.5204087, 46.8290914 ], [ 5.5200232, 46.8297188 ], [ 5.5166662, 46.8310877 ], [ 5.5171418, 46.8316907 ], [ 5.5173201, 46.8320814 ], [ 5.5178624, 46.8326497 ], [ 5.5181526, 46.8328775 ], [ 5.5186916, 46.8330648 ], [ 5.5186611, 46.8341024 ], [ 5.51678, 46.8342156 ], [ 5.515631, 46.8347425 ], [ 5.5151776, 46.8348452 ], [ 5.5151368, 46.833684 ], [ 5.514741, 46.8334702 ], [ 5.5128085, 46.8336052 ], [ 5.5122951, 46.8338002 ], [ 5.5116035, 46.8343143 ], [ 5.5112977, 46.8346832 ], [ 5.5109624, 46.8355769 ], [ 5.5114862, 46.836115 ], [ 5.5119637, 46.8369009 ], [ 5.5124891, 46.8371335 ], [ 5.5126794, 46.8380951 ], [ 5.5125085, 46.8402131 ], [ 5.5127836, 46.8421241 ], [ 5.5130071, 46.8425831 ], [ 5.5137425, 46.8425319 ], [ 5.5151391, 46.8428365 ], [ 5.5158252, 46.8425711 ], [ 5.5162086, 46.8425987 ], [ 5.5164101, 46.8425285 ], [ 5.516565, 46.8420468 ], [ 5.5168286, 46.8421257 ], [ 5.5171416, 46.842534199999989 ], [ 5.5173615, 46.8426329 ], [ 5.5183759, 46.8422 ], [ 5.5184382, 46.8422689 ], [ 5.5189082, 46.8423523 ], [ 5.5191876, 46.8422921 ], [ 5.519606, 46.8423955 ], [ 5.5199658, 46.842257 ], [ 5.5204166, 46.8422102 ], [ 5.5209166, 46.8422632 ], [ 5.521139, 46.8423863 ], [ 5.5216001, 46.8421392 ], [ 5.5230983, 46.8427928 ], [ 5.5236956, 46.8433536 ], [ 5.5246101, 46.8440172 ], [ 5.525934, 46.844562 ], [ 5.5255317, 46.8448339 ], [ 5.5254681, 46.8449605 ], [ 5.5255802, 46.845113 ], [ 5.5258793, 46.8452479 ], [ 5.5245344, 46.8467322 ], [ 5.524705, 46.8473212 ], [ 5.5246377, 46.850609 ], [ 5.5247825, 46.8512364 ], [ 5.5224627, 46.852344 ], [ 5.5171996, 46.8541762 ], [ 5.5169959, 46.8543437 ], [ 5.5158427, 46.8548464 ], [ 5.5152764, 46.8542165 ], [ 5.5120233, 46.8555388 ], [ 5.5122074, 46.8559113 ], [ 5.5115605, 46.8561498 ], [ 5.5107272, 46.8551428 ], [ 5.5072618, 46.8556246 ], [ 5.5071729, 46.8554068 ], [ 5.5051194, 46.8556974 ], [ 5.504491, 46.8561651 ], [ 5.5038221, 46.8562103 ], [ 5.5031623, 46.8558868 ], [ 5.5029492, 46.8556221 ], [ 5.5024753, 46.8553126 ], [ 5.5019182, 46.8551365 ], [ 5.5012382, 46.8550278 ], [ 5.5008016, 46.854786 ], [ 5.4991691, 46.854353 ], [ 5.4975354, 46.8541228 ], [ 5.4966194, 46.8538778 ], [ 5.4960696, 46.85346 ], [ 5.495697, 46.853297 ], [ 5.4947046, 46.8534176 ], [ 5.4939811, 46.8531333 ], [ 5.4932669, 46.8533064 ], [ 5.4923587, 46.853258499999988 ], [ 5.4917795, 46.8533711 ], [ 5.491341, 46.8533436 ], [ 5.4909875, 46.8534522 ], [ 5.4887307, 46.8532902 ], [ 5.4883185, 46.8533505 ], [ 5.4877317, 46.853183 ], [ 5.4867481, 46.8531817 ], [ 5.4848221, 46.8525288 ], [ 5.4828288, 46.8520989 ], [ 5.4813849, 46.8523111 ], [ 5.4803511, 46.8522442 ], [ 5.4787918, 46.853148 ], [ 5.4784567, 46.853085 ], [ 5.4781825, 46.8531179 ], [ 5.4781225, 46.8534147 ], [ 5.4769118, 46.8543902 ], [ 5.4761649, 46.854395499999988 ], [ 5.4747357, 46.8546433 ], [ 5.4721718, 46.8545714 ], [ 5.4720575, 46.8545982 ], [ 5.471846, 46.8548847 ], [ 5.4712979, 46.8551027 ], [ 5.4710882, 46.8554009 ], [ 5.4708306, 46.85551 ], [ 5.4692543, 46.8553556 ], [ 5.4687194, 46.8555464 ], [ 5.4685449, 46.8554357 ], [ 5.4683446, 46.8554193 ], [ 5.46812, 46.8557349 ], [ 5.4674773, 46.8560405 ], [ 5.4668255, 46.8568661 ], [ 5.4662933, 46.8572334 ], [ 5.4655523, 46.8572835 ], [ 5.4646432, 46.856985 ], [ 5.4638706, 46.8568312 ], [ 5.4632095, 46.8568481 ], [ 5.4623543, 46.8567547 ], [ 5.4621945, 46.856792399999989 ], [ 5.4617699, 46.8571591 ], [ 5.4611804, 46.8573626 ], [ 5.4592292, 46.8551118 ], [ 5.4598821, 46.8547141 ], [ 5.4607621, 46.854661 ], [ 5.4607082, 46.8542829 ], [ 5.4612221, 46.8541206 ], [ 5.4606813, 46.8535169 ], [ 5.4601192, 46.8523606 ], [ 5.4589852, 46.851157 ], [ 5.458499, 46.8503954 ], [ 5.4587144, 46.8502242 ], [ 5.4598377, 46.849747 ], [ 5.4597256, 46.8475388 ], [ 5.4594721, 46.847074 ], [ 5.4585233, 46.8473735 ], [ 5.4573009, 46.8475168 ], [ 5.4569518, 46.8454956 ], [ 5.4570722, 46.845312 ], [ 5.459211, 46.8437232 ], [ 5.4598977, 46.8431193 ], [ 5.4603425, 46.8428819 ], [ 5.4618545, 46.8429306 ], [ 5.4625628, 46.8426867 ], [ 5.463257, 46.8422178 ], [ 5.4641262, 46.841383 ], [ 5.4652854, 46.840806 ], [ 5.4649818, 46.8402792 ], [ 5.463675, 46.8389677 ], [ 5.4631739, 46.8391784 ], [ 5.4622242, 46.839078 ], [ 5.4624244, 46.8380531 ], [ 5.4618657, 46.838093 ], [ 5.4618171, 46.837631 ], [ 5.4616199, 46.8372191 ], [ 5.461281, 46.837302 ], [ 5.4611083, 46.8371417 ], [ 5.460392, 46.8369192 ], [ 5.4588434, 46.8346715 ], [ 5.4595127, 46.83435 ], [ 5.4568163, 46.8309304 ], [ 5.4574149, 46.830933 ], [ 5.4576641, 46.8307547 ], [ 5.4582857, 46.8308585 ], [ 5.4593296, 46.8301164 ], [ 5.4594648, 46.8297406 ], [ 5.4593929, 46.8292548 ], [ 5.4602605, 46.8289092 ], [ 5.460917, 46.82877 ], [ 5.4627992, 46.8288864 ], [ 5.4630363, 46.8285589 ], [ 5.4627623, 46.8273811 ], [ 5.4612917, 46.827772 ], [ 5.4605994, 46.8277868 ], [ 5.4606262, 46.828378 ], [ 5.459864, 46.8287313 ], [ 5.4596227, 46.8286202 ], [ 5.4585043, 46.829254 ], [ 5.4588468, 46.8294259 ], [ 5.4581362, 46.8301374 ], [ 5.4576542, 46.8303333 ], [ 5.4574644, 46.8302572 ], [ 5.456355, 46.8303971 ], [ 5.4551867, 46.8303644 ], [ 5.4549884, 46.8301011 ], [ 5.4544752, 46.8303327 ], [ 5.4539748, 46.8301227 ], [ 5.4531437, 46.8300594 ], [ 5.4540056, 46.8281952 ], [ 5.4521054, 46.828433 ], [ 5.4504292, 46.828748 ], [ 5.4499232, 46.8272832 ], [ 5.4479281, 46.8254205 ], [ 5.4464392, 46.8261611 ], [ 5.4469297, 46.8280136 ], [ 5.4461093, 46.828331 ], [ 5.4457246, 46.8283581 ], [ 5.4448445, 46.828805599999988 ], [ 5.4441928, 46.8290239 ], [ 5.4429051, 46.8284378 ], [ 5.4425566, 46.8281903 ], [ 5.4419511, 46.8274221 ], [ 5.4413611, 46.8277283 ], [ 5.4409997, 46.8272793 ], [ 5.4407887, 46.8273162 ], [ 5.4401422, 46.8267165 ], [ 5.4390049, 46.8267595 ], [ 5.4389749, 46.8272574 ], [ 5.4376038, 46.8273847 ], [ 5.4364079, 46.8268821 ], [ 5.435467, 46.8267678 ], [ 5.4350024, 46.8267984 ], [ 5.4347059, 46.8262164 ], [ 5.4344465, 46.8261679 ], [ 5.4342633, 46.8265312 ], [ 5.4338229, 46.8266315 ], [ 5.4333802, 46.8269138 ], [ 5.433324, 46.8270951 ], [ 5.4329996, 46.8271488 ], [ 5.4321641, 46.8271008 ], [ 5.4317723, 46.8268802 ], [ 5.4311864, 46.8268395 ], [ 5.4299077, 46.8258369 ], [ 5.4289935, 46.8259066 ], [ 5.4270011, 46.826636 ], [ 5.4248313, 46.8276844 ], [ 5.419592, 46.8288595 ], [ 5.4168628, 46.8275819 ], [ 5.4166471, 46.8267793 ], [ 5.4163354, 46.8270579 ], [ 5.4165065, 46.827774 ], [ 5.4151199, 46.8282905 ], [ 5.4145634, 46.8284067 ], [ 5.4132749, 46.8281797 ], [ 5.4125464, 46.828149 ], [ 5.4123229, 46.8282276 ], [ 5.4116857, 46.8290093 ], [ 5.4106971, 46.8300047 ], [ 5.4099432, 46.8314996 ], [ 5.4098599, 46.831868 ], [ 5.4096459, 46.8321617 ], [ 5.4098863, 46.8324034 ], [ 5.4098746, 46.8327298 ], [ 5.410085, 46.8330037 ], [ 5.410044, 46.8330856 ], [ 5.4095112, 46.8331779 ], [ 5.4086217, 46.8330389 ], [ 5.4083816, 46.8332493 ], [ 5.4078355, 46.8333058 ], [ 5.406321, 46.8329564 ], [ 5.4044776, 46.8327085 ], [ 5.4036744, 46.8324136 ], [ 5.4027803, 46.832318799999989 ], [ 5.402352, 46.8324286 ], [ 5.4030639, 46.831286 ], [ 5.4030758, 46.8303399 ], [ 5.4019636, 46.8301217 ], [ 5.4013801, 46.8301654 ], [ 5.4005505, 46.8309034 ], [ 5.3987077, 46.8309607 ], [ 5.3977314, 46.8310847 ], [ 5.3966467, 46.8305389 ], [ 5.3960443, 46.830657699999989 ], [ 5.395554, 46.8306706 ], [ 5.3923114, 46.8302093 ], [ 5.391434, 46.8304033 ], [ 5.3904668, 46.8304053 ], [ 5.3902471, 46.8302451 ], [ 5.3899136, 46.8297079 ], [ 5.3897094, 46.8289158 ], [ 5.3896918, 46.828101 ], [ 5.3894364, 46.8269235 ], [ 5.3892908, 46.8266572 ], [ 5.3876515, 46.8266543 ], [ 5.3865745, 46.8261894 ], [ 5.3854475, 46.8271199 ], [ 5.3846767, 46.8274106 ], [ 5.3833691, 46.8274899 ], [ 5.3818376, 46.8279099 ], [ 5.3810371, 46.8280021 ], [ 5.3803725, 46.8278402 ], [ 5.3795807, 46.8277711 ], [ 5.3783897, 46.8275777 ], [ 5.3775179, 46.8272408 ], [ 5.3771527, 46.8265755 ], [ 5.3768885, 46.8265368 ], [ 5.3752729, 46.8269854 ], [ 5.3749235, 46.8265891 ], [ 5.3746934, 46.8260101 ], [ 5.3747163, 46.825244 ], [ 5.3746011, 46.8244429 ], [ 5.3741946, 46.824481 ], [ 5.3738387, 46.8241748 ], [ 5.3736511, 46.8247165 ], [ 5.3736152, 46.8253649 ], [ 5.3729199, 46.8259693 ], [ 5.3724714, 46.826247 ], [ 5.3718058, 46.8263931 ], [ 5.3711042, 46.8264049 ], [ 5.3703063, 46.8261358 ], [ 5.3691938, 46.8259947 ], [ 5.3684637, 46.8255954 ], [ 5.3680651, 46.8252127 ], [ 5.3678549, 46.8251774 ], [ 5.3667525, 46.824547 ], [ 5.3663272, 46.8240027 ], [ 5.3652757, 46.8245963 ], [ 5.3650188, 46.8237026 ], [ 5.3658537, 46.8233179 ], [ 5.3639932, 46.8211618 ], [ 5.3633058, 46.8205949 ], [ 5.362576, 46.8195065 ], [ 5.3623827, 46.819406 ], [ 5.3620007, 46.8189517 ], [ 5.3604224, 46.8182959 ], [ 5.3600628, 46.8182636 ], [ 5.3587024, 46.8184546 ], [ 5.3580867, 46.8182069 ], [ 5.3577078, 46.8178508 ], [ 5.3572985, 46.8176718 ], [ 5.3560577, 46.8177143 ], [ 5.3557641, 46.8170583 ], [ 5.3534691, 46.8147326 ], [ 5.351475, 46.8136798 ], [ 5.3488123, 46.814608 ], [ 5.3471484, 46.8147564 ], [ 5.3472388, 46.8154499 ], [ 5.3449582, 46.8157487 ], [ 5.3469419, 46.8181079 ], [ 5.3471922, 46.8180091 ], [ 5.34744, 46.819094 ], [ 5.3463383, 46.8193489 ], [ 5.3463606, 46.8195917 ], [ 5.3461444, 46.8198726 ], [ 5.3447991, 46.8205928 ], [ 5.3444336, 46.8212154 ], [ 5.34447, 46.8217831 ], [ 5.3443642, 46.8221573 ], [ 5.344465, 46.822911 ], [ 5.3443382, 46.8232856 ], [ 5.3441325, 46.8235375 ], [ 5.3429511, 46.8241047 ], [ 5.3416367, 46.8244828 ], [ 5.3419475, 46.8249629 ], [ 5.3417555, 46.82541 ], [ 5.3407148, 46.8258969 ], [ 5.3392442, 46.8260908 ], [ 5.3394026, 46.8254444 ], [ 5.3396376, 46.8251126 ], [ 5.3394485, 46.8246535 ], [ 5.3397455, 46.8244808 ], [ 5.3392474, 46.8238261 ], [ 5.3427899, 46.8226839 ], [ 5.3425944, 46.8223519 ], [ 5.3428956, 46.8216684 ], [ 5.3429229, 46.8206913 ], [ 5.3421406, 46.8195948 ], [ 5.3401133, 46.8205071 ], [ 5.3409933, 46.8218026 ], [ 5.3407604, 46.8219992 ], [ 5.3392789, 46.8224878 ], [ 5.3376284, 46.8228619 ], [ 5.3372756, 46.8225313 ], [ 5.3388476, 46.8217976 ], [ 5.3391375, 46.821278299999989 ], [ 5.339135, 46.821038699999988 ], [ 5.3390524, 46.8208287 ], [ 5.3379264, 46.8208561 ], [ 5.3371407, 46.8207433 ], [ 5.3358372, 46.8207328 ], [ 5.3354928, 46.8192562 ], [ 5.3356083, 46.8189836 ], [ 5.3361829, 46.8184009 ], [ 5.3351545, 46.8184398 ], [ 5.3342084, 46.818014 ], [ 5.3331357, 46.8186987 ], [ 5.3323821, 46.8185681 ], [ 5.3321246, 46.818013 ], [ 5.33168, 46.8174392 ], [ 5.3302029, 46.8169278 ], [ 5.3298941, 46.8170106 ], [ 5.3295346, 46.816981 ], [ 5.3291181, 46.8167237 ], [ 5.3290494, 46.8164071 ], [ 5.3285615, 46.816136 ], [ 5.3284128, 46.8158219 ], [ 5.3271226, 46.8152625 ], [ 5.327152, 46.8150601 ], [ 5.3277065, 46.8145292 ], [ 5.3288853, 46.8143594 ], [ 5.3292665, 46.8142228 ], [ 5.3294502, 46.8137354 ], [ 5.3294088, 46.8135651 ], [ 5.3289222, 46.8132326 ], [ 5.3284977, 46.8130647 ], [ 5.3287257, 46.8129042 ], [ 5.3288559, 46.812607 ], [ 5.3293671, 46.8122589 ], [ 5.329681, 46.8117778 ], [ 5.3304715, 46.8111529 ], [ 5.3308728, 46.8109664 ], [ 5.3308385, 46.8107779 ], [ 5.3312482, 46.8102688 ], [ 5.3310206, 46.8100095 ], [ 5.3311845, 46.8097017 ], [ 5.3309545, 46.809265 ], [ 5.3308698, 46.8085478 ], [ 5.3314119, 46.8079423 ], [ 5.3314793, 46.8076185 ], [ 5.3321165, 46.807579399999987 ], [ 5.3322706, 46.8074106 ], [ 5.3320982, 46.8071853 ], [ 5.3320112, 46.8068402 ], [ 5.331417, 46.8062929 ], [ 5.3313905, 46.8061655 ], [ 5.3317862, 46.8056359 ], [ 5.3319804, 46.8056356 ], [ 5.3322499, 46.8058616 ], [ 5.3325814, 46.8058522 ], [ 5.3327405, 46.805404 ], [ 5.3329015, 46.8053035 ], [ 5.3333517, 46.8053087 ], [ 5.3335972, 46.8048254 ], [ 5.3335842, 46.8046771 ], [ 5.3330664, 46.8039246 ], [ 5.3324003, 46.8037174 ], [ 5.3319794, 46.8032332 ], [ 5.3317459, 46.8025642 ], [ 5.3317888, 46.802158 ], [ 5.3321121, 46.801592 ], [ 5.3319339, 46.8008048 ], [ 5.3322712, 46.7989801 ], [ 5.3332715, 46.7969862 ], [ 5.3332588, 46.7966613 ], [ 5.3328915, 46.7956229 ], [ 5.3341289, 46.7953924 ], [ 5.3353375, 46.7953445 ], [ 5.3358507, 46.7954133 ], [ 5.336893, 46.795738 ], [ 5.3368933, 46.794285 ], [ 5.3368046, 46.7938094 ], [ 5.3376037, 46.7935428 ], [ 5.3376628, 46.7937577 ], [ 5.3385902, 46.7934867 ], [ 5.3392363, 46.793505 ], [ 5.339967, 46.7924452 ], [ 5.3399068, 46.7908971 ], [ 5.3422913, 46.7906288 ], [ 5.344303, 46.7902607 ], [ 5.3480151, 46.7898472 ], [ 5.3492123, 46.7936871 ], [ 5.3496708, 46.793675 ], [ 5.3515892, 46.7931791 ], [ 5.3522903, 46.7930747 ], [ 5.3532806, 46.7927752 ], [ 5.3539984, 46.7924506 ], [ 5.3553982, 46.7913121 ], [ 5.3558385, 46.7908194 ], [ 5.356855, 46.788679 ], [ 5.3570159, 46.7879766 ], [ 5.3569461, 46.7873358 ], [ 5.358869, 46.7870405 ], [ 5.3593234, 46.7881707 ], [ 5.3609373, 46.7873458 ], [ 5.3602894, 46.7858394 ], [ 5.3625549, 46.7837174 ], [ 5.3647282, 46.783034099999988 ], [ 5.366405, 46.782814 ], [ 5.3674806, 46.7828513 ], [ 5.3695272, 46.7831118 ], [ 5.3696032, 46.7844605 ], [ 5.3686702, 46.7865786 ], [ 5.3710564, 46.7862051 ], [ 5.3708462, 46.7855978 ], [ 5.3715437, 46.7840034 ], [ 5.3714298, 46.7836184 ], [ 5.3730631, 46.7830631 ], [ 5.3729904, 46.7829304 ], [ 5.3715652, 46.7820671 ], [ 5.3703929, 46.7810185 ], [ 5.3703993, 46.7805941 ], [ 5.3701816, 46.7802337 ], [ 5.3702545, 46.7798305 ], [ 5.3696571, 46.7790924 ], [ 5.3692219, 46.778705 ], [ 5.3717156, 46.7765718 ], [ 5.3725728, 46.7766839 ], [ 5.3734896, 46.7766595 ], [ 5.3737745, 46.7770572 ], [ 5.3740986, 46.7770037 ], [ 5.3751273, 46.7766608 ], [ 5.3750369, 46.7762132 ], [ 5.3759452, 46.7760539 ], [ 5.3760232, 46.7751722 ], [ 5.3775303, 46.7755139 ], [ 5.3802463, 46.7763324 ], [ 5.3809656, 46.7763202 ], [ 5.3827177, 46.776119 ], [ 5.3852584, 46.7752159 ], [ 5.385964, 46.7746545 ], [ 5.3882785, 46.7719824 ], [ 5.3902479, 46.7705866 ], [ 5.3904203, 46.7678355 ], [ 5.390261, 46.7673443 ], [ 5.3889096, 46.765444699999989 ], [ 5.3884999, 46.7651019 ], [ 5.3873276, 46.7647956 ], [ 5.3862818, 46.7640571 ], [ 5.3858593, 46.7635119 ], [ 5.3845987, 46.7612869 ], [ 5.384237, 46.7609296 ], [ 5.3830408, 46.7604058 ], [ 5.3826332, 46.7600503 ], [ 5.3814866, 46.7593409 ], [ 5.3805695, 46.7582771 ], [ 5.3796449, 46.7578152 ], [ 5.378486, 46.7565267 ], [ 5.3783316, 46.756411899999989 ], [ 5.3778062, 46.7562679 ], [ 5.3771538, 46.755467 ], [ 5.3760138, 46.7547556 ], [ 5.375265, 46.7545359 ], [ 5.3742765, 46.7544402 ], [ 5.3729597, 46.7540602 ], [ 5.3734574, 46.753904 ], [ 5.3734787, 46.7527722 ], [ 5.3732502, 46.7520733 ], [ 5.3731425, 46.7511387 ], [ 5.3728064, 46.750525 ], [ 5.3725802, 46.7502982 ], [ 5.3718881, 46.7505053 ], [ 5.3711999, 46.7508924 ], [ 5.3696869, 46.7519578 ], [ 5.367218, 46.7523843 ], [ 5.3670172, 46.7521389 ], [ 5.3666646, 46.7521372 ], [ 5.3662113, 46.7508782 ], [ 5.3661126, 46.7491254 ], [ 5.3659011, 46.7477326 ], [ 5.3642572, 46.7454343 ], [ 5.3641582, 46.7446662 ], [ 5.3644902, 46.7442242 ], [ 5.3643595, 46.7431802 ], [ 5.3640358, 46.7432094 ], [ 5.3636472, 46.742231 ], [ 5.3648837, 46.7424001 ], [ 5.3648878, 46.7418631 ], [ 5.3652893, 46.7418134 ], [ 5.3650862, 46.7409123 ], [ 5.3651245, 46.7402278 ], [ 5.3643513, 46.7391727 ], [ 5.3643385, 46.7383973 ], [ 5.3641623, 46.7382037 ], [ 5.3635527, 46.7378649 ], [ 5.3623872, 46.7376682 ], [ 5.3616651, 46.7363688 ], [ 5.3616582, 46.7362725 ], [ 5.3622395, 46.7362011 ], [ 5.3617385, 46.7349548 ], [ 5.3624966, 46.7349428 ], [ 5.3609722, 46.7312844 ], [ 5.3872531, 46.7311707 ], [ 5.3867978, 46.7292181 ], [ 5.3914054, 46.7291015 ], [ 5.3910627, 46.7286988 ], [ 5.3936378, 46.7286298 ], [ 5.3932845, 46.7274202 ], [ 5.3909077, 46.7274697 ], [ 5.3902737, 46.7235427 ], [ 5.3900476, 46.7228412 ], [ 5.3910603, 46.7231119 ], [ 5.3916835, 46.7233737 ], [ 5.3920065, 46.7232706 ], [ 5.3919419, 46.7229648 ], [ 5.3920858, 46.7229293 ], [ 5.3924046, 46.723329 ], [ 5.392734, 46.7233725 ], [ 5.3929107, 46.723249 ], [ 5.3927648, 46.7227035 ], [ 5.3930969, 46.7226605 ], [ 5.3934058, 46.7228613 ], [ 5.3935952, 46.7228501 ], [ 5.3937876, 46.7227272 ], [ 5.3933748, 46.7225448 ], [ 5.3933294, 46.7224368 ], [ 5.3937098, 46.721973 ], [ 5.3939217, 46.7219965 ], [ 5.3940632, 46.7223242 ], [ 5.3942234, 46.7223911 ], [ 5.3953892, 46.72251 ], [ 5.3956503, 46.7224911 ], [ 5.3957528, 46.722379 ], [ 5.3948911, 46.7221159 ], [ 5.3942712, 46.7212479 ], [ 5.3946087, 46.7211778 ], [ 5.3950246, 46.7212241 ], [ 5.3955636, 46.7210903 ], [ 5.3957049, 46.7209666 ], [ 5.3955561, 46.7207707 ], [ 5.3953383, 46.7198428 ], [ 5.3951429, 46.7196001 ], [ 5.3954273, 46.7190987 ], [ 5.3957952, 46.7189775 ], [ 5.3969054, 46.7182814 ], [ 5.3969738, 46.7181413 ], [ 5.3967924, 46.7180063 ], [ 5.3969575, 46.7178615 ], [ 5.3969497, 46.7177139 ], [ 5.396834, 46.7172875 ], [ 5.3964465, 46.7165812 ], [ 5.3964375, 46.7162571 ], [ 5.3952845, 46.7147651 ], [ 5.3951212, 46.7143866 ], [ 5.394667, 46.7142744 ], [ 5.3945931, 46.7141436 ], [ 5.394928, 46.7140168 ], [ 5.3947082, 46.7136953 ], [ 5.3949737, 46.713596 ], [ 5.3948796, 46.7133341 ], [ 5.395097, 46.7130674 ], [ 5.3948067, 46.7129581 ], [ 5.3947074, 46.7127845 ], [ 5.3949855, 46.7121419 ], [ 5.3951902, 46.7120331 ], [ 5.3950377, 46.7118705 ], [ 5.3950686, 46.711769 ], [ 5.3954256, 46.711848 ], [ 5.3958262, 46.7118144 ], [ 5.3958588, 46.7116921 ], [ 5.3949404, 46.7114465 ], [ 5.3946528, 46.7112218 ], [ 5.3947941, 46.7108306 ], [ 5.3947811, 46.7096752 ], [ 5.3950921, 46.7094534 ], [ 5.3952655, 46.7094353 ], [ 5.3951658, 46.7092536 ], [ 5.3948846, 46.7092028 ], [ 5.3947731, 46.7088421 ], [ 5.3944898, 46.7084462 ], [ 5.3950943, 46.7081066 ], [ 5.3952708, 46.7081903 ], [ 5.3953701, 46.708154 ], [ 5.3953, 46.707932 ], [ 5.3954957, 46.7078847 ], [ 5.3957519, 46.7080235 ], [ 5.3957837, 46.7078535 ], [ 5.3960127, 46.7077892 ], [ 5.3962709, 46.707823499999989 ], [ 5.396766, 46.7080924 ], [ 5.3970079, 46.708381 ], [ 5.3972503, 46.7083246 ], [ 5.3977394, 46.7079532 ], [ 5.3983412, 46.7078514 ], [ 5.3989648, 46.7078879 ], [ 5.3997035, 46.7075932 ], [ 5.4016578, 46.7063299 ], [ 5.4026522, 46.7057785 ], [ 5.4029206, 46.7045658 ], [ 5.4033416, 46.7046389 ], [ 5.4034968, 46.7041807 ], [ 5.4036909, 46.7040398 ], [ 5.4036918, 46.703883 ], [ 5.404035, 46.70362 ], [ 5.4044586, 46.7034859 ], [ 5.4046274, 46.7035139 ], [ 5.4051521, 46.7041848 ], [ 5.4062097, 46.7042032 ] ] ], [ [ [ 5.4526734, 46.8519385 ], [ 5.4525217, 46.851431 ], [ 5.4531903, 46.8515816 ], [ 5.4541745, 46.8513948 ], [ 5.4548248, 46.8511702 ], [ 5.4559387, 46.851005 ], [ 5.4561023, 46.8513699 ], [ 5.4562071, 46.8523487 ], [ 5.4580325, 46.8539744 ], [ 5.456643, 46.8544608 ], [ 5.4552284, 46.8531506 ], [ 5.4522514, 46.8536392 ], [ 5.4519651, 46.852767 ], [ 5.4526734, 46.8519385 ] ] ], [ [ [ 5.4433208, 46.845776 ], [ 5.4445813, 46.8451682 ], [ 5.4449259, 46.8456752 ], [ 5.4456782, 46.8453259 ], [ 5.4462937, 46.84602 ], [ 5.4476891, 46.8456939 ], [ 5.448451, 46.8468947 ], [ 5.4480493, 46.8469834 ], [ 5.4484001, 46.8473939 ], [ 5.4486953, 46.8479714 ], [ 5.4481065, 46.8479875 ], [ 5.4477128, 46.8482238 ], [ 5.4473203, 46.8480502 ], [ 5.4464616, 46.8488936 ], [ 5.4461553, 46.8494361 ], [ 5.4451202, 46.8496887 ], [ 5.4428988, 46.8498395 ], [ 5.4428386, 46.8499308 ], [ 5.4433126, 46.8509774 ], [ 5.4419878, 46.8511245 ], [ 5.4423219, 46.8517497 ], [ 5.4418408, 46.8520572 ], [ 5.4411639, 46.8516347 ], [ 5.4404287, 46.8505297 ], [ 5.4399906, 46.8490824 ], [ 5.4401011, 46.8489422 ], [ 5.4407275, 46.8487406 ], [ 5.441845, 46.8486566 ], [ 5.4423178, 46.8485132 ], [ 5.4407871, 46.8460432 ], [ 5.4414891, 46.8459175 ], [ 5.4428417, 46.8459231 ], [ 5.4433208, 46.845776 ] ] ], [ [ [ 5.4317863, 46.8613458 ], [ 5.4308108, 46.85989 ], [ 5.4307767, 46.858135 ], [ 5.4338255, 46.857513 ], [ 5.4333724, 46.8564893 ], [ 5.4336896, 46.8563007 ], [ 5.4341065, 46.8561982 ], [ 5.4334217, 46.8549839 ], [ 5.4337708, 46.8548054 ], [ 5.4342407, 46.8548 ], [ 5.4345092, 46.8551654 ], [ 5.434911, 46.8560694 ], [ 5.4366933, 46.8558732 ], [ 5.4374122, 46.8560903 ], [ 5.4378282, 46.8555311 ], [ 5.4379891, 46.8546422 ], [ 5.4395884, 46.8545246 ], [ 5.4399205, 46.8540545 ], [ 5.440783, 46.8537588 ], [ 5.4414997, 46.8555587 ], [ 5.4420428, 46.8554895 ], [ 5.4438562, 46.8549646 ], [ 5.4429909, 46.8535399 ], [ 5.442838, 46.8533521 ], [ 5.4425519, 46.8532105 ], [ 5.4423725, 46.8528711 ], [ 5.4425406, 46.852667499999988 ], [ 5.4445277, 46.851747 ], [ 5.4455119, 46.8530999 ], [ 5.4465127, 46.8529894 ], [ 5.4468733, 46.8539078 ], [ 5.4473683, 46.8539648 ], [ 5.447969, 46.8549375 ], [ 5.448703, 46.8550237 ], [ 5.4493287, 46.855386 ], [ 5.4497104, 46.8564517 ], [ 5.4488031, 46.8566565 ], [ 5.4485495, 46.8567988 ], [ 5.448791, 46.8569396 ], [ 5.4478511, 46.8571803 ], [ 5.4467987, 46.8572261 ], [ 5.4464947, 46.8565732 ], [ 5.4460187, 46.8565293 ], [ 5.446172, 46.8578016 ], [ 5.443341, 46.8576023 ], [ 5.4424142, 46.8576102 ], [ 5.4415112, 46.8577663 ], [ 5.4412263, 46.8567473 ], [ 5.441187, 46.8560788 ], [ 5.4396699, 46.8561587 ], [ 5.4392262, 46.8549079 ], [ 5.4387091, 46.8550891 ], [ 5.4385368, 46.8552288 ], [ 5.4381932, 46.8559972 ], [ 5.4376627, 46.8564643 ], [ 5.4373236, 46.8572444 ], [ 5.4365493, 46.8573716 ], [ 5.4361834, 46.8575586 ], [ 5.4364909, 46.8581178 ], [ 5.4363383, 46.8588398 ], [ 5.4364518, 46.8595536 ], [ 5.4362181, 46.8598765 ], [ 5.4352193, 46.8602381 ], [ 5.4346255, 46.860293 ], [ 5.433641, 46.8608571 ], [ 5.4330825, 46.8609373 ], [ 5.4317863, 46.8613458 ] ] ] ] } },
{ "type": "Feature", "properties": { "code_departement": 39.0, "code_rne": "0390009Y", "multisecteur": 0.0 }, "geometry": { "type": "MultiPolygon", "coordinates": [ [ [ [ 5.7246426, 46.6370811 ], [ 5.7243152, 46.6368393 ], [ 5.7238603, 46.6366627 ], [ 5.7225514, 46.6366173 ], [ 5.7204554, 46.6367896 ], [ 5.7190285, 46.6366099 ], [ 5.7185234, 46.6371553 ], [ 5.7199854, 46.6380368 ], [ 5.7192382, 46.6382915 ], [ 5.7190568, 46.6386391 ], [ 5.7186749, 46.6386932 ], [ 5.7183112, 46.639137 ], [ 5.7177434, 46.6394748 ], [ 5.7110383, 46.6414428 ], [ 5.7071923, 46.6427806 ], [ 5.7066897, 46.6431168 ], [ 5.7058687, 46.6434416 ], [ 5.7048743, 46.6445426 ], [ 5.7047361, 46.6448153 ], [ 5.704, 46.6451912 ], [ 5.7033327, 46.6457683 ], [ 5.7026643, 46.646139 ], [ 5.7013834, 46.6464512 ], [ 5.6994592, 46.6466407 ], [ 5.6984698, 46.647028 ], [ 5.6979444, 46.6471178 ], [ 5.6912045, 46.6511098 ], [ 5.6899805, 46.6499331 ], [ 5.6886748, 46.6483735 ], [ 5.6852958, 46.6452796 ], [ 5.6827466, 46.642213899999987 ], [ 5.68034, 46.6399125 ], [ 5.6798266, 46.6399263 ], [ 5.6796228, 46.6388166 ], [ 5.6798758, 46.6376872 ], [ 5.6797509, 46.6374342 ], [ 5.6795206, 46.6372468 ], [ 5.6792684, 46.6361653 ], [ 5.6790394, 46.6356319 ], [ 5.6761684, 46.6298383 ], [ 5.6753614, 46.6273651 ], [ 5.6750804, 46.6273402 ], [ 5.6749002, 46.6225604 ], [ 5.6751349, 46.621828699999988 ], [ 5.6756829, 46.6214321 ], [ 5.6764442, 46.6211197 ], [ 5.6771091, 46.6209465 ], [ 5.676879, 46.618795 ], [ 5.6757573, 46.615212 ], [ 5.6722585, 46.6157424 ], [ 5.6716931, 46.6157574 ], [ 5.6706568, 46.6160086 ], [ 5.6651311, 46.6167229 ], [ 5.6646671, 46.6167535 ], [ 5.6641405, 46.6160396 ], [ 5.6641643, 46.6152165 ], [ 5.6643293, 46.6145279 ], [ 5.6647534, 46.613791 ], [ 5.6650436, 46.6122689 ], [ 5.665393, 46.612222 ], [ 5.6655539, 46.6119317 ], [ 5.6658728, 46.6119279 ], [ 5.666116, 46.6120367 ], [ 5.6662217, 46.6124856 ], [ 5.666455, 46.6128973 ], [ 5.6681734, 46.6109608 ], [ 5.6686546, 46.6102712 ], [ 5.6690895, 46.6077825 ], [ 5.6704, 46.6068096 ], [ 5.6712964, 46.6059778 ], [ 5.6708435, 46.6059911 ], [ 5.669381, 46.6052522 ], [ 5.6691694, 46.6053094 ], [ 5.6683787, 46.6052855 ], [ 5.6679145, 46.6052035 ], [ 5.6675033, 46.6049752 ], [ 5.6655826, 46.607075 ], [ 5.6652021, 46.6073118 ], [ 5.664523, 46.6073807 ], [ 5.6645996, 46.6067555 ], [ 5.6648378, 46.6060661 ], [ 5.6643348, 46.6056463 ], [ 5.6639389, 46.603568 ], [ 5.6637277, 46.603418 ], [ 5.6629364, 46.6018336 ], [ 5.6630937, 46.6011218 ], [ 5.6627817, 46.6004353 ], [ 5.6617684, 46.6002967 ], [ 5.6605396, 46.6014172 ], [ 5.6600777, 46.6016198 ], [ 5.6598282, 46.6013301 ], [ 5.6605315, 46.6005831 ], [ 5.6600816, 46.5994007 ], [ 5.6600698, 46.5981171 ], [ 5.6584707, 46.5933693 ], [ 5.658263, 46.5921146 ], [ 5.6579577, 46.5914037 ], [ 5.6574196, 46.590608 ], [ 5.6585353, 46.5901713 ], [ 5.6581025, 46.5890975 ], [ 5.6579416, 46.5884237 ], [ 5.6575287, 46.587945 ], [ 5.6566428, 46.5865277 ], [ 5.6556576, 46.5847621 ], [ 5.6548957, 46.5840636 ], [ 5.6544578, 46.5833106 ], [ 5.6542945, 46.5827756 ], [ 5.6533842, 46.5817661 ], [ 5.653428, 46.5814047 ], [ 5.6536684, 46.5810829 ], [ 5.6543667, 46.5807468 ], [ 5.6543453, 46.5803878 ], [ 5.6530611, 46.5786238 ], [ 5.6520144, 46.576448 ], [ 5.6513849, 46.5747111 ], [ 5.6513442, 46.5740364 ], [ 5.6515916, 46.5738045 ], [ 5.6513842, 46.5725498 ], [ 5.6514591, 46.5716471 ], [ 5.6512114, 46.5707987 ], [ 5.6503149, 46.5700141 ], [ 5.649006, 46.5699624 ], [ 5.6456572, 46.5696542 ], [ 5.6459314, 46.5687911 ], [ 5.6454746, 46.5645267 ], [ 5.6463049, 46.5620713 ], [ 5.6474753, 46.5555989 ], [ 5.6445567, 46.5505508 ], [ 5.6466479, 46.5484645 ], [ 5.6515008, 46.546702499999988 ], [ 5.6524066, 46.546586 ], [ 5.6543577, 46.546484 ], [ 5.6553121, 46.5462393 ], [ 5.6564064, 46.5458391 ], [ 5.6584262, 46.5457804 ], [ 5.6640425, 46.5445272 ], [ 5.6646703, 46.5441486 ], [ 5.6651654, 46.5442064 ], [ 5.6676929, 46.5436637 ], [ 5.6686537, 46.5433647 ], [ 5.6696546, 46.5426602 ], [ 5.67094, 46.5423527 ], [ 5.673439, 46.5416042 ], [ 5.6759894, 46.5406292 ], [ 5.6766494, 46.5406958 ], [ 5.6770371, 46.538064 ], [ 5.6777364, 46.536379 ], [ 5.679728, 46.5324384 ], [ 5.6816854, 46.5305122 ], [ 5.6839086, 46.5288699 ], [ 5.6855454, 46.5284431 ], [ 5.6869163, 46.5283145 ], [ 5.6888618, 46.529568 ], [ 5.690339, 46.5300594 ], [ 5.6912107, 46.5299741 ], [ 5.69265, 46.5295131 ], [ 5.6944139, 46.5288319 ], [ 5.6958407, 46.5281198 ], [ 5.6981295, 46.5261261 ], [ 5.6992185, 46.525421 ], [ 5.7008305, 46.5239973 ], [ 5.7012298, 46.5235482 ], [ 5.7014098, 46.5231493 ], [ 5.702109, 46.523458 ], [ 5.7026043, 46.523549 ], [ 5.7030881, 46.5234592 ], [ 5.7037432, 46.523168 ], [ 5.7041297, 46.5231706 ], [ 5.7056328, 46.5237378 ], [ 5.7062468, 46.523772799999989 ], [ 5.7069137, 46.5236931 ], [ 5.707481, 46.5239706 ], [ 5.7078029, 46.5239081 ], [ 5.7095137, 46.5245298 ], [ 5.7107105, 46.5247879 ], [ 5.7126655, 46.5250695 ], [ 5.7137635, 46.5249173 ], [ 5.7144541, 46.5250496 ], [ 5.7156407, 46.5244754 ], [ 5.7164142, 46.524412 ], [ 5.7171867, 46.5238837 ], [ 5.7179007, 46.5236208 ], [ 5.7190323, 46.5225217 ], [ 5.7192581, 46.5224433 ], [ 5.7202839, 46.5223604 ], [ 5.7209149, 46.5225544 ], [ 5.7212367, 46.522517 ], [ 5.723076, 46.5209271 ], [ 5.7236116, 46.5207792 ], [ 5.7242902, 46.5201252 ], [ 5.7244817, 46.5196476 ], [ 5.7244828, 46.5195124 ], [ 5.7243123, 46.5193408 ], [ 5.7244244, 46.5188939 ], [ 5.7248984, 46.5187421 ], [ 5.7253077, 46.518208 ], [ 5.7252711, 46.5177646 ], [ 5.7256025, 46.5173441 ], [ 5.7254613, 46.5171051 ], [ 5.725518, 46.5169848 ], [ 5.725837, 46.5167105 ], [ 5.7267358, 46.5162566 ], [ 5.7268976, 46.5158653 ], [ 5.727015, 46.515057 ], [ 5.7273762, 46.5145799 ], [ 5.7276057, 46.5144979 ], [ 5.72778, 46.5146442 ], [ 5.7279199, 46.514648 ], [ 5.7283404, 46.51442 ], [ 5.7287379, 46.5146159 ], [ 5.7290309, 46.5145783 ], [ 5.7294521, 46.5139709 ], [ 5.7300093, 46.5137098 ], [ 5.731066, 46.512998 ], [ 5.7310506, 46.512874 ], [ 5.7306613, 46.51245 ], [ 5.7307017, 46.5123436 ], [ 5.7309266, 46.5121959 ], [ 5.7317751, 46.5119666 ], [ 5.7320383, 46.5116972 ], [ 5.7320768, 46.5112935 ], [ 5.7328665, 46.5109079 ], [ 5.733188, 46.5105002 ], [ 5.7337426, 46.5104473 ], [ 5.7344219, 46.5105401 ], [ 5.7345419, 46.5104868 ], [ 5.7347133, 46.5101583 ], [ 5.7351571, 46.5100819 ], [ 5.7353569, 46.509851 ], [ 5.736264, 46.5096968 ], [ 5.7366455, 46.5091084 ], [ 5.7372846, 46.508921 ], [ 5.737639, 46.508598 ], [ 5.7378896, 46.5085209 ], [ 5.7383473, 46.508514399999989 ], [ 5.7388078, 46.5083808 ], [ 5.7391624, 46.5081669 ], [ 5.739388, 46.5078777 ], [ 5.7396679, 46.5069835 ], [ 5.7405545, 46.5068379 ], [ 5.7419469, 46.5061657 ], [ 5.7442654, 46.5046559 ], [ 5.7451936, 46.5038624 ], [ 5.7458473, 46.502852 ], [ 5.7459247, 46.5017464 ], [ 5.7466906, 46.501746 ], [ 5.7484523, 46.5013117 ], [ 5.7494544, 46.5009236 ], [ 5.7500465, 46.5010481 ], [ 5.7519827, 46.499832 ], [ 5.7558689, 46.4967732 ], [ 5.7566922, 46.496207399999989 ], [ 5.7582027, 46.4956348 ], [ 5.7594333, 46.4954862 ], [ 5.7608804, 46.4973974 ], [ 5.7621861, 46.4985507 ], [ 5.7627205, 46.4989513 ], [ 5.7632078, 46.4991188 ], [ 5.7635633, 46.4994382 ], [ 5.7651885, 46.5003801 ], [ 5.7675293, 46.5023354 ], [ 5.7695984, 46.5035611 ], [ 5.7735007, 46.5031664 ], [ 5.7760999, 46.5075471 ], [ 5.7772853, 46.5085544 ], [ 5.7827876, 46.5142907 ], [ 5.791679, 46.5139027 ], [ 5.7936798, 46.5139034 ], [ 5.7966737, 46.5161657 ], [ 5.7973702, 46.5160045 ], [ 5.7974266, 46.5161121 ], [ 5.7976693, 46.5161873 ], [ 5.7977771, 46.5164306 ], [ 5.7985252, 46.5163339 ], [ 5.7996547, 46.5160143 ], [ 5.800975, 46.5157747 ], [ 5.8023065, 46.516162 ], [ 5.8022635, 46.5156044 ], [ 5.8020285, 46.515502 ], [ 5.8020488, 46.5153628 ], [ 5.8026111, 46.5151057 ], [ 5.80383, 46.5147227 ], [ 5.8042192, 46.5144987 ], [ 5.8044593, 46.5142207 ], [ 5.8049064, 46.5144124 ], [ 5.8052446, 46.5141356 ], [ 5.8055082, 46.5141859 ], [ 5.8058193, 46.5138918 ], [ 5.8070615, 46.5132017 ], [ 5.8075236, 46.5132544 ], [ 5.8077488, 46.5134714 ], [ 5.8082359, 46.5133261 ], [ 5.8087545, 46.5128286 ], [ 5.8094208, 46.5127654 ], [ 5.8101649, 46.5121884 ], [ 5.8102661, 46.5122013 ], [ 5.8103227, 46.5112736 ], [ 5.8107814, 46.5108821 ], [ 5.8108595, 46.5100927 ], [ 5.810574, 46.5092654 ], [ 5.8161426, 46.5079291 ], [ 5.8177994, 46.5073377 ], [ 5.8198516, 46.5118679 ], [ 5.8205128, 46.5130184 ], [ 5.8201316, 46.5132936 ], [ 5.8246704, 46.5178444 ], [ 5.8259556, 46.5175342 ], [ 5.8263063, 46.5179292 ], [ 5.8262531, 46.5181107 ], [ 5.8254736, 46.518734599999988 ], [ 5.8274516, 46.5205058 ], [ 5.8281198, 46.5214092 ], [ 5.8283219, 46.5222349 ], [ 5.8289433, 46.5236441 ], [ 5.8295313, 46.5245341 ], [ 5.8308411, 46.5252991 ], [ 5.8312675, 46.5254652 ], [ 5.8315793, 46.5259377 ], [ 5.8317853, 46.5265372 ], [ 5.8318756, 46.5274189 ], [ 5.8326483, 46.528271 ], [ 5.8335753, 46.5288004 ], [ 5.833341, 46.52919 ], [ 5.8373439, 46.5333049 ], [ 5.8376901, 46.5336098 ], [ 5.8396881, 46.5346946 ], [ 5.8401567, 46.5353444 ], [ 5.8394646, 46.5359184 ], [ 5.8389699, 46.5360956 ], [ 5.8388553, 46.5366273 ], [ 5.8399023, 46.538152 ], [ 5.840489, 46.5387114 ], [ 5.8411223, 46.5396624 ], [ 5.8424183, 46.5406529 ], [ 5.8436599, 46.5420484 ], [ 5.8445118, 46.5417082 ], [ 5.8456695, 46.5414731 ], [ 5.8461357, 46.5410488 ], [ 5.8461405, 46.5406171 ], [ 5.8477497, 46.5402022 ], [ 5.8486359, 46.5405171 ], [ 5.8492476, 46.5409047 ], [ 5.8500261, 46.5416575 ], [ 5.8506549, 46.5427942 ], [ 5.851156, 46.5429358 ], [ 5.8511975, 46.543106 ], [ 5.8510119, 46.5433277 ], [ 5.8518001, 46.5443398 ], [ 5.8523659, 46.5445951 ], [ 5.8572376, 46.548693 ], [ 5.8568836, 46.5490884 ], [ 5.8573195, 46.5492568 ], [ 5.857847, 46.5496041 ], [ 5.8586119, 46.5513366 ], [ 5.8588299, 46.5515347 ], [ 5.8592214, 46.5516781 ], [ 5.8609072, 46.551945 ], [ 5.8613254, 46.5520733 ], [ 5.8619803, 46.5524579 ], [ 5.8621573, 46.552695 ], [ 5.8624703, 46.5527854 ], [ 5.8618997, 46.5530366 ], [ 5.8622063, 46.5544219 ], [ 5.8624815, 46.5546385 ], [ 5.864433, 46.5554844 ], [ 5.867646, 46.5587566 ], [ 5.8714684, 46.56394 ], [ 5.8706896, 46.5643812 ], [ 5.8692461, 46.5650265 ], [ 5.8673542, 46.5646486 ], [ 5.8670275, 46.564746 ], [ 5.8653151, 46.5655458 ], [ 5.8648423, 46.566069399999989 ], [ 5.8648533, 46.5664268 ], [ 5.864957, 46.5665846 ], [ 5.8670419, 46.5677974 ], [ 5.8696461, 46.5690206 ], [ 5.8701503, 46.5696883 ], [ 5.870976, 46.5711741 ], [ 5.8710582, 46.5718172 ], [ 5.8706205, 46.574443 ], [ 5.8714325, 46.5753957 ], [ 5.8724298, 46.576342 ], [ 5.8725625, 46.5771487 ], [ 5.8728789, 46.5781166 ], [ 5.8728472, 46.5793734 ], [ 5.873178, 46.579748 ], [ 5.8732946, 46.5802245 ], [ 5.8736938, 46.5807064 ], [ 5.8749403, 46.581495 ], [ 5.8762588, 46.5820629 ], [ 5.8773729, 46.5821755 ], [ 5.8773731, 46.5824269 ], [ 5.8779447, 46.583327 ], [ 5.8780787, 46.58455 ], [ 5.8783835, 46.5849757 ], [ 5.8782056, 46.585246 ], [ 5.8786332, 46.5861138 ], [ 5.8787908, 46.5869441 ], [ 5.8790661, 46.587627399999988 ], [ 5.8790792, 46.5878262 ], [ 5.8788516, 46.5883897 ], [ 5.878937, 46.5903752 ], [ 5.8793855, 46.5905522 ], [ 5.8795153, 46.5909292 ], [ 5.8798092, 46.5910254 ], [ 5.8797916, 46.5918278 ], [ 5.8791861, 46.5918953 ], [ 5.8789317, 46.5920531 ], [ 5.8789524, 46.5923706 ], [ 5.8796861, 46.5935397 ], [ 5.8796778, 46.5942959 ], [ 5.880351, 46.595062 ], [ 5.8807644, 46.5953904 ], [ 5.8810532, 46.596599499999989 ], [ 5.8817495, 46.5973812 ], [ 5.8817319, 46.5979862 ], [ 5.8819336, 46.598957 ], [ 5.8826445, 46.6008276 ], [ 5.8817902, 46.601506 ], [ 5.8818198, 46.6017674 ], [ 5.8821724, 46.6020577 ], [ 5.8830778, 46.6024908 ], [ 5.8838921, 46.6027605 ], [ 5.8842525, 46.6026532 ], [ 5.8844941, 46.6027228 ], [ 5.8845358, 46.6030903 ], [ 5.8847972, 46.6033837 ], [ 5.8853901, 46.6036436 ], [ 5.8860434, 46.6037353 ], [ 5.8869835, 46.6041819 ], [ 5.8872253, 46.6045254 ], [ 5.8876292, 46.6046963 ], [ 5.8875671, 46.6048078 ], [ 5.8890215, 46.6055343 ], [ 5.8890218, 46.6058839 ], [ 5.8891919, 46.6061815 ], [ 5.8866671, 46.6077787 ], [ 5.8863369, 46.6080357 ], [ 5.8862847, 46.608283 ], [ 5.8858352, 46.6082889 ], [ 5.8849759, 46.6085538 ], [ 5.884779, 46.6087354 ], [ 5.8848464, 46.6092185 ], [ 5.8847039, 46.6093419 ], [ 5.8838123, 46.6096392 ], [ 5.8836467, 46.6098947 ], [ 5.8837062, 46.6101293 ], [ 5.8838068, 46.6102745 ], [ 5.8842849, 46.6104148 ], [ 5.8844403, 46.6114218 ], [ 5.8845489, 46.611547 ], [ 5.8830138, 46.6117172 ], [ 5.8827554, 46.6119247 ], [ 5.8821866, 46.6120219 ], [ 5.8814342, 46.6124805 ], [ 5.8812289, 46.6125298 ], [ 5.8808898, 46.6122978 ], [ 5.8803666, 46.6122956 ], [ 5.8800314, 46.6121139 ], [ 5.8783144, 46.6120345 ], [ 5.87745, 46.6123031 ], [ 5.8761952, 46.6125347 ], [ 5.8750971, 46.6128848 ], [ 5.8745443, 46.6134339 ], [ 5.8737768, 46.6136829 ], [ 5.8718983, 46.613913 ], [ 5.8705713, 46.6142886 ], [ 5.8700972, 46.6140743 ], [ 5.8699023, 46.6138504 ], [ 5.86987, 46.6136106 ], [ 5.8695853, 46.613542 ], [ 5.869181, 46.6136864 ], [ 5.8689993, 46.6139595 ], [ 5.8686783, 46.6141946 ], [ 5.8679652, 46.6143098 ], [ 5.8669451, 46.6149507 ], [ 5.8662769, 46.6151251 ], [ 5.8653342, 46.6150009 ], [ 5.8634639, 46.6151162 ], [ 5.862982, 46.615276 ], [ 5.8626519, 46.6152896 ], [ 5.8623768, 46.6152064 ], [ 5.8571759, 46.6192007 ], [ 5.8572888, 46.6200548 ], [ 5.8556864, 46.625773 ], [ 5.8557951, 46.6274443 ], [ 5.8561486, 46.6285726 ], [ 5.8569162, 46.6297392 ], [ 5.8568391, 46.6310854 ], [ 5.8566434, 46.6316427 ], [ 5.856787, 46.6325095 ], [ 5.8570638, 46.6330224 ], [ 5.8580658, 46.633721 ], [ 5.8595643, 46.6341584 ], [ 5.8605394, 46.6341449 ], [ 5.8608698, 46.6344331 ], [ 5.8627442, 46.6347322 ], [ 5.8627623, 46.6349021 ], [ 5.8634391, 46.6357303 ], [ 5.8654798, 46.6363281 ], [ 5.8662256, 46.6366806 ], [ 5.8666391, 46.637055 ], [ 5.8672087, 46.6378337 ], [ 5.8684257, 46.6373716 ], [ 5.8687974, 46.6373019 ], [ 5.8698407, 46.638084 ], [ 5.8702654, 46.638595099999989 ], [ 5.8710233, 46.6385788 ], [ 5.8712618, 46.6387602 ], [ 5.8712408, 46.6388833 ], [ 5.8699345, 46.6396125 ], [ 5.8658097, 46.6421908 ], [ 5.8621164, 46.6425336 ], [ 5.861429, 46.6427724 ], [ 5.8599123, 46.6444042 ], [ 5.8572627, 46.6468364 ], [ 5.8509792, 46.6500887 ], [ 5.8424267, 46.651649 ], [ 5.8424132, 46.6517665 ], [ 5.8426799, 46.6519383 ], [ 5.8425312, 46.6522717 ], [ 5.8418619, 46.6524577 ], [ 5.8416786, 46.6527073 ], [ 5.8410258, 46.6531092 ], [ 5.839313, 46.653284 ], [ 5.8388215, 46.6535449 ], [ 5.8383506, 46.6540485 ], [ 5.8370952, 46.6537615 ], [ 5.8372873, 46.6533558 ], [ 5.8369765, 46.6527923 ], [ 5.8367673, 46.6524947 ], [ 5.8361299, 46.6522907 ], [ 5.8341348, 46.6546042 ], [ 5.8340931, 46.655008 ], [ 5.8332063, 46.6558192 ], [ 5.8327783, 46.6559415 ], [ 5.8294496, 46.6567265 ], [ 5.8270378, 46.6569995 ], [ 5.8225403, 46.6572266 ], [ 5.8222114, 46.6571924 ], [ 5.8222054, 46.6571024 ], [ 5.8218196, 46.6569804 ], [ 5.821448, 46.6570823 ], [ 5.8208057, 46.6581946 ], [ 5.8204918, 46.6585258 ], [ 5.8198311, 46.658907 ], [ 5.8167001, 46.6600777 ], [ 5.8152225, 46.6603771 ], [ 5.8142115, 46.6610975 ], [ 5.8134903, 46.6612702 ], [ 5.8129828, 46.6614773 ], [ 5.8084238, 46.663992 ], [ 5.8060247, 46.6649247 ], [ 5.8055945, 46.6650082 ], [ 5.8038411, 46.6647871 ], [ 5.8031473, 46.6648077 ], [ 5.8019118, 46.6650604 ], [ 5.8013086, 46.6651148 ], [ 5.8007284, 46.6648524 ], [ 5.8003999, 46.6648262 ], [ 5.7998696, 46.6649238 ], [ 5.7989476, 46.6648346 ], [ 5.7981894, 46.6650288 ], [ 5.7957809, 46.6650209 ], [ 5.7946259, 46.6649562 ], [ 5.7917273, 46.6646304 ], [ 5.7911734, 46.664725 ], [ 5.7903525, 46.664745 ], [ 5.7898769, 46.6646836 ], [ 5.7893596, 46.6644979 ], [ 5.7890106, 46.6642758 ], [ 5.7880819, 46.6651282 ], [ 5.7881658, 46.6654361 ], [ 5.7879929, 46.6656628 ], [ 5.787867, 46.6657596 ], [ 5.7873624, 46.6658475 ], [ 5.7872457, 46.6660225 ], [ 5.7869265, 46.6660257 ], [ 5.786915, 46.6659548 ], [ 5.7866577, 46.6659899 ], [ 5.7865295, 46.666093 ], [ 5.7865214, 46.6664707 ], [ 5.7858146, 46.666469 ], [ 5.7855526, 46.6663366 ], [ 5.7833164, 46.6663972 ], [ 5.7830212, 46.6663071 ], [ 5.7821903, 46.6665146 ], [ 5.7809641, 46.6663885 ], [ 5.7788702, 46.6663141 ], [ 5.7788332, 46.6664861 ], [ 5.7786813, 46.6665349 ], [ 5.7769045, 46.6664419 ], [ 5.7769375, 46.6667816 ], [ 5.776737, 46.667774 ], [ 5.7763678, 46.6681316 ], [ 5.7758376, 46.66823 ], [ 5.7754974, 46.6684112 ], [ 5.7751469, 46.6688017 ], [ 5.7751179, 46.6692322 ], [ 5.7749997, 46.6693783 ], [ 5.7745392, 46.6695102 ], [ 5.7742893, 46.6699235 ], [ 5.7718025, 46.6696908 ], [ 5.768523, 46.6696241 ], [ 5.7687539, 46.6689148 ], [ 5.768513, 46.6685278 ], [ 5.7681592, 46.6683913 ], [ 5.7660633, 46.6679437 ], [ 5.765453, 46.6676016 ], [ 5.7651041, 46.6672523 ], [ 5.7649378, 46.6667869 ], [ 5.7657022, 46.6665829 ], [ 5.7655919, 46.6663711 ], [ 5.7658136, 46.6662532 ], [ 5.7666038, 46.6661449 ], [ 5.7653856, 46.6649922 ], [ 5.7645469, 46.6637349 ], [ 5.7636925, 46.6635572 ], [ 5.7630684, 46.6637408 ], [ 5.7627873, 46.6637196 ], [ 5.7620559, 46.6635183 ], [ 5.7615097, 46.6628909 ], [ 5.7610728, 46.661658 ], [ 5.7604819, 46.6614885 ], [ 5.7604521, 46.6612621 ], [ 5.760451, 46.6605973 ], [ 5.76059, 46.6602939 ], [ 5.761137, 46.6597023 ], [ 5.761217, 46.6590363 ], [ 5.7604317, 46.6588778 ], [ 5.7603805, 46.6585402 ], [ 5.7599201, 46.6581576 ], [ 5.758931, 46.6580057 ], [ 5.7586909, 46.6578133 ], [ 5.7586134, 46.6575755 ], [ 5.7579749, 46.6574467 ], [ 5.7578011, 46.6570139 ], [ 5.7578377, 46.6568833 ], [ 5.7572853, 46.6564668 ], [ 5.7567539, 46.6562841 ], [ 5.7562351, 46.6559623 ], [ 5.7555441, 46.6558555 ], [ 5.7548375, 46.6555202 ], [ 5.7546397, 46.6553087 ], [ 5.7545712, 46.6551202 ], [ 5.754668, 46.6548873 ], [ 5.7549826, 46.6545112 ], [ 5.7556272, 46.6541407 ], [ 5.7558479, 46.6536408 ], [ 5.7555418, 46.6532553 ], [ 5.7549764, 46.6528914 ], [ 5.7545291, 46.6524039 ], [ 5.7540372, 46.652044499999988 ], [ 5.7530348, 46.651756 ], [ 5.7526558, 46.651093 ], [ 5.7526216, 46.6506253 ], [ 5.7523371, 46.6502258 ], [ 5.7514116, 46.6502408 ], [ 5.7509982, 46.6501381 ], [ 5.7506521, 46.6499193 ], [ 5.7501337, 46.6491101 ], [ 5.7499865, 46.6490722 ], [ 5.7495798, 46.6492567 ], [ 5.7491706, 46.6493395 ], [ 5.7484341, 46.649705 ], [ 5.7481324, 46.6496122 ], [ 5.7480939, 46.6492383 ], [ 5.747993, 46.6491578 ], [ 5.7466905, 46.6491692 ], [ 5.7454789, 46.649037 ], [ 5.7445817, 46.6487062 ], [ 5.7441736, 46.6484754 ], [ 5.7439267, 46.6481191 ], [ 5.7441312, 46.6476097 ], [ 5.7438908, 46.6473821 ], [ 5.7436376, 46.6473179 ], [ 5.7430511, 46.6473355 ], [ 5.741818, 46.6477876 ], [ 5.7415105, 46.6477868 ], [ 5.7412551, 46.6477037 ], [ 5.7410473, 46.6472141 ], [ 5.7404847, 46.6471095 ], [ 5.7399446, 46.6471666 ], [ 5.7395208, 46.6473506 ], [ 5.7392297, 46.6475954 ], [ 5.7388518, 46.647627 ], [ 5.7385664, 46.6475176 ], [ 5.7384675, 46.6470622 ], [ 5.7383544, 46.6469721 ], [ 5.7378592, 46.6469056 ], [ 5.7364766, 46.6472224 ], [ 5.7357284, 46.6474853 ], [ 5.7351137, 46.6472549 ], [ 5.734805, 46.6472308 ], [ 5.7335944, 46.6474038 ], [ 5.733378, 46.6473666 ], [ 5.7333006, 46.6472594 ], [ 5.733082, 46.6466322 ], [ 5.7328024, 46.6465605 ], [ 5.7319146, 46.6465717 ], [ 5.7318753, 46.6461005 ], [ 5.7317588, 46.6460213 ], [ 5.7310702, 46.6460134 ], [ 5.7304077, 46.6462617 ], [ 5.7303072, 46.646137 ], [ 5.7303804, 46.6458749 ], [ 5.7300061, 46.6453775 ], [ 5.7298369, 46.6452914 ], [ 5.7293527, 46.6457561 ], [ 5.7293386, 46.6460222 ], [ 5.729165, 46.646239 ], [ 5.7287872, 46.6462705 ], [ 5.7282454, 46.6461104 ], [ 5.7280574, 46.6446851 ], [ 5.7302486, 46.6434851 ], [ 5.7318276, 46.6424185 ], [ 5.7321958, 46.6420656 ], [ 5.732364, 46.6417697 ], [ 5.7324461, 46.6414506 ], [ 5.7323926, 46.6410635 ], [ 5.7322118, 46.640875 ], [ 5.7316272, 46.64067 ], [ 5.7303571, 46.6405931 ], [ 5.7291181, 46.6402766 ], [ 5.7284155, 46.6399852 ], [ 5.7270628, 46.6392264 ], [ 5.7258862, 46.6388498 ], [ 5.7251257, 46.6383174 ], [ 5.7250167, 46.6375263 ], [ 5.7246426, 46.6370811 ] ] ] ] } },
{ "type": "Feature", "properties": { "code_departement": 39.0, "code_rne": "0390010Z", "multisecteur": 0.0 }, "geometry": { "type": "MultiPolygon", "coordinates": [ [ [ [ 5.4012686, 47.1078605 ], [ 5.3999822, 47.1072649 ], [ 5.3988096, 47.1063506 ], [ 5.3982339, 47.1055105 ], [ 5.3980371, 47.1032204 ], [ 5.3975287, 47.101253 ], [ 5.3975767, 47.1009367 ], [ 5.3980572, 47.1001143 ], [ 5.3981597, 47.0984459 ], [ 5.3986555, 47.0967224 ], [ 5.3986874, 47.0961363 ], [ 5.3985559, 47.0956697 ], [ 5.3981672, 47.0951148 ], [ 5.39752, 47.09465 ], [ 5.3967517, 47.0943389 ], [ 5.3949719, 47.0931986 ], [ 5.3919783, 47.0917771 ], [ 5.3911215, 47.0906293 ], [ 5.3914793, 47.0895383 ], [ 5.3915082, 47.088969299999988 ], [ 5.3914455, 47.0886869 ], [ 5.3906558, 47.0878899 ], [ 5.3903964, 47.0865892 ], [ 5.3898329, 47.0861946 ], [ 5.389772, 47.0859806 ], [ 5.3895135, 47.0857707 ], [ 5.3892615, 47.0857092 ], [ 5.3890833, 47.0855553 ], [ 5.3889035, 47.0851285 ], [ 5.3885252, 47.0850129 ], [ 5.3884333, 47.0847545 ], [ 5.3878996, 47.084108 ], [ 5.3876158, 47.0840139 ], [ 5.3873721, 47.0835424 ], [ 5.3870739, 47.0832099 ], [ 5.3867368, 47.0830133 ], [ 5.3861228, 47.0822793 ], [ 5.3854953, 47.0818644 ], [ 5.3845166, 47.0815603 ], [ 5.384129, 47.0812639 ], [ 5.3835046, 47.0811894 ], [ 5.381994, 47.0813205 ], [ 5.3810673, 47.081118 ], [ 5.3797194, 47.080572 ], [ 5.3792813, 47.080504499999989 ], [ 5.378408, 47.0798676 ], [ 5.3777633, 47.0796918 ], [ 5.3771947, 47.0792063 ], [ 5.3766495, 47.0788914 ], [ 5.3763513, 47.078558 ], [ 5.3759995, 47.0786246 ], [ 5.3758724, 47.0785822 ], [ 5.3754938, 47.0787287 ], [ 5.3750642, 47.0785241 ], [ 5.3743745, 47.0783716 ], [ 5.3738928, 47.0783617 ], [ 5.3737319, 47.0782416 ], [ 5.3733707, 47.0781824 ], [ 5.3729916, 47.0783172 ], [ 5.3729586, 47.0785565 ], [ 5.3726683, 47.0786102 ], [ 5.3723278, 47.0789027 ], [ 5.3720466, 47.0788653 ], [ 5.3698074, 47.0776268 ], [ 5.3692814, 47.0776304 ], [ 5.3688529, 47.0777211 ], [ 5.3683836, 47.0776317 ], [ 5.3677531, 47.0777157 ], [ 5.36753, 47.0776194 ], [ 5.3671418, 47.0776067 ], [ 5.366897, 47.0776468 ], [ 5.3662541, 47.0780509 ], [ 5.3653271, 47.0781086 ], [ 5.3647979, 47.0783392 ], [ 5.3638569, 47.078408 ], [ 5.3626755, 47.0783484 ], [ 5.3618463, 47.0784725 ], [ 5.3612615, 47.078817799999989 ], [ 5.3610102, 47.07904 ], [ 5.3609161, 47.0792698 ], [ 5.3602676, 47.0794569 ], [ 5.359401, 47.0808364 ], [ 5.359102, 47.080693 ], [ 5.3582048, 47.0799854 ], [ 5.3581054, 47.0798243 ], [ 5.358147, 47.0791155 ], [ 5.3580029, 47.078896 ], [ 5.3572036, 47.0784079 ], [ 5.3565888, 47.0786717 ], [ 5.3561814, 47.0790034 ], [ 5.3558033, 47.0791624 ], [ 5.3547619, 47.0792269 ], [ 5.3537639, 47.0786573 ], [ 5.3526911, 47.078335 ], [ 5.3519713, 47.0778246 ], [ 5.3499361, 47.0779272 ], [ 5.349066, 47.0781134 ], [ 5.3483985, 47.0774991 ], [ 5.3477424, 47.0770576 ], [ 5.3468122, 47.077072 ], [ 5.3459477, 47.0772634 ], [ 5.3456515, 47.0766065 ], [ 5.3449888, 47.0765587 ], [ 5.3437364, 47.0768957 ], [ 5.3425762, 47.0769265 ], [ 5.3414809, 47.0770567 ], [ 5.3407073, 47.0773066 ], [ 5.3395183, 47.0775261 ], [ 5.3375984, 47.0780388 ], [ 5.3360799, 47.0782325 ], [ 5.3353926, 47.0781329 ], [ 5.3344512, 47.077797 ], [ 5.3338338, 47.0773628 ], [ 5.3336513, 47.0764675 ], [ 5.3316598, 47.0768491 ], [ 5.3297017, 47.0756249 ], [ 5.3284628, 47.0754211 ], [ 5.3273413, 47.0753698 ], [ 5.325206, 47.0744968 ], [ 5.3241737, 47.0742834 ], [ 5.3234464, 47.0740197 ], [ 5.3227915, 47.0732925 ], [ 5.3215092, 47.0722933 ], [ 5.3207443, 47.071826699999988 ], [ 5.3196015, 47.0706058 ], [ 5.3188734, 47.0699827 ], [ 5.3171284, 47.0679984 ], [ 5.3169085, 47.0668075 ], [ 5.3170238, 47.0665764 ], [ 5.3163087, 47.0658558 ], [ 5.3159595, 47.0659817 ], [ 5.314714, 47.0647889 ], [ 5.31373, 47.0653256 ], [ 5.3131814, 47.0649223 ], [ 5.3129504, 47.0637146 ], [ 5.3134987, 47.0632838 ], [ 5.3137301, 47.0625631 ], [ 5.3132881, 47.0618767 ], [ 5.312884, 47.0614911 ], [ 5.3127126, 47.0611199 ], [ 5.3124866, 47.0603669 ], [ 5.3127094, 47.0599085 ], [ 5.3120824, 47.0597328 ], [ 5.3115007, 47.0588924 ], [ 5.3115454, 47.0581808 ], [ 5.3107316, 47.0580755 ], [ 5.3105408, 47.0577433 ], [ 5.3102192, 47.0575597 ], [ 5.3095763, 47.0577194 ], [ 5.3092618, 47.0580076 ], [ 5.3079198, 47.0584325 ], [ 5.307689, 47.0586155 ], [ 5.3075478, 47.0591344 ], [ 5.30768, 47.0595137 ], [ 5.3075781, 47.061137 ], [ 5.3074043, 47.0614503 ], [ 5.3065536, 47.0622086 ], [ 5.3060261, 47.0630036 ], [ 5.3057013, 47.0632992 ], [ 5.3054199, 47.0632841 ], [ 5.3049664, 47.0629131 ], [ 5.30458, 47.0622597 ], [ 5.3034605, 47.0618172 ], [ 5.3029383, 47.0614115 ], [ 5.3020855, 47.0610718 ], [ 5.3001405, 47.059846 ], [ 5.2989918, 47.0586538 ], [ 5.3032768, 47.0573003 ], [ 5.3039663, 47.0577369 ], [ 5.3040795, 47.0576094 ], [ 5.3068429, 47.0563671 ], [ 5.3073451, 47.0567678 ], [ 5.3085884, 47.0561935 ], [ 5.3091008, 47.0567417 ], [ 5.3098316, 47.0564497 ], [ 5.3092442, 47.055720199999989 ], [ 5.3095657, 47.0554399 ], [ 5.3105733, 47.0565637 ], [ 5.3121676, 47.056185 ], [ 5.3119892, 47.0558049 ], [ 5.3130749, 47.0547212 ], [ 5.3134571, 47.0544775 ], [ 5.3131273, 47.0541914 ], [ 5.315045, 47.0531523 ], [ 5.3155704, 47.052958 ], [ 5.3158182, 47.05348 ], [ 5.3174495, 47.05286 ], [ 5.3179397, 47.0528276 ], [ 5.318097, 47.0526552 ], [ 5.3181959, 47.0518587 ], [ 5.3191177, 47.0514448 ], [ 5.3290375, 47.0579546 ], [ 5.3309741, 47.0566834 ], [ 5.331941, 47.0562469 ], [ 5.3345485, 47.0564122 ], [ 5.3346577, 47.0560109 ], [ 5.3342535, 47.0554724 ], [ 5.3351472, 47.0550796 ], [ 5.3352976, 47.0544434 ], [ 5.3345805, 47.0539823 ], [ 5.3357437, 47.0533616 ], [ 5.3338171, 47.050350699999989 ], [ 5.3321989, 47.0504753 ], [ 5.332217, 47.0501317 ], [ 5.3314613, 47.0492625 ], [ 5.3446697, 47.0439573 ], [ 5.3456306, 47.04351 ], [ 5.349787, 47.0447631 ], [ 5.3507814, 47.0448428 ], [ 5.3513312, 47.045998 ], [ 5.352332, 47.0456201 ], [ 5.35263, 47.0455951 ], [ 5.3530485, 47.0462468 ], [ 5.3530175, 47.0467158 ], [ 5.3527776, 47.0475295 ], [ 5.3537031, 47.0487465 ], [ 5.3538074, 47.0487516 ], [ 5.3540956, 47.0485322 ], [ 5.3544313, 47.0485227 ], [ 5.3561628, 47.0490638 ], [ 5.357458, 47.0492419 ], [ 5.3591292, 47.0507534 ], [ 5.3605178, 47.0527309 ], [ 5.3632015, 47.0561429 ], [ 5.3664794, 47.0605894 ], [ 5.3669534, 47.0605788 ], [ 5.36664, 47.0600754 ], [ 5.3667919, 47.0598128 ], [ 5.3669806, 47.0597874 ], [ 5.3681156, 47.0602712 ], [ 5.3685391, 47.0602796 ], [ 5.368927, 47.0601375 ], [ 5.3691907, 47.0598105 ], [ 5.3685336, 47.0587728 ], [ 5.3689549, 47.0587615 ], [ 5.3690595, 47.0588323 ], [ 5.3692696, 47.0586659 ], [ 5.3697062, 47.0586416 ], [ 5.3704469, 47.0591804 ], [ 5.3705294, 47.0591399 ], [ 5.3705527, 47.0589791 ], [ 5.3700891, 47.0582365 ], [ 5.3704843, 47.0580519 ], [ 5.3712004, 47.0581813 ], [ 5.3719251, 47.0578782 ], [ 5.3742673, 47.0575184 ], [ 5.374843, 47.0572436 ], [ 5.3762468, 47.0573057 ], [ 5.3765068, 47.0574345 ], [ 5.3764689, 47.0579802 ], [ 5.3766439, 47.0580631 ], [ 5.3772188, 47.0580972 ], [ 5.377394, 47.0582161 ], [ 5.3776655, 47.0582457 ], [ 5.3779504, 47.0581885 ], [ 5.3781432, 47.0580476 ], [ 5.3783832, 47.0577814 ], [ 5.3786484, 47.0571301 ], [ 5.3789808, 47.0570467 ], [ 5.3797341, 47.0572132 ], [ 5.3812289, 47.057693099999987 ], [ 5.3814452, 47.0576382 ], [ 5.381912, 47.0569566 ], [ 5.3817374, 47.0562558 ], [ 5.3815701, 47.0559881 ], [ 5.3816141, 47.0558503 ], [ 5.3817718, 47.0556606 ], [ 5.3821061, 47.0555898 ], [ 5.3825341, 47.0557026 ], [ 5.3827498, 47.0559314 ], [ 5.3830447, 47.0560721 ], [ 5.3833181, 47.056116 ], [ 5.3849866, 47.0560834 ], [ 5.3857084, 47.0563117 ], [ 5.3859794, 47.0563295 ], [ 5.3880401, 47.056077 ], [ 5.390315, 47.0563453 ], [ 5.3906812, 47.0558666 ], [ 5.3921702, 47.0544621 ], [ 5.3947322, 47.0511033 ], [ 5.3953086, 47.0502537 ], [ 5.3954459, 47.049814 ], [ 5.3958024, 47.0501561 ], [ 5.3979591, 47.0514462 ], [ 5.3984057, 47.0513829 ], [ 5.3991969, 47.0514232 ], [ 5.4002529, 47.0517877 ], [ 5.4001957, 47.0523681 ], [ 5.4028814, 47.0524816 ], [ 5.4070695, 47.0532735 ], [ 5.4078313, 47.0536593 ], [ 5.4092099, 47.0551654 ], [ 5.4116604, 47.0551728 ], [ 5.4116645, 47.0554421 ], [ 5.4123709, 47.0554408 ], [ 5.4124262, 47.0563819 ], [ 5.4122973, 47.0566539 ], [ 5.4123207, 47.057441499999989 ], [ 5.4117755, 47.0576601 ], [ 5.4126491, 47.0587741 ], [ 5.412887, 47.0588169 ], [ 5.4152602, 47.0575666 ], [ 5.4164491, 47.0576246 ], [ 5.4175317, 47.0579019 ], [ 5.4183507, 47.0579712 ], [ 5.4202276, 47.0582931 ], [ 5.4202737, 47.0571175 ], [ 5.4223513, 47.0576829 ], [ 5.4229662, 47.0579627 ], [ 5.4238954, 47.0565246 ], [ 5.4243952, 47.056061 ], [ 5.4257946, 47.055674 ], [ 5.4234942, 47.0544892 ], [ 5.4224637, 47.0537893 ], [ 5.4223149, 47.0533213 ], [ 5.4224833, 47.05308 ], [ 5.4233484, 47.0524458 ], [ 5.4233237, 47.0523085 ], [ 5.423531, 47.0523158 ], [ 5.4247454, 47.0513905 ], [ 5.4249478, 47.051379 ], [ 5.4257923, 47.0509028 ], [ 5.4292671, 47.0484644 ], [ 5.4350808, 47.0519558 ], [ 5.429188, 47.0572736 ], [ 5.4303022, 47.0602686 ], [ 5.430804, 47.0621009 ], [ 5.4309246, 47.0622029 ], [ 5.4321308, 47.0621766 ], [ 5.4320467, 47.0642285 ], [ 5.4325498, 47.0643341 ], [ 5.432603, 47.0647851 ], [ 5.4336778, 47.066255 ], [ 5.4295084, 47.0675192 ], [ 5.428754, 47.0680394 ], [ 5.4283455, 47.0686569 ], [ 5.4277055, 47.068937 ], [ 5.4276496, 47.0702434 ], [ 5.4273707, 47.0722768 ], [ 5.4275812, 47.0725903 ], [ 5.4297193, 47.0747468 ], [ 5.430535, 47.0752629 ], [ 5.4320783, 47.0752205 ], [ 5.4370799, 47.0748539 ], [ 5.4379221, 47.0745254 ], [ 5.4377871, 47.0748345 ], [ 5.4370735, 47.0762007 ], [ 5.4362113, 47.0774862 ], [ 5.4348402, 47.0772286 ], [ 5.4329731, 47.0780732 ], [ 5.4270594, 47.080272 ], [ 5.4264314, 47.0804392 ], [ 5.4247943, 47.0805997 ], [ 5.4244348, 47.0806991 ], [ 5.4236648, 47.0812863 ], [ 5.4221646, 47.0818249 ], [ 5.41573, 47.0831278 ], [ 5.4137534, 47.0834538 ], [ 5.4129759, 47.0832583 ], [ 5.4116714, 47.0831613 ], [ 5.4110948, 47.083185 ], [ 5.4107813, 47.0835744 ], [ 5.4106324, 47.0842557 ], [ 5.4110854, 47.0859514 ], [ 5.4108567, 47.0862939 ], [ 5.4104406, 47.0876645 ], [ 5.4097997, 47.0884921 ], [ 5.4097888, 47.0893679 ], [ 5.41019, 47.0909682 ], [ 5.4102626, 47.0910865 ], [ 5.4154117, 47.0900629 ], [ 5.4159246, 47.0898243 ], [ 5.4169038, 47.089662399999987 ], [ 5.4173308, 47.0890662 ], [ 5.4193296, 47.0882921 ], [ 5.4199001, 47.0890422 ], [ 5.4211525, 47.0901788 ], [ 5.4214913, 47.0903501 ], [ 5.4222783, 47.090284 ], [ 5.4254762, 47.0897783 ], [ 5.4263694, 47.0914566 ], [ 5.4275836, 47.0911834 ], [ 5.4291087, 47.0910766 ], [ 5.4292252, 47.0917605 ], [ 5.4321358, 47.0915515 ], [ 5.4331652, 47.0913029 ], [ 5.4336459, 47.0912585 ], [ 5.4364896, 47.0917301 ], [ 5.4365337, 47.0924425 ], [ 5.4378443, 47.0922005 ], [ 5.4386894, 47.092543899999988 ], [ 5.4392984, 47.0926517 ], [ 5.4393137, 47.0919416 ], [ 5.44009, 47.0916955 ], [ 5.4411345, 47.0915789 ], [ 5.4419895, 47.0928093 ], [ 5.4428319, 47.0943426 ], [ 5.444538, 47.0943011 ], [ 5.4455841, 47.0941294 ], [ 5.448882, 47.0969573 ], [ 5.4511972, 47.0993132 ], [ 5.4529469, 47.1025737 ], [ 5.4528902, 47.103037 ], [ 5.4534517, 47.1042168 ], [ 5.4533199, 47.1045961 ], [ 5.4533367, 47.1051091 ], [ 5.4543845, 47.1048851 ], [ 5.4549514, 47.1060062 ], [ 5.4544913, 47.1062439 ], [ 5.4555375, 47.1080979 ], [ 5.4543892, 47.1085222 ], [ 5.45432, 47.1089137 ], [ 5.4540876, 47.1091429 ], [ 5.4541398, 47.1093319 ], [ 5.4530542, 47.1098017 ], [ 5.4520625, 47.1104199 ], [ 5.4509515, 47.109749 ], [ 5.4509988, 47.1104416 ], [ 5.4504934, 47.1108162 ], [ 5.4499581, 47.1110869 ], [ 5.4497045, 47.1109059 ], [ 5.4491705, 47.1111739 ], [ 5.4493651, 47.1114499 ], [ 5.4487932, 47.1117277 ], [ 5.4493496, 47.1127356 ], [ 5.4496799, 47.1131213 ], [ 5.4466721, 47.1142956 ], [ 5.4463406, 47.1142594 ], [ 5.4461049, 47.1138329 ], [ 5.4422957, 47.1151735 ], [ 5.4430674, 47.1159553 ], [ 5.4442955, 47.1176633 ], [ 5.4452717, 47.1186451 ], [ 5.4465614, 47.1175811 ], [ 5.4476656, 47.1170245 ], [ 5.449478, 47.1155305 ], [ 5.4497247, 47.1151821 ], [ 5.4518828, 47.1141249 ], [ 5.4525891, 47.11596 ], [ 5.4540359, 47.1154807 ], [ 5.4550875, 47.1147856 ], [ 5.4559372, 47.1153935 ], [ 5.4558272, 47.1155283 ], [ 5.4559254, 47.1158297 ], [ 5.4564138, 47.1162679 ], [ 5.4581067, 47.1194494 ], [ 5.4583131, 47.1203566 ], [ 5.4597539, 47.1199494 ], [ 5.4599175, 47.1195721 ], [ 5.4607918, 47.1196166 ], [ 5.4606192, 47.1191023 ], [ 5.4602706, 47.1186648 ], [ 5.4602284, 47.1182892 ], [ 5.4603455, 47.1179921 ], [ 5.4621066, 47.1175484 ], [ 5.4626855, 47.1162417 ], [ 5.4630957, 47.1156592 ], [ 5.4635976, 47.1160467 ], [ 5.4641004, 47.1168835 ], [ 5.4674481, 47.1238307 ], [ 5.4697426, 47.1231017 ], [ 5.4703433, 47.1230781 ], [ 5.4731291, 47.1224447 ], [ 5.47392, 47.1221954 ], [ 5.4748277, 47.1245459 ], [ 5.473161, 47.1263605 ], [ 5.4727228, 47.1269617 ], [ 5.4734174, 47.127662 ], [ 5.4739388, 47.1280075 ], [ 5.4751296, 47.1285045 ], [ 5.4755402, 47.1289371 ], [ 5.4749692, 47.1298392 ], [ 5.4745017, 47.1311265 ], [ 5.4743341, 47.134316 ], [ 5.4736741, 47.1353497 ], [ 5.4733824, 47.1363855 ], [ 5.4688627, 47.1363857 ], [ 5.4672184, 47.1361929 ], [ 5.4659931, 47.1359551 ], [ 5.4641493, 47.1358142 ], [ 5.4640971, 47.1359712 ], [ 5.4633427, 47.1365052 ], [ 5.4615102, 47.1382592 ], [ 5.4609652, 47.1367035 ], [ 5.4599595, 47.1370248 ], [ 5.4582956, 47.1379357 ], [ 5.4585054, 47.1382798 ], [ 5.4573372, 47.1386001 ], [ 5.4563198, 47.1386649 ], [ 5.4563213, 47.1380038 ], [ 5.454792, 47.1354097 ], [ 5.4548341, 47.1346828 ], [ 5.4554112, 47.1335888 ], [ 5.4483162, 47.1318656 ], [ 5.4452171, 47.1312845 ], [ 5.4417748, 47.130787 ], [ 5.4365957, 47.133149 ], [ 5.4302928, 47.136329599999989 ], [ 5.4289249, 47.1371122 ], [ 5.4282249, 47.136664 ], [ 5.4274686, 47.1363141 ], [ 5.4247508, 47.1372521 ], [ 5.4228647, 47.1363755 ], [ 5.4221162, 47.135612099999989 ], [ 5.420552, 47.1352287 ], [ 5.4195309, 47.1345052 ], [ 5.4187468, 47.1343567 ], [ 5.417671, 47.1339153 ], [ 5.4166634, 47.1331393 ], [ 5.4160727, 47.1324761 ], [ 5.4150308, 47.1328176 ], [ 5.4146357, 47.1330429 ], [ 5.4142853, 47.132910599999988 ], [ 5.4142625, 47.1326679 ], [ 5.4145015, 47.1326098 ], [ 5.4151211, 47.132004099999989 ], [ 5.4151452, 47.1314236 ], [ 5.4153818, 47.1306665 ], [ 5.4151769, 47.130306 ], [ 5.4137441, 47.1289614 ], [ 5.4133203, 47.128810799999989 ], [ 5.4112023, 47.1285236 ], [ 5.4104645, 47.1279616 ], [ 5.4085091, 47.1268494 ], [ 5.4085505, 47.1264774 ], [ 5.4088978, 47.1255956 ], [ 5.4088665, 47.1248378 ], [ 5.4091435, 47.1239494 ], [ 5.4091312, 47.12273 ], [ 5.4088222, 47.1204234 ], [ 5.4111542, 47.1199875 ], [ 5.4122607, 47.1200608 ], [ 5.411851, 47.119311 ], [ 5.4117985, 47.1182258 ], [ 5.4116426, 47.1180156 ], [ 5.4114081, 47.1180817 ], [ 5.4111353, 47.1175893 ], [ 5.4108973, 47.1148065 ], [ 5.4098739, 47.1134587 ], [ 5.4081066, 47.1124129 ], [ 5.4065665, 47.1109263 ], [ 5.4063202, 47.1108774 ], [ 5.405311, 47.1103463 ], [ 5.4034929, 47.1098725 ], [ 5.4026124, 47.109445799999989 ], [ 5.4021225, 47.1089633 ], [ 5.4016127, 47.1081218 ], [ 5.4012686, 47.1078605 ] ] ] ] } },
{ "type": "Feature", "properties": { "code_departement": 39.0, "code_rne": "0390016F", "multisecteur": 0.0 }, "geometry": { "type": "MultiPolygon", "coordinates": [ [ [ [ 5.6451364, 47.0745587 ], [ 5.7872713, 47.1064331 ], [ 5.7878599, 47.1057973 ], [ 5.7900578, 47.1023507 ], [ 5.7904192, 47.1021447 ], [ 5.7904932, 47.1027338 ], [ 5.7912158, 47.1047379 ], [ 5.7918634, 47.105574499999989 ], [ 5.7928031, 47.1064968 ], [ 5.7958586, 47.1092364 ], [ 5.7963414, 47.1096157 ], [ 5.8002162, 47.1098823 ], [ 5.8008896, 47.1095353 ], [ 5.8011554, 47.1095721 ], [ 5.8013218, 47.1101077 ], [ 5.8021493, 47.1106678 ], [ 5.8030185, 47.1118774 ], [ 5.8039482, 47.11278 ], [ 5.8044333, 47.1133781 ], [ 5.8049219, 47.1149311 ], [ 5.8050765, 47.1151877 ], [ 5.8056388, 47.1156731 ], [ 5.8047417, 47.1160823 ], [ 5.8047021, 47.1164886 ], [ 5.8054726, 47.1193744 ], [ 5.8059883, 47.1200519 ], [ 5.8085934, 47.12253 ], [ 5.8101589, 47.1252901 ], [ 5.8114661, 47.1270709 ], [ 5.8146479, 47.1319591 ], [ 5.8151375, 47.132967 ], [ 5.815608, 47.1335825 ], [ 5.8162048, 47.1340896 ], [ 5.8163053, 47.1342952 ], [ 5.8166399, 47.1344339 ], [ 5.8208968, 47.1384553 ], [ 5.8212479, 47.1386809 ], [ 5.823417, 47.1395604 ], [ 5.8281943, 47.1412049 ], [ 5.8277068, 47.1419276 ], [ 5.8270464, 47.1426023 ], [ 5.8262703, 47.1422816 ], [ 5.8257109, 47.1421386 ], [ 5.8234124, 47.1418406 ], [ 5.820975, 47.1439307 ], [ 5.8205951, 47.1441147 ], [ 5.8173472, 47.147273 ], [ 5.8148263, 47.1487875 ], [ 5.8139279, 47.1494354 ], [ 5.8133521, 47.1499647 ], [ 5.8139484, 47.1502304 ], [ 5.8143908, 47.1505601 ], [ 5.8154133, 47.1517037 ], [ 5.8161964, 47.1522089 ], [ 5.8146945, 47.1529337 ], [ 5.8120636, 47.1546229 ], [ 5.8115492, 47.1558993 ], [ 5.810229, 47.1572511 ], [ 5.8117506, 47.1578601 ], [ 5.8113978, 47.1583632 ], [ 5.8107203, 47.158995 ], [ 5.8097587, 47.159677699999989 ], [ 5.8088243, 47.1601977 ], [ 5.8100677, 47.161826 ], [ 5.8108618, 47.1633003 ], [ 5.8126556, 47.1635027 ], [ 5.8127986, 47.1636623 ], [ 5.8129608, 47.1644403 ], [ 5.8110872, 47.1647065 ], [ 5.8109607, 47.1656744 ], [ 5.811416, 47.168574 ], [ 5.8118351, 47.1688341 ], [ 5.8102022, 47.1699944 ], [ 5.807463, 47.1713734 ], [ 5.8065252, 47.1717574 ], [ 5.8055679, 47.1720437 ], [ 5.8046495, 47.1722668 ], [ 5.7984429, 47.1729999 ], [ 5.7976208, 47.1731711 ], [ 5.7959804, 47.1733558 ], [ 5.795254, 47.1736391 ], [ 5.7944539, 47.1742854 ], [ 5.793901, 47.1746023 ], [ 5.7931742, 47.1748532 ], [ 5.791734, 47.173958299999988 ], [ 5.7905921, 47.1735173 ], [ 5.7881085, 47.1730592 ], [ 5.7877553, 47.1727686 ], [ 5.7858294, 47.1715989 ], [ 5.7850978, 47.1706336 ], [ 5.7836127, 47.1723386 ], [ 5.7872753, 47.1737288 ], [ 5.7883401, 47.1743923 ], [ 5.7880845, 47.1746858 ], [ 5.7873907, 47.1763403 ], [ 5.7869758, 47.1761854 ], [ 5.7869491, 47.1763329 ], [ 5.7861536, 47.1773511 ], [ 5.7851072, 47.1781672 ], [ 5.787515, 47.1802965 ], [ 5.786856, 47.1803277 ], [ 5.7852101, 47.1806159 ], [ 5.7847064, 47.1809415 ], [ 5.7843088, 47.1816339 ], [ 5.7836342, 47.1818231 ], [ 5.7850276, 47.183600299999988 ], [ 5.7858837, 47.1831635 ], [ 5.7871202, 47.1845868 ], [ 5.784663, 47.185899 ], [ 5.7860398, 47.1879387 ], [ 5.7848297, 47.1885074 ], [ 5.7851731, 47.1888874 ], [ 5.7828953, 47.1896097 ], [ 5.7796962, 47.1903307 ], [ 5.7781811, 47.1907517 ], [ 5.780365, 47.1928135 ], [ 5.7769458, 47.1931649 ], [ 5.7698369, 47.1934172 ], [ 5.76987, 47.1940091 ], [ 5.7694565, 47.1940631 ], [ 5.7678004, 47.1940613 ], [ 5.7649036, 47.1937026 ], [ 5.7614607, 47.193492 ], [ 5.761186, 47.1942679 ], [ 5.7603833, 47.194078 ], [ 5.7596316, 47.1945725 ], [ 5.7589174, 47.1953092 ], [ 5.7567618, 47.1967019 ], [ 5.7595188, 47.1983766 ], [ 5.7577176, 47.2002644 ], [ 5.7595054, 47.201492 ], [ 5.760761, 47.2022368 ], [ 5.7566566, 47.204656 ], [ 5.7539491, 47.206352699999989 ], [ 5.7530598, 47.2055063 ], [ 5.7513455, 47.2046048 ], [ 5.7475842, 47.203142899999989 ], [ 5.7444213, 47.2020306 ], [ 5.7423102, 47.201611299999989 ], [ 5.7389739, 47.2012173 ], [ 5.7380405, 47.2013159 ], [ 5.7376297, 47.201477 ], [ 5.7385705, 47.2019907 ], [ 5.7389478, 47.2023151 ], [ 5.7391359, 47.2026341 ], [ 5.7391628, 47.2029541 ], [ 5.7390752, 47.2038039 ], [ 5.7385812, 47.2051875 ], [ 5.7387243, 47.2058957 ], [ 5.7382757, 47.2072098 ], [ 5.7374699, 47.208935 ], [ 5.7359904, 47.2095276 ], [ 5.7346459, 47.2108772 ], [ 5.7342531, 47.2110558 ], [ 5.7336483, 47.2111728 ], [ 5.7330556, 47.2110346 ], [ 5.73207, 47.2125559 ], [ 5.7313982, 47.2132545 ], [ 5.7319276, 47.2133429 ], [ 5.7319016, 47.2134048 ], [ 5.7304311, 47.215271699999988 ], [ 5.7293618, 47.2162401 ], [ 5.7280731, 47.2171325 ], [ 5.7267234, 47.2176588 ], [ 5.7232794, 47.2183938 ], [ 5.7219972, 47.2189473 ], [ 5.7206031, 47.2196953 ], [ 5.7201414, 47.2198205 ], [ 5.7206481, 47.2206887 ], [ 5.7208228, 47.2212926 ], [ 5.7208712, 47.222197699999988 ], [ 5.7207107, 47.2228672 ], [ 5.7205711, 47.2230605 ], [ 5.722393, 47.2234222 ], [ 5.7228509, 47.2249194 ], [ 5.7228843, 47.225578 ], [ 5.7226697, 47.226588299999989 ], [ 5.7221228, 47.2264426 ], [ 5.7217285, 47.2277193 ], [ 5.7214747, 47.2293918 ], [ 5.7211161, 47.2305118 ], [ 5.7214541, 47.2305525 ], [ 5.7209914, 47.2313398 ], [ 5.720343, 47.2313073 ], [ 5.7195879, 47.2323006 ], [ 5.7194219, 47.2323396 ], [ 5.717468, 47.2321449 ], [ 5.716419, 47.2342585 ], [ 5.7161055, 47.2344928 ], [ 5.714621, 47.2351104 ], [ 5.7138556, 47.2360607 ], [ 5.7102982, 47.234545 ], [ 5.7085215, 47.2338785 ], [ 5.7075298, 47.234671 ], [ 5.7071314, 47.234638 ], [ 5.7069912, 47.234507 ], [ 5.7073846, 47.2334151 ], [ 5.7053063, 47.2334555 ], [ 5.7034407, 47.2336234 ], [ 5.7027027, 47.2335964 ], [ 5.7013475, 47.2330506 ], [ 5.6993887, 47.2323882 ], [ 5.696567, 47.2316594 ], [ 5.6955663, 47.2315089 ], [ 5.6952254, 47.2316735 ], [ 5.6946934, 47.2316652 ], [ 5.6938995, 47.2312873 ], [ 5.6928593, 47.2305071 ], [ 5.6920428, 47.2301261 ], [ 5.6915087, 47.2300511 ], [ 5.6880435, 47.2299883 ], [ 5.687554, 47.2303024 ], [ 5.6873819, 47.230509 ], [ 5.6871667, 47.2305167 ], [ 5.6865762, 47.23127 ], [ 5.6861082, 47.2315646 ], [ 5.6852161, 47.2324221 ], [ 5.6850689, 47.2327597 ], [ 5.6844821, 47.2332164 ], [ 5.6842432, 47.2332787 ], [ 5.6836373, 47.2331162 ], [ 5.6817366, 47.2323162 ], [ 5.6769465, 47.2309857 ], [ 5.6765023, 47.2315986 ], [ 5.6763573, 47.2320064 ], [ 5.6746048, 47.2312046 ], [ 5.6745374, 47.2309125 ], [ 5.6749835, 47.2289547 ], [ 5.6753962, 47.2281327 ], [ 5.6755036, 47.2274753 ], [ 5.6754364, 47.227294 ], [ 5.6765875, 47.2256604 ], [ 5.6734014, 47.2247692 ], [ 5.6724727, 47.224706 ], [ 5.6716238, 47.2248652 ], [ 5.6687154, 47.2251178 ], [ 5.6673757, 47.2251675 ], [ 5.6656838, 47.2249921 ], [ 5.6635234, 47.2245698 ], [ 5.6624639, 47.2240014 ], [ 5.6619292, 47.2236173 ], [ 5.6618824, 47.2229915 ], [ 5.661451, 47.2227978 ], [ 5.6613821, 47.2226093 ], [ 5.6615119, 47.2222118 ], [ 5.6613502, 47.2219903 ], [ 5.6613447, 47.2215581 ], [ 5.6611446, 47.2211483 ], [ 5.6617806, 47.2208554 ], [ 5.6620334, 47.2206469 ], [ 5.6621486, 47.2201164 ], [ 5.6620004, 47.2199531 ], [ 5.6610543, 47.2199659 ], [ 5.6610833, 47.2197238 ], [ 5.6604144, 47.2189762 ], [ 5.6596742, 47.2184996 ], [ 5.6599758, 47.21829 ], [ 5.6599915, 47.2180455 ], [ 5.6596184, 47.2175325 ], [ 5.6595808, 47.2173064 ], [ 5.6585869, 47.2160816 ], [ 5.6578959, 47.2155831 ], [ 5.6572836, 47.2152855 ], [ 5.6562498, 47.2145093 ], [ 5.6559019, 47.2143714 ], [ 5.6547031, 47.2139737 ], [ 5.6541383, 47.214156 ], [ 5.6536707, 47.2138415 ], [ 5.6536072, 47.2135457 ], [ 5.6522018, 47.2135707 ], [ 5.6514201, 47.2134282 ], [ 5.6471644, 47.2124041 ], [ 5.6460463, 47.2120072 ], [ 5.6451808, 47.2118801 ], [ 5.6438821, 47.2117602 ], [ 5.6423275, 47.2119227 ], [ 5.6414164, 47.2111085 ], [ 5.64097, 47.2108475 ], [ 5.6405353, 47.211015 ], [ 5.6396961, 47.2100496 ], [ 5.6396999, 47.2098027 ], [ 5.6390843, 47.2094609 ], [ 5.6385188, 47.2088469 ], [ 5.6349875, 47.2040856 ], [ 5.6338701, 47.2031292 ], [ 5.6340752, 47.2028119 ], [ 5.6338595, 47.2026709 ], [ 5.6338682, 47.2025239 ], [ 5.634068, 47.2024212 ], [ 5.6326723, 47.2010162 ], [ 5.6335476, 47.2004576 ], [ 5.6320341, 47.2000209 ], [ 5.630294, 47.1994101 ], [ 5.6290445, 47.1994529 ], [ 5.627944, 47.1991103 ], [ 5.627489, 47.1992107 ], [ 5.6267289, 47.198719 ], [ 5.62476, 47.1978052 ], [ 5.6225634, 47.1970425 ], [ 5.6223828, 47.196863699999987 ], [ 5.621666, 47.1965539 ], [ 5.621573, 47.1960561 ], [ 5.6213367, 47.1960074 ], [ 5.6215368, 47.195611 ], [ 5.620393, 47.1943488 ], [ 5.6201729, 47.1943619 ], [ 5.6198659, 47.1941896 ], [ 5.6208577, 47.1942041 ], [ 5.6220008, 47.1941232 ], [ 5.6270969, 47.1936708 ], [ 5.6282308, 47.1934019 ], [ 5.6300721, 47.192789 ], [ 5.6303662, 47.1925616 ], [ 5.6311082, 47.1922772 ], [ 5.6313564, 47.1919203 ], [ 5.6314242, 47.1913612 ], [ 5.631714, 47.1914519 ], [ 5.6340403, 47.1893308 ], [ 5.6348237, 47.1887599 ], [ 5.6367718, 47.1870698 ], [ 5.6383196, 47.1859212 ], [ 5.6420934, 47.1834481 ], [ 5.6406313, 47.1824617 ], [ 5.6408565, 47.1823134 ], [ 5.6396251, 47.1815037 ], [ 5.6380438, 47.1802687 ], [ 5.6367036, 47.1780996 ], [ 5.6368977, 47.1776943 ], [ 5.6365287, 47.1769019 ], [ 5.635775, 47.1762687 ], [ 5.6349831, 47.1759588 ], [ 5.6343415, 47.1762121 ], [ 5.6337317, 47.1763314 ], [ 5.6308044, 47.17628 ], [ 5.6341575, 47.1739103 ], [ 5.6319998, 47.1724938 ], [ 5.6322903, 47.172168299999989 ], [ 5.634001, 47.1710359 ], [ 5.6347664, 47.1700762 ], [ 5.6349532, 47.1692234 ], [ 5.6360246, 47.1687414 ], [ 5.6358334, 47.1685323 ], [ 5.63519, 47.1682866 ], [ 5.6345512, 47.167731 ], [ 5.6337743, 47.1677252 ], [ 5.6331832, 47.1673342 ], [ 5.6323368, 47.166204099999987 ], [ 5.6322783, 47.1659271 ], [ 5.6348655, 47.1658934 ], [ 5.6381394, 47.1660476 ], [ 5.6422223, 47.1660518 ], [ 5.6449609, 47.1664396 ], [ 5.6473747, 47.1669087 ], [ 5.6474598, 47.1667599 ], [ 5.6481006, 47.1668984 ], [ 5.6470991, 47.1683698 ], [ 5.6474235, 47.1685723 ], [ 5.6478141, 47.1692912 ], [ 5.6480805, 47.1695238 ], [ 5.6482671, 47.1694772 ], [ 5.6505324, 47.1702811 ], [ 5.6504656, 47.1708276 ], [ 5.6502533, 47.1710775 ], [ 5.649811, 47.1712695 ], [ 5.6501, 47.1716935 ], [ 5.6503935, 47.171912 ], [ 5.6512885, 47.1722212 ], [ 5.6517445, 47.1721999 ], [ 5.652854, 47.1717691 ], [ 5.653985, 47.1716675 ], [ 5.6548318, 47.1718832 ], [ 5.6554862, 47.1722141 ], [ 5.6565709, 47.1725928 ], [ 5.657087, 47.1718612 ], [ 5.6589012, 47.1702134 ], [ 5.666534, 47.1728898 ], [ 5.6745297, 47.1755672 ], [ 5.6755339, 47.1739766 ], [ 5.6618292, 47.167559 ], [ 5.6622553, 47.1655999 ], [ 5.6630401, 47.1642964 ], [ 5.6631795, 47.1630294 ], [ 5.6626323, 47.1624321 ], [ 5.6616436, 47.1626296 ], [ 5.6608298, 47.1610756 ], [ 5.6593605, 47.1590303 ], [ 5.659701, 47.1588666 ], [ 5.6598588, 47.1575685 ], [ 5.6589201, 47.1563975 ], [ 5.658653, 47.1563369 ], [ 5.6553838, 47.1539924 ], [ 5.6551273, 47.1540938 ], [ 5.6540011, 47.1533477 ], [ 5.6541401, 47.1528454 ], [ 5.6526346, 47.1521458 ], [ 5.6487815, 47.151154 ], [ 5.6486584, 47.1513091 ], [ 5.645731, 47.1512833 ], [ 5.6457871, 47.1505712 ], [ 5.6461571, 47.1500385 ], [ 5.6464051, 47.1492293 ], [ 5.6456646, 47.1489913 ], [ 5.6450505, 47.1481568 ], [ 5.6442025, 47.1476384 ], [ 5.6434902, 47.1466575 ], [ 5.6430316, 47.1457348 ], [ 5.6419393, 47.1455111 ], [ 5.6403232, 47.1449184 ], [ 5.6381186, 47.14433 ], [ 5.6355817, 47.143968 ], [ 5.634508, 47.1433673 ], [ 5.6338882, 47.142868 ], [ 5.6338324, 47.142808 ], [ 5.6350134, 47.1426334 ], [ 5.6353989, 47.1413644 ], [ 5.635241, 47.141241 ], [ 5.6352467, 47.1407103 ], [ 5.6362356, 47.1392014 ], [ 5.6364179, 47.1381523 ], [ 5.6363914, 47.1372323 ], [ 5.6360892, 47.1367762 ], [ 5.6355032, 47.136238299999988 ], [ 5.6349488, 47.1360779 ], [ 5.6343964, 47.1361725 ], [ 5.6336688, 47.1363584 ], [ 5.6327423, 47.1367119 ], [ 5.6318187, 47.1360744 ], [ 5.6296288, 47.1362927 ], [ 5.6296466, 47.1359545 ], [ 5.6293878, 47.135466699999988 ], [ 5.6269293, 47.1349398 ], [ 5.6324836, 47.1171317 ], [ 5.6399964, 47.0920881 ], [ 5.6451364, 47.0745587 ] ] ] ] } },
{ "type": "Feature", "properties": { "code_departement": 39.0, "code_rne": "0390022M", "multisecteur": 0.0 }, "geometry": { "type": "MultiPolygon", "coordinates": [ [ [ [ 5.7009358, 46.714255 ], [ 5.7058232, 46.7192665 ], [ 5.7079441, 46.7189028 ], [ 5.7082139, 46.7184811 ], [ 5.7089584, 46.7177824 ], [ 5.7097837, 46.716707 ], [ 5.7103013, 46.716657 ], [ 5.7121723, 46.7162461 ], [ 5.7337365, 46.7148713 ], [ 5.734779, 46.7148942 ], [ 5.7245831, 46.7262292 ], [ 5.7222407, 46.7287128 ], [ 5.7218704, 46.7292459 ], [ 5.7216101, 46.7292287 ], [ 5.7213328, 46.7298137 ], [ 5.720241, 46.7300927 ], [ 5.7203043, 46.7303372 ], [ 5.719916, 46.7304058 ], [ 5.7199596, 46.7328193 ], [ 5.7201493, 46.7333094 ], [ 5.7200716, 46.7335626 ], [ 5.7202084, 46.7337567 ], [ 5.7199362, 46.7341812 ], [ 5.7203532, 46.7349993 ], [ 5.7204515, 46.7376917 ], [ 5.7207665, 46.7386951 ], [ 5.7207454, 46.7394487 ], [ 5.7209063, 46.7402531 ], [ 5.7200278, 46.7402703 ], [ 5.7194336, 46.7407042 ], [ 5.7175413, 46.741230099999989 ], [ 5.7171235, 46.7416013 ], [ 5.7134667, 46.7432175 ], [ 5.7088554, 46.7448841 ], [ 5.7080315, 46.7453667 ], [ 5.7068856, 46.7464351 ], [ 5.7067381, 46.7468134 ], [ 5.7067352, 46.7479378 ], [ 5.7068574, 46.748076399999988 ], [ 5.707193, 46.7480775 ], [ 5.7073875, 46.7486648 ], [ 5.7072005, 46.7488053 ], [ 5.7065228, 46.7503285 ], [ 5.7066217, 46.7515488 ], [ 5.7058969, 46.7517343 ], [ 5.7050127, 46.7518506 ], [ 5.7036939, 46.7528205 ], [ 5.7017678, 46.7537298 ], [ 5.7016343, 46.7538924 ], [ 5.7017691, 46.7543352 ], [ 5.7024379, 46.7550789 ], [ 5.7013187, 46.7554521 ], [ 5.7000965, 46.7561016 ], [ 5.698457, 46.7565573 ], [ 5.698837, 46.7574754 ], [ 5.6971163, 46.7580131 ], [ 5.6968546, 46.7583391 ], [ 5.6961223, 46.7580599 ], [ 5.6959158, 46.7585476 ], [ 5.6951553, 46.7589664 ], [ 5.6945002, 46.7589746 ], [ 5.6942039, 46.7591049 ], [ 5.6935873, 46.7590437 ], [ 5.6933963, 46.7596851 ], [ 5.6939317, 46.7619123 ], [ 5.6941926, 46.762308 ], [ 5.6950348, 46.762793599999988 ], [ 5.6949574, 46.7634802 ], [ 5.6950409, 46.7650287 ], [ 5.6949347, 46.7653186 ], [ 5.694614, 46.7656973 ], [ 5.6957268, 46.7674055 ], [ 5.6954982, 46.7687955 ], [ 5.6952, 46.7687305 ], [ 5.6945176, 46.7698798 ], [ 5.6943652, 46.770322199999988 ], [ 5.6940703, 46.7703264 ], [ 5.6936846, 46.7717994 ], [ 5.6933811, 46.7718137 ], [ 5.6931768, 46.7731663 ], [ 5.6933307, 46.7734933 ], [ 5.6933049, 46.7736849 ], [ 5.6904164, 46.7748553 ], [ 5.6891725, 46.7754737 ], [ 5.688936, 46.775754899999988 ], [ 5.6878708, 46.7759852 ], [ 5.6896372, 46.7763556 ], [ 5.6867082, 46.7785377 ], [ 5.6819105, 46.7804345 ], [ 5.6805461, 46.7807961 ], [ 5.6777824, 46.7825677 ], [ 5.6770752, 46.7831977 ], [ 5.6770953, 46.7835793 ], [ 5.6760246, 46.7842862 ], [ 5.6714917, 46.7852926 ], [ 5.6701108, 46.7848976 ], [ 5.6695994, 46.7848996 ], [ 5.6686365, 46.7852157 ], [ 5.6697107, 46.7865736 ], [ 5.6701735, 46.7867295 ], [ 5.6700814, 46.786938 ], [ 5.667743, 46.787395 ], [ 5.6665436, 46.7872751 ], [ 5.6658165, 46.787346 ], [ 5.6652456, 46.7863782 ], [ 5.6651009, 46.7867176 ], [ 5.6647468, 46.786905 ], [ 5.6645787, 46.7868189 ], [ 5.6639954, 46.7867468 ], [ 5.664004, 46.7868682 ], [ 5.6627966, 46.7872548 ], [ 5.6624154, 46.7869167 ], [ 5.6619277, 46.7868686 ], [ 5.6608704, 46.787266 ], [ 5.6602025, 46.7873121 ], [ 5.6597505, 46.7874307 ], [ 5.6592008, 46.7876678 ], [ 5.6576449, 46.7887056 ], [ 5.6557386, 46.7895785 ], [ 5.6551584, 46.7895955 ], [ 5.653463, 46.7905463 ], [ 5.6532547, 46.7909007 ], [ 5.6530997, 46.7915385 ], [ 5.6526159, 46.7921326 ], [ 5.652308, 46.7929451 ], [ 5.6510875, 46.7940048 ], [ 5.6505965, 46.7940242 ], [ 5.6506028, 46.794261 ], [ 5.6508494, 46.7943949 ], [ 5.6501632, 46.7949549 ], [ 5.6498889, 46.7950315 ], [ 5.6490456, 46.7950356 ], [ 5.6484227, 46.7949058 ], [ 5.6476722, 46.7945529 ], [ 5.6474072, 46.7946608 ], [ 5.6473438, 46.7949469 ], [ 5.647104, 46.7950596 ], [ 5.6464809, 46.7951677 ], [ 5.6460409, 46.7950742 ], [ 5.6456944, 46.7958498 ], [ 5.644662, 46.796469 ], [ 5.644834, 46.7971443 ], [ 5.6447416, 46.7977501 ], [ 5.6449736, 46.7983393 ], [ 5.6454973, 46.7989885 ], [ 5.6456634, 46.7995424 ], [ 5.6452993, 46.800094 ], [ 5.6438307, 46.8018016 ], [ 5.6434769, 46.8027791 ], [ 5.6434467, 46.8042312 ], [ 5.6444291, 46.8060554 ], [ 5.6446975, 46.8063393 ], [ 5.6446462, 46.8065504 ], [ 5.6443243, 46.8066497 ], [ 5.6438526, 46.8060164 ], [ 5.6435006, 46.8053101 ], [ 5.6416782, 46.804207 ], [ 5.6410744, 46.8034479 ], [ 5.6405451, 46.8032195 ], [ 5.6404057, 46.8026209 ], [ 5.6396907, 46.8016508 ], [ 5.6392355, 46.8006289 ], [ 5.6392581, 46.7999346 ], [ 5.6391009, 46.7995076 ], [ 5.638072, 46.7987718 ], [ 5.637426, 46.7978443 ], [ 5.636981, 46.797568 ], [ 5.6345811, 46.7968276 ], [ 5.6258528, 46.7935363 ], [ 5.6250876, 46.7933376 ], [ 5.6240987, 46.7932314 ], [ 5.6230359, 46.793416 ], [ 5.6180773, 46.7935191 ], [ 5.6147949, 46.7940263 ], [ 5.6114357, 46.7950108 ], [ 5.6090459, 46.7953425 ], [ 5.6086717, 46.7957717 ], [ 5.6080986, 46.7953099 ], [ 5.6060349, 46.7940225 ], [ 5.6058515, 46.7941366 ], [ 5.6045098, 46.7935121 ], [ 5.6042268, 46.7930554 ], [ 5.6038243, 46.7927042 ], [ 5.6035655, 46.792203799999989 ], [ 5.6030929, 46.7920866 ], [ 5.6025161, 46.7920951 ], [ 5.6019989, 46.7920032 ], [ 5.6016636, 46.7915496 ], [ 5.6021743, 46.7910957 ], [ 5.6000995, 46.7898418 ], [ 5.5994462, 46.7902232 ], [ 5.5992394, 46.7904783 ], [ 5.5985261, 46.7899629 ], [ 5.5967801, 46.7907798 ], [ 5.5962794, 46.7911704 ], [ 5.5957913, 46.7917706 ], [ 5.5944402, 46.7924002 ], [ 5.5944625, 46.7928934 ], [ 5.5942977, 46.7932034 ], [ 5.5930988, 46.7941917 ], [ 5.5918203, 46.7949133 ], [ 5.5907953, 46.7959734 ], [ 5.5894351, 46.7967166 ], [ 5.5890127, 46.7970739 ], [ 5.5886699, 46.7976698 ], [ 5.5885804, 46.7982403 ], [ 5.5883801, 46.7986331 ], [ 5.5876771, 46.799103 ], [ 5.5878666, 46.7996383 ], [ 5.5877276, 46.8002991 ], [ 5.5871212, 46.8004569 ], [ 5.5866716, 46.8004652 ], [ 5.5864253, 46.8003347 ], [ 5.5859729, 46.8002845 ], [ 5.5837378, 46.7996303 ], [ 5.5833396, 46.8011032 ], [ 5.5838158, 46.8014051 ], [ 5.5839692, 46.8017602 ], [ 5.583786, 46.8019904 ], [ 5.5816694, 46.8028893 ], [ 5.581194, 46.8032099 ], [ 5.5799176, 46.8036268 ], [ 5.5795413, 46.8037407 ], [ 5.5790429, 46.803441 ], [ 5.5763387, 46.801145 ], [ 5.575193, 46.7999212 ], [ 5.5746715, 46.7995202 ], [ 5.5747849, 46.7992835 ], [ 5.5742429, 46.7986164 ], [ 5.5752608, 46.7983107 ], [ 5.5774614, 46.7967254 ], [ 5.5757165, 46.7945384 ], [ 5.5754774, 46.7936745 ], [ 5.5747748, 46.7930506 ], [ 5.5750778, 46.7930213 ], [ 5.5743048, 46.7918819 ], [ 5.5748513, 46.7918444 ], [ 5.5755744, 46.7927065 ], [ 5.5757993, 46.7927474 ], [ 5.5756335, 46.7919079 ], [ 5.5746411, 46.7902897 ], [ 5.574654, 46.7897876 ], [ 5.5735298, 46.788239 ], [ 5.5733554, 46.7876024 ], [ 5.5735182, 46.7871095 ], [ 5.5736445, 46.7871166 ], [ 5.572985, 46.7863756 ], [ 5.572752, 46.7864402 ], [ 5.57252, 46.7857247 ], [ 5.5721915, 46.7858492 ], [ 5.5717861, 46.7853493 ], [ 5.5719656, 46.7852633 ], [ 5.5725803, 46.785227 ], [ 5.5715304, 46.783719 ], [ 5.5704974, 46.7826485 ], [ 5.5706122, 46.782581 ], [ 5.5692847, 46.7813009 ], [ 5.5695088, 46.7811589 ], [ 5.5694744, 46.7808759 ], [ 5.5687707, 46.7800854 ], [ 5.5685922, 46.7801641 ], [ 5.5682029, 46.7793368 ], [ 5.5663752, 46.7772678 ], [ 5.5661006, 46.7759533 ], [ 5.5659101, 46.7757782 ], [ 5.5658609, 46.7745172 ], [ 5.5652038, 46.7746796 ], [ 5.5650587, 46.7743577 ], [ 5.5651293, 46.7741597 ], [ 5.5656872, 46.7739779 ], [ 5.5663813, 46.7738777 ], [ 5.5666921, 46.7737392 ], [ 5.5677312, 46.7735304 ], [ 5.568626, 46.7733753 ], [ 5.5688804, 46.7734047 ], [ 5.5706297, 46.7729359 ], [ 5.5707706, 46.7726165 ], [ 5.5722068, 46.7727366 ], [ 5.5722813, 46.7724557 ], [ 5.5728321, 46.772347 ], [ 5.5726228, 46.7718048 ], [ 5.5721995, 46.7711999 ], [ 5.573247, 46.77128 ], [ 5.5744404, 46.7710929 ], [ 5.5742736, 46.7704796 ], [ 5.5730272, 46.7704625 ], [ 5.5722422, 46.7702773 ], [ 5.571922, 46.7695251 ], [ 5.5722635, 46.7694544 ], [ 5.5693802, 46.7632515 ], [ 5.5704226, 46.7634489 ], [ 5.5699509, 46.7583361 ], [ 5.5694208, 46.7588498 ], [ 5.5690316, 46.7590477 ], [ 5.5696691, 46.757865 ], [ 5.56977, 46.7573672 ], [ 5.5694823, 46.7569097 ], [ 5.5684116, 46.7562796 ], [ 5.5668349, 46.7541501 ], [ 5.567522, 46.753741 ], [ 5.5668799, 46.7528563 ], [ 5.5661319, 46.7521181 ], [ 5.566216, 46.7518721 ], [ 5.5651944, 46.7510841 ], [ 5.5641951, 46.7505452 ], [ 5.5643971, 46.7503551 ], [ 5.5641065, 46.7501688 ], [ 5.5649782, 46.749534 ], [ 5.5643881, 46.7480851 ], [ 5.563395, 46.7472883 ], [ 5.5629865, 46.7472416 ], [ 5.5628136, 46.747132 ], [ 5.5627923, 46.7469577 ], [ 5.5625333, 46.7469688 ], [ 5.5624365, 46.7466953 ], [ 5.5621918, 46.7468143 ], [ 5.5619037, 46.7465685 ], [ 5.5617213, 46.745869899999988 ], [ 5.5617338, 46.7456633 ], [ 5.5619763, 46.7453597 ], [ 5.5618668, 46.7449 ], [ 5.5614658, 46.7444558 ], [ 5.5611964, 46.7443285 ], [ 5.5609868, 46.7441088 ], [ 5.5608824, 46.7436463 ], [ 5.5610186, 46.7430892 ], [ 5.5606986, 46.7420549 ], [ 5.5607733, 46.7416389 ], [ 5.5618858, 46.7400006 ], [ 5.5643185, 46.7397075 ], [ 5.5639787, 46.738921499999989 ], [ 5.5632356, 46.7378939 ], [ 5.5643181, 46.7373968 ], [ 5.5643076, 46.7370646 ], [ 5.5655366, 46.7369227 ], [ 5.5659312, 46.7365121 ], [ 5.5665825, 46.7347688 ], [ 5.5675847, 46.7347356 ], [ 5.5678301, 46.7346346 ], [ 5.5671561, 46.7334308 ], [ 5.5712741, 46.7326828 ], [ 5.5710085, 46.7320824 ], [ 5.5698883, 46.7302553 ], [ 5.569815, 46.729677599999988 ], [ 5.569695, 46.7295776 ], [ 5.5701214, 46.7290915 ], [ 5.570482, 46.728878 ], [ 5.5705323, 46.7287211 ], [ 5.5698879, 46.7272049 ], [ 5.5695432, 46.7269522 ], [ 5.5685207, 46.7266616 ], [ 5.5681341, 46.7261063 ], [ 5.5679641, 46.7254759 ], [ 5.5681409, 46.7250593 ], [ 5.5681088, 46.7246844 ], [ 5.5668726, 46.7220625 ], [ 5.5667717, 46.7214801 ], [ 5.5669192, 46.720666 ], [ 5.5668927, 46.7202162 ], [ 5.565008, 46.718143 ], [ 5.5662199, 46.7177331 ], [ 5.5663936, 46.7178337 ], [ 5.5666566, 46.7176882 ], [ 5.5663866, 46.7173807 ], [ 5.5670774, 46.7169481 ], [ 5.567953, 46.7165457 ], [ 5.5687504, 46.7172314 ], [ 5.5704826, 46.7174079 ], [ 5.5701221, 46.7168494 ], [ 5.5741746, 46.715464 ], [ 5.5774066, 46.714623 ], [ 5.5781834, 46.7140722 ], [ 5.5811622, 46.7125638 ], [ 5.5835859, 46.7115039 ], [ 5.584955, 46.7110181 ], [ 5.5850733, 46.711137 ], [ 5.5859695, 46.7112006 ], [ 5.5870471, 46.7110007 ], [ 5.5870032, 46.7108494 ], [ 5.5876389, 46.7094315 ], [ 5.5878293, 46.7093028 ], [ 5.5880174, 46.7087437 ], [ 5.5892193, 46.7084616 ], [ 5.5891235, 46.7082376 ], [ 5.5907532, 46.7076981 ], [ 5.5910842, 46.7078006 ], [ 5.5960098, 46.7071712 ], [ 5.596332, 46.7070342 ], [ 5.6005664, 46.7076437 ], [ 5.6014221, 46.707709 ], [ 5.6143823, 46.7069703 ], [ 5.6144841, 46.7023409 ], [ 5.6141296, 46.7000895 ], [ 5.6140323, 46.6997548 ], [ 5.613496, 46.6988688 ], [ 5.6121427, 46.697251 ], [ 5.6121284, 46.696381 ], [ 5.6110144, 46.6955154 ], [ 5.610868, 46.6940223 ], [ 5.6102746, 46.6919196 ], [ 5.6097277, 46.6914636 ], [ 5.6101765, 46.6908047 ], [ 5.6103411, 46.6903334 ], [ 5.6102748, 46.690016 ], [ 5.6103718, 46.6893372 ], [ 5.6149528, 46.688006699999988 ], [ 5.6210877, 46.6866514 ], [ 5.6268579, 46.6847166 ], [ 5.6270233, 46.6856201 ], [ 5.6295125, 46.6851162 ], [ 5.6315274, 46.6849042 ], [ 5.6314449, 46.6852547 ], [ 5.6314932, 46.6856572 ], [ 5.6320279, 46.6870198 ], [ 5.6318575, 46.6876372 ], [ 5.6325244, 46.6877291 ], [ 5.6337469, 46.6876686 ], [ 5.6344966, 46.6877145 ], [ 5.6354325, 46.6880065 ], [ 5.6357172, 46.6884252 ], [ 5.6372568, 46.6884501 ], [ 5.6382262, 46.6881657 ], [ 5.6388747, 46.6881751 ], [ 5.6402592, 46.6885937 ], [ 5.6409417, 46.6893284 ], [ 5.6418307, 46.6916702 ], [ 5.6422283, 46.6921727 ], [ 5.642691, 46.6932072 ], [ 5.6429521, 46.6934075 ], [ 5.6431335, 46.6938249 ], [ 5.6441334, 46.6944334 ], [ 5.645112, 46.6954667 ], [ 5.6454435, 46.696815 ], [ 5.6455445, 46.6982442 ], [ 5.6457405, 46.6986658 ], [ 5.6463835, 46.6995537 ], [ 5.6468954, 46.7000077 ], [ 5.6476232, 46.7004213 ], [ 5.6479646, 46.7003736 ], [ 5.6484395, 46.7004517 ], [ 5.6492971, 46.7000099 ], [ 5.6501079, 46.6997713 ], [ 5.6510769, 46.6992625 ], [ 5.6522915, 46.698365 ], [ 5.6522083, 46.6965813 ], [ 5.6523823, 46.6963106 ], [ 5.6534398, 46.6956303 ], [ 5.6543506, 46.6955119 ], [ 5.6554146, 46.6956621 ], [ 5.6559872, 46.695483 ], [ 5.6587891, 46.6953974 ], [ 5.659502, 46.6955701 ], [ 5.6600059, 46.6959674 ], [ 5.6600904, 46.6964087 ], [ 5.6600073, 46.6967701 ], [ 5.6596363, 46.6972175 ], [ 5.6598538, 46.6973539 ], [ 5.660181, 46.697349 ], [ 5.6607205, 46.6976167 ], [ 5.6608331, 46.6978582 ], [ 5.6600225, 46.6996752 ], [ 5.6601137, 46.7000921 ], [ 5.6677841, 46.7004257 ], [ 5.6756258, 46.7009899 ], [ 5.6796957, 46.701386 ], [ 5.6807824, 46.7013813 ], [ 5.6811735, 46.7014785 ], [ 5.6814693, 46.7011824 ], [ 5.6851269, 46.7030122 ], [ 5.685815, 46.7038168 ], [ 5.6861172, 46.7038116 ], [ 5.6872682, 46.7041261 ], [ 5.6878638, 46.7044565 ], [ 5.691148, 46.7042151 ], [ 5.692019, 46.7051087 ], [ 5.6927029, 46.704914 ], [ 5.6936773, 46.7062353 ], [ 5.6944237, 46.7067079 ], [ 5.6943574, 46.7073248 ], [ 5.6944733, 46.7076266 ], [ 5.6963857, 46.7095882 ], [ 5.69701, 46.709259 ], [ 5.6980508, 46.709066 ], [ 5.6982593, 46.7089125 ], [ 5.6985808, 46.7097932 ], [ 5.7072925, 46.7073609 ], [ 5.7074954, 46.7115617 ], [ 5.7065798, 46.7116401 ], [ 5.7060097, 46.7117896 ], [ 5.7057439, 46.7120021 ], [ 5.7052218, 46.7121451 ], [ 5.7053522, 46.7127889 ], [ 5.7058455, 46.7136196 ], [ 5.7058412, 46.714427 ], [ 5.704482, 46.7145942 ], [ 5.7043363, 46.7140354 ], [ 5.7022729, 46.7140822 ], [ 5.7009358, 46.714255 ] ] ], [ [ [ 5.4325518, 46.6868263 ], [ 5.4296665, 46.6878189 ], [ 5.4293172, 46.687766 ], [ 5.4291674, 46.6876647 ], [ 5.4249221, 46.68884 ], [ 5.4242939, 46.6895181 ], [ 5.4231413, 46.6904433 ], [ 5.4229249, 46.6911983 ], [ 5.4222957, 46.6921187 ], [ 5.4217264, 46.6927406 ], [ 5.420842, 46.692225 ], [ 5.4202079, 46.6920988 ], [ 5.419841, 46.6919444 ], [ 5.4193571, 46.691542 ], [ 5.4190243, 46.6908905 ], [ 5.4185737, 46.6905901 ], [ 5.4180984, 46.6904416 ], [ 5.4175852, 46.6897065 ], [ 5.4176191, 46.6889374 ], [ 5.4165187, 46.6890389 ], [ 5.4163868, 46.6891354 ], [ 5.4163021, 46.6905263 ], [ 5.4156086, 46.6921246 ], [ 5.4145112, 46.6929404 ], [ 5.4133966, 46.6933728 ], [ 5.4126991, 46.6935271 ], [ 5.4121338, 46.6938291 ], [ 5.4130005, 46.6942991 ], [ 5.4129191, 46.694354 ], [ 5.412962, 46.694554 ], [ 5.412805, 46.694732 ], [ 5.4128796, 46.6949962 ], [ 5.4126468, 46.6961821 ], [ 5.4110267, 46.6975269 ], [ 5.4104263, 46.6978935 ], [ 5.4098695, 46.6981205 ], [ 5.4097411, 46.6982664 ], [ 5.4088751, 46.6984017 ], [ 5.4084025, 46.6985801 ], [ 5.4079799, 46.696463 ], [ 5.4077513, 46.6958841 ], [ 5.4070723, 46.6954524 ], [ 5.406544, 46.6953761 ], [ 5.4050798, 46.6964608 ], [ 5.4051032, 46.6953622 ], [ 5.4049279, 46.6948641 ], [ 5.4040198, 46.6941066 ], [ 5.4032477, 46.6925157 ], [ 5.4029067, 46.6925318 ], [ 5.4017266, 46.6921341 ], [ 5.4013669, 46.692083 ], [ 5.4002392, 46.690323 ], [ 5.3985414, 46.6880731 ], [ 5.3979206, 46.6875041 ], [ 5.3975581, 46.6868838 ], [ 5.395778, 46.685491399999989 ], [ 5.3953454, 46.6850329 ], [ 5.3963808, 46.6844104 ], [ 5.3971043, 46.683599 ], [ 5.3971864, 46.683118 ], [ 5.3976301, 46.6829088 ], [ 5.3987679, 46.682739 ], [ 5.3995449, 46.683111 ], [ 5.3998312, 46.6831033 ], [ 5.4005885, 46.6829433 ], [ 5.4016833, 46.6824213 ], [ 5.402458, 46.681824 ], [ 5.4026234, 46.6815098 ], [ 5.4029363, 46.6807132 ], [ 5.403073, 46.6793636 ], [ 5.4038811, 46.6792575 ], [ 5.4054343, 46.678806 ], [ 5.4064103, 46.6786486 ], [ 5.4080427, 46.6785666 ], [ 5.409093, 46.6787562 ], [ 5.4108872, 46.6784258 ], [ 5.4127031, 46.6774669 ], [ 5.4137497, 46.6766594 ], [ 5.4149761, 46.6758949 ], [ 5.4180082, 46.6746527 ], [ 5.4210096, 46.6735444 ], [ 5.4212797, 46.6734108 ], [ 5.4214779, 46.6731886 ], [ 5.4215638, 46.6729129 ], [ 5.421475, 46.6726229 ], [ 5.4194069, 46.6692938 ], [ 5.4189462, 46.6688828 ], [ 5.4186454, 46.6677694 ], [ 5.4187054, 46.6676772 ], [ 5.4203253, 46.6674088 ], [ 5.4196472, 46.6663159 ], [ 5.4206693, 46.6659061 ], [ 5.4242768, 46.6648182 ], [ 5.4245663, 46.6646184 ], [ 5.4268773, 46.663657 ], [ 5.4269019, 46.6634439 ], [ 5.4267918, 46.6632642 ], [ 5.4249586, 46.6615923 ], [ 5.4251507, 46.6613828 ], [ 5.4263398, 46.6609082 ], [ 5.4272028, 46.6602215 ], [ 5.4256545, 46.6594489 ], [ 5.4212399, 46.6579783 ], [ 5.4172827, 46.6554025 ], [ 5.4166005, 46.6551557 ], [ 5.4152993, 46.6551381 ], [ 5.41297, 46.6544466 ], [ 5.4130965, 46.6541431 ], [ 5.4150226, 46.6528855 ], [ 5.418599, 46.6522308 ], [ 5.4189881, 46.6515686 ], [ 5.4209572, 46.6500163 ], [ 5.423005, 46.6490587 ], [ 5.4242032, 46.6486172 ], [ 5.4254574, 46.647879 ], [ 5.4273175, 46.6464703 ], [ 5.4287439, 46.6452248 ], [ 5.4324427, 46.6423231 ], [ 5.4334463, 46.6417172 ], [ 5.4343552, 46.641306 ], [ 5.4372331, 46.6395341 ], [ 5.4402808, 46.6379657 ], [ 5.4406041, 46.637912 ], [ 5.4408579, 46.6377697 ], [ 5.4414443, 46.6371959 ], [ 5.440674, 46.6367025 ], [ 5.440393, 46.6362697 ], [ 5.4403764, 46.6357539 ], [ 5.440662, 46.6348316 ], [ 5.4402373, 46.6337614 ], [ 5.4402606, 46.6330286 ], [ 5.4388829, 46.6323732 ], [ 5.438703, 46.6321807 ], [ 5.4377466, 46.6301291 ], [ 5.4375496, 46.6294675 ], [ 5.4370077, 46.6293412 ], [ 5.4367202, 46.629141 ], [ 5.4335028, 46.6279014 ], [ 5.4353907, 46.6267541 ], [ 5.4363905, 46.6275607 ], [ 5.43683, 46.6275334 ], [ 5.4371276, 46.627318 ], [ 5.4376112, 46.6274591 ], [ 5.4389036, 46.6264785 ], [ 5.4383378, 46.6257284 ], [ 5.4383271, 46.6255485 ], [ 5.4388315, 46.6252197 ], [ 5.4396682, 46.623847 ], [ 5.4405376, 46.6230574 ], [ 5.4417282, 46.6221699 ], [ 5.4430812, 46.6215248 ], [ 5.4425463, 46.620066 ], [ 5.4424351, 46.6190162 ], [ 5.4420534, 46.6184063 ], [ 5.4419697, 46.6179685 ], [ 5.4417099, 46.6178894 ], [ 5.4411626, 46.617901 ], [ 5.4409427, 46.6177778 ], [ 5.4412494, 46.6175929 ], [ 5.4416354, 46.617482 ], [ 5.4426086, 46.6173198 ], [ 5.4429166, 46.617133 ], [ 5.4427822, 46.6169936 ], [ 5.442942, 46.6169118 ], [ 5.4433961, 46.6170093 ], [ 5.4438657, 46.6169272 ], [ 5.4441505, 46.6169518 ], [ 5.4455214, 46.6174333 ], [ 5.4467393, 46.6181478 ], [ 5.4470589, 46.6182464 ], [ 5.4476935, 46.6180265 ], [ 5.4480925, 46.6181486 ], [ 5.4484372, 46.6178476 ], [ 5.4487528, 46.6177129 ], [ 5.4490449, 46.6176679 ], [ 5.4493957, 46.617474 ], [ 5.4501948, 46.6173641 ], [ 5.4509591, 46.6185702 ], [ 5.45222, 46.619859399999989 ], [ 5.4550285, 46.6234234 ], [ 5.4552839, 46.6236927 ], [ 5.4559977, 46.6240954 ], [ 5.4576307, 46.6252784 ], [ 5.4594167, 46.6247256 ], [ 5.4602121, 46.6253419 ], [ 5.4611539, 46.6250892 ], [ 5.4627908, 46.6244487 ], [ 5.4630577, 46.6248276 ], [ 5.4638894, 46.6255223 ], [ 5.463918, 46.6258361 ], [ 5.4640391, 46.6259686 ], [ 5.4640115, 46.6261962 ], [ 5.4642276, 46.6262916 ], [ 5.4642985, 46.6267585 ], [ 5.4646761, 46.6269828 ], [ 5.4646316, 46.6270973 ], [ 5.4648321, 46.6275101 ], [ 5.4656433, 46.6289637 ], [ 5.4663828, 46.6300451 ], [ 5.4664572, 46.6303299 ], [ 5.4667574, 46.630491 ], [ 5.4669054, 46.6311869 ], [ 5.4670666, 46.631251899999988 ], [ 5.4672995, 46.6311974 ], [ 5.4679691, 46.6312847 ], [ 5.4687609, 46.6323352 ], [ 5.4693235, 46.632715 ], [ 5.4700385, 46.63265 ], [ 5.4709387, 46.6324009 ], [ 5.4710382, 46.6318573 ], [ 5.472281, 46.631635 ], [ 5.4731039, 46.6313848 ], [ 5.4746102, 46.630546 ], [ 5.4755479, 46.6301447 ], [ 5.4761223, 46.6293765 ], [ 5.4769838, 46.6284525 ], [ 5.4774311, 46.628138299999989 ], [ 5.4784789, 46.627945399999987 ], [ 5.4846144, 46.6272837 ], [ 5.4858032, 46.6270291 ], [ 5.4865717, 46.6267061 ], [ 5.4879788, 46.6284809 ], [ 5.4885135, 46.6303638 ], [ 5.4892002, 46.6301661 ], [ 5.4895506, 46.629936799999989 ], [ 5.4914852, 46.6322587 ], [ 5.4900067, 46.6336719 ], [ 5.489584, 46.6338081 ], [ 5.4896238, 46.6342784 ], [ 5.491782, 46.6376791 ], [ 5.4920901, 46.6386958 ], [ 5.4947988, 46.6384369 ], [ 5.4946974, 46.6377103 ], [ 5.495567, 46.6375931 ], [ 5.4957898, 46.6382874 ], [ 5.4957053, 46.6390099 ], [ 5.4962224, 46.6390482 ], [ 5.4964874, 46.6393784 ], [ 5.4967924, 46.6394123 ], [ 5.4966866, 46.6413245 ], [ 5.4967989, 46.6417473 ], [ 5.4973834, 46.6426543 ], [ 5.4971777, 46.6429894 ], [ 5.4971854, 46.6431559 ], [ 5.4938886, 46.6449132 ], [ 5.4944564, 46.6452279 ], [ 5.494258, 46.6462358 ], [ 5.4943287, 46.6470351 ], [ 5.49473, 46.6481417 ], [ 5.4947157, 46.6483429 ], [ 5.4956718, 46.6496202 ], [ 5.4959635, 46.649876 ], [ 5.496131, 46.650448 ], [ 5.497461, 46.6506947 ], [ 5.4982946, 46.6510694 ], [ 5.4988826, 46.6516223 ], [ 5.4992637, 46.652143699999989 ], [ 5.4992828, 46.6523595 ], [ 5.5026317, 46.6502243 ], [ 5.5039451, 46.6503074 ], [ 5.5036959, 46.6507767 ], [ 5.5046297, 46.6508284 ], [ 5.5052826, 46.6519357 ], [ 5.5057817, 46.653768 ], [ 5.5094886, 46.6533815 ], [ 5.5100913, 46.6531161 ], [ 5.5105158, 46.6536113 ], [ 5.5116285, 46.6527203 ], [ 5.5117504, 46.6524699 ], [ 5.511627, 46.6522627 ], [ 5.5139465, 46.6518073 ], [ 5.5150114, 46.6506209 ], [ 5.5156682, 46.6501975 ], [ 5.5162158, 46.650017 ], [ 5.5163204, 46.649676 ], [ 5.5162996, 46.649226 ], [ 5.515785, 46.6480004 ], [ 5.5170041, 46.6477727 ], [ 5.517091, 46.6480961 ], [ 5.5178044, 46.6480759 ], [ 5.5179871, 46.6489709 ], [ 5.5185403, 46.6505768 ], [ 5.5182854, 46.6529247 ], [ 5.5183539, 46.6540934 ], [ 5.5190269, 46.6555146 ], [ 5.5193231, 46.6568522 ], [ 5.5197827, 46.6571439 ], [ 5.521579, 46.6578729 ], [ 5.5208124, 46.658469 ], [ 5.5217038, 46.6590125 ], [ 5.5221474, 46.6593802 ], [ 5.5227192, 46.66 ], [ 5.5230224, 46.6604726 ], [ 5.5247546, 46.6642407 ], [ 5.5241151, 46.6644187 ], [ 5.524698, 46.6651068 ], [ 5.5252502, 46.6661478 ], [ 5.5230804, 46.6670478 ], [ 5.5230766, 46.6675289 ], [ 5.5226187, 46.667757 ], [ 5.5223917, 46.6682521 ], [ 5.5227892, 46.6683307 ], [ 5.5228078, 46.6686456 ], [ 5.523398, 46.6686741 ], [ 5.5239143, 46.6702374 ], [ 5.5238507, 46.6720802 ], [ 5.5226057, 46.6727202 ], [ 5.5218901, 46.672672 ], [ 5.5214943, 46.6720393 ], [ 5.5212375, 46.6719756 ], [ 5.5205273, 46.672156 ], [ 5.5193227, 46.6719465 ], [ 5.5182341, 46.6730523 ], [ 5.51799, 46.6734622 ], [ 5.517393, 46.6739095 ], [ 5.5167309, 46.6740556 ], [ 5.5159227, 46.6743517 ], [ 5.5168343, 46.6760605 ], [ 5.5168603, 46.6765094 ], [ 5.5165617, 46.6767601 ], [ 5.5154137, 46.6770673 ], [ 5.5145106, 46.6771529 ], [ 5.5131698, 46.676659699999988 ], [ 5.5119884, 46.6764451 ], [ 5.5117773, 46.6766623 ], [ 5.5115358, 46.6767613 ], [ 5.5085569, 46.6765364 ], [ 5.5082336, 46.6767354 ], [ 5.5077358, 46.678284 ], [ 5.5066773, 46.6788901 ], [ 5.5059552, 46.6800607 ], [ 5.5050054, 46.6808391 ], [ 5.5047026, 46.6812556 ], [ 5.5042032, 46.6814683 ], [ 5.5032381, 46.6821128 ], [ 5.5018147, 46.6827267 ], [ 5.4982961, 46.6839484 ], [ 5.4977364, 46.6840471 ], [ 5.4957214, 46.6840946 ], [ 5.4941935, 46.6843746 ], [ 5.4929751, 46.6847795 ], [ 5.4927897, 46.684906 ], [ 5.4928707, 46.6857853 ], [ 5.4926058, 46.686146 ], [ 5.4925203, 46.6866235 ], [ 5.4901304, 46.6868907 ], [ 5.4894026, 46.6870921 ], [ 5.4889824, 46.6870634 ], [ 5.4878167, 46.6873932 ], [ 5.4872813, 46.6873931 ], [ 5.4870731, 46.6876489 ], [ 5.4871709, 46.687927 ], [ 5.4856117, 46.6887562 ], [ 5.4849963, 46.6889822 ], [ 5.4841708, 46.6889658 ], [ 5.4835406, 46.6890975 ], [ 5.4829591, 46.6893794 ], [ 5.4824537, 46.6892922 ], [ 5.4806617, 46.6884076 ], [ 5.4788372, 46.6874128 ], [ 5.4780812, 46.6867967 ], [ 5.4781879, 46.6852612 ], [ 5.4793748, 46.6831302 ], [ 5.4794781, 46.6824388 ], [ 5.4793342, 46.6808925 ], [ 5.4787324, 46.6807856 ], [ 5.4770831, 46.6807843 ], [ 5.4758151, 46.6810505 ], [ 5.4748703, 46.6813141 ], [ 5.4731422, 46.6819693 ], [ 5.4721779, 46.6819775 ], [ 5.4716495, 46.6819024 ], [ 5.4712444, 46.6817427 ], [ 5.4710136, 46.6808711 ], [ 5.4692604, 46.6817521 ], [ 5.4669958, 46.6835935 ], [ 5.4654271, 46.6841011 ], [ 5.4645787, 46.6844734 ], [ 5.463534, 46.6852228 ], [ 5.4622208, 46.6857942 ], [ 5.4620167, 46.6859995 ], [ 5.4619037, 46.6872883 ], [ 5.4611143, 46.6875494 ], [ 5.4598342, 46.6876679 ], [ 5.4585785, 46.6880101 ], [ 5.4558263, 46.6883177 ], [ 5.4552643, 46.688599 ], [ 5.4541055, 46.6884779 ], [ 5.4536958, 46.6885371 ], [ 5.4530917, 46.6884365 ], [ 5.4511478, 46.688440199999988 ], [ 5.4502051, 46.6883199 ], [ 5.4485769, 46.6883267 ], [ 5.4473914, 46.6881943 ], [ 5.4465499, 46.6882294 ], [ 5.4463207, 46.6883127 ], [ 5.4446681, 46.6880993 ], [ 5.4406377, 46.6878428 ], [ 5.4374944, 46.6872844 ], [ 5.4353039, 46.6867796 ], [ 5.4339729, 46.6866115 ], [ 5.4325518, 46.6868263 ] ] ], [ [ [ 5.5913829, 46.6380458 ], [ 5.5902414, 46.63745 ], [ 5.5897436, 46.6348252 ], [ 5.592945, 46.6308149 ], [ 5.5941871, 46.6291084 ], [ 5.5940207, 46.6285265 ], [ 5.5985171, 46.6251958 ], [ 5.5989219, 46.6232118 ], [ 5.5995727, 46.6211249 ], [ 5.6000782, 46.6211152 ], [ 5.6002818, 46.6197385 ], [ 5.6002037, 46.6189808 ], [ 5.6015485, 46.6185025 ], [ 5.6023381, 46.6180071 ], [ 5.6029963, 46.6178831 ], [ 5.6030376, 46.6175975 ], [ 5.6036973, 46.6169032 ], [ 5.60435, 46.616500099999989 ], [ 5.605266, 46.6163784 ], [ 5.6058673, 46.6161863 ], [ 5.6062602, 46.615653 ], [ 5.6076359, 46.6150595 ], [ 5.6075791, 46.6148834 ], [ 5.6085059, 46.6142812 ], [ 5.6083168, 46.6139909 ], [ 5.6089814, 46.6136442 ], [ 5.6092035, 46.6133959 ], [ 5.6092304, 46.6128935 ], [ 5.6095589, 46.6126571 ], [ 5.6099907, 46.6111374 ], [ 5.6101095, 46.6110806 ], [ 5.6111292, 46.6084924 ], [ 5.6116906, 46.6078787 ], [ 5.6113422, 46.6078092 ], [ 5.6116073, 46.6070698 ], [ 5.6115466, 46.6063486 ], [ 5.6104051, 46.6047908 ], [ 5.6100709, 46.6046633 ], [ 5.6098981, 46.6044663 ], [ 5.6103051, 46.6025975 ], [ 5.6107358, 46.6012219 ], [ 5.6114482, 46.602474199999989 ], [ 5.6126505, 46.6050558 ], [ 5.6131923, 46.6056669 ], [ 5.6134904, 46.6066475 ], [ 5.6134404, 46.6107236 ], [ 5.6132684, 46.6124753 ], [ 5.6159051, 46.612852 ], [ 5.6157271, 46.6130102 ], [ 5.6156999, 46.6132054 ], [ 5.6170313, 46.6139227 ], [ 5.6177055, 46.6144299 ], [ 5.617747, 46.6146127 ], [ 5.6181336, 46.6146868 ], [ 5.6184639, 46.6150837 ], [ 5.618551, 46.6155088 ], [ 5.6198027, 46.6151919 ], [ 5.6208468, 46.6150175 ], [ 5.6215942, 46.6146292 ], [ 5.6217838, 46.6144393 ], [ 5.6218105, 46.6142072 ], [ 5.6219682, 46.6141153 ], [ 5.6221052, 46.6140833 ], [ 5.622293, 46.6143718 ], [ 5.6223887, 46.6150282 ], [ 5.6221034, 46.6151581 ], [ 5.6223379, 46.6155203 ], [ 5.6226442, 46.6165296 ], [ 5.6225011, 46.6167347 ], [ 5.6219349, 46.6168143 ], [ 5.6220256, 46.617123 ], [ 5.6226819, 46.6178269 ], [ 5.6236934, 46.6196588 ], [ 5.6234787, 46.6202772 ], [ 5.6239783, 46.6217712 ], [ 5.623841, 46.6235591 ], [ 5.6243201, 46.6249797 ], [ 5.6248848, 46.6256245 ], [ 5.6248741, 46.6268121 ], [ 5.6252397, 46.627829899999988 ], [ 5.6251469, 46.6286438 ], [ 5.6247202, 46.6291509 ], [ 5.6241855, 46.6300217 ], [ 5.6242181, 46.6305615 ], [ 5.625118, 46.6328112 ], [ 5.6260255, 46.6341625 ], [ 5.624901, 46.6343865 ], [ 5.6234429, 46.634228 ], [ 5.6216735, 46.6355595 ], [ 5.6205326, 46.6366109 ], [ 5.62199, 46.6391397 ], [ 5.6221464, 46.6395614 ], [ 5.6220789, 46.6396819 ], [ 5.6218885, 46.6397214 ], [ 5.6227134, 46.6406322 ], [ 5.6233043, 46.6417377 ], [ 5.6239307, 46.6435225 ], [ 5.6240396, 46.6440713 ], [ 5.6239855, 46.6442519 ], [ 5.6294412, 46.6461593 ], [ 5.630287, 46.6457147 ], [ 5.6309763, 46.6459015 ], [ 5.6313812, 46.6461058 ], [ 5.6314468, 46.6462718 ], [ 5.6345679, 46.6461046 ], [ 5.6347266, 46.646301 ], [ 5.6377415, 46.646292 ], [ 5.6381551, 46.6465122 ], [ 5.6386695, 46.6466256 ], [ 5.6393839, 46.6472209 ], [ 5.6412455, 46.6485123 ], [ 5.6409638, 46.6486927 ], [ 5.6406226, 46.6484284 ], [ 5.6404759, 46.6485066 ], [ 5.6398548, 46.6499678 ], [ 5.6397537, 46.6507143 ], [ 5.6345942, 46.6521267 ], [ 5.6310089, 46.652928 ], [ 5.6292928, 46.653153 ], [ 5.6276586, 46.6531517 ], [ 5.6276875, 46.6534781 ], [ 5.6261391, 46.6533045 ], [ 5.6265657, 46.6525209 ], [ 5.6255266, 46.6522167 ], [ 5.6227473, 46.6537002 ], [ 5.6209008, 46.6555353 ], [ 5.6213325, 46.6559957 ], [ 5.6209649, 46.6564861 ], [ 5.6176894, 46.6597889 ], [ 5.6172296, 46.6608382 ], [ 5.6168091, 46.6632748 ], [ 5.6155331, 46.6628634 ], [ 5.6137615, 46.6650183 ], [ 5.6126249, 46.6652748 ], [ 5.6112439, 46.6657567 ], [ 5.6104515, 46.6658513 ], [ 5.6096935, 46.665519 ], [ 5.6078129, 46.6651907 ], [ 5.6060839, 46.664639 ], [ 5.6047356, 46.6631002 ], [ 5.6041711, 46.6619166 ], [ 5.6038663, 46.6615362 ], [ 5.6026998, 46.6605662 ], [ 5.6023361, 46.6604862 ], [ 5.6017178, 46.6608264 ], [ 5.6015053, 46.6612276 ], [ 5.6013962, 46.6640328 ], [ 5.6007667, 46.665069599999988 ], [ 5.5995543, 46.6646746 ], [ 5.5996642, 46.6631144 ], [ 5.6002294, 46.6625926 ], [ 5.6003057, 46.6621089 ], [ 5.600058, 46.6616361 ], [ 5.5996941, 46.6615786 ], [ 5.5997027, 46.6613198 ], [ 5.5980176, 46.6612995 ], [ 5.5981078, 46.6608857 ], [ 5.5975572, 46.6607 ], [ 5.5961016, 46.6604149 ], [ 5.5964925, 46.6599971 ], [ 5.5959614, 46.6594532 ], [ 5.5939597, 46.6581436 ], [ 5.5929804, 46.6587063 ], [ 5.5922575, 46.6584199 ], [ 5.5918458, 46.658731 ], [ 5.5917597, 46.6586825 ], [ 5.5913631, 46.6589537 ], [ 5.5909333, 46.6590508 ], [ 5.5902178, 46.6597696 ], [ 5.5900726, 46.6598252 ], [ 5.587249, 46.6604871 ], [ 5.5867574, 46.6614018 ], [ 5.5858947, 46.6619988 ], [ 5.5854811, 46.6621342 ], [ 5.5849688, 46.6625061 ], [ 5.5835203, 46.6631397 ], [ 5.5828298, 46.6636444 ], [ 5.5818143, 46.6648286 ], [ 5.5811713, 46.6650935 ], [ 5.5807126, 46.6653822 ], [ 5.5796996, 46.6662338 ], [ 5.5794127, 46.6663655 ], [ 5.5777395, 46.6665986 ], [ 5.5759757, 46.6669905 ], [ 5.5741583, 46.667494399999988 ], [ 5.5734236, 46.6675938 ], [ 5.5712535, 46.6685542 ], [ 5.5705314, 46.6689487 ], [ 5.5700295, 46.6693221 ], [ 5.5718697, 46.6699164 ], [ 5.5718428, 46.6712489 ], [ 5.5707587, 46.6715194 ], [ 5.5698517, 46.671646699999989 ], [ 5.569355, 46.6719011 ], [ 5.5683447, 46.6721351 ], [ 5.5677645, 46.6722218 ], [ 5.5667954, 46.6721797 ], [ 5.5662731, 46.6727027 ], [ 5.5661731, 46.6729458 ], [ 5.5657034, 46.673058 ], [ 5.5634409, 46.6734126 ], [ 5.5626635, 46.6733449 ], [ 5.5619232, 46.673509 ], [ 5.561183, 46.6735085 ], [ 5.5600676, 46.673735 ], [ 5.5598765, 46.6743046 ], [ 5.559762, 46.6743966 ], [ 5.5599742, 46.6747208 ], [ 5.5595418, 46.6747568 ], [ 5.5594116, 46.6745026 ], [ 5.5588469, 46.674396 ], [ 5.5584447, 46.6746911 ], [ 5.5580796, 46.674255 ], [ 5.5577756, 46.6742975 ], [ 5.5575799, 46.6744105 ], [ 5.557512, 46.6747727 ], [ 5.5570929, 46.6751174 ], [ 5.5571389, 46.6752061 ], [ 5.5567233, 46.6754284 ], [ 5.5562584, 46.6750963 ], [ 5.5558027, 46.6752135 ], [ 5.5556714, 46.6750469 ], [ 5.5550599, 46.6748089 ], [ 5.5545463, 46.6738157 ], [ 5.554791, 46.673579 ], [ 5.5544068, 46.6735025 ], [ 5.5545941, 46.673317499999989 ], [ 5.5547921, 46.6732915 ], [ 5.5546417, 46.6730316 ], [ 5.5542506, 46.6729562 ], [ 5.5534102, 46.6731305 ], [ 5.5528138, 46.6730802 ], [ 5.5524112, 46.6733041 ], [ 5.5521509, 46.6733245 ], [ 5.5514743, 46.6732171 ], [ 5.551272, 46.6731026 ], [ 5.5512969, 46.6725012 ], [ 5.5507555, 46.6723056 ], [ 5.5506366, 46.6721809 ], [ 5.5509482, 46.6718892 ], [ 5.5509552, 46.6716243 ], [ 5.5513942, 46.6713797 ], [ 5.5513376, 46.6710175 ], [ 5.5510069, 46.6706662 ], [ 5.5506344, 46.6705726 ], [ 5.5500993, 46.6702381 ], [ 5.5500134, 46.6700993 ], [ 5.5502269, 46.6696584 ], [ 5.5496893, 46.6694493 ], [ 5.549235, 46.6689239 ], [ 5.548667, 46.6693658 ], [ 5.5485726, 46.6695974 ], [ 5.5481999, 46.6695416 ], [ 5.5479919, 46.6694341 ], [ 5.5476613, 46.6689919 ], [ 5.547805, 46.6685409 ], [ 5.5492504, 46.6683774 ], [ 5.549888, 46.6682358 ], [ 5.5508357, 46.6682369 ], [ 5.5514662, 46.6681436 ], [ 5.5522036, 46.6684792 ], [ 5.5531301, 46.6687007 ], [ 5.5535758, 46.6689341 ], [ 5.5544302, 46.6690642 ], [ 5.5548068, 46.6695176 ], [ 5.555595, 46.6701581 ], [ 5.5559419, 46.6700212 ], [ 5.5566825, 46.6698803 ], [ 5.5571698, 46.6696193 ], [ 5.5578458, 46.6696398 ], [ 5.5581904, 46.6695348 ], [ 5.5585004, 46.6695244 ], [ 5.5597468, 46.6698409 ], [ 5.5605444, 46.669278 ], [ 5.560994, 46.6692551 ], [ 5.5619585, 46.668816899999989 ], [ 5.5624387, 46.6688283 ], [ 5.5633574, 46.6684112 ], [ 5.5641355, 46.6684494 ], [ 5.5656231, 46.6686641 ], [ 5.5662757, 46.6679031 ], [ 5.5679202, 46.6679031 ], [ 5.568357, 46.668009 ], [ 5.5697081, 46.6685873 ], [ 5.5701863, 46.6680718 ], [ 5.5707326, 46.6679181 ], [ 5.5712186, 46.667568499999987 ], [ 5.5706021, 46.6666255 ], [ 5.5710366, 46.6664329 ], [ 5.5710973, 46.6664991 ], [ 5.5712923, 46.6663047 ], [ 5.5706757, 46.6657473 ], [ 5.5707588, 46.6656779 ], [ 5.5704377, 46.6653626 ], [ 5.5706992, 46.664750399999988 ], [ 5.570692, 46.6645154 ], [ 5.5708754, 46.6643528 ], [ 5.5703589, 46.6638364 ], [ 5.5701224, 46.6639264 ], [ 5.5700521, 46.6638775 ], [ 5.5690796, 46.6643155 ], [ 5.5687971, 46.6639885 ], [ 5.5682555, 46.6637412 ], [ 5.5678898, 46.6637566 ], [ 5.5660883, 46.6641816 ], [ 5.5662038, 46.6632178 ], [ 5.5661024, 46.663039 ], [ 5.5659383, 46.6630003 ], [ 5.5659685, 46.6631951 ], [ 5.5655759, 46.6636661 ], [ 5.5651066, 46.6647297 ], [ 5.5644817, 46.6644662 ], [ 5.563871, 46.664779 ], [ 5.5627577, 46.6651741 ], [ 5.5627352, 46.6650026 ], [ 5.561122, 46.6651206 ], [ 5.561148, 46.6643119 ], [ 5.559819, 46.664183 ], [ 5.559489, 46.6643444 ], [ 5.5591637, 46.6636058 ], [ 5.5591272, 46.6630246 ], [ 5.55925, 46.6627426 ], [ 5.5589657, 46.6626246 ], [ 5.5589899, 46.662416 ], [ 5.5588001, 46.6620526 ], [ 5.5582494, 46.6617802 ], [ 5.5582593, 46.6619611 ], [ 5.5580992, 46.6621466 ], [ 5.5572319, 46.6626525 ], [ 5.5564547, 46.6635166 ], [ 5.5556384, 46.6638844 ], [ 5.5556122, 46.6641066 ], [ 5.5564645, 46.6647822 ], [ 5.5565554, 46.6649892 ], [ 5.5563597, 46.6651683 ], [ 5.555344, 46.6656378 ], [ 5.5550593, 46.6654 ], [ 5.5548215, 46.6654071 ], [ 5.5546535, 46.6651189 ], [ 5.5538398, 46.664956 ], [ 5.5532047, 46.6645287 ], [ 5.5523651, 46.6645672 ], [ 5.5522835, 46.6642528 ], [ 5.5518077, 46.6640679 ], [ 5.5514917, 46.6640551 ], [ 5.5515287, 46.6638948 ], [ 5.550344, 46.6643032 ], [ 5.5507618, 46.6632795 ], [ 5.5504754, 46.6627823 ], [ 5.5501477, 46.6612634 ], [ 5.5501597, 46.6605434 ], [ 5.5500318, 46.660412 ], [ 5.5501611, 46.6594848 ], [ 5.5506956, 46.6582459 ], [ 5.5516057, 46.6571454 ], [ 5.551947, 46.6564721 ], [ 5.5520768, 46.6559773 ], [ 5.5526654, 46.6548318 ], [ 5.5525968, 46.6546522 ], [ 5.5533562, 46.6533822 ], [ 5.5539143, 46.6528706 ], [ 5.554547, 46.6514124 ], [ 5.555127, 46.6490265 ], [ 5.5552508, 46.6471247 ], [ 5.5556343, 46.6464333 ], [ 5.5551379, 46.6459479 ], [ 5.5547758, 46.645730799999988 ], [ 5.5547321, 46.6455507 ], [ 5.5551884, 46.6453522 ], [ 5.5553596, 46.6451529 ], [ 5.5553183, 46.6447196 ], [ 5.5555995, 46.6444962 ], [ 5.5558778, 46.644407099999988 ], [ 5.5558512, 46.6439789 ], [ 5.5563893, 46.6440164 ], [ 5.5574169, 46.6437827 ], [ 5.5575517, 46.6436743 ], [ 5.5576057, 46.6434578 ], [ 5.5575101, 46.643123 ], [ 5.5575812, 46.642937599999989 ], [ 5.5577937, 46.6427563 ], [ 5.5584043, 46.6424994 ], [ 5.5584763, 46.6420563 ], [ 5.5594773, 46.6420917 ], [ 5.5600431, 46.6418853 ], [ 5.5607345, 46.6418176 ], [ 5.5609077, 46.6416894 ], [ 5.5610968, 46.6417609 ], [ 5.5613677, 46.6417359 ], [ 5.5614401, 46.641663099999988 ], [ 5.5612467, 46.641444 ], [ 5.5612445, 46.6412324 ], [ 5.5632906, 46.6413506 ], [ 5.5637424, 46.6413053 ], [ 5.5642338, 46.6420178 ], [ 5.5645671, 46.642013 ], [ 5.5647698, 46.642095 ], [ 5.5650823, 46.642424 ], [ 5.56558, 46.6424381 ], [ 5.5662656, 46.6430236 ], [ 5.5662991, 46.6432067 ], [ 5.5660443, 46.6436007 ], [ 5.5660857, 46.6438133 ], [ 5.5661295, 46.6439375 ], [ 5.5664058, 46.6441088 ], [ 5.5664119, 46.6448204 ], [ 5.5667258, 46.6456232 ], [ 5.5665863, 46.6462417 ], [ 5.5669456, 46.64723 ], [ 5.5671849, 46.6476157 ], [ 5.5672577, 46.6480221 ], [ 5.5680736, 46.6480138 ], [ 5.5698618, 46.6482323 ], [ 5.5714234, 46.6482792 ], [ 5.5718132, 46.6482227 ], [ 5.574673, 46.6461522 ], [ 5.5768539, 46.6461023 ], [ 5.5771536, 46.6461874 ], [ 5.5782683, 46.6461912 ], [ 5.5801121, 46.6461209 ], [ 5.5811753, 46.6452861 ], [ 5.5824822, 46.6443792 ], [ 5.5826915, 46.6443258 ], [ 5.5845685, 46.6414042 ], [ 5.5846473, 46.6411088 ], [ 5.5861648, 46.6410862 ], [ 5.5873473, 46.640646 ], [ 5.5893445, 46.6397099 ], [ 5.5915239, 46.6385066 ], [ 5.5913829, 46.6380458 ] ] ] ] } },
{ "type": "Feature", "properties": { "code_departement": 39.0, "code_rne": "0390025R", "multisecteur": 0.0 }, "geometry": { "type": "MultiPolygon", "coordinates": [ [ [ [ 5.6535875, 46.3329466 ], [ 5.6551751, 46.3323186 ], [ 5.6556194, 46.3309955 ], [ 5.6570822, 46.3308253 ], [ 5.6588827, 46.3307266 ], [ 5.6595405, 46.3307995 ], [ 5.6607558, 46.3312919 ], [ 5.6622611, 46.332155 ], [ 5.6656115, 46.3345247 ], [ 5.6659554, 46.3343481 ], [ 5.6672086, 46.3354 ], [ 5.6706773, 46.3387191 ], [ 5.6721008, 46.3396047 ], [ 5.6731315, 46.3403599 ], [ 5.6753135, 46.3428126 ], [ 5.6780688, 46.3465815 ], [ 5.6793879, 46.3480903 ], [ 5.6808856, 46.3494742 ], [ 5.6820867, 46.3510136 ], [ 5.6803742, 46.3548047 ], [ 5.6765946, 46.3583497 ], [ 5.6769051, 46.3589227 ], [ 5.6779628, 46.3597673 ], [ 5.6782482, 46.3605985 ], [ 5.6836638, 46.3656176 ], [ 5.684356, 46.3661185 ], [ 5.684741, 46.366668 ], [ 5.6862674, 46.3681728 ], [ 5.6865348, 46.36858 ], [ 5.6887124, 46.3696405 ], [ 5.696454, 46.3660465 ], [ 5.6981978, 46.3684659 ], [ 5.7019889, 46.3732487 ], [ 5.7036934, 46.3752599 ], [ 5.7036853, 46.3754637 ], [ 5.7035451, 46.3756571 ], [ 5.7030895, 46.375867 ], [ 5.7030919, 46.3760481 ], [ 5.7034921, 46.3766098 ], [ 5.7097533, 46.3844513 ], [ 5.7116682, 46.3853365 ], [ 5.7128725, 46.3868576 ], [ 5.713351, 46.3878139 ], [ 5.7137725, 46.3889859 ], [ 5.7161256, 46.3911122 ], [ 5.7178102, 46.3930146 ], [ 5.7195513, 46.3946111 ], [ 5.7205843, 46.3949325 ], [ 5.7213052, 46.3952621 ], [ 5.7223904, 46.3963931 ], [ 5.7231818, 46.3973789 ], [ 5.7246961, 46.4011846 ], [ 5.7255263, 46.4009341 ], [ 5.7276877, 46.3997246 ], [ 5.7273078, 46.3992895 ], [ 5.7272301, 46.399037299999989 ], [ 5.7273004, 46.3985941 ], [ 5.7272321, 46.39853 ], [ 5.7267484, 46.3984677 ], [ 5.7266793, 46.3983873 ], [ 5.7267036, 46.3978822 ], [ 5.7264159, 46.3974404 ], [ 5.7265112, 46.3968975 ], [ 5.7264091, 46.3961305 ], [ 5.7268878, 46.3956253 ], [ 5.7263669, 46.3946863 ], [ 5.7262115, 46.3939989 ], [ 5.725638, 46.3935964 ], [ 5.7245709, 46.3933245 ], [ 5.724443, 46.3929519 ], [ 5.7242694, 46.3927884 ], [ 5.723289, 46.3922163 ], [ 5.7229527, 46.392182 ], [ 5.7228785, 46.3920783 ], [ 5.7229692, 46.3919383 ], [ 5.7229131, 46.3916504 ], [ 5.7227193, 46.391419 ], [ 5.7214116, 46.3906276 ], [ 5.720914, 46.390179 ], [ 5.720232, 46.3892456 ], [ 5.7192352, 46.3889946 ], [ 5.7189309, 46.3888451 ], [ 5.7188621, 46.3881178 ], [ 5.7183237, 46.3876865 ], [ 5.7182391, 46.3872163 ], [ 5.7178542, 46.3869651 ], [ 5.7177217, 46.3867611 ], [ 5.718492, 46.3866463 ], [ 5.7194775, 46.3853109 ], [ 5.7202425, 46.3850629 ], [ 5.7208079, 46.3847305 ], [ 5.7212184, 46.3840585 ], [ 5.7210967, 46.3838623 ], [ 5.7194794, 46.3828647 ], [ 5.7192099, 46.3817647 ], [ 5.7184012, 46.3808974 ], [ 5.7183357, 46.3802367 ], [ 5.7185306, 46.3790779 ], [ 5.719169, 46.3775958 ], [ 5.7206181, 46.3755079 ], [ 5.7206637, 46.3751689 ], [ 5.7205532, 46.3748337 ], [ 5.7201977, 46.3744899 ], [ 5.7189239, 46.3740058 ], [ 5.7186969, 46.3725038 ], [ 5.7226651, 46.3717073 ], [ 5.7231187, 46.3716937 ], [ 5.7236582, 46.3719935 ], [ 5.7240027, 46.3722979 ], [ 5.7248738, 46.3727222 ], [ 5.7259747, 46.3736798 ], [ 5.727722, 46.3745732 ], [ 5.7289311, 46.3753786 ], [ 5.7296595, 46.3756793 ], [ 5.7298413, 46.3756434 ], [ 5.7300882, 46.375323 ], [ 5.731262, 46.3760436 ], [ 5.731473, 46.3763071 ], [ 5.7315159, 46.3769818 ], [ 5.7319634, 46.3779135 ], [ 5.7314142, 46.3788007 ], [ 5.7309945, 46.379181 ], [ 5.7305658, 46.3794859 ], [ 5.7299972, 46.3796491 ], [ 5.7314569, 46.38028 ], [ 5.7322534, 46.3809781 ], [ 5.7334946, 46.3816638 ], [ 5.7345763, 46.3817388 ], [ 5.7358132, 46.3821037 ], [ 5.7366534, 46.3826593 ], [ 5.7370858, 46.383286 ], [ 5.7381632, 46.3841052 ], [ 5.7396087, 46.3855905 ], [ 5.7401462, 46.3862606 ], [ 5.7406191, 46.3872529 ], [ 5.7406639, 46.3879628 ], [ 5.740386, 46.3887831 ], [ 5.7387991, 46.390452 ], [ 5.7384093, 46.3910389 ], [ 5.7372687, 46.3911194 ], [ 5.7353444, 46.3914107 ], [ 5.734665, 46.3918847 ], [ 5.7350558, 46.3929268 ], [ 5.7362652, 46.3952341 ], [ 5.7370114, 46.3949738 ], [ 5.7373311, 46.395507599999988 ], [ 5.7379147, 46.3960306 ], [ 5.7379039, 46.3962823 ], [ 5.7386271, 46.3964469 ], [ 5.7391014, 46.3967121 ], [ 5.7430679, 46.4023851 ], [ 5.7433047, 46.4036246 ], [ 5.7459731, 46.4068058 ], [ 5.7478019, 46.4084629 ], [ 5.7499403, 46.4101611 ], [ 5.7500364, 46.4105183 ], [ 5.7512518, 46.4105197 ], [ 5.7505987, 46.4112851 ], [ 5.7515209, 46.4123693 ], [ 5.7527951, 46.4131747 ], [ 5.7529323, 46.4134417 ], [ 5.7533315, 46.4138132 ], [ 5.7535093, 46.4146279 ], [ 5.7539664, 46.4150629 ], [ 5.7569075, 46.4172471 ], [ 5.758052, 46.4182403 ], [ 5.7595411, 46.4191413 ], [ 5.7602473, 46.4198396 ], [ 5.7609872, 46.4203263 ], [ 5.7609251, 46.4205414 ], [ 5.7598469, 46.4208882 ], [ 5.7571875, 46.422094 ], [ 5.758895, 46.4246855 ], [ 5.7614147, 46.4245543 ], [ 5.763099, 46.4260129 ], [ 5.7663783, 46.4284734 ], [ 5.766999, 46.429434099999987 ], [ 5.7685062, 46.4322511 ], [ 5.7696832, 46.4333335 ], [ 5.7698982, 46.4336427 ], [ 5.7705199, 46.4342088 ], [ 5.7710567, 46.4344634 ], [ 5.7714474, 46.4345089 ], [ 5.7718838, 46.4347109 ], [ 5.7724135, 46.435262099999989 ], [ 5.7727484, 46.4354413 ], [ 5.7734066, 46.435647 ], [ 5.781108, 46.4368607 ], [ 5.7832905, 46.4372355 ], [ 5.7841067, 46.4374472 ], [ 5.7852453, 46.4383835 ], [ 5.786816, 46.4393327 ], [ 5.7871424, 46.4396743 ], [ 5.789898, 46.4411613 ], [ 5.7906561, 46.4410247 ], [ 5.7918049, 46.4418238 ], [ 5.7928173, 46.4426838 ], [ 5.7923004, 46.4432794 ], [ 5.7931217, 46.444455 ], [ 5.7935596, 46.445293 ], [ 5.7941685, 46.4466964 ], [ 5.7944797, 46.4477087 ], [ 5.7946213, 46.4486144 ], [ 5.7992198, 46.4481999 ], [ 5.8085406, 46.4475511 ], [ 5.8098869, 46.4475973 ], [ 5.8098056, 46.4479165 ], [ 5.8099799, 46.4483645 ], [ 5.8108495, 46.4497334 ], [ 5.812166, 46.4514526 ], [ 5.8127739, 46.4520152 ], [ 5.8138088, 46.4510274 ], [ 5.8147617, 46.4515814 ], [ 5.8157978, 46.4524849 ], [ 5.8164686, 46.4540649 ], [ 5.8171622, 46.4575997 ], [ 5.8174667, 46.4614261 ], [ 5.8192101, 46.4663216 ], [ 5.8196879, 46.4681479 ], [ 5.8209529, 46.4696619 ], [ 5.8245001, 46.4745245 ], [ 5.825802, 46.4767972 ], [ 5.8263523, 46.478077399999989 ], [ 5.8267013, 46.4786455 ], [ 5.8283421, 46.4806826 ], [ 5.8290241, 46.482138 ], [ 5.8264802, 46.4827092 ], [ 5.8268586, 46.4832395 ], [ 5.8239101, 46.4833296 ], [ 5.8138859, 46.4841139 ], [ 5.8121004, 46.484548 ], [ 5.8089111, 46.4856356 ], [ 5.8083136, 46.4859142 ], [ 5.8093218, 46.4869743 ], [ 5.8093005, 46.4876497 ], [ 5.8090826, 46.4883317 ], [ 5.8094781, 46.4904367 ], [ 5.8094177, 46.4915185 ], [ 5.8091561, 46.4925178 ], [ 5.8136174, 46.4990297 ], [ 5.8160944, 46.5010861 ], [ 5.8168063, 46.5020101 ], [ 5.8173727, 46.5037793 ], [ 5.8181034, 46.5053939 ], [ 5.8181009, 46.5058751 ], [ 5.8177994, 46.5073377 ], [ 5.8161426, 46.5079291 ], [ 5.810574, 46.5092654 ], [ 5.8108595, 46.5100927 ], [ 5.8107814, 46.5108821 ], [ 5.8103227, 46.5112736 ], [ 5.8102661, 46.5122013 ], [ 5.8101649, 46.5121884 ], [ 5.8094208, 46.5127654 ], [ 5.8087545, 46.5128286 ], [ 5.8082359, 46.5133261 ], [ 5.8077488, 46.5134714 ], [ 5.8075236, 46.5132544 ], [ 5.8070615, 46.5132017 ], [ 5.8058193, 46.5138918 ], [ 5.8055082, 46.5141859 ], [ 5.8052446, 46.5141356 ], [ 5.8049064, 46.5144124 ], [ 5.8044593, 46.5142207 ], [ 5.8042192, 46.5144987 ], [ 5.80383, 46.5147227 ], [ 5.8026111, 46.5151057 ], [ 5.8020488, 46.5153628 ], [ 5.8020285, 46.515502 ], [ 5.8022635, 46.5156044 ], [ 5.8023065, 46.516162 ], [ 5.800975, 46.5157747 ], [ 5.7996547, 46.5160143 ], [ 5.7985252, 46.5163339 ], [ 5.7977771, 46.5164306 ], [ 5.7976693, 46.5161873 ], [ 5.7974266, 46.5161121 ], [ 5.7973702, 46.5160045 ], [ 5.7966737, 46.5161657 ], [ 5.7936798, 46.5139034 ], [ 5.791679, 46.5139027 ], [ 5.7827876, 46.5142907 ], [ 5.7772853, 46.5085544 ], [ 5.7760999, 46.5075471 ], [ 5.7735007, 46.5031664 ], [ 5.7695984, 46.5035611 ], [ 5.7675293, 46.5023354 ], [ 5.7651885, 46.5003801 ], [ 5.7635633, 46.4994382 ], [ 5.7632078, 46.4991188 ], [ 5.7627205, 46.4989513 ], [ 5.7621861, 46.4985507 ], [ 5.7608804, 46.4973974 ], [ 5.7594333, 46.4954862 ], [ 5.7582027, 46.4956348 ], [ 5.7566922, 46.496207399999989 ], [ 5.7558689, 46.4967732 ], [ 5.7519827, 46.499832 ], [ 5.7500465, 46.5010481 ], [ 5.7494544, 46.5009236 ], [ 5.7484523, 46.5013117 ], [ 5.7466906, 46.501746 ], [ 5.7459247, 46.5017464 ], [ 5.7458473, 46.502852 ], [ 5.7451936, 46.5038624 ], [ 5.7442654, 46.5046559 ], [ 5.7419469, 46.5061657 ], [ 5.7405545, 46.5068379 ], [ 5.7396679, 46.5069835 ], [ 5.739388, 46.5078777 ], [ 5.7391624, 46.5081669 ], [ 5.7388078, 46.5083808 ], [ 5.7383473, 46.508514399999989 ], [ 5.7378896, 46.5085209 ], [ 5.737639, 46.508598 ], [ 5.7372846, 46.508921 ], [ 5.7366455, 46.5091084 ], [ 5.736264, 46.5096968 ], [ 5.7353569, 46.509851 ], [ 5.7351571, 46.5100819 ], [ 5.7347133, 46.5101583 ], [ 5.7345419, 46.5104868 ], [ 5.7344219, 46.5105401 ], [ 5.7337426, 46.5104473 ], [ 5.733188, 46.5105002 ], [ 5.7328665, 46.5109079 ], [ 5.7320768, 46.5112935 ], [ 5.7320383, 46.5116972 ], [ 5.7317751, 46.5119666 ], [ 5.7309266, 46.5121959 ], [ 5.7307017, 46.5123436 ], [ 5.7306613, 46.51245 ], [ 5.7310506, 46.512874 ], [ 5.731066, 46.512998 ], [ 5.7300093, 46.5137098 ], [ 5.7294521, 46.5139709 ], [ 5.7290309, 46.5145783 ], [ 5.7287379, 46.5146159 ], [ 5.7283404, 46.51442 ], [ 5.7279199, 46.514648 ], [ 5.72778, 46.5146442 ], [ 5.7276057, 46.5144979 ], [ 5.7273762, 46.5145799 ], [ 5.727015, 46.515057 ], [ 5.7268976, 46.5158653 ], [ 5.7267358, 46.5162566 ], [ 5.725837, 46.5167105 ], [ 5.725518, 46.5169848 ], [ 5.7254613, 46.5171051 ], [ 5.7256025, 46.5173441 ], [ 5.7252711, 46.5177646 ], [ 5.7253077, 46.518208 ], [ 5.7248984, 46.5187421 ], [ 5.7244244, 46.5188939 ], [ 5.7243123, 46.5193408 ], [ 5.7244828, 46.5195124 ], [ 5.7244817, 46.5196476 ], [ 5.7242902, 46.5201252 ], [ 5.7236116, 46.5207792 ], [ 5.723076, 46.5209271 ], [ 5.7220568, 46.5217416 ], [ 5.7214067, 46.5224184 ], [ 5.7212367, 46.522517 ], [ 5.7209149, 46.5225544 ], [ 5.7202839, 46.5223604 ], [ 5.7192581, 46.5224433 ], [ 5.7190323, 46.5225217 ], [ 5.7179007, 46.5236208 ], [ 5.7171867, 46.5238837 ], [ 5.7164142, 46.524412 ], [ 5.7156407, 46.5244754 ], [ 5.7145669, 46.5250334 ], [ 5.7143119, 46.5250521 ], [ 5.7137635, 46.5249173 ], [ 5.7126655, 46.5250695 ], [ 5.7107105, 46.5247879 ], [ 5.7095137, 46.5245298 ], [ 5.7078029, 46.5239081 ], [ 5.707481, 46.5239706 ], [ 5.7069137, 46.5236931 ], [ 5.7062468, 46.523772799999989 ], [ 5.7056328, 46.5237378 ], [ 5.7041297, 46.5231706 ], [ 5.7037432, 46.523168 ], [ 5.7030881, 46.5234592 ], [ 5.7026043, 46.523549 ], [ 5.702109, 46.523458 ], [ 5.7014098, 46.5231493 ], [ 5.7013881, 46.5228173 ], [ 5.700883, 46.522213 ], [ 5.6996087, 46.5210718 ], [ 5.6991767, 46.5209937 ], [ 5.698709, 46.5210381 ], [ 5.6978152, 46.5214115 ], [ 5.6969723, 46.5216035 ], [ 5.695917, 46.521695 ], [ 5.6937138, 46.5216685 ], [ 5.6915668, 46.5215659 ], [ 5.6899518, 46.5211598 ], [ 5.687489, 46.5208987 ], [ 5.6842082, 46.5209343 ], [ 5.6837777, 46.5208868 ], [ 5.6819249, 46.5202617 ], [ 5.681514, 46.5202137 ], [ 5.679806, 46.5205961 ], [ 5.6791774, 46.5206595 ], [ 5.6786224, 46.5206004 ], [ 5.678246, 46.52043 ], [ 5.6772807, 46.5190074 ], [ 5.6756629, 46.517876699999988 ], [ 5.6750798, 46.5173498 ], [ 5.6750176, 46.5169882 ], [ 5.6751708, 46.516227799999989 ], [ 5.675052, 46.5156422 ], [ 5.6743008, 46.5143498 ], [ 5.6741515, 46.5135676 ], [ 5.6733667, 46.5127598 ], [ 5.6708482, 46.5115636 ], [ 5.6706126, 46.5113898 ], [ 5.6702479, 46.5107659 ], [ 5.6702514, 46.5104631 ], [ 5.670459, 46.5101997 ], [ 5.6709319, 46.5099444 ], [ 5.672407, 46.5087045 ], [ 5.6731335, 46.5082451 ], [ 5.6735328, 46.5081124 ], [ 5.674498, 46.5082357 ], [ 5.6763639, 46.5090831 ], [ 5.6773585, 46.5081868 ], [ 5.6779574, 46.5079728 ], [ 5.678474, 46.5079426 ], [ 5.6800224, 46.5075874 ], [ 5.6796583, 46.507295 ], [ 5.67679, 46.5055657 ], [ 5.6761995, 46.5054173 ], [ 5.6747366, 46.5043758 ], [ 5.6727318, 46.5031145 ], [ 5.6713204, 46.5008582 ], [ 5.6712327, 46.5004259 ], [ 5.6712555, 46.4993217 ], [ 5.6714676, 46.4984852 ], [ 5.6723817, 46.4969313 ], [ 5.6727507, 46.4964749 ], [ 5.6749776, 46.4973508 ], [ 5.6753156, 46.4965554 ], [ 5.6772151, 46.4953054 ], [ 5.6783847, 46.4947879 ], [ 5.679786, 46.4943685 ], [ 5.6815586, 46.4940441 ], [ 5.6824468, 46.4936403 ], [ 5.6828863, 46.4931885 ], [ 5.6832234, 46.4923778 ], [ 5.6855403, 46.4896502 ], [ 5.6858535, 46.4890969 ], [ 5.6861133, 46.4880159 ], [ 5.686139, 46.487108 ], [ 5.686067, 46.4866268 ], [ 5.6858614, 46.4862397 ], [ 5.6854551, 46.4859339 ], [ 5.6849335, 46.4857534 ], [ 5.6833131, 46.4855599 ], [ 5.6824673, 46.4853878 ], [ 5.6819016, 46.4851317 ], [ 5.6804278, 46.4840725 ], [ 5.6798203, 46.4837876 ], [ 5.6777153, 46.4833658 ], [ 5.6771742, 46.4831559 ], [ 5.6767174, 46.4826999 ], [ 5.6758954, 46.4812587 ], [ 5.6740533, 46.4784566 ], [ 5.6738892, 46.4774486 ], [ 5.6747322, 46.4746422 ], [ 5.6743742, 46.4734586 ], [ 5.6744996, 46.4701905 ], [ 5.6741229, 46.4680406 ], [ 5.6741679, 46.4674954 ], [ 5.6744186, 46.4669435 ], [ 5.6749753, 46.4663836 ], [ 5.6754665, 46.4661117 ], [ 5.6775781, 46.4656721 ], [ 5.6784351, 46.4653601 ], [ 5.6790244, 46.4650399 ], [ 5.6794478, 46.4646345 ], [ 5.6797819, 46.4641104 ], [ 5.6805364, 46.4624565 ], [ 5.6815322, 46.4607799 ], [ 5.682551, 46.4594657 ], [ 5.6831177, 46.4590857 ], [ 5.6836556, 46.4588893 ], [ 5.6842433, 46.4588566 ], [ 5.6854205, 46.4595172 ], [ 5.6858944, 46.4596097 ], [ 5.686564, 46.4595741 ], [ 5.6920877, 46.458353 ], [ 5.6940276, 46.4581153 ], [ 5.6948894, 46.4578779 ], [ 5.6955633, 46.4575863 ], [ 5.6963084, 46.4571254 ], [ 5.6968419, 46.4565506 ], [ 5.6972866, 46.4558418 ], [ 5.6983592, 46.4517756 ], [ 5.6984555, 46.4507453 ], [ 5.6983859, 46.4496288 ], [ 5.6977358, 46.4480008 ], [ 5.6976224, 46.4471574 ], [ 5.6976609, 46.4461438 ], [ 5.6980304, 46.4451809 ], [ 5.6999604, 46.4415116 ], [ 5.7000049, 46.4412537 ], [ 5.6997919, 46.4408209 ], [ 5.6992676, 46.4405495 ], [ 5.6978341, 46.4400779 ], [ 5.6967152, 46.4391133 ], [ 5.6961427, 46.4387376 ], [ 5.6955783, 46.4384977 ], [ 5.6948541, 46.438322 ], [ 5.6933617, 46.4381851 ], [ 5.6915519, 46.4378755 ], [ 5.6886917, 46.4370383 ], [ 5.6879273, 46.4365473 ], [ 5.6875118, 46.4360759 ], [ 5.6872898, 46.4354315 ], [ 5.6873962, 46.4338866 ], [ 5.6871572, 46.4333192 ], [ 5.6866978, 46.4328038 ], [ 5.6859499, 46.4322213 ], [ 5.6848536, 46.4316038 ], [ 5.6800044, 46.429524799999989 ], [ 5.6791284, 46.4288552 ], [ 5.6786289, 46.4283417 ], [ 5.6785253, 46.4279819 ], [ 5.6787649, 46.4272348 ], [ 5.6810303, 46.4250517 ], [ 5.6811101, 46.4246867 ], [ 5.6809634, 46.4242982 ], [ 5.6804303, 46.4239242 ], [ 5.6789188, 46.4231497 ], [ 5.6779243, 46.4228766 ], [ 5.6746665, 46.422835899999988 ], [ 5.6738301, 46.4227852 ], [ 5.6732516, 46.422651 ], [ 5.6728363, 46.4224968 ], [ 5.672273, 46.4219549 ], [ 5.6713021, 46.4213632 ], [ 5.6651652, 46.4192705 ], [ 5.6642457, 46.418981099999989 ], [ 5.6630919, 46.4187503 ], [ 5.6623624, 46.4186439 ], [ 5.6613861, 46.4186343 ], [ 5.6580291, 46.4191999 ], [ 5.6572192, 46.419262 ], [ 5.6566866, 46.4191861 ], [ 5.6564341, 46.4190578 ], [ 5.6563014, 46.4188725 ], [ 5.656209, 46.4178854 ], [ 5.6563073, 46.4173083 ], [ 5.6565643, 46.4165383 ], [ 5.6570381, 46.4159425 ], [ 5.6578194, 46.4154279 ], [ 5.6593896, 46.4148228 ], [ 5.6616564, 46.4134104 ], [ 5.6628576, 46.4129067 ], [ 5.6641623, 46.4126276 ], [ 5.6655689, 46.4125172 ], [ 5.6687173, 46.4127572 ], [ 5.6720799, 46.4129001 ], [ 5.6728195, 46.4130288 ], [ 5.6738883, 46.4133605 ], [ 5.6762789, 46.4133658 ], [ 5.6765588, 46.4132817 ], [ 5.6769411, 46.4127114 ], [ 5.6768217, 46.4124277 ], [ 5.6756623, 46.4114422 ], [ 5.6742654, 46.4097298 ], [ 5.6721526, 46.4078124 ], [ 5.671398, 46.4067913 ], [ 5.6712719, 46.406077 ], [ 5.6719021, 46.4039711 ], [ 5.6719465, 46.4030412 ], [ 5.6716634, 46.4017269 ], [ 5.6713823, 46.4011461 ], [ 5.6704816, 46.4005455 ], [ 5.6665033, 46.398603199999989 ], [ 5.6652193, 46.3973511 ], [ 5.6618937, 46.3947123 ], [ 5.6615122, 46.394179799999989 ], [ 5.6610767, 46.392911399999988 ], [ 5.6608279, 46.3925091 ], [ 5.6590646, 46.3910861 ], [ 5.6583229, 46.3907484 ], [ 5.6550699, 46.390098 ], [ 5.6533604, 46.3893224 ], [ 5.6523981, 46.3887853 ], [ 5.6515564, 46.3881282 ], [ 5.6511086, 46.3865475 ], [ 5.6501424, 46.3847482 ], [ 5.6495185, 46.3840716 ], [ 5.6487375, 46.3835366 ], [ 5.6476213, 46.3825876 ], [ 5.6464164, 46.3818227 ], [ 5.6457019, 46.380751 ], [ 5.6456748, 46.3802461 ], [ 5.6459277, 46.3797952 ], [ 5.6465623, 46.379404799999989 ], [ 5.6474905, 46.3790291 ], [ 5.6480462, 46.3786775 ], [ 5.6481982, 46.3782415 ], [ 5.6479175, 46.3770686 ], [ 5.6476071, 46.3764118 ], [ 5.6469839, 46.375828 ], [ 5.64559, 46.374999 ], [ 5.6438996, 46.3742832 ], [ 5.6436775, 46.3740262 ], [ 5.6435205, 46.3735244 ], [ 5.6435496, 46.3721083 ], [ 5.6433546, 46.3719254 ], [ 5.6427137, 46.3716456 ], [ 5.6423734, 46.3713373 ], [ 5.6419251, 46.3707873 ], [ 5.6418016, 46.3703342 ], [ 5.6418008, 46.3699946 ], [ 5.6422628, 46.3689153 ], [ 5.6424088, 46.3677362 ], [ 5.6418346, 46.3670855 ], [ 5.6407403, 46.3663918 ], [ 5.6402394, 46.366207 ], [ 5.6393977, 46.3656211 ], [ 5.638982, 46.3650442 ], [ 5.6387573, 46.3624401 ], [ 5.6384401, 46.3611789 ], [ 5.6378062, 46.3595331 ], [ 5.6430082, 46.3591396 ], [ 5.6429926, 46.3579309 ], [ 5.6433366, 46.3558957 ], [ 5.645289, 46.355663 ], [ 5.6457548, 46.3554756 ], [ 5.6463212, 46.3549453 ], [ 5.6468482, 46.3537357 ], [ 5.6472863, 46.3532696 ], [ 5.6477945, 46.352829799999988 ], [ 5.649255, 46.3519562 ], [ 5.6496757, 46.3513473 ], [ 5.6498378, 46.35002 ], [ 5.6505272, 46.3495598 ], [ 5.6495915, 46.3485373 ], [ 5.6495935, 46.348067799999988 ], [ 5.6491201, 46.3478022 ], [ 5.6490886, 46.3474489 ], [ 5.6495126, 46.3465597 ], [ 5.6494738, 46.3456515 ], [ 5.6511824, 46.3445063 ], [ 5.6523925, 46.3435186 ], [ 5.6542321, 46.3428757 ], [ 5.6559245, 46.3424714 ], [ 5.6566192, 46.3420425 ], [ 5.6567418, 46.3418883 ], [ 5.6569082, 46.3403609 ], [ 5.6574037, 46.3399835 ], [ 5.6574641, 46.3398082 ], [ 5.657481, 46.3387645 ], [ 5.6573431, 46.3383091 ], [ 5.6569404, 46.3373833 ], [ 5.6565127, 46.3366932 ], [ 5.6557267, 46.3358015 ], [ 5.6535875, 46.3329466 ] ] ] ] } },
{ "type": "Feature", "properties": { "code_departement": 39.0, "code_rne": "0390028U", "multisecteur": 0.0 }, "geometry": { "type": "MultiPolygon", "coordinates": [ [ [ [ 6.1013095, 46.4973515 ], [ 6.1035568, 46.4957507 ], [ 6.1043245, 46.4952251 ], [ 6.1056037, 46.4972415 ], [ 6.1039488, 46.4981158 ], [ 6.1018426, 46.4983524 ], [ 6.1013095, 46.4973515 ] ] ], [ [ [ 6.0357648, 46.5114571 ], [ 6.0290818, 46.5135325 ], [ 6.03009, 46.5151446 ], [ 6.0315774, 46.5167749 ], [ 6.0328068, 46.518367 ], [ 6.0331508, 46.5189184 ], [ 6.0334949, 46.5199879 ], [ 6.0371673, 46.5239977 ], [ 6.0391493, 46.522551 ], [ 6.0411496, 46.5212705 ], [ 6.0424122, 46.5206439 ], [ 6.0428305, 46.5203508 ], [ 6.0429073, 46.5148762 ], [ 6.0562632, 46.5237943 ], [ 6.0565201, 46.5237415 ], [ 6.0589244, 46.5222002 ], [ 6.0700127, 46.5311351 ], [ 6.0751842, 46.5351539 ], [ 6.0795228, 46.538747199999989 ], [ 6.0963266, 46.5312763 ], [ 6.097686, 46.530269 ], [ 6.1054105, 46.5358132 ], [ 6.1108295, 46.5395598 ], [ 6.1248858, 46.5481962 ], [ 6.131318, 46.5537985 ], [ 6.1235174, 46.5581318 ], [ 6.1148468, 46.5639733 ], [ 6.103142, 46.5720194 ], [ 6.102063, 46.5726209 ], [ 6.0986956, 46.574755 ], [ 6.0975042, 46.5752892 ], [ 6.0962593, 46.575458 ], [ 6.0954368, 46.5758849 ], [ 6.0907457, 46.57918 ], [ 6.0899542, 46.5803837 ], [ 6.0887129, 46.5816544 ], [ 6.0879871, 46.5821985 ], [ 6.0880491, 46.5823941 ], [ 6.0872578, 46.5827516 ], [ 6.0849619, 46.5843265 ], [ 6.0830899, 46.585771 ], [ 6.0712428, 46.5943545 ], [ 6.068575, 46.596004799999989 ], [ 6.0605587, 46.6006465 ], [ 6.0484849, 46.6078458 ], [ 6.0471742, 46.6063425 ], [ 6.0466107, 46.6055726 ], [ 6.0460501, 46.6045495 ], [ 6.0455553, 46.6033254 ], [ 6.0452991, 46.6019716 ], [ 6.0450691, 46.6014839 ], [ 6.0399288, 46.6003868 ], [ 6.0358063, 46.5974974 ], [ 6.028612, 46.593332 ], [ 6.0247897, 46.5914713 ], [ 6.0158027, 46.5866497 ], [ 6.0146711, 46.5858514 ], [ 6.0095032, 46.5835094 ], [ 6.0081612, 46.5825895 ], [ 6.0062958, 46.5808075 ], [ 6.0048824, 46.5792317 ], [ 6.0030391, 46.5765191 ], [ 6.0021739, 46.5749054 ], [ 6.0009438, 46.5731436 ], [ 5.9995283, 46.5715236 ], [ 5.9962767, 46.5696345 ], [ 5.9948102, 46.5686042 ], [ 5.9941141, 46.5676835 ], [ 5.993485, 46.5670773 ], [ 5.9921021, 46.5650689 ], [ 5.9858184, 46.5569052 ], [ 5.9836261, 46.55468 ], [ 5.981921, 46.5524537 ], [ 5.9806054, 46.5513256 ], [ 5.9759628, 46.548183599999987 ], [ 5.9742107, 46.5466631 ], [ 5.9736628, 46.5460772 ], [ 5.9724999, 46.5453253 ], [ 5.9707168, 46.5439759 ], [ 5.9690419, 46.5424776 ], [ 5.9663274, 46.5403521 ], [ 5.9655892, 46.5400099 ], [ 5.9604517, 46.5371199 ], [ 5.9600301, 46.5369794 ], [ 5.959454, 46.5364942 ], [ 5.9590423, 46.5363193 ], [ 5.958263, 46.5355285 ], [ 5.9568195, 46.533833 ], [ 5.9551528, 46.5316558 ], [ 5.9529118, 46.5274309 ], [ 5.9519033, 46.5258044 ], [ 5.9524478, 46.5225546 ], [ 5.9496918, 46.5214165 ], [ 5.9476516, 46.5203815 ], [ 5.9461933, 46.5197739 ], [ 5.9449711, 46.5188728 ], [ 5.9444085, 46.5186305 ], [ 5.9430395, 46.5174033 ], [ 5.94278, 46.5169486 ], [ 5.9422223, 46.5145256 ], [ 5.9403753, 46.507701499999989 ], [ 5.9401748, 46.5074454 ], [ 5.9399174, 46.5067618 ], [ 5.9395003, 46.506310199999987 ], [ 5.9382776, 46.5053451 ], [ 5.9376453, 46.505381199999988 ], [ 5.9371884, 46.5046991 ], [ 5.9362427, 46.505046 ], [ 5.9273518, 46.5012309 ], [ 5.9207942, 46.4986144 ], [ 5.9238773, 46.4961045 ], [ 5.9253409, 46.4944946 ], [ 5.9257576, 46.4938965 ], [ 5.9261363, 46.4922243 ], [ 5.9267267, 46.4908035 ], [ 5.9284354, 46.4885638 ], [ 5.9294751, 46.4875676 ], [ 5.9288776, 46.4873 ], [ 5.9279731, 46.4870484 ], [ 5.9275285, 46.4866651 ], [ 5.9273092, 46.486176 ], [ 5.9272789, 46.4849063 ], [ 5.9269956, 46.4846117 ], [ 5.926567, 46.4843785 ], [ 5.9260565, 46.4843222 ], [ 5.9249453, 46.4844966 ], [ 5.9241769, 46.483910699999988 ], [ 5.9236491, 46.483044799999988 ], [ 5.9233592, 46.4828206 ], [ 5.9226782, 46.4826488 ], [ 5.9221438, 46.4827049 ], [ 5.9216358, 46.4826458 ], [ 5.9213932, 46.4825736 ], [ 5.920634, 46.4821091 ], [ 5.920415, 46.481893899999989 ], [ 5.9202008, 46.4812056 ], [ 5.9200347, 46.4810513 ], [ 5.9198055, 46.4809373 ], [ 5.9192384, 46.4804066 ], [ 5.9185573, 46.4801095 ], [ 5.9177608, 46.4795334 ], [ 5.9174954, 46.4791329 ], [ 5.9173801, 46.4786592 ], [ 5.9169983, 46.4785689 ], [ 5.9164756, 46.4786237 ], [ 5.9157234, 46.4785834 ], [ 5.9153581, 46.4783855 ], [ 5.9152349, 46.4779606 ], [ 5.9158548, 46.477333 ], [ 5.9162341, 46.476743 ], [ 5.9163356, 46.4763485 ], [ 5.916164, 46.4757248 ], [ 5.9155904, 46.4750717 ], [ 5.9152097, 46.4748796 ], [ 5.914579, 46.4747921 ], [ 5.9135941, 46.4747875 ], [ 5.9129598, 46.4745595 ], [ 5.9126082, 46.4742774 ], [ 5.9124636, 46.4740107 ], [ 5.9118024, 46.4735726 ], [ 5.9111696, 46.4733472 ], [ 5.9100941, 46.4731367 ], [ 5.9098924, 46.4726814 ], [ 5.9094325, 46.4722255 ], [ 5.9082228, 46.4721626 ], [ 5.907851, 46.4723324 ], [ 5.9067581, 46.4721359 ], [ 5.9063322, 46.4717791 ], [ 5.9059439, 46.4708311 ], [ 5.9050138, 46.4701916 ], [ 5.9046153, 46.4697106 ], [ 5.9036939, 46.4681311 ], [ 5.9034517, 46.4679165 ], [ 5.9023195, 46.467569499999989 ], [ 5.9016334, 46.4669526 ], [ 5.9007517, 46.4666812 ], [ 5.9001336, 46.4663861 ], [ 5.8994782, 46.4653656 ], [ 5.8980376, 46.465103 ], [ 5.8976021, 46.4646608 ], [ 5.8972109, 46.4639012 ], [ 5.8966388, 46.4631706 ], [ 5.8945793, 46.4618577 ], [ 5.8944046, 46.4616125 ], [ 5.894209, 46.4609236 ], [ 5.8936522, 46.4602349 ], [ 5.893659, 46.4598464 ], [ 5.8939763, 46.4592662 ], [ 5.893828, 46.4587563 ], [ 5.8927903, 46.4578014 ], [ 5.8926013, 46.457433099999989 ], [ 5.8929596, 46.4568636 ], [ 5.8933792, 46.4566124 ], [ 5.8941443, 46.4563136 ], [ 5.8943387, 46.4560204 ], [ 5.8940155, 46.455533 ], [ 5.8933262, 46.454852099999989 ], [ 5.8925648, 46.4544587 ], [ 5.8930746, 46.4542377 ], [ 5.8935351, 46.453506 ], [ 5.8942922, 46.4529336 ], [ 5.8948981, 46.4527561 ], [ 5.8949063, 46.4513385 ], [ 5.8936496, 46.4504783 ], [ 5.8920505, 46.4491591 ], [ 5.8894996, 46.4467773 ], [ 5.8913802, 46.4454655 ], [ 5.8899426, 46.4445576 ], [ 5.8911658, 46.4433381 ], [ 5.8924418, 46.4425741 ], [ 5.8933393, 46.4430055 ], [ 5.893882, 46.4431116 ], [ 5.8971177, 46.440985 ], [ 5.8993208, 46.4399127 ], [ 5.9015189, 46.4410742 ], [ 5.9039082, 46.4421551 ], [ 5.9075253, 46.443084 ], [ 5.9098605, 46.4444896 ], [ 5.9130366, 46.4427218 ], [ 5.9141717, 46.4408141 ], [ 5.9148306, 46.4399242 ], [ 5.9165963, 46.4391114 ], [ 5.9179869, 46.4378657 ], [ 5.919283, 46.4373162 ], [ 5.9205447, 46.4359774 ], [ 5.9224441, 46.4351827 ], [ 5.9235069, 46.4343914 ], [ 5.9244048, 46.4340025 ], [ 5.9368813, 46.4339084 ], [ 5.9381218, 46.4340991 ], [ 5.9386232, 46.4339708 ], [ 5.9414838, 46.4338728 ], [ 5.9454993, 46.4338747 ], [ 5.9462565, 46.4335848 ], [ 5.9464689, 46.4338253 ], [ 5.9547314, 46.4337469 ], [ 5.9578072, 46.433843 ], [ 5.9603145, 46.4337924 ], [ 5.9650275, 46.4285672 ], [ 5.9673265, 46.4261988 ], [ 5.9704981, 46.424926899999988 ], [ 5.9767869, 46.4225644 ], [ 5.9834538, 46.421573 ], [ 5.9858236, 46.4213993 ], [ 5.9864361, 46.4215445 ], [ 5.9868456, 46.4218123 ], [ 5.986831, 46.4221641 ], [ 5.9897019, 46.4230035 ], [ 5.9911725, 46.4229461 ], [ 5.9929758, 46.423489 ], [ 5.9935004, 46.4233843 ], [ 5.9949204, 46.4237354 ], [ 5.9957636, 46.4235474 ], [ 5.9964623, 46.4235994 ], [ 5.997055, 46.4236911 ], [ 5.9985177, 46.4242474 ], [ 5.99903, 46.4241807 ], [ 5.9995127, 46.4242149 ], [ 5.9999863, 46.4247458 ], [ 6.0003013, 46.4255459 ], [ 6.0001133, 46.4262041 ], [ 5.9999855, 46.4282647 ], [ 6.0005812, 46.4294043 ], [ 6.0018452, 46.431321 ], [ 6.0035176, 46.433246 ], [ 6.0048004, 46.434317 ], [ 6.0053293, 46.4353763 ], [ 6.0067781, 46.4362897 ], [ 6.0084424, 46.4375407 ], [ 6.0086484, 46.4380372 ], [ 6.009007, 46.4383486 ], [ 6.0116355, 46.439968 ], [ 6.0125764, 46.4404604 ], [ 6.0128367, 46.4404526 ], [ 6.0132182, 46.4403047 ], [ 6.0139248, 46.4397625 ], [ 6.0149711, 46.4391428 ], [ 6.0159955, 46.4389995 ], [ 6.0169738, 46.4390124 ], [ 6.018127, 46.4385115 ], [ 6.0208461, 46.438208 ], [ 6.0210272, 46.4379239 ], [ 6.0214296, 46.437706 ], [ 6.0246349, 46.4368389 ], [ 6.0260133, 46.438519 ], [ 6.0263611, 46.438399 ], [ 6.0278559, 46.4398732 ], [ 6.0292971, 46.4410858 ], [ 6.032258, 46.4396212 ], [ 6.0337412, 46.4413057 ], [ 6.0343872, 46.4430772 ], [ 6.0317926, 46.443467 ], [ 6.0298623, 46.4438931 ], [ 6.0282811, 46.4443648 ], [ 6.0246859, 46.4460822 ], [ 6.0208529, 46.4485716 ], [ 6.0190513, 46.4498457 ], [ 6.0178937, 46.448904 ], [ 6.0174486, 46.4491302 ], [ 6.015688, 46.447798 ], [ 6.0147107, 46.4472633 ], [ 6.0141092, 46.4470891 ], [ 6.0137162, 46.447055299999988 ], [ 6.0125408, 46.4470638 ], [ 6.0122247, 46.4472415 ], [ 6.0108317, 46.4473702 ], [ 6.009758, 46.4476859 ], [ 6.00824, 46.4477232 ], [ 6.0079249, 46.4478487 ], [ 6.0072061, 46.4470827 ], [ 6.0060733, 46.4475091 ], [ 6.0067672, 46.4481072 ], [ 6.0062865, 46.4483505 ], [ 6.0052744, 46.4484375 ], [ 6.0044392, 46.4483514 ], [ 6.0036458, 46.4484083 ], [ 6.0027166, 46.4483426 ], [ 6.0020075, 46.4485577 ], [ 6.0037538, 46.4506537 ], [ 6.0037012, 46.4508353 ], [ 6.0018519, 46.4523392 ], [ 6.0027175, 46.4525985 ], [ 6.0014934, 46.4538337 ], [ 6.0003847, 46.4538241 ], [ 5.9998993, 46.4533899 ], [ 5.9994542, 46.4531673 ], [ 5.9983934, 46.4535312 ], [ 5.9988374, 46.454327 ], [ 5.9983906, 46.4547613 ], [ 5.9985419, 46.4554025 ], [ 5.9982936, 46.4557722 ], [ 5.9975014, 46.456066 ], [ 5.9980201, 46.4566796 ], [ 5.9981101, 46.4570359 ], [ 5.9981462, 46.45831 ], [ 5.9979152, 46.4609148 ], [ 5.9970042, 46.4602836 ], [ 5.9948248, 46.4595136 ], [ 5.9943702, 46.4592128 ], [ 5.9941086, 46.4588908 ], [ 5.9934564, 46.4585529 ], [ 5.9915512, 46.4611636 ], [ 6.0067535, 46.465814699999989 ], [ 6.0101792, 46.4642897 ], [ 6.0116372, 46.4639819 ], [ 6.0151579, 46.464771 ], [ 6.0161096, 46.465459 ], [ 6.0173653, 46.4680775 ], [ 6.0179842, 46.4682276 ], [ 6.0213996, 46.4694054 ], [ 6.021918, 46.4696504 ], [ 6.0223827, 46.471496 ], [ 6.0251108, 46.4744214 ], [ 6.0268676, 46.4739635 ], [ 6.0295409, 46.4743683 ], [ 6.0305396, 46.4750559 ], [ 6.0330088, 46.4764508 ], [ 6.0338748, 46.4764555 ], [ 6.0408922, 46.478813 ], [ 6.0402647, 46.4794722 ], [ 6.039339, 46.4796437 ], [ 6.038842, 46.4798272 ], [ 6.0437913, 46.4823826 ], [ 6.0462203, 46.4843848 ], [ 6.0462082, 46.4854501 ], [ 6.0401546, 46.4869137 ], [ 6.0413044, 46.488167 ], [ 6.0422661, 46.4885205 ], [ 6.047424, 46.4879666 ], [ 6.0476749, 46.4884588 ], [ 6.0483911, 46.491006 ], [ 6.0465618, 46.4919302 ], [ 6.0450014, 46.4929507 ], [ 6.0425193, 46.4934769 ], [ 6.0351667, 46.4900059 ], [ 6.0354274, 46.486307 ], [ 6.0338253, 46.4840794 ], [ 6.0342856, 46.4836502 ], [ 6.034759, 46.4834132 ], [ 6.0351079, 46.4833778 ], [ 6.0357328, 46.4829098 ], [ 6.0363225, 46.4822637 ], [ 6.030756, 46.4806799 ], [ 6.0281937, 46.4823013 ], [ 6.0265904, 46.4820825 ], [ 6.0242638, 46.4824205 ], [ 6.0209253, 46.4822429 ], [ 6.0195687, 46.4825605 ], [ 6.0184247, 46.483112 ], [ 6.0176597, 46.4841296 ], [ 6.0225515, 46.4845855 ], [ 6.0253058, 46.4849309 ], [ 6.0265592, 46.484648 ], [ 6.0274934, 46.4848957 ], [ 6.0283785, 46.4848724 ], [ 6.0289712, 46.4841377 ], [ 6.0295425, 46.4840757 ], [ 6.0307854, 46.4841864 ], [ 6.0333935, 46.4842304 ], [ 6.0331023, 46.4843286 ], [ 6.0329653, 46.4848206 ], [ 6.0326285, 46.4849575 ], [ 6.0324212, 46.4851469 ], [ 6.0323196, 46.4855262 ], [ 6.0318789, 46.4855307 ], [ 6.0314776, 46.4856558 ], [ 6.0313258, 46.4862816 ], [ 6.0309782, 46.4870653 ], [ 6.0307453, 46.4871146 ], [ 6.0295526, 46.4877859 ], [ 6.0303391, 46.4880487 ], [ 6.0302263, 46.4882581 ], [ 6.0297223, 46.488439 ], [ 6.0290487, 46.488435 ], [ 6.0289624, 46.4885658 ], [ 6.0285925, 46.488690899999987 ], [ 6.0285324, 46.4888381 ], [ 6.029548, 46.4908562 ], [ 6.0296433, 46.4919777 ], [ 6.0310942, 46.4922469 ], [ 6.031468, 46.4931718 ], [ 6.031469, 46.4968055 ], [ 6.0316718, 46.4971222 ], [ 6.0340671, 46.4991642 ], [ 6.0353749, 46.4998007 ], [ 6.0344297, 46.5017825 ], [ 6.0337988, 46.5026054 ], [ 6.0332427, 46.5044803 ], [ 6.0331542, 46.5061152 ], [ 6.0332399, 46.5064134 ], [ 6.0341872, 46.5078112 ], [ 6.0357648, 46.5114571 ] ], [ [ 5.9980747, 46.4775324 ], [ 6.0037199, 46.4810066 ], [ 6.0040541, 46.4811312 ], [ 6.0074248, 46.483203 ], [ 6.009845, 46.4777224 ], [ 6.0061051, 46.4751525 ], [ 6.00462, 46.472266 ], [ 6.0041665, 46.4722936 ], [ 6.0023363, 46.4735447 ], [ 5.9980747, 46.4775324 ] ], [ [ 6.0271728, 46.5034989 ], [ 6.0277701, 46.5043966 ], [ 6.028401, 46.5041287 ], [ 6.0283862, 46.5038607 ], [ 6.0274227, 46.5038439 ], [ 6.0279154, 46.5034341 ], [ 6.0275125, 46.5033611 ], [ 6.0271728, 46.5034989 ] ] ], [ [ [ 6.0939861, 46.5038421 ], [ 6.0994185, 46.5032214 ], [ 6.1030145, 46.503049 ], [ 6.1040957, 46.5024895 ], [ 6.1064601, 46.5039031 ], [ 6.1070966, 46.5040945 ], [ 6.109262, 46.5043338 ], [ 6.1070249, 46.50804 ], [ 6.108272, 46.5083967 ], [ 6.1098048, 46.5089584 ], [ 6.1097163, 46.5099374 ], [ 6.1098255, 46.51076 ], [ 6.1128817, 46.5098163 ], [ 6.1169393, 46.513502 ], [ 6.1164224, 46.5138116 ], [ 6.1157405, 46.515928099999989 ], [ 6.1150612, 46.5172912 ], [ 6.1121558, 46.5190549 ], [ 6.1108339, 46.5173623 ], [ 6.1091273, 46.515723 ], [ 6.1077367, 46.5149467 ], [ 6.1070516, 46.5142234 ], [ 6.1064812, 46.5139465 ], [ 6.1042914, 46.5125095 ], [ 6.1030719, 46.511407 ], [ 6.1019759, 46.509974 ], [ 6.1012496, 46.5096053 ], [ 6.0996089, 46.5089598 ], [ 6.0988325, 46.5084632 ], [ 6.0972337, 46.5071129 ], [ 6.0955459, 46.5058511 ], [ 6.0939861, 46.5038421 ] ] ] ] } },
{ "type": "Feature", "properties": { "code_departement": 39.0, "code_rne": "0390031X", "multisecteur": 0.0 }, "geometry": { "type": "MultiPolygon", "coordinates": [ [ [ [ 5.6408234, 46.4523457 ], [ 5.64081, 46.4517739 ], [ 5.6409507, 46.451422 ], [ 5.6415597, 46.4510502 ], [ 5.6418527, 46.4511777 ], [ 5.6420327, 46.4511267 ], [ 5.6424272, 46.4505779 ], [ 5.6424654, 46.4500481 ], [ 5.6421771, 46.4494511 ], [ 5.6425659, 46.4480862 ], [ 5.6426296, 46.4467918 ], [ 5.6432912, 46.4459476 ], [ 5.643844, 46.4441753 ], [ 5.6440037, 46.4439734 ], [ 5.6437804, 46.443292899999989 ], [ 5.6439204, 46.4420941 ], [ 5.6442084, 46.4414739 ], [ 5.644608, 46.4399852 ], [ 5.6452577, 46.4395945 ], [ 5.6455264, 46.4389819 ], [ 5.6458515, 46.4376508 ], [ 5.6458686, 46.4370081 ], [ 5.6464696, 46.4363409 ], [ 5.6460968, 46.4356144 ], [ 5.645243, 46.4332971 ], [ 5.6450053, 46.4323989 ], [ 5.6445032, 46.4313402 ], [ 5.6445148, 46.4309345 ], [ 5.6504475, 46.4307203 ], [ 5.6505796, 46.4310794 ], [ 5.6567698, 46.4308265 ], [ 5.6567807, 46.4306749 ], [ 5.6584992, 46.4312061 ], [ 5.6589601, 46.4305025 ], [ 5.6599248, 46.4298169 ], [ 5.6613328, 46.4283624 ], [ 5.6617919, 46.4267164 ], [ 5.6612538, 46.4264226 ], [ 5.6610769, 46.4260267 ], [ 5.6611626, 46.4239903 ], [ 5.6615042, 46.423595 ], [ 5.6615146, 46.4232469 ], [ 5.6612629, 46.4229744 ], [ 5.6609355, 46.4227802 ], [ 5.6592815, 46.4226845 ], [ 5.6575849, 46.4221168 ], [ 5.6558884, 46.4214706 ], [ 5.6538523, 46.4204567 ], [ 5.6536966, 46.4202269 ], [ 5.6535921, 46.4188554 ], [ 5.653173, 46.4174155 ], [ 5.653267, 46.4162943 ], [ 5.6534754, 46.4158642 ], [ 5.6548203, 46.4145625 ], [ 5.6574352, 46.4129673 ], [ 5.6583549, 46.4125395 ], [ 5.6609231, 46.4118076 ], [ 5.6615717, 46.4113248 ], [ 5.6618563, 46.4114975 ], [ 5.6621836, 46.4115322 ], [ 5.6632374, 46.411291399999989 ], [ 5.6641033, 46.4109928 ], [ 5.6671364, 46.4105264 ], [ 5.6705093, 46.4105385 ], [ 5.6712165, 46.4106157 ], [ 5.6720942, 46.4108239 ], [ 5.6754081, 46.4110941 ], [ 5.6756623, 46.4114422 ], [ 5.6769218, 46.4125839 ], [ 5.6768499, 46.4128965 ], [ 5.6764303, 46.413346 ], [ 5.6738883, 46.4133605 ], [ 5.6728195, 46.4130288 ], [ 5.6720799, 46.4129001 ], [ 5.6687173, 46.4127572 ], [ 5.6655689, 46.4125172 ], [ 5.6635176, 46.4127363 ], [ 5.6623302, 46.4130956 ], [ 5.6616564, 46.4134104 ], [ 5.6593896, 46.4148228 ], [ 5.6578194, 46.4154279 ], [ 5.6570381, 46.4159425 ], [ 5.6565643, 46.4165383 ], [ 5.6563073, 46.4173083 ], [ 5.6562134, 46.4184295 ], [ 5.6563014, 46.4188725 ], [ 5.6564341, 46.4190578 ], [ 5.6566866, 46.4191861 ], [ 5.6572192, 46.419262 ], [ 5.6580291, 46.4191999 ], [ 5.6613861, 46.4186343 ], [ 5.6623624, 46.4186439 ], [ 5.6630919, 46.4187503 ], [ 5.6642457, 46.418981099999989 ], [ 5.6651652, 46.4192705 ], [ 5.6713021, 46.4213632 ], [ 5.672273, 46.4219549 ], [ 5.6728363, 46.4224968 ], [ 5.6732516, 46.422651 ], [ 5.6738301, 46.4227852 ], [ 5.6746665, 46.422835899999988 ], [ 5.6779243, 46.4228766 ], [ 5.6789188, 46.4231497 ], [ 5.6804303, 46.4239242 ], [ 5.6809634, 46.4242982 ], [ 5.6811101, 46.4246867 ], [ 5.6810303, 46.4250517 ], [ 5.6787649, 46.4272348 ], [ 5.6785253, 46.4279819 ], [ 5.6786289, 46.4283417 ], [ 5.6791284, 46.4288552 ], [ 5.6800044, 46.429524799999989 ], [ 5.6848536, 46.4316038 ], [ 5.6859499, 46.4322213 ], [ 5.6866978, 46.4328038 ], [ 5.6871572, 46.4333192 ], [ 5.6873962, 46.4338866 ], [ 5.6872898, 46.4354315 ], [ 5.6875118, 46.4360759 ], [ 5.6879273, 46.4365473 ], [ 5.6886917, 46.4370383 ], [ 5.6915519, 46.4378755 ], [ 5.6933617, 46.4381851 ], [ 5.6948541, 46.438322 ], [ 5.6955783, 46.4384977 ], [ 5.6961427, 46.4387376 ], [ 5.6967152, 46.4391133 ], [ 5.6978341, 46.4400779 ], [ 5.6992676, 46.4405495 ], [ 5.6997919, 46.4408209 ], [ 5.7000049, 46.4412537 ], [ 5.6999604, 46.4415116 ], [ 5.6980304, 46.4451809 ], [ 5.6976609, 46.4461438 ], [ 5.6976224, 46.4471574 ], [ 5.6977358, 46.4480008 ], [ 5.6983859, 46.4496288 ], [ 5.6984555, 46.4507453 ], [ 5.6983592, 46.4517756 ], [ 5.6972866, 46.4558418 ], [ 5.6968419, 46.4565506 ], [ 5.6963084, 46.4571254 ], [ 5.6955633, 46.4575863 ], [ 5.6948894, 46.4578779 ], [ 5.6940276, 46.4581153 ], [ 5.6920877, 46.458353 ], [ 5.686564, 46.4595741 ], [ 5.6858944, 46.4596097 ], [ 5.6854205, 46.4595172 ], [ 5.6842433, 46.4588566 ], [ 5.6836556, 46.4588893 ], [ 5.6831177, 46.4590857 ], [ 5.682551, 46.4594657 ], [ 5.6815322, 46.4607799 ], [ 5.6805364, 46.4624565 ], [ 5.6797819, 46.4641104 ], [ 5.6794478, 46.4646345 ], [ 5.6790244, 46.4650399 ], [ 5.6784351, 46.4653601 ], [ 5.6775781, 46.4656721 ], [ 5.6754665, 46.4661117 ], [ 5.6749753, 46.4663836 ], [ 5.6744186, 46.4669435 ], [ 5.6741877, 46.4674472 ], [ 5.6741229, 46.4680406 ], [ 5.6744996, 46.4701905 ], [ 5.6743742, 46.4734586 ], [ 5.6747322, 46.4746422 ], [ 5.6738892, 46.4774486 ], [ 5.6740533, 46.4784566 ], [ 5.6758954, 46.4812587 ], [ 5.6767174, 46.4826999 ], [ 5.6771742, 46.4831559 ], [ 5.6777153, 46.4833658 ], [ 5.6798203, 46.4837876 ], [ 5.6804278, 46.4840725 ], [ 5.6819016, 46.4851317 ], [ 5.6824673, 46.4853878 ], [ 5.6833131, 46.4855599 ], [ 5.6849335, 46.4857534 ], [ 5.6854551, 46.4859339 ], [ 5.6858614, 46.4862397 ], [ 5.686067, 46.4866268 ], [ 5.6861133, 46.4880159 ], [ 5.6858535, 46.4890969 ], [ 5.6855403, 46.4896502 ], [ 5.6832234, 46.4923778 ], [ 5.6828863, 46.4931885 ], [ 5.6824468, 46.4936403 ], [ 5.6815586, 46.4940441 ], [ 5.679786, 46.4943685 ], [ 5.6783847, 46.4947879 ], [ 5.6772151, 46.4953054 ], [ 5.6753156, 46.4965554 ], [ 5.6749776, 46.4973508 ], [ 5.6727507, 46.4964749 ], [ 5.6723817, 46.4969313 ], [ 5.6714676, 46.4984852 ], [ 5.6712555, 46.4993217 ], [ 5.6712327, 46.5004259 ], [ 5.6713204, 46.5008582 ], [ 5.6727318, 46.5031145 ], [ 5.6747366, 46.5043758 ], [ 5.6761995, 46.5054173 ], [ 5.67679, 46.5055657 ], [ 5.6796583, 46.507295 ], [ 5.6800224, 46.5075874 ], [ 5.678474, 46.5079426 ], [ 5.6779574, 46.5079728 ], [ 5.6773585, 46.5081868 ], [ 5.6763639, 46.5090831 ], [ 5.674498, 46.5082357 ], [ 5.6735328, 46.5081124 ], [ 5.6731335, 46.5082451 ], [ 5.672407, 46.5087045 ], [ 5.6709319, 46.5099444 ], [ 5.670459, 46.5101997 ], [ 5.6702514, 46.5104631 ], [ 5.6702479, 46.5107659 ], [ 5.6706126, 46.5113898 ], [ 5.6708482, 46.5115636 ], [ 5.6725652, 46.5123299 ], [ 5.6733667, 46.5127598 ], [ 5.6738194, 46.5131547 ], [ 5.6741515, 46.5135676 ], [ 5.6743008, 46.5143498 ], [ 5.675052, 46.5156422 ], [ 5.6751708, 46.516227799999989 ], [ 5.6750176, 46.5169882 ], [ 5.6750798, 46.5173498 ], [ 5.6756629, 46.517876699999988 ], [ 5.6772807, 46.5190074 ], [ 5.678246, 46.52043 ], [ 5.6786224, 46.5206004 ], [ 5.6791774, 46.5206595 ], [ 5.679806, 46.5205961 ], [ 5.681514, 46.5202137 ], [ 5.6819249, 46.5202617 ], [ 5.6837777, 46.5208868 ], [ 5.6842082, 46.5209343 ], [ 5.687489, 46.5208987 ], [ 5.6899518, 46.5211598 ], [ 5.6915668, 46.5215659 ], [ 5.6937138, 46.5216685 ], [ 5.695917, 46.521695 ], [ 5.6969723, 46.5216035 ], [ 5.6978152, 46.5214115 ], [ 5.698709, 46.5210381 ], [ 5.6991767, 46.5209937 ], [ 5.6996087, 46.5210718 ], [ 5.700883, 46.522213 ], [ 5.7013881, 46.5228173 ], [ 5.7014098, 46.5231493 ], [ 5.7012298, 46.5235482 ], [ 5.7008305, 46.5239973 ], [ 5.6992185, 46.525421 ], [ 5.6981295, 46.5261261 ], [ 5.6958407, 46.5281198 ], [ 5.6944139, 46.5288319 ], [ 5.69265, 46.5295131 ], [ 5.6912107, 46.5299741 ], [ 5.690339, 46.5300594 ], [ 5.6888618, 46.529568 ], [ 5.6869163, 46.5283145 ], [ 5.6855454, 46.5284431 ], [ 5.6839086, 46.5288699 ], [ 5.6827671, 46.5296535 ], [ 5.6816854, 46.5305122 ], [ 5.679728, 46.5324384 ], [ 5.6777364, 46.536379 ], [ 5.6770371, 46.538064 ], [ 5.6766494, 46.5406958 ], [ 5.6759894, 46.5406292 ], [ 5.673439, 46.5416042 ], [ 5.67094, 46.5423527 ], [ 5.6696546, 46.5426602 ], [ 5.6686537, 46.5433647 ], [ 5.6676929, 46.5436637 ], [ 5.6651654, 46.5442064 ], [ 5.6646703, 46.5441486 ], [ 5.6640425, 46.5445272 ], [ 5.6584262, 46.5457804 ], [ 5.6564064, 46.5458391 ], [ 5.6553121, 46.5462393 ], [ 5.6543577, 46.546484 ], [ 5.6524066, 46.546586 ], [ 5.6515008, 46.546702499999988 ], [ 5.6466479, 46.5484645 ], [ 5.6445567, 46.5505508 ], [ 5.6474753, 46.5555989 ], [ 5.6463049, 46.5620713 ], [ 5.6454746, 46.5645267 ], [ 5.6459314, 46.5687911 ], [ 5.6456572, 46.5696542 ], [ 5.649006, 46.5699624 ], [ 5.6503149, 46.5700141 ], [ 5.6512114, 46.5707987 ], [ 5.6514591, 46.5716471 ], [ 5.6513842, 46.5725498 ], [ 5.6515916, 46.5738045 ], [ 5.6513442, 46.5740364 ], [ 5.6513849, 46.5747111 ], [ 5.6520144, 46.576448 ], [ 5.6530611, 46.5786238 ], [ 5.6543453, 46.5803878 ], [ 5.6543667, 46.5807468 ], [ 5.6536684, 46.5810829 ], [ 5.653428, 46.5814047 ], [ 5.6533842, 46.5817661 ], [ 5.6542945, 46.5827756 ], [ 5.6544578, 46.5833106 ], [ 5.6548957, 46.5840636 ], [ 5.6556576, 46.5847621 ], [ 5.6566428, 46.5865277 ], [ 5.6575287, 46.587945 ], [ 5.6579416, 46.5884237 ], [ 5.6581025, 46.5890975 ], [ 5.6585353, 46.5901713 ], [ 5.6574196, 46.590608 ], [ 5.6579577, 46.5914037 ], [ 5.658263, 46.5921146 ], [ 5.6584707, 46.5933693 ], [ 5.6600698, 46.5981171 ], [ 5.6600816, 46.5994007 ], [ 5.6605315, 46.6005831 ], [ 5.6598282, 46.6013301 ], [ 5.6590672, 46.6015108 ], [ 5.6576595, 46.6020742 ], [ 5.6562837, 46.6037206 ], [ 5.6539819, 46.6048217 ], [ 5.6541799, 46.6049694 ], [ 5.6532776, 46.6056318 ], [ 5.6522867, 46.606516899999988 ], [ 5.6513827, 46.6078154 ], [ 5.6514729, 46.6081115 ], [ 5.6507508, 46.6080201 ], [ 5.6506929, 46.6082287 ], [ 5.6536997, 46.613589 ], [ 5.6525374, 46.6138033 ], [ 5.6517839, 46.6140352 ], [ 5.6524754, 46.6141931 ], [ 5.6497142, 46.6146507 ], [ 5.6490131, 46.6149408 ], [ 5.648777, 46.6153535 ], [ 5.6489617, 46.6155763 ], [ 5.6474406, 46.6155934 ], [ 5.6431696, 46.6169741 ], [ 5.6411455, 46.6172406 ], [ 5.6392377, 46.6173458 ], [ 5.6392567, 46.6172787 ], [ 5.6402725, 46.6169256 ], [ 5.6396885, 46.6162885 ], [ 5.6366628, 46.6169042 ], [ 5.6366448, 46.6174515 ], [ 5.6353275, 46.6176809 ], [ 5.6337651, 46.6177889 ], [ 5.6331693, 46.6179062 ], [ 5.6330351, 46.6181057 ], [ 5.63197, 46.6183049 ], [ 5.6317886, 46.6182307 ], [ 5.6309842, 46.61836 ], [ 5.6306246, 46.6183602 ], [ 5.6303938, 46.6180763 ], [ 5.6291061, 46.618241 ], [ 5.6289748, 46.6179593 ], [ 5.6285919, 46.6179915 ], [ 5.6284875, 46.6177254 ], [ 5.6274942, 46.617923 ], [ 5.6271566, 46.6169974 ], [ 5.6264196, 46.6171674 ], [ 5.6255802, 46.6172488 ], [ 5.6251906, 46.6172506 ], [ 5.6248324, 46.6170885 ], [ 5.6226819, 46.6178269 ], [ 5.6220256, 46.617123 ], [ 5.6219349, 46.6168143 ], [ 5.6225011, 46.6167347 ], [ 5.6226442, 46.6165296 ], [ 5.6223379, 46.6155203 ], [ 5.6221034, 46.6151581 ], [ 5.6223887, 46.6150282 ], [ 5.622293, 46.6143718 ], [ 5.6221052, 46.6140833 ], [ 5.6218105, 46.6142072 ], [ 5.6217838, 46.6144393 ], [ 5.6215942, 46.6146292 ], [ 5.6208468, 46.6150175 ], [ 5.6198027, 46.6151919 ], [ 5.618551, 46.6155088 ], [ 5.6184639, 46.6150837 ], [ 5.6181336, 46.6146868 ], [ 5.617747, 46.6146127 ], [ 5.6177055, 46.6144299 ], [ 5.6170313, 46.6139227 ], [ 5.6156999, 46.6132054 ], [ 5.6157271, 46.6130102 ], [ 5.6159051, 46.612852 ], [ 5.6132684, 46.6124753 ], [ 5.6134404, 46.6107236 ], [ 5.6134904, 46.6066475 ], [ 5.6133183, 46.6059776 ], [ 5.6131923, 46.6056669 ], [ 5.6126505, 46.6050558 ], [ 5.6114482, 46.602474199999989 ], [ 5.6094334, 46.598975 ], [ 5.6072521, 46.5962507 ], [ 5.6067457, 46.5957478 ], [ 5.6062246, 46.5948002 ], [ 5.6058196, 46.5939301 ], [ 5.6048689, 46.5894958 ], [ 5.6017736, 46.5897815 ], [ 5.5980633, 46.5905414 ], [ 5.5964544, 46.5910311 ], [ 5.5964742, 46.591363 ], [ 5.5958267, 46.5912957 ], [ 5.5952633, 46.5914572 ], [ 5.5952597, 46.5914095 ], [ 5.5949995, 46.5914343 ], [ 5.5903548, 46.5923629 ], [ 5.5884019, 46.5924639 ], [ 5.5860636, 46.5922374 ], [ 5.5856408, 46.5921127 ], [ 5.5841261, 46.5931037 ], [ 5.5855092, 46.5938265 ], [ 5.5860872, 46.5943847 ], [ 5.5860846, 46.5953199 ], [ 5.5856437, 46.595392 ], [ 5.5851199, 46.5963345 ], [ 5.585386, 46.596487 ], [ 5.5868404, 46.5965109 ], [ 5.5873532, 46.597812 ], [ 5.5870894, 46.597872 ], [ 5.5872785, 46.599265 ], [ 5.5863707, 46.5993594 ], [ 5.5858102, 46.599336 ], [ 5.5854002, 46.5992345 ], [ 5.5853643, 46.599056 ], [ 5.5847986, 46.5991174 ], [ 5.5842599, 46.6007359 ], [ 5.5828586, 46.6013108 ], [ 5.5821659, 46.6013679 ], [ 5.581943, 46.6006107 ], [ 5.5816542, 46.6001433 ], [ 5.5814592, 46.5995315 ], [ 5.5813819, 46.5991152 ], [ 5.581453, 46.598519 ], [ 5.5813307, 46.5982551 ], [ 5.5807884, 46.597707 ], [ 5.5800333, 46.5982654 ], [ 5.5786853, 46.6000192 ], [ 5.5780414, 46.6011337 ], [ 5.5782827, 46.6015914 ], [ 5.5772259, 46.6033152 ], [ 5.5760951, 46.6048857 ], [ 5.5772597, 46.6056298 ], [ 5.577863, 46.6061126 ], [ 5.5765804, 46.6062739 ], [ 5.5761704, 46.6058426 ], [ 5.5749503, 46.6062169 ], [ 5.5752856, 46.6068391 ], [ 5.575467, 46.607689 ], [ 5.5751573, 46.6079681 ], [ 5.5744136, 46.6078596 ], [ 5.5738626, 46.6097513 ], [ 5.5709042, 46.6102763 ], [ 5.5707277, 46.6101109 ], [ 5.569056, 46.6105051 ], [ 5.5689711, 46.6107286 ], [ 5.5683111, 46.6106768 ], [ 5.5683776, 46.6101753 ], [ 5.5682472, 46.608935 ], [ 5.5683812, 46.6081464 ], [ 5.5676949, 46.6077302 ], [ 5.5669328, 46.607759 ], [ 5.5667503, 46.6072162 ], [ 5.5658288, 46.607107199999987 ], [ 5.5659893, 46.606518 ], [ 5.5657887, 46.6058135 ], [ 5.5650725, 46.6053727 ], [ 5.564774, 46.6047515 ], [ 5.564876, 46.6031726 ], [ 5.5622401, 46.6027965 ], [ 5.5601223, 46.6023168 ], [ 5.5599077, 46.6020072 ], [ 5.5599047, 46.6016109 ], [ 5.5594357, 46.60067 ], [ 5.5582152, 46.5988135 ], [ 5.5580361, 46.5975337 ], [ 5.5591074, 46.5968314 ], [ 5.5599764, 46.5956335 ], [ 5.5580115, 46.5953982 ], [ 5.5578386, 46.5957795 ], [ 5.5561862, 46.5961317 ], [ 5.5564671, 46.5968822 ], [ 5.5571445, 46.5974185 ], [ 5.5559734, 46.5974996 ], [ 5.5554415, 46.596944799999989 ], [ 5.5552737, 46.5964332 ], [ 5.5538427, 46.5966858 ], [ 5.5539523, 46.5968762 ], [ 5.5541538, 46.5969663 ], [ 5.5542277, 46.59737 ], [ 5.5532138, 46.5974881 ], [ 5.5533012, 46.5978457 ], [ 5.553172, 46.5980179 ], [ 5.552634, 46.5980281 ], [ 5.5526561, 46.5986654 ], [ 5.552215, 46.5988203 ], [ 5.5515111, 46.5987477 ], [ 5.5514743, 46.5985774 ], [ 5.5518067, 46.5982519 ], [ 5.5501452, 46.5984394 ], [ 5.549784, 46.5962835 ], [ 5.5483838, 46.595993 ], [ 5.5466865, 46.596002 ], [ 5.5465618, 46.5960182 ], [ 5.5466843, 46.5963732 ], [ 5.5466229, 46.596989 ], [ 5.5467367, 46.5980801 ], [ 5.5452394, 46.5984251 ], [ 5.5450586, 46.5974381 ], [ 5.544801, 46.5972132 ], [ 5.5440862, 46.597439 ], [ 5.5446336, 46.5986638 ], [ 5.5428017, 46.5992901 ], [ 5.5414034, 46.5996581 ], [ 5.5410308, 46.6002988 ], [ 5.5403842, 46.6004194 ], [ 5.5404652, 46.5999419 ], [ 5.538674, 46.6002663 ], [ 5.5386012, 46.5999391 ], [ 5.5383442, 46.5999764 ], [ 5.5377633, 46.5997955 ], [ 5.5371229, 46.5999935 ], [ 5.5368097, 46.6002275 ], [ 5.536903, 46.6007443 ], [ 5.5362552, 46.600783 ], [ 5.5362554, 46.6019082 ], [ 5.5364231, 46.6025342 ], [ 5.5363858, 46.6029107 ], [ 5.5360928, 46.6035785 ], [ 5.5363023, 46.6041756 ], [ 5.5362413, 46.6049707 ], [ 5.5364428, 46.6061797 ], [ 5.5358025, 46.6061561 ], [ 5.5339599, 46.6067563 ], [ 5.5338304, 46.606643 ], [ 5.5323943, 46.6069714 ], [ 5.5307136, 46.6032791 ], [ 5.5297652, 46.6009295 ], [ 5.529141, 46.598646 ], [ 5.5291122, 46.5979745 ], [ 5.5288717, 46.5970273 ], [ 5.5265438, 46.5936347 ], [ 5.5200259, 46.5901153 ], [ 5.5170005, 46.5862121 ], [ 5.5143377, 46.5841136 ], [ 5.5155721, 46.5803319 ], [ 5.5138147, 46.5777511 ], [ 5.5122494, 46.5756464 ], [ 5.511184, 46.5723065 ], [ 5.5093469, 46.5688946 ], [ 5.5138619, 46.5686789 ], [ 5.5140077, 46.5678198 ], [ 5.5145132, 46.5675357 ], [ 5.5144469, 46.566412 ], [ 5.5140168, 46.5651313 ], [ 5.5144969, 46.5649496 ], [ 5.5137935, 46.5630398 ], [ 5.513963, 46.5629758 ], [ 5.5136549, 46.5625258 ], [ 5.5133389, 46.5613111 ], [ 5.5136482, 46.5611935 ], [ 5.5134007, 46.5597071 ], [ 5.513087, 46.5592779 ], [ 5.5130404, 46.5587222 ], [ 5.5133714, 46.5581969 ], [ 5.5134663, 46.5574795 ], [ 5.5136684, 46.5572742 ], [ 5.514036, 46.5572318 ], [ 5.5138385, 46.5564335 ], [ 5.5143444, 46.5546611 ], [ 5.5143557, 46.553718499999988 ], [ 5.5134755, 46.5520775 ], [ 5.513368, 46.5513601 ], [ 5.5150361, 46.550863 ], [ 5.5157555, 46.5508878 ], [ 5.5181276, 46.5512716 ], [ 5.5183199, 46.5512214 ], [ 5.5186448, 46.5500873 ], [ 5.5187143, 46.5490497 ], [ 5.5195456, 46.5487557 ], [ 5.519764, 46.5480293 ], [ 5.519399, 46.5473644 ], [ 5.5189295, 46.5471522 ], [ 5.518241, 46.547116 ], [ 5.5179364, 46.5469101 ], [ 5.5172303, 46.5459842 ], [ 5.5167663, 46.5458619 ], [ 5.5165619, 46.5457331 ], [ 5.5162751, 46.5452908 ], [ 5.5158668, 46.5449871 ], [ 5.5150259, 46.5451011 ], [ 5.5146934, 46.5450246 ], [ 5.514445, 46.5448211 ], [ 5.5142042, 46.5441003 ], [ 5.5133417, 46.5437742 ], [ 5.5129905, 46.5434918 ], [ 5.5125493, 46.5426438 ], [ 5.5128618, 46.5419757 ], [ 5.5128999, 46.5409623 ], [ 5.512699, 46.5399451 ], [ 5.5127684, 46.5398363 ], [ 5.5088075, 46.5399269 ], [ 5.5040348, 46.5398224 ], [ 5.5018109, 46.5400666 ], [ 5.5010725, 46.54008 ], [ 5.4960387, 46.5399197 ], [ 5.4951035, 46.5400239 ], [ 5.4917741, 46.540618099999989 ], [ 5.4869341, 46.5412702 ], [ 5.483563, 46.5420417 ], [ 5.4833225, 46.5422937 ], [ 5.482556, 46.5422626 ], [ 5.4828042, 46.5430689 ], [ 5.4833901, 46.5441787 ], [ 5.484208, 46.5452501 ], [ 5.4818064, 46.5473031 ], [ 5.481651, 46.5477029 ], [ 5.4750434, 46.5486685 ], [ 5.4695752, 46.5503749 ], [ 5.4695367, 46.5494677 ], [ 5.4692572, 46.5487179 ], [ 5.4688788, 46.5486936 ], [ 5.4639063, 46.5414757 ], [ 5.4628896, 46.5405589 ], [ 5.4626811, 46.5392112 ], [ 5.4620561, 46.5385535 ], [ 5.4615561, 46.5378021 ], [ 5.4601846, 46.5351281 ], [ 5.4596575, 46.5339764 ], [ 5.4586305, 46.530543599999987 ], [ 5.4587226, 46.5295767 ], [ 5.4582137, 46.5279886 ], [ 5.4580933, 46.5253786 ], [ 5.4578175, 46.5245873 ], [ 5.4576962, 46.5233449 ], [ 5.4567654, 46.5198956 ], [ 5.4546897, 46.5165781 ], [ 5.452487, 46.5141164 ], [ 5.4576522, 46.5123577 ], [ 5.4588531, 46.5115292 ], [ 5.4596425, 46.5121627 ], [ 5.4602913, 46.5130361 ], [ 5.4607387, 46.5133787 ], [ 5.4626417, 46.5128396 ], [ 5.4628507, 46.512672 ], [ 5.4655522, 46.5123633 ], [ 5.4660112, 46.5118372 ], [ 5.4673258, 46.5114755 ], [ 5.4679844, 46.5108911 ], [ 5.4743981, 46.5075353 ], [ 5.4767197, 46.5068554 ], [ 5.4784067, 46.5065972 ], [ 5.4799071, 46.50648 ], [ 5.4862123, 46.5051214 ], [ 5.4891336, 46.5050065 ], [ 5.488605, 46.5036306 ], [ 5.4880205, 46.5012019 ], [ 5.4870833, 46.4989601 ], [ 5.4866994, 46.4985243 ], [ 5.4864488, 46.4980631 ], [ 5.4859429, 46.4965822 ], [ 5.4846654, 46.4942272 ], [ 5.4843964, 46.4934492 ], [ 5.4843077, 46.4924466 ], [ 5.4836486, 46.4919808 ], [ 5.4830241, 46.4912133 ], [ 5.4820563, 46.4903839 ], [ 5.4807307, 46.4884262 ], [ 5.4795114, 46.4872283 ], [ 5.4792768, 46.4868875 ], [ 5.478731, 46.4845209 ], [ 5.4788002, 46.484323 ], [ 5.4792203, 46.4841238 ], [ 5.478967, 46.483342799999988 ], [ 5.4789789, 46.4830327 ], [ 5.4794256, 46.4826158 ], [ 5.4797839, 46.4819783 ], [ 5.4805351, 46.4789953 ], [ 5.4804217, 46.4784239 ], [ 5.4875297, 46.4759243 ], [ 5.4910102, 46.4750116 ], [ 5.4912736, 46.4749824 ], [ 5.4941456, 46.4760504 ], [ 5.4953545, 46.475994299999989 ], [ 5.4998223, 46.4761975 ], [ 5.5032561, 46.4762611 ], [ 5.5045318, 46.476126799999989 ], [ 5.5055501, 46.475782 ], [ 5.5093858, 46.4738374 ], [ 5.510256, 46.4734795 ], [ 5.5115829, 46.4736098 ], [ 5.5128187, 46.4733187 ], [ 5.5132527, 46.4732839 ], [ 5.5177626, 46.4733 ], [ 5.517681, 46.4706585 ], [ 5.5173918, 46.4686864 ], [ 5.5175019, 46.4660434 ], [ 5.5179612, 46.4656549 ], [ 5.5188077, 46.4651552 ], [ 5.5181564, 46.4646596 ], [ 5.5177493, 46.4648227 ], [ 5.5174908, 46.4645878 ], [ 5.5183026, 46.4640132 ], [ 5.5183648, 46.4636938 ], [ 5.5246943, 46.4645063 ], [ 5.5264688, 46.4641427 ], [ 5.531646, 46.4635515 ], [ 5.5331379, 46.4631392 ], [ 5.5330386, 46.4628252 ], [ 5.5338427, 46.4626515 ], [ 5.5337855, 46.4623725 ], [ 5.5369294, 46.461797399999988 ], [ 5.5372897, 46.4620876 ], [ 5.5372705, 46.4622916 ], [ 5.5402271, 46.4618952 ], [ 5.5410225, 46.4619253 ], [ 5.5412785, 46.4620205 ], [ 5.5414959, 46.4625733 ], [ 5.5435311, 46.4614839 ], [ 5.546808, 46.4594595 ], [ 5.5463192, 46.4583712 ], [ 5.5462421, 46.4579207 ], [ 5.5465181, 46.4553721 ], [ 5.5469807, 46.4550059 ], [ 5.5468501, 46.4530728 ], [ 5.5460039, 46.4505537 ], [ 5.5456433, 46.4483572 ], [ 5.5450937, 46.4478361 ], [ 5.5449032, 46.4473016 ], [ 5.5463775, 46.4471084 ], [ 5.5525963, 46.4469776 ], [ 5.556313, 46.4470521 ], [ 5.558047, 46.4473962 ], [ 5.5601248, 46.4473992 ], [ 5.5605686, 46.4467478 ], [ 5.565073, 46.4475233 ], [ 5.565347, 46.4473081 ], [ 5.5663856, 46.447801 ], [ 5.5653018, 46.4484524 ], [ 5.5649236, 46.4483654 ], [ 5.5646751, 46.4485953 ], [ 5.5663895, 46.4496019 ], [ 5.5662082, 46.4502375 ], [ 5.5657362, 46.4509833 ], [ 5.5671491, 46.4514245 ], [ 5.5673308, 46.4516024 ], [ 5.5672941, 46.4519294 ], [ 5.5679954, 46.4520677 ], [ 5.5682297, 46.4522282 ], [ 5.5690097, 46.4525152 ], [ 5.5700175, 46.4532114 ], [ 5.570423, 46.4536834 ], [ 5.5699923, 46.453976 ], [ 5.5701419, 46.4546069 ], [ 5.5714076, 46.4544946 ], [ 5.5720319, 46.4562068 ], [ 5.5738575, 46.4563008 ], [ 5.578335, 46.4562385 ], [ 5.5784075, 46.4564216 ], [ 5.5797739, 46.456617799999989 ], [ 5.5805964, 46.456919 ], [ 5.5820455, 46.4571565 ], [ 5.5823919, 46.4573136 ], [ 5.5837469, 46.4573244 ], [ 5.5856197, 46.4569838 ], [ 5.5885547, 46.4558416 ], [ 5.5907348, 46.4548354 ], [ 5.5923364, 46.4547161 ], [ 5.5940928, 46.4548078 ], [ 5.5937016, 46.4540112 ], [ 5.5920973, 46.4514403 ], [ 5.5962677, 46.449615799999989 ], [ 5.5967348, 46.4493772 ], [ 5.5973819, 46.4488147 ], [ 5.5991134, 46.4498384 ], [ 5.6000112, 46.4490117 ], [ 5.6005968, 46.4482541 ], [ 5.6018219, 46.4480596 ], [ 5.6022792, 46.4484933 ], [ 5.6031919, 46.4485806 ], [ 5.6037061, 46.4485121 ], [ 5.604695, 46.448204 ], [ 5.6071119, 46.4480759 ], [ 5.6100183, 46.4481509 ], [ 5.6106441, 46.4480726 ], [ 5.6112486, 46.4476318 ], [ 5.6123899, 46.4474849 ], [ 5.6129573, 46.4472494 ], [ 5.6138383, 46.4466211 ], [ 5.6139014, 46.4461422 ], [ 5.6136224, 46.4455692 ], [ 5.6139293, 46.4455001 ], [ 5.6144109, 46.4463855 ], [ 5.6154274, 46.4476587 ], [ 5.6166831, 46.4489201 ], [ 5.6201542, 46.4470746 ], [ 5.62172, 46.4517209 ], [ 5.6216509, 46.4521018 ], [ 5.623072, 46.451971 ], [ 5.6249277, 46.4527185 ], [ 5.6316266, 46.4524751 ], [ 5.6377322, 46.4523901 ], [ 5.6379761, 46.452043 ], [ 5.6383372, 46.4523392 ], [ 5.6386058, 46.4520177 ], [ 5.639423, 46.4520691 ], [ 5.6408234, 46.4523457 ] ] ] ] } },
{ "type": "Feature", "properties": { "code_departement": 39.0, "code_rne": "0390783P", "multisecteur": 0.0 }, "geometry": { "type": "MultiPolygon", "coordinates": [ [ [ [ 5.4652586, 46.3452836 ], [ 5.4653507, 46.3444708 ], [ 5.4659516, 46.3423911 ], [ 5.4662521, 46.3419602 ], [ 5.4659929, 46.3411731 ], [ 5.4660742, 46.3401208 ], [ 5.4659694, 46.3397006 ], [ 5.4654408, 46.3390561 ], [ 5.4646232, 46.3377117 ], [ 5.4646624, 46.3361009 ], [ 5.4644124, 46.3358063 ], [ 5.4636042, 46.3354201 ], [ 5.4626248, 46.3328782 ], [ 5.4626068, 46.3320164 ], [ 5.4622716, 46.3311858 ], [ 5.4627641, 46.329677 ], [ 5.4627478, 46.328853 ], [ 5.4628428, 46.3287374 ], [ 5.4631993, 46.3285982 ], [ 5.463745, 46.3274882 ], [ 5.4641149, 46.3270694 ], [ 5.4643216, 46.326258599999989 ], [ 5.4647942, 46.3255493 ], [ 5.4650028, 46.325042 ], [ 5.4651783, 46.3235409 ], [ 5.4658404, 46.3237473 ], [ 5.4664195, 46.3236411 ], [ 5.4669176, 46.3232672 ], [ 5.4673976, 46.3225794 ], [ 5.4677403, 46.3217593 ], [ 5.4681511, 46.3187315 ], [ 5.468896, 46.317 ], [ 5.4693418, 46.3168525 ], [ 5.4716653, 46.3165634 ], [ 5.4728039, 46.3160368 ], [ 5.4753005, 46.3153826 ], [ 5.4748203, 46.31382 ], [ 5.4740837, 46.3123099 ], [ 5.4738974, 46.3113238 ], [ 5.4741249, 46.3107774 ], [ 5.4741622, 46.3102811 ], [ 5.4738589, 46.3095246 ], [ 5.4730924, 46.3086449 ], [ 5.4725457, 46.3083135 ], [ 5.4716231, 46.3075749 ], [ 5.4719082, 46.3072372 ], [ 5.4706003, 46.3059683 ], [ 5.4704416, 46.3054771 ], [ 5.4708289, 46.3042957 ], [ 5.4707713, 46.3033069 ], [ 5.4703107, 46.3020592 ], [ 5.4691594, 46.3001102 ], [ 5.4680571, 46.29789 ], [ 5.4674038, 46.2955662 ], [ 5.4659549, 46.2918246 ], [ 5.4649145, 46.2918084 ], [ 5.4625713, 46.2894419 ], [ 5.4619873, 46.2894582 ], [ 5.4610298, 46.2897545 ], [ 5.4596598, 46.290529199999987 ], [ 5.4589113, 46.2907057 ], [ 5.4591956, 46.2889905 ], [ 5.4593816, 46.2885622 ], [ 5.4593179, 46.287723 ], [ 5.4591928, 46.2875699 ], [ 5.4596898, 46.2876411 ], [ 5.4597867, 46.286357 ], [ 5.4595374, 46.2858408 ], [ 5.4595244, 46.2855501 ], [ 5.4590284, 46.2847211 ], [ 5.4590967, 46.2846512 ], [ 5.4590245, 46.2843167 ], [ 5.4588674, 46.2843201 ], [ 5.4587858, 46.2840948 ], [ 5.4587975, 46.2837189 ], [ 5.4589676, 46.2836855 ], [ 5.458871, 46.2828092 ], [ 5.4577281, 46.279205 ], [ 5.456969, 46.2755501 ], [ 5.4565359, 46.2747883 ], [ 5.4571487, 46.2744318 ], [ 5.4618312, 46.274291 ], [ 5.4618092, 46.2716347 ], [ 5.465211, 46.2709557 ], [ 5.4658585, 46.270938 ], [ 5.4665976, 46.271368 ], [ 5.4668136, 46.2717219 ], [ 5.4678801, 46.2717213 ], [ 5.4678805, 46.2713267 ], [ 5.4691773, 46.2710715 ], [ 5.468014, 46.2688976 ], [ 5.4696057, 46.2683585 ], [ 5.4696973, 46.2676809 ], [ 5.4722086, 46.2673408 ], [ 5.4724679, 46.2662081 ], [ 5.4730515, 46.2650665 ], [ 5.4736566, 46.264284 ], [ 5.4738499, 46.2642789 ], [ 5.4780808, 46.2656022 ], [ 5.4807362, 46.2666093 ], [ 5.483316, 46.2674377 ], [ 5.4838837, 46.2671523 ], [ 5.4843311, 46.2670498 ], [ 5.484917, 46.2670784 ], [ 5.4858434, 46.2673681 ], [ 5.4865198, 46.2678444 ], [ 5.4874915, 46.2678168 ], [ 5.4879659, 46.2681641 ], [ 5.48946, 46.2681675 ], [ 5.4900479, 46.2682411 ], [ 5.49123, 46.2680972 ], [ 5.492106, 46.2680771 ], [ 5.492651, 46.268349 ], [ 5.4928225, 46.2690642 ], [ 5.4934713, 46.2690464 ], [ 5.4934814, 46.2681002 ], [ 5.4995891, 46.2682005 ], [ 5.5001027, 46.2680955 ], [ 5.5004291, 46.2681316 ], [ 5.5005737, 46.2683978 ], [ 5.5011036, 46.2685636 ], [ 5.501311, 46.2687825 ], [ 5.502548, 46.2710887 ], [ 5.5042172, 46.2707718 ], [ 5.5047882, 46.2705313 ], [ 5.5047774, 46.2703513 ], [ 5.5042177, 46.2696465 ], [ 5.5037736, 46.2687139 ], [ 5.5040039, 46.2682115 ], [ 5.5047552, 46.2673688 ], [ 5.5054194, 46.2668668 ], [ 5.5059924, 46.2666704 ], [ 5.508242, 46.2662929 ], [ 5.5084906, 46.2661055 ], [ 5.5083317, 46.2656143 ], [ 5.5079816, 46.2651743 ], [ 5.5079578, 46.2647694 ], [ 5.508414, 46.2644332 ], [ 5.5096188, 46.2642481 ], [ 5.5105101, 46.2651032 ], [ 5.5108926, 46.2650029 ], [ 5.5113488, 46.2644694 ], [ 5.5118473, 46.2646611 ], [ 5.5123649, 46.2646461 ], [ 5.5143582, 46.2643201 ], [ 5.5151387, 46.2643434 ], [ 5.5161212, 46.2644955 ], [ 5.5195281, 46.2643166 ], [ 5.5213522, 46.2644924 ], [ 5.5229983, 46.2650325 ], [ 5.5249024, 46.266521 ], [ 5.5264385, 46.2669004 ], [ 5.5296507, 46.2675372 ], [ 5.5341129, 46.267983 ], [ 5.5379416, 46.2686338 ], [ 5.5417328, 46.2697871 ], [ 5.5425795, 46.2703114 ], [ 5.5456888, 46.2728907 ], [ 5.5466516, 46.2743999 ], [ 5.5473845, 46.275325 ], [ 5.5500327, 46.2775343 ], [ 5.5517384, 46.2788078 ], [ 5.5531864, 46.2796835 ], [ 5.5560362, 46.2808845 ], [ 5.5573754, 46.2818473 ], [ 5.5587508, 46.2830263 ], [ 5.5604115, 46.2848044 ], [ 5.5614313, 46.2862681 ], [ 5.5618328, 46.2880447 ], [ 5.5623959, 46.289524 ], [ 5.5641069, 46.2923947 ], [ 5.5649918, 46.2935541 ], [ 5.5653548, 46.2938396 ], [ 5.5659187, 46.2940864 ], [ 5.5665157, 46.2941504 ], [ 5.5678068, 46.2940763 ], [ 5.5730695, 46.2932205 ], [ 5.5749243, 46.2928083 ], [ 5.5752738, 46.2928616 ], [ 5.5756766, 46.2930534 ], [ 5.5764659, 46.293641 ], [ 5.5771566, 46.294425399999987 ], [ 5.5776838, 46.294525199999988 ], [ 5.5791556, 46.2942865 ], [ 5.581255, 46.2936857 ], [ 5.5853278, 46.2926852 ], [ 5.58641, 46.292538 ], [ 5.5875872, 46.2925293 ], [ 5.5897504, 46.2927883 ], [ 5.590233, 46.2929872 ], [ 5.5905572, 46.2932195 ], [ 5.5926428, 46.2941703 ], [ 5.5964365, 46.2963282 ], [ 5.5968058, 46.2966324 ], [ 5.5997525, 46.3011727 ], [ 5.6016713, 46.3055769 ], [ 5.6022393, 46.3076253 ], [ 5.603067, 46.3087083 ], [ 5.6055701, 46.3098358 ], [ 5.6070825, 46.3106887 ], [ 5.6075886, 46.3116772 ], [ 5.6073514, 46.3123205 ], [ 5.6063168, 46.313419 ], [ 5.6062632, 46.313904 ], [ 5.6050229, 46.3139324 ], [ 5.6038269, 46.3144562 ], [ 5.6034207, 46.3148006 ], [ 5.6032699, 46.3148293 ], [ 5.6011736, 46.3141934 ], [ 5.6004449, 46.314237 ], [ 5.5996317, 46.3143889 ], [ 5.5985865, 46.3147209 ], [ 5.5945277, 46.3164595 ], [ 5.5967298, 46.3186113 ], [ 5.5979067, 46.3196268 ], [ 5.5961369, 46.3199276 ], [ 5.5959783, 46.3200366 ], [ 5.5959363, 46.3203033 ], [ 5.5969494, 46.3210442 ], [ 5.5983683, 46.3226904 ], [ 5.5992862, 46.3242732 ], [ 5.5994206, 46.3243386 ], [ 5.6000914, 46.3241674 ], [ 5.6013113, 46.3233503 ], [ 5.6017496, 46.3232133 ], [ 5.6020642, 46.3232115 ], [ 5.6025147, 46.3234408 ], [ 5.6029358, 46.3240096 ], [ 5.60358, 46.325495 ], [ 5.6041975, 46.326172 ], [ 5.6055611, 46.3270868 ], [ 5.6064312, 46.3278787 ], [ 5.6098087, 46.3314475 ], [ 5.6101286, 46.3317186 ], [ 5.6107978, 46.3320321 ], [ 5.6110371, 46.3323042 ], [ 5.6114779, 46.3321931 ], [ 5.6127358, 46.3329581 ], [ 5.6135481, 46.333298 ], [ 5.6140258, 46.3337682 ], [ 5.6152452, 46.3346258 ], [ 5.6152708, 46.3348883 ], [ 5.6151516, 46.3350884 ], [ 5.6153276, 46.3354772 ], [ 5.6166421, 46.3363903 ], [ 5.6177265, 46.3381736 ], [ 5.6188041, 46.3390264 ], [ 5.6192443, 46.3394992 ], [ 5.6199608, 46.3407693 ], [ 5.6207322, 46.341094 ], [ 5.6193895, 46.3420132 ], [ 5.619388, 46.3421718 ], [ 5.6241764, 46.344551 ], [ 5.6261338, 46.3456772 ], [ 5.6279295, 46.3463061 ], [ 5.6288488, 46.3463777 ], [ 5.6290794, 46.3464913 ], [ 5.629305, 46.346718599999988 ], [ 5.6295804, 46.3475501 ], [ 5.6300403, 46.3482657 ], [ 5.6301279, 46.3494376 ], [ 5.6310429, 46.3519311 ], [ 5.6310382, 46.3524277 ], [ 5.6320052, 46.353109 ], [ 5.632453, 46.3529239 ], [ 5.6333849, 46.3521464 ], [ 5.6342315, 46.3517584 ], [ 5.6346182, 46.3522756 ], [ 5.6352849, 46.3528008 ], [ 5.6355003, 46.3531111 ], [ 5.6357663, 46.3540141 ], [ 5.6358227, 46.3543191 ], [ 5.6357072, 46.3552426 ], [ 5.6358329, 46.3557181 ], [ 5.6363541, 46.3564872 ], [ 5.6373931, 46.3573902 ], [ 5.6378055, 46.3580357 ], [ 5.6378996, 46.3589057 ], [ 5.6378157, 46.3597014 ], [ 5.6384401, 46.3611789 ], [ 5.6387573, 46.3624401 ], [ 5.638982, 46.3650442 ], [ 5.6393977, 46.3656211 ], [ 5.6402394, 46.366207 ], [ 5.6407403, 46.3663918 ], [ 5.6418346, 46.3670855 ], [ 5.6424088, 46.3677362 ], [ 5.6422628, 46.3689153 ], [ 5.6418008, 46.3699946 ], [ 5.6419251, 46.3707873 ], [ 5.6427137, 46.3716456 ], [ 5.6433546, 46.3719254 ], [ 5.6435496, 46.3721083 ], [ 5.6435205, 46.3735244 ], [ 5.6436775, 46.3740262 ], [ 5.6438996, 46.3742832 ], [ 5.64559, 46.374999 ], [ 5.6469839, 46.375828 ], [ 5.6476071, 46.3764118 ], [ 5.6479175, 46.3770686 ], [ 5.6481982, 46.3782415 ], [ 5.6480462, 46.3786775 ], [ 5.6474905, 46.3790291 ], [ 5.6465623, 46.379404799999989 ], [ 5.6459277, 46.3797952 ], [ 5.6456748, 46.3802461 ], [ 5.6457751, 46.3808907 ], [ 5.6464164, 46.3818227 ], [ 5.6476213, 46.3825876 ], [ 5.6487375, 46.3835366 ], [ 5.6495185, 46.3840716 ], [ 5.6501424, 46.3847482 ], [ 5.6511086, 46.3865475 ], [ 5.6515564, 46.3881282 ], [ 5.6523981, 46.3887853 ], [ 5.6533604, 46.3893224 ], [ 5.6550699, 46.390098 ], [ 5.6583229, 46.3907484 ], [ 5.6590646, 46.3910861 ], [ 5.6608279, 46.3925091 ], [ 5.6610767, 46.392911399999988 ], [ 5.6615122, 46.394179799999989 ], [ 5.6618937, 46.3947123 ], [ 5.6652193, 46.3973511 ], [ 5.6665033, 46.398603199999989 ], [ 5.6704816, 46.4005455 ], [ 5.6713823, 46.4011461 ], [ 5.6716634, 46.4017269 ], [ 5.6719465, 46.4030412 ], [ 5.6719021, 46.4039711 ], [ 5.6712719, 46.406077 ], [ 5.671398, 46.4067913 ], [ 5.6721526, 46.4078124 ], [ 5.6742654, 46.4097298 ], [ 5.6754081, 46.4110941 ], [ 5.6720942, 46.4108239 ], [ 5.6712165, 46.4106157 ], [ 5.6705093, 46.4105385 ], [ 5.6671364, 46.4105264 ], [ 5.6641033, 46.4109928 ], [ 5.6632374, 46.411291399999989 ], [ 5.6621836, 46.4115322 ], [ 5.6618563, 46.4114975 ], [ 5.6615717, 46.4113248 ], [ 5.6609231, 46.4118076 ], [ 5.6583549, 46.4125395 ], [ 5.6574352, 46.4129673 ], [ 5.6548203, 46.4145625 ], [ 5.6534754, 46.4158642 ], [ 5.653267, 46.4162943 ], [ 5.653173, 46.4174155 ], [ 5.6535921, 46.4188554 ], [ 5.6536966, 46.4202269 ], [ 5.6538523, 46.4204567 ], [ 5.6558884, 46.4214706 ], [ 5.6575849, 46.4221168 ], [ 5.6592815, 46.4226845 ], [ 5.6609355, 46.4227802 ], [ 5.6612629, 46.4229744 ], [ 5.6615146, 46.4232469 ], [ 5.6615042, 46.423595 ], [ 5.6611626, 46.4239903 ], [ 5.6610769, 46.4260267 ], [ 5.6612538, 46.4264226 ], [ 5.6617919, 46.4267164 ], [ 5.6613328, 46.4283624 ], [ 5.6599248, 46.4298169 ], [ 5.6589601, 46.4305025 ], [ 5.6584992, 46.4312061 ], [ 5.6567807, 46.4306749 ], [ 5.6567698, 46.4308265 ], [ 5.6505796, 46.4310794 ], [ 5.6504475, 46.4307203 ], [ 5.6445148, 46.4309345 ], [ 5.6445032, 46.4313402 ], [ 5.6450053, 46.4323989 ], [ 5.645243, 46.4332971 ], [ 5.6460968, 46.4356144 ], [ 5.6464696, 46.4363409 ], [ 5.6458686, 46.4370081 ], [ 5.6458515, 46.4376508 ], [ 5.6455264, 46.4389819 ], [ 5.6452577, 46.4395945 ], [ 5.644608, 46.4399852 ], [ 5.6442084, 46.4414739 ], [ 5.6439204, 46.4420941 ], [ 5.6437804, 46.443292899999989 ], [ 5.6440037, 46.4439734 ], [ 5.643844, 46.4441753 ], [ 5.6432912, 46.4459476 ], [ 5.6426296, 46.4467918 ], [ 5.6425659, 46.4480862 ], [ 5.6421771, 46.4494511 ], [ 5.6424654, 46.4500481 ], [ 5.6424272, 46.4505779 ], [ 5.6420327, 46.4511267 ], [ 5.6418527, 46.4511777 ], [ 5.6415597, 46.4510502 ], [ 5.6409507, 46.451422 ], [ 5.64081, 46.4517739 ], [ 5.6408234, 46.4523457 ], [ 5.639423, 46.4520691 ], [ 5.6386058, 46.4520177 ], [ 5.6383372, 46.4523392 ], [ 5.6379761, 46.452043 ], [ 5.6377322, 46.4523901 ], [ 5.6316266, 46.4524751 ], [ 5.6249277, 46.4527185 ], [ 5.623072, 46.451971 ], [ 5.6216509, 46.4521018 ], [ 5.62172, 46.4517209 ], [ 5.6201542, 46.4470746 ], [ 5.6166831, 46.4489201 ], [ 5.6154274, 46.4476587 ], [ 5.6144109, 46.4463855 ], [ 5.6139293, 46.4455001 ], [ 5.6136224, 46.4455692 ], [ 5.6139014, 46.4461422 ], [ 5.6138383, 46.4466211 ], [ 5.6129573, 46.4472494 ], [ 5.6123899, 46.4474849 ], [ 5.6112486, 46.4476318 ], [ 5.6106441, 46.4480726 ], [ 5.6100183, 46.4481509 ], [ 5.6071119, 46.4480759 ], [ 5.604695, 46.448204 ], [ 5.6037061, 46.4485121 ], [ 5.6031919, 46.4485806 ], [ 5.6022792, 46.4484933 ], [ 5.6018219, 46.4480596 ], [ 5.6005968, 46.4482541 ], [ 5.6000112, 46.4490117 ], [ 5.5991134, 46.4498384 ], [ 5.5973819, 46.4488147 ], [ 5.5967348, 46.4493772 ], [ 5.5962677, 46.449615799999989 ], [ 5.5920973, 46.4514403 ], [ 5.5937016, 46.4540112 ], [ 5.5940928, 46.4548078 ], [ 5.5923364, 46.4547161 ], [ 5.5907348, 46.4548354 ], [ 5.5885547, 46.4558416 ], [ 5.5856197, 46.4569838 ], [ 5.5837469, 46.4573244 ], [ 5.5823919, 46.4573136 ], [ 5.5820455, 46.4571565 ], [ 5.5805964, 46.456919 ], [ 5.5797739, 46.456617799999989 ], [ 5.5784075, 46.4564216 ], [ 5.578335, 46.4562385 ], [ 5.5738575, 46.4563008 ], [ 5.5720319, 46.4562068 ], [ 5.5714076, 46.4544946 ], [ 5.5701419, 46.4546069 ], [ 5.5699923, 46.453976 ], [ 5.570423, 46.4536834 ], [ 5.5700175, 46.4532114 ], [ 5.5690097, 46.4525152 ], [ 5.5682297, 46.4522282 ], [ 5.5679954, 46.4520677 ], [ 5.5672941, 46.4519294 ], [ 5.5673308, 46.4516024 ], [ 5.5671491, 46.4514245 ], [ 5.5657362, 46.4509833 ], [ 5.5662082, 46.4502375 ], [ 5.5663895, 46.4496019 ], [ 5.5646751, 46.4485953 ], [ 5.5649236, 46.4483654 ], [ 5.5653018, 46.4484524 ], [ 5.5663856, 46.447801 ], [ 5.565347, 46.4473081 ], [ 5.565073, 46.4475233 ], [ 5.5605686, 46.4467478 ], [ 5.5601248, 46.4473992 ], [ 5.558047, 46.4473962 ], [ 5.556313, 46.4470521 ], [ 5.5525963, 46.4469776 ], [ 5.5463775, 46.4471084 ], [ 5.5449032, 46.4473016 ], [ 5.5450937, 46.4478361 ], [ 5.5456433, 46.4483572 ], [ 5.5460039, 46.4505537 ], [ 5.5468501, 46.4530728 ], [ 5.5469807, 46.4550059 ], [ 5.5465181, 46.4553721 ], [ 5.5462421, 46.4579207 ], [ 5.5463192, 46.4583712 ], [ 5.546808, 46.4594595 ], [ 5.5435311, 46.4614839 ], [ 5.5414959, 46.4625733 ], [ 5.5412785, 46.4620205 ], [ 5.5410225, 46.4619253 ], [ 5.5402271, 46.4618952 ], [ 5.5372705, 46.4622916 ], [ 5.5372897, 46.4620876 ], [ 5.5369294, 46.461797399999988 ], [ 5.5337855, 46.4623725 ], [ 5.5338427, 46.4626515 ], [ 5.5330386, 46.4628252 ], [ 5.5331379, 46.4631392 ], [ 5.531646, 46.4635515 ], [ 5.5264688, 46.4641427 ], [ 5.5246943, 46.4645063 ], [ 5.5183648, 46.4636938 ], [ 5.5183026, 46.4640132 ], [ 5.5174908, 46.4645878 ], [ 5.5177493, 46.4648227 ], [ 5.5181564, 46.4646596 ], [ 5.5188077, 46.4651552 ], [ 5.5179612, 46.4656549 ], [ 5.5175019, 46.4660434 ], [ 5.5173918, 46.4686864 ], [ 5.517681, 46.4706585 ], [ 5.5177626, 46.4733 ], [ 5.5132527, 46.4732839 ], [ 5.5128187, 46.4733187 ], [ 5.5115829, 46.4736098 ], [ 5.5106067, 46.4734781 ], [ 5.5100309, 46.4735466 ], [ 5.5095603, 46.4727272 ], [ 5.5088036, 46.4704799 ], [ 5.5087328, 46.4696202 ], [ 5.508947, 46.4682398 ], [ 5.5089521, 46.4675288 ], [ 5.5080799, 46.4649777 ], [ 5.5080384, 46.4639345 ], [ 5.5078508, 46.4635395 ], [ 5.5079581, 46.4632948 ], [ 5.5078622, 46.462541 ], [ 5.5073729, 46.4614824 ], [ 5.5084809, 46.4615085 ], [ 5.5089422, 46.4613894 ], [ 5.5093725, 46.4605691 ], [ 5.5092062, 46.4596754 ], [ 5.5086294, 46.4585277 ], [ 5.5049684, 46.4544035 ], [ 5.5026111, 46.4500993 ], [ 5.5015773, 46.4471976 ], [ 5.5016204, 46.4468868 ], [ 5.5018028, 46.4466846 ], [ 5.5030133, 46.4458274 ], [ 5.5033548, 46.4457424 ], [ 5.5046439, 46.4458583 ], [ 5.5047768, 46.4456878 ], [ 5.5046653, 46.4453867 ], [ 5.5044644, 46.4454677 ], [ 5.5032471, 46.4444745 ], [ 5.5016095, 46.4439762 ], [ 5.5007497, 46.4438707 ], [ 5.5001704, 46.4437131 ], [ 5.498605, 46.4436807 ], [ 5.4985822, 46.4435812 ], [ 5.4979851, 46.4432915 ], [ 5.4975589, 46.4426945 ], [ 5.4948913, 46.4406168 ], [ 5.49443, 46.4401611 ], [ 5.4931656, 46.4395833 ], [ 5.4930599, 46.4394649 ], [ 5.4924195, 46.439225699999987 ], [ 5.4919022, 46.4388262 ], [ 5.4918172, 46.4384785 ], [ 5.4913469, 46.4379095 ], [ 5.4906698, 46.4372936 ], [ 5.4903102, 46.4366087 ], [ 5.4901439, 46.4364772 ], [ 5.4890997, 46.4361243 ], [ 5.4885499, 46.4354984 ], [ 5.4879696, 46.4354029 ], [ 5.487685, 46.4352479 ], [ 5.4875548, 46.4352516 ], [ 5.4872614, 46.4349319 ], [ 5.4866526, 46.4352965 ], [ 5.4864539, 46.435226 ], [ 5.4870099, 46.4347878 ], [ 5.4869426, 46.434683 ], [ 5.4875942, 46.4343706 ], [ 5.4870871, 46.4335086 ], [ 5.4878289, 46.4332303 ], [ 5.4869803, 46.4324524 ], [ 5.4862265, 46.4313493 ], [ 5.4838271, 46.4316756 ], [ 5.4817195, 46.4320965 ], [ 5.4773046, 46.4337494 ], [ 5.4798599, 46.4316852 ], [ 5.4801273, 46.4311734 ], [ 5.4800239, 46.430983399999988 ], [ 5.4796479, 46.4307644 ], [ 5.4794155, 46.4303048 ], [ 5.478708, 46.4240704 ], [ 5.4762001, 46.4252708 ], [ 5.4722268, 46.4274237 ], [ 5.4712223, 46.4283894 ], [ 5.4687121, 46.4313287 ], [ 5.4682562, 46.4319836 ], [ 5.4676731, 46.4332263 ], [ 5.4672187, 46.4331596 ], [ 5.4664396, 46.4327593 ], [ 5.4651979, 46.4307401 ], [ 5.4650356, 46.4301752 ], [ 5.4647937, 46.4300128 ], [ 5.4645246, 46.4295934 ], [ 5.4642154, 46.429381199999987 ], [ 5.464284, 46.4291986 ], [ 5.4640295, 46.4291032 ], [ 5.4638135, 46.428907 ], [ 5.4638534, 46.4283764 ], [ 5.4632716, 46.4282457 ], [ 5.4625823, 46.4285317 ], [ 5.4618757, 46.4279164 ], [ 5.4599067, 46.4286885 ], [ 5.4595892, 46.4277719 ], [ 5.45938, 46.4277251 ], [ 5.4575788, 46.4280585 ], [ 5.4565691, 46.4281181 ], [ 5.455382, 46.4284904 ], [ 5.454426, 46.4285254 ], [ 5.4534448, 46.4288123 ], [ 5.4529642, 46.4288172 ], [ 5.451593, 46.429007 ], [ 5.4498587, 46.4296136 ], [ 5.4495381, 46.429698 ], [ 5.4491586, 46.429662 ], [ 5.449506, 46.42785 ], [ 5.4493374, 46.4272572 ], [ 5.4487957, 46.4265094 ], [ 5.4479129, 46.4256491 ], [ 5.4472194, 46.4247387 ], [ 5.4468313, 46.4240164 ], [ 5.446648, 46.4223969 ], [ 5.4464435, 46.418677 ], [ 5.446058, 46.4180673 ], [ 5.4451776, 46.4158321 ], [ 5.4444723, 46.4143634 ], [ 5.4431441, 46.4121613 ], [ 5.4425791, 46.4117004 ], [ 5.4421726, 46.4115532 ], [ 5.4414638, 46.4110513 ], [ 5.4410798, 46.41091 ], [ 5.4406637, 46.410226099999988 ], [ 5.4402652, 46.409149 ], [ 5.4400448, 46.4075988 ], [ 5.438949, 46.4029205 ], [ 5.4380099, 46.4021306 ], [ 5.4374565, 46.4015181 ], [ 5.4370875, 46.4009539 ], [ 5.4369744, 46.4003753 ], [ 5.4363227, 46.3997487 ], [ 5.436071, 46.3990685 ], [ 5.432473, 46.4002632 ], [ 5.4323129, 46.3997684 ], [ 5.4320421, 46.3959382 ], [ 5.4317031, 46.3937347 ], [ 5.4311449, 46.3921349 ], [ 5.4301507, 46.3905092 ], [ 5.429857, 46.3894371 ], [ 5.4294322, 46.3884056 ], [ 5.4294628, 46.387687 ], [ 5.4298267, 46.3868549 ], [ 5.4296771, 46.3851302 ], [ 5.4294523, 46.3842899 ], [ 5.4292368, 46.3838648 ], [ 5.4280991, 46.3825991 ], [ 5.4302494, 46.3804852 ], [ 5.4310442, 46.379902 ], [ 5.431104, 46.3794577 ], [ 5.4309089, 46.3794863 ], [ 5.4305879, 46.3792353 ], [ 5.4305328, 46.3790721 ], [ 5.4305951, 46.3785258 ], [ 5.4304351, 46.3778023 ], [ 5.4306243, 46.3772512 ], [ 5.4305497, 46.3763194 ], [ 5.4294537, 46.3743311 ], [ 5.4292002, 46.373481 ], [ 5.4292801, 46.3727215 ], [ 5.4298887, 46.3710552 ], [ 5.4302237, 46.3703988 ], [ 5.4311464, 46.369197 ], [ 5.4324242, 46.3678717 ], [ 5.432571, 46.3675151 ], [ 5.431707, 46.3639757 ], [ 5.4315924, 46.363903 ], [ 5.4315032, 46.3643554 ], [ 5.4305644, 46.3639628 ], [ 5.4303329, 46.3642299 ], [ 5.4290219, 46.3639542 ], [ 5.4284458, 46.3637287 ], [ 5.4280221, 46.363126 ], [ 5.427862, 46.3630357 ], [ 5.4273963, 46.3632447 ], [ 5.4248413, 46.3634964 ], [ 5.421578, 46.3639468 ], [ 5.4211601, 46.3627377 ], [ 5.4204613, 46.3613579 ], [ 5.4203702, 46.3594175 ], [ 5.4206188, 46.358451 ], [ 5.4208974, 46.3578946 ], [ 5.4206792, 46.3573173 ], [ 5.4209367, 46.3570794 ], [ 5.4210819, 46.3567727 ], [ 5.4210844, 46.3565069 ], [ 5.4207553, 46.3557454 ], [ 5.4206659, 46.3549014 ], [ 5.421694, 46.3509426 ], [ 5.4224689, 46.3491694 ], [ 5.4249603, 46.3498741 ], [ 5.4263362, 46.3499493 ], [ 5.4300834, 46.351011 ], [ 5.4307306, 46.3498827 ], [ 5.4310052, 46.3497093 ], [ 5.4323251, 46.3476794 ], [ 5.4325202, 46.3475608 ], [ 5.4327341, 46.3470184 ], [ 5.4333209, 46.346377 ], [ 5.4350941, 46.3466689 ], [ 5.435144, 46.3461552 ], [ 5.4353208, 46.3458316 ], [ 5.4364411, 46.3475005 ], [ 5.4368883, 46.347580099999988 ], [ 5.4374848, 46.3475953 ], [ 5.4372588, 46.3466407 ], [ 5.4388344, 46.346673599999988 ], [ 5.4407074, 46.3468128 ], [ 5.440795, 46.3459479 ], [ 5.4422386, 46.3459395 ], [ 5.4424029, 46.3452774 ], [ 5.4429633, 46.3452996 ], [ 5.4430915, 46.3448807 ], [ 5.4439452, 46.3450624 ], [ 5.4435273, 46.343802 ], [ 5.4453396, 46.3434298 ], [ 5.4473802, 46.3446995 ], [ 5.4476979, 46.3452287 ], [ 5.4481266, 46.3454771 ], [ 5.4486103, 46.345964 ], [ 5.4508739, 46.3455019 ], [ 5.4510539, 46.3447286 ], [ 5.4532676, 46.3452693 ], [ 5.4544572, 46.3447608 ], [ 5.4550162, 46.3453037 ], [ 5.4565558, 46.3450579 ], [ 5.4565713, 46.3443315 ], [ 5.4559037, 46.3440657 ], [ 5.4558685, 46.3436286 ], [ 5.459864, 46.3436695 ], [ 5.4601024, 46.3437364 ], [ 5.4602361, 46.3447993 ], [ 5.4604681, 46.3452141 ], [ 5.4611557, 46.3450857 ], [ 5.4637038, 46.34551 ], [ 5.4652586, 46.3452836 ] ], [ [ 5.467745, 46.4242995 ], [ 5.4691109, 46.4250887 ], [ 5.4655436, 46.4220058 ], [ 5.4632448, 46.4221888 ], [ 5.467745, 46.4242995 ] ], [ [ 5.4691408, 46.4234503 ], [ 5.4671537, 46.4221665 ], [ 5.4664517, 46.4220657 ], [ 5.4705127, 46.425423 ], [ 5.4691408, 46.4234503 ] ] ], [ [ [ 5.4101685, 46.3353215 ], [ 5.4105858, 46.3354749 ], [ 5.4106438, 46.3356263 ], [ 5.4094394, 46.3363976 ], [ 5.4101685, 46.3353215 ] ] ], [ [ [ 5.3910005, 46.3497312 ], [ 5.3894688, 46.3508881 ], [ 5.3896277, 46.3509838 ], [ 5.3893612, 46.351028799999987 ], [ 5.3894248, 46.3512907 ], [ 5.3891224, 46.3513672 ], [ 5.3890957, 46.3515358 ], [ 5.3882043, 46.3516057 ], [ 5.3864843, 46.3518893 ], [ 5.3839589, 46.3517923 ], [ 5.3748286, 46.3508986 ], [ 5.3752951, 46.3505234 ], [ 5.3759827, 46.3504775 ], [ 5.376306, 46.3507924 ], [ 5.3784302, 46.3480049 ], [ 5.3787199, 46.3473674 ], [ 5.3795591, 46.3462537 ], [ 5.3840431, 46.3463959 ], [ 5.3943661, 46.3458657 ], [ 5.3910005, 46.3497312 ] ], [ [ 5.3893902, 46.3505497 ], [ 5.3891534, 46.3503567 ], [ 5.3890812, 46.3506307 ], [ 5.3893902, 46.3505497 ] ], [ [ 5.3896299, 46.3507092 ], [ 5.3896339, 46.3505822 ], [ 5.3895233, 46.3505772 ], [ 5.389477, 46.3506354 ], [ 5.3896299, 46.3507092 ] ] ], [ [ [ 5.390055, 46.3508344 ], [ 5.3903522, 46.350994 ], [ 5.390625, 46.3513013 ], [ 5.3897783, 46.3511239 ], [ 5.3898897, 46.3508797 ], [ 5.390055, 46.3508344 ] ] ], [ [ [ 5.3901503, 46.3512979 ], [ 5.3895972, 46.3515226 ], [ 5.38957, 46.3513733 ], [ 5.389734, 46.3512643 ], [ 5.3901503, 46.3512979 ] ] ], [ [ [ 5.4076858, 46.3527449 ], [ 5.4073215, 46.3528643 ], [ 5.4076694, 46.3529233 ], [ 5.4074194, 46.3530789 ], [ 5.4065109, 46.3528515 ], [ 5.4055939, 46.3528596 ], [ 5.4051119, 46.352697 ], [ 5.406881, 46.3521812 ], [ 5.4073118, 46.3525036 ], [ 5.4068859, 46.3527184 ], [ 5.4076858, 46.3527449 ] ] ], [ [ [ 5.408259, 46.3547187 ], [ 5.4083047, 46.3543609 ], [ 5.4071091, 46.3540749 ], [ 5.4072522, 46.3538226 ], [ 5.4072045, 46.3536944 ], [ 5.4073366, 46.3534741 ], [ 5.4075144, 46.353372799999988 ], [ 5.4080841, 46.3535658 ], [ 5.4076948, 46.3535941 ], [ 5.4077148, 46.353854 ], [ 5.4083045, 46.3537813 ], [ 5.4084044, 46.354077 ], [ 5.4091861, 46.3539907 ], [ 5.4094718, 46.3541411 ], [ 5.4091315, 46.354096 ], [ 5.4090295, 46.354153 ], [ 5.4093265, 46.3542419 ], [ 5.4090306, 46.3543531 ], [ 5.4093576, 46.3544696 ], [ 5.408259, 46.3547187 ] ], [ [ 5.4075666, 46.3539962 ], [ 5.408317, 46.3543227 ], [ 5.4083534, 46.3542453 ], [ 5.407736, 46.3539513 ], [ 5.4075666, 46.3539962 ] ] ], [ [ [ 5.4105616, 46.3349767 ], [ 5.4101724, 46.3348064 ], [ 5.4107346, 46.3347185 ], [ 5.4105616, 46.3349767 ] ] ], [ [ [ 5.4101726, 46.3352916 ], [ 5.4105587, 46.3350732 ], [ 5.4107163, 46.3352291 ], [ 5.4101726, 46.3352916 ] ] ], [ [ [ 5.4091181, 46.353431799999989 ], [ 5.4088239, 46.3524131 ], [ 5.4091862, 46.3518712 ], [ 5.4100611, 46.3509035 ], [ 5.412258, 46.3489333 ], [ 5.4130186, 46.3443118 ], [ 5.4168744, 46.343994 ], [ 5.416991, 46.3444722 ], [ 5.4172948, 46.3446946 ], [ 5.4172802, 46.3448931 ], [ 5.4170257, 46.3449913 ], [ 5.4172597, 46.3453125 ], [ 5.4184084, 46.3456656 ], [ 5.4184295, 46.3460255 ], [ 5.4196975, 46.3463375 ], [ 5.4173461, 46.3517499 ], [ 5.4154287, 46.354468 ], [ 5.4140041, 46.3549448 ], [ 5.4132442, 46.3539167 ], [ 5.4106544, 46.3540573 ], [ 5.4091181, 46.353431799999989 ] ] ], [ [ [ 5.4174971, 46.3528431 ], [ 5.4175817, 46.3529935 ], [ 5.4180669, 46.352788 ], [ 5.4168799, 46.3539888 ], [ 5.416215, 46.3542024 ], [ 5.4168147, 46.3532447 ], [ 5.4171832, 46.3529796 ], [ 5.4214269, 46.3464528 ], [ 5.4217056, 46.3464767 ], [ 5.4218912, 46.3465846 ], [ 5.4174971, 46.3528431 ] ] ] ] } },
{ "type": "Feature", "properties": { "code_departement": 39.0, "code_rne": "0390784R", "multisecteur": 0.0 }, "geometry": { "type": "MultiPolygon", "coordinates": [ [ [ [ 6.0641799, 46.6937354 ], [ 6.0672186, 46.694949 ], [ 6.0811406, 46.7011692 ], [ 6.0849621, 46.6972657 ], [ 6.074766, 46.6927519 ], [ 6.0749335, 46.6922185 ], [ 6.0782392, 46.6935878 ], [ 6.0854329, 46.6968385 ], [ 6.0860877, 46.6961703 ], [ 6.0877812, 46.6967483 ], [ 6.0882791, 46.6968448 ], [ 6.0921932, 46.6984677 ], [ 6.0944745, 46.6991063 ], [ 6.0963761, 46.6997939 ], [ 6.0991124, 46.7009672 ], [ 6.1011697, 46.702038 ], [ 6.1035847, 46.7037974 ], [ 6.1071514, 46.7056734 ], [ 6.1079553, 46.7063527 ], [ 6.1088222, 46.7068293 ], [ 6.1101919, 46.7074157 ], [ 6.1122112, 46.7079972 ], [ 6.1130295, 46.7078533 ], [ 6.1223276, 46.7140941 ], [ 6.1391201, 46.7250468 ], [ 6.1431058, 46.7263273 ], [ 6.1464615, 46.7272725 ], [ 6.150654, 46.728565 ], [ 6.1512166, 46.7287965 ], [ 6.153535, 46.7304459 ], [ 6.1552465, 46.7315712 ], [ 6.1557442, 46.7317918 ], [ 6.1648747, 46.7347529 ], [ 6.1686594, 46.7363841 ], [ 6.1774251, 46.739961699999988 ], [ 6.1783221, 46.7404388 ], [ 6.1813465, 46.7423456 ], [ 6.1807156, 46.74632 ], [ 6.1835501, 46.752043 ], [ 6.1836948, 46.75511 ], [ 6.1853456, 46.754911 ], [ 6.1876195, 46.7554968 ], [ 6.1882921, 46.7554745 ], [ 6.1892605, 46.7559108 ], [ 6.1902771, 46.7568774 ], [ 6.1909396, 46.757329399999989 ], [ 6.193532, 46.7585567 ], [ 6.1988431, 46.7614115 ], [ 6.1995883, 46.7613736 ], [ 6.2027515, 46.7623993 ], [ 6.2043693, 46.7638356 ], [ 6.2053696, 46.7644088 ], [ 6.2063876, 46.7647697 ], [ 6.2071856, 46.7652241 ], [ 6.20326, 46.7727852 ], [ 6.1996432, 46.7770393 ], [ 6.1956561, 46.7800303 ], [ 6.1950477, 46.7807024 ], [ 6.1941397, 46.7823893 ], [ 6.1931281, 46.7840124 ], [ 6.1927578, 46.7844291 ], [ 6.187133, 46.7884313 ], [ 6.1855902, 46.7895942 ], [ 6.1855232, 46.7897484 ], [ 6.1846842, 46.790452 ], [ 6.1840066, 46.7924514 ], [ 6.1832922, 46.7928875 ], [ 6.1828231, 46.7939927 ], [ 6.1825254, 46.7940181 ], [ 6.1829606, 46.7947702 ], [ 6.1820162, 46.7950892 ], [ 6.181739, 46.7952609 ], [ 6.1807908, 46.7963883 ], [ 6.1799456, 46.7944842 ], [ 6.1785993, 46.7945052 ], [ 6.1781147, 46.794989 ], [ 6.1772249, 46.794919 ], [ 6.1755237, 46.796698 ], [ 6.1787877, 46.7971132 ], [ 6.1769647, 46.7983144 ], [ 6.1771427, 46.7984636 ], [ 6.1766335, 46.798821 ], [ 6.1764916, 46.7987276 ], [ 6.175879, 46.799223 ], [ 6.175269, 46.7998769 ], [ 6.1755529, 46.8000178 ], [ 6.1755311, 46.8002058 ], [ 6.1758697, 46.8003641 ], [ 6.1762545, 46.8015781 ], [ 6.1762288, 46.8017896 ], [ 6.1755788, 46.801357 ], [ 6.174838, 46.8012775 ], [ 6.1739927, 46.8010728 ], [ 6.1734455, 46.8010717 ], [ 6.1727332, 46.8012338 ], [ 6.1722097, 46.8014816 ], [ 6.1715865, 46.801506 ], [ 6.170413, 46.801815 ], [ 6.1697629, 46.8018285 ], [ 6.1692728, 46.801751 ], [ 6.1687579, 46.8018084 ], [ 6.1682324, 46.8016859 ], [ 6.1669798, 46.8017871 ], [ 6.1665984, 46.8019292 ], [ 6.1658801, 46.8020562 ], [ 6.1645078, 46.8025112 ], [ 6.1626521, 46.8027119 ], [ 6.1622774, 46.802834 ], [ 6.1630047, 46.8034916 ], [ 6.1634727, 46.80436 ], [ 6.1638489, 46.805567 ], [ 6.1598757, 46.8071974 ], [ 6.1571723, 46.8086405 ], [ 6.1567635, 46.8102755 ], [ 6.1561068, 46.8121147 ], [ 6.1543828, 46.8151681 ], [ 6.1520826, 46.8155205 ], [ 6.1486056, 46.8161753 ], [ 6.148893, 46.8162206 ], [ 6.1490828, 46.8165723 ], [ 6.1492507, 46.8166163 ], [ 6.1492794, 46.8167038 ], [ 6.1491033, 46.8168808 ], [ 6.1493804, 46.8171309 ], [ 6.1497163, 46.817174 ], [ 6.1497042, 46.8174167 ], [ 6.1498609, 46.817448399999989 ], [ 6.1500872, 46.8178414 ], [ 6.1503165, 46.8178108 ], [ 6.1502123, 46.8180507 ], [ 6.1505133, 46.8180361 ], [ 6.1505418, 46.8182092 ], [ 6.1508441, 46.8185317 ], [ 6.1506731, 46.818685 ], [ 6.1507009, 46.818778 ], [ 6.1510664, 46.8188103 ], [ 6.1511959, 46.8192087 ], [ 6.1515499, 46.8193377 ], [ 6.1514385, 46.8194994 ], [ 6.1518869, 46.8196925 ], [ 6.1517385, 46.8202328 ], [ 6.1518736, 46.820478699999988 ], [ 6.1515862, 46.8211344 ], [ 6.1511089, 46.821325 ], [ 6.1498969, 46.8215439 ], [ 6.1491814, 46.8216103 ], [ 6.1488004, 46.8214937 ], [ 6.1472329, 46.8216718 ], [ 6.1454639, 46.8220888 ], [ 6.1390134, 46.8243817 ], [ 6.1374248, 46.8250838 ], [ 6.1366164, 46.8250419 ], [ 6.1359127, 46.8252908 ], [ 6.1347394, 46.8260014 ], [ 6.1310712, 46.8274755 ], [ 6.1288551, 46.8284973 ], [ 6.127292, 46.8293481 ], [ 6.1161976, 46.8347287 ], [ 6.1146456, 46.8353907 ], [ 6.1134903, 46.8361933 ], [ 6.1121792, 46.8374164 ], [ 6.1110194, 46.8381416 ], [ 6.1107537, 46.8384074 ], [ 6.1098227, 46.8402825 ], [ 6.1092352, 46.8409832 ], [ 6.1089619, 46.8411636 ], [ 6.1083786, 46.8413641 ], [ 6.1082033, 46.8415139 ], [ 6.1072129, 46.8427229 ], [ 6.1055088, 46.8455703 ], [ 6.1043081, 46.8450369 ], [ 6.1025358, 46.8447729 ], [ 6.099732, 46.844635 ], [ 6.0978737, 46.8443354 ], [ 6.0932537, 46.8425423 ], [ 6.0916648, 46.842084 ], [ 6.0908278, 46.8419839 ], [ 6.0867037, 46.8432156 ], [ 6.0855164, 46.8440656 ], [ 6.0859335, 46.8487112 ], [ 6.0868494, 46.8494579 ], [ 6.087211, 46.8498564 ], [ 6.0860734, 46.8500374 ], [ 6.0857983, 46.8505332 ], [ 6.0856031, 46.8506817 ], [ 6.0838867, 46.8515603 ], [ 6.0819464, 46.8522007 ], [ 6.0809053, 46.852416 ], [ 6.0780852, 46.8542611 ], [ 6.0758961, 46.855519 ], [ 6.0754382, 46.8557124 ], [ 6.0752864, 46.855999399999988 ], [ 6.0735318, 46.8562814 ], [ 6.0729024, 46.8565559 ], [ 6.071648, 46.8569039 ], [ 6.0710826, 46.8571947 ], [ 6.070387, 46.8578539 ], [ 6.0697035, 46.8582164 ], [ 6.0679136, 46.8585263 ], [ 6.06489, 46.8603631 ], [ 6.0640523, 46.8597673 ], [ 6.0643207, 46.8595195 ], [ 6.0602539, 46.8558956 ], [ 6.0593413, 46.8544836 ], [ 6.0578885, 46.8526678 ], [ 6.055896, 46.8504087 ], [ 6.0543708, 46.8493553 ], [ 6.0497724, 46.8473436 ], [ 6.0469998, 46.8456817 ], [ 6.0459897, 46.8461914 ], [ 6.0479289, 46.848517 ], [ 6.0466663, 46.8486009 ], [ 6.0446502, 46.8490192 ], [ 6.0428463, 46.8495436 ], [ 6.0417794, 46.8490672 ], [ 6.0408829, 46.849427 ], [ 6.0376833, 46.8501936 ], [ 6.0365177, 46.850347 ], [ 6.0361559, 46.8503583 ], [ 6.0346764, 46.849973 ], [ 6.0326137, 46.8496066 ], [ 6.0312987, 46.8502575 ], [ 6.029181, 46.8516793 ], [ 6.0279051, 46.8519273 ], [ 6.0226991, 46.8525904 ], [ 6.0232175, 46.8544194 ], [ 6.0235883, 46.8550377 ], [ 6.0242087, 46.8554683 ], [ 6.0246387, 46.8559949 ], [ 6.0246535, 46.8562126 ], [ 6.0238076, 46.8557654 ], [ 6.0220565, 46.8545617 ], [ 6.0154572, 46.8498125 ], [ 6.0122575, 46.8469238 ], [ 6.0117569, 46.8471793 ], [ 6.012081, 46.8487566 ], [ 6.0085479, 46.8462919 ], [ 6.0080528, 46.8461021 ], [ 6.0062572, 46.8420278 ], [ 6.0051745, 46.8418722 ], [ 6.0023191, 46.835727 ], [ 6.0015469, 46.8359598 ], [ 6.0012219, 46.8352835 ], [ 6.0007692, 46.834151 ], [ 6.0010062, 46.8337844 ], [ 6.0019801, 46.833021 ], [ 6.0018339, 46.8325626 ], [ 6.0025114, 46.8319718 ], [ 6.0020523, 46.831126 ], [ 6.0016612, 46.8282611 ], [ 6.0017526, 46.8267846 ], [ 6.0015709, 46.8250215 ], [ 6.00127, 46.8238787 ], [ 6.0003847, 46.8223764 ], [ 5.9992231, 46.8209308 ], [ 5.999679, 46.8200854 ], [ 5.9999579, 46.819315 ], [ 5.9991945, 46.8198683 ], [ 5.9971285, 46.8225973 ], [ 5.9963282, 46.8244815 ], [ 5.9952374, 46.8248614 ], [ 5.9950137, 46.826371 ], [ 5.9939225, 46.826722 ], [ 5.9920342, 46.8269261 ], [ 5.9911103, 46.8271457 ], [ 5.9905329, 46.8275301 ], [ 5.9895655, 46.8278887 ], [ 5.988606, 46.8285092 ], [ 5.9858214, 46.8298403 ], [ 5.9835662, 46.828176 ], [ 5.9821434, 46.8269902 ], [ 5.9815837, 46.826361399999989 ], [ 5.9809528, 46.8237945 ], [ 5.9809229, 46.8231069 ], [ 5.9810091, 46.8227425 ], [ 5.9813618, 46.8222819 ], [ 5.9774903, 46.8186421 ], [ 5.975751, 46.8174428 ], [ 5.9753313, 46.8178312 ], [ 5.975209, 46.8183299 ], [ 5.9750308, 46.8184787 ], [ 5.9740578, 46.8175857 ], [ 5.974562, 46.8173979 ], [ 5.9760279, 46.8164868 ], [ 5.977341, 46.8117441 ], [ 5.9822411, 46.8109521 ], [ 5.9820697, 46.8107691 ], [ 5.9817632, 46.8100661 ], [ 5.9818904, 46.8094429 ], [ 5.9832211, 46.8094201 ], [ 5.9837009, 46.8095059 ], [ 5.9840881, 46.8096968 ], [ 5.985806, 46.8100072 ], [ 5.9865449, 46.8099366 ], [ 5.9872902, 46.8099596 ], [ 5.9884053, 46.8097846 ], [ 5.9899201, 46.809911 ], [ 5.991662, 46.8102739 ], [ 5.992547, 46.8105689 ], [ 5.9933963, 46.8103585 ], [ 5.9943442, 46.8095337 ], [ 5.9950068, 46.809365 ], [ 5.9959309, 46.8092734 ], [ 5.9973105, 46.8094221 ], [ 5.9978419, 46.8093957 ], [ 5.9981995, 46.8092187 ], [ 5.9980357, 46.8088662 ], [ 5.9976554, 46.8085878 ], [ 5.9977549, 46.8084645 ], [ 5.995521, 46.8057511 ], [ 5.9937405, 46.8032854 ], [ 5.9928783, 46.802405 ], [ 5.9923642, 46.8021247 ], [ 5.9908407, 46.8006722 ], [ 5.9897135, 46.7997906 ], [ 5.9892396, 46.7989775 ], [ 5.9864166, 46.7966082 ], [ 5.9862581, 46.7962078 ], [ 5.9865455, 46.7956137 ], [ 5.9861226, 46.7951769 ], [ 5.9849897, 46.794308 ], [ 5.9847035, 46.7938992 ], [ 5.9845952, 46.7923134 ], [ 5.9843207, 46.7918313 ], [ 5.9835767, 46.790946 ], [ 5.9831332, 46.7898006 ], [ 5.9821212, 46.78805 ], [ 5.9818683, 46.7873159 ], [ 5.9820181, 46.7862704 ], [ 5.982273, 46.7857529 ], [ 5.9836546, 46.784853 ], [ 5.9840105, 46.7843373 ], [ 5.9841833, 46.7836156 ], [ 5.9839074, 46.782774 ], [ 5.9834846, 46.7823372 ], [ 5.9827389, 46.7820394 ], [ 5.9818927, 46.7820352 ], [ 5.9809099, 46.7818381 ], [ 5.9802518, 46.7818678 ], [ 5.9792502, 46.7821164 ], [ 5.9781247, 46.7809688 ], [ 5.9772658, 46.7803991 ], [ 5.9766062, 46.7794935 ], [ 5.9763391, 46.7792878 ], [ 5.9744607, 46.7757944 ], [ 5.9740435, 46.7751934 ], [ 5.9740898, 46.7748904 ], [ 5.9745379, 46.7745715 ], [ 5.9755413, 46.7741662 ], [ 5.9757932, 46.7739768 ], [ 5.9758783, 46.7736889 ], [ 5.9757361, 46.7734142 ], [ 5.9748556, 46.7729748 ], [ 5.9741278, 46.7727368 ], [ 5.9730353, 46.7718992 ], [ 5.9726992, 46.7712222 ], [ 5.9721942, 46.7697603 ], [ 5.971914, 46.7698171 ], [ 5.9713995, 46.7690186 ], [ 5.9715865, 46.768866 ], [ 5.9712568, 46.7682573 ], [ 5.9710819, 46.7671716 ], [ 5.9702479, 46.7678644 ], [ 5.9697446, 46.767845 ], [ 5.9683602, 46.768043 ], [ 5.9670008, 46.7680763 ], [ 5.9660278, 46.7676914 ], [ 5.965829, 46.7671019 ], [ 5.9657838, 46.7662516 ], [ 5.965186, 46.764719 ], [ 5.9652396, 46.7645005 ], [ 5.9650965, 46.7642339 ], [ 5.9647629, 46.7639587 ], [ 5.9644144, 46.7623566 ], [ 5.963895, 46.7614897 ], [ 5.9638177, 46.7611322 ], [ 5.9638796, 46.7607287 ], [ 5.9635692, 46.760207799999989 ], [ 5.9625063, 46.7591342 ], [ 5.9618429, 46.7575736 ], [ 5.9611468, 46.756759 ], [ 5.9619812, 46.7565293 ], [ 5.963482, 46.75686 ], [ 5.9647098, 46.7576393 ], [ 5.9653176, 46.7578452 ], [ 5.9661077, 46.7578131 ], [ 5.9668, 46.7575258 ], [ 5.9672764, 46.7577253 ], [ 5.9681291, 46.7585259 ], [ 5.9684911, 46.7588886 ], [ 5.9688187, 46.7595307 ], [ 5.9702272, 46.7598971 ], [ 5.9721856, 46.7599131 ], [ 5.9732974, 46.7600807 ], [ 5.973444, 46.760386 ], [ 5.9736428, 46.7604484 ], [ 5.9739222, 46.7607142 ], [ 5.9739097, 46.7608686 ], [ 5.9743282, 46.7616867 ], [ 5.9743267, 46.7622094 ], [ 5.9753761, 46.7619785 ], [ 5.9760752, 46.7616955 ], [ 5.9772222, 46.7613802 ], [ 5.9776154, 46.7618556 ], [ 5.9783211, 46.7624329 ], [ 5.9826324, 46.7611722 ], [ 5.9875691, 46.7593184 ], [ 5.98829, 46.759123 ], [ 5.9885209, 46.7597919 ], [ 5.9887721, 46.7597583 ], [ 5.9889266, 46.7598255 ], [ 5.9905563, 46.7593965 ], [ 5.9912312, 46.7593195 ], [ 5.9927711, 46.7589748 ], [ 5.9930275, 46.7589636 ], [ 5.9941415, 46.7593842 ], [ 5.9948146, 46.7593919 ], [ 5.9957097, 46.7592667 ], [ 5.9960199, 46.7586865 ], [ 5.9963642, 46.7586072 ], [ 5.9966385, 46.7584225 ], [ 5.9965213, 46.7576056 ], [ 5.9960872, 46.7571764 ], [ 5.9960812, 46.7570206 ], [ 5.9961966, 46.7565932 ], [ 5.9968101, 46.7559032 ], [ 5.9967786, 46.7554995 ], [ 5.9965676, 46.7550491 ], [ 5.9961279, 46.7546379 ], [ 5.996131, 46.7537674 ], [ 5.995799, 46.753358 ], [ 5.9957126, 46.7530044 ], [ 5.9966191, 46.7521373 ], [ 5.9966767, 46.7514708 ], [ 5.9962039, 46.7509101 ], [ 5.9955616, 46.7504133 ], [ 5.9949593, 46.7495 ], [ 5.9935568, 46.7485283 ], [ 5.9934036, 46.7483413 ], [ 5.9932672, 46.747842 ], [ 5.9933073, 46.7475229 ], [ 5.9936123, 46.7471113 ], [ 5.9941854, 46.746498 ], [ 5.9948641, 46.7460415 ], [ 5.9949606, 46.7454632 ], [ 5.995201, 46.744879399999988 ], [ 5.9951753, 46.7445088 ], [ 5.9947526, 46.7441648 ], [ 5.9940453, 46.7440779 ], [ 5.9949847, 46.7432406 ], [ 5.9953427, 46.743148399999988 ], [ 5.9946509, 46.7427249 ], [ 5.9946158, 46.7424699 ], [ 5.9955349, 46.7416206 ], [ 5.995353, 46.7414595 ], [ 5.9953153, 46.7412749 ], [ 5.9964578, 46.7406026 ], [ 5.9969076, 46.7401557 ], [ 5.9987097, 46.7415774 ], [ 6.0013501, 46.7405226 ], [ 6.0018208, 46.7408572 ], [ 6.0023992, 46.7414332 ], [ 6.0026017, 46.7414693 ], [ 6.0038613, 46.7410904 ], [ 6.004466, 46.7408141 ], [ 6.0034874, 46.7398288 ], [ 6.0069972, 46.7386664 ], [ 6.00485, 46.7373116 ], [ 6.004248, 46.737422 ], [ 6.0040186, 46.737018 ], [ 6.0039859, 46.7368296 ], [ 6.0044936, 46.7360585 ], [ 6.0062463, 46.7351684 ], [ 6.0059781, 46.7348915 ], [ 6.0055353, 46.7351798 ], [ 6.0044121, 46.7350118 ], [ 6.0037525, 46.7351237 ], [ 6.0019605, 46.7357067 ], [ 6.0013394, 46.735258 ], [ 6.0017673, 46.7349152 ], [ 6.0023937, 46.7348196 ], [ 6.0026083, 46.7345535 ], [ 6.0031084, 46.734426 ], [ 6.0043037, 46.7337649 ], [ 6.0049796, 46.7329777 ], [ 6.0052964, 46.7323558 ], [ 6.0055293, 46.7315919 ], [ 6.0058963, 46.7310254 ], [ 6.0060581, 46.7304923 ], [ 6.0063678, 46.7302634 ], [ 6.006965, 46.7295242 ], [ 6.0085218, 46.7284139 ], [ 6.0089332, 46.7282003 ], [ 6.0100347, 46.7278354 ], [ 6.0114081, 46.7275317 ], [ 6.0120254, 46.726045 ], [ 6.0131577, 46.7247267 ], [ 6.0135225, 46.723935 ], [ 6.0136824, 46.7230865 ], [ 6.0136907, 46.7223862 ], [ 6.0134616, 46.7219876 ], [ 6.0134368, 46.7216828 ], [ 6.013633, 46.7212758 ], [ 6.0135801, 46.7208185 ], [ 6.0137545, 46.7207031 ], [ 6.0139711, 46.7203568 ], [ 6.0139923, 46.7202193 ], [ 6.0138877, 46.7201518 ], [ 6.0148869, 46.7184225 ], [ 6.0157344, 46.7178533 ], [ 6.0203672, 46.7160654 ], [ 6.0222578, 46.7152209 ], [ 6.0244367, 46.7134613 ], [ 6.0249204, 46.7129034 ], [ 6.025199, 46.712095 ], [ 6.0252007, 46.7112092 ], [ 6.0250167, 46.7103292 ], [ 6.0251547, 46.7084802 ], [ 6.0237947, 46.7065688 ], [ 6.022642, 46.7046637 ], [ 6.0237671, 46.7040511 ], [ 6.0233938, 46.702475 ], [ 6.0237042, 46.7022398 ], [ 6.022956, 46.7008682 ], [ 6.0216895, 46.7012458 ], [ 6.0209276, 46.7011577 ], [ 6.0206805, 46.7001307 ], [ 6.0204083, 46.6998522 ], [ 6.020256, 46.699421 ], [ 6.0199073, 46.6993455 ], [ 6.0184456, 46.6993191 ], [ 6.0169553, 46.699133 ], [ 6.0163032, 46.6991592 ], [ 6.0133841, 46.7003424 ], [ 6.0128763, 46.7007036 ], [ 6.0128202, 46.701015 ], [ 6.0134649, 46.7015874 ], [ 6.0132705, 46.7020953 ], [ 6.0132474, 46.7027654 ], [ 6.0139326, 46.7033358 ], [ 6.0133244, 46.7036104 ], [ 6.0132892, 46.7040618 ], [ 6.0128458, 46.7043077 ], [ 6.0114151, 46.7046093 ], [ 6.0098896, 46.7050647 ], [ 6.0082475, 46.7045059 ], [ 6.0079715, 46.7038274 ], [ 6.005878, 46.7030389 ], [ 6.0060946, 46.702196099999988 ], [ 6.0057824, 46.7014051 ], [ 6.0052979, 46.7010772 ], [ 6.0049575, 46.7010311 ], [ 6.0040912, 46.7006654 ], [ 6.0040107, 46.7004423 ], [ 6.0041516, 46.6996276 ], [ 6.0040528, 46.6989067 ], [ 6.0039484, 46.6987004 ], [ 6.0036694, 46.6986761 ], [ 6.0028609, 46.6979332 ], [ 6.0033979, 46.6970352 ], [ 6.0042462, 46.6970517 ], [ 6.0043642, 46.6969846 ], [ 6.0044701, 46.69627 ], [ 6.0047461, 46.6955311 ], [ 6.0046563, 46.6947604 ], [ 6.0048243, 46.6941523 ], [ 6.0051049, 46.6938025 ], [ 6.0054482, 46.6929546 ], [ 6.0054852, 46.6926995 ], [ 6.0053639, 46.6924486 ], [ 6.0054234, 46.6921758 ], [ 6.0056021, 46.6917603 ], [ 6.0059403, 46.691436 ], [ 6.0059705, 46.6912947 ], [ 6.0058401, 46.6911152 ], [ 6.0062964, 46.6896363 ], [ 6.0058985, 46.6894971 ], [ 6.0055801, 46.6892811 ], [ 6.0044941, 46.6882301 ], [ 6.0041196, 46.6878038 ], [ 6.0038396, 46.6869326 ], [ 6.0033539, 46.686602 ], [ 6.0032227, 46.686171099999989 ], [ 6.0037631, 46.6859515 ], [ 6.0042936, 46.6858835 ], [ 6.0047316, 46.6857063 ], [ 6.0051717, 46.6854974 ], [ 6.0054376, 46.6851669 ], [ 6.0057516, 46.6851867 ], [ 6.0061127, 46.6853241 ], [ 6.007743, 46.6845217 ], [ 6.007965, 46.6844645 ], [ 6.0083734, 46.6847223 ], [ 6.0086603, 46.6846788 ], [ 6.0087398, 46.6841045 ], [ 6.0090288, 46.6839798 ], [ 6.0095325, 46.6841387 ], [ 6.0094826, 46.6834966 ], [ 6.0127323, 46.6817038 ], [ 6.0131524, 46.6818657 ], [ 6.0133625, 46.6818061 ], [ 6.0133965, 46.6815214 ], [ 6.0138863, 46.681076 ], [ 6.0151198, 46.6803948 ], [ 6.0160628, 46.6800465 ], [ 6.0160044, 46.679703 ], [ 6.0164547, 46.6794181 ], [ 6.0167679, 46.6794711 ], [ 6.0171031, 46.6793064 ], [ 6.0176899, 46.678535 ], [ 6.0186397, 46.6789695 ], [ 6.0199831, 46.6774185 ], [ 6.0202703, 46.6777327 ], [ 6.0204139, 46.6776081 ], [ 6.0206132, 46.6777786 ], [ 6.022312, 46.6770869 ], [ 6.0220316, 46.676730199999987 ], [ 6.0222738, 46.6765175 ], [ 6.0218996, 46.6759813 ], [ 6.0220434, 46.6758351 ], [ 6.0226739, 46.675614 ], [ 6.0237808, 46.6755334 ], [ 6.0242902, 46.6753713 ], [ 6.0240874, 46.6750901 ], [ 6.0244679, 46.6748242 ], [ 6.0248925, 46.6749022 ], [ 6.0256571, 46.6742936 ], [ 6.0239087, 46.6733855 ], [ 6.0256641, 46.6712694 ], [ 6.0279903, 46.671927 ], [ 6.0292245, 46.6720413 ], [ 6.0299749, 46.6728919 ], [ 6.0305425, 46.6732815 ], [ 6.0336201, 46.6749446 ], [ 6.0337634, 46.6749327 ], [ 6.0340916, 46.6752538 ], [ 6.0378056, 46.6777813 ], [ 6.046088, 46.6824833 ], [ 6.0509755, 46.6866299 ], [ 6.0525574, 46.6877494 ], [ 6.0557561, 46.6895366 ], [ 6.0575289, 46.6903932 ], [ 6.0603527, 46.69161 ], [ 6.0641799, 46.6937354 ] ] ] ] } },
{ "type": "Feature", "properties": { "code_departement": 39.0, "code_rne": "0390785S", "multisecteur": 0.0 }, "geometry": { "type": "MultiPolygon", "coordinates": [ [ [ [ 5.408259, 46.3547187 ], [ 5.4084113, 46.3539116 ], [ 5.4088333, 46.3538038 ], [ 5.4089905, 46.3538132 ], [ 5.4090785, 46.3540241 ], [ 5.4091861, 46.3539907 ], [ 5.4094718, 46.3541411 ], [ 5.4091315, 46.354096 ], [ 5.4090295, 46.354153 ], [ 5.4093265, 46.3542419 ], [ 5.4090306, 46.3543531 ], [ 5.4093576, 46.3544696 ], [ 5.408259, 46.3547187 ] ] ], [ [ [ 5.4372283, 46.3725228 ], [ 5.4381067, 46.3719849 ], [ 5.438616, 46.3722041 ], [ 5.4386103, 46.3723965 ], [ 5.4376097, 46.3726404 ], [ 5.4372283, 46.3725228 ] ] ], [ [ [ 5.4671537, 46.4221665 ], [ 5.4691408, 46.4234503 ], [ 5.4705127, 46.425423 ], [ 5.4664517, 46.4220657 ], [ 5.4671537, 46.4221665 ] ] ], [ [ [ 5.452487, 46.5141164 ], [ 5.4546897, 46.5165781 ], [ 5.4567654, 46.5198956 ], [ 5.4576962, 46.5233449 ], [ 5.4578175, 46.5245873 ], [ 5.4580933, 46.5253786 ], [ 5.4582137, 46.5279886 ], [ 5.4587226, 46.5295767 ], [ 5.4586305, 46.530543599999987 ], [ 5.4596575, 46.5339764 ], [ 5.4601846, 46.5351281 ], [ 5.4615561, 46.5378021 ], [ 5.4620561, 46.5385535 ], [ 5.4626811, 46.5392112 ], [ 5.4628896, 46.5405589 ], [ 5.4639063, 46.5414757 ], [ 5.4688788, 46.5486936 ], [ 5.4692572, 46.5487179 ], [ 5.4695367, 46.5494677 ], [ 5.4695752, 46.5503749 ], [ 5.469789, 46.5515766 ], [ 5.4705866, 46.5529504 ], [ 5.4707715, 46.5538905 ], [ 5.4712645, 46.5545078 ], [ 5.4715637, 46.5551743 ], [ 5.4723485, 46.556323 ], [ 5.4726222, 46.5565406 ], [ 5.4729814, 46.5571166 ], [ 5.4730521, 46.5583294 ], [ 5.4734873, 46.5590831 ], [ 5.4735622, 46.5603868 ], [ 5.4743791, 46.5612637 ], [ 5.4743095, 46.5614265 ], [ 5.4743739, 46.5615792 ], [ 5.4751472, 46.5625309 ], [ 5.476382, 46.5636339 ], [ 5.4781289, 46.565598699999988 ], [ 5.4787319, 46.5659613 ], [ 5.4792038, 46.5668592 ], [ 5.4800212, 46.5679703 ], [ 5.4803089, 46.5684938 ], [ 5.4787306, 46.5687163 ], [ 5.4802461, 46.5710437 ], [ 5.4790102, 46.5717291 ], [ 5.478509, 46.5711643 ], [ 5.4780313, 46.5703692 ], [ 5.4774734, 46.5705389 ], [ 5.4764737, 46.5689507 ], [ 5.4749841, 46.5691712 ], [ 5.4729612, 46.569182499999989 ], [ 5.4717958, 46.5693491 ], [ 5.4680088, 46.568193 ], [ 5.4676693, 46.5677643 ], [ 5.4659358, 46.5664053 ], [ 5.4658352, 46.566115599999989 ], [ 5.4639916, 46.5652373 ], [ 5.462541, 46.564701 ], [ 5.4615693, 46.5639516 ], [ 5.4598905, 46.5631031 ], [ 5.4593049, 46.5626301 ], [ 5.4586526, 46.5622982 ], [ 5.4573278, 46.5609582 ], [ 5.4555386, 46.5602065 ], [ 5.4550405, 46.5595001 ], [ 5.4543675, 46.5590578 ], [ 5.4528484, 46.5583562 ], [ 5.452161, 46.5578538 ], [ 5.4514367, 46.5575738 ], [ 5.4496092, 46.5562589 ], [ 5.4492751, 46.5557112 ], [ 5.4478804, 46.5564095 ], [ 5.4459061, 46.557666 ], [ 5.4453486, 46.5577843 ], [ 5.4411052, 46.5611856 ], [ 5.440101, 46.5618889 ], [ 5.4383913, 46.5627902 ], [ 5.4374489, 46.5634463 ], [ 5.4355868, 46.565118299999988 ], [ 5.4358059, 46.5658704 ], [ 5.4341671, 46.5665521 ], [ 5.4329211, 46.567576699999989 ], [ 5.4322688, 46.5675942 ], [ 5.4299703, 46.5673412 ], [ 5.4298452, 46.567434899999988 ], [ 5.4294739, 46.5687148 ], [ 5.4289912, 46.5684935 ], [ 5.4283687, 46.5697076 ], [ 5.4271397, 46.5693309 ], [ 5.4267652, 46.5696614 ], [ 5.426932, 46.5697416 ], [ 5.4268835, 46.5697949 ], [ 5.4260624, 46.5704817 ], [ 5.4265994, 46.5706892 ], [ 5.4248975, 46.571309 ], [ 5.4240571, 46.570242199999988 ], [ 5.423046, 46.5695078 ], [ 5.4225391, 46.5696518 ], [ 5.4230606, 46.5704822 ], [ 5.4198497, 46.5722419 ], [ 5.4212472, 46.573588 ], [ 5.4205464, 46.5738091 ], [ 5.4199206, 46.5742764 ], [ 5.4183267, 46.5749497 ], [ 5.4177008, 46.5754169 ], [ 5.4170507, 46.5766054 ], [ 5.4156435, 46.57769 ], [ 5.4145388, 46.5790565 ], [ 5.4137784, 46.5803806 ], [ 5.4135781, 46.5815514 ], [ 5.4133116, 46.5822281 ], [ 5.412939, 46.5826954 ], [ 5.4120051, 46.5828484 ], [ 5.411252, 46.582867 ], [ 5.4107803, 46.5832202 ], [ 5.4102838, 46.5827757 ], [ 5.4088454, 46.582926699999987 ], [ 5.4086106, 46.5825524 ], [ 5.408106, 46.5822504 ], [ 5.4078041, 46.582809 ], [ 5.4074418, 46.582949 ], [ 5.4071859, 46.5823013 ], [ 5.4064391, 46.5817539 ], [ 5.4023774, 46.58096 ], [ 5.4001443, 46.5799754 ], [ 5.3986748, 46.5801593 ], [ 5.3977475, 46.5801076 ], [ 5.3970609, 46.5797048 ], [ 5.3954033, 46.5799801 ], [ 5.3948563, 46.5801663 ], [ 5.3945634, 46.5801607 ], [ 5.3939815, 46.5799413 ], [ 5.3936889, 46.5799727 ], [ 5.3934903, 46.5801219 ], [ 5.3929736, 46.5801066 ], [ 5.3922844, 46.5799426 ], [ 5.3911602, 46.579958 ], [ 5.3910699, 46.5788527 ], [ 5.3899587, 46.5789552 ], [ 5.3898689, 46.5796777 ], [ 5.3887682, 46.5798421 ], [ 5.3872868, 46.5802316 ], [ 5.386847, 46.5802426 ], [ 5.3868247, 46.5801502 ], [ 5.3864099, 46.5802562 ], [ 5.3861976, 46.5805687 ], [ 5.3853696, 46.5811409 ], [ 5.3834221, 46.5816904 ], [ 5.382661, 46.5814945 ], [ 5.3812634, 46.5802489 ], [ 5.3801885, 46.5800172 ], [ 5.3797964, 46.5798344 ], [ 5.3794873, 46.5800255 ], [ 5.3793271, 46.5804549 ], [ 5.3790904, 46.5804193 ], [ 5.378804, 46.5805325 ], [ 5.3779726, 46.5804335 ], [ 5.3774588, 46.5804541 ], [ 5.3768411, 46.5803715 ], [ 5.3766634, 46.5802797 ], [ 5.3758133, 46.5802901 ], [ 5.3755093, 46.5801487 ], [ 5.3748062, 46.5802344 ], [ 5.3743742, 46.5801848 ], [ 5.3742026, 46.5800235 ], [ 5.3735895, 46.5800768 ], [ 5.3734354, 46.5799575 ], [ 5.3727529, 46.5799743 ], [ 5.3726002, 46.5801874 ], [ 5.3723575, 46.580254599999989 ], [ 5.3721268, 46.5801783 ], [ 5.3719898, 46.5802712 ], [ 5.3716822, 46.580228 ], [ 5.3714446, 46.580322099999989 ], [ 5.3712054, 46.5802604 ], [ 5.3709305, 46.5803679 ], [ 5.370179, 46.580242 ], [ 5.3697128, 46.5803652 ], [ 5.3688376, 46.5801581 ], [ 5.3684265, 46.5801396 ], [ 5.3683568, 46.5799176 ], [ 5.3679764, 46.580002 ], [ 5.3677206, 46.5798587 ], [ 5.3677315, 46.5796585 ], [ 5.3672108, 46.5797026 ], [ 5.3670802, 46.5796134 ], [ 5.3671667, 46.5794684 ], [ 5.3671058, 46.5794219 ], [ 5.366758, 46.5794138 ], [ 5.3662235, 46.5790501 ], [ 5.3659854, 46.5791325 ], [ 5.3655362, 46.5786562 ], [ 5.3652916, 46.5787405 ], [ 5.3651743, 46.5785051 ], [ 5.3648426, 46.5785399 ], [ 5.3645896, 46.5783073 ], [ 5.3642802, 46.578374 ], [ 5.3638656, 46.5781214 ], [ 5.363757, 46.5778777 ], [ 5.3634839, 46.5777248 ], [ 5.3633655, 46.5777065 ], [ 5.3631485, 46.5779155 ], [ 5.3630412, 46.5776105 ], [ 5.3628784, 46.5774715 ], [ 5.3625426, 46.577560399999989 ], [ 5.3621836, 46.5774444 ], [ 5.3623812, 46.5773331 ], [ 5.362442, 46.5771076 ], [ 5.3625887, 46.5771172 ], [ 5.3626119, 46.5769897 ], [ 5.3629415, 46.5768486 ], [ 5.3630707, 46.5766937 ], [ 5.363352, 46.5766744 ], [ 5.3634282, 46.5765638 ], [ 5.3636611, 46.5765716 ], [ 5.3641028, 46.5762742 ], [ 5.3642166, 46.5763377 ], [ 5.3643256, 46.5762913 ], [ 5.3643727, 46.5755111 ], [ 5.3645721, 46.5749592 ], [ 5.3649839, 46.574485 ], [ 5.3664963, 46.5720134 ], [ 5.3673434, 46.5682132 ], [ 5.367652, 46.5671384 ], [ 5.3678732, 46.5669402 ], [ 5.3662809, 46.5664866 ], [ 5.3651081, 46.5665181 ], [ 5.3650148, 46.5660254 ], [ 5.3651101, 46.5653929 ], [ 5.365071, 46.564673 ], [ 5.3638351, 46.5635806 ], [ 5.3636785, 46.5631343 ], [ 5.3641, 46.5624932 ], [ 5.3639624, 46.5623618 ], [ 5.3624811, 46.5627167 ], [ 5.3583815, 46.5627193 ], [ 5.3565838, 46.5630383 ], [ 5.355854, 46.5619876 ], [ 5.356724, 46.5610563 ], [ 5.3573328, 46.5601852 ], [ 5.3590854, 46.5585276 ], [ 5.3602676, 46.5571186 ], [ 5.3606805, 46.5554084 ], [ 5.3618896, 46.552935 ], [ 5.3622684, 46.5526983 ], [ 5.3623003, 46.552258099999989 ], [ 5.3622026, 46.5520529 ], [ 5.3625803, 46.551639699999988 ], [ 5.3617726, 46.5475891 ], [ 5.3617993, 46.5450436 ], [ 5.3616774, 46.5448209 ], [ 5.3618255, 46.5439612 ], [ 5.3616281, 46.5427509 ], [ 5.3613383, 46.5421488 ], [ 5.3614034, 46.5419349 ], [ 5.3613323, 46.5408652 ], [ 5.3612345, 46.540568199999989 ], [ 5.3606461, 46.5399128 ], [ 5.3606057, 46.5391929 ], [ 5.3600222, 46.5376258 ], [ 5.3594194, 46.5366698 ], [ 5.3593215, 46.5360376 ], [ 5.3600867, 46.5348967 ], [ 5.3605969, 46.5345619 ], [ 5.3612104, 46.5344411 ], [ 5.361872, 46.5340428 ], [ 5.3618244, 46.5334276 ], [ 5.3619301, 46.5329741 ], [ 5.3618369, 46.532481399999988 ], [ 5.3621401, 46.5320689 ], [ 5.3615072, 46.5312298 ], [ 5.3608696, 46.5296484 ], [ 5.3603931, 46.5274764 ], [ 5.3592329, 46.5274796 ], [ 5.3590435, 46.5256683 ], [ 5.3591213, 46.5247208 ], [ 5.3599374, 46.5246112 ], [ 5.3599097, 46.5242109 ], [ 5.3596529, 46.5240694 ], [ 5.3595771, 46.5235547 ], [ 5.3589677, 46.5218971 ], [ 5.3585375, 46.5200998 ], [ 5.358359, 46.5197134 ], [ 5.358959, 46.5195272 ], [ 5.3602446, 46.5193502 ], [ 5.3608889, 46.5190703 ], [ 5.3622968, 46.518734 ], [ 5.3630056, 46.518196 ], [ 5.3633866, 46.5180764 ], [ 5.3637304, 46.5177882 ], [ 5.3648098, 46.517583 ], [ 5.3648947, 46.5174344 ], [ 5.3653032, 46.5174044 ], [ 5.3662724, 46.5169753 ], [ 5.3667867, 46.5169178 ], [ 5.3671651, 46.5166776 ], [ 5.3673152, 46.5168582 ], [ 5.3675385, 46.516860799999989 ], [ 5.36851, 46.5163344 ], [ 5.3691928, 46.5160716 ], [ 5.37114, 46.5159583 ], [ 5.3719721, 46.5163681 ], [ 5.3719177, 46.5164962 ], [ 5.3720064, 46.516616 ], [ 5.3723897, 46.516699 ], [ 5.3738214, 46.5164333 ], [ 5.3746601, 46.5161853 ], [ 5.3747853, 46.516243 ], [ 5.3749006, 46.5161938 ], [ 5.375144, 46.5163599 ], [ 5.3755027, 46.5163254 ], [ 5.3757405, 46.5166024 ], [ 5.3761473, 46.5167435 ], [ 5.3780178, 46.5165767 ], [ 5.3782001, 46.5163279 ], [ 5.378462, 46.5161684 ], [ 5.3795394, 46.5156505 ], [ 5.3802082, 46.5146492 ], [ 5.3810454, 46.5147859 ], [ 5.3809676, 46.5153055 ], [ 5.3817327, 46.516121 ], [ 5.3835345, 46.5157871 ], [ 5.3850452, 46.5156286 ], [ 5.3849364, 46.5142742 ], [ 5.3852008, 46.5139056 ], [ 5.3867216, 46.5144856 ], [ 5.387761, 46.5144134 ], [ 5.3883698, 46.5141611 ], [ 5.3884092, 46.5137197 ], [ 5.3888337, 46.5133433 ], [ 5.3886037, 46.5131274 ], [ 5.3884793, 46.5126696 ], [ 5.3917135, 46.5114976 ], [ 5.3915357, 46.5110743 ], [ 5.3915643, 46.5108332 ], [ 5.3913326, 46.5105497 ], [ 5.3915159, 46.5098207 ], [ 5.3916764, 46.5095822 ], [ 5.3921136, 46.5093163 ], [ 5.3920749, 46.5091181 ], [ 5.3927815, 46.5082429 ], [ 5.3929438, 46.5072153 ], [ 5.3931291, 46.5069186 ], [ 5.3936223, 46.5065038 ], [ 5.3953624, 46.5056025 ], [ 5.3955826, 46.5055664 ], [ 5.3956927, 46.5056668 ], [ 5.3972235, 46.50535 ], [ 5.3975882, 46.5053361 ], [ 5.3989605, 46.5057469 ], [ 5.4000343, 46.5055108 ], [ 5.4008593, 46.5051359 ], [ 5.4013967, 46.5051624 ], [ 5.4016641, 46.5053379 ], [ 5.4020723, 46.5054518 ], [ 5.4022148, 46.505638 ], [ 5.402311, 46.5053333 ], [ 5.4024529, 46.5052673 ], [ 5.4026151, 46.5053359 ], [ 5.4029498, 46.504315399999989 ], [ 5.4028505, 46.5040761 ], [ 5.4025883, 46.5038681 ], [ 5.4026486, 46.5035794 ], [ 5.4030532, 46.5035547 ], [ 5.4034862, 46.5027213 ], [ 5.4046983, 46.5024886 ], [ 5.4081442, 46.5009909 ], [ 5.4074641, 46.5005683 ], [ 5.4073012, 46.5003069 ], [ 5.4082139, 46.4999102 ], [ 5.4098927, 46.4999064 ], [ 5.4111949, 46.5000897 ], [ 5.4123982, 46.5004247 ], [ 5.4132335, 46.5013466 ], [ 5.4137293, 46.502054199999989 ], [ 5.4143103, 46.5019482 ], [ 5.414862, 46.5024735 ], [ 5.4164065, 46.5021165 ], [ 5.4175161, 46.5021318 ], [ 5.4187001, 46.5023248 ], [ 5.4195458, 46.5023015 ], [ 5.4208027, 46.5014037 ], [ 5.4217307, 46.500385 ], [ 5.4218362, 46.4996765 ], [ 5.4217563, 46.4989358 ], [ 5.4210703, 46.4975594 ], [ 5.4212707, 46.4970777 ], [ 5.4209365, 46.4957812 ], [ 5.4203366, 46.4944021 ], [ 5.4198428, 46.4937396 ], [ 5.4192217, 46.4920014 ], [ 5.4185273, 46.4912549 ], [ 5.4175372, 46.4894894 ], [ 5.4177621, 46.489354 ], [ 5.4186758, 46.4891338 ], [ 5.4201322, 46.4885651 ], [ 5.4207098, 46.4884421 ], [ 5.421234, 46.4879986 ], [ 5.4215192, 46.4875484 ], [ 5.4213974, 46.487361799999988 ], [ 5.4213279, 46.4866768 ], [ 5.4208379, 46.485217 ], [ 5.4203889, 46.4846517 ], [ 5.4201723, 46.4833266 ], [ 5.420281, 46.4832495 ], [ 5.4195828, 46.481268 ], [ 5.4199236, 46.4812193 ], [ 5.4198422, 46.4809427 ], [ 5.4199907, 46.4804981 ], [ 5.4189695, 46.4794666 ], [ 5.4177567, 46.4761149 ], [ 5.4170661, 46.4754782 ], [ 5.4163014, 46.4744646 ], [ 5.4155757, 46.4732413 ], [ 5.4152256, 46.4729631 ], [ 5.4134865, 46.4719386 ], [ 5.413049, 46.4717749 ], [ 5.4118276, 46.4715475 ], [ 5.4111085, 46.4712375 ], [ 5.4106664, 46.4709694 ], [ 5.4098132, 46.4701333 ], [ 5.4094101, 46.4699211 ], [ 5.4061715, 46.4694524 ], [ 5.4026755, 46.4691161 ], [ 5.4024019, 46.469003 ], [ 5.4018458, 46.4683958 ], [ 5.4015309, 46.4682627 ], [ 5.4006591, 46.4681829 ], [ 5.3999755, 46.4679063 ], [ 5.3994157, 46.4675405 ], [ 5.3991389, 46.4671166 ], [ 5.3980587, 46.466597 ], [ 5.3975202, 46.466656 ], [ 5.3966029, 46.467023 ], [ 5.3946231, 46.4672745 ], [ 5.3915462, 46.4681677 ], [ 5.3893402, 46.4683166 ], [ 5.3885062, 46.4685646 ], [ 5.3878109, 46.4689431 ], [ 5.3866313, 46.469965 ], [ 5.3853644, 46.4706293 ], [ 5.3846, 46.47092 ], [ 5.3841586, 46.4712022 ], [ 5.3840264, 46.4711608 ], [ 5.3830722, 46.4704204 ], [ 5.381894, 46.4691468 ], [ 5.381224, 46.4687626 ], [ 5.3800614, 46.4678454 ], [ 5.3787601, 46.4655393 ], [ 5.3778516, 46.4644375 ], [ 5.3761338, 46.4628634 ], [ 5.3750477, 46.4620815 ], [ 5.3737943, 46.4606302 ], [ 5.3737839, 46.4604502 ], [ 5.3733086, 46.4601024 ], [ 5.3726556, 46.4600746 ], [ 5.3709252, 46.4605717 ], [ 5.3700085, 46.4605061 ], [ 5.3681198, 46.460511 ], [ 5.3670671, 46.4603139 ], [ 5.3666765, 46.4603247 ], [ 5.365666, 46.4608916 ], [ 5.3645605, 46.4609208 ], [ 5.3630995, 46.4615906 ], [ 5.3621333, 46.4617962 ], [ 5.3604998, 46.4617047 ], [ 5.3603116, 46.4618446 ], [ 5.3599396, 46.4633396 ], [ 5.3601648, 46.4638746 ], [ 5.3590767, 46.4642178 ], [ 5.3576456, 46.4642563 ], [ 5.3571743, 46.4639985 ], [ 5.356692, 46.4635166 ], [ 5.3557487, 46.4629559 ], [ 5.3553108, 46.4621127 ], [ 5.3550503, 46.462119 ], [ 5.3540326, 46.4625517 ], [ 5.353112, 46.4623959 ], [ 5.3517107, 46.4629733 ], [ 5.3513201, 46.4629832 ], [ 5.3493119, 46.462001099999988 ], [ 5.347853, 46.4615447 ], [ 5.3474152, 46.4607014 ], [ 5.3445074, 46.4610774 ], [ 5.3435019, 46.4614908 ], [ 5.3356144, 46.4616883 ], [ 5.3313953, 46.461979 ], [ 5.3307806, 46.4619627 ], [ 5.3294956, 46.4621853 ], [ 5.3251075, 46.4625504 ], [ 5.3233471, 46.462506 ], [ 5.3235777, 46.4607897 ], [ 5.3234736, 46.4598766 ], [ 5.3227338, 46.458544 ], [ 5.3228559, 46.4566975 ], [ 5.3226145, 46.4562925 ], [ 5.3211416, 46.4550063 ], [ 5.3212151, 46.454621 ], [ 5.3218317, 46.4534275 ], [ 5.3218968, 46.4530271 ], [ 5.3217953, 46.4526949 ], [ 5.321049, 46.4527083 ], [ 5.3208589, 46.4528032 ], [ 5.3199304, 46.4536823 ], [ 5.3197333, 46.4536431 ], [ 5.3193183, 46.4532038 ], [ 5.3187873, 46.4530371 ], [ 5.318578, 46.4527729 ], [ 5.3183105, 46.452645 ], [ 5.3177471, 46.4530645 ], [ 5.3163508, 46.4537316 ], [ 5.3159002, 46.4538335 ], [ 5.3157163, 46.4528481 ], [ 5.3152606, 46.45286 ], [ 5.3139742, 46.4539977 ], [ 5.3136288, 46.4538444 ], [ 5.3120924, 46.4528377 ], [ 5.3119194, 46.4525989 ], [ 5.3120009, 46.4524928 ], [ 5.3116315, 46.4515571 ], [ 5.3116356, 46.450884 ], [ 5.3119042, 46.4498417 ], [ 5.3125621, 46.4487888 ], [ 5.3131153, 46.4481894 ], [ 5.3131664, 46.4479181 ], [ 5.3126978, 46.4473483 ], [ 5.3121323, 46.4473508 ], [ 5.3120849, 46.4474923 ], [ 5.3116373, 46.447386 ], [ 5.3113389, 46.4475713 ], [ 5.3106266, 46.4469407 ], [ 5.3113787, 46.4458977 ], [ 5.3115208, 46.445929 ], [ 5.3115922, 46.4458303 ], [ 5.3123552, 46.4461833 ], [ 5.3130199, 46.4460293 ], [ 5.3135024, 46.4463745 ], [ 5.3138655, 46.4461797 ], [ 5.3139924, 46.4459763 ], [ 5.314496, 46.445621 ], [ 5.3148929, 46.4451157 ], [ 5.3152128, 46.4450056 ], [ 5.3152386, 46.4448763 ], [ 5.3151138, 46.4447608 ], [ 5.3146592, 46.4446133 ], [ 5.3144925, 46.4440617 ], [ 5.3145051, 46.4437156 ], [ 5.3141571, 46.4435587 ], [ 5.3141813, 46.443423 ], [ 5.3146134, 46.4433188 ], [ 5.3148774, 46.4428747 ], [ 5.3147603, 46.4427564 ], [ 5.3141533, 46.4427327 ], [ 5.3142367, 46.4421481 ], [ 5.314721, 46.4411555 ], [ 5.3148571, 46.4410464 ], [ 5.3149634, 46.4405722 ], [ 5.3153319, 46.4400423 ], [ 5.3155363, 46.4398237 ], [ 5.316036, 46.4398082 ], [ 5.3160904, 46.439708 ], [ 5.3159038, 46.4396091 ], [ 5.316088, 46.4394666 ], [ 5.3160889, 46.4392729 ], [ 5.3163024, 46.4389911 ], [ 5.3164319, 46.4388813 ], [ 5.316844, 46.4387973 ], [ 5.3167039, 46.438628 ], [ 5.3169795, 46.4384585 ], [ 5.3169626, 46.4383985 ], [ 5.316486, 46.4383145 ], [ 5.3163721, 46.4381177 ], [ 5.3168008, 46.4378099 ], [ 5.3172942, 46.4380747 ], [ 5.3174728, 46.438017 ], [ 5.3174472, 46.437904 ], [ 5.3171968, 46.4377451 ], [ 5.3174958, 46.437576 ], [ 5.3176012, 46.4373892 ], [ 5.3172498, 46.4369072 ], [ 5.3175444, 46.4365102 ], [ 5.3173941, 46.4354872 ], [ 5.3177291, 46.435184899999989 ], [ 5.3179425, 46.434595 ], [ 5.3178233, 46.4335363 ], [ 5.3183848, 46.4331978 ], [ 5.3180987, 46.4329947 ], [ 5.3180091, 46.4326334 ], [ 5.3182401, 46.4324585 ], [ 5.3182407, 46.4321053 ], [ 5.3185079, 46.4317098 ], [ 5.3186119, 46.4315807 ], [ 5.318756, 46.4315985 ], [ 5.3188458, 46.431750699999988 ], [ 5.3190883, 46.4317233 ], [ 5.319086, 46.4313017 ], [ 5.3192248, 46.4312557 ], [ 5.3197353, 46.4314669 ], [ 5.3201201, 46.4312321 ], [ 5.3201237, 46.4311329 ], [ 5.3196449, 46.4311174 ], [ 5.3194304, 46.4309128 ], [ 5.3194461, 46.430762 ], [ 5.3195366, 46.4305917 ], [ 5.3200145, 46.4304631 ], [ 5.3204863, 46.4301292 ], [ 5.3207969, 46.4301733 ], [ 5.3209279, 46.4300058 ], [ 5.3210658, 46.4300012 ], [ 5.3217392, 46.4301506 ], [ 5.3218644, 46.4300309 ], [ 5.322481, 46.4299472 ], [ 5.3227388, 46.4296987 ], [ 5.3231641, 46.4298045 ], [ 5.3232537, 46.4294297 ], [ 5.3231091, 46.4293083 ], [ 5.3234984, 46.4288725 ], [ 5.3236327, 46.4288446 ], [ 5.3237143, 46.4290186 ], [ 5.3238366, 46.429044 ], [ 5.3245564, 46.4284789 ], [ 5.3226556, 46.427224 ], [ 5.3221824, 46.4272471 ], [ 5.320073, 46.4277008 ], [ 5.319546, 46.4277169 ], [ 5.3188637, 46.4275101 ], [ 5.3180295, 46.42661 ], [ 5.3159022, 46.4265531 ], [ 5.3157582, 46.4254615 ], [ 5.3140412, 46.4256756 ], [ 5.3136417, 46.426178299999989 ], [ 5.3135087, 46.4255909 ], [ 5.3128556, 46.4247213 ], [ 5.3125515, 46.4241239 ], [ 5.3127301, 46.4240347 ], [ 5.3127327, 46.4237257 ], [ 5.3125561, 46.4234626 ], [ 5.3118523, 46.4236075 ], [ 5.310836, 46.4236344 ], [ 5.3111111, 46.4238243 ], [ 5.3111441, 46.4240488 ], [ 5.3095535, 46.4243576 ], [ 5.3090141, 46.4245405 ], [ 5.3082872, 46.422786 ], [ 5.3075627, 46.4221944 ], [ 5.3071879, 46.4220488 ], [ 5.3065123, 46.4219679 ], [ 5.3064096, 46.4217573 ], [ 5.3065716, 46.421428 ], [ 5.308532, 46.4202262 ], [ 5.3087591, 46.4198982 ], [ 5.3084311, 46.4197193 ], [ 5.3082573, 46.4195201 ], [ 5.308006, 46.4189378 ], [ 5.3074434, 46.4182925 ], [ 5.3076512, 46.4174478 ], [ 5.3074634, 46.4170715 ], [ 5.3074954, 46.4169033 ], [ 5.3078844, 46.4168017 ], [ 5.3086841, 46.4167684 ], [ 5.3112466, 46.4163778 ], [ 5.3118878, 46.416572 ], [ 5.3125463, 46.4163434 ], [ 5.3135637, 46.4163453 ], [ 5.3140172, 46.4164739 ], [ 5.3142156, 46.416454599999987 ], [ 5.3147088, 46.4161041 ], [ 5.3124493, 46.4160508 ], [ 5.3117035, 46.4159109 ], [ 5.310149, 46.4154046 ], [ 5.3094574, 46.4154051 ], [ 5.3089449, 46.4150813 ], [ 5.3084441, 46.4149734 ], [ 5.3082223, 46.4146563 ], [ 5.3074615, 46.4147464 ], [ 5.3062243, 46.415057 ], [ 5.3043327, 46.4156348 ], [ 5.3026743, 46.4169231 ], [ 5.3025204, 46.4171361 ], [ 5.3018522, 46.4169181 ], [ 5.3008819, 46.4163332 ], [ 5.2988983, 46.4158119 ], [ 5.2987805, 46.4130758 ], [ 5.2991763, 46.4126066 ], [ 5.3060526, 46.410992199999988 ], [ 5.3099085, 46.4101819 ], [ 5.3146506, 46.4095083 ], [ 5.3147727, 46.4092257 ], [ 5.3170778, 46.4075673 ], [ 5.3174331, 46.4070403 ], [ 5.3182897, 46.4066635 ], [ 5.3197293, 46.4056343 ], [ 5.3205018, 46.4052735 ], [ 5.3206855, 46.4051211 ], [ 5.3206481, 46.4048255 ], [ 5.3209472, 46.4044474 ], [ 5.3214395, 46.40405 ], [ 5.3220659, 46.4037742 ], [ 5.3238753, 46.4032392 ], [ 5.3245449, 46.402970599999989 ], [ 5.3260731, 46.4019765 ], [ 5.3273603, 46.4017178 ], [ 5.3278957, 46.4021204 ], [ 5.3283298, 46.4018566 ], [ 5.3287838, 46.402304 ], [ 5.3292264, 46.4032148 ], [ 5.3295345, 46.403021099999989 ], [ 5.3297139, 46.4026769 ], [ 5.3301286, 46.402355899999989 ], [ 5.3298367, 46.4021663 ], [ 5.3308705, 46.4014318 ], [ 5.3312238, 46.4009534 ], [ 5.3312859, 46.4005161 ], [ 5.3315177, 46.4000907 ], [ 5.3315244, 46.3997905 ], [ 5.3313582, 46.3993732 ], [ 5.3308432, 46.398718 ], [ 5.3308325, 46.3985579 ], [ 5.3314389, 46.3983365 ], [ 5.3317461, 46.3980284 ], [ 5.33352, 46.3976129 ], [ 5.3340824, 46.3969717 ], [ 5.3344867, 46.3976265 ], [ 5.3347859, 46.3976186 ], [ 5.3352741, 46.3987148 ], [ 5.3358647, 46.3997063 ], [ 5.3366048, 46.4007217 ], [ 5.3372314, 46.4013674 ], [ 5.3380331, 46.401751 ], [ 5.3391603, 46.4020747 ], [ 5.339782, 46.4021169 ], [ 5.3413591, 46.4020314 ], [ 5.3415674, 46.4019073 ], [ 5.3417244, 46.4016518 ], [ 5.3417784, 46.4010886 ], [ 5.3425718, 46.4009165 ], [ 5.3426145, 46.4006967 ], [ 5.3430236, 46.4006117 ], [ 5.3434089, 46.4004245 ], [ 5.3438455, 46.4001606 ], [ 5.3441121, 46.3998795 ], [ 5.3452436, 46.3995761 ], [ 5.3470276, 46.3996673 ], [ 5.3481208, 46.3994133 ], [ 5.3512425, 46.3983662 ], [ 5.3519776, 46.3976853 ], [ 5.3533462, 46.3972354 ], [ 5.3528451, 46.3960017 ], [ 5.3527565, 46.3955459 ], [ 5.3523099, 46.3949119 ], [ 5.3518124, 46.3944843 ], [ 5.3516525, 46.3942182 ], [ 5.3516454, 46.3939022 ], [ 5.3523289, 46.3930548 ], [ 5.3540014, 46.3927707 ], [ 5.3587409, 46.3911504 ], [ 5.3597233, 46.3909859 ], [ 5.3607129, 46.3915609 ], [ 5.3615899, 46.3923923 ], [ 5.3620686, 46.393104 ], [ 5.3626401, 46.3943669 ], [ 5.3630707, 46.3939985 ], [ 5.362895, 46.3920437 ], [ 5.3630774, 46.390903 ], [ 5.363251, 46.3904625 ], [ 5.3632834, 46.390097 ], [ 5.3631442, 46.3895287 ], [ 5.3634974, 46.3888746 ], [ 5.3665781, 46.3886134 ], [ 5.3671383, 46.3884423 ], [ 5.3671967, 46.3880483 ], [ 5.3673736, 46.3879239 ], [ 5.3687091, 46.3876494 ], [ 5.3688376, 46.3873999 ], [ 5.3688417, 46.3865953 ], [ 5.3707592, 46.3867122 ], [ 5.370773, 46.386221 ], [ 5.3714627, 46.3851049 ], [ 5.3716212, 46.3846782 ], [ 5.3716845, 46.3837661 ], [ 5.3715318, 46.383456599999988 ], [ 5.3716226, 46.3827908 ], [ 5.3721598, 46.3827805 ], [ 5.3761302, 46.3821538 ], [ 5.3778573, 46.3821772 ], [ 5.3756571, 46.3803439 ], [ 5.3731693, 46.3788696 ], [ 5.3729411, 46.3787995 ], [ 5.3725033, 46.3784609 ], [ 5.372048, 46.3779569 ], [ 5.3716688, 46.3773486 ], [ 5.3709447, 46.3767393 ], [ 5.3704197, 46.3760683 ], [ 5.3691894, 46.3754605 ], [ 5.36898, 46.375255 ], [ 5.3677533, 46.3751201 ], [ 5.3674445, 46.3746914 ], [ 5.3667993, 46.3743985 ], [ 5.3662052, 46.3739649 ], [ 5.3632673, 46.3714889 ], [ 5.3625049, 46.370321 ], [ 5.3624367, 46.3698584 ], [ 5.3627246, 46.3694435 ], [ 5.363735, 46.3693343 ], [ 5.36595, 46.3693343 ], [ 5.3671172, 46.3691488 ], [ 5.3685991, 46.369109 ], [ 5.3697181, 46.3688344 ], [ 5.3695852, 46.3666093 ], [ 5.3724516, 46.3660002 ], [ 5.3745364, 46.364383 ], [ 5.3749785, 46.364944 ], [ 5.3771777, 46.3640162 ], [ 5.3761637, 46.3611672 ], [ 5.3755095, 46.3584791 ], [ 5.3751529, 46.3576694 ], [ 5.3735187, 46.3521883 ], [ 5.3752951, 46.3505234 ], [ 5.3759827, 46.3504775 ], [ 5.376306, 46.3507924 ], [ 5.3784302, 46.3480049 ], [ 5.3787199, 46.3473674 ], [ 5.3794644, 46.3463311 ], [ 5.3800674, 46.3458375 ], [ 5.3817714, 46.3450875 ], [ 5.3819589, 46.3451529 ], [ 5.3827196, 46.3449362 ], [ 5.3828283, 46.3450735 ], [ 5.3832653, 46.3448923 ], [ 5.3833924, 46.3450014 ], [ 5.3836738, 46.3449522 ], [ 5.3833452, 46.3441591 ], [ 5.3839162, 46.3441859 ], [ 5.3842119, 46.3443752 ], [ 5.3865803, 46.3438896 ], [ 5.3864956, 46.3435572 ], [ 5.3861072, 46.3432131 ], [ 5.3868984, 46.3431289 ], [ 5.3871354, 46.3423312 ], [ 5.389732, 46.3420092 ], [ 5.3897211, 46.3418491 ], [ 5.3898439, 46.3417114 ], [ 5.3907291, 46.341282 ], [ 5.3929336, 46.340531299999988 ], [ 5.3942873, 46.3404938 ], [ 5.3954236, 46.3403618 ], [ 5.3966743, 46.3399608 ], [ 5.3993761, 46.3396103 ], [ 5.4009111, 46.3397022 ], [ 5.4014222, 46.3395527 ], [ 5.4019787, 46.3390428 ], [ 5.4028506, 46.3372182 ], [ 5.4029503, 46.3366755 ], [ 5.4026123, 46.335289 ], [ 5.4016577, 46.3333344 ], [ 5.4016911, 46.3327931 ], [ 5.4028005, 46.3328526 ], [ 5.4042931, 46.332813 ], [ 5.4038946, 46.3292215 ], [ 5.4046822, 46.3247437 ], [ 5.4047698, 46.3216797 ], [ 5.4046287, 46.3203331 ], [ 5.4041904, 46.318319 ], [ 5.4039257, 46.3164976 ], [ 5.4042281, 46.3163975 ], [ 5.4040436, 46.314596 ], [ 5.404552, 46.3104844 ], [ 5.4048294, 46.3101416 ], [ 5.4102336, 46.3091067 ], [ 5.4104312, 46.3103169 ], [ 5.4108374, 46.3117461 ], [ 5.4128516, 46.3152035 ], [ 5.4135216, 46.3167163 ], [ 5.4137717, 46.3176993 ], [ 5.4137477, 46.3184205 ], [ 5.4134671, 46.3191931 ], [ 5.413266, 46.3202343 ], [ 5.4135267, 46.3213981 ], [ 5.4137494, 46.3253537 ], [ 5.4142991, 46.3281745 ], [ 5.414938, 46.3302736 ], [ 5.4144665, 46.3306394 ], [ 5.4150146, 46.3311836 ], [ 5.4152051, 46.3315201 ], [ 5.4155581, 46.3317991 ], [ 5.4156727, 46.3322129 ], [ 5.4154589, 46.3332319 ], [ 5.4156078, 46.3339818 ], [ 5.4153855, 46.3346622 ], [ 5.4154642, 46.33512 ], [ 5.4153395, 46.3352983 ], [ 5.4165615, 46.3359913 ], [ 5.4164893, 46.3387136 ], [ 5.4166671, 46.3391179 ], [ 5.4167518, 46.339708 ], [ 5.416925, 46.3424196 ], [ 5.4167426, 46.3426496 ], [ 5.4166338, 46.3430123 ], [ 5.4168744, 46.343994 ], [ 5.4130186, 46.3443118 ], [ 5.412258, 46.3489333 ], [ 5.4100611, 46.3509035 ], [ 5.4091862, 46.3518712 ], [ 5.4088239, 46.3524131 ], [ 5.4079561, 46.3530964 ], [ 5.4075983, 46.353282199999988 ], [ 5.4074194, 46.3530789 ], [ 5.4076694, 46.3529233 ], [ 5.4071919, 46.3529949 ], [ 5.4065109, 46.3528515 ], [ 5.4055939, 46.3528596 ], [ 5.4051119, 46.352697 ], [ 5.3989971, 46.3515065 ], [ 5.397108, 46.3556276 ], [ 5.3912639, 46.3516484 ], [ 5.390625, 46.3513013 ], [ 5.3897783, 46.3511239 ], [ 5.389734, 46.3512643 ], [ 5.3901503, 46.3512979 ], [ 5.3895972, 46.3515226 ], [ 5.3894564, 46.351748799999989 ], [ 5.3895497, 46.352344 ], [ 5.3902296, 46.3532604 ], [ 5.3916114, 46.3543821 ], [ 5.3965148, 46.3575929 ], [ 5.3952301, 46.3603364 ], [ 5.3957983, 46.3610815 ], [ 5.3965027, 46.3629613 ], [ 5.397321, 46.3630756 ], [ 5.3984487, 46.3630933 ], [ 5.3990436, 46.3630087 ], [ 5.3997135, 46.3628253 ], [ 5.4010692, 46.3621985 ], [ 5.4032174, 46.3654181 ], [ 5.4040627, 46.366884 ], [ 5.4048131, 46.3666673 ], [ 5.4049392, 46.3669286 ], [ 5.4057231, 46.3667634 ], [ 5.4059968, 46.3667712 ], [ 5.4060447, 46.3668837 ], [ 5.4067155, 46.3667218 ], [ 5.4071747, 46.3667472 ], [ 5.4073815, 46.3675113 ], [ 5.408265, 46.3676845 ], [ 5.4181311, 46.3671696 ], [ 5.4188515, 46.3652425 ], [ 5.4198052, 46.3637758 ], [ 5.4162789, 46.361117 ], [ 5.414784, 46.3595613 ], [ 5.4134534, 46.3579484 ], [ 5.4138964, 46.3567771 ], [ 5.4140041, 46.3549448 ], [ 5.4154287, 46.354468 ], [ 5.4173461, 46.3517499 ], [ 5.4196975, 46.3463375 ], [ 5.4198773, 46.3463461 ], [ 5.4200564, 46.3460712 ], [ 5.4203864, 46.3461515 ], [ 5.4203393, 46.3464687 ], [ 5.4210685, 46.346719 ], [ 5.4214269, 46.3464528 ], [ 5.4171832, 46.3529796 ], [ 5.4168147, 46.3532447 ], [ 5.416215, 46.3542024 ], [ 5.4168799, 46.3539888 ], [ 5.4180669, 46.352788 ], [ 5.4175817, 46.3529935 ], [ 5.4174951, 46.3528829 ], [ 5.4218912, 46.3465846 ], [ 5.4224441, 46.346906 ], [ 5.4235318, 46.3477324 ], [ 5.4236585, 46.3476838 ], [ 5.4233327, 46.3482006 ], [ 5.4224689, 46.3491694 ], [ 5.421694, 46.3509426 ], [ 5.4207234, 46.3546425 ], [ 5.4206723, 46.3553697 ], [ 5.4210844, 46.3565069 ], [ 5.4210819, 46.3567727 ], [ 5.4209367, 46.3570794 ], [ 5.4206792, 46.3573173 ], [ 5.4208974, 46.3578946 ], [ 5.4206188, 46.358451 ], [ 5.4203702, 46.3594175 ], [ 5.4204613, 46.3613579 ], [ 5.4211601, 46.3627377 ], [ 5.421578, 46.3639468 ], [ 5.4248413, 46.3634964 ], [ 5.4273963, 46.3632447 ], [ 5.427862, 46.3630357 ], [ 5.4280221, 46.363126 ], [ 5.4284458, 46.3637287 ], [ 5.4290219, 46.3639542 ], [ 5.4303329, 46.3642299 ], [ 5.4305644, 46.3639628 ], [ 5.4315032, 46.3643554 ], [ 5.4315924, 46.363903 ], [ 5.431707, 46.3639757 ], [ 5.432571, 46.3675151 ], [ 5.4324242, 46.3678717 ], [ 5.4311464, 46.369197 ], [ 5.4300891, 46.3706284 ], [ 5.4292801, 46.3727215 ], [ 5.4291993, 46.3734323 ], [ 5.4294537, 46.3743311 ], [ 5.4305497, 46.3763194 ], [ 5.4306243, 46.3772512 ], [ 5.4304365, 46.3779715 ], [ 5.4305951, 46.3785258 ], [ 5.4305739, 46.3792146 ], [ 5.4309089, 46.3794863 ], [ 5.431104, 46.3794577 ], [ 5.4315998, 46.379187 ], [ 5.4321001, 46.3786226 ], [ 5.4329649, 46.3779792 ], [ 5.4336074, 46.3776978 ], [ 5.4355154, 46.3771001 ], [ 5.4370259, 46.3776932 ], [ 5.4376064, 46.3746704 ], [ 5.4378648, 46.3743286 ], [ 5.438533, 46.3739353 ], [ 5.438674, 46.3734591 ], [ 5.4394996, 46.373703 ], [ 5.4420701, 46.3769266 ], [ 5.4428487, 46.3784141 ], [ 5.4435283, 46.3794519 ], [ 5.4420209, 46.3791825 ], [ 5.437396, 46.3778735 ], [ 5.4330077, 46.3809428 ], [ 5.4329104, 46.3799042 ], [ 5.4325797, 46.3795142 ], [ 5.4322323, 46.3796213 ], [ 5.4319665, 46.3799749 ], [ 5.4312844, 46.3797881 ], [ 5.4310442, 46.379902 ], [ 5.4302494, 46.3804852 ], [ 5.4280991, 46.3825991 ], [ 5.4292368, 46.3838648 ], [ 5.4294523, 46.3842899 ], [ 5.4296771, 46.3851302 ], [ 5.4298267, 46.3868549 ], [ 5.4294628, 46.387687 ], [ 5.4294322, 46.3884056 ], [ 5.429857, 46.3894371 ], [ 5.4301507, 46.3905092 ], [ 5.4311449, 46.3921349 ], [ 5.4317031, 46.3937347 ], [ 5.4320421, 46.3959382 ], [ 5.4323129, 46.3997684 ], [ 5.432473, 46.4002632 ], [ 5.436071, 46.3990685 ], [ 5.4363227, 46.3997487 ], [ 5.4369744, 46.4003753 ], [ 5.4370875, 46.4009539 ], [ 5.4374565, 46.4015181 ], [ 5.4380099, 46.4021306 ], [ 5.438949, 46.4029205 ], [ 5.4400448, 46.4075988 ], [ 5.4402652, 46.409149 ], [ 5.4408947, 46.410704 ], [ 5.4410798, 46.41091 ], [ 5.4414638, 46.4110513 ], [ 5.4421726, 46.4115532 ], [ 5.4428002, 46.411838 ], [ 5.4431441, 46.4121613 ], [ 5.4439399, 46.4134479 ], [ 5.4514436, 46.4116087 ], [ 5.4570498, 46.4112145 ], [ 5.4610783, 46.4172175 ], [ 5.4643884, 46.4180737 ], [ 5.4664991, 46.4187742 ], [ 5.4677988, 46.418725099999989 ], [ 5.4685282, 46.4187827 ], [ 5.4687271, 46.419058 ], [ 5.4686425, 46.4190633 ], [ 5.4685902, 46.4193348 ], [ 5.4679473, 46.4193383 ], [ 5.4684416, 46.4198426 ], [ 5.4697123, 46.4195183 ], [ 5.4701081, 46.4205285 ], [ 5.4692198, 46.4208396 ], [ 5.4688622, 46.4208833 ], [ 5.4681605, 46.4206734 ], [ 5.4670382, 46.4208506 ], [ 5.4657816, 46.4219538 ], [ 5.4655436, 46.4220058 ], [ 5.4691109, 46.4250887 ], [ 5.467745, 46.4242995 ], [ 5.4632448, 46.4221888 ], [ 5.4616329, 46.4220528 ], [ 5.461319, 46.422385299999988 ], [ 5.4575364, 46.4225235 ], [ 5.4570416, 46.4225129 ], [ 5.4552841, 46.4219456 ], [ 5.4516634, 46.4219588 ], [ 5.4466336, 46.422195 ], [ 5.4468958, 46.4242339 ], [ 5.4479129, 46.4256491 ], [ 5.4491136, 46.4269152 ], [ 5.4494476, 46.4275351 ], [ 5.4494817, 46.4281226 ], [ 5.4491586, 46.429662 ], [ 5.4495381, 46.429698 ], [ 5.4498587, 46.4296136 ], [ 5.451593, 46.429007 ], [ 5.4529642, 46.4288172 ], [ 5.4534448, 46.4288123 ], [ 5.454426, 46.4285254 ], [ 5.455382, 46.4284904 ], [ 5.4565691, 46.4281181 ], [ 5.4575788, 46.4280585 ], [ 5.45938, 46.4277251 ], [ 5.4595892, 46.4277719 ], [ 5.4599067, 46.4286885 ], [ 5.4618757, 46.4279164 ], [ 5.4625823, 46.4285317 ], [ 5.4632716, 46.4282457 ], [ 5.4638534, 46.4283764 ], [ 5.4638135, 46.428907 ], [ 5.4640295, 46.4291032 ], [ 5.464284, 46.4291986 ], [ 5.4642154, 46.429381199999987 ], [ 5.4645246, 46.4295934 ], [ 5.4647937, 46.4300128 ], [ 5.4650356, 46.4301752 ], [ 5.4651979, 46.4307401 ], [ 5.4664396, 46.4327593 ], [ 5.4672187, 46.4331596 ], [ 5.4676731, 46.4332263 ], [ 5.4682562, 46.4319836 ], [ 5.4687121, 46.4313287 ], [ 5.4712223, 46.4283894 ], [ 5.4722268, 46.4274237 ], [ 5.4762001, 46.4252708 ], [ 5.478708, 46.4240704 ], [ 5.4794155, 46.4303048 ], [ 5.4796479, 46.4307644 ], [ 5.4800239, 46.430983399999988 ], [ 5.4801273, 46.4311734 ], [ 5.4798599, 46.4316852 ], [ 5.4773046, 46.4337494 ], [ 5.4817195, 46.4320965 ], [ 5.4838271, 46.4316756 ], [ 5.4862265, 46.4313493 ], [ 5.4869803, 46.4324524 ], [ 5.4878289, 46.4332303 ], [ 5.4870871, 46.4335086 ], [ 5.4875942, 46.4343706 ], [ 5.4869426, 46.434683 ], [ 5.4870099, 46.4347878 ], [ 5.4864539, 46.435226 ], [ 5.4866526, 46.4352965 ], [ 5.4872614, 46.4349319 ], [ 5.4875548, 46.4352516 ], [ 5.487685, 46.4352479 ], [ 5.4879696, 46.4354029 ], [ 5.4885499, 46.4354984 ], [ 5.4890997, 46.4361243 ], [ 5.4901439, 46.4364772 ], [ 5.4903102, 46.4366087 ], [ 5.4906698, 46.4372936 ], [ 5.4913469, 46.4379095 ], [ 5.4918172, 46.4384785 ], [ 5.4919022, 46.4388262 ], [ 5.4924195, 46.439225699999987 ], [ 5.4930599, 46.4394649 ], [ 5.4931656, 46.4395833 ], [ 5.49443, 46.4401611 ], [ 5.4948913, 46.4406168 ], [ 5.4975589, 46.4426945 ], [ 5.4979851, 46.4432915 ], [ 5.4985822, 46.4435812 ], [ 5.498605, 46.4436807 ], [ 5.5001704, 46.4437131 ], [ 5.5007497, 46.4438707 ], [ 5.5016095, 46.4439762 ], [ 5.5032471, 46.4444745 ], [ 5.5044644, 46.4454677 ], [ 5.5046653, 46.4453867 ], [ 5.5047768, 46.4456878 ], [ 5.5046439, 46.4458583 ], [ 5.5033548, 46.4457424 ], [ 5.5030133, 46.4458274 ], [ 5.5018028, 46.4466846 ], [ 5.5016204, 46.4468868 ], [ 5.5015773, 46.4471976 ], [ 5.5026111, 46.4500993 ], [ 5.5049684, 46.4544035 ], [ 5.5086294, 46.4585277 ], [ 5.5090375, 46.4592098 ], [ 5.5093808, 46.4604113 ], [ 5.5089422, 46.4613894 ], [ 5.5084809, 46.4615085 ], [ 5.5073729, 46.4614824 ], [ 5.5078622, 46.462541 ], [ 5.5079581, 46.4632948 ], [ 5.5078508, 46.4635395 ], [ 5.5080384, 46.4639345 ], [ 5.5080799, 46.4649777 ], [ 5.5089521, 46.4675288 ], [ 5.508947, 46.4682398 ], [ 5.5087328, 46.4696202 ], [ 5.5088036, 46.4704799 ], [ 5.5095603, 46.4727272 ], [ 5.5100309, 46.4735466 ], [ 5.5055501, 46.475782 ], [ 5.5045318, 46.476126799999989 ], [ 5.5026362, 46.4762782 ], [ 5.4953545, 46.475994299999989 ], [ 5.4941456, 46.4760504 ], [ 5.4912736, 46.4749824 ], [ 5.4875297, 46.4759243 ], [ 5.4804217, 46.4784239 ], [ 5.4805351, 46.4789953 ], [ 5.4797839, 46.4819783 ], [ 5.4794256, 46.4826158 ], [ 5.4789789, 46.4830327 ], [ 5.478967, 46.483342799999988 ], [ 5.4792203, 46.4841238 ], [ 5.4788002, 46.484323 ], [ 5.478731, 46.4845209 ], [ 5.4792768, 46.4868875 ], [ 5.4795114, 46.4872283 ], [ 5.4807307, 46.4884262 ], [ 5.4820563, 46.4903839 ], [ 5.4830241, 46.4912133 ], [ 5.4836486, 46.4919808 ], [ 5.4843077, 46.4924466 ], [ 5.4843964, 46.4934492 ], [ 5.4846654, 46.4942272 ], [ 5.4859429, 46.4965822 ], [ 5.4864488, 46.4980631 ], [ 5.4866994, 46.4985243 ], [ 5.4870833, 46.4989601 ], [ 5.4880205, 46.5012019 ], [ 5.488605, 46.5036306 ], [ 5.4891336, 46.5050065 ], [ 5.4862123, 46.5051214 ], [ 5.4799071, 46.50648 ], [ 5.4784067, 46.5065972 ], [ 5.4767197, 46.5068554 ], [ 5.4743981, 46.5075353 ], [ 5.4679844, 46.5108911 ], [ 5.4673258, 46.5114755 ], [ 5.4660112, 46.5118372 ], [ 5.4655522, 46.5123633 ], [ 5.4628507, 46.512672 ], [ 5.4626417, 46.5128396 ], [ 5.4607387, 46.5133787 ], [ 5.4602913, 46.5130361 ], [ 5.4596425, 46.5121627 ], [ 5.4588531, 46.5115292 ], [ 5.4576522, 46.5123577 ], [ 5.452487, 46.5141164 ] ], [ [ 5.3894157, 46.3506901 ], [ 5.3894205, 46.3507547 ], [ 5.3896063, 46.3507916 ], [ 5.3894688, 46.3508881 ], [ 5.38964, 46.350949 ], [ 5.3899207, 46.3505376 ], [ 5.3907194, 46.3500093 ], [ 5.3943661, 46.3458657 ], [ 5.3840431, 46.3463959 ], [ 5.388773, 46.3499087 ], [ 5.3893902, 46.3505497 ], [ 5.3892154, 46.3506334 ], [ 5.3894157, 46.3506901 ] ], [ [ 5.3893997, 46.3511611 ], [ 5.3895824, 46.351133 ], [ 5.3896277, 46.3509838 ], [ 5.3893612, 46.351028799999987 ], [ 5.3893997, 46.3511611 ] ] ], [ [ [ 5.389477, 46.3506354 ], [ 5.3896339, 46.3505822 ], [ 5.3896299, 46.3507092 ], [ 5.389477, 46.3506354 ] ] ] ] } },
{ "type": "Feature", "properties": { "code_departement": 39.0, "code_rne": "0390797E", "multisecteur": 0.0 }, "geometry": { "type": "MultiPolygon", "coordinates": [ [ [ [ 5.4849987, 47.0759412 ], [ 5.4901202, 47.0743549 ], [ 5.490843, 47.0744281 ], [ 5.4913649, 47.0746434 ], [ 5.4916886, 47.0749422 ], [ 5.4921541, 47.0757444 ], [ 5.4916289, 47.0764811 ], [ 5.4905443, 47.0774042 ], [ 5.4897967, 47.0777855 ], [ 5.4886866, 47.0779236 ], [ 5.4859447, 47.0771125 ], [ 5.4849987, 47.0759412 ] ] ], [ [ [ 5.4688452, 47.0814851 ], [ 5.4687633, 47.0816171 ], [ 5.4686371, 47.0815602 ], [ 5.4686155, 47.0818183 ], [ 5.4684771, 47.0817972 ], [ 5.4683559, 47.0814582 ], [ 5.4684282, 47.081367 ], [ 5.4687568, 47.0812846 ], [ 5.46934, 47.0815297 ], [ 5.4694116, 47.0819521 ], [ 5.4693084, 47.0819825 ], [ 5.4688452, 47.0814851 ] ] ], [ [ [ 5.5077629, 47.0810511 ], [ 5.5081839, 47.0809881 ], [ 5.5082923, 47.0808706 ], [ 5.5082314, 47.0800682 ], [ 5.5083965, 47.0799426 ], [ 5.5086221, 47.0800426 ], [ 5.5094403, 47.0808244 ], [ 5.5087065, 47.0808015 ], [ 5.508526, 47.0809642 ], [ 5.5089207, 47.0815914 ], [ 5.5097986, 47.0810069 ], [ 5.5101623, 47.0809485 ], [ 5.5109861, 47.0820738 ], [ 5.5115081, 47.0821486 ], [ 5.5114797, 47.0825908 ], [ 5.511277, 47.0828984 ], [ 5.5102714, 47.0832267 ], [ 5.5097507, 47.0825592 ], [ 5.508654, 47.0824495 ], [ 5.5087241, 47.0819266 ], [ 5.5078065, 47.0813662 ], [ 5.5077629, 47.0810511 ] ] ], [ [ [ 5.5067558, 47.0817663 ], [ 5.5074552, 47.081972199999989 ], [ 5.5084223, 47.0825907 ], [ 5.5081167, 47.0828481 ], [ 5.5070485, 47.082149 ], [ 5.5067137, 47.0820309 ], [ 5.5067558, 47.0817663 ] ] ], [ [ [ 5.5054149, 47.0823233 ], [ 5.5057607, 47.0822296 ], [ 5.5061871, 47.0823134 ], [ 5.5061114, 47.082433 ], [ 5.5062072, 47.0825761 ], [ 5.5060573, 47.0825055 ], [ 5.5058863, 47.0825727 ], [ 5.5058955, 47.0826828 ], [ 5.5055263, 47.0826831 ], [ 5.5056089, 47.0828975 ], [ 5.5053057, 47.0828681 ], [ 5.5051257, 47.0827534 ], [ 5.5051698, 47.0825641 ], [ 5.5054149, 47.0823233 ] ] ], [ [ [ 5.5050172, 47.0847458 ], [ 5.5047495, 47.0843355 ], [ 5.5047974, 47.0839761 ], [ 5.5051532, 47.0837613 ], [ 5.50525, 47.0834696 ], [ 5.5055903, 47.0833345 ], [ 5.5057013, 47.0833573 ], [ 5.506217, 47.0836846 ], [ 5.5063403, 47.0839371 ], [ 5.5071476, 47.0848629 ], [ 5.5067155, 47.0850693 ], [ 5.5061114, 47.0850163 ], [ 5.506193, 47.0848218 ], [ 5.5064241, 47.0849346 ], [ 5.5065874, 47.0847696 ], [ 5.5066436, 47.0846493 ], [ 5.5064112, 47.0845463 ], [ 5.50632, 47.0845846 ], [ 5.5064373, 47.0847275 ], [ 5.5061582, 47.0847801 ], [ 5.5060825, 47.0847303 ], [ 5.5057717, 47.0848792 ], [ 5.5056419, 47.0852018 ], [ 5.5050172, 47.0847458 ] ], [ [ 5.506192, 47.0841678 ], [ 5.506003, 47.0841714 ], [ 5.506025, 47.0840512 ], [ 5.5058424, 47.0839911 ], [ 5.5056367, 47.0840719 ], [ 5.5058626, 47.0841522 ], [ 5.5058737, 47.0842815 ], [ 5.5061275, 47.0842703 ], [ 5.506192, 47.0841678 ] ], [ [ 5.5052026, 47.0842229 ], [ 5.5050778, 47.0844302 ], [ 5.5053319, 47.0845276 ], [ 5.5052298, 47.0843889 ], [ 5.5054322, 47.0843086 ], [ 5.5052026, 47.0842229 ] ], [ [ 5.5053546, 47.0847266 ], [ 5.5055575, 47.0847014 ], [ 5.5056068, 47.0846334 ], [ 5.5053764, 47.0846057 ], [ 5.5053546, 47.0847266 ] ] ], [ [ [ 5.4770799, 47.0915054 ], [ 5.4770887, 47.0916696 ], [ 5.4769189, 47.091721899999989 ], [ 5.4767046, 47.0915673 ], [ 5.4767939, 47.091387 ], [ 5.4770799, 47.0915054 ] ] ], [ [ [ 5.4729982, 47.0899438 ], [ 5.4732875, 47.0900616 ], [ 5.4738038, 47.0898139 ], [ 5.4744508, 47.0897781 ], [ 5.4749698, 47.0898638 ], [ 5.4750008, 47.0903957 ], [ 5.475152, 47.0906619 ], [ 5.4750741, 47.0907463 ], [ 5.4748212, 47.0907814 ], [ 5.4745696, 47.0910884 ], [ 5.4746261, 47.0912264 ], [ 5.4750422, 47.0912117 ], [ 5.4756685, 47.0909148 ], [ 5.4758758, 47.0909168 ], [ 5.4761204, 47.0911126 ], [ 5.4761596, 47.0912921 ], [ 5.4760145, 47.0915899 ], [ 5.4762985, 47.0916717 ], [ 5.4766985, 47.091572 ], [ 5.4766756, 47.0917466 ], [ 5.4768146, 47.0918033 ], [ 5.4768266, 47.0919496 ], [ 5.4762657, 47.092331 ], [ 5.4762202, 47.0925073 ], [ 5.4768094, 47.0926627 ], [ 5.476961, 47.0929013 ], [ 5.4768136, 47.0931281 ], [ 5.4761954, 47.0934032 ], [ 5.4764554, 47.0937182 ], [ 5.476526, 47.0936949 ], [ 5.4785775, 47.0926808 ], [ 5.4786943, 47.0925073 ], [ 5.4788334, 47.0924715 ], [ 5.4788679, 47.0923093 ], [ 5.4790928, 47.0921863 ], [ 5.4794658, 47.0922467 ], [ 5.4795091, 47.0919598 ], [ 5.4793725, 47.0918619 ], [ 5.4795417, 47.0914908 ], [ 5.4796631, 47.091445 ], [ 5.4797989, 47.0911587 ], [ 5.480265, 47.0910365 ], [ 5.4801898, 47.0907686 ], [ 5.4804794, 47.0905985 ], [ 5.480359, 47.0904802 ], [ 5.4807767, 47.0905029 ], [ 5.4807609, 47.0911764 ], [ 5.4811365, 47.0913559 ], [ 5.4818111, 47.0908729 ], [ 5.4817457, 47.0906981 ], [ 5.4814196, 47.0904832 ], [ 5.481161, 47.090382 ], [ 5.4807949, 47.0904759 ], [ 5.4807111, 47.0903765 ], [ 5.4809215, 47.0901201 ], [ 5.4812148, 47.0899989 ], [ 5.4811338, 47.0898255 ], [ 5.4813687, 47.0897833 ], [ 5.4814559, 47.0895813 ], [ 5.4818814, 47.089434 ], [ 5.4817553, 47.0891697 ], [ 5.4818873, 47.0890916 ], [ 5.4823752, 47.0891102 ], [ 5.4823969, 47.0887907 ], [ 5.4825723, 47.0886857 ], [ 5.4823892, 47.0883735 ], [ 5.4826421, 47.0883312 ], [ 5.4832945, 47.0884389 ], [ 5.4839624, 47.0878766 ], [ 5.4841319, 47.0878436 ], [ 5.4840615, 47.0868644 ], [ 5.484689, 47.0867406 ], [ 5.48521, 47.0868301 ], [ 5.485606, 47.0866471 ], [ 5.4859512, 47.0862709 ], [ 5.4860851, 47.0858838 ], [ 5.4864699, 47.0857402 ], [ 5.4865353, 47.0855544 ], [ 5.4873904, 47.0845921 ], [ 5.4884353, 47.0851253 ], [ 5.4889624, 47.0855296 ], [ 5.4892074, 47.0859047 ], [ 5.4899505, 47.0860345 ], [ 5.4904542, 47.0862314 ], [ 5.4908812, 47.0865716 ], [ 5.4921462, 47.087151 ], [ 5.4923458, 47.0876183 ], [ 5.4935922, 47.0877252 ], [ 5.4939841, 47.0879172 ], [ 5.4957185, 47.0879877 ], [ 5.4967139, 47.0883203 ], [ 5.4969234, 47.088731 ], [ 5.4999824, 47.0890172 ], [ 5.500523, 47.0883329 ], [ 5.5018577, 47.0879427 ], [ 5.5049795, 47.088397 ], [ 5.5066604, 47.0891307 ], [ 5.5070833, 47.0891691 ], [ 5.5092437, 47.0890359 ], [ 5.5108086, 47.0892274 ], [ 5.5126164, 47.088801 ], [ 5.515523, 47.0885692 ], [ 5.518008, 47.0881208 ], [ 5.5220384, 47.0878356 ], [ 5.5217925, 47.0879439 ], [ 5.5218153, 47.088037 ], [ 5.5227137, 47.0887462 ], [ 5.5234347, 47.0896672 ], [ 5.5243713, 47.0914735 ], [ 5.5165163, 47.0908648 ], [ 5.516067, 47.0932472 ], [ 5.5156215, 47.093113599999988 ], [ 5.5156017, 47.0938482 ], [ 5.5152119, 47.094653 ], [ 5.5153283, 47.0950549 ], [ 5.5150514, 47.095424799999989 ], [ 5.5137573, 47.0966086 ], [ 5.5153558, 47.0970008 ], [ 5.5149345, 47.0973 ], [ 5.5125057, 47.1000939 ], [ 5.5108241, 47.1017428 ], [ 5.5125385, 47.1026369 ], [ 5.5146001, 47.1038469 ], [ 5.5122348, 47.1061124 ], [ 5.511915, 47.1069219 ], [ 5.5116532, 47.1100514 ], [ 5.5115321, 47.1099442 ], [ 5.5096345, 47.1122877 ], [ 5.5092875, 47.112288 ], [ 5.5053752, 47.1110938 ], [ 5.5046116, 47.1118958 ], [ 5.5041275, 47.111727 ], [ 5.5038172, 47.11175 ], [ 5.5022846, 47.1121597 ], [ 5.5005276, 47.1129372 ], [ 5.5002609, 47.1137032 ], [ 5.4996618, 47.1144683 ], [ 5.4972146, 47.1161858 ], [ 5.4963982, 47.1168781 ], [ 5.495634, 47.117244 ], [ 5.4946408, 47.118023 ], [ 5.4956371, 47.1196472 ], [ 5.4934561, 47.1202239 ], [ 5.4929412, 47.119563 ], [ 5.4922438, 47.1178936 ], [ 5.4919512, 47.1174451 ], [ 5.4921698, 47.1172368 ], [ 5.4920058, 47.1169152 ], [ 5.4916354, 47.1167232 ], [ 5.4914039, 47.1168236 ], [ 5.4911182, 47.1164965 ], [ 5.4908087, 47.1159654 ], [ 5.4904792, 47.1156311 ], [ 5.4901877, 47.1149492 ], [ 5.4896883, 47.1142502 ], [ 5.4851065, 47.1158089 ], [ 5.4859478, 47.1162835 ], [ 5.4851902, 47.1170807 ], [ 5.4845217, 47.1175509 ], [ 5.4842229, 47.1175366 ], [ 5.4841768, 47.1181978 ], [ 5.4844012, 47.1181993 ], [ 5.4850374, 47.1190621 ], [ 5.4848472, 47.1191139 ], [ 5.4848415, 47.1192482 ], [ 5.4851847, 47.119221 ], [ 5.4854478, 47.1197757 ], [ 5.4850704, 47.1198063 ], [ 5.4850415, 47.1200942 ], [ 5.4852111, 47.1207968 ], [ 5.484751, 47.1208913 ], [ 5.4848725, 47.1218958 ], [ 5.4849916, 47.1219031 ], [ 5.4851718, 47.1223766 ], [ 5.4855949, 47.1247392 ], [ 5.4851862, 47.1247768 ], [ 5.4837101, 47.1253922 ], [ 5.4818589, 47.1258301 ], [ 5.4797379, 47.1257693 ], [ 5.4790373, 47.1256582 ], [ 5.4780893, 47.1240716 ], [ 5.4779307, 47.1233499 ], [ 5.4773958, 47.1219904 ], [ 5.4779316, 47.1218195 ], [ 5.4775356, 47.121156 ], [ 5.477165, 47.1212477 ], [ 5.4768944, 47.1206717 ], [ 5.4754227, 47.1240539 ], [ 5.4752238, 47.1243771 ], [ 5.4748277, 47.1245459 ], [ 5.4739405, 47.12224 ], [ 5.4732357, 47.1208851 ], [ 5.4726147, 47.1194022 ], [ 5.4725205, 47.1190755 ], [ 5.4724129, 47.1170169 ], [ 5.4719612, 47.1156574 ], [ 5.4710377, 47.1141639 ], [ 5.4705132, 47.1135743 ], [ 5.4698149, 47.1112914 ], [ 5.4694902, 47.1108867 ], [ 5.4693001, 47.1104512 ], [ 5.4678585, 47.1085021 ], [ 5.465916, 47.109012 ], [ 5.4648477, 47.1081835 ], [ 5.4635909, 47.1081653 ], [ 5.4627332, 47.1072081 ], [ 5.4624917, 47.1064557 ], [ 5.4616497, 47.1053819 ], [ 5.4612029, 47.1041772 ], [ 5.460366, 47.1043103 ], [ 5.4604746, 47.1047827 ], [ 5.4603487, 47.1052024 ], [ 5.4588402, 47.1070973 ], [ 5.4577322, 47.1073631 ], [ 5.456432, 47.1077817 ], [ 5.4559844, 47.1066157 ], [ 5.454823, 47.1047506 ], [ 5.453951, 47.1050123 ], [ 5.4533367, 47.1051091 ], [ 5.4533199, 47.1045961 ], [ 5.4534517, 47.1042168 ], [ 5.4528902, 47.103037 ], [ 5.4529724, 47.1026993 ], [ 5.45288, 47.1024076 ], [ 5.4540444, 47.1020793 ], [ 5.4558106, 47.1013537 ], [ 5.458676, 47.1005199 ], [ 5.4590181, 47.1005 ], [ 5.4594321, 47.1005822 ], [ 5.4609872, 47.0993952 ], [ 5.462403, 47.0986535 ], [ 5.4641088, 47.097938 ], [ 5.4629777, 47.0977792 ], [ 5.462153, 47.0975707 ], [ 5.4612991, 47.0972412 ], [ 5.4602517, 47.0966627 ], [ 5.4631913, 47.0959291 ], [ 5.4636224, 47.0944526 ], [ 5.4631143, 47.0946192 ], [ 5.4626567, 47.0938651 ], [ 5.4661627, 47.093054099999989 ], [ 5.4701587, 47.0909562 ], [ 5.4702141, 47.0907963 ], [ 5.4711025, 47.0901923 ], [ 5.4718239, 47.0898619 ], [ 5.4721388, 47.0898135 ], [ 5.4723461, 47.0900623 ], [ 5.4729982, 47.0899438 ] ], [ [ 5.4856865, 47.0883679 ], [ 5.4860455, 47.0879293 ], [ 5.4855134, 47.0879261 ], [ 5.4848471, 47.0882884 ], [ 5.4856865, 47.0883679 ] ], [ [ 5.4841527, 47.0904762 ], [ 5.4836501, 47.0901242 ], [ 5.4830883, 47.0902067 ], [ 5.4830825, 47.0902978 ], [ 5.4835752, 47.0908537 ], [ 5.4840092, 47.090789 ], [ 5.4841527, 47.0904762 ] ] ] ] } },
{ "type": "Feature", "properties": { "code_departement": 39.0, "code_rne": "0390798F", "multisecteur": 0.0 }, "geometry": { "type": "MultiPolygon", "coordinates": [ [ [ [ 5.7647734, 46.8536332 ], [ 5.7470843, 46.8631463 ], [ 5.7428468, 46.8653204 ], [ 5.7441459, 46.865734499999988 ], [ 5.7451422, 46.8663954 ], [ 5.7461737, 46.8678258 ], [ 5.7452792, 46.8691228 ], [ 5.745708, 46.8693144 ], [ 5.7463111, 46.8697324 ], [ 5.7470234, 46.8703326 ], [ 5.7461134, 46.8709867 ], [ 5.7456596, 46.8715192 ], [ 5.7454934, 46.8715844 ], [ 5.7444714, 46.8714034 ], [ 5.7440046, 46.8710839 ], [ 5.7432647, 46.8710529 ], [ 5.7423192, 46.8712673 ], [ 5.7418987, 46.8712899 ], [ 5.7415553, 46.8712549 ], [ 5.7404893, 46.8708019 ], [ 5.7399776, 46.8706843 ], [ 5.7389634, 46.8707093 ], [ 5.7386598, 46.8708355 ], [ 5.7385988, 46.8711622 ], [ 5.7382931, 46.8714821 ], [ 5.7381051, 46.8718424 ], [ 5.7374552, 46.8741615 ], [ 5.7366858, 46.8761969 ], [ 5.7361465, 46.8764458 ], [ 5.7350895, 46.877107 ], [ 5.7350416, 46.8784478 ], [ 5.734745, 46.8796233 ], [ 5.7339523, 46.8817737 ], [ 5.733699, 46.8821175 ], [ 5.7332988, 46.8824406 ], [ 5.7327579, 46.8824237 ], [ 5.7319442, 46.8826772 ], [ 5.7313241, 46.8830433 ], [ 5.7309837, 46.8833802 ], [ 5.7315924, 46.883309 ], [ 5.7318441, 46.8834021 ], [ 5.7322655, 46.883837199999988 ], [ 5.7324864, 46.8842554 ], [ 5.7321935, 46.8845452 ], [ 5.7301442, 46.8845551 ], [ 5.7300019, 46.8847287 ], [ 5.7295074, 46.8849287 ], [ 5.728495, 46.8850996 ], [ 5.7269449, 46.8839877 ], [ 5.7232788, 46.8860483 ], [ 5.7233552, 46.8867835 ], [ 5.7195761, 46.8881719 ], [ 5.7175339, 46.8883525 ], [ 5.7160246, 46.888599 ], [ 5.7154149, 46.8891764 ], [ 5.7148255, 46.8894777 ], [ 5.7137259, 46.8904793 ], [ 5.7136476, 46.8909875 ], [ 5.7132552, 46.89134 ], [ 5.7127594, 46.8926949 ], [ 5.7125564, 46.8929979 ], [ 5.7119725, 46.8935395 ], [ 5.711434, 46.894491 ], [ 5.7111496, 46.8948211 ], [ 5.7109036, 46.8949998 ], [ 5.7106226, 46.8950839 ], [ 5.7101731, 46.8951351 ], [ 5.7099616, 46.895268 ], [ 5.7094975, 46.8953699 ], [ 5.7093037, 46.8953582 ], [ 5.7094499, 46.8966503 ], [ 5.7096837, 46.8973042 ], [ 5.7101545, 46.8981481 ], [ 5.7128123, 46.8980747 ], [ 5.7143698, 46.8982326 ], [ 5.7151193, 46.8986582 ], [ 5.7175694, 46.9004679 ], [ 5.7181024, 46.9016581 ], [ 5.7185238, 46.9017256 ], [ 5.7190806, 46.9021079 ], [ 5.7197978, 46.9023595 ], [ 5.7202994, 46.9026377 ], [ 5.721257, 46.9032791 ], [ 5.7227987, 46.904712 ], [ 5.72174, 46.9049884 ], [ 5.7204593, 46.9050069 ], [ 5.7202091, 46.9050768 ], [ 5.7196467, 46.905447699999989 ], [ 5.7181603, 46.9071008 ], [ 5.7176973, 46.9073577 ], [ 5.7141197, 46.9079988 ], [ 5.710677, 46.9052205 ], [ 5.7098962, 46.9052199 ], [ 5.7096541, 46.9059761 ], [ 5.7088176, 46.9066768 ], [ 5.7078837, 46.9077141 ], [ 5.7089109, 46.908171 ], [ 5.7065074, 46.9091608 ], [ 5.7048581, 46.9096707 ], [ 5.7053648, 46.9101291 ], [ 5.7056005, 46.9102155 ], [ 5.7057041, 46.9104473 ], [ 5.7056745, 46.9108525 ], [ 5.7049958, 46.9109243 ], [ 5.7044489, 46.9116092 ], [ 5.7051382, 46.9126425 ], [ 5.7001878, 46.9137866 ], [ 5.6989068, 46.9144625 ], [ 5.6984308, 46.9145656 ], [ 5.6982657, 46.9143136 ], [ 5.6957454, 46.9122573 ], [ 5.6953264, 46.9119996 ], [ 5.6927738, 46.909844 ], [ 5.6921884, 46.909546 ], [ 5.691835, 46.9099452 ], [ 5.6898293, 46.9089759 ], [ 5.6881319, 46.9079371 ], [ 5.6873928, 46.9081688 ], [ 5.6874677, 46.907719299999989 ], [ 5.6873497, 46.9068257 ], [ 5.6856371, 46.9056125 ], [ 5.6847719, 46.9057921 ], [ 5.6826365, 46.9058049 ], [ 5.6813531, 46.9054511 ], [ 5.6784691, 46.9036975 ], [ 5.6781953, 46.9037696 ], [ 5.6771378, 46.9051374 ], [ 5.6770299, 46.9059588 ], [ 5.6735117, 46.9059721 ], [ 5.6726477, 46.9055912 ], [ 5.6715243, 46.9056542 ], [ 5.6708052, 46.9054943 ], [ 5.670446, 46.9053802 ], [ 5.6697276, 46.9048608 ], [ 5.6690661, 46.9049067 ], [ 5.667319, 46.9045562 ], [ 5.6670926, 46.9045759 ], [ 5.6649926, 46.9052804 ], [ 5.6638404, 46.9059863 ], [ 5.6621101, 46.9068848 ], [ 5.6616372, 46.9069732 ], [ 5.6602261, 46.9067455 ], [ 5.6599199, 46.9067733 ], [ 5.6591065, 46.9072884 ], [ 5.6585915, 46.9078823 ], [ 5.6593403, 46.9079515 ], [ 5.6597841, 46.9085836 ], [ 5.6617768, 46.9102095 ], [ 5.6632509, 46.9109394 ], [ 5.6631878, 46.9119553 ], [ 5.6639721, 46.9140794 ], [ 5.664101, 46.9143215 ], [ 5.6644455, 46.9144829 ], [ 5.6648462, 46.9148772 ], [ 5.6650708, 46.9152981 ], [ 5.6656877, 46.9157847 ], [ 5.6660037, 46.9163558 ], [ 5.6661238, 46.916925 ], [ 5.6660075, 46.9185664 ], [ 5.6660597, 46.9200778 ], [ 5.6658861, 46.9203431 ], [ 5.665322, 46.9208228 ], [ 5.665114, 46.9209258 ], [ 5.6641565, 46.920493 ], [ 5.6638312, 46.9202681 ], [ 5.6642133, 46.9199106 ], [ 5.6630945, 46.9194311 ], [ 5.6628465, 46.9194161 ], [ 5.6627357, 46.9195141 ], [ 5.6623437, 46.9194304 ], [ 5.6621399, 46.9197513 ], [ 5.6615734, 46.9202094 ], [ 5.6614089, 46.9205799 ], [ 5.6607978, 46.9205607 ], [ 5.6606127, 46.9210731 ], [ 5.6607435, 46.9218889 ], [ 5.6599776, 46.9219553 ], [ 5.6590826, 46.9219102 ], [ 5.6575309, 46.9214532 ], [ 5.6570574, 46.9211821 ], [ 5.6562708, 46.9209886 ], [ 5.6557628, 46.9214066 ], [ 5.6546882, 46.9208899 ], [ 5.6534249, 46.920038 ], [ 5.6523104, 46.9188421 ], [ 5.6518817, 46.9179826 ], [ 5.6507962, 46.9186616 ], [ 5.6504275, 46.9183827 ], [ 5.6490053, 46.9194649 ], [ 5.6472665, 46.9201229 ], [ 5.6461522, 46.9207016 ], [ 5.6455371, 46.920895 ], [ 5.6440548, 46.9197543 ], [ 5.643487, 46.9195169 ], [ 5.6420582, 46.9195254 ], [ 5.6409049, 46.9196824 ], [ 5.6406313, 46.9201635 ], [ 5.64038, 46.9204034 ], [ 5.6394689, 46.9209441 ], [ 5.6388636, 46.9209337 ], [ 5.6387404, 46.9219112 ], [ 5.6352845, 46.9226579 ], [ 5.6354892, 46.9230261 ], [ 5.6347621, 46.9235941 ], [ 5.6338863, 46.9244573 ], [ 5.6336027, 46.9250314 ], [ 5.6329697, 46.9258053 ], [ 5.6313256, 46.9268229 ], [ 5.6297491, 46.9270148 ], [ 5.6295633, 46.927764 ], [ 5.6294167, 46.9278322 ], [ 5.6287099, 46.9281168 ], [ 5.6285077, 46.9280422 ], [ 5.6275335, 46.9283175 ], [ 5.6269535, 46.9282064 ], [ 5.6262312, 46.9282274 ], [ 5.6253032, 46.928126 ], [ 5.6249345, 46.9280083 ], [ 5.624651, 46.9277761 ], [ 5.6228849, 46.9278829 ], [ 5.6217841, 46.9280972 ], [ 5.6215932, 46.9284438 ], [ 5.6221242, 46.928872299999988 ], [ 5.6226314, 46.9296787 ], [ 5.6220763, 46.9298382 ], [ 5.6218221, 46.9297476 ], [ 5.6211786, 46.930118 ], [ 5.6184815, 46.930608199999988 ], [ 5.6168017, 46.932338099999988 ], [ 5.6078495, 46.9342392 ], [ 5.607352, 46.9346946 ], [ 5.6072976, 46.9348769 ], [ 5.6065958, 46.9350513 ], [ 5.6062278, 46.9352461 ], [ 5.6048725, 46.9351785 ], [ 5.6039273, 46.9360602 ], [ 5.6031951, 46.9365326 ], [ 5.6019896, 46.9371156 ], [ 5.6010743, 46.9376921 ], [ 5.6002124, 46.9380115 ], [ 5.5989028, 46.9387032 ], [ 5.5978332, 46.9390534 ], [ 5.5964015, 46.9391758 ], [ 5.5954858, 46.9390865 ], [ 5.5931506, 46.9387454 ], [ 5.5920787, 46.9386911 ], [ 5.5908833, 46.938364 ], [ 5.5895515, 46.9377444 ], [ 5.5876791, 46.9365163 ], [ 5.5865927, 46.9351129 ], [ 5.585976, 46.9357474 ], [ 5.5854708, 46.936101 ], [ 5.5850786, 46.9363161 ], [ 5.5843598, 46.9365214 ], [ 5.5802812, 46.9365993 ], [ 5.5755038, 46.9379394 ], [ 5.57433, 46.9384782 ], [ 5.5722947, 46.9390164 ], [ 5.5701722, 46.9393547 ], [ 5.5670042, 46.9395587 ], [ 5.5607988, 46.9405273 ], [ 5.558971, 46.9406751 ], [ 5.5568158, 46.9406869 ], [ 5.5565694, 46.9405383 ], [ 5.5564031, 46.9401366 ], [ 5.5560299, 46.9398107 ], [ 5.5542112, 46.9392321 ], [ 5.5539234, 46.9390692 ], [ 5.5530668, 46.9388386 ], [ 5.5528209, 46.9386171 ], [ 5.5525202, 46.9381247 ], [ 5.551653, 46.9379205 ], [ 5.5510099, 46.9372248 ], [ 5.5499452, 46.9368178 ], [ 5.5497611, 46.9366516 ], [ 5.5491634, 46.9365829 ], [ 5.5485238, 46.936154699999989 ], [ 5.5479393, 46.9361145 ], [ 5.5461876, 46.936228 ], [ 5.5457271, 46.9361697 ], [ 5.5442369, 46.9354387 ], [ 5.5433605, 46.9353995 ], [ 5.5428427, 46.9355208 ], [ 5.5422858, 46.9357871 ], [ 5.5416152, 46.9358452 ], [ 5.5392352, 46.934426599999988 ], [ 5.5391127, 46.9342248 ], [ 5.5394531, 46.9339128 ], [ 5.5395233, 46.9337005 ], [ 5.5377411, 46.9318462 ], [ 5.5375211, 46.9314736 ], [ 5.5376321, 46.9314568 ], [ 5.5375811, 46.9312651 ], [ 5.538542, 46.9293801 ], [ 5.5436772, 46.927513 ], [ 5.5508453, 46.9218036 ], [ 5.5517077, 46.9209098 ], [ 5.5518252, 46.9189974 ], [ 5.5519187, 46.9187233 ], [ 5.5545292, 46.915426 ], [ 5.5532187, 46.9150975 ], [ 5.5536685, 46.9146272 ], [ 5.5538677, 46.9141678 ], [ 5.5546888, 46.9130984 ], [ 5.5556348, 46.9134503 ], [ 5.556018, 46.9126842 ], [ 5.5559209, 46.912299 ], [ 5.5551415, 46.9113848 ], [ 5.5543997, 46.9108184 ], [ 5.5537031, 46.9102925 ], [ 5.5522578, 46.9098327 ], [ 5.5516159, 46.91119 ], [ 5.5509293, 46.9106242 ], [ 5.5500072, 46.9107212 ], [ 5.5495558, 46.9104042 ], [ 5.5490278, 46.910301499999989 ], [ 5.548323, 46.9102693 ], [ 5.5476278, 46.9103847 ], [ 5.5472069, 46.910212 ], [ 5.5463623, 46.9103388 ], [ 5.5446439, 46.9116731 ], [ 5.54416, 46.9117819 ], [ 5.542798, 46.9111905 ], [ 5.5409564, 46.9121166 ], [ 5.5398119, 46.9132183 ], [ 5.5389255, 46.9133514 ], [ 5.5369177, 46.9131182 ], [ 5.5364995, 46.9128625 ], [ 5.535748, 46.9117774 ], [ 5.5355713, 46.9116831 ], [ 5.5334792, 46.9115552 ], [ 5.531754, 46.909833 ], [ 5.5300405, 46.9086085 ], [ 5.5294248, 46.9083446 ], [ 5.5286817, 46.9084195 ], [ 5.5281198, 46.9086309 ], [ 5.5267832, 46.909789 ], [ 5.5259959, 46.9100161 ], [ 5.5246737, 46.9100208 ], [ 5.5243012, 46.9096722 ], [ 5.5229658, 46.9093646 ], [ 5.5203476, 46.9094264 ], [ 5.519726, 46.9093463 ], [ 5.5190535, 46.9088485 ], [ 5.5173509, 46.9081632 ], [ 5.5163665, 46.9079109 ], [ 5.5162162, 46.9081565 ], [ 5.515773, 46.9082085 ], [ 5.5148813, 46.9086207 ], [ 5.5140689, 46.9086493 ], [ 5.5125516, 46.9083572 ], [ 5.5116716, 46.9085421 ], [ 5.5112449, 46.908864 ], [ 5.5105266, 46.9090481 ], [ 5.5098298, 46.9098101 ], [ 5.5093316, 46.9101786 ], [ 5.5091317, 46.9102334 ], [ 5.5082004, 46.9103338 ], [ 5.5075386, 46.9103203 ], [ 5.5053594, 46.9106389 ], [ 5.5024056, 46.9105788 ], [ 5.5021028, 46.9106826 ], [ 5.5008717, 46.9107823 ], [ 5.4980833, 46.9113996 ], [ 5.4969924, 46.9115466 ], [ 5.4953313, 46.9115277 ], [ 5.4939867, 46.9140971 ], [ 5.4912397, 46.9162203 ], [ 5.4884729, 46.9181736 ], [ 5.4868984, 46.9197299 ], [ 5.4862192, 46.9198266 ], [ 5.4852284, 46.9194363 ], [ 5.4846421, 46.9187805 ], [ 5.4833815, 46.9185267 ], [ 5.4828782, 46.9185303 ], [ 5.4826358, 46.9180329 ], [ 5.4822477, 46.9180268 ], [ 5.4821068, 46.9179362 ], [ 5.4813463, 46.9178093 ], [ 5.4799214, 46.9176698 ], [ 5.4794826, 46.9175036 ], [ 5.4803759, 46.9160845 ], [ 5.4809283, 46.9146574 ], [ 5.4811333, 46.9133937 ], [ 5.4813501, 46.9130197 ], [ 5.4818773, 46.9125633 ], [ 5.4829752, 46.9118821 ], [ 5.4835057, 46.9112959 ], [ 5.4837637, 46.9104445 ], [ 5.48417, 46.9096736 ], [ 5.4843787, 46.908753 ], [ 5.4843903, 46.9075448 ], [ 5.4847349, 46.9063185 ], [ 5.4862224, 46.9053964 ], [ 5.4872419, 46.9049853 ], [ 5.4882406, 46.9042088 ], [ 5.4886188, 46.9036295 ], [ 5.4903499, 46.9026625 ], [ 5.4912718, 46.901988499999987 ], [ 5.4926816, 46.8996402 ], [ 5.4936828, 46.8993222 ], [ 5.4942979, 46.8987242 ], [ 5.496294, 46.8981225 ], [ 5.4976594, 46.8978632 ], [ 5.5024026, 46.8975008 ], [ 5.5057835, 46.8915584 ], [ 5.5054134, 46.8897234 ], [ 5.5055446, 46.8888963 ], [ 5.5055069, 46.8870324 ], [ 5.5053576, 46.886787 ], [ 5.5050598, 46.885008 ], [ 5.5047848, 46.8823872 ], [ 5.5045441, 46.8816439 ], [ 5.5041571, 46.878106599999988 ], [ 5.5002959, 46.8778753 ], [ 5.4918969, 46.8744712 ], [ 5.4860321, 46.871964 ], [ 5.4812258, 46.8705337 ], [ 5.4816324, 46.8702051 ], [ 5.4816046, 46.8700273 ], [ 5.4825639, 46.8694923 ], [ 5.4822891, 46.8692 ], [ 5.4826516, 46.8690003 ], [ 5.4821674, 46.8683505 ], [ 5.4822318, 46.8682653 ], [ 5.4834075, 46.8685841 ], [ 5.484463, 46.8686 ], [ 5.4856394, 46.8688197 ], [ 5.4859594, 46.8690371 ], [ 5.4864888, 46.8689815 ], [ 5.4869052, 46.869068 ], [ 5.4880132, 46.8695404 ], [ 5.4882502, 46.8694974 ], [ 5.4883462, 46.8692422 ], [ 5.4880828, 46.8689128 ], [ 5.4883491, 46.8683341 ], [ 5.4880421, 46.8678264 ], [ 5.4879876, 46.8675276 ], [ 5.4886139, 46.8674942 ], [ 5.488829, 46.8673725 ], [ 5.4886262, 46.8659887 ], [ 5.4892841, 46.8658718 ], [ 5.4908087, 46.866037 ], [ 5.4911702, 46.8662435 ], [ 5.4917706, 46.8664179 ], [ 5.4930427, 46.866748 ], [ 5.4935641, 46.8668043 ], [ 5.4967913, 46.8666055 ], [ 5.498787, 46.8657938 ], [ 5.4997204, 46.8657266 ], [ 5.5003709, 46.8655368 ], [ 5.5008394, 46.8651285 ], [ 5.501191, 46.8642408 ], [ 5.5017207, 46.8638509 ], [ 5.5028272, 46.8632683 ], [ 5.5031424, 46.8634371 ], [ 5.5041307, 46.8634814 ], [ 5.5043018, 46.8632317 ], [ 5.5041113, 46.8629197 ], [ 5.5044484, 46.8627673 ], [ 5.5047013, 46.8623862 ], [ 5.505751, 46.8618535 ], [ 5.5062342, 46.8617664 ], [ 5.5067068, 46.8615074 ], [ 5.5071285, 46.86151 ], [ 5.5069011, 46.8611077 ], [ 5.5071656, 46.8608083 ], [ 5.5068248, 46.8606527 ], [ 5.507119, 46.860313 ], [ 5.5069574, 46.8601985 ], [ 5.5065354, 46.8601879 ], [ 5.5064102, 46.8601212 ], [ 5.5063872, 46.8599929 ], [ 5.5065548, 46.859728 ], [ 5.5064826, 46.859217 ], [ 5.5064263, 46.8591363 ], [ 5.5059878, 46.8589963 ], [ 5.5060947, 46.8588948 ], [ 5.5063496, 46.8588416 ], [ 5.5063228, 46.8587448 ], [ 5.5062027, 46.8586186 ], [ 5.5056071, 46.8584614 ], [ 5.5053944, 46.8578093 ], [ 5.5048056, 46.8574014 ], [ 5.504806, 46.8572122 ], [ 5.5050196, 46.8570022 ], [ 5.5049977, 46.8568135 ], [ 5.5038221, 46.8562103 ], [ 5.504491, 46.8561651 ], [ 5.5051194, 46.8556974 ], [ 5.5071729, 46.8554068 ], [ 5.5072618, 46.8556246 ], [ 5.5107272, 46.8551428 ], [ 5.5115605, 46.8561498 ], [ 5.5122074, 46.8559113 ], [ 5.5120233, 46.8555388 ], [ 5.5143842, 46.854545 ], [ 5.5152764, 46.8542165 ], [ 5.5158427, 46.8548464 ], [ 5.5169959, 46.8543437 ], [ 5.5171996, 46.8541762 ], [ 5.5224627, 46.852344 ], [ 5.5247825, 46.8512364 ], [ 5.5246377, 46.850609 ], [ 5.524705, 46.8473212 ], [ 5.5245344, 46.8467322 ], [ 5.5258793, 46.8452479 ], [ 5.5255802, 46.845113 ], [ 5.5254681, 46.8449605 ], [ 5.5255317, 46.8448339 ], [ 5.525934, 46.844562 ], [ 5.5246101, 46.8440172 ], [ 5.5236956, 46.8433536 ], [ 5.5230983, 46.8427928 ], [ 5.5216001, 46.8421392 ], [ 5.521139, 46.8423863 ], [ 5.5209166, 46.8422632 ], [ 5.5204166, 46.8422102 ], [ 5.5199658, 46.842257 ], [ 5.519606, 46.8423955 ], [ 5.5191876, 46.8422921 ], [ 5.5189082, 46.8423523 ], [ 5.5184382, 46.8422689 ], [ 5.5183759, 46.8422 ], [ 5.5173615, 46.8426329 ], [ 5.5171416, 46.842534199999989 ], [ 5.5168286, 46.8421257 ], [ 5.516565, 46.8420468 ], [ 5.5164101, 46.8425285 ], [ 5.5162086, 46.8425987 ], [ 5.5158252, 46.8425711 ], [ 5.5151391, 46.8428365 ], [ 5.5137425, 46.8425319 ], [ 5.5130071, 46.8425831 ], [ 5.5127836, 46.8421241 ], [ 5.5125085, 46.8402131 ], [ 5.5126794, 46.8380951 ], [ 5.5124891, 46.8371335 ], [ 5.5119637, 46.8369009 ], [ 5.5114862, 46.836115 ], [ 5.5109624, 46.8355769 ], [ 5.5112977, 46.8346832 ], [ 5.5116035, 46.8343143 ], [ 5.5122951, 46.8338002 ], [ 5.5128085, 46.8336052 ], [ 5.514741, 46.8334702 ], [ 5.5151368, 46.833684 ], [ 5.5151776, 46.8348452 ], [ 5.515631, 46.8347425 ], [ 5.51678, 46.8342156 ], [ 5.5186611, 46.8341024 ], [ 5.5186916, 46.8330648 ], [ 5.5181526, 46.8328775 ], [ 5.5178624, 46.8326497 ], [ 5.5173201, 46.8320814 ], [ 5.5171418, 46.8316907 ], [ 5.5166662, 46.8310877 ], [ 5.5200232, 46.8297188 ], [ 5.5204087, 46.8290914 ], [ 5.5207199, 46.8281901 ], [ 5.5207483, 46.8276724 ], [ 5.5205111, 46.827228899999987 ], [ 5.5201049, 46.826847799999989 ], [ 5.5198034, 46.8267427 ], [ 5.519685, 46.8261165 ], [ 5.5193457, 46.8256798 ], [ 5.5191169, 46.8255281 ], [ 5.5182853, 46.8253418 ], [ 5.516523, 46.8247264 ], [ 5.5163386, 46.8242313 ], [ 5.5157826, 46.8238183 ], [ 5.5152902, 46.823303 ], [ 5.5136065, 46.8234749 ], [ 5.5132576, 46.8233105 ], [ 5.5128316, 46.8227559 ], [ 5.5118569, 46.822254699999988 ], [ 5.5112962, 46.8220489 ], [ 5.510272, 46.8218388 ], [ 5.5092736, 46.8215354 ], [ 5.5090757, 46.8217379 ], [ 5.5083833, 46.8219206 ], [ 5.5075412, 46.8218435 ], [ 5.5073307, 46.8215778 ], [ 5.5071658, 46.8215886 ], [ 5.5069144, 46.8213455 ], [ 5.5056985, 46.8209909 ], [ 5.5055281, 46.8196893 ], [ 5.5049768, 46.8195446 ], [ 5.5044814, 46.8191599 ], [ 5.50274, 46.8185348 ], [ 5.5022332, 46.8184449 ], [ 5.5028673, 46.818110399999988 ], [ 5.5047741, 46.816578 ], [ 5.5055832, 46.8155731 ], [ 5.5056323, 46.8152153 ], [ 5.5059885, 46.8146616 ], [ 5.5065054, 46.8142621 ], [ 5.5066654, 46.8135505 ], [ 5.5068707, 46.8133082 ], [ 5.5072647, 46.8129762 ], [ 5.5092797, 46.8124836 ], [ 5.5100977, 46.8118739 ], [ 5.5115786, 46.8106462 ], [ 5.5143171, 46.8078766 ], [ 5.5166453, 46.8061681 ], [ 5.517334, 46.8052629 ], [ 5.5178602, 46.804756 ], [ 5.5189272, 46.8043119 ], [ 5.5200646, 46.8034645 ], [ 5.5220449, 46.8027166 ], [ 5.5220444, 46.8023968 ], [ 5.5221539, 46.8024097 ], [ 5.524989, 46.8012565 ], [ 5.5265783, 46.8009324 ], [ 5.5271599, 46.8009124 ], [ 5.5277262, 46.8009883 ], [ 5.5286031, 46.8006645 ], [ 5.5282536, 46.8002578 ], [ 5.5273559, 46.7997154 ], [ 5.5265414, 46.7994928 ], [ 5.5248785, 46.7993636 ], [ 5.5220434, 46.7993015 ], [ 5.520322, 46.7990969 ], [ 5.5194942, 46.7992367 ], [ 5.518397, 46.798577 ], [ 5.5176989, 46.7979518 ], [ 5.5182098, 46.797146 ], [ 5.5186946, 46.7972174 ], [ 5.5189672, 46.7973546 ], [ 5.5190696, 46.7975803 ], [ 5.5199699, 46.7983524 ], [ 5.5211271, 46.7987793 ], [ 5.521752, 46.7987052 ], [ 5.522322, 46.7988882 ], [ 5.522947, 46.7987042 ], [ 5.523441, 46.7981853 ], [ 5.5238136, 46.7986654 ], [ 5.5248024, 46.7987716 ], [ 5.5250195, 46.7989263 ], [ 5.5257432, 46.7983816 ], [ 5.5264266, 46.7987197 ], [ 5.5264375, 46.7988969 ], [ 5.5270656, 46.7989462 ], [ 5.5275264, 46.7985315 ], [ 5.5276574, 46.7985278 ], [ 5.528166, 46.7996462 ], [ 5.5286421, 46.7996709 ], [ 5.5289481, 46.7995669 ], [ 5.5295198, 46.799112 ], [ 5.5301786, 46.798357 ], [ 5.5303586, 46.7975774 ], [ 5.5302158, 46.797104 ], [ 5.5305415, 46.796859 ], [ 5.5295967, 46.7942087 ], [ 5.5307076, 46.794150099999989 ], [ 5.5307026, 46.793706 ], [ 5.5310195, 46.7933018 ], [ 5.531461, 46.7929804 ], [ 5.531902, 46.7930148 ], [ 5.5320047, 46.7931927 ], [ 5.5330684, 46.7930504 ], [ 5.5331685, 46.7927788 ], [ 5.5335454, 46.7928155 ], [ 5.5338414, 46.7923577 ], [ 5.5347137, 46.791488 ], [ 5.5352643, 46.7913435 ], [ 5.5360778, 46.791348 ], [ 5.5375956, 46.7918289 ], [ 5.538976, 46.791757 ], [ 5.5392047, 46.7909565 ], [ 5.5406407, 46.7897464 ], [ 5.541756, 46.7892245 ], [ 5.5417548, 46.7882768 ], [ 5.5418537, 46.7880917 ], [ 5.5411038, 46.7854111 ], [ 5.5407057, 46.7844443 ], [ 5.5406635, 46.7832642 ], [ 5.5417779, 46.7830621 ], [ 5.5423074, 46.7824964 ], [ 5.5438062, 46.7821281 ], [ 5.5443013, 46.781864 ], [ 5.5469326, 46.780871499999989 ], [ 5.5467265, 46.780449 ], [ 5.5494921, 46.779722 ], [ 5.5503754, 46.7792907 ], [ 5.5502912, 46.7791187 ], [ 5.5506693, 46.778876 ], [ 5.5509625, 46.7785569 ], [ 5.5508394, 46.7776975 ], [ 5.5509494, 46.776606 ], [ 5.5508959, 46.776026099999989 ], [ 5.5509192, 46.7759085 ], [ 5.5511846, 46.775808 ], [ 5.5511585, 46.7754221 ], [ 5.5518616, 46.7752596 ], [ 5.552156, 46.7751062 ], [ 5.5523237, 46.7749088 ], [ 5.5528899, 46.7746242 ], [ 5.5531397, 46.7743051 ], [ 5.5560033, 46.7725496 ], [ 5.5567477, 46.7730421 ], [ 5.5569502, 46.7734168 ], [ 5.5577597, 46.7736483 ], [ 5.5579889, 46.7736144 ], [ 5.5582331, 46.7737603 ], [ 5.5589145, 46.7734452 ], [ 5.5590384, 46.7729316 ], [ 5.5600563, 46.7714684 ], [ 5.5604522, 46.7715488 ], [ 5.5606134, 46.7717146 ], [ 5.5606867, 46.7719895 ], [ 5.560601, 46.7724797 ], [ 5.5609206, 46.7735833 ], [ 5.561341, 46.7742956 ], [ 5.5615416, 46.7745992 ], [ 5.5621223, 46.774679 ], [ 5.5626243, 46.7745363 ], [ 5.5650563, 46.7743334 ], [ 5.5651293, 46.7741597 ], [ 5.5656872, 46.7739779 ], [ 5.5663813, 46.7738777 ], [ 5.5666921, 46.7737392 ], [ 5.5677312, 46.7735304 ], [ 5.568626, 46.7733753 ], [ 5.5688804, 46.7734047 ], [ 5.5706297, 46.7729359 ], [ 5.5707706, 46.7726165 ], [ 5.5722068, 46.7727366 ], [ 5.5722813, 46.7724557 ], [ 5.5728321, 46.772347 ], [ 5.5726228, 46.7718048 ], [ 5.5721995, 46.7711999 ], [ 5.573247, 46.77128 ], [ 5.5744404, 46.7710929 ], [ 5.5742736, 46.7704796 ], [ 5.5730272, 46.7704625 ], [ 5.5722422, 46.7702773 ], [ 5.571922, 46.7695251 ], [ 5.5722635, 46.7694544 ], [ 5.5693802, 46.7632515 ], [ 5.5704226, 46.7634489 ], [ 5.5699509, 46.7583361 ], [ 5.5694208, 46.7588498 ], [ 5.5690316, 46.7590477 ], [ 5.5696691, 46.757865 ], [ 5.56977, 46.7573672 ], [ 5.5694823, 46.7569097 ], [ 5.5684116, 46.7562796 ], [ 5.5668349, 46.7541501 ], [ 5.567522, 46.753741 ], [ 5.5668799, 46.7528563 ], [ 5.5661319, 46.7521181 ], [ 5.566216, 46.7518721 ], [ 5.5651944, 46.7510841 ], [ 5.5641951, 46.7505452 ], [ 5.5643971, 46.7503551 ], [ 5.5641065, 46.7501688 ], [ 5.5649782, 46.749534 ], [ 5.5643881, 46.7480851 ], [ 5.563395, 46.7472883 ], [ 5.5629865, 46.7472416 ], [ 5.5628136, 46.747132 ], [ 5.5627923, 46.7469577 ], [ 5.5625333, 46.7469688 ], [ 5.5624365, 46.7466953 ], [ 5.5621918, 46.7468143 ], [ 5.5619037, 46.7465685 ], [ 5.5617213, 46.745869899999988 ], [ 5.5617338, 46.7456633 ], [ 5.5619763, 46.7453597 ], [ 5.5618668, 46.7449 ], [ 5.5614658, 46.7444558 ], [ 5.5611964, 46.7443285 ], [ 5.5609868, 46.7441088 ], [ 5.5608824, 46.7436463 ], [ 5.5610186, 46.7430892 ], [ 5.5606986, 46.7420549 ], [ 5.5607733, 46.7416389 ], [ 5.5618858, 46.7400006 ], [ 5.5643185, 46.7397075 ], [ 5.5639787, 46.738921499999989 ], [ 5.5632356, 46.7378939 ], [ 5.5643181, 46.7373968 ], [ 5.5643076, 46.7370646 ], [ 5.5655366, 46.7369227 ], [ 5.5659312, 46.7365121 ], [ 5.5665825, 46.7347688 ], [ 5.5675847, 46.7347356 ], [ 5.5678301, 46.7346346 ], [ 5.5671561, 46.7334308 ], [ 5.5712741, 46.7326828 ], [ 5.5718403, 46.7332665 ], [ 5.5721975, 46.7334783 ], [ 5.5726643, 46.7343146 ], [ 5.5732861, 46.7351304 ], [ 5.5743778, 46.7349141 ], [ 5.5758354, 46.7358913 ], [ 5.5764447, 46.7359479 ], [ 5.5765915, 46.7361968 ], [ 5.5771693, 46.7365829 ], [ 5.5781497, 46.7376357 ], [ 5.5777816, 46.7380511 ], [ 5.5772627, 46.7382727 ], [ 5.5772423, 46.7384786 ], [ 5.5764335, 46.7386381 ], [ 5.5763255, 46.7387361 ], [ 5.576633, 46.7390859 ], [ 5.5768003, 46.7395461 ], [ 5.5764727, 46.7400985 ], [ 5.5761877, 46.740249 ], [ 5.5772295, 46.7408581 ], [ 5.5768639, 46.741023 ], [ 5.5767122, 46.7412769 ], [ 5.5767184, 46.7415749 ], [ 5.5772629, 46.7418096 ], [ 5.5776401, 46.7425218 ], [ 5.5776164, 46.7428232 ], [ 5.5775286, 46.7429324 ], [ 5.5773561, 46.7429705 ], [ 5.5770732, 46.7427805 ], [ 5.5759201, 46.744137 ], [ 5.5758028, 46.7451432 ], [ 5.5761822, 46.7468698 ], [ 5.5770138, 46.7476835 ], [ 5.5770361, 46.7489803 ], [ 5.5777491, 46.7512426 ], [ 5.577929, 46.751471 ], [ 5.5787325, 46.753734 ], [ 5.5779135, 46.7542893 ], [ 5.5781658, 46.7547999 ], [ 5.5780751, 46.7548226 ], [ 5.5783456, 46.7560174 ], [ 5.5807878, 46.7598796 ], [ 5.581084, 46.7606216 ], [ 5.5824544, 46.7602457 ], [ 5.5842243, 46.7595618 ], [ 5.584112, 46.7593238 ], [ 5.5852924, 46.7589234 ], [ 5.5849489, 46.758152699999989 ], [ 5.5845162, 46.7574895 ], [ 5.5854735, 46.7570572 ], [ 5.5860124, 46.7567036 ], [ 5.5860152, 46.7564594 ], [ 5.5878116, 46.7558667 ], [ 5.5883195, 46.7563741 ], [ 5.588593, 46.7564464 ], [ 5.5891666, 46.7564361 ], [ 5.588798, 46.755358 ], [ 5.589357, 46.7552625 ], [ 5.5900421, 46.7568452 ], [ 5.5935957, 46.7561578 ], [ 5.5937426, 46.7564608 ], [ 5.5950591, 46.7563338 ], [ 5.5954648, 46.7568669 ], [ 5.5963936, 46.7567459 ], [ 5.5983213, 46.756106 ], [ 5.5979662, 46.7549591 ], [ 5.5986931, 46.7548084 ], [ 5.6005603, 46.7534283 ], [ 5.5998701, 46.7519349 ], [ 5.6004614, 46.7520477 ], [ 5.6011329, 46.7524117 ], [ 5.6017376, 46.754035 ], [ 5.6019912, 46.7551959 ], [ 5.6015364, 46.7566989 ], [ 5.6018988, 46.7566853 ], [ 5.6037584, 46.75509 ], [ 5.6048498, 46.7552437 ], [ 5.6058907, 46.7555201 ], [ 5.6040588, 46.7585634 ], [ 5.6036749, 46.7590595 ], [ 5.6036827, 46.7591944 ], [ 5.6045582, 46.7592187 ], [ 5.6045395, 46.7594561 ], [ 5.6060046, 46.759583199999987 ], [ 5.6068785, 46.7599823 ], [ 5.6073913, 46.7597679 ], [ 5.6074645, 46.7598465 ], [ 5.6076024, 46.7601514 ], [ 5.6074632, 46.7604726 ], [ 5.607514, 46.7609579 ], [ 5.6062203, 46.761863 ], [ 5.6066765, 46.7625157 ], [ 5.6079356, 46.7619826 ], [ 5.6091916, 46.7620676 ], [ 5.609465, 46.762028 ], [ 5.6099362, 46.762229 ], [ 5.6103387, 46.7617676 ], [ 5.6112857, 46.7610696 ], [ 5.6123569, 46.7605011 ], [ 5.6127783, 46.7601041 ], [ 5.6135811, 46.7598705 ], [ 5.6142665, 46.7597855 ], [ 5.6146044, 46.7598598 ], [ 5.6147603, 46.7597761 ], [ 5.6176104, 46.7604869 ], [ 5.6189037, 46.7606087 ], [ 5.6186074, 46.7618578 ], [ 5.6183077, 46.7622764 ], [ 5.6182688, 46.7625835 ], [ 5.6176363, 46.7632511 ], [ 5.6177662, 46.7636058 ], [ 5.6180977, 46.7638181 ], [ 5.6183124, 46.7637852 ], [ 5.618286, 46.7650309 ], [ 5.6184232, 46.7654016 ], [ 5.6188673, 46.7656933 ], [ 5.6184158, 46.7657649 ], [ 5.6181499, 46.7660403 ], [ 5.6178314, 46.7674016 ], [ 5.6177046, 46.767463 ], [ 5.6176448, 46.7676914 ], [ 5.6178865, 46.7678913 ], [ 5.6178836, 46.7685094 ], [ 5.6171602, 46.76917 ], [ 5.6171522, 46.7694107 ], [ 5.6167268, 46.7694799 ], [ 5.617041, 46.7702304 ], [ 5.6173259, 46.7700762 ], [ 5.6172019, 46.7709033 ], [ 5.617001, 46.7710862 ], [ 5.6163946, 46.7721064 ], [ 5.616191, 46.7720723 ], [ 5.6161368, 46.7719816 ], [ 5.6149682, 46.7718388 ], [ 5.6150506, 46.7747712 ], [ 5.6154121, 46.7756602 ], [ 5.6155865, 46.7758508 ], [ 5.6159752, 46.7759708 ], [ 5.6150383, 46.7779975 ], [ 5.6155465, 46.7786643 ], [ 5.6159263, 46.7788449 ], [ 5.6164705, 46.7788992 ], [ 5.6174149, 46.7786849 ], [ 5.617667, 46.7790989 ], [ 5.6181241, 46.7792498 ], [ 5.6182204, 46.7794521 ], [ 5.6180268, 46.779815899999988 ], [ 5.6179838, 46.781071 ], [ 5.6174871, 46.7814859 ], [ 5.6169478, 46.7816693 ], [ 5.616233, 46.7817225 ], [ 5.6152837, 46.781073899999988 ], [ 5.6149459, 46.7806221 ], [ 5.6146118, 46.7816622 ], [ 5.6139621, 46.782713 ], [ 5.6125643, 46.7832069 ], [ 5.6122749, 46.7830802 ], [ 5.6108273, 46.782759 ], [ 5.6107861, 46.7833203 ], [ 5.6115642, 46.7843612 ], [ 5.6111507, 46.7844913 ], [ 5.610556, 46.7844507 ], [ 5.6095459, 46.7842277 ], [ 5.6091827, 46.7842297 ], [ 5.608189, 46.7836658 ], [ 5.6078299, 46.7837262 ], [ 5.6074899, 46.7835564 ], [ 5.6062508, 46.783207 ], [ 5.6046116, 46.7832091 ], [ 5.6038102, 46.7829624 ], [ 5.6018516, 46.7820482 ], [ 5.6004418, 46.781063 ], [ 5.6001934, 46.7808065 ], [ 5.6001939, 46.7805984 ], [ 5.5997341, 46.7803619 ], [ 5.599534, 46.77988 ], [ 5.5993825, 46.7797573 ], [ 5.5975593, 46.77953 ], [ 5.5960485, 46.7791714 ], [ 5.5954141, 46.7789056 ], [ 5.5947421, 46.7784811 ], [ 5.5936991, 46.7776218 ], [ 5.5932276, 46.7773324 ], [ 5.5928232, 46.7775956 ], [ 5.59283, 46.7782045 ], [ 5.5935134, 46.7790314 ], [ 5.5934029, 46.7795455 ], [ 5.592372, 46.7796508 ], [ 5.5920319, 46.7796143 ], [ 5.5905076, 46.7842702 ], [ 5.590487, 46.7857878 ], [ 5.591139, 46.787246 ], [ 5.5911506, 46.7874628 ], [ 5.5907374, 46.7878992 ], [ 5.5921885, 46.7885962 ], [ 5.5899609, 46.7898761 ], [ 5.5897425, 46.7898351 ], [ 5.5897318, 46.790159599999988 ], [ 5.5894586, 46.790536 ], [ 5.5892659, 46.7910611 ], [ 5.5892955, 46.791626199999989 ], [ 5.5898167, 46.7921847 ], [ 5.5900624, 46.7929881 ], [ 5.5904271, 46.7934565 ], [ 5.5915324, 46.7944352 ], [ 5.5918203, 46.7949133 ], [ 5.5930988, 46.7941917 ], [ 5.5942977, 46.7932034 ], [ 5.5944625, 46.7928934 ], [ 5.5944402, 46.7924002 ], [ 5.5957913, 46.7917706 ], [ 5.5962794, 46.7911704 ], [ 5.5967801, 46.7907798 ], [ 5.5985261, 46.7899629 ], [ 5.5992394, 46.7904783 ], [ 5.5994462, 46.7902232 ], [ 5.6000995, 46.7898418 ], [ 5.6021743, 46.7910957 ], [ 5.6016636, 46.7915496 ], [ 5.6019989, 46.7920032 ], [ 5.6025161, 46.7920951 ], [ 5.6030929, 46.7920866 ], [ 5.6035655, 46.792203799999989 ], [ 5.6038243, 46.7927042 ], [ 5.6042268, 46.7930554 ], [ 5.6045098, 46.7935121 ], [ 5.6058515, 46.7941366 ], [ 5.6060349, 46.7940225 ], [ 5.6080986, 46.7953099 ], [ 5.6086717, 46.7957717 ], [ 5.6090459, 46.7953425 ], [ 5.6114357, 46.7950108 ], [ 5.6147949, 46.7940263 ], [ 5.6180773, 46.7935191 ], [ 5.6230359, 46.793416 ], [ 5.6240987, 46.7932314 ], [ 5.6250876, 46.7933376 ], [ 5.6258528, 46.7935363 ], [ 5.6345811, 46.7968276 ], [ 5.636981, 46.797568 ], [ 5.637426, 46.7978443 ], [ 5.638072, 46.7987718 ], [ 5.6391009, 46.7995076 ], [ 5.6392581, 46.7999346 ], [ 5.6392355, 46.8006289 ], [ 5.6396907, 46.8016508 ], [ 5.6404057, 46.8026209 ], [ 5.6405451, 46.8032195 ], [ 5.6410744, 46.8034479 ], [ 5.6416782, 46.804207 ], [ 5.6435006, 46.8053101 ], [ 5.6438526, 46.8060164 ], [ 5.6443243, 46.8066497 ], [ 5.6446462, 46.8065504 ], [ 5.6446975, 46.8063393 ], [ 5.6444291, 46.8060554 ], [ 5.6434467, 46.8042312 ], [ 5.6434769, 46.8027791 ], [ 5.6438307, 46.8018016 ], [ 5.6452993, 46.800094 ], [ 5.6456634, 46.7995424 ], [ 5.6454973, 46.7989885 ], [ 5.6449736, 46.7983393 ], [ 5.6447416, 46.7977501 ], [ 5.644834, 46.7971443 ], [ 5.644662, 46.796469 ], [ 5.6456944, 46.7958498 ], [ 5.6460409, 46.7950742 ], [ 5.6464809, 46.7951677 ], [ 5.647104, 46.7950596 ], [ 5.6473438, 46.7949469 ], [ 5.6474072, 46.7946608 ], [ 5.6476722, 46.7945529 ], [ 5.6484227, 46.7949058 ], [ 5.6490456, 46.7950356 ], [ 5.6498889, 46.7950315 ], [ 5.6501632, 46.7949549 ], [ 5.6508494, 46.7943949 ], [ 5.6506028, 46.794261 ], [ 5.6505965, 46.7940242 ], [ 5.6510875, 46.7940048 ], [ 5.652308, 46.7929451 ], [ 5.6526159, 46.7921326 ], [ 5.6530997, 46.7915385 ], [ 5.6532547, 46.7909007 ], [ 5.653463, 46.7905463 ], [ 5.6551584, 46.7895955 ], [ 5.6557386, 46.7895785 ], [ 5.6576449, 46.7887056 ], [ 5.6592008, 46.7876678 ], [ 5.6597505, 46.7874307 ], [ 5.6602025, 46.7873121 ], [ 5.6608704, 46.787266 ], [ 5.6619277, 46.7868686 ], [ 5.6624154, 46.7869167 ], [ 5.6627966, 46.7872548 ], [ 5.664004, 46.7868682 ], [ 5.6639954, 46.7867468 ], [ 5.6645787, 46.7868189 ], [ 5.6647468, 46.786905 ], [ 5.6651009, 46.7867176 ], [ 5.6652456, 46.7863782 ], [ 5.6658165, 46.787346 ], [ 5.6665436, 46.7872751 ], [ 5.667743, 46.787395 ], [ 5.6700814, 46.786938 ], [ 5.6701735, 46.7867295 ], [ 5.6697107, 46.7865736 ], [ 5.6686365, 46.7852157 ], [ 5.6691163, 46.7850234 ], [ 5.6695994, 46.7848996 ], [ 5.6701108, 46.7848976 ], [ 5.6714917, 46.7852926 ], [ 5.6760246, 46.7842862 ], [ 5.6770953, 46.7835793 ], [ 5.6770752, 46.7831977 ], [ 5.6777824, 46.7825677 ], [ 5.6805461, 46.7807961 ], [ 5.6819105, 46.7804345 ], [ 5.6867082, 46.7785377 ], [ 5.6896372, 46.7763556 ], [ 5.6878708, 46.7759852 ], [ 5.688936, 46.775754899999988 ], [ 5.6891725, 46.7754737 ], [ 5.6904164, 46.7748553 ], [ 5.6933049, 46.7736849 ], [ 5.6933307, 46.7734933 ], [ 5.6931768, 46.7731663 ], [ 5.6933811, 46.7718137 ], [ 5.6936846, 46.7717994 ], [ 5.6940703, 46.7703264 ], [ 5.6943652, 46.770322199999988 ], [ 5.6945176, 46.7698798 ], [ 5.6952, 46.7687305 ], [ 5.6954982, 46.7687955 ], [ 5.6957268, 46.7674055 ], [ 5.694614, 46.7656973 ], [ 5.6949347, 46.7653186 ], [ 5.6950409, 46.7650287 ], [ 5.6949574, 46.7634802 ], [ 5.6950348, 46.762793599999988 ], [ 5.6941926, 46.762308 ], [ 5.6939317, 46.7619123 ], [ 5.6933963, 46.7596851 ], [ 5.6935873, 46.7590437 ], [ 5.6942039, 46.7591049 ], [ 5.6945002, 46.7589746 ], [ 5.6951553, 46.7589664 ], [ 5.6959158, 46.7585476 ], [ 5.6961223, 46.7580599 ], [ 5.6968546, 46.7583391 ], [ 5.6971163, 46.7580131 ], [ 5.698837, 46.7574754 ], [ 5.698457, 46.7565573 ], [ 5.7000965, 46.7561016 ], [ 5.7013187, 46.7554521 ], [ 5.7024379, 46.7550789 ], [ 5.7017691, 46.7543352 ], [ 5.7016343, 46.7538924 ], [ 5.7017678, 46.7537298 ], [ 5.7036939, 46.7528205 ], [ 5.7050127, 46.7518506 ], [ 5.7058969, 46.7517343 ], [ 5.7066217, 46.7515488 ], [ 5.7065228, 46.7503285 ], [ 5.7072005, 46.7488053 ], [ 5.7073875, 46.7486648 ], [ 5.707193, 46.7480775 ], [ 5.7068574, 46.748076399999988 ], [ 5.7067352, 46.7479378 ], [ 5.7067381, 46.7468134 ], [ 5.7068856, 46.7464351 ], [ 5.7080315, 46.7453667 ], [ 5.7088554, 46.7448841 ], [ 5.7134667, 46.7432175 ], [ 5.7171235, 46.7416013 ], [ 5.7175413, 46.741230099999989 ], [ 5.7194336, 46.7407042 ], [ 5.7200278, 46.7402703 ], [ 5.7209063, 46.7402531 ], [ 5.7207454, 46.7394487 ], [ 5.7207665, 46.7386951 ], [ 5.7204515, 46.7376917 ], [ 5.7203532, 46.7349993 ], [ 5.7199362, 46.7341812 ], [ 5.7202084, 46.7337567 ], [ 5.7200716, 46.7335626 ], [ 5.7201493, 46.7333094 ], [ 5.7199596, 46.7328193 ], [ 5.719916, 46.7304058 ], [ 5.7203043, 46.7303372 ], [ 5.720241, 46.7300927 ], [ 5.7213328, 46.7298137 ], [ 5.7216101, 46.7292287 ], [ 5.7218704, 46.7292459 ], [ 5.7222407, 46.7287128 ], [ 5.7245831, 46.7262292 ], [ 5.734779, 46.7148942 ], [ 5.7352048, 46.7145579 ], [ 5.7360321, 46.7144427 ], [ 5.736962, 46.7139737 ], [ 5.736528, 46.7134966 ], [ 5.7363081, 46.7129018 ], [ 5.7366793, 46.7127047 ], [ 5.7377823, 46.7134856 ], [ 5.7376423, 46.7137736 ], [ 5.7377121, 46.7139387 ], [ 5.7380112, 46.7140504 ], [ 5.7383621, 46.714072699999988 ], [ 5.7386782, 46.714003 ], [ 5.7391568, 46.7137285 ], [ 5.7394473, 46.7139045 ], [ 5.7400049, 46.714493 ], [ 5.7402848, 46.7153404 ], [ 5.7424302, 46.7150774 ], [ 5.7433339, 46.7151009 ], [ 5.7448339, 46.7138082 ], [ 5.7449484, 46.7135595 ], [ 5.7451429, 46.7137008 ], [ 5.7453966, 46.713746099999987 ], [ 5.7465203, 46.7135092 ], [ 5.7480528, 46.7133014 ], [ 5.7483809, 46.713598 ], [ 5.7487322, 46.7142762 ], [ 5.7492043, 46.7149072 ], [ 5.7499189, 46.7162397 ], [ 5.7503709, 46.7177137 ], [ 5.7511954, 46.7188363 ], [ 5.7523798, 46.7199756 ], [ 5.7525613, 46.720301 ], [ 5.7528472, 46.7205392 ], [ 5.7530904, 46.7210469 ], [ 5.7535398, 46.7213055 ], [ 5.7535631, 46.7214545 ], [ 5.7561705, 46.7244029 ], [ 5.7576653, 46.7264653 ], [ 5.7581555, 46.7269851 ], [ 5.7591216, 46.7277665 ], [ 5.7593916, 46.7278969 ], [ 5.7598147, 46.7284625 ], [ 5.7609288, 46.7294231 ], [ 5.7636955, 46.7325775 ], [ 5.7647961, 46.7335006 ], [ 5.7652041, 46.7342827 ], [ 5.7659793, 46.7339108 ], [ 5.7663647, 46.7338115 ], [ 5.7687984, 46.7355394 ], [ 5.7698661, 46.7365092 ], [ 5.7704774, 46.7368026 ], [ 5.7708341, 46.7377057 ], [ 5.7713179, 46.7382238 ], [ 5.7724985, 46.739299 ], [ 5.7741775, 46.7406369 ], [ 5.7745894, 46.7410801 ], [ 5.776326, 46.7414148 ], [ 5.7765546, 46.7415543 ], [ 5.7777646, 46.7428413 ], [ 5.7782319, 46.7430859 ], [ 5.7785238, 46.7435383 ], [ 5.7800245, 46.7449985 ], [ 5.7802354, 46.7453538 ], [ 5.7808735, 46.7456816 ], [ 5.781535, 46.746544 ], [ 5.7850429, 46.7499241 ], [ 5.7851901, 46.7502385 ], [ 5.7852302, 46.7510701 ], [ 5.7862447, 46.7517581 ], [ 5.7863989, 46.7530247 ], [ 5.7869973, 46.7536247 ], [ 5.7881325, 46.754262 ], [ 5.7883583, 46.7545998 ], [ 5.7883004, 46.7554121 ], [ 5.788423, 46.7559857 ], [ 5.7881745, 46.7567621 ], [ 5.7882409, 46.7574416 ], [ 5.7901739, 46.7586524 ], [ 5.7916255, 46.7603145 ], [ 5.7931525, 46.7622676 ], [ 5.793914, 46.7627221 ], [ 5.79537, 46.7639823 ], [ 5.7997341, 46.7681871 ], [ 5.8011133, 46.7693509 ], [ 5.8044404, 46.771742 ], [ 5.8047241, 46.7720558 ], [ 5.807419, 46.7740333 ], [ 5.809157, 46.7747504 ], [ 5.8096253, 46.7751588 ], [ 5.8101669, 46.7759177 ], [ 5.8103511, 46.7763844 ], [ 5.8110572, 46.7766734 ], [ 5.8112459, 46.7769481 ], [ 5.8092356, 46.7777613 ], [ 5.8118724, 46.7801789 ], [ 5.8113806, 46.7805081 ], [ 5.8162558, 46.7840728 ], [ 5.817404, 46.7850429 ], [ 5.8166692, 46.7854925 ], [ 5.8181412, 46.7863312 ], [ 5.8184111, 46.7865508 ], [ 5.8187193, 46.7870297 ], [ 5.8195226, 46.7872938 ], [ 5.8185642, 46.7882597 ], [ 5.8179924, 46.7886666 ], [ 5.8181666, 46.7888128 ], [ 5.8181955, 46.7891671 ], [ 5.8180439, 46.7895555 ], [ 5.8177795, 46.7896926 ], [ 5.8166623, 46.7897272 ], [ 5.8158711, 46.790025 ], [ 5.8152407, 46.7900368 ], [ 5.8146807, 46.7902902 ], [ 5.8150883, 46.7907649 ], [ 5.8148861, 46.7909366 ], [ 5.8149116, 46.7911765 ], [ 5.8144551, 46.7915048 ], [ 5.8163499, 46.7925513 ], [ 5.8149377, 46.7931436 ], [ 5.8149717, 46.7935464 ], [ 5.8164636, 46.7931729 ], [ 5.8168171, 46.7929336 ], [ 5.8174894, 46.7933234 ], [ 5.8180369, 46.7934082 ], [ 5.8192623, 46.7938403 ], [ 5.8200521, 46.7939417 ], [ 5.8200181, 46.7941714 ], [ 5.8198713, 46.7942741 ], [ 5.8198863, 46.7945116 ], [ 5.8201366, 46.7946081 ], [ 5.8202366, 46.794739 ], [ 5.8206781, 46.7946273 ], [ 5.8210849, 46.794629 ], [ 5.8215695, 46.7942369 ], [ 5.8216947, 46.7944492 ], [ 5.820812, 46.795133899999989 ], [ 5.8210208, 46.7953649 ], [ 5.8209708, 46.7960166 ], [ 5.8200757, 46.7969936 ], [ 5.819857, 46.7974044 ], [ 5.8192056, 46.79787 ], [ 5.817568, 46.8003887 ], [ 5.8171162, 46.8022467 ], [ 5.816813, 46.8029272 ], [ 5.8167665, 46.8033959 ], [ 5.8165687, 46.8037305 ], [ 5.8164854, 46.804929 ], [ 5.8161123, 46.8060076 ], [ 5.8156569, 46.8062828 ], [ 5.8153183, 46.8063073 ], [ 5.8150278, 46.8064477 ], [ 5.8149838, 46.8072182 ], [ 5.8152632, 46.8076709 ], [ 5.8155438, 46.8088028 ], [ 5.8149371, 46.8096285 ], [ 5.8138546, 46.8101361 ], [ 5.8135004, 46.8104917 ], [ 5.8132729, 46.8105072 ], [ 5.8128681, 46.810345 ], [ 5.8128353, 46.8100404 ], [ 5.8122377, 46.8100316 ], [ 5.811761, 46.8101252 ], [ 5.8108807, 46.8104837 ], [ 5.8100334, 46.8111243 ], [ 5.8090258, 46.8103434 ], [ 5.8086988, 46.8104902 ], [ 5.8087509, 46.8107105 ], [ 5.808653, 46.8108219 ], [ 5.8079025, 46.8113052 ], [ 5.8063543, 46.8119448 ], [ 5.807007, 46.8122325 ], [ 5.807532, 46.8135522 ], [ 5.8096104, 46.8126086 ], [ 5.8097762, 46.8129973 ], [ 5.8110992, 46.8123686 ], [ 5.8124066, 46.8115663 ], [ 5.8162247, 46.8168308 ], [ 5.8174422, 46.8188417 ], [ 5.8192639, 46.8183375 ], [ 5.8199818, 46.8182614 ], [ 5.8207464, 46.817948 ], [ 5.8214301, 46.817897 ], [ 5.8212588, 46.8197734 ], [ 5.8214166, 46.8197542 ], [ 5.8216573, 46.8195627 ], [ 5.8228458, 46.8192731 ], [ 5.8241326, 46.8191586 ], [ 5.8257819, 46.8191001 ], [ 5.8271501, 46.8195142 ], [ 5.827981, 46.8195416 ], [ 5.8285983, 46.819248 ], [ 5.8293105, 46.8193881 ], [ 5.8300931, 46.8194202 ], [ 5.830594, 46.8192115 ], [ 5.8317206, 46.8192198 ], [ 5.8331222, 46.8189915 ], [ 5.8338989, 46.818685 ], [ 5.8361673, 46.818193 ], [ 5.8366693, 46.818932 ], [ 5.8368868, 46.819952 ], [ 5.8367666, 46.820364 ], [ 5.8360485, 46.8209132 ], [ 5.8364876, 46.8209763 ], [ 5.8377118, 46.823149 ], [ 5.8390485, 46.8225835 ], [ 5.8397743, 46.8223827 ], [ 5.8403875, 46.8223108 ], [ 5.841533, 46.8220032 ], [ 5.843628, 46.8217072 ], [ 5.843856, 46.8216007 ], [ 5.8436065, 46.8207978 ], [ 5.8431508, 46.8209928 ], [ 5.8429296, 46.8209541 ], [ 5.8422038, 46.8195792 ], [ 5.8419995, 46.8193626 ], [ 5.8413404, 46.8191825 ], [ 5.8401895, 46.8185838 ], [ 5.8398492, 46.8183265 ], [ 5.8394804, 46.8177761 ], [ 5.8391711, 46.8175341 ], [ 5.8419421, 46.8150403 ], [ 5.8426262, 46.8142215 ], [ 5.8435969, 46.8139875 ], [ 5.8448239, 46.813286 ], [ 5.8456732, 46.8131902 ], [ 5.8456012, 46.8129442 ], [ 5.8457546, 46.8123908 ], [ 5.8458926, 46.8121946 ], [ 5.8463925, 46.811993 ], [ 5.8468602, 46.8123787 ], [ 5.8470182, 46.8127136 ], [ 5.8469754, 46.8134724 ], [ 5.8474787, 46.8140338 ], [ 5.847542, 46.8145891 ], [ 5.8488099, 46.8160902 ], [ 5.8498354, 46.8169234 ], [ 5.8512233, 46.8189315 ], [ 5.8562259, 46.8234501 ], [ 5.8551496, 46.8241489 ], [ 5.854601, 46.8243995 ], [ 5.852178, 46.8260715 ], [ 5.8496438, 46.8258811 ], [ 5.8483946, 46.8270131 ], [ 5.8501719, 46.8279358 ], [ 5.8501428, 46.8280807 ], [ 5.8497601, 46.8283424 ], [ 5.8499402, 46.8284479 ], [ 5.8501264, 46.8283928 ], [ 5.8502955, 46.8284877 ], [ 5.8482586, 46.8297959 ], [ 5.847187, 46.83141 ], [ 5.8474203, 46.8320277 ], [ 5.8471118, 46.8326534 ], [ 5.8469671, 46.8332958 ], [ 5.8460966, 46.8338696 ], [ 5.8454835, 46.8355939 ], [ 5.8441762, 46.8348757 ], [ 5.8403659, 46.8325139 ], [ 5.83995, 46.8325448 ], [ 5.838976, 46.8333221 ], [ 5.8365619, 46.8355575 ], [ 5.836177, 46.8357039 ], [ 5.8352584, 46.835586 ], [ 5.8346211, 46.8359765 ], [ 5.8335658, 46.8364332 ], [ 5.8336248, 46.8380886 ], [ 5.8333787, 46.8384037 ], [ 5.8322023, 46.8391571 ], [ 5.8307624, 46.8395916 ], [ 5.8300584, 46.8395873 ], [ 5.8297565, 46.8394389 ], [ 5.8294913, 46.8388346 ], [ 5.8292147, 46.8386179 ], [ 5.8272636, 46.8373577 ], [ 5.8268608, 46.8372127 ], [ 5.8258937, 46.8365184 ], [ 5.8255822, 46.8363864 ], [ 5.8248888, 46.8363574 ], [ 5.8243812, 46.8362149 ], [ 5.8236779, 46.8358448 ], [ 5.8228566, 46.8357037 ], [ 5.8224111, 46.8358984 ], [ 5.8210247, 46.8372082 ], [ 5.8207648, 46.8378398 ], [ 5.8196056, 46.8396575 ], [ 5.8192794, 46.8393691 ], [ 5.8189933, 46.8385392 ], [ 5.8183564, 46.8383097 ], [ 5.8169649, 46.8382636 ], [ 5.8167124, 46.8378508 ], [ 5.8136548, 46.8394969 ], [ 5.8131917, 46.8399849 ], [ 5.8133509, 46.8409018 ], [ 5.8118309, 46.8424264 ], [ 5.8107812, 46.8440611 ], [ 5.8085024, 46.8423762 ], [ 5.8031097, 46.8392301 ], [ 5.7981852, 46.8357552 ], [ 5.7973579, 46.8350383 ], [ 5.7823664, 46.8437744 ], [ 5.7692555, 46.8511929 ], [ 5.7686451, 46.851403 ], [ 5.7647734, 46.8536332 ] ] ] ] } },
{ "type": "Feature", "properties": { "code_departement": 39.0, "code_rne": "0390800H", "multisecteur": 0.0 }, "geometry": { "type": "MultiPolygon", "coordinates": [ [ [ [ 5.4616632, 47.0289605 ], [ 5.4611008, 47.0284717 ], [ 5.4607606, 47.0278871 ], [ 5.4602985, 47.0275178 ], [ 5.4598098, 47.027403 ], [ 5.4588134, 47.0269288 ], [ 5.4569974, 47.0268837 ], [ 5.4565698, 47.026809 ], [ 5.456664, 47.0263899 ], [ 5.4577768, 47.025225 ], [ 5.4580687, 47.024808 ], [ 5.4595304, 47.0244229 ], [ 5.459435, 47.0240042 ], [ 5.4586287, 47.0240881 ], [ 5.4561783, 47.0232998 ], [ 5.4562982, 47.0228658 ], [ 5.4562401, 47.0226887 ], [ 5.4556673, 47.0225495 ], [ 5.4551293, 47.0221016 ], [ 5.4550326, 47.0219154 ], [ 5.4534164, 47.0219741 ], [ 5.4529705, 47.0216701 ], [ 5.4522863, 47.0216279 ], [ 5.4518887, 47.0218642 ], [ 5.4516874, 47.0223612 ], [ 5.4514391, 47.02258 ], [ 5.4495782, 47.0223528 ], [ 5.4488726, 47.0215787 ], [ 5.4489718, 47.0210947 ], [ 5.4489169, 47.0206969 ], [ 5.4486201, 47.0202816 ], [ 5.447887, 47.0197702 ], [ 5.4469564, 47.0195224 ], [ 5.4421791, 47.0206847 ], [ 5.4412352, 47.0208416 ], [ 5.4405574, 47.0207964 ], [ 5.4399239, 47.0206504 ], [ 5.4394968, 47.0204973 ], [ 5.4391237, 47.0202566 ], [ 5.4387092, 47.0197708 ], [ 5.4384741, 47.0184724 ], [ 5.4380779, 47.0177781 ], [ 5.4375152, 47.0171 ], [ 5.4363574, 47.0160192 ], [ 5.4362483, 47.015645 ], [ 5.4365838, 47.0148201 ], [ 5.4384297, 47.0126796 ], [ 5.4382959, 47.0123122 ], [ 5.4384116, 47.0111108 ], [ 5.4383663, 47.0108677 ], [ 5.4381016, 47.0105454 ], [ 5.4381761, 47.0103285 ], [ 5.4386214, 47.0096634 ], [ 5.4410742, 47.0083099 ], [ 5.4462368, 47.0072755 ], [ 5.4471319, 47.0091265 ], [ 5.4480486, 47.0122967 ], [ 5.4488152, 47.013374 ], [ 5.44951, 47.0140294 ], [ 5.4509086, 47.0148104 ], [ 5.452725, 47.0155402 ], [ 5.4553428, 47.0161979 ], [ 5.457475, 47.0165993 ], [ 5.4596007, 47.0168009 ], [ 5.4625658, 47.0167791 ], [ 5.4629126, 47.0157781 ], [ 5.4634946, 47.0156882 ], [ 5.4639293, 47.0127767 ], [ 5.4695952, 47.0130402 ], [ 5.4697478, 47.009323 ], [ 5.4708376, 47.0093393 ], [ 5.4717272, 47.0094977 ], [ 5.4730902, 47.0102171 ], [ 5.4737608, 47.0103387 ], [ 5.4749963, 47.010314 ], [ 5.4766992, 47.0099433 ], [ 5.4789283, 47.0102503 ], [ 5.4801886, 47.0102224 ], [ 5.4807048, 47.0103077 ], [ 5.4819219, 47.0103409 ], [ 5.4827868, 47.0105061 ], [ 5.4849454, 47.0111965 ], [ 5.4857073, 47.0110693 ], [ 5.4863249, 47.0110956 ], [ 5.4891493, 47.0121427 ], [ 5.4909671, 47.0119512 ], [ 5.4922396, 47.0121291 ], [ 5.4946943, 47.0113284 ], [ 5.4945308, 47.012094 ], [ 5.4946276, 47.0150159 ], [ 5.4958605, 47.0152469 ], [ 5.4964975, 47.0154916 ], [ 5.4974746, 47.0160308 ], [ 5.4981454, 47.0162667 ], [ 5.4983377, 47.0166084 ], [ 5.4988292, 47.0170977 ], [ 5.500154, 47.017178 ], [ 5.5023623, 47.0174526 ], [ 5.5075083, 47.0175652 ], [ 5.5081896, 47.0177711 ], [ 5.5127798, 47.0166966 ], [ 5.5179915, 47.0161588 ], [ 5.5188037, 47.0163482 ], [ 5.5190613, 47.0174659 ], [ 5.519475, 47.0180604 ], [ 5.5206189, 47.0186669 ], [ 5.5212268, 47.0186815 ], [ 5.5216693, 47.0185953 ], [ 5.5222046, 47.0183521 ], [ 5.5232584, 47.0174805 ], [ 5.5241578, 47.0169141 ], [ 5.5252708, 47.0165762 ], [ 5.5279758, 47.016203499999989 ], [ 5.5286032, 47.0159601 ], [ 5.5289534, 47.0155354 ], [ 5.5289196, 47.0140264 ], [ 5.529092, 47.013265 ], [ 5.5295059, 47.0125137 ], [ 5.5302733, 47.0119141 ], [ 5.5324876, 47.0111106 ], [ 5.5336056, 47.0108266 ], [ 5.5349007, 47.0106703 ], [ 5.5356544, 47.0104826 ], [ 5.537234, 47.010437 ], [ 5.5388807, 47.0107008 ], [ 5.5406406, 47.0118286 ], [ 5.5421041, 47.0123954 ], [ 5.543119, 47.0124406 ], [ 5.5439007, 47.0122054 ], [ 5.5444095, 47.0118501 ], [ 5.5446418, 47.0114135 ], [ 5.5446713, 47.0110056 ], [ 5.5443441, 47.0099589 ], [ 5.5442718, 47.0092921 ], [ 5.5444208, 47.0086258 ], [ 5.5447288, 47.0081182 ], [ 5.545112, 47.007699 ], [ 5.5457901, 47.0071661 ], [ 5.5470754, 47.0064693 ], [ 5.5484707, 47.005871 ], [ 5.5492203, 47.0057652 ], [ 5.5499693, 47.0058145 ], [ 5.5525154, 47.0063014 ], [ 5.5532729, 47.0066143 ], [ 5.5550062, 47.0077055 ], [ 5.5561587, 47.0082673 ], [ 5.5572995, 47.0086925 ], [ 5.5585366, 47.0090362 ], [ 5.5601229, 47.0091893 ], [ 5.5617101, 47.0091396 ], [ 5.562425, 47.0090256 ], [ 5.5646302, 47.0082631 ], [ 5.5660101, 47.007399199999988 ], [ 5.5675497, 47.0067371 ], [ 5.5691835, 47.0063674 ], [ 5.5708976, 47.0062464 ], [ 5.5727606, 47.0047735 ], [ 5.5733886, 47.0044397 ], [ 5.5713793, 47.0040296 ], [ 5.5723603, 47.0038068 ], [ 5.572707, 47.0036225 ], [ 5.5729036, 47.0031317 ], [ 5.5728002, 47.0026476 ], [ 5.5711391, 47.0026621 ], [ 5.5694256, 46.9998329 ], [ 5.5693523, 46.9996472 ], [ 5.569691, 46.9992667 ], [ 5.5695249, 46.9985984 ], [ 5.5695613, 46.998367 ], [ 5.5699, 46.9977919 ], [ 5.5703494, 46.9976081 ], [ 5.5706798, 46.9976349 ], [ 5.5716624, 46.9984157 ], [ 5.5718623, 46.9984941 ], [ 5.5725552, 46.9981417 ], [ 5.5732076, 46.9979623 ], [ 5.5737799, 46.9975379 ], [ 5.5740863, 46.9971978 ], [ 5.574443, 46.9971394 ], [ 5.5749373, 46.9972616 ], [ 5.5751042, 46.9973948 ], [ 5.5753843, 46.9979939 ], [ 5.5760917, 46.9989402 ], [ 5.5769186, 46.9988578 ], [ 5.5778926, 46.9992081 ], [ 5.5783319, 46.9993082 ], [ 5.5785283, 46.9992858 ], [ 5.5791945, 46.9988439 ], [ 5.5791976, 46.99866 ], [ 5.5789598, 46.9983411 ], [ 5.5789313, 46.99813 ], [ 5.5796533, 46.9976418 ], [ 5.580162, 46.9969918 ], [ 5.5803476, 46.9964949 ], [ 5.5805831, 46.9964076 ], [ 5.5809168, 46.9964191 ], [ 5.5817369, 46.9967187 ], [ 5.5819593, 46.9966894 ], [ 5.5821467, 46.996424 ], [ 5.5821189, 46.9958967 ], [ 5.5822852, 46.9956291 ], [ 5.5828604, 46.9954883 ], [ 5.5836605, 46.9949857 ], [ 5.583984, 46.9949505 ], [ 5.584958, 46.9945864 ], [ 5.5862045, 46.9943864 ], [ 5.5866347, 46.9941318 ], [ 5.5872578, 46.9934259 ], [ 5.5880884, 46.9930929 ], [ 5.5885035, 46.992799 ], [ 5.5901123, 46.9957617 ], [ 5.5894725, 46.99604 ], [ 5.589694, 46.9967602 ], [ 5.5910359, 46.9992344 ], [ 5.5868884, 47.0002823 ], [ 5.5872456, 47.0008391 ], [ 5.5877141, 47.0012736 ], [ 5.5870403, 47.0015283 ], [ 5.5866834, 47.0013904 ], [ 5.5858199, 47.0015061 ], [ 5.585395, 47.0017355 ], [ 5.5851535, 47.0021093 ], [ 5.5842314, 47.0028443 ], [ 5.5823293, 47.002968 ], [ 5.5820259, 47.0030396 ], [ 5.5813151, 47.0034312 ], [ 5.5810727, 47.0036762 ], [ 5.5806647, 47.0045357 ], [ 5.5810718, 47.005504 ], [ 5.5822972, 47.0061801 ], [ 5.5840038, 47.0074706 ], [ 5.5833294, 47.0079352 ], [ 5.58471, 47.0100915 ], [ 5.5850375, 47.0100824 ], [ 5.5851634, 47.0099886 ], [ 5.5855635, 47.010067 ], [ 5.5864417, 47.0104473 ], [ 5.5870171, 47.0112415 ], [ 5.5871677, 47.0115525 ], [ 5.586976, 47.0116478 ], [ 5.5861813, 47.0115809 ], [ 5.5861903, 47.0117149 ], [ 5.5866117, 47.012319 ], [ 5.588793, 47.0170759 ], [ 5.5893033, 47.0178022 ], [ 5.5900551, 47.0185367 ], [ 5.5915425, 47.0196671 ], [ 5.5914923, 47.0199385 ], [ 5.5911825, 47.0202625 ], [ 5.590224, 47.0207399 ], [ 5.590038, 47.0209251 ], [ 5.5911228, 47.0214349 ], [ 5.5916815, 47.0219593 ], [ 5.5931208, 47.0229089 ], [ 5.5946103, 47.023587 ], [ 5.5959796, 47.0244481 ], [ 5.5965045, 47.0244335 ], [ 5.60101, 47.0238105 ], [ 5.6016452, 47.023432299999989 ], [ 5.6027486, 47.0231759 ], [ 5.6037969, 47.0231441 ], [ 5.6040349, 47.0232162 ], [ 5.6040887, 47.0233484 ], [ 5.5922911, 47.0454884 ], [ 5.5916723, 47.0469274 ], [ 5.5904243, 47.0493704 ], [ 5.5902024, 47.0497718 ], [ 5.5899995, 47.0498556 ], [ 5.5898495, 47.0500535 ], [ 5.5897416, 47.0508261 ], [ 5.589199, 47.0511356 ], [ 5.5890548, 47.051537 ], [ 5.5839751, 47.0608344 ], [ 5.6451364, 47.0745587 ], [ 5.6399964, 47.0920881 ], [ 5.6324836, 47.1171317 ], [ 5.6269293, 47.1349398 ], [ 5.6293878, 47.135466699999988 ], [ 5.6296466, 47.1359545 ], [ 5.6296288, 47.1362927 ], [ 5.6318187, 47.1360744 ], [ 5.6327423, 47.1367119 ], [ 5.6336688, 47.1363584 ], [ 5.6343964, 47.1361725 ], [ 5.6349488, 47.1360779 ], [ 5.6355032, 47.136238299999988 ], [ 5.6360892, 47.1367762 ], [ 5.6363914, 47.1372323 ], [ 5.6364179, 47.1381523 ], [ 5.6362356, 47.1392014 ], [ 5.6352467, 47.1407103 ], [ 5.635241, 47.141241 ], [ 5.6353989, 47.1413644 ], [ 5.6350134, 47.1426334 ], [ 5.6338324, 47.142808 ], [ 5.6338882, 47.142868 ], [ 5.634508, 47.1433673 ], [ 5.6355817, 47.143968 ], [ 5.6381186, 47.14433 ], [ 5.6403232, 47.1449184 ], [ 5.6419393, 47.1455111 ], [ 5.6430316, 47.1457348 ], [ 5.6434902, 47.1466575 ], [ 5.6442025, 47.1476384 ], [ 5.6450505, 47.1481568 ], [ 5.6456646, 47.1489913 ], [ 5.6464051, 47.1492293 ], [ 5.6461571, 47.1500385 ], [ 5.6457871, 47.1505712 ], [ 5.645731, 47.1512833 ], [ 5.6486584, 47.1513091 ], [ 5.6487815, 47.151154 ], [ 5.6526346, 47.1521458 ], [ 5.6541401, 47.1528454 ], [ 5.6540011, 47.1533477 ], [ 5.6551273, 47.1540938 ], [ 5.6553838, 47.1539924 ], [ 5.658653, 47.1563369 ], [ 5.6589201, 47.1563975 ], [ 5.6598588, 47.1575685 ], [ 5.659701, 47.1588666 ], [ 5.6593605, 47.1590303 ], [ 5.6608298, 47.1610756 ], [ 5.6616436, 47.1626296 ], [ 5.6626323, 47.1624321 ], [ 5.6631795, 47.1630294 ], [ 5.6630401, 47.1642964 ], [ 5.6622553, 47.1655999 ], [ 5.6618292, 47.167559 ], [ 5.6755339, 47.1739766 ], [ 5.6745297, 47.1755672 ], [ 5.666534, 47.1728898 ], [ 5.6589012, 47.1702134 ], [ 5.657087, 47.1718612 ], [ 5.6565709, 47.1725928 ], [ 5.6554862, 47.1722141 ], [ 5.6548318, 47.1718832 ], [ 5.653985, 47.1716675 ], [ 5.652854, 47.1717691 ], [ 5.6517445, 47.1721999 ], [ 5.6510746, 47.1721711 ], [ 5.6503935, 47.171912 ], [ 5.6501, 47.1716935 ], [ 5.649811, 47.1712695 ], [ 5.6502533, 47.1710775 ], [ 5.6504656, 47.1708276 ], [ 5.6505324, 47.1702811 ], [ 5.6482671, 47.1694772 ], [ 5.6480805, 47.1695238 ], [ 5.6478141, 47.1692912 ], [ 5.6474235, 47.1685723 ], [ 5.6470991, 47.1683698 ], [ 5.6481006, 47.1668984 ], [ 5.6474598, 47.1667599 ], [ 5.6473747, 47.1669087 ], [ 5.6449609, 47.1664396 ], [ 5.6422223, 47.1660518 ], [ 5.6381394, 47.1660476 ], [ 5.6348655, 47.1658934 ], [ 5.6322783, 47.1659271 ], [ 5.6323368, 47.166204099999987 ], [ 5.6331832, 47.1673342 ], [ 5.6337743, 47.1677252 ], [ 5.6345512, 47.167731 ], [ 5.63519, 47.1682866 ], [ 5.6358334, 47.1685323 ], [ 5.6360246, 47.1687414 ], [ 5.6349532, 47.1692234 ], [ 5.6347664, 47.1700762 ], [ 5.634001, 47.1710359 ], [ 5.6322903, 47.172168299999989 ], [ 5.6319998, 47.1724938 ], [ 5.6315275, 47.1725892 ], [ 5.6300107, 47.1734461 ], [ 5.6278163, 47.1723601 ], [ 5.6279514, 47.1722327 ], [ 5.6281086, 47.1717445 ], [ 5.6285063, 47.1713409 ], [ 5.6286586, 47.1710519 ], [ 5.6291678, 47.1706044 ], [ 5.6299608, 47.170154 ], [ 5.6301791, 47.1697302 ], [ 5.6301901, 47.1689543 ], [ 5.631144, 47.1680391 ], [ 5.6314855, 47.1672702 ], [ 5.631961, 47.1668116 ], [ 5.6318682, 47.1664525 ], [ 5.631469, 47.1662842 ], [ 5.6309596, 47.1667272 ], [ 5.630635, 47.1665698 ], [ 5.6307331, 47.166091 ], [ 5.6301098, 47.1664988 ], [ 5.6290758, 47.1665034 ], [ 5.6273236, 47.1668666 ], [ 5.625682, 47.1668155 ], [ 5.6247814, 47.1670648 ], [ 5.6240403, 47.1674689 ], [ 5.6235901, 47.1675539 ], [ 5.6225943, 47.1674215 ], [ 5.6211117, 47.1678145 ], [ 5.6196059, 47.1680315 ], [ 5.6187258, 47.1679415 ], [ 5.618445, 47.1680893 ], [ 5.6176322, 47.1681878 ], [ 5.6169274, 47.1683884 ], [ 5.6167076, 47.1683231 ], [ 5.6164387, 47.1685787 ], [ 5.6160522, 47.1686181 ], [ 5.6152749, 47.1689032 ], [ 5.6146408, 47.1696363 ], [ 5.6137804, 47.1701152 ], [ 5.6134969, 47.1700171 ], [ 5.6133394, 47.1701467 ], [ 5.6125414, 47.1698432 ], [ 5.6119409, 47.169854 ], [ 5.6112742, 47.1695619 ], [ 5.6103337, 47.1694804 ], [ 5.6088203, 47.1676049 ], [ 5.6077736, 47.1666673 ], [ 5.6111261, 47.1650118 ], [ 5.6127573, 47.1645498 ], [ 5.6158986, 47.1640969 ], [ 5.6164955, 47.163906 ], [ 5.6171844, 47.1635418 ], [ 5.6126181, 47.1607823 ], [ 5.611619, 47.1600067 ], [ 5.6114387, 47.1597748 ], [ 5.6099028, 47.1585493 ], [ 5.608509, 47.1572025 ], [ 5.6065116, 47.1555783 ], [ 5.6064272, 47.1550362 ], [ 5.606124, 47.1548016 ], [ 5.6037428, 47.1532104 ], [ 5.6013394, 47.151952 ], [ 5.5982816, 47.1507281 ], [ 5.5949028, 47.1497707 ], [ 5.5915704, 47.1491725 ], [ 5.589904, 47.1489792 ], [ 5.5877506, 47.1488716 ], [ 5.5866302, 47.148939 ], [ 5.5858723, 47.1494342 ], [ 5.5847201, 47.1499392 ], [ 5.5840992, 47.1499603 ], [ 5.5827121, 47.1498084 ], [ 5.5813604, 47.1501205 ], [ 5.5787969, 47.1502173 ], [ 5.5773001, 47.1504479 ], [ 5.5755039, 47.15124 ], [ 5.5743763, 47.1520416 ], [ 5.5720782, 47.1510622 ], [ 5.5716489, 47.1506457 ], [ 5.5687574, 47.1486553 ], [ 5.5686143, 47.1484792 ], [ 5.5698884, 47.1478978 ], [ 5.5693685, 47.1473221 ], [ 5.5695295, 47.1472383 ], [ 5.5685092, 47.1460828 ], [ 5.5672913, 47.1443515 ], [ 5.5669743, 47.1433244 ], [ 5.5672128, 47.1428724 ], [ 5.5669459, 47.1415938 ], [ 5.5661447, 47.1416791 ], [ 5.566055, 47.1412938 ], [ 5.5657752, 47.1413504 ], [ 5.5656849, 47.1409516 ], [ 5.565122, 47.140747 ], [ 5.565471, 47.140369 ], [ 5.5645456, 47.1400635 ], [ 5.5641753, 47.1401888 ], [ 5.5637632, 47.13938 ], [ 5.5633152, 47.1367074 ], [ 5.5629607, 47.136219 ], [ 5.5624772, 47.1364071 ], [ 5.5616466, 47.1354284 ], [ 5.55962, 47.1361993 ], [ 5.5574933, 47.1348906 ], [ 5.5568827, 47.135486 ], [ 5.5579626, 47.1367386 ], [ 5.5572081, 47.137057 ], [ 5.5561715, 47.1360215 ], [ 5.5559239, 47.1361441 ], [ 5.5558657, 47.1365039 ], [ 5.5556021, 47.1369853 ], [ 5.5541638, 47.1378881 ], [ 5.5537709, 47.1371735 ], [ 5.5527747, 47.1369036 ], [ 5.5522665, 47.13685 ], [ 5.5512503, 47.1373561 ], [ 5.5499762, 47.1365708 ], [ 5.5498048, 47.1367971 ], [ 5.5492567, 47.1369307 ], [ 5.547641, 47.1352585 ], [ 5.5470561, 47.1354218 ], [ 5.5468883, 47.1349175 ], [ 5.5463304, 47.1347316 ], [ 5.5459862, 47.1343185 ], [ 5.5456487, 47.1344385 ], [ 5.5450351, 47.1333828 ], [ 5.5449017, 47.1329047 ], [ 5.5438665, 47.1328969 ], [ 5.5429795, 47.1332055 ], [ 5.5417492, 47.1334271 ], [ 5.5413997, 47.1336843 ], [ 5.5405397, 47.1340896 ], [ 5.5408547, 47.134416 ], [ 5.5386899, 47.1352832 ], [ 5.538055, 47.1340802 ], [ 5.5367434, 47.1327993 ], [ 5.5372802, 47.1325677 ], [ 5.5363546, 47.1315513 ], [ 5.5331943, 47.1324411 ], [ 5.5328985, 47.1325485 ], [ 5.5325903, 47.1327876 ], [ 5.5322367, 47.1328755 ], [ 5.5314468, 47.1317957 ], [ 5.5291579, 47.1298803 ], [ 5.5290164, 47.1293132 ], [ 5.5291731, 47.128827 ], [ 5.5296166, 47.1283228 ], [ 5.5293584, 47.1276015 ], [ 5.5282712, 47.125358 ], [ 5.5279377, 47.1235944 ], [ 5.5281914, 47.1226449 ], [ 5.5289772, 47.1211955 ], [ 5.5289189, 47.1208815 ], [ 5.527791, 47.1204414 ], [ 5.5266615, 47.1190645 ], [ 5.5264313, 47.1182345 ], [ 5.5223572, 47.1151509 ], [ 5.5212563, 47.1153947 ], [ 5.5193172, 47.1155766 ], [ 5.5182589, 47.1158294 ], [ 5.517294, 47.1149757 ], [ 5.5168075, 47.1135721 ], [ 5.5157517, 47.113877 ], [ 5.5155125, 47.1131346 ], [ 5.5130391, 47.1109113 ], [ 5.5127649, 47.1103786 ], [ 5.512554, 47.1105813 ], [ 5.5116532, 47.1100514 ], [ 5.511915, 47.1069219 ], [ 5.5122348, 47.1061124 ], [ 5.5146001, 47.1038469 ], [ 5.5125385, 47.1026369 ], [ 5.5108241, 47.1017428 ], [ 5.5125057, 47.1000939 ], [ 5.5149345, 47.0973 ], [ 5.5153558, 47.0970008 ], [ 5.5137573, 47.0966086 ], [ 5.5150514, 47.095424799999989 ], [ 5.5153283, 47.0950549 ], [ 5.5152119, 47.094653 ], [ 5.5156017, 47.0938482 ], [ 5.5156215, 47.093113599999988 ], [ 5.516067, 47.0932472 ], [ 5.5165163, 47.0908648 ], [ 5.5243713, 47.0914735 ], [ 5.5235052, 47.0897639 ], [ 5.5227137, 47.0887462 ], [ 5.5218153, 47.088037 ], [ 5.5217925, 47.0879439 ], [ 5.5220384, 47.0878356 ], [ 5.518008, 47.0881208 ], [ 5.515523, 47.0885692 ], [ 5.5126164, 47.088801 ], [ 5.5108086, 47.0892274 ], [ 5.5092437, 47.0890359 ], [ 5.5070833, 47.0891691 ], [ 5.5066604, 47.0891307 ], [ 5.5049795, 47.088397 ], [ 5.5018577, 47.0879427 ], [ 5.500523, 47.0883329 ], [ 5.4999824, 47.0890172 ], [ 5.4969234, 47.088731 ], [ 5.4967139, 47.0883203 ], [ 5.4957185, 47.0879877 ], [ 5.4939841, 47.0879172 ], [ 5.4935922, 47.0877252 ], [ 5.4923458, 47.0876183 ], [ 5.4921462, 47.087151 ], [ 5.4908812, 47.0865716 ], [ 5.4904542, 47.0862314 ], [ 5.4899505, 47.0860345 ], [ 5.4892074, 47.0859047 ], [ 5.4889624, 47.0855296 ], [ 5.4884353, 47.0851253 ], [ 5.4873904, 47.0845921 ], [ 5.4863464, 47.083875 ], [ 5.4853191, 47.0835611 ], [ 5.4847411, 47.0831765 ], [ 5.4843837, 47.0825345 ], [ 5.4843246, 47.0816679 ], [ 5.4844995, 47.0813066 ], [ 5.4839976, 47.0801827 ], [ 5.4843407, 47.079477 ], [ 5.4859447, 47.0771125 ], [ 5.4886866, 47.0779236 ], [ 5.4897967, 47.0777855 ], [ 5.4905443, 47.0774042 ], [ 5.4916289, 47.0764811 ], [ 5.4921541, 47.0757444 ], [ 5.4916886, 47.0749422 ], [ 5.4913649, 47.0746434 ], [ 5.490843, 47.0744281 ], [ 5.4901202, 47.0743549 ], [ 5.4849987, 47.0759412 ], [ 5.4824154, 47.073459 ], [ 5.4785247, 47.0715869 ], [ 5.4776785, 47.0696787 ], [ 5.47736, 47.0660231 ], [ 5.4773144, 47.0613454 ], [ 5.4755151, 47.0588155 ], [ 5.4760788, 47.058356 ], [ 5.4766906, 47.0572133 ], [ 5.4769467, 47.0559873 ], [ 5.4766388, 47.055022 ], [ 5.4761509, 47.0544721 ], [ 5.4741299, 47.0534544 ], [ 5.4737648, 47.0535685 ], [ 5.4731623, 47.0539092 ], [ 5.4707717, 47.049743 ], [ 5.471042, 47.0494868 ], [ 5.4712028, 47.0488529 ], [ 5.4710298, 47.0480972 ], [ 5.4711762, 47.0471789 ], [ 5.4709255, 47.0467411 ], [ 5.4707039, 47.0465927 ], [ 5.4693416, 47.0461679 ], [ 5.4684179, 47.0459966 ], [ 5.4674875, 47.0459373 ], [ 5.4672524, 47.0454937 ], [ 5.4660093, 47.0453977 ], [ 5.4648968, 47.0446126 ], [ 5.4603338, 47.0440145 ], [ 5.4616863, 47.0397782 ], [ 5.4587082, 47.0388761 ], [ 5.4587323, 47.0385378 ], [ 5.4597801, 47.0377939 ], [ 5.4607697, 47.0357731 ], [ 5.4616286, 47.034758599999989 ], [ 5.4570026, 47.033134 ], [ 5.4582178, 47.0316975 ], [ 5.4616632, 47.0289605 ] ], [ [ 5.5097986, 47.0810069 ], [ 5.5088795, 47.0816401 ], [ 5.5087241, 47.0819266 ], [ 5.508654, 47.0824495 ], [ 5.5097507, 47.0825592 ], [ 5.5102714, 47.0832267 ], [ 5.511277, 47.0828984 ], [ 5.5114797, 47.0825908 ], [ 5.5115081, 47.0821486 ], [ 5.5109861, 47.0820738 ], [ 5.5101623, 47.0809485 ], [ 5.5097986, 47.0810069 ] ], [ [ 5.5054411, 47.0823019 ], [ 5.5052483, 47.0825171 ], [ 5.5055263, 47.0826831 ], [ 5.5058955, 47.0826828 ], [ 5.5058863, 47.0825727 ], [ 5.5060573, 47.0825055 ], [ 5.5062072, 47.0825761 ], [ 5.5061114, 47.082433 ], [ 5.5061871, 47.0823134 ], [ 5.5057607, 47.0822296 ], [ 5.5054411, 47.0823019 ] ], [ [ 5.5061114, 47.0850163 ], [ 5.5067155, 47.0850693 ], [ 5.5071476, 47.0848629 ], [ 5.5063403, 47.0839371 ], [ 5.506217, 47.0836846 ], [ 5.5055903, 47.0833345 ], [ 5.50525, 47.0834696 ], [ 5.5051532, 47.0837613 ], [ 5.5047974, 47.0839761 ], [ 5.5047495, 47.0843355 ], [ 5.5050172, 47.0847458 ], [ 5.5056419, 47.0852018 ], [ 5.5057717, 47.0848792 ], [ 5.5060825, 47.0847303 ], [ 5.5061582, 47.0847801 ], [ 5.5064373, 47.0847275 ], [ 5.5063491, 47.0845614 ], [ 5.5066436, 47.0846493 ], [ 5.5064241, 47.0849346 ], [ 5.506193, 47.0848218 ], [ 5.5061114, 47.0850163 ] ] ], [ [ [ 5.506003, 47.0841714 ], [ 5.506192, 47.0841678 ], [ 5.5061275, 47.0842703 ], [ 5.5058737, 47.0842815 ], [ 5.5058626, 47.0841522 ], [ 5.5056367, 47.0840719 ], [ 5.5058424, 47.0839911 ], [ 5.506025, 47.0840512 ], [ 5.506003, 47.0841714 ] ] ], [ [ [ 5.5052298, 47.0843889 ], [ 5.5053319, 47.0845276 ], [ 5.5050778, 47.0844302 ], [ 5.5052026, 47.0842229 ], [ 5.5054322, 47.0843086 ], [ 5.5052298, 47.0843889 ] ] ], [ [ [ 5.5056068, 47.0846334 ], [ 5.5053546, 47.0847266 ], [ 5.5053764, 47.0846057 ], [ 5.5056068, 47.0846334 ] ] ], [ [ [ 5.4664192, 47.074096 ], [ 5.4662099, 47.0737753 ], [ 5.4661731, 47.0732566 ], [ 5.4669493, 47.0728442 ], [ 5.4673154, 47.0728043 ], [ 5.4676284, 47.0731713 ], [ 5.4679426, 47.0733542 ], [ 5.4680163, 47.0735573 ], [ 5.468439, 47.0736622 ], [ 5.4685861, 47.0739967 ], [ 5.4691798, 47.0740908 ], [ 5.4693465, 47.0743813 ], [ 5.4700404, 47.0747461 ], [ 5.4690645, 47.0751606 ], [ 5.4685337, 47.0749818 ], [ 5.4683859, 47.0748477 ], [ 5.4676392, 47.0750304 ], [ 5.4670334, 47.0747882 ], [ 5.4668212, 47.074431 ], [ 5.4663827, 47.0742122 ], [ 5.4664192, 47.074096 ] ] ], [ [ [ 5.4749888, 47.0797672 ], [ 5.4748223, 47.079591 ], [ 5.4746681, 47.0795616 ], [ 5.4737175, 47.0795875 ], [ 5.4745372, 47.07919 ], [ 5.4746592, 47.0788045 ], [ 5.4752942, 47.078081399999988 ], [ 5.476016, 47.0792378 ], [ 5.4754559, 47.0797343 ], [ 5.4749888, 47.0797672 ] ] ], [ [ [ 5.4784249, 47.0825598 ], [ 5.4785714, 47.0823903 ], [ 5.4774337, 47.081514 ], [ 5.4768395, 47.0817278 ], [ 5.4762361, 47.0816573 ], [ 5.4761133, 47.0809235 ], [ 5.4766238, 47.0806718 ], [ 5.4773843, 47.0805699 ], [ 5.4777213, 47.0807142 ], [ 5.4778919, 47.0809558 ], [ 5.4780931, 47.0809857 ], [ 5.4784912, 47.081244 ], [ 5.4793649, 47.0813204 ], [ 5.4795965, 47.0814259 ], [ 5.4793941, 47.0815243 ], [ 5.4791985, 47.0817824 ], [ 5.4792483, 47.0819666 ], [ 5.4798273, 47.0823884 ], [ 5.4801241, 47.0824616 ], [ 5.4802558, 47.0827126 ], [ 5.4802114, 47.082985 ], [ 5.4806612, 47.0828559 ], [ 5.4808462, 47.0828939 ], [ 5.4815153, 47.0833061 ], [ 5.4815749, 47.0835637 ], [ 5.4811412, 47.0835548 ], [ 5.4807314, 47.0832226 ], [ 5.4801865, 47.0830755 ], [ 5.4800761, 47.0832918 ], [ 5.4796056, 47.0835002 ], [ 5.4791922, 47.0833404 ], [ 5.4789466, 47.083357899999989 ], [ 5.4786992, 47.0831026 ], [ 5.4782534, 47.0830808 ], [ 5.478141, 47.0829727 ], [ 5.4781104, 47.0827171 ], [ 5.4784249, 47.0825598 ] ] ], [ [ [ 5.4779908, 47.096032 ], [ 5.4778338, 47.0961839 ], [ 5.4773926, 47.0960677 ], [ 5.4779744, 47.0957683 ], [ 5.4779908, 47.096032 ] ] ] ] } },
{ "type": "Feature", "properties": { "code_departement": 39.0, "code_rne": "0390823H", "multisecteur": 0.0 }, "geometry": { "type": "MultiPolygon", "coordinates": [ [ [ [ 5.4350808, 47.0519558 ], [ 5.4292671, 47.0484644 ], [ 5.4257923, 47.0509028 ], [ 5.4249478, 47.051379 ], [ 5.4247454, 47.0513905 ], [ 5.423531, 47.0523158 ], [ 5.4233237, 47.0523085 ], [ 5.4233484, 47.0524458 ], [ 5.4224833, 47.05308 ], [ 5.4223149, 47.0533213 ], [ 5.4224637, 47.0537893 ], [ 5.4234942, 47.0544892 ], [ 5.4257946, 47.055674 ], [ 5.4243952, 47.056061 ], [ 5.4238954, 47.0565246 ], [ 5.4229662, 47.0579627 ], [ 5.4223513, 47.0576829 ], [ 5.4202737, 47.0571175 ], [ 5.4202276, 47.0582931 ], [ 5.4183507, 47.0579712 ], [ 5.4175317, 47.0579019 ], [ 5.4164491, 47.0576246 ], [ 5.4152602, 47.0575666 ], [ 5.412887, 47.0588169 ], [ 5.4126491, 47.0587741 ], [ 5.4117755, 47.0576601 ], [ 5.4123207, 47.057441499999989 ], [ 5.4122973, 47.0566539 ], [ 5.4124262, 47.0563819 ], [ 5.4123709, 47.0554408 ], [ 5.4116645, 47.0554421 ], [ 5.4116604, 47.0551728 ], [ 5.4092099, 47.0551654 ], [ 5.4078313, 47.0536593 ], [ 5.4070695, 47.0532735 ], [ 5.4028814, 47.0524816 ], [ 5.4001957, 47.0523681 ], [ 5.4002529, 47.0517877 ], [ 5.3991969, 47.0514232 ], [ 5.3984057, 47.0513829 ], [ 5.3979591, 47.0514462 ], [ 5.3958024, 47.0501561 ], [ 5.3954459, 47.049814 ], [ 5.3953086, 47.0502537 ], [ 5.3947322, 47.0511033 ], [ 5.3921702, 47.0544621 ], [ 5.3906812, 47.0558666 ], [ 5.390315, 47.0563453 ], [ 5.3880401, 47.056077 ], [ 5.3859794, 47.0563295 ], [ 5.3857084, 47.0563117 ], [ 5.3849866, 47.0560834 ], [ 5.3833181, 47.056116 ], [ 5.3830447, 47.0560721 ], [ 5.3827498, 47.0559314 ], [ 5.3825341, 47.0557026 ], [ 5.3821061, 47.0555898 ], [ 5.3817718, 47.0556606 ], [ 5.3816141, 47.0558503 ], [ 5.3815701, 47.0559881 ], [ 5.3817374, 47.0562558 ], [ 5.381912, 47.0569566 ], [ 5.3814452, 47.0576382 ], [ 5.3812289, 47.057693099999987 ], [ 5.3797341, 47.0572132 ], [ 5.3789808, 47.0570467 ], [ 5.3786484, 47.0571301 ], [ 5.3783832, 47.0577814 ], [ 5.3781432, 47.0580476 ], [ 5.3779504, 47.0581885 ], [ 5.3776655, 47.0582457 ], [ 5.377394, 47.0582161 ], [ 5.3772188, 47.0580972 ], [ 5.3766439, 47.0580631 ], [ 5.3764689, 47.0579802 ], [ 5.3765068, 47.0574345 ], [ 5.3762468, 47.0573057 ], [ 5.374843, 47.0572436 ], [ 5.3742673, 47.0575184 ], [ 5.3719251, 47.0578782 ], [ 5.3712004, 47.0581813 ], [ 5.3704843, 47.0580519 ], [ 5.3700891, 47.0582365 ], [ 5.3705527, 47.0589791 ], [ 5.3705294, 47.0591399 ], [ 5.3704469, 47.0591804 ], [ 5.3697062, 47.0586416 ], [ 5.3692696, 47.0586659 ], [ 5.3690595, 47.0588323 ], [ 5.3689549, 47.0587615 ], [ 5.3685336, 47.0587728 ], [ 5.3691907, 47.0598105 ], [ 5.368927, 47.0601375 ], [ 5.3685391, 47.0602796 ], [ 5.3681156, 47.0602712 ], [ 5.3669806, 47.0597874 ], [ 5.3667919, 47.0598128 ], [ 5.36664, 47.0600754 ], [ 5.3669534, 47.0605788 ], [ 5.3664794, 47.0605894 ], [ 5.3632015, 47.0561429 ], [ 5.3605178, 47.0527309 ], [ 5.3591292, 47.0507534 ], [ 5.357458, 47.0492419 ], [ 5.3561628, 47.0490638 ], [ 5.3544313, 47.0485227 ], [ 5.3540956, 47.0485322 ], [ 5.3538074, 47.0487516 ], [ 5.3537031, 47.0487465 ], [ 5.3527776, 47.0475295 ], [ 5.3530175, 47.0467158 ], [ 5.3530485, 47.0462468 ], [ 5.35263, 47.0455951 ], [ 5.352332, 47.0456201 ], [ 5.3513312, 47.045998 ], [ 5.3507814, 47.0448428 ], [ 5.349787, 47.0447631 ], [ 5.3456306, 47.04351 ], [ 5.3446697, 47.0439573 ], [ 5.3314613, 47.0492625 ], [ 5.332217, 47.0501317 ], [ 5.3321989, 47.0504753 ], [ 5.3338171, 47.050350699999989 ], [ 5.3357437, 47.0533616 ], [ 5.3345805, 47.0539823 ], [ 5.3352976, 47.0544434 ], [ 5.3351472, 47.0550796 ], [ 5.3342535, 47.0554724 ], [ 5.3346577, 47.0560109 ], [ 5.3345485, 47.0564122 ], [ 5.331941, 47.0562469 ], [ 5.3309741, 47.0566834 ], [ 5.3290375, 47.0579546 ], [ 5.3191177, 47.0514448 ], [ 5.3181959, 47.0518587 ], [ 5.318097, 47.0526552 ], [ 5.3179397, 47.0528276 ], [ 5.3174495, 47.05286 ], [ 5.3158182, 47.05348 ], [ 5.3155704, 47.052958 ], [ 5.315045, 47.0531523 ], [ 5.3131273, 47.0541914 ], [ 5.3134571, 47.0544775 ], [ 5.3130749, 47.0547212 ], [ 5.3119892, 47.0558049 ], [ 5.3121676, 47.056185 ], [ 5.3105733, 47.0565637 ], [ 5.3095657, 47.0554399 ], [ 5.3092442, 47.055720199999989 ], [ 5.3098316, 47.0564497 ], [ 5.3091008, 47.0567417 ], [ 5.3085884, 47.0561935 ], [ 5.3073451, 47.0567678 ], [ 5.3068429, 47.0563671 ], [ 5.3040795, 47.0576094 ], [ 5.3039663, 47.0577369 ], [ 5.3032768, 47.0573003 ], [ 5.2989918, 47.0586538 ], [ 5.2988921, 47.0586036 ], [ 5.2984155, 47.0587076 ], [ 5.2972717, 47.0584656 ], [ 5.2958381, 47.0577951 ], [ 5.2962407, 47.0570341 ], [ 5.2962405, 47.0565045 ], [ 5.2964997, 47.0559977 ], [ 5.2965191, 47.0554938 ], [ 5.2962732, 47.0540521 ], [ 5.2960852, 47.0537839 ], [ 5.295458, 47.0532901 ], [ 5.2939978, 47.0525788 ], [ 5.2933576, 47.0524924 ], [ 5.2931097, 47.0525496 ], [ 5.2915042, 47.0518276 ], [ 5.2906465, 47.0516779 ], [ 5.2900022, 47.051806 ], [ 5.2901935, 47.0514374 ], [ 5.2901362, 47.0513602 ], [ 5.2886812, 47.0508603 ], [ 5.2885486, 47.0505324 ], [ 5.2882661, 47.0503344 ], [ 5.2849969, 47.048877 ], [ 5.2843405, 47.0482811 ], [ 5.2840376, 47.0481628 ], [ 5.2839214, 47.0480327 ], [ 5.2837649, 47.0471684 ], [ 5.2834908, 47.046483 ], [ 5.2831599, 47.0460419 ], [ 5.2827066, 47.0451384 ], [ 5.282638, 47.0438905 ], [ 5.2832243, 47.0434844 ], [ 5.2833157, 47.0430304 ], [ 5.2832241, 47.0427638 ], [ 5.2829504, 47.0425225 ], [ 5.282759, 47.0419552 ], [ 5.2823193, 47.041558599999988 ], [ 5.2825975, 47.0408784 ], [ 5.2827014, 47.0400631 ], [ 5.2819425, 47.0393161 ], [ 5.2814049, 47.0390349 ], [ 5.2809996, 47.0385466 ], [ 5.2798748, 47.0381193 ], [ 5.279399, 47.0381774 ], [ 5.2792002, 47.0381182 ], [ 5.2781573, 47.0374768 ], [ 5.2781906, 47.0373275 ], [ 5.2784468, 47.0370937 ], [ 5.278138, 47.0360829 ], [ 5.2782479, 47.0355331 ], [ 5.278119, 47.0353816 ], [ 5.2771871, 47.0348713 ], [ 5.2769615, 47.0342398 ], [ 5.2765667, 47.0338135 ], [ 5.2767569, 47.0333558 ], [ 5.2768551, 47.0324982 ], [ 5.2768076, 47.0324036 ], [ 5.2762642, 47.0321694 ], [ 5.2760664, 47.0317274 ], [ 5.27605, 47.0315566 ], [ 5.2762142, 47.0313264 ], [ 5.2757367, 47.0302487 ], [ 5.2757067, 47.0293503 ], [ 5.2753006, 47.0284658 ], [ 5.2754227, 47.0269267 ], [ 5.2760285, 47.0267986 ], [ 5.2771252, 47.0263167 ], [ 5.279539, 47.0254603 ], [ 5.280848, 47.0251092 ], [ 5.2828853, 47.0242601 ], [ 5.2858415, 47.0232451 ], [ 5.2869456, 47.023035 ], [ 5.2898749, 47.0229418 ], [ 5.2949563, 47.0212952 ], [ 5.2994381, 47.0201756 ], [ 5.303389, 47.0188719 ], [ 5.3049482, 47.0188065 ], [ 5.3061665, 47.0188371 ], [ 5.3089717, 47.0182803 ], [ 5.3093255, 47.0183615 ], [ 5.3097771, 47.018267699999988 ], [ 5.3111268, 47.0178904 ], [ 5.313633, 47.0169358 ], [ 5.3166854, 47.0159441 ], [ 5.3176731, 47.0153298 ], [ 5.3175848, 47.0148074 ], [ 5.3182609, 47.0127339 ], [ 5.3188738, 47.0124702 ], [ 5.3192544, 47.0120402 ], [ 5.3195165, 47.0115521 ], [ 5.3202207, 47.0109318 ], [ 5.3221994, 47.0103371 ], [ 5.3225306, 47.0099557 ], [ 5.3234883, 47.009687 ], [ 5.3251158, 47.008891299999988 ], [ 5.3257699, 47.0083926 ], [ 5.3257363, 47.0081933 ], [ 5.3261843, 47.0076808 ], [ 5.3271767, 47.0069969 ], [ 5.3276108, 47.0068053 ], [ 5.3279881, 47.0067284 ], [ 5.3293175, 47.0067466 ], [ 5.3299608, 47.0065805 ], [ 5.3315658, 47.0070669 ], [ 5.3322062, 47.0070467 ], [ 5.3324524, 47.0063752 ], [ 5.3333704, 47.0055874 ], [ 5.3336116, 47.0047701 ], [ 5.33442, 47.0044952 ], [ 5.335534, 47.0039476 ], [ 5.3360747, 47.0035421 ], [ 5.3365634, 47.0029683 ], [ 5.3371967, 47.0030294 ], [ 5.3380505, 47.0026167 ], [ 5.3388216, 47.0020291 ], [ 5.3393479, 47.0013519 ], [ 5.3397643, 47.0013281 ], [ 5.3404687, 47.0014507 ], [ 5.3436426, 47.0014701 ], [ 5.3439446, 47.0016009 ], [ 5.344963, 47.0015856 ], [ 5.3455048, 47.0014791 ], [ 5.3457856, 47.0019733 ], [ 5.3459525, 47.0020275 ], [ 5.3468137, 47.00221 ], [ 5.348014, 47.0022306 ], [ 5.3484488, 47.0023578 ], [ 5.3488357, 47.0026255 ], [ 5.3491617, 47.0027053 ], [ 5.3510065, 47.0028587 ], [ 5.3516944, 47.0026916 ], [ 5.352321, 47.0020834 ], [ 5.3526102, 47.0019226 ], [ 5.3528153, 47.0019445 ], [ 5.3557665, 47.0038903 ], [ 5.3567424, 47.0029291 ], [ 5.3568793, 47.0026867 ], [ 5.3581987, 47.0017545 ], [ 5.3583936, 47.0017253 ], [ 5.3648662, 47.0059029 ], [ 5.3693844, 47.0061227 ], [ 5.3677331, 47.004229 ], [ 5.3756539, 47.0016703 ], [ 5.3767875, 47.0016109 ], [ 5.3777717, 47.0012952 ], [ 5.3785445, 47.0007262 ], [ 5.3789744, 47.0000535 ], [ 5.3795816, 46.999941 ], [ 5.3843757, 46.9969353 ], [ 5.3845733, 46.9969375 ], [ 5.3848586, 46.9967794 ], [ 5.3850299, 46.996783 ], [ 5.3855914, 46.9971542 ], [ 5.3864653, 46.9966119 ], [ 5.3875245, 46.9964198 ], [ 5.3885622, 46.9956218 ], [ 5.39071, 46.9931967 ], [ 5.3915136, 46.9928215 ], [ 5.3931078, 46.9926434 ], [ 5.3936602, 46.9939975 ], [ 5.3941255, 46.9955264 ], [ 5.3959609, 46.9953225 ], [ 5.3973778, 46.9957444 ], [ 5.398528, 46.9962987 ], [ 5.4005072, 46.997552 ], [ 5.4007171, 46.997771 ], [ 5.4009522, 46.9984399 ], [ 5.4022156, 46.999108 ], [ 5.4030839, 46.9990656 ], [ 5.4033163, 46.9980438 ], [ 5.4035499, 46.997703 ], [ 5.4042535, 46.9975965 ], [ 5.4053241, 46.9967148 ], [ 5.4057224, 46.9964939 ], [ 5.4065934, 46.9963335 ], [ 5.4075783, 46.9964237 ], [ 5.4084317, 46.9971679 ], [ 5.409665, 46.9979294 ], [ 5.4111484, 46.9985686 ], [ 5.411413, 46.9988045 ], [ 5.4118315, 46.9994191 ], [ 5.4122171, 46.9995912 ], [ 5.4133663, 46.9994104 ], [ 5.4158125, 46.9984368 ], [ 5.4169908, 46.9982879 ], [ 5.4179942, 46.9984695 ], [ 5.4187309, 46.9987486 ], [ 5.4188653, 46.9983684 ], [ 5.4202015, 46.9982187 ], [ 5.421229, 46.9997879 ], [ 5.4218816, 47.0010101 ], [ 5.4216104, 47.0011284 ], [ 5.4208997, 47.0017522 ], [ 5.4199479, 47.0024036 ], [ 5.4190111, 47.0027998 ], [ 5.4155655, 47.0022756 ], [ 5.415277, 47.0059234 ], [ 5.4183442, 47.0068428 ], [ 5.4202744, 47.0071032 ], [ 5.423375, 47.0077083 ], [ 5.4247535, 47.0055031 ], [ 5.4256649, 47.0045409 ], [ 5.4264137, 47.0039739 ], [ 5.4277889, 47.0033702 ], [ 5.428803, 47.0030832 ], [ 5.4299911, 47.0028582 ], [ 5.432189, 47.0026885 ], [ 5.4348484, 47.0026513 ], [ 5.4366251, 47.0024859 ], [ 5.438191, 47.0025528 ], [ 5.4403313, 47.0030895 ], [ 5.4412111, 47.0034456 ], [ 5.4446838, 47.0056366 ], [ 5.4454949, 47.0063625 ], [ 5.4462368, 47.0072755 ], [ 5.4410742, 47.0083099 ], [ 5.4386214, 47.0096634 ], [ 5.4381029, 47.0104571 ], [ 5.4383663, 47.0108677 ], [ 5.4384116, 47.0111108 ], [ 5.4382959, 47.0123122 ], [ 5.4384297, 47.0126796 ], [ 5.4365838, 47.0148201 ], [ 5.4362483, 47.015645 ], [ 5.4363574, 47.0160192 ], [ 5.4375152, 47.0171 ], [ 5.4380779, 47.0177781 ], [ 5.4384741, 47.0184724 ], [ 5.4387092, 47.0197708 ], [ 5.4391237, 47.0202566 ], [ 5.4396791, 47.0205691 ], [ 5.4405574, 47.0207964 ], [ 5.4414775, 47.0208112 ], [ 5.4469564, 47.0195224 ], [ 5.447887, 47.0197702 ], [ 5.4486201, 47.0202816 ], [ 5.4489169, 47.0206969 ], [ 5.4489718, 47.0210947 ], [ 5.4488726, 47.0215787 ], [ 5.4495782, 47.0223528 ], [ 5.4514391, 47.02258 ], [ 5.4516874, 47.0223612 ], [ 5.4518887, 47.0218642 ], [ 5.4522863, 47.0216279 ], [ 5.4529705, 47.0216701 ], [ 5.4534164, 47.0219741 ], [ 5.4550326, 47.0219154 ], [ 5.4551293, 47.0221016 ], [ 5.4556673, 47.0225495 ], [ 5.4562401, 47.0226887 ], [ 5.4562982, 47.0228658 ], [ 5.4561783, 47.0232998 ], [ 5.4586287, 47.0240881 ], [ 5.459435, 47.0240042 ], [ 5.4595304, 47.0244229 ], [ 5.4580687, 47.024808 ], [ 5.4577768, 47.025225 ], [ 5.456664, 47.0263899 ], [ 5.4565698, 47.026809 ], [ 5.4569974, 47.0268837 ], [ 5.4588134, 47.0269288 ], [ 5.4598098, 47.027403 ], [ 5.4602985, 47.0275178 ], [ 5.4607606, 47.0278871 ], [ 5.4611008, 47.0284717 ], [ 5.4616632, 47.0289605 ], [ 5.4582178, 47.0316975 ], [ 5.4570026, 47.033134 ], [ 5.4616286, 47.034758599999989 ], [ 5.4607697, 47.0357731 ], [ 5.4597801, 47.0377939 ], [ 5.4587323, 47.0385378 ], [ 5.4587082, 47.0388761 ], [ 5.4616863, 47.0397782 ], [ 5.4603338, 47.0440145 ], [ 5.4648968, 47.0446126 ], [ 5.4660093, 47.0453977 ], [ 5.4672524, 47.0454937 ], [ 5.4674875, 47.0459373 ], [ 5.4684179, 47.0459966 ], [ 5.4693416, 47.0461679 ], [ 5.4707039, 47.0465927 ], [ 5.4709255, 47.0467411 ], [ 5.4711762, 47.0471789 ], [ 5.4710298, 47.0480972 ], [ 5.4712028, 47.0488529 ], [ 5.471042, 47.0494868 ], [ 5.4707717, 47.049743 ], [ 5.4731623, 47.0539092 ], [ 5.4737648, 47.0535685 ], [ 5.4741299, 47.0534544 ], [ 5.4761509, 47.0544721 ], [ 5.4766388, 47.055022 ], [ 5.4769467, 47.0559873 ], [ 5.4766906, 47.0572133 ], [ 5.4760034, 47.0584369 ], [ 5.4732689, 47.0603456 ], [ 5.4711806, 47.062036 ], [ 5.4699629, 47.0630502 ], [ 5.4690313, 47.064124 ], [ 5.4687311, 47.0639872 ], [ 5.4685285, 47.0637096 ], [ 5.4683853, 47.0636622 ], [ 5.4680361, 47.0641543 ], [ 5.4671163, 47.064277499999989 ], [ 5.4661298, 47.0653038 ], [ 5.4654293, 47.0657836 ], [ 5.4647258, 47.0649284 ], [ 5.464294, 47.0653727 ], [ 5.4630974, 47.066074699999987 ], [ 5.4633274, 47.0664346 ], [ 5.4633843, 47.0667568 ], [ 5.4624159, 47.067289 ], [ 5.4622596, 47.0675905 ], [ 5.4617593, 47.068066 ], [ 5.4616033, 47.0681143 ], [ 5.4597822, 47.0669488 ], [ 5.4560956, 47.0698862 ], [ 5.4544726, 47.0708683 ], [ 5.4535151, 47.0695862 ], [ 5.4519468, 47.0708742 ], [ 5.4507822, 47.0701108 ], [ 5.4500611, 47.0715051 ], [ 5.4503755, 47.0717786 ], [ 5.4498969, 47.0720103 ], [ 5.4502843, 47.0723822 ], [ 5.4498198, 47.072665 ], [ 5.4488096, 47.0729782 ], [ 5.4476053, 47.0734875 ], [ 5.4430268, 47.0750706 ], [ 5.4417078, 47.0734861 ], [ 5.4389627, 47.0741548 ], [ 5.438379, 47.0745419 ], [ 5.4379221, 47.0745254 ], [ 5.4370799, 47.0748539 ], [ 5.4320783, 47.0752205 ], [ 5.430535, 47.0752629 ], [ 5.4297193, 47.0747468 ], [ 5.4275812, 47.0725903 ], [ 5.4273707, 47.0722768 ], [ 5.4276496, 47.0702434 ], [ 5.4277055, 47.068937 ], [ 5.4283455, 47.0686569 ], [ 5.428754, 47.0680394 ], [ 5.4295084, 47.0675192 ], [ 5.4336778, 47.066255 ], [ 5.432603, 47.0647851 ], [ 5.4325498, 47.0643341 ], [ 5.4320467, 47.0642285 ], [ 5.4321308, 47.0621766 ], [ 5.4309246, 47.0622029 ], [ 5.430804, 47.0621009 ], [ 5.4303022, 47.0602686 ], [ 5.429188, 47.0572736 ], [ 5.4350808, 47.0519558 ] ] ] ] } },
{ "type": "Feature", "properties": { "code_departement": 39.0, "code_rne": "0390883Y", "multisecteur": 0.0 }, "geometry": { "type": "MultiPolygon", "coordinates": [ [ [ [ 5.4711025, 47.0901923 ], [ 5.4702141, 47.0907963 ], [ 5.4701587, 47.0909562 ], [ 5.4661627, 47.093054099999989 ], [ 5.4626567, 47.0938651 ], [ 5.4631143, 47.0946192 ], [ 5.4636224, 47.0944526 ], [ 5.4631913, 47.0959291 ], [ 5.4602517, 47.0966627 ], [ 5.4612991, 47.0972412 ], [ 5.462153, 47.0975707 ], [ 5.4629777, 47.0977792 ], [ 5.4641088, 47.097938 ], [ 5.462403, 47.0986535 ], [ 5.4609872, 47.0993952 ], [ 5.4594321, 47.1005822 ], [ 5.4590181, 47.1005 ], [ 5.458676, 47.1005199 ], [ 5.4558106, 47.1013537 ], [ 5.4540444, 47.1020793 ], [ 5.45288, 47.1024076 ], [ 5.4511972, 47.0993132 ], [ 5.448882, 47.0969573 ], [ 5.4455841, 47.0941294 ], [ 5.444538, 47.0943011 ], [ 5.4428319, 47.0943426 ], [ 5.4419895, 47.0928093 ], [ 5.4411345, 47.0915789 ], [ 5.44009, 47.0916955 ], [ 5.4393137, 47.0919416 ], [ 5.4392984, 47.0926517 ], [ 5.4386894, 47.092543899999988 ], [ 5.4378443, 47.0922005 ], [ 5.4365337, 47.0924425 ], [ 5.4364896, 47.0917301 ], [ 5.4336459, 47.0912585 ], [ 5.4331652, 47.0913029 ], [ 5.4321358, 47.0915515 ], [ 5.4292252, 47.0917605 ], [ 5.4291087, 47.0910766 ], [ 5.4275836, 47.0911834 ], [ 5.4263694, 47.0914566 ], [ 5.4254762, 47.0897783 ], [ 5.4222783, 47.090284 ], [ 5.4214913, 47.0903501 ], [ 5.4211525, 47.0901788 ], [ 5.4199001, 47.0890422 ], [ 5.4193296, 47.0882921 ], [ 5.4173308, 47.0890662 ], [ 5.4169038, 47.089662399999987 ], [ 5.4159246, 47.0898243 ], [ 5.4154117, 47.0900629 ], [ 5.4102626, 47.0910865 ], [ 5.4100362, 47.090567 ], [ 5.4097888, 47.0893679 ], [ 5.4097997, 47.0884921 ], [ 5.4104406, 47.0876645 ], [ 5.4108567, 47.0862939 ], [ 5.4110854, 47.0859514 ], [ 5.4106324, 47.0842557 ], [ 5.4107813, 47.0835744 ], [ 5.4110948, 47.083185 ], [ 5.4116714, 47.0831613 ], [ 5.4129759, 47.0832583 ], [ 5.4137534, 47.0834538 ], [ 5.41573, 47.0831278 ], [ 5.4224163, 47.081762 ], [ 5.4236648, 47.0812863 ], [ 5.4244348, 47.0806991 ], [ 5.4247943, 47.0805997 ], [ 5.4264314, 47.0804392 ], [ 5.4270594, 47.080272 ], [ 5.4329731, 47.0780732 ], [ 5.4348402, 47.0772286 ], [ 5.4362113, 47.0774862 ], [ 5.4370735, 47.0762007 ], [ 5.4379221, 47.0745254 ], [ 5.438379, 47.0745419 ], [ 5.4389627, 47.0741548 ], [ 5.4417078, 47.0734861 ], [ 5.4430268, 47.0750706 ], [ 5.4498198, 47.072665 ], [ 5.4502843, 47.0723822 ], [ 5.4498969, 47.0720103 ], [ 5.4503755, 47.0717786 ], [ 5.4500611, 47.0715051 ], [ 5.4507822, 47.0701108 ], [ 5.4519468, 47.0708742 ], [ 5.4535151, 47.0695862 ], [ 5.4544726, 47.0708683 ], [ 5.4560956, 47.0698862 ], [ 5.4597822, 47.0669488 ], [ 5.4616033, 47.0681143 ], [ 5.4617593, 47.068066 ], [ 5.4622596, 47.0675905 ], [ 5.4624159, 47.067289 ], [ 5.4633843, 47.0667568 ], [ 5.4633274, 47.0664346 ], [ 5.4630974, 47.066074699999987 ], [ 5.464294, 47.0653727 ], [ 5.4647258, 47.0649284 ], [ 5.4654293, 47.0657836 ], [ 5.4661298, 47.0653038 ], [ 5.4671163, 47.064277499999989 ], [ 5.4680361, 47.0641543 ], [ 5.4683853, 47.0636622 ], [ 5.4685285, 47.0637096 ], [ 5.4687311, 47.0639872 ], [ 5.4690313, 47.064124 ], [ 5.4699629, 47.0630502 ], [ 5.4711806, 47.062036 ], [ 5.4732689, 47.0603456 ], [ 5.4755151, 47.0588155 ], [ 5.4773144, 47.0613454 ], [ 5.47736, 47.0660231 ], [ 5.4776785, 47.0696787 ], [ 5.4785247, 47.0715869 ], [ 5.4824154, 47.073459 ], [ 5.4849987, 47.0759412 ], [ 5.4859447, 47.0771125 ], [ 5.4843407, 47.079477 ], [ 5.4839976, 47.0801827 ], [ 5.4844995, 47.0813066 ], [ 5.4843246, 47.0816679 ], [ 5.4843837, 47.0825345 ], [ 5.4847411, 47.0831765 ], [ 5.4850625, 47.0834306 ], [ 5.4857746, 47.0837289 ], [ 5.4863464, 47.083875 ], [ 5.4873904, 47.0845921 ], [ 5.4865353, 47.0855544 ], [ 5.4864699, 47.0857402 ], [ 5.4860851, 47.0858838 ], [ 5.4859512, 47.0862709 ], [ 5.485606, 47.0866471 ], [ 5.48521, 47.0868301 ], [ 5.484689, 47.0867406 ], [ 5.4840615, 47.0868644 ], [ 5.4841319, 47.0878436 ], [ 5.4839624, 47.0878766 ], [ 5.4832945, 47.0884389 ], [ 5.4826421, 47.0883312 ], [ 5.4823892, 47.0883735 ], [ 5.4825723, 47.0886857 ], [ 5.4823969, 47.0887907 ], [ 5.4823752, 47.0891102 ], [ 5.4818873, 47.0890916 ], [ 5.4817553, 47.0891697 ], [ 5.4818814, 47.089434 ], [ 5.4814559, 47.0895813 ], [ 5.4813687, 47.0897833 ], [ 5.4811338, 47.0898255 ], [ 5.4812148, 47.0899989 ], [ 5.4809215, 47.0901201 ], [ 5.4807111, 47.0903765 ], [ 5.4807949, 47.0904759 ], [ 5.481161, 47.090382 ], [ 5.4814196, 47.0904832 ], [ 5.4817457, 47.0906981 ], [ 5.4818111, 47.0908729 ], [ 5.4811365, 47.0913559 ], [ 5.4807609, 47.0911764 ], [ 5.4807767, 47.0905029 ], [ 5.480359, 47.0904802 ], [ 5.4804794, 47.0905985 ], [ 5.4801898, 47.0907686 ], [ 5.480265, 47.0910365 ], [ 5.4797989, 47.0911587 ], [ 5.4796631, 47.091445 ], [ 5.4795417, 47.0914908 ], [ 5.4793725, 47.0918619 ], [ 5.4795091, 47.0919598 ], [ 5.4794658, 47.0922467 ], [ 5.4790928, 47.0921863 ], [ 5.4788679, 47.0923093 ], [ 5.4788334, 47.0924715 ], [ 5.4786943, 47.0925073 ], [ 5.4785775, 47.0926808 ], [ 5.476526, 47.0936949 ], [ 5.4764554, 47.0937182 ], [ 5.4761954, 47.0934032 ], [ 5.4768136, 47.0931281 ], [ 5.476961, 47.0929013 ], [ 5.4768094, 47.0926627 ], [ 5.4763861, 47.0925957 ], [ 5.4762049, 47.092812 ], [ 5.4758716, 47.0928293 ], [ 5.4757459, 47.0931585 ], [ 5.4753129, 47.0931939 ], [ 5.4739787, 47.0938661 ], [ 5.4738879, 47.0938269 ], [ 5.4739416, 47.0933142 ], [ 5.4746885, 47.093144 ], [ 5.4748257, 47.0927826 ], [ 5.47463, 47.092703 ], [ 5.4744642, 47.0924678 ], [ 5.4745248, 47.0923326 ], [ 5.474372, 47.0922072 ], [ 5.4743436, 47.0919194 ], [ 5.4749391, 47.0918567 ], [ 5.4751536, 47.0919371 ], [ 5.4755428, 47.0919298 ], [ 5.4760145, 47.0915899 ], [ 5.4761596, 47.0912921 ], [ 5.4761204, 47.0911126 ], [ 5.4758758, 47.0909168 ], [ 5.4756685, 47.0909148 ], [ 5.4750422, 47.0912117 ], [ 5.4746261, 47.0912264 ], [ 5.4745696, 47.0910884 ], [ 5.4748212, 47.0907814 ], [ 5.4750741, 47.0907463 ], [ 5.475152, 47.0906619 ], [ 5.4750008, 47.0903957 ], [ 5.4749698, 47.0898638 ], [ 5.4744508, 47.0897781 ], [ 5.4738038, 47.0898139 ], [ 5.4732875, 47.0900616 ], [ 5.4729982, 47.0899438 ], [ 5.4723461, 47.0900623 ], [ 5.4721388, 47.0898135 ], [ 5.4718239, 47.0898619 ], [ 5.4711025, 47.0901923 ] ], [ [ 5.4748223, 47.079591 ], [ 5.4749888, 47.0797672 ], [ 5.4754559, 47.0797343 ], [ 5.476016, 47.0792378 ], [ 5.4752942, 47.078081399999988 ], [ 5.4746592, 47.0788045 ], [ 5.4745372, 47.07919 ], [ 5.4737175, 47.0795875 ], [ 5.4748223, 47.079591 ] ], [ [ 5.4773843, 47.0805699 ], [ 5.4766238, 47.0806718 ], [ 5.4761133, 47.0809235 ], [ 5.4762361, 47.0816573 ], [ 5.4768395, 47.0817278 ], [ 5.4774337, 47.081514 ], [ 5.4778919, 47.0809558 ], [ 5.4777213, 47.0807142 ], [ 5.4773843, 47.0805699 ] ], [ [ 5.4684771, 47.0817972 ], [ 5.4686155, 47.0818183 ], [ 5.4686371, 47.0815602 ], [ 5.4687633, 47.0816171 ], [ 5.4688452, 47.0814851 ], [ 5.4693084, 47.0819825 ], [ 5.4694116, 47.0819521 ], [ 5.46934, 47.0815297 ], [ 5.4687568, 47.0812846 ], [ 5.4684282, 47.081367 ], [ 5.4683559, 47.0814582 ], [ 5.4684771, 47.0817972 ] ] ], [ [ [ 5.4848471, 47.0882884 ], [ 5.4855134, 47.0879261 ], [ 5.4860455, 47.0879293 ], [ 5.4856889, 47.0883675 ], [ 5.4848471, 47.0882884 ] ] ], [ [ [ 5.4830825, 47.0902978 ], [ 5.4830883, 47.0902067 ], [ 5.4836501, 47.0901242 ], [ 5.4841527, 47.0904762 ], [ 5.4840092, 47.090789 ], [ 5.4835752, 47.0908537 ], [ 5.4830825, 47.0902978 ] ] ], [ [ [ 5.4726882, 47.0914008 ], [ 5.47252, 47.0911993 ], [ 5.4726966, 47.091104 ], [ 5.4730573, 47.0911089 ], [ 5.4731393, 47.0912726 ], [ 5.4732495, 47.0912978 ], [ 5.4731214, 47.0915478 ], [ 5.4732088, 47.0917109 ], [ 5.4725389, 47.0918517 ], [ 5.4726882, 47.0914008 ] ] ], [ [ [ 5.4737583, 47.0924924 ], [ 5.4736208, 47.0927696 ], [ 5.4734181, 47.0927448 ], [ 5.4730241, 47.0925907 ], [ 5.4728422, 47.0922796 ], [ 5.4733906, 47.0922677 ], [ 5.47363, 47.0921391 ], [ 5.4737583, 47.0924924 ] ] ], [ [ [ 5.4828905, 47.0991773 ], [ 5.4825765, 47.0992858 ], [ 5.4825055, 47.0991323 ], [ 5.4828249, 47.0989506 ], [ 5.4828905, 47.0991773 ] ] ], [ [ [ 5.490574, 47.1008028 ], [ 5.4911391, 47.1006304 ], [ 5.4912949, 47.1007087 ], [ 5.4913082, 47.1006089 ], [ 5.4917109, 47.1005602 ], [ 5.4913474, 47.1003954 ], [ 5.4915121, 47.100191 ], [ 5.4917434, 47.1001988 ], [ 5.4915632, 47.1000654 ], [ 5.491924, 47.0999033 ], [ 5.4921902, 47.1000345 ], [ 5.492224, 47.1001923 ], [ 5.4927015, 47.1004938 ], [ 5.4925212, 47.1007452 ], [ 5.491784, 47.1007512 ], [ 5.4910993, 47.1009451 ], [ 5.4910598, 47.1013091 ], [ 5.4905648, 47.1012131 ], [ 5.490574, 47.1008028 ] ] ], [ [ [ 5.4889446, 47.1019677 ], [ 5.4883089, 47.1020173 ], [ 5.4879089, 47.1017515 ], [ 5.4886789, 47.1016169 ], [ 5.4890282, 47.1018387 ], [ 5.4894115, 47.1016517 ], [ 5.4895872, 47.1013109 ], [ 5.4899374, 47.1013023 ], [ 5.4904889, 47.1016411 ], [ 5.4908123, 47.1020823 ], [ 5.4907681, 47.1022199 ], [ 5.4910005, 47.102772 ], [ 5.4910373, 47.1031342 ], [ 5.4903201, 47.1033666 ], [ 5.4896655, 47.104063 ], [ 5.4894004, 47.1049439 ], [ 5.488165, 47.1044709 ], [ 5.4876169, 47.1045233 ], [ 5.4876183, 47.1044055 ], [ 5.4871145, 47.1042228 ], [ 5.4873679, 47.1038021 ], [ 5.4879632, 47.1036773 ], [ 5.4883203, 47.1034797 ], [ 5.4884204, 47.1029844 ], [ 5.488644, 47.1028819 ], [ 5.4891709, 47.1028242 ], [ 5.4889717, 47.1025985 ], [ 5.4889446, 47.1019677 ] ] ], [ [ [ 5.4866615, 47.1050108 ], [ 5.4865661, 47.1051482 ], [ 5.486409, 47.1051433 ], [ 5.4859951, 47.105446 ], [ 5.4853019, 47.1047872 ], [ 5.4861957, 47.1047798 ], [ 5.4867811, 47.1046112 ], [ 5.4873854, 47.1046086 ], [ 5.4873832, 47.1048213 ], [ 5.4866615, 47.1050108 ] ] ], [ [ [ 5.4933421, 47.0983789 ], [ 5.4929488, 47.0983369 ], [ 5.4924054, 47.0977084 ], [ 5.4925871, 47.0976871 ], [ 5.4934823, 47.098228 ], [ 5.4933421, 47.0983789 ] ] ], [ [ [ 5.4924148, 47.0997792 ], [ 5.491924, 47.0997353 ], [ 5.4918575, 47.099665 ], [ 5.4920011, 47.0995955 ], [ 5.4924148, 47.0997792 ] ] ], [ [ [ 5.498591, 47.1058655 ], [ 5.4985579, 47.105952 ], [ 5.4980939, 47.1055904 ], [ 5.498591, 47.1058655 ] ] ], [ [ [ 5.4972881, 47.1060369 ], [ 5.4972705, 47.1062959 ], [ 5.4968725, 47.1060509 ], [ 5.4972881, 47.1060369 ] ] ], [ [ [ 5.4975746, 47.1067622 ], [ 5.4974222, 47.1070244 ], [ 5.4966898, 47.1065837 ], [ 5.4967633, 47.1062842 ], [ 5.4975746, 47.1067622 ] ] ], [ [ [ 5.4952341, 47.1076399 ], [ 5.4951651, 47.1077577 ], [ 5.4947314, 47.1074623 ], [ 5.4952341, 47.1076399 ] ] ], [ [ [ 5.4933092, 47.1087136 ], [ 5.4920725, 47.1090781 ], [ 5.4922491, 47.1086 ], [ 5.4918447, 47.1081517 ], [ 5.4921677, 47.1078315 ], [ 5.492583, 47.1079451 ], [ 5.4930239, 47.1079382 ], [ 5.4931674, 47.1080468 ], [ 5.4932375, 47.1081764 ], [ 5.4928277, 47.1083685 ], [ 5.4933092, 47.1087136 ] ] ], [ [ [ 5.4941723, 47.1087557 ], [ 5.493952, 47.1083953 ], [ 5.4941522, 47.1082289 ], [ 5.4953763, 47.1090844 ], [ 5.4948408, 47.1091003 ], [ 5.4945483, 47.1091835 ], [ 5.4939795, 47.1090142 ], [ 5.4941723, 47.1087557 ] ] ], [ [ [ 5.4943763, 47.1101057 ], [ 5.4939944, 47.1098889 ], [ 5.4927754, 47.1098862 ], [ 5.4926402, 47.1097976 ], [ 5.493285, 47.1093106 ], [ 5.4934948, 47.1092845 ], [ 5.4939309, 47.1090641 ], [ 5.4939995, 47.1091648 ], [ 5.4944659, 47.1092321 ], [ 5.4942403, 47.1095246 ], [ 5.4945896, 47.1096954 ], [ 5.4943763, 47.1101057 ] ] ], [ [ [ 5.4543845, 47.1048851 ], [ 5.454823, 47.1047506 ], [ 5.4559844, 47.1066157 ], [ 5.456432, 47.1077817 ], [ 5.4577322, 47.1073631 ], [ 5.4588402, 47.1070973 ], [ 5.4603487, 47.1052024 ], [ 5.4604746, 47.1047827 ], [ 5.460366, 47.1043103 ], [ 5.4612029, 47.1041772 ], [ 5.4616497, 47.1053819 ], [ 5.4624917, 47.1064557 ], [ 5.4627332, 47.1072081 ], [ 5.4635909, 47.1081653 ], [ 5.4648477, 47.1081835 ], [ 5.465916, 47.109012 ], [ 5.4678585, 47.1085021 ], [ 5.4693001, 47.1104512 ], [ 5.4694902, 47.1108867 ], [ 5.4698149, 47.1112914 ], [ 5.4705132, 47.1135743 ], [ 5.4710377, 47.1141639 ], [ 5.4719612, 47.1156574 ], [ 5.4724129, 47.1170169 ], [ 5.4725205, 47.1190755 ], [ 5.4726147, 47.1194022 ], [ 5.4732357, 47.1208851 ], [ 5.47392, 47.1221954 ], [ 5.4731291, 47.1224447 ], [ 5.4703433, 47.1230781 ], [ 5.4697426, 47.1231017 ], [ 5.4674481, 47.1238307 ], [ 5.4641004, 47.1168835 ], [ 5.4635976, 47.1160467 ], [ 5.4630957, 47.1156592 ], [ 5.4626855, 47.1162417 ], [ 5.4621066, 47.1175484 ], [ 5.4603455, 47.1179921 ], [ 5.4602284, 47.1182892 ], [ 5.4602706, 47.1186648 ], [ 5.4606192, 47.1191023 ], [ 5.4607918, 47.1196166 ], [ 5.4599175, 47.1195721 ], [ 5.4597539, 47.1199494 ], [ 5.4583131, 47.1203566 ], [ 5.4581067, 47.1194494 ], [ 5.4564138, 47.1162679 ], [ 5.4559254, 47.1158297 ], [ 5.4558272, 47.1155283 ], [ 5.4559372, 47.1153935 ], [ 5.4550875, 47.1147856 ], [ 5.4540359, 47.1154807 ], [ 5.4525891, 47.11596 ], [ 5.4518828, 47.1141249 ], [ 5.4497247, 47.1151821 ], [ 5.449478, 47.1155305 ], [ 5.4476656, 47.1170245 ], [ 5.4465614, 47.1175811 ], [ 5.4452717, 47.1186451 ], [ 5.4442955, 47.1176633 ], [ 5.4430674, 47.1159553 ], [ 5.4422957, 47.1151735 ], [ 5.4461049, 47.1138329 ], [ 5.4463406, 47.1142594 ], [ 5.4466721, 47.1142956 ], [ 5.4496799, 47.1131213 ], [ 5.4493496, 47.1127356 ], [ 5.4487932, 47.1117277 ], [ 5.4493651, 47.1114499 ], [ 5.4491705, 47.1111739 ], [ 5.4497045, 47.1109059 ], [ 5.4499581, 47.1110869 ], [ 5.4504934, 47.1108162 ], [ 5.4509988, 47.1104416 ], [ 5.4509515, 47.109749 ], [ 5.4520625, 47.1104199 ], [ 5.4530542, 47.1098017 ], [ 5.4541398, 47.1093319 ], [ 5.4540876, 47.1091429 ], [ 5.45432, 47.1089137 ], [ 5.4543892, 47.1085222 ], [ 5.4555375, 47.1080979 ], [ 5.4544913, 47.1062439 ], [ 5.4549514, 47.1060062 ], [ 5.4543845, 47.1048851 ] ] ], [ [ [ 5.5672128, 47.1428724 ], [ 5.5669743, 47.1433244 ], [ 5.5672913, 47.1443515 ], [ 5.5685092, 47.1460828 ], [ 5.5695295, 47.1472383 ], [ 5.5693685, 47.1473221 ], [ 5.5698884, 47.1478978 ], [ 5.5686143, 47.1484792 ], [ 5.5687574, 47.1486553 ], [ 5.5716489, 47.1506457 ], [ 5.5720782, 47.1510622 ], [ 5.5743763, 47.1520416 ], [ 5.5755039, 47.15124 ], [ 5.5773001, 47.1504479 ], [ 5.5787969, 47.1502173 ], [ 5.5813604, 47.1501205 ], [ 5.5827121, 47.1498084 ], [ 5.5840992, 47.1499603 ], [ 5.5847201, 47.1499392 ], [ 5.5858723, 47.1494342 ], [ 5.5866302, 47.148939 ], [ 5.5874431, 47.1488749 ], [ 5.5886252, 47.1489097 ], [ 5.589904, 47.1489792 ], [ 5.5926304, 47.1493325 ], [ 5.5944583, 47.1496717 ], [ 5.5967893, 47.1502571 ], [ 5.5988941, 47.1509431 ], [ 5.6009547, 47.1517769 ], [ 5.6028997, 47.1527339 ], [ 5.6043659, 47.15359 ], [ 5.6064272, 47.1550362 ], [ 5.6065116, 47.1555783 ], [ 5.608509, 47.1572025 ], [ 5.6099028, 47.1585493 ], [ 5.6114387, 47.1597748 ], [ 5.611619, 47.1600067 ], [ 5.6126181, 47.1607823 ], [ 5.6171844, 47.1635418 ], [ 5.6164955, 47.163906 ], [ 5.6158986, 47.1640969 ], [ 5.6127573, 47.1645498 ], [ 5.6111261, 47.1650118 ], [ 5.6077736, 47.1666673 ], [ 5.6088203, 47.1676049 ], [ 5.6103337, 47.1694804 ], [ 5.6112742, 47.1695619 ], [ 5.6119409, 47.169854 ], [ 5.6125414, 47.1698432 ], [ 5.6133394, 47.1701467 ], [ 5.6134969, 47.1700171 ], [ 5.6137804, 47.1701152 ], [ 5.6146408, 47.1696363 ], [ 5.6152749, 47.1689032 ], [ 5.6160522, 47.1686181 ], [ 5.6164387, 47.1685787 ], [ 5.6167076, 47.1683231 ], [ 5.6169274, 47.1683884 ], [ 5.6176322, 47.1681878 ], [ 5.618445, 47.1680893 ], [ 5.6187258, 47.1679415 ], [ 5.6196059, 47.1680315 ], [ 5.6211117, 47.1678145 ], [ 5.6225943, 47.1674215 ], [ 5.6235901, 47.1675539 ], [ 5.6240403, 47.1674689 ], [ 5.6247814, 47.1670648 ], [ 5.625682, 47.1668155 ], [ 5.6273236, 47.1668666 ], [ 5.6290758, 47.1665034 ], [ 5.6301098, 47.1664988 ], [ 5.6307331, 47.166091 ], [ 5.630635, 47.1665698 ], [ 5.6309596, 47.1667272 ], [ 5.631469, 47.1662842 ], [ 5.6318682, 47.1664525 ], [ 5.631961, 47.1668116 ], [ 5.6314855, 47.1672702 ], [ 5.631144, 47.1680391 ], [ 5.6301901, 47.1689543 ], [ 5.6301791, 47.1697302 ], [ 5.6299608, 47.170154 ], [ 5.6291678, 47.1706044 ], [ 5.6286586, 47.1710519 ], [ 5.6285063, 47.1713409 ], [ 5.6281086, 47.1717445 ], [ 5.6279514, 47.1722327 ], [ 5.6278163, 47.1723601 ], [ 5.6300107, 47.1734461 ], [ 5.6315275, 47.1725892 ], [ 5.6319998, 47.1724938 ], [ 5.6341575, 47.1739103 ], [ 5.6308044, 47.17628 ], [ 5.6337317, 47.1763314 ], [ 5.6343415, 47.1762121 ], [ 5.6349831, 47.1759588 ], [ 5.635775, 47.1762687 ], [ 5.6365287, 47.1769019 ], [ 5.6368977, 47.1776943 ], [ 5.6367036, 47.1780996 ], [ 5.6380438, 47.1802687 ], [ 5.6396251, 47.1815037 ], [ 5.6408565, 47.1823134 ], [ 5.6406313, 47.1824617 ], [ 5.6420934, 47.1834481 ], [ 5.6383196, 47.1859212 ], [ 5.6367718, 47.1870698 ], [ 5.6348237, 47.1887599 ], [ 5.6340403, 47.1893308 ], [ 5.631714, 47.1914519 ], [ 5.6314242, 47.1913612 ], [ 5.6313564, 47.1919203 ], [ 5.6311082, 47.1922772 ], [ 5.6303662, 47.1925616 ], [ 5.6300721, 47.192789 ], [ 5.6282308, 47.1934019 ], [ 5.6270969, 47.1936708 ], [ 5.6220008, 47.1941232 ], [ 5.6208577, 47.1942041 ], [ 5.6198659, 47.1941896 ], [ 5.6201729, 47.1943619 ], [ 5.620393, 47.1943488 ], [ 5.6215368, 47.195611 ], [ 5.6213367, 47.1960074 ], [ 5.621573, 47.1960561 ], [ 5.621666, 47.1965539 ], [ 5.6223828, 47.196863699999987 ], [ 5.6225634, 47.1970425 ], [ 5.62476, 47.1978052 ], [ 5.6267289, 47.198719 ], [ 5.627489, 47.1992107 ], [ 5.627944, 47.1991103 ], [ 5.6290445, 47.1994529 ], [ 5.630294, 47.1994101 ], [ 5.6320341, 47.2000209 ], [ 5.6335476, 47.2004576 ], [ 5.6326723, 47.2010162 ], [ 5.634068, 47.2024212 ], [ 5.6338682, 47.2025239 ], [ 5.6338595, 47.2026709 ], [ 5.6340752, 47.2028119 ], [ 5.6338701, 47.2031292 ], [ 5.6349875, 47.2040856 ], [ 5.6361403, 47.2056285 ], [ 5.63556, 47.2058705 ], [ 5.6359862, 47.206395 ], [ 5.6330806, 47.208359 ], [ 5.6304532, 47.2107472 ], [ 5.6325387, 47.2125743 ], [ 5.6321132, 47.2127407 ], [ 5.6315352, 47.2122738 ], [ 5.6296608, 47.2130613 ], [ 5.6289554, 47.2131529 ], [ 5.6272974, 47.2127158 ], [ 5.6263928, 47.2134921 ], [ 5.62799, 47.2145521 ], [ 5.6274828, 47.214914 ], [ 5.6262148, 47.2142059 ], [ 5.6249409, 47.2136196 ], [ 5.6244812, 47.2133012 ], [ 5.6233264, 47.2133418 ], [ 5.6208986, 47.2137625 ], [ 5.6197003, 47.214239 ], [ 5.6155585, 47.2165224 ], [ 5.6152097, 47.2165798 ], [ 5.614583, 47.2164444 ], [ 5.6140165, 47.2165122 ], [ 5.6127441, 47.2168805 ], [ 5.6101032, 47.2173543 ], [ 5.6090532, 47.2177041 ], [ 5.6084017, 47.2176278 ], [ 5.6075974, 47.2174261 ], [ 5.6025409, 47.2157689 ], [ 5.5977127, 47.2135191 ], [ 5.5970391, 47.2133135 ], [ 5.5955066, 47.2130866 ], [ 5.594599, 47.2130439 ], [ 5.6001174, 47.2085443 ], [ 5.5957321, 47.2062556 ], [ 5.5934032, 47.2049395 ], [ 5.5868929, 47.2010227 ], [ 5.5842345, 47.1993598 ], [ 5.5816151, 47.1975428 ], [ 5.5767873, 47.194422 ], [ 5.5763848, 47.1940752 ], [ 5.5698784, 47.1909032 ], [ 5.5677824, 47.190039 ], [ 5.5668096, 47.1895345 ], [ 5.5640221, 47.1883271 ], [ 5.5555395, 47.181015 ], [ 5.5545567, 47.1802945 ], [ 5.5543357, 47.182960199999989 ], [ 5.5543205, 47.188374 ], [ 5.5533975, 47.1903355 ], [ 5.5511937, 47.1920117 ], [ 5.546021, 47.1976381 ], [ 5.5464225, 47.1977176 ], [ 5.5463642, 47.197854 ], [ 5.5459323, 47.1983616 ], [ 5.5448512, 47.2001472 ], [ 5.5445623, 47.20083 ], [ 5.5441304, 47.2013376 ], [ 5.5431781, 47.2019944 ], [ 5.5432574, 47.202217 ], [ 5.5426253, 47.2026848 ], [ 5.5407346, 47.2034541 ], [ 5.5416592, 47.2039734 ], [ 5.5413707, 47.2048886 ], [ 5.540971, 47.2057161 ], [ 5.5398406, 47.2058229 ], [ 5.539173, 47.2057069 ], [ 5.5390919, 47.2065644 ], [ 5.5389689, 47.2067031 ], [ 5.5365339, 47.2080427 ], [ 5.5349531, 47.2066974 ], [ 5.5347927, 47.2067441 ], [ 5.5334531, 47.2091153 ], [ 5.5330975, 47.2095356 ], [ 5.5326245, 47.2098486 ], [ 5.5297012, 47.211324 ], [ 5.5289924, 47.2099955 ], [ 5.5277633, 47.208229 ], [ 5.5270032, 47.2076646 ], [ 5.5267371, 47.2076272 ], [ 5.5256483, 47.2081977 ], [ 5.5251387, 47.2079575 ], [ 5.5240283, 47.2076439 ], [ 5.5229391, 47.2072209 ], [ 5.5222861, 47.20739 ], [ 5.5213268, 47.2073947 ], [ 5.5207784, 47.2071175 ], [ 5.5203206, 47.2066266 ], [ 5.5195605, 47.2061451 ], [ 5.5173215, 47.2050444 ], [ 5.5162703, 47.2049781 ], [ 5.5135148, 47.2036265 ], [ 5.5133292, 47.204207 ], [ 5.5128655, 47.2050889 ], [ 5.5120975, 47.2058523 ], [ 5.5118473, 47.205901 ], [ 5.5109706, 47.2066 ], [ 5.5101322, 47.2077522 ], [ 5.5100514, 47.2082304 ], [ 5.5097883, 47.2086244 ], [ 5.5085105, 47.2097951 ], [ 5.5080468, 47.2105932 ], [ 5.5078071, 47.2114928 ], [ 5.5074278, 47.2120037 ], [ 5.5035834, 47.2137568 ], [ 5.5033228, 47.2138092 ], [ 5.5023403, 47.2126091 ], [ 5.5020928, 47.2126594 ], [ 5.5018586, 47.21237 ], [ 5.4998691, 47.2132497 ], [ 5.4983288, 47.2116499 ], [ 5.4976976, 47.2117212 ], [ 5.4971267, 47.2115822 ], [ 5.4968824, 47.2108182 ], [ 5.496257, 47.2105011 ], [ 5.4952434, 47.2114471 ], [ 5.4947398, 47.2114201 ], [ 5.4944434, 47.2112977 ], [ 5.4938785, 47.211944 ], [ 5.4930089, 47.2114358 ], [ 5.4940143, 47.2105972 ], [ 5.4940068, 47.2099497 ], [ 5.493415, 47.2091878 ], [ 5.4902845, 47.2066944 ], [ 5.4901057, 47.2063722 ], [ 5.4889081, 47.2057413 ], [ 5.4879448, 47.2047451 ], [ 5.4850877, 47.2048109 ], [ 5.4838404, 47.204935 ], [ 5.4813631, 47.205497 ], [ 5.4787496, 47.2059736 ], [ 5.478252, 47.206621 ], [ 5.4780532, 47.2070675 ], [ 5.4785012, 47.2085009 ], [ 5.478051, 47.2090572 ], [ 5.4771021, 47.2095765 ], [ 5.4766071, 47.2099933 ], [ 5.4759368, 47.2107949 ], [ 5.475348, 47.2121883 ], [ 5.4742465, 47.2130999 ], [ 5.4692413, 47.210554099999989 ], [ 5.4666345, 47.208475 ], [ 5.4655119, 47.2077738 ], [ 5.4643347, 47.2068612 ], [ 5.4542804, 47.2043419 ], [ 5.4492611, 47.2032178 ], [ 5.4462051, 47.1996912 ], [ 5.4457389, 47.200047 ], [ 5.445435, 47.2000183 ], [ 5.4452782, 47.1999126 ], [ 5.4449849, 47.1994783 ], [ 5.4449064, 47.1990017 ], [ 5.4451145, 47.1988118 ], [ 5.4456416, 47.1986628 ], [ 5.4462109, 47.1983653 ], [ 5.4470323, 47.1978309 ], [ 5.447212, 47.197511 ], [ 5.4477715, 47.196911 ], [ 5.4478138, 47.1965048 ], [ 5.4488916, 47.1957101 ], [ 5.4497077, 47.1956694 ], [ 5.4500001, 47.195502 ], [ 5.4503107, 47.1950685 ], [ 5.4521011, 47.1941668 ], [ 5.4532071, 47.193412 ], [ 5.4539372, 47.1932245 ], [ 5.4543413, 47.1932204 ], [ 5.4546666, 47.1930793 ], [ 5.4552673, 47.1930387 ], [ 5.4558621, 47.1924352 ], [ 5.4563903, 47.1917322 ], [ 5.4573016, 47.1896413 ], [ 5.4580207, 47.188780199999989 ], [ 5.4580814, 47.1885466 ], [ 5.4586363, 47.1881114 ], [ 5.4591239, 47.1870139 ], [ 5.4590908, 47.1859437 ], [ 5.4586884, 47.1852028 ], [ 5.4584995, 47.1849447 ], [ 5.4578237, 47.1846402 ], [ 5.4576164, 47.1843825 ], [ 5.457671, 47.1842471 ], [ 5.4585971, 47.1842176 ], [ 5.4590383, 47.1839857 ], [ 5.4591863, 47.1836088 ], [ 5.4592291, 47.1828405 ], [ 5.458432, 47.1813271 ], [ 5.4577212, 47.180863 ], [ 5.4575258, 47.1804312 ], [ 5.4573973, 47.179671 ], [ 5.4561819, 47.177817 ], [ 5.4569918, 47.1767496 ], [ 5.4556735, 47.1749554 ], [ 5.4547644, 47.1740802 ], [ 5.4535258, 47.1733076 ], [ 5.4533073, 47.1728591 ], [ 5.4534284, 47.171401 ], [ 5.4539936, 47.1701244 ], [ 5.4537805, 47.1696506 ], [ 5.4529183, 47.1684394 ], [ 5.452909, 47.1682649 ], [ 5.452238, 47.1674802 ], [ 5.452355, 47.1669472 ], [ 5.4525352, 47.1666993 ], [ 5.4525317, 47.1664778 ], [ 5.4513941, 47.16406 ], [ 5.4513446, 47.1628847 ], [ 5.4506, 47.1614989 ], [ 5.4501679, 47.1615216 ], [ 5.4486452, 47.1596614 ], [ 5.4460965, 47.158965 ], [ 5.4448731, 47.158545 ], [ 5.444181, 47.1581345 ], [ 5.4433865, 47.1579108 ], [ 5.44334, 47.157584799999988 ], [ 5.4418161, 47.1567694 ], [ 5.4409128, 47.157028 ], [ 5.4404447, 47.1568983 ], [ 5.4403166, 47.1566056 ], [ 5.4405076, 47.1563052 ], [ 5.4401062, 47.1549058 ], [ 5.439483, 47.154238 ], [ 5.4391526, 47.1543188 ], [ 5.4388745, 47.1538924 ], [ 5.437813, 47.1530789 ], [ 5.4391786, 47.150665 ], [ 5.4394902, 47.1497622 ], [ 5.4393913, 47.1491527 ], [ 5.4390911, 47.1485303 ], [ 5.4383072, 47.1475164 ], [ 5.4381738, 47.1466104 ], [ 5.4373191, 47.144908 ], [ 5.4382079, 47.1446812 ], [ 5.4400038, 47.1444011 ], [ 5.4388107, 47.1419591 ], [ 5.4385166, 47.1415276 ], [ 5.4368286, 47.1419459 ], [ 5.4362341, 47.1412064 ], [ 5.435814, 47.1412278 ], [ 5.4353078, 47.1410394 ], [ 5.4350462, 47.1408008 ], [ 5.4348021, 47.1408339 ], [ 5.4346885, 47.140948 ], [ 5.4340693, 47.1409187 ], [ 5.4327343, 47.1406171 ], [ 5.4301142, 47.1381943 ], [ 5.4293287, 47.1376937 ], [ 5.4289249, 47.1371122 ], [ 5.4302928, 47.136329599999989 ], [ 5.4374792, 47.1327241 ], [ 5.4417748, 47.130787 ], [ 5.4452171, 47.1312845 ], [ 5.4483162, 47.1318656 ], [ 5.4554112, 47.1335888 ], [ 5.4548341, 47.1346828 ], [ 5.454792, 47.1354097 ], [ 5.4563213, 47.1380038 ], [ 5.4563198, 47.1386649 ], [ 5.4573372, 47.1386001 ], [ 5.4585054, 47.1382798 ], [ 5.4582956, 47.1379357 ], [ 5.4599595, 47.1370248 ], [ 5.4609652, 47.1367035 ], [ 5.4615102, 47.1382592 ], [ 5.4633427, 47.1365052 ], [ 5.4640971, 47.1359712 ], [ 5.4641493, 47.1358142 ], [ 5.4659931, 47.1359551 ], [ 5.4672184, 47.1361929 ], [ 5.4688627, 47.1363857 ], [ 5.4733824, 47.1363855 ], [ 5.4736741, 47.1353497 ], [ 5.4743341, 47.134316 ], [ 5.4745017, 47.1311265 ], [ 5.4749692, 47.1298392 ], [ 5.4755402, 47.1289371 ], [ 5.4751296, 47.1285045 ], [ 5.4739388, 47.1280075 ], [ 5.4734174, 47.127662 ], [ 5.4727228, 47.1269617 ], [ 5.473161, 47.1263605 ], [ 5.4746692, 47.124688 ], [ 5.4752238, 47.1243771 ], [ 5.4768944, 47.1206717 ], [ 5.477165, 47.1212477 ], [ 5.4775356, 47.121156 ], [ 5.4779316, 47.1218195 ], [ 5.4773958, 47.1219904 ], [ 5.4779307, 47.1233499 ], [ 5.4780893, 47.1240716 ], [ 5.4790373, 47.1256582 ], [ 5.4797379, 47.1257693 ], [ 5.4818589, 47.1258301 ], [ 5.4837101, 47.1253922 ], [ 5.4851862, 47.1247768 ], [ 5.4855949, 47.1247392 ], [ 5.4851718, 47.1223766 ], [ 5.4849916, 47.1219031 ], [ 5.4848725, 47.1218958 ], [ 5.484751, 47.1208913 ], [ 5.4852111, 47.1207968 ], [ 5.4850415, 47.1200942 ], [ 5.4850704, 47.1198063 ], [ 5.4854478, 47.1197757 ], [ 5.4851847, 47.119221 ], [ 5.4848415, 47.1192482 ], [ 5.4848472, 47.1191139 ], [ 5.4850374, 47.1190621 ], [ 5.4844012, 47.1181993 ], [ 5.4841768, 47.1181978 ], [ 5.4842229, 47.1175366 ], [ 5.4845217, 47.1175509 ], [ 5.4851902, 47.1170807 ], [ 5.4859478, 47.1162835 ], [ 5.4851065, 47.1158089 ], [ 5.4896883, 47.1142502 ], [ 5.4901877, 47.1149492 ], [ 5.4904792, 47.1156311 ], [ 5.4908087, 47.1159654 ], [ 5.4911182, 47.1164965 ], [ 5.4914039, 47.1168236 ], [ 5.4916354, 47.1167232 ], [ 5.4920058, 47.1169152 ], [ 5.4921698, 47.1172368 ], [ 5.4919512, 47.1174451 ], [ 5.4922438, 47.1178936 ], [ 5.4929412, 47.119563 ], [ 5.4934561, 47.1202239 ], [ 5.4956371, 47.1196472 ], [ 5.4946408, 47.118023 ], [ 5.495634, 47.117244 ], [ 5.4963982, 47.1168781 ], [ 5.4972146, 47.1161858 ], [ 5.4996618, 47.1144683 ], [ 5.5002609, 47.1137032 ], [ 5.5005276, 47.1129372 ], [ 5.5022846, 47.1121597 ], [ 5.5038172, 47.11175 ], [ 5.5041275, 47.111727 ], [ 5.5046116, 47.1118958 ], [ 5.5053752, 47.1110938 ], [ 5.5092875, 47.112288 ], [ 5.5096345, 47.1122877 ], [ 5.5115321, 47.1099442 ], [ 5.512554, 47.1105813 ], [ 5.5127649, 47.1103786 ], [ 5.5130391, 47.1109113 ], [ 5.5155125, 47.1131346 ], [ 5.5157517, 47.113877 ], [ 5.5168075, 47.1135721 ], [ 5.517294, 47.1149757 ], [ 5.5182589, 47.1158294 ], [ 5.5193172, 47.1155766 ], [ 5.5212563, 47.1153947 ], [ 5.5223572, 47.1151509 ], [ 5.5264313, 47.1182345 ], [ 5.5266615, 47.1190645 ], [ 5.527791, 47.1204414 ], [ 5.5289189, 47.1208815 ], [ 5.5289772, 47.1211955 ], [ 5.5281914, 47.1226449 ], [ 5.5279377, 47.1235944 ], [ 5.5282712, 47.125358 ], [ 5.5293584, 47.1276015 ], [ 5.5296166, 47.1283228 ], [ 5.5291731, 47.128827 ], [ 5.5290164, 47.1293132 ], [ 5.5291579, 47.1298803 ], [ 5.5314468, 47.1317957 ], [ 5.5322367, 47.1328755 ], [ 5.5325903, 47.1327876 ], [ 5.5328985, 47.1325485 ], [ 5.5331943, 47.1324411 ], [ 5.5363546, 47.1315513 ], [ 5.5372802, 47.1325677 ], [ 5.5367434, 47.1327993 ], [ 5.538055, 47.1340802 ], [ 5.5386899, 47.1352832 ], [ 5.5408547, 47.134416 ], [ 5.5405397, 47.1340896 ], [ 5.5413997, 47.1336843 ], [ 5.5417492, 47.1334271 ], [ 5.5429795, 47.1332055 ], [ 5.5438665, 47.1328969 ], [ 5.5449017, 47.1329047 ], [ 5.5450351, 47.1333828 ], [ 5.5456487, 47.1344385 ], [ 5.5459862, 47.1343185 ], [ 5.5463304, 47.1347316 ], [ 5.5468883, 47.1349175 ], [ 5.5470561, 47.1354218 ], [ 5.547641, 47.1352585 ], [ 5.5492567, 47.1369307 ], [ 5.5498048, 47.1367971 ], [ 5.5499762, 47.1365708 ], [ 5.5512503, 47.1373561 ], [ 5.5522665, 47.13685 ], [ 5.5527747, 47.1369036 ], [ 5.5537709, 47.1371735 ], [ 5.5541638, 47.1378881 ], [ 5.5556021, 47.1369853 ], [ 5.5558657, 47.1365039 ], [ 5.5559239, 47.1361441 ], [ 5.5561715, 47.1360215 ], [ 5.5572081, 47.137057 ], [ 5.5579626, 47.1367386 ], [ 5.5568827, 47.135486 ], [ 5.5574933, 47.1348906 ], [ 5.55962, 47.1361993 ], [ 5.5616466, 47.1354284 ], [ 5.5624772, 47.1364071 ], [ 5.5629607, 47.136219 ], [ 5.5633152, 47.1367074 ], [ 5.5637632, 47.13938 ], [ 5.5641753, 47.1401888 ], [ 5.5645456, 47.1400635 ], [ 5.565471, 47.140369 ], [ 5.565122, 47.140747 ], [ 5.5656849, 47.1409516 ], [ 5.5657752, 47.1413504 ], [ 5.566055, 47.1412938 ], [ 5.5661447, 47.1416791 ], [ 5.5669459, 47.1415938 ], [ 5.5672128, 47.1428724 ] ] ] ] } },
{ "type": "Feature", "properties": { "code_departement": 39.0, "code_rne": "0390906Y", "multisecteur": 0.0 }, "geometry": { "type": "MultiPolygon", "coordinates": [ [ [ [ 5.4895506, 46.629936799999989 ], [ 5.4892002, 46.6301661 ], [ 5.4885135, 46.6303638 ], [ 5.4879788, 46.6284809 ], [ 5.4865717, 46.6267061 ], [ 5.4858032, 46.6270291 ], [ 5.4846144, 46.6272837 ], [ 5.4784789, 46.627945399999987 ], [ 5.4774311, 46.628138299999989 ], [ 5.4769838, 46.6284525 ], [ 5.4761223, 46.6293765 ], [ 5.4755479, 46.6301447 ], [ 5.4746102, 46.630546 ], [ 5.4731039, 46.6313848 ], [ 5.472281, 46.631635 ], [ 5.4710382, 46.6318573 ], [ 5.4709387, 46.6324009 ], [ 5.4700385, 46.63265 ], [ 5.4693235, 46.632715 ], [ 5.4687609, 46.6323352 ], [ 5.4679691, 46.6312847 ], [ 5.4672995, 46.6311974 ], [ 5.4670666, 46.631251899999988 ], [ 5.4669054, 46.6311869 ], [ 5.4667574, 46.630491 ], [ 5.4664572, 46.6303299 ], [ 5.4663828, 46.6300451 ], [ 5.4656433, 46.6289637 ], [ 5.4648321, 46.6275101 ], [ 5.4646316, 46.6270973 ], [ 5.4646761, 46.6269828 ], [ 5.4642985, 46.6267585 ], [ 5.4642276, 46.6262916 ], [ 5.4640115, 46.6261962 ], [ 5.4640391, 46.6259686 ], [ 5.463918, 46.6258361 ], [ 5.4638894, 46.6255223 ], [ 5.4630577, 46.6248276 ], [ 5.4627908, 46.6244487 ], [ 5.4611539, 46.6250892 ], [ 5.4602121, 46.6253419 ], [ 5.4594167, 46.6247256 ], [ 5.4576307, 46.6252784 ], [ 5.4559977, 46.6240954 ], [ 5.4552839, 46.6236927 ], [ 5.4550285, 46.6234234 ], [ 5.45222, 46.619859399999989 ], [ 5.4509591, 46.6185702 ], [ 5.4501948, 46.6173641 ], [ 5.4493957, 46.617474 ], [ 5.4490449, 46.6176679 ], [ 5.4487528, 46.6177129 ], [ 5.4484372, 46.6178476 ], [ 5.4480925, 46.6181486 ], [ 5.4476935, 46.6180265 ], [ 5.4470589, 46.6182464 ], [ 5.4467393, 46.6181478 ], [ 5.4455214, 46.6174333 ], [ 5.4441505, 46.6169518 ], [ 5.4438657, 46.6169272 ], [ 5.4434746, 46.6170112 ], [ 5.442942, 46.6169118 ], [ 5.4427822, 46.6169936 ], [ 5.4429166, 46.617133 ], [ 5.4426086, 46.6173198 ], [ 5.4416354, 46.617482 ], [ 5.4412494, 46.6175929 ], [ 5.4409427, 46.6177778 ], [ 5.4411626, 46.617901 ], [ 5.4417099, 46.6178894 ], [ 5.4419697, 46.6179685 ], [ 5.4420534, 46.6184063 ], [ 5.4424351, 46.6190162 ], [ 5.4425463, 46.620066 ], [ 5.4430812, 46.6215248 ], [ 5.4417282, 46.6221699 ], [ 5.4405376, 46.6230574 ], [ 5.4396682, 46.623847 ], [ 5.4388315, 46.6252197 ], [ 5.4383271, 46.6255485 ], [ 5.4383378, 46.6257284 ], [ 5.4389036, 46.6264785 ], [ 5.4376112, 46.6274591 ], [ 5.4371276, 46.627318 ], [ 5.43683, 46.6275334 ], [ 5.4363905, 46.6275607 ], [ 5.4353907, 46.6267541 ], [ 5.4335028, 46.6279014 ], [ 5.4307875, 46.6268338 ], [ 5.4303966, 46.6266313 ], [ 5.4298236, 46.6261561 ], [ 5.4294177, 46.625472 ], [ 5.4290282, 46.6230155 ], [ 5.4286899, 46.6228758 ], [ 5.4283551, 46.622964 ], [ 5.4279625, 46.6228678 ], [ 5.4266829, 46.6214121 ], [ 5.4245732, 46.6201046 ], [ 5.4219689, 46.6181994 ], [ 5.4196039, 46.6170278 ], [ 5.4190066, 46.6163837 ], [ 5.418655, 46.6161506 ], [ 5.4165412, 46.6153007 ], [ 5.4150126, 46.6151167 ], [ 5.4141259, 46.614667 ], [ 5.4106853, 46.6149989 ], [ 5.4103631, 46.6147777 ], [ 5.4097216, 46.614668699999989 ], [ 5.4094415, 46.614689899999988 ], [ 5.4094025, 46.6143412 ], [ 5.4087283, 46.6139653 ], [ 5.4085965, 46.6140005 ], [ 5.4088421, 46.6142341 ], [ 5.4084154, 46.6144863 ], [ 5.4079638, 46.614503 ], [ 5.4077573, 46.6142389 ], [ 5.4076138, 46.6142167 ], [ 5.4073552, 46.6143689 ], [ 5.4069189, 46.6144358 ], [ 5.4061915, 46.6147186 ], [ 5.4055966, 46.6146284 ], [ 5.4052516, 46.614278 ], [ 5.4046119, 46.6142094 ], [ 5.4042682, 46.6139455 ], [ 5.4038134, 46.613978499999988 ], [ 5.4035251, 46.6137251 ], [ 5.402615, 46.6138379 ], [ 5.4022605, 46.6139516 ], [ 5.4014643, 46.6138323 ], [ 5.4011644, 46.6141169 ], [ 5.4010236, 46.6141244 ], [ 5.4007015, 46.6139068 ], [ 5.4007292, 46.6136738 ], [ 5.4001476, 46.6133518 ], [ 5.3999263, 46.6133735 ], [ 5.3998825, 46.6135069 ], [ 5.3994557, 46.613641 ], [ 5.3987636, 46.6128267 ], [ 5.3983194, 46.6126568 ], [ 5.3961699, 46.6112226 ], [ 5.3960203, 46.6095474 ], [ 5.396652, 46.6093784 ], [ 5.3977209, 46.6088641 ], [ 5.3982398, 46.6088046 ], [ 5.3992283, 46.6089587 ], [ 5.3998989, 46.6092554 ], [ 5.4006432, 46.6097416 ], [ 5.4014131, 46.609682199999988 ], [ 5.4018604, 46.609924199999988 ], [ 5.4023695, 46.6099955 ], [ 5.4033844, 46.6106877 ], [ 5.4035696, 46.610709 ], [ 5.4039507, 46.6104578 ], [ 5.4043045, 46.6097675 ], [ 5.4043414, 46.6092713 ], [ 5.4042583, 46.6089586 ], [ 5.4036522, 46.6081984 ], [ 5.4042382, 46.607824 ], [ 5.4050935, 46.6075979 ], [ 5.40569, 46.6076962 ], [ 5.4059673, 46.6076417 ], [ 5.4060726, 46.6075089 ], [ 5.4061472, 46.6066254 ], [ 5.4068809, 46.606782 ], [ 5.4074724, 46.6062057 ], [ 5.4075631, 46.6058344 ], [ 5.4089142, 46.6057051 ], [ 5.4092565, 46.6055556 ], [ 5.408821, 46.6041324 ], [ 5.4088082, 46.603666 ], [ 5.4091414, 46.6029861 ], [ 5.4083768, 46.602159 ], [ 5.4100632, 46.6019901 ], [ 5.4128594, 46.6008232 ], [ 5.4142815, 46.600530199999987 ], [ 5.4142252, 46.5994963 ], [ 5.4135522, 46.598938499999988 ], [ 5.4135343, 46.5986244 ], [ 5.4138355, 46.5981659 ], [ 5.4137891, 46.597357 ], [ 5.4135208, 46.597229299999988 ], [ 5.4123314, 46.5969913 ], [ 5.4119885, 46.596685 ], [ 5.4109908, 46.5952268 ], [ 5.4107572, 46.594557 ], [ 5.4079031, 46.5926082 ], [ 5.4076223, 46.5922564 ], [ 5.4074667, 46.5918102 ], [ 5.4069175, 46.5913299 ], [ 5.4065826, 46.5912036 ], [ 5.4062997, 46.5908059 ], [ 5.4062257, 46.5900778 ], [ 5.4052303, 46.587925 ], [ 5.4052764, 46.5877276 ], [ 5.4059573, 46.5870791 ], [ 5.4059994, 46.5866728 ], [ 5.4057712, 46.586093 ], [ 5.4053493, 46.585564 ], [ 5.4051865, 46.5849837 ], [ 5.4053907, 46.5839876 ], [ 5.4052203, 46.5823489 ], [ 5.4056838, 46.581631099999989 ], [ 5.4064391, 46.5817539 ], [ 5.4071859, 46.5823013 ], [ 5.4074418, 46.582949 ], [ 5.4078041, 46.582809 ], [ 5.408106, 46.5822504 ], [ 5.4086106, 46.5825524 ], [ 5.4088454, 46.582926699999987 ], [ 5.4102838, 46.5827757 ], [ 5.4107803, 46.5832202 ], [ 5.411252, 46.582867 ], [ 5.4120051, 46.5828484 ], [ 5.412939, 46.5826954 ], [ 5.4133116, 46.5822281 ], [ 5.4135781, 46.5815514 ], [ 5.4137784, 46.5803806 ], [ 5.4145388, 46.5790565 ], [ 5.4156435, 46.57769 ], [ 5.4170507, 46.5766054 ], [ 5.4177008, 46.5754169 ], [ 5.4183267, 46.5749497 ], [ 5.4199206, 46.5742764 ], [ 5.4205464, 46.5738091 ], [ 5.4212472, 46.573588 ], [ 5.4198497, 46.5722419 ], [ 5.4230606, 46.5704822 ], [ 5.4225391, 46.5696518 ], [ 5.423046, 46.5695078 ], [ 5.4240571, 46.570242199999988 ], [ 5.4248975, 46.571309 ], [ 5.4265994, 46.5706892 ], [ 5.4260624, 46.5704817 ], [ 5.4268835, 46.5697949 ], [ 5.426932, 46.5697416 ], [ 5.4267652, 46.5696614 ], [ 5.4271397, 46.5693309 ], [ 5.4283687, 46.5697076 ], [ 5.4289912, 46.5684935 ], [ 5.4294739, 46.5687148 ], [ 5.4298452, 46.567434899999988 ], [ 5.4299703, 46.5673412 ], [ 5.4322688, 46.5675942 ], [ 5.4329211, 46.567576699999989 ], [ 5.4341671, 46.5665521 ], [ 5.4358059, 46.5658704 ], [ 5.4355868, 46.565118299999988 ], [ 5.4374489, 46.5634463 ], [ 5.4383913, 46.5627902 ], [ 5.440101, 46.5618889 ], [ 5.4411052, 46.5611856 ], [ 5.4453486, 46.5577843 ], [ 5.4459061, 46.557666 ], [ 5.4478804, 46.5564095 ], [ 5.4492751, 46.5557112 ], [ 5.4496092, 46.5562589 ], [ 5.4514367, 46.5575738 ], [ 5.452161, 46.5578538 ], [ 5.4528484, 46.5583562 ], [ 5.4543675, 46.5590578 ], [ 5.4550405, 46.5595001 ], [ 5.4555386, 46.5602065 ], [ 5.4573278, 46.5609582 ], [ 5.4586526, 46.5622982 ], [ 5.4593049, 46.5626301 ], [ 5.4598905, 46.5631031 ], [ 5.4615693, 46.5639516 ], [ 5.462541, 46.564701 ], [ 5.4639916, 46.5652373 ], [ 5.4658352, 46.566115599999989 ], [ 5.4659358, 46.5664053 ], [ 5.4676693, 46.5677643 ], [ 5.4680088, 46.568193 ], [ 5.4717958, 46.5693491 ], [ 5.4729612, 46.569182499999989 ], [ 5.4749841, 46.5691712 ], [ 5.4764737, 46.5689507 ], [ 5.4774734, 46.5705389 ], [ 5.4780313, 46.5703692 ], [ 5.478509, 46.5711643 ], [ 5.4790102, 46.5717291 ], [ 5.4802461, 46.5710437 ], [ 5.4787306, 46.5687163 ], [ 5.4803089, 46.5684938 ], [ 5.4792038, 46.5668592 ], [ 5.4787319, 46.5659613 ], [ 5.4781289, 46.565598699999988 ], [ 5.476382, 46.5636339 ], [ 5.4751472, 46.5625309 ], [ 5.4743739, 46.5615792 ], [ 5.4743095, 46.5614265 ], [ 5.4743791, 46.5612637 ], [ 5.4735622, 46.5603868 ], [ 5.4734873, 46.5590831 ], [ 5.4730521, 46.5583294 ], [ 5.4729814, 46.5571166 ], [ 5.4726222, 46.5565406 ], [ 5.4723485, 46.556323 ], [ 5.4715637, 46.5551743 ], [ 5.4712645, 46.5545078 ], [ 5.4707715, 46.5538905 ], [ 5.4705866, 46.5529504 ], [ 5.469789, 46.5515766 ], [ 5.4695752, 46.5503749 ], [ 5.4750434, 46.5486685 ], [ 5.481651, 46.5477029 ], [ 5.4818064, 46.5473031 ], [ 5.484208, 46.5452501 ], [ 5.4833901, 46.5441787 ], [ 5.4828042, 46.5430689 ], [ 5.482556, 46.5422626 ], [ 5.4833225, 46.5422937 ], [ 5.483563, 46.5420417 ], [ 5.4869341, 46.5412702 ], [ 5.4917741, 46.540618099999989 ], [ 5.4951035, 46.5400239 ], [ 5.4960387, 46.5399197 ], [ 5.5010725, 46.54008 ], [ 5.5018109, 46.5400666 ], [ 5.5040348, 46.5398224 ], [ 5.5088075, 46.5399269 ], [ 5.5127684, 46.5398363 ], [ 5.512699, 46.5399451 ], [ 5.5128999, 46.5409623 ], [ 5.5128618, 46.5419757 ], [ 5.5125493, 46.5426438 ], [ 5.5129905, 46.5434918 ], [ 5.5133417, 46.5437742 ], [ 5.5142042, 46.5441003 ], [ 5.514445, 46.5448211 ], [ 5.5146934, 46.5450246 ], [ 5.5150259, 46.5451011 ], [ 5.5158668, 46.5449871 ], [ 5.5162751, 46.5452908 ], [ 5.5165619, 46.5457331 ], [ 5.5167663, 46.5458619 ], [ 5.5172303, 46.5459842 ], [ 5.5179364, 46.5469101 ], [ 5.518241, 46.547116 ], [ 5.5189295, 46.5471522 ], [ 5.519399, 46.5473644 ], [ 5.519764, 46.5480293 ], [ 5.5195456, 46.5487557 ], [ 5.5187143, 46.5490497 ], [ 5.5186448, 46.5500873 ], [ 5.5183199, 46.5512214 ], [ 5.5181276, 46.5512716 ], [ 5.5157555, 46.5508878 ], [ 5.5150361, 46.550863 ], [ 5.513368, 46.5513601 ], [ 5.5134755, 46.5520775 ], [ 5.5143557, 46.553718499999988 ], [ 5.5143444, 46.5546611 ], [ 5.5138385, 46.5564335 ], [ 5.514036, 46.5572318 ], [ 5.5136684, 46.5572742 ], [ 5.5134663, 46.5574795 ], [ 5.5133714, 46.5581969 ], [ 5.5130404, 46.5587222 ], [ 5.513087, 46.5592779 ], [ 5.5134007, 46.5597071 ], [ 5.5136482, 46.5611935 ], [ 5.5133389, 46.5613111 ], [ 5.5136549, 46.5625258 ], [ 5.513963, 46.5629758 ], [ 5.5137935, 46.5630398 ], [ 5.5144969, 46.5649496 ], [ 5.5140168, 46.5651313 ], [ 5.5144469, 46.566412 ], [ 5.5145132, 46.5675357 ], [ 5.5140077, 46.5678198 ], [ 5.5138619, 46.5686789 ], [ 5.5093469, 46.5688946 ], [ 5.511184, 46.5723065 ], [ 5.5122494, 46.5756464 ], [ 5.5138147, 46.5777511 ], [ 5.5155721, 46.5803319 ], [ 5.5143377, 46.5841136 ], [ 5.5170005, 46.5862121 ], [ 5.5200259, 46.5901153 ], [ 5.5265438, 46.5936347 ], [ 5.5288717, 46.5970273 ], [ 5.5291122, 46.5979745 ], [ 5.529141, 46.598646 ], [ 5.5297652, 46.6009295 ], [ 5.5307136, 46.6032791 ], [ 5.5323943, 46.6069714 ], [ 5.5338304, 46.606643 ], [ 5.5339599, 46.6067563 ], [ 5.5358025, 46.6061561 ], [ 5.5364428, 46.6061797 ], [ 5.5362413, 46.6049707 ], [ 5.5363023, 46.6041756 ], [ 5.5360928, 46.6035785 ], [ 5.5363858, 46.6029107 ], [ 5.5364231, 46.6025342 ], [ 5.5362554, 46.6019082 ], [ 5.5362552, 46.600783 ], [ 5.536903, 46.6007443 ], [ 5.5368097, 46.6002275 ], [ 5.5371229, 46.5999935 ], [ 5.5377633, 46.5997955 ], [ 5.5383442, 46.5999764 ], [ 5.5386012, 46.5999391 ], [ 5.538674, 46.6002663 ], [ 5.5404652, 46.5999419 ], [ 5.5403842, 46.6004194 ], [ 5.5410308, 46.6002988 ], [ 5.5414034, 46.5996581 ], [ 5.5428017, 46.5992901 ], [ 5.5446336, 46.5986638 ], [ 5.5440862, 46.597439 ], [ 5.544801, 46.5972132 ], [ 5.5450586, 46.5974381 ], [ 5.5452394, 46.5984251 ], [ 5.5467367, 46.5980801 ], [ 5.5466229, 46.596989 ], [ 5.5466843, 46.5963732 ], [ 5.5465618, 46.5960182 ], [ 5.5466865, 46.596002 ], [ 5.5483838, 46.595993 ], [ 5.549784, 46.5962835 ], [ 5.5501452, 46.5984394 ], [ 5.5518067, 46.5982519 ], [ 5.5514743, 46.5985774 ], [ 5.5515111, 46.5987477 ], [ 5.552215, 46.5988203 ], [ 5.5526561, 46.5986654 ], [ 5.552634, 46.5980281 ], [ 5.553172, 46.5980179 ], [ 5.5533012, 46.5978457 ], [ 5.5532138, 46.5974881 ], [ 5.5542277, 46.59737 ], [ 5.5541538, 46.5969663 ], [ 5.5539523, 46.5968762 ], [ 5.5538427, 46.5966858 ], [ 5.5552737, 46.5964332 ], [ 5.5554415, 46.596944799999989 ], [ 5.5559734, 46.5974996 ], [ 5.5571445, 46.5974185 ], [ 5.5564671, 46.5968822 ], [ 5.5561862, 46.5961317 ], [ 5.5578386, 46.5957795 ], [ 5.5580115, 46.5953982 ], [ 5.5599764, 46.5956335 ], [ 5.5591074, 46.5968314 ], [ 5.5580361, 46.5975337 ], [ 5.5582152, 46.5988135 ], [ 5.5594357, 46.60067 ], [ 5.5599047, 46.6016109 ], [ 5.5599077, 46.6020072 ], [ 5.5601223, 46.6023168 ], [ 5.5622401, 46.6027965 ], [ 5.564876, 46.6031726 ], [ 5.564774, 46.6047515 ], [ 5.5650725, 46.6053727 ], [ 5.5657887, 46.6058135 ], [ 5.5659893, 46.606518 ], [ 5.5658288, 46.607107199999987 ], [ 5.5667503, 46.6072162 ], [ 5.5669328, 46.607759 ], [ 5.5676949, 46.6077302 ], [ 5.5683812, 46.6081464 ], [ 5.5682472, 46.608935 ], [ 5.5683776, 46.6101753 ], [ 5.5683111, 46.6106768 ], [ 5.5689711, 46.6107286 ], [ 5.569056, 46.6105051 ], [ 5.5707277, 46.6101109 ], [ 5.5709042, 46.6102763 ], [ 5.5738626, 46.6097513 ], [ 5.5744136, 46.6078596 ], [ 5.5751573, 46.6079681 ], [ 5.575467, 46.607689 ], [ 5.5752856, 46.6068391 ], [ 5.5749503, 46.6062169 ], [ 5.5761704, 46.6058426 ], [ 5.5765804, 46.6062739 ], [ 5.577863, 46.6061126 ], [ 5.5772597, 46.6056298 ], [ 5.5760951, 46.6048857 ], [ 5.5772259, 46.6033152 ], [ 5.5782827, 46.6015914 ], [ 5.5780414, 46.6011337 ], [ 5.5786853, 46.6000192 ], [ 5.5800333, 46.5982654 ], [ 5.5807884, 46.597707 ], [ 5.5813307, 46.5982551 ], [ 5.581453, 46.598519 ], [ 5.5813819, 46.5991152 ], [ 5.5814592, 46.5995315 ], [ 5.5816542, 46.6001433 ], [ 5.581943, 46.6006107 ], [ 5.5821659, 46.6013679 ], [ 5.5828586, 46.6013108 ], [ 5.5842599, 46.6007359 ], [ 5.5847986, 46.5991174 ], [ 5.5853643, 46.599056 ], [ 5.5854002, 46.5992345 ], [ 5.5858102, 46.599336 ], [ 5.5863707, 46.5993594 ], [ 5.5872785, 46.599265 ], [ 5.5870894, 46.597872 ], [ 5.5873532, 46.597812 ], [ 5.5868404, 46.5965109 ], [ 5.585386, 46.596487 ], [ 5.5851199, 46.5963345 ], [ 5.5856437, 46.595392 ], [ 5.5860846, 46.5953199 ], [ 5.5860872, 46.5943847 ], [ 5.5855092, 46.5938265 ], [ 5.5841261, 46.5931037 ], [ 5.5856408, 46.5921127 ], [ 5.5860636, 46.5922374 ], [ 5.5884019, 46.5924639 ], [ 5.5903548, 46.5923629 ], [ 5.5949995, 46.5914343 ], [ 5.5952597, 46.5914095 ], [ 5.5952633, 46.5914572 ], [ 5.5958267, 46.5912957 ], [ 5.5964742, 46.591363 ], [ 5.5964544, 46.5910311 ], [ 5.5980633, 46.5905414 ], [ 5.6017736, 46.5897815 ], [ 5.6048689, 46.5894958 ], [ 5.6058196, 46.5939301 ], [ 5.6062246, 46.5948002 ], [ 5.6067457, 46.5957478 ], [ 5.6072521, 46.5962507 ], [ 5.6094334, 46.598975 ], [ 5.6107358, 46.6012219 ], [ 5.6103051, 46.6025975 ], [ 5.6098981, 46.6044663 ], [ 5.6100709, 46.6046633 ], [ 5.6104051, 46.6047908 ], [ 5.6115466, 46.6063486 ], [ 5.6116073, 46.6070698 ], [ 5.6113422, 46.6078092 ], [ 5.6116906, 46.6078787 ], [ 5.6111292, 46.6084924 ], [ 5.6101095, 46.6110806 ], [ 5.6099907, 46.6111374 ], [ 5.6095589, 46.6126571 ], [ 5.6092304, 46.6128935 ], [ 5.6092035, 46.6133959 ], [ 5.6089814, 46.6136442 ], [ 5.6083168, 46.6139909 ], [ 5.6085059, 46.6142812 ], [ 5.6075791, 46.6148834 ], [ 5.6076359, 46.6150595 ], [ 5.6062602, 46.615653 ], [ 5.6058673, 46.6161863 ], [ 5.605266, 46.6163784 ], [ 5.60435, 46.616500099999989 ], [ 5.6036973, 46.6169032 ], [ 5.6030376, 46.6175975 ], [ 5.6029963, 46.6178831 ], [ 5.6023381, 46.6180071 ], [ 5.6015485, 46.6185025 ], [ 5.6002037, 46.6189808 ], [ 5.6002818, 46.6197385 ], [ 5.6000782, 46.6211152 ], [ 5.5995727, 46.6211249 ], [ 5.5989219, 46.6232118 ], [ 5.5985171, 46.6251958 ], [ 5.5940207, 46.6285265 ], [ 5.5941871, 46.6291084 ], [ 5.592945, 46.6308149 ], [ 5.5897436, 46.6348252 ], [ 5.5902414, 46.63745 ], [ 5.5913829, 46.6380458 ], [ 5.5915239, 46.6385066 ], [ 5.5893445, 46.6397099 ], [ 5.5873473, 46.640646 ], [ 5.5861648, 46.6410862 ], [ 5.5846473, 46.6411088 ], [ 5.5845685, 46.6414042 ], [ 5.5826915, 46.6443258 ], [ 5.5824822, 46.6443792 ], [ 5.5811753, 46.6452861 ], [ 5.5801121, 46.6461209 ], [ 5.5782683, 46.6461912 ], [ 5.5771536, 46.6461874 ], [ 5.5768539, 46.6461023 ], [ 5.574673, 46.6461522 ], [ 5.5718132, 46.6482227 ], [ 5.5714234, 46.6482792 ], [ 5.5698618, 46.6482323 ], [ 5.5680736, 46.6480138 ], [ 5.5672577, 46.6480221 ], [ 5.5671849, 46.6476157 ], [ 5.5669456, 46.64723 ], [ 5.5665863, 46.6462417 ], [ 5.5667258, 46.6456232 ], [ 5.5664119, 46.6448204 ], [ 5.5664058, 46.6441088 ], [ 5.5661295, 46.6439375 ], [ 5.5660857, 46.6438133 ], [ 5.5660443, 46.6436007 ], [ 5.5662991, 46.6432067 ], [ 5.5662656, 46.6430236 ], [ 5.56558, 46.6424381 ], [ 5.5650823, 46.642424 ], [ 5.5647698, 46.642095 ], [ 5.5645671, 46.642013 ], [ 5.5642338, 46.6420178 ], [ 5.5637424, 46.6413053 ], [ 5.5632906, 46.6413506 ], [ 5.5612445, 46.6412324 ], [ 5.5612467, 46.641444 ], [ 5.5614401, 46.641663099999988 ], [ 5.5613677, 46.6417359 ], [ 5.5610968, 46.6417609 ], [ 5.5609077, 46.6416894 ], [ 5.5607345, 46.6418176 ], [ 5.5600431, 46.6418853 ], [ 5.5594773, 46.6420917 ], [ 5.5584763, 46.6420563 ], [ 5.5584043, 46.6424994 ], [ 5.5577937, 46.6427563 ], [ 5.5575812, 46.642937599999989 ], [ 5.5575101, 46.643123 ], [ 5.5576057, 46.6434578 ], [ 5.5575517, 46.6436743 ], [ 5.5574169, 46.6437827 ], [ 5.5563893, 46.6440164 ], [ 5.5558512, 46.6439789 ], [ 5.5558778, 46.644407099999988 ], [ 5.5555995, 46.6444962 ], [ 5.5553183, 46.6447196 ], [ 5.5553596, 46.6451529 ], [ 5.5551884, 46.6453522 ], [ 5.5547321, 46.6455507 ], [ 5.5547758, 46.645730799999988 ], [ 5.5551379, 46.6459479 ], [ 5.5556343, 46.6464333 ], [ 5.5552508, 46.6471247 ], [ 5.555127, 46.6490265 ], [ 5.554547, 46.6514124 ], [ 5.5539143, 46.6528706 ], [ 5.5533562, 46.6533822 ], [ 5.5525968, 46.6546522 ], [ 5.5526654, 46.6548318 ], [ 5.5520768, 46.6559773 ], [ 5.551947, 46.6564721 ], [ 5.5516057, 46.6571454 ], [ 5.5506956, 46.6582459 ], [ 5.5501611, 46.6594848 ], [ 5.5500318, 46.660412 ], [ 5.5501597, 46.6605434 ], [ 5.5501477, 46.6612634 ], [ 5.5504754, 46.6627823 ], [ 5.5507618, 46.6632795 ], [ 5.550344, 46.6643032 ], [ 5.5515287, 46.6638948 ], [ 5.5514917, 46.6640551 ], [ 5.5518077, 46.6640679 ], [ 5.5522835, 46.6642528 ], [ 5.5523651, 46.6645672 ], [ 5.5532047, 46.6645287 ], [ 5.5538398, 46.664956 ], [ 5.5546535, 46.6651189 ], [ 5.5548215, 46.6654071 ], [ 5.5550593, 46.6654 ], [ 5.555344, 46.6656378 ], [ 5.5563597, 46.6651683 ], [ 5.5565554, 46.6649892 ], [ 5.5564645, 46.6647822 ], [ 5.5556122, 46.6641066 ], [ 5.5556384, 46.6638844 ], [ 5.5564547, 46.6635166 ], [ 5.5572319, 46.6626525 ], [ 5.5580992, 46.6621466 ], [ 5.5582593, 46.6619611 ], [ 5.5582494, 46.6617802 ], [ 5.5588001, 46.6620526 ], [ 5.5589899, 46.662416 ], [ 5.5589657, 46.6626246 ], [ 5.55925, 46.6627426 ], [ 5.5591272, 46.6630246 ], [ 5.5591637, 46.6636058 ], [ 5.559489, 46.6643444 ], [ 5.559819, 46.664183 ], [ 5.561148, 46.6643119 ], [ 5.561122, 46.6651206 ], [ 5.5627352, 46.6650026 ], [ 5.5627577, 46.6651741 ], [ 5.563871, 46.664779 ], [ 5.5644817, 46.6644662 ], [ 5.5651066, 46.6647297 ], [ 5.5655759, 46.6636661 ], [ 5.5659685, 46.6631951 ], [ 5.5659383, 46.6630003 ], [ 5.5661024, 46.663039 ], [ 5.5662038, 46.6632178 ], [ 5.5660883, 46.6641816 ], [ 5.5678898, 46.6637566 ], [ 5.5682555, 46.6637412 ], [ 5.5687971, 46.6639885 ], [ 5.5690796, 46.6643155 ], [ 5.5700521, 46.6638775 ], [ 5.5701224, 46.6639264 ], [ 5.5703589, 46.6638364 ], [ 5.5708754, 46.6643528 ], [ 5.570692, 46.6645154 ], [ 5.5706992, 46.664750399999988 ], [ 5.5704377, 46.6653626 ], [ 5.5707588, 46.6656779 ], [ 5.5706757, 46.6657473 ], [ 5.5712923, 46.6663047 ], [ 5.5710973, 46.6664991 ], [ 5.5710366, 46.6664329 ], [ 5.5706021, 46.6666255 ], [ 5.5712186, 46.667568499999987 ], [ 5.5707326, 46.6679181 ], [ 5.5701863, 46.6680718 ], [ 5.5697081, 46.6685873 ], [ 5.568357, 46.668009 ], [ 5.5679202, 46.6679031 ], [ 5.5662757, 46.6679031 ], [ 5.5656231, 46.6686641 ], [ 5.5641355, 46.6684494 ], [ 5.5633574, 46.6684112 ], [ 5.5624387, 46.6688283 ], [ 5.5619585, 46.668816899999989 ], [ 5.560994, 46.6692551 ], [ 5.5605444, 46.669278 ], [ 5.5597468, 46.6698409 ], [ 5.5585004, 46.6695244 ], [ 5.5581904, 46.6695348 ], [ 5.5578458, 46.6696398 ], [ 5.5571698, 46.6696193 ], [ 5.5566825, 46.6698803 ], [ 5.5559419, 46.6700212 ], [ 5.555595, 46.6701581 ], [ 5.5548068, 46.6695176 ], [ 5.5544302, 46.6690642 ], [ 5.5535758, 46.6689341 ], [ 5.5531301, 46.6687007 ], [ 5.5522036, 46.6684792 ], [ 5.5514662, 46.6681436 ], [ 5.5508357, 46.6682369 ], [ 5.549888, 46.6682358 ], [ 5.5492504, 46.6683774 ], [ 5.547805, 46.6685409 ], [ 5.5476613, 46.6689919 ], [ 5.5479919, 46.6694341 ], [ 5.5481999, 46.6695416 ], [ 5.5485726, 46.6695974 ], [ 5.548667, 46.6693658 ], [ 5.549235, 46.6689239 ], [ 5.5496893, 46.6694493 ], [ 5.5502269, 46.6696584 ], [ 5.5500134, 46.6700993 ], [ 5.5500993, 46.6702381 ], [ 5.5506344, 46.6705726 ], [ 5.5510069, 46.6706662 ], [ 5.5513376, 46.6710175 ], [ 5.5513942, 46.6713797 ], [ 5.5509552, 46.6716243 ], [ 5.5509482, 46.6718892 ], [ 5.5506366, 46.6721809 ], [ 5.5507555, 46.6723056 ], [ 5.5512969, 46.6725012 ], [ 5.551272, 46.6731026 ], [ 5.5515722, 46.673245 ], [ 5.5521509, 46.6733245 ], [ 5.5524112, 46.6733041 ], [ 5.5528138, 46.6730802 ], [ 5.5534102, 46.6731305 ], [ 5.5542506, 46.6729562 ], [ 5.5546417, 46.6730316 ], [ 5.5547921, 46.6732915 ], [ 5.5545941, 46.673317499999989 ], [ 5.5544068, 46.6735025 ], [ 5.554791, 46.673579 ], [ 5.5545463, 46.6738157 ], [ 5.5550599, 46.6748089 ], [ 5.5556714, 46.6750469 ], [ 5.5558027, 46.6752135 ], [ 5.5562584, 46.6750963 ], [ 5.5567818, 46.6755076 ], [ 5.5567926, 46.675921 ], [ 5.5564506, 46.676032199999987 ], [ 5.5554568, 46.6761357 ], [ 5.555119, 46.6759536 ], [ 5.5548594, 46.6760055 ], [ 5.554786, 46.6760939 ], [ 5.554241, 46.6758839 ], [ 5.55374, 46.676228 ], [ 5.553543, 46.6759117 ], [ 5.5529634, 46.6759066 ], [ 5.5522168, 46.676257 ], [ 5.5515497, 46.6763966 ], [ 5.5509112, 46.6766579 ], [ 5.5498224, 46.6765621 ], [ 5.5492439, 46.67671 ], [ 5.548367, 46.6767418 ], [ 5.5478024, 46.6769277 ], [ 5.5472302, 46.6775631 ], [ 5.5477382, 46.6781851 ], [ 5.5478586, 46.6782282 ], [ 5.5478921, 46.678649 ], [ 5.5487199, 46.6787291 ], [ 5.5488037, 46.6786692 ], [ 5.5492499, 46.6788698 ], [ 5.5492241, 46.6792309 ], [ 5.5493174, 46.6794017 ], [ 5.5490246, 46.6796545 ], [ 5.5483089, 46.6799416 ], [ 5.5472852, 46.6805292 ], [ 5.5467356, 46.6807161 ], [ 5.5456389, 46.681444 ], [ 5.5457554, 46.6816635 ], [ 5.5463609, 46.6815951 ], [ 5.5460696, 46.6821096 ], [ 5.5464508, 46.682339 ], [ 5.5458361, 46.6827706 ], [ 5.5455475, 46.6833707 ], [ 5.5451118, 46.6837678 ], [ 5.5449773, 46.6843609 ], [ 5.5447414, 46.6847463 ], [ 5.542691, 46.6852413 ], [ 5.5430344, 46.6855021 ], [ 5.5427991, 46.6870758 ], [ 5.5426158, 46.6872699 ], [ 5.5435868, 46.6893321 ], [ 5.5432526, 46.6893522 ], [ 5.5433096, 46.6900374 ], [ 5.5437927, 46.6905681 ], [ 5.5438584, 46.6916918 ], [ 5.5434978, 46.6929377 ], [ 5.5431687, 46.6930413 ], [ 5.5428474, 46.6935034 ], [ 5.5423187, 46.6938728 ], [ 5.5421283, 46.6941698 ], [ 5.5412029, 46.6945669 ], [ 5.5412047, 46.694774 ], [ 5.5406938, 46.6952142 ], [ 5.5407615, 46.6953469 ], [ 5.5402979, 46.6967445 ], [ 5.5396044, 46.6982941 ], [ 5.5389203, 46.6988984 ], [ 5.5389445, 46.6993032 ], [ 5.5394055, 46.6999498 ], [ 5.5387615, 46.6998433 ], [ 5.5383259, 46.6999349 ], [ 5.538255, 46.7000446 ], [ 5.5377218, 46.6999546 ], [ 5.5375419, 46.7000829 ], [ 5.537189, 46.6998457 ], [ 5.5370617, 46.6995016 ], [ 5.5368529, 46.6994045 ], [ 5.5365895, 46.6995409 ], [ 5.5363267, 46.6994098 ], [ 5.5359589, 46.6991603 ], [ 5.5360047, 46.6989349 ], [ 5.5355567, 46.6989034 ], [ 5.5354306, 46.6985864 ], [ 5.534882, 46.6987543 ], [ 5.5348092, 46.6989073 ], [ 5.534317, 46.6989947 ], [ 5.5340009, 46.698899 ], [ 5.5334736, 46.6991035 ], [ 5.5330807, 46.6993265 ], [ 5.5330137, 46.6994614 ], [ 5.5331637, 46.6999256 ], [ 5.5327429, 46.7001961 ], [ 5.5328989, 46.7003413 ], [ 5.5326366, 46.7007255 ], [ 5.5326518, 46.7008828 ], [ 5.5328512, 46.700946 ], [ 5.5328713, 46.7010401 ], [ 5.5325928, 46.7017246 ], [ 5.5320625, 46.7017246 ], [ 5.5319686, 46.7017898 ], [ 5.5319893, 46.7019794 ], [ 5.531417, 46.7022587 ], [ 5.5308547, 46.7023053 ], [ 5.5305976, 46.7024362 ], [ 5.5302719, 46.7024704 ], [ 5.5285027, 46.7035103 ], [ 5.5285604, 46.7043 ], [ 5.528294, 46.7047644 ], [ 5.5283004, 46.705185 ], [ 5.5278927, 46.7055975 ], [ 5.5274042, 46.7058768 ], [ 5.5262666, 46.7059153 ], [ 5.5257057, 46.7057088 ], [ 5.5250593, 46.7056644 ], [ 5.5246037, 46.7055249 ], [ 5.5235663, 46.7049 ], [ 5.5228035, 46.7048871 ], [ 5.5225878, 46.7048098 ], [ 5.5220324, 46.704186 ], [ 5.5215759, 46.7042816 ], [ 5.5209503, 46.7038675 ], [ 5.5193704, 46.7040508 ], [ 5.5193408, 46.7041181 ], [ 5.5190039, 46.7040543 ], [ 5.5190996, 46.7038586 ], [ 5.5180881, 46.7031988 ], [ 5.5178024, 46.7026844 ], [ 5.5173741, 46.7025694 ], [ 5.5164844, 46.7017935 ], [ 5.5159991, 46.7016366 ], [ 5.5156248, 46.7016123 ], [ 5.5150221, 46.7017175 ], [ 5.5148929, 46.7016707 ], [ 5.514974, 46.7012735 ], [ 5.5149003, 46.7012084 ], [ 5.5134751, 46.7006027 ], [ 5.5124905, 46.7006621 ], [ 5.5123501, 46.7003157 ], [ 5.5111392, 46.7005494 ], [ 5.5105035, 46.7010453 ], [ 5.5098869, 46.7003399 ], [ 5.5099379, 46.7001126 ], [ 5.5111183, 46.6991346 ], [ 5.5080523, 46.6958018 ], [ 5.5072574, 46.6956858 ], [ 5.5067927, 46.6958005 ], [ 5.5042989, 46.6946171 ], [ 5.5035114, 46.6946605 ], [ 5.5030363, 46.6949204 ], [ 5.5023947, 46.6950335 ], [ 5.5014833, 46.695400199999987 ], [ 5.4993372, 46.6959658 ], [ 5.4956335, 46.6962582 ], [ 5.4958161, 46.696756 ], [ 5.495111, 46.6969398 ], [ 5.4940702, 46.6969426 ], [ 5.4938808, 46.6967251 ], [ 5.4931947, 46.6967535 ], [ 5.4928179, 46.6965869 ], [ 5.4919356, 46.6964773 ], [ 5.4917748, 46.69637 ], [ 5.4912638, 46.6962468 ], [ 5.488769, 46.6960064 ], [ 5.4877554, 46.6958014 ], [ 5.4870066, 46.6953762 ], [ 5.4855948, 46.6949383 ], [ 5.4843065, 46.695568 ], [ 5.4839071, 46.6955676 ], [ 5.4831212, 46.6953027 ], [ 5.4825202, 46.6950445 ], [ 5.4829169, 46.6945576 ], [ 5.4826147, 46.6938462 ], [ 5.4821947, 46.6936796 ], [ 5.4817198, 46.6932286 ], [ 5.4815096, 46.6928413 ], [ 5.4815613, 46.6926546 ], [ 5.4813517, 46.6924519 ], [ 5.4809608, 46.6924054 ], [ 5.4807859, 46.6921317 ], [ 5.4829591, 46.6893794 ], [ 5.4835406, 46.6890975 ], [ 5.4841708, 46.6889658 ], [ 5.4849963, 46.6889822 ], [ 5.4856117, 46.6887562 ], [ 5.4871709, 46.687927 ], [ 5.4870731, 46.6876489 ], [ 5.4872813, 46.6873931 ], [ 5.4878167, 46.6873932 ], [ 5.4889824, 46.6870634 ], [ 5.4894026, 46.6870921 ], [ 5.4901304, 46.6868907 ], [ 5.4925203, 46.6866235 ], [ 5.4926058, 46.686146 ], [ 5.4928707, 46.6857853 ], [ 5.4927897, 46.684906 ], [ 5.4929751, 46.6847795 ], [ 5.4941935, 46.6843746 ], [ 5.4957214, 46.6840946 ], [ 5.4977364, 46.6840471 ], [ 5.4982961, 46.6839484 ], [ 5.5018147, 46.6827267 ], [ 5.5034361, 46.6820058 ], [ 5.5042032, 46.6814683 ], [ 5.5047026, 46.6812556 ], [ 5.5050054, 46.6808391 ], [ 5.5059552, 46.6800607 ], [ 5.5066773, 46.6788901 ], [ 5.5077358, 46.678284 ], [ 5.5082336, 46.6767354 ], [ 5.5085569, 46.6765364 ], [ 5.5115358, 46.6767613 ], [ 5.5117773, 46.6766623 ], [ 5.5119884, 46.6764451 ], [ 5.5131698, 46.676659699999988 ], [ 5.5145106, 46.6771529 ], [ 5.5154137, 46.6770673 ], [ 5.5165617, 46.6767601 ], [ 5.5168603, 46.6765094 ], [ 5.5168343, 46.6760605 ], [ 5.5159227, 46.6743517 ], [ 5.5167309, 46.6740556 ], [ 5.517393, 46.6739095 ], [ 5.51799, 46.6734622 ], [ 5.5182341, 46.6730523 ], [ 5.5193227, 46.6719465 ], [ 5.5205273, 46.672156 ], [ 5.5212375, 46.6719756 ], [ 5.5214943, 46.6720393 ], [ 5.5218901, 46.672672 ], [ 5.5226057, 46.6727202 ], [ 5.5238507, 46.6720802 ], [ 5.5239143, 46.6702374 ], [ 5.523398, 46.6686741 ], [ 5.5228078, 46.6686456 ], [ 5.5227892, 46.6683307 ], [ 5.5223917, 46.6682521 ], [ 5.5226187, 46.667757 ], [ 5.5230766, 46.6675289 ], [ 5.5230804, 46.6670478 ], [ 5.5252502, 46.6661478 ], [ 5.524698, 46.6651068 ], [ 5.5241151, 46.6644187 ], [ 5.5247546, 46.6642407 ], [ 5.5230224, 46.6604726 ], [ 5.5227192, 46.66 ], [ 5.5221474, 46.6593802 ], [ 5.5217038, 46.6590125 ], [ 5.5208124, 46.658469 ], [ 5.521579, 46.6578729 ], [ 5.5197827, 46.6571439 ], [ 5.5193231, 46.6568522 ], [ 5.5190269, 46.6555146 ], [ 5.5183539, 46.6540934 ], [ 5.5182854, 46.6529247 ], [ 5.5185403, 46.6505768 ], [ 5.5179871, 46.6489709 ], [ 5.5178044, 46.6480759 ], [ 5.517091, 46.6480961 ], [ 5.5170041, 46.6477727 ], [ 5.515785, 46.6480004 ], [ 5.5162996, 46.649226 ], [ 5.5163204, 46.649676 ], [ 5.5162158, 46.650017 ], [ 5.5156682, 46.6501975 ], [ 5.5150114, 46.6506209 ], [ 5.5139465, 46.6518073 ], [ 5.511627, 46.6522627 ], [ 5.5117504, 46.6524699 ], [ 5.5116285, 46.6527203 ], [ 5.5105158, 46.6536113 ], [ 5.5100913, 46.6531161 ], [ 5.5094886, 46.6533815 ], [ 5.5057817, 46.653768 ], [ 5.5052826, 46.6519357 ], [ 5.5046297, 46.6508284 ], [ 5.5036959, 46.6507767 ], [ 5.5039451, 46.6503074 ], [ 5.5026317, 46.6502243 ], [ 5.4992828, 46.6523595 ], [ 5.4992637, 46.652143699999989 ], [ 5.4988826, 46.6516223 ], [ 5.4982946, 46.6510694 ], [ 5.497461, 46.6506947 ], [ 5.496131, 46.650448 ], [ 5.4959635, 46.649876 ], [ 5.4956718, 46.6496202 ], [ 5.4947157, 46.6483429 ], [ 5.49473, 46.6481417 ], [ 5.4943287, 46.6470351 ], [ 5.494258, 46.6462358 ], [ 5.4944564, 46.6452279 ], [ 5.4938886, 46.6449132 ], [ 5.4971854, 46.6431559 ], [ 5.4971777, 46.6429894 ], [ 5.4973834, 46.6426543 ], [ 5.4967989, 46.6417473 ], [ 5.4966866, 46.6413245 ], [ 5.4967924, 46.6394123 ], [ 5.4964874, 46.6393784 ], [ 5.4962224, 46.6390482 ], [ 5.4957053, 46.6390099 ], [ 5.4957898, 46.6382874 ], [ 5.495567, 46.6375931 ], [ 5.4946974, 46.6377103 ], [ 5.4947988, 46.6384369 ], [ 5.4920901, 46.6386958 ], [ 5.491782, 46.6376791 ], [ 5.4896238, 46.6342784 ], [ 5.489584, 46.6338081 ], [ 5.4900067, 46.6336719 ], [ 5.4914852, 46.6322587 ], [ 5.4895506, 46.629936799999989 ] ] ] ] } },
{ "type": "Feature", "properties": { "code_departement": 39.0, "code_rne": "0390907Z", "multisecteur": 0.0 }, "geometry": { "type": "MultiPolygon", "coordinates": [ [ [ [ 5.566682, 46.6714568 ], [ 5.566695, 46.6716539 ], [ 5.5665247, 46.6717042 ], [ 5.5662357, 46.6715458 ], [ 5.5655266, 46.6715041 ], [ 5.5647377, 46.6711131 ], [ 5.5653878, 46.6703405 ], [ 5.566682, 46.6714568 ] ] ], [ [ [ 5.5545432, 46.6737998 ], [ 5.5540173, 46.673955299999989 ], [ 5.5541029, 46.6738258 ], [ 5.5542496, 46.673794099999988 ], [ 5.5541992, 46.6736492 ], [ 5.5545432, 46.6737998 ] ] ], [ [ [ 5.5546371, 46.6739994 ], [ 5.5540251, 46.6741192 ], [ 5.5539203, 46.6740955 ], [ 5.5542799, 46.6739684 ], [ 5.5546003, 46.6739445 ], [ 5.5546371, 46.6739994 ] ] ], [ [ [ 5.5547251, 46.6741968 ], [ 5.5544985, 46.6742405 ], [ 5.5544167, 46.6741877 ], [ 5.5546717, 46.6740903 ], [ 5.5547251, 46.6741968 ] ] ], [ [ [ 5.5472302, 46.6775631 ], [ 5.5478024, 46.6769277 ], [ 5.548367, 46.6767418 ], [ 5.5492439, 46.67671 ], [ 5.5500457, 46.676554499999988 ], [ 5.5509112, 46.6766579 ], [ 5.5515497, 46.6763966 ], [ 5.5522168, 46.676257 ], [ 5.5529634, 46.6759066 ], [ 5.553543, 46.6759117 ], [ 5.55374, 46.676228 ], [ 5.554241, 46.6758839 ], [ 5.554786, 46.6760939 ], [ 5.5548594, 46.6760055 ], [ 5.555119, 46.6759536 ], [ 5.5554568, 46.6761357 ], [ 5.5565657, 46.6760108 ], [ 5.5568072, 46.6758711 ], [ 5.5567233, 46.6754284 ], [ 5.5571389, 46.6752061 ], [ 5.5570929, 46.6751174 ], [ 5.557512, 46.6747727 ], [ 5.5575799, 46.6744105 ], [ 5.5577756, 46.6742975 ], [ 5.5580796, 46.674255 ], [ 5.5584447, 46.6746911 ], [ 5.5588469, 46.674396 ], [ 5.5594116, 46.6745026 ], [ 5.5595418, 46.6747568 ], [ 5.5599742, 46.6747208 ], [ 5.559762, 46.6743966 ], [ 5.5598765, 46.6743046 ], [ 5.5600676, 46.673735 ], [ 5.561183, 46.6735085 ], [ 5.5619232, 46.673509 ], [ 5.5626635, 46.6733449 ], [ 5.5634409, 46.6734126 ], [ 5.5657034, 46.673058 ], [ 5.5661731, 46.6729458 ], [ 5.5662731, 46.6727027 ], [ 5.5667954, 46.6721797 ], [ 5.5677645, 46.6722218 ], [ 5.5683447, 46.6721351 ], [ 5.569355, 46.6719011 ], [ 5.5698517, 46.671646699999989 ], [ 5.5707587, 46.6715194 ], [ 5.5718428, 46.6712489 ], [ 5.5718697, 46.6699165 ], [ 5.5706134, 46.6695072 ], [ 5.5701467, 46.6700317 ], [ 5.5695256, 46.6703981 ], [ 5.5689037, 46.6701698 ], [ 5.5685482, 46.6697753 ], [ 5.5681444, 46.6701756 ], [ 5.5674505, 46.6703035 ], [ 5.5668249, 46.6703153 ], [ 5.5679, 46.6709112 ], [ 5.567704, 46.6704409 ], [ 5.5683312, 46.6706571 ], [ 5.5683751, 46.670831 ], [ 5.567905, 46.670916 ], [ 5.5676293, 46.6712267 ], [ 5.566878, 46.6713476 ], [ 5.5655842, 46.6700576 ], [ 5.5655005, 46.6696652 ], [ 5.5656231, 46.6686641 ], [ 5.5662757, 46.6679031 ], [ 5.5679202, 46.6679031 ], [ 5.568357, 46.668009 ], [ 5.5697081, 46.6685873 ], [ 5.5692453, 46.6690659 ], [ 5.5700295, 46.6693221 ], [ 5.5712535, 46.6685542 ], [ 5.5734236, 46.6675938 ], [ 5.5741583, 46.667494399999988 ], [ 5.5759757, 46.6669905 ], [ 5.5777395, 46.6665986 ], [ 5.5794127, 46.6663655 ], [ 5.5796996, 46.6662338 ], [ 5.5807126, 46.6653822 ], [ 5.5811713, 46.6650935 ], [ 5.5818143, 46.6648286 ], [ 5.5828298, 46.6636444 ], [ 5.5835203, 46.6631397 ], [ 5.5849688, 46.6625061 ], [ 5.5854811, 46.6621342 ], [ 5.5858947, 46.6619988 ], [ 5.5867574, 46.6614018 ], [ 5.587249, 46.6604871 ], [ 5.5902178, 46.6597696 ], [ 5.5907404, 46.6591758 ], [ 5.5909333, 46.6590508 ], [ 5.5913631, 46.6589537 ], [ 5.5917597, 46.6586825 ], [ 5.5918458, 46.658731 ], [ 5.5922575, 46.6584199 ], [ 5.5929804, 46.6587063 ], [ 5.5939597, 46.6581436 ], [ 5.5959614, 46.6594532 ], [ 5.5964925, 46.6599971 ], [ 5.5961016, 46.6604149 ], [ 5.5975572, 46.6607 ], [ 5.5981078, 46.6608857 ], [ 5.5980176, 46.6612995 ], [ 5.5997027, 46.6613198 ], [ 5.5996941, 46.6615786 ], [ 5.600058, 46.6616361 ], [ 5.6003057, 46.6621089 ], [ 5.6002294, 46.6625926 ], [ 5.5996642, 46.6631144 ], [ 5.5995543, 46.6646746 ], [ 5.6007667, 46.665069599999988 ], [ 5.6013962, 46.6640328 ], [ 5.6015053, 46.6612276 ], [ 5.6017178, 46.6608264 ], [ 5.6023361, 46.6604862 ], [ 5.6026998, 46.6605662 ], [ 5.6038663, 46.6615362 ], [ 5.6041711, 46.6619166 ], [ 5.6047356, 46.6631002 ], [ 5.6060839, 46.664639 ], [ 5.6078129, 46.6651907 ], [ 5.6096935, 46.665519 ], [ 5.6104515, 46.6658513 ], [ 5.6112439, 46.6657567 ], [ 5.6126249, 46.6652748 ], [ 5.6137615, 46.6650183 ], [ 5.6155331, 46.6628634 ], [ 5.6168091, 46.6632748 ], [ 5.6172296, 46.6608382 ], [ 5.6176894, 46.6597889 ], [ 5.6209649, 46.6564861 ], [ 5.6213325, 46.6559957 ], [ 5.6209008, 46.6555353 ], [ 5.6227473, 46.6537002 ], [ 5.6255266, 46.6522167 ], [ 5.6265657, 46.6525209 ], [ 5.6261391, 46.6533045 ], [ 5.6276875, 46.6534781 ], [ 5.6276586, 46.6531517 ], [ 5.6292928, 46.653153 ], [ 5.6310089, 46.652928 ], [ 5.6345942, 46.6521267 ], [ 5.6397537, 46.6507143 ], [ 5.6398548, 46.6499678 ], [ 5.6404759, 46.6485066 ], [ 5.6406226, 46.6484284 ], [ 5.6409638, 46.6486927 ], [ 5.6412455, 46.6485123 ], [ 5.6393839, 46.6472209 ], [ 5.6386695, 46.6466256 ], [ 5.6381551, 46.6465122 ], [ 5.6377415, 46.646292 ], [ 5.6347266, 46.646301 ], [ 5.6345679, 46.6461046 ], [ 5.6314468, 46.6462718 ], [ 5.6313812, 46.6461058 ], [ 5.6309763, 46.6459015 ], [ 5.630287, 46.6457147 ], [ 5.6294412, 46.6461593 ], [ 5.6239855, 46.6442519 ], [ 5.6240396, 46.6440713 ], [ 5.6239307, 46.6435225 ], [ 5.6233043, 46.6417377 ], [ 5.6227134, 46.6406322 ], [ 5.6218885, 46.6397214 ], [ 5.6220789, 46.6396819 ], [ 5.6221464, 46.6395614 ], [ 5.62199, 46.6391397 ], [ 5.6205326, 46.6366109 ], [ 5.6216735, 46.6355595 ], [ 5.6234429, 46.634228 ], [ 5.624901, 46.6343865 ], [ 5.6260255, 46.6341625 ], [ 5.625118, 46.6328112 ], [ 5.6242181, 46.6305615 ], [ 5.6241855, 46.6300217 ], [ 5.6247202, 46.6291509 ], [ 5.6251469, 46.6286438 ], [ 5.6252397, 46.627829899999988 ], [ 5.6248741, 46.6268121 ], [ 5.6248848, 46.6256245 ], [ 5.6243201, 46.6249797 ], [ 5.623841, 46.6235591 ], [ 5.6239783, 46.6217712 ], [ 5.6234787, 46.6202772 ], [ 5.6236934, 46.6196588 ], [ 5.6226819, 46.6178269 ], [ 5.6248324, 46.6170885 ], [ 5.6251906, 46.6172506 ], [ 5.6255802, 46.6172488 ], [ 5.6264196, 46.6171674 ], [ 5.6271566, 46.6169974 ], [ 5.6274942, 46.617923 ], [ 5.6284875, 46.6177254 ], [ 5.6285919, 46.6179915 ], [ 5.6289748, 46.6179593 ], [ 5.6291061, 46.618241 ], [ 5.6303938, 46.6180763 ], [ 5.6306246, 46.6183602 ], [ 5.6317886, 46.6182307 ], [ 5.63197, 46.6183049 ], [ 5.6330351, 46.6181057 ], [ 5.6331693, 46.6179062 ], [ 5.6337651, 46.6177889 ], [ 5.6353275, 46.6176809 ], [ 5.6366448, 46.6174515 ], [ 5.6366628, 46.6169042 ], [ 5.6396885, 46.6162885 ], [ 5.6402725, 46.6169256 ], [ 5.6392567, 46.6172787 ], [ 5.6392377, 46.6173458 ], [ 5.6411455, 46.6172406 ], [ 5.6431696, 46.6169741 ], [ 5.6474406, 46.6155934 ], [ 5.6489617, 46.6155763 ], [ 5.648777, 46.6153535 ], [ 5.6490131, 46.6149408 ], [ 5.6497142, 46.6146507 ], [ 5.6524754, 46.6141931 ], [ 5.6517839, 46.6140352 ], [ 5.6525374, 46.6138033 ], [ 5.6536997, 46.613589 ], [ 5.6506929, 46.6082287 ], [ 5.6507508, 46.6080201 ], [ 5.6514729, 46.6081115 ], [ 5.6513827, 46.6078154 ], [ 5.6522867, 46.606516899999988 ], [ 5.6532776, 46.6056318 ], [ 5.6541799, 46.6049694 ], [ 5.6539819, 46.6048217 ], [ 5.6562837, 46.6037206 ], [ 5.6576595, 46.6020742 ], [ 5.6590672, 46.6015108 ], [ 5.6598282, 46.6013301 ], [ 5.6600777, 46.6016198 ], [ 5.6605396, 46.6014172 ], [ 5.6610549, 46.6010214 ], [ 5.6617684, 46.6002967 ], [ 5.6627817, 46.6004353 ], [ 5.6630937, 46.6011218 ], [ 5.6629364, 46.6018336 ], [ 5.6637277, 46.603418 ], [ 5.6639389, 46.603568 ], [ 5.6643348, 46.6056463 ], [ 5.6648378, 46.6060661 ], [ 5.6645996, 46.6067555 ], [ 5.664523, 46.6073807 ], [ 5.6652021, 46.6073118 ], [ 5.6655826, 46.607075 ], [ 5.6675033, 46.6049752 ], [ 5.6679145, 46.6052035 ], [ 5.6683787, 46.6052855 ], [ 5.6691694, 46.6053094 ], [ 5.669381, 46.6052522 ], [ 5.6708435, 46.6059911 ], [ 5.6712964, 46.6059778 ], [ 5.6704, 46.6068096 ], [ 5.6690895, 46.6077825 ], [ 5.6686546, 46.6102712 ], [ 5.6681734, 46.6109608 ], [ 5.666455, 46.6128973 ], [ 5.6662217, 46.6124856 ], [ 5.666116, 46.6120367 ], [ 5.6658728, 46.6119279 ], [ 5.6655539, 46.6119317 ], [ 5.665393, 46.612222 ], [ 5.6650436, 46.6122689 ], [ 5.6647534, 46.613791 ], [ 5.6643293, 46.6145279 ], [ 5.6641643, 46.6152165 ], [ 5.6641405, 46.6160396 ], [ 5.6646671, 46.6167535 ], [ 5.6651311, 46.6167229 ], [ 5.6706568, 46.6160086 ], [ 5.6716931, 46.6157574 ], [ 5.6722585, 46.6157424 ], [ 5.6757573, 46.615212 ], [ 5.676879, 46.618795 ], [ 5.6771091, 46.6209465 ], [ 5.6764442, 46.6211197 ], [ 5.6756829, 46.6214321 ], [ 5.6751349, 46.621828699999988 ], [ 5.6749002, 46.6225604 ], [ 5.6750804, 46.6273402 ], [ 5.6753614, 46.6273651 ], [ 5.6761684, 46.6298383 ], [ 5.6790394, 46.6356319 ], [ 5.6792684, 46.6361653 ], [ 5.6795206, 46.6372468 ], [ 5.6797509, 46.6374342 ], [ 5.6798758, 46.6376872 ], [ 5.6796228, 46.6388166 ], [ 5.6798266, 46.6399263 ], [ 5.68034, 46.6399125 ], [ 5.6827466, 46.642213899999987 ], [ 5.6852958, 46.6452796 ], [ 5.6886748, 46.6483735 ], [ 5.6899805, 46.6499331 ], [ 5.6912045, 46.6511098 ], [ 5.6979444, 46.6471178 ], [ 5.6984698, 46.647028 ], [ 5.6994592, 46.6466407 ], [ 5.7013834, 46.6464512 ], [ 5.7026643, 46.646139 ], [ 5.7033327, 46.6457683 ], [ 5.704, 46.6451912 ], [ 5.7047361, 46.6448153 ], [ 5.7048743, 46.6445426 ], [ 5.7058687, 46.6434416 ], [ 5.7066897, 46.6431168 ], [ 5.7071923, 46.6427806 ], [ 5.7110383, 46.6414428 ], [ 5.7177434, 46.6394748 ], [ 5.7183112, 46.639137 ], [ 5.7186749, 46.6386932 ], [ 5.7190568, 46.6386391 ], [ 5.7192382, 46.6382915 ], [ 5.7199854, 46.6380368 ], [ 5.7185234, 46.6371553 ], [ 5.7190285, 46.6366099 ], [ 5.7204554, 46.6367896 ], [ 5.7225514, 46.6366173 ], [ 5.7238603, 46.6366627 ], [ 5.7243152, 46.6368393 ], [ 5.7248899, 46.6373176 ], [ 5.7250167, 46.6375263 ], [ 5.7251257, 46.6383174 ], [ 5.7258862, 46.6388498 ], [ 5.7270628, 46.6392264 ], [ 5.7284155, 46.6399852 ], [ 5.7291181, 46.6402766 ], [ 5.7303571, 46.6405931 ], [ 5.7316272, 46.64067 ], [ 5.7322118, 46.640875 ], [ 5.7323926, 46.6410635 ], [ 5.7324461, 46.6414506 ], [ 5.732364, 46.6417697 ], [ 5.7321958, 46.6420656 ], [ 5.7318276, 46.6424185 ], [ 5.7302486, 46.6434851 ], [ 5.7280574, 46.6446851 ], [ 5.728216, 46.6460454 ], [ 5.7283141, 46.6461502 ], [ 5.7287872, 46.6462705 ], [ 5.729165, 46.646239 ], [ 5.7293386, 46.6460222 ], [ 5.7293527, 46.6457561 ], [ 5.7298369, 46.6452914 ], [ 5.7300061, 46.6453775 ], [ 5.7303804, 46.6458749 ], [ 5.7303072, 46.646137 ], [ 5.7304077, 46.6462617 ], [ 5.7310702, 46.6460134 ], [ 5.7317588, 46.6460213 ], [ 5.7318753, 46.6461005 ], [ 5.7319146, 46.6465717 ], [ 5.7328024, 46.6465605 ], [ 5.733082, 46.6466322 ], [ 5.7333006, 46.6472594 ], [ 5.733378, 46.6473666 ], [ 5.7335944, 46.6474038 ], [ 5.734805, 46.6472308 ], [ 5.7351137, 46.6472549 ], [ 5.7357284, 46.6474853 ], [ 5.7364766, 46.6472224 ], [ 5.7378592, 46.6469056 ], [ 5.7383544, 46.6469721 ], [ 5.7384675, 46.6470622 ], [ 5.7385664, 46.6475176 ], [ 5.7388518, 46.647627 ], [ 5.7392297, 46.6475954 ], [ 5.7395208, 46.6473506 ], [ 5.7399446, 46.6471666 ], [ 5.7404847, 46.6471095 ], [ 5.7410473, 46.6472141 ], [ 5.7412551, 46.6477037 ], [ 5.7415105, 46.6477868 ], [ 5.741818, 46.6477876 ], [ 5.7430511, 46.6473355 ], [ 5.7436376, 46.6473179 ], [ 5.7438908, 46.6473821 ], [ 5.7441312, 46.6476097 ], [ 5.7439267, 46.6481191 ], [ 5.7441736, 46.6484754 ], [ 5.7445817, 46.6487062 ], [ 5.7454789, 46.649037 ], [ 5.7466905, 46.6491692 ], [ 5.747993, 46.6491578 ], [ 5.7480939, 46.6492383 ], [ 5.7481324, 46.6496122 ], [ 5.7484341, 46.649705 ], [ 5.7491706, 46.6493395 ], [ 5.7495798, 46.6492567 ], [ 5.7499865, 46.6490722 ], [ 5.7501337, 46.6491101 ], [ 5.7506521, 46.6499193 ], [ 5.7509982, 46.6501381 ], [ 5.7514116, 46.6502408 ], [ 5.7523371, 46.6502258 ], [ 5.7526216, 46.6506253 ], [ 5.7526558, 46.651093 ], [ 5.7530348, 46.651756 ], [ 5.7540372, 46.652044499999988 ], [ 5.7545291, 46.6524039 ], [ 5.7549764, 46.6528914 ], [ 5.7557278, 46.6534401 ], [ 5.7558479, 46.6536408 ], [ 5.7556272, 46.6541407 ], [ 5.7549826, 46.6545112 ], [ 5.7545712, 46.6551202 ], [ 5.7548375, 46.6555202 ], [ 5.7556614, 46.6558734 ], [ 5.7557619, 46.6568224 ], [ 5.7543881, 46.6568761 ], [ 5.753432, 46.656782 ], [ 5.7524925, 46.6567829 ], [ 5.7520842, 46.6569873 ], [ 5.75118, 46.6565216 ], [ 5.7493322, 46.6573714 ], [ 5.7480055, 46.6584105 ], [ 5.7493341, 46.6590652 ], [ 5.7502516, 46.659663 ], [ 5.7514814, 46.6608732 ], [ 5.7516352, 46.6610939 ], [ 5.7516638, 46.6614266 ], [ 5.7515062, 46.6616736 ], [ 5.751153, 46.661856 ], [ 5.7491787, 46.6624088 ], [ 5.7469503, 46.6632154 ], [ 5.7461302, 46.6638459 ], [ 5.7458424, 46.6642609 ], [ 5.7454781, 46.6663509 ], [ 5.745161, 46.6673522 ], [ 5.7449134, 46.6678141 ], [ 5.7436107, 46.6690489 ], [ 5.7425044, 46.670598 ], [ 5.7421803, 46.6720329 ], [ 5.7410826, 46.6746116 ], [ 5.7409581, 46.6750758 ], [ 5.7410824, 46.6756189 ], [ 5.741445, 46.6763967 ], [ 5.7418825, 46.6769214 ], [ 5.7431269, 46.677899 ], [ 5.743813, 46.6781862 ], [ 5.74508, 46.6785721 ], [ 5.746754, 46.678878 ], [ 5.75132, 46.6791902 ], [ 5.7533351, 46.679586 ], [ 5.7543273, 46.6800505 ], [ 5.7549579, 46.6806102 ], [ 5.756224, 46.6830664 ], [ 5.7565795, 46.6834408 ], [ 5.7574, 46.6840022 ], [ 5.7580398, 46.6845616 ], [ 5.7586581, 46.6849044 ], [ 5.7597704, 46.6851002 ], [ 5.7612015, 46.6851549 ], [ 5.7630525, 46.685459 ], [ 5.7641659, 46.685471 ], [ 5.764943, 46.6853576 ], [ 5.7662164, 46.6855278 ], [ 5.7670235, 46.685412 ], [ 5.768989, 46.6854186 ], [ 5.7695254, 46.6863616 ], [ 5.7700279, 46.6882054 ], [ 5.7699774, 46.6886788 ], [ 5.7697239, 46.6893047 ], [ 5.7702486, 46.6895029 ], [ 5.7708062, 46.6900643 ], [ 5.7714168, 46.6904838 ], [ 5.7715607, 46.6916876 ], [ 5.7714948, 46.6920117 ], [ 5.7713129, 46.6923486 ], [ 5.7703179, 46.6929159 ], [ 5.7697402, 46.6930893 ], [ 5.7692911, 46.693167699999989 ], [ 5.7669523, 46.6926503 ], [ 5.7660433, 46.6926695 ], [ 5.7652571, 46.6928632 ], [ 5.7640283, 46.6937776 ], [ 5.7640382, 46.6942819 ], [ 5.7645523, 46.6958408 ], [ 5.7651516, 46.696912 ], [ 5.7650714, 46.6972915 ], [ 5.7653862, 46.6976118 ], [ 5.7651045, 46.698843 ], [ 5.7648003, 46.7012271 ], [ 5.7665926, 46.7027327 ], [ 5.767782, 46.7046392 ], [ 5.7692534, 46.7064228 ], [ 5.7697143, 46.7073721 ], [ 5.7698457, 46.7082519 ], [ 5.7701557, 46.7092201 ], [ 5.7712449, 46.7112111 ], [ 5.7718064, 46.7126661 ], [ 5.7725599, 46.7142354 ], [ 5.7733939, 46.715690099999989 ], [ 5.7739213, 46.7163711 ], [ 5.7743812, 46.7167582 ], [ 5.7750787, 46.7171549 ], [ 5.7745436, 46.7173219 ], [ 5.7739629, 46.7173657 ], [ 5.7726344, 46.7169509 ], [ 5.7720213, 46.716361199999987 ], [ 5.7714587, 46.7165288 ], [ 5.7711906, 46.7163065 ], [ 5.7706863, 46.7164349 ], [ 5.770548, 46.7162652 ], [ 5.7554911, 46.7236147 ], [ 5.7535631, 46.7214545 ], [ 5.7535398, 46.7213055 ], [ 5.7530904, 46.7210469 ], [ 5.7528472, 46.7205392 ], [ 5.7525613, 46.720301 ], [ 5.7523798, 46.7199756 ], [ 5.7511954, 46.7188363 ], [ 5.7503709, 46.7177137 ], [ 5.7499189, 46.7162397 ], [ 5.7483809, 46.713598 ], [ 5.7480528, 46.7133014 ], [ 5.7465203, 46.7135092 ], [ 5.7453966, 46.713746099999987 ], [ 5.7451429, 46.7137008 ], [ 5.7449484, 46.7135595 ], [ 5.7448339, 46.7138082 ], [ 5.7433339, 46.7151009 ], [ 5.7424302, 46.7150774 ], [ 5.7402848, 46.7153404 ], [ 5.7400049, 46.714493 ], [ 5.7394473, 46.7139045 ], [ 5.7391568, 46.7137285 ], [ 5.7386782, 46.714003 ], [ 5.7383621, 46.714072699999988 ], [ 5.7380112, 46.7140504 ], [ 5.7377121, 46.7139387 ], [ 5.7376423, 46.7137736 ], [ 5.7377823, 46.7134856 ], [ 5.7366793, 46.7127047 ], [ 5.7363081, 46.7129018 ], [ 5.736528, 46.7134966 ], [ 5.736962, 46.7139737 ], [ 5.7360321, 46.7144427 ], [ 5.7352048, 46.7145579 ], [ 5.734779, 46.7148942 ], [ 5.7337365, 46.7148713 ], [ 5.7121723, 46.7162461 ], [ 5.7103013, 46.716657 ], [ 5.7097837, 46.716707 ], [ 5.7089584, 46.7177824 ], [ 5.7082139, 46.7184811 ], [ 5.7079441, 46.7189028 ], [ 5.7058232, 46.7192665 ], [ 5.7009358, 46.714255 ], [ 5.7022729, 46.7140822 ], [ 5.7043363, 46.7140354 ], [ 5.704482, 46.7145942 ], [ 5.7058412, 46.714427 ], [ 5.7058455, 46.7136196 ], [ 5.7053522, 46.7127889 ], [ 5.7052218, 46.7121451 ], [ 5.7057439, 46.7120021 ], [ 5.7060097, 46.7117896 ], [ 5.7065798, 46.7116401 ], [ 5.7074954, 46.7115617 ], [ 5.7072925, 46.7073609 ], [ 5.6985808, 46.7097932 ], [ 5.6982593, 46.7089125 ], [ 5.6980508, 46.709066 ], [ 5.69701, 46.709259 ], [ 5.6963857, 46.7095882 ], [ 5.6944733, 46.7076266 ], [ 5.6943574, 46.7073248 ], [ 5.6944237, 46.7067079 ], [ 5.6936773, 46.7062353 ], [ 5.6927029, 46.704914 ], [ 5.692019, 46.7051087 ], [ 5.691148, 46.7042151 ], [ 5.6878638, 46.7044565 ], [ 5.6872682, 46.7041261 ], [ 5.6861172, 46.7038116 ], [ 5.685815, 46.7038168 ], [ 5.6851269, 46.7030122 ], [ 5.6814693, 46.7011824 ], [ 5.6811735, 46.7014785 ], [ 5.6807824, 46.7013813 ], [ 5.6796957, 46.701386 ], [ 5.6756258, 46.7009899 ], [ 5.6677841, 46.7004257 ], [ 5.6601137, 46.7000921 ], [ 5.6600225, 46.6996752 ], [ 5.6608331, 46.6978582 ], [ 5.6607205, 46.6976167 ], [ 5.660181, 46.697349 ], [ 5.6598538, 46.6973539 ], [ 5.6596363, 46.6972175 ], [ 5.6600073, 46.6967701 ], [ 5.6600904, 46.6964087 ], [ 5.6600059, 46.6959674 ], [ 5.659502, 46.6955701 ], [ 5.6587891, 46.6953974 ], [ 5.6559872, 46.695483 ], [ 5.6554146, 46.6956621 ], [ 5.6543506, 46.6955119 ], [ 5.6534398, 46.6956303 ], [ 5.6523823, 46.6963106 ], [ 5.6522083, 46.6965813 ], [ 5.6522915, 46.698365 ], [ 5.6510769, 46.6992625 ], [ 5.6501079, 46.6997713 ], [ 5.6492971, 46.7000099 ], [ 5.6484395, 46.7004517 ], [ 5.6479646, 46.7003736 ], [ 5.6476232, 46.7004213 ], [ 5.6468954, 46.7000077 ], [ 5.6463835, 46.6995537 ], [ 5.6457405, 46.6986658 ], [ 5.6455445, 46.6982442 ], [ 5.6454435, 46.696815 ], [ 5.645112, 46.6954667 ], [ 5.6441334, 46.6944334 ], [ 5.6431335, 46.6938249 ], [ 5.6429521, 46.6934075 ], [ 5.642691, 46.6932072 ], [ 5.6422283, 46.6921727 ], [ 5.6418307, 46.6916702 ], [ 5.6409417, 46.6893284 ], [ 5.6405167, 46.6888013 ], [ 5.6402592, 46.6885937 ], [ 5.6388747, 46.6881751 ], [ 5.6382262, 46.6881657 ], [ 5.6372568, 46.6884501 ], [ 5.6357172, 46.6884252 ], [ 5.6354325, 46.6880065 ], [ 5.6344966, 46.6877145 ], [ 5.6337469, 46.6876686 ], [ 5.6325244, 46.6877291 ], [ 5.6318575, 46.6876372 ], [ 5.6320279, 46.6870198 ], [ 5.6314932, 46.6856572 ], [ 5.6314449, 46.6852547 ], [ 5.6315274, 46.6849042 ], [ 5.6295125, 46.6851162 ], [ 5.6270233, 46.6856201 ], [ 5.6268579, 46.6847166 ], [ 5.6210877, 46.6866514 ], [ 5.6149528, 46.688006699999988 ], [ 5.6103718, 46.6893372 ], [ 5.6102748, 46.690016 ], [ 5.6103411, 46.6903334 ], [ 5.6101765, 46.6908047 ], [ 5.6097277, 46.6914636 ], [ 5.6102746, 46.6919196 ], [ 5.610868, 46.6940223 ], [ 5.6110144, 46.6955154 ], [ 5.6121284, 46.696381 ], [ 5.6121427, 46.697251 ], [ 5.613496, 46.6988688 ], [ 5.6140323, 46.6997548 ], [ 5.6141296, 46.7000895 ], [ 5.6144841, 46.7023409 ], [ 5.6143823, 46.7069703 ], [ 5.6014221, 46.707709 ], [ 5.6005664, 46.7076437 ], [ 5.596332, 46.7070342 ], [ 5.5960098, 46.7071712 ], [ 5.5910842, 46.7078006 ], [ 5.5907532, 46.7076981 ], [ 5.5891235, 46.7082376 ], [ 5.5892193, 46.7084616 ], [ 5.5880174, 46.7087437 ], [ 5.5878293, 46.7093028 ], [ 5.5876389, 46.7094315 ], [ 5.5870032, 46.7108494 ], [ 5.5870471, 46.7110007 ], [ 5.5859695, 46.7112006 ], [ 5.5850733, 46.711137 ], [ 5.584955, 46.7110181 ], [ 5.5835859, 46.7115039 ], [ 5.5811622, 46.7125638 ], [ 5.5781834, 46.7140722 ], [ 5.5774066, 46.714623 ], [ 5.5741746, 46.715464 ], [ 5.5701221, 46.7168494 ], [ 5.5704826, 46.7174079 ], [ 5.5687504, 46.7172314 ], [ 5.567953, 46.7165457 ], [ 5.5670774, 46.7169481 ], [ 5.5663866, 46.7173807 ], [ 5.5666566, 46.7176882 ], [ 5.5663936, 46.7178337 ], [ 5.5662199, 46.7177331 ], [ 5.565008, 46.718143 ], [ 5.5668927, 46.7202162 ], [ 5.5669192, 46.720666 ], [ 5.5667717, 46.7214801 ], [ 5.5668726, 46.7220625 ], [ 5.5681088, 46.7246844 ], [ 5.5681409, 46.7250593 ], [ 5.5679641, 46.7254759 ], [ 5.5681341, 46.7261063 ], [ 5.5685207, 46.7266616 ], [ 5.5695432, 46.7269522 ], [ 5.5698879, 46.7272049 ], [ 5.5705323, 46.7287211 ], [ 5.570482, 46.728878 ], [ 5.5701214, 46.7290915 ], [ 5.569695, 46.7295776 ], [ 5.569815, 46.729677599999988 ], [ 5.5698883, 46.7302553 ], [ 5.5710085, 46.7320824 ], [ 5.5712741, 46.7326828 ], [ 5.5671561, 46.7334308 ], [ 5.5678301, 46.7346346 ], [ 5.5675847, 46.7347356 ], [ 5.5665825, 46.7347688 ], [ 5.5659312, 46.7365121 ], [ 5.5655366, 46.7369227 ], [ 5.5643076, 46.7370646 ], [ 5.5643181, 46.7373968 ], [ 5.5632356, 46.7378939 ], [ 5.5639787, 46.738921499999989 ], [ 5.5643185, 46.7397075 ], [ 5.5618858, 46.7400006 ], [ 5.5607733, 46.7416389 ], [ 5.5606986, 46.7420549 ], [ 5.5610186, 46.7430892 ], [ 5.5608824, 46.7436463 ], [ 5.5609868, 46.7441088 ], [ 5.5611964, 46.7443285 ], [ 5.5614658, 46.7444558 ], [ 5.5618668, 46.7449 ], [ 5.5619763, 46.7453597 ], [ 5.5617338, 46.7456633 ], [ 5.5617213, 46.745869899999988 ], [ 5.5619037, 46.7465685 ], [ 5.5621918, 46.7468143 ], [ 5.5624365, 46.7466953 ], [ 5.5625333, 46.7469688 ], [ 5.5627923, 46.7469577 ], [ 5.5628136, 46.747132 ], [ 5.5629865, 46.7472416 ], [ 5.563395, 46.7472883 ], [ 5.5643881, 46.7480851 ], [ 5.5649782, 46.749534 ], [ 5.5641065, 46.7501688 ], [ 5.5643971, 46.7503551 ], [ 5.5641951, 46.7505452 ], [ 5.5651944, 46.7510841 ], [ 5.566216, 46.7518721 ], [ 5.5661319, 46.7521181 ], [ 5.5668799, 46.7528563 ], [ 5.567522, 46.753741 ], [ 5.5668349, 46.7541501 ], [ 5.5684116, 46.7562796 ], [ 5.5694823, 46.7569097 ], [ 5.56977, 46.7573672 ], [ 5.5696691, 46.757865 ], [ 5.5690316, 46.7590477 ], [ 5.5694208, 46.7588498 ], [ 5.5699509, 46.7583361 ], [ 5.5704226, 46.7634489 ], [ 5.5693802, 46.7632515 ], [ 5.5722635, 46.7694544 ], [ 5.571922, 46.7695251 ], [ 5.5722422, 46.7702773 ], [ 5.5730272, 46.7704625 ], [ 5.5742736, 46.7704796 ], [ 5.5744404, 46.7710929 ], [ 5.573247, 46.77128 ], [ 5.5721995, 46.7711999 ], [ 5.5726228, 46.7718048 ], [ 5.5728321, 46.772347 ], [ 5.5722813, 46.7724557 ], [ 5.5722068, 46.7727366 ], [ 5.5707706, 46.7726165 ], [ 5.5706297, 46.7729359 ], [ 5.5688804, 46.7734047 ], [ 5.568626, 46.7733753 ], [ 5.5677312, 46.7735304 ], [ 5.5666921, 46.7737392 ], [ 5.5663813, 46.7738777 ], [ 5.5656872, 46.7739779 ], [ 5.5651293, 46.7741597 ], [ 5.5650563, 46.7743334 ], [ 5.5626243, 46.7745363 ], [ 5.5621223, 46.774679 ], [ 5.5615416, 46.7745992 ], [ 5.5609206, 46.7735833 ], [ 5.560601, 46.7724797 ], [ 5.5606538, 46.77182 ], [ 5.5604522, 46.7715488 ], [ 5.5600563, 46.7714684 ], [ 5.5590384, 46.7729316 ], [ 5.5589145, 46.7734452 ], [ 5.5582331, 46.7737603 ], [ 5.5579889, 46.7736144 ], [ 5.5577597, 46.7736483 ], [ 5.5569502, 46.7734168 ], [ 5.5567477, 46.7730421 ], [ 5.5560033, 46.7725496 ], [ 5.5556493, 46.7727161 ], [ 5.5531397, 46.7743051 ], [ 5.5528899, 46.7746242 ], [ 5.5523237, 46.7749088 ], [ 5.552156, 46.7751062 ], [ 5.5518616, 46.7752596 ], [ 5.5511585, 46.7754221 ], [ 5.5511846, 46.775808 ], [ 5.5509192, 46.7759085 ], [ 5.5508959, 46.776026099999989 ], [ 5.5509494, 46.776606 ], [ 5.5508394, 46.7776975 ], [ 5.5509625, 46.7785569 ], [ 5.5506693, 46.778876 ], [ 5.5502912, 46.7791187 ], [ 5.5503754, 46.7792907 ], [ 5.5494921, 46.779722 ], [ 5.5467265, 46.780449 ], [ 5.5469326, 46.780871499999989 ], [ 5.5443013, 46.781864 ], [ 5.5438062, 46.7821281 ], [ 5.5423074, 46.7824964 ], [ 5.5417779, 46.7830621 ], [ 5.5406635, 46.7832642 ], [ 5.5407057, 46.7844443 ], [ 5.5411038, 46.7854111 ], [ 5.5418537, 46.7880917 ], [ 5.5417548, 46.7882768 ], [ 5.541756, 46.7892245 ], [ 5.5406407, 46.7897464 ], [ 5.5392047, 46.7909565 ], [ 5.538976, 46.791757 ], [ 5.5375956, 46.7918289 ], [ 5.5360778, 46.791348 ], [ 5.5352643, 46.7913435 ], [ 5.5347137, 46.791488 ], [ 5.5338414, 46.7923577 ], [ 5.5335454, 46.7928155 ], [ 5.5331685, 46.7927788 ], [ 5.5330684, 46.7930504 ], [ 5.5320047, 46.7931927 ], [ 5.531902, 46.7930148 ], [ 5.531461, 46.7929804 ], [ 5.5310195, 46.7933018 ], [ 5.5307026, 46.793706 ], [ 5.5307076, 46.794150099999989 ], [ 5.5295967, 46.7942087 ], [ 5.5305415, 46.796859 ], [ 5.5302158, 46.797104 ], [ 5.5303586, 46.7975774 ], [ 5.5301786, 46.798357 ], [ 5.5295198, 46.799112 ], [ 5.5289481, 46.7995669 ], [ 5.5286421, 46.7996709 ], [ 5.528166, 46.7996462 ], [ 5.5276574, 46.7985278 ], [ 5.5275264, 46.7985315 ], [ 5.5270656, 46.7989462 ], [ 5.5264375, 46.7988969 ], [ 5.5264266, 46.7987197 ], [ 5.5257432, 46.7983816 ], [ 5.5250195, 46.7989263 ], [ 5.5248024, 46.7987716 ], [ 5.5238136, 46.7986654 ], [ 5.523441, 46.7981853 ], [ 5.522947, 46.7987042 ], [ 5.522322, 46.7988882 ], [ 5.521752, 46.7987052 ], [ 5.5211271, 46.7987793 ], [ 5.5199699, 46.7983524 ], [ 5.5190696, 46.7975803 ], [ 5.5189672, 46.7973546 ], [ 5.5186946, 46.7972174 ], [ 5.517427, 46.7969272 ], [ 5.5168552, 46.7968721 ], [ 5.5156789, 46.7960321 ], [ 5.5135323, 46.7955945 ], [ 5.5122161, 46.7947629 ], [ 5.5117872, 46.7945921 ], [ 5.5117146, 46.7943559 ], [ 5.5119073, 46.7937886 ], [ 5.5122818, 46.7934634 ], [ 5.512747, 46.7932829 ], [ 5.5129263, 46.7934736 ], [ 5.5131165, 46.7935289 ], [ 5.5142577, 46.7931913 ], [ 5.5147087, 46.7931301 ], [ 5.5154225, 46.792766799999988 ], [ 5.5162442, 46.7919038 ], [ 5.5167588, 46.7915754 ], [ 5.5170972, 46.7910095 ], [ 5.5173609, 46.7908425 ], [ 5.5175171, 46.790421 ], [ 5.5180124, 46.7901003 ], [ 5.5178326, 46.7899565 ], [ 5.5185567, 46.7891118 ], [ 5.5195195, 46.7894808 ], [ 5.5200925, 46.7888277 ], [ 5.5206711, 46.7884097 ], [ 5.5210459, 46.7882321 ], [ 5.5220629, 46.7879638 ], [ 5.5228321, 46.7879776 ], [ 5.5245292, 46.7882853 ], [ 5.5250584, 46.7881863 ], [ 5.5228884, 46.7872692 ], [ 5.522632, 46.7868055 ], [ 5.5224483, 46.786042 ], [ 5.5223158, 46.7860124 ], [ 5.5222438, 46.7861005 ], [ 5.5221983, 46.7867015 ], [ 5.5220604, 46.7867811 ], [ 5.5214275, 46.786822 ], [ 5.5207739, 46.7857679 ], [ 5.5209543, 46.7857279 ], [ 5.5207206, 46.7849889 ], [ 5.5211921, 46.7848624 ], [ 5.520821, 46.7840156 ], [ 5.5209499, 46.7839398 ], [ 5.5204374, 46.7830718 ], [ 5.5200824, 46.7831075 ], [ 5.5197095, 46.78245 ], [ 5.5193784, 46.7813357 ], [ 5.5196869, 46.7812848 ], [ 5.5199393, 46.7813558 ], [ 5.5212304, 46.7808626 ], [ 5.5214674, 46.7806854 ], [ 5.5216731, 46.7807656 ], [ 5.5221732, 46.7801852 ], [ 5.5229541, 46.7798312 ], [ 5.5230666, 46.7797134 ], [ 5.5233636, 46.7796141 ], [ 5.5236247, 46.7797579 ], [ 5.5249125, 46.7790828 ], [ 5.5246865, 46.7788472 ], [ 5.5235661, 46.7791196 ], [ 5.5232218, 46.7793289 ], [ 5.5232619, 46.7794866 ], [ 5.5227665, 46.7796317 ], [ 5.5225584, 46.7796137 ], [ 5.522453, 46.7798007 ], [ 5.52201, 46.7799465 ], [ 5.5217476, 46.7801405 ], [ 5.5215247, 46.7801139 ], [ 5.5213623, 46.779949 ], [ 5.5213977, 46.7802869 ], [ 5.5212222, 46.7804313 ], [ 5.5212597, 46.7805629 ], [ 5.5210682, 46.7806464 ], [ 5.5202785, 46.7807817 ], [ 5.5200076, 46.7807084 ], [ 5.5199211, 46.7808508 ], [ 5.5196313, 46.7808509 ], [ 5.5196131, 46.7809396 ], [ 5.5191672, 46.7810223 ], [ 5.5184008, 46.7810391 ], [ 5.5173756, 46.7809318 ], [ 5.5162139, 46.780597 ], [ 5.5156022, 46.7802167 ], [ 5.5157074, 46.7794874 ], [ 5.5152595, 46.7793882 ], [ 5.5150791, 46.7800507 ], [ 5.5146172, 46.779931 ], [ 5.5145027, 46.7800065 ], [ 5.5134431, 46.7796946 ], [ 5.5131678, 46.779696099999988 ], [ 5.5127504, 46.7798304 ], [ 5.5119163, 46.7797991 ], [ 5.511021, 46.7798908 ], [ 5.5107072, 46.7797985 ], [ 5.5104003, 46.7795989 ], [ 5.510111, 46.779072 ], [ 5.5101615, 46.7787745 ], [ 5.5099701, 46.7784922 ], [ 5.510905, 46.7782087 ], [ 5.5116672, 46.7781587 ], [ 5.5111351, 46.7770884 ], [ 5.5106909, 46.7766144 ], [ 5.5099535, 46.7753864 ], [ 5.5096474, 46.7751174 ], [ 5.5111146, 46.7744377 ], [ 5.5124891, 46.7739347 ], [ 5.5119612, 46.7733526 ], [ 5.5109617, 46.7719556 ], [ 5.5076595, 46.7669216 ], [ 5.5074023, 46.7671714 ], [ 5.5071505, 46.7668571 ], [ 5.5064639, 46.7658154 ], [ 5.5060925, 46.7648433 ], [ 5.5044519, 46.7625874 ], [ 5.5025968, 46.759430699999989 ], [ 5.5022599, 46.7591749 ], [ 5.5048612, 46.7581381 ], [ 5.5055503, 46.7580708 ], [ 5.508425, 46.7568838 ], [ 5.508602, 46.7567142 ], [ 5.5111, 46.7555444 ], [ 5.5153958, 46.753745 ], [ 5.5154355, 46.7536397 ], [ 5.5151485, 46.7531883 ], [ 5.5151706, 46.7524779 ], [ 5.5149828, 46.7511974 ], [ 5.5146292, 46.7505827 ], [ 5.5151811, 46.7503301 ], [ 5.5162087, 46.7501895 ], [ 5.5166494, 46.749857399999989 ], [ 5.5195267, 46.7487673 ], [ 5.520549, 46.7485989 ], [ 5.5240958, 46.747676 ], [ 5.5246891, 46.7476116 ], [ 5.5272708, 46.7465405 ], [ 5.5275347, 46.7465788 ], [ 5.5279515, 46.7469723 ], [ 5.5286361, 46.7471806 ], [ 5.5310103, 46.7463545 ], [ 5.5322464, 46.7460777 ], [ 5.5335483, 46.74564 ], [ 5.5329264, 46.7437448 ], [ 5.5323245, 46.7430905 ], [ 5.5315806, 46.7415259 ], [ 5.5305885, 46.7417207 ], [ 5.5301566, 46.7421834 ], [ 5.5294078, 46.7427899 ], [ 5.5289838, 46.7430263 ], [ 5.5283966, 46.7424059 ], [ 5.5278238, 46.7420933 ], [ 5.5272669, 46.7411948 ], [ 5.5257379, 46.7394258 ], [ 5.5249658, 46.7397302 ], [ 5.524341, 46.7390872 ], [ 5.5239569, 46.739338 ], [ 5.5210893, 46.7383397 ], [ 5.5205486, 46.7380399 ], [ 5.5182478, 46.7359806 ], [ 5.5178088, 46.7364028 ], [ 5.515849, 46.7374295 ], [ 5.5144299, 46.7387029 ], [ 5.5144424, 46.7389152 ], [ 5.5130501, 46.739522199999989 ], [ 5.5129886, 46.739411 ], [ 5.5113301, 46.7397887 ], [ 5.5113965, 46.7401485 ], [ 5.5105513, 46.740685 ], [ 5.510618, 46.7419006 ], [ 5.5088711, 46.7417568 ], [ 5.5061701, 46.7412131 ], [ 5.5067471, 46.7406555 ], [ 5.5078304, 46.7401084 ], [ 5.5061271, 46.738779 ], [ 5.505849, 46.7389986 ], [ 5.5046679, 46.738364 ], [ 5.5070666, 46.7375018 ], [ 5.5068754, 46.7372483 ], [ 5.507014, 46.7361652 ], [ 5.5048042, 46.7359792 ], [ 5.5055933, 46.7341134 ], [ 5.5056852, 46.7332655 ], [ 5.505468, 46.7321658 ], [ 5.505678, 46.7317756 ], [ 5.5062088, 46.7312406 ], [ 5.5068491, 46.7303249 ], [ 5.5083238, 46.7300585 ], [ 5.5089869, 46.7298629 ], [ 5.5097842, 46.7292572 ], [ 5.5098728, 46.7290472 ], [ 5.5103084, 46.7287773 ], [ 5.5111722, 46.7289854 ], [ 5.5117245, 46.7292003 ], [ 5.5130554, 46.7286586 ], [ 5.5136336, 46.7281595 ], [ 5.5146597, 46.7275713 ], [ 5.515009, 46.7277303 ], [ 5.516141, 46.7278163 ], [ 5.5164243, 46.727738 ], [ 5.5167494, 46.7274877 ], [ 5.5169551, 46.7269796 ], [ 5.5183288, 46.7250198 ], [ 5.5179746, 46.7221295 ], [ 5.5146894, 46.7196998 ], [ 5.5118711, 46.7200534 ], [ 5.5112053, 46.7197607 ], [ 5.5103318, 46.7189447 ], [ 5.5099597, 46.7191412 ], [ 5.5090129, 46.718579899999988 ], [ 5.5077329, 46.7170701 ], [ 5.5075429, 46.7154815 ], [ 5.5061266, 46.7132297 ], [ 5.505779, 46.7128787 ], [ 5.5058301, 46.7122254 ], [ 5.5064323, 46.7116537 ], [ 5.5063152, 46.7115004 ], [ 5.5057501, 46.7115136 ], [ 5.5053344, 46.7114182 ], [ 5.5052072, 46.7111588 ], [ 5.5049603, 46.7109732 ], [ 5.5043786, 46.7108562 ], [ 5.5040765, 46.7108934 ], [ 5.5036534, 46.7107775 ], [ 5.5031526, 46.7108812 ], [ 5.5021207, 46.7107703 ], [ 5.5010755, 46.7108823 ], [ 5.5001309, 46.7111876 ], [ 5.499005, 46.7112535 ], [ 5.4982403, 46.711399 ], [ 5.4969537, 46.7113883 ], [ 5.4957335, 46.7115418 ], [ 5.4943305, 46.7115048 ], [ 5.4921448, 46.7118234 ], [ 5.4908313, 46.7121384 ], [ 5.4893773, 46.7120781 ], [ 5.4883963, 46.7119039 ], [ 5.4872465, 46.7113648 ], [ 5.4864872, 46.7111137 ], [ 5.4840945, 46.709799 ], [ 5.4832853, 46.7091426 ], [ 5.4831621, 46.7091417 ], [ 5.483271, 46.7085718 ], [ 5.4836209, 46.7082913 ], [ 5.4842177, 46.708082 ], [ 5.4844058, 46.7078428 ], [ 5.4846903, 46.7077645 ], [ 5.4856776, 46.7071324 ], [ 5.4862318, 46.7072231 ], [ 5.4870072, 46.7069405 ], [ 5.4874178, 46.707128 ], [ 5.4882409, 46.7072282 ], [ 5.4889578, 46.7070685 ], [ 5.4895035, 46.7073161 ], [ 5.4900037, 46.7073728 ], [ 5.4902888, 46.7072225 ], [ 5.4911094, 46.7072677 ], [ 5.4912837, 46.7072126 ], [ 5.4914491, 46.7070216 ], [ 5.4922279, 46.7072407 ], [ 5.4935501, 46.7070309 ], [ 5.4941984, 46.7073475 ], [ 5.4955435, 46.7076624 ], [ 5.4959319, 46.7079088 ], [ 5.4962182, 46.7078684 ], [ 5.496514, 46.7079493 ], [ 5.4979384, 46.7075138 ], [ 5.5001006, 46.7076857 ], [ 5.5003291, 46.7071294 ], [ 5.5012115, 46.7073245 ], [ 5.5019663, 46.7072495 ], [ 5.5038951, 46.7059949 ], [ 5.504446, 46.706127 ], [ 5.5049907, 46.7061539 ], [ 5.5056674, 46.7059751 ], [ 5.506206, 46.7054454 ], [ 5.5069745, 46.704930399999988 ], [ 5.5073412, 46.7051566 ], [ 5.5077501, 46.7052215 ], [ 5.5082025, 46.7051207 ], [ 5.5084127, 46.704908 ], [ 5.5085014, 46.7045331 ], [ 5.5082263, 46.7027446 ], [ 5.5083699, 46.7023937 ], [ 5.5088051, 46.7020067 ], [ 5.5089357, 46.7015471 ], [ 5.5091011, 46.7014417 ], [ 5.5094806, 46.7014649 ], [ 5.5094877, 46.7017044 ], [ 5.5100601, 46.7019054 ], [ 5.510049, 46.7015804 ], [ 5.5101585, 46.7013429 ], [ 5.5103987, 46.7012421 ], [ 5.5105035, 46.7010453 ], [ 5.5111392, 46.7005494 ], [ 5.5123501, 46.7003157 ], [ 5.5124905, 46.7006621 ], [ 5.5134751, 46.7006027 ], [ 5.5149003, 46.7012084 ], [ 5.514974, 46.7012735 ], [ 5.5148929, 46.7016707 ], [ 5.5150221, 46.7017175 ], [ 5.5156248, 46.7016123 ], [ 5.5159991, 46.7016366 ], [ 5.5164844, 46.7017935 ], [ 5.5173741, 46.7025694 ], [ 5.5178024, 46.7026844 ], [ 5.5180881, 46.7031988 ], [ 5.5190996, 46.7038586 ], [ 5.5190039, 46.7040543 ], [ 5.5193408, 46.7041181 ], [ 5.5193704, 46.7040508 ], [ 5.5209503, 46.7038675 ], [ 5.5215759, 46.7042816 ], [ 5.5220324, 46.704186 ], [ 5.5225878, 46.7048098 ], [ 5.5228035, 46.7048871 ], [ 5.5235663, 46.7049 ], [ 5.5246037, 46.7055249 ], [ 5.5250593, 46.7056644 ], [ 5.5257057, 46.7057088 ], [ 5.526455, 46.7059382 ], [ 5.5274042, 46.7058768 ], [ 5.5276661, 46.7057647 ], [ 5.5283559, 46.7050531 ], [ 5.528294, 46.7047644 ], [ 5.5285604, 46.7043 ], [ 5.5285027, 46.7035103 ], [ 5.5302719, 46.7024704 ], [ 5.5305976, 46.7024362 ], [ 5.5308547, 46.7023053 ], [ 5.531417, 46.7022587 ], [ 5.5319893, 46.7019794 ], [ 5.5319686, 46.7017898 ], [ 5.5320625, 46.7017246 ], [ 5.5325928, 46.7017246 ], [ 5.5328713, 46.7010401 ], [ 5.5328512, 46.700946 ], [ 5.5326518, 46.7008828 ], [ 5.5326366, 46.7007255 ], [ 5.5328989, 46.7003413 ], [ 5.5327429, 46.7001961 ], [ 5.5331637, 46.6999256 ], [ 5.5330137, 46.6994614 ], [ 5.5330807, 46.6993265 ], [ 5.5334736, 46.6991035 ], [ 5.5340009, 46.698899 ], [ 5.534317, 46.6989947 ], [ 5.5348092, 46.6989073 ], [ 5.534882, 46.6987543 ], [ 5.5354306, 46.6985864 ], [ 5.5355567, 46.6989034 ], [ 5.5360047, 46.6989349 ], [ 5.5359589, 46.6991603 ], [ 5.5363267, 46.6994098 ], [ 5.5365895, 46.6995409 ], [ 5.5368529, 46.6994045 ], [ 5.5370617, 46.6995016 ], [ 5.537189, 46.6998457 ], [ 5.5375419, 46.7000829 ], [ 5.5377218, 46.6999546 ], [ 5.538255, 46.7000446 ], [ 5.5383259, 46.6999349 ], [ 5.5387615, 46.6998433 ], [ 5.5394055, 46.6999498 ], [ 5.5389445, 46.6993032 ], [ 5.5389203, 46.6988984 ], [ 5.5396044, 46.6982941 ], [ 5.5402979, 46.6967445 ], [ 5.5407615, 46.6953469 ], [ 5.5406938, 46.6952142 ], [ 5.5412047, 46.694774 ], [ 5.5412029, 46.6945669 ], [ 5.5421283, 46.6941698 ], [ 5.5423187, 46.6938728 ], [ 5.5428474, 46.6935034 ], [ 5.5431687, 46.6930413 ], [ 5.5434978, 46.6929377 ], [ 5.5438584, 46.6916918 ], [ 5.5437927, 46.6905681 ], [ 5.5433096, 46.6900374 ], [ 5.5432526, 46.6893522 ], [ 5.5435868, 46.6893321 ], [ 5.5426158, 46.6872699 ], [ 5.5427991, 46.6870758 ], [ 5.5430344, 46.6855021 ], [ 5.542691, 46.6852413 ], [ 5.5447414, 46.6847463 ], [ 5.5449773, 46.6843609 ], [ 5.5451118, 46.6837678 ], [ 5.5455475, 46.6833707 ], [ 5.5458361, 46.6827706 ], [ 5.5464508, 46.682339 ], [ 5.5460696, 46.6821096 ], [ 5.5463609, 46.6815951 ], [ 5.5457554, 46.6816635 ], [ 5.5456389, 46.681444 ], [ 5.5467356, 46.6807161 ], [ 5.5472852, 46.6805292 ], [ 5.5483089, 46.6799416 ], [ 5.5490246, 46.6796545 ], [ 5.5493174, 46.6794017 ], [ 5.5492241, 46.6792309 ], [ 5.5492499, 46.6788698 ], [ 5.5488037, 46.6786692 ], [ 5.5487199, 46.6787291 ], [ 5.5478921, 46.678649 ], [ 5.5478586, 46.6782282 ], [ 5.5477382, 46.6781851 ], [ 5.5472302, 46.6775631 ] ] ] ] } },
{ "type": "Feature", "properties": { "code_departement": 39.0, "code_rne": "0390916J", "multisecteur": 0.0 }, "geometry": { "type": "MultiPolygon", "coordinates": [ [ [ [ 5.8518001, 46.5443398 ], [ 5.8510119, 46.5433277 ], [ 5.8511975, 46.543106 ], [ 5.851156, 46.5429358 ], [ 5.8506549, 46.5427942 ], [ 5.8500261, 46.5416575 ], [ 5.8492476, 46.5409047 ], [ 5.8486359, 46.5405171 ], [ 5.8477497, 46.5402022 ], [ 5.8461405, 46.5406171 ], [ 5.8461357, 46.5410488 ], [ 5.8456695, 46.5414731 ], [ 5.8445118, 46.5417082 ], [ 5.8436599, 46.5420484 ], [ 5.8424183, 46.5406529 ], [ 5.8411223, 46.5396624 ], [ 5.840489, 46.5387114 ], [ 5.8399023, 46.538152 ], [ 5.8388553, 46.5366273 ], [ 5.8389699, 46.5360956 ], [ 5.8394646, 46.5359184 ], [ 5.8401567, 46.5353444 ], [ 5.8396881, 46.5346946 ], [ 5.8376901, 46.5336098 ], [ 5.8373439, 46.5333049 ], [ 5.833341, 46.52919 ], [ 5.8335753, 46.5288004 ], [ 5.8326483, 46.528271 ], [ 5.8318756, 46.5274189 ], [ 5.8317853, 46.5265372 ], [ 5.8315793, 46.5259377 ], [ 5.8312675, 46.5254652 ], [ 5.8308411, 46.5252991 ], [ 5.8295313, 46.5245341 ], [ 5.8289433, 46.5236441 ], [ 5.8283219, 46.5222349 ], [ 5.8281198, 46.5214092 ], [ 5.8274516, 46.5205058 ], [ 5.8254736, 46.518734599999988 ], [ 5.8262531, 46.5181107 ], [ 5.8263063, 46.5179292 ], [ 5.8259556, 46.5175342 ], [ 5.8246704, 46.5178444 ], [ 5.8201316, 46.5132936 ], [ 5.8205128, 46.5130184 ], [ 5.8198516, 46.5118679 ], [ 5.8177994, 46.5073377 ], [ 5.8181009, 46.5058751 ], [ 5.8181034, 46.5053939 ], [ 5.8173727, 46.5037793 ], [ 5.8168063, 46.5020101 ], [ 5.8160944, 46.5010861 ], [ 5.8136174, 46.4990297 ], [ 5.8091561, 46.4925178 ], [ 5.8094177, 46.4915185 ], [ 5.8094781, 46.4904367 ], [ 5.8090826, 46.4883317 ], [ 5.8093005, 46.4876497 ], [ 5.8093218, 46.4869743 ], [ 5.8083136, 46.4859142 ], [ 5.8089111, 46.4856356 ], [ 5.8121004, 46.484548 ], [ 5.8138859, 46.4841139 ], [ 5.8239101, 46.4833296 ], [ 5.8268586, 46.4832395 ], [ 5.8264802, 46.4827092 ], [ 5.8290241, 46.482138 ], [ 5.8299368, 46.4834634 ], [ 5.830802, 46.484425 ], [ 5.8314525, 46.4855982 ], [ 5.8344719, 46.4885247 ], [ 5.8352211, 46.4876555 ], [ 5.8362166, 46.4867803 ], [ 5.837637, 46.4860764 ], [ 5.8387235, 46.4849466 ], [ 5.8390917, 46.4844265 ], [ 5.8395509, 46.4830996 ], [ 5.8396304, 46.4824984 ], [ 5.8393467, 46.4815342 ], [ 5.8398177, 46.4814612 ], [ 5.84615, 46.4813298 ], [ 5.8489865, 46.4841163 ], [ 5.8531319, 46.4872548 ], [ 5.8550149, 46.4883124 ], [ 5.8578929, 46.4896101 ], [ 5.8605288, 46.4906686 ], [ 5.8619271, 46.4914842 ], [ 5.8627325, 46.4922137 ], [ 5.8687893, 46.4885054 ], [ 5.8705723, 46.4903196 ], [ 5.872963, 46.4932672 ], [ 5.8758152, 46.496311 ], [ 5.8786048, 46.4986132 ], [ 5.8801375, 46.499351 ], [ 5.8824293, 46.5000414 ], [ 5.8842568, 46.4992485 ], [ 5.884492, 46.4988614 ], [ 5.8857716, 46.499149 ], [ 5.8890587, 46.4981694 ], [ 5.8896918, 46.4971415 ], [ 5.8934189, 46.4951388 ], [ 5.8945211, 46.4960669 ], [ 5.8947006, 46.4961308 ], [ 5.8948451, 46.4967147 ], [ 5.8953501, 46.49701 ], [ 5.8970165, 46.4951738 ], [ 5.8985605, 46.4943985 ], [ 5.8990911, 46.4939985 ], [ 5.8998143, 46.4936368 ], [ 5.9010097, 46.4933488 ], [ 5.901756, 46.494304799999988 ], [ 5.903993, 46.4930955 ], [ 5.9063416, 46.4941018 ], [ 5.9184202, 46.4986273 ], [ 5.9192508, 46.49796 ], [ 5.9196328, 46.4981728 ], [ 5.9273518, 46.5012309 ], [ 5.9362427, 46.505046 ], [ 5.9371884, 46.5046991 ], [ 5.9376453, 46.505381199999988 ], [ 5.9382776, 46.5053451 ], [ 5.9395003, 46.506310199999987 ], [ 5.9399174, 46.5067618 ], [ 5.9401748, 46.5074454 ], [ 5.9403753, 46.507701499999989 ], [ 5.9422223, 46.5145256 ], [ 5.94278, 46.5169486 ], [ 5.9430395, 46.5174033 ], [ 5.9444085, 46.5186305 ], [ 5.9449711, 46.5188728 ], [ 5.9461933, 46.5197739 ], [ 5.9476516, 46.5203815 ], [ 5.9496918, 46.5214165 ], [ 5.9524478, 46.5225546 ], [ 5.9519033, 46.5258044 ], [ 5.9529118, 46.5274309 ], [ 5.9551528, 46.5316558 ], [ 5.9568195, 46.533833 ], [ 5.958263, 46.5355285 ], [ 5.9590423, 46.5363193 ], [ 5.959454, 46.5364942 ], [ 5.9600301, 46.5369794 ], [ 5.9604517, 46.5371199 ], [ 5.9655892, 46.5400099 ], [ 5.9663274, 46.5403521 ], [ 5.9690419, 46.5424776 ], [ 5.9707168, 46.5439759 ], [ 5.9724999, 46.5453253 ], [ 5.9736628, 46.5460772 ], [ 5.9742107, 46.5466631 ], [ 5.9759628, 46.548183599999987 ], [ 5.9806054, 46.5513256 ], [ 5.981921, 46.5524537 ], [ 5.9836261, 46.55468 ], [ 5.9858184, 46.5569052 ], [ 5.9921021, 46.5650689 ], [ 5.993485, 46.5670773 ], [ 5.9941141, 46.5676835 ], [ 5.9948102, 46.5686042 ], [ 5.9962767, 46.5696345 ], [ 5.9995283, 46.5715236 ], [ 6.0009438, 46.5731436 ], [ 6.0021739, 46.5749054 ], [ 6.0030391, 46.5765191 ], [ 6.0048824, 46.5792317 ], [ 6.0062958, 46.5808075 ], [ 6.0081612, 46.5825895 ], [ 6.0095032, 46.5835094 ], [ 6.0146711, 46.5858514 ], [ 6.0158027, 46.5866497 ], [ 6.0247897, 46.5914713 ], [ 6.028612, 46.593332 ], [ 6.0358063, 46.5974974 ], [ 6.0399288, 46.6003868 ], [ 6.0450691, 46.6014839 ], [ 6.0452991, 46.6019716 ], [ 6.0455553, 46.6033254 ], [ 6.0460501, 46.6045495 ], [ 6.0466107, 46.6055726 ], [ 6.0471742, 46.6063425 ], [ 6.0501205, 46.6096621 ], [ 6.0505826, 46.6103716 ], [ 6.0509301, 46.6106921 ], [ 6.0513925, 46.6109402 ], [ 6.0524098, 46.6112195 ], [ 6.0534779, 46.6116578 ], [ 6.0538575, 46.6120856 ], [ 6.0539763, 46.612989 ], [ 6.0539291, 46.6133597 ], [ 6.0537338, 46.6136785 ], [ 6.0556639, 46.6141658 ], [ 6.0563238, 46.614251 ], [ 6.0568193, 46.6142035 ], [ 6.0577493, 46.6139047 ], [ 6.0580662, 46.6142387 ], [ 6.0583297, 46.6143668 ], [ 6.0585325, 46.6142983 ], [ 6.0594021, 46.613462299999988 ], [ 6.0605973, 46.6137863 ], [ 6.0641892, 46.6124368 ], [ 6.0648961, 46.6133082 ], [ 6.0633939, 46.6140332 ], [ 6.0623794, 46.6147353 ], [ 6.0614833, 46.6155658 ], [ 6.0604959, 46.6170051 ], [ 6.060356, 46.6180045 ], [ 6.0600751, 46.6182644 ], [ 6.0581547, 46.6188581 ], [ 6.0589101, 46.6198021 ], [ 6.0591586, 46.6199658 ], [ 6.0604401, 46.621823 ], [ 6.0609136, 46.6223582 ], [ 6.061035, 46.6226794 ], [ 6.0600961, 46.6245869 ], [ 6.0598123, 46.6247963 ], [ 6.0591546, 46.6248472 ], [ 6.059266, 46.6260589 ], [ 6.0608611, 46.6263281 ], [ 6.0616441, 46.626017 ], [ 6.062539, 46.626741 ], [ 6.0621747, 46.628029399999988 ], [ 6.0626216, 46.6282085 ], [ 6.0633067, 46.6283425 ], [ 6.0634309, 46.6280382 ], [ 6.0637474, 46.6280153 ], [ 6.0640089, 46.6281065 ], [ 6.0640341, 46.6283437 ], [ 6.0666534, 46.6285647 ], [ 6.0670654, 46.6287492 ], [ 6.0671187, 46.6290217 ], [ 6.0665378, 46.6295987 ], [ 6.0675958, 46.629455899999989 ], [ 6.0685203, 46.6295204 ], [ 6.0695664, 46.6303484 ], [ 6.0706176, 46.6313592 ], [ 6.0709752, 46.6315542 ], [ 6.0723242, 46.6318604 ], [ 6.073904, 46.6326407 ], [ 6.0763445, 46.634181 ], [ 6.0776828, 46.6352688 ], [ 6.0783649, 46.6356478 ], [ 6.0808327, 46.636279 ], [ 6.0864524, 46.6388527 ], [ 6.0887335, 46.6395112 ], [ 6.0897678, 46.6397077 ], [ 6.0918498, 46.6403373 ], [ 6.0946021, 46.6414345 ], [ 6.0953917, 46.6416744 ], [ 6.0962359, 46.6418183 ], [ 6.0983922, 46.6426468 ], [ 6.0986419, 46.6428265 ], [ 6.0994193, 46.643038 ], [ 6.1002112, 46.6435248 ], [ 6.0969615, 46.6464026 ], [ 6.0992644, 46.6479155 ], [ 6.1010882, 46.6488051 ], [ 6.1037416, 46.6498308 ], [ 6.1059886, 46.6505449 ], [ 6.1037775, 46.6529576 ], [ 6.0999455, 46.6567145 ], [ 6.0973131, 46.6594367 ], [ 6.0956824, 46.6612749 ], [ 6.0911147, 46.6665696 ], [ 6.0892241, 46.6692771 ], [ 6.0889733, 46.6698614 ], [ 6.0886096, 46.6701884 ], [ 6.0884258, 46.670593499999988 ], [ 6.0868868, 46.6722605 ], [ 6.078938, 46.6803436 ], [ 6.076592, 46.6818735 ], [ 6.0728635, 46.6850751 ], [ 6.0715233, 46.6869141 ], [ 6.0706088, 46.6885038 ], [ 6.0697927, 46.6896556 ], [ 6.0711562, 46.6900093 ], [ 6.0728467, 46.6907254 ], [ 6.0740671, 46.6910478 ], [ 6.075801, 46.6919051 ], [ 6.0763165, 46.6919192 ], [ 6.077412, 46.6925791 ], [ 6.0805262, 46.6937571 ], [ 6.082429, 46.6946557 ], [ 6.0834707, 46.6950116 ], [ 6.0845671, 46.6952245 ], [ 6.0853414, 46.6958056 ], [ 6.0860877, 46.6961703 ], [ 6.0854329, 46.6968385 ], [ 6.0782392, 46.6935878 ], [ 6.0749335, 46.6922185 ], [ 6.074766, 46.6927519 ], [ 6.0849621, 46.6972657 ], [ 6.0811406, 46.7011692 ], [ 6.0672186, 46.694949 ], [ 6.0641799, 46.6937354 ], [ 6.0603527, 46.69161 ], [ 6.0575289, 46.6903932 ], [ 6.0557561, 46.6895366 ], [ 6.0525574, 46.6877494 ], [ 6.0509755, 46.6866299 ], [ 6.046088, 46.6824833 ], [ 6.0378056, 46.6777813 ], [ 6.0340916, 46.6752538 ], [ 6.0337634, 46.6749327 ], [ 6.0336201, 46.6749446 ], [ 6.0305425, 46.6732815 ], [ 6.0299749, 46.6728919 ], [ 6.0292245, 46.6720413 ], [ 6.029772, 46.6713186 ], [ 6.0298011, 46.6711133 ], [ 6.0294647, 46.6706212 ], [ 6.029503, 46.670181299999989 ], [ 6.0296904, 46.6699502 ], [ 6.0300536, 46.6698676 ], [ 6.0308382, 46.6699694 ], [ 6.0311732, 46.6700858 ], [ 6.0314758, 46.6700193 ], [ 6.0315217, 46.6698802 ], [ 6.0310054, 46.6694009 ], [ 6.0300069, 46.6689822 ], [ 6.0296521, 46.669051 ], [ 6.0279922, 46.667782 ], [ 6.0275087, 46.6685012 ], [ 6.0260841, 46.6679982 ], [ 6.0249035, 46.6674599 ], [ 6.0226933, 46.6662224 ], [ 6.020929, 46.6644118 ], [ 6.0206237, 46.6642648 ], [ 6.0189239, 46.6639194 ], [ 6.0185247, 46.663447 ], [ 6.0184515, 46.662601 ], [ 6.0182136, 46.6624892 ], [ 6.0178924, 46.6620787 ], [ 6.0177994, 46.6616756 ], [ 6.0178282, 46.6611351 ], [ 6.0184197, 46.6602149 ], [ 6.0161462, 46.6572642 ], [ 6.0161496, 46.6571587 ], [ 6.0186185, 46.6551239 ], [ 6.0201964, 46.6555644 ], [ 6.0204538, 46.655510799999988 ], [ 6.0221351, 46.6542572 ], [ 6.0230889, 46.6547718 ], [ 6.0235645, 46.6549242 ], [ 6.0240559, 46.6546292 ], [ 6.0264705, 46.652447 ], [ 6.0261718, 46.6511726 ], [ 6.0241453, 46.6501683 ], [ 6.0235122, 46.6495371 ], [ 6.0232828, 46.6484006 ], [ 6.0221884, 46.6476626 ], [ 6.0218043, 46.6472727 ], [ 6.0208429, 46.6468069 ], [ 6.0202186, 46.6462863 ], [ 6.0200202, 46.6462483 ], [ 6.0193144, 46.6464507 ], [ 6.0179948, 46.6472379 ], [ 6.0156161, 46.6462021 ], [ 6.0103737, 46.6455469 ], [ 6.0087533, 46.6452291 ], [ 6.0035175, 46.6431993 ], [ 6.0014703, 46.6428745 ], [ 6.0010364, 46.6424786 ], [ 5.9995409, 46.6423357 ], [ 5.9975476, 46.6419184 ], [ 5.9949908, 46.6416501 ], [ 5.994181, 46.6412703 ], [ 5.993953, 46.6415727 ], [ 5.9936852, 46.6417464 ], [ 5.9933504, 46.6417731 ], [ 5.992763, 46.641583 ], [ 5.9906462, 46.6405606 ], [ 5.9899293, 46.6403477 ], [ 5.9875904, 46.6399483 ], [ 5.9869536, 46.6398811 ], [ 5.9862425, 46.6401069 ], [ 5.9858366, 46.6401481 ], [ 5.9846375, 46.6400162 ], [ 5.9842942, 46.6401009 ], [ 5.9821791, 46.6399883 ], [ 5.9811563, 46.6395869 ], [ 5.9810194, 46.639213 ], [ 5.9806251, 46.638798799999989 ], [ 5.9803848, 46.6382806 ], [ 5.9798782, 46.6376306 ], [ 5.9785476, 46.6375562 ], [ 5.9773784, 46.6373947 ], [ 5.9749916, 46.637262 ], [ 5.9717952, 46.6368935 ], [ 5.9697662, 46.6367975 ], [ 5.9653409, 46.6364408 ], [ 5.9611674, 46.6363361 ], [ 5.9601632, 46.6363675 ], [ 5.9589396, 46.6362873 ], [ 5.9591738, 46.6343404 ], [ 5.9590607, 46.6341622 ], [ 5.9563818, 46.6337781 ], [ 5.9538, 46.633159 ], [ 5.9519227, 46.6328902 ], [ 5.9514777, 46.6327638 ], [ 5.9512168, 46.6323669 ], [ 5.9485419, 46.6306318 ], [ 5.9489117, 46.6301673 ], [ 5.9492889, 46.6289213 ], [ 5.9488793, 46.6290382 ], [ 5.9483351, 46.6293513 ], [ 5.9478937, 46.6298952 ], [ 5.94744, 46.6300664 ], [ 5.9468871, 46.6305311 ], [ 5.946694, 46.6306136 ], [ 5.9462649, 46.630612 ], [ 5.9459135, 46.630957099999989 ], [ 5.9455957, 46.6309824 ], [ 5.9452191, 46.631275 ], [ 5.9386608, 46.6369624 ], [ 5.9382757, 46.6376075 ], [ 5.9377587, 46.6380136 ], [ 5.9376551, 46.6383956 ], [ 5.9371382, 46.6388522 ], [ 5.9370162, 46.6381678 ], [ 5.9367171, 46.638274599999988 ], [ 5.9363393, 46.6386672 ], [ 5.9356479, 46.6391381 ], [ 5.9338956, 46.6398777 ], [ 5.9327522, 46.6409198 ], [ 5.932638, 46.6409137 ], [ 5.9288889, 46.6370828 ], [ 5.9279495, 46.6363509 ], [ 5.92344, 46.6383384 ], [ 5.9252627, 46.640412 ], [ 5.9259419, 46.6416561 ], [ 5.9266085, 46.6426176 ], [ 5.9274081, 46.6442002 ], [ 5.9278766, 46.6447378 ], [ 5.9299249, 46.6463299 ], [ 5.930464, 46.6469622 ], [ 5.9298505, 46.647231 ], [ 5.9291348, 46.6479837 ], [ 5.9287425, 46.6482541 ], [ 5.9284765, 46.6482222 ], [ 5.9280166, 46.6486484 ], [ 5.928021, 46.6494592 ], [ 5.9282013, 46.6495024 ], [ 5.9279169, 46.649834 ], [ 5.9268556, 46.6503891 ], [ 5.9256819, 46.6493676 ], [ 5.926083, 46.6487978 ], [ 5.9260712, 46.6484332 ], [ 5.9258047, 46.6479057 ], [ 5.9252376, 46.6477021 ], [ 5.9243231, 46.647702 ], [ 5.9239978, 46.6476148 ], [ 5.9231272, 46.6467783 ], [ 5.9227192, 46.6467328 ], [ 5.9219019, 46.64584 ], [ 5.921866, 46.6454165 ], [ 5.9207901, 46.6447258 ], [ 5.9207423, 46.6440071 ], [ 5.9202052, 46.6437992 ], [ 5.9198597, 46.6433592 ], [ 5.918595, 46.6432941 ], [ 5.918892, 46.6437813 ], [ 5.919174, 46.644038099999989 ], [ 5.9191982, 46.644269 ], [ 5.9190171, 46.6444286 ], [ 5.9172169, 46.6451854 ], [ 5.9170949, 46.6453498 ], [ 5.9177386, 46.6458614 ], [ 5.9145553, 46.648105799999989 ], [ 5.9144329, 46.648263 ], [ 5.9188925, 46.6502228 ], [ 5.9198809, 46.6507436 ], [ 5.9145915, 46.6546365 ], [ 5.9141946, 46.6547502 ], [ 5.9136238, 46.6552341 ], [ 5.909446, 46.6552186 ], [ 5.900267, 46.6555477 ], [ 5.8921939, 46.6559544 ], [ 5.8896206, 46.6559679 ], [ 5.8872389, 46.6568028 ], [ 5.8861034, 46.6574747 ], [ 5.8834509, 46.6577956 ], [ 5.8831048, 46.6577845 ], [ 5.882875, 46.6576947 ], [ 5.8829692, 46.6562651 ], [ 5.8827224, 46.6553613 ], [ 5.8815958, 46.6533885 ], [ 5.8796342, 46.6492129 ], [ 5.8789509, 46.647698299999988 ], [ 5.8787946, 46.6467733 ], [ 5.8791195, 46.6465101 ], [ 5.8871926, 46.643886 ], [ 5.8822442, 46.6422238 ], [ 5.8800423, 46.6427405 ], [ 5.8782867, 46.6433342 ], [ 5.8780535, 46.6433536 ], [ 5.8763254, 46.6427122 ], [ 5.873698, 46.642109499999989 ], [ 5.8735971, 46.6422058 ], [ 5.8718733, 46.6415696 ], [ 5.8716414, 46.6416637 ], [ 5.8710177, 46.6413721 ], [ 5.8706769, 46.641532 ], [ 5.8687569, 46.6415414 ], [ 5.867601, 46.6418 ], [ 5.8673979, 46.6419925 ], [ 5.8670029, 46.6421664 ], [ 5.8658097, 46.6421908 ], [ 5.8699345, 46.6396125 ], [ 5.8712408, 46.6388833 ], [ 5.8712618, 46.6387602 ], [ 5.8710233, 46.6385788 ], [ 5.8702654, 46.638595099999989 ], [ 5.8698407, 46.638084 ], [ 5.8687974, 46.6373019 ], [ 5.8684257, 46.6373716 ], [ 5.8672087, 46.6378337 ], [ 5.8666391, 46.637055 ], [ 5.8662256, 46.6366806 ], [ 5.8654798, 46.6363281 ], [ 5.8634391, 46.6357303 ], [ 5.8627623, 46.6349021 ], [ 5.8627442, 46.6347322 ], [ 5.8608698, 46.6344331 ], [ 5.8605394, 46.6341449 ], [ 5.8595643, 46.6341584 ], [ 5.8580658, 46.633721 ], [ 5.8570638, 46.6330224 ], [ 5.856787, 46.6325095 ], [ 5.8566434, 46.6316427 ], [ 5.8568391, 46.6310854 ], [ 5.8569162, 46.6297392 ], [ 5.8561486, 46.6285726 ], [ 5.8557951, 46.6274443 ], [ 5.8556864, 46.625773 ], [ 5.8572888, 46.6200548 ], [ 5.8571759, 46.6192007 ], [ 5.8623768, 46.6152064 ], [ 5.8626519, 46.6152896 ], [ 5.862982, 46.615276 ], [ 5.8634639, 46.6151162 ], [ 5.8653342, 46.6150009 ], [ 5.8662769, 46.6151251 ], [ 5.8669451, 46.6149507 ], [ 5.8679652, 46.6143098 ], [ 5.8686783, 46.6141946 ], [ 5.8689993, 46.6139595 ], [ 5.869181, 46.6136864 ], [ 5.8695853, 46.613542 ], [ 5.86987, 46.6136106 ], [ 5.8699023, 46.6138504 ], [ 5.8700972, 46.6140743 ], [ 5.8705713, 46.6142886 ], [ 5.8718983, 46.613913 ], [ 5.8737768, 46.6136829 ], [ 5.8745443, 46.6134339 ], [ 5.8750971, 46.6128848 ], [ 5.8761952, 46.6125347 ], [ 5.87745, 46.6123031 ], [ 5.8783144, 46.6120345 ], [ 5.8800314, 46.6121139 ], [ 5.8803666, 46.6122956 ], [ 5.8808898, 46.6122978 ], [ 5.8812289, 46.6125298 ], [ 5.8814342, 46.6124805 ], [ 5.8821866, 46.6120219 ], [ 5.8827554, 46.6119247 ], [ 5.8830138, 46.6117172 ], [ 5.8845489, 46.611547 ], [ 5.8844403, 46.6114218 ], [ 5.8842849, 46.6104148 ], [ 5.8838068, 46.6102745 ], [ 5.8837062, 46.6101293 ], [ 5.8836467, 46.6098947 ], [ 5.8838123, 46.6096392 ], [ 5.8847039, 46.6093419 ], [ 5.8848464, 46.6092185 ], [ 5.884779, 46.6087354 ], [ 5.8849759, 46.6085538 ], [ 5.8858352, 46.6082889 ], [ 5.8862847, 46.608283 ], [ 5.8863369, 46.6080357 ], [ 5.8866671, 46.6077787 ], [ 5.8891919, 46.6061815 ], [ 5.8890218, 46.6058839 ], [ 5.8890215, 46.6055343 ], [ 5.8875671, 46.6048078 ], [ 5.8876292, 46.6046963 ], [ 5.8872253, 46.6045254 ], [ 5.8869835, 46.6041819 ], [ 5.8860434, 46.6037353 ], [ 5.8853901, 46.6036436 ], [ 5.8847972, 46.6033837 ], [ 5.8845358, 46.6030903 ], [ 5.8844941, 46.6027228 ], [ 5.8842525, 46.6026532 ], [ 5.8838921, 46.6027605 ], [ 5.8830778, 46.6024908 ], [ 5.8821724, 46.6020577 ], [ 5.8818198, 46.6017674 ], [ 5.8817902, 46.601506 ], [ 5.8826445, 46.6008276 ], [ 5.8819336, 46.598957 ], [ 5.8817319, 46.5979862 ], [ 5.8817495, 46.5973812 ], [ 5.8810532, 46.596599499999989 ], [ 5.8807644, 46.5953904 ], [ 5.880351, 46.595062 ], [ 5.8796778, 46.5942959 ], [ 5.8796861, 46.5935397 ], [ 5.8789524, 46.5923706 ], [ 5.8789317, 46.5920531 ], [ 5.8791861, 46.5918953 ], [ 5.8797916, 46.5918278 ], [ 5.8798092, 46.5910254 ], [ 5.8795153, 46.5909292 ], [ 5.8793855, 46.5905522 ], [ 5.878937, 46.5903752 ], [ 5.8788516, 46.5883897 ], [ 5.8790792, 46.5878262 ], [ 5.8790661, 46.587627399999988 ], [ 5.8787908, 46.5869441 ], [ 5.8786332, 46.5861138 ], [ 5.8782056, 46.585246 ], [ 5.8783835, 46.5849757 ], [ 5.8780787, 46.58455 ], [ 5.8779447, 46.583327 ], [ 5.8773731, 46.5824269 ], [ 5.8773729, 46.5821755 ], [ 5.8762588, 46.5820629 ], [ 5.8749403, 46.581495 ], [ 5.8736938, 46.5807064 ], [ 5.8732946, 46.5802245 ], [ 5.873178, 46.579748 ], [ 5.8728472, 46.5793734 ], [ 5.8728789, 46.5781166 ], [ 5.8725625, 46.5771487 ], [ 5.8724298, 46.576342 ], [ 5.8714325, 46.5753957 ], [ 5.8706205, 46.574443 ], [ 5.8710582, 46.5718172 ], [ 5.870976, 46.5711741 ], [ 5.8701503, 46.5696883 ], [ 5.8696461, 46.5690206 ], [ 5.8670419, 46.5677974 ], [ 5.864957, 46.5665846 ], [ 5.8648533, 46.5664268 ], [ 5.8648423, 46.566069399999989 ], [ 5.8653151, 46.5655458 ], [ 5.8670275, 46.564746 ], [ 5.8673542, 46.5646486 ], [ 5.8692461, 46.5650265 ], [ 5.8706896, 46.5643812 ], [ 5.8714684, 46.56394 ], [ 5.867646, 46.5587566 ], [ 5.864433, 46.5554844 ], [ 5.8624815, 46.5546385 ], [ 5.8622063, 46.5544219 ], [ 5.8618997, 46.5530366 ], [ 5.8624703, 46.5527854 ], [ 5.8621573, 46.552695 ], [ 5.8619803, 46.5524579 ], [ 5.8613254, 46.5520733 ], [ 5.8609072, 46.551945 ], [ 5.8592214, 46.5516781 ], [ 5.8588299, 46.5515347 ], [ 5.8586119, 46.5513366 ], [ 5.857847, 46.5496041 ], [ 5.8573195, 46.5492568 ], [ 5.8568836, 46.5490884 ], [ 5.8572376, 46.548693 ], [ 5.8523659, 46.5445951 ], [ 5.8518001, 46.5443398 ] ], [ [ 5.8710852, 46.507683 ], [ 5.8682175, 46.5100551 ], [ 5.8691379, 46.5103965 ], [ 5.8699976, 46.5104421 ], [ 5.8704536, 46.5108651 ], [ 5.8706778, 46.5108931 ], [ 5.871112, 46.5111179 ], [ 5.8719672, 46.5104882 ], [ 5.8717624, 46.5097701 ], [ 5.87222, 46.5071195 ], [ 5.8710852, 46.507683 ] ] ] ] } },
{ "type": "Feature", "properties": { "code_departement": 39.0, "code_rne": "0390922R", "multisecteur": 0.0 }, "geometry": { "type": "MultiPolygon", "coordinates": [ [ [ [ 5.4039109, 46.8895073 ], [ 5.4026946, 46.8885103 ], [ 5.4030492, 46.88833 ], [ 5.4023896, 46.887825799999987 ], [ 5.4014634, 46.8874145 ], [ 5.4012067, 46.8872244 ], [ 5.4012165, 46.8866756 ], [ 5.4007673, 46.8859986 ], [ 5.401047, 46.8847812 ], [ 5.4001317, 46.8845526 ], [ 5.4001246, 46.8833565 ], [ 5.3997568, 46.8826768 ], [ 5.400045, 46.8823312 ], [ 5.3996424, 46.8813992 ], [ 5.3998596, 46.8811145 ], [ 5.4008233, 46.8805386 ], [ 5.4037605, 46.879909 ], [ 5.4052502, 46.8794058 ], [ 5.4046229, 46.8788586 ], [ 5.4042665, 46.8783761 ], [ 5.4042061, 46.8767217 ], [ 5.4026436, 46.8768858 ], [ 5.4024381, 46.8768135 ], [ 5.4019711, 46.8769458 ], [ 5.4016714, 46.8760242 ], [ 5.4036117, 46.8755225 ], [ 5.4038667, 46.8753803 ], [ 5.4038849, 46.8730982 ], [ 5.4042622, 46.8730146 ], [ 5.4056431, 46.8724021 ], [ 5.4047305, 46.8718194 ], [ 5.4044211, 46.8714484 ], [ 5.4039147, 46.8711942 ], [ 5.4030733, 46.8708226 ], [ 5.4009284, 46.8702611 ], [ 5.4017522, 46.8685189 ], [ 5.4026499, 46.8686227 ], [ 5.4044364, 46.8685395 ], [ 5.4053692, 46.8689875 ], [ 5.4062733, 46.8684074 ], [ 5.4068546, 46.8682466 ], [ 5.4069236, 46.8674642 ], [ 5.4064813, 46.8671176 ], [ 5.406197, 46.867074 ], [ 5.4058735, 46.8671844 ], [ 5.4057457, 46.8674708 ], [ 5.4053422, 46.8676107 ], [ 5.405137, 46.8678997 ], [ 5.4041847, 46.8678394 ], [ 5.4037538, 46.867661 ], [ 5.4035493, 46.8672554 ], [ 5.4060025, 46.866806 ], [ 5.4055174, 46.8662343 ], [ 5.4073754, 46.865545 ], [ 5.4078734, 46.8652851 ], [ 5.4080069, 46.8650959 ], [ 5.4088968, 46.8644043 ], [ 5.4097829, 46.8641002 ], [ 5.4102356, 46.8641511 ], [ 5.4104813, 46.8639469 ], [ 5.4111537, 46.8640355 ], [ 5.4114115, 46.8637184 ], [ 5.4117216, 46.863752399999989 ], [ 5.41191, 46.8640007 ], [ 5.4126511, 46.8636852 ], [ 5.4130336, 46.8637529 ], [ 5.413973, 46.8632891 ], [ 5.4139273, 46.863 ], [ 5.413783, 46.8628265 ], [ 5.4154026, 46.8624213 ], [ 5.4153739, 46.8619265 ], [ 5.4164876, 46.8618968 ], [ 5.4167922, 46.8614833 ], [ 5.4167795, 46.8612583 ], [ 5.4155591, 46.8605714 ], [ 5.4160982, 46.86047 ], [ 5.4166477, 46.8606008 ], [ 5.417016, 46.8605534 ], [ 5.4172678, 46.8610175 ], [ 5.4179914, 46.8607527 ], [ 5.4187171, 46.8607114 ], [ 5.4196293, 46.8610813 ], [ 5.4197209, 46.8610443 ], [ 5.4197656, 46.8607821 ], [ 5.4196552, 46.8599269 ], [ 5.4207358, 46.8599825 ], [ 5.4213178, 46.8602811 ], [ 5.4218498, 46.8600789 ], [ 5.4229327, 46.8598327 ], [ 5.4233972, 46.8599103 ], [ 5.4237398, 46.8601706 ], [ 5.423981, 46.8600728 ], [ 5.4242595, 46.8595769 ], [ 5.424657, 46.8595387 ], [ 5.4248216, 46.8599001 ], [ 5.425105, 46.8599545 ], [ 5.425378, 46.8601271 ], [ 5.4268388, 46.8604305 ], [ 5.427279, 46.8602879 ], [ 5.4274951, 46.8601284 ], [ 5.4278814, 46.8602509 ], [ 5.429235, 46.8600665 ], [ 5.4307836, 46.8607166 ], [ 5.4314803, 46.860819 ], [ 5.4317863, 46.8613458 ], [ 5.4330825, 46.8609373 ], [ 5.4335164, 46.8608894 ], [ 5.4342657, 46.8612285 ], [ 5.4345007, 46.8614307 ], [ 5.4346351, 46.8613828 ], [ 5.4346271, 46.8610875 ], [ 5.4347663, 46.8609405 ], [ 5.4351368, 46.860974 ], [ 5.4356916, 46.8608128 ], [ 5.435868, 46.8609379 ], [ 5.4359936, 46.8614243 ], [ 5.4364581, 46.8615037 ], [ 5.4367399, 46.861695 ], [ 5.4369338, 46.8616558 ], [ 5.4371226, 46.8614157 ], [ 5.4379242, 46.8617186 ], [ 5.4383291, 46.8616676 ], [ 5.4389066, 46.8614266 ], [ 5.4391274, 46.8616057 ], [ 5.439444, 46.8616377 ], [ 5.439703, 46.8615854 ], [ 5.441617, 46.8606656 ], [ 5.4427519, 46.8609622 ], [ 5.4434044, 46.8608997 ], [ 5.444129, 46.8604853 ], [ 5.4465362, 46.8602512 ], [ 5.4477219, 46.8595225 ], [ 5.4479714, 46.8592902 ], [ 5.4468418, 46.8590512 ], [ 5.4465044, 46.85888 ], [ 5.4464153, 46.8584774 ], [ 5.4467926, 46.8581964 ], [ 5.4472558, 46.858274 ], [ 5.4476817, 46.8585153 ], [ 5.4478765, 46.8588157 ], [ 5.4483378, 46.8587374 ], [ 5.4489478, 46.8583749 ], [ 5.4495586, 46.8578277 ], [ 5.4499078, 46.8577086 ], [ 5.4509312, 46.857050799999989 ], [ 5.4523055, 46.8565729 ], [ 5.4525277, 46.8563754 ], [ 5.4539327, 46.8557068 ], [ 5.4545121, 46.855510699999989 ], [ 5.4575691, 46.8548752 ], [ 5.457954, 46.8548769 ], [ 5.4586448, 46.8554882 ], [ 5.4592292, 46.8551118 ], [ 5.4611804, 46.8573626 ], [ 5.4617699, 46.8571591 ], [ 5.4621945, 46.856792399999989 ], [ 5.4623543, 46.8567547 ], [ 5.4632095, 46.8568481 ], [ 5.4638706, 46.8568312 ], [ 5.4646432, 46.856985 ], [ 5.4652493, 46.8572314 ], [ 5.4660596, 46.8572627 ], [ 5.4662933, 46.8572334 ], [ 5.4666762, 46.8569909 ], [ 5.4674773, 46.8560405 ], [ 5.46812, 46.8557349 ], [ 5.4683446, 46.8554193 ], [ 5.4685449, 46.8554357 ], [ 5.4687194, 46.8555464 ], [ 5.4692543, 46.8553556 ], [ 5.4708306, 46.85551 ], [ 5.4710882, 46.8554009 ], [ 5.4712979, 46.8551027 ], [ 5.471846, 46.8548847 ], [ 5.4720575, 46.8545982 ], [ 5.4721718, 46.8545714 ], [ 5.4747357, 46.8546433 ], [ 5.4761649, 46.854395499999988 ], [ 5.4769118, 46.8543902 ], [ 5.4781225, 46.8534147 ], [ 5.4781825, 46.8531179 ], [ 5.4784567, 46.853085 ], [ 5.4787918, 46.853148 ], [ 5.4803511, 46.8522442 ], [ 5.4813849, 46.8523111 ], [ 5.4828288, 46.8520989 ], [ 5.4848221, 46.8525288 ], [ 5.4867481, 46.8531817 ], [ 5.4877317, 46.853183 ], [ 5.4883185, 46.8533505 ], [ 5.4887307, 46.8532902 ], [ 5.4909875, 46.8534522 ], [ 5.491341, 46.8533436 ], [ 5.4917795, 46.8533711 ], [ 5.4923587, 46.853258499999988 ], [ 5.4932669, 46.8533064 ], [ 5.4939811, 46.8531333 ], [ 5.4947046, 46.8534176 ], [ 5.495697, 46.853297 ], [ 5.4960696, 46.85346 ], [ 5.4966194, 46.8538778 ], [ 5.4975354, 46.8541228 ], [ 5.4991691, 46.854353 ], [ 5.5008016, 46.854786 ], [ 5.5012382, 46.8550278 ], [ 5.5019182, 46.8551365 ], [ 5.5024753, 46.8553126 ], [ 5.5029492, 46.8556221 ], [ 5.5031623, 46.8558868 ], [ 5.5049977, 46.8568135 ], [ 5.5050196, 46.8570022 ], [ 5.504806, 46.8572122 ], [ 5.5048056, 46.8574014 ], [ 5.5053944, 46.8578093 ], [ 5.5056071, 46.8584614 ], [ 5.5062027, 46.8586186 ], [ 5.5063228, 46.8587448 ], [ 5.5063496, 46.8588416 ], [ 5.5060947, 46.8588948 ], [ 5.5059878, 46.8589963 ], [ 5.5064263, 46.8591363 ], [ 5.5064826, 46.859217 ], [ 5.5065548, 46.859728 ], [ 5.5063872, 46.8599929 ], [ 5.5064102, 46.8601212 ], [ 5.5065354, 46.8601879 ], [ 5.5069574, 46.8601985 ], [ 5.507119, 46.860313 ], [ 5.5068248, 46.8606527 ], [ 5.5071656, 46.8608083 ], [ 5.5069011, 46.8611077 ], [ 5.5071285, 46.86151 ], [ 5.5067068, 46.8615074 ], [ 5.5062342, 46.8617664 ], [ 5.505751, 46.8618535 ], [ 5.5047013, 46.8623862 ], [ 5.5044484, 46.8627673 ], [ 5.5041113, 46.8629197 ], [ 5.5043018, 46.8632317 ], [ 5.5041307, 46.8634814 ], [ 5.5031424, 46.8634371 ], [ 5.5028272, 46.8632683 ], [ 5.5017207, 46.8638509 ], [ 5.501191, 46.8642408 ], [ 5.5008394, 46.8651285 ], [ 5.5005135, 46.8654662 ], [ 5.4997204, 46.8657266 ], [ 5.498787, 46.8657938 ], [ 5.4967913, 46.8666055 ], [ 5.4934079, 46.8668067 ], [ 5.4912582, 46.8662732 ], [ 5.4908087, 46.866037 ], [ 5.4892841, 46.8658718 ], [ 5.4886262, 46.8659887 ], [ 5.488829, 46.8673725 ], [ 5.4886139, 46.8674942 ], [ 5.4879876, 46.8675276 ], [ 5.4880421, 46.8678264 ], [ 5.4883491, 46.8683341 ], [ 5.4880828, 46.8689128 ], [ 5.4883462, 46.8692422 ], [ 5.4882502, 46.8694974 ], [ 5.4880132, 46.8695404 ], [ 5.487807, 46.8694854 ], [ 5.4869052, 46.869068 ], [ 5.4864888, 46.8689815 ], [ 5.4859594, 46.8690371 ], [ 5.4855811, 46.8688074 ], [ 5.4843041, 46.8685737 ], [ 5.4834075, 46.8685841 ], [ 5.4822318, 46.8682653 ], [ 5.4821674, 46.8683505 ], [ 5.4826516, 46.8690003 ], [ 5.4822891, 46.8692 ], [ 5.4825639, 46.8694923 ], [ 5.4816046, 46.8700273 ], [ 5.4816324, 46.8702051 ], [ 5.4812258, 46.8705337 ], [ 5.4860321, 46.871964 ], [ 5.4918969, 46.8744712 ], [ 5.5002959, 46.8778753 ], [ 5.5041571, 46.878106599999988 ], [ 5.5045441, 46.8816439 ], [ 5.5047848, 46.8823872 ], [ 5.5050598, 46.885008 ], [ 5.5053576, 46.886787 ], [ 5.5055069, 46.8870324 ], [ 5.5055446, 46.8888963 ], [ 5.5054134, 46.8897234 ], [ 5.5057835, 46.8915584 ], [ 5.5024026, 46.8975008 ], [ 5.4976594, 46.8978632 ], [ 5.496294, 46.8981225 ], [ 5.4942979, 46.8987242 ], [ 5.4936828, 46.8993222 ], [ 5.4926816, 46.8996402 ], [ 5.4912718, 46.901988499999987 ], [ 5.4903499, 46.9026625 ], [ 5.4886188, 46.9036295 ], [ 5.4882406, 46.9042088 ], [ 5.4872419, 46.9049853 ], [ 5.4862224, 46.9053964 ], [ 5.4847349, 46.9063185 ], [ 5.4843903, 46.9075448 ], [ 5.4843787, 46.908753 ], [ 5.48417, 46.9096736 ], [ 5.4837637, 46.9104445 ], [ 5.4835057, 46.9112959 ], [ 5.4829752, 46.9118821 ], [ 5.4818773, 46.9125633 ], [ 5.4813501, 46.9130197 ], [ 5.4811333, 46.9133937 ], [ 5.4809283, 46.9146574 ], [ 5.4803759, 46.9160845 ], [ 5.4794826, 46.9175036 ], [ 5.4799214, 46.9176698 ], [ 5.4813463, 46.9178093 ], [ 5.4821068, 46.9179362 ], [ 5.4822477, 46.9180268 ], [ 5.4826358, 46.9180329 ], [ 5.4828782, 46.9185303 ], [ 5.4833815, 46.9185267 ], [ 5.4846421, 46.9187805 ], [ 5.4852284, 46.9194363 ], [ 5.4862192, 46.9198266 ], [ 5.4868984, 46.9197299 ], [ 5.4884729, 46.9181736 ], [ 5.4912397, 46.9162203 ], [ 5.4939867, 46.9140971 ], [ 5.4953313, 46.9115277 ], [ 5.4969924, 46.9115466 ], [ 5.4980833, 46.9113996 ], [ 5.5008717, 46.9107823 ], [ 5.5021028, 46.9106826 ], [ 5.5024056, 46.9105788 ], [ 5.5053594, 46.9106389 ], [ 5.5075386, 46.9103203 ], [ 5.5082004, 46.9103338 ], [ 5.5091317, 46.9102334 ], [ 5.5093316, 46.9101786 ], [ 5.5098298, 46.9098101 ], [ 5.5105266, 46.9090481 ], [ 5.5112449, 46.908864 ], [ 5.5116716, 46.9085421 ], [ 5.5125516, 46.9083572 ], [ 5.5140689, 46.9086493 ], [ 5.5148813, 46.9086207 ], [ 5.515773, 46.9082085 ], [ 5.5162162, 46.9081565 ], [ 5.5163665, 46.9079109 ], [ 5.5173509, 46.9081632 ], [ 5.5190535, 46.9088485 ], [ 5.519726, 46.9093463 ], [ 5.5203476, 46.9094264 ], [ 5.5229658, 46.9093646 ], [ 5.5243012, 46.9096722 ], [ 5.5246737, 46.9100208 ], [ 5.5259959, 46.9100161 ], [ 5.5267832, 46.909789 ], [ 5.5281198, 46.9086309 ], [ 5.5286817, 46.9084195 ], [ 5.5294248, 46.9083446 ], [ 5.5300405, 46.9086085 ], [ 5.531754, 46.909833 ], [ 5.5334792, 46.9115552 ], [ 5.5355713, 46.9116831 ], [ 5.535748, 46.9117774 ], [ 5.5364995, 46.9128625 ], [ 5.5369177, 46.9131182 ], [ 5.5389255, 46.9133514 ], [ 5.5398119, 46.9132183 ], [ 5.5409564, 46.9121166 ], [ 5.542798, 46.9111905 ], [ 5.54416, 46.9117819 ], [ 5.5446439, 46.9116731 ], [ 5.5463623, 46.9103388 ], [ 5.5472069, 46.910212 ], [ 5.5476278, 46.9103847 ], [ 5.548323, 46.9102693 ], [ 5.5490278, 46.910301499999989 ], [ 5.5495558, 46.9104042 ], [ 5.5500072, 46.9107212 ], [ 5.5509293, 46.9106242 ], [ 5.5516159, 46.91119 ], [ 5.5522578, 46.9098327 ], [ 5.5537031, 46.9102925 ], [ 5.5551415, 46.9113848 ], [ 5.5559209, 46.912299 ], [ 5.556018, 46.9126842 ], [ 5.5556348, 46.9134503 ], [ 5.5546888, 46.9130984 ], [ 5.5538677, 46.9141678 ], [ 5.5536685, 46.9146272 ], [ 5.5532187, 46.9150975 ], [ 5.5545292, 46.915426 ], [ 5.5519187, 46.9187233 ], [ 5.5518252, 46.9189974 ], [ 5.5517353, 46.9207993 ], [ 5.551626, 46.9210467 ], [ 5.5508453, 46.9218036 ], [ 5.5436772, 46.927513 ], [ 5.5386139, 46.9293164 ], [ 5.5375811, 46.9312651 ], [ 5.5376321, 46.9314568 ], [ 5.5375211, 46.9314736 ], [ 5.5377411, 46.9318462 ], [ 5.5395233, 46.9337005 ], [ 5.5394531, 46.9339128 ], [ 5.5391127, 46.9342248 ], [ 5.5391535, 46.9343662 ], [ 5.5412697, 46.9356573 ], [ 5.5416152, 46.9358452 ], [ 5.5422858, 46.9357871 ], [ 5.5428427, 46.9355208 ], [ 5.5433605, 46.9353995 ], [ 5.5442369, 46.9354387 ], [ 5.5457271, 46.9361697 ], [ 5.5461876, 46.936228 ], [ 5.5479393, 46.9361145 ], [ 5.5485238, 46.936154699999989 ], [ 5.5491634, 46.9365829 ], [ 5.5497611, 46.9366516 ], [ 5.5499452, 46.9368178 ], [ 5.5510099, 46.9372248 ], [ 5.551653, 46.9379205 ], [ 5.5525202, 46.9381247 ], [ 5.5528209, 46.9386171 ], [ 5.5530668, 46.9388386 ], [ 5.5539234, 46.9390692 ], [ 5.5542112, 46.9392321 ], [ 5.5560299, 46.9398107 ], [ 5.5564031, 46.9401366 ], [ 5.5565694, 46.9405383 ], [ 5.5569688, 46.940779 ], [ 5.5579279, 46.941813499999988 ], [ 5.5580882, 46.9424486 ], [ 5.5589633, 46.9430138 ], [ 5.558864, 46.9434718 ], [ 5.5583396, 46.9441204 ], [ 5.5557106, 46.946801 ], [ 5.554098, 46.9495032 ], [ 5.5542967, 46.9525111 ], [ 5.5514092, 46.9529048 ], [ 5.5506207, 46.9529492 ], [ 5.5410393, 46.9508187 ], [ 5.5366137, 46.9545141 ], [ 5.5320054, 46.957356499999989 ], [ 5.5328683, 46.959822 ], [ 5.5360724, 46.964371899999989 ], [ 5.5460797, 46.9804921 ], [ 5.5407891, 46.9794999 ], [ 5.5413871, 46.9820279 ], [ 5.5360963, 46.9828245 ], [ 5.5222004, 46.9851938 ], [ 5.5219673, 46.9853331 ], [ 5.5195568, 46.9858056 ], [ 5.5162294, 46.9873105 ], [ 5.5153924, 46.9864387 ], [ 5.5133939, 46.9851897 ], [ 5.5117643, 46.9843973 ], [ 5.5113634, 46.982881 ], [ 5.5110162, 46.9825751 ], [ 5.5102418, 46.9821686 ], [ 5.5091976, 46.981876 ], [ 5.508961, 46.9816577 ], [ 5.5088452, 46.9811468 ], [ 5.5086519, 46.980897 ], [ 5.5082321, 46.9808413 ], [ 5.5079613, 46.9809616 ], [ 5.5077845, 46.980697 ], [ 5.5074771, 46.9807379 ], [ 5.5065421, 46.9804438 ], [ 5.5064986, 46.9803295 ], [ 5.506715, 46.9802275 ], [ 5.5066678, 46.9801195 ], [ 5.5061746, 46.9801545 ], [ 5.505765, 46.9800635 ], [ 5.5054878, 46.9798191 ], [ 5.5049305, 46.9796087 ], [ 5.5044792, 46.9796986 ], [ 5.5031322, 46.980226 ], [ 5.5027456, 46.9804614 ], [ 5.5022536, 46.9809495 ], [ 5.5022172, 46.9812728 ], [ 5.5024253, 46.981815 ], [ 5.5027421, 46.9821766 ], [ 5.5032314, 46.9825083 ], [ 5.5040517, 46.9828562 ], [ 5.505051, 46.9834561 ], [ 5.5059773, 46.9844133 ], [ 5.5063318, 46.985047 ], [ 5.5062819, 46.9855876 ], [ 5.5056764, 46.9868385 ], [ 5.5049771, 46.9876824 ], [ 5.504629, 46.9884926 ], [ 5.5034506, 46.9895405 ], [ 5.5031753, 46.9893375 ], [ 5.501703, 46.9894965 ], [ 5.5012421, 46.9905163 ], [ 5.5010886, 46.9912393 ], [ 5.5007175, 46.9919527 ], [ 5.5021463, 46.9928144 ], [ 5.5023806, 46.9934381 ], [ 5.5030342, 46.9942454 ], [ 5.5060324, 46.9949082 ], [ 5.5077942, 46.9957932 ], [ 5.509638, 46.9971088 ], [ 5.5110917, 46.9983293 ], [ 5.5115361, 46.9992222 ], [ 5.5127951, 47.0004433 ], [ 5.5133836, 47.0013475 ], [ 5.514215, 47.0023491 ], [ 5.5156131, 47.0032473 ], [ 5.5140627, 47.0036315 ], [ 5.5128205, 47.003791 ], [ 5.5058582, 47.0037235 ], [ 5.5050839, 47.0038376 ], [ 5.5047467, 47.004062 ], [ 5.4992521, 47.0066574 ], [ 5.5001455, 47.0068696 ], [ 5.5009068, 47.0073566 ], [ 5.5028904, 47.0096377 ], [ 5.4993682, 47.0104472 ], [ 5.4979522, 47.0109814 ], [ 5.4971891, 47.0114528 ], [ 5.4961436, 47.0115709 ], [ 5.4946943, 47.0113284 ], [ 5.4922396, 47.0121291 ], [ 5.4909671, 47.0119512 ], [ 5.4891493, 47.0121427 ], [ 5.4863249, 47.0110956 ], [ 5.4857073, 47.0110693 ], [ 5.4849454, 47.0111965 ], [ 5.4827868, 47.0105061 ], [ 5.4819219, 47.0103409 ], [ 5.4807048, 47.0103077 ], [ 5.4801886, 47.0102224 ], [ 5.4789283, 47.0102503 ], [ 5.4766992, 47.0099433 ], [ 5.4749963, 47.010314 ], [ 5.4737608, 47.0103387 ], [ 5.4730902, 47.0102171 ], [ 5.4717272, 47.0094977 ], [ 5.4708376, 47.0093393 ], [ 5.4697478, 47.009323 ], [ 5.4695952, 47.0130402 ], [ 5.4639293, 47.0127767 ], [ 5.4634946, 47.0156882 ], [ 5.4629126, 47.0157781 ], [ 5.4625658, 47.0167791 ], [ 5.4596007, 47.0168009 ], [ 5.4569262, 47.0165218 ], [ 5.4548065, 47.016076 ], [ 5.452725, 47.0155402 ], [ 5.4513914, 47.0150316 ], [ 5.4497891, 47.0142307 ], [ 5.4488152, 47.013374 ], [ 5.4480486, 47.0122967 ], [ 5.4471319, 47.0091265 ], [ 5.4464754, 47.0076875 ], [ 5.4459341, 47.006873 ], [ 5.4451054, 47.0059916 ], [ 5.4443051, 47.0053573 ], [ 5.4416975, 47.0037181 ], [ 5.4403313, 47.0030895 ], [ 5.438191, 47.0025528 ], [ 5.4376904, 47.0024877 ], [ 5.4360971, 47.0025151 ], [ 5.4348484, 47.0026513 ], [ 5.432189, 47.0026885 ], [ 5.4299911, 47.0028582 ], [ 5.4282616, 47.0032225 ], [ 5.4264137, 47.0039739 ], [ 5.4256649, 47.0045409 ], [ 5.4247535, 47.0055031 ], [ 5.423375, 47.0077083 ], [ 5.4202744, 47.0071032 ], [ 5.4183442, 47.0068428 ], [ 5.415277, 47.0059234 ], [ 5.4155655, 47.0022756 ], [ 5.4190111, 47.0027998 ], [ 5.4199479, 47.0024036 ], [ 5.4208997, 47.0017522 ], [ 5.4216104, 47.0011284 ], [ 5.4218816, 47.0010101 ], [ 5.421229, 46.9997879 ], [ 5.4202015, 46.9982187 ], [ 5.4188653, 46.9983684 ], [ 5.4187309, 46.9987486 ], [ 5.4179942, 46.9984695 ], [ 5.4169908, 46.9982879 ], [ 5.4158125, 46.9984368 ], [ 5.4133663, 46.9994104 ], [ 5.4122171, 46.9995912 ], [ 5.4118315, 46.9994191 ], [ 5.411413, 46.9988045 ], [ 5.4111484, 46.9985686 ], [ 5.409665, 46.9979294 ], [ 5.4084317, 46.9971679 ], [ 5.4075783, 46.9964237 ], [ 5.4065934, 46.9963335 ], [ 5.4057224, 46.9964939 ], [ 5.4053241, 46.9967148 ], [ 5.4042535, 46.9975965 ], [ 5.4035499, 46.997703 ], [ 5.4033163, 46.9980438 ], [ 5.4030839, 46.9990656 ], [ 5.4022156, 46.999108 ], [ 5.4009522, 46.9984399 ], [ 5.4007171, 46.997771 ], [ 5.4005072, 46.997552 ], [ 5.398528, 46.9962987 ], [ 5.3973778, 46.9957444 ], [ 5.3959609, 46.9953225 ], [ 5.3941255, 46.9955264 ], [ 5.3936602, 46.9939975 ], [ 5.3931078, 46.9926434 ], [ 5.3915136, 46.9928215 ], [ 5.39071, 46.9931967 ], [ 5.3885622, 46.9956218 ], [ 5.3875245, 46.9964198 ], [ 5.3864653, 46.9966119 ], [ 5.3855914, 46.9971542 ], [ 5.3850299, 46.996783 ], [ 5.3848586, 46.9967794 ], [ 5.3845733, 46.9969375 ], [ 5.3843757, 46.9969353 ], [ 5.3795816, 46.999941 ], [ 5.3789744, 47.0000535 ], [ 5.3785445, 47.0007262 ], [ 5.3777717, 47.0012952 ], [ 5.3767875, 47.0016109 ], [ 5.3756539, 47.0016703 ], [ 5.3677331, 47.004229 ], [ 5.3693844, 47.0061227 ], [ 5.3648662, 47.0059029 ], [ 5.3583936, 47.0017253 ], [ 5.3581987, 47.0017545 ], [ 5.3568793, 47.0026867 ], [ 5.3567424, 47.0029291 ], [ 5.3557665, 47.0038903 ], [ 5.3528153, 47.0019445 ], [ 5.3526102, 47.0019226 ], [ 5.352321, 47.0020834 ], [ 5.3516944, 47.0026916 ], [ 5.3510065, 47.0028587 ], [ 5.3491617, 47.0027053 ], [ 5.3488357, 47.0026255 ], [ 5.3484488, 47.0023578 ], [ 5.348014, 47.0022306 ], [ 5.3468137, 47.00221 ], [ 5.3459525, 47.0020275 ], [ 5.3457856, 47.0019733 ], [ 5.3455048, 47.0014791 ], [ 5.344963, 47.0015856 ], [ 5.3439446, 47.0016009 ], [ 5.3436426, 47.0014701 ], [ 5.3404687, 47.0014507 ], [ 5.3394994, 47.0013227 ], [ 5.339182, 47.0014741 ], [ 5.3387064, 47.0021341 ], [ 5.3377, 47.0028237 ], [ 5.3371967, 47.0030294 ], [ 5.3365634, 47.0029683 ], [ 5.3360747, 47.0035421 ], [ 5.335534, 47.0039476 ], [ 5.33442, 47.0044952 ], [ 5.3336116, 47.0047701 ], [ 5.3333704, 47.0055874 ], [ 5.3324524, 47.0063752 ], [ 5.3322062, 47.0070467 ], [ 5.3315658, 47.0070669 ], [ 5.3299608, 47.0065805 ], [ 5.3293175, 47.0067466 ], [ 5.3279881, 47.0067284 ], [ 5.3273616, 47.0068896 ], [ 5.3260256, 47.0078182 ], [ 5.3257363, 47.0081933 ], [ 5.3257699, 47.0083926 ], [ 5.3251158, 47.008891299999988 ], [ 5.3234883, 47.009687 ], [ 5.3225306, 47.0099557 ], [ 5.3221994, 47.0103371 ], [ 5.3203735, 47.0108404 ], [ 5.3195165, 47.0115521 ], [ 5.3192544, 47.0120402 ], [ 5.3188738, 47.0124702 ], [ 5.3182609, 47.0127339 ], [ 5.3181191, 47.0126214 ], [ 5.3173934, 47.0124027 ], [ 5.3172456, 47.0122751 ], [ 5.3164585, 47.0127133 ], [ 5.3156122, 47.011955699999987 ], [ 5.3148247, 47.0114635 ], [ 5.3143137, 47.0116782 ], [ 5.3124627, 47.0107677 ], [ 5.3111964, 47.0104427 ], [ 5.3102669, 47.0103532 ], [ 5.3090762, 47.0104707 ], [ 5.3073978, 47.0109141 ], [ 5.3074725, 47.0117071 ], [ 5.3042954, 47.0123992 ], [ 5.3037125, 47.0123794 ], [ 5.3034781, 47.0122255 ], [ 5.3031937, 47.0117934 ], [ 5.303431, 47.0111528 ], [ 5.3029207, 47.0096236 ], [ 5.3022717, 47.0089178 ], [ 5.3022298, 47.0087061 ], [ 5.3023231, 47.008516 ], [ 5.3022375, 47.008424 ], [ 5.3040281, 47.0077091 ], [ 5.3042224, 47.007571899999988 ], [ 5.3043182, 47.0065144 ], [ 5.3046202, 47.0058463 ], [ 5.3044353, 47.0054951 ], [ 5.3041522, 47.0053396 ], [ 5.3036947, 47.0052334 ], [ 5.3026109, 47.0051379 ], [ 5.3024787, 47.0050325 ], [ 5.3024678, 47.0048066 ], [ 5.3030946, 47.0033566 ], [ 5.3030235, 47.0030797 ], [ 5.3025929, 47.0028937 ], [ 5.3022165, 47.0028661 ], [ 5.3019033, 47.0029318 ], [ 5.3011227, 47.002442 ], [ 5.3008264, 47.0021309 ], [ 5.3002671, 47.0018295 ], [ 5.298929, 47.0015094 ], [ 5.2978178, 47.001727 ], [ 5.2970456, 47.0016802 ], [ 5.2968755, 47.001489 ], [ 5.2963845, 47.0013673 ], [ 5.2959242, 47.0009144 ], [ 5.2957527, 47.0008457 ], [ 5.2952513, 47.0010674 ], [ 5.2946722, 47.0015977 ], [ 5.2944332, 47.001643 ], [ 5.2917411, 47.0010957 ], [ 5.2903736, 47.0009815 ], [ 5.2893634, 47.0009736 ], [ 5.2882828, 47.0011986 ], [ 5.2871754, 47.0008521 ], [ 5.2864484, 47.0004108 ], [ 5.2846823, 47.0001188 ], [ 5.2840242, 46.9998427 ], [ 5.2835026, 46.9998359 ], [ 5.2831014, 46.9997205 ], [ 5.2811713, 46.9990669 ], [ 5.2804578, 46.9985991 ], [ 5.2794262, 46.998769 ], [ 5.279234, 46.9991745 ], [ 5.2788891, 46.9988328 ], [ 5.2785704, 46.9986733 ], [ 5.2741552, 46.9984668 ], [ 5.2742518, 46.997978499999988 ], [ 5.2747519, 46.997566899999988 ], [ 5.2755008, 46.9966884 ], [ 5.2757877, 46.9960919 ], [ 5.275391, 46.9954259 ], [ 5.2745999, 46.9948345 ], [ 5.2729479, 46.9945563 ], [ 5.2724923, 46.9943968 ], [ 5.2722964, 46.9936819 ], [ 5.2718787, 46.9930461 ], [ 5.274775, 46.9916146 ], [ 5.2741632, 46.9912159 ], [ 5.2731194, 46.9909365 ], [ 5.272554, 46.9906387 ], [ 5.2721115, 46.990163699999989 ], [ 5.2717841, 46.9895469 ], [ 5.2700574, 46.9895836 ], [ 5.2702288, 46.9893722 ], [ 5.2698216, 46.9889532 ], [ 5.2674052, 46.9886468 ], [ 5.2659492, 46.9879539 ], [ 5.265399, 46.9874207 ], [ 5.2630078, 46.9859859 ], [ 5.2606187, 46.9836846 ], [ 5.2595584, 46.9835081 ], [ 5.2579992, 46.9836774 ], [ 5.2574693, 46.9836256 ], [ 5.2571668, 46.9831902 ], [ 5.2570936, 46.9827611 ], [ 5.2574729, 46.9823889 ], [ 5.2582128, 46.9818925 ], [ 5.2581087, 46.9812893 ], [ 5.2570186, 46.9805261 ], [ 5.2564773, 46.980452 ], [ 5.2561051, 46.9801764 ], [ 5.2553401, 46.9798843 ], [ 5.2547843, 46.979243 ], [ 5.2533818, 46.9787795 ], [ 5.2532739, 46.9786844 ], [ 5.253347, 46.9783227 ], [ 5.2540639, 46.977559299999989 ], [ 5.2543134, 46.9774193 ], [ 5.2556339, 46.9773367 ], [ 5.256003, 46.9771304 ], [ 5.256372, 46.9767332 ], [ 5.2562636, 46.9762507 ], [ 5.2555374, 46.9754039 ], [ 5.2535997, 46.9743492 ], [ 5.253897, 46.9739678 ], [ 5.2544632, 46.9737856 ], [ 5.2551262, 46.9737186 ], [ 5.2552248, 46.9736536 ], [ 5.2557133, 46.9729343 ], [ 5.2565995, 46.9721297 ], [ 5.2566164, 46.9719681 ], [ 5.2564212, 46.9718297 ], [ 5.2548097, 46.9714946 ], [ 5.2545773, 46.9710659 ], [ 5.2546823, 46.9706486 ], [ 5.254873, 46.9703945 ], [ 5.2557107, 46.970098 ], [ 5.2564638, 46.9696356 ], [ 5.2567661, 46.969881 ], [ 5.2571108, 46.969785 ], [ 5.2573035, 46.9691382 ], [ 5.2575854, 46.9687039 ], [ 5.2582783, 46.9688164 ], [ 5.2588971, 46.9685431 ], [ 5.2588389, 46.9684109 ], [ 5.2583066, 46.9680467 ], [ 5.2575884, 46.9679878 ], [ 5.2567087, 46.967687 ], [ 5.2565665, 46.9674646 ], [ 5.2566372, 46.9672345 ], [ 5.2573121, 46.9668862 ], [ 5.2575342, 46.9665342 ], [ 5.2582214, 46.9665108 ], [ 5.258884, 46.9663726 ], [ 5.2591446, 46.966626 ], [ 5.259498, 46.9665507 ], [ 5.2601132, 46.9660648 ], [ 5.2608112, 46.965671 ], [ 5.2612153, 46.9652056 ], [ 5.2618794, 46.965134 ], [ 5.2622446, 46.9649305 ], [ 5.263034, 46.964679 ], [ 5.2632027, 46.9644046 ], [ 5.2631619, 46.9639631 ], [ 5.2632774, 46.9635483 ], [ 5.2632526, 46.9615114 ], [ 5.2629485, 46.9610048 ], [ 5.2628587, 46.9601149 ], [ 5.263063, 46.9599046 ], [ 5.2635553, 46.959722899999988 ], [ 5.2638217, 46.959424 ], [ 5.2648297, 46.9588026 ], [ 5.2650883, 46.9584138 ], [ 5.2649923, 46.9577545 ], [ 5.2643154, 46.9573283 ], [ 5.2636331, 46.9567112 ], [ 5.263425, 46.9545706 ], [ 5.2632011, 46.9536203 ], [ 5.2633906, 46.9530563 ], [ 5.2633742, 46.952601699999988 ], [ 5.2627091, 46.9506981 ], [ 5.2620321, 46.948319 ], [ 5.261315, 46.9472117 ], [ 5.2609593, 46.9461612 ], [ 5.2600116, 46.9455763 ], [ 5.2597872, 46.9456519 ], [ 5.2597348, 46.945752 ], [ 5.2597818, 46.9460573 ], [ 5.2591432, 46.9463238 ], [ 5.2582759, 46.9471614 ], [ 5.2574165, 46.947652 ], [ 5.2565108, 46.9478868 ], [ 5.255953, 46.9479464 ], [ 5.2546092, 46.9478303 ], [ 5.2534339, 46.9474327 ], [ 5.252843, 46.9468876 ], [ 5.252514, 46.9466941 ], [ 5.2524371, 46.9465857 ], [ 5.2525494, 46.9462817 ], [ 5.2525935, 46.9453207 ], [ 5.2525356, 46.9451606 ], [ 5.2521623, 46.9448202 ], [ 5.2520369, 46.9445236 ], [ 5.2522008, 46.9438494 ], [ 5.2524555, 46.9437769 ], [ 5.2543471, 46.9425536 ], [ 5.255109, 46.9416803 ], [ 5.2554931, 46.9415891 ], [ 5.2577937, 46.9403082 ], [ 5.2586856, 46.9401881 ], [ 5.2598949, 46.9397644 ], [ 5.2614954, 46.9393565 ], [ 5.2637865, 46.938074 ], [ 5.264355, 46.9375809 ], [ 5.2644249, 46.9369887 ], [ 5.264315, 46.936499 ], [ 5.263347, 46.9356795 ], [ 5.2623677, 46.9350294 ], [ 5.2624211, 46.9337899 ], [ 5.2621386, 46.9331352 ], [ 5.2626184, 46.9325043 ], [ 5.2629594, 46.9291199 ], [ 5.2620113, 46.9273884 ], [ 5.2646164, 46.927339 ], [ 5.268629, 46.9278996 ], [ 5.2699213, 46.9278327 ], [ 5.2722222, 46.9314939 ], [ 5.2747356, 46.9349463 ], [ 5.2754744, 46.935721699999988 ], [ 5.2774369, 46.9368881 ], [ 5.2809747, 46.9383638 ], [ 5.2832377, 46.9391981 ], [ 5.2836188, 46.9400949 ], [ 5.2868128, 46.9407368 ], [ 5.2893367, 46.9414875 ], [ 5.2905712, 46.9413215 ], [ 5.2917477, 46.9410594 ], [ 5.2937471, 46.9402009 ], [ 5.294265, 46.9396979 ], [ 5.2944643, 46.9392499 ], [ 5.2942593, 46.9386964 ], [ 5.296495, 46.9378619 ], [ 5.2975794, 46.9373242 ], [ 5.2986327, 46.9364862 ], [ 5.2994548, 46.9376047 ], [ 5.3001195, 46.9381139 ], [ 5.3011999, 46.9386256 ], [ 5.3023266, 46.9390498 ], [ 5.3043839, 46.9391231 ], [ 5.3066866, 46.9387825 ], [ 5.3065946, 46.9389987 ], [ 5.3082701, 46.938477 ], [ 5.3077567, 46.9380963 ], [ 5.3084905, 46.9373566 ], [ 5.3083991, 46.9369089 ], [ 5.3076207, 46.9358941 ], [ 5.3062544, 46.9337686 ], [ 5.305868, 46.9334323 ], [ 5.3066766, 46.9323217 ], [ 5.3070467, 46.9320261 ], [ 5.3075585, 46.9318798 ], [ 5.3079282, 46.9316688 ], [ 5.3088548, 46.9306117 ], [ 5.3089923, 46.929737 ], [ 5.3089936, 46.9288444 ], [ 5.3094122, 46.927747 ], [ 5.3092968, 46.9269828 ], [ 5.3083511, 46.9265126 ], [ 5.3082558, 46.925975 ], [ 5.3080599, 46.9255735 ], [ 5.3067251, 46.9255661 ], [ 5.3068229, 46.9236365 ], [ 5.3071594, 46.9230488 ], [ 5.3082664, 46.9219097 ], [ 5.3100313, 46.9212474 ], [ 5.3124456, 46.909882 ], [ 5.3128941, 46.909337 ], [ 5.3134083, 46.9089132 ], [ 5.3136198, 46.9089108 ], [ 5.3146874, 46.9080273 ], [ 5.3148599, 46.9075726 ], [ 5.3148907, 46.9069414 ], [ 5.3151255, 46.9064404 ], [ 5.3164968, 46.9050995 ], [ 5.3169632, 46.9040525 ], [ 5.3173377, 46.903681899999988 ], [ 5.3184296, 46.9032483 ], [ 5.3194346, 46.902412 ], [ 5.3200703, 46.9020353 ], [ 5.3209511, 46.9013375 ], [ 5.3216596, 46.9010944 ], [ 5.3240211, 46.9010324 ], [ 5.3246034, 46.9008819 ], [ 5.3249817, 46.9006022 ], [ 5.325112, 46.8993836 ], [ 5.3257444, 46.8989619 ], [ 5.3274398, 46.8980791 ], [ 5.3277799, 46.8985316 ], [ 5.3282396, 46.897763 ], [ 5.3289977, 46.8961101 ], [ 5.3287333, 46.8951894 ], [ 5.328081, 46.8938623 ], [ 5.3280173, 46.893542 ], [ 5.3285218, 46.8923194 ], [ 5.3282328, 46.8907327 ], [ 5.3288299, 46.888303 ], [ 5.3285657, 46.8875985 ], [ 5.332727, 46.8863559 ], [ 5.3359008, 46.8845495 ], [ 5.3371957, 46.8855735 ], [ 5.3373148, 46.8857458 ], [ 5.3373755, 46.8861472 ], [ 5.3377266, 46.8867022 ], [ 5.3376959, 46.8871451 ], [ 5.3373664, 46.8876994 ], [ 5.3377581, 46.8880392 ], [ 5.3377257, 46.8883839 ], [ 5.3378825, 46.8887582 ], [ 5.3386952, 46.8897181 ], [ 5.3393734, 46.8901799 ], [ 5.3411145, 46.8904859 ], [ 5.3438112, 46.8904662 ], [ 5.345771, 46.8903632 ], [ 5.3461879, 46.890674499999989 ], [ 5.3467889, 46.8913522 ], [ 5.3476003, 46.892005 ], [ 5.3492633, 46.8931132 ], [ 5.3496108, 46.8932791 ], [ 5.351327, 46.893462899999989 ], [ 5.353346, 46.8899114 ], [ 5.3543273, 46.8886699 ], [ 5.3553275, 46.8879216 ], [ 5.3553078, 46.8877401 ], [ 5.3556606, 46.8872428 ], [ 5.3583961, 46.8853457 ], [ 5.3588577, 46.8851741 ], [ 5.3597833, 46.8856424 ], [ 5.3602075, 46.8853959 ], [ 5.360988, 46.8842233 ], [ 5.3611343, 46.883452 ], [ 5.3620236, 46.8827572 ], [ 5.3628593, 46.8828491 ], [ 5.3637896, 46.8835146 ], [ 5.3649133, 46.883977 ], [ 5.3658383, 46.8840085 ], [ 5.367767, 46.8836481 ], [ 5.3684834, 46.8836289 ], [ 5.368676, 46.8837655 ], [ 5.3690044, 46.8858062 ], [ 5.3694903, 46.8873923 ], [ 5.3708887, 46.8872807 ], [ 5.3710056, 46.8871909 ], [ 5.3710678, 46.8872302 ], [ 5.3706924, 46.8877783 ], [ 5.3706757, 46.8880868 ], [ 5.3718762, 46.8880773 ], [ 5.3746987, 46.8878741 ], [ 5.3754001, 46.8882299 ], [ 5.3784693, 46.8882269 ], [ 5.3787349, 46.8884106 ], [ 5.378858, 46.888671 ], [ 5.3786004, 46.8888475 ], [ 5.3777766, 46.8899851 ], [ 5.3782452, 46.8901529 ], [ 5.3787223, 46.8904556 ], [ 5.3789842, 46.8907646 ], [ 5.3809007, 46.8911402 ], [ 5.3828497, 46.8917755 ], [ 5.3833519, 46.8913327 ], [ 5.3838732, 46.8911463 ], [ 5.3851235, 46.8921761 ], [ 5.3889341, 46.8939329 ], [ 5.3897883, 46.8945295 ], [ 5.3912202, 46.8943097 ], [ 5.3913096, 46.8940448 ], [ 5.391722, 46.8940696 ], [ 5.3917698, 46.893575 ], [ 5.390772, 46.8924039 ], [ 5.3947524, 46.8913709 ], [ 5.3967133, 46.8918859 ], [ 5.3970496, 46.8922095 ], [ 5.3994877, 46.8926676 ], [ 5.4004426, 46.8918596 ], [ 5.4028687, 46.8905082 ], [ 5.4039109, 46.8895073 ] ] ] ] } },
{ "type": "Feature", "properties": { "code_departement": 39.0, "code_rne": "0390923S", "multisecteur": 0.0 }, "geometry": { "type": "MultiPolygon", "coordinates": [ [ [ [ 6.0061051, 46.4751525 ], [ 6.009845, 46.4777224 ], [ 6.0074248, 46.483203 ], [ 5.9980747, 46.4775324 ], [ 6.0023363, 46.4735447 ], [ 6.0041665, 46.4722936 ], [ 6.00462, 46.472266 ], [ 6.0061051, 46.4751525 ] ] ], [ [ [ 6.0437913, 46.4823826 ], [ 6.038842, 46.4798272 ], [ 6.039339, 46.4796437 ], [ 6.0402647, 46.4794722 ], [ 6.0408921, 46.478813 ], [ 6.0338748, 46.4764555 ], [ 6.0330088, 46.4764508 ], [ 6.0305396, 46.4750559 ], [ 6.0295409, 46.4743683 ], [ 6.0268676, 46.4739635 ], [ 6.0251108, 46.4744214 ], [ 6.0223827, 46.471496 ], [ 6.021918, 46.4696504 ], [ 6.0213996, 46.4694054 ], [ 6.0179842, 46.4682276 ], [ 6.0173653, 46.4680775 ], [ 6.0161096, 46.465459 ], [ 6.0151579, 46.464771 ], [ 6.0116372, 46.4639819 ], [ 6.0101792, 46.4642897 ], [ 6.0067535, 46.465814699999989 ], [ 5.9915512, 46.4611636 ], [ 5.9934564, 46.4585529 ], [ 5.9941086, 46.4588908 ], [ 5.9943702, 46.4592128 ], [ 5.9948248, 46.4595136 ], [ 5.9970042, 46.4602836 ], [ 5.9979152, 46.4609148 ], [ 5.9981462, 46.45831 ], [ 5.9981101, 46.4570359 ], [ 5.9980201, 46.4566796 ], [ 5.9975014, 46.456066 ], [ 5.9982936, 46.4557722 ], [ 5.9985419, 46.4554025 ], [ 5.9983906, 46.4547613 ], [ 5.9988374, 46.454327 ], [ 5.9983934, 46.4535312 ], [ 5.9994542, 46.4531673 ], [ 5.9998993, 46.4533899 ], [ 6.0003847, 46.4538241 ], [ 6.0014934, 46.4538337 ], [ 6.0027175, 46.4525985 ], [ 6.0018519, 46.4523392 ], [ 6.0037012, 46.4508353 ], [ 6.0037538, 46.4506537 ], [ 6.0020075, 46.4485577 ], [ 6.0027166, 46.4483426 ], [ 6.0036458, 46.4484083 ], [ 6.0044392, 46.4483514 ], [ 6.0052744, 46.4484375 ], [ 6.0062865, 46.4483505 ], [ 6.0067672, 46.4481072 ], [ 6.0060733, 46.4475091 ], [ 6.0072061, 46.4470827 ], [ 6.0079249, 46.4478487 ], [ 6.00824, 46.4477232 ], [ 6.009758, 46.4476859 ], [ 6.0108317, 46.4473702 ], [ 6.0122247, 46.4472415 ], [ 6.0125408, 46.4470638 ], [ 6.0137162, 46.447055299999988 ], [ 6.0141092, 46.4470891 ], [ 6.0147107, 46.4472633 ], [ 6.015688, 46.447798 ], [ 6.0174486, 46.4491302 ], [ 6.0178937, 46.448904 ], [ 6.0190513, 46.4498457 ], [ 6.0208529, 46.4485716 ], [ 6.0246859, 46.4460822 ], [ 6.0282811, 46.4443648 ], [ 6.0298623, 46.4438931 ], [ 6.0317926, 46.443467 ], [ 6.0343872, 46.4430772 ], [ 6.0337412, 46.4413057 ], [ 6.032258, 46.4396212 ], [ 6.0292971, 46.4410858 ], [ 6.0278559, 46.4398732 ], [ 6.0263611, 46.438399 ], [ 6.0260133, 46.438519 ], [ 6.0246349, 46.4368389 ], [ 6.0214296, 46.437706 ], [ 6.0210272, 46.4379239 ], [ 6.0208461, 46.438208 ], [ 6.018127, 46.4385115 ], [ 6.0169738, 46.4390124 ], [ 6.0159955, 46.4389995 ], [ 6.0149711, 46.4391428 ], [ 6.0139248, 46.4397625 ], [ 6.0132182, 46.4403047 ], [ 6.0128367, 46.4404526 ], [ 6.0125764, 46.4404604 ], [ 6.0116355, 46.439968 ], [ 6.009007, 46.4383486 ], [ 6.0086484, 46.4380372 ], [ 6.0084424, 46.4375407 ], [ 6.0067781, 46.4362897 ], [ 6.0053293, 46.4353763 ], [ 6.0048004, 46.434317 ], [ 6.0035176, 46.433246 ], [ 6.0018452, 46.431321 ], [ 6.0005812, 46.4294043 ], [ 5.9999855, 46.4282647 ], [ 6.0001133, 46.4262041 ], [ 6.0003013, 46.4255459 ], [ 5.9999863, 46.4247458 ], [ 5.9995127, 46.4242149 ], [ 5.99903, 46.4241807 ], [ 5.9985177, 46.4242474 ], [ 5.997055, 46.4236911 ], [ 5.9957636, 46.4235474 ], [ 5.9949204, 46.4237354 ], [ 5.9935004, 46.4233843 ], [ 5.9929758, 46.423489 ], [ 5.9911725, 46.4229461 ], [ 5.9897019, 46.4230035 ], [ 5.986831, 46.4221641 ], [ 5.9868456, 46.4218123 ], [ 5.9864361, 46.4215445 ], [ 5.9858236, 46.4213993 ], [ 5.9843861, 46.4214657 ], [ 5.9767869, 46.4225644 ], [ 5.9704981, 46.424926899999988 ], [ 5.9673265, 46.4261988 ], [ 5.9665897, 46.4247276 ], [ 5.9683794, 46.4223184 ], [ 5.966334, 46.4214614 ], [ 5.9659449, 46.4212292 ], [ 5.9615915, 46.4183218 ], [ 5.9600221, 46.4171334 ], [ 5.9597719, 46.4173471 ], [ 5.9582478, 46.4167045 ], [ 5.9567711, 46.4159489 ], [ 5.9565084, 46.4153313 ], [ 5.9562599, 46.4150737 ], [ 5.9546492, 46.4138142 ], [ 5.9536924, 46.4134677 ], [ 5.9532294, 46.4131697 ], [ 5.9528798, 46.4126553 ], [ 5.9513348, 46.411477 ], [ 5.9507398, 46.4108318 ], [ 5.9497938, 46.4102733 ], [ 5.9490589, 46.4100301 ], [ 5.9486072, 46.4097948 ], [ 5.9451302, 46.407185 ], [ 5.9429345, 46.406036 ], [ 5.9416728, 46.405272 ], [ 5.9412728, 46.4051732 ], [ 5.9390554, 46.4050213 ], [ 5.9387984, 46.4051099 ], [ 5.93793, 46.4045619 ], [ 5.937224, 46.404271 ], [ 5.9365849, 46.40411 ], [ 5.9361653, 46.4037189 ], [ 5.9356181, 46.4034023 ], [ 5.9343708, 46.4029514 ], [ 5.9364064, 46.40084 ], [ 5.9369081, 46.4005532 ], [ 5.9377999, 46.4002554 ], [ 5.938239, 46.4000161 ], [ 5.9397055, 46.400765 ], [ 5.9401647, 46.4005855 ], [ 5.9384696, 46.3995587 ], [ 5.9385849, 46.3993296 ], [ 5.9390179, 46.3990003 ], [ 5.9391332, 46.3987721 ], [ 5.9393221, 46.3986753 ], [ 5.9395944, 46.3988476 ], [ 5.9397857, 46.3987958 ], [ 5.9401991, 46.3981526 ], [ 5.9400544, 46.397932 ], [ 5.9397146, 46.3977172 ], [ 5.9409301, 46.3964181 ], [ 5.9410602, 46.3964138 ], [ 5.9426068, 46.3971759 ], [ 5.943236, 46.3968407 ], [ 5.9438112, 46.3966871 ], [ 5.9436665, 46.3964664 ], [ 5.9452928, 46.3954693 ], [ 5.9448168, 46.3951689 ], [ 5.9432893, 46.3944947 ], [ 5.94419, 46.3935676 ], [ 5.9456267, 46.3917608 ], [ 5.9463961, 46.3916598 ], [ 5.9453047, 46.3907401 ], [ 5.9455804, 46.3904437 ], [ 5.9462963, 46.3907271 ], [ 5.9468398, 46.3904211 ], [ 5.9462541, 46.389873 ], [ 5.9468561, 46.3894457 ], [ 5.9471538, 46.389484 ], [ 5.9476097, 46.3890514 ], [ 5.9469031, 46.3887479 ], [ 5.9473939, 46.388045 ], [ 5.9478907, 46.387551 ], [ 5.9486421, 46.387455 ], [ 5.9486622, 46.3867669 ], [ 5.9504446, 46.3848574 ], [ 5.9510444, 46.3836434 ], [ 5.9526583, 46.3837034 ], [ 5.9531451, 46.38235 ], [ 5.9539312, 46.3824648 ], [ 5.9542769, 46.3826208 ], [ 5.9548053, 46.3817024 ], [ 5.954278, 46.3812943 ], [ 5.9539651, 46.3795038 ], [ 5.9531271, 46.3793201 ], [ 5.9531121, 46.3777904 ], [ 5.9551147, 46.3778908 ], [ 5.9557849, 46.3771147 ], [ 5.9575804, 46.3772619 ], [ 5.9575214, 46.3767967 ], [ 5.9571105, 46.3764946 ], [ 5.9571706, 46.3764021 ], [ 5.9574894, 46.3763019 ], [ 5.9579051, 46.3766939 ], [ 5.9585067, 46.3765278 ], [ 5.9583542, 46.3761164 ], [ 5.9572712, 46.3748937 ], [ 5.9587764, 46.3735751 ], [ 5.9600984, 46.3734183 ], [ 5.9598532, 46.3727623 ], [ 5.9609554, 46.3723697 ], [ 5.9608525, 46.3718145 ], [ 5.9613326, 46.3715462 ], [ 5.9615148, 46.3707764 ], [ 5.9630653, 46.3704901 ], [ 5.963228, 46.3708013 ], [ 5.9635928, 46.3706864 ], [ 5.9634745, 46.3704029 ], [ 5.9653295, 46.3698014 ], [ 5.9651341, 46.3696082 ], [ 5.9632891, 46.3691444 ], [ 5.9633113, 46.3688086 ], [ 5.9635453, 46.368588 ], [ 5.9637378, 46.3685371 ], [ 5.9657491, 46.3688263 ], [ 5.9657052, 46.3683769 ], [ 5.9646088, 46.368108 ], [ 5.965, 46.3675923 ], [ 5.9651409, 46.3671417 ], [ 5.9650566, 46.3668835 ], [ 5.9645371, 46.3664014 ], [ 5.9635764, 46.366594 ], [ 5.9635185, 46.3661494 ], [ 5.9680223, 46.3650717 ], [ 5.9680766, 46.3643458 ], [ 5.9686954, 46.3638755 ], [ 5.9701809, 46.3634989 ], [ 5.9703142, 46.3631251 ], [ 5.9712909, 46.3624644 ], [ 5.9698697, 46.3617976 ], [ 5.9684936, 46.3625093 ], [ 5.9676343, 46.361882 ], [ 5.9666188, 46.3622121 ], [ 5.9648068, 46.361441 ], [ 5.9646799, 46.3610695 ], [ 5.9665984, 46.3599914 ], [ 5.9669242, 46.3594224 ], [ 5.9658177, 46.358843 ], [ 5.9644788, 46.35801 ], [ 5.964214, 46.3575916 ], [ 5.962815, 46.3569684 ], [ 5.9634931, 46.3557451 ], [ 5.9638014, 46.3554081 ], [ 5.964547, 46.3549977 ], [ 5.9681119, 46.353446 ], [ 5.9731559, 46.3510032 ], [ 5.9752019, 46.350292 ], [ 5.9752331, 46.3504831 ], [ 5.9754976, 46.3508232 ], [ 5.976844, 46.3516747 ], [ 5.9774808, 46.351850899999988 ], [ 5.9779007, 46.3521995 ], [ 5.9779588, 46.3524304 ], [ 5.9781126, 46.3525553 ], [ 5.978219, 46.3530022 ], [ 5.9788989, 46.3537296 ], [ 5.9791569, 46.3539256 ], [ 5.9798022, 46.3541845 ], [ 5.97999, 46.3546932 ], [ 5.9804254, 46.355209 ], [ 5.9807046, 46.3565092 ], [ 5.9816357, 46.357021 ], [ 5.9817435, 46.3572308 ], [ 5.9817093, 46.3575345 ], [ 5.9814418, 46.3578317 ], [ 5.9813565, 46.3581763 ], [ 5.9813895, 46.3583052 ], [ 5.9817403, 46.3584132 ], [ 5.9818309, 46.3585712 ], [ 5.9818491, 46.358833 ], [ 5.9817257, 46.3590272 ], [ 5.982367, 46.3595466 ], [ 5.9827879, 46.3600564 ], [ 5.9829116, 46.3603677 ], [ 5.9832679, 46.3606954 ], [ 5.9832417, 46.3608592 ], [ 5.9829443, 46.3608949 ], [ 5.9828283, 46.3612971 ], [ 5.9831021, 46.3615206 ], [ 5.9834092, 46.3616144 ], [ 5.9833006, 46.3619128 ], [ 5.9835286, 46.3620835 ], [ 5.9833949, 46.3624015 ], [ 5.9837385, 46.3634729 ], [ 5.9840368, 46.3638589 ], [ 5.9846564, 46.3639057 ], [ 5.9854004, 46.3641584 ], [ 5.9858341, 46.3645688 ], [ 5.9858352, 46.3648508 ], [ 5.9863766, 46.3650159 ], [ 5.9865507, 46.3652006 ], [ 5.9867575, 46.3651979 ], [ 5.9875052, 46.3648494 ], [ 5.9883484, 46.3646777 ], [ 5.9885947, 46.3647073 ], [ 5.9888866, 46.3648564 ], [ 5.989071, 46.3648011 ], [ 5.989699, 46.3649063 ], [ 5.9897704, 46.3651414 ], [ 5.9898628, 46.365164199999988 ], [ 5.9903494, 46.3650415 ], [ 5.9910473, 46.3652828 ], [ 5.9911123, 46.3656145 ], [ 5.9921062, 46.3660786 ], [ 5.9930068, 46.3663839 ], [ 5.99341, 46.3668067 ], [ 5.9936571, 46.3668741 ], [ 5.9937647, 46.3666992 ], [ 5.9940351, 46.3667407 ], [ 5.9943712, 46.3672428 ], [ 5.9949531, 46.3673871 ], [ 5.9965648, 46.3681728 ], [ 5.9969852, 46.3682672 ], [ 5.9977519, 46.3688121 ], [ 5.9980136, 46.3688845 ], [ 5.9985575, 46.3692595 ], [ 5.9988182, 46.3692409 ], [ 5.9990907, 46.369461699999988 ], [ 5.9993466, 46.3695478 ], [ 5.9995597, 46.3698486 ], [ 6.0000221, 46.3698778 ], [ 6.0001493, 46.3700367 ], [ 6.000548, 46.3702317 ], [ 6.0005982, 46.3703412 ], [ 6.0013083, 46.3706361 ], [ 6.0018712, 46.3708114 ], [ 6.002271, 46.370791 ], [ 6.0024412, 46.3708559 ], [ 6.0025045, 46.3709164 ], [ 6.0021331, 46.3711469 ], [ 6.00177, 46.3712205 ], [ 6.0017446, 46.3713257 ], [ 6.0020447, 46.371434 ], [ 6.0026728, 46.3714454 ], [ 6.0029685, 46.3713538 ], [ 6.0031512, 46.3711255 ], [ 6.0032461, 46.3711221 ], [ 6.0037453, 46.3713694 ], [ 6.004257, 46.3714181 ], [ 6.0050541, 46.3717098 ], [ 6.0056447, 46.3717248 ], [ 6.0058158, 46.3720429 ], [ 6.0061109, 46.3721784 ], [ 6.006167, 46.3725825 ], [ 6.0060195, 46.3728585 ], [ 6.0060778, 46.3729948 ], [ 6.0072552, 46.373809 ], [ 6.0096311, 46.3748241 ], [ 6.0103108, 46.3749674 ], [ 6.0105504, 46.3751585 ], [ 6.0111126, 46.375295 ], [ 6.0117405, 46.3757037 ], [ 6.0120959, 46.3757502 ], [ 6.012261, 46.3760045 ], [ 6.0127283, 46.3762391 ], [ 6.0130862, 46.3762377 ], [ 6.0132744, 46.3761084 ], [ 6.0135144, 46.376093 ], [ 6.0138852, 46.3762779 ], [ 6.0142681, 46.3762551 ], [ 6.0146837, 46.376355 ], [ 6.0146033, 46.3766446 ], [ 6.015015, 46.3771203 ], [ 6.0156253, 46.3773979 ], [ 6.0157114, 46.3777777 ], [ 6.0160563, 46.3778948 ], [ 6.0164015, 46.3782983 ], [ 6.0168654, 46.3784474 ], [ 6.0172489, 46.3784588 ], [ 6.0175577, 46.3786291 ], [ 6.0174998, 46.3788532 ], [ 6.017305, 46.3790278 ], [ 6.0170872, 46.3788794 ], [ 6.0166043, 46.3788814 ], [ 6.0164875, 46.3789368 ], [ 6.0163331, 46.3792517 ], [ 6.0166612, 46.3795107 ], [ 6.0171586, 46.3793948 ], [ 6.0176757, 46.3797037 ], [ 6.0176368, 46.3799652 ], [ 6.0174798, 46.3800703 ], [ 6.0172288, 46.3800985 ], [ 6.0171993, 46.380202 ], [ 6.0173766, 46.3803226 ], [ 6.0173177, 46.380553 ], [ 6.0176527, 46.3808199 ], [ 6.0186183, 46.381281 ], [ 6.0189287, 46.3811953 ], [ 6.019134, 46.3813764 ], [ 6.0195874, 46.3813815 ], [ 6.0196796, 46.3815899 ], [ 6.0194856, 46.3818023 ], [ 6.019598, 46.3819976 ], [ 6.0194946, 46.3822004 ], [ 6.0198308, 46.382369 ], [ 6.0199206, 46.382627 ], [ 6.0207236, 46.3828797 ], [ 6.0210701, 46.383212 ], [ 6.0215044, 46.383342 ], [ 6.0219389, 46.3835936 ], [ 6.0228671, 46.3836826 ], [ 6.0232628, 46.3835387 ], [ 6.0240834, 46.383708 ], [ 6.0243367, 46.383932 ], [ 6.0246884, 46.3838884 ], [ 6.0251305, 46.3843002 ], [ 6.0255946, 46.3843573 ], [ 6.0256901, 46.3842935 ], [ 6.0259425, 46.3843598 ], [ 6.0266683, 46.3849334 ], [ 6.0269693, 46.3849597 ], [ 6.0270647, 46.3852491 ], [ 6.0273717, 46.3854537 ], [ 6.0274687, 46.3856538 ], [ 6.0279779, 46.3857953 ], [ 6.0282, 46.386021 ], [ 6.0287415, 46.386180499999988 ], [ 6.0288648, 46.3866891 ], [ 6.0287296, 46.3868351 ], [ 6.0287104, 46.3870528 ], [ 6.029219, 46.387276199999988 ], [ 6.0292814, 46.3875801 ], [ 6.0299581, 46.3879234 ], [ 6.0300204, 46.3881318 ], [ 6.0309665, 46.3884959 ], [ 6.0309574, 46.3886358 ], [ 6.0312457, 46.3886687 ], [ 6.0316828, 46.3890599 ], [ 6.0322786, 46.3892594 ], [ 6.0326503, 46.3894793 ], [ 6.0328838, 46.3899336 ], [ 6.0329106, 46.3902276 ], [ 6.0330467, 46.3903798 ], [ 6.0346091, 46.3909366 ], [ 6.0347997, 46.3911559 ], [ 6.0350265, 46.3912535 ], [ 6.0352517, 46.391626 ], [ 6.0356046, 46.3917419 ], [ 6.0358598, 46.3917189 ], [ 6.0361139, 46.3922366 ], [ 6.036531, 46.3925931 ], [ 6.0367602, 46.3931547 ], [ 6.0366585, 46.3932701 ], [ 6.0368897, 46.393305399999988 ], [ 6.0369659, 46.393389 ], [ 6.0367623, 46.3943171 ], [ 6.036918, 46.394331 ], [ 6.0369061, 46.3944214 ], [ 6.0370685, 46.3944595 ], [ 6.0369237, 46.3945967 ], [ 6.037269, 46.394811 ], [ 6.0371247, 46.3950257 ], [ 6.0373471, 46.3953946 ], [ 6.0374925, 46.395434 ], [ 6.0378988, 46.3958296 ], [ 6.0381285, 46.3958857 ], [ 6.0385455, 46.3961701 ], [ 6.0388373, 46.3961939 ], [ 6.0389462, 46.3963496 ], [ 6.039097, 46.3963906 ], [ 6.0392414, 46.3967157 ], [ 6.0400145, 46.3971511 ], [ 6.0405095, 46.3975722 ], [ 6.0406054, 46.3977508 ], [ 6.0405528, 46.3979757 ], [ 6.040672, 46.398105 ], [ 6.0409701, 46.3981962 ], [ 6.0413471, 46.3984871 ], [ 6.0420211, 46.3987313 ], [ 6.0421144, 46.3988856 ], [ 6.0421175, 46.3993163 ], [ 6.0422844, 46.3995056 ], [ 6.0432866, 46.4001241 ], [ 6.0442782, 46.4016728 ], [ 6.0444269, 46.4017689 ], [ 6.04445, 46.4019025 ], [ 6.0442113, 46.4020368 ], [ 6.0441671, 46.402202 ], [ 6.0444705, 46.4027139 ], [ 6.045329, 46.403137 ], [ 6.0459127, 46.4038162 ], [ 6.0461895, 46.403944 ], [ 6.0465264, 46.4043324 ], [ 6.0477409, 46.4051344 ], [ 6.0485606, 46.40591 ], [ 6.0492401, 46.4062046 ], [ 6.0493266, 46.4063527 ], [ 6.0490783, 46.4066414 ], [ 6.049204, 46.4068165 ], [ 6.049937, 46.4075791 ], [ 6.0505241, 46.4080149 ], [ 6.0519077, 46.4097171 ], [ 6.0519414, 46.4099468 ], [ 6.0517466, 46.4102602 ], [ 6.0518464, 46.4103684 ], [ 6.0517042, 46.4104822 ], [ 6.0516808, 46.410645 ], [ 6.0519218, 46.4108323 ], [ 6.0521308, 46.4113304 ], [ 6.052693, 46.4116001 ], [ 6.0527769, 46.4117943 ], [ 6.0530095, 46.4119233 ], [ 6.0529083, 46.4120251 ], [ 6.0530075, 46.4121216 ], [ 6.0530603, 46.4125996 ], [ 6.0532594, 46.4128745 ], [ 6.0532271, 46.4131349 ], [ 6.0535945, 46.4133224 ], [ 6.0537852, 46.4137273 ], [ 6.0541211, 46.4140707 ], [ 6.0543296, 46.414166 ], [ 6.0545916, 46.4146339 ], [ 6.0556451, 46.4156474 ], [ 6.0556692, 46.4157982 ], [ 6.0560714, 46.415955 ], [ 6.0561585, 46.4160671 ], [ 6.0565597, 46.416181599999987 ], [ 6.0570187, 46.4165604 ], [ 6.057488, 46.4167272 ], [ 6.0576406, 46.4166835 ], [ 6.0585932, 46.4172446 ], [ 6.0590827, 46.4172152 ], [ 6.0596444, 46.4174498 ], [ 6.0601472, 46.4179112 ], [ 6.0626685, 46.4167973 ], [ 6.0638574, 46.4163896 ], [ 6.0705834, 46.4255204 ], [ 6.0738919, 46.4283627 ], [ 6.0745693, 46.4321734 ], [ 6.0856198, 46.4408335 ], [ 6.0864063, 46.4438825 ], [ 6.0843889, 46.4474443 ], [ 6.0785984, 46.4503643 ], [ 6.0744147, 46.4535103 ], [ 6.0769138, 46.4575964 ], [ 6.0734502, 46.4598812 ], [ 6.0739096, 46.4634734 ], [ 6.0731053, 46.4641511 ], [ 6.0728234, 46.4650264 ], [ 6.0727935, 46.4654436 ], [ 6.0768679, 46.4673695 ], [ 6.0855499, 46.4736416 ], [ 6.0969008, 46.4812997 ], [ 6.0989773, 46.4845307 ], [ 6.1036408, 46.4941483 ], [ 6.1043245, 46.4952251 ], [ 6.1013095, 46.4973515 ], [ 6.1018426, 46.4983524 ], [ 6.1039488, 46.4981158 ], [ 6.1056037, 46.4972415 ], [ 6.1099806, 46.5041354 ], [ 6.1126046, 46.5095646 ], [ 6.1128817, 46.5098163 ], [ 6.1098255, 46.51076 ], [ 6.1097163, 46.5099374 ], [ 6.1098048, 46.5089584 ], [ 6.108272, 46.5083967 ], [ 6.1070249, 46.50804 ], [ 6.109262, 46.5043338 ], [ 6.1070966, 46.5040945 ], [ 6.1064601, 46.5039031 ], [ 6.1040957, 46.5024895 ], [ 6.1030145, 46.503049 ], [ 6.0994185, 46.5032214 ], [ 6.0939861, 46.5038421 ], [ 6.0955459, 46.5058511 ], [ 6.0972337, 46.5071129 ], [ 6.0988325, 46.5084632 ], [ 6.0996089, 46.5089598 ], [ 6.1012496, 46.5096053 ], [ 6.1019759, 46.509974 ], [ 6.1030719, 46.511407 ], [ 6.1042914, 46.5125095 ], [ 6.1064812, 46.5139465 ], [ 6.1070516, 46.5142234 ], [ 6.1077367, 46.5149467 ], [ 6.1091273, 46.515723 ], [ 6.1108339, 46.5173623 ], [ 6.1121558, 46.5190549 ], [ 6.1150612, 46.5172912 ], [ 6.1157405, 46.515928099999989 ], [ 6.1164224, 46.5138116 ], [ 6.1169393, 46.513502 ], [ 6.1213057, 46.5174594 ], [ 6.132466, 46.5264594 ], [ 6.1379576, 46.530994 ], [ 6.1436846, 46.5277376 ], [ 6.153471, 46.5367897 ], [ 6.1485818, 46.5393657 ], [ 6.1520482, 46.5421485 ], [ 6.156662, 46.5452979 ], [ 6.1477879, 46.5512297 ], [ 6.1452421, 46.5530155 ], [ 6.1379639, 46.5578022 ], [ 6.131318, 46.5537985 ], [ 6.1248858, 46.5481962 ], [ 6.1108295, 46.5395598 ], [ 6.1054105, 46.5358132 ], [ 6.097686, 46.530269 ], [ 6.0963266, 46.5312763 ], [ 6.0795228, 46.538747199999989 ], [ 6.0751842, 46.5351539 ], [ 6.0700127, 46.5311351 ], [ 6.0589244, 46.5222002 ], [ 6.0565201, 46.5237415 ], [ 6.0562632, 46.5237943 ], [ 6.0429073, 46.5148762 ], [ 6.0428305, 46.5203508 ], [ 6.0424122, 46.5206439 ], [ 6.0411496, 46.5212705 ], [ 6.0391493, 46.522551 ], [ 6.0371673, 46.5239977 ], [ 6.0334949, 46.5199879 ], [ 6.0331508, 46.5189184 ], [ 6.0328068, 46.518367 ], [ 6.0315774, 46.5167749 ], [ 6.03009, 46.5151446 ], [ 6.0290818, 46.5135325 ], [ 6.0357648, 46.5114571 ], [ 6.0341872, 46.5078112 ], [ 6.0332399, 46.5064134 ], [ 6.0331542, 46.5061152 ], [ 6.0332427, 46.5044803 ], [ 6.0337988, 46.5026054 ], [ 6.0344297, 46.5017825 ], [ 6.0353749, 46.4998007 ], [ 6.0340671, 46.4991642 ], [ 6.0316718, 46.4971222 ], [ 6.031469, 46.4968055 ], [ 6.031468, 46.4931718 ], [ 6.0310942, 46.4922469 ], [ 6.0296433, 46.4919777 ], [ 6.029548, 46.4908562 ], [ 6.0285682, 46.4889247 ], [ 6.0285925, 46.488690899999987 ], [ 6.0282889, 46.4886159 ], [ 6.0281498, 46.488806 ], [ 6.0273661, 46.4884375 ], [ 6.0271113, 46.4883971 ], [ 6.0285535, 46.4876608 ], [ 6.0289268, 46.4877838 ], [ 6.0295452, 46.4877881 ], [ 6.0307453, 46.4871146 ], [ 6.0309782, 46.4870653 ], [ 6.0313258, 46.4862816 ], [ 6.0314776, 46.4856558 ], [ 6.0318789, 46.4855307 ], [ 6.0323196, 46.4855262 ], [ 6.0324212, 46.4851469 ], [ 6.0326285, 46.4849575 ], [ 6.0329653, 46.4848206 ], [ 6.0331023, 46.4843286 ], [ 6.0333935, 46.4842304 ], [ 6.0307854, 46.4841864 ], [ 6.0295425, 46.4840757 ], [ 6.0289712, 46.4841377 ], [ 6.0283785, 46.4848724 ], [ 6.0274934, 46.4848957 ], [ 6.0278839, 46.4855383 ], [ 6.0279463, 46.4858082 ], [ 6.0281892, 46.486105 ], [ 6.0277975, 46.4867351 ], [ 6.027007, 46.4870216 ], [ 6.0263948, 46.4866941 ], [ 6.0258026, 46.4862519 ], [ 6.0257594, 46.485949 ], [ 6.0253058, 46.4849309 ], [ 6.0225515, 46.4845855 ], [ 6.0176597, 46.4841296 ], [ 6.0184247, 46.483112 ], [ 6.0195687, 46.4825605 ], [ 6.0209253, 46.4822429 ], [ 6.0242638, 46.4824205 ], [ 6.0265904, 46.4820825 ], [ 6.0281937, 46.4823013 ], [ 6.030756, 46.4806799 ], [ 6.0363225, 46.4822637 ], [ 6.0357328, 46.4829098 ], [ 6.0351079, 46.4833778 ], [ 6.034759, 46.4834132 ], [ 6.0342856, 46.4836502 ], [ 6.0338253, 46.4840794 ], [ 6.0354274, 46.486307 ], [ 6.0351667, 46.4900059 ], [ 6.0425193, 46.4934769 ], [ 6.0450014, 46.4929507 ], [ 6.0465618, 46.4919302 ], [ 6.0483911, 46.491006 ], [ 6.0481182, 46.4899092 ], [ 6.0476749, 46.4884588 ], [ 6.047424, 46.4879666 ], [ 6.0422661, 46.4885205 ], [ 6.0413044, 46.488167 ], [ 6.0401546, 46.4869137 ], [ 6.0462082, 46.4854501 ], [ 6.0462203, 46.4843848 ], [ 6.0437913, 46.4823826 ] ], [ [ 6.0290487, 46.488435 ], [ 6.0287591, 46.4883853 ], [ 6.0283981, 46.488415599999989 ], [ 6.0283631, 46.4884709 ], [ 6.0288645, 46.4885823 ], [ 6.0290487, 46.488435 ] ] ], [ [ [ 6.0274227, 46.5038439 ], [ 6.0283862, 46.5038607 ], [ 6.028401, 46.5041287 ], [ 6.0277701, 46.5043966 ], [ 6.0271728, 46.5034989 ], [ 6.0275125, 46.5033611 ], [ 6.0279154, 46.5034341 ], [ 6.0274227, 46.5038439 ] ] ] ] } },
{ "type": "Feature", "properties": { "code_departement": 39.0, "code_rne": "0390924T", "multisecteur": 0.0 }, "geometry": { "type": "MultiPolygon", "coordinates": [ [ [ [ 5.7695257, 46.3399187 ], [ 5.7690311, 46.3395541 ], [ 5.7688749, 46.3391155 ], [ 5.7684572, 46.3386778 ], [ 5.767949, 46.3378378 ], [ 5.7681612, 46.3369433 ], [ 5.7683124, 46.336718 ], [ 5.7682514, 46.3365402 ], [ 5.767248, 46.3358374 ], [ 5.766381, 46.3353873 ], [ 5.7657845, 46.3349359 ], [ 5.7656791, 46.3341897 ], [ 5.7659026, 46.3337996 ], [ 5.7659225, 46.3334738 ], [ 5.7656007, 46.3328707 ], [ 5.7652458, 46.3325676 ], [ 5.7656005, 46.3316841 ], [ 5.7656216, 46.3309709 ], [ 5.7660352, 46.3302247 ], [ 5.765858, 46.3290865 ], [ 5.7661568, 46.3285918 ], [ 5.7659729, 46.3281953 ], [ 5.76622, 46.3279388 ], [ 5.7657931, 46.3273671 ], [ 5.765844, 46.3271397 ], [ 5.7668005, 46.3268408 ], [ 5.7676037, 46.326186 ], [ 5.7681741, 46.3259442 ], [ 5.7671849, 46.3256727 ], [ 5.7672489, 46.3241106 ], [ 5.7673792, 46.3234217 ], [ 5.7672314, 46.3223252 ], [ 5.7675043, 46.3204705 ], [ 5.7687213, 46.3211348 ], [ 5.7696868, 46.3212735 ], [ 5.7698705, 46.3212546 ], [ 5.7699997, 46.3209811 ], [ 5.7706463, 46.3209348 ], [ 5.7713571, 46.3203832 ], [ 5.7715929, 46.3203919 ], [ 5.772, 46.3206496 ], [ 5.7723666, 46.3213137 ], [ 5.7735586, 46.3214063 ], [ 5.7738436, 46.321358 ], [ 5.7754005, 46.3196711 ], [ 5.7767562, 46.3186073 ], [ 5.7745555, 46.3154731 ], [ 5.7725232, 46.3142954 ], [ 5.7724403, 46.3137892 ], [ 5.7739739, 46.3128004 ], [ 5.7749242, 46.312411399999988 ], [ 5.7769262, 46.3119671 ], [ 5.7796655, 46.3111668 ], [ 5.7798512, 46.3113146 ], [ 5.7806146, 46.3109851 ], [ 5.7809399, 46.3112213 ], [ 5.7829726, 46.310231 ], [ 5.7837083, 46.3108906 ], [ 5.785798, 46.3096943 ], [ 5.7855761, 46.309269 ], [ 5.785574, 46.3089213 ], [ 5.7858054, 46.308411 ], [ 5.7864714, 46.3080082 ], [ 5.7902076, 46.307641 ], [ 5.7904775, 46.3072992 ], [ 5.7913308, 46.3073324 ], [ 5.7917533, 46.3072797 ], [ 5.7899628, 46.3054413 ], [ 5.789512, 46.3040458 ], [ 5.7894308, 46.3034982 ], [ 5.7899886, 46.3035007 ], [ 5.7899739, 46.3026766 ], [ 5.7900679, 46.3022247 ], [ 5.7934248, 46.3018973 ], [ 5.7925261, 46.3007435 ], [ 5.7929436, 46.3004413 ], [ 5.7921215, 46.3000768 ], [ 5.79135, 46.2995289 ], [ 5.7903322, 46.2991998 ], [ 5.7908913, 46.2985148 ], [ 5.7912295, 46.2975757 ], [ 5.792231, 46.2954977 ], [ 5.7896237, 46.2954769 ], [ 5.7881763, 46.2953628 ], [ 5.786429, 46.2945676 ], [ 5.7844795, 46.2931944 ], [ 5.7842779, 46.2920937 ], [ 5.7827904, 46.2919553 ], [ 5.7802143, 46.2912676 ], [ 5.7800021, 46.2910043 ], [ 5.7800987, 46.290783 ], [ 5.7810634, 46.2905576 ], [ 5.7826924, 46.2903088 ], [ 5.7827359, 46.2900653 ], [ 5.7808303, 46.288682 ], [ 5.7805, 46.2886026 ], [ 5.7785561, 46.2886618 ], [ 5.7782626, 46.2881301 ], [ 5.7775407, 46.2880171 ], [ 5.7770018, 46.2877176 ], [ 5.7760473, 46.2863001 ], [ 5.7744933, 46.2864858 ], [ 5.773678, 46.2854775 ], [ 5.7737385, 46.2850057 ], [ 5.774009, 46.2848811 ], [ 5.7751448, 46.2846741 ], [ 5.7753808, 46.2842025 ], [ 5.77538, 46.2839052 ], [ 5.7747723, 46.2834281 ], [ 5.7747114, 46.2833295 ], [ 5.7747914, 46.283215 ], [ 5.7754903, 46.2835682 ], [ 5.7772531, 46.2834775 ], [ 5.7783427, 46.2802612 ], [ 5.7790305, 46.2797318 ], [ 5.7778886, 46.2785865 ], [ 5.7777353, 46.2782803 ], [ 5.7771118, 46.2775431 ], [ 5.774464, 46.2753479 ], [ 5.7736958, 46.2745233 ], [ 5.7731603, 46.2741083 ], [ 5.7724997, 46.273791 ], [ 5.7716869, 46.272981 ], [ 5.7712564, 46.2728203 ], [ 5.7712087, 46.272416 ], [ 5.7710157, 46.272094499999987 ], [ 5.7701095, 46.2712101 ], [ 5.7700292, 46.27083 ], [ 5.7697675, 46.27064 ], [ 5.767659, 46.2696695 ], [ 5.76717, 46.2692489 ], [ 5.7669878, 46.2688046 ], [ 5.7655791, 46.2680784 ], [ 5.7679903, 46.2682045 ], [ 5.7685555, 46.2680763 ], [ 5.7705809, 46.2673296 ], [ 5.7713721, 46.2673797 ], [ 5.77191, 46.2673035 ], [ 5.7727171, 46.2669766 ], [ 5.7734327, 46.2670214 ], [ 5.774262, 46.2669534 ], [ 5.7745074, 46.2667203 ], [ 5.7750795, 46.2665235 ], [ 5.776644, 46.2662718 ], [ 5.7770623, 46.2662967 ], [ 5.7778022, 46.2661823 ], [ 5.786491, 46.2662555 ], [ 5.7955322, 46.2655436 ], [ 5.7971613, 46.2653387 ], [ 5.7987807, 46.2652754 ], [ 5.8034149, 46.2647676 ], [ 5.8047592, 46.2647101 ], [ 5.8070575, 46.2644571 ], [ 5.8149432, 46.2634675 ], [ 5.8182001, 46.2629869 ], [ 5.8216605, 46.2622199 ], [ 5.825995, 46.261805099999989 ], [ 5.829098, 46.2617938 ], [ 5.8404745, 46.2623718 ], [ 5.8409821, 46.2622897 ], [ 5.8416675, 46.2624033 ], [ 5.8424031, 46.2627102 ], [ 5.8428916, 46.2626854 ], [ 5.8437538, 46.2629765 ], [ 5.8444828, 46.2629295 ], [ 5.8451639, 46.263036799999988 ], [ 5.8456503, 46.2627966 ], [ 5.845798, 46.2624136 ], [ 5.8459766, 46.262301 ], [ 5.8474952, 46.262099 ], [ 5.8495706, 46.2620624 ], [ 5.8502676, 46.2618764 ], [ 5.8508245, 46.2615687 ], [ 5.8514575, 46.2615502 ], [ 5.8524746, 46.2613967 ], [ 5.8528954, 46.2614195 ], [ 5.860764, 46.2688243 ], [ 5.8619399, 46.2697688 ], [ 5.8635335, 46.2712975 ], [ 5.8640115, 46.2713936 ], [ 5.8658055, 46.2701185 ], [ 5.8658316, 46.2696501 ], [ 5.8666049, 46.2691819 ], [ 5.8678497, 46.2679936 ], [ 5.8686007, 46.2670267 ], [ 5.8689351, 46.2662912 ], [ 5.8692241, 46.2652377 ], [ 5.8694929, 46.2648624 ], [ 5.8726684, 46.2664006 ], [ 5.8730818, 46.2669507 ], [ 5.874752, 46.2680258 ], [ 5.8756736, 46.2675898 ], [ 5.8762066, 46.26809 ], [ 5.8770998, 46.2686198 ], [ 5.8773018, 46.2689526 ], [ 5.8776207, 46.2690373 ], [ 5.8779756, 46.2690166 ], [ 5.8786628, 46.2693588 ], [ 5.8791184, 46.2696969 ], [ 5.8794217, 46.2700028 ], [ 5.8795611, 46.2704047 ], [ 5.8800807, 46.2708466 ], [ 5.8803095, 46.2714418 ], [ 5.8819854, 46.2728186 ], [ 5.8831319, 46.2741583 ], [ 5.8849767, 46.2757777 ], [ 5.8861889, 46.2767093 ], [ 5.8867727, 46.2775298 ], [ 5.8879028, 46.2783328 ], [ 5.8887543, 46.279224 ], [ 5.8902635, 46.2814952 ], [ 5.8905391, 46.2816702 ], [ 5.8917824, 46.2833344 ], [ 5.8924369, 46.2846766 ], [ 5.8927047, 46.2850222 ], [ 5.8946188, 46.286636 ], [ 5.8973423, 46.2857621 ], [ 5.898273, 46.2853951 ], [ 5.8998913, 46.285006 ], [ 5.9004888, 46.2854657 ], [ 5.901003, 46.2861671 ], [ 5.9020049, 46.2859668 ], [ 5.9079684, 46.2843585 ], [ 5.9091315, 46.2838431 ], [ 5.9115278, 46.2872573 ], [ 5.9121265, 46.2876628 ], [ 5.9125613, 46.2884086 ], [ 5.9133446, 46.2892284 ], [ 5.9161886, 46.2929104 ], [ 5.9165275, 46.2937577 ], [ 5.9149176, 46.2939909 ], [ 5.9145251, 46.2941866 ], [ 5.915519, 46.2950298 ], [ 5.9162555, 46.2975808 ], [ 5.9164022, 46.2985764 ], [ 5.9170809, 46.3010893 ], [ 5.9190657, 46.3049545 ], [ 5.9201608, 46.3068611 ], [ 5.9171974, 46.3076381 ], [ 5.9173215, 46.3083792 ], [ 5.917815, 46.3089298 ], [ 5.9180654, 46.3090891 ], [ 5.9190134, 46.3093099 ], [ 5.919636, 46.3100617 ], [ 5.9205041, 46.3106107 ], [ 5.9210124, 46.3115339 ], [ 5.9217667, 46.3124364 ], [ 5.9234721, 46.31167 ], [ 5.9238198, 46.3118251 ], [ 5.925451, 46.313051 ], [ 5.926039, 46.313809 ], [ 5.9320887, 46.3116765 ], [ 5.9342375, 46.3110102 ], [ 5.9353793, 46.31055 ], [ 5.9351047, 46.3101345 ], [ 5.9356641, 46.309945299999988 ], [ 5.9356781, 46.3096971 ], [ 5.9372943, 46.3096239 ], [ 5.9373958, 46.3098186 ], [ 5.9413997, 46.3087583 ], [ 5.941407, 46.3094015 ], [ 5.9410718, 46.3099634 ], [ 5.9410588, 46.3102783 ], [ 5.9420941, 46.3116365 ], [ 5.9421845, 46.3116973 ], [ 5.9431645, 46.3117368 ], [ 5.9435283, 46.3118752 ], [ 5.9436283, 46.3122105 ], [ 5.9434706, 46.3126634 ], [ 5.9438157, 46.3129148 ], [ 5.9440896, 46.3129546 ], [ 5.9451583, 46.3128531 ], [ 5.9458898, 46.313155 ], [ 5.9455385, 46.3141418 ], [ 5.9464559, 46.3146353 ], [ 5.9470787, 46.3155257 ], [ 5.9472794, 46.3161855 ], [ 5.9478831, 46.3164555 ], [ 5.9481985, 46.3169276 ], [ 5.948211, 46.3172076 ], [ 5.948051, 46.3176415 ], [ 5.9476634, 46.3181219 ], [ 5.9478588, 46.3184178 ], [ 5.9482916, 46.318558 ], [ 5.9484611, 46.3190727 ], [ 5.9488012, 46.3193738 ], [ 5.9500783, 46.3199265 ], [ 5.950436, 46.320193 ], [ 5.9502997, 46.3212832 ], [ 5.9505809, 46.3218905 ], [ 5.9511422, 46.3229158 ], [ 5.9523906, 46.3240919 ], [ 5.9525809, 46.324751 ], [ 5.9527963, 46.3250059 ], [ 5.9531218, 46.3252047 ], [ 5.9533941, 46.326224 ], [ 5.9533378, 46.3264093 ], [ 5.9538117, 46.3270205 ], [ 5.9547139, 46.3277559 ], [ 5.9551477, 46.3284178 ], [ 5.9555636, 46.3287728 ], [ 5.9556825, 46.329048199999988 ], [ 5.9560446, 46.3291766 ], [ 5.9572125, 46.3293166 ], [ 5.9576296, 46.3294536 ], [ 5.957859, 46.3300874 ], [ 5.9582843, 46.3306134 ], [ 5.9582049, 46.3313823 ], [ 5.9584855, 46.3316877 ], [ 5.9589, 46.333025899999988 ], [ 5.9593339, 46.3336878 ], [ 5.9596835, 46.3340166 ], [ 5.959993, 46.3345682 ], [ 5.9605049, 46.3347468 ], [ 5.9606587, 46.3347041 ], [ 5.9607654, 46.3345139 ], [ 5.9609354, 46.334530199999989 ], [ 5.9610929, 46.3347721 ], [ 5.9615981, 46.3351158 ], [ 5.9618475, 46.335877 ], [ 5.9618128, 46.3361492 ], [ 5.9627248, 46.3373014 ], [ 5.964632, 46.3376122 ], [ 5.9650446, 46.3378556 ], [ 5.9652924, 46.3382754 ], [ 5.9658164, 46.3397071 ], [ 5.9658182, 46.3398855 ], [ 5.9656001, 46.3401813 ], [ 5.9656146, 46.3404243 ], [ 5.9659206, 46.340884 ], [ 5.9659319, 46.3410936 ], [ 5.9665057, 46.3417897 ], [ 5.9667511, 46.3425465 ], [ 5.9670217, 46.3428819 ], [ 5.9676521, 46.343444 ], [ 5.9683416, 46.3437072 ], [ 5.9684728, 46.3439894 ], [ 5.9693381, 46.3447815 ], [ 5.9697828, 46.3453736 ], [ 5.9700849, 46.3454027 ], [ 5.9702956, 46.3455684 ], [ 5.9705057, 46.3460108 ], [ 5.9709183, 46.3460118 ], [ 5.9711294, 46.345899 ], [ 5.9716494, 46.3457945 ], [ 5.972102, 46.3459809 ], [ 5.9724842, 46.3463818 ], [ 5.9726653, 46.3464582 ], [ 5.9727741, 46.3476205 ], [ 5.9729594, 46.3478211 ], [ 5.9734604, 46.3479657 ], [ 5.9735833, 46.3485266 ], [ 5.9742284, 46.3491901 ], [ 5.9747286, 46.3498691 ], [ 5.9752019, 46.350292 ], [ 5.9731559, 46.3510032 ], [ 5.9681119, 46.353446 ], [ 5.964547, 46.3549977 ], [ 5.9638014, 46.3554081 ], [ 5.9634931, 46.3557451 ], [ 5.962815, 46.3569684 ], [ 5.964214, 46.3575916 ], [ 5.9644788, 46.35801 ], [ 5.9658177, 46.358843 ], [ 5.9669242, 46.3594224 ], [ 5.9665984, 46.3599914 ], [ 5.9646799, 46.3610695 ], [ 5.9648068, 46.361441 ], [ 5.9666188, 46.3622121 ], [ 5.9676343, 46.361882 ], [ 5.9684936, 46.3625093 ], [ 5.9698697, 46.3617976 ], [ 5.9712909, 46.3624644 ], [ 5.9703142, 46.3631251 ], [ 5.9701809, 46.3634989 ], [ 5.9686954, 46.3638755 ], [ 5.9680766, 46.3643458 ], [ 5.9680223, 46.3650717 ], [ 5.9635185, 46.3661494 ], [ 5.9635764, 46.366594 ], [ 5.9645371, 46.3664014 ], [ 5.9650566, 46.3668835 ], [ 5.9651409, 46.3671417 ], [ 5.965, 46.3675923 ], [ 5.9646088, 46.368108 ], [ 5.9657052, 46.3683769 ], [ 5.9657491, 46.3688263 ], [ 5.9637378, 46.3685371 ], [ 5.9635453, 46.368588 ], [ 5.9633113, 46.3688086 ], [ 5.9632891, 46.3691444 ], [ 5.9651341, 46.3696082 ], [ 5.9653295, 46.3698014 ], [ 5.9634745, 46.3704029 ], [ 5.9635928, 46.3706864 ], [ 5.963228, 46.3708013 ], [ 5.9630653, 46.3704901 ], [ 5.9615148, 46.3707764 ], [ 5.9613326, 46.3715462 ], [ 5.9608525, 46.3718145 ], [ 5.9609554, 46.3723697 ], [ 5.9598532, 46.3727623 ], [ 5.9600984, 46.3734183 ], [ 5.9587764, 46.3735751 ], [ 5.9572712, 46.3748937 ], [ 5.9583542, 46.3761164 ], [ 5.9585067, 46.3765278 ], [ 5.9579051, 46.3766939 ], [ 5.9574894, 46.3763019 ], [ 5.9571706, 46.3764021 ], [ 5.9571105, 46.3764946 ], [ 5.9575214, 46.3767967 ], [ 5.9575804, 46.3772619 ], [ 5.9557849, 46.3771147 ], [ 5.9551147, 46.3778908 ], [ 5.9531121, 46.3777904 ], [ 5.9531271, 46.3793201 ], [ 5.9539651, 46.3795038 ], [ 5.954278, 46.3812943 ], [ 5.9548053, 46.3817024 ], [ 5.9542769, 46.3826208 ], [ 5.9539312, 46.3824648 ], [ 5.9531451, 46.38235 ], [ 5.9526583, 46.3837034 ], [ 5.9510444, 46.3836434 ], [ 5.9504446, 46.3848574 ], [ 5.9486622, 46.3867669 ], [ 5.9486421, 46.387455 ], [ 5.9478907, 46.387551 ], [ 5.9473939, 46.388045 ], [ 5.9469031, 46.3887479 ], [ 5.9476097, 46.3890514 ], [ 5.9471538, 46.389484 ], [ 5.9468561, 46.3894457 ], [ 5.9462541, 46.389873 ], [ 5.9468398, 46.3904211 ], [ 5.9462963, 46.3907271 ], [ 5.9455804, 46.3904437 ], [ 5.9453047, 46.3907401 ], [ 5.9463961, 46.3916598 ], [ 5.9456267, 46.3917608 ], [ 5.94419, 46.3935676 ], [ 5.9432893, 46.3944947 ], [ 5.9448168, 46.3951689 ], [ 5.9452928, 46.3954693 ], [ 5.9436665, 46.3964664 ], [ 5.9438112, 46.3966871 ], [ 5.943236, 46.3968407 ], [ 5.9426068, 46.3971759 ], [ 5.9410602, 46.3964138 ], [ 5.9409301, 46.3964181 ], [ 5.9397146, 46.3977172 ], [ 5.9400544, 46.397932 ], [ 5.9401991, 46.3981526 ], [ 5.9397857, 46.3987958 ], [ 5.9395944, 46.3988476 ], [ 5.9393221, 46.3986753 ], [ 5.9391332, 46.3987721 ], [ 5.9390179, 46.3990003 ], [ 5.9385849, 46.3993296 ], [ 5.9384696, 46.3995587 ], [ 5.9401647, 46.4005855 ], [ 5.9397055, 46.400765 ], [ 5.938239, 46.4000161 ], [ 5.9377999, 46.4002554 ], [ 5.9369081, 46.4005532 ], [ 5.9364064, 46.40084 ], [ 5.9343708, 46.4029514 ], [ 5.9356181, 46.4034023 ], [ 5.9361653, 46.4037189 ], [ 5.9365849, 46.40411 ], [ 5.937224, 46.404271 ], [ 5.93793, 46.4045619 ], [ 5.9387984, 46.4051099 ], [ 5.9390554, 46.4050213 ], [ 5.9412728, 46.4051732 ], [ 5.9416728, 46.405272 ], [ 5.9429345, 46.406036 ], [ 5.9451302, 46.407185 ], [ 5.9486072, 46.4097948 ], [ 5.9490589, 46.4100301 ], [ 5.9497938, 46.4102733 ], [ 5.9507398, 46.4108318 ], [ 5.9513348, 46.411477 ], [ 5.9528798, 46.4126553 ], [ 5.9532294, 46.4131697 ], [ 5.9536924, 46.4134677 ], [ 5.9546492, 46.4138142 ], [ 5.9562599, 46.4150737 ], [ 5.9565084, 46.4153313 ], [ 5.9567711, 46.4159489 ], [ 5.9582478, 46.4167045 ], [ 5.9597719, 46.4173471 ], [ 5.9600221, 46.4171334 ], [ 5.9615915, 46.4183218 ], [ 5.9659449, 46.4212292 ], [ 5.966334, 46.4214614 ], [ 5.9683794, 46.4223184 ], [ 5.9665897, 46.4247276 ], [ 5.9673265, 46.4261988 ], [ 5.9650275, 46.4285672 ], [ 5.9603145, 46.4337924 ], [ 5.9578072, 46.433843 ], [ 5.9547314, 46.4337469 ], [ 5.9464689, 46.4338253 ], [ 5.9462565, 46.4335848 ], [ 5.9454993, 46.4338747 ], [ 5.9414838, 46.4338728 ], [ 5.9386232, 46.4339708 ], [ 5.9381218, 46.4340991 ], [ 5.9368813, 46.4339084 ], [ 5.9244048, 46.4340025 ], [ 5.9235069, 46.4343914 ], [ 5.9224441, 46.4351827 ], [ 5.9205447, 46.4359774 ], [ 5.919283, 46.4373162 ], [ 5.9179869, 46.4378657 ], [ 5.9165963, 46.4391114 ], [ 5.9148306, 46.4399242 ], [ 5.9141717, 46.4408141 ], [ 5.9130366, 46.4427218 ], [ 5.9098605, 46.4444896 ], [ 5.9075253, 46.443084 ], [ 5.9039082, 46.4421551 ], [ 5.9015189, 46.4410742 ], [ 5.8993208, 46.4399127 ], [ 5.8971177, 46.440985 ], [ 5.893882, 46.4431116 ], [ 5.8933393, 46.4430055 ], [ 5.8924418, 46.4425741 ], [ 5.8911658, 46.4433381 ], [ 5.8899426, 46.4445576 ], [ 5.8913802, 46.4454655 ], [ 5.8894996, 46.4467773 ], [ 5.8920505, 46.4491591 ], [ 5.8936496, 46.4504783 ], [ 5.8949063, 46.4513385 ], [ 5.8948981, 46.4527561 ], [ 5.8942922, 46.4529336 ], [ 5.8935351, 46.453506 ], [ 5.8930746, 46.4542377 ], [ 5.8925648, 46.4544587 ], [ 5.8933262, 46.454852099999989 ], [ 5.8940155, 46.455533 ], [ 5.8943387, 46.4560204 ], [ 5.8941443, 46.4563136 ], [ 5.8933792, 46.4566124 ], [ 5.8929596, 46.4568636 ], [ 5.8926013, 46.457433099999989 ], [ 5.8927903, 46.4578014 ], [ 5.893828, 46.4587563 ], [ 5.8939763, 46.4592662 ], [ 5.893659, 46.4598464 ], [ 5.8936522, 46.4602349 ], [ 5.894209, 46.4609236 ], [ 5.8944046, 46.4616125 ], [ 5.8945793, 46.4618577 ], [ 5.8966388, 46.4631706 ], [ 5.8972109, 46.4639012 ], [ 5.8976021, 46.4646608 ], [ 5.8980376, 46.465103 ], [ 5.8994782, 46.4653656 ], [ 5.9001336, 46.4663861 ], [ 5.9007517, 46.4666812 ], [ 5.9016334, 46.4669526 ], [ 5.9023195, 46.467569499999989 ], [ 5.9034517, 46.4679165 ], [ 5.9036939, 46.4681311 ], [ 5.9046153, 46.4697106 ], [ 5.9050138, 46.4701916 ], [ 5.9059439, 46.4708311 ], [ 5.9063322, 46.4717791 ], [ 5.9067581, 46.4721359 ], [ 5.907851, 46.4723324 ], [ 5.9082228, 46.4721626 ], [ 5.9094325, 46.4722255 ], [ 5.9098924, 46.4726814 ], [ 5.9100941, 46.4731367 ], [ 5.9111696, 46.4733472 ], [ 5.9118024, 46.4735726 ], [ 5.9124636, 46.4740107 ], [ 5.9126082, 46.4742774 ], [ 5.9129598, 46.4745595 ], [ 5.9135941, 46.4747875 ], [ 5.914579, 46.4747921 ], [ 5.9152097, 46.4748796 ], [ 5.9155904, 46.4750717 ], [ 5.916164, 46.4757248 ], [ 5.9163356, 46.4763485 ], [ 5.9162341, 46.476743 ], [ 5.9158548, 46.477333 ], [ 5.9152349, 46.4779606 ], [ 5.9153581, 46.4783855 ], [ 5.9157234, 46.4785834 ], [ 5.9164756, 46.4786237 ], [ 5.9169983, 46.4785689 ], [ 5.9173801, 46.4786592 ], [ 5.9174954, 46.4791329 ], [ 5.9177608, 46.4795334 ], [ 5.9185573, 46.4801095 ], [ 5.9192384, 46.4804066 ], [ 5.9198055, 46.4809373 ], [ 5.9200347, 46.4810513 ], [ 5.9202008, 46.4812056 ], [ 5.920415, 46.481893899999989 ], [ 5.920634, 46.4821091 ], [ 5.9213932, 46.4825736 ], [ 5.9216358, 46.4826458 ], [ 5.9221438, 46.4827049 ], [ 5.9226782, 46.4826488 ], [ 5.9233592, 46.4828206 ], [ 5.9236491, 46.483044799999988 ], [ 5.9241769, 46.483910699999988 ], [ 5.9249453, 46.4844966 ], [ 5.9260565, 46.4843222 ], [ 5.926567, 46.4843785 ], [ 5.9269956, 46.4846117 ], [ 5.9272789, 46.4849063 ], [ 5.9273092, 46.486176 ], [ 5.9275285, 46.4866651 ], [ 5.9279731, 46.4870484 ], [ 5.9288776, 46.4873 ], [ 5.9294751, 46.4875676 ], [ 5.9284354, 46.4885638 ], [ 5.9267267, 46.4908035 ], [ 5.9261363, 46.4922243 ], [ 5.9257576, 46.4938965 ], [ 5.9253409, 46.4944946 ], [ 5.9238773, 46.4961045 ], [ 5.9207942, 46.4986144 ], [ 5.9192508, 46.49796 ], [ 5.9184202, 46.4986273 ], [ 5.9063416, 46.4941018 ], [ 5.903993, 46.4930955 ], [ 5.901756, 46.494304799999988 ], [ 5.9010097, 46.4933488 ], [ 5.8998143, 46.4936368 ], [ 5.8990911, 46.4939985 ], [ 5.8985605, 46.4943985 ], [ 5.8970165, 46.4951738 ], [ 5.8953501, 46.49701 ], [ 5.8948451, 46.4967147 ], [ 5.8947006, 46.4961308 ], [ 5.8945211, 46.4960669 ], [ 5.8934189, 46.4951388 ], [ 5.8896918, 46.4971415 ], [ 5.8890587, 46.4981694 ], [ 5.8857716, 46.499149 ], [ 5.884492, 46.4988614 ], [ 5.8842568, 46.4992485 ], [ 5.8825417, 46.5000279 ], [ 5.8801375, 46.499351 ], [ 5.87222, 46.5071195 ], [ 5.8717624, 46.5097701 ], [ 5.8718069, 46.5101363 ], [ 5.8720079, 46.5105474 ], [ 5.871266, 46.5112607 ], [ 5.8709768, 46.5110234 ], [ 5.8704536, 46.5108651 ], [ 5.8699976, 46.5104421 ], [ 5.8691379, 46.5103965 ], [ 5.8682175, 46.5100551 ], [ 5.8663389, 46.5107958 ], [ 5.8574563, 46.5146916 ], [ 5.8571868, 46.514507 ], [ 5.8569682, 46.5138591 ], [ 5.8626488, 46.5104947 ], [ 5.8644219, 46.5095362 ], [ 5.8658494, 46.5086152 ], [ 5.8663667, 46.5080162 ], [ 5.8662291, 46.5076035 ], [ 5.8663716, 46.5068756 ], [ 5.8673448, 46.504441 ], [ 5.8765609, 46.4995794 ], [ 5.8786048, 46.4986132 ], [ 5.8758152, 46.496311 ], [ 5.872963, 46.4932672 ], [ 5.8705723, 46.4903196 ], [ 5.8687893, 46.4885054 ], [ 5.8627325, 46.4922137 ], [ 5.8619271, 46.4914842 ], [ 5.8605288, 46.4906686 ], [ 5.857017, 46.4892265 ], [ 5.8539173, 46.4877307 ], [ 5.8531319, 46.4872548 ], [ 5.8496416, 46.4846207 ], [ 5.8484231, 46.4835933 ], [ 5.84615, 46.4813298 ], [ 5.8477958, 46.481173399999989 ], [ 5.8469252, 46.4804626 ], [ 5.8435865, 46.478369699999988 ], [ 5.842933, 46.4776679 ], [ 5.8424957, 46.4769102 ], [ 5.8424079, 46.4763276 ], [ 5.8425596, 46.4756336 ], [ 5.8430286, 46.4744983 ], [ 5.8390696, 46.468021 ], [ 5.8399187, 46.4671232 ], [ 5.8391755, 46.4608371 ], [ 5.8389577, 46.46031 ], [ 5.8391535, 46.4596888 ], [ 5.8390239, 46.4584252 ], [ 5.8391088, 46.4576023 ], [ 5.8428606, 46.4490373 ], [ 5.8352803, 46.4432177 ], [ 5.8312975, 46.4404143 ], [ 5.828662, 46.4391803 ], [ 5.8275786, 46.4383692 ], [ 5.8299721, 46.4335055 ], [ 5.8249882, 46.4312322 ], [ 5.8282467, 46.4274969 ], [ 5.8349715, 46.4192874 ], [ 5.8398586, 46.4186118 ], [ 5.8381236, 46.4173682 ], [ 5.8367913, 46.4155713 ], [ 5.8356143, 46.4144815 ], [ 5.8332401, 46.4125384 ], [ 5.8325697, 46.4116936 ], [ 5.8304096, 46.4084728 ], [ 5.8291559, 46.4072055 ], [ 5.8264567, 46.4051613 ], [ 5.8252785, 46.4035875 ], [ 5.8234912, 46.4014647 ], [ 5.8231192, 46.4003666 ], [ 5.8218808, 46.3980257 ], [ 5.8206771, 46.3947684 ], [ 5.8204724, 46.393604 ], [ 5.8204514, 46.3927422 ], [ 5.817536, 46.3894164 ], [ 5.8164803, 46.3889181 ], [ 5.8093025, 46.3837691 ], [ 5.8080829, 46.3831179 ], [ 5.8050646, 46.381719 ], [ 5.8033437, 46.3810387 ], [ 5.801932, 46.3800426 ], [ 5.8013555, 46.3799955 ], [ 5.8000505, 46.379504 ], [ 5.7996517, 46.379039 ], [ 5.799585, 46.378473 ], [ 5.799818, 46.3780149 ], [ 5.8003675, 46.3773329 ], [ 5.8008793, 46.3771824 ], [ 5.8033661, 46.3770357 ], [ 5.8032382, 46.3757621 ], [ 5.8029708, 46.3744829 ], [ 5.8020388, 46.3734696 ], [ 5.8022771, 46.3694596 ], [ 5.8026871, 46.3688251 ], [ 5.8029377, 46.3681531 ], [ 5.8029838, 46.3676564 ], [ 5.802798, 46.366522 ], [ 5.80281, 46.3657667 ], [ 5.8022955, 46.3657586 ], [ 5.8023039, 46.3662783 ], [ 5.8019824, 46.3676485 ], [ 5.801562, 46.3685878 ], [ 5.8008488, 46.3694794 ], [ 5.8006121, 46.3700672 ], [ 5.8005767, 46.3715089 ], [ 5.8004214, 46.372262299999988 ], [ 5.8004846, 46.3733952 ], [ 5.8001594, 46.373755499999987 ], [ 5.7992718, 46.373607 ], [ 5.7934336, 46.3722851 ], [ 5.7924875, 46.3719595 ], [ 5.7904506, 46.3703092 ], [ 5.7897996, 46.3698971 ], [ 5.7869656, 46.3675706 ], [ 5.7849472, 46.3670405 ], [ 5.7820486, 46.3671185 ], [ 5.7741538, 46.365926 ], [ 5.7735459, 46.3657209 ], [ 5.7732233, 46.3657756 ], [ 5.7719034, 46.3664907 ], [ 5.7706899, 46.3668427 ], [ 5.7678357, 46.3669742 ], [ 5.7664607, 46.3668355 ], [ 5.7650718, 46.3664719 ], [ 5.7642063, 46.3661378 ], [ 5.7619779, 46.3638195 ], [ 5.7618318, 46.3635536 ], [ 5.7610322, 46.3632621 ], [ 5.7587486, 46.3610802 ], [ 5.7582555, 46.3604641 ], [ 5.7567718, 46.357987 ], [ 5.755068, 46.356328 ], [ 5.7541266, 46.3560084 ], [ 5.7536526, 46.3559757 ], [ 5.7531452, 46.3560285 ], [ 5.7512015, 46.3565809 ], [ 5.7518684, 46.3573162 ], [ 5.750798, 46.3577169 ], [ 5.7502993, 46.358047 ], [ 5.7485387, 46.3600158 ], [ 5.7478376, 46.3602823 ], [ 5.747422, 46.3606365 ], [ 5.7474236, 46.3613158 ], [ 5.7463131, 46.3619039 ], [ 5.7462773, 46.3623553 ], [ 5.7465788, 46.362684099999989 ], [ 5.7470402, 46.3629297 ], [ 5.7467233, 46.3630734 ], [ 5.7471163, 46.3633316 ], [ 5.747152, 46.3638605 ], [ 5.7467723, 46.3644877 ], [ 5.7447746, 46.3658892 ], [ 5.7449132, 46.3668094 ], [ 5.7448839, 46.3673921 ], [ 5.7440203, 46.3689077 ], [ 5.7433234, 46.3695966 ], [ 5.7413015, 46.371195 ], [ 5.7405484, 46.371623 ], [ 5.7400827, 46.3717847 ], [ 5.7394832, 46.3712495 ], [ 5.7375846, 46.3724817 ], [ 5.7371, 46.3726817 ], [ 5.7364848, 46.3727955 ], [ 5.7351479, 46.3726402 ], [ 5.7346896, 46.3729233 ], [ 5.7342649, 46.3725524 ], [ 5.7337635, 46.3725211 ], [ 5.7328565, 46.372241 ], [ 5.7323099, 46.3722685 ], [ 5.7300433, 46.3731986 ], [ 5.7299731, 46.3741914 ], [ 5.7304599, 46.3748933 ], [ 5.730384, 46.3750943 ], [ 5.7298413, 46.3756434 ], [ 5.7296595, 46.3756793 ], [ 5.7289311, 46.3753786 ], [ 5.727722, 46.3745732 ], [ 5.7259747, 46.3736798 ], [ 5.7248738, 46.3727222 ], [ 5.7240027, 46.3722979 ], [ 5.7236582, 46.3719935 ], [ 5.7231187, 46.3716937 ], [ 5.7226651, 46.3717073 ], [ 5.7186969, 46.3725038 ], [ 5.7189239, 46.3740058 ], [ 5.7201977, 46.3744899 ], [ 5.7205532, 46.3748337 ], [ 5.7206637, 46.3751689 ], [ 5.7206181, 46.3755079 ], [ 5.719169, 46.3775958 ], [ 5.7185306, 46.3790779 ], [ 5.7183357, 46.3802367 ], [ 5.7184012, 46.3808974 ], [ 5.7192099, 46.3817647 ], [ 5.7194794, 46.3828647 ], [ 5.7210967, 46.3838623 ], [ 5.7212184, 46.3840585 ], [ 5.7208079, 46.3847305 ], [ 5.7202425, 46.3850629 ], [ 5.7194775, 46.3853109 ], [ 5.718492, 46.3866463 ], [ 5.7177217, 46.3867611 ], [ 5.7178542, 46.3869651 ], [ 5.7182391, 46.3872163 ], [ 5.7183237, 46.3876865 ], [ 5.7188621, 46.3881178 ], [ 5.7189309, 46.3888451 ], [ 5.7192352, 46.3889946 ], [ 5.720232, 46.3892456 ], [ 5.720914, 46.390179 ], [ 5.7214116, 46.3906276 ], [ 5.7227193, 46.391419 ], [ 5.7229131, 46.3916504 ], [ 5.7229692, 46.3919383 ], [ 5.7228785, 46.3920783 ], [ 5.7229527, 46.392182 ], [ 5.723289, 46.3922163 ], [ 5.7242694, 46.3927884 ], [ 5.724443, 46.3929519 ], [ 5.7245709, 46.3933245 ], [ 5.725638, 46.3935964 ], [ 5.7262115, 46.3939989 ], [ 5.7263669, 46.3946863 ], [ 5.7268878, 46.3956253 ], [ 5.7264091, 46.3961305 ], [ 5.7265112, 46.3968975 ], [ 5.7264159, 46.3974404 ], [ 5.7267036, 46.3978822 ], [ 5.7266793, 46.3983873 ], [ 5.7267484, 46.3984677 ], [ 5.7272321, 46.39853 ], [ 5.7273004, 46.3985941 ], [ 5.7272301, 46.399037299999989 ], [ 5.7273078, 46.3992895 ], [ 5.7276877, 46.3997246 ], [ 5.7255263, 46.4009341 ], [ 5.7246961, 46.4011846 ], [ 5.7231818, 46.3973789 ], [ 5.7223904, 46.3963931 ], [ 5.7213052, 46.3952621 ], [ 5.7205843, 46.3949325 ], [ 5.7195513, 46.3946111 ], [ 5.7178102, 46.3930146 ], [ 5.7161256, 46.3911122 ], [ 5.7137725, 46.3889859 ], [ 5.713351, 46.3878139 ], [ 5.7128725, 46.3868576 ], [ 5.7116682, 46.3853365 ], [ 5.7097533, 46.3844513 ], [ 5.7034921, 46.3766098 ], [ 5.7030919, 46.3760481 ], [ 5.7030895, 46.375867 ], [ 5.7035451, 46.3756571 ], [ 5.7036853, 46.3754637 ], [ 5.7036934, 46.3752599 ], [ 5.7019889, 46.3732487 ], [ 5.6981978, 46.3684659 ], [ 5.696454, 46.3660465 ], [ 5.6887124, 46.3696405 ], [ 5.6865348, 46.36858 ], [ 5.6862674, 46.3681728 ], [ 5.684741, 46.366668 ], [ 5.684356, 46.3661185 ], [ 5.6836638, 46.3656176 ], [ 5.6782482, 46.3605985 ], [ 5.6779628, 46.3597673 ], [ 5.6769051, 46.3589227 ], [ 5.6765946, 46.3583497 ], [ 5.6803742, 46.3548047 ], [ 5.6822092, 46.3508324 ], [ 5.684593, 46.3502789 ], [ 5.6869725, 46.3498489 ], [ 5.6881762, 46.350117 ], [ 5.6878246, 46.3504019 ], [ 5.6878101, 46.3505833 ], [ 5.6884844, 46.3530505 ], [ 5.6891814, 46.3542847 ], [ 5.6903459, 46.3542545 ], [ 5.6911037, 46.354106 ], [ 5.6919582, 46.3542047 ], [ 5.694091, 46.3549445 ], [ 5.6943713, 46.3550874 ], [ 5.6946059, 46.3553855 ], [ 5.6951418, 46.3549854 ], [ 5.6965285, 46.3542111 ], [ 5.6989302, 46.3550994 ], [ 5.6995928, 46.3548152 ], [ 5.7005189, 46.3556493 ], [ 5.7012326, 46.3555305 ], [ 5.7016035, 46.3562948 ], [ 5.7031622, 46.3568687 ], [ 5.7064392, 46.3569523 ], [ 5.7094262, 46.35439 ], [ 5.7106108, 46.3535609 ], [ 5.7136542, 46.3511459 ], [ 5.713817, 46.3476119 ], [ 5.7141655, 46.346926 ], [ 5.7144909, 46.3458812 ], [ 5.7148102, 46.3454474 ], [ 5.7158163, 46.346292 ], [ 5.7162305, 46.346302 ], [ 5.7165291, 46.3460264 ], [ 5.7176723, 46.3437151 ], [ 5.7181428, 46.3433137 ], [ 5.7184234, 46.3423376 ], [ 5.7188224, 46.3421983 ], [ 5.7194697, 46.3406971 ], [ 5.7200945, 46.3398154 ], [ 5.7201457, 46.3395889 ], [ 5.7203383, 46.3395384 ], [ 5.7285029, 46.3428761 ], [ 5.7346424, 46.3421 ], [ 5.7364384, 46.3407865 ], [ 5.7371199, 46.3401862 ], [ 5.7373887, 46.3398383 ], [ 5.7383378, 46.3373341 ], [ 5.7444765, 46.3359322 ], [ 5.7454498, 46.3367152 ], [ 5.7486408, 46.3397684 ], [ 5.7517549, 46.3422963 ], [ 5.7543901, 46.3434706 ], [ 5.7579798, 46.344712799999989 ], [ 5.7589735, 46.3446807 ], [ 5.7602975, 46.344879299999988 ], [ 5.7618965, 46.344955 ], [ 5.7620758, 46.3436892 ], [ 5.7623018, 46.3431413 ], [ 5.7622278, 46.3423466 ], [ 5.7625458, 46.3419199 ], [ 5.7638212, 46.3416718 ], [ 5.7655936, 46.3407539 ], [ 5.7683801, 46.3402376 ], [ 5.7695257, 46.3399187 ] ] ] ] } },
{ "type": "Feature", "properties": { "code_departement": 39.0, "code_rne": "0390960G", "multisecteur": 0.0 }, "geometry": { "type": "MultiPolygon", "coordinates": [ [ [ [ 5.7464496, 46.9577217 ], [ 5.7460217, 46.9580526 ], [ 5.7447287, 46.9585023 ], [ 5.7444107, 46.9590549 ], [ 5.7439381, 46.959595 ], [ 5.7437275, 46.9601379 ], [ 5.7433836, 46.96031 ], [ 5.7430949, 46.9605836 ], [ 5.7427969, 46.9610906 ], [ 5.7422063, 46.9616137 ], [ 5.742171, 46.9618253 ], [ 5.7414009, 46.96265 ], [ 5.7411097, 46.9628497 ], [ 5.740511, 46.9631089 ], [ 5.7400755, 46.9630589 ], [ 5.7399874, 46.9631133 ], [ 5.7400082, 46.9633155 ], [ 5.7398079, 46.9633617 ], [ 5.7396758, 46.9635846 ], [ 5.739526, 46.9636936 ], [ 5.7391787, 46.9636694 ], [ 5.7388373, 46.9638136 ], [ 5.7387239, 46.9638865 ], [ 5.7387426, 46.9640474 ], [ 5.7383422, 46.9639902 ], [ 5.73807, 46.9640967 ], [ 5.7377899, 46.9639195 ], [ 5.7374032, 46.9643647 ], [ 5.736773, 46.964522 ], [ 5.7366004, 46.9648568 ], [ 5.7361243, 46.9649401 ], [ 5.7358078, 46.965135 ], [ 5.7357326, 46.9652873 ], [ 5.7354349, 46.9652547 ], [ 5.7351228, 46.9660567 ], [ 5.735012, 46.9674034 ], [ 5.7347076, 46.967889 ], [ 5.7345638, 46.9684023 ], [ 5.7346039, 46.9686491 ], [ 5.7348155, 46.9687991 ], [ 5.734853, 46.9689937 ], [ 5.7348001, 46.969094 ], [ 5.7346518, 46.9691273 ], [ 5.7346436, 46.9692779 ], [ 5.7349928, 46.9699111 ], [ 5.7349734, 46.970125 ], [ 5.7347173, 46.9703689 ], [ 5.7345698, 46.9704193 ], [ 5.7341036, 46.9703871 ], [ 5.7340766, 46.970504 ], [ 5.7338086, 46.97054 ], [ 5.733693, 46.9707004 ], [ 5.7336899, 46.9711861 ], [ 5.7335489, 46.9713633 ], [ 5.7335213, 46.9717279 ], [ 5.733641, 46.9720134 ], [ 5.7334762, 46.9725028 ], [ 5.7335547, 46.9729352 ], [ 5.7333162, 46.973294 ], [ 5.7336371, 46.97329 ], [ 5.7336316, 46.9735964 ], [ 5.7332716, 46.9741293 ], [ 5.7333489, 46.9744094 ], [ 5.7331411, 46.9750107 ], [ 5.7331322, 46.9753812 ], [ 5.7329807, 46.9756632 ], [ 5.7333333, 46.9758954 ], [ 5.7334558, 46.976106 ], [ 5.7331001, 46.9766189 ], [ 5.7332854, 46.9768731 ], [ 5.7331141, 46.9773636 ], [ 5.733308, 46.9777626 ], [ 5.7330212, 46.9784415 ], [ 5.7330707, 46.978561 ], [ 5.7333385, 46.978652 ], [ 5.7332936, 46.979144 ], [ 5.733088, 46.979502 ], [ 5.7328791, 46.9796655 ], [ 5.7324258, 46.979839299999988 ], [ 5.731811, 46.9799151 ], [ 5.7312741, 46.9798666 ], [ 5.7306889, 46.9796688 ], [ 5.7272774, 46.9780594 ], [ 5.7210168, 46.975465 ], [ 5.7169605, 46.9734544 ], [ 5.7050585, 46.970562199999989 ], [ 5.7042324, 46.9704131 ], [ 5.7029937, 46.9706962 ], [ 5.6984284, 46.9714383 ], [ 5.6914049, 46.9727159 ], [ 5.6835683, 46.9750651 ], [ 5.6827049, 46.9751185 ], [ 5.681596, 46.9750002 ], [ 5.6803172, 46.9750101 ], [ 5.6791944, 46.9743443 ], [ 5.6782474, 46.973933 ], [ 5.6774929, 46.9733668 ], [ 5.6763534, 46.9720987 ], [ 5.6756981, 46.9715418 ], [ 5.6748533, 46.9717047 ], [ 5.674074, 46.9716741 ], [ 5.6735099, 46.9712052 ], [ 5.672832, 46.9710173 ], [ 5.6721918, 46.9707115 ], [ 5.6718325, 46.9706315 ], [ 5.6712701, 46.9706238 ], [ 5.6701998, 46.9702171 ], [ 5.6698312, 46.9701337 ], [ 5.6692615, 46.9701379 ], [ 5.6688642, 46.9700075 ], [ 5.6668136, 46.9687244 ], [ 5.6658227, 46.9677644 ], [ 5.6652148, 46.9670182 ], [ 5.6645482, 46.9665768 ], [ 5.6642339, 46.9663958 ], [ 5.6637763, 46.9662676 ], [ 5.6630908, 46.9657907 ], [ 5.662406, 46.9654858 ], [ 5.6622979, 46.9652685 ], [ 5.6616322, 46.9651109 ], [ 5.6607628, 46.9646391 ], [ 5.6598265, 46.9643049 ], [ 5.6566781, 46.9680899 ], [ 5.6544136, 46.9675601 ], [ 5.653811, 46.968473 ], [ 5.6529068, 46.969383 ], [ 5.6522651, 46.970277 ], [ 5.6504136, 46.972078 ], [ 5.6503734, 46.9699439 ], [ 5.6513622, 46.9681041 ], [ 5.6517211, 46.9671842 ], [ 5.6514765, 46.9668926 ], [ 5.6507397, 46.9664672 ], [ 5.6511753, 46.965314 ], [ 5.6505428, 46.9648664 ], [ 5.6506895, 46.9640748 ], [ 5.6514718, 46.9618362 ], [ 5.650053, 46.960004 ], [ 5.649924, 46.9600835 ], [ 5.6479413, 46.9584769 ], [ 5.6456078, 46.955640599999988 ], [ 5.6438175, 46.9543565 ], [ 5.6429497, 46.9535341 ], [ 5.6419752, 46.9528952 ], [ 5.6417632, 46.9526496 ], [ 5.6416212, 46.9522745 ], [ 5.6406572, 46.9513651 ], [ 5.6402256, 46.950555199999989 ], [ 5.6394411, 46.9495777 ], [ 5.6379903, 46.9490425 ], [ 5.6332652, 46.9448354 ], [ 5.6325411, 46.9443349 ], [ 5.6323165, 46.9441274 ], [ 5.632029, 46.94357 ], [ 5.6317792, 46.9427623 ], [ 5.6312923, 46.9422176 ], [ 5.6305858, 46.9417544 ], [ 5.6303654, 46.9420649 ], [ 5.6287014, 46.9408191 ], [ 5.6277767, 46.9395186 ], [ 5.6272535, 46.9390919 ], [ 5.627177, 46.9389242 ], [ 5.6268988, 46.9368001 ], [ 5.6261747, 46.9346986 ], [ 5.6250948, 46.933017 ], [ 5.62435, 46.9323304 ], [ 5.6220763, 46.9298382 ], [ 5.6226314, 46.9296787 ], [ 5.6221242, 46.928872299999988 ], [ 5.6215932, 46.9284438 ], [ 5.6217841, 46.9280972 ], [ 5.6228849, 46.9278829 ], [ 5.624651, 46.9277761 ], [ 5.6249345, 46.9280083 ], [ 5.6253032, 46.928126 ], [ 5.6262312, 46.9282274 ], [ 5.6269535, 46.9282064 ], [ 5.6275335, 46.9283175 ], [ 5.6285077, 46.9280422 ], [ 5.6287099, 46.9281168 ], [ 5.6294167, 46.9278322 ], [ 5.6295633, 46.927764 ], [ 5.6297491, 46.9270148 ], [ 5.6313256, 46.9268229 ], [ 5.6329697, 46.9258053 ], [ 5.6336027, 46.9250314 ], [ 5.6338863, 46.9244573 ], [ 5.6347621, 46.9235941 ], [ 5.6354892, 46.9230261 ], [ 5.6352845, 46.9226579 ], [ 5.6387404, 46.9219112 ], [ 5.6388636, 46.9209337 ], [ 5.6394689, 46.9209441 ], [ 5.64038, 46.9204034 ], [ 5.6406313, 46.9201635 ], [ 5.6409049, 46.9196824 ], [ 5.6420582, 46.9195254 ], [ 5.643487, 46.9195169 ], [ 5.6440548, 46.9197543 ], [ 5.6455371, 46.920895 ], [ 5.6461522, 46.9207016 ], [ 5.6472665, 46.9201229 ], [ 5.6490053, 46.9194649 ], [ 5.6504275, 46.9183827 ], [ 5.6507962, 46.9186616 ], [ 5.6518817, 46.9179826 ], [ 5.6523104, 46.9188421 ], [ 5.6534249, 46.920038 ], [ 5.6546882, 46.9208899 ], [ 5.6557628, 46.9214066 ], [ 5.6562708, 46.9209886 ], [ 5.6570574, 46.9211821 ], [ 5.6575309, 46.9214532 ], [ 5.6590826, 46.9219102 ], [ 5.6599776, 46.9219553 ], [ 5.6607435, 46.9218889 ], [ 5.6606127, 46.9210731 ], [ 5.6607978, 46.9205607 ], [ 5.6614089, 46.9205799 ], [ 5.6615734, 46.9202094 ], [ 5.6621399, 46.9197513 ], [ 5.6623437, 46.9194304 ], [ 5.6627357, 46.9195141 ], [ 5.6628465, 46.9194161 ], [ 5.6630945, 46.9194311 ], [ 5.6642133, 46.9199106 ], [ 5.6638312, 46.9202681 ], [ 5.6641565, 46.920493 ], [ 5.665114, 46.9209258 ], [ 5.665322, 46.9208228 ], [ 5.6658861, 46.9203431 ], [ 5.6660597, 46.9200778 ], [ 5.6660075, 46.9185664 ], [ 5.6661238, 46.916925 ], [ 5.6660037, 46.9163558 ], [ 5.6656877, 46.9157847 ], [ 5.6650708, 46.9152981 ], [ 5.6648462, 46.9148772 ], [ 5.6644455, 46.9144829 ], [ 5.664101, 46.9143215 ], [ 5.6639721, 46.9140794 ], [ 5.6631878, 46.9119553 ], [ 5.6632509, 46.9109394 ], [ 5.6617768, 46.9102095 ], [ 5.6597841, 46.9085836 ], [ 5.6593403, 46.9079515 ], [ 5.6585915, 46.9078823 ], [ 5.6591065, 46.9072884 ], [ 5.6599199, 46.9067733 ], [ 5.6602261, 46.9067455 ], [ 5.6616372, 46.9069732 ], [ 5.6621101, 46.9068848 ], [ 5.6638404, 46.9059863 ], [ 5.6649926, 46.9052804 ], [ 5.6670926, 46.9045759 ], [ 5.667319, 46.9045562 ], [ 5.6690661, 46.9049067 ], [ 5.6697276, 46.9048608 ], [ 5.670446, 46.9053802 ], [ 5.6708052, 46.9054943 ], [ 5.6715243, 46.9056542 ], [ 5.6726477, 46.9055912 ], [ 5.6735117, 46.9059721 ], [ 5.6770299, 46.9059588 ], [ 5.6771378, 46.9051374 ], [ 5.6781953, 46.9037696 ], [ 5.6784691, 46.9036975 ], [ 5.6813531, 46.9054511 ], [ 5.6826365, 46.9058049 ], [ 5.6847719, 46.9057921 ], [ 5.6856371, 46.9056125 ], [ 5.6873497, 46.9068257 ], [ 5.6874677, 46.907719299999989 ], [ 5.6873928, 46.9081688 ], [ 5.6881319, 46.9079371 ], [ 5.6898293, 46.9089759 ], [ 5.691835, 46.9099452 ], [ 5.6921884, 46.909546 ], [ 5.6927738, 46.909844 ], [ 5.6953264, 46.9119996 ], [ 5.6957454, 46.9122573 ], [ 5.6982657, 46.9143136 ], [ 5.6984308, 46.9145656 ], [ 5.6989068, 46.9144625 ], [ 5.7001878, 46.9137866 ], [ 5.7051382, 46.9126425 ], [ 5.7044489, 46.9116092 ], [ 5.7049958, 46.9109243 ], [ 5.7056745, 46.9108525 ], [ 5.7057041, 46.9104473 ], [ 5.7056005, 46.9102155 ], [ 5.7053648, 46.9101291 ], [ 5.7048581, 46.9096707 ], [ 5.7065074, 46.9091608 ], [ 5.7089109, 46.908171 ], [ 5.7078837, 46.9077141 ], [ 5.7088176, 46.9066768 ], [ 5.7096541, 46.9059761 ], [ 5.7098962, 46.9052199 ], [ 5.710677, 46.9052205 ], [ 5.7141197, 46.9079988 ], [ 5.7176973, 46.9073577 ], [ 5.7181603, 46.9071008 ], [ 5.7196467, 46.905447699999989 ], [ 5.7202091, 46.9050768 ], [ 5.7204593, 46.9050069 ], [ 5.72174, 46.9049884 ], [ 5.7227987, 46.904712 ], [ 5.721257, 46.9032791 ], [ 5.7202994, 46.9026377 ], [ 5.7197978, 46.9023595 ], [ 5.7190806, 46.9021079 ], [ 5.7185238, 46.9017256 ], [ 5.7181024, 46.9016581 ], [ 5.7175694, 46.9004679 ], [ 5.7151193, 46.8986582 ], [ 5.7143698, 46.8982326 ], [ 5.7128123, 46.8980747 ], [ 5.7101545, 46.8981481 ], [ 5.7096837, 46.8973042 ], [ 5.7094499, 46.8966503 ], [ 5.7093037, 46.8953582 ], [ 5.7094975, 46.8953699 ], [ 5.7099616, 46.895268 ], [ 5.7101731, 46.8951351 ], [ 5.7106226, 46.8950839 ], [ 5.7109036, 46.8949998 ], [ 5.7111496, 46.8948211 ], [ 5.711434, 46.894491 ], [ 5.7119725, 46.8935395 ], [ 5.7125564, 46.8929979 ], [ 5.7127594, 46.8926949 ], [ 5.7132552, 46.89134 ], [ 5.7136476, 46.8909875 ], [ 5.7137259, 46.8904793 ], [ 5.7148255, 46.8894777 ], [ 5.7154149, 46.8891764 ], [ 5.7160246, 46.888599 ], [ 5.7175339, 46.8883525 ], [ 5.7195761, 46.8881719 ], [ 5.7233552, 46.8867835 ], [ 5.7232788, 46.8860483 ], [ 5.7269449, 46.8839877 ], [ 5.728495, 46.8850996 ], [ 5.7295074, 46.8849287 ], [ 5.7300019, 46.8847287 ], [ 5.7301442, 46.8845551 ], [ 5.7321935, 46.8845452 ], [ 5.7324864, 46.8842554 ], [ 5.7322655, 46.883837199999988 ], [ 5.7318441, 46.8834021 ], [ 5.7315924, 46.883309 ], [ 5.7309837, 46.8833802 ], [ 5.7313241, 46.8830433 ], [ 5.7319442, 46.8826772 ], [ 5.7327579, 46.8824237 ], [ 5.7332988, 46.8824406 ], [ 5.733699, 46.8821175 ], [ 5.7339523, 46.8817737 ], [ 5.734745, 46.8796233 ], [ 5.7350416, 46.8784478 ], [ 5.7350895, 46.877107 ], [ 5.7361465, 46.8764458 ], [ 5.7366858, 46.8761969 ], [ 5.7374552, 46.8741615 ], [ 5.7381051, 46.8718424 ], [ 5.7382931, 46.8714821 ], [ 5.7385988, 46.8711622 ], [ 5.7386598, 46.8708355 ], [ 5.7389634, 46.8707093 ], [ 5.7399776, 46.8706843 ], [ 5.7404893, 46.8708019 ], [ 5.7415553, 46.8712549 ], [ 5.7418987, 46.8712899 ], [ 5.7423192, 46.8712673 ], [ 5.7432647, 46.8710529 ], [ 5.7440046, 46.8710839 ], [ 5.7444714, 46.8714034 ], [ 5.7454934, 46.8715844 ], [ 5.7456596, 46.8715192 ], [ 5.7461134, 46.8709867 ], [ 5.7470234, 46.8703326 ], [ 5.7463111, 46.8697324 ], [ 5.745708, 46.8693144 ], [ 5.7452792, 46.8691228 ], [ 5.7461737, 46.8678258 ], [ 5.7451422, 46.8663954 ], [ 5.7441459, 46.865734499999988 ], [ 5.7428468, 46.8653204 ], [ 5.7470843, 46.8631463 ], [ 5.7647734, 46.8536332 ], [ 5.7686451, 46.851403 ], [ 5.7692555, 46.8511929 ], [ 5.7823664, 46.8437744 ], [ 5.7973579, 46.8350383 ], [ 5.7981852, 46.8357552 ], [ 5.8031097, 46.8392301 ], [ 5.8085024, 46.8423762 ], [ 5.8107812, 46.8440611 ], [ 5.8118309, 46.8424264 ], [ 5.8133509, 46.8409018 ], [ 5.8131852, 46.8402139 ], [ 5.8131917, 46.8399849 ], [ 5.813345, 46.8397766 ], [ 5.8136548, 46.8394969 ], [ 5.8167124, 46.8378508 ], [ 5.8169649, 46.8382636 ], [ 5.8183564, 46.8383097 ], [ 5.8189933, 46.8385392 ], [ 5.8192794, 46.8393691 ], [ 5.8196056, 46.8396575 ], [ 5.8207648, 46.8378398 ], [ 5.8210247, 46.8372082 ], [ 5.8224111, 46.8358984 ], [ 5.8228566, 46.8357037 ], [ 5.8236779, 46.8358448 ], [ 5.8243812, 46.8362149 ], [ 5.8248888, 46.8363574 ], [ 5.8255822, 46.8363864 ], [ 5.8258937, 46.8365184 ], [ 5.8268608, 46.8372127 ], [ 5.8272636, 46.8373577 ], [ 5.8292147, 46.8386179 ], [ 5.8294913, 46.8388346 ], [ 5.8297565, 46.8394389 ], [ 5.8300584, 46.8395873 ], [ 5.8307624, 46.8395916 ], [ 5.8322023, 46.8391571 ], [ 5.8333787, 46.8384037 ], [ 5.8336248, 46.8380886 ], [ 5.8335658, 46.8364332 ], [ 5.8346211, 46.8359765 ], [ 5.8352584, 46.835586 ], [ 5.836177, 46.8357039 ], [ 5.8365619, 46.8355575 ], [ 5.838976, 46.8333221 ], [ 5.83995, 46.8325448 ], [ 5.8403659, 46.8325139 ], [ 5.8441762, 46.8348757 ], [ 5.8454835, 46.8355939 ], [ 5.8457667, 46.8358608 ], [ 5.8456964, 46.8362734 ], [ 5.8440334, 46.8386561 ], [ 5.8441351, 46.8390176 ], [ 5.8448576, 46.8394006 ], [ 5.8471944, 46.840269 ], [ 5.8494669, 46.8412858 ], [ 5.8515163, 46.8425288 ], [ 5.8521007, 46.8432036 ], [ 5.8516711, 46.843598 ], [ 5.8505868, 46.8456737 ], [ 5.8495351, 46.847399 ], [ 5.8480692, 46.8489642 ], [ 5.8461949, 46.8506819 ], [ 5.8460028, 46.8510741 ], [ 5.8461694, 46.8519952 ], [ 5.8457261, 46.8529063 ], [ 5.8452285, 46.8535826 ], [ 5.8437968, 46.8548802 ], [ 5.8432121, 46.8552506 ], [ 5.842727, 46.855391399999988 ], [ 5.8423252, 46.8553932 ], [ 5.8414159, 46.8558598 ], [ 5.8406719, 46.8564242 ], [ 5.8397586, 46.8575153 ], [ 5.839181, 46.8579971 ], [ 5.8378722, 46.8585375 ], [ 5.8368172, 46.8596835 ], [ 5.8361804, 46.8607668 ], [ 5.8352633, 46.8611876 ], [ 5.8343044, 46.8621149 ], [ 5.8343848, 46.8667366 ], [ 5.8343692, 46.8685452 ], [ 5.8342751, 46.8690818 ], [ 5.834583, 46.8697932 ], [ 5.8338762, 46.8714747 ], [ 5.8315691, 46.8755155 ], [ 5.8312466, 46.8765325 ], [ 5.8309749, 46.8770148 ], [ 5.8307845, 46.8771943 ], [ 5.8304254, 46.8771356 ], [ 5.8300134, 46.8772718 ], [ 5.830216, 46.8780561 ], [ 5.8298561, 46.8787614 ], [ 5.8298041, 46.8791239 ], [ 5.8301313, 46.8801042 ], [ 5.8308916, 46.8817027 ], [ 5.8306904, 46.8826537 ], [ 5.8319839, 46.8843706 ], [ 5.8319902, 46.8849939 ], [ 5.8318314, 46.8854997 ], [ 5.8325134, 46.885826099999989 ], [ 5.8334074, 46.8868628 ], [ 5.8339454, 46.8868234 ], [ 5.8347627, 46.887724 ], [ 5.835406, 46.8877622 ], [ 5.8362725, 46.8875968 ], [ 5.837392, 46.8879449 ], [ 5.8379775, 46.8888602 ], [ 5.8375837, 46.889169 ], [ 5.8374292, 46.8894062 ], [ 5.835986, 46.8903535 ], [ 5.8358239, 46.8906206 ], [ 5.8362945, 46.8911748 ], [ 5.8369354, 46.8916689 ], [ 5.8372525, 46.8920269 ], [ 5.8373895, 46.8926082 ], [ 5.8372123, 46.8933154 ], [ 5.8382564, 46.8945537 ], [ 5.8406342, 46.8957582 ], [ 5.8447129, 46.899264 ], [ 5.8430042, 46.9007162 ], [ 5.8431857, 46.9010937 ], [ 5.84346, 46.9013608 ], [ 5.8434912, 46.9015528 ], [ 5.8426443, 46.9029972 ], [ 5.842725, 46.9033565 ], [ 5.842342, 46.9035489 ], [ 5.8413723, 46.9036809 ], [ 5.8401674, 46.9036665 ], [ 5.8392714, 46.9035003 ], [ 5.8386757, 46.9035961 ], [ 5.837449, 46.9043948 ], [ 5.8374165, 46.9050785 ], [ 5.8371972, 46.9056839 ], [ 5.8371366, 46.9065585 ], [ 5.8366472, 46.9086328 ], [ 5.8366061, 46.9100294 ], [ 5.8367703, 46.9115551 ], [ 5.8362231, 46.9126795 ], [ 5.8366853, 46.9141465 ], [ 5.8377765, 46.9148215 ], [ 5.8383489, 46.9158831 ], [ 5.8388457, 46.9160285 ], [ 5.838554, 46.9168844 ], [ 5.8380903, 46.9166931 ], [ 5.8377273, 46.9161642 ], [ 5.8374595, 46.9160221 ], [ 5.8365481, 46.9159185 ], [ 5.835578, 46.9184812 ], [ 5.8356249, 46.9191999 ], [ 5.8354013, 46.9204523 ], [ 5.8346785, 46.9217647 ], [ 5.8286992, 46.9255326 ], [ 5.8280058, 46.9246207 ], [ 5.8276009, 46.9244469 ], [ 5.8274064, 46.9244733 ], [ 5.8267638, 46.9243575 ], [ 5.8244963, 46.9234428 ], [ 5.8237876, 46.9231169 ], [ 5.8223456, 46.9221703 ], [ 5.8213356, 46.9227725 ], [ 5.8216414, 46.9232903 ], [ 5.82166, 46.9237979 ], [ 5.8215501, 46.9240862 ], [ 5.8220318, 46.9248754 ], [ 5.8226211, 46.925106 ], [ 5.822789, 46.9253496 ], [ 5.8225373, 46.9256675 ], [ 5.8232276, 46.9266461 ], [ 5.823399, 46.9273104 ], [ 5.82286, 46.9276164 ], [ 5.822263, 46.9281968 ], [ 5.8215406, 46.9291722 ], [ 5.8199722, 46.9304431 ], [ 5.8183028, 46.9294263 ], [ 5.8179429, 46.9292837 ], [ 5.8169009, 46.9299561 ], [ 5.8161609, 46.9301931 ], [ 5.8146978, 46.930509 ], [ 5.8146642, 46.9306972 ], [ 5.8169604, 46.9322853 ], [ 5.8172061, 46.9325586 ], [ 5.8158563, 46.9337367 ], [ 5.8150767, 46.9349819 ], [ 5.8141627, 46.9359439 ], [ 5.8129267, 46.9370128 ], [ 5.8105403, 46.9387261 ], [ 5.8094105, 46.9388032 ], [ 5.8056945, 46.9376612 ], [ 5.8048154, 46.939807 ], [ 5.8044048, 46.9397783 ], [ 5.8042046, 46.9401786 ], [ 5.8050273, 46.9404947 ], [ 5.8039054, 46.9427292 ], [ 5.8038986, 46.9432312 ], [ 5.8037451, 46.9436467 ], [ 5.8035441, 46.943829 ], [ 5.8039273, 46.9439116 ], [ 5.8031348, 46.946412 ], [ 5.8002282, 46.9476205 ], [ 5.7976056, 46.9498185 ], [ 5.7969081, 46.95073 ], [ 5.7961346, 46.9529957 ], [ 5.7960762, 46.9535701 ], [ 5.7934969, 46.9539173 ], [ 5.7935841, 46.9553756 ], [ 5.7933069, 46.9555868 ], [ 5.7914656, 46.956417 ], [ 5.7892109, 46.9571428 ], [ 5.7896952, 46.9581878 ], [ 5.7891042, 46.9583634 ], [ 5.7917687, 46.9625386 ], [ 5.7909668, 46.962658 ], [ 5.7895882, 46.9626662 ], [ 5.7875145, 46.9624163 ], [ 5.7864187, 46.9624239 ], [ 5.7862216, 46.9624791 ], [ 5.7860226, 46.9628821 ], [ 5.7863253, 46.9630613 ], [ 5.7863335, 46.9631962 ], [ 5.7856145, 46.9632631 ], [ 5.7852943, 46.9634078 ], [ 5.7850693, 46.9637394 ], [ 5.7849664, 46.964271599999989 ], [ 5.7846339, 46.9646616 ], [ 5.7844563, 46.9652506 ], [ 5.7842341, 46.9653307 ], [ 5.7841145, 46.9655138 ], [ 5.784161, 46.9658028 ], [ 5.7839077, 46.9661738 ], [ 5.7837868, 46.9665596 ], [ 5.7835814, 46.9668141 ], [ 5.7826011, 46.967326899999989 ], [ 5.7824273, 46.9676068 ], [ 5.7804275, 46.9681551 ], [ 5.7798597, 46.9686048 ], [ 5.7793462, 46.9683703 ], [ 5.7779236, 46.9668613 ], [ 5.7781673, 46.9660978 ], [ 5.7780531, 46.9653357 ], [ 5.7798847, 46.9652546 ], [ 5.7804441, 46.9650763 ], [ 5.780717, 46.9648048 ], [ 5.780851, 46.9643664 ], [ 5.7814311, 46.9638506 ], [ 5.7816933, 46.9634984 ], [ 5.7819157, 46.9630389 ], [ 5.7818478, 46.9628703 ], [ 5.7804326, 46.9628837 ], [ 5.7794007, 46.9629834 ], [ 5.7770835, 46.9635239 ], [ 5.7765852, 46.9635314 ], [ 5.7753928, 46.9630943 ], [ 5.7728531, 46.9624789 ], [ 5.772186, 46.9624039 ], [ 5.7717134, 46.9624522 ], [ 5.7687703, 46.9633887 ], [ 5.7680816, 46.9634296 ], [ 5.7680124, 46.9631592 ], [ 5.7664542, 46.9628209 ], [ 5.7628586, 46.9623494 ], [ 5.7625147, 46.9623658 ], [ 5.7620295, 46.9644837 ], [ 5.7614261, 46.964909 ], [ 5.7589638, 46.9653184 ], [ 5.7586205, 46.9640581 ], [ 5.7587475, 46.9632218 ], [ 5.7585681, 46.9629801 ], [ 5.7575066, 46.9628091 ], [ 5.757588, 46.9625477 ], [ 5.7566449, 46.9621937 ], [ 5.7549041, 46.9609065 ], [ 5.7535595, 46.9607053 ], [ 5.7533601, 46.9604073 ], [ 5.7529771, 46.9603282 ], [ 5.7522259, 46.9606659 ], [ 5.7519309, 46.9606865 ], [ 5.7505603, 46.9603102 ], [ 5.7511908, 46.9585825 ], [ 5.7464496, 46.9577217 ] ] ] ] } },
{ "type": "Feature", "properties": { "code_departement": 39.0, "code_rne": "0390961H", "multisecteur": 0.0 }, "geometry": { "type": "MultiPolygon", "coordinates": [ [ [ [ 5.7692911, 46.693167699999989 ], [ 5.7703179, 46.6929159 ], [ 5.7713129, 46.6923486 ], [ 5.7715607, 46.6916876 ], [ 5.7714168, 46.6904838 ], [ 5.7708062, 46.6900643 ], [ 5.7702486, 46.6895029 ], [ 5.7697239, 46.6893047 ], [ 5.7699774, 46.6886788 ], [ 5.7700279, 46.6882054 ], [ 5.7695254, 46.6863616 ], [ 5.768989, 46.6854186 ], [ 5.7670235, 46.685412 ], [ 5.7662164, 46.6855278 ], [ 5.764943, 46.6853576 ], [ 5.7641659, 46.685471 ], [ 5.7630525, 46.685459 ], [ 5.7612015, 46.6851549 ], [ 5.7597704, 46.6851002 ], [ 5.7586581, 46.6849044 ], [ 5.7580398, 46.6845616 ], [ 5.7574, 46.6840022 ], [ 5.7565795, 46.6834408 ], [ 5.756224, 46.6830664 ], [ 5.7549579, 46.6806102 ], [ 5.7543273, 46.6800505 ], [ 5.7533351, 46.679586 ], [ 5.75132, 46.6791902 ], [ 5.7474746, 46.6789688 ], [ 5.7455789, 46.67868 ], [ 5.7446941, 46.6784741 ], [ 5.7434087, 46.6780355 ], [ 5.7428504, 46.6777101 ], [ 5.7416319, 46.676677 ], [ 5.7413166, 46.676161 ], [ 5.7409581, 46.6750758 ], [ 5.7412367, 46.674188 ], [ 5.7421803, 46.6720329 ], [ 5.7425044, 46.670598 ], [ 5.7433265, 46.6693819 ], [ 5.7447265, 46.6680258 ], [ 5.745161, 46.6673522 ], [ 5.7454781, 46.6663509 ], [ 5.7457871, 46.6644875 ], [ 5.745947, 46.6641044 ], [ 5.7463965, 46.6635737 ], [ 5.7469503, 46.6632154 ], [ 5.7491787, 46.6624088 ], [ 5.751153, 46.661856 ], [ 5.7516053, 46.6615622 ], [ 5.7516913, 46.6612718 ], [ 5.7514814, 46.6608732 ], [ 5.7502516, 46.659663 ], [ 5.7493341, 46.6590652 ], [ 5.7480055, 46.6584105 ], [ 5.7493322, 46.6573714 ], [ 5.75118, 46.6565216 ], [ 5.7520842, 46.6569873 ], [ 5.7524925, 46.6567829 ], [ 5.753432, 46.656782 ], [ 5.7543881, 46.6568761 ], [ 5.7557619, 46.6568224 ], [ 5.7556614, 46.6558734 ], [ 5.7562351, 46.6559623 ], [ 5.7567539, 46.6562841 ], [ 5.7572853, 46.6564668 ], [ 5.7578377, 46.6568833 ], [ 5.7578011, 46.6570139 ], [ 5.7579749, 46.6574467 ], [ 5.7586134, 46.6575755 ], [ 5.7586909, 46.6578133 ], [ 5.758931, 46.6580057 ], [ 5.7599201, 46.6581576 ], [ 5.7603805, 46.6585402 ], [ 5.7604317, 46.6588778 ], [ 5.761217, 46.6590363 ], [ 5.761137, 46.6597023 ], [ 5.76059, 46.6602939 ], [ 5.760451, 46.6605973 ], [ 5.7604819, 46.6614885 ], [ 5.7610728, 46.661658 ], [ 5.7613933, 46.662711699999988 ], [ 5.7620559, 46.6635183 ], [ 5.7627873, 46.6637196 ], [ 5.7630684, 46.6637408 ], [ 5.7636925, 46.6635572 ], [ 5.7645469, 46.6637349 ], [ 5.7653856, 46.6649922 ], [ 5.7666038, 46.6661449 ], [ 5.7658136, 46.6662532 ], [ 5.7655919, 46.6663711 ], [ 5.7657022, 46.6665829 ], [ 5.7649378, 46.6667869 ], [ 5.7651041, 46.6672523 ], [ 5.765453, 46.6676016 ], [ 5.7660633, 46.6679437 ], [ 5.7681592, 46.6683913 ], [ 5.768513, 46.6685278 ], [ 5.7687539, 46.6689148 ], [ 5.768523, 46.6696241 ], [ 5.7718025, 46.6696908 ], [ 5.7742893, 46.6699235 ], [ 5.7745392, 46.6695102 ], [ 5.7749997, 46.6693783 ], [ 5.7751179, 46.6692322 ], [ 5.7751469, 46.6688017 ], [ 5.7754974, 46.6684112 ], [ 5.7758376, 46.66823 ], [ 5.7763678, 46.6681316 ], [ 5.776737, 46.667774 ], [ 5.7769375, 46.6667816 ], [ 5.7769045, 46.6664419 ], [ 5.7786813, 46.6665349 ], [ 5.7788332, 46.6664861 ], [ 5.7788702, 46.6663141 ], [ 5.7809641, 46.6663885 ], [ 5.7821903, 46.6665146 ], [ 5.7830212, 46.6663071 ], [ 5.7833164, 46.6663972 ], [ 5.7855526, 46.6663366 ], [ 5.7858146, 46.666469 ], [ 5.7865214, 46.6664707 ], [ 5.7865295, 46.666093 ], [ 5.7866577, 46.6659899 ], [ 5.786915, 46.6659548 ], [ 5.7869265, 46.6660257 ], [ 5.7872457, 46.6660225 ], [ 5.7873624, 46.6658475 ], [ 5.787867, 46.6657596 ], [ 5.7879929, 46.6656628 ], [ 5.7881658, 46.6654361 ], [ 5.7880819, 46.6651282 ], [ 5.7890106, 46.6642758 ], [ 5.7893596, 46.6644979 ], [ 5.7898769, 46.6646836 ], [ 5.7903525, 46.664745 ], [ 5.7911734, 46.664725 ], [ 5.7917273, 46.6646304 ], [ 5.7946259, 46.6649562 ], [ 5.7957809, 46.6650209 ], [ 5.7981894, 46.6650288 ], [ 5.7989476, 46.6648346 ], [ 5.7998696, 46.6649238 ], [ 5.8003999, 46.6648262 ], [ 5.8007284, 46.6648524 ], [ 5.8013086, 46.6651148 ], [ 5.8019118, 46.6650604 ], [ 5.8031473, 46.6648077 ], [ 5.8038411, 46.6647871 ], [ 5.8055945, 46.6650082 ], [ 5.8060247, 46.6649247 ], [ 5.8084238, 46.663992 ], [ 5.8129828, 46.6614773 ], [ 5.8134903, 46.6612702 ], [ 5.8142115, 46.6610975 ], [ 5.8152225, 46.6603771 ], [ 5.8167001, 46.6600777 ], [ 5.8198311, 46.658907 ], [ 5.8204918, 46.6585258 ], [ 5.8208057, 46.6581946 ], [ 5.821448, 46.6570823 ], [ 5.8218196, 46.6569804 ], [ 5.8222054, 46.6571024 ], [ 5.8222114, 46.6571924 ], [ 5.8225403, 46.6572266 ], [ 5.8270378, 46.6569995 ], [ 5.8294496, 46.6567265 ], [ 5.8332063, 46.6558192 ], [ 5.8340931, 46.655008 ], [ 5.8341348, 46.6546042 ], [ 5.8361299, 46.6522907 ], [ 5.8367673, 46.6524947 ], [ 5.8369765, 46.6527923 ], [ 5.8372873, 46.6533558 ], [ 5.8370952, 46.6537615 ], [ 5.8383506, 46.6540485 ], [ 5.8388215, 46.6535449 ], [ 5.839313, 46.653284 ], [ 5.8410258, 46.6531092 ], [ 5.8416786, 46.6527073 ], [ 5.8418619, 46.6524577 ], [ 5.8425312, 46.6522717 ], [ 5.8426799, 46.6519383 ], [ 5.8424132, 46.6517665 ], [ 5.8424267, 46.651649 ], [ 5.8509792, 46.6500887 ], [ 5.8518596, 46.6496613 ], [ 5.8572627, 46.6468364 ], [ 5.8599123, 46.6444042 ], [ 5.861429, 46.6427724 ], [ 5.8621164, 46.6425336 ], [ 5.8658097, 46.6421908 ], [ 5.8670029, 46.6421664 ], [ 5.8673979, 46.6419925 ], [ 5.867601, 46.6418 ], [ 5.8687569, 46.6415414 ], [ 5.8706769, 46.641532 ], [ 5.8710177, 46.6413721 ], [ 5.8716414, 46.6416637 ], [ 5.8718733, 46.6415696 ], [ 5.8735971, 46.6422058 ], [ 5.873698, 46.642109499999989 ], [ 5.8763254, 46.6427122 ], [ 5.8780535, 46.6433536 ], [ 5.8782867, 46.6433342 ], [ 5.8800423, 46.6427405 ], [ 5.8822442, 46.6422238 ], [ 5.8871926, 46.643886 ], [ 5.8791195, 46.6465101 ], [ 5.8787946, 46.6467733 ], [ 5.8789509, 46.647698299999988 ], [ 5.8796342, 46.6492129 ], [ 5.8815958, 46.6533885 ], [ 5.8827224, 46.6553613 ], [ 5.8829692, 46.6562651 ], [ 5.882875, 46.6576947 ], [ 5.8831048, 46.6577845 ], [ 5.8843109, 46.6577262 ], [ 5.8861034, 46.6574747 ], [ 5.8872389, 46.6568028 ], [ 5.8896206, 46.6559679 ], [ 5.8921939, 46.6559544 ], [ 5.900267, 46.6555477 ], [ 5.909446, 46.6552186 ], [ 5.9136238, 46.6552341 ], [ 5.9141946, 46.6547502 ], [ 5.9145915, 46.6546365 ], [ 5.9198809, 46.6507436 ], [ 5.9188925, 46.6502228 ], [ 5.9144329, 46.648263 ], [ 5.9145553, 46.648105799999989 ], [ 5.9177386, 46.6458614 ], [ 5.9170949, 46.6453498 ], [ 5.9172169, 46.6451854 ], [ 5.9190171, 46.6444286 ], [ 5.9191982, 46.644269 ], [ 5.919174, 46.644038099999989 ], [ 5.918892, 46.6437813 ], [ 5.918595, 46.6432941 ], [ 5.9198597, 46.6433592 ], [ 5.9202052, 46.6437992 ], [ 5.9207423, 46.6440071 ], [ 5.9207901, 46.6447258 ], [ 5.921866, 46.6454165 ], [ 5.9219019, 46.64584 ], [ 5.9227192, 46.6467328 ], [ 5.9231272, 46.6467783 ], [ 5.9239978, 46.6476148 ], [ 5.9243231, 46.647702 ], [ 5.9252376, 46.6477021 ], [ 5.9258047, 46.6479057 ], [ 5.9260712, 46.6484332 ], [ 5.926083, 46.6487978 ], [ 5.9256819, 46.6493676 ], [ 5.9268556, 46.6503891 ], [ 5.9279169, 46.649834 ], [ 5.9282013, 46.6495024 ], [ 5.928021, 46.6494592 ], [ 5.9280166, 46.6486484 ], [ 5.9284765, 46.6482222 ], [ 5.9287425, 46.6482541 ], [ 5.9291348, 46.6479837 ], [ 5.9298505, 46.647231 ], [ 5.930464, 46.6469622 ], [ 5.9299249, 46.6463299 ], [ 5.9278766, 46.6447378 ], [ 5.9274081, 46.6442002 ], [ 5.9266085, 46.6426176 ], [ 5.9259419, 46.6416561 ], [ 5.9252627, 46.640412 ], [ 5.92344, 46.6383384 ], [ 5.9279495, 46.6363509 ], [ 5.9288889, 46.6370828 ], [ 5.932638, 46.6409137 ], [ 5.9327522, 46.6409198 ], [ 5.9338956, 46.6398777 ], [ 5.9356479, 46.6391381 ], [ 5.9363393, 46.6386672 ], [ 5.9367171, 46.638274599999988 ], [ 5.9370162, 46.6381678 ], [ 5.9371382, 46.6388522 ], [ 5.9376551, 46.6383956 ], [ 5.9377587, 46.6380136 ], [ 5.9382757, 46.6376075 ], [ 5.9386608, 46.6369624 ], [ 5.9452191, 46.631275 ], [ 5.9455957, 46.6309824 ], [ 5.9459135, 46.630957099999989 ], [ 5.9462649, 46.630612 ], [ 5.946694, 46.6306136 ], [ 5.9468871, 46.6305311 ], [ 5.94744, 46.6300664 ], [ 5.9478937, 46.6298952 ], [ 5.9483351, 46.6293513 ], [ 5.9488793, 46.6290382 ], [ 5.9492889, 46.6289213 ], [ 5.9489117, 46.6301673 ], [ 5.9485419, 46.6306318 ], [ 5.9512168, 46.6323669 ], [ 5.9514777, 46.6327638 ], [ 5.9519227, 46.6328902 ], [ 5.9538, 46.633159 ], [ 5.9563818, 46.6337781 ], [ 5.9590607, 46.6341622 ], [ 5.9591738, 46.6343404 ], [ 5.9589396, 46.6362873 ], [ 5.9601632, 46.6363675 ], [ 5.9611674, 46.6363361 ], [ 5.9653409, 46.6364408 ], [ 5.9697662, 46.6367975 ], [ 5.9717952, 46.6368935 ], [ 5.9749916, 46.637262 ], [ 5.9773784, 46.6373947 ], [ 5.9785476, 46.6375562 ], [ 5.9798782, 46.6376306 ], [ 5.9803848, 46.6382806 ], [ 5.9806251, 46.638798799999989 ], [ 5.9810194, 46.639213 ], [ 5.9811563, 46.6395869 ], [ 5.9821791, 46.6399883 ], [ 5.9842942, 46.6401009 ], [ 5.9846375, 46.6400162 ], [ 5.9858366, 46.6401481 ], [ 5.9862425, 46.6401069 ], [ 5.9869536, 46.6398811 ], [ 5.9899293, 46.6403477 ], [ 5.9906462, 46.6405606 ], [ 5.992763, 46.641583 ], [ 5.9933504, 46.6417731 ], [ 5.9936852, 46.6417464 ], [ 5.993953, 46.6415727 ], [ 5.994181, 46.6412703 ], [ 5.9949908, 46.6416501 ], [ 5.9975476, 46.6419184 ], [ 5.9995409, 46.6423357 ], [ 6.0010364, 46.6424786 ], [ 6.0014703, 46.6428745 ], [ 6.0035175, 46.6431993 ], [ 6.0087533, 46.6452291 ], [ 6.0093019, 46.6453778 ], [ 6.0156161, 46.6462021 ], [ 6.0179948, 46.6472379 ], [ 6.0193144, 46.6464507 ], [ 6.0200202, 46.6462483 ], [ 6.0202186, 46.6462863 ], [ 6.0208429, 46.6468069 ], [ 6.0218043, 46.6472727 ], [ 6.0221884, 46.6476626 ], [ 6.0232828, 46.6484006 ], [ 6.0235122, 46.6495371 ], [ 6.0241453, 46.6501683 ], [ 6.0261718, 46.6511726 ], [ 6.0264705, 46.652447 ], [ 6.0240559, 46.6546292 ], [ 6.0235645, 46.6549242 ], [ 6.0230889, 46.6547718 ], [ 6.0221351, 46.6542572 ], [ 6.0204538, 46.655510799999988 ], [ 6.0201964, 46.6555644 ], [ 6.0186185, 46.6551239 ], [ 6.0161496, 46.6571587 ], [ 6.0161462, 46.6572642 ], [ 6.0184197, 46.6602149 ], [ 6.0178282, 46.6611351 ], [ 6.0177994, 46.6616756 ], [ 6.0178924, 46.6620787 ], [ 6.0182136, 46.6624892 ], [ 6.0184515, 46.662601 ], [ 6.0185247, 46.663447 ], [ 6.0189239, 46.6639194 ], [ 6.0206237, 46.6642648 ], [ 6.020929, 46.6644118 ], [ 6.0226933, 46.6662224 ], [ 6.0234312, 46.6666877 ], [ 6.0260841, 46.6679982 ], [ 6.0275087, 46.6685012 ], [ 6.0279922, 46.667782 ], [ 6.0296521, 46.669051 ], [ 6.0300069, 46.6689822 ], [ 6.0310054, 46.6694009 ], [ 6.0315217, 46.6698802 ], [ 6.0314758, 46.6700193 ], [ 6.0311732, 46.6700858 ], [ 6.0308382, 46.6699694 ], [ 6.0300536, 46.6698676 ], [ 6.0296904, 46.6699502 ], [ 6.029503, 46.670181299999989 ], [ 6.0294647, 46.6706212 ], [ 6.0298011, 46.6711133 ], [ 6.029772, 46.6713186 ], [ 6.0292245, 46.6720413 ], [ 6.0279903, 46.671927 ], [ 6.0256641, 46.6712694 ], [ 6.0239087, 46.6733855 ], [ 6.0256571, 46.6742936 ], [ 6.0248925, 46.6749022 ], [ 6.0244679, 46.6748242 ], [ 6.0240874, 46.6750901 ], [ 6.0242902, 46.6753713 ], [ 6.0237808, 46.6755334 ], [ 6.0226739, 46.675614 ], [ 6.0220434, 46.6758351 ], [ 6.0218996, 46.6759813 ], [ 6.0222738, 46.6765175 ], [ 6.0220316, 46.676730199999987 ], [ 6.022312, 46.6770869 ], [ 6.0206132, 46.6777786 ], [ 6.0204139, 46.6776081 ], [ 6.0202703, 46.6777327 ], [ 6.0199831, 46.6774185 ], [ 6.0186397, 46.6789695 ], [ 6.0176899, 46.678535 ], [ 6.0171031, 46.6793064 ], [ 6.0167679, 46.6794711 ], [ 6.0164547, 46.6794181 ], [ 6.0160044, 46.679703 ], [ 6.0160628, 46.6800465 ], [ 6.0151198, 46.6803948 ], [ 6.0138863, 46.681076 ], [ 6.0133965, 46.6815214 ], [ 6.0133625, 46.6818061 ], [ 6.0131524, 46.6818657 ], [ 6.0127323, 46.6817038 ], [ 6.0094826, 46.6834966 ], [ 6.0095325, 46.6841387 ], [ 6.0090288, 46.6839798 ], [ 6.0087398, 46.6841045 ], [ 6.0086603, 46.6846788 ], [ 6.0083734, 46.6847223 ], [ 6.007965, 46.6844645 ], [ 6.007743, 46.6845217 ], [ 6.0061127, 46.6853241 ], [ 6.0057516, 46.6851867 ], [ 6.0054376, 46.6851669 ], [ 6.0051717, 46.6854974 ], [ 6.0047316, 46.6857063 ], [ 6.0042936, 46.6858835 ], [ 6.0037631, 46.6859515 ], [ 6.0032227, 46.686171099999989 ], [ 6.0033539, 46.686602 ], [ 6.0038396, 46.6869326 ], [ 6.0041196, 46.6878038 ], [ 6.0044941, 46.6882301 ], [ 6.0055801, 46.6892811 ], [ 6.0058985, 46.6894971 ], [ 6.0062964, 46.6896363 ], [ 6.0058401, 46.6911152 ], [ 6.0059705, 46.6912947 ], [ 6.0059403, 46.691436 ], [ 6.0056021, 46.6917603 ], [ 6.0054234, 46.6921758 ], [ 6.0053639, 46.6924486 ], [ 6.0054852, 46.6926995 ], [ 6.0054482, 46.6929546 ], [ 6.0051049, 46.6938025 ], [ 6.0048243, 46.6941523 ], [ 6.0046563, 46.6947604 ], [ 6.0047461, 46.6955311 ], [ 6.0044701, 46.69627 ], [ 6.0043642, 46.6969846 ], [ 6.0042462, 46.6970517 ], [ 6.0033979, 46.6970352 ], [ 6.0028609, 46.6979332 ], [ 6.0036694, 46.6986761 ], [ 6.0039484, 46.6987004 ], [ 6.0040528, 46.6989067 ], [ 6.0041516, 46.6996276 ], [ 6.0040107, 46.7004423 ], [ 6.0040912, 46.7006654 ], [ 6.0049575, 46.7010311 ], [ 6.0052979, 46.7010772 ], [ 6.0057824, 46.7014051 ], [ 6.0060946, 46.702196099999988 ], [ 6.005878, 46.7030389 ], [ 6.0079715, 46.7038274 ], [ 6.0082475, 46.7045059 ], [ 6.0098896, 46.7050647 ], [ 6.0114151, 46.7046093 ], [ 6.0128458, 46.7043077 ], [ 6.0132892, 46.7040618 ], [ 6.0133244, 46.7036104 ], [ 6.0139326, 46.7033358 ], [ 6.0132474, 46.7027654 ], [ 6.0132705, 46.7020953 ], [ 6.0134649, 46.7015874 ], [ 6.0128202, 46.701015 ], [ 6.0128763, 46.7007036 ], [ 6.0133841, 46.7003424 ], [ 6.0160726, 46.6992283 ], [ 6.0169553, 46.699133 ], [ 6.0184456, 46.6993191 ], [ 6.0199073, 46.6993455 ], [ 6.020256, 46.699421 ], [ 6.0204083, 46.6998522 ], [ 6.0206805, 46.7001307 ], [ 6.0209276, 46.7011577 ], [ 6.0216895, 46.7012458 ], [ 6.022956, 46.7008682 ], [ 6.0237042, 46.7022398 ], [ 6.0233938, 46.702475 ], [ 6.0237671, 46.7040511 ], [ 6.022642, 46.7046637 ], [ 6.0237947, 46.7065688 ], [ 6.0251547, 46.7084802 ], [ 6.0250167, 46.7103292 ], [ 6.0252007, 46.7112092 ], [ 6.025199, 46.712095 ], [ 6.0249204, 46.7129034 ], [ 6.0244367, 46.7134613 ], [ 6.0222578, 46.7152209 ], [ 6.0203672, 46.7160654 ], [ 6.0157344, 46.7178533 ], [ 6.0148869, 46.7184225 ], [ 6.0138877, 46.7201518 ], [ 6.0139923, 46.7202193 ], [ 6.0139711, 46.7203568 ], [ 6.0137545, 46.7207031 ], [ 6.0135801, 46.7208185 ], [ 6.013633, 46.7212758 ], [ 6.0134368, 46.7216828 ], [ 6.0134616, 46.7219876 ], [ 6.0136907, 46.7223862 ], [ 6.0136824, 46.7230865 ], [ 6.0135225, 46.723935 ], [ 6.0131577, 46.7247267 ], [ 6.0120254, 46.726045 ], [ 6.0114081, 46.7275317 ], [ 6.0100347, 46.7278354 ], [ 6.0089332, 46.7282003 ], [ 6.0085218, 46.7284139 ], [ 6.006965, 46.7295242 ], [ 6.0063678, 46.7302634 ], [ 6.0060581, 46.7304923 ], [ 6.0058963, 46.7310254 ], [ 6.0055293, 46.7315919 ], [ 6.0052964, 46.7323558 ], [ 6.0049796, 46.7329777 ], [ 6.0043037, 46.7337649 ], [ 6.0031084, 46.734426 ], [ 6.0026083, 46.7345535 ], [ 6.0023937, 46.7348196 ], [ 6.0017673, 46.7349152 ], [ 6.0013394, 46.735258 ], [ 6.0019605, 46.7357067 ], [ 6.0037525, 46.7351237 ], [ 6.0044121, 46.7350118 ], [ 6.0055353, 46.7351798 ], [ 6.0059781, 46.7348915 ], [ 6.0062463, 46.7351684 ], [ 6.0044936, 46.7360585 ], [ 6.0039859, 46.7368296 ], [ 6.0040186, 46.737018 ], [ 6.004248, 46.737422 ], [ 6.00485, 46.7373116 ], [ 6.0069972, 46.7386664 ], [ 6.0034874, 46.7398288 ], [ 6.004466, 46.7408141 ], [ 6.0038613, 46.7410904 ], [ 6.0026017, 46.7414693 ], [ 6.0023992, 46.7414332 ], [ 6.0018208, 46.7408572 ], [ 6.0013501, 46.7405226 ], [ 5.9987097, 46.7415774 ], [ 5.9969076, 46.7401557 ], [ 5.9964578, 46.7406026 ], [ 5.9953153, 46.7412749 ], [ 5.995353, 46.7414595 ], [ 5.9955349, 46.7416206 ], [ 5.9946158, 46.7424699 ], [ 5.9946509, 46.7427249 ], [ 5.9953427, 46.743148399999988 ], [ 5.9949847, 46.7432406 ], [ 5.9940453, 46.7440779 ], [ 5.9947526, 46.7441648 ], [ 5.9951753, 46.7445088 ], [ 5.995201, 46.744879399999988 ], [ 5.9949606, 46.7454632 ], [ 5.9948641, 46.7460415 ], [ 5.9941854, 46.746498 ], [ 5.9936123, 46.7471113 ], [ 5.9933073, 46.7475229 ], [ 5.9932672, 46.747842 ], [ 5.9934036, 46.7483413 ], [ 5.9935568, 46.7485283 ], [ 5.9949593, 46.7495 ], [ 5.9955616, 46.7504133 ], [ 5.9962039, 46.7509101 ], [ 5.9966767, 46.7514708 ], [ 5.9966191, 46.7521373 ], [ 5.9957126, 46.7530044 ], [ 5.995799, 46.753358 ], [ 5.996131, 46.7537674 ], [ 5.9961279, 46.7546379 ], [ 5.9965676, 46.7550491 ], [ 5.9967786, 46.7554995 ], [ 5.9968101, 46.7559032 ], [ 5.9961966, 46.7565932 ], [ 5.9960812, 46.7570206 ], [ 5.9960872, 46.7571764 ], [ 5.9965213, 46.7576056 ], [ 5.9966385, 46.7584225 ], [ 5.9963642, 46.7586072 ], [ 5.9960199, 46.7586865 ], [ 5.9957097, 46.7592667 ], [ 5.994233, 46.7594025 ], [ 5.9930275, 46.7589636 ], [ 5.9927711, 46.7589748 ], [ 5.9912312, 46.7593195 ], [ 5.9905563, 46.7593965 ], [ 5.9889266, 46.7598255 ], [ 5.9887721, 46.7597583 ], [ 5.9885209, 46.7597919 ], [ 5.98829, 46.759123 ], [ 5.9875691, 46.7593184 ], [ 5.9826324, 46.7611722 ], [ 5.9783211, 46.7624329 ], [ 5.9776154, 46.7618556 ], [ 5.9772222, 46.7613802 ], [ 5.9760752, 46.7616955 ], [ 5.9753761, 46.7619785 ], [ 5.9743267, 46.7622094 ], [ 5.9743282, 46.7616867 ], [ 5.9739097, 46.7608686 ], [ 5.9739222, 46.7607142 ], [ 5.9736428, 46.7604484 ], [ 5.973444, 46.760386 ], [ 5.9732974, 46.7600807 ], [ 5.9721856, 46.7599131 ], [ 5.9702272, 46.7598971 ], [ 5.9688187, 46.7595307 ], [ 5.9684911, 46.7588886 ], [ 5.9681291, 46.7585259 ], [ 5.9672764, 46.7577253 ], [ 5.9668, 46.7575258 ], [ 5.9661077, 46.7578131 ], [ 5.9653176, 46.7578452 ], [ 5.9647098, 46.7576393 ], [ 5.963482, 46.75686 ], [ 5.9619812, 46.7565293 ], [ 5.9611468, 46.756759 ], [ 5.9618429, 46.7575736 ], [ 5.9625063, 46.7591342 ], [ 5.9635692, 46.760207799999989 ], [ 5.9638796, 46.7607287 ], [ 5.9638177, 46.7611322 ], [ 5.963895, 46.7614897 ], [ 5.9644144, 46.7623566 ], [ 5.9647629, 46.7639587 ], [ 5.9650965, 46.7642339 ], [ 5.9652396, 46.7645005 ], [ 5.965186, 46.764719 ], [ 5.9657838, 46.7662516 ], [ 5.965829, 46.7671019 ], [ 5.9660278, 46.7676914 ], [ 5.9670008, 46.7680763 ], [ 5.9683602, 46.768043 ], [ 5.9697446, 46.767845 ], [ 5.9702479, 46.7678644 ], [ 5.9710819, 46.7671716 ], [ 5.9712568, 46.7682573 ], [ 5.9715865, 46.768866 ], [ 5.9713995, 46.7690186 ], [ 5.971914, 46.7698171 ], [ 5.9721942, 46.7697603 ], [ 5.9726992, 46.7712222 ], [ 5.9730353, 46.7718992 ], [ 5.9741278, 46.7727368 ], [ 5.9748556, 46.7729748 ], [ 5.9757361, 46.7734142 ], [ 5.9758783, 46.7736889 ], [ 5.9757932, 46.7739768 ], [ 5.9755413, 46.7741662 ], [ 5.9745379, 46.7745715 ], [ 5.9740898, 46.7748904 ], [ 5.9740435, 46.7751934 ], [ 5.9744607, 46.7757944 ], [ 5.9763391, 46.7792878 ], [ 5.9766062, 46.7794935 ], [ 5.9772658, 46.7803991 ], [ 5.9781247, 46.7809688 ], [ 5.9792502, 46.7821164 ], [ 5.9802518, 46.7818678 ], [ 5.9809099, 46.7818381 ], [ 5.9818927, 46.7820352 ], [ 5.9827389, 46.7820394 ], [ 5.9834846, 46.7823372 ], [ 5.9839074, 46.782774 ], [ 5.9841833, 46.7836156 ], [ 5.9840105, 46.7843373 ], [ 5.9836546, 46.784853 ], [ 5.982273, 46.7857529 ], [ 5.9820181, 46.7862704 ], [ 5.9818683, 46.7873159 ], [ 5.9821212, 46.78805 ], [ 5.9831332, 46.7898006 ], [ 5.9835767, 46.790946 ], [ 5.9843207, 46.7918313 ], [ 5.9845952, 46.7923134 ], [ 5.9847035, 46.7938992 ], [ 5.9849897, 46.794308 ], [ 5.9861226, 46.7951769 ], [ 5.9865455, 46.7956137 ], [ 5.9862581, 46.7962078 ], [ 5.9864166, 46.7966082 ], [ 5.9892396, 46.7989775 ], [ 5.9897135, 46.7997906 ], [ 5.9908407, 46.8006722 ], [ 5.9923642, 46.8021247 ], [ 5.9928783, 46.802405 ], [ 5.9937405, 46.8032854 ], [ 5.995521, 46.8057511 ], [ 5.9977549, 46.8084645 ], [ 5.9976554, 46.8085878 ], [ 5.9980357, 46.8088662 ], [ 5.9981995, 46.8092187 ], [ 5.9978419, 46.8093957 ], [ 5.9973105, 46.8094221 ], [ 5.9959309, 46.8092734 ], [ 5.9950068, 46.809365 ], [ 5.9943442, 46.8095337 ], [ 5.9933963, 46.8103585 ], [ 5.992547, 46.8105689 ], [ 5.991662, 46.8102739 ], [ 5.9899201, 46.809911 ], [ 5.9884053, 46.8097846 ], [ 5.9872902, 46.8099596 ], [ 5.9865449, 46.8099366 ], [ 5.985806, 46.8100072 ], [ 5.9840881, 46.8096968 ], [ 5.9837009, 46.8095059 ], [ 5.9832211, 46.8094201 ], [ 5.9818904, 46.8094429 ], [ 5.9817632, 46.8100661 ], [ 5.9820697, 46.8107691 ], [ 5.9822411, 46.8109521 ], [ 5.977341, 46.8117441 ], [ 5.9760279, 46.8164868 ], [ 5.974562, 46.8173979 ], [ 5.9740578, 46.8175857 ], [ 5.9750308, 46.8184787 ], [ 5.975209, 46.8183299 ], [ 5.9753313, 46.8178312 ], [ 5.975751, 46.8174428 ], [ 5.9774903, 46.8186421 ], [ 5.9813618, 46.8222819 ], [ 5.9810091, 46.8227425 ], [ 5.9809229, 46.8231069 ], [ 5.9809528, 46.8237945 ], [ 5.9815837, 46.826361399999989 ], [ 5.9824478, 46.8272725 ], [ 5.9858214, 46.8298403 ], [ 5.988606, 46.8285092 ], [ 5.9895655, 46.8278887 ], [ 5.9905329, 46.8275301 ], [ 5.9911103, 46.8271457 ], [ 5.9920342, 46.8269261 ], [ 5.9939225, 46.826722 ], [ 5.9950137, 46.826371 ], [ 5.9952374, 46.8248614 ], [ 5.9963282, 46.8244815 ], [ 5.9971285, 46.8225973 ], [ 5.9991945, 46.8198683 ], [ 5.9999579, 46.819315 ], [ 5.999679, 46.8200854 ], [ 5.9992231, 46.8209308 ], [ 6.0003847, 46.8223764 ], [ 6.00127, 46.8238787 ], [ 6.0015709, 46.8250215 ], [ 6.0017526, 46.8267846 ], [ 6.0016612, 46.8282611 ], [ 6.0020523, 46.831126 ], [ 6.0025114, 46.8319718 ], [ 6.0018339, 46.8325626 ], [ 6.0019801, 46.833021 ], [ 6.0010062, 46.8337844 ], [ 6.0007692, 46.834151 ], [ 6.0015469, 46.8359598 ], [ 6.0023191, 46.835727 ], [ 6.0051745, 46.8418722 ], [ 6.0062572, 46.8420278 ], [ 6.0080528, 46.8461021 ], [ 6.0085479, 46.8462919 ], [ 6.012081, 46.8487566 ], [ 6.0117569, 46.8471793 ], [ 6.0122575, 46.8469238 ], [ 6.0154572, 46.8498125 ], [ 6.0220565, 46.8545617 ], [ 6.0238076, 46.8557654 ], [ 6.0246535, 46.8562126 ], [ 6.0246729, 46.8564896 ], [ 6.0249591, 46.8568398 ], [ 6.0274774, 46.8589595 ], [ 6.0282224, 46.8603716 ], [ 6.0275584, 46.860126 ], [ 6.0269721, 46.8606577 ], [ 6.0131513, 46.8618296 ], [ 5.9966089, 46.863041 ], [ 5.9947639, 46.86329 ], [ 5.9746455, 46.8649633 ], [ 5.973683, 46.8654252 ], [ 5.9703076, 46.8666602 ], [ 5.9699953, 46.8662601 ], [ 5.9698142, 46.8655206 ], [ 5.9691563, 46.864950099999987 ], [ 5.9683626, 46.8645633 ], [ 5.9668683, 46.864455 ], [ 5.9652613, 46.8649748 ], [ 5.9639048, 46.8652008 ], [ 5.963275, 46.8652377 ], [ 5.9640903, 46.8679883 ], [ 5.964504, 46.8700499 ], [ 5.9645088, 46.8705922 ], [ 5.9641801, 46.8708043 ], [ 5.958607, 46.8726794 ], [ 5.9579123, 46.8718449 ], [ 5.9575191, 46.8718857 ], [ 5.951949, 46.8732207 ], [ 5.9482902, 46.8739731 ], [ 5.9470117, 46.8743095 ], [ 5.9472132, 46.8746332 ], [ 5.9471476, 46.8750449 ], [ 5.9459977, 46.8766087 ], [ 5.945786, 46.8773295 ], [ 5.9459809, 46.8778931 ], [ 5.9468402, 46.8788586 ], [ 5.9461131, 46.8795971 ], [ 5.9453211, 46.8798219 ], [ 5.9448551, 46.8802401 ], [ 5.9443154, 46.8805369 ], [ 5.9440799, 46.8808699 ], [ 5.944272, 46.8817922 ], [ 5.9425634, 46.8842037 ], [ 5.9420107, 46.8847214 ], [ 5.9409885, 46.886127 ], [ 5.9398746, 46.8848778 ], [ 5.9386375, 46.8860068 ], [ 5.9370641, 46.8831188 ], [ 5.9351747, 46.8819371 ], [ 5.934405, 46.8809746 ], [ 5.9334316, 46.8799858 ], [ 5.9328307, 46.879541599999989 ], [ 5.9313733, 46.879804899999989 ], [ 5.9308261, 46.8800612 ], [ 5.9290992, 46.8801295 ], [ 5.9286121, 46.880232899999989 ], [ 5.9277447, 46.8805225 ], [ 5.9263772, 46.8812583 ], [ 5.9262612, 46.8809603 ], [ 5.9220059, 46.8762301 ], [ 5.9208889, 46.8752295 ], [ 5.9200007, 46.874716899999989 ], [ 5.9187289, 46.8743518 ], [ 5.9184432, 46.8740004 ], [ 5.9176124, 46.8723601 ], [ 5.9151956, 46.8705896 ], [ 5.9132539, 46.8690296 ], [ 5.9121788, 46.8666764 ], [ 5.9081233, 46.8629309 ], [ 5.9097751, 46.8601321 ], [ 5.9084914, 46.8597591 ], [ 5.9079841, 46.8597043 ], [ 5.9072016, 46.8592943 ], [ 5.9057823, 46.8589869 ], [ 5.9055416, 46.8590308 ], [ 5.9027815, 46.8602961 ], [ 5.9027296, 46.8602343 ], [ 5.9038317, 46.8590839 ], [ 5.9039212, 46.8586465 ], [ 5.9038171, 46.858346399999988 ], [ 5.9038193, 46.8577255 ], [ 5.9041291, 46.8572816 ], [ 5.9035024, 46.8546089 ], [ 5.9036029, 46.8541559 ], [ 5.9043106, 46.853883 ], [ 5.904841, 46.8531452 ], [ 5.9058689, 46.852549 ], [ 5.9067951, 46.8511858 ], [ 5.9069279, 46.850822 ], [ 5.9068783, 46.8505827 ], [ 5.9060272, 46.850165499999989 ], [ 5.905994, 46.849937399999988 ], [ 5.9063084, 46.8491402 ], [ 5.9069874, 46.8485545 ], [ 5.9072159, 46.8475262 ], [ 5.9077321, 46.8471374 ], [ 5.9078376, 46.8467293 ], [ 5.9074192, 46.8448802 ], [ 5.9080645, 46.8439854 ], [ 5.8963375, 46.8459346 ], [ 5.8833305, 46.8482994 ], [ 5.8828948, 46.8486752 ], [ 5.882791, 46.8490427 ], [ 5.8831168, 46.8496877 ], [ 5.8828072, 46.8509515 ], [ 5.8825304, 46.851253 ], [ 5.8819156, 46.8512982 ], [ 5.8814964, 46.8515402 ], [ 5.8811109, 46.8516517 ], [ 5.8816567, 46.8488035 ], [ 5.8788345, 46.8488012 ], [ 5.8788697, 46.84934 ], [ 5.8791987, 46.8503652 ], [ 5.8793154, 46.8511272 ], [ 5.878689, 46.851597 ], [ 5.8784596, 46.8520992 ], [ 5.8782535, 46.8522998 ], [ 5.8777941, 46.8524032 ], [ 5.8771595, 46.8523722 ], [ 5.8756877, 46.8520604 ], [ 5.8742972, 46.851323 ], [ 5.8736772, 46.8506528 ], [ 5.873214, 46.8492742 ], [ 5.8721555, 46.8489997 ], [ 5.8720186, 46.8487211 ], [ 5.8720605, 46.8485209 ], [ 5.8724147, 46.8480688 ], [ 5.8735488, 46.8459556 ], [ 5.8707728, 46.8439491 ], [ 5.8693746, 46.8446984 ], [ 5.8688817, 46.8449117 ], [ 5.8682246, 46.8450749 ], [ 5.8667387, 46.8450101 ], [ 5.866026, 46.8446945 ], [ 5.8653454, 46.8446376 ], [ 5.8621132, 46.8446262 ], [ 5.8601532, 46.8448083 ], [ 5.8598042, 46.8447647 ], [ 5.8590192, 46.8438733 ], [ 5.8587321, 46.8437832 ], [ 5.8579279, 46.8440212 ], [ 5.8575745, 46.8439912 ], [ 5.8572131, 46.8438128 ], [ 5.8568496, 46.8433434 ], [ 5.8561283, 46.8434352 ], [ 5.8554861, 46.8436322 ], [ 5.8551217, 46.8437944 ], [ 5.8544055, 46.844332099999988 ], [ 5.8528706, 46.8449558 ], [ 5.8524176, 46.8447832 ], [ 5.8521727, 46.8448695 ], [ 5.8514857, 46.8445414 ], [ 5.8513351, 46.8442983 ], [ 5.8515678, 46.8437808 ], [ 5.8521007, 46.8432036 ], [ 5.8515163, 46.8425288 ], [ 5.8494669, 46.8412858 ], [ 5.8471944, 46.840269 ], [ 5.8448576, 46.8394006 ], [ 5.8441351, 46.8390176 ], [ 5.8440334, 46.8386561 ], [ 5.8456964, 46.8362734 ], [ 5.8457667, 46.8358608 ], [ 5.8454835, 46.8355939 ], [ 5.8460966, 46.8338696 ], [ 5.8469671, 46.8332958 ], [ 5.8471118, 46.8326534 ], [ 5.8474203, 46.8320277 ], [ 5.847187, 46.83141 ], [ 5.8472857, 46.8312409 ], [ 5.8482586, 46.8297959 ], [ 5.8502955, 46.8284877 ], [ 5.8501264, 46.8283928 ], [ 5.8499402, 46.8284479 ], [ 5.8497601, 46.8283424 ], [ 5.8501428, 46.8280807 ], [ 5.8501719, 46.8279358 ], [ 5.8483946, 46.8270131 ], [ 5.8496438, 46.8258811 ], [ 5.852178, 46.8260715 ], [ 5.854601, 46.8243995 ], [ 5.8551496, 46.8241489 ], [ 5.8562259, 46.8234501 ], [ 5.8512233, 46.8189315 ], [ 5.8498354, 46.8169234 ], [ 5.8488099, 46.8160902 ], [ 5.847542, 46.8145891 ], [ 5.8474787, 46.8140338 ], [ 5.8469754, 46.8134724 ], [ 5.8470182, 46.8127136 ], [ 5.8468602, 46.8123787 ], [ 5.8463925, 46.811993 ], [ 5.8458926, 46.8121946 ], [ 5.8457546, 46.8123908 ], [ 5.8456012, 46.8129442 ], [ 5.8456732, 46.8131902 ], [ 5.8448239, 46.813286 ], [ 5.8435969, 46.8139875 ], [ 5.8426262, 46.8142215 ], [ 5.8419421, 46.8150403 ], [ 5.8391711, 46.8175341 ], [ 5.8394804, 46.8177761 ], [ 5.8398492, 46.8183265 ], [ 5.8401895, 46.8185838 ], [ 5.8413404, 46.8191825 ], [ 5.8419995, 46.8193626 ], [ 5.8422038, 46.8195792 ], [ 5.8429296, 46.8209541 ], [ 5.8431508, 46.8209928 ], [ 5.8436065, 46.8207978 ], [ 5.843856, 46.8216007 ], [ 5.843628, 46.8217072 ], [ 5.841533, 46.8220032 ], [ 5.8403875, 46.8223108 ], [ 5.8397743, 46.8223827 ], [ 5.8390485, 46.8225835 ], [ 5.8377118, 46.823149 ], [ 5.8364876, 46.8209763 ], [ 5.8360485, 46.8209132 ], [ 5.8367666, 46.820364 ], [ 5.8368868, 46.819952 ], [ 5.8366693, 46.818932 ], [ 5.8361673, 46.818193 ], [ 5.8338989, 46.818685 ], [ 5.8331222, 46.8189915 ], [ 5.8317206, 46.8192198 ], [ 5.830594, 46.8192115 ], [ 5.8300931, 46.8194202 ], [ 5.8293105, 46.8193881 ], [ 5.8285983, 46.819248 ], [ 5.827981, 46.8195416 ], [ 5.8271501, 46.8195142 ], [ 5.8257819, 46.8191001 ], [ 5.8241326, 46.8191586 ], [ 5.8228458, 46.8192731 ], [ 5.8216573, 46.8195627 ], [ 5.8214166, 46.8197542 ], [ 5.8212588, 46.8197734 ], [ 5.8214301, 46.817897 ], [ 5.8207464, 46.817948 ], [ 5.8199818, 46.8182614 ], [ 5.8192639, 46.8183375 ], [ 5.8174422, 46.8188417 ], [ 5.8162247, 46.8168308 ], [ 5.8124066, 46.8115663 ], [ 5.8110992, 46.8123686 ], [ 5.8097762, 46.8129973 ], [ 5.8096104, 46.8126086 ], [ 5.807532, 46.8135522 ], [ 5.807007, 46.8122325 ], [ 5.8063543, 46.8119448 ], [ 5.8079025, 46.8113052 ], [ 5.808653, 46.8108219 ], [ 5.8087509, 46.8107105 ], [ 5.8086988, 46.8104902 ], [ 5.8090258, 46.8103434 ], [ 5.8100334, 46.8111243 ], [ 5.8108807, 46.8104837 ], [ 5.811761, 46.8101252 ], [ 5.8122377, 46.8100316 ], [ 5.8128353, 46.8100404 ], [ 5.8128681, 46.810345 ], [ 5.8132729, 46.8105072 ], [ 5.8135004, 46.8104917 ], [ 5.8138546, 46.8101361 ], [ 5.8149371, 46.8096285 ], [ 5.8155438, 46.8088028 ], [ 5.8152632, 46.8076709 ], [ 5.8149838, 46.8072182 ], [ 5.8150278, 46.8064477 ], [ 5.8153183, 46.8063073 ], [ 5.8156569, 46.8062828 ], [ 5.8161123, 46.8060076 ], [ 5.8164854, 46.804929 ], [ 5.8165687, 46.8037305 ], [ 5.8167665, 46.8033959 ], [ 5.816813, 46.8029272 ], [ 5.8171162, 46.8022467 ], [ 5.817568, 46.8003887 ], [ 5.8192056, 46.79787 ], [ 5.819857, 46.7974044 ], [ 5.8200757, 46.7969936 ], [ 5.8209708, 46.7960166 ], [ 5.8210208, 46.7953649 ], [ 5.820812, 46.795133899999989 ], [ 5.8216947, 46.7944492 ], [ 5.8215695, 46.7942369 ], [ 5.8210849, 46.794629 ], [ 5.8206781, 46.7946273 ], [ 5.8202366, 46.794739 ], [ 5.8201366, 46.7946081 ], [ 5.8198863, 46.7945116 ], [ 5.8198713, 46.7942741 ], [ 5.8200181, 46.7941714 ], [ 5.8200521, 46.7939417 ], [ 5.8192623, 46.7938403 ], [ 5.8180369, 46.7934082 ], [ 5.8174894, 46.7933234 ], [ 5.8168171, 46.7929336 ], [ 5.8164636, 46.7931729 ], [ 5.8149717, 46.7935464 ], [ 5.8149377, 46.7931436 ], [ 5.8163499, 46.7925513 ], [ 5.8144551, 46.7915048 ], [ 5.8149116, 46.7911765 ], [ 5.8148861, 46.7909366 ], [ 5.8150883, 46.7907649 ], [ 5.8146807, 46.7902902 ], [ 5.8152407, 46.7900368 ], [ 5.8158711, 46.790025 ], [ 5.8166623, 46.7897272 ], [ 5.8177795, 46.7896926 ], [ 5.8180439, 46.7895555 ], [ 5.8181955, 46.7891671 ], [ 5.8181666, 46.7888128 ], [ 5.8179924, 46.7886666 ], [ 5.8185642, 46.7882597 ], [ 5.8195226, 46.7872938 ], [ 5.8187193, 46.7870297 ], [ 5.8184111, 46.7865508 ], [ 5.8181412, 46.7863312 ], [ 5.8166692, 46.7854925 ], [ 5.817404, 46.7850429 ], [ 5.8162558, 46.7840728 ], [ 5.8113806, 46.7805081 ], [ 5.8118724, 46.7801789 ], [ 5.8092356, 46.7777613 ], [ 5.8112459, 46.7769481 ], [ 5.8110572, 46.7766734 ], [ 5.8103511, 46.7763844 ], [ 5.8101669, 46.7759177 ], [ 5.8096253, 46.7751588 ], [ 5.809157, 46.7747504 ], [ 5.807419, 46.7740333 ], [ 5.8047241, 46.7720558 ], [ 5.8044404, 46.771742 ], [ 5.8011133, 46.7693509 ], [ 5.7997341, 46.7681871 ], [ 5.79537, 46.7639823 ], [ 5.793914, 46.7627221 ], [ 5.7931525, 46.7622676 ], [ 5.7916255, 46.7603145 ], [ 5.7901739, 46.7586524 ], [ 5.7882409, 46.7574416 ], [ 5.7881745, 46.7567621 ], [ 5.788423, 46.7559857 ], [ 5.7883004, 46.7554121 ], [ 5.7883583, 46.7545998 ], [ 5.7881325, 46.754262 ], [ 5.7869973, 46.7536247 ], [ 5.7863989, 46.7530247 ], [ 5.7862447, 46.7517581 ], [ 5.7852302, 46.7510701 ], [ 5.7851901, 46.7502385 ], [ 5.7850429, 46.7499241 ], [ 5.781535, 46.746544 ], [ 5.7808735, 46.7456816 ], [ 5.7802354, 46.7453538 ], [ 5.7800245, 46.7449985 ], [ 5.7785238, 46.7435383 ], [ 5.7782319, 46.7430859 ], [ 5.7777646, 46.7428413 ], [ 5.7765546, 46.7415543 ], [ 5.776326, 46.7414148 ], [ 5.7745894, 46.7410801 ], [ 5.7741775, 46.7406369 ], [ 5.7724985, 46.739299 ], [ 5.7713179, 46.7382238 ], [ 5.7708341, 46.7377057 ], [ 5.7704774, 46.7368026 ], [ 5.7698661, 46.7365092 ], [ 5.7687984, 46.7355394 ], [ 5.7663647, 46.7338115 ], [ 5.7659793, 46.7339108 ], [ 5.7652041, 46.7342827 ], [ 5.7647961, 46.7335006 ], [ 5.7636955, 46.7325775 ], [ 5.7609288, 46.7294231 ], [ 5.7598147, 46.7284625 ], [ 5.7593916, 46.7278969 ], [ 5.7591216, 46.7277665 ], [ 5.7581555, 46.7269851 ], [ 5.7576653, 46.7264653 ], [ 5.7564451, 46.7247549 ], [ 5.7554911, 46.7236147 ], [ 5.770548, 46.7162652 ], [ 5.7706863, 46.7164349 ], [ 5.7711906, 46.7163065 ], [ 5.7714587, 46.7165288 ], [ 5.7720213, 46.716361199999987 ], [ 5.7726344, 46.7169509 ], [ 5.7739629, 46.7173657 ], [ 5.7745436, 46.7173219 ], [ 5.7750787, 46.7171549 ], [ 5.7743812, 46.7167582 ], [ 5.7739213, 46.7163711 ], [ 5.7733939, 46.715690099999989 ], [ 5.7725599, 46.7142354 ], [ 5.7718064, 46.7126661 ], [ 5.7712449, 46.7112111 ], [ 5.7701557, 46.7092201 ], [ 5.7698457, 46.7082519 ], [ 5.7697143, 46.7073721 ], [ 5.7692534, 46.7064228 ], [ 5.767782, 46.7046392 ], [ 5.7665926, 46.7027327 ], [ 5.7648003, 46.7012271 ], [ 5.7651045, 46.698843 ], [ 5.7653862, 46.6976118 ], [ 5.7650714, 46.6972915 ], [ 5.7651516, 46.696912 ], [ 5.7645523, 46.6958408 ], [ 5.7640382, 46.6942819 ], [ 5.7640283, 46.6937776 ], [ 5.7652571, 46.6928632 ], [ 5.7660433, 46.6926695 ], [ 5.7669523, 46.6926503 ], [ 5.7692911, 46.693167699999989 ] ] ] ] } },
{ "type": "Feature", "properties": { "code_departement": 39.0, "code_rne": "0390962J", "multisecteur": 0.0 }, "geometry": { "type": "MultiPolygon", "coordinates": [ [ [ [ 5.7179507, 47.0093841 ], [ 5.715821, 47.0093315 ], [ 5.7110083, 47.0094294 ], [ 5.7109271, 47.0094908 ], [ 5.7109393, 47.0098139 ], [ 5.7093105, 47.0102413 ], [ 5.7071015, 47.0102607 ], [ 5.7070336, 47.0104569 ], [ 5.7020913, 47.0102574 ], [ 5.7016134, 47.0113145 ], [ 5.7015455, 47.0116936 ], [ 5.7008507, 47.0119954 ], [ 5.7002686, 47.0117595 ], [ 5.6989907, 47.0121227 ], [ 5.6987816, 47.0123141 ], [ 5.697483, 47.012603899999988 ], [ 5.6974724, 47.0119168 ], [ 5.6967414, 47.0120762 ], [ 5.695545, 47.0121708 ], [ 5.6955951, 47.0096139 ], [ 5.6947804, 47.0095185 ], [ 5.6941157, 47.0098178 ], [ 5.6934543, 47.0099432 ], [ 5.6929317, 47.0099482 ], [ 5.6923103, 47.0098482 ], [ 5.6923028, 47.0107799 ], [ 5.6911381, 47.0108512 ], [ 5.691088, 47.0105596 ], [ 5.6879463, 47.0103364 ], [ 5.6881117, 47.009057 ], [ 5.6880806, 47.0085631 ], [ 5.687694, 47.008046899999989 ], [ 5.6860579, 47.0070328 ], [ 5.6856154, 47.0069539 ], [ 5.6836328, 47.0068893 ], [ 5.6834988, 47.0050132 ], [ 5.6827299, 47.0047266 ], [ 5.6812282, 47.0012418 ], [ 5.681088, 47.0004604 ], [ 5.6821358, 47.0000289 ], [ 5.6831441, 46.9997577 ], [ 5.6843837, 46.9996622 ], [ 5.6856421, 46.9994411 ], [ 5.6862206, 46.9994762 ], [ 5.6861868, 46.9988762 ], [ 5.6859832, 46.998198 ], [ 5.6858059, 46.9981013 ], [ 5.6856075, 46.997687 ], [ 5.6852195, 46.9974294 ], [ 5.6841844, 46.9971354 ], [ 5.6838267, 46.9971456 ], [ 5.6833469, 46.9973459 ], [ 5.6833564, 46.9975376 ], [ 5.6837142, 46.9980878 ], [ 5.6836055, 46.998311 ], [ 5.6831431, 46.9985704 ], [ 5.6826835, 46.9985433 ], [ 5.6805907, 46.9979757 ], [ 5.6804515, 46.994616 ], [ 5.6789565, 46.9944175 ], [ 5.6803151, 46.9903275 ], [ 5.6817492, 46.9906014 ], [ 5.6819494, 46.9897805 ], [ 5.6809878, 46.9896119 ], [ 5.6795457, 46.9896535 ], [ 5.6790122, 46.9895677 ], [ 5.6781685, 46.9891738 ], [ 5.677516, 46.988971 ], [ 5.6765314, 46.9890001 ], [ 5.6762812, 46.9888933 ], [ 5.6760908, 46.9884518 ], [ 5.6757525, 46.9882939 ], [ 5.6745599, 46.9879765 ], [ 5.6741286, 46.9876406 ], [ 5.6846207, 46.9774658 ], [ 5.6886342, 46.974139 ], [ 5.6903766, 46.973050699999988 ], [ 5.6914049, 46.9727159 ], [ 5.6984284, 46.9714383 ], [ 5.7029937, 46.9706962 ], [ 5.7042324, 46.9704131 ], [ 5.7050585, 46.970562199999989 ], [ 5.7169605, 46.9734544 ], [ 5.7210168, 46.975465 ], [ 5.7272774, 46.9780594 ], [ 5.7306889, 46.9796688 ], [ 5.7312741, 46.9798666 ], [ 5.731811, 46.9799151 ], [ 5.7326573, 46.9797582 ], [ 5.7328791, 46.9796655 ], [ 5.7332059, 46.9793605 ], [ 5.7333622, 46.978755 ], [ 5.7333385, 46.978652 ], [ 5.7330707, 46.978561 ], [ 5.7330212, 46.9784415 ], [ 5.733308, 46.9777626 ], [ 5.7331141, 46.9773636 ], [ 5.7332854, 46.9768731 ], [ 5.7331001, 46.9766189 ], [ 5.7334558, 46.976106 ], [ 5.7333333, 46.9758954 ], [ 5.7329807, 46.9756632 ], [ 5.7331322, 46.9753812 ], [ 5.7331411, 46.9750107 ], [ 5.7333489, 46.9744094 ], [ 5.7332716, 46.9741293 ], [ 5.7336316, 46.9735964 ], [ 5.7336371, 46.97329 ], [ 5.7333162, 46.973294 ], [ 5.7335547, 46.9729352 ], [ 5.7334762, 46.9725028 ], [ 5.733641, 46.9720134 ], [ 5.7335213, 46.9717279 ], [ 5.7335489, 46.9713633 ], [ 5.7336899, 46.9711861 ], [ 5.733693, 46.9707004 ], [ 5.7338086, 46.97054 ], [ 5.7340766, 46.970504 ], [ 5.7341036, 46.9703871 ], [ 5.7345698, 46.9704193 ], [ 5.7347173, 46.9703689 ], [ 5.7349734, 46.970125 ], [ 5.7349928, 46.9699111 ], [ 5.7346436, 46.9692779 ], [ 5.7346518, 46.9691273 ], [ 5.7348001, 46.969094 ], [ 5.734853, 46.9689937 ], [ 5.7348155, 46.9687991 ], [ 5.7346039, 46.9686491 ], [ 5.7345638, 46.9684023 ], [ 5.7347076, 46.967889 ], [ 5.735012, 46.9674034 ], [ 5.7351228, 46.9660567 ], [ 5.7354349, 46.9652547 ], [ 5.7357326, 46.9652873 ], [ 5.7358078, 46.965135 ], [ 5.7361243, 46.9649401 ], [ 5.7366004, 46.9648568 ], [ 5.736773, 46.964522 ], [ 5.7374032, 46.9643647 ], [ 5.7377899, 46.9639195 ], [ 5.73807, 46.9640967 ], [ 5.7383422, 46.9639902 ], [ 5.7387426, 46.9640474 ], [ 5.7387239, 46.9638865 ], [ 5.7388373, 46.9638136 ], [ 5.7391787, 46.9636694 ], [ 5.739526, 46.9636936 ], [ 5.7396758, 46.9635846 ], [ 5.7398079, 46.9633617 ], [ 5.7400082, 46.9633155 ], [ 5.7399874, 46.9631133 ], [ 5.7400755, 46.9630589 ], [ 5.740511, 46.9631089 ], [ 5.7411097, 46.9628497 ], [ 5.7414009, 46.96265 ], [ 5.742171, 46.9618253 ], [ 5.7422063, 46.9616137 ], [ 5.7427969, 46.9610906 ], [ 5.7430949, 46.9605836 ], [ 5.7433836, 46.96031 ], [ 5.7437275, 46.9601379 ], [ 5.7439381, 46.959595 ], [ 5.7444107, 46.9590549 ], [ 5.7447287, 46.9585023 ], [ 5.7460217, 46.9580526 ], [ 5.7464496, 46.9577217 ], [ 5.7511908, 46.9585825 ], [ 5.7505603, 46.9603102 ], [ 5.7519309, 46.9606865 ], [ 5.7522259, 46.9606659 ], [ 5.7529771, 46.9603282 ], [ 5.7533601, 46.9604073 ], [ 5.7535595, 46.9607053 ], [ 5.7549041, 46.9609065 ], [ 5.7566449, 46.9621937 ], [ 5.757588, 46.9625477 ], [ 5.7575066, 46.9628091 ], [ 5.7585681, 46.9629801 ], [ 5.7587475, 46.9632218 ], [ 5.7586205, 46.9640581 ], [ 5.7589638, 46.9653184 ], [ 5.7614261, 46.964909 ], [ 5.7620295, 46.9644837 ], [ 5.7625147, 46.9623658 ], [ 5.7628586, 46.9623494 ], [ 5.7664542, 46.9628209 ], [ 5.7680124, 46.9631592 ], [ 5.7680816, 46.9634296 ], [ 5.7687703, 46.9633887 ], [ 5.7717134, 46.9624522 ], [ 5.772186, 46.9624039 ], [ 5.7728531, 46.9624789 ], [ 5.7753928, 46.9630943 ], [ 5.7765852, 46.9635314 ], [ 5.7770835, 46.9635239 ], [ 5.7794007, 46.9629834 ], [ 5.7804326, 46.9628837 ], [ 5.7818478, 46.9628703 ], [ 5.7819157, 46.9630389 ], [ 5.7816933, 46.9634984 ], [ 5.7814311, 46.9638506 ], [ 5.780851, 46.9643664 ], [ 5.780717, 46.9648048 ], [ 5.7804441, 46.9650763 ], [ 5.7798847, 46.9652546 ], [ 5.7780531, 46.9653357 ], [ 5.7781673, 46.9660978 ], [ 5.7779236, 46.9668613 ], [ 5.7793462, 46.9683703 ], [ 5.7798597, 46.9686048 ], [ 5.7804275, 46.9681551 ], [ 5.7824273, 46.9676068 ], [ 5.7826011, 46.967326899999989 ], [ 5.7835814, 46.9668141 ], [ 5.784161, 46.9658028 ], [ 5.7841145, 46.9655138 ], [ 5.7842341, 46.9653307 ], [ 5.7844563, 46.9652506 ], [ 5.7846339, 46.9646616 ], [ 5.7849664, 46.964271599999989 ], [ 5.7850693, 46.9637394 ], [ 5.7852943, 46.9634078 ], [ 5.7856145, 46.9632631 ], [ 5.7863335, 46.9631962 ], [ 5.7863253, 46.9630613 ], [ 5.7860226, 46.9628821 ], [ 5.7862216, 46.9624791 ], [ 5.7864187, 46.9624239 ], [ 5.7875145, 46.9624163 ], [ 5.7895882, 46.9626662 ], [ 5.7909668, 46.962658 ], [ 5.7917687, 46.9625386 ], [ 5.7891042, 46.9583634 ], [ 5.7896952, 46.9581878 ], [ 5.7892109, 46.9571428 ], [ 5.7914656, 46.956417 ], [ 5.7933069, 46.9555868 ], [ 5.7935841, 46.9553756 ], [ 5.7934969, 46.9539173 ], [ 5.7960762, 46.9535701 ], [ 5.7961346, 46.9529957 ], [ 5.7969081, 46.95073 ], [ 5.7976056, 46.9498185 ], [ 5.8002282, 46.9476205 ], [ 5.8031348, 46.946412 ], [ 5.8039273, 46.9439116 ], [ 5.8035441, 46.943829 ], [ 5.8037451, 46.9436467 ], [ 5.8038986, 46.9432312 ], [ 5.8039054, 46.9427292 ], [ 5.8050273, 46.9404947 ], [ 5.8042046, 46.9401786 ], [ 5.8044048, 46.9397783 ], [ 5.8048154, 46.939807 ], [ 5.8056945, 46.9376612 ], [ 5.8094105, 46.9388032 ], [ 5.8105403, 46.9387261 ], [ 5.8129267, 46.9370128 ], [ 5.8141627, 46.9359439 ], [ 5.8150767, 46.9349819 ], [ 5.8158563, 46.9337367 ], [ 5.8172061, 46.9325586 ], [ 5.8169604, 46.9322853 ], [ 5.8146642, 46.9306972 ], [ 5.8146978, 46.930509 ], [ 5.8161609, 46.9301931 ], [ 5.8169009, 46.9299561 ], [ 5.8179429, 46.9292837 ], [ 5.8183028, 46.9294263 ], [ 5.8199722, 46.9304431 ], [ 5.8215406, 46.9291722 ], [ 5.822263, 46.9281968 ], [ 5.82286, 46.9276164 ], [ 5.823399, 46.9273104 ], [ 5.8232276, 46.9266461 ], [ 5.8225373, 46.9256675 ], [ 5.822789, 46.9253496 ], [ 5.8226211, 46.925106 ], [ 5.8220318, 46.9248754 ], [ 5.8215501, 46.9240862 ], [ 5.82166, 46.9237979 ], [ 5.8216414, 46.9232903 ], [ 5.8213356, 46.9227725 ], [ 5.8223456, 46.9221703 ], [ 5.8237876, 46.9231169 ], [ 5.8244963, 46.9234428 ], [ 5.8267638, 46.9243575 ], [ 5.8274064, 46.9244733 ], [ 5.8276009, 46.9244469 ], [ 5.8280058, 46.9246207 ], [ 5.8286992, 46.9255326 ], [ 5.8346785, 46.9217647 ], [ 5.8354013, 46.9204523 ], [ 5.8356249, 46.9191999 ], [ 5.835578, 46.9184812 ], [ 5.8365481, 46.9159185 ], [ 5.8374595, 46.9160221 ], [ 5.8377273, 46.9161642 ], [ 5.8380903, 46.9166931 ], [ 5.838554, 46.9168844 ], [ 5.8388457, 46.9160285 ], [ 5.8383489, 46.9158831 ], [ 5.8377765, 46.9148215 ], [ 5.8366853, 46.9141465 ], [ 5.8362231, 46.9126795 ], [ 5.8367703, 46.9115551 ], [ 5.8366061, 46.9100294 ], [ 5.8366472, 46.9086328 ], [ 5.8371366, 46.9065585 ], [ 5.8371972, 46.9056839 ], [ 5.8374165, 46.9050785 ], [ 5.837449, 46.9043948 ], [ 5.8386757, 46.9035961 ], [ 5.8392714, 46.9035003 ], [ 5.8401674, 46.9036665 ], [ 5.8413723, 46.9036809 ], [ 5.842342, 46.9035489 ], [ 5.842725, 46.9033565 ], [ 5.8426443, 46.9029972 ], [ 5.8434912, 46.9015528 ], [ 5.84346, 46.9013608 ], [ 5.8431857, 46.9010937 ], [ 5.8430042, 46.9007162 ], [ 5.8447129, 46.899264 ], [ 5.8406342, 46.8957582 ], [ 5.8382564, 46.8945537 ], [ 5.8372123, 46.8933154 ], [ 5.8373895, 46.8926082 ], [ 5.8372525, 46.8920269 ], [ 5.8369354, 46.8916689 ], [ 5.8362945, 46.8911748 ], [ 5.8358239, 46.8906206 ], [ 5.835986, 46.8903535 ], [ 5.8374292, 46.8894062 ], [ 5.8375837, 46.889169 ], [ 5.8379775, 46.8888602 ], [ 5.837392, 46.8879449 ], [ 5.8362725, 46.8875968 ], [ 5.835406, 46.8877622 ], [ 5.8347627, 46.887724 ], [ 5.8339454, 46.8868234 ], [ 5.8334074, 46.8868628 ], [ 5.8325134, 46.885826099999989 ], [ 5.8318314, 46.8854997 ], [ 5.8319902, 46.8849939 ], [ 5.8319839, 46.8843706 ], [ 5.8306904, 46.8826537 ], [ 5.8308916, 46.8817027 ], [ 5.8301313, 46.8801042 ], [ 5.8298041, 46.8791239 ], [ 5.8298561, 46.8787614 ], [ 5.830216, 46.8780561 ], [ 5.8300134, 46.8772718 ], [ 5.8304254, 46.8771356 ], [ 5.8307845, 46.8771943 ], [ 5.8309749, 46.8770148 ], [ 5.8312466, 46.8765325 ], [ 5.8315691, 46.8755155 ], [ 5.8338762, 46.8714747 ], [ 5.834583, 46.8697932 ], [ 5.8342751, 46.8690818 ], [ 5.8343692, 46.8685452 ], [ 5.8343848, 46.8667366 ], [ 5.8343044, 46.8621149 ], [ 5.8352633, 46.8611876 ], [ 5.8361804, 46.8607668 ], [ 5.8368172, 46.8596835 ], [ 5.8378722, 46.8585375 ], [ 5.839181, 46.8579971 ], [ 5.8397586, 46.8575153 ], [ 5.8406719, 46.8564242 ], [ 5.8414159, 46.8558598 ], [ 5.8423252, 46.8553932 ], [ 5.842727, 46.855391399999988 ], [ 5.8432121, 46.8552506 ], [ 5.8437968, 46.8548802 ], [ 5.8452285, 46.8535826 ], [ 5.8457261, 46.8529063 ], [ 5.8461694, 46.8519952 ], [ 5.8460028, 46.8510741 ], [ 5.8461949, 46.8506819 ], [ 5.8475496, 46.8494708 ], [ 5.8494082, 46.8475571 ], [ 5.8499775, 46.8467231 ], [ 5.8513351, 46.8442983 ], [ 5.8514857, 46.8445414 ], [ 5.8521727, 46.8448695 ], [ 5.8524176, 46.8447832 ], [ 5.8528706, 46.8449558 ], [ 5.8544055, 46.844332099999988 ], [ 5.8551217, 46.8437944 ], [ 5.8554861, 46.8436322 ], [ 5.8561283, 46.8434352 ], [ 5.8568496, 46.8433434 ], [ 5.8572131, 46.8438128 ], [ 5.8575745, 46.8439912 ], [ 5.8579279, 46.8440212 ], [ 5.8587321, 46.8437832 ], [ 5.8590192, 46.8438733 ], [ 5.8598042, 46.8447647 ], [ 5.8601532, 46.8448083 ], [ 5.8621132, 46.8446262 ], [ 5.8653454, 46.8446376 ], [ 5.866026, 46.8446945 ], [ 5.8667387, 46.8450101 ], [ 5.8682246, 46.8450749 ], [ 5.8688817, 46.8449117 ], [ 5.8693746, 46.8446984 ], [ 5.8707728, 46.8439491 ], [ 5.8735488, 46.8459556 ], [ 5.8724147, 46.8480688 ], [ 5.8720605, 46.8485209 ], [ 5.8720186, 46.8487211 ], [ 5.8721555, 46.8489997 ], [ 5.873214, 46.8492742 ], [ 5.8736772, 46.8506528 ], [ 5.8742972, 46.851323 ], [ 5.8756877, 46.8520604 ], [ 5.8771595, 46.8523722 ], [ 5.8777941, 46.8524032 ], [ 5.8782535, 46.8522998 ], [ 5.8784596, 46.8520992 ], [ 5.878689, 46.851597 ], [ 5.8793154, 46.8511272 ], [ 5.8791987, 46.8503652 ], [ 5.8788697, 46.84934 ], [ 5.8788345, 46.8488012 ], [ 5.8816567, 46.8488035 ], [ 5.8811109, 46.8516517 ], [ 5.8814964, 46.8515402 ], [ 5.8819156, 46.8512982 ], [ 5.8825304, 46.851253 ], [ 5.8828072, 46.8509515 ], [ 5.8831168, 46.8496877 ], [ 5.882791, 46.8490427 ], [ 5.8828948, 46.8486752 ], [ 5.8833305, 46.8482994 ], [ 5.8963375, 46.8459346 ], [ 5.9080645, 46.8439854 ], [ 5.9091513, 46.8441976 ], [ 5.909512, 46.8437002 ], [ 5.9099044, 46.8416197 ], [ 5.9179104, 46.8398447 ], [ 5.9188696, 46.8395149 ], [ 5.9196819, 46.8384356 ], [ 5.9212724, 46.8376889 ], [ 5.9216975, 46.838024 ], [ 5.923398, 46.837297899999989 ], [ 5.9231125, 46.836751899999989 ], [ 5.9240737, 46.8362923 ], [ 5.9263116, 46.8354281 ], [ 5.9289791, 46.8351791 ], [ 5.9307587, 46.8346571 ], [ 5.9315939, 46.8355576 ], [ 5.9315826, 46.83593 ], [ 5.9311973, 46.836793 ], [ 5.9317766, 46.8377198 ], [ 5.9318865, 46.8387072 ], [ 5.9327482, 46.8392718 ], [ 5.9332041, 46.8392034 ], [ 5.9334445, 46.8394721 ], [ 5.9333378, 46.8408975 ], [ 5.9340662, 46.8405987 ], [ 5.9344578, 46.8423258 ], [ 5.9348877, 46.8431591 ], [ 5.9342923, 46.8431491 ], [ 5.934388, 46.8435818 ], [ 5.9351761, 46.8439005 ], [ 5.9359169, 46.8450421 ], [ 5.9363584, 46.8449749 ], [ 5.9371736, 46.8449938 ], [ 5.9382376, 46.8453883 ], [ 5.9394658, 46.8456362 ], [ 5.9401104, 46.8455368 ], [ 5.9405411, 46.8453907 ], [ 5.942131, 46.8442977 ], [ 5.9421177, 46.8438105 ], [ 5.942281, 46.8435298 ], [ 5.942567, 46.8433071 ], [ 5.9428332, 46.8433237 ], [ 5.943073, 46.8436293 ], [ 5.9433187, 46.8452755 ], [ 5.9436442, 46.8453924 ], [ 5.9437536, 46.8458104 ], [ 5.9442469, 46.8458987 ], [ 5.944721, 46.8467686 ], [ 5.9453472, 46.8464273 ], [ 5.9467963, 46.8496492 ], [ 5.9468918, 46.8507279 ], [ 5.9477039, 46.8531488 ], [ 5.9478893, 46.8542613 ], [ 5.9482652, 46.8554482 ], [ 5.9488913, 46.8560683 ], [ 5.9490657, 46.8564017 ], [ 5.9489249, 46.8575532 ], [ 5.9491199, 46.8588429 ], [ 5.9493643, 46.8592052 ], [ 5.9496649, 46.8600453 ], [ 5.9512715, 46.8624107 ], [ 5.9515667, 46.8625473 ], [ 5.9526924, 46.8626193 ], [ 5.952648, 46.8631539 ], [ 5.9499902, 46.8676559 ], [ 5.9491789, 46.8677136 ], [ 5.9458001, 46.8699608 ], [ 5.9457558, 46.8718991 ], [ 5.9465913, 46.8737797 ], [ 5.9470117, 46.8743095 ], [ 5.9482902, 46.8739731 ], [ 5.951949, 46.8732207 ], [ 5.9575191, 46.8718857 ], [ 5.9579123, 46.8718449 ], [ 5.958607, 46.8726794 ], [ 5.9641801, 46.8708043 ], [ 5.9645088, 46.8705922 ], [ 5.964504, 46.8700499 ], [ 5.9640903, 46.8679883 ], [ 5.963275, 46.8652377 ], [ 5.9639048, 46.8652008 ], [ 5.9652613, 46.8649748 ], [ 5.9668683, 46.864455 ], [ 5.9683626, 46.8645633 ], [ 5.9691563, 46.864950099999987 ], [ 5.9698142, 46.8655206 ], [ 5.9699953, 46.8662601 ], [ 5.9703076, 46.8666602 ], [ 5.973683, 46.8654252 ], [ 5.9746455, 46.8649633 ], [ 5.9947639, 46.86329 ], [ 5.9966089, 46.863041 ], [ 6.0131513, 46.8618296 ], [ 6.0269721, 46.8606577 ], [ 6.0275584, 46.860126 ], [ 6.0285909, 46.8604538 ], [ 6.0291788, 46.8609375 ], [ 6.0304913, 46.8617851 ], [ 6.0298896, 46.8619712 ], [ 6.0292738, 46.861555 ], [ 6.0286564, 46.8614604 ], [ 6.0271442, 46.8621156 ], [ 6.0269877, 46.8630748 ], [ 6.0259681, 46.863494499999987 ], [ 6.0266825, 46.8648056 ], [ 6.027582, 46.8659731 ], [ 6.0294114, 46.8676054 ], [ 6.0315868, 46.8692898 ], [ 6.0313562, 46.8695122 ], [ 6.0315419, 46.8705534 ], [ 6.0318911, 46.8708289 ], [ 6.0326947, 46.8708906 ], [ 6.0320158, 46.8718366 ], [ 6.0312533, 46.8724613 ], [ 6.0307291, 46.8742447 ], [ 6.030022, 46.8749688 ], [ 6.0296757, 46.8749095 ], [ 6.0295027, 46.8736021 ], [ 6.029377, 46.8735162 ], [ 6.0291448, 46.8734989 ], [ 6.0277211, 46.8741446 ], [ 6.0263844, 46.8745825 ], [ 6.0238094, 46.8751998 ], [ 6.0225408, 46.8753998 ], [ 6.022003, 46.8753941 ], [ 6.0221872, 46.8750217 ], [ 6.0230884, 46.874195199999988 ], [ 6.0232164, 46.8727466 ], [ 6.0226849, 46.8714874 ], [ 6.0210828, 46.8697598 ], [ 6.0199697, 46.8691186 ], [ 6.0189591, 46.8680774 ], [ 6.017428, 46.8682086 ], [ 6.0171543, 46.8684843 ], [ 6.0167168, 46.8686021 ], [ 6.0156507, 46.8695337 ], [ 6.0162597, 46.8702305 ], [ 6.0167121, 46.8709449 ], [ 6.0166528, 46.871296 ], [ 6.0159942, 46.8721612 ], [ 6.0154594, 46.8724437 ], [ 6.0148081, 46.8723806 ], [ 6.0140841, 46.8724256 ], [ 6.0125371, 46.872157099999988 ], [ 6.0114489, 46.8723874 ], [ 6.0099936, 46.8730571 ], [ 6.0097312, 46.8725666 ], [ 6.0058028, 46.8730666 ], [ 6.0066716, 46.8751289 ], [ 6.0073824, 46.8775881 ], [ 6.0095404, 46.8800762 ], [ 6.0124893, 46.8828644 ], [ 6.0126302, 46.883176 ], [ 6.0125622, 46.883631 ], [ 6.0112462, 46.8860775 ], [ 6.0108308, 46.887421 ], [ 6.0117049, 46.8886983 ], [ 6.0117351, 46.8891471 ], [ 6.0122082, 46.8903034 ], [ 6.0104421, 46.8923408 ], [ 6.0094291, 46.8938594 ], [ 6.0087124, 46.8957198 ], [ 6.0079367, 46.895386 ], [ 6.0037094, 46.895172 ], [ 6.0010244, 46.8956754 ], [ 6.0002528, 46.8961262 ], [ 5.9993493, 46.8968291 ], [ 5.9983958, 46.8977207 ], [ 5.9967319, 46.8990534 ], [ 5.9964016, 46.8998062 ], [ 5.9962014, 46.8999655 ], [ 5.9959037, 46.9001201 ], [ 5.9945881, 46.9004102 ], [ 5.9924832, 46.9023292 ], [ 5.9913021, 46.9031275 ], [ 5.9891022, 46.9042821 ], [ 5.98775, 46.904865 ], [ 5.9867866, 46.9051549 ], [ 5.9865092, 46.9053684 ], [ 5.9858762, 46.9062624 ], [ 5.9854736, 46.9066125 ], [ 5.9846685, 46.9068433 ], [ 5.9843351, 46.907115 ], [ 5.9839019, 46.9072686 ], [ 5.9833187, 46.9076117 ], [ 5.9826334, 46.9077015 ], [ 5.9814509, 46.9080015 ], [ 5.9826448, 46.9084094 ], [ 5.9829725, 46.9138989 ], [ 5.9829023, 46.9150089 ], [ 5.9829795, 46.9156214 ], [ 5.9831205, 46.9158664 ], [ 5.982242, 46.917748 ], [ 5.9816788, 46.9192195 ], [ 5.9844845, 46.9214498 ], [ 5.9867441, 46.923432 ], [ 5.9894095, 46.9259478 ], [ 5.9954106, 46.9320495 ], [ 5.9971433, 46.933528 ], [ 5.9967794, 46.9334879 ], [ 5.9958387, 46.9337448 ], [ 5.9957059, 46.9338645 ], [ 5.995678, 46.9343103 ], [ 5.9937899, 46.9359163 ], [ 5.9895906, 46.9355019 ], [ 5.9887791, 46.9357671 ], [ 5.986951, 46.9369615 ], [ 5.9859746, 46.9374328 ], [ 5.9856542, 46.9381565 ], [ 5.9845098, 46.9379194 ], [ 5.9839505, 46.9379628 ], [ 5.9814527, 46.9386122 ], [ 5.9766107, 46.9411709 ], [ 5.9755932, 46.9415675 ], [ 5.9731025, 46.9432112 ], [ 5.9705194, 46.9442518 ], [ 5.9661233, 46.9458697 ], [ 5.9666742, 46.9470385 ], [ 5.9641278, 46.9483952 ], [ 5.9639334, 46.9480893 ], [ 5.9630592, 46.9475018 ], [ 5.9609089, 46.9464606 ], [ 5.9605906, 46.9464138 ], [ 5.9601473, 46.946536 ], [ 5.9596254, 46.9469026 ], [ 5.9591819, 46.9470447 ], [ 5.957592, 46.9481405 ], [ 5.9563871, 46.9486499 ], [ 5.9572749, 46.9496064 ], [ 5.9590383, 46.9509343 ], [ 5.9597463, 46.9513693 ], [ 5.9603591, 46.9514599 ], [ 5.960883, 46.951751 ], [ 5.9614668, 46.9524892 ], [ 5.9637274, 46.9543619 ], [ 5.9650107, 46.954128 ], [ 5.9664519, 46.9540377 ], [ 5.9721885, 46.958121 ], [ 5.9727487, 46.9590472 ], [ 5.9733344, 46.9597673 ], [ 5.9764667, 46.961492 ], [ 5.9795083, 46.963525399999988 ], [ 5.9725553, 46.9695982 ], [ 5.9746268, 46.9707179 ], [ 5.9759984, 46.9715799 ], [ 5.9763714, 46.9718991 ], [ 5.9765531, 46.9723783 ], [ 5.9764393, 46.9728921 ], [ 5.9762124, 46.9730502 ], [ 5.9751684, 46.9733096 ], [ 5.9751691, 46.9737303 ], [ 5.9759957, 46.9760705 ], [ 5.974308, 46.9762834 ], [ 5.9713943, 46.9764883 ], [ 5.9705519, 46.9765145 ], [ 5.9689495, 46.9763873 ], [ 5.9691213, 46.9777415 ], [ 5.9690332, 46.978438399999987 ], [ 5.9686304, 46.979756099999989 ], [ 5.9685372, 46.9805983 ], [ 5.9661433, 46.9805418 ], [ 5.9653132, 46.9806479 ], [ 5.9635212, 46.9806912 ], [ 5.9622258, 46.9804506 ], [ 5.9588721, 46.9805836 ], [ 5.9574134, 46.9807985 ], [ 5.9561523, 46.9807767 ], [ 5.9551399, 46.9808721 ], [ 5.9545364, 46.9810064 ], [ 5.9537685, 46.981337 ], [ 5.9532321, 46.9814471 ], [ 5.9512931, 46.9814742 ], [ 5.9497062, 46.9813445 ], [ 5.9490582, 46.9810737 ], [ 5.9439593, 46.9798624 ], [ 5.9437641, 46.9803873 ], [ 5.9431294, 46.9807945 ], [ 5.9432249, 46.9809533 ], [ 5.9451075, 46.9819197 ], [ 5.9453638, 46.9821538 ], [ 5.9453921, 46.982454 ], [ 5.9448334, 46.9830728 ], [ 5.9452054, 46.9834967 ], [ 5.9453748, 46.9840455 ], [ 5.9457432, 46.9845226 ], [ 5.9463687, 46.9849112 ], [ 5.9471197, 46.9856461 ], [ 5.947691, 46.9864883 ], [ 5.9484735, 46.9873396 ], [ 5.9494677, 46.988043 ], [ 5.9493618, 46.9890684 ], [ 5.9495178, 46.9901167 ], [ 5.9486799, 46.9900354 ], [ 5.946805, 46.9895545 ], [ 5.9434818, 46.9880824 ], [ 5.942248, 46.9873562 ], [ 5.9409939, 46.9864016 ], [ 5.9404132, 46.983328799999988 ], [ 5.9404596, 46.983188 ], [ 5.9409077, 46.9828585 ], [ 5.9402014, 46.9823639 ], [ 5.9393355, 46.9825391 ], [ 5.9367187, 46.9833941 ], [ 5.9363897, 46.9833971 ], [ 5.9357153, 46.9831485 ], [ 5.9345957, 46.9831382 ], [ 5.9344011, 46.9833126 ], [ 5.9345036, 46.9835523 ], [ 5.9343985, 46.9838703 ], [ 5.9334638, 46.984041 ], [ 5.9331671, 46.9839836 ], [ 5.9323256, 46.9836149 ], [ 5.931319, 46.9825837 ], [ 5.9292835, 46.9817534 ], [ 5.9288863, 46.9816643 ], [ 5.9268693, 46.9836049 ], [ 5.9261598, 46.9811524 ], [ 5.9256557, 46.9798904 ], [ 5.92354, 46.978598 ], [ 5.9217464, 46.9796561 ], [ 5.9201866, 46.9807065 ], [ 5.9194164, 46.9803152 ], [ 5.9186831, 46.9796328 ], [ 5.9180283, 46.979379 ], [ 5.9177679, 46.9794325 ], [ 5.9174967, 46.9796754 ], [ 5.9177794, 46.9799629 ], [ 5.9189732, 46.9804696 ], [ 5.9208018, 46.9813955 ], [ 5.9217976, 46.982137 ], [ 5.9216174, 46.9829434 ], [ 5.921652, 46.9832659 ], [ 5.9201927, 46.9833281 ], [ 5.920124, 46.9836155 ], [ 5.9205285, 46.984572 ], [ 5.9209359, 46.984995 ], [ 5.9215482, 46.9852894 ], [ 5.921899, 46.9857382 ], [ 5.9213905, 46.9857826 ], [ 5.9202048, 46.9865461 ], [ 5.9199126, 46.9865237 ], [ 5.9193826, 46.986657 ], [ 5.9192414, 46.9866263 ], [ 5.918074, 46.9870234 ], [ 5.917429, 46.9870749 ], [ 5.9169584, 46.987016499999989 ], [ 5.9151333, 46.9874744 ], [ 5.914869, 46.9874567 ], [ 5.9136386, 46.9885663 ], [ 5.9130393, 46.9894409 ], [ 5.9135617, 46.9899962 ], [ 5.9140541, 46.9908496 ], [ 5.9151829, 46.9940519 ], [ 5.9154494, 46.9952561 ], [ 5.9156381, 46.9967036 ], [ 5.9157621, 46.9999511 ], [ 5.9160927, 47.0010248 ], [ 5.9161036, 47.0017381 ], [ 5.9159148, 47.0030718 ], [ 5.9160654, 47.00425 ], [ 5.9158357, 47.0047523 ], [ 5.9159278, 47.0052139 ], [ 5.9167527, 47.0066607 ], [ 5.9187808, 47.0094339 ], [ 5.9186458, 47.0098599 ], [ 5.9187086, 47.0102412 ], [ 5.9190576, 47.0110207 ], [ 5.9217863, 47.0144672 ], [ 5.9198754, 47.014986699999987 ], [ 5.9185376, 47.0154611 ], [ 5.9173997, 47.0144899 ], [ 5.9160638, 47.0131208 ], [ 5.9155071, 47.0119348 ], [ 5.915203, 47.0106947 ], [ 5.9150114, 47.008049 ], [ 5.9146798, 47.0071753 ], [ 5.9134674, 47.0057725 ], [ 5.9130163, 47.0049307 ], [ 5.911609, 47.0014237 ], [ 5.9110758, 46.9994974 ], [ 5.9072918, 46.9994153 ], [ 5.8988619, 46.9989905 ], [ 5.8971107, 46.9957298 ], [ 5.8909878, 46.9972844 ], [ 5.8905277, 46.9972986 ], [ 5.8890004, 46.9967855 ], [ 5.8883699, 46.996766099999988 ], [ 5.8866228, 46.9969693 ], [ 5.886638, 46.9980186 ], [ 5.8857746, 46.9980762 ], [ 5.8855543, 46.9977231 ], [ 5.8848312, 46.9977457 ], [ 5.8845209, 46.9980247 ], [ 5.8845478, 46.9984294 ], [ 5.8844248, 46.9985685 ], [ 5.884168, 46.9986659 ], [ 5.8826653, 46.999799 ], [ 5.8827734, 47.0004657 ], [ 5.8833604, 47.0023836 ], [ 5.8832565, 47.0028294 ], [ 5.882601, 47.003847699999987 ], [ 5.8820861, 47.0050083 ], [ 5.8764826, 47.0058824 ], [ 5.8702251, 47.0066212 ], [ 5.8675559, 47.0067776 ], [ 5.8651699, 47.0071594 ], [ 5.8620121, 47.0075171 ], [ 5.8558266, 47.0088271 ], [ 5.8554432, 47.007953699999987 ], [ 5.8552075, 47.0067595 ], [ 5.8528942, 47.0072465 ], [ 5.8504179, 47.0060194 ], [ 5.8490717, 47.0059409 ], [ 5.849138, 47.0039788 ], [ 5.8495075, 47.0039679 ], [ 5.8494339, 47.0033967 ], [ 5.8490407, 47.0033317 ], [ 5.8466542, 47.0033536 ], [ 5.8470025, 47.0070127 ], [ 5.8477764, 47.0091495 ], [ 5.8466611, 47.0098789 ], [ 5.8457417, 47.0102286 ], [ 5.8451435, 47.0102992 ], [ 5.8442899, 47.0101725 ], [ 5.8421108, 47.0094613 ], [ 5.8414323, 47.0090816 ], [ 5.8408536, 47.0085958 ], [ 5.8387074, 47.009109 ], [ 5.8394895, 47.0107835 ], [ 5.8397453, 47.0116151 ], [ 5.839871, 47.0127021 ], [ 5.8397103, 47.0149556 ], [ 5.8395744, 47.0154527 ], [ 5.8388562, 47.0153208 ], [ 5.8380433, 47.0149678 ], [ 5.8365036, 47.0139435 ], [ 5.8363779, 47.013079 ], [ 5.8335532, 47.0127403 ], [ 5.8315514, 47.012772299999988 ], [ 5.8287779, 47.012152 ], [ 5.8261373, 47.0138447 ], [ 5.823908, 47.0154956 ], [ 5.822854, 47.0158935 ], [ 5.8218588, 47.0161079 ], [ 5.8185828, 47.0166123 ], [ 5.8163, 47.0170681 ], [ 5.8142254, 47.0173727 ], [ 5.8140447, 47.0174699 ], [ 5.8137279, 47.0174326 ], [ 5.8138709, 47.0191147 ], [ 5.8136184, 47.0192731 ], [ 5.8134186, 47.0197113 ], [ 5.8145311, 47.0199779 ], [ 5.8148617, 47.0201788 ], [ 5.8154554, 47.020801299999988 ], [ 5.815719, 47.0213093 ], [ 5.815891, 47.0250853 ], [ 5.8157182, 47.0258147 ], [ 5.8157472, 47.0264717 ], [ 5.816275, 47.0286318 ], [ 5.8162707, 47.0293085 ], [ 5.8160447, 47.0306572 ], [ 5.8156196, 47.0317027 ], [ 5.8150715, 47.0324855 ], [ 5.8146392, 47.0334942 ], [ 5.8145575, 47.0338232 ], [ 5.8145916, 47.0347035 ], [ 5.8152923, 47.03629 ], [ 5.8160959, 47.0375731 ], [ 5.8165545, 47.0378007 ], [ 5.8169658, 47.0381825 ], [ 5.8174625, 47.0382299 ], [ 5.8178115, 47.0385285 ], [ 5.8181302, 47.0393063 ], [ 5.8182426, 47.0403496 ], [ 5.8180101, 47.0410949 ], [ 5.8168878, 47.0424943 ], [ 5.815238, 47.0436346 ], [ 5.8158532, 47.0441331 ], [ 5.8161724, 47.0442406 ], [ 5.8161056, 47.0454089 ], [ 5.8158127, 47.0457818 ], [ 5.8153725, 47.0461106 ], [ 5.8146096, 47.0464679 ], [ 5.8111334, 47.0468607 ], [ 5.8096044, 47.0465546 ], [ 5.8083046, 47.0460187 ], [ 5.8064033, 47.0457235 ], [ 5.8045517, 47.0456757 ], [ 5.803296, 47.0455314 ], [ 5.8023467, 47.0453716 ], [ 5.8013694, 47.0451043 ], [ 5.7995727, 47.0443605 ], [ 5.7986561, 47.0438656 ], [ 5.797783, 47.043116499999989 ], [ 5.797312, 47.0422675 ], [ 5.7972203, 47.0418725 ], [ 5.797266, 47.0393218 ], [ 5.7974366, 47.0384952 ], [ 5.7976178, 47.0381521 ], [ 5.7988071, 47.036868299999988 ], [ 5.799389, 47.0359182 ], [ 5.7994708, 47.0353099 ], [ 5.7991781, 47.0336053 ], [ 5.7996084, 47.0315363 ], [ 5.7992039, 47.0302155 ], [ 5.7985851, 47.0293359 ], [ 5.7970487, 47.0279101 ], [ 5.7964915, 47.0272758 ], [ 5.7953054, 47.026455 ], [ 5.7947676, 47.0259428 ], [ 5.7921349, 47.0229047 ], [ 5.7913701, 47.0223052 ], [ 5.7899326, 47.0214328 ], [ 5.7892612, 47.0211112 ], [ 5.7874757, 47.0206435 ], [ 5.7843495, 47.0202829 ], [ 5.780976, 47.0194679 ], [ 5.7777939, 47.018813 ], [ 5.7740021, 47.0184168 ], [ 5.7705521, 47.0182348 ], [ 5.7631595, 47.0114419 ], [ 5.7618732, 47.0113988 ], [ 5.7611363, 47.0119804 ], [ 5.7604413, 47.0128132 ], [ 5.7604766, 47.0130908 ], [ 5.7607236, 47.0132065 ], [ 5.760822, 47.0133807 ], [ 5.7615238, 47.0135549 ], [ 5.7616667, 47.0139019 ], [ 5.7614293, 47.0147211 ], [ 5.761315, 47.0157058 ], [ 5.7604317, 47.0155359 ], [ 5.7596469, 47.0161078 ], [ 5.7594557, 47.0160521 ], [ 5.7593533, 47.0156455 ], [ 5.759136, 47.0153372 ], [ 5.7588337, 47.0151453 ], [ 5.75843, 47.0156478 ], [ 5.7570027, 47.0153233 ], [ 5.7548431, 47.0158244 ], [ 5.7539236, 47.0170373 ], [ 5.7520154, 47.0173567 ], [ 5.7495148, 47.0172443 ], [ 5.7470413, 47.0161365 ], [ 5.7467054, 47.0161112 ], [ 5.7464139, 47.0163623 ], [ 5.7447054, 47.0154272 ], [ 5.7430984, 47.0142087 ], [ 5.7419185, 47.0144728 ], [ 5.7409313, 47.0151359 ], [ 5.740181, 47.0154834 ], [ 5.7398831, 47.0152454 ], [ 5.7389154, 47.0149927 ], [ 5.737925, 47.0149955 ], [ 5.7372755, 47.0153055 ], [ 5.7369301, 47.0153507 ], [ 5.7360642, 47.0152883 ], [ 5.7339719, 47.0141595 ], [ 5.7309845, 47.0134546 ], [ 5.7301981, 47.0135048 ], [ 5.7296903, 47.0136726 ], [ 5.7291501, 47.0140088 ], [ 5.7286611, 47.0140537 ], [ 5.7292392, 47.0126455 ], [ 5.7281168, 47.0126657 ], [ 5.727156, 47.0124983 ], [ 5.7211381, 47.0103801 ], [ 5.7179507, 47.0093841 ] ] ] ] } },
{ "type": "Feature", "properties": { "code_departement": 39.0, "code_rne": "0390997X", "multisecteur": 0.0 }, "geometry": { "type": "MultiPolygon", "coordinates": [ [ [ [ 5.6923028, 47.0107799 ], [ 5.6923103, 47.0098482 ], [ 5.6929317, 47.0099482 ], [ 5.6934543, 47.0099432 ], [ 5.6941157, 47.0098178 ], [ 5.6947804, 47.0095185 ], [ 5.6955951, 47.0096139 ], [ 5.695545, 47.0121708 ], [ 5.6967414, 47.0120762 ], [ 5.6974724, 47.0119168 ], [ 5.697483, 47.012603899999988 ], [ 5.6987816, 47.0123141 ], [ 5.6989907, 47.0121227 ], [ 5.7002686, 47.0117595 ], [ 5.7008507, 47.0119954 ], [ 5.7015455, 47.0116936 ], [ 5.7016134, 47.0113145 ], [ 5.7020913, 47.0102574 ], [ 5.7070336, 47.0104569 ], [ 5.7071015, 47.0102607 ], [ 5.7093105, 47.0102413 ], [ 5.7109393, 47.0098139 ], [ 5.7109271, 47.0094908 ], [ 5.7110083, 47.0094294 ], [ 5.715821, 47.0093315 ], [ 5.7179507, 47.0093841 ], [ 5.7211381, 47.0103801 ], [ 5.727156, 47.0124983 ], [ 5.7281168, 47.0126657 ], [ 5.7292392, 47.0126455 ], [ 5.7286611, 47.0140537 ], [ 5.7291501, 47.0140088 ], [ 5.7296903, 47.0136726 ], [ 5.7301981, 47.0135048 ], [ 5.7309845, 47.0134546 ], [ 5.7339719, 47.0141595 ], [ 5.7360642, 47.0152883 ], [ 5.7369301, 47.0153507 ], [ 5.7372755, 47.0153055 ], [ 5.737925, 47.0149955 ], [ 5.7389154, 47.0149927 ], [ 5.7398831, 47.0152454 ], [ 5.740181, 47.0154834 ], [ 5.7409313, 47.0151359 ], [ 5.7419185, 47.0144728 ], [ 5.7430984, 47.0142087 ], [ 5.7447054, 47.0154272 ], [ 5.7464139, 47.0163623 ], [ 5.7467054, 47.0161112 ], [ 5.7470413, 47.0161365 ], [ 5.7495148, 47.0172443 ], [ 5.7500611, 47.0190204 ], [ 5.7486659, 47.019068 ], [ 5.7486443, 47.0184379 ], [ 5.7479041, 47.0183114 ], [ 5.7441037, 47.0223252 ], [ 5.7438455, 47.0224556 ], [ 5.743089, 47.0225268 ], [ 5.7429507, 47.0226039 ], [ 5.7434965, 47.0232864 ], [ 5.743542, 47.0234817 ], [ 5.7427955, 47.0275354 ], [ 5.74278, 47.0275934 ], [ 5.741852, 47.0276605 ], [ 5.7408497, 47.0311428 ], [ 5.7422062, 47.0310015 ], [ 5.7433696, 47.031027 ], [ 5.7469617, 47.0307254 ], [ 5.7478139, 47.0307979 ], [ 5.748291, 47.0309803 ], [ 5.748542, 47.031304 ], [ 5.7486311, 47.0317604 ], [ 5.7491955, 47.0321326 ], [ 5.7494959, 47.0326479 ], [ 5.7507757, 47.0332516 ], [ 5.7508051, 47.033414 ], [ 5.7506811, 47.0335665 ], [ 5.7501416, 47.0335803 ], [ 5.7499717, 47.0336852 ], [ 5.7497557, 47.0339723 ], [ 5.7494337, 47.034815099999989 ], [ 5.7498573, 47.0353978 ], [ 5.7502321, 47.0361573 ], [ 5.7509532, 47.0368879 ], [ 5.7513033, 47.0375768 ], [ 5.752104, 47.0381361 ], [ 5.7524423, 47.0388019 ], [ 5.7528879, 47.0391921 ], [ 5.7531372, 47.0397645 ], [ 5.7516061, 47.0404929 ], [ 5.7504088, 47.0412277 ], [ 5.7485302, 47.0421706 ], [ 5.7483986, 47.0421747 ], [ 5.7482212, 47.0424951 ], [ 5.7473214, 47.0428372 ], [ 5.7440067, 47.0447502 ], [ 5.7414123, 47.0460325 ], [ 5.736764, 47.0496967 ], [ 5.7366273, 47.0552907 ], [ 5.7376014, 47.0552388 ], [ 5.7401594, 47.054734 ], [ 5.740703, 47.0550553 ], [ 5.7418455, 47.0555417 ], [ 5.7436473, 47.0559016 ], [ 5.744486, 47.0565033 ], [ 5.7455232, 47.0574056 ], [ 5.7481681, 47.0558644 ], [ 5.750192, 47.054555 ], [ 5.75511, 47.0510198 ], [ 5.7608505, 47.0464928 ], [ 5.7636965, 47.0446491 ], [ 5.7642408, 47.045627 ], [ 5.76548, 47.0469442 ], [ 5.7664949, 47.0477685 ], [ 5.7674744, 47.0483126 ], [ 5.7715001, 47.0501439 ], [ 5.7766289, 47.0521972 ], [ 5.7785834, 47.0527556 ], [ 5.7834584, 47.054885899999988 ], [ 5.784716, 47.0549132 ], [ 5.7846681, 47.0551847 ], [ 5.7839532, 47.0563766 ], [ 5.7831572, 47.0573012 ], [ 5.7822051, 47.0589052 ], [ 5.780792, 47.0615139 ], [ 5.7799376, 47.0636101 ], [ 5.7799066, 47.0647226 ], [ 5.7794463, 47.0667651 ], [ 5.7794823, 47.0676174 ], [ 5.7787354, 47.070701 ], [ 5.7786523, 47.0714427 ], [ 5.7786159, 47.0723237 ], [ 5.7788078, 47.0744352 ], [ 5.7757239, 47.0792326 ], [ 5.7748296, 47.0799739 ], [ 5.7740111, 47.0805215 ], [ 5.7725074, 47.082798 ], [ 5.7718217, 47.083673 ], [ 5.7725637, 47.0839696 ], [ 5.7696969, 47.087804 ], [ 5.7687407, 47.089962 ], [ 5.769047, 47.0908149 ], [ 5.7699341, 47.0915982 ], [ 5.7703, 47.0921731 ], [ 5.770886, 47.0944896 ], [ 5.7718033, 47.094628 ], [ 5.7729214, 47.0950021 ], [ 5.7772728, 47.096938 ], [ 5.7794361, 47.0979824 ], [ 5.785459, 47.0951862 ], [ 5.7857188, 47.095133 ], [ 5.787664, 47.0958627 ], [ 5.7901641, 47.0995617 ], [ 5.790178, 47.1014874 ], [ 5.7904192, 47.1021447 ], [ 5.7900578, 47.1023507 ], [ 5.7878599, 47.1057973 ], [ 5.7872713, 47.1064331 ], [ 5.7156984, 47.0904449 ], [ 5.6627501, 47.0784825 ], [ 5.5839751, 47.0608344 ], [ 5.5890548, 47.051537 ], [ 5.589199, 47.0511356 ], [ 5.5897416, 47.0508261 ], [ 5.5898495, 47.0500535 ], [ 5.5899995, 47.0498556 ], [ 5.5902024, 47.0497718 ], [ 5.5904243, 47.0493704 ], [ 5.5916723, 47.0469274 ], [ 5.5922911, 47.0454884 ], [ 5.6040887, 47.0233484 ], [ 5.6040349, 47.0232162 ], [ 5.6037969, 47.0231441 ], [ 5.6027486, 47.0231759 ], [ 5.6016452, 47.023432299999989 ], [ 5.60101, 47.0238105 ], [ 5.5965045, 47.0244335 ], [ 5.5959796, 47.0244481 ], [ 5.5946103, 47.023587 ], [ 5.5931208, 47.0229089 ], [ 5.5916815, 47.0219593 ], [ 5.5911228, 47.0214349 ], [ 5.590038, 47.0209251 ], [ 5.590224, 47.0207399 ], [ 5.5911825, 47.0202625 ], [ 5.5914923, 47.0199385 ], [ 5.5915425, 47.0196671 ], [ 5.5900551, 47.0185367 ], [ 5.5893033, 47.0178022 ], [ 5.588793, 47.0170759 ], [ 5.5866117, 47.012319 ], [ 5.5861903, 47.0117149 ], [ 5.5861813, 47.0115809 ], [ 5.586976, 47.0116478 ], [ 5.5871677, 47.0115525 ], [ 5.5870171, 47.0112415 ], [ 5.5864417, 47.0104473 ], [ 5.5855635, 47.010067 ], [ 5.5851634, 47.0099886 ], [ 5.5850375, 47.0100824 ], [ 5.58471, 47.0100915 ], [ 5.5833294, 47.0079352 ], [ 5.5840038, 47.0074706 ], [ 5.5822972, 47.0061801 ], [ 5.5810718, 47.005504 ], [ 5.5806647, 47.0045357 ], [ 5.5810727, 47.0036762 ], [ 5.5813151, 47.0034312 ], [ 5.5820259, 47.0030396 ], [ 5.5823293, 47.002968 ], [ 5.5842314, 47.0028443 ], [ 5.5851535, 47.0021093 ], [ 5.585395, 47.0017355 ], [ 5.5858199, 47.0015061 ], [ 5.5866834, 47.0013904 ], [ 5.5870403, 47.0015283 ], [ 5.5877141, 47.0012736 ], [ 5.5872456, 47.0008391 ], [ 5.5868884, 47.0002823 ], [ 5.5910359, 46.9992344 ], [ 5.589694, 46.9967602 ], [ 5.5894725, 46.99604 ], [ 5.5901123, 46.9957617 ], [ 5.5885035, 46.992799 ], [ 5.5880884, 46.9930929 ], [ 5.5872578, 46.9934259 ], [ 5.5866347, 46.9941318 ], [ 5.5862045, 46.9943864 ], [ 5.584958, 46.9945864 ], [ 5.583984, 46.9949505 ], [ 5.5836605, 46.9949857 ], [ 5.5828604, 46.9954883 ], [ 5.5822852, 46.9956291 ], [ 5.5821189, 46.9958967 ], [ 5.5821467, 46.996424 ], [ 5.5819593, 46.9966894 ], [ 5.5817369, 46.9967187 ], [ 5.5809168, 46.9964191 ], [ 5.5805831, 46.9964076 ], [ 5.5803476, 46.9964949 ], [ 5.580162, 46.9969918 ], [ 5.5796533, 46.9976418 ], [ 5.5789313, 46.99813 ], [ 5.5789598, 46.9983411 ], [ 5.5791976, 46.99866 ], [ 5.5791945, 46.9988439 ], [ 5.5785283, 46.9992858 ], [ 5.5783319, 46.9993082 ], [ 5.5778926, 46.9992081 ], [ 5.5769186, 46.9988578 ], [ 5.5760917, 46.9989402 ], [ 5.5753843, 46.9979939 ], [ 5.5751042, 46.9973948 ], [ 5.5749373, 46.9972616 ], [ 5.574443, 46.9971394 ], [ 5.5740863, 46.9971978 ], [ 5.5737799, 46.9975379 ], [ 5.5732076, 46.9979623 ], [ 5.5725552, 46.9981417 ], [ 5.5718623, 46.9984941 ], [ 5.5716624, 46.9984157 ], [ 5.5706798, 46.9976349 ], [ 5.5703494, 46.9976081 ], [ 5.5699, 46.9977919 ], [ 5.5695613, 46.998367 ], [ 5.5695249, 46.9985984 ], [ 5.569691, 46.9992667 ], [ 5.5693523, 46.9996472 ], [ 5.5694256, 46.9998329 ], [ 5.5711391, 47.0026621 ], [ 5.5728002, 47.0026476 ], [ 5.5729036, 47.0031317 ], [ 5.572707, 47.0036225 ], [ 5.5723603, 47.0038068 ], [ 5.5713793, 47.0040296 ], [ 5.5733886, 47.0044397 ], [ 5.5727606, 47.0047735 ], [ 5.5708976, 47.0062464 ], [ 5.5691835, 47.0063674 ], [ 5.5675497, 47.0067371 ], [ 5.5660101, 47.007399199999988 ], [ 5.5646302, 47.0082631 ], [ 5.562425, 47.0090256 ], [ 5.5617101, 47.0091396 ], [ 5.5601229, 47.0091893 ], [ 5.5585366, 47.0090362 ], [ 5.5572995, 47.0086925 ], [ 5.5561587, 47.0082673 ], [ 5.5550062, 47.0077055 ], [ 5.5532729, 47.0066143 ], [ 5.5525154, 47.0063014 ], [ 5.5499693, 47.0058145 ], [ 5.5492203, 47.0057652 ], [ 5.5484707, 47.005871 ], [ 5.5470754, 47.0064693 ], [ 5.5457901, 47.0071661 ], [ 5.545112, 47.007699 ], [ 5.5447288, 47.0081182 ], [ 5.5444208, 47.0086258 ], [ 5.5442718, 47.0092921 ], [ 5.5443441, 47.0099589 ], [ 5.5446713, 47.0110056 ], [ 5.5446418, 47.0114135 ], [ 5.5444095, 47.0118501 ], [ 5.5439007, 47.0122054 ], [ 5.543119, 47.0124406 ], [ 5.5421041, 47.0123954 ], [ 5.5406406, 47.0118286 ], [ 5.5388807, 47.0107008 ], [ 5.537234, 47.010437 ], [ 5.5356544, 47.0104826 ], [ 5.5349007, 47.0106703 ], [ 5.5336056, 47.0108266 ], [ 5.5324876, 47.0111106 ], [ 5.5302733, 47.0119141 ], [ 5.5295059, 47.0125137 ], [ 5.529092, 47.013265 ], [ 5.5289196, 47.0140264 ], [ 5.5289534, 47.0155354 ], [ 5.5286032, 47.0159601 ], [ 5.5279758, 47.016203499999989 ], [ 5.5252708, 47.0165762 ], [ 5.5241578, 47.0169141 ], [ 5.5232584, 47.0174805 ], [ 5.5222046, 47.0183521 ], [ 5.5214269, 47.0186501 ], [ 5.5206189, 47.0186669 ], [ 5.519475, 47.0180604 ], [ 5.5190613, 47.0174659 ], [ 5.5188037, 47.0163482 ], [ 5.5179915, 47.0161588 ], [ 5.5127798, 47.0166966 ], [ 5.5081896, 47.0177711 ], [ 5.5075083, 47.0175652 ], [ 5.5023623, 47.0174526 ], [ 5.500154, 47.017178 ], [ 5.4988292, 47.0170977 ], [ 5.4983377, 47.0166084 ], [ 5.4981454, 47.0162667 ], [ 5.4974746, 47.0160308 ], [ 5.4964975, 47.0154916 ], [ 5.4958605, 47.0152469 ], [ 5.4946276, 47.0150159 ], [ 5.4945308, 47.0122652 ], [ 5.4946943, 47.0113284 ], [ 5.4961436, 47.0115709 ], [ 5.4971891, 47.0114528 ], [ 5.4979522, 47.0109814 ], [ 5.4993682, 47.0104472 ], [ 5.5028904, 47.0096377 ], [ 5.5009068, 47.0073566 ], [ 5.5001455, 47.0068696 ], [ 5.4992521, 47.0066574 ], [ 5.5047467, 47.004062 ], [ 5.5049649, 47.0038834 ], [ 5.5056713, 47.0037249 ], [ 5.5128205, 47.003791 ], [ 5.5140627, 47.0036315 ], [ 5.5156131, 47.0032473 ], [ 5.514215, 47.0023491 ], [ 5.5133836, 47.0013475 ], [ 5.5127951, 47.0004433 ], [ 5.5115361, 46.9992222 ], [ 5.5110917, 46.9983293 ], [ 5.509638, 46.9971088 ], [ 5.5077942, 46.9957932 ], [ 5.5060324, 46.9949082 ], [ 5.5030342, 46.9942454 ], [ 5.5023806, 46.9934381 ], [ 5.5021463, 46.9928144 ], [ 5.5007175, 46.9919527 ], [ 5.5010886, 46.9912393 ], [ 5.5012421, 46.9905163 ], [ 5.501703, 46.9894965 ], [ 5.5031753, 46.9893375 ], [ 5.5034506, 46.9895405 ], [ 5.504629, 46.9884926 ], [ 5.5049771, 46.9876824 ], [ 5.5056764, 46.9868385 ], [ 5.5062819, 46.9855876 ], [ 5.5063318, 46.985047 ], [ 5.5059773, 46.9844133 ], [ 5.505051, 46.9834561 ], [ 5.5040517, 46.9828562 ], [ 5.5032314, 46.9825083 ], [ 5.5027421, 46.9821766 ], [ 5.5024253, 46.981815 ], [ 5.5022172, 46.9812728 ], [ 5.5022536, 46.9809495 ], [ 5.5027456, 46.9804614 ], [ 5.5037581, 46.9799575 ], [ 5.5047813, 46.9796002 ], [ 5.5049305, 46.9796087 ], [ 5.5054878, 46.9798191 ], [ 5.505765, 46.9800635 ], [ 5.5061746, 46.9801545 ], [ 5.5066678, 46.9801195 ], [ 5.506715, 46.9802275 ], [ 5.5064986, 46.9803295 ], [ 5.5065421, 46.9804438 ], [ 5.5074771, 46.9807379 ], [ 5.5077845, 46.980697 ], [ 5.5079613, 46.9809616 ], [ 5.5082321, 46.9808413 ], [ 5.5086519, 46.980897 ], [ 5.5088452, 46.9811468 ], [ 5.508961, 46.9816577 ], [ 5.5091976, 46.981876 ], [ 5.5102418, 46.9821686 ], [ 5.5110162, 46.9825751 ], [ 5.5113634, 46.982881 ], [ 5.5117643, 46.9843973 ], [ 5.5133939, 46.9851897 ], [ 5.5153924, 46.9864387 ], [ 5.5162294, 46.9873105 ], [ 5.5195568, 46.9858056 ], [ 5.5219673, 46.9853331 ], [ 5.5222004, 46.9851938 ], [ 5.5360963, 46.9828245 ], [ 5.5413871, 46.9820279 ], [ 5.5407891, 46.9794999 ], [ 5.5460797, 46.9804921 ], [ 5.5360724, 46.964371899999989 ], [ 5.5328683, 46.959822 ], [ 5.5320054, 46.957356499999989 ], [ 5.5366137, 46.9545141 ], [ 5.5410393, 46.9508187 ], [ 5.5506207, 46.9529492 ], [ 5.5514092, 46.9529048 ], [ 5.5542967, 46.9525111 ], [ 5.554098, 46.9495032 ], [ 5.5557106, 46.946801 ], [ 5.5583396, 46.9441204 ], [ 5.558864, 46.9434718 ], [ 5.5589633, 46.9430138 ], [ 5.5580882, 46.9424486 ], [ 5.5579279, 46.941813499999988 ], [ 5.5568158, 46.9406869 ], [ 5.558971, 46.9406751 ], [ 5.5607988, 46.9405273 ], [ 5.5670042, 46.9395587 ], [ 5.5701722, 46.9393547 ], [ 5.5722947, 46.9390164 ], [ 5.57433, 46.9384782 ], [ 5.5755038, 46.9379394 ], [ 5.5802812, 46.9365993 ], [ 5.5843598, 46.9365214 ], [ 5.5850786, 46.9363161 ], [ 5.5854708, 46.936101 ], [ 5.585976, 46.9357474 ], [ 5.5865927, 46.9351129 ], [ 5.5876791, 46.9365163 ], [ 5.5895515, 46.9377444 ], [ 5.5908833, 46.938364 ], [ 5.5920787, 46.9386911 ], [ 5.5931506, 46.9387454 ], [ 5.5954858, 46.9390865 ], [ 5.5964015, 46.9391758 ], [ 5.5978332, 46.9390534 ], [ 5.5989028, 46.9387032 ], [ 5.6002124, 46.9380115 ], [ 5.6010743, 46.9376921 ], [ 5.6019896, 46.9371156 ], [ 5.6031951, 46.9365326 ], [ 5.6039273, 46.9360602 ], [ 5.6048725, 46.9351785 ], [ 5.6062278, 46.9352461 ], [ 5.6065958, 46.9350513 ], [ 5.6072976, 46.9348769 ], [ 5.607352, 46.9346946 ], [ 5.6078495, 46.9342392 ], [ 5.6168017, 46.932338099999988 ], [ 5.6184815, 46.930608199999988 ], [ 5.6211786, 46.930118 ], [ 5.6218221, 46.9297476 ], [ 5.6220763, 46.9298382 ], [ 5.62435, 46.9323304 ], [ 5.6250948, 46.933017 ], [ 5.6261747, 46.9346986 ], [ 5.6268988, 46.9368001 ], [ 5.627177, 46.9389242 ], [ 5.6272535, 46.9390919 ], [ 5.6277767, 46.9395186 ], [ 5.6287014, 46.9408191 ], [ 5.6303654, 46.9420649 ], [ 5.6305858, 46.9417544 ], [ 5.6312923, 46.9422176 ], [ 5.6317792, 46.9427623 ], [ 5.632029, 46.94357 ], [ 5.6323165, 46.9441274 ], [ 5.6325411, 46.9443349 ], [ 5.6332652, 46.9448354 ], [ 5.6379903, 46.9490425 ], [ 5.6394411, 46.9495777 ], [ 5.6402256, 46.950555199999989 ], [ 5.6406572, 46.9513651 ], [ 5.6416212, 46.9522745 ], [ 5.6417632, 46.9526496 ], [ 5.6419752, 46.9528952 ], [ 5.6429497, 46.9535341 ], [ 5.6438175, 46.9543565 ], [ 5.6456078, 46.955640599999988 ], [ 5.6479413, 46.9584769 ], [ 5.649924, 46.9600835 ], [ 5.650053, 46.960004 ], [ 5.6514718, 46.9618362 ], [ 5.6506895, 46.9640748 ], [ 5.6505428, 46.9648664 ], [ 5.6511753, 46.965314 ], [ 5.6507397, 46.9664672 ], [ 5.6514765, 46.9668926 ], [ 5.6517211, 46.9671842 ], [ 5.6513622, 46.9681041 ], [ 5.6503734, 46.9699439 ], [ 5.6504136, 46.972078 ], [ 5.6522651, 46.970277 ], [ 5.6529068, 46.969383 ], [ 5.653811, 46.968473 ], [ 5.6544136, 46.9675601 ], [ 5.6566781, 46.9680899 ], [ 5.6598265, 46.9643049 ], [ 5.6607628, 46.9646391 ], [ 5.6616322, 46.9651109 ], [ 5.6622979, 46.9652685 ], [ 5.662406, 46.9654858 ], [ 5.6630908, 46.9657907 ], [ 5.6637763, 46.9662676 ], [ 5.6642339, 46.9663958 ], [ 5.6645482, 46.9665768 ], [ 5.6652148, 46.9670182 ], [ 5.6658227, 46.9677644 ], [ 5.6668136, 46.9687244 ], [ 5.6688642, 46.9700075 ], [ 5.6692615, 46.9701379 ], [ 5.6698312, 46.9701337 ], [ 5.6701998, 46.9702171 ], [ 5.6712701, 46.9706238 ], [ 5.6718325, 46.9706315 ], [ 5.6721918, 46.9707115 ], [ 5.672832, 46.9710173 ], [ 5.6735099, 46.9712052 ], [ 5.674074, 46.9716741 ], [ 5.6748533, 46.9717047 ], [ 5.6756981, 46.9715418 ], [ 5.6763534, 46.9720987 ], [ 5.6774929, 46.9733668 ], [ 5.6782474, 46.973933 ], [ 5.6791944, 46.9743443 ], [ 5.6803172, 46.9750101 ], [ 5.681596, 46.9750002 ], [ 5.6827049, 46.9751185 ], [ 5.6835683, 46.9750651 ], [ 5.6905227, 46.9729716 ], [ 5.6886342, 46.974139 ], [ 5.6846207, 46.9774658 ], [ 5.6741286, 46.9876406 ], [ 5.6745599, 46.9879765 ], [ 5.6757525, 46.9882939 ], [ 5.6760908, 46.9884518 ], [ 5.6762812, 46.9888933 ], [ 5.6765314, 46.9890001 ], [ 5.677516, 46.988971 ], [ 5.6781685, 46.9891738 ], [ 5.6790122, 46.9895677 ], [ 5.6795457, 46.9896535 ], [ 5.6809878, 46.9896119 ], [ 5.6819494, 46.9897805 ], [ 5.6817492, 46.9906014 ], [ 5.6803151, 46.9903275 ], [ 5.6789565, 46.9944175 ], [ 5.6804515, 46.994616 ], [ 5.6805907, 46.9979757 ], [ 5.6826835, 46.9985433 ], [ 5.6831431, 46.9985704 ], [ 5.6836055, 46.998311 ], [ 5.6837142, 46.9980878 ], [ 5.6833564, 46.9975376 ], [ 5.6833469, 46.9973459 ], [ 5.6838267, 46.9971456 ], [ 5.6841844, 46.9971354 ], [ 5.6852195, 46.9974294 ], [ 5.6856075, 46.997687 ], [ 5.6858059, 46.9981013 ], [ 5.6859832, 46.998198 ], [ 5.6861868, 46.9988762 ], [ 5.6862206, 46.9994762 ], [ 5.6856421, 46.9994411 ], [ 5.6843837, 46.9996622 ], [ 5.6831441, 46.9997577 ], [ 5.6821358, 47.0000289 ], [ 5.681088, 47.0004604 ], [ 5.6812282, 47.0012418 ], [ 5.6827299, 47.0047266 ], [ 5.6834988, 47.0050132 ], [ 5.6836328, 47.0068893 ], [ 5.6856154, 47.0069539 ], [ 5.6860579, 47.0070328 ], [ 5.687694, 47.008046899999989 ], [ 5.6880806, 47.0085631 ], [ 5.6881117, 47.009057 ], [ 5.6879463, 47.0103364 ], [ 5.691088, 47.0105596 ], [ 5.6911381, 47.0108512 ], [ 5.6923028, 47.0107799 ] ] ] ] } },
{ "type": "Feature", "properties": { "code_departement": 39.0, "code_rne": "0391035N", "multisecteur": 0.0 }, "geometry": { "type": "MultiPolygon", "coordinates": [ [ [ [ 5.7944797, 46.4477087 ], [ 5.7941685, 46.4466964 ], [ 5.7935596, 46.445293 ], [ 5.7931217, 46.444455 ], [ 5.7923004, 46.4432794 ], [ 5.7928173, 46.4426838 ], [ 5.7918049, 46.4418238 ], [ 5.7906561, 46.4410247 ], [ 5.789898, 46.4411613 ], [ 5.7871424, 46.4396743 ], [ 5.786816, 46.4393327 ], [ 5.7852453, 46.4383835 ], [ 5.7841067, 46.4374472 ], [ 5.7832905, 46.4372355 ], [ 5.781108, 46.4368607 ], [ 5.7734066, 46.435647 ], [ 5.7727484, 46.4354413 ], [ 5.7724135, 46.435262099999989 ], [ 5.7718838, 46.4347109 ], [ 5.7714474, 46.4345089 ], [ 5.7710567, 46.4344634 ], [ 5.7705199, 46.4342088 ], [ 5.7698982, 46.4336427 ], [ 5.7696832, 46.4333335 ], [ 5.7685062, 46.4322511 ], [ 5.766999, 46.429434099999987 ], [ 5.7663783, 46.4284734 ], [ 5.763099, 46.4260129 ], [ 5.7614147, 46.4245543 ], [ 5.758895, 46.4246855 ], [ 5.7571875, 46.422094 ], [ 5.7598469, 46.4208882 ], [ 5.7609251, 46.4205414 ], [ 5.7609872, 46.4203263 ], [ 5.7602473, 46.4198396 ], [ 5.7595411, 46.4191413 ], [ 5.758052, 46.4182403 ], [ 5.7569075, 46.4172471 ], [ 5.7539664, 46.4150629 ], [ 5.7535093, 46.4146279 ], [ 5.7533315, 46.4138132 ], [ 5.7529323, 46.4134417 ], [ 5.7527951, 46.4131747 ], [ 5.7515209, 46.4123693 ], [ 5.7505987, 46.4112851 ], [ 5.7512518, 46.4105197 ], [ 5.7500364, 46.4105183 ], [ 5.7499403, 46.4101611 ], [ 5.7478019, 46.4084629 ], [ 5.7459731, 46.4068058 ], [ 5.7433047, 46.4036246 ], [ 5.7430679, 46.4023851 ], [ 5.7391014, 46.3967121 ], [ 5.7386271, 46.3964469 ], [ 5.7379039, 46.3962823 ], [ 5.7379147, 46.3960306 ], [ 5.7373311, 46.395507599999988 ], [ 5.7370114, 46.3949738 ], [ 5.7362652, 46.3952341 ], [ 5.7350558, 46.3929268 ], [ 5.734665, 46.3918847 ], [ 5.7353444, 46.3914107 ], [ 5.7372687, 46.3911194 ], [ 5.7384093, 46.3910389 ], [ 5.7387991, 46.390452 ], [ 5.740386, 46.3887831 ], [ 5.7406639, 46.3879628 ], [ 5.7406191, 46.3872529 ], [ 5.7401462, 46.3862606 ], [ 5.7396087, 46.3855905 ], [ 5.7381632, 46.3841052 ], [ 5.7370858, 46.383286 ], [ 5.7366534, 46.3826593 ], [ 5.7358132, 46.3821037 ], [ 5.7345763, 46.3817388 ], [ 5.7334946, 46.3816638 ], [ 5.7322534, 46.3809781 ], [ 5.7314569, 46.38028 ], [ 5.7299972, 46.3796491 ], [ 5.7305658, 46.3794859 ], [ 5.7309945, 46.379181 ], [ 5.7314142, 46.3788007 ], [ 5.7319634, 46.3779135 ], [ 5.7315159, 46.3769818 ], [ 5.731473, 46.3763071 ], [ 5.731262, 46.3760436 ], [ 5.7300882, 46.375323 ], [ 5.730384, 46.3750943 ], [ 5.7304599, 46.3748933 ], [ 5.7299731, 46.3741914 ], [ 5.7300433, 46.3731986 ], [ 5.7323099, 46.3722685 ], [ 5.7326034, 46.37223 ], [ 5.7328565, 46.372241 ], [ 5.7337635, 46.3725211 ], [ 5.7342649, 46.3725524 ], [ 5.7346896, 46.3729233 ], [ 5.7351479, 46.3726402 ], [ 5.7364848, 46.3727955 ], [ 5.73682, 46.3727569 ], [ 5.7375846, 46.3724817 ], [ 5.7394832, 46.3712495 ], [ 5.7400827, 46.3717847 ], [ 5.7405484, 46.371623 ], [ 5.7413015, 46.371195 ], [ 5.7433234, 46.3695966 ], [ 5.7440203, 46.3689077 ], [ 5.7448839, 46.3673921 ], [ 5.7449132, 46.3668094 ], [ 5.7447746, 46.3658892 ], [ 5.7467723, 46.3644877 ], [ 5.747152, 46.3638605 ], [ 5.7471163, 46.3633316 ], [ 5.7467233, 46.3630734 ], [ 5.7470402, 46.3629297 ], [ 5.7465788, 46.362684099999989 ], [ 5.7462773, 46.3623553 ], [ 5.7463131, 46.3619039 ], [ 5.7474236, 46.3613158 ], [ 5.747422, 46.3606365 ], [ 5.7478376, 46.3602823 ], [ 5.7485387, 46.3600158 ], [ 5.7502993, 46.358047 ], [ 5.750798, 46.3577169 ], [ 5.7518684, 46.3573162 ], [ 5.7512015, 46.3565809 ], [ 5.7531452, 46.3560285 ], [ 5.7541266, 46.3560084 ], [ 5.755068, 46.356328 ], [ 5.7567718, 46.357987 ], [ 5.7582555, 46.3604641 ], [ 5.7587486, 46.3610802 ], [ 5.7610322, 46.3632621 ], [ 5.7618318, 46.3635536 ], [ 5.7619779, 46.3638195 ], [ 5.7642063, 46.3661378 ], [ 5.7650718, 46.3664719 ], [ 5.7664607, 46.3668355 ], [ 5.7678357, 46.3669742 ], [ 5.7706899, 46.3668427 ], [ 5.7719034, 46.3664907 ], [ 5.7732233, 46.3657756 ], [ 5.7735459, 46.3657209 ], [ 5.7741538, 46.365926 ], [ 5.7820486, 46.3671185 ], [ 5.7849472, 46.3670405 ], [ 5.7869656, 46.3675706 ], [ 5.7897996, 46.3698971 ], [ 5.7904506, 46.3703092 ], [ 5.7924875, 46.3719595 ], [ 5.7934336, 46.3722851 ], [ 5.7992718, 46.373607 ], [ 5.8001594, 46.373755499999987 ], [ 5.8004846, 46.3733952 ], [ 5.8004214, 46.372262299999988 ], [ 5.8005767, 46.3715089 ], [ 5.8006121, 46.3700672 ], [ 5.8008488, 46.3694794 ], [ 5.801562, 46.3685878 ], [ 5.8019824, 46.3676485 ], [ 5.8023039, 46.3662783 ], [ 5.8022955, 46.3657586 ], [ 5.80281, 46.3657667 ], [ 5.802798, 46.366522 ], [ 5.8029838, 46.3676564 ], [ 5.8029377, 46.3681531 ], [ 5.8026871, 46.3688251 ], [ 5.8022771, 46.3694596 ], [ 5.8020388, 46.3734696 ], [ 5.8029708, 46.3744829 ], [ 5.8032382, 46.3757621 ], [ 5.8033661, 46.3770357 ], [ 5.8008793, 46.3771824 ], [ 5.8003675, 46.3773329 ], [ 5.799818, 46.3780149 ], [ 5.799585, 46.378473 ], [ 5.7996517, 46.379039 ], [ 5.8000505, 46.379504 ], [ 5.8013555, 46.3799955 ], [ 5.801932, 46.3800426 ], [ 5.8033437, 46.3810387 ], [ 5.8050646, 46.381719 ], [ 5.8080829, 46.3831179 ], [ 5.8093025, 46.3837691 ], [ 5.8164803, 46.3889181 ], [ 5.817536, 46.3894164 ], [ 5.8204514, 46.3927422 ], [ 5.8204724, 46.393604 ], [ 5.8206771, 46.3947684 ], [ 5.8218808, 46.3980257 ], [ 5.8231192, 46.4003666 ], [ 5.8234912, 46.4014647 ], [ 5.8252785, 46.4035875 ], [ 5.8264567, 46.4051613 ], [ 5.8291559, 46.4072055 ], [ 5.8304096, 46.4084728 ], [ 5.8325697, 46.4116936 ], [ 5.8332401, 46.4125384 ], [ 5.8356143, 46.4144815 ], [ 5.8367913, 46.4155713 ], [ 5.8381236, 46.4173682 ], [ 5.8398586, 46.4186118 ], [ 5.8349715, 46.4192874 ], [ 5.8282467, 46.4274969 ], [ 5.8249882, 46.4312322 ], [ 5.8299721, 46.4335055 ], [ 5.8275786, 46.4383692 ], [ 5.828662, 46.4391803 ], [ 5.8312975, 46.4404143 ], [ 5.8352803, 46.4432177 ], [ 5.8428606, 46.4490373 ], [ 5.8391088, 46.4576023 ], [ 5.8390239, 46.4584252 ], [ 5.8391535, 46.4596888 ], [ 5.8389577, 46.46031 ], [ 5.8391755, 46.4608371 ], [ 5.8399187, 46.4671232 ], [ 5.8390696, 46.468021 ], [ 5.8430286, 46.4744983 ], [ 5.8425596, 46.4756336 ], [ 5.8424079, 46.4763276 ], [ 5.8424957, 46.4769102 ], [ 5.842933, 46.4776679 ], [ 5.8435865, 46.478369699999988 ], [ 5.8469252, 46.4804626 ], [ 5.8477958, 46.481173399999989 ], [ 5.84615, 46.4813298 ], [ 5.8398177, 46.4814612 ], [ 5.8393467, 46.4815342 ], [ 5.8396304, 46.4824984 ], [ 5.8395509, 46.4830996 ], [ 5.8390917, 46.4844265 ], [ 5.8387235, 46.4849466 ], [ 5.837637, 46.4860764 ], [ 5.8362166, 46.4867803 ], [ 5.8352211, 46.4876555 ], [ 5.8344719, 46.4885247 ], [ 5.8314525, 46.4855982 ], [ 5.830802, 46.484425 ], [ 5.8299368, 46.4834634 ], [ 5.8290241, 46.482138 ], [ 5.8283421, 46.4806826 ], [ 5.8267013, 46.4786455 ], [ 5.8263523, 46.478077399999989 ], [ 5.825802, 46.4767972 ], [ 5.8245001, 46.4745245 ], [ 5.8209529, 46.4696619 ], [ 5.8196879, 46.4681479 ], [ 5.8192101, 46.4663216 ], [ 5.8174667, 46.4614261 ], [ 5.8171622, 46.4575997 ], [ 5.8164686, 46.4540649 ], [ 5.8157978, 46.4524849 ], [ 5.8147617, 46.4515814 ], [ 5.8138088, 46.4510274 ], [ 5.8127739, 46.4520152 ], [ 5.812166, 46.4514526 ], [ 5.8108495, 46.4497334 ], [ 5.8099799, 46.4483645 ], [ 5.8098056, 46.4479165 ], [ 5.8098869, 46.4475973 ], [ 5.8085406, 46.4475511 ], [ 5.7992198, 46.4481999 ], [ 5.7946213, 46.4486144 ], [ 5.7944797, 46.4477087 ] ] ] ] } },
{ "type": "Feature", "properties": { "code_departement": 39.0, "code_rne": "0700027Z", "multisecteur": 0.0 }, "geometry": { "type": "MultiPolygon", "coordinates": [ [ [ [ 5.4880049, 47.2801736 ], [ 5.4876519, 47.2753219 ], [ 5.4879319, 47.2735956 ], [ 5.4885009, 47.27111 ], [ 5.4880372, 47.2668101 ], [ 5.4872503, 47.2653337 ], [ 5.4866445, 47.2644514 ], [ 5.4850858, 47.2631932 ], [ 5.4836972, 47.2610612 ], [ 5.4816484, 47.2586957 ], [ 5.4800559, 47.2563538 ], [ 5.4797071, 47.2560478 ], [ 5.4784717, 47.2563967 ], [ 5.4779962, 47.2561843 ], [ 5.4783783, 47.2559492 ], [ 5.4786846, 47.2555355 ], [ 5.4797328, 47.2553717 ], [ 5.4801052, 47.2549566 ], [ 5.4813861, 47.2542465 ], [ 5.4815658, 47.2539265 ], [ 5.4822157, 47.253392 ], [ 5.4829329, 47.252965 ], [ 5.4834615, 47.2524682 ], [ 5.4845335, 47.252248 ], [ 5.4858453, 47.2510381 ], [ 5.4863548, 47.2503841 ], [ 5.4862978, 47.2496954 ], [ 5.4864746, 47.2489143 ], [ 5.4863331, 47.2485417 ], [ 5.4849659, 47.2476667 ], [ 5.4844292, 47.2471892 ], [ 5.4838751, 47.2469623 ], [ 5.4835843, 47.2463939 ], [ 5.4831389, 47.2459711 ], [ 5.4844938, 47.2442064 ], [ 5.4863167, 47.2433837 ], [ 5.4840811, 47.2408584 ], [ 5.484362, 47.2404975 ], [ 5.4833681, 47.2397387 ], [ 5.4827753, 47.2394452 ], [ 5.4845703, 47.2380791 ], [ 5.4841786, 47.2376434 ], [ 5.4835542, 47.2374407 ], [ 5.4825548, 47.2374765 ], [ 5.4802077, 47.2370818 ], [ 5.4775723, 47.2339028 ], [ 5.4764368, 47.2318744 ], [ 5.4763415, 47.2315008 ], [ 5.4739215, 47.2309787 ], [ 5.4741319, 47.2303789 ], [ 5.4742172, 47.2289864 ], [ 5.4756187, 47.2269452 ], [ 5.4760249, 47.2259169 ], [ 5.4768997, 47.2249578 ], [ 5.4773748, 47.224137 ], [ 5.4784949, 47.2231935 ], [ 5.4792453, 47.2211751 ], [ 5.4804316, 47.2188331 ], [ 5.4805448, 47.2182776 ], [ 5.4800691, 47.2173655 ], [ 5.4787466, 47.2171821 ], [ 5.4772055, 47.2168449 ], [ 5.4774907, 47.2168082 ], [ 5.4783898, 47.2164665 ], [ 5.4788372, 47.2164218 ], [ 5.4782944, 47.2158308 ], [ 5.476686, 47.2161282 ], [ 5.4755438, 47.216213 ], [ 5.4744056, 47.2161265 ], [ 5.4735521, 47.2159376 ], [ 5.4731915, 47.2157129 ], [ 5.4730557, 47.2153762 ], [ 5.4730422, 47.2149099 ], [ 5.4733254, 47.214168 ], [ 5.4739452, 47.213331499999988 ], [ 5.475348, 47.2121883 ], [ 5.4760897, 47.210582699999989 ], [ 5.4771021, 47.2095765 ], [ 5.478051, 47.2090572 ], [ 5.4785012, 47.2085009 ], [ 5.4780532, 47.2070675 ], [ 5.478252, 47.206621 ], [ 5.4787496, 47.2059736 ], [ 5.4813631, 47.205497 ], [ 5.4838404, 47.204935 ], [ 5.4850877, 47.2048109 ], [ 5.4879448, 47.2047451 ], [ 5.4889081, 47.2057413 ], [ 5.4901057, 47.2063722 ], [ 5.4902845, 47.2066944 ], [ 5.493415, 47.2091878 ], [ 5.4940068, 47.2099497 ], [ 5.4940143, 47.2105972 ], [ 5.4930089, 47.2114358 ], [ 5.4938785, 47.211944 ], [ 5.4944434, 47.2112977 ], [ 5.4947398, 47.2114201 ], [ 5.4952434, 47.2114471 ], [ 5.496257, 47.2105011 ], [ 5.4968824, 47.2108182 ], [ 5.4971267, 47.2115822 ], [ 5.4976976, 47.2117212 ], [ 5.4983288, 47.2116499 ], [ 5.4998691, 47.2132497 ], [ 5.5018586, 47.21237 ], [ 5.5020928, 47.2126594 ], [ 5.5023403, 47.2126091 ], [ 5.5033228, 47.2138092 ], [ 5.5035834, 47.2137568 ], [ 5.5074278, 47.2120037 ], [ 5.5078071, 47.2114928 ], [ 5.5080468, 47.2105932 ], [ 5.5085105, 47.2097951 ], [ 5.5097883, 47.2086244 ], [ 5.5100514, 47.2082304 ], [ 5.5101322, 47.2077522 ], [ 5.5109706, 47.2066 ], [ 5.5118473, 47.205901 ], [ 5.5120975, 47.2058523 ], [ 5.5128655, 47.2050889 ], [ 5.5133292, 47.204207 ], [ 5.5135148, 47.2036265 ], [ 5.5162703, 47.2049781 ], [ 5.5173215, 47.2050444 ], [ 5.5195605, 47.2061451 ], [ 5.5203206, 47.2066266 ], [ 5.5207784, 47.2071175 ], [ 5.5213268, 47.2073947 ], [ 5.5222861, 47.20739 ], [ 5.5229391, 47.2072209 ], [ 5.5240283, 47.2076439 ], [ 5.5251387, 47.2079575 ], [ 5.5256483, 47.2081977 ], [ 5.5267371, 47.2076272 ], [ 5.5270032, 47.2076646 ], [ 5.5277633, 47.208229 ], [ 5.5289924, 47.2099955 ], [ 5.5297012, 47.211324 ], [ 5.5326245, 47.2098486 ], [ 5.5330975, 47.2095356 ], [ 5.5334531, 47.2091153 ], [ 5.5347927, 47.2067441 ], [ 5.5349531, 47.2066974 ], [ 5.5365339, 47.2080427 ], [ 5.5389689, 47.2067031 ], [ 5.5390919, 47.2065644 ], [ 5.539173, 47.2057069 ], [ 5.5398406, 47.2058229 ], [ 5.540971, 47.2057161 ], [ 5.5413707, 47.2048886 ], [ 5.5416592, 47.2039734 ], [ 5.5407346, 47.2034541 ], [ 5.5426253, 47.2026848 ], [ 5.5432574, 47.202217 ], [ 5.5431781, 47.2019944 ], [ 5.5441304, 47.2013376 ], [ 5.5445623, 47.20083 ], [ 5.5448512, 47.2001472 ], [ 5.5459323, 47.1983616 ], [ 5.5463642, 47.197854 ], [ 5.5464225, 47.1977176 ], [ 5.546021, 47.1976381 ], [ 5.5511937, 47.1920117 ], [ 5.5533975, 47.1903355 ], [ 5.5543205, 47.188374 ], [ 5.5543357, 47.182960199999989 ], [ 5.5545567, 47.1802945 ], [ 5.5555395, 47.181015 ], [ 5.5640221, 47.1883271 ], [ 5.5668096, 47.1895345 ], [ 5.5677824, 47.190039 ], [ 5.5698784, 47.1909032 ], [ 5.5763848, 47.1940752 ], [ 5.5767873, 47.194422 ], [ 5.5816151, 47.1975428 ], [ 5.5842345, 47.1993598 ], [ 5.5868929, 47.2010227 ], [ 5.5934032, 47.2049395 ], [ 5.5957321, 47.2062556 ], [ 5.6001174, 47.2085443 ], [ 5.594599, 47.2130439 ], [ 5.5955066, 47.2130866 ], [ 5.5970391, 47.2133135 ], [ 5.5977127, 47.2135191 ], [ 5.6025409, 47.2157689 ], [ 5.6075974, 47.2174261 ], [ 5.6084017, 47.2176278 ], [ 5.6090532, 47.2177041 ], [ 5.6101032, 47.2173543 ], [ 5.6127441, 47.2168805 ], [ 5.6140165, 47.2165122 ], [ 5.614583, 47.2164444 ], [ 5.6152097, 47.2165798 ], [ 5.6155585, 47.2165224 ], [ 5.6197003, 47.214239 ], [ 5.6208986, 47.2137625 ], [ 5.6233264, 47.2133418 ], [ 5.6244812, 47.2133012 ], [ 5.6249409, 47.2136196 ], [ 5.6262148, 47.2142059 ], [ 5.6274828, 47.214914 ], [ 5.62799, 47.2145521 ], [ 5.6263928, 47.2134921 ], [ 5.6272974, 47.2127158 ], [ 5.6289554, 47.2131529 ], [ 5.6296608, 47.2130613 ], [ 5.6315352, 47.2122738 ], [ 5.6321132, 47.2127407 ], [ 5.6325387, 47.2125743 ], [ 5.6304532, 47.2107472 ], [ 5.6330806, 47.208359 ], [ 5.6359862, 47.206395 ], [ 5.63556, 47.2058705 ], [ 5.6361403, 47.2056285 ], [ 5.6385188, 47.2088469 ], [ 5.6390843, 47.2094609 ], [ 5.6396999, 47.2098027 ], [ 5.6396961, 47.2100496 ], [ 5.6405353, 47.211015 ], [ 5.64097, 47.2108475 ], [ 5.6414164, 47.2111085 ], [ 5.6423275, 47.2119227 ], [ 5.6438821, 47.2117602 ], [ 5.6451808, 47.2118801 ], [ 5.6460463, 47.2120072 ], [ 5.6471644, 47.2124041 ], [ 5.6514201, 47.2134282 ], [ 5.6522018, 47.2135707 ], [ 5.6536072, 47.2135457 ], [ 5.6536707, 47.2138415 ], [ 5.6541383, 47.214156 ], [ 5.6547031, 47.2139737 ], [ 5.6559019, 47.2143714 ], [ 5.6562498, 47.2145093 ], [ 5.6572836, 47.2152855 ], [ 5.6578959, 47.2155831 ], [ 5.6585869, 47.2160816 ], [ 5.6595808, 47.2173064 ], [ 5.6596184, 47.2175325 ], [ 5.6599915, 47.2180455 ], [ 5.6599758, 47.21829 ], [ 5.6596742, 47.2184996 ], [ 5.6604144, 47.2189762 ], [ 5.6610833, 47.2197238 ], [ 5.6610543, 47.2199659 ], [ 5.6620004, 47.2199531 ], [ 5.6621486, 47.2201164 ], [ 5.6620334, 47.2206469 ], [ 5.6617806, 47.2208554 ], [ 5.6611446, 47.2211483 ], [ 5.6613447, 47.2215581 ], [ 5.6613502, 47.2219903 ], [ 5.6615119, 47.2222118 ], [ 5.6613821, 47.2226093 ], [ 5.661451, 47.2227978 ], [ 5.6618824, 47.2229915 ], [ 5.6619292, 47.2236173 ], [ 5.6624639, 47.2240014 ], [ 5.6635234, 47.2245698 ], [ 5.6656838, 47.2249921 ], [ 5.6673757, 47.2251675 ], [ 5.6687154, 47.2251178 ], [ 5.6716238, 47.2248652 ], [ 5.6724727, 47.224706 ], [ 5.6734014, 47.2247692 ], [ 5.6765875, 47.2256604 ], [ 5.6754364, 47.227294 ], [ 5.6755036, 47.2274753 ], [ 5.6753962, 47.2281327 ], [ 5.6749835, 47.2289547 ], [ 5.6745374, 47.2309125 ], [ 5.6746048, 47.2312046 ], [ 5.6763573, 47.2320064 ], [ 5.6765023, 47.2315986 ], [ 5.6769465, 47.2309857 ], [ 5.6817366, 47.2323162 ], [ 5.6836373, 47.2331162 ], [ 5.6842432, 47.2332787 ], [ 5.6844821, 47.2332164 ], [ 5.6850689, 47.2327597 ], [ 5.6852161, 47.2324221 ], [ 5.6861082, 47.2315646 ], [ 5.6865762, 47.23127 ], [ 5.6871667, 47.2305167 ], [ 5.6873819, 47.230509 ], [ 5.687554, 47.2303024 ], [ 5.6880435, 47.2299883 ], [ 5.6906618, 47.2300131 ], [ 5.6920428, 47.2301261 ], [ 5.6928593, 47.2305071 ], [ 5.6938995, 47.2312873 ], [ 5.6946934, 47.2316652 ], [ 5.6952254, 47.2316735 ], [ 5.6955663, 47.2315089 ], [ 5.696567, 47.2316594 ], [ 5.6993887, 47.2323882 ], [ 5.7013475, 47.2330506 ], [ 5.7027027, 47.2335964 ], [ 5.7034407, 47.2336234 ], [ 5.7053063, 47.2334555 ], [ 5.7073846, 47.2334151 ], [ 5.7069912, 47.234507 ], [ 5.7071314, 47.234638 ], [ 5.7075298, 47.234671 ], [ 5.7085215, 47.2338785 ], [ 5.7102982, 47.234545 ], [ 5.7138556, 47.2360607 ], [ 5.7143091, 47.2363203 ], [ 5.7155901, 47.2375127 ], [ 5.7159859, 47.2380952 ], [ 5.7167898, 47.2381953 ], [ 5.7176611, 47.238110899999988 ], [ 5.718298, 47.2379663 ], [ 5.7190381, 47.2391073 ], [ 5.7193797, 47.2403937 ], [ 5.7189966, 47.2412927 ], [ 5.718002, 47.2422367 ], [ 5.7174822, 47.2432577 ], [ 5.7171509, 47.2436907 ], [ 5.7166802, 47.2439566 ], [ 5.7160221, 47.2439423 ], [ 5.715519, 47.2441955 ], [ 5.7151259, 47.2442687 ], [ 5.7151419, 47.2445079 ], [ 5.7138662, 47.2448107 ], [ 5.7135513, 47.245255 ], [ 5.7134395, 47.245608 ], [ 5.7124308, 47.246355 ], [ 5.7123577, 47.2467674 ], [ 5.7126715, 47.247324 ], [ 5.712447, 47.2481706 ], [ 5.7127623, 47.2489127 ], [ 5.7125542, 47.249246299999989 ], [ 5.7119107, 47.2491551 ], [ 5.7118247, 47.249312 ], [ 5.7114837, 47.2493182 ], [ 5.711254, 47.2496956 ], [ 5.7106561, 47.2495655 ], [ 5.7104236, 47.2499916 ], [ 5.7101667, 47.2500399 ], [ 5.708967, 47.2507517 ], [ 5.7086867, 47.2515419 ], [ 5.7091321, 47.2516126 ], [ 5.7086023, 47.2525969 ], [ 5.7085648, 47.253876 ], [ 5.7083611, 47.2544014 ], [ 5.7079645, 47.2541963 ], [ 5.706253, 47.2561774 ], [ 5.7059598, 47.2560834 ], [ 5.7036106, 47.2596963 ], [ 5.7016662, 47.2603415 ], [ 5.7015903, 47.2610954 ], [ 5.7016642, 47.2615639 ], [ 5.701368, 47.2627004 ], [ 5.7011388, 47.2644055 ], [ 5.7009594, 47.264443899999989 ], [ 5.7002944, 47.2642973 ], [ 5.7003364, 47.264027 ], [ 5.7002282, 47.2639268 ], [ 5.6996554, 47.2638528 ], [ 5.6992146, 47.2640594 ], [ 5.6987709, 47.2645778 ], [ 5.6987027, 47.2649063 ], [ 5.6974145, 47.2653687 ], [ 5.6967805, 47.2657356 ], [ 5.6966242, 47.2659167 ], [ 5.6965424, 47.2662375 ], [ 5.696855, 47.2666122 ], [ 5.6980289, 47.2676162 ], [ 5.6988928, 47.2681906 ], [ 5.699021, 47.2684507 ], [ 5.6989, 47.2687039 ], [ 5.6979285, 47.269385 ], [ 5.6973389, 47.2694501 ], [ 5.6969724, 47.2692946 ], [ 5.6961684, 47.2686999 ], [ 5.695239, 47.2682432 ], [ 5.6944895, 47.2680228 ], [ 5.6939533, 47.2680443 ], [ 5.6936763, 47.2681678 ], [ 5.6935342, 47.2683693 ], [ 5.6939377, 47.2691328 ], [ 5.6940085, 47.2693834 ], [ 5.6939445, 47.2696893 ], [ 5.693763, 47.269898 ], [ 5.6930582, 47.2702531 ], [ 5.6927578, 47.2705168 ], [ 5.6924055, 47.2710384 ], [ 5.6921208, 47.271934 ], [ 5.6919182, 47.2721684 ], [ 5.6917215, 47.2722577 ], [ 5.6914205, 47.2723268 ], [ 5.6909263, 47.2723158 ], [ 5.6903707, 47.2720035 ], [ 5.6900378, 47.2715401 ], [ 5.6898745, 47.2706314 ], [ 5.6897072, 47.2704353 ], [ 5.6894298, 47.2703129 ], [ 5.6889564, 47.2702401 ], [ 5.6884022, 47.2702737 ], [ 5.6873519, 47.2707854 ], [ 5.6859289, 47.2708328 ], [ 5.6851404, 47.2709708 ], [ 5.684446, 47.2711643 ], [ 5.6842024, 47.2713204 ], [ 5.683658, 47.2722113 ], [ 5.683461, 47.2727977 ], [ 5.6835163, 47.2740386 ], [ 5.683238, 47.2744017 ], [ 5.6828194, 47.2746853 ], [ 5.6822535, 47.274856 ], [ 5.6816568, 47.2749139 ], [ 5.6810105, 47.2747451 ], [ 5.6803731, 47.2743581 ], [ 5.6799365, 47.274203299999989 ], [ 5.679125, 47.2741996 ], [ 5.6782324, 47.2744787 ], [ 5.6774843, 47.2752166 ], [ 5.6770783, 47.275489 ], [ 5.6760888, 47.275737 ], [ 5.6757636, 47.2757184 ], [ 5.6753546, 47.2755864 ], [ 5.6740634, 47.274719 ], [ 5.6729676, 47.2744011 ], [ 5.6713606, 47.2743967 ], [ 5.6705069, 47.2746623 ], [ 5.6699731, 47.274707 ], [ 5.6691279, 47.2745571 ], [ 5.6688649, 47.2744046 ], [ 5.6685147, 47.2739353 ], [ 5.6683274, 47.2733631 ], [ 5.668203, 47.2725895 ], [ 5.6683248, 47.2722444 ], [ 5.6685877, 47.2721285 ], [ 5.6701307, 47.2722046 ], [ 5.6714853, 47.272059 ], [ 5.6721299, 47.2718478 ], [ 5.672329, 47.2716216 ], [ 5.6723718, 47.271418 ], [ 5.6722027, 47.2712363 ], [ 5.6712163, 47.2708015 ], [ 5.6701198, 47.2696954 ], [ 5.6697011, 47.2694717 ], [ 5.6693068, 47.2692871 ], [ 5.6685326, 47.2692599 ], [ 5.6676978, 47.2691052 ], [ 5.6669075, 47.268701 ], [ 5.6664997, 47.2681627 ], [ 5.6661279, 47.2669633 ], [ 5.6653608, 47.2661198 ], [ 5.6647638, 47.2659011 ], [ 5.6633676, 47.265926 ], [ 5.6629368, 47.2658305 ], [ 5.6621155, 47.2651459 ], [ 5.6614957, 47.2647872 ], [ 5.6598528, 47.2642394 ], [ 5.6591345, 47.2648053 ], [ 5.6587021, 47.2655872 ], [ 5.6577588, 47.2659916 ], [ 5.6574091, 47.2660645 ], [ 5.6567065, 47.2660392 ], [ 5.6562006, 47.2658436 ], [ 5.6552592, 47.2650824 ], [ 5.6549822, 47.2649662 ], [ 5.6543305, 47.2648199 ], [ 5.653192, 47.264782 ], [ 5.6523113, 47.2645265 ], [ 5.6518977, 47.264136 ], [ 5.6515275, 47.263445499999989 ], [ 5.6515227, 47.2621413 ], [ 5.6520884, 47.2621815 ], [ 5.6527378, 47.2621225 ], [ 5.6534159, 47.2621881 ], [ 5.6540512, 47.2620051 ], [ 5.6544276, 47.2612399 ], [ 5.6538877, 47.2607027 ], [ 5.6531924, 47.2603701 ], [ 5.6520839, 47.2601882 ], [ 5.6516076, 47.2603225 ], [ 5.6514854, 47.260528 ], [ 5.6516893, 47.2611998 ], [ 5.6515019, 47.261505899999989 ], [ 5.6512497, 47.2615684 ], [ 5.6508813, 47.2614498 ], [ 5.6496784, 47.2615557 ], [ 5.6491812, 47.2615076 ], [ 5.6479543, 47.2608834 ], [ 5.6471695, 47.2593755 ], [ 5.6464336, 47.2586726 ], [ 5.6440793, 47.2576129 ], [ 5.6440445, 47.2571489 ], [ 5.6434103, 47.2569508 ], [ 5.6421101, 47.25615 ], [ 5.6415454, 47.255939399999988 ], [ 5.6404354, 47.2557512 ], [ 5.6397023, 47.2557499 ], [ 5.6385302, 47.2559667 ], [ 5.6381422, 47.2561223 ], [ 5.6375934, 47.2561537 ], [ 5.6356086, 47.2558521 ], [ 5.6339815, 47.2554243 ], [ 5.6331731, 47.2553688 ], [ 5.6322963, 47.255458 ], [ 5.6303647, 47.2561342 ], [ 5.630011, 47.2561791 ], [ 5.6291032, 47.2561196 ], [ 5.6274495, 47.2557706 ], [ 5.626455, 47.2553725 ], [ 5.6257825, 47.25485 ], [ 5.6245721, 47.2529282 ], [ 5.6240487, 47.252831 ], [ 5.6234836, 47.2528258 ], [ 5.62248, 47.253053 ], [ 5.6221487, 47.2533397 ], [ 5.6221191, 47.2535737 ], [ 5.6224557, 47.2539111 ], [ 5.6225774, 47.2544794 ], [ 5.6224171, 47.2549091 ], [ 5.6218724, 47.2554042 ], [ 5.6211739, 47.255839699999989 ], [ 5.6205671, 47.255985 ], [ 5.6198628, 47.2559766 ], [ 5.6183966, 47.255753 ], [ 5.6179751, 47.2557904 ], [ 5.6175908, 47.2559405 ], [ 5.6171842, 47.2562028 ], [ 5.6169669, 47.2564689 ], [ 5.616711, 47.2575169 ], [ 5.6164551, 47.2578865 ], [ 5.616008, 47.2582416 ], [ 5.6151727, 47.2586667 ], [ 5.6144735, 47.2588995 ], [ 5.6141543, 47.2588932 ], [ 5.613862, 47.2587854 ], [ 5.6137102, 47.2585213 ], [ 5.6136229, 47.2575424 ], [ 5.613206, 47.257268 ], [ 5.6128984, 47.2572272 ], [ 5.6123718, 47.2572805 ], [ 5.6118368, 47.2576241 ], [ 5.6108147, 47.2589162 ], [ 5.6103438, 47.2592745 ], [ 5.6100495, 47.2594244 ], [ 5.6097028, 47.259452 ], [ 5.6093298, 47.259672099999989 ], [ 5.6089354, 47.2597512 ], [ 5.6078478, 47.2598603 ], [ 5.607318, 47.2597948 ], [ 5.6068933, 47.2596035 ], [ 5.6065332, 47.259326 ], [ 5.6064586, 47.2587972 ], [ 5.6061512, 47.2585149 ], [ 5.605446, 47.2583524 ], [ 5.6044869, 47.2584641 ], [ 5.6042519, 47.2585279 ], [ 5.6039772, 47.2588124 ], [ 5.6022782, 47.2615681 ], [ 5.6019642, 47.2618877 ], [ 5.6016767, 47.2619608 ], [ 5.6013723, 47.2618496 ], [ 5.6014017, 47.2615004 ], [ 5.6016176, 47.2612055 ], [ 5.6002654, 47.2604134 ], [ 5.5997924, 47.2594693 ], [ 5.6002443, 47.2593754 ], [ 5.5997558, 47.2591512 ], [ 5.5986043, 47.25876 ], [ 5.5969461, 47.2584224 ], [ 5.5953715, 47.2590774 ], [ 5.5940183, 47.2591924 ], [ 5.5934272, 47.2590344 ], [ 5.5932455, 47.258862 ], [ 5.592474, 47.2586946 ], [ 5.5917368, 47.2589903 ], [ 5.5913802, 47.2590027 ], [ 5.5909365, 47.2591586 ], [ 5.5900913, 47.2588613 ], [ 5.5886636, 47.2579249 ], [ 5.5882066, 47.2574199 ], [ 5.5866688, 47.2565318 ], [ 5.5869801, 47.2562925 ], [ 5.5871263, 47.2560586 ], [ 5.5871146, 47.2558157 ], [ 5.5869351, 47.2555765 ], [ 5.5866277, 47.2554852 ], [ 5.5861099, 47.2556111 ], [ 5.5858008, 47.2559513 ], [ 5.58568, 47.2563017 ], [ 5.5853742, 47.2565166 ], [ 5.5850231, 47.2565622 ], [ 5.5846478, 47.2564877 ], [ 5.5841499, 47.2560656 ], [ 5.5840359, 47.2550719 ], [ 5.5835178, 47.2550546 ], [ 5.5831233, 47.2547743 ], [ 5.5824789, 47.2546607 ], [ 5.5815356, 47.2543295 ], [ 5.5814571, 47.2541548 ], [ 5.5816522, 47.2538108 ], [ 5.5815268, 47.2533759 ], [ 5.5811403, 47.2530683 ], [ 5.5793251, 47.2526241 ], [ 5.5781583, 47.252542 ], [ 5.5775147, 47.2526112 ], [ 5.5768191, 47.252919399999989 ], [ 5.5753384, 47.253354099999989 ], [ 5.5749007, 47.2535502 ], [ 5.5746151, 47.2538583 ], [ 5.5739819, 47.2549181 ], [ 5.5732196, 47.2557124 ], [ 5.5727979, 47.2563271 ], [ 5.5722332, 47.2577429 ], [ 5.5721523, 47.2582915 ], [ 5.5724125, 47.2589729 ], [ 5.5732195, 47.2599945 ], [ 5.5735127, 47.2605626 ], [ 5.5734054, 47.2612226 ], [ 5.5731494, 47.2615975 ], [ 5.5728663, 47.2618749 ], [ 5.5721357, 47.262256 ], [ 5.5706109, 47.262106 ], [ 5.569576, 47.2624343 ], [ 5.5691409, 47.2627709 ], [ 5.5691599, 47.2631128 ], [ 5.5697462, 47.2637807 ], [ 5.569944, 47.2644861 ], [ 5.5703204, 47.2651614 ], [ 5.5712333, 47.2662095 ], [ 5.571952, 47.2668213 ], [ 5.5722158, 47.2672739 ], [ 5.5723058, 47.2679385 ], [ 5.5715989, 47.2687612 ], [ 5.5696401, 47.269917 ], [ 5.5684229, 47.2700341 ], [ 5.5681156, 47.2704714 ], [ 5.5672237, 47.270057 ], [ 5.5664307, 47.2711861 ], [ 5.5651873, 47.2704768 ], [ 5.5643177, 47.2711653 ], [ 5.5641394, 47.2713953 ], [ 5.5638666, 47.270588 ], [ 5.5624627, 47.2699245 ], [ 5.5616676, 47.2699016 ], [ 5.5606855, 47.2700647 ], [ 5.558627, 47.2710216 ], [ 5.5583714, 47.2709894 ], [ 5.5566722, 47.2693209 ], [ 5.5560999, 47.2684725 ], [ 5.5552145, 47.2688892 ], [ 5.5546112, 47.2693357 ], [ 5.5550906, 47.2699845 ], [ 5.5551449, 47.2712362 ], [ 5.5554454, 47.2717115 ], [ 5.5556241, 47.2724921 ], [ 5.5558927, 47.272796 ], [ 5.5563064, 47.2729238 ], [ 5.5566081, 47.2732306 ], [ 5.5568627, 47.2736862 ], [ 5.5570617, 47.2746131 ], [ 5.5586493, 47.2759364 ], [ 5.5594375, 47.2771179 ], [ 5.5586173, 47.2774593 ], [ 5.5589672, 47.2781091 ], [ 5.5566903, 47.2793798 ], [ 5.5557391, 47.2797782 ], [ 5.5543992, 47.2801292 ], [ 5.5523158, 47.2801841 ], [ 5.5496246, 47.2798686 ], [ 5.5491296, 47.2798975 ], [ 5.5482998, 47.2802049 ], [ 5.5479364, 47.2805803 ], [ 5.5478057, 47.2808678 ], [ 5.5479236, 47.2815669 ], [ 5.5474676, 47.281358 ], [ 5.5472253, 47.281049 ], [ 5.547361, 47.2805317 ], [ 5.546847, 47.2801323 ], [ 5.5463998, 47.2806654 ], [ 5.5460998, 47.2805927 ], [ 5.5454609, 47.2794556 ], [ 5.5450859, 47.279417 ], [ 5.543213, 47.2798643 ], [ 5.5416708, 47.2808106 ], [ 5.5413712, 47.2810792 ], [ 5.5419142, 47.2817852 ], [ 5.5418928, 47.2820604 ], [ 5.5410779, 47.2837761 ], [ 5.5410623, 47.2841196 ], [ 5.5414846, 47.2843707 ], [ 5.5424353, 47.2846579 ], [ 5.5424692, 47.2847859 ], [ 5.5409127, 47.2850975 ], [ 5.5411978, 47.285556 ], [ 5.5412212, 47.2857149 ], [ 5.5410915, 47.2858276 ], [ 5.5407252, 47.2858636 ], [ 5.5402105, 47.2856443 ], [ 5.5396961, 47.2850115 ], [ 5.5392468, 47.2856708 ], [ 5.5390751, 47.2857907 ], [ 5.5385033, 47.2855123 ], [ 5.538586, 47.2853006 ], [ 5.5375945, 47.2848512 ], [ 5.5370381, 47.2848985 ], [ 5.5341879, 47.2833765 ], [ 5.532652, 47.2845728 ], [ 5.5315696, 47.2841047 ], [ 5.5312678, 47.2845526 ], [ 5.5306376, 47.2861795 ], [ 5.5338946, 47.2890835 ], [ 5.5342736, 47.2897093 ], [ 5.5343647, 47.2902378 ], [ 5.533391, 47.2900817 ], [ 5.5329353, 47.289879 ], [ 5.5326015, 47.2898476 ], [ 5.5316049, 47.2899369 ], [ 5.5310578, 47.2900965 ], [ 5.5308465, 47.2903606 ], [ 5.5309509, 47.2906654 ], [ 5.5317824, 47.2913417 ], [ 5.5317142, 47.2917215 ], [ 5.5311566, 47.2922498 ], [ 5.5308736, 47.2928459 ], [ 5.5311659, 47.2931206 ], [ 5.5310901, 47.293225799999988 ], [ 5.5305731, 47.2930984 ], [ 5.5300571, 47.2923746 ], [ 5.5298766, 47.2923083 ], [ 5.529398, 47.2924629 ], [ 5.5290408, 47.2929462 ], [ 5.5285507, 47.2933334 ], [ 5.528616, 47.2935968 ], [ 5.5292355, 47.2936788 ], [ 5.5294877, 47.2938327 ], [ 5.5293227, 47.2947721 ], [ 5.5302469, 47.2953635 ], [ 5.5303086, 47.2958585 ], [ 5.5301898, 47.2962033 ], [ 5.5297581, 47.2964253 ], [ 5.5296817, 47.2965756 ], [ 5.5296943, 47.2968149 ], [ 5.5299331, 47.2972457 ], [ 5.5299118, 47.2975533 ], [ 5.5295532, 47.2975296 ], [ 5.5289099, 47.2977282 ], [ 5.5286481, 47.297933 ], [ 5.5285445, 47.2981802 ], [ 5.5285696, 47.2987399 ], [ 5.5288655, 47.299373 ], [ 5.5288308, 47.2999286 ], [ 5.5285034, 47.3001753 ], [ 5.5281256, 47.3002781 ], [ 5.5277728, 47.3002651 ], [ 5.5272161, 47.3000826 ], [ 5.5267231, 47.2996808 ], [ 5.5263761, 47.2995371 ], [ 5.5256844, 47.2994702 ], [ 5.5238593, 47.2998224 ], [ 5.5230298, 47.3001746 ], [ 5.522692, 47.3003981 ], [ 5.5224544, 47.3006951 ], [ 5.5224055, 47.3010358 ], [ 5.5224982, 47.3013445 ], [ 5.5234141, 47.3022955 ], [ 5.5234848, 47.3026741 ], [ 5.5240331, 47.3031828 ], [ 5.5242152, 47.3037318 ], [ 5.5241787, 47.3039704 ], [ 5.5232618, 47.3055071 ], [ 5.5229475, 47.3057788 ], [ 5.522594, 47.3058927 ], [ 5.5215272, 47.3059042 ], [ 5.5210914, 47.3058452 ], [ 5.5203716, 47.305601499999987 ], [ 5.5197814, 47.3052441 ], [ 5.5189427, 47.3043301 ], [ 5.5183545, 47.3040708 ], [ 5.5187206, 47.3037161 ], [ 5.5187632, 47.3035522 ], [ 5.5186502, 47.3027809 ], [ 5.5180855, 47.302005099999988 ], [ 5.5137402, 47.2979408 ], [ 5.5112494, 47.2952133 ], [ 5.5088676, 47.2935698 ], [ 5.5072718, 47.2910634 ], [ 5.5065758, 47.2894815 ], [ 5.5062199, 47.2880679 ], [ 5.5050571, 47.2862105 ], [ 5.5048824, 47.2850182 ], [ 5.5050664, 47.2843099 ], [ 5.5053043, 47.2842165 ], [ 5.5053465, 47.2837319 ], [ 5.5055526, 47.2833815 ], [ 5.5054312, 47.2831347 ], [ 5.5032572, 47.2839733 ], [ 5.5014421, 47.2848186 ], [ 5.5009345, 47.285088 ], [ 5.5011879, 47.2853276 ], [ 5.5000434, 47.2856801 ], [ 5.4974379, 47.2868378 ], [ 5.4916868, 47.288444 ], [ 5.488306, 47.2892443 ], [ 5.488555, 47.2850201 ], [ 5.4880049, 47.2801736 ] ] ] ] } }
]
}
