{
"type": "FeatureCollection",
"name": "cartescolaire_90",
"crs": { "type": "name", "properties": { "name": "urn:ogc:def:crs:OGC:1.3:CRS84" } },
"features": [
{ "type": "Feature", "properties": { "code_departement": 90.0, "code_rne": "0900006T", "multisecteur": 0.0 }, "geometry": { "type": "MultiPolygon", "coordinates": [ [ [ [ 6.793286, 47.5992726 ], [ 6.7933029, 47.5986863 ], [ 6.793085, 47.598469 ], [ 6.7919707, 47.5978817 ], [ 6.7915413, 47.5975379 ], [ 6.7912938, 47.596961099999987 ], [ 6.7913031, 47.5962858 ], [ 6.7916275, 47.5961824 ], [ 6.7979944, 47.5916344 ], [ 6.7987057, 47.590866 ], [ 6.7988385, 47.5908608 ], [ 6.800781, 47.5919483 ], [ 6.8010833, 47.591891499999988 ], [ 6.8021982, 47.5907495 ], [ 6.8023255, 47.5908345 ], [ 6.8026183, 47.5906619 ], [ 6.8024255, 47.5899571 ], [ 6.8023968, 47.5897779 ], [ 6.8027775, 47.589232 ], [ 6.8035892, 47.588435 ], [ 6.803395, 47.5880277 ], [ 6.8024019, 47.5876248 ], [ 6.8015052, 47.5869295 ], [ 6.8015562, 47.5867476 ], [ 6.8022964, 47.5863675 ], [ 6.8031781, 47.5854511 ], [ 6.8019221, 47.5842917 ], [ 6.8032998, 47.5834195 ], [ 6.8055193, 47.5820999 ], [ 6.8061639, 47.5821555 ], [ 6.806406, 47.5820205 ], [ 6.8093207, 47.5809079 ], [ 6.81001, 47.5811972 ], [ 6.810399, 47.5812178 ], [ 6.8144154, 47.5792706 ], [ 6.817982, 47.5778355 ], [ 6.8188193, 47.5767131 ], [ 6.8203249, 47.5754562 ], [ 6.8206212, 47.5759674 ], [ 6.8219741, 47.5778074 ], [ 6.8227816, 47.5794878 ], [ 6.8229939, 47.5804253 ], [ 6.8230579, 47.5811883 ], [ 6.8233002, 47.5823582 ], [ 6.823661, 47.5835837 ], [ 6.8238658, 47.5840257 ], [ 6.8242089, 47.5845759 ], [ 6.8246492, 47.5854221 ], [ 6.8249498, 47.5861602 ], [ 6.8251788, 47.5865114 ], [ 6.8259, 47.5873375 ], [ 6.8272627, 47.5887861 ], [ 6.8273287, 47.5889083 ], [ 6.8273807, 47.5890949 ], [ 6.82736, 47.5893074 ], [ 6.8269309, 47.5912383 ], [ 6.8269639, 47.5916977 ], [ 6.8265841, 47.5921788 ], [ 6.8278392, 47.5928504 ], [ 6.8283706, 47.592830299999989 ], [ 6.8282938, 47.5930599 ], [ 6.8280249, 47.5936941 ], [ 6.8284714, 47.5941048 ], [ 6.8288658, 47.5945145 ], [ 6.8293492, 47.5948645 ], [ 6.8313138, 47.5960455 ], [ 6.8317268, 47.5963428 ], [ 6.8322485, 47.5969844 ], [ 6.8323441, 47.5970353 ], [ 6.8326811, 47.597164 ], [ 6.8341145, 47.5985533 ], [ 6.8358982, 47.5991607 ], [ 6.8359756, 47.5992924 ], [ 6.8366581, 47.5996484 ], [ 6.8369631, 47.599925 ], [ 6.8373238, 47.6001231 ], [ 6.8376363, 47.6002444 ], [ 6.8378539, 47.6003625 ], [ 6.8380958, 47.6004645 ], [ 6.8384857, 47.6006057 ], [ 6.8387662, 47.6007263 ], [ 6.8389802, 47.6008499 ], [ 6.8390405, 47.6009101 ], [ 6.8390934, 47.6010156 ], [ 6.8390958, 47.6011597 ], [ 6.8390272, 47.6016883 ], [ 6.8392618, 47.6027998 ], [ 6.8393502, 47.6028248 ], [ 6.8402081, 47.6028777 ], [ 6.8397509, 47.6030243 ], [ 6.8396644, 47.6030993 ], [ 6.8396505, 47.6031844 ], [ 6.8397061, 47.6033827 ], [ 6.8394391, 47.6036348 ], [ 6.8394399, 47.6037023 ], [ 6.8395466, 47.6037403 ], [ 6.8398421, 47.6037549 ], [ 6.8401819, 47.6038104 ], [ 6.8403825, 47.6038948 ], [ 6.8405149, 47.6039932 ], [ 6.8405915, 47.6040772 ], [ 6.8406093, 47.6041568 ], [ 6.8405173, 47.6042121 ], [ 6.8400667, 47.6043206 ], [ 6.8400655, 47.6043955 ], [ 6.8401383, 47.6045751 ], [ 6.8401041, 47.604635699999989 ], [ 6.8399813, 47.6047074 ], [ 6.8392348, 47.6050545 ], [ 6.8391971, 47.605123399999989 ], [ 6.839295, 47.6054103 ], [ 6.8391224, 47.6055674 ], [ 6.8390416, 47.6056854 ], [ 6.8390429, 47.6059251 ], [ 6.8387656, 47.6065533 ], [ 6.8387223, 47.6067296 ], [ 6.8387064, 47.6069338 ], [ 6.8387523, 47.6074054 ], [ 6.8389887, 47.6069497 ], [ 6.8393042, 47.607353 ], [ 6.8392139, 47.6083761 ], [ 6.8398333, 47.6090577 ], [ 6.8398841, 47.6111702 ], [ 6.8430857, 47.6128996 ], [ 6.8467144, 47.6163523 ], [ 6.8467197, 47.6168685 ], [ 6.8473316, 47.6194212 ], [ 6.8472049, 47.6219703 ], [ 6.8475029, 47.6217225 ], [ 6.8478931, 47.6212005 ], [ 6.8490669, 47.6209158 ], [ 6.8488369, 47.6207774 ], [ 6.8489747, 47.6203213 ], [ 6.8496829, 47.6204205 ], [ 6.8525054, 47.6203391 ], [ 6.8525376, 47.6203951 ], [ 6.8517861, 47.6210314 ], [ 6.8518345, 47.621195899999989 ], [ 6.8520491, 47.6214418 ], [ 6.8522203, 47.6215481 ], [ 6.8530723, 47.621914 ], [ 6.8534487, 47.6219829 ], [ 6.8536263, 47.6223856 ], [ 6.8538085, 47.6229313 ], [ 6.8520107, 47.6229992 ], [ 6.8518052, 47.6232109 ], [ 6.8518212, 47.6233967 ], [ 6.8520622, 47.6235763 ], [ 6.8524305, 47.6235227 ], [ 6.8521479, 47.6232501 ], [ 6.8538492, 47.6230878 ], [ 6.8543174, 47.6248852 ], [ 6.8552585, 47.626341 ], [ 6.8578206, 47.626157299999988 ], [ 6.8589535, 47.6266335 ], [ 6.8601455, 47.6256046 ], [ 6.8605877, 47.6251402 ], [ 6.8606908, 47.6249981 ], [ 6.8609649, 47.6245132 ], [ 6.8610517, 47.6242571 ], [ 6.8627882, 47.6246791 ], [ 6.8633705, 47.6263854 ], [ 6.8631856, 47.626435 ], [ 6.8621286, 47.6279419 ], [ 6.862167, 47.628035 ], [ 6.8615755, 47.6286885 ], [ 6.8606862, 47.6287083 ], [ 6.8604698, 47.6290126 ], [ 6.8604754, 47.6291965 ], [ 6.8606325, 47.6293479 ], [ 6.8615763, 47.6293226 ], [ 6.8616759, 47.62949 ], [ 6.8619458, 47.6296766 ], [ 6.862261, 47.6297396 ], [ 6.8625029, 47.6300354 ], [ 6.8625714, 47.6303559 ], [ 6.8623303, 47.6308395 ], [ 6.8621391, 47.6309368 ], [ 6.8620808, 47.6312725 ], [ 6.8619144, 47.6314768 ], [ 6.8618102, 47.6316932 ], [ 6.861699, 47.631747 ], [ 6.8616292, 47.6319865 ], [ 6.8616089, 47.632312899999988 ], [ 6.8616744, 47.6324383 ], [ 6.861656, 47.6325396 ], [ 6.8615256, 47.6326706 ], [ 6.8614882, 47.6328216 ], [ 6.861407, 47.6328993 ], [ 6.861333, 47.6330763 ], [ 6.8612653, 47.6331588 ], [ 6.8612642, 47.633237199999989 ], [ 6.8610869, 47.633499 ], [ 6.8610485, 47.6335168 ], [ 6.8609229, 47.6336833 ], [ 6.8609254, 47.6338708 ], [ 6.8608515, 47.6339314 ], [ 6.8607625, 47.6341708 ], [ 6.8606735, 47.6342278 ], [ 6.8606545, 47.634369 ], [ 6.8605308, 47.6346219 ], [ 6.8602988, 47.6347974 ], [ 6.8603232, 47.6349171 ], [ 6.8604587, 47.6350951 ], [ 6.8605358, 47.6352669 ], [ 6.8606403, 47.6357474 ], [ 6.8603451, 47.6358897 ], [ 6.8601799, 47.6360142 ], [ 6.8595622, 47.6363048 ], [ 6.8593119, 47.6362946 ], [ 6.858712, 47.6360492 ], [ 6.8584665, 47.636412 ], [ 6.8583357, 47.6365486 ], [ 6.8580721, 47.6366493 ], [ 6.857872, 47.6365563 ], [ 6.8577754, 47.6366225 ], [ 6.857757, 47.6368309 ], [ 6.8578039, 47.6368694 ], [ 6.857899, 47.6370071 ], [ 6.8578734, 47.6370189 ], [ 6.8576685, 47.6373035 ], [ 6.8575644, 47.6373538 ], [ 6.8574985, 47.6373245 ], [ 6.8574985, 47.6370332 ], [ 6.8574671, 47.6370202 ], [ 6.8573635, 47.6370413 ], [ 6.8571954, 47.6369882 ], [ 6.8571032, 47.6368277 ], [ 6.8571391, 47.6366283 ], [ 6.8569989, 47.6364399 ], [ 6.8566168, 47.6363509 ], [ 6.856477, 47.6362348 ], [ 6.8562132, 47.6361329 ], [ 6.8558974, 47.6361565 ], [ 6.8555532, 47.6361287 ], [ 6.8555314, 47.6360909 ], [ 6.8554742, 47.6360628 ], [ 6.8552883, 47.6360186 ], [ 6.8551944, 47.6359363 ], [ 6.8550871, 47.6359592 ], [ 6.854819, 47.6358688 ], [ 6.8548723, 47.6358139 ], [ 6.8547901, 47.6356745 ], [ 6.8548086, 47.6355195 ], [ 6.8548701, 47.6354815 ], [ 6.8548773, 47.6354572 ], [ 6.8547911, 47.6352855 ], [ 6.8546366, 47.6352489 ], [ 6.8544161, 47.6353849 ], [ 6.8542589, 47.6352192 ], [ 6.8541385, 47.635255699999988 ], [ 6.8541003, 47.6351074 ], [ 6.8542418, 47.6349858 ], [ 6.8541045, 47.6349579 ], [ 6.8540436, 47.6349638 ], [ 6.8539597, 47.6349265 ], [ 6.853899, 47.6348613 ], [ 6.8538999, 47.6347826 ], [ 6.8536027, 47.6347059 ], [ 6.8531935, 47.6346349 ], [ 6.8531498, 47.634615599999989 ], [ 6.853086, 47.6346159 ], [ 6.8528933, 47.6348234 ], [ 6.8529072, 47.6349379 ], [ 6.8535089, 47.635156 ], [ 6.8533739, 47.6352981 ], [ 6.8534382, 47.6353599 ], [ 6.8536466, 47.6354784 ], [ 6.8537249, 47.6355514 ], [ 6.8538351, 47.6355847 ], [ 6.8539136, 47.6356832 ], [ 6.8541427, 47.635672 ], [ 6.8542626, 47.6358584 ], [ 6.8543124, 47.6358604 ], [ 6.8544696, 47.6358107 ], [ 6.8544843, 47.6360117 ], [ 6.8544239, 47.636095499999989 ], [ 6.8543667, 47.6360892 ], [ 6.854223, 47.6361152 ], [ 6.8540131, 47.6360254 ], [ 6.8538344, 47.6361432 ], [ 6.8537022, 47.6361368 ], [ 6.8536152, 47.6360146 ], [ 6.8534194, 47.6359734 ], [ 6.8532316, 47.6360159 ], [ 6.8531859, 47.636089 ], [ 6.8529164, 47.636235 ], [ 6.8523641, 47.636161 ], [ 6.852121, 47.6363845 ], [ 6.852107, 47.6365477 ], [ 6.8519712, 47.6366794 ], [ 6.8518072, 47.6367243 ], [ 6.8517539, 47.6367619 ], [ 6.8515038, 47.6371841 ], [ 6.8513432, 47.6375172 ], [ 6.8511078, 47.637648 ], [ 6.8509641, 47.6378422 ], [ 6.8506753, 47.6380233 ], [ 6.850253, 47.6378314 ], [ 6.8486716, 47.6376808 ], [ 6.848342, 47.6374442 ], [ 6.8477447, 47.6370718 ], [ 6.8472897, 47.6371891 ], [ 6.846975, 47.6373152 ], [ 6.8457477, 47.6371769 ], [ 6.8449922, 47.6373418 ], [ 6.8444895, 47.6371603 ], [ 6.8443638, 47.63713 ], [ 6.8441972, 47.6370345 ], [ 6.8441081, 47.6370044 ], [ 6.8434724, 47.637029 ], [ 6.8433557, 47.6370702 ], [ 6.843215, 47.6370558 ], [ 6.8429083, 47.6370747 ], [ 6.8427853, 47.6369372 ], [ 6.8423315, 47.6368971 ], [ 6.8420527, 47.6370024 ], [ 6.8419138, 47.6369068 ], [ 6.8418626, 47.636837 ], [ 6.841766, 47.6367915 ], [ 6.8413222, 47.636827 ], [ 6.8412149, 47.6367863 ], [ 6.8411962, 47.6367915 ], [ 6.8408574, 47.6366931 ], [ 6.8408011, 47.6367027 ], [ 6.840536, 47.6366516 ], [ 6.8403994, 47.6367045 ], [ 6.8402091, 47.6366892 ], [ 6.8400713, 47.6367125 ], [ 6.8398277, 47.6366887 ], [ 6.8395515, 47.6367857 ], [ 6.8394225, 47.6366789 ], [ 6.8392442, 47.6365884 ], [ 6.839151, 47.6365764 ], [ 6.8389943, 47.6365251 ], [ 6.8387635, 47.6365246 ], [ 6.8384914, 47.636273 ], [ 6.8381758, 47.6365723 ], [ 6.8379928, 47.6366745 ], [ 6.8377108, 47.6364314 ], [ 6.8376967, 47.6363821 ], [ 6.8378612, 47.6362707 ], [ 6.837914, 47.6361062 ], [ 6.8378564, 47.6359431 ], [ 6.8381582, 47.6357532 ], [ 6.8381683, 47.6355842 ], [ 6.8379923, 47.6354208 ], [ 6.8379471, 47.6352381 ], [ 6.8380268, 47.635164 ], [ 6.8379242, 47.6349123 ], [ 6.8378679, 47.6348728 ], [ 6.8378677, 47.6347918 ], [ 6.8379222, 47.6345901 ], [ 6.8380732, 47.6345453 ], [ 6.8384176, 47.6343295 ], [ 6.8383792, 47.634294 ], [ 6.8383208, 47.6341357 ], [ 6.8384295, 47.6339611 ], [ 6.8385037, 47.6339133 ], [ 6.838472, 47.6338133 ], [ 6.838517, 47.6336547 ], [ 6.8385153, 47.6335395 ], [ 6.8384773, 47.6334395 ], [ 6.8385893, 47.6333141 ], [ 6.8391744, 47.6333156 ], [ 6.8392786, 47.6332442 ], [ 6.8394456, 47.6329307 ], [ 6.8394335, 47.6328117 ], [ 6.8402449, 47.6324595 ], [ 6.8406893, 47.6319588 ], [ 6.840854, 47.6319362 ], [ 6.8417701, 47.6314535 ], [ 6.8415885, 47.6310522 ], [ 6.8417198, 47.6307387 ], [ 6.8427359, 47.6297097 ], [ 6.8429132, 47.6294034 ], [ 6.8439884, 47.6294393 ], [ 6.8442637, 47.6289949 ], [ 6.8443208, 47.6287996 ], [ 6.844401, 47.6283173 ], [ 6.8437483, 47.6273609 ], [ 6.841812, 47.6277658 ], [ 6.841375, 47.6282137 ], [ 6.8402509, 47.6279127 ], [ 6.8395082, 47.6287257 ], [ 6.8384936, 47.6300198 ], [ 6.8380581, 47.6310641 ], [ 6.8378209, 47.6313243 ], [ 6.8376412, 47.6312364 ], [ 6.8374802, 47.6311102 ], [ 6.8374281, 47.63122 ], [ 6.8371175, 47.6315348 ], [ 6.8366908, 47.6313857 ], [ 6.8362572, 47.6312891 ], [ 6.8361568, 47.6314871 ], [ 6.8361093, 47.6316428 ], [ 6.836072, 47.6320693 ], [ 6.8360288, 47.6322834 ], [ 6.8358905, 47.6325484 ], [ 6.8356482, 47.6328501 ], [ 6.8355959, 47.6329384 ], [ 6.835584, 47.6330136 ], [ 6.8355978, 47.6330753 ], [ 6.8356505, 47.6331411 ], [ 6.8359468, 47.6334045 ], [ 6.8360789, 47.6335731 ], [ 6.8358431, 47.6340955 ], [ 6.8353302, 47.635064799999988 ], [ 6.8349274, 47.6358783 ], [ 6.8336259, 47.6344098 ], [ 6.8329979, 47.6336491 ], [ 6.8305879, 47.6308526 ], [ 6.8260711, 47.6262976 ], [ 6.8252282, 47.6257891 ], [ 6.8240543, 47.625294 ], [ 6.8219711, 47.6242935 ], [ 6.8207683, 47.62425 ], [ 6.8172483, 47.6243859 ], [ 6.8118551, 47.6252245 ], [ 6.809565, 47.6241413 ], [ 6.8081683, 47.623566 ], [ 6.8080317, 47.623483 ], [ 6.8079293, 47.6233746 ], [ 6.8071233, 47.6228386 ], [ 6.8069184, 47.6227318 ], [ 6.8066941, 47.6226895 ], [ 6.8065213, 47.6226212 ], [ 6.8063902, 47.6226138 ], [ 6.8060773, 47.6226384 ], [ 6.8057954, 47.62289 ], [ 6.8057366, 47.6229821 ], [ 6.8049732, 47.623417 ], [ 6.8048187, 47.6237726 ], [ 6.8046897, 47.6237777 ], [ 6.8043667, 47.6239026 ], [ 6.8032355, 47.6240963 ], [ 6.8027995, 47.624188 ], [ 6.8023959, 47.6242291 ], [ 6.8014521, 47.6242274 ], [ 6.800946, 47.6241592 ], [ 6.8005322, 47.6240753 ], [ 6.7997513, 47.6238169 ], [ 6.7992527, 47.6236106 ], [ 6.7991783, 47.6236139 ], [ 6.7990924, 47.6236798 ], [ 6.79889, 47.623926 ], [ 6.7986813, 47.6243086 ], [ 6.7982233, 47.6250273 ], [ 6.7980017, 47.6252481 ], [ 6.7979703, 47.6253122 ], [ 6.7978617, 47.625341 ], [ 6.79712, 47.6253327 ], [ 6.7959005, 47.6253534 ], [ 6.7954715, 47.6253196 ], [ 6.7940952, 47.6254599 ], [ 6.7938639, 47.6253565 ], [ 6.7937279, 47.6252618 ], [ 6.793462, 47.6251966 ], [ 6.7930547, 47.6251864 ], [ 6.792788, 47.6251095 ], [ 6.7924069, 47.6249623 ], [ 6.7925245, 47.6259227 ], [ 6.7923591, 47.6263336 ], [ 6.7919803, 47.6265739 ], [ 6.7911936, 47.6267392 ], [ 6.7909276, 47.6273858 ], [ 6.790099, 47.6271865 ], [ 6.7893059, 47.6272619 ], [ 6.7892686, 47.6268125 ], [ 6.7894356, 47.6256356 ], [ 6.7889748, 47.6256983 ], [ 6.7855908, 47.625873 ], [ 6.7837911, 47.625852099999989 ], [ 6.7805195, 47.6252804 ], [ 6.7806194, 47.624942 ], [ 6.7806308, 47.6247442 ], [ 6.7805145, 47.6241388 ], [ 6.7804608, 47.6239631 ], [ 6.7803736, 47.623805499999989 ], [ 6.780163, 47.6235041 ], [ 6.7799789, 47.6233326 ], [ 6.7792482, 47.6227452 ], [ 6.7787151, 47.6222579 ], [ 6.7785285, 47.6219746 ], [ 6.7784256, 47.6217275 ], [ 6.7784108, 47.6214432 ], [ 6.7784761, 47.6208211 ], [ 6.7785656, 47.6206929 ], [ 6.7789106, 47.6204457 ], [ 6.7791012, 47.6202764 ], [ 6.7791355, 47.620196 ], [ 6.779138, 47.6200427 ], [ 6.7791167, 47.619892 ], [ 6.7789782, 47.6195748 ], [ 6.7787574, 47.6191665 ], [ 6.7786027, 47.6187894 ], [ 6.7781601, 47.6174701 ], [ 6.7779169, 47.6168589 ], [ 6.7778423, 47.6165585 ], [ 6.777691, 47.6157388 ], [ 6.7779187, 47.6156981 ], [ 6.7781199, 47.6156412 ], [ 6.7784786, 47.6155124 ], [ 6.7783981, 47.6147517 ], [ 6.7799595, 47.6135216 ], [ 6.7810507, 47.6130293 ], [ 6.782947, 47.6125966 ], [ 6.7846285, 47.6119915 ], [ 6.7858959, 47.6112222 ], [ 6.7867027, 47.6105157 ], [ 6.7870628, 47.6100516 ], [ 6.7871739, 47.6081998 ], [ 6.7874382, 47.6073793 ], [ 6.7883482, 47.606308 ], [ 6.7884098, 47.6054499 ], [ 6.7882276, 47.6048719 ], [ 6.788345, 47.6046869 ], [ 6.7893448, 47.6046932 ], [ 6.7900757, 47.6046658 ], [ 6.7900927, 47.6040795 ], [ 6.790828, 47.6025201 ], [ 6.7919812, 47.6009543 ], [ 6.793286, 47.5992726 ] ] ] ] } },
{ "type": "Feature", "properties": { "code_departement": 90.0, "code_rne": "0900007U", "multisecteur": 0.0 }, "geometry": { "type": "MultiPolygon", "coordinates": [ [ [ [ 7.0969069, 47.4951745 ], [ 7.0983008, 47.4948109 ], [ 7.100036, 47.4943198 ], [ 7.1025943, 47.494382 ], [ 7.1050397, 47.4947231 ], [ 7.1066608, 47.4947903 ], [ 7.1088608, 47.494965 ], [ 7.1101149, 47.4949126 ], [ 7.1125253, 47.4951087 ], [ 7.1156903, 47.4962958 ], [ 7.1191297, 47.4983663 ], [ 7.1200397, 47.4988353 ], [ 7.1221205, 47.5000326 ], [ 7.1228313, 47.5004175 ], [ 7.1228734, 47.5004809 ], [ 7.1236074, 47.5009949 ], [ 7.1251402, 47.5018465 ], [ 7.1265552, 47.5025823 ], [ 7.1280027, 47.5038786 ], [ 7.1288793, 47.5034815 ], [ 7.1302573, 47.5029468 ], [ 7.1305343, 47.5030713 ], [ 7.1315683, 47.5034375 ], [ 7.1331063, 47.5042329 ], [ 7.1342398, 47.5049562 ], [ 7.1346874, 47.5054811 ], [ 7.1350521, 47.5058269 ], [ 7.1358858, 47.5069231 ], [ 7.1366948, 47.5084727 ], [ 7.1373773, 47.509349 ], [ 7.1378216, 47.510551 ], [ 7.1386649, 47.5153083 ], [ 7.1394392, 47.5193451 ], [ 7.1398961, 47.5199346 ], [ 7.1406795, 47.5211669 ], [ 7.1421845, 47.5233137 ], [ 7.1433628, 47.5245914 ], [ 7.1419857, 47.5251605 ], [ 7.1399225, 47.5260992 ], [ 7.1383498, 47.5277181 ], [ 7.1383565, 47.5290068 ], [ 7.1381945, 47.5289774 ], [ 7.1380741, 47.529262 ], [ 7.1381695, 47.529411 ], [ 7.13835, 47.5296281 ], [ 7.1384708, 47.5296409 ], [ 7.1385173, 47.5298466 ], [ 7.1384872, 47.5299558 ], [ 7.1383892, 47.5300314 ], [ 7.1384036, 47.5303194 ], [ 7.138469, 47.5304423 ], [ 7.1384381, 47.5305426 ], [ 7.1383641, 47.5306002 ], [ 7.1381756, 47.5305726 ], [ 7.1380424, 47.5307423 ], [ 7.1379882, 47.5307821 ], [ 7.1378773, 47.5308104 ], [ 7.1377243, 47.530897 ], [ 7.1376391, 47.5309144 ], [ 7.137569, 47.530971 ], [ 7.137539, 47.5310306 ], [ 7.1373812, 47.5310561 ], [ 7.1372153, 47.5311305 ], [ 7.1371697, 47.53116 ], [ 7.1371085, 47.5312469 ], [ 7.1370794, 47.5313859 ], [ 7.1370551, 47.5313985 ], [ 7.1369835, 47.5313848 ], [ 7.1369165, 47.5314475 ], [ 7.1368458, 47.5314807 ], [ 7.1368229, 47.5315455 ], [ 7.1368354, 47.5315865 ], [ 7.136805, 47.5316417 ], [ 7.1366908, 47.5316611 ], [ 7.1366729, 47.5317059 ], [ 7.1366281, 47.531694 ], [ 7.136696, 47.5318664 ], [ 7.1365403, 47.5319693 ], [ 7.1365512, 47.532059 ], [ 7.1364619, 47.5320397 ], [ 7.1364238, 47.5320636 ], [ 7.1364115, 47.5320937 ], [ 7.1364085, 47.5321245 ], [ 7.1365554, 47.5322338 ], [ 7.1363582, 47.5322822 ], [ 7.1363489, 47.5322997 ], [ 7.136494, 47.5323684 ], [ 7.1364963, 47.532399 ], [ 7.1364781, 47.5324384 ], [ 7.1364093, 47.5324949 ], [ 7.136292, 47.5324937 ], [ 7.13627, 47.532673 ], [ 7.1361742, 47.532725 ], [ 7.1362122, 47.532821 ], [ 7.1361832, 47.5329789 ], [ 7.1362337, 47.5330808 ], [ 7.1361844, 47.5331663 ], [ 7.136001, 47.53329 ], [ 7.1360253, 47.533346 ], [ 7.1361206, 47.5334084 ], [ 7.1363185, 47.5334374 ], [ 7.1364623, 47.5335414 ], [ 7.1365512, 47.5335202 ], [ 7.1365771, 47.533476 ], [ 7.1367355, 47.5334938 ], [ 7.1368568, 47.5334625 ], [ 7.1368867, 47.5334875 ], [ 7.1369197, 47.5336558 ], [ 7.136945, 47.5336721 ], [ 7.1369718, 47.5336756 ], [ 7.1370568, 47.5336212 ], [ 7.1371108, 47.5335445 ], [ 7.1371875, 47.5335553 ], [ 7.1372185, 47.5335776 ], [ 7.1372208, 47.5336244 ], [ 7.1372027, 47.5336836 ], [ 7.1370906, 47.5338517 ], [ 7.1370869, 47.5338897 ], [ 7.1372115, 47.5339177 ], [ 7.1372522, 47.5339099 ], [ 7.1372961, 47.5339435 ], [ 7.137311, 47.5339817 ], [ 7.1372654, 47.5340456 ], [ 7.1370599, 47.5341772 ], [ 7.1369922, 47.5341797 ], [ 7.136942, 47.5342355 ], [ 7.1369466, 47.5342606 ], [ 7.137021, 47.5343102 ], [ 7.1371995, 47.5343643 ], [ 7.1371561, 47.5344226 ], [ 7.1369917, 47.5344645 ], [ 7.1369475, 47.5344616 ], [ 7.1367677, 47.5343904 ], [ 7.1367146, 47.5343932 ], [ 7.1366002, 47.5344279 ], [ 7.1364799, 47.5345079 ], [ 7.1365467, 47.5345623 ], [ 7.1365281, 47.5346486 ], [ 7.1364315, 47.5347413 ], [ 7.1362611, 47.5348276 ], [ 7.136264, 47.5348482 ], [ 7.1363256, 47.5349037 ], [ 7.1363695, 47.5349211 ], [ 7.1364901, 47.5349483 ], [ 7.1365648, 47.5349502 ], [ 7.1365848, 47.5349684 ], [ 7.1365751, 47.5350147 ], [ 7.1365499, 47.5350327 ], [ 7.1362766, 47.5350965 ], [ 7.1362026, 47.5351893 ], [ 7.136173, 47.5351849 ], [ 7.1360675, 47.5350778 ], [ 7.1359997, 47.5350784 ], [ 7.1358389, 47.5352716 ], [ 7.1358764, 47.5353766 ], [ 7.1358185, 47.5354887 ], [ 7.1358179, 47.5356527 ], [ 7.1358405, 47.5356871 ], [ 7.1358962, 47.535718499999987 ], [ 7.1360466, 47.5357528 ], [ 7.1360674, 47.5358151 ], [ 7.136009, 47.5358686 ], [ 7.1360056, 47.535894 ], [ 7.1361091, 47.5359588 ], [ 7.136188, 47.5359812 ], [ 7.1361791, 47.5360032 ], [ 7.1360009, 47.5360573 ], [ 7.1359556, 47.5360391 ], [ 7.1359384, 47.5359892 ], [ 7.135889, 47.5359522 ], [ 7.1357421, 47.5359637 ], [ 7.1356336, 47.5360406 ], [ 7.1356146, 47.5360872 ], [ 7.1356752, 47.5362347 ], [ 7.135659, 47.5363173 ], [ 7.1356274, 47.5363563 ], [ 7.1357399, 47.5365371 ], [ 7.1356802, 47.5366248 ], [ 7.1357001, 47.5366593 ], [ 7.1357693, 47.5366929 ], [ 7.1357802, 47.5367132 ], [ 7.1357587, 47.5368997 ], [ 7.1357864, 47.5369482 ], [ 7.1358893, 47.5370744 ], [ 7.1360672, 47.5371195 ], [ 7.1361143, 47.5371601 ], [ 7.1360507, 47.5372165 ], [ 7.135834, 47.5372368 ], [ 7.1356912, 47.537369 ], [ 7.135333, 47.5373673 ], [ 7.1352959, 47.5373866 ], [ 7.1352746, 47.5374207 ], [ 7.1352735, 47.5374929 ], [ 7.1351866, 47.5375915 ], [ 7.1351189, 47.5376281 ], [ 7.1350612, 47.5376392 ], [ 7.1349993, 47.5376306 ], [ 7.1348376, 47.5376562 ], [ 7.1347995, 47.5377152 ], [ 7.1346768, 47.5377466 ], [ 7.1346841, 47.5377887 ], [ 7.134756, 47.5378231 ], [ 7.1347608, 47.5379545 ], [ 7.1345908, 47.5379768 ], [ 7.1345111, 47.5379958 ], [ 7.1344874, 47.5380165 ], [ 7.1344956, 47.5380712 ], [ 7.1345772, 47.5381278 ], [ 7.1345647, 47.5381382 ], [ 7.1343987, 47.5381603 ], [ 7.1343027, 47.5380898 ], [ 7.1342605, 47.5380949 ], [ 7.134191, 47.5380739 ], [ 7.1339954, 47.5382115 ], [ 7.1339205, 47.5382412 ], [ 7.1338806, 47.5382418 ], [ 7.1337525, 47.538135399999987 ], [ 7.1337065, 47.5381425 ], [ 7.1336688, 47.5381709 ], [ 7.1336169, 47.5382403 ], [ 7.1336242, 47.5383176 ], [ 7.1336732, 47.538417699999989 ], [ 7.1336293, 47.5385211 ], [ 7.1338698, 47.5385495 ], [ 7.1340265, 47.5385971 ], [ 7.1340647, 47.5386427 ], [ 7.1340366, 47.5387266 ], [ 7.1341118, 47.538787 ], [ 7.1341135, 47.5388086 ], [ 7.1338232, 47.5389622 ], [ 7.1336213, 47.5389685 ], [ 7.1336001, 47.5390206 ], [ 7.1336469, 47.5390586 ], [ 7.1336745, 47.5391225 ], [ 7.1334747, 47.5392242 ], [ 7.1334025, 47.5391853 ], [ 7.1333283, 47.5392934 ], [ 7.1334119, 47.5393238 ], [ 7.133372, 47.539428 ], [ 7.1333532, 47.5394422 ], [ 7.1332419, 47.5394326 ], [ 7.1331143, 47.5395201 ], [ 7.1330524, 47.5394952 ], [ 7.1329867, 47.5395228 ], [ 7.1330744, 47.5396414 ], [ 7.1330719, 47.539764 ], [ 7.1331024, 47.5398486 ], [ 7.1331424, 47.539867 ], [ 7.1331324, 47.5399097 ], [ 7.1330772, 47.539918 ], [ 7.1329659, 47.5398742 ], [ 7.1328359, 47.5398788 ], [ 7.1327869, 47.5397796 ], [ 7.1327004, 47.5397628 ], [ 7.1326519, 47.5397898 ], [ 7.1326057, 47.5398464 ], [ 7.132652, 47.5399114 ], [ 7.1326202, 47.5399306 ], [ 7.1325622, 47.5399372 ], [ 7.1324066, 47.5399219 ], [ 7.1323236, 47.5400024 ], [ 7.1323585, 47.5400571 ], [ 7.1325112, 47.540121 ], [ 7.132417, 47.5401776 ], [ 7.132416, 47.5402668 ], [ 7.132256, 47.5402644 ], [ 7.1321781, 47.5402383 ], [ 7.1320769, 47.5402545 ], [ 7.1315687, 47.5402753 ], [ 7.1314184, 47.5405185 ], [ 7.1313229, 47.5406085 ], [ 7.1312471, 47.5406102 ], [ 7.1311139, 47.5405744 ], [ 7.1309763, 47.5406199 ], [ 7.1307679, 47.5407652 ], [ 7.130739, 47.540873399999988 ], [ 7.1307524, 47.5409775 ], [ 7.1308822, 47.5411415 ], [ 7.1307651, 47.5412277 ], [ 7.1306263, 47.5412921 ], [ 7.130318, 47.5412814 ], [ 7.1302064, 47.5413187 ], [ 7.1295325, 47.5417626 ], [ 7.1290028, 47.5420049 ], [ 7.1288254, 47.5420689 ], [ 7.1285681, 47.5422024 ], [ 7.1284787, 47.5422849 ], [ 7.1281965, 47.5424409 ], [ 7.1278222, 47.5425921 ], [ 7.1275639, 47.5427473 ], [ 7.1270295, 47.5429456 ], [ 7.1267181, 47.5430161 ], [ 7.125923, 47.5432705 ], [ 7.125502, 47.5433169 ], [ 7.1253165, 47.5433109 ], [ 7.1249344, 47.5432586 ], [ 7.1246948, 47.5432599 ], [ 7.1245313, 47.5432801 ], [ 7.1241879, 47.543505 ], [ 7.1240416, 47.5434885 ], [ 7.1238947, 47.5435009 ], [ 7.1237536, 47.5435861 ], [ 7.1235875, 47.5436425 ], [ 7.1232343, 47.5436541 ], [ 7.1230607, 47.543681 ], [ 7.122938, 47.5437304 ], [ 7.1228679, 47.5438221 ], [ 7.1227836, 47.5438341 ], [ 7.1227804, 47.5439307 ], [ 7.1227227, 47.5439597 ], [ 7.1225148, 47.5440086 ], [ 7.1224688, 47.5440679 ], [ 7.1224783, 47.5441387 ], [ 7.1224185, 47.5441922 ], [ 7.1223405, 47.5442166 ], [ 7.1222941, 47.5442877 ], [ 7.1224129, 47.5445674 ], [ 7.1223921, 47.5446258 ], [ 7.1222449, 47.5447536 ], [ 7.1223031, 47.5448877 ], [ 7.1221418, 47.5450908 ], [ 7.1219332, 47.5452865 ], [ 7.1218523, 47.5453417 ], [ 7.1217563, 47.5453748 ], [ 7.1215846, 47.5454963 ], [ 7.1214258, 47.5457326 ], [ 7.1213535, 47.5457451 ], [ 7.121115, 47.5457076 ], [ 7.1209885, 47.5457066 ], [ 7.1208512, 47.5457394 ], [ 7.1207859, 47.5458076 ], [ 7.1207723, 47.5460108 ], [ 7.1207145, 47.5462445 ], [ 7.1206626, 47.5463482 ], [ 7.1204966, 47.546492 ], [ 7.1202343, 47.5466473 ], [ 7.1202225, 47.5467189 ], [ 7.120546, 47.5470122 ], [ 7.1206196, 47.5471024 ], [ 7.1205808, 47.5471524 ], [ 7.1204848, 47.5472018 ], [ 7.1201424, 47.5473365 ], [ 7.1200844, 47.5473268 ], [ 7.1198431, 47.547012699999989 ], [ 7.1197596, 47.54693 ], [ 7.1197068, 47.546885 ], [ 7.1196136, 47.5468676 ], [ 7.1195266, 47.5469301 ], [ 7.1192679, 47.5472701 ], [ 7.1188333, 47.5476424 ], [ 7.1187502, 47.5476354 ], [ 7.1186376, 47.5475907 ], [ 7.1183875, 47.5475238 ], [ 7.1181067, 47.5474905 ], [ 7.1176568, 47.5475262 ], [ 7.1173195, 47.5475715 ], [ 7.1169791, 47.5475772 ], [ 7.1168654, 47.5476047 ], [ 7.1167024, 47.5477871 ], [ 7.11637, 47.5478962 ], [ 7.1161967, 47.548015 ], [ 7.1161141, 47.5480305 ], [ 7.1160246, 47.5480102 ], [ 7.1158752, 47.5480056 ], [ 7.1155604, 47.5481537 ], [ 7.1154199, 47.5481614 ], [ 7.1152951, 47.5481487 ], [ 7.1151748, 47.548125 ], [ 7.1149293, 47.5480318 ], [ 7.1147835, 47.5480405 ], [ 7.1144669, 47.5481121 ], [ 7.1141057, 47.548142 ], [ 7.1138815, 47.548204 ], [ 7.1135028, 47.5482651 ], [ 7.113156, 47.5483603 ], [ 7.1128566, 47.5484664 ], [ 7.1124017, 47.548558199999988 ], [ 7.1120515, 47.5486607 ], [ 7.1118494, 47.5486651 ], [ 7.111615, 47.5486977 ], [ 7.1115798, 47.5487422 ], [ 7.1116096, 47.5489214 ], [ 7.1115471, 47.5489579 ], [ 7.1114349, 47.5489871 ], [ 7.1111709, 47.5490162 ], [ 7.1111368, 47.5489715 ], [ 7.1111585, 47.5488905 ], [ 7.1111494, 47.548807 ], [ 7.1110652, 47.5487676 ], [ 7.1109189, 47.5487863 ], [ 7.1105951, 47.5489383 ], [ 7.1103937, 47.5489508 ], [ 7.110269, 47.5489913 ], [ 7.1101488, 47.5490739 ], [ 7.1098965, 47.5493235 ], [ 7.1098616, 47.5494239 ], [ 7.1098734, 47.5494911 ], [ 7.1099185, 47.5495237 ], [ 7.1099311, 47.5495837 ], [ 7.1098717, 47.5496425 ], [ 7.1096718, 47.5497091 ], [ 7.109611, 47.5497491 ], [ 7.1096024, 47.5497927 ], [ 7.1096697, 47.5498885 ], [ 7.1096579, 47.549943 ], [ 7.1095459, 47.5499758 ], [ 7.1092749, 47.5500178 ], [ 7.1091749, 47.5500511 ], [ 7.1091535, 47.550188 ], [ 7.1091243, 47.5502404 ], [ 7.1090434, 47.5502621 ], [ 7.1088893, 47.5502315 ], [ 7.1087932, 47.5501592 ], [ 7.1087259, 47.5501499 ], [ 7.1086497, 47.550112 ], [ 7.1085912, 47.5500428 ], [ 7.1085199, 47.5500517 ], [ 7.1083927, 47.550146299999987 ], [ 7.1081938, 47.5502083 ], [ 7.1080987, 47.5502693 ], [ 7.1080639, 47.5503363 ], [ 7.1081796, 47.5504386 ], [ 7.1081557, 47.5504917 ], [ 7.107828, 47.5505754 ], [ 7.1077752, 47.5507026 ], [ 7.107661, 47.5507237 ], [ 7.107529, 47.550722 ], [ 7.1072768, 47.5506273 ], [ 7.1071581, 47.5506252 ], [ 7.107014, 47.5506726 ], [ 7.1069191, 47.5507372 ], [ 7.1068169, 47.5508625 ], [ 7.1067379, 47.5508914 ], [ 7.1066606, 47.5508906 ], [ 7.1065693, 47.5509668 ], [ 7.1064875, 47.5510463 ], [ 7.106436, 47.5511382 ], [ 7.1063833, 47.5513005 ], [ 7.1062319, 47.5514267 ], [ 7.1059512, 47.551551 ], [ 7.10585, 47.5515852 ], [ 7.1057103, 47.5516046 ], [ 7.108244, 47.5521417 ], [ 7.1081106, 47.5545098 ], [ 7.1072664, 47.5561016 ], [ 7.1075538, 47.5572587 ], [ 7.1076043, 47.5575868 ], [ 7.1078754, 47.5586535 ], [ 7.1084142, 47.5618658 ], [ 7.1082683, 47.563881 ], [ 7.1076586, 47.5648705 ], [ 7.1067514, 47.5655947 ], [ 7.1061224, 47.5661433 ], [ 7.1057433, 47.5676385 ], [ 7.1057089, 47.5676937 ], [ 7.1056446, 47.5677231 ], [ 7.1055244, 47.5677192 ], [ 7.1050392, 47.5675055 ], [ 7.1049941, 47.5677505 ], [ 7.1049982, 47.5677864 ], [ 7.1050534, 47.5678115 ], [ 7.1050695, 47.567847 ], [ 7.1050112, 47.5679211 ], [ 7.1051074, 47.568098 ], [ 7.1051115, 47.568151 ], [ 7.1050639, 47.5682077 ], [ 7.1051212, 47.5682769 ], [ 7.1054416, 47.569119199999989 ], [ 7.1052416, 47.5692542 ], [ 7.1052267, 47.5693899 ], [ 7.1051157, 47.569557 ], [ 7.1048075, 47.5697409 ], [ 7.1036543, 47.5699338 ], [ 7.1034203, 47.5700079 ], [ 7.1030211, 47.5701508 ], [ 7.102296, 47.5705603 ], [ 7.101902, 47.5708923 ], [ 7.1015566, 47.5712155 ], [ 7.1010451, 47.5715444 ], [ 7.1007952, 47.5717425 ], [ 7.1005024, 47.5719186 ], [ 7.1001484, 47.572078 ], [ 7.0998203, 47.5724194 ], [ 7.0996537, 47.5726948 ], [ 7.0995047, 47.5728361 ], [ 7.0987193, 47.5731369 ], [ 7.0981978, 47.5733003 ], [ 7.0978487, 47.5733685 ], [ 7.0975399, 47.5734577 ], [ 7.0974255, 47.5734771 ], [ 7.0968035, 47.5735296 ], [ 7.0965907, 47.5735163 ], [ 7.0963863, 47.573473 ], [ 7.0961563, 47.5733928 ], [ 7.0954446, 47.573212299999987 ], [ 7.0953919, 47.5731853 ], [ 7.0951069, 47.5731854 ], [ 7.0945526, 47.5732869 ], [ 7.0942825, 47.5733784 ], [ 7.0941371, 47.5734971 ], [ 7.0940967, 47.573560699999987 ], [ 7.0937868, 47.5755987 ], [ 7.0927801, 47.5769914 ], [ 7.0930094, 47.5772547 ], [ 7.0930331, 47.5773034 ], [ 7.0930188, 47.5773607 ], [ 7.092983, 47.5774151 ], [ 7.092721, 47.5776632 ], [ 7.0925777, 47.5779837 ], [ 7.0924714, 47.5780388 ], [ 7.0924081, 47.5780996 ], [ 7.0924085, 47.5782781 ], [ 7.092216, 47.5784606 ], [ 7.0921169, 47.578593 ], [ 7.0919273, 47.57876 ], [ 7.0914635, 47.5789142 ], [ 7.0912531, 47.5790018 ], [ 7.091186, 47.5790474 ], [ 7.0907051, 47.5791517 ], [ 7.0906826, 47.5791877 ], [ 7.0907095, 47.5792093 ], [ 7.0907155, 47.5792866 ], [ 7.0906477, 47.5793232 ], [ 7.0905472, 47.5792808 ], [ 7.0904983, 47.5793032 ], [ 7.0904529, 47.5793544 ], [ 7.0905346, 47.5795507 ], [ 7.0902361, 47.580349 ], [ 7.0900578, 47.5806301 ], [ 7.0900249, 47.5808088 ], [ 7.0899898, 47.5808551 ], [ 7.0900301, 47.5809294 ], [ 7.0900705, 47.5809352 ], [ 7.0901201, 47.580974 ], [ 7.09003, 47.5810664 ], [ 7.089917, 47.5810875 ], [ 7.0898586, 47.5812293 ], [ 7.0898741, 47.5812756 ], [ 7.0900112, 47.5813258 ], [ 7.0901871, 47.5812574 ], [ 7.0902357, 47.5812656 ], [ 7.0902774, 47.5813056 ], [ 7.0902322, 47.5813766 ], [ 7.0901251, 47.5814209 ], [ 7.0899885, 47.581551 ], [ 7.0900731, 47.5816301 ], [ 7.0902198, 47.581597 ], [ 7.0902295, 47.5816363 ], [ 7.0901924, 47.5817088 ], [ 7.0902444, 47.5818485 ], [ 7.0901423, 47.581907 ], [ 7.0901067, 47.5820155 ], [ 7.089983, 47.582192 ], [ 7.0898959, 47.5822384 ], [ 7.089864, 47.5822737 ], [ 7.0899714, 47.5823709 ], [ 7.0898613, 47.582464 ], [ 7.0898812, 47.582567 ], [ 7.0898356, 47.5827371 ], [ 7.0897495, 47.5828312 ], [ 7.0897457, 47.5828854 ], [ 7.0898502, 47.5829457 ], [ 7.0898521, 47.5830042 ], [ 7.0897471, 47.5831638 ], [ 7.0894846, 47.583338 ], [ 7.0889261, 47.5837677 ], [ 7.088653, 47.583942199999989 ], [ 7.087824, 47.584111 ], [ 7.0876492, 47.5842298 ], [ 7.0876431, 47.584253399999987 ], [ 7.0876831, 47.5842718 ], [ 7.087803, 47.5843938 ], [ 7.0878246, 47.584449 ], [ 7.0876771, 47.5845929 ], [ 7.0876209, 47.5845724 ], [ 7.0874686, 47.584584899999989 ], [ 7.0873499, 47.5844953 ], [ 7.087368, 47.5844541 ], [ 7.0873132, 47.584365 ], [ 7.0872133, 47.5843126 ], [ 7.0871173, 47.5843467 ], [ 7.0869795, 47.5845651 ], [ 7.0868853, 47.5846567 ], [ 7.0868057, 47.5848001 ], [ 7.086925, 47.584914 ], [ 7.0868936, 47.5849917 ], [ 7.0869722, 47.5850088 ], [ 7.0869326, 47.5851697 ], [ 7.0868587, 47.5852841 ], [ 7.086652, 47.5852643 ], [ 7.0865755, 47.585377799999989 ], [ 7.0866524, 47.5854779 ], [ 7.0867147, 47.5855253 ], [ 7.0866638, 47.5855568 ], [ 7.0864607, 47.5855495 ], [ 7.0854829, 47.5836703 ], [ 7.0857692, 47.5828337 ], [ 7.0847121, 47.5814493 ], [ 7.0843321, 47.5810787 ], [ 7.084158, 47.5808757 ], [ 7.0838894, 47.5804984 ], [ 7.0838427, 47.5805496 ], [ 7.0837732, 47.5805647 ], [ 7.0836208, 47.5803131 ], [ 7.0829247, 47.5793983 ], [ 7.0825198, 47.5790159 ], [ 7.0824071, 47.5789351 ], [ 7.08261, 47.5787667 ], [ 7.0825214, 47.5785832 ], [ 7.0823031, 47.5785161 ], [ 7.0820735, 47.5784051 ], [ 7.0818838, 47.578346 ], [ 7.0811417, 47.5780294 ], [ 7.0796491, 47.5774805 ], [ 7.0787671, 47.578401 ], [ 7.0780956, 47.5774411 ], [ 7.0784142, 47.5772515 ], [ 7.0771511, 47.575922 ], [ 7.0767221, 47.5759208 ], [ 7.0762381, 47.5758963 ], [ 7.0753721, 47.5758067 ], [ 7.0742028, 47.5750409 ], [ 7.073879, 47.5752667 ], [ 7.0728684, 47.5740492 ], [ 7.0718538, 47.5730922 ], [ 7.0716122, 47.5732602 ], [ 7.0712069, 47.5734646 ], [ 7.0701785, 47.5740737 ], [ 7.0677546, 47.5720835 ], [ 7.0674771, 47.5719381 ], [ 7.0640075, 47.5710442 ], [ 7.0631788, 47.5709361 ], [ 7.0631424, 47.5709996 ], [ 7.0608812, 47.5704258 ], [ 7.0602033, 47.5702683 ], [ 7.0596285, 47.5700828 ], [ 7.0592284, 47.5699182 ], [ 7.0586483, 47.5696626 ], [ 7.0578414, 47.5692788 ], [ 7.0571824, 47.5697912 ], [ 7.0570193, 47.569905 ], [ 7.0568283, 47.5700036 ], [ 7.0566199, 47.5700649 ], [ 7.0559913, 47.5701706 ], [ 7.0558487, 47.5702215 ], [ 7.0557101, 47.5703084 ], [ 7.0555988, 47.5704204 ], [ 7.0552769, 47.5708652 ], [ 7.0551162, 47.5711511 ], [ 7.0550075, 47.571280099999989 ], [ 7.0549162, 47.5714645 ], [ 7.0567957, 47.5719759 ], [ 7.0558404, 47.5726202 ], [ 7.0557162, 47.572685 ], [ 7.0556062, 47.5727978 ], [ 7.0554683, 47.5730343 ], [ 7.0553482, 47.573189 ], [ 7.054914, 47.5735213 ], [ 7.0545186, 47.573752299999988 ], [ 7.0542051, 47.5739038 ], [ 7.0538308, 47.574025 ], [ 7.0537759, 47.5742144 ], [ 7.0538038, 47.5743017 ], [ 7.0539001, 47.5744642 ], [ 7.0542303, 47.5748313 ], [ 7.0544828, 47.5750523 ], [ 7.054805, 47.5752962 ], [ 7.0550518, 47.5755292 ], [ 7.0552922, 47.5757128 ], [ 7.0553785, 47.5758143 ], [ 7.0554781, 47.576056 ], [ 7.0555464, 47.5764466 ], [ 7.055524, 47.5767827 ], [ 7.0552345, 47.5766368 ], [ 7.05522, 47.576604 ], [ 7.0550509, 47.5765171 ], [ 7.0547361, 47.5763703 ], [ 7.0544758, 47.5762757 ], [ 7.0542252, 47.576799 ], [ 7.0540955, 47.5768973 ], [ 7.0537695, 47.5770952 ], [ 7.0536702, 47.5771374 ], [ 7.0533659, 47.5772174 ], [ 7.0526907, 47.5774292 ], [ 7.0522053, 47.5776155 ], [ 7.0519367, 47.5776916 ], [ 7.0518602, 47.5777366 ], [ 7.0518103, 47.5777987 ], [ 7.0510198, 47.5772115 ], [ 7.0508159, 47.5769464 ], [ 7.0505123, 47.5766325 ], [ 7.0488002, 47.5776086 ], [ 7.0462482, 47.5795079 ], [ 7.0464978, 47.5807097 ], [ 7.0467742, 47.5816149 ], [ 7.0468761, 47.581852 ], [ 7.0471343, 47.5820954 ], [ 7.0472085, 47.5823002 ], [ 7.0472031, 47.5823697 ], [ 7.0415912, 47.5809132 ], [ 7.04156, 47.5811171 ], [ 7.0414853, 47.5812558 ], [ 7.0411775, 47.5812556 ], [ 7.0411197, 47.5813009 ], [ 7.0409463, 47.5816854 ], [ 7.0408818, 47.5817832 ], [ 7.0406691, 47.5820177 ], [ 7.0405988, 47.5821454 ], [ 7.0404829, 47.5825325 ], [ 7.0370537, 47.5820168 ], [ 7.0344353, 47.5796964 ], [ 7.0329123, 47.5778924 ], [ 7.0307239, 47.5754408 ], [ 7.0260674, 47.569682 ], [ 7.0254472, 47.568593 ], [ 7.0248105, 47.5675488 ], [ 7.0245294, 47.5669997 ], [ 7.023831, 47.565807 ], [ 7.0233965, 47.5653614 ], [ 7.0229994, 47.565075 ], [ 7.0226044, 47.5647624 ], [ 7.0222192, 47.5644224 ], [ 7.0220847, 47.564263 ], [ 7.022001, 47.564036 ], [ 7.0219398, 47.5639309 ], [ 7.0218853, 47.5639147 ], [ 7.0216478, 47.5639788 ], [ 7.021603, 47.5632431 ], [ 7.021552, 47.5629195 ], [ 7.0215823, 47.5626841 ], [ 7.0217685, 47.5627173 ], [ 7.0219882, 47.562717 ], [ 7.0223098, 47.5627617 ], [ 7.0254524, 47.5628678 ], [ 7.0256321, 47.5628489 ], [ 7.0257512, 47.562856499999988 ], [ 7.0260047, 47.5627045 ], [ 7.0263841, 47.5625796 ], [ 7.0274048, 47.562182 ], [ 7.0277204, 47.5620062 ], [ 7.0281083, 47.5618702 ], [ 7.0280939, 47.561768 ], [ 7.0282307, 47.5614802 ], [ 7.0282648, 47.5612618 ], [ 7.0282519, 47.5611253 ], [ 7.0281859, 47.5609752 ], [ 7.0280371, 47.5607848 ], [ 7.0278246, 47.5605452 ], [ 7.0276445, 47.560382 ], [ 7.027507, 47.5601821 ], [ 7.0274522, 47.5600209 ], [ 7.0274753, 47.5598335 ], [ 7.0275284, 47.559637 ], [ 7.0276162, 47.559442 ], [ 7.0279531, 47.5589824 ], [ 7.0283955, 47.5586868 ], [ 7.0292031, 47.5582371 ], [ 7.0294163, 47.5580629 ], [ 7.0301318, 47.557593 ], [ 7.0301736, 47.5575825 ], [ 7.0304002, 47.5575864 ], [ 7.0304585, 47.5574942 ], [ 7.0304963, 47.5574659 ], [ 7.0305893, 47.5574627 ], [ 7.0306771, 47.5575498 ], [ 7.0307553, 47.5575281 ], [ 7.0308482, 47.557524 ], [ 7.030898, 47.5574953 ], [ 7.0309243, 47.5573321 ], [ 7.030974, 47.5573033 ], [ 7.0310557, 47.5573086 ], [ 7.0311261, 47.5573603 ], [ 7.0312085, 47.5573926 ], [ 7.0312994, 47.5573624 ], [ 7.0313463, 47.5572959 ], [ 7.0316337, 47.5572228 ], [ 7.0319766, 47.5573209 ], [ 7.0322245, 47.5571655 ], [ 7.0323376, 47.5570759 ], [ 7.0324479, 47.5569495 ], [ 7.0325275, 47.556716 ], [ 7.0330052, 47.5566779 ], [ 7.0332458, 47.5561783 ], [ 7.0332658, 47.5560911 ], [ 7.0332687, 47.5549653 ], [ 7.033105, 47.5543139 ], [ 7.0330566, 47.5539028 ], [ 7.0330707, 47.5535246 ], [ 7.0331151, 47.5533365 ], [ 7.0333677, 47.55275 ], [ 7.0330297, 47.5519767 ], [ 7.0329327, 47.5518385 ], [ 7.0332038, 47.5511964 ], [ 7.0334488, 47.550475 ], [ 7.0335316, 47.5503541 ], [ 7.0337404, 47.5501576 ], [ 7.0338047, 47.5501274 ], [ 7.0340276, 47.5501008 ], [ 7.0344663, 47.5500919 ], [ 7.0353276, 47.5497385 ], [ 7.0360932, 47.5494758 ], [ 7.0365619, 47.5492298 ], [ 7.0366675, 47.5490594 ], [ 7.0366863, 47.5488334 ], [ 7.0375694, 47.5482575 ], [ 7.0381504, 47.5479832 ], [ 7.0395893, 47.5462569 ], [ 7.039514, 47.5462117 ], [ 7.0395186, 47.5459204 ], [ 7.0395672, 47.5455068 ], [ 7.0395692, 47.5452165 ], [ 7.0394665, 47.5448082 ], [ 7.0393454, 47.5446502 ], [ 7.0389087, 47.5442624 ], [ 7.0386547, 47.5442306 ], [ 7.0383618, 47.5440542 ], [ 7.0375181, 47.5438635 ], [ 7.0363349, 47.5436549 ], [ 7.0352766, 47.543495 ], [ 7.0350892, 47.5434465 ], [ 7.0342804, 47.5434006 ], [ 7.033701, 47.5433955 ], [ 7.0329361, 47.5433498 ], [ 7.0325241, 47.5433055 ], [ 7.0308906, 47.5426851 ], [ 7.0302119, 47.542476099999988 ], [ 7.0297087, 47.5422979 ], [ 7.0291613, 47.5421537 ], [ 7.028337, 47.541901 ], [ 7.0279488, 47.5418017 ], [ 7.0276156, 47.5424316 ], [ 7.0272555, 47.5432173 ], [ 7.0268104, 47.5440755 ], [ 7.0263069, 47.5446715 ], [ 7.026237, 47.5448569 ], [ 7.0260623, 47.5449413 ], [ 7.0259007, 47.5449866 ], [ 7.0257296, 47.5450132 ], [ 7.0255625, 47.5450217 ], [ 7.0251184, 47.5449568 ], [ 7.024673, 47.5448586 ], [ 7.0240784, 47.5446692 ], [ 7.0227694, 47.5443277 ], [ 7.0225454, 47.5443048 ], [ 7.0223028, 47.5443005 ], [ 7.0216356, 47.5443497 ], [ 7.0209957, 47.5444791 ], [ 7.0206532, 47.5445792 ], [ 7.0203358, 47.5446956 ], [ 7.0200221, 47.5447722 ], [ 7.0197411, 47.5448594 ], [ 7.019631, 47.5448993 ], [ 7.0195559, 47.5449451 ], [ 7.0194698, 47.5450391 ], [ 7.0193436, 47.5450777 ], [ 7.0186313, 47.5451294 ], [ 7.018214, 47.5450852 ], [ 7.0178189, 47.5450005 ], [ 7.017269, 47.5448041 ], [ 7.0156356, 47.5443782 ], [ 7.0149454, 47.5441739 ], [ 7.0146026, 47.5440947 ], [ 7.0143477, 47.5440143 ], [ 7.0141522, 47.5439102 ], [ 7.0139118, 47.5439175 ], [ 7.0138061, 47.5439455 ], [ 7.0136682, 47.5441657 ], [ 7.0135109, 47.5442684 ], [ 7.0133398, 47.5443654 ], [ 7.0131891, 47.5444156 ], [ 7.012993, 47.5444269 ], [ 7.0127752, 47.5443992 ], [ 7.0125902, 47.5443461 ], [ 7.0124085, 47.5442667 ], [ 7.0122047, 47.5442107 ], [ 7.0120074, 47.5441895 ], [ 7.0118246, 47.5442021 ], [ 7.0115846, 47.5441779 ], [ 7.0113406, 47.5441196 ], [ 7.0111554, 47.5440467 ], [ 7.0106454, 47.5439552 ], [ 7.0099768, 47.5439151 ], [ 7.0096617, 47.5438133 ], [ 7.0094507, 47.5438224 ], [ 7.0088466, 47.5437548 ], [ 7.0086636, 47.5436935 ], [ 7.0086032, 47.5436505 ], [ 7.0085489, 47.5434767 ], [ 7.0084365, 47.5433102 ], [ 7.0079497, 47.5427997 ], [ 7.0075861, 47.5424598 ], [ 7.0074657, 47.5422395 ], [ 7.0073319, 47.5418574 ], [ 7.0072211, 47.5416224 ], [ 7.0071754, 47.5414031 ], [ 7.0070915, 47.5411546 ], [ 7.0070309, 47.5410566 ], [ 7.0069237, 47.5410296 ], [ 7.0068446, 47.5410396 ], [ 7.0067046, 47.5410894 ], [ 7.0062974, 47.5413035 ], [ 7.0057165, 47.5415633 ], [ 7.0052985, 47.541456 ], [ 7.0036794, 47.5408798 ], [ 7.0030673, 47.5407043 ], [ 7.0028434, 47.540612 ], [ 7.0024719, 47.5403796 ], [ 7.0011143, 47.539634 ], [ 7.0003768, 47.5392772 ], [ 6.9996386, 47.538714 ], [ 6.9981508, 47.5386109 ], [ 6.9977064, 47.5385423 ], [ 6.9975676, 47.5384831 ], [ 6.9974781, 47.5383906 ], [ 6.9974413, 47.53829 ], [ 6.9977104, 47.5380438 ], [ 6.9969333, 47.5374945 ], [ 6.9967703, 47.5373622 ], [ 6.9966817, 47.5371201 ], [ 6.9965627, 47.5369178 ], [ 6.9964267, 47.536826 ], [ 6.9962633, 47.5369902 ], [ 6.9961483, 47.5370176 ], [ 6.9954524, 47.536433099999989 ], [ 6.9951857, 47.5362836 ], [ 6.9950324, 47.5361555 ], [ 6.9949706, 47.5360765 ], [ 6.9948127, 47.5359584 ], [ 6.9945893, 47.5358372 ], [ 6.9941202, 47.5356325 ], [ 6.9937499, 47.5355036 ], [ 6.9933109, 47.5353817 ], [ 6.993112, 47.5353561 ], [ 6.992849, 47.5353453 ], [ 6.9925901, 47.5353532 ], [ 6.9915587, 47.5352471 ], [ 6.9911529, 47.5352493 ], [ 6.991036, 47.5352875 ], [ 6.9906612, 47.5351345 ], [ 6.9905835, 47.5351273 ], [ 6.9905443, 47.535065499999988 ], [ 6.9904578, 47.5350126 ], [ 6.9902313, 47.534920299999989 ], [ 6.9899222, 47.5350408 ], [ 6.9896327, 47.5347461 ], [ 6.9895979, 47.5346545 ], [ 6.9894388, 47.5345554 ], [ 6.9892942, 47.5343476 ], [ 6.9890399, 47.5341139 ], [ 6.9889021, 47.534033 ], [ 6.9884199, 47.5338134 ], [ 6.9882178, 47.5337455 ], [ 6.9879825, 47.5335697 ], [ 6.9880696, 47.5335072 ], [ 6.9883739, 47.5334111 ], [ 6.9889855, 47.5332613 ], [ 6.9881018, 47.532548 ], [ 6.9884427, 47.5323363 ], [ 6.9874675, 47.5315377 ], [ 6.9876654, 47.5311398 ], [ 6.9871808, 47.5309058 ], [ 6.9875364, 47.5306242 ], [ 6.9876321, 47.5301775 ], [ 6.9876915, 47.530152 ], [ 6.9867757, 47.5292757 ], [ 6.9868751, 47.5291993 ], [ 6.9857528, 47.5275685 ], [ 6.9859976, 47.5274781 ], [ 6.9851033, 47.5265146 ], [ 6.985645, 47.526177 ], [ 6.9840496, 47.5243037 ], [ 6.9821385, 47.5232452 ], [ 6.9814994, 47.5238646 ], [ 6.9773456, 47.5219209 ], [ 6.9770744, 47.5223357 ], [ 6.9765917, 47.5221242 ], [ 6.9744903, 47.5213307 ], [ 6.9742212, 47.5220789 ], [ 6.9736613, 47.5218853 ], [ 6.9727553, 47.5220289 ], [ 6.9722162, 47.5211676 ], [ 6.9705887, 47.5204651 ], [ 6.9705226, 47.5207747 ], [ 6.9694133, 47.5204033 ], [ 6.9697178, 47.519954 ], [ 6.9684037, 47.5195824 ], [ 6.9670941, 47.518879 ], [ 6.9665989, 47.5185164 ], [ 6.9656623, 47.5184636 ], [ 6.9653345, 47.5177564 ], [ 6.960889, 47.5184322 ], [ 6.9607876, 47.5182843 ], [ 6.9606087, 47.5180975 ], [ 6.9603635, 47.517894 ], [ 6.959909, 47.5175949 ], [ 6.9588159, 47.5169552 ], [ 6.9592374, 47.5164677 ], [ 6.9589495, 47.5162089 ], [ 6.9580374, 47.5156595 ], [ 6.9580294, 47.5155696 ], [ 6.9604388, 47.5149785 ], [ 6.9627659, 47.5142098 ], [ 6.9645039, 47.5135549 ], [ 6.9659343, 47.5131818 ], [ 6.9676144, 47.5118537 ], [ 6.9687601, 47.5112667 ], [ 6.9696467, 47.5110427 ], [ 6.9698557, 47.5110806 ], [ 6.9698588, 47.507844 ], [ 6.9699184, 47.5066585 ], [ 6.9687601, 47.5064303 ], [ 6.967557, 47.5061523 ], [ 6.9672453, 47.5060926 ], [ 6.9667062, 47.5060154 ], [ 6.9661968, 47.5059976 ], [ 6.9660657, 47.503209 ], [ 6.9660926, 47.5031594 ], [ 6.9660904, 47.5031117 ], [ 6.9644839, 47.4985049 ], [ 6.9639158, 47.4964927 ], [ 6.9636554, 47.495905 ], [ 6.96219, 47.4961216 ], [ 6.9604336, 47.4962886 ], [ 6.9604488, 47.4947162 ], [ 6.9604092, 47.4935892 ], [ 6.9566941, 47.4939372 ], [ 6.9565287, 47.4934264 ], [ 6.9558574, 47.490986 ], [ 6.9556716, 47.4905957 ], [ 6.9556117, 47.4905229 ], [ 6.9537697, 47.4901583 ], [ 6.9536156, 47.4900887 ], [ 6.9535498, 47.4899549 ], [ 6.9534398, 47.4895458 ], [ 6.9529435, 47.4872382 ], [ 6.9527298, 47.4864704 ], [ 6.9524051, 47.4850808 ], [ 6.9533482, 47.4846729 ], [ 6.9536073, 47.4846172 ], [ 6.9548774, 47.4840279 ], [ 6.9565737, 47.4830176 ], [ 6.9573127, 47.4824039 ], [ 6.9593318, 47.4820558 ], [ 6.9602353, 47.4817962 ], [ 6.962654, 47.4814777 ], [ 6.9687127, 47.4796678 ], [ 6.9699402, 47.4793502 ], [ 6.9701137, 47.4790729 ], [ 6.9700931, 47.4788492 ], [ 6.9722136, 47.4774168 ], [ 6.9739983, 47.4766727 ], [ 6.9745018, 47.4763824 ], [ 6.9791377, 47.4742221 ], [ 6.9805933, 47.47349 ], [ 6.9814223, 47.4731426 ], [ 6.9829374, 47.4730845 ], [ 6.9882959, 47.4731019 ], [ 6.9884369, 47.4738335 ], [ 6.9878458, 47.4749281 ], [ 6.9870238, 47.4756359 ], [ 6.9864402, 47.4763309 ], [ 6.9865148, 47.4768331 ], [ 6.9871313, 47.477862 ], [ 6.988591, 47.4810171 ], [ 6.9885134, 47.4830784 ], [ 6.9885382, 47.4847657 ], [ 6.9886493, 47.486898 ], [ 6.9877816, 47.4882968 ], [ 6.9869332, 47.4902394 ], [ 6.9857539, 47.4916525 ], [ 6.9864273, 47.4921413 ], [ 6.9856533, 47.4925509 ], [ 6.9849325, 47.4928541 ], [ 6.9836543, 47.4933323 ], [ 6.9826398, 47.4936563 ], [ 6.982698, 47.4939373 ], [ 6.9829685, 47.4945518 ], [ 6.9860259, 47.493339399999989 ], [ 6.9862474, 47.4934553 ], [ 6.988281, 47.4948494 ], [ 6.9908337, 47.4958381 ], [ 6.9932704, 47.4965017 ], [ 6.9958719, 47.4973038 ], [ 6.9994107, 47.4986172 ], [ 7.0003413, 47.4990737 ], [ 7.0003806, 47.499724 ], [ 7.003737, 47.5007461 ], [ 7.0051573, 47.5010812 ], [ 7.0052628, 47.5010686 ], [ 7.0067316, 47.5013759 ], [ 7.0104111, 47.5022163 ], [ 7.013459, 47.5029342 ], [ 7.014745, 47.5033035 ], [ 7.0167297, 47.5036948 ], [ 7.0176726, 47.5036929 ], [ 7.019082, 47.5041814 ], [ 7.0197451, 47.5043316 ], [ 7.0201505, 47.5043987 ], [ 7.0215098, 47.504468 ], [ 7.0249338, 47.504292899999989 ], [ 7.0259343, 47.5029893 ], [ 7.0264111, 47.5023968 ], [ 7.027055, 47.5018869 ], [ 7.0276467, 47.5013194 ], [ 7.0282374, 47.5016216 ], [ 7.0290918, 47.501539799999989 ], [ 7.029718, 47.5011116 ], [ 7.0308364, 47.5004212 ], [ 7.0318618, 47.5000153 ], [ 7.0329333, 47.499655499999989 ], [ 7.0342041, 47.4991878 ], [ 7.03665, 47.499204 ], [ 7.0369414, 47.4975147 ], [ 7.0379777, 47.497641 ], [ 7.0415293, 47.498018 ], [ 7.0431768, 47.4981537 ], [ 7.0445344, 47.4984472 ], [ 7.0456717, 47.497975 ], [ 7.0475061, 47.4970117 ], [ 7.0483861, 47.4965323 ], [ 7.0493354, 47.4960711 ], [ 7.0507068, 47.4956358 ], [ 7.0524294, 47.495113499999988 ], [ 7.0557236, 47.495006 ], [ 7.0581615, 47.4954113 ], [ 7.0607651, 47.4953872 ], [ 7.0628452, 47.4945828 ], [ 7.0651556, 47.4940262 ], [ 7.0675086, 47.4934888 ], [ 7.0698619, 47.4929036 ], [ 7.072068, 47.4923766 ], [ 7.0725496, 47.4897431 ], [ 7.0748515, 47.4881888 ], [ 7.07816, 47.488711099999989 ], [ 7.0813525, 47.4897169 ], [ 7.0826677, 47.4904316 ], [ 7.084953, 47.4916061 ], [ 7.0887733, 47.4933035 ], [ 7.0893923, 47.4936766 ], [ 7.0914201, 47.4947149 ], [ 7.0929465, 47.4951255 ], [ 7.0942288, 47.4954409 ], [ 7.0969069, 47.4951745 ] ] ] ] } },
{ "type": "Feature", "properties": { "code_departement": 90.0, "code_rne": "0900009W", "multisecteur": 0.0 }, "geometry": { "type": "MultiPolygon", "coordinates": [ [ [ [ 6.8458791, 47.8228938 ], [ 6.8451776, 47.8235728 ], [ 6.8447891, 47.8239919 ], [ 6.8428845, 47.8248708 ], [ 6.8423452, 47.8250912 ], [ 6.8422065, 47.8250976 ], [ 6.84155, 47.8249569 ], [ 6.8408102, 47.8248649 ], [ 6.8403806, 47.824863699999987 ], [ 6.8401647, 47.8248383 ], [ 6.8398033, 47.8247817 ], [ 6.8395421, 47.8247218 ], [ 6.839399, 47.8246679 ], [ 6.8390854, 47.8244745 ], [ 6.8388845, 47.8243982 ], [ 6.8387115, 47.8240218 ], [ 6.8386686, 47.8238358 ], [ 6.838525, 47.8236071 ], [ 6.8378801, 47.8230155 ], [ 6.8371819, 47.8225365 ], [ 6.8368906, 47.8223001 ], [ 6.8363768, 47.8220042 ], [ 6.8360674, 47.8219062 ], [ 6.8356238, 47.8216 ], [ 6.8355014, 47.8214985 ], [ 6.8353388, 47.8212849 ], [ 6.8352185, 47.821063599999988 ], [ 6.8349044, 47.8203629 ], [ 6.834797, 47.8204133 ], [ 6.8344235, 47.8197993 ], [ 6.8343098, 47.8193912 ], [ 6.8342822, 47.8191939 ], [ 6.8341641, 47.8188923 ], [ 6.8340588, 47.8186939 ], [ 6.8339663, 47.818598699999988 ], [ 6.8335173, 47.8184386 ], [ 6.8323433, 47.8175759 ], [ 6.830557, 47.8170144 ], [ 6.830068, 47.8167628 ], [ 6.8290407, 47.8164873 ], [ 6.8274592, 47.8159632 ], [ 6.8271533, 47.8155245 ], [ 6.8266754, 47.8154076 ], [ 6.8263198, 47.8151507 ], [ 6.8254895, 47.8148228 ], [ 6.8247369, 47.8146266 ], [ 6.8238367, 47.8142559 ], [ 6.8236076, 47.813284 ], [ 6.8235333, 47.8130512 ], [ 6.8235591, 47.8125548 ], [ 6.8239072, 47.811145 ], [ 6.824891, 47.8093503 ], [ 6.8249356, 47.8090786 ], [ 6.8234753, 47.8084144 ], [ 6.8217994, 47.8075779 ], [ 6.8206169, 47.807038 ], [ 6.8204725, 47.8069085 ], [ 6.8206517, 47.8058655 ], [ 6.8202761, 47.8053849 ], [ 6.8181153, 47.8032342 ], [ 6.815931, 47.8009752 ], [ 6.8144674, 47.7985278 ], [ 6.8135357, 47.798104 ], [ 6.811699, 47.797724099999989 ], [ 6.811505, 47.7971997 ], [ 6.8113844, 47.796973 ], [ 6.8112665, 47.79682 ], [ 6.8111896, 47.7965315 ], [ 6.8111661, 47.796334 ], [ 6.8111103, 47.7962457 ], [ 6.8115636, 47.7948649 ], [ 6.811315, 47.7942891 ], [ 6.8100151, 47.7939332 ], [ 6.808793, 47.7937098 ], [ 6.8079632, 47.7933818 ], [ 6.8073022, 47.792686 ], [ 6.8070026, 47.7922921 ], [ 6.8061307, 47.7914698 ], [ 6.8050342, 47.7911513 ], [ 6.8037235, 47.7906614 ], [ 6.802374, 47.7897222 ], [ 6.8015845, 47.7890774 ], [ 6.7986423, 47.787478 ], [ 6.7980158, 47.7871865 ], [ 6.7979428, 47.7870997 ], [ 6.7968743, 47.7863297 ], [ 6.7960955, 47.7850088 ], [ 6.7950954, 47.7850466 ], [ 6.7925603, 47.785099 ], [ 6.7856241, 47.7820761 ], [ 6.7847015, 47.7814355 ], [ 6.7843109, 47.7807751 ], [ 6.7840177, 47.77966 ], [ 6.7835463, 47.7788219 ], [ 6.7804958, 47.7762281 ], [ 6.7798921, 47.7750879 ], [ 6.779528, 47.774742 ], [ 6.778446, 47.7705942 ], [ 6.7783082, 47.7705545 ], [ 6.7759427, 47.7694288 ], [ 6.7747942, 47.768481 ], [ 6.7746378, 47.7682175 ], [ 6.7745806, 47.7667326 ], [ 6.7735373, 47.7662319 ], [ 6.7728446, 47.7659434 ], [ 6.7723518, 47.7656466 ], [ 6.7707587, 47.764176 ], [ 6.7694041, 47.7631465 ], [ 6.7680624, 47.7614867 ], [ 6.7673295, 47.7607039 ], [ 6.7657475, 47.7593671 ], [ 6.7644072, 47.7585173 ], [ 6.7644754, 47.7537404 ], [ 6.764316, 47.7534319 ], [ 6.7630347, 47.7524892 ], [ 6.7626907, 47.7523669 ], [ 6.7611553, 47.751570199999989 ], [ 6.7609323, 47.7513079 ], [ 6.760846, 47.7502754 ], [ 6.7598642, 47.7489166 ], [ 6.7594299, 47.748689 ], [ 6.7593786, 47.748624899999989 ], [ 6.7591407, 47.7484713 ], [ 6.7582404, 47.7480208 ], [ 6.7579258, 47.7478976 ], [ 6.757873, 47.7478317 ], [ 6.7578109, 47.747652599999988 ], [ 6.7578263, 47.747416 ], [ 6.7578971, 47.7471704 ], [ 6.7578898, 47.747104 ], [ 6.7595833, 47.7391535 ], [ 6.7603552, 47.7379979 ], [ 6.7601434, 47.7370603 ], [ 6.7604906, 47.7364166 ], [ 6.7604108, 47.734663 ], [ 6.7604303, 47.7325007 ], [ 6.7610307, 47.7300908 ], [ 6.7605525, 47.7291628 ], [ 6.7584729, 47.7274401 ], [ 6.7576541, 47.7264356 ], [ 6.7570408, 47.7262787 ], [ 6.7566227, 47.7260696 ], [ 6.756245, 47.7255428 ], [ 6.7566728, 47.7250768 ], [ 6.7566204, 47.7244477 ], [ 6.7583309, 47.723347499999988 ], [ 6.7594496, 47.7223591 ], [ 6.7609908, 47.7216247 ], [ 6.7624316, 47.7204889 ], [ 6.763203, 47.7201442 ], [ 6.764061, 47.7200211 ], [ 6.7648446, 47.7198111 ], [ 6.7655342, 47.7192897 ], [ 6.7668582, 47.7191489 ], [ 6.7676284, 47.7179941 ], [ 6.7682494, 47.7174298 ], [ 6.7686399, 47.7165144 ], [ 6.768775, 47.7149322 ], [ 6.7689471, 47.7146104 ], [ 6.7705469, 47.7137839 ], [ 6.771326, 47.7127189 ], [ 6.7715801, 47.7125737 ], [ 6.7725697, 47.7116353 ], [ 6.7725466, 47.7113657 ], [ 6.7722508, 47.7110166 ], [ 6.772446, 47.7101534 ], [ 6.7720606, 47.7095377 ], [ 6.7708238, 47.7083233 ], [ 6.7701876, 47.7078978 ], [ 6.7700404, 47.7077232 ], [ 6.7704123, 47.7065831 ], [ 6.7699372, 47.7057 ], [ 6.7698771, 47.704982 ], [ 6.7701465, 47.7042056 ], [ 6.7700786, 47.7033977 ], [ 6.7702041, 47.7033026 ], [ 6.770531, 47.7016232 ], [ 6.7709509, 47.7010672 ], [ 6.7718302, 47.7004027 ], [ 6.7722808, 47.7002061 ], [ 6.7729175, 47.6998477 ], [ 6.773295, 47.6995814 ], [ 6.7739344, 47.6992417 ], [ 6.7763541, 47.6986544 ], [ 6.7777831, 47.6981938 ], [ 6.7781484, 47.6977747 ], [ 6.7787075, 47.6964923 ], [ 6.77887, 47.6960356 ], [ 6.7794119, 47.6953396 ], [ 6.7794598, 47.6951119 ], [ 6.7792927, 47.6947136 ], [ 6.7788408, 47.6941001 ], [ 6.7788113, 47.6937406 ], [ 6.7792201, 47.6930498 ], [ 6.7797883, 47.6902803 ], [ 6.7801738, 47.6897695 ], [ 6.7853893, 47.690163 ], [ 6.7856116, 47.6901549 ], [ 6.7877286, 47.6902917 ], [ 6.7890615, 47.6902864 ], [ 6.7953162, 47.6900915 ], [ 6.7970282, 47.6906117 ], [ 6.7973641, 47.6906432 ], [ 6.7973718, 47.690733 ], [ 6.8006538, 47.6916887 ], [ 6.8013324, 47.6919028 ], [ 6.8036966, 47.6919114 ], [ 6.8038446, 47.6918904 ], [ 6.8041635, 47.6919269 ], [ 6.8046537, 47.6919316 ], [ 6.8049952, 47.6918547 ], [ 6.8053717, 47.6919867 ], [ 6.8069286, 47.6928749 ], [ 6.8073627, 47.6931401 ], [ 6.8077582, 47.6934075 ], [ 6.8085864, 47.693604 ], [ 6.8087234, 47.6932246 ], [ 6.8088067, 47.6930642 ], [ 6.8089449, 47.6928876 ], [ 6.8091735, 47.6927432 ], [ 6.8093559, 47.6926814 ], [ 6.8095069, 47.6926846 ], [ 6.8095719, 47.6927347 ], [ 6.8098583, 47.6931931 ], [ 6.8098864, 47.6935859 ], [ 6.8097734, 47.6938158 ], [ 6.8100743, 47.6938249 ], [ 6.8101957, 47.6938426 ], [ 6.8102406, 47.6937429 ], [ 6.8104045, 47.6935708 ], [ 6.810801, 47.6933101 ], [ 6.8112671, 47.6930534 ], [ 6.811437, 47.6929289 ], [ 6.8118861, 47.6923781 ], [ 6.812203, 47.6919199 ], [ 6.8125242, 47.6916905 ], [ 6.8135358, 47.692025099999988 ], [ 6.8139787, 47.692226899999987 ], [ 6.8143322, 47.6923172 ], [ 6.8146772, 47.6924564 ], [ 6.8151384, 47.6925603 ], [ 6.8155444, 47.6927138 ], [ 6.8161103, 47.6934027 ], [ 6.8161698, 47.693562 ], [ 6.8161643, 47.6936343 ], [ 6.8163308, 47.6940587 ], [ 6.8181362, 47.6948901 ], [ 6.8197109, 47.6953694 ], [ 6.8234484, 47.6961717 ], [ 6.8247316, 47.6963469 ], [ 6.8250182, 47.6966015 ], [ 6.8253747, 47.6968629 ], [ 6.8290879, 47.6981606 ], [ 6.8313174, 47.6984804 ], [ 6.8315836, 47.6984699 ], [ 6.8316213, 47.6973422 ], [ 6.8320193, 47.6973265 ], [ 6.832778, 47.6976125 ], [ 6.8340601, 47.6977885 ], [ 6.835399, 47.6978266 ], [ 6.8363593, 47.6981501 ], [ 6.8366898, 47.6981789 ], [ 6.8375994, 47.6982986 ], [ 6.8375911, 47.6981457 ], [ 6.8398903, 47.698063 ], [ 6.8407689, 47.6985478 ], [ 6.8416425, 47.6983334 ], [ 6.8424002, 47.6981049 ], [ 6.842655, 47.6980658 ], [ 6.8429645, 47.697934 ], [ 6.845091, 47.6978064 ], [ 6.8480165, 47.6975416 ], [ 6.8486044, 47.6975313 ], [ 6.8496027, 47.697584 ], [ 6.8525581, 47.697437 ], [ 6.853387, 47.6977693 ], [ 6.8538092, 47.6978121 ], [ 6.8549917, 47.6980128 ], [ 6.8560605, 47.6982281 ], [ 6.8572991, 47.6984287 ], [ 6.8601735, 47.698988 ], [ 6.8615288, 47.6999508 ], [ 6.8617138, 47.7000528 ], [ 6.8619117, 47.700003 ], [ 6.8625794, 47.6999512 ], [ 6.8709162, 47.6993501 ], [ 6.8726065, 47.6992436 ], [ 6.8779708, 47.6987774 ], [ 6.8806425, 47.6985102 ], [ 6.8825105, 47.6980589 ], [ 6.8868495, 47.6964593 ], [ 6.8869177, 47.6964787 ], [ 6.887144, 47.6964883 ], [ 6.8873295, 47.6964695 ], [ 6.8882006, 47.6948535 ], [ 6.888499, 47.6945336 ], [ 6.8886924, 47.6946236 ], [ 6.8888243, 47.6946381 ], [ 6.8891098, 47.6947827 ], [ 6.889202, 47.694803099999987 ], [ 6.8892845, 47.6947995 ], [ 6.8893628, 47.6947743 ], [ 6.889436, 47.694716899999989 ], [ 6.8894561, 47.6946631 ], [ 6.8895085, 47.6946316 ], [ 6.8899002, 47.6946032 ], [ 6.8901769, 47.6946084 ], [ 6.8904682, 47.6944843 ], [ 6.8905364, 47.6953823 ], [ 6.8908281, 47.6959394 ], [ 6.8905498, 47.6964056 ], [ 6.8910417, 47.6975111 ], [ 6.8921065, 47.6983642 ], [ 6.8912432, 47.6985885 ], [ 6.8910032, 47.6988669 ], [ 6.8910027, 47.6992805 ], [ 6.8909222, 47.699951 ], [ 6.8907045, 47.7004241 ], [ 6.8911226, 47.701725 ], [ 6.8911231, 47.7017872 ], [ 6.8910547, 47.7019652 ], [ 6.8910525, 47.7020454 ], [ 6.8911156, 47.7022326 ], [ 6.8913116, 47.7025036 ], [ 6.891467, 47.7026021 ], [ 6.8915072, 47.7026584 ], [ 6.8916553, 47.702694 ], [ 6.8917589, 47.7027419 ], [ 6.8919302, 47.702912 ], [ 6.8920532, 47.7030061 ], [ 6.8922494, 47.703023 ], [ 6.8923182, 47.7030513 ], [ 6.8923987, 47.7031117 ], [ 6.8924734, 47.703294 ], [ 6.8924649, 47.703798 ], [ 6.8925062, 47.7038705 ], [ 6.892559, 47.7039165 ], [ 6.892606, 47.7041222 ], [ 6.8926046, 47.7042665 ], [ 6.8923376, 47.7046683 ], [ 6.8923435, 47.7049691 ], [ 6.892254, 47.7051144 ], [ 6.8922177, 47.7053301 ], [ 6.8921444, 47.7054407 ], [ 6.8921181, 47.705556 ], [ 6.8922348, 47.7055819 ], [ 6.8922966, 47.705624 ], [ 6.8923003, 47.7056752 ], [ 6.8922288, 47.7059389 ], [ 6.8922484, 47.7061699 ], [ 6.8921221, 47.7064516 ], [ 6.8920819, 47.7066503 ], [ 6.8920725, 47.7067417 ], [ 6.8920971, 47.7069139 ], [ 6.8921441, 47.7070628 ], [ 6.8922697, 47.7073019 ], [ 6.8924036, 47.7074714 ], [ 6.8925072, 47.7075554 ], [ 6.8925069, 47.7079897 ], [ 6.8926343, 47.7081432 ], [ 6.8926382, 47.708289 ], [ 6.8927128, 47.7085966 ], [ 6.8932182, 47.7091907 ], [ 6.8932312, 47.709186699999989 ], [ 6.8932946, 47.7092494 ], [ 6.8935634, 47.7094387 ], [ 6.8938078, 47.7097316 ], [ 6.8938845, 47.709757 ], [ 6.8939146, 47.7098037 ], [ 6.8940096, 47.7098069 ], [ 6.8940995, 47.7101409 ], [ 6.8943633, 47.7106269 ], [ 6.8944189, 47.7107845 ], [ 6.8944171, 47.7108513 ], [ 6.8944723, 47.7110585 ], [ 6.8945508, 47.711182 ], [ 6.8948407, 47.711896 ], [ 6.8951847, 47.711999 ], [ 6.8953815, 47.7132288 ], [ 6.8983904, 47.7132367 ], [ 6.9011658, 47.7136118 ], [ 6.9033604, 47.7146965 ], [ 6.9048968, 47.7150354 ], [ 6.9060258, 47.7154258 ], [ 6.9084355, 47.7180019 ], [ 6.908802, 47.720411 ], [ 6.9083923, 47.7222153 ], [ 6.9068431, 47.7235071 ], [ 6.9054669, 47.7275587 ], [ 6.9053023, 47.7282104 ], [ 6.9046403, 47.7301645 ], [ 6.9037838, 47.7323829 ], [ 6.8971768, 47.7381237 ], [ 6.8914029, 47.7458315 ], [ 6.8896109, 47.7493911 ], [ 6.8890692, 47.7502427 ], [ 6.8882827, 47.7507798 ], [ 6.8886017, 47.7509764 ], [ 6.8888002, 47.7511329 ], [ 6.8888934, 47.751292 ], [ 6.8889749, 47.751566 ], [ 6.8890077, 47.7518145 ], [ 6.8889929, 47.7519952 ], [ 6.8889472, 47.7521752 ], [ 6.8888717, 47.752348 ], [ 6.888429, 47.7530746 ], [ 6.8880582, 47.7535402 ], [ 6.8885095, 47.753828899999988 ], [ 6.8890877, 47.7542981 ], [ 6.8893809, 47.7546344 ], [ 6.8901895, 47.7551671 ], [ 6.890435, 47.7553626 ], [ 6.8905886, 47.755617 ], [ 6.8906794, 47.7559276 ], [ 6.8908585, 47.7561469 ], [ 6.8914313, 47.7566523 ], [ 6.8916181, 47.7567759 ], [ 6.8929716, 47.757814 ], [ 6.8930865, 47.7578868 ], [ 6.8932736, 47.7580509 ], [ 6.8934407, 47.7582526 ], [ 6.8934623, 47.7583825 ], [ 6.8934415, 47.7585733 ], [ 6.8933617, 47.7589076 ], [ 6.8933948, 47.7591769 ], [ 6.8936702, 47.7596903 ], [ 6.894332, 47.7607524 ], [ 6.8943656, 47.7609189 ], [ 6.894888, 47.7612827 ], [ 6.8952519, 47.7616346 ], [ 6.8953531, 47.7618664 ], [ 6.8953866, 47.762032 ], [ 6.8953392, 47.7621508 ], [ 6.8954368, 47.76228 ], [ 6.8963684, 47.7631753 ], [ 6.8965095, 47.763368 ], [ 6.8968527, 47.7637467 ], [ 6.8970754, 47.7639403 ], [ 6.8975059, 47.7642522 ], [ 6.897704, 47.764494299999988 ], [ 6.8977856, 47.7647502 ], [ 6.8978285, 47.7649704 ], [ 6.8978807, 47.7650264 ], [ 6.8978407, 47.7651557 ], [ 6.8979146, 47.7653064 ], [ 6.8981023, 47.7654425 ], [ 6.8983388, 47.7655329 ], [ 6.8987332, 47.7657171 ], [ 6.8991695, 47.7657611 ], [ 6.8995997, 47.7657585 ], [ 6.90034, 47.7657924 ], [ 6.900623, 47.7657884 ], [ 6.9013253, 47.7657406 ], [ 6.9015715, 47.7657991 ], [ 6.9019875, 47.7659492 ], [ 6.9021543, 47.7659644 ], [ 6.9022731, 47.7660533 ], [ 6.9025595, 47.7660951 ], [ 6.9027419, 47.7661025 ], [ 6.9030447, 47.7662591 ], [ 6.9032918, 47.7662752 ], [ 6.9034548, 47.7663103 ], [ 6.9035332, 47.7663951 ], [ 6.903825, 47.7664367 ], [ 6.9044266, 47.7666023 ], [ 6.9046842, 47.7666343 ], [ 6.9054265, 47.766787 ], [ 6.9051012, 47.7686362 ], [ 6.9050536, 47.7686982 ], [ 6.9050131, 47.7688572 ], [ 6.9050057, 47.7691386 ], [ 6.9049499, 47.7696712 ], [ 6.9049114, 47.7697834 ], [ 6.9048464, 47.769882 ], [ 6.9045651, 47.7701473 ], [ 6.9039908, 47.7705719 ], [ 6.9038121, 47.7707788 ], [ 6.9036379, 47.7711001 ], [ 6.9035616, 47.771354 ], [ 6.903423, 47.7723976 ], [ 6.9033103, 47.7728294 ], [ 6.9031725, 47.7730638 ], [ 6.9031768, 47.7733593 ], [ 6.9030781, 47.7735266 ], [ 6.9030931, 47.7735855 ], [ 6.9022995, 47.7766335 ], [ 6.9019129, 47.7767221 ], [ 6.901288, 47.7768231 ], [ 6.9009972, 47.7768869 ], [ 6.8994116, 47.7771037 ], [ 6.8990041, 47.7771263 ], [ 6.8988533, 47.7771115 ], [ 6.898548, 47.7770315 ], [ 6.8982353, 47.7769969 ], [ 6.8979618, 47.7770042 ], [ 6.8978431, 47.7770442 ], [ 6.8973587, 47.7770198 ], [ 6.8970827, 47.7770299 ], [ 6.8968833, 47.7770635 ], [ 6.8963206, 47.7771201 ], [ 6.8948935, 47.7773487 ], [ 6.8946511, 47.7773974 ], [ 6.8944651, 47.7774865 ], [ 6.8942526, 47.7775413 ], [ 6.8936604, 47.777561 ], [ 6.893249, 47.7775467 ], [ 6.8930007, 47.7775703 ], [ 6.8928782, 47.7776131 ], [ 6.8927715, 47.7776717 ], [ 6.8924508, 47.7779112 ], [ 6.8921361, 47.7782875 ], [ 6.8919511, 47.778701 ], [ 6.8918817, 47.7787565 ], [ 6.8913194, 47.7788373 ], [ 6.89108, 47.7789093 ], [ 6.8908596, 47.7789851 ], [ 6.8904674, 47.7791603 ], [ 6.8903005, 47.779219 ], [ 6.8893531, 47.7795172 ], [ 6.8885417, 47.7797938 ], [ 6.8880984, 47.7799843 ], [ 6.8873191, 47.7803697 ], [ 6.8859529, 47.7809026 ], [ 6.8857405, 47.7810141 ], [ 6.8855908, 47.7810696 ], [ 6.8852082, 47.781176 ], [ 6.884842, 47.7813062 ], [ 6.8844051, 47.7814198 ], [ 6.8837438, 47.7815553 ], [ 6.882125, 47.7820352 ], [ 6.8818074, 47.7820971 ], [ 6.8811943, 47.7821057 ], [ 6.8805857, 47.7820835 ], [ 6.8801879, 47.7821472 ], [ 6.8776333, 47.7824445 ], [ 6.8772108, 47.7824261 ], [ 6.876187, 47.7822473 ], [ 6.8742298, 47.7819381 ], [ 6.8720013, 47.781774899999988 ], [ 6.8696199, 47.7823411 ], [ 6.8695465, 47.7823976 ], [ 6.8689991, 47.7826662 ], [ 6.8686732, 47.7827806 ], [ 6.8684896, 47.782829 ], [ 6.8683613, 47.7828297 ], [ 6.8677572, 47.7830722 ], [ 6.8673984, 47.783267 ], [ 6.8669653, 47.7834525 ], [ 6.8667523, 47.7835199 ], [ 6.8665225, 47.783614 ], [ 6.8660158, 47.7838533 ], [ 6.8653811, 47.7848889 ], [ 6.8626605, 47.7855365 ], [ 6.8624926, 47.7856556 ], [ 6.8623445, 47.7858993 ], [ 6.8621617, 47.7863279 ], [ 6.8621478, 47.7864302 ], [ 6.8621567, 47.7880068 ], [ 6.8606837, 47.7896161 ], [ 6.8621459, 47.7910069 ], [ 6.8621822, 47.7910643 ], [ 6.8622068, 47.7911825 ], [ 6.8621991, 47.7917026 ], [ 6.8621761, 47.7918088 ], [ 6.8620762, 47.7920536 ], [ 6.861625, 47.7925434 ], [ 6.860047, 47.7943471 ], [ 6.8583659, 47.7947315 ], [ 6.8575808, 47.7949511 ], [ 6.8574327, 47.794974 ], [ 6.8568901, 47.7951072 ], [ 6.8567456, 47.7951624 ], [ 6.8552386, 47.7956067 ], [ 6.8548822, 47.7957257 ], [ 6.8545074, 47.7958867 ], [ 6.8540191, 47.7961974 ], [ 6.8536219, 47.796530399999988 ], [ 6.8523425, 47.7975132 ], [ 6.8515964, 47.7979955 ], [ 6.8513303, 47.7982917 ], [ 6.8510767, 47.7986488 ], [ 6.8509156, 47.7988244 ], [ 6.8508179, 47.7989898 ], [ 6.8500431, 47.8000921 ], [ 6.8497332, 47.8003735 ], [ 6.8495664, 47.8006556 ], [ 6.849388, 47.8008336 ], [ 6.8490165, 47.8014477 ], [ 6.849074, 47.8014656 ], [ 6.8489718, 47.8016618 ], [ 6.8488558, 47.8018134 ], [ 6.848582, 47.8026875 ], [ 6.8485716, 47.8030609 ], [ 6.8486131, 47.8032641 ], [ 6.8484961, 47.8036995 ], [ 6.8483295, 47.8040582 ], [ 6.8483227, 47.8041305 ], [ 6.848199, 47.8042689 ], [ 6.8491618, 47.8054122 ], [ 6.8501804, 47.8063636 ], [ 6.8505578, 47.8068099 ], [ 6.8498184, 47.8076821 ], [ 6.8496214, 47.8078616 ], [ 6.8492716, 47.808165 ], [ 6.8489006, 47.8083439 ], [ 6.8487436, 47.8086329 ], [ 6.8486048, 47.8086546 ], [ 6.8485125, 47.8087108 ], [ 6.8483625, 47.8087635 ], [ 6.8482791, 47.8088311 ], [ 6.8481311, 47.8090036 ], [ 6.8474628, 47.8107655 ], [ 6.8465435, 47.8105398 ], [ 6.8463281, 47.8105946 ], [ 6.8457334, 47.8107872 ], [ 6.8455016, 47.810893 ], [ 6.8452575, 47.8110695 ], [ 6.8449626, 47.8112081 ], [ 6.8447351, 47.8113372 ], [ 6.8443129, 47.8116214 ], [ 6.8441942, 47.8117181 ], [ 6.84399, 47.8118356 ], [ 6.8437439, 47.811929299999989 ], [ 6.8426841, 47.812183 ], [ 6.8428285, 47.8125702 ], [ 6.8428834, 47.8126081 ], [ 6.8429698, 47.8128224 ], [ 6.8428686, 47.8131997 ], [ 6.8428042, 47.8136595 ], [ 6.8426243, 47.8141863 ], [ 6.8423637, 47.8152257 ], [ 6.8422961, 47.8160677 ], [ 6.8421675, 47.8169531 ], [ 6.8420766, 47.8172129 ], [ 6.8419334, 47.8175267 ], [ 6.8415751, 47.8181962 ], [ 6.8411482, 47.8188239 ], [ 6.8410139, 47.8189833 ], [ 6.8426335, 47.8201971 ], [ 6.842816, 47.8203154 ], [ 6.8430537, 47.82055 ], [ 6.8434386, 47.8207663 ], [ 6.8435078, 47.8208352 ], [ 6.8435736, 47.8209492 ], [ 6.8438076, 47.8211326 ], [ 6.8438841, 47.8212283 ], [ 6.8446323, 47.8218976 ], [ 6.8449732, 47.8221711 ], [ 6.8451401, 47.8222783 ], [ 6.8451459, 47.8223763 ], [ 6.8454896, 47.8225957 ], [ 6.8458553, 47.8228612 ], [ 6.8458791, 47.8228938 ] ] ] ] } },
{ "type": "Feature", "properties": { "code_departement": 90.0, "code_rne": "0900011Y", "multisecteur": 0.0 }, "geometry": { "type": "MultiPolygon", "coordinates": [ [ [ [ 7.055524, 47.5767827 ], [ 7.0555464, 47.5764466 ], [ 7.0554781, 47.576056 ], [ 7.0553785, 47.5758143 ], [ 7.0552922, 47.5757128 ], [ 7.0550518, 47.5755292 ], [ 7.054805, 47.5752962 ], [ 7.0544828, 47.5750523 ], [ 7.0542303, 47.5748313 ], [ 7.0539001, 47.5744642 ], [ 7.0538038, 47.5743017 ], [ 7.0537759, 47.5742144 ], [ 7.0538308, 47.574025 ], [ 7.0542051, 47.5739038 ], [ 7.0545186, 47.573752299999988 ], [ 7.054914, 47.5735213 ], [ 7.0553482, 47.573189 ], [ 7.0554683, 47.5730343 ], [ 7.0556062, 47.5727978 ], [ 7.0557162, 47.572685 ], [ 7.0558404, 47.5726202 ], [ 7.0567957, 47.5719759 ], [ 7.0549162, 47.5714645 ], [ 7.0550075, 47.571280099999989 ], [ 7.0551162, 47.5711511 ], [ 7.0552769, 47.5708652 ], [ 7.0555988, 47.5704204 ], [ 7.0557101, 47.5703084 ], [ 7.0558487, 47.5702215 ], [ 7.0559913, 47.5701706 ], [ 7.0566199, 47.5700649 ], [ 7.0568283, 47.5700036 ], [ 7.0570193, 47.569905 ], [ 7.0571824, 47.5697912 ], [ 7.0578414, 47.5692788 ], [ 7.0586483, 47.5696626 ], [ 7.0592284, 47.5699182 ], [ 7.0596285, 47.5700828 ], [ 7.0602033, 47.5702683 ], [ 7.0608812, 47.5704258 ], [ 7.0631424, 47.5709996 ], [ 7.0631788, 47.5709361 ], [ 7.0640075, 47.5710442 ], [ 7.0674771, 47.5719381 ], [ 7.0677546, 47.5720835 ], [ 7.0701785, 47.5740737 ], [ 7.0712069, 47.5734646 ], [ 7.0716122, 47.5732602 ], [ 7.0718538, 47.5730922 ], [ 7.0728684, 47.5740492 ], [ 7.073879, 47.5752667 ], [ 7.0742028, 47.5750409 ], [ 7.0753721, 47.5758067 ], [ 7.0762381, 47.5758963 ], [ 7.0767221, 47.5759208 ], [ 7.0771511, 47.575922 ], [ 7.0784142, 47.5772515 ], [ 7.0780956, 47.5774411 ], [ 7.0787671, 47.578401 ], [ 7.0796491, 47.5774805 ], [ 7.0811417, 47.5780294 ], [ 7.0818838, 47.578346 ], [ 7.0820735, 47.5784051 ], [ 7.0823031, 47.5785161 ], [ 7.0825214, 47.5785832 ], [ 7.08261, 47.5787667 ], [ 7.0824071, 47.5789351 ], [ 7.0825198, 47.5790159 ], [ 7.0829247, 47.5793983 ], [ 7.0836208, 47.5803131 ], [ 7.0837732, 47.5805647 ], [ 7.0838427, 47.5805496 ], [ 7.0838894, 47.5804984 ], [ 7.084158, 47.5808757 ], [ 7.0843321, 47.5810787 ], [ 7.0847121, 47.5814493 ], [ 7.0857692, 47.5828337 ], [ 7.0854829, 47.5836703 ], [ 7.0864607, 47.5855495 ], [ 7.0863491, 47.5855534 ], [ 7.0863356, 47.5856026 ], [ 7.0864729, 47.5856915 ], [ 7.0863805, 47.5857722 ], [ 7.0862083, 47.5857323 ], [ 7.0860886, 47.585613 ], [ 7.0857972, 47.5856007 ], [ 7.0857188, 47.5856215 ], [ 7.0856741, 47.5856979 ], [ 7.0855757, 47.5857013 ], [ 7.0856899, 47.5859569 ], [ 7.0856794, 47.5859933 ], [ 7.0855301, 47.5860274 ], [ 7.0853934, 47.5859826 ], [ 7.0852496, 47.5860002 ], [ 7.0851791, 47.586037 ], [ 7.0851028, 47.586119 ], [ 7.0851511, 47.5862272 ], [ 7.0854655, 47.5862793 ], [ 7.0856862, 47.5863779 ], [ 7.0858386, 47.5864023 ], [ 7.0857997, 47.5864857 ], [ 7.0858393, 47.5865853 ], [ 7.0858831, 47.5866189 ], [ 7.0859831, 47.5866199 ], [ 7.0862399, 47.5865631 ], [ 7.0862934, 47.5866009 ], [ 7.0862486, 47.5866944 ], [ 7.0861327, 47.586763399999988 ], [ 7.0858929, 47.5867646 ], [ 7.0858696, 47.586842 ], [ 7.0859213, 47.5869087 ], [ 7.0860084, 47.5869669 ], [ 7.0860615, 47.5869651 ], [ 7.0861538, 47.5868834 ], [ 7.0862824, 47.5868915 ], [ 7.0863245, 47.5869369 ], [ 7.0863192, 47.5870597 ], [ 7.0863804, 47.5870927 ], [ 7.0864695, 47.5870742 ], [ 7.0866915, 47.5869457 ], [ 7.086743, 47.5870088 ], [ 7.0866597, 47.5871388 ], [ 7.0866705, 47.5872105 ], [ 7.0868333, 47.5873355 ], [ 7.0869855, 47.5873049 ], [ 7.0869649, 47.5873669 ], [ 7.0869216, 47.5874099 ], [ 7.0867317, 47.5875058 ], [ 7.0868342, 47.5876266 ], [ 7.0868463, 47.5877145 ], [ 7.086718, 47.5878308 ], [ 7.0867372, 47.5878734 ], [ 7.0869095, 47.5879998 ], [ 7.086997, 47.5880986 ], [ 7.0869865, 47.588153 ], [ 7.0870163, 47.5882115 ], [ 7.0871808, 47.5883247 ], [ 7.0872557, 47.5884501 ], [ 7.0874726, 47.588673199999988 ], [ 7.0875189, 47.5887734 ], [ 7.0874875, 47.5888502 ], [ 7.0872824, 47.5889385 ], [ 7.087263, 47.5889807 ], [ 7.0872638, 47.58906 ], [ 7.0873556, 47.589128 ], [ 7.0873795, 47.5892146 ], [ 7.0872701, 47.589386 ], [ 7.0872747, 47.5894291 ], [ 7.0873418, 47.5895395 ], [ 7.0873473, 47.5896114 ], [ 7.087237, 47.5896675 ], [ 7.087085, 47.5896656 ], [ 7.0869661, 47.589714 ], [ 7.0869277, 47.5898036 ], [ 7.0868333, 47.5898583 ], [ 7.0867635, 47.5899383 ], [ 7.0868477, 47.5901516 ], [ 7.0865305, 47.590097 ], [ 7.0864853, 47.5901508 ], [ 7.0863402, 47.5904488 ], [ 7.0863625, 47.5904967 ], [ 7.0866943, 47.5905834 ], [ 7.0867534, 47.5906768 ], [ 7.0867507, 47.5907815 ], [ 7.0865901, 47.5910494 ], [ 7.0865999, 47.5910905 ], [ 7.0865541, 47.5911363 ], [ 7.0864695, 47.5911284 ], [ 7.0863892, 47.5911402 ], [ 7.0863651, 47.5911735 ], [ 7.0863827, 47.5912991 ], [ 7.0863554, 47.5913262 ], [ 7.0862336, 47.5913701 ], [ 7.0861131, 47.5915366 ], [ 7.0862805, 47.5916173 ], [ 7.0863384, 47.5920614 ], [ 7.0863763, 47.5921376 ], [ 7.0863457, 47.5922252 ], [ 7.0863607, 47.5923003 ], [ 7.0863304, 47.5923564 ], [ 7.0862803, 47.5923636 ], [ 7.0862215, 47.592344 ], [ 7.0861295, 47.5923607 ], [ 7.086127, 47.5924149 ], [ 7.0862273, 47.5924375 ], [ 7.0863444, 47.5925217 ], [ 7.086308, 47.5925519 ], [ 7.0861831, 47.5925562 ], [ 7.0860943, 47.5925098 ], [ 7.0859782, 47.5924904 ], [ 7.0858408, 47.5925223 ], [ 7.085827, 47.5925687 ], [ 7.0859838, 47.5927192 ], [ 7.0860037, 47.5927707 ], [ 7.0861493, 47.592863 ], [ 7.0861227, 47.5929153 ], [ 7.0860042, 47.5929519 ], [ 7.0859419, 47.5929378 ], [ 7.0858791, 47.5928319 ], [ 7.0857999, 47.5927716 ], [ 7.0856516, 47.592801099999988 ], [ 7.0855984, 47.5928372 ], [ 7.0856622, 47.5930261 ], [ 7.0856244, 47.5930553 ], [ 7.085505, 47.5930622 ], [ 7.0854048, 47.5929891 ], [ 7.085351, 47.592982 ], [ 7.0853021, 47.5930044 ], [ 7.0852783, 47.5930765 ], [ 7.0852958, 47.5931308 ], [ 7.0852819, 47.5932287 ], [ 7.0852149, 47.5933274 ], [ 7.0851723, 47.593328 ], [ 7.0849965, 47.5932251 ], [ 7.084851, 47.5932032 ], [ 7.084769, 47.5932466 ], [ 7.0847507, 47.5934428 ], [ 7.0846837, 47.5935254 ], [ 7.0844492, 47.593612 ], [ 7.0843614, 47.5936133 ], [ 7.0841962, 47.5934749 ], [ 7.0842576, 47.5933547 ], [ 7.0843253, 47.5933162 ], [ 7.0842867, 47.5932464 ], [ 7.0841195, 47.5932387 ], [ 7.0839959, 47.5932773 ], [ 7.0839896, 47.5933695 ], [ 7.0838882, 47.5935073 ], [ 7.0838347, 47.5936263 ], [ 7.0837477, 47.5936727 ], [ 7.083572, 47.5936761 ], [ 7.0834759, 47.593638 ], [ 7.0834557, 47.5935657 ], [ 7.0833222, 47.5934235 ], [ 7.0831825, 47.593408499999988 ], [ 7.083153, 47.5934934 ], [ 7.0830118, 47.5935812 ], [ 7.0829491, 47.5937015 ], [ 7.0828049, 47.5936976 ], [ 7.0827106, 47.5937892 ], [ 7.0826618, 47.5938134 ], [ 7.0825889, 47.5938007 ], [ 7.0825244, 47.5937407 ], [ 7.0824238, 47.5937325 ], [ 7.0823203, 47.5937902 ], [ 7.0821689, 47.5939181 ], [ 7.081963, 47.5939614 ], [ 7.0818873, 47.5939298 ], [ 7.0818445, 47.5939286 ], [ 7.0815348, 47.5941116 ], [ 7.0815664, 47.594177099999989 ], [ 7.081548, 47.5942499 ], [ 7.0813916, 47.5943825 ], [ 7.0813029, 47.5944072 ], [ 7.0812365, 47.5943933 ], [ 7.0810631, 47.5943912 ], [ 7.0808337, 47.594457 ], [ 7.0807717, 47.5945177 ], [ 7.0807719, 47.5945898 ], [ 7.0808125, 47.5946677 ], [ 7.0809195, 47.5947433 ], [ 7.0809239, 47.5947828 ], [ 7.0810052, 47.5949232 ], [ 7.0809752, 47.5950009 ], [ 7.0808634, 47.5951418 ], [ 7.0808557, 47.595198 ], [ 7.0808181, 47.5952471 ], [ 7.0808497, 47.5952937 ], [ 7.0808384, 47.5954428 ], [ 7.0808023, 47.5954756 ], [ 7.0807566, 47.5955755 ], [ 7.0808466, 47.5958463 ], [ 7.0808298, 47.5959578 ], [ 7.0808964, 47.5960618 ], [ 7.0808767, 47.5961526 ], [ 7.0807988, 47.596214 ], [ 7.0806343, 47.5963288 ], [ 7.0805608, 47.5963431 ], [ 7.0803623, 47.5963257 ], [ 7.0802293, 47.5963465 ], [ 7.0800786, 47.5962581 ], [ 7.0798804, 47.5962966 ], [ 7.07983, 47.5963695 ], [ 7.0798172, 47.5964989 ], [ 7.0797537, 47.5965227 ], [ 7.079656, 47.5965171 ], [ 7.0795776, 47.596537 ], [ 7.0793731, 47.5966685 ], [ 7.0793004, 47.5966927 ], [ 7.0788413, 47.5967187 ], [ 7.0786968, 47.5965885 ], [ 7.0785882, 47.5965283 ], [ 7.0784031, 47.5965988 ], [ 7.0782953, 47.596827 ], [ 7.078094, 47.5969665 ], [ 7.0779464, 47.5970925 ], [ 7.0780019, 47.5972248 ], [ 7.0779007, 47.5973654 ], [ 7.0776677, 47.5975781 ], [ 7.0776898, 47.5977269 ], [ 7.0777393, 47.5978523 ], [ 7.0776683, 47.5978989 ], [ 7.0775218, 47.5978311 ], [ 7.0774755, 47.5980093 ], [ 7.077166, 47.5980751 ], [ 7.0770116, 47.5980418 ], [ 7.0769398, 47.5980443 ], [ 7.0768022, 47.5980049 ], [ 7.0767401, 47.5980468 ], [ 7.0766218, 47.598068 ], [ 7.0765765, 47.5981543 ], [ 7.0764196, 47.5982121 ], [ 7.0763645, 47.5982753 ], [ 7.0762339, 47.5983619 ], [ 7.0761204, 47.5983424 ], [ 7.0759389, 47.5983388 ], [ 7.0758332, 47.5982623 ], [ 7.0756783, 47.598293 ], [ 7.0757548, 47.5984057 ], [ 7.0756242, 47.5985617 ], [ 7.0755902, 47.5986404 ], [ 7.075611, 47.5987207 ], [ 7.0755422, 47.5987619 ], [ 7.0754485, 47.5987562 ], [ 7.0752555, 47.598707 ], [ 7.0751259, 47.5987197 ], [ 7.074927, 47.5988384 ], [ 7.0749383, 47.5989687 ], [ 7.0748847, 47.5990345 ], [ 7.0747932, 47.5990224 ], [ 7.0747343, 47.5988974 ], [ 7.074639, 47.5988701 ], [ 7.0744894, 47.5987789 ], [ 7.0744052, 47.5988106 ], [ 7.0742407, 47.598907399999987 ], [ 7.0740591, 47.5989201 ], [ 7.0739556, 47.5986109 ], [ 7.0739327, 47.5983467 ], [ 7.0739061, 47.5982774 ], [ 7.0737792, 47.598116 ], [ 7.0737152, 47.5978361 ], [ 7.0736208, 47.5976988 ], [ 7.0731369, 47.5974002 ], [ 7.0725788, 47.5971583 ], [ 7.0720887, 47.5969168 ], [ 7.0717245, 47.5965455 ], [ 7.0716317, 47.5964992 ], [ 7.0714697, 47.5964544 ], [ 7.0711987, 47.5964124 ], [ 7.070639, 47.5963761 ], [ 7.0704439, 47.5963865 ], [ 7.0702632, 47.5963766 ], [ 7.0701601, 47.5963342 ], [ 7.069922, 47.5967598 ], [ 7.069871, 47.5969987 ], [ 7.0696305, 47.5974622 ], [ 7.069627, 47.5976435 ], [ 7.0697099, 47.597683 ], [ 7.0699212, 47.5977279 ], [ 7.0699632, 47.597876 ], [ 7.069959, 47.5979789 ], [ 7.0698702, 47.5983516 ], [ 7.0703913, 47.5987543 ], [ 7.0703989, 47.5988361 ], [ 7.0703427, 47.5989561 ], [ 7.0701913, 47.5991371 ], [ 7.0701996, 47.5992639 ], [ 7.0702857, 47.5993619 ], [ 7.07053, 47.5995597 ], [ 7.0713317, 47.6003384 ], [ 7.0708387, 47.6006188 ], [ 7.0707382, 47.6005412 ], [ 7.0704223, 47.6007334 ], [ 7.069646, 47.6005307 ], [ 7.0684158, 47.6003185 ], [ 7.0668066, 47.5996968 ], [ 7.066157, 47.6011039 ], [ 7.0660607, 47.6013452 ], [ 7.0660485, 47.601446599999989 ], [ 7.064268, 47.601200399999989 ], [ 7.0629412, 47.6007689 ], [ 7.060408, 47.6000513 ], [ 7.0593008, 47.5994761 ], [ 7.059407, 47.599347099999989 ], [ 7.0590479, 47.599146 ], [ 7.0587263, 47.5994032 ], [ 7.0581057, 47.5991103 ], [ 7.0578925, 47.599215 ], [ 7.0577503, 47.5993083 ], [ 7.0575418, 47.5995274 ], [ 7.0565376, 47.5988683 ], [ 7.0566462, 47.5987555 ], [ 7.055764, 47.598596 ], [ 7.0559506, 47.5982993 ], [ 7.0557174, 47.5982281 ], [ 7.0554373, 47.5986461 ], [ 7.0543527, 47.5985585 ], [ 7.0542917, 47.5986688 ], [ 7.0542431, 47.5988706 ], [ 7.0541366, 47.5990473 ], [ 7.0533442, 47.6000888 ], [ 7.0532086, 47.6000052 ], [ 7.0531085, 47.6000907 ], [ 7.0522903, 47.6001074 ], [ 7.0521511, 47.600188 ], [ 7.0520512, 47.6002933 ], [ 7.0519052, 47.6004939 ], [ 7.0491879, 47.5992976 ], [ 7.0475795, 47.598682 ], [ 7.047357, 47.5991566 ], [ 7.0473259, 47.5992739 ], [ 7.0471632, 47.5994301 ], [ 7.0471645, 47.5994652 ], [ 7.0474073, 47.59982 ], [ 7.0475061, 47.6000158 ], [ 7.0474581, 47.6001733 ], [ 7.0473015, 47.6004104 ], [ 7.0477053, 47.6005334 ], [ 7.0477331, 47.6008308 ], [ 7.0466747, 47.6009144 ], [ 7.0465899, 47.6010426 ], [ 7.0463395, 47.6010269 ], [ 7.0445789, 47.600549 ], [ 7.0440742, 47.600870199999989 ], [ 7.0412682, 47.600558299999989 ], [ 7.0406776, 47.600924 ], [ 7.0405844, 47.6009966 ], [ 7.0404523, 47.6009237 ], [ 7.039779, 47.6011471 ], [ 7.0394065, 47.6007337 ], [ 7.0393244, 47.600705 ], [ 7.0393457, 47.60067 ], [ 7.039306, 47.600638 ], [ 7.0392314, 47.6005153 ], [ 7.039349, 47.6004139 ], [ 7.0393186, 47.6003464 ], [ 7.0392373, 47.6002762 ], [ 7.0390646, 47.6001768 ], [ 7.0389748, 47.600012199999988 ], [ 7.0388599, 47.5998675 ], [ 7.0388382, 47.5997745 ], [ 7.0386695, 47.5996578 ], [ 7.0386619, 47.5995229 ], [ 7.0386119, 47.5994255 ], [ 7.0383266, 47.5991595 ], [ 7.0380033, 47.5990256 ], [ 7.037905, 47.5989407 ], [ 7.0377793, 47.5988829 ], [ 7.0376852, 47.5987131 ], [ 7.037473, 47.5984969 ], [ 7.0372306, 47.5981817 ], [ 7.0369187, 47.5978284 ], [ 7.036758, 47.5975365 ], [ 7.0365034, 47.5971641 ], [ 7.0365108, 47.596998 ], [ 7.0364528, 47.596918 ], [ 7.0364285, 47.5967557 ], [ 7.0360194, 47.5968086 ], [ 7.0358292, 47.5967602 ], [ 7.0356803, 47.5967473 ], [ 7.03562, 47.5967251 ], [ 7.0356063, 47.596685 ], [ 7.0356791, 47.5966257 ], [ 7.0356743, 47.596579 ], [ 7.0355818, 47.5964659 ], [ 7.0353931, 47.5963499 ], [ 7.035352, 47.5962648 ], [ 7.0353802, 47.5962494 ], [ 7.035561, 47.5962269 ], [ 7.0355959, 47.596177 ], [ 7.0354213, 47.596018099999988 ], [ 7.0353085, 47.595883199999989 ], [ 7.0351877, 47.595818 ], [ 7.0348023, 47.5956556 ], [ 7.0347466, 47.5955178 ], [ 7.0347159, 47.5954819 ], [ 7.0346494, 47.5954482 ], [ 7.0345928, 47.5953339 ], [ 7.0344942, 47.5952634 ], [ 7.0345738, 47.5951705 ], [ 7.0345555, 47.5951053 ], [ 7.0344099, 47.5950644 ], [ 7.0343452, 47.5950198 ], [ 7.0343281, 47.5947932 ], [ 7.0342965, 47.5947285 ], [ 7.0342262, 47.5946444 ], [ 7.0340807, 47.594553 ], [ 7.0340887, 47.5945167 ], [ 7.034245, 47.5944347 ], [ 7.0342729, 47.5943986 ], [ 7.0343691, 47.5941375 ], [ 7.0324776, 47.5940028 ], [ 7.0320131, 47.5939927 ], [ 7.0309187, 47.5939152 ], [ 7.0305395, 47.5938508 ], [ 7.0299238, 47.5937089 ], [ 7.0294533, 47.5935467 ], [ 7.0289312, 47.5933205 ], [ 7.0284594, 47.5931602 ], [ 7.0280659, 47.5930836 ], [ 7.0273011, 47.593012699999989 ], [ 7.0270422, 47.5929531 ], [ 7.0266352, 47.5929104 ], [ 7.0253324, 47.5927183 ], [ 7.0251331, 47.5924792 ], [ 7.0246952, 47.5913893 ], [ 7.024731, 47.590928399999989 ], [ 7.0246389, 47.5905188 ], [ 7.0248182, 47.5892039 ], [ 7.023563, 47.5889363 ], [ 7.023161, 47.5888709 ], [ 7.0206187, 47.5888837 ], [ 7.0204049, 47.5888749 ], [ 7.0202527, 47.5888179 ], [ 7.0200122, 47.5886667 ], [ 7.019874, 47.5886183 ], [ 7.0197671, 47.5886139 ], [ 7.0196474, 47.5886351 ], [ 7.0197539, 47.5888288 ], [ 7.019786, 47.588989 ], [ 7.0199063, 47.5891003 ], [ 7.0199958, 47.589546 ], [ 7.0198335, 47.5897616 ], [ 7.0197608, 47.5899462 ], [ 7.0196396, 47.5900522 ], [ 7.0195275, 47.5901201 ], [ 7.0194114, 47.5901538 ], [ 7.0189921, 47.5902115 ], [ 7.0186272, 47.5902845 ], [ 7.018302, 47.590247 ], [ 7.0182237, 47.5902515 ], [ 7.0177972, 47.5903726 ], [ 7.0177348, 47.5904117 ], [ 7.0175951, 47.5905904 ], [ 7.0172723, 47.5909224 ], [ 7.0170873, 47.5910486 ], [ 7.0166205, 47.591272 ], [ 7.0163741, 47.5913436 ], [ 7.0163466, 47.5914563 ], [ 7.0162853, 47.5915098 ], [ 7.0161082, 47.5915105 ], [ 7.0159372, 47.5915758 ], [ 7.0157963, 47.5917033 ], [ 7.0157825, 47.5918561 ], [ 7.0158672, 47.5920965 ], [ 7.015994, 47.592312 ], [ 7.0161373, 47.5924468 ], [ 7.0163273, 47.5925809 ], [ 7.0165448, 47.5926914 ], [ 7.0170006, 47.592640599999989 ], [ 7.0179836, 47.5927248 ], [ 7.0191115, 47.592558 ], [ 7.0203371, 47.592449 ], [ 7.0212122, 47.5932246 ], [ 7.0215574, 47.593685 ], [ 7.0205606, 47.5946558 ], [ 7.0195457, 47.5959345 ], [ 7.0178679, 47.5969225 ], [ 7.0170753, 47.5973139 ], [ 7.0160726, 47.597854 ], [ 7.0154786, 47.5981413 ], [ 7.0149668, 47.5984581 ], [ 7.0145802, 47.5987211 ], [ 7.0140868, 47.5985037 ], [ 7.0130951, 47.5992796 ], [ 7.0128738, 47.5992241 ], [ 7.0122112, 47.6001067 ], [ 7.0120347, 47.6003823 ], [ 7.0116047, 47.6002276 ], [ 7.0109489, 47.599941 ], [ 7.0102757, 47.5997073 ], [ 7.0097328, 47.5996106 ], [ 7.0091036, 47.5995367 ], [ 7.0090019, 47.599725899999989 ], [ 7.0085706, 47.6001039 ], [ 7.0084576, 47.6000375 ], [ 7.0081621, 47.6001657 ], [ 7.0079048, 47.6004116 ], [ 7.00774, 47.6004713 ], [ 7.0077462, 47.6005712 ], [ 7.0068906, 47.6011197 ], [ 7.0064703, 47.601272 ], [ 7.0056532, 47.602104 ], [ 7.007229, 47.6033369 ], [ 7.0073786, 47.6034841 ], [ 7.007932, 47.6037192 ], [ 7.0080184, 47.6037703 ], [ 7.0080965, 47.6038515 ], [ 7.0081719, 47.6039859 ], [ 7.0082187, 47.6040239 ], [ 7.0086287, 47.6041243 ], [ 7.008906, 47.60425 ], [ 7.0095844, 47.604605199999988 ], [ 7.0098906, 47.6047254 ], [ 7.0100536, 47.6047495 ], [ 7.0103156, 47.6047414 ], [ 7.0103992, 47.604844 ], [ 7.0103994, 47.604953 ], [ 7.0099978, 47.6058681 ], [ 7.0098875, 47.6059972 ], [ 7.0097389, 47.6061113 ], [ 7.0095981, 47.6061883 ], [ 7.0093476, 47.6062077 ], [ 7.0090426, 47.6062101 ], [ 7.0081922, 47.6060302 ], [ 7.0081026, 47.605936799999988 ], [ 7.007739, 47.6061179 ], [ 7.007612, 47.6062538 ], [ 7.0075455, 47.6064156 ], [ 7.0074009, 47.6069208 ], [ 7.0073633, 47.6072366 ], [ 7.0073727, 47.6073084 ], [ 7.0074974, 47.6073185 ], [ 7.0078173, 47.6072841 ], [ 7.0084618, 47.6072944 ], [ 7.0086457, 47.6073476 ], [ 7.008683, 47.6073661 ], [ 7.008726, 47.6074232 ], [ 7.0087428, 47.6075407 ], [ 7.0086988, 47.6077892 ], [ 7.008442, 47.6085037 ], [ 7.0083705, 47.6087937 ], [ 7.0083083, 47.6089238 ], [ 7.0082782, 47.6089492 ], [ 7.0081726, 47.6089798 ], [ 7.0081209, 47.6090194 ], [ 7.0080998, 47.6091644 ], [ 7.0081208, 47.6092304 ], [ 7.0081637, 47.6092703 ], [ 7.0083032, 47.6093178 ], [ 7.0084047, 47.609409 ], [ 7.0085061, 47.609428 ], [ 7.0086115, 47.6093937 ], [ 7.0087249, 47.6094133 ], [ 7.0087965, 47.6094081 ], [ 7.0088406, 47.609428199999989 ], [ 7.0088656, 47.6094941 ], [ 7.0088184, 47.6095579 ], [ 7.0087398, 47.6096119 ], [ 7.0081665, 47.6099282 ], [ 7.0081487, 47.6099747 ], [ 7.0079539, 47.6100779 ], [ 7.0078806, 47.6101849 ], [ 7.0078737, 47.610270799999988 ], [ 7.0079661, 47.6103478 ], [ 7.0081337, 47.6104322 ], [ 7.0081927, 47.6105248 ], [ 7.0082115, 47.6106332 ], [ 7.0082538, 47.6106822 ], [ 7.0083543, 47.6107247 ], [ 7.0083761, 47.6107492 ], [ 7.0083905, 47.6108344 ], [ 7.0083373, 47.6109416 ], [ 7.0082463, 47.6109898 ], [ 7.0081354, 47.6110036 ], [ 7.0080353, 47.6109673 ], [ 7.0078718, 47.6108305 ], [ 7.0076723, 47.6107482 ], [ 7.0074747, 47.6107252 ], [ 7.0073329, 47.6107535 ], [ 7.0072054, 47.6109021 ], [ 7.0071719, 47.611006 ], [ 7.0071499, 47.611653 ], [ 7.0071171, 47.6118371 ], [ 7.0070744, 47.6118728 ], [ 7.0069811, 47.6118543 ], [ 7.0069182, 47.6118691 ], [ 7.006844, 47.6119996 ], [ 7.0067897, 47.6120385 ], [ 7.0066598, 47.6120132 ], [ 7.0066061, 47.6120258 ], [ 7.0065646, 47.6120588 ], [ 7.006561, 47.6121527 ], [ 7.0065381, 47.612185 ], [ 7.0064068, 47.6122823 ], [ 7.0064099, 47.6123769 ], [ 7.0065072, 47.6124835 ], [ 7.0065509, 47.6125865 ], [ 7.0065537, 47.6127306 ], [ 7.006513, 47.6128086 ], [ 7.0064462, 47.6128605 ], [ 7.0062178, 47.6129071 ], [ 7.0061451, 47.6129682 ], [ 7.0061455, 47.6129916 ], [ 7.0062278, 47.6130933 ], [ 7.0062349, 47.6131526 ], [ 7.0062022, 47.6132501 ], [ 7.0062029, 47.6134006 ], [ 7.0061884, 47.6134381 ], [ 7.0060737, 47.613543799999988 ], [ 7.0060806, 47.6136364 ], [ 7.0061441, 47.6137 ], [ 7.0062666, 47.6137706 ], [ 7.0063464, 47.6137859 ], [ 7.0063802, 47.613774 ], [ 7.0063171, 47.6135733 ], [ 7.0063576, 47.6134377 ], [ 7.0064119, 47.6134151 ], [ 7.0065484, 47.6134221 ], [ 7.0065919, 47.6134341 ], [ 7.0066664, 47.613574 ], [ 7.0067462, 47.6136244 ], [ 7.0068833, 47.6136224 ], [ 7.0069884, 47.6136377 ], [ 7.00715, 47.6136952 ], [ 7.0073536, 47.6138144 ], [ 7.0076262, 47.613842 ], [ 7.0077196, 47.6139316 ], [ 7.0077345, 47.6140059 ], [ 7.0076978, 47.6140676 ], [ 7.0075755, 47.6141078 ], [ 7.0073849, 47.6142315 ], [ 7.0072637, 47.6143574 ], [ 7.0072583, 47.614427 ], [ 7.0073631, 47.6145982 ], [ 7.0073515, 47.6146743 ], [ 7.0072596, 47.6148 ], [ 7.0070967, 47.6149192 ], [ 7.007068, 47.6150346 ], [ 7.0069075, 47.6152763 ], [ 7.0069559, 47.6154053 ], [ 7.0067703, 47.6156316 ], [ 7.0065656, 47.6156035 ], [ 7.0059325, 47.6161543 ], [ 7.0057706, 47.6167673 ], [ 7.0058307, 47.6171059 ], [ 7.0054822, 47.6173828 ], [ 7.0053149, 47.6181186 ], [ 7.0049569, 47.6192097 ], [ 7.004984, 47.619535 ], [ 7.0050102, 47.6195999 ], [ 7.0050772, 47.6195507 ], [ 7.0051637, 47.6195316 ], [ 7.005253, 47.6195321 ], [ 7.0053976, 47.6195578 ], [ 7.005568, 47.6196258 ], [ 7.0057414, 47.6197686 ], [ 7.0060014, 47.6197696 ], [ 7.0061113, 47.6197424 ], [ 7.0061724, 47.6197042 ], [ 7.0062773, 47.6195925 ], [ 7.0063502, 47.61948 ], [ 7.0063345, 47.6193769 ], [ 7.0063484, 47.619207 ], [ 7.0074557, 47.6193618 ], [ 7.0076785, 47.6193812 ], [ 7.0076912, 47.6196755 ], [ 7.0077799, 47.619755399999988 ], [ 7.0079457, 47.6198506 ], [ 7.0079645, 47.6199067 ], [ 7.0079323, 47.6199385 ], [ 7.0076844, 47.6200101 ], [ 7.0075273, 47.620084 ], [ 7.0074941, 47.6201212 ], [ 7.0074809, 47.6202469 ], [ 7.0074367, 47.62028 ], [ 7.0073233, 47.6203136 ], [ 7.0072671, 47.6203471 ], [ 7.0072306, 47.6204105 ], [ 7.0072774, 47.6204666 ], [ 7.0073653, 47.6205177 ], [ 7.0074744, 47.6205689 ], [ 7.0075497, 47.6205771 ], [ 7.0076274, 47.6205474 ], [ 7.0076737, 47.6205071 ], [ 7.0076932, 47.620464 ], [ 7.0076887, 47.6203867 ], [ 7.007702, 47.6203682 ], [ 7.0077488, 47.6203702 ], [ 7.0078197, 47.6204444 ], [ 7.0079362, 47.6206477 ], [ 7.0080754, 47.620742899999989 ], [ 7.0081274, 47.620815 ], [ 7.0081157, 47.6208362 ], [ 7.0080805, 47.6208464 ], [ 7.0078395, 47.620815 ], [ 7.0076873, 47.6208112 ], [ 7.0075885, 47.6208272 ], [ 7.0075112, 47.6208632 ], [ 7.0074619, 47.6209172 ], [ 7.0074511, 47.62095 ], [ 7.0074728, 47.6209727 ], [ 7.0075513, 47.621007 ], [ 7.0077053, 47.6210341 ], [ 7.0077945, 47.6211032 ], [ 7.0077992, 47.6212184 ], [ 7.0077585, 47.6213333 ], [ 7.0076037, 47.621545 ], [ 7.0075164, 47.6216246 ], [ 7.0071389, 47.6216917 ], [ 7.006946, 47.6217686 ], [ 7.0069058, 47.6218195 ], [ 7.0068989, 47.6218685 ], [ 7.0069372, 47.6219176 ], [ 7.0071054, 47.621992 ], [ 7.007336, 47.6220274 ], [ 7.0076565, 47.6220515 ], [ 7.0077322, 47.6220841 ], [ 7.0077448, 47.6221449 ], [ 7.0077064, 47.6222373 ], [ 7.007667, 47.6222981 ], [ 7.0075594, 47.6223919 ], [ 7.0075145, 47.622416 ], [ 7.0072963, 47.6224208 ], [ 7.0072426, 47.6224515 ], [ 7.0072191, 47.622564 ], [ 7.0072584, 47.6226267 ], [ 7.0072714, 47.6226929 ], [ 7.0072361, 47.6227915 ], [ 7.0073624, 47.6228926 ], [ 7.0074381, 47.6229242 ], [ 7.0075505, 47.6229294 ], [ 7.0077204, 47.6229028 ], [ 7.0078805, 47.6229577 ], [ 7.0079771, 47.6230716 ], [ 7.0079793, 47.6232436 ], [ 7.0079101, 47.623547 ], [ 7.0078438, 47.6236223 ], [ 7.0077746, 47.6236418 ], [ 7.0076296, 47.6235918 ], [ 7.0075624, 47.6235851 ], [ 7.0074966, 47.6236144 ], [ 7.0074204, 47.6237008 ], [ 7.0073247, 47.6237213 ], [ 7.0071987, 47.623713 ], [ 7.0071837, 47.623725199999988 ], [ 7.007345, 47.6241874 ], [ 7.007312, 47.6242273 ], [ 7.007243, 47.6242495 ], [ 7.0069935, 47.6242644 ], [ 7.0069416, 47.6243356 ], [ 7.0069058, 47.6245513 ], [ 7.0069224, 47.624648 ], [ 7.0072011, 47.6249864 ], [ 7.0072699, 47.6251039 ], [ 7.0072693, 47.625149 ], [ 7.0071928, 47.6251597 ], [ 7.0071091, 47.6251463 ], [ 7.0069827, 47.6251498 ], [ 7.0066834, 47.6252295 ], [ 7.0066101, 47.6252653 ], [ 7.006563, 47.625312 ], [ 7.0065514, 47.6254413 ], [ 7.0063838, 47.6255363 ], [ 7.006254, 47.625565 ], [ 7.0061728, 47.6255669 ], [ 7.0061339, 47.6256692 ], [ 7.0064991, 47.6257035 ], [ 7.006566, 47.6257607 ], [ 7.0064394, 47.6259742 ], [ 7.0065232, 47.6262552 ], [ 7.0066006, 47.6264157 ], [ 7.006401, 47.628143 ], [ 7.0059287, 47.6289199 ], [ 7.0065956, 47.6291899 ], [ 7.0076353, 47.6295228 ], [ 7.0076933, 47.6295145 ], [ 7.0077962, 47.6295353 ], [ 7.0096434, 47.6300586 ], [ 7.0102552, 47.6302503 ], [ 7.0105408, 47.6303081 ], [ 7.0106889, 47.6303796 ], [ 7.0109154, 47.6304493 ], [ 7.0115396, 47.6297961 ], [ 7.0116385, 47.6297638 ], [ 7.011932, 47.6295005 ], [ 7.0122571, 47.6291423 ], [ 7.0126491, 47.6286467 ], [ 7.0130647, 47.6280213 ], [ 7.0143271, 47.625841 ], [ 7.0146418, 47.6258599 ], [ 7.0155867, 47.626032 ], [ 7.0156906, 47.6260663 ], [ 7.0159019, 47.6261645 ], [ 7.0162102, 47.6263629 ], [ 7.0163561, 47.6264769 ], [ 7.0166183, 47.6267022 ], [ 7.016787, 47.6269415 ], [ 7.0168484, 47.6270836 ], [ 7.0165807, 47.6273524 ], [ 7.0153894, 47.6287246 ], [ 7.0148195, 47.6296545 ], [ 7.0126389, 47.6314004 ], [ 7.0125389, 47.6314525 ], [ 7.0124304, 47.6314463 ], [ 7.0141564, 47.6322702 ], [ 7.0114929, 47.6333757 ], [ 7.0126548, 47.6335602 ], [ 7.012676, 47.6334873 ], [ 7.014436, 47.6326896 ], [ 7.0135055, 47.6348008 ], [ 7.0140492, 47.63492 ], [ 7.0139775, 47.6353136 ], [ 7.015984, 47.6359124 ], [ 7.0148097, 47.637229 ], [ 7.0143756, 47.6375206 ], [ 7.0141128, 47.6376784 ], [ 7.013634, 47.6378192 ], [ 7.0132654, 47.6378643 ], [ 7.0127579, 47.6378538 ], [ 7.0124569, 47.6380363 ], [ 7.0123998, 47.638926 ], [ 7.0123347, 47.639318499999987 ], [ 7.0130369, 47.6395062 ], [ 7.012995, 47.6397816 ], [ 7.0134224, 47.6398624 ], [ 7.0133018, 47.6401198 ], [ 7.015003, 47.6405048 ], [ 7.0151284, 47.6403103 ], [ 7.0168778, 47.6407152 ], [ 7.0185087, 47.640997 ], [ 7.0184764, 47.6411883 ], [ 7.0192823, 47.6412642 ], [ 7.0192153, 47.6413845 ], [ 7.0191594, 47.6414216 ], [ 7.0188398, 47.6414272 ], [ 7.0187732, 47.6414457 ], [ 7.0187353, 47.6414921 ], [ 7.0187439, 47.6415531 ], [ 7.0187105, 47.6416047 ], [ 7.0181585, 47.6420491 ], [ 7.0181451, 47.642119 ], [ 7.0182857, 47.642161 ], [ 7.0182993, 47.6421822 ], [ 7.0182006, 47.6423063 ], [ 7.0181542, 47.6423989 ], [ 7.018163, 47.6424446 ], [ 7.0182747, 47.6425111 ], [ 7.0182995, 47.6425742 ], [ 7.0182861, 47.6426089 ], [ 7.0181703, 47.6427183 ], [ 7.0181977, 47.6428165 ], [ 7.0181758, 47.6428795 ], [ 7.018085, 47.6429493 ], [ 7.0180176, 47.6429751 ], [ 7.017859, 47.642994 ], [ 7.0178275, 47.6430185 ], [ 7.0177948, 47.6430972 ], [ 7.017858, 47.6432113 ], [ 7.0178515, 47.6432304 ], [ 7.0175547, 47.643398399999988 ], [ 7.0175465, 47.6434311 ], [ 7.0175804, 47.6435444 ], [ 7.0173865, 47.6437854 ], [ 7.0170419, 47.6438486 ], [ 7.0169536, 47.6438985 ], [ 7.0168606, 47.6439918 ], [ 7.016786, 47.6441161 ], [ 7.0169561, 47.6441436 ], [ 7.0169911, 47.6441838 ], [ 7.0169907, 47.6442316 ], [ 7.0169319, 47.6442652 ], [ 7.0168106, 47.6442657 ], [ 7.0166694, 47.6445166 ], [ 7.0166275, 47.6446325 ], [ 7.0166308, 47.6446766 ], [ 7.01674, 47.6447449 ], [ 7.0168059, 47.6447526 ], [ 7.0169021, 47.6447367 ], [ 7.017013, 47.6447752 ], [ 7.0170609, 47.6448619 ], [ 7.0169875, 47.6449329 ], [ 7.0166771, 47.6449895 ], [ 7.0166032, 47.6450362 ], [ 7.0165614, 47.6451179 ], [ 7.0166417, 47.6452278 ], [ 7.0166715, 47.645305199999989 ], [ 7.0166508, 47.6453491 ], [ 7.0165014, 47.6454552 ], [ 7.016713, 47.6455732 ], [ 7.0167064, 47.6456446 ], [ 7.0167669, 47.645739 ], [ 7.0170126, 47.6459739 ], [ 7.0170525, 47.6460608 ], [ 7.0169503, 47.6461734 ], [ 7.0167114, 47.6463132 ], [ 7.0166905, 47.6464068 ], [ 7.0165692, 47.6464965 ], [ 7.0165675, 47.6465975 ], [ 7.0166791, 47.6467686 ], [ 7.0166726, 47.6467886 ], [ 7.016588, 47.6468348 ], [ 7.016513, 47.6469013 ], [ 7.0165064, 47.6469547 ], [ 7.0165576, 47.646998 ], [ 7.0168586, 47.6470454 ], [ 7.0171459, 47.647159 ], [ 7.0172907, 47.6472919 ], [ 7.017336, 47.6473976 ], [ 7.0173271, 47.6475105 ], [ 7.017146, 47.6476195 ], [ 7.0171186, 47.6477169 ], [ 7.0171393, 47.6478315 ], [ 7.0170572, 47.6479101 ], [ 7.0170665, 47.6479638 ], [ 7.0171252, 47.6480339 ], [ 7.0171961, 47.6480729 ], [ 7.0176497, 47.6481628 ], [ 7.0177079, 47.6481923 ], [ 7.017759, 47.6482509 ], [ 7.0177519, 47.6483152 ], [ 7.0176915, 47.6484344 ], [ 7.0175699, 47.6485017 ], [ 7.0173424, 47.6485627 ], [ 7.0172573, 47.6486548 ], [ 7.0172218, 47.6487327 ], [ 7.0172207, 47.6488237 ], [ 7.0172909, 47.6489592 ], [ 7.0172094, 47.649099 ], [ 7.0173025, 47.6492012 ], [ 7.0172896, 47.649473 ], [ 7.0173574, 47.6495229 ], [ 7.0174333, 47.6495383 ], [ 7.0175533, 47.6495387 ], [ 7.0175998, 47.6495713 ], [ 7.0176001, 47.649593 ], [ 7.0175039, 47.6496963 ], [ 7.0174626, 47.6497689 ], [ 7.0174545, 47.6498206 ], [ 7.0174792, 47.6498648 ], [ 7.0175746, 47.6499453 ], [ 7.0177181, 47.6499909 ], [ 7.0177985, 47.6499782 ], [ 7.0179171, 47.6499056 ], [ 7.017994, 47.6498993 ], [ 7.0180853, 47.6499431 ], [ 7.0182172, 47.6501008 ], [ 7.0182944, 47.6501333 ], [ 7.0183769, 47.6501313 ], [ 7.0185691, 47.6500625 ], [ 7.0186593, 47.6500729 ], [ 7.018836, 47.6501353 ], [ 7.0188522, 47.6501555 ], [ 7.0188386, 47.6501695 ], [ 7.0187225, 47.6502213 ], [ 7.0186649, 47.6502719 ], [ 7.0185297, 47.6503009 ], [ 7.0185156, 47.6503428 ], [ 7.0186049, 47.6503956 ], [ 7.0188231, 47.650371 ], [ 7.018999, 47.6503686 ], [ 7.0190869, 47.6504016 ], [ 7.0190968, 47.6504445 ], [ 7.0190679, 47.6504861 ], [ 7.0187748, 47.6507025 ], [ 7.0187466, 47.650754 ], [ 7.0187832, 47.650832 ], [ 7.0189484, 47.6509174 ], [ 7.02001, 47.6505807 ], [ 7.0203374, 47.6505 ], [ 7.021549, 47.650242 ], [ 7.0226552, 47.6499831 ], [ 7.0232255, 47.6499049 ], [ 7.0245783, 47.6496618 ], [ 7.0254543, 47.6496415 ], [ 7.0256763, 47.6496491 ], [ 7.0263569, 47.6497248 ], [ 7.0277491, 47.6497561 ], [ 7.0302728, 47.6492463 ], [ 7.0306635, 47.6497393 ], [ 7.0310347, 47.6499564 ], [ 7.0348393, 47.6497006 ], [ 7.0348081, 47.6494826 ], [ 7.0359067, 47.6494942 ], [ 7.0378153, 47.6502682 ], [ 7.0379783, 47.6502896 ], [ 7.0386517, 47.6504277 ], [ 7.0393044, 47.6505051 ], [ 7.0390407, 47.6510027 ], [ 7.0385936, 47.6517392 ], [ 7.038393, 47.652031 ], [ 7.0382177, 47.6523588 ], [ 7.0381829, 47.6524447 ], [ 7.0381044, 47.6530107 ], [ 7.0378928, 47.6532983 ], [ 7.0378249, 47.6535125 ], [ 7.0371984, 47.6547851 ], [ 7.0371849, 47.6549063 ], [ 7.0370556, 47.6550135 ], [ 7.0368774, 47.6553027 ], [ 7.0366883, 47.655764399999988 ], [ 7.0363914, 47.656794 ], [ 7.0362667, 47.6571381 ], [ 7.0361791, 47.6573204 ], [ 7.0361201, 47.6574036 ], [ 7.0360358, 47.6574705 ], [ 7.0360292, 47.6576311 ], [ 7.0359494, 47.6578277 ], [ 7.0350787, 47.6596999 ], [ 7.0348848, 47.6600816 ], [ 7.0347866, 47.6602301 ], [ 7.0343049, 47.6608812 ], [ 7.0340034, 47.661251199999988 ], [ 7.0348144, 47.6614431 ], [ 7.0348382, 47.6615279 ], [ 7.0354444, 47.6625578 ], [ 7.0354782, 47.6627045 ], [ 7.035434, 47.6628962 ], [ 7.0353265, 47.6632207 ], [ 7.0352777, 47.6632801 ], [ 7.0351777, 47.6635458 ], [ 7.0376899, 47.6642683 ], [ 7.0377639, 47.6642766 ], [ 7.0393653, 47.6648278 ], [ 7.0398035, 47.6650118 ], [ 7.0399814, 47.6650705 ], [ 7.040218, 47.665093 ], [ 7.0405023, 47.6650949 ], [ 7.0407904, 47.6651651 ], [ 7.0412271, 47.6664893 ], [ 7.041366, 47.6673884 ], [ 7.0436923, 47.6684534 ], [ 7.0440414, 47.6687631 ], [ 7.044492, 47.6693216 ], [ 7.0456861, 47.6708484 ], [ 7.0460849, 47.6714268 ], [ 7.0463153, 47.6715441 ], [ 7.0458114, 47.671603 ], [ 7.0438388, 47.6719308 ], [ 7.0436369, 47.6719793 ], [ 7.0431197, 47.672055799999988 ], [ 7.0429822, 47.6720551 ], [ 7.0428226, 47.6720273 ], [ 7.0426783, 47.6720422 ], [ 7.0423793, 47.6720931 ], [ 7.0420632, 47.672183399999987 ], [ 7.0417211, 47.6722466 ], [ 7.0413673, 47.6723679 ], [ 7.0412344, 47.6724274 ], [ 7.0409125, 47.6726693 ], [ 7.0406371, 47.6728032 ], [ 7.0403972, 47.6730179 ], [ 7.0399561, 47.6731665 ], [ 7.0396752, 47.673316799999988 ], [ 7.0394304, 47.673502 ], [ 7.0392679, 47.6735941 ], [ 7.0390099, 47.673676 ], [ 7.0386907, 47.6737429 ], [ 7.0385279, 47.6737603 ], [ 7.0381665, 47.6739035 ], [ 7.0378319, 47.6743125 ], [ 7.0377516, 47.674591 ], [ 7.0374505, 47.6753729 ], [ 7.0371266, 47.6752724 ], [ 7.0324118, 47.6742284 ], [ 7.0283365, 47.6732921 ], [ 7.025227, 47.6725268 ], [ 7.0247581, 47.6723961 ], [ 7.0238383, 47.6719483 ], [ 7.0237605, 47.6719429 ], [ 7.0229268, 47.6717697 ], [ 7.0227643, 47.6717555 ], [ 7.0227036, 47.6717648 ], [ 7.0217062, 47.6715612 ], [ 7.0208493, 47.6713636 ], [ 7.0195221, 47.6709803 ], [ 7.0184763, 47.6707008 ], [ 7.0176476, 47.6705229 ], [ 7.0159396, 47.6699896 ], [ 7.0154597, 47.6697303 ], [ 7.0146435, 47.6693987 ], [ 7.0130104, 47.6688501 ], [ 7.0112351, 47.6683082 ], [ 7.0100285, 47.6680711 ], [ 7.0096401, 47.668016 ], [ 7.0096277, 47.6681002 ], [ 7.0094857, 47.6684647 ], [ 7.0092728, 47.668809 ], [ 7.0090329, 47.6690615 ], [ 7.0087061, 47.6693287 ], [ 7.0083987, 47.6695168 ], [ 7.0065987, 47.669409099999989 ], [ 7.0059974, 47.6693973 ], [ 7.0038425, 47.6696091 ], [ 7.0016286, 47.6699238 ], [ 7.001057, 47.669828 ], [ 7.0008461, 47.6697739 ], [ 7.0003863, 47.6696211 ], [ 6.9993694, 47.6697425 ], [ 6.997129, 47.6697047 ], [ 6.9948839, 47.669514799999988 ], [ 6.9930636, 47.6693319 ], [ 6.9890556, 47.6688515 ], [ 6.9874566, 47.6686465 ], [ 6.9867657, 47.6686674 ], [ 6.9814048, 47.6678814 ], [ 6.9788133, 47.6672497 ], [ 6.9787176, 47.66738 ], [ 6.978316, 47.6675045 ], [ 6.9781392, 47.6676025 ], [ 6.9780243, 47.6679227 ], [ 6.9777138, 47.6680171 ], [ 6.9776234, 47.667913 ], [ 6.9774299, 47.6679844 ], [ 6.9769114, 47.668277 ], [ 6.9765457, 47.6683471 ], [ 6.9761833, 47.6684613 ], [ 6.9757082, 47.6686388 ], [ 6.9755561, 47.6687097 ], [ 6.975154, 47.6686847 ], [ 6.974478, 47.6686013 ], [ 6.9736744, 47.6685602 ], [ 6.97185, 47.6685537 ], [ 6.9718388, 47.6683486 ], [ 6.9718815, 47.6680633 ], [ 6.9719729, 47.6677682 ], [ 6.9726277, 47.6649891 ], [ 6.9726627, 47.6645102 ], [ 6.9726555, 47.6642888 ], [ 6.9725894, 47.6639567 ], [ 6.9724208, 47.6634307 ], [ 6.9723981, 47.6632873 ], [ 6.9723807, 47.6626065 ], [ 6.9723128, 47.662178 ], [ 6.9722401, 47.6619904 ], [ 6.9717717, 47.6610582 ], [ 6.971524, 47.6604195 ], [ 6.9713696, 47.6595461 ], [ 6.9712483, 47.6591176 ], [ 6.9715105, 47.6585554 ], [ 6.9715165, 47.6584921 ], [ 6.9714381, 47.6583884 ], [ 6.9712553, 47.658209 ], [ 6.9710258, 47.6576174 ], [ 6.9710637, 47.657499 ], [ 6.9711412, 47.6573585 ], [ 6.9712698, 47.6567746 ], [ 6.9713049, 47.6564931 ], [ 6.9713152, 47.6557898 ], [ 6.9712126, 47.655487799999989 ], [ 6.9711707, 47.6552468 ], [ 6.9710104, 47.6547962 ], [ 6.9701453, 47.6547869 ], [ 6.9699184, 47.6515601 ], [ 6.9700326, 47.6513742 ], [ 6.9701415, 47.6511001 ], [ 6.9703272, 47.6508171 ], [ 6.9707275, 47.650014 ], [ 6.9707982, 47.6496024 ], [ 6.9708006, 47.6493843 ], [ 6.9707554, 47.6488126 ], [ 6.9707935, 47.6486437 ], [ 6.9709375, 47.6483206 ], [ 6.9709689, 47.6479185 ], [ 6.971157, 47.6478653 ], [ 6.9711489, 47.6477213 ], [ 6.9710926, 47.6475917 ], [ 6.9712824, 47.6474726 ], [ 6.9717953, 47.646999099999988 ], [ 6.9719025, 47.6463979 ], [ 6.9720238, 47.6459486 ], [ 6.9720204, 47.6458135 ], [ 6.9721285, 47.6455999 ], [ 6.9722228, 47.6454876 ], [ 6.9722526, 47.6454046 ], [ 6.9722546, 47.6453054 ], [ 6.9722307, 47.645217 ], [ 6.9723169, 47.6451573 ], [ 6.9723926, 47.6450096 ], [ 6.9725052, 47.6446065 ], [ 6.9726274, 47.6444023 ], [ 6.9728072, 47.6442204 ], [ 6.973135, 47.6438235 ], [ 6.973234, 47.643648 ], [ 6.9733088, 47.6434896 ], [ 6.9733354, 47.6433805 ], [ 6.9734688, 47.6431489 ], [ 6.9735277, 47.6429729 ], [ 6.9734898, 47.642876 ], [ 6.9734712, 47.6427153 ], [ 6.9736199, 47.6426174 ], [ 6.9739585, 47.6424364 ], [ 6.973049, 47.6407181 ], [ 6.9727977, 47.6403707 ], [ 6.972676, 47.6399359 ], [ 6.9722043, 47.6385271 ], [ 6.9718913, 47.6380294 ], [ 6.9712373, 47.637127 ], [ 6.9710119, 47.6367499 ], [ 6.9706798, 47.6367494 ], [ 6.9675947, 47.6368796 ], [ 6.9667718, 47.6369661 ], [ 6.9663849, 47.6370532 ], [ 6.9662277, 47.6369296 ], [ 6.9660752, 47.6367618 ], [ 6.9658855, 47.6366853 ], [ 6.9658653, 47.6366464 ], [ 6.9658605, 47.636492399999987 ], [ 6.9658304, 47.6364105 ], [ 6.9658431, 47.6363127 ], [ 6.9658983, 47.6362298 ], [ 6.9658723, 47.6361856 ], [ 6.9657595, 47.6361389 ], [ 6.9649605, 47.6360444 ], [ 6.9647729, 47.6359255 ], [ 6.9647376, 47.6358627 ], [ 6.9647226, 47.6356965 ], [ 6.9646648, 47.6356363 ], [ 6.9644752, 47.6355075 ], [ 6.9643834, 47.6354025 ], [ 6.9643489, 47.6353334 ], [ 6.9643263, 47.635226 ], [ 6.9643296, 47.6350204 ], [ 6.9642925, 47.6348793 ], [ 6.9642377, 47.6348415 ], [ 6.9640573, 47.6348368 ], [ 6.9639685, 47.6347542 ], [ 6.9639638, 47.6346723 ], [ 6.9640113, 47.6344508 ], [ 6.9639933, 47.6344235 ], [ 6.9638426, 47.63437 ], [ 6.963623, 47.6343387 ], [ 6.9631705, 47.6343685 ], [ 6.96305, 47.6343258 ], [ 6.9630044, 47.6342858 ], [ 6.962958, 47.634218 ], [ 6.9629469, 47.6339796 ], [ 6.9628182, 47.6337902 ], [ 6.9627656, 47.6337469 ], [ 6.9626064, 47.6337208 ], [ 6.9624944, 47.6336858 ], [ 6.9624423, 47.6336308 ], [ 6.9624407, 47.6336083 ], [ 6.9624769, 47.6335756 ], [ 6.9626035, 47.6335388 ], [ 6.9626312, 47.6335171 ], [ 6.9626775, 47.6334399 ], [ 6.9627346, 47.6332568 ], [ 6.9627001, 47.6330263 ], [ 6.9627851, 47.6327882 ], [ 6.9627313, 47.6327107 ], [ 6.9625537, 47.6325816 ], [ 6.9624857, 47.63251 ], [ 6.9624856, 47.6321675 ], [ 6.9624038, 47.6320532 ], [ 6.9621293, 47.6318047 ], [ 6.9620551, 47.6317027 ], [ 6.9620211, 47.6316038 ], [ 6.9620297, 47.6315224 ], [ 6.9622514, 47.6312761 ], [ 6.9623632, 47.6310226 ], [ 6.9625864, 47.6307068 ], [ 6.9627944, 47.6302942 ], [ 6.9630132, 47.6302606 ], [ 6.9630915, 47.6302021 ], [ 6.9630606, 47.6301626 ], [ 6.9629398, 47.6300982 ], [ 6.9629137, 47.6300513 ], [ 6.962815, 47.6299609 ], [ 6.9623391, 47.629549 ], [ 6.9622452, 47.6294522 ], [ 6.9621802, 47.6293489 ], [ 6.9621607, 47.6291396 ], [ 6.9622082, 47.628864 ], [ 6.9622263, 47.6284975 ], [ 6.9601734, 47.6282139 ], [ 6.9570622, 47.6284167 ], [ 6.9526046, 47.6282983 ], [ 6.9521362, 47.6281493 ], [ 6.9518242, 47.6279868 ], [ 6.9521155, 47.62742 ], [ 6.9521428, 47.6272658 ], [ 6.952248, 47.6270135 ], [ 6.9523181, 47.6267534 ], [ 6.9523022, 47.6263232 ], [ 6.9523977, 47.6260649 ], [ 6.9523675, 47.6259812 ], [ 6.9522352, 47.6257612 ], [ 6.9522498, 47.6255976 ], [ 6.9522238, 47.6255354 ], [ 6.9521662, 47.6254779 ], [ 6.9520545, 47.6254087 ], [ 6.9518641, 47.6253583 ], [ 6.9517193, 47.625329 ], [ 6.9512634, 47.6253111 ], [ 6.9511121, 47.6252847 ], [ 6.9510284, 47.6252524 ], [ 6.9509195, 47.6251677 ], [ 6.9506836, 47.6250243 ], [ 6.9506592, 47.6249648 ], [ 6.9506319, 47.6247043 ], [ 6.9505726, 47.6246243 ], [ 6.9505013, 47.624597 ], [ 6.9501973, 47.6245965 ], [ 6.9500696, 47.6245638 ], [ 6.9500644, 47.6245126 ], [ 6.9501069, 47.6244382 ], [ 6.9503368, 47.6243926 ], [ 6.9504128, 47.6243386 ], [ 6.9504551, 47.6242435 ], [ 6.950339, 47.6237733 ], [ 6.9501809, 47.6234398 ], [ 6.9501448, 47.6231851 ], [ 6.9499415, 47.6232307 ], [ 6.9497616, 47.6234657 ], [ 6.9495359, 47.6232625 ], [ 6.9491825, 47.6229897 ], [ 6.9479283, 47.6227942 ], [ 6.9472005, 47.6215345 ], [ 6.9479184, 47.6202296 ], [ 6.9479092, 47.6191322 ], [ 6.9480256, 47.6179675 ], [ 6.948699, 47.6159359 ], [ 6.9496099, 47.6150443 ], [ 6.9499391, 47.6127576 ], [ 6.9498045, 47.6115518 ], [ 6.9489497, 47.61041 ], [ 6.9489809, 47.6091932 ], [ 6.9477183, 47.608213 ], [ 6.9456354, 47.6087007 ], [ 6.944139, 47.6076401 ], [ 6.9434876, 47.606851 ], [ 6.942909, 47.6057296 ], [ 6.9428407, 47.6050938 ], [ 6.9427968, 47.6049502 ], [ 6.9434977, 47.6048959 ], [ 6.9437459, 47.604846 ], [ 6.9440038, 47.6047292 ], [ 6.9442014, 47.6045359 ], [ 6.9443672, 47.6044357 ], [ 6.9445332, 47.6043733 ], [ 6.944986, 47.6042444 ], [ 6.9451751, 47.6041705 ], [ 6.9452978, 47.6040816 ], [ 6.9453578, 47.6039912 ], [ 6.9454959, 47.6039487 ], [ 6.945734, 47.6039073 ], [ 6.9461697, 47.6038529 ], [ 6.9460575, 47.6036873 ], [ 6.9459616, 47.6034706 ], [ 6.9457769, 47.6031542 ], [ 6.9455244, 47.6026401 ], [ 6.9452864, 47.6022146 ], [ 6.9444742, 47.600961399999989 ], [ 6.9443225, 47.600676299999989 ], [ 6.9439844, 47.5999776 ], [ 6.9436978, 47.5992735 ], [ 6.9435327, 47.5989321 ], [ 6.9434536, 47.5985464 ], [ 6.9433387, 47.5981456 ], [ 6.9433234, 47.5979568 ], [ 6.9432589, 47.5978238 ], [ 6.9432164, 47.597645 ], [ 6.9430515, 47.5975226 ], [ 6.9445031, 47.5971527 ], [ 6.9439466, 47.5968164 ], [ 6.9441849, 47.5959846 ], [ 6.9444741, 47.5944346 ], [ 6.9461054, 47.5942253 ], [ 6.9462667, 47.5946948 ], [ 6.9473758, 47.5944518 ], [ 6.9474675, 47.5939801 ], [ 6.9507252, 47.5932443 ], [ 6.9517252, 47.5933988 ], [ 6.9517392, 47.5941094 ], [ 6.9524117, 47.5940695 ], [ 6.952064, 47.5939984 ], [ 6.951985, 47.593956 ], [ 6.951919, 47.5938744 ], [ 6.9518858, 47.5937683 ], [ 6.9518721, 47.593547 ], [ 6.9517968, 47.5932675 ], [ 6.9518101, 47.5929976 ], [ 6.9518735, 47.5926484 ], [ 6.9518586, 47.5925552 ], [ 6.9518203, 47.59247 ], [ 6.9517449, 47.5923869 ], [ 6.9516965, 47.5923814 ], [ 6.951555, 47.5924492 ], [ 6.9515152, 47.5924524 ], [ 6.9514709, 47.592429599999988 ], [ 6.9515444, 47.592199 ], [ 6.9515335, 47.5920336 ], [ 6.9514091, 47.5917386 ], [ 6.951301, 47.5916819 ], [ 6.9512743, 47.5916449 ], [ 6.9512642, 47.5915623 ], [ 6.9511213, 47.5912887 ], [ 6.951113, 47.5912124 ], [ 6.9512355, 47.5911037 ], [ 6.9512458, 47.5909898 ], [ 6.9512243, 47.5908436 ], [ 6.9513741, 47.5905285 ], [ 6.9514925, 47.5903632 ], [ 6.951608, 47.5902682 ], [ 6.9516981, 47.5901543 ], [ 6.9519042, 47.590059 ], [ 6.952015, 47.5900435 ], [ 6.9522134, 47.5899881 ], [ 6.9523169, 47.5899819 ], [ 6.9525745, 47.5899164 ], [ 6.9527587, 47.589958 ], [ 6.9529217, 47.5899641 ], [ 6.9529915, 47.5899347 ], [ 6.9532524, 47.5896799 ], [ 6.9538312, 47.5893106 ], [ 6.9538988, 47.5892884 ], [ 6.9539472, 47.5891867 ], [ 6.9538488, 47.5890991 ], [ 6.9538757, 47.5890306 ], [ 6.9539036, 47.5890116 ], [ 6.9540848, 47.5889757 ], [ 6.9541947, 47.5889305 ], [ 6.9543419, 47.5888678 ], [ 6.9545139, 47.588762 ], [ 6.9548147, 47.588686 ], [ 6.9550267, 47.5884733 ], [ 6.9549526, 47.588372199999988 ], [ 6.9549763, 47.5883506 ], [ 6.9550335, 47.5883316 ], [ 6.9552881, 47.5883148 ], [ 6.9555826, 47.5882625 ], [ 6.9557529, 47.5882053 ], [ 6.9559404, 47.5881107 ], [ 6.9562295, 47.5880035 ], [ 6.9562596, 47.5878889 ], [ 6.9563208, 47.5878337 ], [ 6.956529, 47.5877491 ], [ 6.9567205, 47.5877084 ], [ 6.9567468, 47.5876858 ], [ 6.956771, 47.587275 ], [ 6.9568684, 47.587259 ], [ 6.9572251, 47.587255 ], [ 6.9572961, 47.5872427 ], [ 6.957319, 47.5872095 ], [ 6.9571918, 47.5870038 ], [ 6.9570898, 47.5867414 ], [ 6.9570654, 47.5864484 ], [ 6.9570919, 47.5863205 ], [ 6.9571628, 47.5863063 ], [ 6.9582899, 47.5863086 ], [ 6.9585767, 47.5862601 ], [ 6.9586398, 47.5862301 ], [ 6.9586977, 47.5861668 ], [ 6.9586962, 47.586111 ], [ 6.9586097, 47.5859688 ], [ 6.9585816, 47.5858589 ], [ 6.9585897, 47.5857884 ], [ 6.9586598, 47.5856913 ], [ 6.9586637, 47.5856011 ], [ 6.958489, 47.5854358 ], [ 6.9584407, 47.5853599 ], [ 6.9583251, 47.584879 ], [ 6.9583208, 47.5842275 ], [ 6.9584135, 47.5840053 ], [ 6.9577117, 47.5829305 ], [ 6.9576284, 47.5828306 ], [ 6.957542, 47.5825812 ], [ 6.9575483, 47.582325 ], [ 6.9576532, 47.581979 ], [ 6.9576831, 47.5816815 ], [ 6.9576112, 47.5815749 ], [ 6.9574149, 47.5814238 ], [ 6.9571617, 47.581171 ], [ 6.9569182, 47.5809765 ], [ 6.9566838, 47.580833 ], [ 6.9564748, 47.5807807 ], [ 6.9567283, 47.5806783 ], [ 6.9569563, 47.5806102 ], [ 6.9570692, 47.5805162 ], [ 6.9571303, 47.580388 ], [ 6.9568579, 47.5801638 ], [ 6.9569035, 47.5800595 ], [ 6.9573051, 47.5799432 ], [ 6.9581863, 47.5798456 ], [ 6.9587491, 47.5793876 ], [ 6.9592846, 47.5794424 ], [ 6.9598066, 47.5795842 ], [ 6.9600299, 47.5797578 ], [ 6.9601904, 47.5810051 ], [ 6.9606707, 47.581141099999989 ], [ 6.9607498, 47.5813277 ], [ 6.9610209, 47.581697 ], [ 6.9613017, 47.5818191 ], [ 6.9616419, 47.5820238 ], [ 6.9617779, 47.5823842 ], [ 6.9625485, 47.5821246 ], [ 6.9618266, 47.5816219 ], [ 6.9619347, 47.5814821 ], [ 6.9614184, 47.5787787 ], [ 6.9614458, 47.5785732 ], [ 6.9617169, 47.5780079 ], [ 6.9617149, 47.577981 ], [ 6.9614714, 47.5774106 ], [ 6.9612446, 47.5770641 ], [ 6.9611384, 47.5769975 ], [ 6.9607556, 47.5768645 ], [ 6.9595615, 47.576549 ], [ 6.9590624, 47.5763929 ], [ 6.9586758, 47.5762438 ], [ 6.9582382, 47.5762524 ], [ 6.9579079, 47.5761617 ], [ 6.9577353, 47.5761334 ], [ 6.9571087, 47.5759455 ], [ 6.9569961, 47.5759358 ], [ 6.9566795, 47.5760124 ], [ 6.9557344, 47.5752117 ], [ 6.9548659, 47.5750293 ], [ 6.9543001, 47.5744573 ], [ 6.9554791, 47.5729879 ], [ 6.9558623, 47.5728028 ], [ 6.9550866, 47.5724362 ], [ 6.9567212, 47.5710045 ], [ 6.9585082, 47.5691521 ], [ 6.9592305, 47.5688896 ], [ 6.9593129, 47.5689229 ], [ 6.9594191, 47.5689184 ], [ 6.959524, 47.5688959 ], [ 6.9595997, 47.5688573 ], [ 6.95967, 47.568745799999988 ], [ 6.9597729, 47.5681935 ], [ 6.9598677, 47.5680902 ], [ 6.9599946, 47.5678083 ], [ 6.9602592, 47.5670486 ], [ 6.9618189, 47.566316 ], [ 6.9626737, 47.5656326 ], [ 6.9632591, 47.565537 ], [ 6.9636566, 47.5653306 ], [ 6.963818, 47.5651548 ], [ 6.9639728, 47.5650522 ], [ 6.9642238, 47.5650067 ], [ 6.9655595, 47.5645602 ], [ 6.9657616, 47.5644659 ], [ 6.9668361, 47.5656839 ], [ 6.9669844, 47.5656005 ], [ 6.9676656, 47.5653952 ], [ 6.968111, 47.5652422 ], [ 6.9690025, 47.5650009 ], [ 6.9700563, 47.56481 ], [ 6.9706192, 47.5647512 ], [ 6.9726919, 47.5646004 ], [ 6.9733215, 47.5646141 ], [ 6.9736074, 47.5643222 ], [ 6.9742502, 47.5637992 ], [ 6.9745096, 47.5636164 ], [ 6.974693, 47.5635047 ], [ 6.9755141, 47.5631036 ], [ 6.9757177, 47.5629587 ], [ 6.9758673, 47.5629122 ], [ 6.9808017, 47.563746 ], [ 6.9810014, 47.563567 ], [ 6.9800387, 47.5626563 ], [ 6.9806547, 47.5622918 ], [ 6.9807691, 47.562183399999988 ], [ 6.9808516, 47.5620571 ], [ 6.981082, 47.5618437 ], [ 6.9812275, 47.5617243 ], [ 6.98146, 47.5615739 ], [ 6.981611, 47.561492199999989 ], [ 6.981728, 47.5614539 ], [ 6.9819744, 47.5614194 ], [ 6.982248, 47.5611955 ], [ 6.9825913, 47.5610847 ], [ 6.983124, 47.5608718 ], [ 6.9838206, 47.560446 ], [ 6.9845313, 47.5599594 ], [ 6.9852848, 47.5594947 ], [ 6.9860677, 47.5598158 ], [ 6.9874078, 47.5603044 ], [ 6.9878847, 47.5604323 ], [ 6.9905133, 47.5613265 ], [ 6.9918588, 47.5616734 ], [ 6.9920901, 47.5616853 ], [ 6.992774, 47.5618746 ], [ 6.9932154, 47.5619541 ], [ 6.9933348, 47.5620023 ], [ 6.9936258, 47.5620644 ], [ 6.9972434, 47.5623289 ], [ 6.9972726, 47.5620782 ], [ 6.9972287, 47.5618112 ], [ 6.9971761, 47.5611091 ], [ 6.9971916, 47.5606759 ], [ 6.9972667, 47.5604696 ], [ 6.9975273, 47.56002 ], [ 6.997611, 47.5592519 ], [ 6.9976561, 47.5585564 ], [ 6.9976134, 47.5584479 ], [ 6.9974458, 47.5582905 ], [ 6.9968625, 47.5579689 ], [ 6.996468, 47.5578563 ], [ 6.9947691, 47.5570925 ], [ 6.9938647, 47.5567846 ], [ 6.9935823, 47.556587 ], [ 6.9934918, 47.5562846 ], [ 6.9933329, 47.555975499999988 ], [ 6.9929083, 47.5555141 ], [ 6.9928204, 47.5552296 ], [ 6.9928006, 47.5538784 ], [ 6.992943, 47.5518826 ], [ 6.9925343, 47.5498353 ], [ 6.9924471, 47.5496472 ], [ 6.9924931, 47.5496574 ], [ 6.992876, 47.5495433 ], [ 6.9932941, 47.5493848 ], [ 6.9937429, 47.5490846 ], [ 6.9939362, 47.5489094 ], [ 6.9940888, 47.5486365 ], [ 6.9946372, 47.5483509 ], [ 6.9947225, 47.5482633 ], [ 6.9949888, 47.5481388 ], [ 6.9952949, 47.5479597 ], [ 6.9964453, 47.5473588 ], [ 6.9966609, 47.5472685 ], [ 6.9971512, 47.5471138 ], [ 6.9973588, 47.5470958 ], [ 6.9988365, 47.5467765 ], [ 6.9995682, 47.5467352 ], [ 7.000085, 47.546685 ], [ 7.0002668, 47.5466427 ], [ 7.0025879, 47.5458898 ], [ 7.0049213, 47.5456392 ], [ 7.010088, 47.5464079 ], [ 7.0101322, 47.5460747 ], [ 7.011145, 47.5459831 ], [ 7.0114515, 47.5458094 ], [ 7.0116026, 47.5455167 ], [ 7.0131891, 47.5444156 ], [ 7.0133398, 47.5443654 ], [ 7.0136682, 47.5441657 ], [ 7.0138061, 47.5439455 ], [ 7.0139118, 47.5439175 ], [ 7.0141522, 47.5439102 ], [ 7.0143477, 47.5440143 ], [ 7.0146026, 47.5440947 ], [ 7.0149454, 47.5441739 ], [ 7.0156356, 47.5443782 ], [ 7.017269, 47.5448041 ], [ 7.0178189, 47.5450005 ], [ 7.018214, 47.5450852 ], [ 7.0186313, 47.5451294 ], [ 7.0193436, 47.5450777 ], [ 7.0194698, 47.5450391 ], [ 7.0195559, 47.5449451 ], [ 7.019631, 47.5448993 ], [ 7.0197411, 47.5448594 ], [ 7.0200221, 47.5447722 ], [ 7.0203358, 47.5446956 ], [ 7.0206532, 47.5445792 ], [ 7.0209957, 47.5444791 ], [ 7.0216356, 47.5443497 ], [ 7.0223028, 47.5443005 ], [ 7.0225454, 47.5443048 ], [ 7.0227694, 47.5443277 ], [ 7.0240784, 47.5446692 ], [ 7.024673, 47.5448586 ], [ 7.0251184, 47.5449568 ], [ 7.0255625, 47.5450217 ], [ 7.0259007, 47.5449866 ], [ 7.0260623, 47.5449413 ], [ 7.026237, 47.5448569 ], [ 7.0263069, 47.5446715 ], [ 7.0268104, 47.5440755 ], [ 7.0272555, 47.5432173 ], [ 7.0276156, 47.5424316 ], [ 7.0279488, 47.5418017 ], [ 7.028337, 47.541901 ], [ 7.0291613, 47.5421537 ], [ 7.0297087, 47.5422979 ], [ 7.0302119, 47.542476099999988 ], [ 7.0308906, 47.5426851 ], [ 7.0325241, 47.5433055 ], [ 7.0329361, 47.5433498 ], [ 7.033701, 47.5433955 ], [ 7.0342804, 47.5434006 ], [ 7.0350892, 47.5434465 ], [ 7.0352766, 47.543495 ], [ 7.0363349, 47.5436549 ], [ 7.0375181, 47.5438635 ], [ 7.0380268, 47.5439721 ], [ 7.0383618, 47.5440542 ], [ 7.0386547, 47.5442306 ], [ 7.0389087, 47.5442624 ], [ 7.0393454, 47.5446502 ], [ 7.0394665, 47.5448082 ], [ 7.0395692, 47.5452165 ], [ 7.0395672, 47.5455068 ], [ 7.0395186, 47.5459204 ], [ 7.039514, 47.5462117 ], [ 7.0395893, 47.5462569 ], [ 7.0381504, 47.5479832 ], [ 7.0375694, 47.5482575 ], [ 7.0366863, 47.5488334 ], [ 7.0366675, 47.5490594 ], [ 7.0365619, 47.5492298 ], [ 7.0360932, 47.5494758 ], [ 7.0353276, 47.5497385 ], [ 7.0344663, 47.5500919 ], [ 7.0340276, 47.5501008 ], [ 7.0338047, 47.5501274 ], [ 7.0337404, 47.5501576 ], [ 7.0335316, 47.5503541 ], [ 7.0334488, 47.550475 ], [ 7.0332038, 47.5511964 ], [ 7.0329327, 47.5518385 ], [ 7.0330297, 47.5519767 ], [ 7.0333677, 47.55275 ], [ 7.0331151, 47.5533365 ], [ 7.0330707, 47.5535246 ], [ 7.0330566, 47.5539028 ], [ 7.033105, 47.5543139 ], [ 7.0332687, 47.5549653 ], [ 7.0332658, 47.5560911 ], [ 7.0332458, 47.5561783 ], [ 7.0330052, 47.5566779 ], [ 7.0325275, 47.556716 ], [ 7.0324479, 47.5569495 ], [ 7.0323376, 47.5570759 ], [ 7.0322245, 47.5571655 ], [ 7.0319766, 47.5573209 ], [ 7.0316337, 47.5572228 ], [ 7.0313463, 47.5572959 ], [ 7.0312994, 47.5573624 ], [ 7.0312085, 47.5573926 ], [ 7.0311261, 47.5573603 ], [ 7.0310557, 47.5573086 ], [ 7.030974, 47.5573033 ], [ 7.0309243, 47.5573321 ], [ 7.030898, 47.5574953 ], [ 7.0308482, 47.557524 ], [ 7.0307553, 47.5575281 ], [ 7.0306771, 47.5575498 ], [ 7.0305893, 47.5574627 ], [ 7.0304963, 47.5574659 ], [ 7.0304585, 47.5574942 ], [ 7.0304002, 47.5575864 ], [ 7.0301736, 47.5575825 ], [ 7.0301318, 47.557593 ], [ 7.0294163, 47.5580629 ], [ 7.0292031, 47.5582371 ], [ 7.0283955, 47.5586868 ], [ 7.0279531, 47.5589824 ], [ 7.0276162, 47.559442 ], [ 7.0275284, 47.559637 ], [ 7.0274753, 47.5598335 ], [ 7.0274522, 47.5600209 ], [ 7.027507, 47.5601821 ], [ 7.0276445, 47.560382 ], [ 7.0278246, 47.5605452 ], [ 7.0280371, 47.5607848 ], [ 7.0281859, 47.5609752 ], [ 7.0282519, 47.5611253 ], [ 7.0282648, 47.5612618 ], [ 7.0282307, 47.5614802 ], [ 7.0280939, 47.561768 ], [ 7.0281083, 47.5618702 ], [ 7.0277204, 47.5620062 ], [ 7.0274048, 47.562182 ], [ 7.0263841, 47.5625796 ], [ 7.0260047, 47.5627045 ], [ 7.0257512, 47.562856499999988 ], [ 7.0256321, 47.5628489 ], [ 7.0254524, 47.5628678 ], [ 7.0223098, 47.5627617 ], [ 7.0219882, 47.562717 ], [ 7.0217685, 47.5627173 ], [ 7.0215823, 47.5626841 ], [ 7.021552, 47.5629195 ], [ 7.021603, 47.5632431 ], [ 7.0216478, 47.5639788 ], [ 7.0218853, 47.5639147 ], [ 7.0219398, 47.5639309 ], [ 7.022001, 47.564036 ], [ 7.0220847, 47.564263 ], [ 7.0222192, 47.5644224 ], [ 7.0226044, 47.5647624 ], [ 7.0229994, 47.565075 ], [ 7.0233965, 47.5653614 ], [ 7.023831, 47.565807 ], [ 7.0245294, 47.5669997 ], [ 7.0248105, 47.5675488 ], [ 7.0254472, 47.568593 ], [ 7.0260674, 47.569682 ], [ 7.0307239, 47.5754408 ], [ 7.0329123, 47.5778924 ], [ 7.0344353, 47.5796964 ], [ 7.0370537, 47.5820168 ], [ 7.0404829, 47.5825325 ], [ 7.0405988, 47.5821454 ], [ 7.0406691, 47.5820177 ], [ 7.0408818, 47.5817832 ], [ 7.0409463, 47.5816854 ], [ 7.0411197, 47.5813009 ], [ 7.0411775, 47.5812556 ], [ 7.0414853, 47.5812558 ], [ 7.04156, 47.5811171 ], [ 7.0415912, 47.5809132 ], [ 7.0472031, 47.5823697 ], [ 7.0472085, 47.5823002 ], [ 7.0471343, 47.5820954 ], [ 7.0468761, 47.581852 ], [ 7.0467742, 47.5816149 ], [ 7.0464978, 47.5807097 ], [ 7.0462482, 47.5795079 ], [ 7.0488002, 47.5776086 ], [ 7.0505123, 47.5766325 ], [ 7.0508159, 47.5769464 ], [ 7.0510198, 47.5772115 ], [ 7.0518103, 47.5777987 ], [ 7.0518602, 47.5777366 ], [ 7.0519367, 47.5776916 ], [ 7.0522053, 47.5776155 ], [ 7.0526907, 47.5774292 ], [ 7.0533659, 47.5772174 ], [ 7.0536702, 47.5771374 ], [ 7.0537695, 47.5770952 ], [ 7.0540955, 47.5768973 ], [ 7.0542252, 47.576799 ], [ 7.0544758, 47.5762757 ], [ 7.0547361, 47.5763703 ], [ 7.0550509, 47.5765171 ], [ 7.05522, 47.576604 ], [ 7.0552345, 47.5766368 ], [ 7.055524, 47.5767827 ] ] ] ] } },
{ "type": "Feature", "properties": { "code_departement": 90.0, "code_rne": "0900013A", "multisecteur": 0.0 }, "geometry": { "type": "MultiPolygon", "coordinates": [ [ [ [ 7.0213402, 47.7339889 ], [ 7.020823, 47.734852 ], [ 7.0205608, 47.7351125 ], [ 7.0202998, 47.7353359 ], [ 7.0198895, 47.7358826 ], [ 7.0194042, 47.7366203 ], [ 7.018741, 47.7380102 ], [ 7.0181538, 47.7393462 ], [ 7.0178826, 47.7401954 ], [ 7.0166311, 47.7426257 ], [ 7.0158342, 47.7438039 ], [ 7.0146528, 47.7428973 ], [ 7.0145069, 47.7427338 ], [ 7.0139881, 47.7423749 ], [ 7.0134442, 47.7419304 ], [ 7.0128919, 47.7414455 ], [ 7.0126758, 47.7415566 ], [ 7.0105286, 47.7424936 ], [ 7.006192, 47.7431379 ], [ 7.0049257, 47.7435147 ], [ 7.0038662, 47.7442971 ], [ 7.0010461, 47.7452804 ], [ 6.9990109, 47.7459529 ], [ 6.9953011, 47.7461932 ], [ 6.9950419, 47.7462472 ], [ 6.9936168, 47.7466996 ], [ 6.9919335, 47.7473275 ], [ 6.9902535, 47.7476957 ], [ 6.9882602, 47.7480214 ], [ 6.9874773, 47.7482545 ], [ 6.9874654, 47.7482738 ], [ 6.9872464, 47.7483651 ], [ 6.9865133, 47.7486028 ], [ 6.9861898, 47.7486904 ], [ 6.9858861, 47.7488287 ], [ 6.9854882, 47.7490648 ], [ 6.9851591, 47.749113 ], [ 6.9847731, 47.749365 ], [ 6.9842914, 47.7497301 ], [ 6.9840188, 47.7499809 ], [ 6.9837641, 47.750255499999987 ], [ 6.9831148, 47.7508282 ], [ 6.9827038, 47.7510323 ], [ 6.982066, 47.751223499999988 ], [ 6.9816687, 47.7513073 ], [ 6.9810904, 47.7514009 ], [ 6.9802596, 47.7514409 ], [ 6.9793568, 47.7514121 ], [ 6.9787194, 47.751413 ], [ 6.9780173, 47.7513693 ], [ 6.9772237, 47.7512647 ], [ 6.9764725, 47.751101 ], [ 6.9762283, 47.7509805 ], [ 6.9754872, 47.7509336 ], [ 6.9749292, 47.750994899999988 ], [ 6.9739219, 47.7512841 ], [ 6.9737457, 47.7513045 ], [ 6.9721735, 47.7515805 ], [ 6.9714036, 47.7523664 ], [ 6.9706081, 47.753828899999988 ], [ 6.9706164, 47.7541909 ], [ 6.9656317, 47.7556775 ], [ 6.9641837, 47.7559906 ], [ 6.9630989, 47.7567483 ], [ 6.9624501, 47.757548 ], [ 6.9617975, 47.7584569 ], [ 6.9614347, 47.7586458 ], [ 6.9604645, 47.7592581 ], [ 6.9600467, 47.7594615 ], [ 6.9598505, 47.7595916 ], [ 6.9597538, 47.7596201 ], [ 6.9593173, 47.7596637 ], [ 6.9589112, 47.7596837 ], [ 6.9579534, 47.7597621 ], [ 6.9577106, 47.7597685 ], [ 6.957439, 47.759817299999987 ], [ 6.9572411, 47.75987 ], [ 6.9568565, 47.7600011 ], [ 6.9558726, 47.760375 ], [ 6.9554789, 47.7605622 ], [ 6.9551635, 47.7607414 ], [ 6.9549448, 47.7608921 ], [ 6.9544373, 47.761167 ], [ 6.9542837, 47.7613298 ], [ 6.9534594, 47.7626292 ], [ 6.9533135, 47.7627883 ], [ 6.9525088, 47.7638842 ], [ 6.9523723, 47.7640439 ], [ 6.9522299, 47.7643578 ], [ 6.9521142, 47.7644193 ], [ 6.9514984, 47.764478 ], [ 6.9511144, 47.7645991 ], [ 6.9505768, 47.7647398 ], [ 6.9500362, 47.7649104 ], [ 6.949587, 47.7650174 ], [ 6.9486948, 47.7650989 ], [ 6.9477453, 47.7651093 ], [ 6.9472434, 47.7651362 ], [ 6.9467924, 47.7651829 ], [ 6.9462739, 47.7653103 ], [ 6.9458574, 47.7653721 ], [ 6.9449791, 47.7659461 ], [ 6.944465, 47.7662229 ], [ 6.9440365, 47.7664113 ], [ 6.9437147, 47.7665231 ], [ 6.9434661, 47.7665594 ], [ 6.9425466, 47.7686351 ], [ 6.9406411, 47.7713324 ], [ 6.9403034, 47.7715556 ], [ 6.9401708, 47.771606 ], [ 6.9399824, 47.771661 ], [ 6.9392878, 47.7717222 ], [ 6.9389799, 47.7717344 ], [ 6.9386, 47.7717301 ], [ 6.9378925, 47.7716899 ], [ 6.9375506, 47.7716392 ], [ 6.9366598, 47.7715602 ], [ 6.9356994, 47.7716429 ], [ 6.9354081, 47.7716437 ], [ 6.9343992, 47.7715406 ], [ 6.9339848, 47.7712518 ], [ 6.933273, 47.770826 ], [ 6.9319427, 47.7698651 ], [ 6.9317516, 47.769739 ], [ 6.9316578, 47.7696998 ], [ 6.9314866, 47.7696984 ], [ 6.9307178, 47.7696413 ], [ 6.9295694, 47.7695302 ], [ 6.9272097, 47.7694887 ], [ 6.9254506, 47.7695603 ], [ 6.9249038, 47.7697409 ], [ 6.9245124, 47.7699252 ], [ 6.9222903, 47.7724013 ], [ 6.9222569, 47.7726196 ], [ 6.9221941, 47.7728199 ], [ 6.9220523, 47.7728905 ], [ 6.921415, 47.7731488 ], [ 6.9203172, 47.7735803 ], [ 6.919321, 47.7739029 ], [ 6.9190104, 47.7739692 ], [ 6.9188456, 47.7740549 ], [ 6.9187205, 47.7741889 ], [ 6.9185058, 47.7743592 ], [ 6.9182811, 47.7744676 ], [ 6.9181575, 47.7745673 ], [ 6.9180138, 47.7747217 ], [ 6.917398, 47.7752911 ], [ 6.9170913, 47.7754825 ], [ 6.9168206, 47.7757646 ], [ 6.9140371, 47.7771968 ], [ 6.9136158, 47.7773758 ], [ 6.9134707, 47.7774022 ], [ 6.9113616, 47.7780639 ], [ 6.9111398, 47.7780839 ], [ 6.9109116, 47.7780717 ], [ 6.9105132, 47.7779796 ], [ 6.9103562, 47.7779173 ], [ 6.9085046, 47.7775538 ], [ 6.907804, 47.7776799 ], [ 6.9075378, 47.7776969 ], [ 6.9072828, 47.7776459 ], [ 6.9070729, 47.7776286 ], [ 6.9064365, 47.7775002 ], [ 6.906149, 47.777536 ], [ 6.9057751, 47.7775043 ], [ 6.9052418, 47.7774887 ], [ 6.9050345, 47.7774695 ], [ 6.904736, 47.7773912 ], [ 6.9046228, 47.7773418 ], [ 6.9043769, 47.7773428 ], [ 6.9039988, 47.7772923 ], [ 6.9034316, 47.7771589 ], [ 6.9031968, 47.7770749 ], [ 6.9030203, 47.7769474 ], [ 6.9022995, 47.7766335 ], [ 6.9030931, 47.7735855 ], [ 6.9030781, 47.7735266 ], [ 6.9031768, 47.7733593 ], [ 6.9031725, 47.7730638 ], [ 6.9033103, 47.7728294 ], [ 6.903423, 47.7723976 ], [ 6.9035616, 47.771354 ], [ 6.9036379, 47.7711001 ], [ 6.9038121, 47.7707788 ], [ 6.9039908, 47.7705719 ], [ 6.9045651, 47.7701473 ], [ 6.9048464, 47.769882 ], [ 6.9049114, 47.7697834 ], [ 6.9049499, 47.7696712 ], [ 6.9050057, 47.7691386 ], [ 6.9050131, 47.7688572 ], [ 6.9050536, 47.7686982 ], [ 6.9051012, 47.7686362 ], [ 6.9054265, 47.766787 ], [ 6.9046842, 47.7666343 ], [ 6.9044266, 47.7666023 ], [ 6.903825, 47.7664367 ], [ 6.9035332, 47.7663951 ], [ 6.9034548, 47.7663103 ], [ 6.9032918, 47.7662752 ], [ 6.9030447, 47.7662591 ], [ 6.9027419, 47.7661025 ], [ 6.9025595, 47.7660951 ], [ 6.9022731, 47.7660533 ], [ 6.9021543, 47.7659644 ], [ 6.9019875, 47.7659492 ], [ 6.9015715, 47.7657991 ], [ 6.9013253, 47.7657406 ], [ 6.900623, 47.7657884 ], [ 6.90034, 47.7657924 ], [ 6.8995997, 47.7657585 ], [ 6.8991695, 47.7657611 ], [ 6.8987332, 47.7657171 ], [ 6.8983388, 47.7655329 ], [ 6.8981023, 47.7654425 ], [ 6.8979146, 47.7653064 ], [ 6.8978407, 47.7651557 ], [ 6.8978807, 47.7650264 ], [ 6.8978285, 47.7649704 ], [ 6.8977856, 47.7647502 ], [ 6.897704, 47.764494299999988 ], [ 6.8975059, 47.7642522 ], [ 6.8970754, 47.7639403 ], [ 6.8968527, 47.7637467 ], [ 6.8965095, 47.763368 ], [ 6.8963684, 47.7631753 ], [ 6.8954368, 47.76228 ], [ 6.8953392, 47.7621508 ], [ 6.8953866, 47.762032 ], [ 6.8953531, 47.7618664 ], [ 6.8952519, 47.7616346 ], [ 6.894888, 47.7612827 ], [ 6.8943656, 47.7609189 ], [ 6.894332, 47.7607524 ], [ 6.8936702, 47.7596903 ], [ 6.8933948, 47.7591769 ], [ 6.8933617, 47.7589076 ], [ 6.8934415, 47.7585733 ], [ 6.8934623, 47.7583825 ], [ 6.8934407, 47.7582526 ], [ 6.8932736, 47.7580509 ], [ 6.8930865, 47.7578868 ], [ 6.8929716, 47.757814 ], [ 6.8916181, 47.7567759 ], [ 6.8914313, 47.7566523 ], [ 6.8908585, 47.7561469 ], [ 6.8906794, 47.7559276 ], [ 6.8905886, 47.755617 ], [ 6.890435, 47.7553626 ], [ 6.8901895, 47.7551671 ], [ 6.8893809, 47.7546344 ], [ 6.8890877, 47.7542981 ], [ 6.8885095, 47.753828899999988 ], [ 6.8880582, 47.7535402 ], [ 6.888429, 47.7530746 ], [ 6.8888717, 47.752348 ], [ 6.8889472, 47.7521752 ], [ 6.8889929, 47.7519952 ], [ 6.8890077, 47.7518145 ], [ 6.8889749, 47.751566 ], [ 6.8888934, 47.751292 ], [ 6.8888002, 47.7511329 ], [ 6.8886017, 47.7509764 ], [ 6.8882827, 47.7507798 ], [ 6.8890692, 47.7502427 ], [ 6.8896109, 47.7493911 ], [ 6.8914029, 47.7458315 ], [ 6.8971768, 47.7381237 ], [ 6.9037838, 47.7323829 ], [ 6.9046403, 47.7301645 ], [ 6.9053023, 47.7282104 ], [ 6.9054669, 47.7275587 ], [ 6.9068431, 47.7235071 ], [ 6.9083923, 47.7222153 ], [ 6.908802, 47.720411 ], [ 6.9084355, 47.7180019 ], [ 6.9060258, 47.7154258 ], [ 6.9048968, 47.7150354 ], [ 6.9033604, 47.7146965 ], [ 6.9011658, 47.7136118 ], [ 6.8983904, 47.7132367 ], [ 6.8953815, 47.7132288 ], [ 6.8951847, 47.711999 ], [ 6.8948407, 47.711896 ], [ 6.8945508, 47.711182 ], [ 6.8944723, 47.7110585 ], [ 6.8944171, 47.7108513 ], [ 6.8944189, 47.7107845 ], [ 6.8943633, 47.7106269 ], [ 6.8940995, 47.7101409 ], [ 6.8940096, 47.7098069 ], [ 6.8939146, 47.7098037 ], [ 6.8938845, 47.709757 ], [ 6.8938078, 47.7097316 ], [ 6.8935634, 47.7094387 ], [ 6.8932946, 47.7092494 ], [ 6.8932312, 47.709186699999989 ], [ 6.8932182, 47.7091907 ], [ 6.8927128, 47.7085966 ], [ 6.8926382, 47.708289 ], [ 6.8926343, 47.7081432 ], [ 6.8925069, 47.7079897 ], [ 6.8925072, 47.7075554 ], [ 6.8924036, 47.7074714 ], [ 6.8922697, 47.7073019 ], [ 6.8921441, 47.7070628 ], [ 6.8920971, 47.7069139 ], [ 6.8920725, 47.7067417 ], [ 6.8920819, 47.7066503 ], [ 6.8921221, 47.7064516 ], [ 6.8922484, 47.7061699 ], [ 6.8922288, 47.7059389 ], [ 6.8923003, 47.7056752 ], [ 6.8922966, 47.705624 ], [ 6.8922348, 47.7055819 ], [ 6.8921181, 47.705556 ], [ 6.8921444, 47.7054407 ], [ 6.8922177, 47.7053301 ], [ 6.892254, 47.7051144 ], [ 6.8923435, 47.7049691 ], [ 6.8923376, 47.7046683 ], [ 6.8926046, 47.7042665 ], [ 6.892606, 47.7041222 ], [ 6.892559, 47.7039165 ], [ 6.8925062, 47.7038705 ], [ 6.8924649, 47.703798 ], [ 6.8924734, 47.703294 ], [ 6.8923987, 47.7031117 ], [ 6.8923182, 47.7030513 ], [ 6.8922494, 47.703023 ], [ 6.8920532, 47.7030061 ], [ 6.8919302, 47.702912 ], [ 6.8917589, 47.7027419 ], [ 6.8916553, 47.702694 ], [ 6.8915072, 47.7026584 ], [ 6.891467, 47.7026021 ], [ 6.8913116, 47.7025036 ], [ 6.8911156, 47.7022326 ], [ 6.8910525, 47.7020454 ], [ 6.8910547, 47.7019652 ], [ 6.8911231, 47.7017872 ], [ 6.8911226, 47.701725 ], [ 6.8907045, 47.7004241 ], [ 6.8909222, 47.699951 ], [ 6.8910027, 47.6992805 ], [ 6.8910032, 47.6988669 ], [ 6.8912432, 47.6985885 ], [ 6.8921065, 47.6983642 ], [ 6.8910417, 47.6975111 ], [ 6.8905498, 47.6964056 ], [ 6.8908281, 47.6959394 ], [ 6.8905364, 47.6953823 ], [ 6.8904682, 47.6944843 ], [ 6.8922642, 47.6927231 ], [ 6.8930487, 47.6924618 ], [ 6.8983974, 47.6931792 ], [ 6.9018544, 47.6944724 ], [ 6.9026602, 47.6938651 ], [ 6.902976, 47.6933301 ], [ 6.9030934, 47.6930738 ], [ 6.9033093, 47.6928693 ], [ 6.9038117, 47.6921297 ], [ 6.9039344, 47.6920013 ], [ 6.9041963, 47.691605 ], [ 6.9044016, 47.6913458 ], [ 6.9045359, 47.6910665 ], [ 6.9047381, 47.690729 ], [ 6.9049813, 47.6908245 ], [ 6.9058515, 47.6908783 ], [ 6.9064513, 47.6909583 ], [ 6.9067274, 47.6909743 ], [ 6.906972, 47.6909607 ], [ 6.9072339, 47.6909096 ], [ 6.9076897, 47.6909557 ], [ 6.9080475, 47.6910113 ], [ 6.9085742, 47.6909864 ], [ 6.9086556, 47.6909675 ], [ 6.9090132, 47.6907654 ], [ 6.90955, 47.69066 ], [ 6.9103353, 47.690631 ], [ 6.9110554, 47.6904582 ], [ 6.911737, 47.6904886 ], [ 6.9139324, 47.6906314 ], [ 6.9157679, 47.6898904 ], [ 6.9171884, 47.6895868 ], [ 6.9174674, 47.6894973 ], [ 6.9176892, 47.6893195 ], [ 6.9179744, 47.6890414 ], [ 6.9186131, 47.6881801 ], [ 6.9192085, 47.6884909 ], [ 6.9198127, 47.6887761 ], [ 6.9203645, 47.689073 ], [ 6.9205531, 47.6892054 ], [ 6.9231834, 47.6901076 ], [ 6.9238049, 47.6902462 ], [ 6.9242549, 47.6903032 ], [ 6.9249609, 47.690357 ], [ 6.924957, 47.690322 ], [ 6.9252252, 47.6903021 ], [ 6.9267027, 47.690248 ], [ 6.9290051, 47.6911718 ], [ 6.930667, 47.6918783 ], [ 6.9323454, 47.6923761 ], [ 6.9335488, 47.6927835 ], [ 6.9384729, 47.6939766 ], [ 6.9409992, 47.6936274 ], [ 6.941401, 47.6938076 ], [ 6.9419629, 47.6933741 ], [ 6.9425603, 47.693618 ], [ 6.9430598, 47.6931893 ], [ 6.9435753, 47.6930854 ], [ 6.9440617, 47.6930564 ], [ 6.9467085, 47.6926939 ], [ 6.9490997, 47.6923239 ], [ 6.9498305, 47.6921721 ], [ 6.950163, 47.692119399999989 ], [ 6.9519096, 47.6923271 ], [ 6.9526552, 47.6925002 ], [ 6.9531239, 47.6925735 ], [ 6.9538727, 47.692663499999988 ], [ 6.9543995, 47.6927836 ], [ 6.9545068, 47.6928259 ], [ 6.9546879, 47.6928207 ], [ 6.9548766, 47.6930784 ], [ 6.9550473, 47.6928617 ], [ 6.95517, 47.6927521 ], [ 6.956139, 47.6917262 ], [ 6.9568002, 47.6909432 ], [ 6.9568291, 47.6908818 ], [ 6.9567433, 47.6908054 ], [ 6.9574103, 47.6896509 ], [ 6.9574028, 47.6896034 ], [ 6.9572276, 47.6895264 ], [ 6.9576014, 47.6891866 ], [ 6.9576839, 47.6890937 ], [ 6.9577984, 47.6888925 ], [ 6.9578768, 47.6885095 ], [ 6.9580651, 47.6870738 ], [ 6.9581596, 47.6866399 ], [ 6.9582364, 47.6864516 ], [ 6.9585909, 47.6860674 ], [ 6.958835, 47.6858509 ], [ 6.9590699, 47.6856709 ], [ 6.9593027, 47.685553 ], [ 6.9594232, 47.6854507 ], [ 6.9595723, 47.6849968 ], [ 6.9596385, 47.6844683 ], [ 6.9599479, 47.6835863 ], [ 6.9600754, 47.6834513 ], [ 6.9602491, 47.682951599999988 ], [ 6.9602478, 47.6827011 ], [ 6.9600782, 47.6825194 ], [ 6.9600042, 47.682386699999988 ], [ 6.9600221, 47.6823212 ], [ 6.9602109, 47.6821688 ], [ 6.9604348, 47.6820567 ], [ 6.9605497, 47.6820402 ], [ 6.9608508, 47.6816208 ], [ 6.9599635, 47.6811922 ], [ 6.9599354, 47.6802568 ], [ 6.9598855, 47.6796574 ], [ 6.9616455, 47.6796554 ], [ 6.9617971, 47.6789842 ], [ 6.9620207, 47.6782052 ], [ 6.9621483, 47.67757 ], [ 6.9622367, 47.6773057 ], [ 6.9625939, 47.6756308 ], [ 6.9625935, 47.6754822 ], [ 6.9625345, 47.6750831 ], [ 6.9624207, 47.674576 ], [ 6.9622491, 47.673954599999988 ], [ 6.9622399, 47.6738494 ], [ 6.9623684, 47.6734422 ], [ 6.9622142, 47.672804 ], [ 6.9620318, 47.6723956 ], [ 6.9619396, 47.6720536 ], [ 6.963155, 47.6705262 ], [ 6.9737047, 47.6736907 ], [ 6.9725517, 47.6722753 ], [ 6.9724784, 47.6719182 ], [ 6.9725031, 47.6717489 ], [ 6.9723609, 47.6712184 ], [ 6.9722661, 47.6706989 ], [ 6.9721751, 47.6699071 ], [ 6.9721516, 47.6694672 ], [ 6.9720625, 47.6690944 ], [ 6.97185, 47.6685537 ], [ 6.9736744, 47.6685602 ], [ 6.974478, 47.6686013 ], [ 6.975154, 47.6686847 ], [ 6.9755561, 47.6687097 ], [ 6.9757082, 47.6686388 ], [ 6.9761833, 47.6684613 ], [ 6.9765457, 47.6683471 ], [ 6.9769114, 47.668277 ], [ 6.9774299, 47.6679844 ], [ 6.9776234, 47.667913 ], [ 6.9777138, 47.6680171 ], [ 6.9780243, 47.6679227 ], [ 6.9781392, 47.6676025 ], [ 6.978316, 47.6675045 ], [ 6.9787176, 47.66738 ], [ 6.9788133, 47.6672497 ], [ 6.9814048, 47.6678814 ], [ 6.9867657, 47.6686674 ], [ 6.9874566, 47.6686465 ], [ 6.9890556, 47.6688515 ], [ 6.9930636, 47.6693319 ], [ 6.9948839, 47.669514799999988 ], [ 6.997129, 47.6697047 ], [ 6.9993694, 47.6697425 ], [ 7.0003863, 47.6696211 ], [ 7.0008461, 47.6697739 ], [ 7.001057, 47.669828 ], [ 7.0016286, 47.6699238 ], [ 7.0038425, 47.6696091 ], [ 7.0059974, 47.6693973 ], [ 7.0065987, 47.669409099999989 ], [ 7.0083987, 47.6695168 ], [ 7.0087061, 47.6693287 ], [ 7.0090329, 47.6690615 ], [ 7.0092728, 47.668809 ], [ 7.0094857, 47.6684647 ], [ 7.0096277, 47.6681002 ], [ 7.0096401, 47.668016 ], [ 7.0100285, 47.6680711 ], [ 7.0112351, 47.6683082 ], [ 7.0130104, 47.6688501 ], [ 7.0146435, 47.6693987 ], [ 7.0154597, 47.6697303 ], [ 7.0159396, 47.6699896 ], [ 7.0176476, 47.6705229 ], [ 7.0184763, 47.6707008 ], [ 7.0195221, 47.6709803 ], [ 7.0208493, 47.6713636 ], [ 7.0217062, 47.6715612 ], [ 7.0227036, 47.6717648 ], [ 7.0227643, 47.6717555 ], [ 7.0229268, 47.6717697 ], [ 7.0237605, 47.6719429 ], [ 7.0238383, 47.6719483 ], [ 7.0247581, 47.6723961 ], [ 7.025227, 47.6725268 ], [ 7.0284683, 47.6733236 ], [ 7.0324118, 47.6742284 ], [ 7.0371266, 47.6752724 ], [ 7.0374505, 47.6753729 ], [ 7.0374186, 47.6755678 ], [ 7.0374438, 47.6757949 ], [ 7.0375271, 47.676067 ], [ 7.0375449, 47.6763547 ], [ 7.0387534, 47.6762778 ], [ 7.0387634, 47.6770075 ], [ 7.0388059, 47.677481 ], [ 7.0391469, 47.6775782 ], [ 7.0390796, 47.677641 ], [ 7.0388573, 47.6781056 ], [ 7.0389041, 47.678546499999989 ], [ 7.0413358, 47.6786201 ], [ 7.0412987, 47.6792396 ], [ 7.0429288, 47.6794942 ], [ 7.0426782, 47.6802013 ], [ 7.0433156, 47.6805993 ], [ 7.0426769, 47.6811162 ], [ 7.044987, 47.6816427 ], [ 7.0479134, 47.6820073 ], [ 7.0484177, 47.6821097 ], [ 7.0484012, 47.6821572 ], [ 7.0484134, 47.6822297 ], [ 7.048237, 47.682244 ], [ 7.0479917, 47.6823534 ], [ 7.0476839, 47.6825524 ], [ 7.0474524, 47.6826677 ], [ 7.0481346, 47.6845142 ], [ 7.0477133, 47.6846081 ], [ 7.0476145, 47.6846431 ], [ 7.0475229, 47.6848076 ], [ 7.0464704, 47.6845691 ], [ 7.0439728, 47.6851955 ], [ 7.044042, 47.6854743 ], [ 7.0435845, 47.6856721 ], [ 7.043072, 47.6858656 ], [ 7.0427083, 47.6859269 ], [ 7.0417812, 47.6859337 ], [ 7.0413808, 47.6858818 ], [ 7.0411055, 47.6857534 ], [ 7.0401031, 47.6859647 ], [ 7.0392013, 47.6866214 ], [ 7.0384663, 47.6867684 ], [ 7.0380583, 47.6872674 ], [ 7.0379805, 47.6874377 ], [ 7.0385815, 47.6878306 ], [ 7.0367843, 47.6909399 ], [ 7.0364658, 47.6909103 ], [ 7.036364, 47.6921567 ], [ 7.0371869, 47.6922355 ], [ 7.0371807, 47.6925412 ], [ 7.0382306, 47.6926212 ], [ 7.0377303, 47.693875 ], [ 7.0378061, 47.6941356 ], [ 7.0374006, 47.694456 ], [ 7.0373072, 47.6947206 ], [ 7.032871, 47.6953523 ], [ 7.0329474, 47.6955326 ], [ 7.0330231, 47.6958617 ], [ 7.0330443, 47.696372 ], [ 7.0331291, 47.6971558 ], [ 7.0335852, 47.6986668 ], [ 7.0338173, 47.6996511 ], [ 7.0334066, 47.6996751 ], [ 7.0329438, 47.6996812 ], [ 7.0325481, 47.699639 ], [ 7.0315517, 47.6995796 ], [ 7.0313107, 47.6995528 ], [ 7.0309115, 47.6995882 ], [ 7.030749, 47.6996452 ], [ 7.0304816, 47.6996751 ], [ 7.0298256, 47.6999519 ], [ 7.0290414, 47.7003674 ], [ 7.0281439, 47.7004866 ], [ 7.0275147, 47.7004993 ], [ 7.0264764, 47.7009632 ], [ 7.0265942, 47.7010564 ], [ 7.026599, 47.7013311 ], [ 7.0266559, 47.7015013 ], [ 7.0267515, 47.7016702 ], [ 7.0268927, 47.7017897 ], [ 7.0272352, 47.7020113 ], [ 7.027239, 47.7022383 ], [ 7.0271995, 47.7026866 ], [ 7.0272122, 47.7027484 ], [ 7.0272962, 47.7028888 ], [ 7.0273705, 47.7031115 ], [ 7.0274545, 47.703252 ], [ 7.0275611, 47.7035673 ], [ 7.0275776, 47.7045437 ], [ 7.0275155, 47.7047468 ], [ 7.0275852, 47.7049977 ], [ 7.027533, 47.7051896 ], [ 7.027553, 47.7053493 ], [ 7.0277644, 47.7056377 ], [ 7.0278602, 47.705738 ], [ 7.0281806, 47.7062145 ], [ 7.0292049, 47.7081052 ], [ 7.0295068, 47.7087428 ], [ 7.0298208, 47.709169 ], [ 7.0301382, 47.7094276 ], [ 7.0304988, 47.7100117 ], [ 7.0308283, 47.7105015 ], [ 7.031524, 47.7114706 ], [ 7.0317334, 47.7116968 ], [ 7.0320098, 47.7120667 ], [ 7.0323531, 47.7125803 ], [ 7.0329356, 47.7136065 ], [ 7.0333836, 47.7143022 ], [ 7.0337557, 47.7150193 ], [ 7.0340108, 47.715389 ], [ 7.0344394, 47.7159177 ], [ 7.0344483, 47.7160174 ], [ 7.0345236, 47.7162528 ], [ 7.0346562, 47.7163284 ], [ 7.03513, 47.7164481 ], [ 7.0352566, 47.7164627 ], [ 7.0362246, 47.7168997 ], [ 7.0363779, 47.7169494 ], [ 7.0366655, 47.7170792 ], [ 7.0370408, 47.7173438 ], [ 7.0374861, 47.717597 ], [ 7.0375951, 47.7176968 ], [ 7.0377861, 47.7179786 ], [ 7.0378075, 47.7181555 ], [ 7.0370959, 47.7181052 ], [ 7.0369455, 47.7181122 ], [ 7.0368187, 47.7181481 ], [ 7.0361509, 47.71894 ], [ 7.0361132, 47.7190773 ], [ 7.0361246, 47.7199142 ], [ 7.0361553, 47.720143 ], [ 7.0361079, 47.720469 ], [ 7.0361213, 47.720733499999987 ], [ 7.0360547, 47.7208954 ], [ 7.0359842, 47.721162799999988 ], [ 7.0358655, 47.7213597 ], [ 7.0376554, 47.721626 ], [ 7.0377847, 47.7216224 ], [ 7.0374102, 47.7221436 ], [ 7.0370396, 47.7224701 ], [ 7.0363344, 47.7233163 ], [ 7.0351577, 47.7246196 ], [ 7.0342946, 47.7252505 ], [ 7.0327688, 47.7262665 ], [ 7.0324861, 47.7261141 ], [ 7.0324397, 47.7262608 ], [ 7.0324252, 47.7264045 ], [ 7.0314228, 47.7270303 ], [ 7.0306577, 47.7276695 ], [ 7.0307632, 47.7277046 ], [ 7.0307148, 47.7278586 ], [ 7.0306199, 47.7279637 ], [ 7.0303639, 47.7281285 ], [ 7.0300937, 47.7282297 ], [ 7.0299023, 47.72833 ], [ 7.0298451, 47.7283861 ], [ 7.0297589, 47.7285711 ], [ 7.0296797, 47.728654 ], [ 7.0295694, 47.7287146 ], [ 7.0292311, 47.7288335 ], [ 7.0288541, 47.7290943 ], [ 7.0287135, 47.7291596 ], [ 7.0278164, 47.7292022 ], [ 7.0276179, 47.7292974 ], [ 7.0272179, 47.729431 ], [ 7.0270355, 47.7295094 ], [ 7.0268381, 47.7295666 ], [ 7.0267674, 47.7296024 ], [ 7.0267262, 47.729712 ], [ 7.0265997, 47.7298236 ], [ 7.0261846, 47.7305156 ], [ 7.0259156, 47.7308268 ], [ 7.0257711, 47.730948 ], [ 7.0255422, 47.7311884 ], [ 7.0253168, 47.7314764 ], [ 7.025217, 47.73157 ], [ 7.0251016, 47.7316154 ], [ 7.0247954, 47.7316467 ], [ 7.0245537, 47.731719 ], [ 7.0234861, 47.7322983 ], [ 7.0227446, 47.7325626 ], [ 7.0223746, 47.7328277 ], [ 7.0218978, 47.7332181 ], [ 7.021535, 47.7335965 ], [ 7.0213402, 47.7339889 ] ] ] ] } },
{ "type": "Feature", "properties": { "code_departement": 90.0, "code_rne": "0900014B", "multisecteur": 0.0 }, "geometry": { "type": "MultiPolygon", "coordinates": [ [ [ [ 6.7874312, 47.6553696 ], [ 6.7872389, 47.655656 ], [ 6.7871705, 47.6565522 ], [ 6.7874508, 47.6573613 ], [ 6.787665, 47.6575229 ], [ 6.7877618, 47.6575711 ], [ 6.788082, 47.657648099999989 ], [ 6.7881016, 47.6576232 ], [ 6.7882768, 47.657649 ], [ 6.7886235, 47.6577414 ], [ 6.7892113, 47.6580454 ], [ 6.8149314, 47.655359399999988 ], [ 6.8223649, 47.6536075 ], [ 6.822158, 47.6534289 ], [ 6.8211318, 47.6529182 ], [ 6.8197483, 47.6523164 ], [ 6.8195282, 47.6521848 ], [ 6.8193003, 47.6523545 ], [ 6.8192301, 47.6524361 ], [ 6.8183773, 47.652801 ], [ 6.8176856, 47.653422 ], [ 6.8169685, 47.6534274 ], [ 6.8166289, 47.653342099999989 ], [ 6.8160622, 47.6530632 ], [ 6.815812, 47.6529786 ], [ 6.8152828, 47.6529265 ], [ 6.8149002, 47.652966 ], [ 6.8146675, 47.6529385 ], [ 6.8144469, 47.6529304 ], [ 6.8140437, 47.6528498 ], [ 6.8137696, 47.6528407 ], [ 6.8130736, 47.6526751 ], [ 6.8124204, 47.6526604 ], [ 6.812248, 47.6526742 ], [ 6.8119688, 47.652667 ], [ 6.8115802, 47.6527167 ], [ 6.8114412, 47.6527492 ], [ 6.8111299, 47.6528539 ], [ 6.8109158, 47.6529564 ], [ 6.8108643, 47.6529635 ], [ 6.8107383, 47.6528613 ], [ 6.8104691, 47.6529197 ], [ 6.8102041, 47.6529247 ], [ 6.8108889, 47.6523373 ], [ 6.8114056, 47.6516545 ], [ 6.8119103, 47.6510478 ], [ 6.8129639, 47.6497049 ], [ 6.8137964, 47.6486099 ], [ 6.8139498, 47.6483679 ], [ 6.8141636, 47.6481879 ], [ 6.8145345, 47.6479847 ], [ 6.814873, 47.6477763 ], [ 6.8149466, 47.6476685 ], [ 6.8150588, 47.6475594 ], [ 6.8151117, 47.6474045 ], [ 6.8153748, 47.6472048 ], [ 6.8162793, 47.6468553 ], [ 6.8168308, 47.6465868 ], [ 6.817012, 47.6466773 ], [ 6.8175428, 47.6470691 ], [ 6.8180486, 47.6476527 ], [ 6.8183962, 47.6479991 ], [ 6.8191181, 47.6483594 ], [ 6.8192107, 47.648368 ], [ 6.8193816, 47.6484634 ], [ 6.8193971, 47.6484935 ], [ 6.819627, 47.64865 ], [ 6.8205872, 47.6493756 ], [ 6.8208953, 47.6496376 ], [ 6.8212549, 47.6498908 ], [ 6.821395, 47.650022299999989 ], [ 6.8249569, 47.6514881 ], [ 6.8251349, 47.6514777 ], [ 6.8266001, 47.6515279 ], [ 6.8274443, 47.6513606 ], [ 6.8275167, 47.6513285 ], [ 6.8277177, 47.6512111 ], [ 6.8278526, 47.6510841 ], [ 6.82819, 47.6508234 ], [ 6.8284582, 47.6506398 ], [ 6.8298295, 47.6498829 ], [ 6.8301795, 47.6496128 ], [ 6.8310571, 47.6488541 ], [ 6.8318815, 47.648171 ], [ 6.8323182, 47.6476042 ], [ 6.8326012, 47.6471065 ], [ 6.8325981, 47.6470823 ], [ 6.8341071, 47.647204 ], [ 6.8347101, 47.6470769 ], [ 6.8348809, 47.6471524 ], [ 6.8353561, 47.6477343 ], [ 6.8355135, 47.6480689 ], [ 6.8355711, 47.6482382 ], [ 6.8361639, 47.6493605 ], [ 6.8364674, 47.6503165 ], [ 6.8366991, 47.651183 ], [ 6.8367279, 47.6519904 ], [ 6.836687, 47.6531939 ], [ 6.8377697, 47.6535126 ], [ 6.8378258, 47.6540739 ], [ 6.8379194, 47.6544136 ], [ 6.8384582, 47.6550896 ], [ 6.8385986, 47.6551452 ], [ 6.8386098, 47.6551717 ], [ 6.8386764, 47.6556739 ], [ 6.8384851, 47.655934 ], [ 6.8384868, 47.6564147 ], [ 6.838238, 47.6565722 ], [ 6.8372294, 47.6567709 ], [ 6.8369813, 47.657142099999987 ], [ 6.8365629, 47.657574 ], [ 6.8365107, 47.6577379 ], [ 6.8365389, 47.6579073 ], [ 6.8367265, 47.6582715 ], [ 6.8367764, 47.658473699999988 ], [ 6.8371976, 47.6584058 ], [ 6.837357, 47.6586204 ], [ 6.8375318, 47.658673 ], [ 6.8377561, 47.6585591 ], [ 6.8377828, 47.6585191 ], [ 6.8378581, 47.6584747 ], [ 6.8382228, 47.6583511 ], [ 6.8387615, 47.6583712 ], [ 6.838941, 47.6582903 ], [ 6.8394331, 47.6582058 ], [ 6.839585, 47.6581147 ], [ 6.8397281, 47.6581234 ], [ 6.8398389, 47.6580805 ], [ 6.8401677, 47.6580684 ], [ 6.8404043, 47.6578527 ], [ 6.8404709, 47.6577686 ], [ 6.8405381, 47.6575756 ], [ 6.8405965, 47.6575266 ], [ 6.8410179, 47.657484 ], [ 6.8413668, 47.6575204 ], [ 6.8417434, 47.6570667 ], [ 6.8418027, 47.6570344 ], [ 6.8418265, 47.6568407 ], [ 6.8419864, 47.6566377 ], [ 6.8421915, 47.6562825 ], [ 6.8421458, 47.6560399 ], [ 6.8425949, 47.6557613 ], [ 6.8426594, 47.6557053 ], [ 6.8427189, 47.6557245 ], [ 6.8430382, 47.6559007 ], [ 6.843203, 47.6560529 ], [ 6.8432161, 47.6562116 ], [ 6.8429685, 47.6563335 ], [ 6.842885, 47.6564329 ], [ 6.8429793, 47.6565875 ], [ 6.8433903, 47.6566753 ], [ 6.843523, 47.6565265 ], [ 6.8437406, 47.6564186 ], [ 6.8438898, 47.6564556 ], [ 6.8440246, 47.6564261 ], [ 6.8441992, 47.656177 ], [ 6.8443381, 47.6562409 ], [ 6.8447151, 47.6561891 ], [ 6.8448471, 47.6560923 ], [ 6.8449756, 47.6560483 ], [ 6.8451716, 47.6560059 ], [ 6.8454133, 47.6559717 ], [ 6.8455167, 47.6559734 ], [ 6.8456828, 47.6559361 ], [ 6.846018, 47.656178399999988 ], [ 6.8462862, 47.6560482 ], [ 6.8462838, 47.655997899999988 ], [ 6.8464544, 47.6558358 ], [ 6.8464931, 47.6557559 ], [ 6.8467204, 47.6556873 ], [ 6.8468036, 47.6556778 ], [ 6.8469097, 47.655624499999988 ], [ 6.8470298, 47.655668299999988 ], [ 6.8472806, 47.6559409 ], [ 6.8473791, 47.6559885 ], [ 6.8474689, 47.6559518 ], [ 6.8476758, 47.6559101 ], [ 6.8477782, 47.6559396 ], [ 6.8478498, 47.6559237 ], [ 6.8480377, 47.6559755 ], [ 6.8480733, 47.6560176 ], [ 6.8482574, 47.6560206 ], [ 6.8484632, 47.6560668 ], [ 6.8485261, 47.6560511 ], [ 6.8486576, 47.6561246 ], [ 6.8487647, 47.6561281 ], [ 6.8488259, 47.6560121 ], [ 6.8488596, 47.6558534 ], [ 6.8490841, 47.6558564 ], [ 6.8490379, 47.6560446 ], [ 6.8492958, 47.6561118 ], [ 6.8493134, 47.6562463 ], [ 6.8495921, 47.6562768 ], [ 6.8496252, 47.6563095 ], [ 6.849466, 47.6565456 ], [ 6.849312, 47.6566214 ], [ 6.8493124, 47.6567531 ], [ 6.849355, 47.6568894 ], [ 6.8495, 47.6570829 ], [ 6.8498118, 47.657426 ], [ 6.8500732, 47.6576395 ], [ 6.8496968, 47.6586558 ], [ 6.8504807, 47.6593949 ], [ 6.8508857, 47.6595766 ], [ 6.8510761, 47.6597111 ], [ 6.851892, 47.660058799999987 ], [ 6.8514727, 47.6603851 ], [ 6.8507753, 47.6608307 ], [ 6.8504447, 47.6610182 ], [ 6.8503166, 47.6611648 ], [ 6.8504257, 47.6611243 ], [ 6.8508257, 47.6609192 ], [ 6.8512343, 47.660666 ], [ 6.8516977, 47.6603416 ], [ 6.8524035, 47.6606211 ], [ 6.8531369, 47.6605987 ], [ 6.8538392, 47.6604791 ], [ 6.8541629, 47.660381 ], [ 6.8543179, 47.6604579 ], [ 6.854861, 47.6608293 ], [ 6.8549283, 47.6608938 ], [ 6.8550013, 47.6609247 ], [ 6.8580377, 47.6629944 ], [ 6.865213, 47.6679046 ], [ 6.8653007, 47.667936 ], [ 6.8651584, 47.668494 ], [ 6.86517, 47.669593 ], [ 6.8652955, 47.6700359 ], [ 6.8654516, 47.6703299 ], [ 6.8656495, 47.6710163 ], [ 6.8656838, 47.6714153 ], [ 6.8656787, 47.6717318 ], [ 6.8652973, 47.6731502 ], [ 6.864947, 47.6739864 ], [ 6.86477, 47.6743247 ], [ 6.8637312, 47.6754738 ], [ 6.8635708, 47.6758378 ], [ 6.8634057, 47.6763948 ], [ 6.8633068, 47.6768703 ], [ 6.8632764, 47.6773894 ], [ 6.8633334, 47.6775876 ], [ 6.8636865, 47.6781139 ], [ 6.8847371, 47.6739734 ], [ 6.8851999, 47.6739895 ], [ 6.8853454, 47.674137 ], [ 6.8854759, 47.6743156 ], [ 6.8855678, 47.6745883 ], [ 6.8856282, 47.6748683 ], [ 6.8859469, 47.6753777 ], [ 6.8861876, 47.6756409 ], [ 6.8862656, 47.6757952 ], [ 6.8863483, 47.6759041 ], [ 6.886383, 47.6760517 ], [ 6.8862982, 47.6763888 ], [ 6.8861008, 47.6769749 ], [ 6.885825, 47.6775842 ], [ 6.8856512, 47.6781658 ], [ 6.8851134, 47.6781657 ], [ 6.8848999, 47.6784756 ], [ 6.8847583, 47.678565 ], [ 6.8842918, 47.6790852 ], [ 6.884315, 47.6794214 ], [ 6.8842098, 47.6796268 ], [ 6.8842305, 47.679673 ], [ 6.8843264, 47.679724799999988 ], [ 6.8845702, 47.6797554 ], [ 6.8848973, 47.679831 ], [ 6.8851394, 47.6799302 ], [ 6.8853501, 47.6800575 ], [ 6.885452, 47.6801731 ], [ 6.8855157, 47.6802791 ], [ 6.8855274, 47.6803472 ], [ 6.8855665, 47.6804081 ], [ 6.8858859, 47.6816591 ], [ 6.8858337, 47.6823511 ], [ 6.8856868, 47.6828625 ], [ 6.8861663, 47.6840027 ], [ 6.8863575, 47.6847389 ], [ 6.8872966, 47.6851177 ], [ 6.8878841, 47.6853045 ], [ 6.8883768, 47.6855089 ], [ 6.889083, 47.6857503 ], [ 6.8897031, 47.6859992 ], [ 6.8904409, 47.6863621 ], [ 6.8909311, 47.6865684 ], [ 6.8901686, 47.6892486 ], [ 6.8902924, 47.6899393 ], [ 6.8908656, 47.6910439 ], [ 6.8922642, 47.6927231 ], [ 6.8904682, 47.6944843 ], [ 6.8901769, 47.6946084 ], [ 6.8899002, 47.6946032 ], [ 6.8895085, 47.6946316 ], [ 6.8894561, 47.6946631 ], [ 6.889436, 47.694716899999989 ], [ 6.8893628, 47.6947743 ], [ 6.8892845, 47.6947995 ], [ 6.889202, 47.694803099999987 ], [ 6.8891098, 47.6947827 ], [ 6.8888243, 47.6946381 ], [ 6.8886924, 47.6946236 ], [ 6.888499, 47.6945336 ], [ 6.8882006, 47.6948535 ], [ 6.8873295, 47.6964695 ], [ 6.887144, 47.6964883 ], [ 6.8869177, 47.6964787 ], [ 6.8868495, 47.6964593 ], [ 6.8825105, 47.6980589 ], [ 6.8806425, 47.6985102 ], [ 6.8779708, 47.6987774 ], [ 6.8726065, 47.6992436 ], [ 6.8709162, 47.6993501 ], [ 6.8625794, 47.6999512 ], [ 6.8619117, 47.700003 ], [ 6.8617138, 47.7000528 ], [ 6.8615288, 47.6999508 ], [ 6.8601735, 47.698988 ], [ 6.8572991, 47.6984287 ], [ 6.8560605, 47.6982281 ], [ 6.8549917, 47.6980128 ], [ 6.8538092, 47.6978121 ], [ 6.853387, 47.6977693 ], [ 6.8525581, 47.697437 ], [ 6.8496027, 47.697584 ], [ 6.8486044, 47.6975313 ], [ 6.8480165, 47.6975416 ], [ 6.845091, 47.6978064 ], [ 6.8429645, 47.697934 ], [ 6.842655, 47.6980658 ], [ 6.8424002, 47.6981049 ], [ 6.8416425, 47.6983334 ], [ 6.8407689, 47.6985478 ], [ 6.8398903, 47.698063 ], [ 6.8375911, 47.6981457 ], [ 6.8375994, 47.6982986 ], [ 6.8366898, 47.6981789 ], [ 6.8363593, 47.6981501 ], [ 6.835399, 47.6978266 ], [ 6.8340601, 47.6977885 ], [ 6.832778, 47.6976125 ], [ 6.8320193, 47.6973265 ], [ 6.8316213, 47.6973422 ], [ 6.8315836, 47.6984699 ], [ 6.8313174, 47.6984804 ], [ 6.8290879, 47.6981606 ], [ 6.8253747, 47.6968629 ], [ 6.8250182, 47.6966015 ], [ 6.8247316, 47.6963469 ], [ 6.8234484, 47.6961717 ], [ 6.8197109, 47.6953694 ], [ 6.8181362, 47.6948901 ], [ 6.8163308, 47.6940587 ], [ 6.8161643, 47.6936343 ], [ 6.8161698, 47.693562 ], [ 6.8161103, 47.6934027 ], [ 6.8155444, 47.6927138 ], [ 6.8151384, 47.6925603 ], [ 6.8146772, 47.6924564 ], [ 6.8143322, 47.6923172 ], [ 6.8139787, 47.692226899999987 ], [ 6.8135358, 47.692025099999988 ], [ 6.8125242, 47.6916905 ], [ 6.812203, 47.6919199 ], [ 6.8118861, 47.6923781 ], [ 6.811437, 47.6929289 ], [ 6.8112671, 47.6930534 ], [ 6.810801, 47.6933101 ], [ 6.8104045, 47.6935708 ], [ 6.8102406, 47.6937429 ], [ 6.8101957, 47.6938426 ], [ 6.8100743, 47.6938249 ], [ 6.8097734, 47.6938158 ], [ 6.8098864, 47.6935859 ], [ 6.8098583, 47.6931931 ], [ 6.8095719, 47.6927347 ], [ 6.8095069, 47.6926846 ], [ 6.8093559, 47.6926814 ], [ 6.8091735, 47.6927432 ], [ 6.8089449, 47.6928876 ], [ 6.8088067, 47.6930642 ], [ 6.8087234, 47.6932246 ], [ 6.8085864, 47.693604 ], [ 6.8077582, 47.6934075 ], [ 6.8073627, 47.6931401 ], [ 6.8069286, 47.6928749 ], [ 6.8053717, 47.6919867 ], [ 6.8049952, 47.6918547 ], [ 6.8046537, 47.6919316 ], [ 6.8041635, 47.6919269 ], [ 6.8038446, 47.6918904 ], [ 6.8036966, 47.6919114 ], [ 6.8013324, 47.6919028 ], [ 6.8006538, 47.6916887 ], [ 6.7973718, 47.690733 ], [ 6.7973641, 47.6906432 ], [ 6.7970282, 47.6906117 ], [ 6.7953162, 47.6900915 ], [ 6.7890615, 47.6902864 ], [ 6.7877286, 47.6902917 ], [ 6.7856116, 47.6901549 ], [ 6.7853893, 47.690163 ], [ 6.7801738, 47.6897695 ], [ 6.7804706, 47.6893815 ], [ 6.7806778, 47.6892369 ], [ 6.7811421, 47.6888587 ], [ 6.7813953, 47.6886271 ], [ 6.781784, 47.6880306 ], [ 6.7818662, 47.687817 ], [ 6.781852, 47.6877851 ], [ 6.7819257, 47.6876962 ], [ 6.7819981, 47.6874749 ], [ 6.7820222, 47.6873254 ], [ 6.7820139, 47.6870391 ], [ 6.7819916, 47.6869515 ], [ 6.7818142, 47.686595 ], [ 6.7817466, 47.6864143 ], [ 6.7817456, 47.6862305 ], [ 6.7818111, 47.685913 ], [ 6.7819698, 47.6856105 ], [ 6.7817448, 47.6841697 ], [ 6.7806353, 47.6812842 ], [ 6.7799249, 47.6799609 ], [ 6.778718, 47.6782951 ], [ 6.7786471, 47.6758653 ], [ 6.7784862, 47.6739349 ], [ 6.7785807, 47.6734804 ], [ 6.7781475, 47.6722815 ], [ 6.7763994, 47.6689246 ], [ 6.7761039, 47.6685755 ], [ 6.7761287, 47.6680791 ], [ 6.7770001, 47.6657485 ], [ 6.7772802, 47.6651078 ], [ 6.7803235, 47.663235 ], [ 6.7815577, 47.6626373 ], [ 6.7816272, 47.6625269 ], [ 6.7817596, 47.6623812 ], [ 6.781891, 47.6622787 ], [ 6.7817436, 47.6618743 ], [ 6.7817344, 47.6609735 ], [ 6.7822246, 47.6604008 ], [ 6.7817139, 47.6601397 ], [ 6.7816251, 47.6600714 ], [ 6.7815635, 47.6599932 ], [ 6.7813339, 47.6589941 ], [ 6.7812637, 47.6587945 ], [ 6.7811523, 47.6585972 ], [ 6.7808631, 47.6581866 ], [ 6.7802758, 47.65771 ], [ 6.7799943, 47.657407299999988 ], [ 6.7798448, 47.6572184 ], [ 6.7795523, 47.6566665 ], [ 6.7802944, 47.656524399999988 ], [ 6.7807121, 47.656733499999987 ], [ 6.7809084, 47.6566812 ], [ 6.7808111, 47.6563248 ], [ 6.7809101, 47.655915199999988 ], [ 6.7812163, 47.6555881 ], [ 6.7818628, 47.6553383 ], [ 6.7836295, 47.6549557 ], [ 6.7838773, 47.6548022 ], [ 6.785053, 47.6549663 ], [ 6.7873012, 47.6553178 ], [ 6.7874312, 47.6553696 ] ], [ [ 6.8350692, 47.6585574 ], [ 6.8350246, 47.6577345 ], [ 6.8346753, 47.6568466 ], [ 6.8341323, 47.6567518 ], [ 6.8333421, 47.656855199999988 ], [ 6.8328235, 47.6568957 ], [ 6.8320317, 47.6568649 ], [ 6.8316025, 47.6567762 ], [ 6.8312943, 47.6567377 ], [ 6.8313306, 47.656668 ], [ 6.8302473, 47.6564782 ], [ 6.82959, 47.656334 ], [ 6.8289021, 47.656069 ], [ 6.8242637, 47.6560729 ], [ 6.8337216, 47.658168 ], [ 6.8350692, 47.6585574 ] ] ] ] } },
{ "type": "Feature", "properties": { "code_departement": 90.0, "code_rne": "0900017E", "multisecteur": 0.0 }, "geometry": { "type": "MultiPolygon", "coordinates": [ [ [ [ 6.8421906, 47.6524049 ], [ 6.8423162, 47.6521128 ], [ 6.8417062, 47.6506885 ], [ 6.8414129, 47.6502484 ], [ 6.8427255, 47.6498084 ], [ 6.8430494, 47.6496818 ], [ 6.8435458, 47.649452 ], [ 6.8444238, 47.6489657 ], [ 6.8444577, 47.6489364 ], [ 6.8448613, 47.648287 ], [ 6.8448819, 47.6482171 ], [ 6.8449141, 47.6476002 ], [ 6.8461482, 47.6474175 ], [ 6.8463119, 47.6473162 ], [ 6.8464858, 47.6471489 ], [ 6.8465885, 47.6470085 ], [ 6.8465558, 47.6467155 ], [ 6.8463426, 47.6463369 ], [ 6.846811, 47.6462012 ], [ 6.8471585, 47.6459206 ], [ 6.8471961, 47.6455854 ], [ 6.8463816, 47.6446913 ], [ 6.8462846, 47.644617 ], [ 6.846874, 47.6441307 ], [ 6.8469075, 47.6440581 ], [ 6.8490914, 47.6434238 ], [ 6.8494157, 47.643011 ], [ 6.8495002, 47.6429901 ], [ 6.8500089, 47.6427692 ], [ 6.8501964, 47.6421597 ], [ 6.850164, 47.6415766 ], [ 6.850229, 47.6414395 ], [ 6.8511396, 47.6412741 ], [ 6.8515954, 47.6413274 ], [ 6.8518337, 47.6414528 ], [ 6.8519733, 47.6415035 ], [ 6.8529063, 47.6415445 ], [ 6.8544454, 47.6416378 ], [ 6.8546828, 47.6416404 ], [ 6.8555418, 47.6417004 ], [ 6.8558182, 47.6416063 ], [ 6.8561782, 47.6416263 ], [ 6.8565862, 47.6417212 ], [ 6.8567901, 47.6417878 ], [ 6.8570087, 47.6418271 ], [ 6.8571059, 47.6418078 ], [ 6.8573768, 47.641804 ], [ 6.8577372, 47.6421322 ], [ 6.858345, 47.6420898 ], [ 6.8584366, 47.6420371 ], [ 6.8584727, 47.6419769 ], [ 6.8587367, 47.6419322 ], [ 6.8589981, 47.6419558 ], [ 6.8590851, 47.6419859 ], [ 6.8591346, 47.6419698 ], [ 6.8596974, 47.6411987 ], [ 6.8598806, 47.6411817 ], [ 6.8603523, 47.6411846 ], [ 6.8606405, 47.6415171 ], [ 6.8608537, 47.6416599 ], [ 6.8610059, 47.6421049 ], [ 6.8615564, 47.642559 ], [ 6.8620473, 47.6424233 ], [ 6.8624883, 47.6422575 ], [ 6.8627687, 47.6421221 ], [ 6.8638396, 47.6422828 ], [ 6.8638586, 47.6427165 ], [ 6.8639316, 47.643006299999989 ], [ 6.8635993, 47.6434456 ], [ 6.8634276, 47.6435991 ], [ 6.8636942, 47.6439812 ], [ 6.8637011, 47.6441591 ], [ 6.863959, 47.6445748 ], [ 6.8641015, 47.6446307 ], [ 6.8645711, 47.6450328 ], [ 6.8646181, 47.6451055 ], [ 6.8646941, 47.6451316 ], [ 6.8654383, 47.6456242 ], [ 6.8656931, 47.645655 ], [ 6.8662332, 47.6459162 ], [ 6.8666349, 47.6463101 ], [ 6.8672581, 47.6465071 ], [ 6.8679248, 47.6470196 ], [ 6.8680752, 47.6471901 ], [ 6.8682543, 47.6473089 ], [ 6.8689141, 47.6475994 ], [ 6.8700342, 47.6477161 ], [ 6.8702359, 47.6477798 ], [ 6.8708156, 47.6479135 ], [ 6.8713661, 47.6479247 ], [ 6.872534, 47.6478612 ], [ 6.8733941, 47.6481326 ], [ 6.8736595, 47.648239 ], [ 6.8743705, 47.6484212 ], [ 6.8750168, 47.6486407 ], [ 6.8755941, 47.6487683 ], [ 6.8776963, 47.6498177 ], [ 6.8769492, 47.6498229 ], [ 6.8765424, 47.649749 ], [ 6.8764396, 47.6497479 ], [ 6.8763725, 47.649779 ], [ 6.8762859, 47.64989 ], [ 6.8761867, 47.6500852 ], [ 6.8754642, 47.6520711 ], [ 6.8644453, 47.6543729 ], [ 6.8634063, 47.6544649 ], [ 6.8630458, 47.6544778 ], [ 6.8621013, 47.6545487 ], [ 6.8586754, 47.6560119 ], [ 6.8549139, 47.6577068 ], [ 6.8539943, 47.6586582 ], [ 6.8533581, 47.6590829 ], [ 6.8531941, 47.6591577 ], [ 6.8527358, 47.6594413 ], [ 6.851892, 47.660058799999987 ], [ 6.8510761, 47.6597111 ], [ 6.8508857, 47.6595766 ], [ 6.8504807, 47.6593949 ], [ 6.8496968, 47.6586558 ], [ 6.8500732, 47.6576395 ], [ 6.8498118, 47.657426 ], [ 6.8495, 47.6570829 ], [ 6.849355, 47.6568894 ], [ 6.8493124, 47.6567531 ], [ 6.849312, 47.6566214 ], [ 6.849466, 47.6565456 ], [ 6.8496252, 47.6563095 ], [ 6.8495921, 47.6562768 ], [ 6.8493134, 47.6562463 ], [ 6.8492958, 47.6561118 ], [ 6.8490379, 47.6560446 ], [ 6.8490841, 47.6558564 ], [ 6.8488596, 47.6558534 ], [ 6.8488259, 47.6560121 ], [ 6.8487647, 47.6561281 ], [ 6.8486576, 47.6561246 ], [ 6.8485261, 47.6560511 ], [ 6.8484632, 47.6560668 ], [ 6.8482574, 47.6560206 ], [ 6.8480733, 47.6560176 ], [ 6.8480377, 47.6559755 ], [ 6.8478498, 47.6559237 ], [ 6.8477782, 47.6559396 ], [ 6.8476758, 47.6559101 ], [ 6.8474689, 47.6559518 ], [ 6.8473791, 47.6559885 ], [ 6.8472806, 47.6559409 ], [ 6.8470298, 47.655668299999988 ], [ 6.8469097, 47.655624499999988 ], [ 6.8468036, 47.6556778 ], [ 6.8467204, 47.6556873 ], [ 6.8464931, 47.6557559 ], [ 6.8464544, 47.6558358 ], [ 6.8462838, 47.655997899999988 ], [ 6.8462862, 47.6560482 ], [ 6.846018, 47.656178399999988 ], [ 6.8456828, 47.6559361 ], [ 6.8455167, 47.6559734 ], [ 6.8454133, 47.6559717 ], [ 6.8451716, 47.6560059 ], [ 6.8449756, 47.6560483 ], [ 6.8448471, 47.6560923 ], [ 6.8447151, 47.6561891 ], [ 6.8443381, 47.6562409 ], [ 6.8441992, 47.656177 ], [ 6.8440246, 47.6564261 ], [ 6.8438898, 47.6564556 ], [ 6.8437406, 47.6564186 ], [ 6.843523, 47.6565265 ], [ 6.8433903, 47.6566753 ], [ 6.8429793, 47.6565875 ], [ 6.842885, 47.6564329 ], [ 6.8429685, 47.6563335 ], [ 6.8432161, 47.6562116 ], [ 6.843203, 47.6560529 ], [ 6.8430382, 47.6559007 ], [ 6.8427189, 47.6557245 ], [ 6.8426594, 47.6557053 ], [ 6.8425949, 47.6557613 ], [ 6.8421458, 47.6560399 ], [ 6.8421915, 47.6562825 ], [ 6.8419864, 47.6566377 ], [ 6.8418265, 47.6568407 ], [ 6.8418027, 47.6570344 ], [ 6.8417434, 47.6570667 ], [ 6.8413668, 47.6575204 ], [ 6.8410179, 47.657484 ], [ 6.8405965, 47.6575266 ], [ 6.8405381, 47.6575756 ], [ 6.8404709, 47.6577686 ], [ 6.8404043, 47.6578527 ], [ 6.8401677, 47.6580684 ], [ 6.8398389, 47.6580805 ], [ 6.8397281, 47.6581234 ], [ 6.839585, 47.6581147 ], [ 6.8394331, 47.6582058 ], [ 6.838941, 47.6582903 ], [ 6.8387615, 47.6583712 ], [ 6.8382228, 47.6583511 ], [ 6.8378581, 47.6584747 ], [ 6.8377828, 47.6585191 ], [ 6.8377561, 47.6585591 ], [ 6.8375318, 47.658673 ], [ 6.837357, 47.6586204 ], [ 6.8371976, 47.6584058 ], [ 6.8367763, 47.6584737 ], [ 6.8367265, 47.6582715 ], [ 6.8365389, 47.6579073 ], [ 6.8365107, 47.6577379 ], [ 6.8365629, 47.657574 ], [ 6.8369813, 47.657142099999987 ], [ 6.8372294, 47.6567709 ], [ 6.838238, 47.6565722 ], [ 6.8384868, 47.6564147 ], [ 6.8384851, 47.655934 ], [ 6.8386764, 47.6556739 ], [ 6.8385986, 47.6551452 ], [ 6.8392342, 47.6549054 ], [ 6.8394054, 47.6548218 ], [ 6.8404723, 47.6544353 ], [ 6.8406112, 47.6543718 ], [ 6.8408394, 47.6541832 ], [ 6.8412016, 47.6539387 ], [ 6.8416799, 47.6537102 ], [ 6.8418111, 47.653484399999989 ], [ 6.8421906, 47.6524049 ] ] ], [ [ [ 6.8242637, 47.6560729 ], [ 6.8289021, 47.656069 ], [ 6.82959, 47.656334 ], [ 6.8302473, 47.6564782 ], [ 6.8313306, 47.656668 ], [ 6.8312943, 47.6567377 ], [ 6.8316025, 47.6567762 ], [ 6.8320317, 47.6568649 ], [ 6.8328235, 47.6568957 ], [ 6.8333421, 47.656855199999988 ], [ 6.8341323, 47.6567518 ], [ 6.8346753, 47.6568466 ], [ 6.8350246, 47.6577345 ], [ 6.8350692, 47.6585574 ], [ 6.8337216, 47.658168 ], [ 6.8242637, 47.6560729 ] ] ] ] } },
{ "type": "Feature", "properties": { "code_departement": 90.0, "code_rne": "0900018F", "multisecteur": 0.0 }, "geometry": { "type": "MultiPolygon", "coordinates": [ [ [ [ 6.8515109, 47.620932599999989 ], [ 6.8513708, 47.6208043 ], [ 6.8510814, 47.6207597 ], [ 6.8509736, 47.6205258 ], [ 6.8508419, 47.6203904 ], [ 6.8525054, 47.6203391 ], [ 6.853457, 47.6219974 ], [ 6.8536263, 47.6223856 ], [ 6.8537622, 47.6227533 ], [ 6.8538492, 47.6230878 ], [ 6.8521479, 47.6232501 ], [ 6.8524305, 47.6235227 ], [ 6.8539224, 47.6233688 ], [ 6.8543174, 47.6248852 ], [ 6.854624, 47.6253594 ], [ 6.8542835, 47.6256973 ], [ 6.8540433, 47.6260825 ], [ 6.8539392, 47.6261313 ], [ 6.8537613, 47.6265377 ], [ 6.8535615, 47.6265601 ], [ 6.8535483, 47.6262161 ], [ 6.8535292, 47.6262077 ], [ 6.8531792, 47.6263144 ], [ 6.8529418, 47.626177 ], [ 6.8530907, 47.625829 ], [ 6.8530564, 47.6257902 ], [ 6.8530598, 47.6257486 ], [ 6.8530414, 47.6257305 ], [ 6.8526017, 47.6256561 ], [ 6.8525306, 47.6256055 ], [ 6.8524426, 47.6255836 ], [ 6.8523209, 47.6255153 ], [ 6.852339, 47.625401 ], [ 6.8525549, 47.6251382 ], [ 6.8526155, 47.6251153 ], [ 6.8526915, 47.6249531 ], [ 6.8525025, 47.6248423 ], [ 6.8523345, 47.6246626 ], [ 6.852318, 47.6246137 ], [ 6.852382, 47.6244978 ], [ 6.8522086, 47.624278 ], [ 6.8521323, 47.6242871 ], [ 6.8516578, 47.6244722 ], [ 6.8511665, 47.6242142 ], [ 6.8510667, 47.6239966 ], [ 6.8514319, 47.6238137 ], [ 6.8516454, 47.6234558 ], [ 6.8518212, 47.6233967 ], [ 6.8518052, 47.6232109 ], [ 6.8515097, 47.6231274 ], [ 6.8514862, 47.6229228 ], [ 6.8514424, 47.6227751 ], [ 6.8512736, 47.6227138 ], [ 6.8511687, 47.6226043 ], [ 6.8512021, 47.6225733 ], [ 6.8514759, 47.6224636 ], [ 6.8515906, 47.6224708 ], [ 6.8519994, 47.6226051 ], [ 6.8534103, 47.6219806 ], [ 6.8530723, 47.621914 ], [ 6.8522203, 47.6215481 ], [ 6.851422, 47.621842699999988 ], [ 6.8513388, 47.6219129 ], [ 6.8511924, 47.6219137 ], [ 6.851044, 47.6218786 ], [ 6.8509961, 47.6216569 ], [ 6.8506397, 47.6214301 ], [ 6.8505108, 47.6213899 ], [ 6.8505079, 47.621370899999988 ], [ 6.8505694, 47.6212888 ], [ 6.850745, 47.6211603 ], [ 6.8509605, 47.6210739 ], [ 6.8511079, 47.6210646 ], [ 6.8515109, 47.620932599999989 ] ] ], [ [ [ 6.8758147, 47.6402578 ], [ 6.87566, 47.640235 ], [ 6.875556, 47.6402358 ], [ 6.8752185, 47.6400181 ], [ 6.874524, 47.6402478 ], [ 6.8744443, 47.6401825 ], [ 6.8743387, 47.6399079 ], [ 6.8739792, 47.6394303 ], [ 6.8746747, 47.6394312 ], [ 6.8749462, 47.6395631 ], [ 6.8752886, 47.6396314 ], [ 6.875297, 47.6397992 ], [ 6.8758677, 47.6399088 ], [ 6.8761929, 47.6398526 ], [ 6.8764302, 47.6397513 ], [ 6.8765384, 47.6396751 ], [ 6.8766452, 47.6395221 ], [ 6.8770757, 47.639514399999989 ], [ 6.8773939, 47.6401032 ], [ 6.8769728, 47.640548 ], [ 6.876629, 47.6401987 ], [ 6.876267, 47.6402842 ], [ 6.8760934, 47.6403975 ], [ 6.8760053, 47.6403398 ], [ 6.8758147, 47.6402578 ] ] ], [ [ [ 6.877899, 47.6403478 ], [ 6.8775285, 47.640133 ], [ 6.8782093, 47.6399075 ], [ 6.8785229, 47.6397355 ], [ 6.8783306, 47.6406822 ], [ 6.8782438, 47.6406839 ], [ 6.877899, 47.6403478 ] ] ], [ [ [ 6.8223649, 47.6536075 ], [ 6.8149314, 47.655359399999988 ], [ 6.7892113, 47.6580454 ], [ 6.7886235, 47.6577414 ], [ 6.7882768, 47.657649 ], [ 6.7881016, 47.6576232 ], [ 6.788082, 47.657648099999989 ], [ 6.78802, 47.6576384 ], [ 6.7877618, 47.6575711 ], [ 6.787665, 47.6575229 ], [ 6.7874508, 47.6573613 ], [ 6.7871705, 47.6565522 ], [ 6.7872389, 47.655656 ], [ 6.7876767, 47.6550038 ], [ 6.7886742, 47.6544768 ], [ 6.7895401, 47.6547244 ], [ 6.7901188, 47.6547985 ], [ 6.7906138, 47.6549139 ], [ 6.7917285, 47.655641 ], [ 6.7925683, 47.6549974 ], [ 6.7938451, 47.6538782 ], [ 6.7937327, 47.6538178 ], [ 6.7945177, 47.6531534 ], [ 6.7950953, 47.6527814 ], [ 6.7959518, 47.6522796 ], [ 6.7962135, 47.6521521 ], [ 6.7983973, 47.6504951 ], [ 6.7989899, 47.6505578 ], [ 6.8003055, 47.6516712 ], [ 6.8007116, 47.6518679 ], [ 6.8009741, 47.6519206 ], [ 6.8011869, 47.6520246 ], [ 6.8014729, 47.6521261 ], [ 6.8019264, 47.6522213 ], [ 6.8031303, 47.6528886 ], [ 6.8037786, 47.6531143 ], [ 6.8041484, 47.6533258 ], [ 6.8044522, 47.6534141 ], [ 6.8048924, 47.6533592 ], [ 6.8053986, 47.6534265 ], [ 6.8056297, 47.6535434 ], [ 6.8059361, 47.6536694 ], [ 6.8069603, 47.6537424 ], [ 6.809617, 47.6530141 ], [ 6.8102041, 47.6529247 ], [ 6.8104691, 47.6529197 ], [ 6.8107383, 47.6528613 ], [ 6.8108643, 47.6529635 ], [ 6.8109158, 47.6529564 ], [ 6.8111299, 47.6528539 ], [ 6.8114412, 47.6527492 ], [ 6.8115802, 47.6527167 ], [ 6.8119688, 47.652667 ], [ 6.812248, 47.6526742 ], [ 6.8124204, 47.6526604 ], [ 6.8130736, 47.6526751 ], [ 6.8137696, 47.6528407 ], [ 6.8140437, 47.6528498 ], [ 6.8144469, 47.6529304 ], [ 6.8146675, 47.6529385 ], [ 6.8149002, 47.652966 ], [ 6.8152828, 47.6529265 ], [ 6.815812, 47.6529786 ], [ 6.8160622, 47.6530632 ], [ 6.8166289, 47.653342099999989 ], [ 6.8169685, 47.6534274 ], [ 6.8176856, 47.653422 ], [ 6.8183773, 47.652801 ], [ 6.8192301, 47.6524361 ], [ 6.8193003, 47.6523545 ], [ 6.8195282, 47.6521848 ], [ 6.8197483, 47.6523164 ], [ 6.8211318, 47.6529182 ], [ 6.822158, 47.6534289 ], [ 6.8223649, 47.6536075 ] ] ], [ [ [ 6.8952161, 47.6581971 ], [ 6.8951357, 47.6581926 ], [ 6.8945597, 47.6585614 ], [ 6.8933082, 47.659872 ], [ 6.8925866, 47.6596537 ], [ 6.8923242, 47.6600418 ], [ 6.8919404, 47.6604493 ], [ 6.8919072, 47.6605234 ], [ 6.8917981, 47.6606559 ], [ 6.8916852, 47.6607543 ], [ 6.8916171, 47.6608809 ], [ 6.8909946, 47.6615082 ], [ 6.8906396, 47.6617985 ], [ 6.8908838, 47.6619273 ], [ 6.8901315, 47.6626589 ], [ 6.889318, 47.6635583 ], [ 6.8898219, 47.6638272 ], [ 6.8891593, 47.6647658 ], [ 6.888724, 47.6645775 ], [ 6.888495, 47.6644554 ], [ 6.8886091, 47.664867 ], [ 6.8883495, 47.6652767 ], [ 6.8881765, 47.6652284 ], [ 6.8879198, 47.6657136 ], [ 6.8875964, 47.6664381 ], [ 6.8888593, 47.6665772 ], [ 6.8887707, 47.6667902 ], [ 6.8891895, 47.6668429 ], [ 6.8890896, 47.6672112 ], [ 6.8865743, 47.6668371 ], [ 6.8859334, 47.6667026 ], [ 6.8853268, 47.6664515 ], [ 6.8848586, 47.6665437 ], [ 6.8846992, 47.6668094 ], [ 6.8846401, 47.6667861 ], [ 6.88451, 47.6669968 ], [ 6.8843965, 47.6669213 ], [ 6.881895, 47.665858199999988 ], [ 6.8817579, 47.6663016 ], [ 6.8817615, 47.666406 ], [ 6.8823223, 47.6676031 ], [ 6.8826727, 47.6685494 ], [ 6.8827175, 47.6687614 ], [ 6.882683, 47.6693502 ], [ 6.8826705, 47.6694164 ], [ 6.8826289, 47.6694673 ], [ 6.8825532, 47.6708639 ], [ 6.8826887, 47.6711316 ], [ 6.8828387, 47.6712672 ], [ 6.8832782, 47.671531 ], [ 6.8835264, 47.6716408 ], [ 6.8837807, 47.6717991 ], [ 6.8840146, 47.6720977 ], [ 6.8842061, 47.6724725 ], [ 6.8842815, 47.6727016 ], [ 6.8843297, 47.6729605 ], [ 6.8844896, 47.6733057 ], [ 6.8845759, 47.6734281 ], [ 6.8851144, 47.6738959 ], [ 6.8851999, 47.6739895 ], [ 6.8847371, 47.6739734 ], [ 6.8636865, 47.6781139 ], [ 6.8633334, 47.6775876 ], [ 6.8632764, 47.6773894 ], [ 6.8633068, 47.6768703 ], [ 6.8634057, 47.6763948 ], [ 6.8635708, 47.6758378 ], [ 6.8637312, 47.6754738 ], [ 6.86477, 47.6743247 ], [ 6.864947, 47.6739864 ], [ 6.8652973, 47.6731502 ], [ 6.8656787, 47.6717318 ], [ 6.8656838, 47.6714153 ], [ 6.8656495, 47.6710163 ], [ 6.8654516, 47.6703299 ], [ 6.8652955, 47.6700359 ], [ 6.86517, 47.669593 ], [ 6.8651584, 47.668494 ], [ 6.8653007, 47.667936 ], [ 6.865213, 47.6679046 ], [ 6.8580377, 47.6629944 ], [ 6.8550013, 47.6609247 ], [ 6.8549283, 47.6608938 ], [ 6.854861, 47.6608293 ], [ 6.8543179, 47.6604579 ], [ 6.8541629, 47.660381 ], [ 6.8538392, 47.6604791 ], [ 6.8531369, 47.6605987 ], [ 6.8524035, 47.6606211 ], [ 6.8516977, 47.6603416 ], [ 6.8512343, 47.660666 ], [ 6.8508257, 47.6609192 ], [ 6.8504257, 47.6611243 ], [ 6.8503166, 47.6611648 ], [ 6.8504447, 47.6610182 ], [ 6.8507753, 47.6608307 ], [ 6.8514727, 47.6603851 ], [ 6.8517907, 47.6601331 ], [ 6.8527358, 47.6594413 ], [ 6.8531941, 47.6591577 ], [ 6.8533581, 47.6590829 ], [ 6.8539943, 47.6586582 ], [ 6.8549139, 47.6577068 ], [ 6.8586754, 47.6560119 ], [ 6.8621013, 47.6545487 ], [ 6.8630458, 47.6544778 ], [ 6.8634063, 47.6544649 ], [ 6.8644453, 47.6543729 ], [ 6.8754642, 47.6520711 ], [ 6.8761867, 47.6500852 ], [ 6.8762859, 47.64989 ], [ 6.8763725, 47.649779 ], [ 6.8764396, 47.6497479 ], [ 6.8765424, 47.649749 ], [ 6.8769492, 47.6498229 ], [ 6.8776962, 47.6498177 ], [ 6.8755941, 47.6487683 ], [ 6.8750168, 47.6486407 ], [ 6.8743705, 47.6484212 ], [ 6.8736595, 47.648239 ], [ 6.8733941, 47.6481326 ], [ 6.872534, 47.6478612 ], [ 6.8713661, 47.6479247 ], [ 6.8708156, 47.6479135 ], [ 6.8702359, 47.6477798 ], [ 6.8700342, 47.6477161 ], [ 6.8689141, 47.6475994 ], [ 6.8682543, 47.6473089 ], [ 6.8680752, 47.6471901 ], [ 6.8679248, 47.6470196 ], [ 6.8672581, 47.6465071 ], [ 6.8666349, 47.6463101 ], [ 6.8662332, 47.6459162 ], [ 6.8656931, 47.645655 ], [ 6.8654383, 47.6456242 ], [ 6.8646941, 47.6451316 ], [ 6.8646181, 47.6451055 ], [ 6.8645711, 47.6450328 ], [ 6.8641015, 47.6446307 ], [ 6.863959, 47.6445748 ], [ 6.8637011, 47.6441591 ], [ 6.8636942, 47.6439812 ], [ 6.8634276, 47.6435991 ], [ 6.8635993, 47.6434456 ], [ 6.8639316, 47.643006299999989 ], [ 6.8638586, 47.6427165 ], [ 6.8638396, 47.6422828 ], [ 6.8627687, 47.6421221 ], [ 6.8624883, 47.6422575 ], [ 6.8620473, 47.6424233 ], [ 6.8615564, 47.642559 ], [ 6.8610059, 47.6421049 ], [ 6.8608537, 47.6416599 ], [ 6.8606405, 47.6415171 ], [ 6.8603523, 47.6411846 ], [ 6.8598806, 47.6411817 ], [ 6.8596974, 47.6411987 ], [ 6.8591346, 47.6419698 ], [ 6.8590851, 47.6419859 ], [ 6.8589981, 47.6419558 ], [ 6.8587367, 47.6419322 ], [ 6.8584727, 47.6419769 ], [ 6.8584366, 47.6420371 ], [ 6.858345, 47.6420898 ], [ 6.8577372, 47.6421322 ], [ 6.8573768, 47.641804 ], [ 6.8571059, 47.6418078 ], [ 6.8570087, 47.6418271 ], [ 6.8567901, 47.6417878 ], [ 6.8565862, 47.6417212 ], [ 6.8561782, 47.6416263 ], [ 6.8558182, 47.6416063 ], [ 6.8555418, 47.6417004 ], [ 6.8546828, 47.6416404 ], [ 6.8544454, 47.6416378 ], [ 6.8529063, 47.6415445 ], [ 6.8519733, 47.6415035 ], [ 6.8518337, 47.6414528 ], [ 6.8515954, 47.6413274 ], [ 6.8511396, 47.6412741 ], [ 6.850229, 47.6414395 ], [ 6.850164, 47.6415766 ], [ 6.8501964, 47.6421597 ], [ 6.8500089, 47.6427692 ], [ 6.8495002, 47.6429901 ], [ 6.8494157, 47.643011 ], [ 6.8490914, 47.6434238 ], [ 6.8469075, 47.6440581 ], [ 6.846874, 47.6441307 ], [ 6.8462846, 47.644617 ], [ 6.8463816, 47.6446913 ], [ 6.8471961, 47.6455854 ], [ 6.8471585, 47.6459206 ], [ 6.846811, 47.6462012 ], [ 6.8463426, 47.6463369 ], [ 6.8465558, 47.6467155 ], [ 6.8465885, 47.6470085 ], [ 6.8464614, 47.6471749 ], [ 6.8463119, 47.6473162 ], [ 6.8461482, 47.6474175 ], [ 6.8449141, 47.6476002 ], [ 6.8448819, 47.6482171 ], [ 6.8448613, 47.648287 ], [ 6.8444577, 47.6489364 ], [ 6.8444238, 47.6489657 ], [ 6.8435458, 47.649452 ], [ 6.8430494, 47.6496818 ], [ 6.8427255, 47.6498084 ], [ 6.8414129, 47.6502484 ], [ 6.8417062, 47.6506885 ], [ 6.8423162, 47.6521128 ], [ 6.8421906, 47.6524049 ], [ 6.8418111, 47.653484399999989 ], [ 6.8416799, 47.6537102 ], [ 6.8412016, 47.6539387 ], [ 6.8408394, 47.6541832 ], [ 6.8406112, 47.6543718 ], [ 6.8404723, 47.6544353 ], [ 6.8394054, 47.6548218 ], [ 6.8392342, 47.6549054 ], [ 6.8385986, 47.6551452 ], [ 6.8384582, 47.6550896 ], [ 6.8379194, 47.6544136 ], [ 6.8378258, 47.6540739 ], [ 6.8377697, 47.6535126 ], [ 6.836687, 47.6531939 ], [ 6.8367279, 47.6519904 ], [ 6.8366991, 47.651183 ], [ 6.8364674, 47.6503165 ], [ 6.8361639, 47.6493605 ], [ 6.8355711, 47.6482382 ], [ 6.8355135, 47.6480689 ], [ 6.8353561, 47.6477343 ], [ 6.8348809, 47.6471524 ], [ 6.8347101, 47.6470769 ], [ 6.8341071, 47.647204 ], [ 6.8325981, 47.6470823 ], [ 6.8326012, 47.6471065 ], [ 6.8323182, 47.6476042 ], [ 6.8318815, 47.648171 ], [ 6.8310571, 47.6488541 ], [ 6.8301795, 47.6496128 ], [ 6.8298295, 47.6498829 ], [ 6.8284582, 47.6506398 ], [ 6.82819, 47.6508234 ], [ 6.8278526, 47.6510841 ], [ 6.8277177, 47.6512111 ], [ 6.8275167, 47.6513285 ], [ 6.8274443, 47.6513606 ], [ 6.8266001, 47.6515279 ], [ 6.8251349, 47.6514777 ], [ 6.8249569, 47.6514881 ], [ 6.821395, 47.650022299999989 ], [ 6.8212549, 47.6498908 ], [ 6.8208953, 47.6496376 ], [ 6.8205872, 47.6493756 ], [ 6.819627, 47.64865 ], [ 6.8193971, 47.6484935 ], [ 6.8193816, 47.6484634 ], [ 6.8192107, 47.648368 ], [ 6.8191181, 47.6483594 ], [ 6.8183962, 47.6479991 ], [ 6.8180486, 47.6476527 ], [ 6.8175428, 47.6470691 ], [ 6.817012, 47.6466773 ], [ 6.8168308, 47.6465868 ], [ 6.8185262, 47.6461844 ], [ 6.8197402, 47.6463583 ], [ 6.8203494, 47.6464672 ], [ 6.8212752, 47.6466947 ], [ 6.8218223, 47.646811 ], [ 6.8230605, 47.6469877 ], [ 6.8239242, 47.6471306 ], [ 6.8246344, 47.6472155 ], [ 6.8247811, 47.6471971 ], [ 6.828162, 47.6453642 ], [ 6.8279241, 47.6419008 ], [ 6.829524, 47.6411184 ], [ 6.830231, 47.6406221 ], [ 6.8303833, 47.6405892 ], [ 6.830977, 47.640351599999988 ], [ 6.8311512, 47.6403459 ], [ 6.8315563, 47.6401001 ], [ 6.8319151, 47.639936 ], [ 6.8321207, 47.6396787 ], [ 6.8332022, 47.638606 ], [ 6.8333015, 47.6384658 ], [ 6.833387, 47.6384503 ], [ 6.833489, 47.6384028 ], [ 6.8336257, 47.638283 ], [ 6.8348458, 47.6360294 ], [ 6.8349586, 47.6360251 ], [ 6.8351038, 47.6360404 ], [ 6.8354206, 47.6359779 ], [ 6.8354747, 47.6359873 ], [ 6.8357047, 47.6361315 ], [ 6.8359897, 47.6361176 ], [ 6.8361638, 47.6361551 ], [ 6.8362251, 47.6361517 ], [ 6.8362909, 47.6361664 ], [ 6.836392, 47.6362629 ], [ 6.8366317, 47.6362816 ], [ 6.8368267, 47.6362326 ], [ 6.8372198, 47.6362495 ], [ 6.8374976, 47.6362839 ], [ 6.8376967, 47.6363821 ], [ 6.8377108, 47.6364314 ], [ 6.8379928, 47.6366745 ], [ 6.8381758, 47.6365723 ], [ 6.8384914, 47.636273 ], [ 6.8387635, 47.6365246 ], [ 6.8389943, 47.6365251 ], [ 6.839151, 47.6365764 ], [ 6.8392442, 47.6365884 ], [ 6.8394225, 47.6366789 ], [ 6.8395515, 47.6367857 ], [ 6.8398277, 47.6366887 ], [ 6.8400713, 47.6367125 ], [ 6.8402091, 47.6366892 ], [ 6.8403994, 47.6367045 ], [ 6.840536, 47.6366516 ], [ 6.8408011, 47.6367027 ], [ 6.8408574, 47.6366931 ], [ 6.8411962, 47.6367915 ], [ 6.8412149, 47.6367863 ], [ 6.8413222, 47.636827 ], [ 6.841766, 47.6367915 ], [ 6.8418626, 47.636837 ], [ 6.8419138, 47.6369068 ], [ 6.8420527, 47.6370024 ], [ 6.8423315, 47.6368971 ], [ 6.8427853, 47.6369372 ], [ 6.8429083, 47.6370747 ], [ 6.843215, 47.6370558 ], [ 6.8433557, 47.6370702 ], [ 6.8434724, 47.637029 ], [ 6.8441081, 47.6370044 ], [ 6.8441972, 47.6370345 ], [ 6.8443638, 47.63713 ], [ 6.8444895, 47.6371603 ], [ 6.8449922, 47.6373418 ], [ 6.8457477, 47.6371769 ], [ 6.846975, 47.6373152 ], [ 6.8472897, 47.6371891 ], [ 6.8477447, 47.6370718 ], [ 6.848342, 47.6374442 ], [ 6.8486716, 47.6376808 ], [ 6.850253, 47.6378314 ], [ 6.8506753, 47.6380233 ], [ 6.8509641, 47.6378422 ], [ 6.8511078, 47.637648 ], [ 6.8513432, 47.6375172 ], [ 6.8515038, 47.6371841 ], [ 6.8517539, 47.6367619 ], [ 6.8518072, 47.6367243 ], [ 6.8519712, 47.6366794 ], [ 6.852107, 47.6365477 ], [ 6.852121, 47.6363845 ], [ 6.8523641, 47.636161 ], [ 6.8529164, 47.636235 ], [ 6.8531859, 47.636089 ], [ 6.8532316, 47.6360159 ], [ 6.8534194, 47.6359734 ], [ 6.8536152, 47.6360146 ], [ 6.8537022, 47.6361368 ], [ 6.8538344, 47.6361432 ], [ 6.8540131, 47.6360254 ], [ 6.854223, 47.6361152 ], [ 6.8543667, 47.6360892 ], [ 6.8544239, 47.636095499999989 ], [ 6.8544843, 47.6360117 ], [ 6.8544696, 47.6358107 ], [ 6.8543124, 47.6358604 ], [ 6.8542626, 47.6358584 ], [ 6.8541427, 47.635672 ], [ 6.8539136, 47.6356832 ], [ 6.8538351, 47.6355847 ], [ 6.8537249, 47.6355514 ], [ 6.8536466, 47.6354784 ], [ 6.8534382, 47.6353599 ], [ 6.8533739, 47.6352981 ], [ 6.8535089, 47.635156 ], [ 6.8529072, 47.6349379 ], [ 6.8528933, 47.6348234 ], [ 6.853086, 47.6346159 ], [ 6.8531498, 47.634615599999989 ], [ 6.8531935, 47.6346349 ], [ 6.8536027, 47.6347059 ], [ 6.8538999, 47.6347826 ], [ 6.853899, 47.6348613 ], [ 6.8539597, 47.6349265 ], [ 6.8540436, 47.6349638 ], [ 6.8541045, 47.6349579 ], [ 6.8542418, 47.6349858 ], [ 6.8541003, 47.6351074 ], [ 6.8541385, 47.635255699999988 ], [ 6.8542589, 47.6352192 ], [ 6.8544161, 47.6353849 ], [ 6.8546366, 47.6352489 ], [ 6.8547911, 47.6352855 ], [ 6.8548773, 47.6354572 ], [ 6.8548701, 47.6354815 ], [ 6.8548086, 47.6355195 ], [ 6.8547901, 47.6356745 ], [ 6.8548723, 47.6358139 ], [ 6.854819, 47.6358688 ], [ 6.8550871, 47.6359592 ], [ 6.8551944, 47.6359363 ], [ 6.8552883, 47.6360186 ], [ 6.8554742, 47.6360628 ], [ 6.8555314, 47.6360909 ], [ 6.8555532, 47.6361287 ], [ 6.8558974, 47.6361565 ], [ 6.8562132, 47.6361329 ], [ 6.856477, 47.6362348 ], [ 6.8566168, 47.6363509 ], [ 6.8569989, 47.6364399 ], [ 6.8571391, 47.6366283 ], [ 6.8571032, 47.6368277 ], [ 6.8571954, 47.6369882 ], [ 6.8573635, 47.6370413 ], [ 6.8574671, 47.6370202 ], [ 6.8574985, 47.6370332 ], [ 6.8574985, 47.6373245 ], [ 6.8575644, 47.6373538 ], [ 6.8576685, 47.6373035 ], [ 6.8578734, 47.6370189 ], [ 6.857899, 47.6370071 ], [ 6.8578039, 47.6368694 ], [ 6.857757, 47.6368309 ], [ 6.8577754, 47.6366225 ], [ 6.857872, 47.6365563 ], [ 6.8580721, 47.6366493 ], [ 6.8583357, 47.6365486 ], [ 6.8584665, 47.636412 ], [ 6.858712, 47.6360492 ], [ 6.8593119, 47.6362946 ], [ 6.8595622, 47.6363048 ], [ 6.8601799, 47.6360142 ], [ 6.8603451, 47.6358897 ], [ 6.8606403, 47.6357474 ], [ 6.8605358, 47.6352669 ], [ 6.8604587, 47.6350951 ], [ 6.8603232, 47.6349171 ], [ 6.8602988, 47.6347974 ], [ 6.8605308, 47.6346219 ], [ 6.8606545, 47.634369 ], [ 6.8606735, 47.6342278 ], [ 6.8607625, 47.6341708 ], [ 6.8608515, 47.6339314 ], [ 6.8609254, 47.6338708 ], [ 6.8609229, 47.6336833 ], [ 6.8610485, 47.6335168 ], [ 6.8610869, 47.633499 ], [ 6.8612642, 47.633237199999989 ], [ 6.8612653, 47.6331588 ], [ 6.861333, 47.6330763 ], [ 6.861407, 47.6328993 ], [ 6.8614882, 47.6328216 ], [ 6.8615256, 47.6326706 ], [ 6.861656, 47.6325396 ], [ 6.8616744, 47.6324383 ], [ 6.8616089, 47.632312899999988 ], [ 6.8616292, 47.6319865 ], [ 6.861699, 47.631747 ], [ 6.8618102, 47.6316932 ], [ 6.8619144, 47.6314768 ], [ 6.8620808, 47.6312725 ], [ 6.862392, 47.6313976 ], [ 6.8627345, 47.631673299999989 ], [ 6.8628281, 47.6316767 ], [ 6.8629407, 47.6316335 ], [ 6.8630278, 47.6315738 ], [ 6.8631762, 47.6315539 ], [ 6.8631921, 47.6315381 ], [ 6.8630644, 47.6313288 ], [ 6.8630971, 47.6312579 ], [ 6.8629202, 47.631019 ], [ 6.8631192, 47.6310229 ], [ 6.8633926, 47.6308171 ], [ 6.863542, 47.6309512 ], [ 6.8640765, 47.6306786 ], [ 6.8641587, 47.6310595 ], [ 6.8644329, 47.6311048 ], [ 6.8649693, 47.6309805 ], [ 6.8649923, 47.6309988 ], [ 6.8651114, 47.6312215 ], [ 6.8650793, 47.6318144 ], [ 6.8652096, 47.6319212 ], [ 6.8654382, 47.6326432 ], [ 6.8657631, 47.6331734 ], [ 6.8657849, 47.6333256 ], [ 6.8660378, 47.633962 ], [ 6.8660412, 47.6340808 ], [ 6.8661618, 47.6344433 ], [ 6.8669354, 47.6341743 ], [ 6.868894, 47.6337173 ], [ 6.8690655, 47.6337367 ], [ 6.8692902, 47.6339705 ], [ 6.8692743, 47.63403 ], [ 6.8696135, 47.6341355 ], [ 6.8697071, 47.6341936 ], [ 6.8697343, 47.6343536 ], [ 6.8696238, 47.6343924 ], [ 6.8695226, 47.6345036 ], [ 6.8694385, 47.6345625 ], [ 6.869407, 47.6346262 ], [ 6.8692653, 47.634719 ], [ 6.8668094, 47.6354901 ], [ 6.8663991, 47.6354961 ], [ 6.866325, 47.6356654 ], [ 6.8667638, 47.6366294 ], [ 6.8669176, 47.6367752 ], [ 6.8677991, 47.637728 ], [ 6.8677952, 47.6380076 ], [ 6.8678157, 47.6381997 ], [ 6.8689714, 47.6386158 ], [ 6.869258, 47.6387599 ], [ 6.8697271, 47.6390927 ], [ 6.8696358, 47.6393462 ], [ 6.8696112, 47.6395485 ], [ 6.8704216, 47.6398375 ], [ 6.8704813, 47.6399417 ], [ 6.8706142, 47.6400381 ], [ 6.8713776, 47.6403501 ], [ 6.8714274, 47.6405656 ], [ 6.8714583, 47.6406087 ], [ 6.8722018, 47.6409838 ], [ 6.8723778, 47.6410335 ], [ 6.8728908, 47.6413315 ], [ 6.8732283, 47.6414333 ], [ 6.8738054, 47.6414709 ], [ 6.8743576, 47.6414567 ], [ 6.8744496, 47.6414692 ], [ 6.8746216, 47.6415452 ], [ 6.87473, 47.6416323 ], [ 6.8747985, 47.6417307 ], [ 6.875034, 47.641939 ], [ 6.8763985, 47.6428655 ], [ 6.8764905, 47.6429074 ], [ 6.8766346, 47.6430573 ], [ 6.8768041, 47.6431695 ], [ 6.8772137, 47.6433885 ], [ 6.8777163, 47.6436035 ], [ 6.8784982, 47.6437751 ], [ 6.8791963, 47.6439854 ], [ 6.8796356, 47.6441527 ], [ 6.8801716, 47.6443979 ], [ 6.8807642, 47.6447211 ], [ 6.8812184, 47.645086199999987 ], [ 6.8815438, 47.645625 ], [ 6.8828428, 47.6469247 ], [ 6.8846123, 47.6492992 ], [ 6.8862427, 47.6521036 ], [ 6.8868053, 47.6522421 ], [ 6.8876604, 47.6523911 ], [ 6.8881416, 47.6524977 ], [ 6.8888832, 47.6527172 ], [ 6.8891492, 47.6527624 ], [ 6.8898, 47.6528155 ], [ 6.8904723, 47.6530364 ], [ 6.8912143, 47.6534073 ], [ 6.8917817, 47.6536525 ], [ 6.8927197, 47.654024 ], [ 6.893318, 47.6543078 ], [ 6.8934825, 47.654369 ], [ 6.8940796, 47.6548736 ], [ 6.8941425, 47.6550589 ], [ 6.8965482, 47.6580634 ], [ 6.8960375, 47.658322 ], [ 6.8958731, 47.6585176 ], [ 6.8952161, 47.6581971 ] ] ] ] } },
{ "type": "Feature", "properties": { "code_departement": 90.0, "code_rne": "0900237U", "multisecteur": 0.0 }, "geometry": { "type": "MultiPolygon", "coordinates": [ [ [ [ 6.8358982, 47.5991607 ], [ 6.8341145, 47.5985533 ], [ 6.8326811, 47.597164 ], [ 6.8323441, 47.5970353 ], [ 6.8322485, 47.5969844 ], [ 6.8317268, 47.5963428 ], [ 6.8313138, 47.5960455 ], [ 6.8293492, 47.5948645 ], [ 6.8288658, 47.5945145 ], [ 6.8284714, 47.5941048 ], [ 6.8280249, 47.5936941 ], [ 6.8282938, 47.5930599 ], [ 6.8283706, 47.592830299999989 ], [ 6.8278392, 47.5928504 ], [ 6.8265841, 47.5921788 ], [ 6.8269639, 47.5916977 ], [ 6.8269309, 47.5912383 ], [ 6.82736, 47.5893074 ], [ 6.8273807, 47.5890949 ], [ 6.8273287, 47.5889083 ], [ 6.8272627, 47.5887861 ], [ 6.8259, 47.5873375 ], [ 6.8251788, 47.5865114 ], [ 6.8249498, 47.5861602 ], [ 6.8246492, 47.5854221 ], [ 6.8242089, 47.5845759 ], [ 6.8238658, 47.5840257 ], [ 6.823661, 47.5835837 ], [ 6.8233002, 47.5823582 ], [ 6.8230579, 47.5811883 ], [ 6.8229939, 47.5804253 ], [ 6.8227816, 47.5794878 ], [ 6.8219741, 47.5778074 ], [ 6.8206212, 47.5759674 ], [ 6.8203249, 47.5754562 ], [ 6.8212243, 47.57444 ], [ 6.8217282, 47.5733123 ], [ 6.8208228, 47.572904 ], [ 6.8169826, 47.5715131 ], [ 6.8129478, 47.5702275 ], [ 6.8103513, 47.5694266 ], [ 6.8099033, 47.5688591 ], [ 6.808716, 47.5666071 ], [ 6.8082224, 47.5646893 ], [ 6.8070868, 47.5630664 ], [ 6.8075419, 47.5621476 ], [ 6.8092681, 47.5589281 ], [ 6.809814, 47.5575107 ], [ 6.8103064, 47.5570413 ], [ 6.811382, 47.556369 ], [ 6.812234, 47.5554355 ], [ 6.812609, 47.555151 ], [ 6.8140215, 47.5521678 ], [ 6.8141465, 47.5520736 ], [ 6.8150828, 47.550254099999989 ], [ 6.815464, 47.5494216 ], [ 6.8157528, 47.5488624 ], [ 6.8160171, 47.5486672 ], [ 6.8162813, 47.5485098 ], [ 6.8167033, 47.5482121 ], [ 6.8167595, 47.548067 ], [ 6.8167798, 47.547829299999989 ], [ 6.8197444, 47.5474429 ], [ 6.8253443, 47.5467753 ], [ 6.8283204, 47.5465703 ], [ 6.8287772, 47.5464625 ], [ 6.8306374, 47.5464356 ], [ 6.8318463, 47.5465689 ], [ 6.834442, 47.5473694 ], [ 6.8362184, 47.5481581 ], [ 6.8367779, 47.5481649 ], [ 6.8382152, 47.5482158 ], [ 6.8407503, 47.5480403 ], [ 6.8437945, 47.5474308 ], [ 6.8474313, 47.5481372 ], [ 6.8503276, 47.5482452 ], [ 6.8558619, 47.5479811 ], [ 6.8594368, 47.5476618 ], [ 6.8610006, 47.547732499999988 ], [ 6.8610798, 47.5491971 ], [ 6.866389, 47.5503819 ], [ 6.8663073, 47.5507992 ], [ 6.8678564, 47.5506099 ], [ 6.8679617, 47.5507957 ], [ 6.8692107, 47.5509831 ], [ 6.8701161, 47.5507845 ], [ 6.8710028, 47.5507316 ], [ 6.8713754, 47.5507292 ], [ 6.8722725, 47.5508012 ], [ 6.872906, 47.550909 ], [ 6.873228, 47.5509803 ], [ 6.8735546, 47.5510785 ], [ 6.8738546, 47.5511956 ], [ 6.8741466, 47.5513671 ], [ 6.874328, 47.5513169 ], [ 6.8758614, 47.5533693 ], [ 6.8760288, 47.553310599999989 ], [ 6.876139, 47.553361 ], [ 6.8762537, 47.5534744 ], [ 6.8771956, 47.5528239 ], [ 6.8773275, 47.5529349 ], [ 6.8777061, 47.553144 ], [ 6.8783951, 47.5534112 ], [ 6.8786286, 47.5534738 ], [ 6.8787958, 47.5535574 ], [ 6.8798796, 47.553908 ], [ 6.880487, 47.5541329 ], [ 6.880798, 47.554327099999988 ], [ 6.8819487, 47.5548286 ], [ 6.8827167, 47.5552104 ], [ 6.8833693, 47.5555068 ], [ 6.8833589, 47.5558225 ], [ 6.8833847, 47.5559569 ], [ 6.8833491, 47.5562915 ], [ 6.8834795, 47.5565467 ], [ 6.8834004, 47.5567035 ], [ 6.8833622, 47.557003 ], [ 6.8834004, 47.5572712 ], [ 6.8833673, 47.5583538 ], [ 6.8829723, 47.5595322 ], [ 6.8827159, 47.5597958 ], [ 6.8825804, 47.5599103 ], [ 6.8815177, 47.5606405 ], [ 6.8811998, 47.5611396 ], [ 6.8807525, 47.5619647 ], [ 6.8803541, 47.5629494 ], [ 6.8797125, 47.5629158 ], [ 6.8791014, 47.5629353 ], [ 6.8788756, 47.5629239 ], [ 6.8785347, 47.5629974 ], [ 6.8780811, 47.5629665 ], [ 6.8776987, 47.5628711 ], [ 6.8777033, 47.563062 ], [ 6.8776813, 47.5631808 ], [ 6.8775282, 47.5634941 ], [ 6.8774517, 47.5635958 ], [ 6.8773581, 47.5636998 ], [ 6.8770619, 47.5639485 ], [ 6.8769781, 47.5640405 ], [ 6.8769109, 47.5641419 ], [ 6.8768414, 47.5643037 ], [ 6.8767578, 47.5644002 ], [ 6.8763259, 47.5647958 ], [ 6.8759331, 47.5652 ], [ 6.8753605, 47.5658417 ], [ 6.8749423, 47.5661891 ], [ 6.8748848, 47.5662595 ], [ 6.8733019, 47.5673467 ], [ 6.8754424, 47.5682363 ], [ 6.8765042, 47.5699484 ], [ 6.8765368, 47.5700861 ], [ 6.877568, 47.5723112 ], [ 6.878919, 47.5731269 ], [ 6.8799372, 47.5738699 ], [ 6.8803254, 47.5738434 ], [ 6.8815543, 47.5746632 ], [ 6.8819314, 47.574775 ], [ 6.8822124, 47.5746476 ], [ 6.883518, 47.5787731 ], [ 6.8842386, 47.5796711 ], [ 6.8845459, 47.5808739 ], [ 6.8856093, 47.5806978 ], [ 6.8868126, 47.5804496 ], [ 6.8875598, 47.580321 ], [ 6.8881918, 47.5802576 ], [ 6.8888219, 47.5802951 ], [ 6.8900374, 47.580488 ], [ 6.8920933, 47.5808637 ], [ 6.8933982, 47.581314 ], [ 6.8941608, 47.5814895 ], [ 6.894603, 47.5815252 ], [ 6.8958414, 47.5813748 ], [ 6.8963373, 47.5814538 ], [ 6.8980942, 47.5814176 ], [ 6.8989354, 47.5814462 ], [ 6.8995422, 47.5815287 ], [ 6.9009497, 47.581633 ], [ 6.9017279, 47.5817097 ], [ 6.9045024, 47.5819097 ], [ 6.905177, 47.5818818 ], [ 6.9058714, 47.581907199999989 ], [ 6.9073387, 47.5820806 ], [ 6.9082363, 47.5821515 ], [ 6.9109505, 47.5822741 ], [ 6.9114604, 47.5823245 ], [ 6.9115428, 47.5821947 ], [ 6.9122414, 47.5821307 ], [ 6.9126564, 47.581996 ], [ 6.9130989, 47.5815991 ], [ 6.9133174, 47.5815097 ], [ 6.9134621, 47.581485 ], [ 6.9138776, 47.5816838 ], [ 6.9144041, 47.5819058 ], [ 6.9147407, 47.5819378 ], [ 6.9160621, 47.5816843 ], [ 6.9164798, 47.5815856 ], [ 6.9170317, 47.5813562 ], [ 6.9173359, 47.581199 ], [ 6.9176852, 47.5810774 ], [ 6.9178333, 47.5809534 ], [ 6.9180397, 47.5810438 ], [ 6.9196095, 47.5794031 ], [ 6.9219479, 47.5781267 ], [ 6.9237796, 47.5790916 ], [ 6.9247864, 47.5795786 ], [ 6.926006, 47.5800981 ], [ 6.9314334, 47.5829876 ], [ 6.9316743, 47.5831291 ], [ 6.9318265, 47.583297 ], [ 6.93351, 47.5858791 ], [ 6.9350674, 47.5861708 ], [ 6.9357385, 47.5864383 ], [ 6.9364613, 47.5866654 ], [ 6.9371181, 47.586919 ], [ 6.9378717, 47.5871837 ], [ 6.9381558, 47.5872246 ], [ 6.9384246, 47.5873832 ], [ 6.9391858, 47.5877702 ], [ 6.9396517, 47.5880366 ], [ 6.9399172, 47.5881502 ], [ 6.9402577, 47.5884857 ], [ 6.9421671, 47.5900235 ], [ 6.9449153, 47.589535 ], [ 6.9469789, 47.5902375 ], [ 6.9473228, 47.5917535 ], [ 6.9484011, 47.5930211 ], [ 6.9507252, 47.5932443 ], [ 6.9474675, 47.5939801 ], [ 6.9473758, 47.5944518 ], [ 6.9462667, 47.5946948 ], [ 6.9461054, 47.5942253 ], [ 6.9444741, 47.5944346 ], [ 6.9441849, 47.5959846 ], [ 6.9391766, 47.594072 ], [ 6.9384846, 47.5940819 ], [ 6.9370335, 47.5942426 ], [ 6.9357733, 47.5944077 ], [ 6.9338523, 47.5946987 ], [ 6.9332385, 47.5947591 ], [ 6.9313489, 47.5950436 ], [ 6.9311529, 47.5950953 ], [ 6.9306965, 47.5951764 ], [ 6.9225556, 47.5963139 ], [ 6.9204777, 47.5966289 ], [ 6.9213317, 47.5967381 ], [ 6.9216445, 47.596751 ], [ 6.9223416, 47.5968276 ], [ 6.9232663, 47.5968469 ], [ 6.9233744, 47.596902799999988 ], [ 6.9236176, 47.5971487 ], [ 6.9239696, 47.5974424 ], [ 6.9240649, 47.5976141 ], [ 6.9242461, 47.5978495 ], [ 6.9243911, 47.5981916 ], [ 6.9215655, 47.5992491 ], [ 6.9212583, 47.5993829 ], [ 6.9120904, 47.5996096 ], [ 6.9089713, 47.600756 ], [ 6.9073661, 47.6024365 ], [ 6.906774, 47.6031584 ], [ 6.9065526, 47.6032649 ], [ 6.9064688, 47.6032668 ], [ 6.9060004, 47.6033483 ], [ 6.9057656, 47.6034165 ], [ 6.9054278, 47.6034621 ], [ 6.9054578, 47.6035629 ], [ 6.9049022, 47.6036726 ], [ 6.9041018, 47.6037696 ], [ 6.9027891, 47.6039686 ], [ 6.9025846, 47.604014199999988 ], [ 6.9026448, 47.6041636 ], [ 6.9000864, 47.6045654 ], [ 6.8996803, 47.6046069 ], [ 6.8993872, 47.6045708 ], [ 6.8988059, 47.6044208 ], [ 6.8986047, 47.6043843 ], [ 6.8981617, 47.6042486 ], [ 6.8980439, 47.6041317 ], [ 6.8979011, 47.6038733 ], [ 6.8970719, 47.6039957 ], [ 6.8966204, 47.6049669 ], [ 6.896498, 47.6058813 ], [ 6.8958184, 47.6057724 ], [ 6.8958989, 47.6060716 ], [ 6.8960758, 47.6065595 ], [ 6.896129, 47.6068137 ], [ 6.8949326, 47.6068717 ], [ 6.8940359, 47.6068557 ], [ 6.8933497, 47.606802 ], [ 6.8925746, 47.6067179 ], [ 6.8921793, 47.6066139 ], [ 6.8921028, 47.6066074 ], [ 6.8920492, 47.6066209 ], [ 6.8920707, 47.6067338 ], [ 6.8923424, 47.6070969 ], [ 6.892354, 47.6071461 ], [ 6.8922547, 47.6071728 ], [ 6.8920567, 47.6071443 ], [ 6.8920472, 47.607306799999989 ], [ 6.8918764, 47.6072846 ], [ 6.8919385, 47.607497 ], [ 6.8918102, 47.6074734 ], [ 6.8920175, 47.6083974 ], [ 6.8920719, 47.6089056 ], [ 6.8910606, 47.6089439 ], [ 6.890958, 47.6093646 ], [ 6.8911483, 47.6096169 ], [ 6.8913034, 47.6098803 ], [ 6.8913399, 47.6101422 ], [ 6.8913459, 47.6103898 ], [ 6.8913991, 47.610644 ], [ 6.8912857, 47.6108433 ], [ 6.8912452, 47.6108726 ], [ 6.8820653, 47.6107215 ], [ 6.8809856, 47.6105538 ], [ 6.8809856, 47.6107547 ], [ 6.8842309, 47.6113073 ], [ 6.8846315, 47.6125989 ], [ 6.8849662, 47.6138467 ], [ 6.8852285, 47.6145752 ], [ 6.8857716, 47.6156268 ], [ 6.8865712, 47.6167051 ], [ 6.8874408, 47.6180306 ], [ 6.8884691, 47.6194842 ], [ 6.8892313, 47.6206331 ], [ 6.8899003, 47.6214714 ], [ 6.8901757, 47.621574 ], [ 6.890039, 47.6217462 ], [ 6.8899981, 47.621917 ], [ 6.8900905, 47.6221788 ], [ 6.8885002, 47.6248111 ], [ 6.8840974, 47.6285309 ], [ 6.879443, 47.6300997 ], [ 6.8786216, 47.6296953 ], [ 6.8759349, 47.6285707 ], [ 6.8751676, 47.6283032 ], [ 6.8751099, 47.628243 ], [ 6.8745567, 47.6280225 ], [ 6.8741751, 47.6278351 ], [ 6.8737994, 47.6276908 ], [ 6.8735487, 47.6275252 ], [ 6.8731746, 47.6273114 ], [ 6.8728704, 47.62718 ], [ 6.8702123, 47.6265932 ], [ 6.8650897, 47.6252364 ], [ 6.8610517, 47.6242571 ], [ 6.8609649, 47.6245132 ], [ 6.8606908, 47.6249981 ], [ 6.8605877, 47.6251402 ], [ 6.8601455, 47.6256046 ], [ 6.8589535, 47.6266335 ], [ 6.8578206, 47.626157299999988 ], [ 6.8552585, 47.626341 ], [ 6.8543174, 47.6248852 ], [ 6.8537622, 47.6227533 ], [ 6.8536263, 47.6223856 ], [ 6.853457, 47.6219974 ], [ 6.8525054, 47.6203391 ], [ 6.8496829, 47.6204205 ], [ 6.8489747, 47.6203213 ], [ 6.8488369, 47.6207774 ], [ 6.8490669, 47.6209158 ], [ 6.8478931, 47.6212005 ], [ 6.8475029, 47.6217225 ], [ 6.8472049, 47.6219703 ], [ 6.8473316, 47.6194212 ], [ 6.8467197, 47.6168685 ], [ 6.8467144, 47.6163523 ], [ 6.8430857, 47.6128996 ], [ 6.8398841, 47.6111702 ], [ 6.8398333, 47.6090577 ], [ 6.8392139, 47.6083761 ], [ 6.8393042, 47.607353 ], [ 6.8389887, 47.6069497 ], [ 6.8387523, 47.6074054 ], [ 6.8387064, 47.6069338 ], [ 6.8387223, 47.6067296 ], [ 6.8387656, 47.6065533 ], [ 6.8390429, 47.6059251 ], [ 6.8390416, 47.6056854 ], [ 6.8391224, 47.6055674 ], [ 6.839295, 47.6054103 ], [ 6.8391971, 47.605123399999989 ], [ 6.8392348, 47.6050545 ], [ 6.8399813, 47.6047074 ], [ 6.8401041, 47.604635699999989 ], [ 6.8401383, 47.6045751 ], [ 6.8400655, 47.6043955 ], [ 6.8400667, 47.6043206 ], [ 6.8405173, 47.6042121 ], [ 6.8406093, 47.6041568 ], [ 6.8405915, 47.6040772 ], [ 6.8405149, 47.6039932 ], [ 6.8403825, 47.6038948 ], [ 6.8401819, 47.6038104 ], [ 6.8398421, 47.6037549 ], [ 6.8395466, 47.6037403 ], [ 6.8394399, 47.6037023 ], [ 6.8394391, 47.6036348 ], [ 6.8397061, 47.6033827 ], [ 6.8396505, 47.6031844 ], [ 6.8396644, 47.6030993 ], [ 6.8397509, 47.6030243 ], [ 6.8402081, 47.6028777 ], [ 6.8393502, 47.6028248 ], [ 6.8392618, 47.6027998 ], [ 6.8390272, 47.6016883 ], [ 6.8390958, 47.6011597 ], [ 6.8390934, 47.6010156 ], [ 6.8390405, 47.6009101 ], [ 6.8389802, 47.6008499 ], [ 6.8387662, 47.6007263 ], [ 6.8384857, 47.6006057 ], [ 6.8380958, 47.6004645 ], [ 6.8378539, 47.6003625 ], [ 6.8376363, 47.6002444 ], [ 6.8373238, 47.6001231 ], [ 6.8369631, 47.599925 ], [ 6.8366581, 47.5996484 ], [ 6.8359756, 47.5992924 ], [ 6.8358982, 47.5991607 ] ] ] ] } },
{ "type": "Feature", "properties": { "code_departement": 90.0, "code_rne": "0900275K", "multisecteur": 0.0 }, "geometry": { "type": "MultiPolygon", "coordinates": [ [ [ [ 6.9569776, 47.515701799999988 ], [ 6.9529856, 47.5164466 ], [ 6.9518628, 47.5165361 ], [ 6.9494434, 47.5160946 ], [ 6.9496507, 47.5146869 ], [ 6.9488993, 47.5145817 ], [ 6.9480417, 47.5146613 ], [ 6.9473089, 47.5146456 ], [ 6.9464871, 47.5143625 ], [ 6.9450758, 47.5134279 ], [ 6.9450015, 47.5133403 ], [ 6.9455168, 47.5123738 ], [ 6.9461568, 47.511312 ], [ 6.9470767, 47.5104201 ], [ 6.9483314, 47.5095592 ], [ 6.9486517, 47.5094114 ], [ 6.9496523, 47.5086952 ], [ 6.949704, 47.5085131 ], [ 6.9490017, 47.5073247 ], [ 6.9483359, 47.5065407 ], [ 6.9471979, 47.5056843 ], [ 6.9463717, 47.5053572 ], [ 6.9455128, 47.5051456 ], [ 6.9454791, 47.5051044 ], [ 6.9454312, 47.5049591 ], [ 6.9454206, 47.5048333 ], [ 6.94552, 47.5046127 ], [ 6.9455846, 47.5041906 ], [ 6.9455151, 47.5041857 ], [ 6.9452841, 47.5001188 ], [ 6.9452714, 47.4996037 ], [ 6.9452516, 47.4995341 ], [ 6.9451912, 47.4994902 ], [ 6.945021, 47.4989687 ], [ 6.9448095, 47.4988416 ], [ 6.9445834, 47.4985356 ], [ 6.9447359, 47.4979887 ], [ 6.9453831, 47.4977829 ], [ 6.9460222, 47.4974873 ], [ 6.9461827, 47.4970303 ], [ 6.9467899, 47.4963752 ], [ 6.9477068, 47.4931401 ], [ 6.9477498, 47.4905708 ], [ 6.9476716, 47.4896731 ], [ 6.9473917, 47.489503199999987 ], [ 6.9473049, 47.4892817 ], [ 6.9477458, 47.4882285 ], [ 6.9484908, 47.4868468 ], [ 6.9486498, 47.4863898 ], [ 6.9489574, 47.4861072 ], [ 6.9491211, 47.4856952 ], [ 6.9488573, 47.4857059 ], [ 6.9483814, 47.4863557 ], [ 6.9475753, 47.4870184 ], [ 6.9468263, 47.4875891 ], [ 6.9464948, 47.4876022 ], [ 6.9432692, 47.4871896 ], [ 6.943313, 47.4869178 ], [ 6.9433124, 47.4861517 ], [ 6.9428915, 47.4851322 ], [ 6.9426735, 47.484916 ], [ 6.9419807, 47.4853487 ], [ 6.9410407, 47.4860168 ], [ 6.9403201, 47.486902 ], [ 6.9401259, 47.4869545 ], [ 6.9378079, 47.4862804 ], [ 6.9352248, 47.485617 ], [ 6.9349476, 47.486259 ], [ 6.9344441, 47.4881264 ], [ 6.9344366, 47.4888017 ], [ 6.9350091, 47.4900405 ], [ 6.9350508, 47.4905348 ], [ 6.9348412, 47.4911737 ], [ 6.934122, 47.4936351 ], [ 6.9337288, 47.4936953 ], [ 6.9337877, 47.4943692 ], [ 6.9337397, 47.4953623 ], [ 6.9335918, 47.495954 ], [ 6.9318007, 47.496211 ], [ 6.9316987, 47.4963965 ], [ 6.9313741, 47.4973727 ], [ 6.9310284, 47.4981694 ], [ 6.9307266, 47.4993107 ], [ 6.9304394, 47.5000351 ], [ 6.9301879, 47.5004131 ], [ 6.929517, 47.5003501 ], [ 6.9269538, 47.4999112 ], [ 6.9255151, 47.499427 ], [ 6.9248613, 47.4995428 ], [ 6.9229861, 47.5001585 ], [ 6.9227129, 47.5000785 ], [ 6.9234237, 47.4982934 ], [ 6.923463, 47.4979767 ], [ 6.9200648, 47.4971205 ], [ 6.9197996, 47.4971303 ], [ 6.9196402, 47.4975872 ], [ 6.9200493, 47.4977068 ], [ 6.92001, 47.4980236 ], [ 6.9197447, 47.4980334 ], [ 6.9170386, 47.4978911 ], [ 6.9169739, 47.498133 ], [ 6.9163515, 47.4979881 ], [ 6.9129227, 47.4966568 ], [ 6.9128072, 47.496569699999988 ], [ 6.9126074, 47.4965286 ], [ 6.9123936, 47.4965142 ], [ 6.9119886, 47.4964314 ], [ 6.9088747, 47.4956041 ], [ 6.9085092, 47.4954793 ], [ 6.9081852, 47.4953217 ], [ 6.9077282, 47.4950378 ], [ 6.9074923, 47.4948483 ], [ 6.9081294, 47.4950135 ], [ 6.9084139, 47.495031 ], [ 6.9085703, 47.4950231 ], [ 6.9089505, 47.4949301 ], [ 6.9090926, 47.4948559 ], [ 6.9095303, 47.4944392 ], [ 6.9093049, 47.4941215 ], [ 6.9087082, 47.4941451 ], [ 6.9079566, 47.4939045 ], [ 6.9078791, 47.4937728 ], [ 6.9078869, 47.4930966 ], [ 6.9080116, 47.4930013 ], [ 6.9084757, 47.4929831 ], [ 6.9089475, 47.4922886 ], [ 6.9094463, 47.4919086 ], [ 6.9096071, 47.4914517 ], [ 6.9095779, 47.4895609 ], [ 6.909816, 47.4892356 ], [ 6.9100024, 47.4890933 ], [ 6.9100934, 47.4878285 ], [ 6.9104708, 47.4875887 ], [ 6.9107508, 47.4863076 ], [ 6.9110378, 47.4854507 ], [ 6.9115202, 47.4843025 ], [ 6.911762, 47.4838095 ], [ 6.9119501, 47.4835265 ], [ 6.9121221, 47.483424299999989 ], [ 6.9122202, 47.4831839 ], [ 6.9123281, 47.4830235 ], [ 6.9126345, 47.482978 ], [ 6.9136476, 47.4829052 ], [ 6.9139137, 47.4829071 ], [ 6.9138114, 47.4827636 ], [ 6.9129848, 47.4825688 ], [ 6.9135913, 47.4815354 ], [ 6.9138597, 47.4811514 ], [ 6.9143359, 47.480829 ], [ 6.9144824, 47.4805419 ], [ 6.914792, 47.4797582 ], [ 6.9149201, 47.4790023 ], [ 6.9149715, 47.478923 ], [ 6.9151314, 47.4787644 ], [ 6.9157945, 47.4781428 ], [ 6.9159247, 47.4779789 ], [ 6.9159423, 47.4779107 ], [ 6.9158915, 47.477815 ], [ 6.9154914, 47.4775978 ], [ 6.9143446, 47.4777499 ], [ 6.9138615, 47.4775436 ], [ 6.9135773, 47.4773296 ], [ 6.9123699, 47.4771971 ], [ 6.9123429, 47.4768826 ], [ 6.9128257, 47.4763229 ], [ 6.9127371, 47.4760564 ], [ 6.9117127, 47.4757366 ], [ 6.9109848, 47.4749995 ], [ 6.9107151, 47.4749644 ], [ 6.9105242, 47.4750628 ], [ 6.910349, 47.475339899999987 ], [ 6.9098739, 47.4752234 ], [ 6.9083442, 47.4744276 ], [ 6.9083172, 47.4741131 ], [ 6.9084262, 47.473839 ], [ 6.9084071, 47.4736144 ], [ 6.9075783, 47.4732411 ], [ 6.9074422, 47.4729257 ], [ 6.907671, 47.472946 ], [ 6.9079371, 47.4729307 ], [ 6.9085165, 47.4728194 ], [ 6.9090786, 47.4726896 ], [ 6.9094167, 47.4722231 ], [ 6.9124446, 47.4711119 ], [ 6.9129634, 47.4701905 ], [ 6.9136889, 47.4693513 ], [ 6.9138798, 47.4692539 ], [ 6.9142098, 47.4692401 ], [ 6.9146153, 47.4693148 ], [ 6.9159248, 47.4690823 ], [ 6.9170454, 47.4689932 ], [ 6.9175162, 47.4689053 ], [ 6.9175728, 47.468916 ], [ 6.9177031, 47.4688801 ], [ 6.9183211, 47.4688061 ], [ 6.9184697, 47.4688038 ], [ 6.9185435, 47.4688301 ], [ 6.9188918, 47.4687048 ], [ 6.9197475, 47.4685922 ], [ 6.9204039, 47.468553 ], [ 6.9205888, 47.4685539 ], [ 6.9208132, 47.4679885 ], [ 6.9212071, 47.4671614 ], [ 6.9235204, 47.4670248 ], [ 6.9235092, 47.46689 ], [ 6.9223917, 47.4662589 ], [ 6.9221547, 47.465818 ], [ 6.9218276, 47.4651098 ], [ 6.922034, 47.464426 ], [ 6.9221586, 47.4643308 ], [ 6.9222529, 47.463877 ], [ 6.9219998, 47.4624903 ], [ 6.9222424, 47.4622099 ], [ 6.922632, 47.4621049 ], [ 6.9244975, 47.4620807 ], [ 6.9247501, 47.4611033 ], [ 6.9248115, 47.4610526 ], [ 6.9250736, 47.4603858 ], [ 6.9255182, 47.4601428 ], [ 6.9262705, 47.4596181 ], [ 6.9272915, 47.4594421 ], [ 6.9278037, 47.459377 ], [ 6.9287332, 47.4593673 ], [ 6.9291659, 47.4593049 ], [ 6.9296536, 47.4591055 ], [ 6.9300458, 47.4588732 ], [ 6.9307457, 47.4583592 ], [ 6.9325079, 47.4558473 ], [ 6.9325843, 47.4550425 ], [ 6.932456, 47.454326699999989 ], [ 6.9324809, 47.4526044 ], [ 6.9331337, 47.4515603 ], [ 6.9335869, 47.451417 ], [ 6.9339698, 47.4512391 ], [ 6.9343097, 47.4508743 ], [ 6.9348439, 47.4496638 ], [ 6.9346321, 47.4487534 ], [ 6.9350424, 47.4471956 ], [ 6.935006, 47.4469715 ], [ 6.9353609, 47.4458897 ], [ 6.9355514, 47.4449927 ], [ 6.9355937, 47.4448813 ], [ 6.9357274, 47.4447488 ], [ 6.9357035, 47.4446947 ], [ 6.9357637, 47.4442483 ], [ 6.9357592, 47.4440429 ], [ 6.9357417, 47.4439498 ], [ 6.935627, 47.4437265 ], [ 6.9355247, 47.4435993 ], [ 6.9351963, 47.4432706 ], [ 6.9338134, 47.441592299999989 ], [ 6.9334881, 47.4411428 ], [ 6.9331101, 47.4407355 ], [ 6.9329794, 47.4406201 ], [ 6.9330967, 47.4405161 ], [ 6.9331433, 47.4404451 ], [ 6.9333749, 47.4399812 ], [ 6.9336824, 47.4394841 ], [ 6.934721, 47.4382881 ], [ 6.9354085, 47.4376826 ], [ 6.9360101, 47.4371196 ], [ 6.9367093, 47.4362055 ], [ 6.9368672, 47.4360406 ], [ 6.937278, 47.4353399 ], [ 6.9379003, 47.4349331 ], [ 6.9385963, 47.4343363 ], [ 6.9391023, 47.4336134 ], [ 6.940303, 47.4333231 ], [ 6.9419126, 47.4339147 ], [ 6.9430027, 47.4338543 ], [ 6.9443965, 47.4338593 ], [ 6.9470706, 47.434004699999988 ], [ 6.9498577, 47.434386 ], [ 6.9525835, 47.4348549 ], [ 6.9542949, 47.4351311 ], [ 6.9549559, 47.4352672 ], [ 6.9575701, 47.433811 ], [ 6.9637118, 47.4357938 ], [ 6.9662844, 47.437652 ], [ 6.9678998, 47.4411833 ], [ 6.968775, 47.4437772 ], [ 6.9695361, 47.4454944 ], [ 6.9702858, 47.4471101 ], [ 6.9734209, 47.4471743 ], [ 6.9738913, 47.4477477 ], [ 6.9752599, 47.4477658 ], [ 6.9763528, 47.4481151 ], [ 6.9786779, 47.4486665 ], [ 6.9809816, 47.4492339 ], [ 6.9840662, 47.4481882 ], [ 6.9859375, 47.4479628 ], [ 6.9878079, 47.4477607 ], [ 6.9901946, 47.447979 ], [ 6.9931349, 47.4487245 ], [ 6.9958799, 47.4496478 ], [ 6.9991181, 47.4524749 ], [ 7.0021825, 47.4541631 ], [ 7.0014357, 47.4559771 ], [ 6.9975399, 47.456429199999988 ], [ 6.997958, 47.4578984 ], [ 6.9981308, 47.4588596 ], [ 6.998248, 47.4597344 ], [ 6.9978895, 47.459845799999989 ], [ 6.9986813, 47.460482 ], [ 6.9995177, 47.4610743 ], [ 7.0004821, 47.4616017 ], [ 7.0012862, 47.4619211 ], [ 7.0009514, 47.4624914 ], [ 7.0004474, 47.4634651 ], [ 7.000148, 47.4642082 ], [ 6.9997928, 47.4649685 ], [ 6.9999599, 47.465727099999988 ], [ 7.0004848, 47.4672016 ], [ 6.9994695, 47.46715 ], [ 6.9977472, 47.4670307 ], [ 6.9963462, 47.4668878 ], [ 6.9947329, 47.4666971 ], [ 6.9917054, 47.4663999 ], [ 6.9911339, 47.4669351 ], [ 6.9908331, 47.467607 ], [ 6.9913581, 47.4687634 ], [ 6.992116, 47.4695684 ], [ 6.9931604, 47.470721399999988 ], [ 6.9929917, 47.4711319 ], [ 6.9925328, 47.4716443 ], [ 6.9915521, 47.4721304 ], [ 6.9902417, 47.4724016 ], [ 6.9882959, 47.4731019 ], [ 6.9829374, 47.4730845 ], [ 6.9814223, 47.4731426 ], [ 6.9805933, 47.47349 ], [ 6.9791377, 47.4742221 ], [ 6.9745018, 47.4763824 ], [ 6.9739983, 47.4766727 ], [ 6.9722136, 47.4774168 ], [ 6.9700931, 47.4788492 ], [ 6.9701137, 47.4790729 ], [ 6.9699402, 47.4793502 ], [ 6.9687127, 47.4796678 ], [ 6.962654, 47.4814777 ], [ 6.9602353, 47.4817962 ], [ 6.9593318, 47.4820558 ], [ 6.9573127, 47.4824039 ], [ 6.9565737, 47.4830176 ], [ 6.9548774, 47.4840279 ], [ 6.9536073, 47.4846172 ], [ 6.9533482, 47.4846729 ], [ 6.9524051, 47.4850808 ], [ 6.9527298, 47.4864704 ], [ 6.9529435, 47.4872382 ], [ 6.9534398, 47.4895458 ], [ 6.9535498, 47.4899549 ], [ 6.9536156, 47.4900887 ], [ 6.9537697, 47.4901583 ], [ 6.9556117, 47.4905229 ], [ 6.9556716, 47.4905957 ], [ 6.9558574, 47.490986 ], [ 6.9565287, 47.4934264 ], [ 6.9566941, 47.4939372 ], [ 6.9604092, 47.4935892 ], [ 6.9604488, 47.4947162 ], [ 6.9604336, 47.4962886 ], [ 6.96219, 47.4961216 ], [ 6.9636554, 47.495905 ], [ 6.9639158, 47.4964927 ], [ 6.9644839, 47.4985049 ], [ 6.9660904, 47.5031117 ], [ 6.9660926, 47.5031594 ], [ 6.9660657, 47.503209 ], [ 6.9661968, 47.5059976 ], [ 6.9667062, 47.5060154 ], [ 6.9672453, 47.5060926 ], [ 6.967557, 47.5061523 ], [ 6.9687601, 47.5064303 ], [ 6.9699184, 47.5066585 ], [ 6.9698588, 47.507844 ], [ 6.9698557, 47.5110806 ], [ 6.9696467, 47.5110427 ], [ 6.9687601, 47.5112667 ], [ 6.9676144, 47.5118537 ], [ 6.9659343, 47.5131818 ], [ 6.9645039, 47.5135549 ], [ 6.9627659, 47.5142098 ], [ 6.9604388, 47.5149785 ], [ 6.9580294, 47.5155696 ], [ 6.9569776, 47.515701799999988 ] ] ] ] } },
{ "type": "Feature", "properties": { "code_departement": 90.0, "code_rne": "0900277M", "multisecteur": 0.0 }, "geometry": { "type": "MultiPolygon", "coordinates": [ [ [ [ 6.9450758, 47.5134279 ], [ 6.9464871, 47.5143625 ], [ 6.9473089, 47.5146456 ], [ 6.9480417, 47.5146613 ], [ 6.9488993, 47.5145817 ], [ 6.9496507, 47.5146869 ], [ 6.9494434, 47.5160946 ], [ 6.9518628, 47.5165361 ], [ 6.9529856, 47.5164466 ], [ 6.9569776, 47.515701799999988 ], [ 6.9580294, 47.5155696 ], [ 6.9580374, 47.5156595 ], [ 6.9589495, 47.5162089 ], [ 6.9592374, 47.5164677 ], [ 6.9588159, 47.5169552 ], [ 6.959909, 47.5175949 ], [ 6.9603635, 47.517894 ], [ 6.9606087, 47.5180975 ], [ 6.9607876, 47.5182843 ], [ 6.960889, 47.5184322 ], [ 6.9653345, 47.5177564 ], [ 6.9656623, 47.5184636 ], [ 6.9665989, 47.5185164 ], [ 6.9670941, 47.518879 ], [ 6.9684037, 47.5195824 ], [ 6.9697178, 47.519954 ], [ 6.9694133, 47.5204033 ], [ 6.9705226, 47.5207747 ], [ 6.9705887, 47.5204651 ], [ 6.9722162, 47.5211676 ], [ 6.9727553, 47.5220289 ], [ 6.9736613, 47.5218853 ], [ 6.9742212, 47.5220789 ], [ 6.9744903, 47.5213307 ], [ 6.9765917, 47.5221242 ], [ 6.9770744, 47.5223357 ], [ 6.9773456, 47.5219209 ], [ 6.9814994, 47.5238646 ], [ 6.9821385, 47.5232452 ], [ 6.9840496, 47.5243037 ], [ 6.985645, 47.526177 ], [ 6.9851033, 47.5265146 ], [ 6.9859976, 47.5274781 ], [ 6.9857528, 47.5275685 ], [ 6.9868751, 47.5291993 ], [ 6.9867757, 47.5292757 ], [ 6.9876915, 47.530152 ], [ 6.9876321, 47.5301775 ], [ 6.9875364, 47.5306242 ], [ 6.9871808, 47.5309058 ], [ 6.9876654, 47.5311398 ], [ 6.9874675, 47.5315377 ], [ 6.9884427, 47.5323363 ], [ 6.9881018, 47.532548 ], [ 6.9889855, 47.5332613 ], [ 6.9883739, 47.5334111 ], [ 6.9880696, 47.5335072 ], [ 6.9879825, 47.5335697 ], [ 6.9882178, 47.5337455 ], [ 6.9884199, 47.5338134 ], [ 6.9889021, 47.534033 ], [ 6.9890399, 47.5341139 ], [ 6.9892942, 47.5343476 ], [ 6.9894388, 47.5345554 ], [ 6.9895979, 47.5346545 ], [ 6.9896327, 47.5347461 ], [ 6.9899222, 47.5350408 ], [ 6.9902313, 47.534920299999989 ], [ 6.9904578, 47.5350126 ], [ 6.9905443, 47.535065499999988 ], [ 6.9905835, 47.5351273 ], [ 6.9906612, 47.5351345 ], [ 6.991036, 47.5352875 ], [ 6.9911529, 47.5352493 ], [ 6.9915587, 47.5352471 ], [ 6.9925901, 47.5353532 ], [ 6.992849, 47.5353453 ], [ 6.993112, 47.5353561 ], [ 6.9933109, 47.5353817 ], [ 6.9937499, 47.5355036 ], [ 6.9941202, 47.5356325 ], [ 6.9945893, 47.5358372 ], [ 6.9948127, 47.5359584 ], [ 6.9949706, 47.5360765 ], [ 6.9950324, 47.5361555 ], [ 6.9951857, 47.5362836 ], [ 6.9954524, 47.536433099999989 ], [ 6.9956331, 47.5365711 ], [ 6.9961483, 47.5370176 ], [ 6.9962633, 47.5369902 ], [ 6.9964267, 47.536826 ], [ 6.9965627, 47.5369178 ], [ 6.9966817, 47.5371201 ], [ 6.9967703, 47.5373622 ], [ 6.9969333, 47.5374945 ], [ 6.9977104, 47.5380438 ], [ 6.9974413, 47.53829 ], [ 6.9974781, 47.5383906 ], [ 6.9975676, 47.5384831 ], [ 6.9977064, 47.5385423 ], [ 6.9981508, 47.5386109 ], [ 6.9996386, 47.538714 ], [ 7.0003768, 47.5392772 ], [ 7.0011143, 47.539634 ], [ 7.0024719, 47.5403796 ], [ 7.0028434, 47.540612 ], [ 7.0030673, 47.5407043 ], [ 7.0036794, 47.5408798 ], [ 7.0052985, 47.541456 ], [ 7.0057165, 47.5415633 ], [ 7.0062974, 47.5413035 ], [ 7.0067046, 47.5410894 ], [ 7.0068446, 47.5410396 ], [ 7.0069237, 47.5410296 ], [ 7.0070309, 47.5410566 ], [ 7.0070915, 47.5411546 ], [ 7.0071754, 47.5414031 ], [ 7.0072211, 47.5416224 ], [ 7.0073319, 47.5418574 ], [ 7.0074657, 47.5422395 ], [ 7.0075861, 47.5424598 ], [ 7.0079497, 47.5427997 ], [ 7.0084365, 47.5433102 ], [ 7.0085489, 47.5434767 ], [ 7.0086032, 47.5436505 ], [ 7.0086636, 47.5436935 ], [ 7.0088466, 47.5437548 ], [ 7.0094507, 47.5438224 ], [ 7.0096617, 47.5438133 ], [ 7.0099768, 47.5439151 ], [ 7.0106454, 47.5439552 ], [ 7.0111554, 47.5440467 ], [ 7.0113406, 47.5441196 ], [ 7.0115846, 47.5441779 ], [ 7.0118246, 47.5442021 ], [ 7.0120074, 47.5441895 ], [ 7.0122047, 47.5442107 ], [ 7.0124085, 47.5442667 ], [ 7.0125902, 47.5443461 ], [ 7.0127752, 47.5443992 ], [ 7.012993, 47.5444269 ], [ 7.0131891, 47.5444156 ], [ 7.0116026, 47.5455167 ], [ 7.0114515, 47.5458094 ], [ 7.011145, 47.5459831 ], [ 7.0101322, 47.5460747 ], [ 7.010088, 47.5464079 ], [ 7.0049213, 47.5456392 ], [ 7.0025879, 47.5458898 ], [ 7.0004295, 47.546593 ], [ 7.000085, 47.546685 ], [ 6.9995682, 47.5467352 ], [ 6.9988365, 47.5467765 ], [ 6.9973588, 47.5470958 ], [ 6.9971512, 47.5471138 ], [ 6.9966609, 47.5472685 ], [ 6.9964453, 47.5473588 ], [ 6.9952949, 47.5479597 ], [ 6.9949888, 47.5481388 ], [ 6.9947225, 47.5482633 ], [ 6.9946372, 47.5483509 ], [ 6.9940888, 47.5486365 ], [ 6.9939362, 47.5489094 ], [ 6.9937429, 47.5490846 ], [ 6.9932941, 47.5493848 ], [ 6.992876, 47.5495433 ], [ 6.9924931, 47.5496574 ], [ 6.9924471, 47.5496472 ], [ 6.9925343, 47.5498353 ], [ 6.992943, 47.5518826 ], [ 6.9928006, 47.5538784 ], [ 6.9928204, 47.5552296 ], [ 6.9929083, 47.5555141 ], [ 6.9933329, 47.555975499999988 ], [ 6.9934918, 47.5562846 ], [ 6.9935823, 47.556587 ], [ 6.9938647, 47.5567846 ], [ 6.9947691, 47.5570925 ], [ 6.996468, 47.5578563 ], [ 6.9968625, 47.5579689 ], [ 6.9974458, 47.5582905 ], [ 6.9976134, 47.5584479 ], [ 6.9976561, 47.5585564 ], [ 6.997611, 47.5592519 ], [ 6.9975273, 47.56002 ], [ 6.9972667, 47.5604696 ], [ 6.9971916, 47.5606759 ], [ 6.9971761, 47.5611091 ], [ 6.9972287, 47.5618112 ], [ 6.9972726, 47.5620782 ], [ 6.9972434, 47.5623289 ], [ 6.9936258, 47.5620644 ], [ 6.9933348, 47.5620023 ], [ 6.9932154, 47.5619541 ], [ 6.992774, 47.5618746 ], [ 6.9920901, 47.5616853 ], [ 6.9918588, 47.5616734 ], [ 6.9905133, 47.5613265 ], [ 6.9878847, 47.5604323 ], [ 6.9874078, 47.5603044 ], [ 6.9860677, 47.5598158 ], [ 6.9852848, 47.5594947 ], [ 6.9845313, 47.5599594 ], [ 6.9838206, 47.560446 ], [ 6.983124, 47.5608718 ], [ 6.9825913, 47.5610847 ], [ 6.982248, 47.5611955 ], [ 6.9819744, 47.5614194 ], [ 6.981728, 47.5614539 ], [ 6.981611, 47.561492199999989 ], [ 6.98146, 47.5615739 ], [ 6.9812275, 47.5617243 ], [ 6.981082, 47.5618437 ], [ 6.9808516, 47.5620571 ], [ 6.9807691, 47.562183399999988 ], [ 6.9806547, 47.5622918 ], [ 6.9800387, 47.5626563 ], [ 6.9810014, 47.563567 ], [ 6.9808017, 47.563746 ], [ 6.9758673, 47.5629122 ], [ 6.9757177, 47.5629587 ], [ 6.9755141, 47.5631036 ], [ 6.974693, 47.5635047 ], [ 6.9745096, 47.5636164 ], [ 6.9742502, 47.5637992 ], [ 6.9736074, 47.5643222 ], [ 6.9733215, 47.5646141 ], [ 6.9726919, 47.5646004 ], [ 6.9706192, 47.5647512 ], [ 6.9700563, 47.56481 ], [ 6.9690025, 47.5650009 ], [ 6.968111, 47.5652422 ], [ 6.9676656, 47.5653952 ], [ 6.9669844, 47.5656005 ], [ 6.9668361, 47.5656839 ], [ 6.9657616, 47.5644659 ], [ 6.9655595, 47.5645602 ], [ 6.9642238, 47.5650067 ], [ 6.9639728, 47.5650522 ], [ 6.963818, 47.5651548 ], [ 6.9636566, 47.5653306 ], [ 6.9632591, 47.565537 ], [ 6.9626737, 47.5656326 ], [ 6.9618189, 47.566316 ], [ 6.9602592, 47.5670486 ], [ 6.9599946, 47.5678083 ], [ 6.9598677, 47.5680902 ], [ 6.9597729, 47.5681935 ], [ 6.95967, 47.568745799999988 ], [ 6.9595997, 47.5688573 ], [ 6.959524, 47.5688959 ], [ 6.9594191, 47.5689184 ], [ 6.9593129, 47.5689229 ], [ 6.9592305, 47.5688896 ], [ 6.9585082, 47.5691521 ], [ 6.9567212, 47.5710045 ], [ 6.9550866, 47.5724362 ], [ 6.9558623, 47.5728028 ], [ 6.9554791, 47.5729879 ], [ 6.9543001, 47.5744573 ], [ 6.9548659, 47.5750293 ], [ 6.9557344, 47.5752117 ], [ 6.9566795, 47.5760124 ], [ 6.9569961, 47.5759358 ], [ 6.9571087, 47.5759455 ], [ 6.9577353, 47.5761334 ], [ 6.9579079, 47.5761617 ], [ 6.9582382, 47.5762524 ], [ 6.9586758, 47.5762438 ], [ 6.9590624, 47.5763929 ], [ 6.9595615, 47.576549 ], [ 6.9607556, 47.5768645 ], [ 6.9611384, 47.5769975 ], [ 6.9612446, 47.5770641 ], [ 6.9614714, 47.5774106 ], [ 6.9617149, 47.577981 ], [ 6.9617169, 47.5780079 ], [ 6.9614458, 47.5785732 ], [ 6.9614184, 47.5787787 ], [ 6.9619347, 47.5814821 ], [ 6.9618266, 47.5816219 ], [ 6.9625485, 47.5821246 ], [ 6.9617779, 47.5823842 ], [ 6.9616419, 47.5820238 ], [ 6.9613017, 47.5818191 ], [ 6.9610209, 47.581697 ], [ 6.9607498, 47.5813277 ], [ 6.9606707, 47.581141099999989 ], [ 6.9601904, 47.5810051 ], [ 6.9600299, 47.5797578 ], [ 6.9598066, 47.5795842 ], [ 6.9592846, 47.5794424 ], [ 6.9587491, 47.5793876 ], [ 6.9581863, 47.5798456 ], [ 6.9573051, 47.5799432 ], [ 6.9569035, 47.5800595 ], [ 6.9568579, 47.5801638 ], [ 6.9571303, 47.580388 ], [ 6.9570692, 47.5805162 ], [ 6.9569563, 47.5806102 ], [ 6.9567283, 47.5806783 ], [ 6.9564748, 47.5807807 ], [ 6.9566838, 47.580833 ], [ 6.9569182, 47.5809765 ], [ 6.9571617, 47.581171 ], [ 6.9574149, 47.5814238 ], [ 6.9576112, 47.5815749 ], [ 6.9576831, 47.5816815 ], [ 6.9576532, 47.581979 ], [ 6.9575483, 47.582325 ], [ 6.957542, 47.5825812 ], [ 6.9576284, 47.5828306 ], [ 6.9577117, 47.5829305 ], [ 6.9584135, 47.5840053 ], [ 6.9583208, 47.5842275 ], [ 6.9583251, 47.584879 ], [ 6.9584407, 47.5853599 ], [ 6.958489, 47.5854358 ], [ 6.9586637, 47.5856011 ], [ 6.9586598, 47.5856913 ], [ 6.9585897, 47.5857884 ], [ 6.9585816, 47.5858589 ], [ 6.9586097, 47.5859688 ], [ 6.9586962, 47.586111 ], [ 6.9586977, 47.5861668 ], [ 6.9586398, 47.5862301 ], [ 6.9585767, 47.5862601 ], [ 6.9582899, 47.5863086 ], [ 6.9571628, 47.5863063 ], [ 6.9570919, 47.5863205 ], [ 6.9570654, 47.5864484 ], [ 6.9570898, 47.5867414 ], [ 6.9571918, 47.5870038 ], [ 6.957319, 47.5872095 ], [ 6.9572961, 47.5872427 ], [ 6.9572251, 47.587255 ], [ 6.9568684, 47.587259 ], [ 6.956771, 47.587275 ], [ 6.9567468, 47.5876858 ], [ 6.9567205, 47.5877084 ], [ 6.956529, 47.5877491 ], [ 6.9563208, 47.5878337 ], [ 6.9562596, 47.5878889 ], [ 6.9562295, 47.5880035 ], [ 6.9559404, 47.5881107 ], [ 6.9557529, 47.5882053 ], [ 6.9555826, 47.5882625 ], [ 6.9552881, 47.5883148 ], [ 6.9550335, 47.5883316 ], [ 6.9549763, 47.5883506 ], [ 6.9549526, 47.588372199999988 ], [ 6.9550267, 47.5884733 ], [ 6.9548147, 47.588686 ], [ 6.9545139, 47.588762 ], [ 6.9543419, 47.5888678 ], [ 6.9541947, 47.5889305 ], [ 6.9540848, 47.5889757 ], [ 6.9539036, 47.5890116 ], [ 6.9538757, 47.5890306 ], [ 6.9538488, 47.5890991 ], [ 6.9539472, 47.5891867 ], [ 6.9538988, 47.5892884 ], [ 6.9538312, 47.5893106 ], [ 6.9532524, 47.5896799 ], [ 6.9529915, 47.5899347 ], [ 6.9529217, 47.5899641 ], [ 6.9527587, 47.589958 ], [ 6.9525745, 47.5899164 ], [ 6.9523169, 47.5899819 ], [ 6.9522134, 47.5899881 ], [ 6.952015, 47.5900435 ], [ 6.9519042, 47.590059 ], [ 6.9516981, 47.5901543 ], [ 6.951608, 47.5902682 ], [ 6.9514925, 47.5903632 ], [ 6.9513741, 47.5905285 ], [ 6.9512243, 47.5908436 ], [ 6.9512458, 47.5909898 ], [ 6.9512355, 47.5911037 ], [ 6.951113, 47.5912124 ], [ 6.9511213, 47.5912887 ], [ 6.9512642, 47.5915623 ], [ 6.9512743, 47.5916449 ], [ 6.951301, 47.5916819 ], [ 6.9514091, 47.5917386 ], [ 6.9515335, 47.5920336 ], [ 6.9515444, 47.592199 ], [ 6.9514709, 47.592429599999988 ], [ 6.9515152, 47.5924524 ], [ 6.951555, 47.5924492 ], [ 6.9516965, 47.5923814 ], [ 6.9517449, 47.5923869 ], [ 6.9518203, 47.59247 ], [ 6.9518586, 47.5925552 ], [ 6.9518735, 47.5926484 ], [ 6.9518101, 47.5929976 ], [ 6.9517968, 47.5932675 ], [ 6.9518721, 47.593547 ], [ 6.9518858, 47.5937683 ], [ 6.951919, 47.5938744 ], [ 6.951985, 47.593956 ], [ 6.952064, 47.5939984 ], [ 6.9524117, 47.5940695 ], [ 6.9517392, 47.5941094 ], [ 6.9517252, 47.5933988 ], [ 6.9507252, 47.5932443 ], [ 6.9484011, 47.5930211 ], [ 6.9473228, 47.5917535 ], [ 6.9469789, 47.5902375 ], [ 6.9449153, 47.589535 ], [ 6.9421671, 47.5900235 ], [ 6.9402577, 47.5884857 ], [ 6.9399172, 47.5881502 ], [ 6.9396517, 47.5880366 ], [ 6.9391858, 47.5877702 ], [ 6.9384246, 47.5873832 ], [ 6.9381558, 47.5872246 ], [ 6.9378717, 47.5871837 ], [ 6.9371181, 47.586919 ], [ 6.9364613, 47.5866654 ], [ 6.9357385, 47.5864383 ], [ 6.9350674, 47.5861708 ], [ 6.93351, 47.5858791 ], [ 6.9318265, 47.583297 ], [ 6.9316743, 47.5831291 ], [ 6.9314334, 47.5829876 ], [ 6.926006, 47.5800981 ], [ 6.9247864, 47.5795786 ], [ 6.9237796, 47.5790916 ], [ 6.9219479, 47.5781267 ], [ 6.9196095, 47.5794031 ], [ 6.9180397, 47.5810438 ], [ 6.9178333, 47.5809534 ], [ 6.9176852, 47.5810774 ], [ 6.9173359, 47.581199 ], [ 6.9170317, 47.5813562 ], [ 6.9164798, 47.5815856 ], [ 6.9160621, 47.5816843 ], [ 6.9147407, 47.5819378 ], [ 6.9144041, 47.5819058 ], [ 6.9138776, 47.5816838 ], [ 6.9134621, 47.581485 ], [ 6.9133174, 47.5815097 ], [ 6.9130989, 47.5815991 ], [ 6.9126564, 47.581996 ], [ 6.9122414, 47.5821307 ], [ 6.9115428, 47.5821947 ], [ 6.9114604, 47.5823245 ], [ 6.9109505, 47.5822741 ], [ 6.9082363, 47.5821515 ], [ 6.9073387, 47.5820806 ], [ 6.9058714, 47.581907199999989 ], [ 6.905177, 47.5818818 ], [ 6.9045024, 47.5819097 ], [ 6.9017279, 47.5817097 ], [ 6.9009497, 47.581633 ], [ 6.8995422, 47.5815287 ], [ 6.8989354, 47.5814462 ], [ 6.8980942, 47.5814176 ], [ 6.8963373, 47.5814538 ], [ 6.8958414, 47.5813748 ], [ 6.894603, 47.5815252 ], [ 6.8941608, 47.5814895 ], [ 6.8933982, 47.581314 ], [ 6.8920933, 47.5808637 ], [ 6.8900374, 47.580488 ], [ 6.8888219, 47.5802951 ], [ 6.8881918, 47.5802576 ], [ 6.8875598, 47.580321 ], [ 6.8868126, 47.5804496 ], [ 6.8856093, 47.5806978 ], [ 6.8845459, 47.5808739 ], [ 6.8842386, 47.5796711 ], [ 6.883518, 47.5787731 ], [ 6.8822124, 47.5746476 ], [ 6.8819314, 47.574775 ], [ 6.8815543, 47.5746632 ], [ 6.8803254, 47.5738434 ], [ 6.8799372, 47.5738699 ], [ 6.878919, 47.5731269 ], [ 6.877568, 47.5723112 ], [ 6.8765368, 47.5700861 ], [ 6.8765042, 47.5699484 ], [ 6.8754424, 47.5682363 ], [ 6.8733019, 47.5673467 ], [ 6.8748848, 47.5662595 ], [ 6.8749423, 47.5661891 ], [ 6.8753605, 47.5658417 ], [ 6.8759331, 47.5652 ], [ 6.8763259, 47.5647958 ], [ 6.8767578, 47.5644002 ], [ 6.8768414, 47.5643037 ], [ 6.8769109, 47.5641419 ], [ 6.8769781, 47.5640405 ], [ 6.8770619, 47.5639485 ], [ 6.8773581, 47.5636998 ], [ 6.8774517, 47.5635958 ], [ 6.8775282, 47.5634941 ], [ 6.8776813, 47.5631808 ], [ 6.8777033, 47.563062 ], [ 6.8776987, 47.5628711 ], [ 6.8780811, 47.5629665 ], [ 6.8785347, 47.5629974 ], [ 6.8788756, 47.5629239 ], [ 6.8791014, 47.5629353 ], [ 6.8797125, 47.5629158 ], [ 6.8803541, 47.5629494 ], [ 6.8807525, 47.5619647 ], [ 6.8811998, 47.5611396 ], [ 6.8815177, 47.5606405 ], [ 6.8825804, 47.5599103 ], [ 6.8827159, 47.5597958 ], [ 6.8829723, 47.5595322 ], [ 6.8833673, 47.5583538 ], [ 6.8834004, 47.5572712 ], [ 6.8833622, 47.557003 ], [ 6.8834004, 47.5567035 ], [ 6.8834795, 47.5565467 ], [ 6.8833491, 47.5562915 ], [ 6.8833847, 47.5559569 ], [ 6.8833589, 47.5558225 ], [ 6.8833693, 47.5555068 ], [ 6.8855557, 47.5546706 ], [ 6.8870715, 47.5532736 ], [ 6.8878507, 47.5520895 ], [ 6.8901864, 47.5500892 ], [ 6.8960092, 47.549746 ], [ 6.9019795, 47.5499816 ], [ 6.9028058, 47.5488292 ], [ 6.9057067, 47.5479596 ], [ 6.905693, 47.5476627 ], [ 6.905794, 47.547278 ], [ 6.906592, 47.5455579 ], [ 6.907035, 47.5447724 ], [ 6.9070542, 47.5445258 ], [ 6.9070212, 47.5441465 ], [ 6.9068726, 47.5436252 ], [ 6.9070109, 47.543042 ], [ 6.9072031, 47.5423569 ], [ 6.9072817, 47.5419757 ], [ 6.9077519, 47.5411624 ], [ 6.9080839, 47.5407691 ], [ 6.9087997, 47.5404026 ], [ 6.909628, 47.5401171 ], [ 6.9103071, 47.5397942 ], [ 6.9108667, 47.5392932 ], [ 6.9113323, 47.538909 ], [ 6.9117584, 47.538293499999988 ], [ 6.9121164, 47.537857 ], [ 6.9127449, 47.5366075 ], [ 6.9132377, 47.5362854 ], [ 6.9139422, 47.5358923 ], [ 6.9141505, 47.5356663 ], [ 6.9145252, 47.5351859 ], [ 6.9148208, 47.5347515 ], [ 6.9150124, 47.5343152 ], [ 6.9154358, 47.5335736 ], [ 6.9159346, 47.5328431 ], [ 6.9161703, 47.5324458 ], [ 6.9162728, 47.5321747 ], [ 6.9162677, 47.5316332 ], [ 6.9163113, 47.531301 ], [ 6.9164388, 47.5309713 ], [ 6.9164471, 47.5307034 ], [ 6.9161307, 47.5303995 ], [ 6.9160663, 47.5301556 ], [ 6.9160046, 47.529658399999988 ], [ 6.9158227, 47.5294833 ], [ 6.915521, 47.529361 ], [ 6.9150395, 47.5292177 ], [ 6.9145114, 47.5289849 ], [ 6.9135706, 47.5284388 ], [ 6.913204, 47.5281573 ], [ 6.9130206, 47.5278336 ], [ 6.9128424, 47.52758 ], [ 6.9125813, 47.52745 ], [ 6.9119744, 47.5272838 ], [ 6.9103281, 47.5269894 ], [ 6.9097758, 47.5269692 ], [ 6.9087062, 47.5269898 ], [ 6.9081197, 47.5270491 ], [ 6.9071876, 47.5271128 ], [ 6.907439, 47.5259282 ], [ 6.9090419, 47.5257411 ], [ 6.910148, 47.5256372 ], [ 6.9111994, 47.5255488 ], [ 6.9115046, 47.5255556 ], [ 6.9168118, 47.524696 ], [ 6.9163436, 47.5235536 ], [ 6.9182633, 47.5233683 ], [ 6.9184947, 47.5233307 ], [ 6.9184829, 47.5226984 ], [ 6.91877, 47.5217686 ], [ 6.9190039, 47.52122 ], [ 6.9208063, 47.5201445 ], [ 6.922817, 47.5199506 ], [ 6.9233523, 47.5198307 ], [ 6.9252587, 47.5195745 ], [ 6.925828, 47.5193742 ], [ 6.9259487, 47.5192412 ], [ 6.9260419, 47.5191705 ], [ 6.9268858, 47.518814 ], [ 6.9269996, 47.5187507 ], [ 6.9271738, 47.5187133 ], [ 6.9278419, 47.5184807 ], [ 6.9279793, 47.518468 ], [ 6.9295661, 47.5186975 ], [ 6.9297086, 47.5186999 ], [ 6.9321404, 47.5191667 ], [ 6.9327328, 47.5190989 ], [ 6.9346114, 47.5177628 ], [ 6.9356288, 47.5179925 ], [ 6.9364864, 47.5179131 ], [ 6.9373833, 47.5175177 ], [ 6.9375742, 47.5174194 ], [ 6.9376924, 47.5172351 ], [ 6.9382137, 47.5171238 ], [ 6.9401486, 47.5156505 ], [ 6.9427639, 47.5136098 ], [ 6.9450015, 47.5133403 ], [ 6.9450758, 47.5134279 ] ] ] ] } },
{ "type": "Feature", "properties": { "code_departement": 90.0, "code_rne": "0900295G", "multisecteur": 0.0 }, "geometry": { "type": "MultiPolygon", "coordinates": [ [ [ [ 6.8820653, 47.6107215 ], [ 6.8912452, 47.6108726 ], [ 6.8912857, 47.6108433 ], [ 6.8913991, 47.610644 ], [ 6.8913459, 47.6103898 ], [ 6.8913399, 47.6101422 ], [ 6.8913034, 47.6098803 ], [ 6.8911483, 47.6096169 ], [ 6.890958, 47.6093646 ], [ 6.8910606, 47.6089439 ], [ 6.8920719, 47.6089056 ], [ 6.8920175, 47.6083974 ], [ 6.8918102, 47.6074734 ], [ 6.8919385, 47.607497 ], [ 6.8918764, 47.6072846 ], [ 6.8920472, 47.607306799999989 ], [ 6.8920567, 47.6071443 ], [ 6.8922547, 47.6071728 ], [ 6.892354, 47.6071461 ], [ 6.8923424, 47.6070969 ], [ 6.8920707, 47.6067338 ], [ 6.8920492, 47.6066209 ], [ 6.8921028, 47.6066074 ], [ 6.8921793, 47.6066139 ], [ 6.8925746, 47.6067179 ], [ 6.8933497, 47.606802 ], [ 6.8940359, 47.6068557 ], [ 6.8949326, 47.6068717 ], [ 6.896129, 47.6068137 ], [ 6.8960758, 47.6065595 ], [ 6.8958989, 47.6060716 ], [ 6.8958184, 47.6057724 ], [ 6.896498, 47.6058813 ], [ 6.8966204, 47.6049669 ], [ 6.8970719, 47.6039957 ], [ 6.8979011, 47.6038733 ], [ 6.8980439, 47.6041317 ], [ 6.8981617, 47.6042486 ], [ 6.8986047, 47.6043843 ], [ 6.8988059, 47.6044208 ], [ 6.8993872, 47.6045708 ], [ 6.8996803, 47.6046069 ], [ 6.9000864, 47.6045654 ], [ 6.9026448, 47.6041636 ], [ 6.9025846, 47.604014199999988 ], [ 6.9027891, 47.6039686 ], [ 6.9041018, 47.6037696 ], [ 6.9049022, 47.6036726 ], [ 6.9054578, 47.6035629 ], [ 6.9054278, 47.6034621 ], [ 6.9057656, 47.6034165 ], [ 6.9060004, 47.6033483 ], [ 6.9064688, 47.6032668 ], [ 6.9065526, 47.6032649 ], [ 6.906774, 47.6031584 ], [ 6.9073661, 47.6024365 ], [ 6.9089713, 47.600756 ], [ 6.9120904, 47.5996096 ], [ 6.9212583, 47.5993829 ], [ 6.9215655, 47.5992491 ], [ 6.9243911, 47.5981916 ], [ 6.9242461, 47.5978495 ], [ 6.9240649, 47.5976141 ], [ 6.9239696, 47.5974424 ], [ 6.9236176, 47.5971487 ], [ 6.9233744, 47.596902799999988 ], [ 6.9232663, 47.5968469 ], [ 6.9223416, 47.5968276 ], [ 6.9216445, 47.596751 ], [ 6.9213317, 47.5967381 ], [ 6.9204777, 47.5966289 ], [ 6.9225556, 47.5963139 ], [ 6.9306965, 47.5951764 ], [ 6.9311529, 47.5950953 ], [ 6.9313489, 47.5950436 ], [ 6.9332385, 47.5947591 ], [ 6.9338523, 47.5946987 ], [ 6.9357733, 47.5944077 ], [ 6.9370335, 47.5942426 ], [ 6.9384846, 47.5940819 ], [ 6.9391766, 47.594072 ], [ 6.9441849, 47.5959846 ], [ 6.9439466, 47.5968164 ], [ 6.9445031, 47.5971527 ], [ 6.9430515, 47.5975226 ], [ 6.9432164, 47.597645 ], [ 6.9432589, 47.5978238 ], [ 6.9433234, 47.5979568 ], [ 6.9433387, 47.5981456 ], [ 6.9434536, 47.5985464 ], [ 6.9435327, 47.5989321 ], [ 6.9436978, 47.5992735 ], [ 6.9439844, 47.5999776 ], [ 6.9443225, 47.600676299999989 ], [ 6.9444742, 47.600961399999989 ], [ 6.9452864, 47.6022146 ], [ 6.9455244, 47.6026401 ], [ 6.9457769, 47.6031542 ], [ 6.9459616, 47.6034706 ], [ 6.9460575, 47.6036873 ], [ 6.9461697, 47.6038529 ], [ 6.945734, 47.6039073 ], [ 6.9454959, 47.6039487 ], [ 6.9453578, 47.6039912 ], [ 6.9452978, 47.6040816 ], [ 6.9451751, 47.6041705 ], [ 6.944986, 47.6042444 ], [ 6.9445332, 47.6043733 ], [ 6.9443672, 47.6044357 ], [ 6.9442014, 47.6045359 ], [ 6.9440038, 47.6047292 ], [ 6.9437459, 47.604846 ], [ 6.9434977, 47.6048959 ], [ 6.9427968, 47.6049502 ], [ 6.9428407, 47.6050938 ], [ 6.942909, 47.6057296 ], [ 6.9434876, 47.606851 ], [ 6.944139, 47.6076401 ], [ 6.9456354, 47.6087007 ], [ 6.9477183, 47.608213 ], [ 6.9489809, 47.6091932 ], [ 6.9489497, 47.61041 ], [ 6.9498045, 47.6115518 ], [ 6.9499391, 47.6127576 ], [ 6.9496099, 47.6150443 ], [ 6.948699, 47.6159359 ], [ 6.9480256, 47.6179675 ], [ 6.9479092, 47.6191322 ], [ 6.9479184, 47.6202296 ], [ 6.9472005, 47.6215345 ], [ 6.9479283, 47.6227942 ], [ 6.9491825, 47.6229897 ], [ 6.9495359, 47.6232625 ], [ 6.9497616, 47.6234657 ], [ 6.9499415, 47.6232307 ], [ 6.9501448, 47.6231851 ], [ 6.9501809, 47.6234398 ], [ 6.950339, 47.6237733 ], [ 6.9504551, 47.6242435 ], [ 6.9504128, 47.6243386 ], [ 6.9503368, 47.6243926 ], [ 6.9501069, 47.6244382 ], [ 6.9500595, 47.6245543 ], [ 6.9500837, 47.6245742 ], [ 6.9501973, 47.6245965 ], [ 6.9505013, 47.624597 ], [ 6.9505726, 47.6246243 ], [ 6.9506319, 47.6247043 ], [ 6.9506592, 47.6249648 ], [ 6.9506836, 47.6250243 ], [ 6.9509195, 47.6251677 ], [ 6.9510284, 47.6252524 ], [ 6.9511121, 47.6252847 ], [ 6.9512634, 47.6253111 ], [ 6.9517193, 47.625329 ], [ 6.9518641, 47.6253583 ], [ 6.9520545, 47.6254087 ], [ 6.9521662, 47.6254779 ], [ 6.9522238, 47.6255354 ], [ 6.9522498, 47.6255976 ], [ 6.9522352, 47.6257612 ], [ 6.9523675, 47.6259812 ], [ 6.9523977, 47.6260649 ], [ 6.9523022, 47.6263232 ], [ 6.9523181, 47.6267534 ], [ 6.952248, 47.6270135 ], [ 6.9521428, 47.6272658 ], [ 6.9521155, 47.62742 ], [ 6.9518242, 47.6279868 ], [ 6.9521362, 47.6281493 ], [ 6.9526046, 47.6282983 ], [ 6.9570622, 47.6284167 ], [ 6.9601734, 47.6282139 ], [ 6.9622263, 47.6284975 ], [ 6.9622082, 47.628864 ], [ 6.9621607, 47.6291396 ], [ 6.9621802, 47.6293489 ], [ 6.9622452, 47.6294522 ], [ 6.9623391, 47.629549 ], [ 6.962815, 47.6299609 ], [ 6.9629137, 47.6300513 ], [ 6.9629398, 47.6300982 ], [ 6.9630606, 47.6301626 ], [ 6.9630915, 47.6302021 ], [ 6.9630132, 47.6302606 ], [ 6.9627944, 47.6302942 ], [ 6.9625864, 47.6307068 ], [ 6.9623632, 47.6310226 ], [ 6.9622514, 47.6312761 ], [ 6.9620297, 47.6315224 ], [ 6.962026, 47.6316343 ], [ 6.962079, 47.631737 ], [ 6.9621583, 47.6318353 ], [ 6.9624038, 47.6320532 ], [ 6.9624856, 47.6321675 ], [ 6.9624857, 47.63251 ], [ 6.9625537, 47.6325816 ], [ 6.9627313, 47.6327107 ], [ 6.9627851, 47.6327882 ], [ 6.9627001, 47.6330263 ], [ 6.9627346, 47.6332568 ], [ 6.9626775, 47.6334399 ], [ 6.9626035, 47.6335388 ], [ 6.9624565, 47.633588 ], [ 6.9624407, 47.6336083 ], [ 6.9624534, 47.6336539 ], [ 6.9625615, 47.6337097 ], [ 6.9627656, 47.6337469 ], [ 6.9628182, 47.6337902 ], [ 6.9629469, 47.6339796 ], [ 6.962958, 47.634218 ], [ 6.96305, 47.6343258 ], [ 6.9631367, 47.6343616 ], [ 6.9632053, 47.634371 ], [ 6.9634936, 47.6343386 ], [ 6.9636592, 47.634342 ], [ 6.9638426, 47.63437 ], [ 6.9639933, 47.6344235 ], [ 6.9640113, 47.6344508 ], [ 6.9639638, 47.6346723 ], [ 6.9639685, 47.6347542 ], [ 6.9640573, 47.6348368 ], [ 6.9642377, 47.6348415 ], [ 6.9642925, 47.6348793 ], [ 6.9643296, 47.6350204 ], [ 6.9643263, 47.635226 ], [ 6.9643489, 47.6353334 ], [ 6.9643834, 47.6354025 ], [ 6.9644752, 47.6355075 ], [ 6.9646648, 47.6356363 ], [ 6.9647226, 47.6356965 ], [ 6.9647376, 47.6358627 ], [ 6.9647729, 47.6359255 ], [ 6.9649605, 47.6360444 ], [ 6.9657595, 47.6361389 ], [ 6.9658723, 47.6361856 ], [ 6.9658983, 47.6362298 ], [ 6.9658431, 47.6363127 ], [ 6.9658304, 47.6364105 ], [ 6.9658605, 47.636492399999987 ], [ 6.9658653, 47.6366464 ], [ 6.9658855, 47.6366853 ], [ 6.9660752, 47.6367618 ], [ 6.9662277, 47.6369296 ], [ 6.9663849, 47.6370532 ], [ 6.9667718, 47.6369661 ], [ 6.9675947, 47.6368796 ], [ 6.9706798, 47.6367494 ], [ 6.9710119, 47.6367499 ], [ 6.9712373, 47.637127 ], [ 6.9718913, 47.6380294 ], [ 6.9722043, 47.6385271 ], [ 6.972676, 47.6399359 ], [ 6.9727977, 47.6403707 ], [ 6.973049, 47.6407181 ], [ 6.9739585, 47.6424364 ], [ 6.9736199, 47.6426174 ], [ 6.9734712, 47.6427153 ], [ 6.9734898, 47.642876 ], [ 6.9735277, 47.6429729 ], [ 6.9734688, 47.6431489 ], [ 6.9733354, 47.6433805 ], [ 6.9733088, 47.6434896 ], [ 6.973234, 47.643648 ], [ 6.973135, 47.6438235 ], [ 6.9728072, 47.6442204 ], [ 6.9726274, 47.6444023 ], [ 6.9725052, 47.6446065 ], [ 6.9723926, 47.6450096 ], [ 6.9723169, 47.6451573 ], [ 6.9722307, 47.645217 ], [ 6.9722546, 47.6453054 ], [ 6.9722526, 47.6454046 ], [ 6.9722228, 47.6454876 ], [ 6.9721285, 47.6455999 ], [ 6.9720204, 47.6458135 ], [ 6.9720238, 47.6459486 ], [ 6.9719025, 47.6463979 ], [ 6.9717953, 47.646999099999988 ], [ 6.9712824, 47.6474726 ], [ 6.9710926, 47.6475917 ], [ 6.9711489, 47.6477213 ], [ 6.971157, 47.6478653 ], [ 6.9709689, 47.6479185 ], [ 6.9709375, 47.6483206 ], [ 6.9707935, 47.6486437 ], [ 6.9707554, 47.6488126 ], [ 6.9708006, 47.6493843 ], [ 6.9707982, 47.6496024 ], [ 6.9707275, 47.650014 ], [ 6.9703272, 47.6508171 ], [ 6.9701415, 47.6511001 ], [ 6.9700326, 47.6513742 ], [ 6.9699184, 47.6515601 ], [ 6.9701453, 47.6547869 ], [ 6.9710104, 47.6547962 ], [ 6.9711707, 47.6552468 ], [ 6.9712126, 47.655487799999989 ], [ 6.9713152, 47.6557898 ], [ 6.9713049, 47.6564931 ], [ 6.9712698, 47.6567746 ], [ 6.9711412, 47.6573585 ], [ 6.9710637, 47.657499 ], [ 6.9710258, 47.6576174 ], [ 6.9712553, 47.658209 ], [ 6.9714381, 47.6583884 ], [ 6.9715165, 47.6584921 ], [ 6.9715105, 47.6585554 ], [ 6.9712483, 47.6591176 ], [ 6.9713696, 47.6595461 ], [ 6.971524, 47.6604195 ], [ 6.9717717, 47.6610582 ], [ 6.9722401, 47.6619904 ], [ 6.9723128, 47.662178 ], [ 6.9723807, 47.6626065 ], [ 6.9723981, 47.6632873 ], [ 6.9724208, 47.6634307 ], [ 6.9725894, 47.6639567 ], [ 6.9726555, 47.6642888 ], [ 6.9726627, 47.6645102 ], [ 6.9726277, 47.6649891 ], [ 6.9719729, 47.6677682 ], [ 6.9718815, 47.6680633 ], [ 6.9718388, 47.6683486 ], [ 6.9718532, 47.668578 ], [ 6.9720625, 47.6690944 ], [ 6.9721516, 47.6694672 ], [ 6.9721751, 47.6699071 ], [ 6.9722661, 47.6706989 ], [ 6.9723609, 47.6712184 ], [ 6.9725031, 47.6717489 ], [ 6.9724784, 47.6719182 ], [ 6.9725517, 47.6722753 ], [ 6.9737047, 47.6736907 ], [ 6.963155, 47.6705262 ], [ 6.9619396, 47.6720536 ], [ 6.9620318, 47.6723956 ], [ 6.9622142, 47.672804 ], [ 6.9623684, 47.6734422 ], [ 6.9622399, 47.6738494 ], [ 6.9622491, 47.673954599999988 ], [ 6.9624207, 47.674576 ], [ 6.9625345, 47.6750831 ], [ 6.9625935, 47.6754822 ], [ 6.9625939, 47.6756308 ], [ 6.9622367, 47.6773057 ], [ 6.9621483, 47.67757 ], [ 6.9620207, 47.6782052 ], [ 6.9617971, 47.6789842 ], [ 6.9616455, 47.6796554 ], [ 6.9598855, 47.6796574 ], [ 6.9599354, 47.6802568 ], [ 6.9599635, 47.6811922 ], [ 6.9608508, 47.6816208 ], [ 6.9605497, 47.6820402 ], [ 6.9604348, 47.6820567 ], [ 6.9602109, 47.6821688 ], [ 6.9600221, 47.6823212 ], [ 6.9600042, 47.682386699999988 ], [ 6.9600782, 47.6825194 ], [ 6.9602478, 47.6827011 ], [ 6.9602491, 47.682951599999988 ], [ 6.9600754, 47.6834513 ], [ 6.9599479, 47.6835863 ], [ 6.9596385, 47.6844683 ], [ 6.9595723, 47.6849968 ], [ 6.9594232, 47.6854507 ], [ 6.9593027, 47.685553 ], [ 6.9590699, 47.6856709 ], [ 6.958835, 47.6858509 ], [ 6.9585909, 47.6860674 ], [ 6.9582364, 47.6864516 ], [ 6.9581596, 47.6866399 ], [ 6.9580651, 47.6870738 ], [ 6.9578768, 47.6885095 ], [ 6.9577984, 47.6888925 ], [ 6.9576839, 47.6890937 ], [ 6.9576014, 47.6891866 ], [ 6.9572276, 47.6895264 ], [ 6.9574028, 47.6896034 ], [ 6.9574103, 47.6896509 ], [ 6.9567433, 47.6908054 ], [ 6.9568291, 47.6908818 ], [ 6.9568002, 47.6909432 ], [ 6.956139, 47.6917262 ], [ 6.95517, 47.6927521 ], [ 6.9550473, 47.6928617 ], [ 6.9548766, 47.6930784 ], [ 6.9546879, 47.6928207 ], [ 6.9545068, 47.6928259 ], [ 6.9543995, 47.6927836 ], [ 6.9538727, 47.692663499999988 ], [ 6.9531239, 47.6925735 ], [ 6.9526552, 47.6925002 ], [ 6.9519096, 47.6923271 ], [ 6.950163, 47.692119399999989 ], [ 6.9498305, 47.6921721 ], [ 6.9490997, 47.6923239 ], [ 6.9467085, 47.6926939 ], [ 6.9440617, 47.6930564 ], [ 6.9435753, 47.6930854 ], [ 6.9430598, 47.6931893 ], [ 6.9425603, 47.693618 ], [ 6.9419629, 47.6933741 ], [ 6.941401, 47.6938076 ], [ 6.9409992, 47.6936274 ], [ 6.9384729, 47.6939766 ], [ 6.9335488, 47.6927835 ], [ 6.9323454, 47.6923761 ], [ 6.930667, 47.6918783 ], [ 6.9290051, 47.6911718 ], [ 6.9267027, 47.690248 ], [ 6.9252252, 47.6903021 ], [ 6.924957, 47.690322 ], [ 6.9249609, 47.690357 ], [ 6.9242549, 47.6903032 ], [ 6.9238049, 47.6902462 ], [ 6.9231834, 47.6901076 ], [ 6.9205531, 47.6892054 ], [ 6.9203645, 47.689073 ], [ 6.9198127, 47.6887761 ], [ 6.9192085, 47.6884909 ], [ 6.9186131, 47.6881801 ], [ 6.9179744, 47.6890414 ], [ 6.9176892, 47.6893195 ], [ 6.9174674, 47.6894973 ], [ 6.9171884, 47.6895868 ], [ 6.9157679, 47.6898904 ], [ 6.9139324, 47.6906314 ], [ 6.911737, 47.6904886 ], [ 6.9110554, 47.6904582 ], [ 6.9103353, 47.690631 ], [ 6.90955, 47.69066 ], [ 6.9090132, 47.6907654 ], [ 6.9086556, 47.6909675 ], [ 6.9085742, 47.6909864 ], [ 6.9080475, 47.6910113 ], [ 6.9076897, 47.6909557 ], [ 6.9072339, 47.6909096 ], [ 6.906972, 47.6909607 ], [ 6.9067274, 47.6909743 ], [ 6.9064513, 47.6909583 ], [ 6.9058515, 47.6908783 ], [ 6.9049813, 47.6908245 ], [ 6.9047381, 47.690729 ], [ 6.9045359, 47.6910665 ], [ 6.9044016, 47.6913458 ], [ 6.9041963, 47.691605 ], [ 6.9039344, 47.6920013 ], [ 6.9038117, 47.6921297 ], [ 6.9033093, 47.6928693 ], [ 6.9030934, 47.6930738 ], [ 6.902976, 47.6933301 ], [ 6.9026602, 47.6938651 ], [ 6.9018544, 47.6944724 ], [ 6.8983974, 47.6931792 ], [ 6.8930487, 47.6924618 ], [ 6.8922642, 47.6927231 ], [ 6.8908656, 47.6910439 ], [ 6.8902924, 47.6899393 ], [ 6.8901686, 47.6892486 ], [ 6.8909311, 47.6865684 ], [ 6.8904409, 47.6863621 ], [ 6.8897031, 47.6859992 ], [ 6.889083, 47.6857503 ], [ 6.8883768, 47.6855089 ], [ 6.8878841, 47.6853045 ], [ 6.8872966, 47.6851177 ], [ 6.8863575, 47.6847389 ], [ 6.8861663, 47.6840027 ], [ 6.8856868, 47.6828625 ], [ 6.8858337, 47.6823511 ], [ 6.8858859, 47.6816591 ], [ 6.8855665, 47.6804081 ], [ 6.8855274, 47.6803472 ], [ 6.8855157, 47.6802791 ], [ 6.885452, 47.6801731 ], [ 6.8853501, 47.6800575 ], [ 6.8851394, 47.6799302 ], [ 6.8848973, 47.679831 ], [ 6.8845702, 47.6797554 ], [ 6.8843264, 47.679724799999988 ], [ 6.8842305, 47.679673 ], [ 6.8842098, 47.6796268 ], [ 6.884315, 47.6794214 ], [ 6.8842918, 47.6790852 ], [ 6.8847583, 47.678565 ], [ 6.8848999, 47.6784756 ], [ 6.8851134, 47.6781657 ], [ 6.8856512, 47.6781658 ], [ 6.885825, 47.6775842 ], [ 6.8861008, 47.6769749 ], [ 6.8862982, 47.6763888 ], [ 6.886383, 47.6760517 ], [ 6.8863483, 47.6759041 ], [ 6.8862656, 47.6757952 ], [ 6.8861876, 47.6756409 ], [ 6.8859469, 47.6753777 ], [ 6.8856282, 47.6748683 ], [ 6.8855678, 47.6745883 ], [ 6.8854759, 47.6743156 ], [ 6.8853454, 47.674137 ], [ 6.8851144, 47.6738959 ], [ 6.8845759, 47.6734281 ], [ 6.8844896, 47.6733057 ], [ 6.8843297, 47.6729605 ], [ 6.8842815, 47.6727016 ], [ 6.8842061, 47.6724725 ], [ 6.8840146, 47.6720977 ], [ 6.8837807, 47.6717991 ], [ 6.8835264, 47.6716408 ], [ 6.8832782, 47.671531 ], [ 6.8828387, 47.6712672 ], [ 6.8826887, 47.6711316 ], [ 6.8825532, 47.6708639 ], [ 6.8826289, 47.6694673 ], [ 6.8826705, 47.6694164 ], [ 6.882683, 47.6693502 ], [ 6.8827175, 47.6687614 ], [ 6.8826727, 47.6685494 ], [ 6.8823223, 47.6676031 ], [ 6.8817615, 47.666406 ], [ 6.8817579, 47.6663016 ], [ 6.881895, 47.665858199999988 ], [ 6.8843965, 47.6669213 ], [ 6.88451, 47.6669968 ], [ 6.8846401, 47.6667861 ], [ 6.8846992, 47.6668094 ], [ 6.8848586, 47.6665437 ], [ 6.8853268, 47.6664515 ], [ 6.8859334, 47.6667026 ], [ 6.8865743, 47.6668371 ], [ 6.8890896, 47.6672112 ], [ 6.8891895, 47.6668429 ], [ 6.8887707, 47.6667902 ], [ 6.8888593, 47.6665772 ], [ 6.8875964, 47.6664381 ], [ 6.8879198, 47.6657136 ], [ 6.8881765, 47.6652284 ], [ 6.8883495, 47.6652767 ], [ 6.8886091, 47.664867 ], [ 6.888495, 47.6644554 ], [ 6.888724, 47.6645775 ], [ 6.8891593, 47.6647658 ], [ 6.8898219, 47.6638272 ], [ 6.889318, 47.6635583 ], [ 6.8901315, 47.6626589 ], [ 6.8908838, 47.6619273 ], [ 6.8906396, 47.6617985 ], [ 6.8909946, 47.6615082 ], [ 6.8916171, 47.6608809 ], [ 6.8916852, 47.6607543 ], [ 6.8917981, 47.6606559 ], [ 6.8919072, 47.6605234 ], [ 6.8919404, 47.6604493 ], [ 6.8923242, 47.6600418 ], [ 6.8925866, 47.6596537 ], [ 6.8933082, 47.659872 ], [ 6.8945597, 47.6585614 ], [ 6.8951357, 47.6581926 ], [ 6.8952161, 47.6581971 ], [ 6.8958731, 47.6585176 ], [ 6.8960375, 47.658322 ], [ 6.8965482, 47.6580634 ], [ 6.8941425, 47.6550589 ], [ 6.8940796, 47.6548736 ], [ 6.8934825, 47.654369 ], [ 6.893318, 47.6543078 ], [ 6.8927197, 47.654024 ], [ 6.8917817, 47.6536525 ], [ 6.8912143, 47.6534073 ], [ 6.8904723, 47.6530364 ], [ 6.8898, 47.6528155 ], [ 6.8891492, 47.6527624 ], [ 6.8888832, 47.6527172 ], [ 6.8881416, 47.6524977 ], [ 6.8876604, 47.6523911 ], [ 6.8868053, 47.6522421 ], [ 6.8862427, 47.6521036 ], [ 6.8846123, 47.6492992 ], [ 6.8828428, 47.6469247 ], [ 6.8815438, 47.645625 ], [ 6.8812184, 47.645086199999987 ], [ 6.8807642, 47.6447211 ], [ 6.8801716, 47.6443979 ], [ 6.8796356, 47.6441527 ], [ 6.8791963, 47.6439854 ], [ 6.8784982, 47.6437751 ], [ 6.8777163, 47.6436035 ], [ 6.8772137, 47.6433885 ], [ 6.8768041, 47.6431695 ], [ 6.8766346, 47.6430573 ], [ 6.8764905, 47.6429074 ], [ 6.8763985, 47.6428655 ], [ 6.875034, 47.641939 ], [ 6.8747985, 47.6417307 ], [ 6.87473, 47.6416323 ], [ 6.8746216, 47.6415452 ], [ 6.8744496, 47.6414692 ], [ 6.8743576, 47.6414567 ], [ 6.8738054, 47.6414709 ], [ 6.8732283, 47.6414333 ], [ 6.8728908, 47.6413315 ], [ 6.8723778, 47.6410335 ], [ 6.8722018, 47.6409838 ], [ 6.8714583, 47.6406087 ], [ 6.8714274, 47.6405656 ], [ 6.8713776, 47.6403501 ], [ 6.8706142, 47.6400381 ], [ 6.8704813, 47.6399417 ], [ 6.8704216, 47.6398375 ], [ 6.8696112, 47.6395485 ], [ 6.8696358, 47.6393462 ], [ 6.8697271, 47.6390927 ], [ 6.869258, 47.6387599 ], [ 6.8689714, 47.6386158 ], [ 6.8678157, 47.6381997 ], [ 6.8677952, 47.6380076 ], [ 6.8677991, 47.637728 ], [ 6.8669176, 47.6367752 ], [ 6.8667638, 47.6366294 ], [ 6.866325, 47.6356654 ], [ 6.8663991, 47.6354961 ], [ 6.8668094, 47.6354901 ], [ 6.8692653, 47.634719 ], [ 6.869407, 47.6346262 ], [ 6.8694385, 47.6345625 ], [ 6.8695226, 47.6345036 ], [ 6.8696238, 47.6343924 ], [ 6.8697343, 47.6343536 ], [ 6.8697071, 47.6341936 ], [ 6.8696135, 47.6341355 ], [ 6.8692743, 47.63403 ], [ 6.8692902, 47.6339705 ], [ 6.8690655, 47.6337367 ], [ 6.868894, 47.6337173 ], [ 6.8669354, 47.6341743 ], [ 6.8661618, 47.6344433 ], [ 6.8660412, 47.6340808 ], [ 6.8660378, 47.633962 ], [ 6.8657849, 47.6333256 ], [ 6.8657631, 47.6331734 ], [ 6.8654382, 47.6326432 ], [ 6.8652096, 47.6319212 ], [ 6.8650793, 47.6318144 ], [ 6.8651114, 47.6312215 ], [ 6.8649923, 47.6309988 ], [ 6.8649693, 47.6309805 ], [ 6.8644329, 47.6311048 ], [ 6.8641587, 47.6310595 ], [ 6.8640765, 47.6306786 ], [ 6.863542, 47.6309512 ], [ 6.8633926, 47.6308171 ], [ 6.8631192, 47.6310229 ], [ 6.8629202, 47.631019 ], [ 6.8630971, 47.6312579 ], [ 6.8630644, 47.6313288 ], [ 6.8631921, 47.6315381 ], [ 6.8631762, 47.6315539 ], [ 6.8630278, 47.6315738 ], [ 6.8629407, 47.6316335 ], [ 6.8628281, 47.6316767 ], [ 6.8627345, 47.631673299999989 ], [ 6.862392, 47.6313976 ], [ 6.8620808, 47.6312725 ], [ 6.8621391, 47.6309368 ], [ 6.8623303, 47.6308395 ], [ 6.8625714, 47.6303559 ], [ 6.8625029, 47.6300354 ], [ 6.862261, 47.6297396 ], [ 6.8619458, 47.6296766 ], [ 6.8616759, 47.62949 ], [ 6.8615763, 47.6293226 ], [ 6.8606325, 47.6293479 ], [ 6.8604754, 47.6291965 ], [ 6.8604698, 47.6290126 ], [ 6.8606862, 47.6287083 ], [ 6.8615755, 47.6286885 ], [ 6.862167, 47.628035 ], [ 6.8621286, 47.6279419 ], [ 6.8631856, 47.626435 ], [ 6.8633705, 47.6263854 ], [ 6.8627882, 47.6246791 ], [ 6.8650897, 47.6252364 ], [ 6.8702123, 47.6265932 ], [ 6.8728704, 47.62718 ], [ 6.8731746, 47.6273114 ], [ 6.8735487, 47.6275252 ], [ 6.8737994, 47.6276908 ], [ 6.8741751, 47.6278351 ], [ 6.8745567, 47.6280225 ], [ 6.8751099, 47.628243 ], [ 6.8751676, 47.6283032 ], [ 6.8759349, 47.6285707 ], [ 6.8786216, 47.6296953 ], [ 6.879443, 47.6300997 ], [ 6.8840974, 47.6285309 ], [ 6.8885002, 47.6248111 ], [ 6.8900905, 47.6221788 ], [ 6.8899981, 47.621917 ], [ 6.890039, 47.6217462 ], [ 6.8901757, 47.621574 ], [ 6.8899003, 47.6214714 ], [ 6.8892313, 47.6206331 ], [ 6.8884691, 47.6194842 ], [ 6.8874408, 47.6180306 ], [ 6.8865712, 47.6167051 ], [ 6.8857716, 47.6156268 ], [ 6.8852285, 47.6145752 ], [ 6.8849662, 47.6138467 ], [ 6.8846315, 47.6125989 ], [ 6.8842309, 47.6113073 ], [ 6.8809856, 47.6107547 ], [ 6.8809856, 47.6105538 ], [ 6.8820653, 47.6107215 ] ], [ [ 6.876267, 47.6402842 ], [ 6.876629, 47.6401987 ], [ 6.8769728, 47.640548 ], [ 6.8773939, 47.6401032 ], [ 6.8770757, 47.639514399999989 ], [ 6.8766452, 47.6395221 ], [ 6.8765384, 47.6396751 ], [ 6.8764302, 47.6397513 ], [ 6.8761929, 47.6398526 ], [ 6.8758677, 47.6399088 ], [ 6.875297, 47.6397992 ], [ 6.8752886, 47.6396314 ], [ 6.8749462, 47.6395631 ], [ 6.8746747, 47.6394312 ], [ 6.8739792, 47.6394303 ], [ 6.8743387, 47.6399079 ], [ 6.8744443, 47.6401825 ], [ 6.874524, 47.6402478 ], [ 6.8752185, 47.6400181 ], [ 6.875556, 47.6402358 ], [ 6.87566, 47.640235 ], [ 6.8758147, 47.6402578 ], [ 6.8760053, 47.6403398 ], [ 6.8760934, 47.6403975 ], [ 6.876267, 47.6402842 ] ], [ [ 6.8775285, 47.640133 ], [ 6.877899, 47.6403478 ], [ 6.8782438, 47.6406839 ], [ 6.8783306, 47.6406822 ], [ 6.8785229, 47.6397355 ], [ 6.8782093, 47.6399075 ], [ 6.8775285, 47.640133 ] ] ] ] } },
{ "type": "Feature", "properties": { "code_departement": 90.0, "code_rne": "0900351T", "multisecteur": 0.0 }, "geometry": { "type": "MultiPolygon", "coordinates": [ [ [ [ 6.7838773, 47.6548022 ], [ 6.7850245, 47.6540914 ], [ 6.7861831, 47.653597 ], [ 6.7867507, 47.6532145 ], [ 6.7871668, 47.6526126 ], [ 6.7876478, 47.6511984 ], [ 6.7884596, 47.6505368 ], [ 6.7886328, 47.6502149 ], [ 6.7898669, 47.6490412 ], [ 6.7899736, 47.6487223 ], [ 6.7903983, 47.6478867 ], [ 6.7907034, 47.6478831 ], [ 6.7908952, 47.6477859 ], [ 6.792083, 47.64765 ], [ 6.7930326, 47.647839 ], [ 6.7934936, 47.6477763 ], [ 6.793939, 47.6475338 ], [ 6.7949193, 47.6465053 ], [ 6.7957589, 47.6453922 ], [ 6.7963386, 47.6451444 ], [ 6.797316, 47.644882 ], [ 6.7981386, 47.6443551 ], [ 6.7989379, 47.6435586 ], [ 6.7994681, 47.6427276 ], [ 6.7993197, 47.6425531 ], [ 6.7983483, 47.6420945 ], [ 6.7978748, 47.6412124 ], [ 6.7978438, 47.6408529 ], [ 6.7985502, 47.639745 ], [ 6.7989706, 47.6391879 ], [ 6.8001004, 47.6375678 ], [ 6.8007667, 47.6367766 ], [ 6.8010386, 47.6360459 ], [ 6.8008496, 47.6353771 ], [ 6.8003237, 47.6346769 ], [ 6.7984246, 47.6334888 ], [ 6.7977999, 47.6331974 ], [ 6.7970314, 47.6327763 ], [ 6.7963107, 47.6321284 ], [ 6.7943452, 47.630942399999988 ], [ 6.7927155, 47.6303889 ], [ 6.7926105, 47.6303382 ], [ 6.7922128, 47.6299943 ], [ 6.7920544, 47.6298093 ], [ 6.791505, 47.6293388 ], [ 6.7913314, 47.6291281 ], [ 6.791313, 47.6290188 ], [ 6.7913431, 47.6288619 ], [ 6.7914029, 47.6287275 ], [ 6.7916467, 47.6283123 ], [ 6.7916328, 47.6280613 ], [ 6.7915472, 47.6279064 ], [ 6.7912243, 47.627715 ], [ 6.7909276, 47.6273858 ], [ 6.7911936, 47.6267392 ], [ 6.7919803, 47.6265739 ], [ 6.7923591, 47.6263336 ], [ 6.7925245, 47.6259227 ], [ 6.7924069, 47.6249623 ], [ 6.792788, 47.6251095 ], [ 6.7930547, 47.6251864 ], [ 6.793462, 47.6251966 ], [ 6.7937279, 47.6252618 ], [ 6.7938639, 47.6253565 ], [ 6.7940952, 47.6254599 ], [ 6.7954715, 47.6253196 ], [ 6.7959005, 47.6253534 ], [ 6.79712, 47.6253327 ], [ 6.7978617, 47.625341 ], [ 6.7979703, 47.6253122 ], [ 6.7980017, 47.6252481 ], [ 6.7982233, 47.6250273 ], [ 6.7986813, 47.6243086 ], [ 6.79889, 47.623926 ], [ 6.7990924, 47.6236798 ], [ 6.7991783, 47.6236139 ], [ 6.7992527, 47.6236106 ], [ 6.7997513, 47.6238169 ], [ 6.8005322, 47.6240753 ], [ 6.800946, 47.6241592 ], [ 6.8014521, 47.6242274 ], [ 6.8023959, 47.6242291 ], [ 6.8027995, 47.624188 ], [ 6.8032355, 47.6240963 ], [ 6.8043667, 47.6239026 ], [ 6.8046897, 47.6237777 ], [ 6.8048187, 47.6237726 ], [ 6.8049732, 47.623417 ], [ 6.8057366, 47.6229821 ], [ 6.8057954, 47.62289 ], [ 6.8060773, 47.6226384 ], [ 6.8063902, 47.6226138 ], [ 6.8065213, 47.6226212 ], [ 6.8066941, 47.6226895 ], [ 6.8069184, 47.6227318 ], [ 6.8071209, 47.6227107 ], [ 6.8073326, 47.6225777 ], [ 6.8076196, 47.6222664 ], [ 6.8080649, 47.6218374 ], [ 6.8100884, 47.6200672 ], [ 6.8115473, 47.6192004 ], [ 6.812697, 47.618615 ], [ 6.8138945, 47.6178035 ], [ 6.8152093, 47.6168071 ], [ 6.8154674, 47.6167068 ], [ 6.8154596, 47.6166169 ], [ 6.8157222, 47.6165615 ], [ 6.8187569, 47.6146428 ], [ 6.8195678, 47.6139809 ], [ 6.8203586, 47.6130944 ], [ 6.8217983, 47.6120028 ], [ 6.8222447, 47.6117602 ], [ 6.824392, 47.6103714 ], [ 6.8254351, 47.6101056 ], [ 6.8267536, 47.609947 ], [ 6.8276388, 47.6098585 ], [ 6.8291404, 47.6098732 ], [ 6.830447, 47.6103089 ], [ 6.8304873, 47.6103877 ], [ 6.8305027, 47.6105098 ], [ 6.8311817, 47.6105371 ], [ 6.83237, 47.6105323 ], [ 6.8328505, 47.6104868 ], [ 6.8330112, 47.6104238 ], [ 6.8333489, 47.6102082 ], [ 6.8334128, 47.6100411 ], [ 6.833416, 47.6099554 ], [ 6.8334058, 47.6098503 ], [ 6.8333463, 47.609709 ], [ 6.8331969, 47.6094832 ], [ 6.832877, 47.6090747 ], [ 6.833588, 47.608844 ], [ 6.8340995, 47.6085992 ], [ 6.8351168, 47.6084027 ], [ 6.8357468, 47.6081387 ], [ 6.8358488, 47.6080749 ], [ 6.8358784, 47.6080235 ], [ 6.8359466, 47.6079897 ], [ 6.8363783, 47.6078782 ], [ 6.836739, 47.607705 ], [ 6.8368929, 47.6076585 ], [ 6.8372906, 47.6076481 ], [ 6.8374608, 47.6076245 ], [ 6.8376341, 47.607626 ], [ 6.8377749, 47.6076556 ], [ 6.8381339, 47.6075897 ], [ 6.838575, 47.6074418 ], [ 6.8387523, 47.6074054 ], [ 6.8389887, 47.6069497 ], [ 6.8393042, 47.607353 ], [ 6.8392139, 47.6083761 ], [ 6.8398333, 47.6090577 ], [ 6.8398841, 47.6111702 ], [ 6.8430857, 47.6128996 ], [ 6.8467144, 47.6163523 ], [ 6.8467197, 47.6168685 ], [ 6.8473316, 47.6194212 ], [ 6.8471215, 47.6234383 ], [ 6.847743, 47.6235179 ], [ 6.8480567, 47.6235427 ], [ 6.8472341, 47.6249999 ], [ 6.8471313, 47.6251268 ], [ 6.8469836, 47.6253903 ], [ 6.8466944, 47.6257603 ], [ 6.8466763, 47.625824 ], [ 6.8464094, 47.6262635 ], [ 6.8462466, 47.6266122 ], [ 6.8466047, 47.6267527 ], [ 6.8466962, 47.6268389 ], [ 6.8468042, 47.6269868 ], [ 6.846903, 47.6271746 ], [ 6.8463601, 47.6274096 ], [ 6.8454671, 47.6277626 ], [ 6.845392, 47.6271469 ], [ 6.8453579, 47.6270254 ], [ 6.8437483, 47.6273609 ], [ 6.844401, 47.6283173 ], [ 6.8443208, 47.6287996 ], [ 6.8442637, 47.6289949 ], [ 6.8439884, 47.6294393 ], [ 6.8429132, 47.6294034 ], [ 6.8427359, 47.6297097 ], [ 6.8417198, 47.6307387 ], [ 6.8415885, 47.6310522 ], [ 6.8417701, 47.6314535 ], [ 6.840854, 47.6319362 ], [ 6.8406893, 47.6319588 ], [ 6.8402449, 47.6324595 ], [ 6.8394335, 47.6328117 ], [ 6.8394456, 47.6329307 ], [ 6.8392786, 47.6332442 ], [ 6.8391744, 47.6333156 ], [ 6.8385893, 47.6333141 ], [ 6.8384773, 47.6334395 ], [ 6.8385153, 47.6335395 ], [ 6.838517, 47.6336547 ], [ 6.838472, 47.6338133 ], [ 6.8385037, 47.6339133 ], [ 6.8384295, 47.6339611 ], [ 6.8383208, 47.6341357 ], [ 6.8383792, 47.634294 ], [ 6.8384176, 47.6343295 ], [ 6.8380732, 47.6345453 ], [ 6.8379222, 47.6345901 ], [ 6.8379052, 47.6346366 ], [ 6.8378679, 47.6348728 ], [ 6.8379242, 47.6349123 ], [ 6.8380268, 47.635164 ], [ 6.8379471, 47.6352381 ], [ 6.8379923, 47.6354208 ], [ 6.8381683, 47.6355842 ], [ 6.8381582, 47.6357532 ], [ 6.8378564, 47.6359431 ], [ 6.837914, 47.6361062 ], [ 6.8378612, 47.6362707 ], [ 6.8376967, 47.6363821 ], [ 6.8374976, 47.6362839 ], [ 6.8372198, 47.6362495 ], [ 6.8368267, 47.6362326 ], [ 6.8366317, 47.6362816 ], [ 6.836392, 47.6362629 ], [ 6.8362909, 47.6361664 ], [ 6.8362251, 47.6361517 ], [ 6.8361638, 47.6361551 ], [ 6.8359897, 47.6361176 ], [ 6.8357047, 47.6361315 ], [ 6.8354747, 47.6359873 ], [ 6.8354206, 47.6359779 ], [ 6.8351038, 47.6360404 ], [ 6.8349586, 47.6360251 ], [ 6.8348458, 47.6360294 ], [ 6.8336257, 47.638283 ], [ 6.833489, 47.6384028 ], [ 6.833387, 47.6384503 ], [ 6.8333015, 47.6384658 ], [ 6.8332022, 47.638606 ], [ 6.8321207, 47.6396787 ], [ 6.8319151, 47.639936 ], [ 6.8315563, 47.6401001 ], [ 6.8311512, 47.6403459 ], [ 6.830977, 47.640351599999988 ], [ 6.8303833, 47.6405892 ], [ 6.830231, 47.6406221 ], [ 6.829524, 47.6411184 ], [ 6.8279241, 47.6419008 ], [ 6.828162, 47.6453642 ], [ 6.8247811, 47.6471971 ], [ 6.8246344, 47.6472155 ], [ 6.8239242, 47.6471306 ], [ 6.8230605, 47.6469877 ], [ 6.8218223, 47.646811 ], [ 6.8212752, 47.6466947 ], [ 6.8203494, 47.6464672 ], [ 6.8197402, 47.6463583 ], [ 6.8185262, 47.6461844 ], [ 6.8168308, 47.6465868 ], [ 6.8162793, 47.6468553 ], [ 6.8153748, 47.6472048 ], [ 6.8151117, 47.6474045 ], [ 6.8150588, 47.6475594 ], [ 6.8149466, 47.6476685 ], [ 6.814873, 47.6477763 ], [ 6.8145345, 47.6479847 ], [ 6.8141636, 47.6481879 ], [ 6.8139498, 47.6483679 ], [ 6.8137964, 47.6486099 ], [ 6.8129639, 47.6497049 ], [ 6.8119103, 47.6510478 ], [ 6.8114056, 47.6516545 ], [ 6.8108889, 47.6523373 ], [ 6.8102041, 47.6529247 ], [ 6.809617, 47.6530141 ], [ 6.8069603, 47.6537424 ], [ 6.8059361, 47.6536694 ], [ 6.8056297, 47.6535434 ], [ 6.8053986, 47.6534265 ], [ 6.8048924, 47.6533592 ], [ 6.8044522, 47.6534141 ], [ 6.8041484, 47.6533258 ], [ 6.8037786, 47.6531143 ], [ 6.8031303, 47.6528886 ], [ 6.8019264, 47.6522213 ], [ 6.8014729, 47.6521261 ], [ 6.8011869, 47.6520246 ], [ 6.8009741, 47.6519206 ], [ 6.8007116, 47.6518679 ], [ 6.8003055, 47.6516712 ], [ 6.7989899, 47.6505578 ], [ 6.7983973, 47.6504951 ], [ 6.7962135, 47.6521521 ], [ 6.7959518, 47.6522796 ], [ 6.7950953, 47.6527814 ], [ 6.7945177, 47.6531534 ], [ 6.7937327, 47.6538178 ], [ 6.7938451, 47.6538782 ], [ 6.7925683, 47.6549974 ], [ 6.7917285, 47.655641 ], [ 6.7906138, 47.6549139 ], [ 6.7901188, 47.6547985 ], [ 6.7895401, 47.6547244 ], [ 6.7886742, 47.6544768 ], [ 6.7876767, 47.6550038 ], [ 6.7874312, 47.6553696 ], [ 6.7873012, 47.6553178 ], [ 6.785053, 47.6549663 ], [ 6.7838773, 47.6548022 ] ] ] ] } }
]
}
