{
"type": "FeatureCollection",
"name": "cartescolaire_30",
"crs": { "type": "name", "properties": { "name": "urn:ogc:def:crs:OGC:1.3:CRS84" } },
"features": [
{ "type": "Feature", "properties": { "code_departement": 30.0, "code_rne": "0131746C", "multisecteur": 0.0 }, "geometry": { "type": "MultiPolygon", "coordinates": [ [ [ [ 4.4639052, 43.7089976 ], [ 4.4643208, 43.708900199999988 ], [ 4.4643534, 43.7089619 ], [ 4.4700273, 43.706415 ], [ 4.4698015, 43.7061228 ], [ 4.4704947, 43.7058228 ], [ 4.4742144, 43.7042947 ], [ 4.4749945, 43.7042382 ], [ 4.4750853, 43.7040525 ], [ 4.475048, 43.7038091 ], [ 4.4779503, 43.7027275 ], [ 4.4783253, 43.701878199999989 ], [ 4.4797668, 43.7020242 ], [ 4.4814475, 43.7013426 ], [ 4.481509, 43.7005543 ], [ 4.4833018, 43.7005686 ], [ 4.4828511, 43.6994488 ], [ 4.4848272, 43.6999304 ], [ 4.4860274, 43.6988565 ], [ 4.4866158, 43.6991104 ], [ 4.4905965, 43.700114299999989 ], [ 4.4955248, 43.7014848 ], [ 4.4998901, 43.7020512 ], [ 4.5029353, 43.7022782 ], [ 4.5083155, 43.7024657 ], [ 4.5109907, 43.7023944 ], [ 4.5139431, 43.7024389 ], [ 4.5157816, 43.7023935 ], [ 4.5168438, 43.7024507 ], [ 4.5202238, 43.7021983 ], [ 4.5224609, 43.7021229 ], [ 4.5238383, 43.7021838 ], [ 4.5251004, 43.7023416 ], [ 4.5261411, 43.702615 ], [ 4.5276244, 43.7032989 ], [ 4.5289399, 43.7042956 ], [ 4.530787, 43.7054945 ], [ 4.5334116, 43.7068193 ], [ 4.5351806, 43.7073703 ], [ 4.5362348, 43.7075427 ], [ 4.5386093, 43.7076315 ], [ 4.540452, 43.7074561 ], [ 4.5445833, 43.7060277 ], [ 4.5454871, 43.7053624 ], [ 4.5491451, 43.7030028 ], [ 4.5528813, 43.7011117 ], [ 4.5535629, 43.7008104 ], [ 4.5553713, 43.7002077 ], [ 4.5594252, 43.6990651 ], [ 4.5602747, 43.6989198 ], [ 4.5651185, 43.6985028 ], [ 4.5752677, 43.6981296 ], [ 4.5772872, 43.6978141 ], [ 4.5804334, 43.6970187 ], [ 4.5820563, 43.696361599999989 ], [ 4.5825291, 43.6960082 ], [ 4.583294, 43.6953212 ], [ 4.5863903, 43.6921027 ], [ 4.5894267, 43.6894681 ], [ 4.5918069, 43.6880887 ], [ 4.5930011, 43.6875898 ], [ 4.594945, 43.6870276 ], [ 4.5988534, 43.6862862 ], [ 4.6024638, 43.6858047 ], [ 4.6056414, 43.6862114 ], [ 4.6093825, 43.6868942 ], [ 4.6121942, 43.6879533 ], [ 4.6137025, 43.688839 ], [ 4.6142578, 43.6882134 ], [ 4.6143275, 43.6883086 ], [ 4.6151935, 43.6886729 ], [ 4.6173628, 43.6887612 ], [ 4.6193788, 43.6883407 ], [ 4.622214, 43.6872004 ], [ 4.6236254, 43.6864567 ], [ 4.6250843, 43.6854206 ], [ 4.6273159, 43.685395299999989 ], [ 4.627341, 43.6864956 ], [ 4.6277378, 43.6877164 ], [ 4.6279473, 43.6887177 ], [ 4.6277508, 43.6901831 ], [ 4.6274237, 43.6912428 ], [ 4.6253571, 43.6957378 ], [ 4.624243, 43.6977003 ], [ 4.6227823, 43.6997354 ], [ 4.6217631, 43.7008927 ], [ 4.6193243, 43.7032196 ], [ 4.6168881, 43.7058235 ], [ 4.6154972, 43.7077981 ], [ 4.6145052, 43.7099306 ], [ 4.6132327, 43.7139554 ], [ 4.6123903, 43.7188523 ], [ 4.6121621, 43.7206207 ], [ 4.6123017, 43.7247398 ], [ 4.6088044, 43.7248284 ], [ 4.6078526, 43.7248767 ], [ 4.6074423, 43.72498 ], [ 4.6069951, 43.7248777 ], [ 4.6053802, 43.7247368 ], [ 4.6024203, 43.7246481 ], [ 4.5968682, 43.7247936 ], [ 4.5953854, 43.7247136 ], [ 4.5950556, 43.7248138 ], [ 4.5877381, 43.7244447 ], [ 4.5867543, 43.724369 ], [ 4.5867044, 43.7243149 ], [ 4.5581593, 43.7271797 ], [ 4.5327145, 43.7299583 ], [ 4.531415, 43.7294024 ], [ 4.5279663, 43.727648099999989 ], [ 4.525529, 43.7271432 ], [ 4.5176117, 43.726379 ], [ 4.5163297, 43.7263312 ], [ 4.5139357, 43.7263321 ], [ 4.5109693, 43.7271194 ], [ 4.5053864, 43.726817 ], [ 4.4970907, 43.7250414 ], [ 4.4968594, 43.7253568 ], [ 4.4962667, 43.7252813 ], [ 4.4960937, 43.725119 ], [ 4.4945286, 43.7245906 ], [ 4.4933994, 43.7240706 ], [ 4.4901607, 43.7286626 ], [ 4.4856836, 43.7272109 ], [ 4.4809406, 43.7348527 ], [ 4.4801721, 43.734702 ], [ 4.4797054, 43.7348451 ], [ 4.4795112, 43.7349684 ], [ 4.479052, 43.7355443 ], [ 4.4781551, 43.7351353 ], [ 4.4776377, 43.7348039 ], [ 4.4765898, 43.7337831 ], [ 4.4678492, 43.7202736 ], [ 4.4671111, 43.7186851 ], [ 4.4656256, 43.7136373 ], [ 4.4639052, 43.7089976 ] ] ] ] } },
{ "type": "Feature", "properties": { "code_departement": 30.0, "code_rne": "0300001N", "multisecteur": 0.0 }, "geometry": { "type": "MultiPolygon", "coordinates": [ [ [ [ 4.1344074, 43.5095226 ], [ 4.1349109, 43.5092888 ], [ 4.1352876, 43.509275 ], [ 4.1353743, 43.5093452 ], [ 4.1352493, 43.509773 ], [ 4.1351245, 43.5098418 ], [ 4.1347542, 43.5098078 ], [ 4.1344074, 43.5095226 ] ] ], [ [ [ 4.1268258, 43.5159183 ], [ 4.1267672, 43.515451 ], [ 4.127863, 43.5152146 ], [ 4.1282999, 43.515426 ], [ 4.1285584, 43.5153694 ], [ 4.1287399, 43.5151695 ], [ 4.1278292, 43.5147561 ], [ 4.1268935, 43.5149548 ], [ 4.1268094, 43.5144517 ], [ 4.1274146, 43.5137886 ], [ 4.1272276, 43.5137096 ], [ 4.1273486, 43.5135733 ], [ 4.1275234, 43.5136615 ], [ 4.127854, 43.5134961 ], [ 4.1288524, 43.5139716 ], [ 4.1289241, 43.5144748 ], [ 4.1294359, 43.5147214 ], [ 4.1294957, 43.5146218 ], [ 4.129522, 43.5147025 ], [ 4.1302116, 43.5145603 ], [ 4.1301683, 43.5142458 ], [ 4.1298111, 43.5143126 ], [ 4.1297405, 43.5138634 ], [ 4.1288042, 43.5134052 ], [ 4.1291792, 43.5129874 ], [ 4.1304967, 43.5127128 ], [ 4.1305669, 43.5131349 ], [ 4.1301976, 43.5132198 ], [ 4.1302533, 43.5135341 ], [ 4.1313735, 43.5132885 ], [ 4.1313186, 43.5130101 ], [ 4.1323157, 43.5127928 ], [ 4.1328024, 43.5130216 ], [ 4.1323061, 43.5135577 ], [ 4.13239, 43.5140517 ], [ 4.131639, 43.5142125 ], [ 4.1313269, 43.5140628 ], [ 4.1312835, 43.5137393 ], [ 4.1306677, 43.5138627 ], [ 4.1307386, 43.5143209 ], [ 4.1315249, 43.5146996 ], [ 4.1324238, 43.5145103 ], [ 4.1325222, 43.5151121 ], [ 4.1327192, 43.5150741 ], [ 4.1327894, 43.5154962 ], [ 4.1318905, 43.5156856 ], [ 4.1303552, 43.5149457 ], [ 4.1299981, 43.515021399999988 ], [ 4.129829, 43.5152212 ], [ 4.1311022, 43.5158378 ], [ 4.1305953, 43.5164639 ], [ 4.1302707, 43.5163053 ], [ 4.1299874, 43.5163623 ], [ 4.1301709, 43.5175211 ], [ 4.1296784, 43.5176252 ], [ 4.1291165, 43.5173431 ], [ 4.1292131, 43.5172251 ], [ 4.1281146, 43.5166967 ], [ 4.1284897, 43.5162789 ], [ 4.1289822, 43.5161748 ], [ 4.1294815, 43.5164125 ], [ 4.1298202, 43.5160311 ], [ 4.1290838, 43.5156788 ], [ 4.1280987, 43.515887 ], [ 4.1276993, 43.5163231 ], [ 4.1268258, 43.5159183 ] ] ], [ [ [ 4.2441917, 43.5014481 ], [ 4.2449173, 43.5017331 ], [ 4.2458355, 43.501835 ], [ 4.2461482, 43.5019475 ], [ 4.2544494, 43.5051406 ], [ 4.2556321, 43.5057505 ], [ 4.2584486, 43.5074599 ], [ 4.2592221, 43.5077803 ], [ 4.2607098, 43.5080851 ], [ 4.2630389, 43.5081921 ], [ 4.2638079, 43.5080815 ], [ 4.2660322, 43.5079818 ], [ 4.2702476, 43.5079109 ], [ 4.2726047, 43.5081145 ], [ 4.2756094, 43.5088648 ], [ 4.2767214, 43.5092242 ], [ 4.2818586, 43.5110119 ], [ 4.2873091, 43.5130835 ], [ 4.2883836, 43.5134208 ], [ 4.2904556, 43.513739 ], [ 4.2945373, 43.5141943 ], [ 4.2964952, 43.5147171 ], [ 4.2975021, 43.5151739 ], [ 4.301543, 43.5179141 ], [ 4.3038376, 43.5199147 ], [ 4.3062197, 43.5216264 ], [ 4.3070911, 43.522477 ], [ 4.3086809, 43.5243556 ], [ 4.3090531, 43.5246832 ], [ 4.3095279, 43.5249483 ], [ 4.3101742, 43.525145699999989 ], [ 4.3108078, 43.5251668 ], [ 4.3142824, 43.5246056 ], [ 4.3153206, 43.5245822 ], [ 4.3170906, 43.5247605 ], [ 4.3194071, 43.5251994 ], [ 4.3204028, 43.525477 ], [ 4.3220204, 43.526287 ], [ 4.3246909, 43.5282394 ], [ 4.3238203, 43.5288863 ], [ 4.322721, 43.5303412 ], [ 4.3224467, 43.5305677 ], [ 4.3182531, 43.5326317 ], [ 4.3169904, 43.5338222 ], [ 4.3163149, 43.5345683 ], [ 4.3130838, 43.5391472 ], [ 4.3101454, 43.5427011 ], [ 4.3084431, 43.5445393 ], [ 4.3078334, 43.5454186 ], [ 4.3076752, 43.5461836 ], [ 4.3076682, 43.5470701 ], [ 4.3079425, 43.5478163 ], [ 4.3096182, 43.549686699999988 ], [ 4.3112838, 43.5512756 ], [ 4.3117167, 43.5513801 ], [ 4.3122415, 43.5513891 ], [ 4.3130888, 43.55127 ], [ 4.3139329, 43.5510168 ], [ 4.3149983, 43.5510228 ], [ 4.3156822, 43.5511702 ], [ 4.3162017, 43.5513825 ], [ 4.3170704, 43.5520352 ], [ 4.3172959, 43.5530736 ], [ 4.317034, 43.5535771 ], [ 4.3143898, 43.5550309 ], [ 4.3141103, 43.555253 ], [ 4.3138959, 43.5556182 ], [ 4.317641, 43.556793 ], [ 4.3181599, 43.557027 ], [ 4.3184493, 43.5572907 ], [ 4.3192424, 43.557021 ], [ 4.321403, 43.5557395 ], [ 4.3225047, 43.5546849 ], [ 4.3228163, 43.5542987 ], [ 4.3230062, 43.5538437 ], [ 4.3230489, 43.5532808 ], [ 4.3229167, 43.5527497 ], [ 4.3223593, 43.55197 ], [ 4.3216881, 43.551405 ], [ 4.3211058, 43.5510494 ], [ 4.3177143, 43.5492036 ], [ 4.3170132, 43.5486785 ], [ 4.3161999, 43.547901 ], [ 4.3157771, 43.5469964 ], [ 4.3157416, 43.5459899 ], [ 4.3159557, 43.545127 ], [ 4.3165241, 43.5441294 ], [ 4.3186148, 43.5426777 ], [ 4.321465, 43.5411196 ], [ 4.3253918, 43.5392153 ], [ 4.3273015, 43.5380312 ], [ 4.3314261, 43.5357607 ], [ 4.3325522, 43.5354644 ], [ 4.3343106, 43.5353942 ], [ 4.3355955, 43.5363412 ], [ 4.3359511, 43.536048 ], [ 4.3383802, 43.5370484 ], [ 4.3424187, 43.539007 ], [ 4.3452245, 43.5406595 ], [ 4.3473469, 43.5421773 ], [ 4.3489164, 43.542587 ], [ 4.349556, 43.5451167 ], [ 4.3499289, 43.5460839 ], [ 4.3503402, 43.5466367 ], [ 4.3507069, 43.5469192 ], [ 4.351319, 43.5471167 ], [ 4.3523882, 43.5472906 ], [ 4.3536277, 43.5473354 ], [ 4.3533178, 43.5490967 ], [ 4.3654721, 43.554881 ], [ 4.3704333, 43.5583378 ], [ 4.3781442, 43.5641434 ], [ 4.3644865, 43.574795 ], [ 4.3676598, 43.5768608 ], [ 4.3568018, 43.6050772 ], [ 4.355677, 43.608774 ], [ 4.3312282, 43.6033975 ], [ 4.3155453, 43.6038289 ], [ 4.3145263, 43.6038731 ], [ 4.2892702, 43.6115461 ], [ 4.274863, 43.6059265 ], [ 4.272279, 43.6047791 ], [ 4.2621411, 43.5946614 ], [ 4.2651035, 43.5898499 ], [ 4.2656379, 43.5891598 ], [ 4.2607847, 43.5889247 ], [ 4.2546749, 43.5887461 ], [ 4.2517071, 43.5889019 ], [ 4.2515287, 43.5888391 ], [ 4.2467294, 43.5890329 ], [ 4.2403697, 43.5889194 ], [ 4.2402235, 43.5889688 ], [ 4.2386148, 43.5889457 ], [ 4.2379932, 43.5890545 ], [ 4.2376236, 43.5889094 ], [ 4.2374332, 43.589151799999989 ], [ 4.23768, 43.5895161 ], [ 4.2405498, 43.5985082 ], [ 4.241252, 43.5994891 ], [ 4.2421923, 43.6024291 ], [ 4.2416975, 43.6051407 ], [ 4.2410687, 43.6057292 ], [ 4.2416692, 43.6061786 ], [ 4.2413634, 43.6066392 ], [ 4.2409011, 43.609372 ], [ 4.2409591, 43.6099338 ], [ 4.2415136, 43.6114077 ], [ 4.2413351, 43.612774 ], [ 4.2409979, 43.6139621 ], [ 4.2379935, 43.6169048 ], [ 4.2366524, 43.618296 ], [ 4.236446, 43.6186646 ], [ 4.2357244, 43.6192046 ], [ 4.2349285, 43.6201531 ], [ 4.2335841, 43.6213977 ], [ 4.2332344, 43.6215555 ], [ 4.2304429, 43.624123 ], [ 4.2289448, 43.625201 ], [ 4.2251396, 43.628173 ], [ 4.2224101, 43.6308333 ], [ 4.2152338, 43.6371239 ], [ 4.2118144, 43.6400138 ], [ 4.2111866, 43.6407974 ], [ 4.2087998, 43.642957599999988 ], [ 4.2085009, 43.643005 ], [ 4.2082226, 43.6431494 ], [ 4.2051948, 43.6458926 ], [ 4.2050048, 43.6459928 ], [ 4.2042118, 43.6460574 ], [ 4.2033465, 43.646279299999989 ], [ 4.2024146, 43.646754 ], [ 4.2019923, 43.6468819 ], [ 4.1996553, 43.64731 ], [ 4.1986776, 43.6471939 ], [ 4.1982091, 43.6475473 ], [ 4.1978247, 43.6476533 ], [ 4.1979134, 43.6478098 ], [ 4.1977318, 43.6479557 ], [ 4.19755, 43.6483852 ], [ 4.1970095, 43.6490913 ], [ 4.1957298, 43.6498892 ], [ 4.1950493, 43.6509522 ], [ 4.1944834, 43.6514516 ], [ 4.193712, 43.6517246 ], [ 4.1933652, 43.6507799 ], [ 4.1927772, 43.6502761 ], [ 4.1913876, 43.6493087 ], [ 4.1910731, 43.6487263 ], [ 4.1908128, 43.6477069 ], [ 4.1909391, 43.646631899999988 ], [ 4.1919902, 43.6453273 ], [ 4.1920679, 43.6448962 ], [ 4.191994, 43.6440224 ], [ 4.1925257, 43.6435513 ], [ 4.1933732, 43.6430093 ], [ 4.1937405, 43.6423762 ], [ 4.1937767, 43.642095 ], [ 4.1936787, 43.6418486 ], [ 4.1915231, 43.6397872 ], [ 4.1899698, 43.6380792 ], [ 4.1890166, 43.6366912 ], [ 4.1882438, 43.6359275 ], [ 4.1870193, 43.633818 ], [ 4.1860985, 43.6327266 ], [ 4.1854246, 43.6315326 ], [ 4.1833317, 43.6285129 ], [ 4.1800775, 43.6246698 ], [ 4.179165, 43.6230663 ], [ 4.1784142, 43.6223356 ], [ 4.1775087, 43.6209479 ], [ 4.1758973, 43.6188434 ], [ 4.1727383, 43.6143953 ], [ 4.1688557, 43.6092413 ], [ 4.1683245, 43.6086351 ], [ 4.1676922, 43.6081137 ], [ 4.1656024, 43.6068079 ], [ 4.1561919, 43.5998589 ], [ 4.1558003, 43.5996588 ], [ 4.1498533, 43.5981859 ], [ 4.1495875, 43.5978926 ], [ 4.1493333, 43.5971331 ], [ 4.1497298, 43.5945535 ], [ 4.1502476, 43.5898724 ], [ 4.1506397, 43.5874486 ], [ 4.1506569, 43.5867015 ], [ 4.1502406, 43.5854452 ], [ 4.1463926, 43.5849847 ], [ 4.1451038, 43.5849776 ], [ 4.1430336, 43.5851443 ], [ 4.1327058, 43.586523899999989 ], [ 4.1305157, 43.5868923 ], [ 4.1297043, 43.5872427 ], [ 4.1275897, 43.5883652 ], [ 4.1267174, 43.5887045 ], [ 4.1252658, 43.5889877 ], [ 4.1244915, 43.5890191 ], [ 4.1225786, 43.5888175 ], [ 4.1190286, 43.588275499999988 ], [ 4.1049021, 43.5855046 ], [ 4.1033601, 43.5851424 ], [ 4.1015302, 43.5853193 ], [ 4.0986246, 43.5851139 ], [ 4.0980793, 43.5852769 ], [ 4.095041, 43.5870667 ], [ 4.0880644, 43.5908757 ], [ 4.0859466, 43.5918138 ], [ 4.0851943, 43.5919671 ], [ 4.0846786, 43.5919336 ], [ 4.0808951, 43.5907475 ], [ 4.0770951, 43.589467 ], [ 4.074695, 43.5885558 ], [ 4.0750353, 43.588418399999988 ], [ 4.0805026, 43.5900873 ], [ 4.0924709, 43.5830262 ], [ 4.0952864, 43.5818281 ], [ 4.0960768, 43.5814089 ], [ 4.1023757, 43.5755241 ], [ 4.1033315, 43.5747711 ], [ 4.108116, 43.5701971 ], [ 4.1093302, 43.5682204 ], [ 4.1042868, 43.5599637 ], [ 4.1019635, 43.5559849 ], [ 4.1012767, 43.5546889 ], [ 4.101776, 43.5545975 ], [ 4.1013563, 43.55336 ], [ 4.1017705, 43.5543096 ], [ 4.1025304, 43.5542587 ], [ 4.1033987, 43.5539259 ], [ 4.1038181, 43.5536652 ], [ 4.1034275, 43.552979 ], [ 4.1038593, 43.5535595 ], [ 4.104006, 43.553594 ], [ 4.1044993, 43.5535107 ], [ 4.1058092, 43.5531095 ], [ 4.1062014, 43.5529175 ], [ 4.1059742, 43.5522332 ], [ 4.1062698, 43.5528061 ], [ 4.1067316, 43.552823 ], [ 4.1075608, 43.5525833 ], [ 4.1081409, 43.5523182 ], [ 4.1081763, 43.5522288 ], [ 4.1078938, 43.5516918 ], [ 4.1082887, 43.5522186 ], [ 4.1089631, 43.5520975 ], [ 4.1099772, 43.5517587 ], [ 4.1102011, 43.5515629 ], [ 4.1098826, 43.5508976 ], [ 4.1102277, 43.5514699 ], [ 4.1107046, 43.5515002 ], [ 4.111882, 43.5511579 ], [ 4.112605, 43.5508031 ], [ 4.1126497, 43.5506803 ], [ 4.1123346, 43.5501265 ], [ 4.1127821, 43.5506825 ], [ 4.1135816, 43.5505088 ], [ 4.1144092, 43.5501853 ], [ 4.1150411, 43.5497901 ], [ 4.1146227, 43.5490764 ], [ 4.115178, 43.5497032 ], [ 4.1155968, 43.5496719 ], [ 4.1166095, 43.5493295 ], [ 4.1173122, 43.5489461 ], [ 4.1176771, 43.5486248 ], [ 4.1171371, 43.5479617 ], [ 4.1176802, 43.548532 ], [ 4.1179699, 43.5485444 ], [ 4.1194551, 43.5479406 ], [ 4.120128, 43.5474306 ], [ 4.1202159, 43.5472461 ], [ 4.1193331, 43.5463824 ], [ 4.1203654, 43.5472986 ], [ 4.1204871, 43.5473207 ], [ 4.121675, 43.5469548 ], [ 4.1227507, 43.5463606 ], [ 4.1234007, 43.5458815 ], [ 4.1236338, 43.5455282 ], [ 4.1223462, 43.5442097 ], [ 4.1237689, 43.5455439 ], [ 4.1246759, 43.5452411 ], [ 4.1261022, 43.5444804 ], [ 4.1280408, 43.543169 ], [ 4.1298799, 43.5415815 ], [ 4.1316113, 43.5397404 ], [ 4.1336313, 43.5371765 ], [ 4.1338036, 43.5368201 ], [ 4.1336534, 43.5367317 ], [ 4.1339394, 43.5361798 ], [ 4.1327282, 43.5355986 ], [ 4.1323821, 43.5356112 ], [ 4.1323286, 43.5354048 ], [ 4.1319166, 43.5352112 ], [ 4.1317062, 43.5352044 ], [ 4.1317532, 43.5350779 ], [ 4.1318894, 43.5350855 ], [ 4.1336987, 43.5359538 ], [ 4.1337338, 43.5359147 ], [ 4.1347414, 43.5364567 ], [ 4.134785, 43.5364077 ], [ 4.1347826, 43.5364761 ], [ 4.1349961, 43.5365782 ], [ 4.1350336, 43.5365364 ], [ 4.1350273, 43.5365932 ], [ 4.1352984, 43.5366659 ], [ 4.1354032, 43.5367737 ], [ 4.1354843, 43.5367477 ], [ 4.1354431, 43.5367922 ], [ 4.1355555, 43.5368468 ], [ 4.1356391, 43.5368216 ], [ 4.135598, 43.5368671 ], [ 4.1357728, 43.5369507 ], [ 4.1358539, 43.5369238 ], [ 4.1358127, 43.5369692 ], [ 4.1360512, 43.5370198 ], [ 4.1360101, 43.5370643 ], [ 4.1361162, 43.5371145 ], [ 4.1361573, 43.5370691 ], [ 4.1362523, 43.5371805 ], [ 4.1362934, 43.5371342 ], [ 4.1362923, 43.5371999 ], [ 4.1364359, 43.5372686 ], [ 4.136477, 43.5372232 ], [ 4.1364758, 43.537288 ], [ 4.1366444, 43.5373681 ], [ 4.1366843, 43.5373236 ], [ 4.1368142, 43.53745 ], [ 4.1368966, 43.537423 ], [ 4.1380083, 43.5380359 ], [ 4.1380982, 43.5382059 ], [ 4.137944, 43.5384766 ], [ 4.1380239, 43.5385117 ], [ 4.1379187, 43.5385092 ], [ 4.136701, 43.5401012 ], [ 4.1373745, 43.540382 ], [ 4.1375664, 43.5402055 ], [ 4.1374181, 43.5403987 ], [ 4.1383224, 43.540777 ], [ 4.1387268, 43.5402752 ], [ 4.1384865, 43.5401319 ], [ 4.1387521, 43.5402425 ], [ 4.1389019, 43.5400601 ], [ 4.1391054, 43.5390951 ], [ 4.138712, 43.5385954 ], [ 4.139006, 43.5384483 ], [ 4.1392654, 43.5381838 ], [ 4.1377361, 43.5374089 ], [ 4.1375637, 43.5374467 ], [ 4.1374513, 43.5373938 ], [ 4.1374748, 43.5373306 ], [ 4.1369106, 43.5370693 ], [ 4.1370442, 43.5370697 ], [ 4.1368855, 43.5369904 ], [ 4.1368456, 43.5370331 ], [ 4.1367569, 43.5369278 ], [ 4.1367169, 43.5369714 ], [ 4.1367269, 43.5369119 ], [ 4.1362399, 43.5366777 ], [ 4.136149, 43.5367119 ], [ 4.1361987, 43.5366574 ], [ 4.1355221, 43.5364089 ], [ 4.1351626, 43.536239 ], [ 4.1352487, 43.5362147 ], [ 4.1350477, 43.5361863 ], [ 4.1350102, 43.536103 ], [ 4.1349391, 43.5361343 ], [ 4.134979, 43.5360889 ], [ 4.1348754, 43.5360405 ], [ 4.1348343, 43.5360868 ], [ 4.1348342, 43.5360211 ], [ 4.1346831, 43.5359498 ], [ 4.134642, 43.5359952 ], [ 4.1345171, 43.5358697 ], [ 4.1344735, 43.5359187 ], [ 4.1344846, 43.5358547 ], [ 4.1342874, 43.5358244 ], [ 4.1343285, 43.5357799 ], [ 4.1341425, 43.5356909 ], [ 4.1341001, 43.5357373 ], [ 4.1339902, 43.5356853 ], [ 4.1340326, 43.5356381 ], [ 4.1337304, 43.5355567 ], [ 4.1337704, 43.535513 ], [ 4.1321411, 43.5346779 ], [ 4.1323248, 43.534586 ], [ 4.1324015, 43.5347112 ], [ 4.1335632, 43.535293 ], [ 4.1348428, 43.5352058 ], [ 4.1353626, 43.535033 ], [ 4.1357725, 43.5348083 ], [ 4.1361793, 43.534364 ], [ 4.1363065, 43.5340423 ], [ 4.1363274, 43.5333465 ], [ 4.1364713, 43.5331813 ], [ 4.1367409, 43.532994 ], [ 4.1373958, 43.5329043 ], [ 4.1380557, 43.5326869 ], [ 4.1385862, 43.5322458 ], [ 4.138895, 43.531727 ], [ 4.1390543, 43.5309074 ], [ 4.1384196, 43.5307071 ], [ 4.1387456, 43.5303689 ], [ 4.1390055, 43.5290668 ], [ 4.139082, 43.528123 ], [ 4.1390042, 43.5274436 ], [ 4.1386167, 43.5266729 ], [ 4.1379945, 43.5261036 ], [ 4.1372655, 43.5250072 ], [ 4.1364575, 43.5242337 ], [ 4.1355188, 43.5235381 ], [ 4.1349745, 43.5232801 ], [ 4.1342847, 43.5230993 ], [ 4.1335947, 43.5231002 ], [ 4.133193, 43.5240492 ], [ 4.1331306, 43.5240228 ], [ 4.1334359, 43.5231369 ], [ 4.1330608, 43.5229906 ], [ 4.1322142, 43.5228878 ], [ 4.130752, 43.5229211 ], [ 4.1294205, 43.5231869 ], [ 4.1290296, 43.5233682 ], [ 4.1290361, 43.5235121 ], [ 4.128869, 43.5236263 ], [ 4.1290714, 43.5238582 ], [ 4.129023, 43.5239127 ], [ 4.1282519, 43.5230569 ], [ 4.1230122, 43.5213296 ], [ 4.1226431, 43.5207936 ], [ 4.1227418, 43.5207835 ], [ 4.1230726, 43.521257 ], [ 4.1249393, 43.5218675 ], [ 4.1254226, 43.5212867 ], [ 4.1255847, 43.521357 ], [ 4.1258738, 43.520967 ], [ 4.1259362, 43.5209934 ], [ 4.1262387, 43.5206573 ], [ 4.1259097, 43.5202738 ], [ 4.1262661, 43.5201621 ], [ 4.1263805, 43.5203229 ], [ 4.1287946, 43.5204688 ], [ 4.1292656, 43.51996 ], [ 4.1280606, 43.5193634 ], [ 4.1292886, 43.5199364 ], [ 4.1298338, 43.5193665 ], [ 4.1286296, 43.518742 ], [ 4.1298482, 43.5193421 ], [ 4.1303822, 43.5187669 ], [ 4.1291928, 43.5181459 ], [ 4.1304065, 43.5187451 ], [ 4.1304779, 43.5186697 ], [ 4.1320537, 43.5183203 ], [ 4.1327655, 43.5186728 ], [ 4.1325836, 43.5188546 ], [ 4.1360551, 43.520582 ], [ 4.1361035, 43.5205275 ], [ 4.1370776, 43.5210122 ], [ 4.1387645, 43.5206526 ], [ 4.1390188, 43.5203799 ], [ 4.1392187, 43.5204858 ], [ 4.1404658, 43.51915 ], [ 4.1402535, 43.5190443 ], [ 4.1408833, 43.5183808 ], [ 4.1408156, 43.5180846 ], [ 4.1410736, 43.5180009 ], [ 4.1407896, 43.5180218 ], [ 4.139104, 43.5171937 ], [ 4.1379053, 43.518475 ], [ 4.1374932, 43.5182724 ], [ 4.1370089, 43.5187904 ], [ 4.1371257, 43.5190681 ], [ 4.136375, 43.5198768 ], [ 4.1331818, 43.5183418 ], [ 4.1349967, 43.5192047 ], [ 4.1354193, 43.5187557 ], [ 4.1339409, 43.5180216 ], [ 4.1354373, 43.5187258 ], [ 4.1356351, 43.5187238 ], [ 4.1359608, 43.5183757 ], [ 4.1346834, 43.5177421 ], [ 4.1359863, 43.5183512 ], [ 4.1363399, 43.5179732 ], [ 4.1353697, 43.5174947 ], [ 4.1363579, 43.5179496 ], [ 4.1366849, 43.5176024 ], [ 4.1356353, 43.5170447 ], [ 4.1367079, 43.5175761 ], [ 4.1370518, 43.5172081 ], [ 4.1362105, 43.5167463 ], [ 4.1379002, 43.5175933 ], [ 4.1381846, 43.5172844 ], [ 4.1367998, 43.516597 ], [ 4.1382113, 43.5172562 ], [ 4.1384691, 43.5169754 ], [ 4.1375024, 43.516488 ], [ 4.138196, 43.5167957 ], [ 4.1384514, 43.5165203 ], [ 4.13781, 43.5161599 ], [ 4.1384768, 43.5164922 ], [ 4.1387068, 43.5162459 ], [ 4.1378643, 43.5157832 ], [ 4.138731, 43.5162187 ], [ 4.1389199, 43.5160169 ], [ 4.1377467, 43.5154624 ], [ 4.1378435, 43.5153534 ], [ 4.1381512, 43.5152871 ], [ 4.1385005, 43.5148156 ], [ 4.138772, 43.5147947 ], [ 4.1384992, 43.5147526 ], [ 4.1387584, 43.5147319 ], [ 4.1387572, 43.5146689 ], [ 4.1384856, 43.5146898 ], [ 4.1378726, 43.5143273 ], [ 4.1375277, 43.5143939 ], [ 4.1375435, 43.5145647 ], [ 4.1378555, 43.5147144 ], [ 4.1378985, 43.5150109 ], [ 4.1374184, 43.5151149 ], [ 4.1368191, 43.5148242 ], [ 4.1366713, 43.5148528 ], [ 4.1365142, 43.5150344 ], [ 4.136578, 43.5151327 ], [ 4.1372395, 43.5154497 ], [ 4.1373254, 43.5160426 ], [ 4.1362173, 43.5162792 ], [ 4.1361456, 43.5157761 ], [ 4.1354717, 43.5154592 ], [ 4.1354291, 43.5151807 ], [ 4.1348502, 43.5152947 ], [ 4.1349069, 43.5156631 ], [ 4.1351577, 43.5158404 ], [ 4.1354162, 43.5157837 ], [ 4.1354542, 43.5158283 ], [ 4.1355405, 43.5164393 ], [ 4.1351476, 43.5165783 ], [ 4.1346114, 43.51635 ], [ 4.1345195, 43.516081 ], [ 4.1342003, 43.5161923 ], [ 4.134242, 43.5164258 ], [ 4.1348158, 43.5166808 ], [ 4.1348986, 43.5171208 ], [ 4.1340377, 43.5173548 ], [ 4.1339531, 43.5168248 ], [ 4.133841, 43.516781 ], [ 4.1338185, 43.5168982 ], [ 4.1335846, 43.5169456 ], [ 4.1336984, 43.5177003 ], [ 4.132874, 43.5179068 ], [ 4.1325619, 43.5177571 ], [ 4.1325049, 43.5173708 ], [ 4.1322306, 43.5172567 ], [ 4.1321582, 43.5173474 ], [ 4.1322149, 43.5177157 ], [ 4.1312791, 43.5179145 ], [ 4.1311807, 43.5173126 ], [ 4.1316485, 43.5172088 ], [ 4.1317331, 43.5171089 ], [ 4.1316614, 43.5166058 ], [ 4.1324617, 43.5164354 ], [ 4.1328486, 43.5166204 ], [ 4.132863, 43.5167192 ], [ 4.1330378, 43.516807299999989 ], [ 4.1331854, 43.5167698 ], [ 4.1330872, 43.516177 ], [ 4.1338506, 43.516016 ], [ 4.1337645, 43.5154141 ], [ 4.1343688, 43.5153358 ], [ 4.1344536, 43.5152449 ], [ 4.1343794, 43.5152457 ], [ 4.1343227, 43.5148773 ], [ 4.1337989, 43.5146489 ], [ 4.1334916, 43.5147421 ], [ 4.133336, 43.5137449 ], [ 4.1344809, 43.513499 ], [ 4.1344099, 43.5130318 ], [ 4.1338197, 43.5132 ], [ 4.133692, 43.5123645 ], [ 4.1345046, 43.512194 ], [ 4.1348415, 43.5123525 ], [ 4.1348843, 43.51264 ], [ 4.1350591, 43.5127281 ], [ 4.13549, 43.5126336 ], [ 4.1356178, 43.513469099999988 ], [ 4.1348297, 43.5136303 ], [ 4.1346846, 43.5137938 ], [ 4.1348027, 43.5141435 ], [ 4.1345351, 43.5143622 ], [ 4.1346975, 43.5144505 ], [ 4.1346841, 43.5143967 ], [ 4.1352382, 43.5142829 ], [ 4.1351795, 43.5138156 ], [ 4.1360414, 43.5136356 ], [ 4.1361284, 43.5142826 ], [ 4.1356359, 43.5143867 ], [ 4.135418, 43.5146229 ], [ 4.1355803, 43.5147022 ], [ 4.1365162, 43.5145125 ], [ 4.1364588, 43.5141082 ], [ 4.1383064, 43.5137559 ], [ 4.1382777, 43.5135582 ], [ 4.1378103, 43.5136801 ], [ 4.1374359, 43.513504 ], [ 4.1374472, 43.5134499 ], [ 4.1369307, 43.5135903 ], [ 4.1361694, 43.5132294 ], [ 4.1361188, 43.5125461 ], [ 4.1344601, 43.5118166 ], [ 4.1347018, 43.5115351 ], [ 4.1341542, 43.5113519 ], [ 4.1337548, 43.511788 ], [ 4.1319082, 43.512187 ], [ 4.1296562, 43.5120917 ], [ 4.1270117, 43.5134149 ], [ 4.1271988, 43.5135029 ], [ 4.1270655, 43.5136393 ], [ 4.1269151, 43.5135329 ], [ 4.1262977, 43.5142051 ], [ 4.1252143, 43.5144413 ], [ 4.1252849, 43.5148905 ], [ 4.126036, 43.5147297 ], [ 4.1261648, 43.5155643 ], [ 4.1251908, 43.5157643 ], [ 4.1252492, 43.5162226 ], [ 4.1258773, 43.5160991 ], [ 4.1267635, 43.5165218 ], [ 4.1268345, 43.5169889 ], [ 4.1264774, 43.5170646 ], [ 4.1265206, 43.5173791 ], [ 4.1275917, 43.517143 ], [ 4.1276763, 43.517673 ], [ 4.1258959, 43.5195721 ], [ 4.1260109, 43.5197599 ], [ 4.1256547, 43.5198805 ], [ 4.1254889, 43.5196249 ], [ 4.1255374, 43.5195758 ], [ 4.1240246, 43.5187889 ], [ 4.1215554, 43.5201839 ], [ 4.1214459, 43.5209049 ], [ 4.1216378, 43.5212359 ], [ 4.1215518, 43.5212637 ], [ 4.1213353, 43.5209421 ], [ 4.1214308, 43.5201312 ], [ 4.1219444, 43.519838 ], [ 4.1209503, 43.5195873 ], [ 4.1220922, 43.5198095 ], [ 4.1226911, 43.5194524 ], [ 4.1228007, 43.518672 ], [ 4.1227453, 43.5177989 ], [ 4.1226075, 43.5177076 ], [ 4.1204243, 43.5173433 ], [ 4.1224205, 43.5176286 ], [ 4.1224774, 43.5175659 ], [ 4.1227804, 43.5170643 ], [ 4.1228598, 43.5165694 ], [ 4.1228494, 43.5155924 ], [ 4.1226887, 43.5147104 ], [ 4.1224948, 43.5144695 ], [ 4.1196303, 43.5140312 ], [ 4.1223702, 43.5144168 ], [ 4.1225361, 43.5143674 ], [ 4.1228057, 43.5137401 ], [ 4.1228757, 43.5130834 ], [ 4.1227349, 43.5122661 ], [ 4.1223278, 43.5112355 ], [ 4.1221079, 43.5108635 ], [ 4.1219533, 43.5107949 ], [ 4.1166208, 43.510589 ], [ 4.1165226, 43.510626 ], [ 4.1164767, 43.5108064 ], [ 4.1163774, 43.5107894 ], [ 4.1164829, 43.5104914 ], [ 4.1204788, 43.5106302 ], [ 4.1205653, 43.510434 ], [ 4.1290736, 43.510757 ], [ 4.1293883, 43.5104118 ], [ 4.133966, 43.510589 ], [ 4.1346259, 43.5108251 ], [ 4.1343237, 43.5111701 ], [ 4.1348713, 43.5113534 ], [ 4.1355729, 43.5105722 ], [ 4.1380104, 43.5106726 ], [ 4.1380262, 43.5102226 ], [ 4.1379266, 43.5101876 ], [ 4.1377312, 43.5103066 ], [ 4.1358503, 43.5102184 ], [ 4.1355868, 43.5100232 ], [ 4.1355189, 43.509718 ], [ 4.1356958, 43.5095326 ], [ 4.1361539, 43.509319 ], [ 4.136176, 43.5090623 ], [ 4.1360113, 43.508984 ], [ 4.1354629, 43.5090707 ], [ 4.134965, 43.5090237 ], [ 4.1345449, 43.5084738 ], [ 4.1340974, 43.5082869 ], [ 4.133584, 43.5083921 ], [ 4.1331813, 43.5085997 ], [ 4.1333039, 43.5087981 ], [ 4.1333359, 43.5094151 ], [ 4.1330899, 43.509854 ], [ 4.1328524, 43.5099141 ], [ 4.1324813, 43.5096507 ], [ 4.1319056, 43.5098583 ], [ 4.1326953, 43.5100984 ], [ 4.1326237, 43.5102251 ], [ 4.1289616, 43.5100923 ], [ 4.1285963, 43.5103751 ], [ 4.1242163, 43.5101956 ], [ 4.1242246, 43.5099886 ], [ 4.1240885, 43.509981 ], [ 4.1240532, 43.5100713 ], [ 4.1240632, 43.5099542 ], [ 4.1233455, 43.5099167 ], [ 4.123301, 43.5101691 ], [ 4.1173258, 43.5099699 ], [ 4.1160866, 43.5098206 ], [ 4.1157847, 43.5108225 ], [ 4.1157216, 43.5107602 ], [ 4.1159129, 43.5097864 ], [ 4.110138, 43.5090719 ], [ 4.110075, 43.5090095 ], [ 4.110954, 43.5090725 ], [ 4.111029, 43.5087973 ], [ 4.1116042, 43.5079195 ], [ 4.1121632, 43.5067153 ], [ 4.1124777, 43.5057196 ], [ 4.1131958, 43.5045677 ], [ 4.1140473, 43.5024516 ], [ 4.1140296, 43.5021737 ], [ 4.11438, 43.5010562 ], [ 4.115179, 43.4998054 ], [ 4.1154215, 43.4992486 ], [ 4.1161637, 43.4982548 ], [ 4.1164559, 43.4975815 ], [ 4.1170593, 43.4965792 ], [ 4.1183652, 43.4950253 ], [ 4.1189287, 43.4941287 ], [ 4.120599, 43.4923182 ], [ 4.1242399, 43.4894705 ], [ 4.1246027, 43.4890663 ], [ 4.127757, 43.4871368 ], [ 4.1304441, 43.4856548 ], [ 4.130858, 43.4855209 ], [ 4.1346842, 43.48372 ], [ 4.1389121, 43.4821893 ], [ 4.1395585, 43.4820673 ], [ 4.1415028, 43.4812901 ], [ 4.143812, 43.4805325 ], [ 4.146396, 43.479798 ], [ 4.1479935, 43.4792349 ], [ 4.152244, 43.4781802 ], [ 4.1568654, 43.4768398 ], [ 4.1579188, 43.4764489 ], [ 4.1579912, 43.4762394 ], [ 4.1582508, 43.476305 ], [ 4.1589547, 43.476167 ], [ 4.162519, 43.474868199999989 ], [ 4.1635308, 43.4743103 ], [ 4.1637905, 43.4740196 ], [ 4.1648225, 43.4736702 ], [ 4.165361, 43.4732964 ], [ 4.1649913, 43.472487 ], [ 4.1654509, 43.4732199 ], [ 4.1656833, 43.4732264 ], [ 4.1667273, 43.4728012 ], [ 4.166366, 43.4720403 ], [ 4.1667755, 43.4727377 ], [ 4.1669301, 43.472746 ], [ 4.1679815, 43.4722613 ], [ 4.1677292, 43.4716387 ], [ 4.1681251, 43.4722733 ], [ 4.1682504, 43.4722989 ], [ 4.1693379, 43.4717653 ], [ 4.169156, 43.4713264 ], [ 4.1694118, 43.4717555 ], [ 4.169564, 43.4718295 ], [ 4.1706003, 43.4714485 ], [ 4.1706745, 43.471274 ], [ 4.1704289, 43.4707368 ], [ 4.1708074, 43.4713059 ], [ 4.1721935, 43.4711802 ], [ 4.1734212, 43.4707989 ], [ 4.1735166, 43.4706944 ], [ 4.1732833, 43.4701571 ], [ 4.1735906, 43.4706846 ], [ 4.1738692, 43.4707194 ], [ 4.1748233, 43.4703708 ], [ 4.1748667, 43.4702569 ], [ 4.1746481, 43.4698364 ], [ 4.1749159, 43.4702474 ], [ 4.1751448, 43.4703259 ], [ 4.1756539, 43.470207 ], [ 4.176003, 43.4702446 ], [ 4.1775391, 43.4697214 ], [ 4.1776714, 43.4696686 ], [ 4.1774495, 43.4690862 ], [ 4.1778506, 43.4697297 ], [ 4.1790605, 43.4693296 ], [ 4.1789138, 43.4688003 ], [ 4.179147, 43.4693287 ], [ 4.1792735, 43.4693543 ], [ 4.1804737, 43.4689633 ], [ 4.1803038, 43.4685063 ], [ 4.1805737, 43.4690162 ], [ 4.1811879, 43.4689672 ], [ 4.1818737, 43.4687339 ], [ 4.1819384, 43.4686954 ], [ 4.1816299, 43.4681139 ], [ 4.1820433, 43.4686916 ], [ 4.1831464, 43.4683844 ], [ 4.1832771, 43.4683119 ], [ 4.1830427, 43.4677296 ], [ 4.1833755, 43.4682928 ], [ 4.1842972, 43.4681145 ], [ 4.1846773, 43.4679187 ], [ 4.1844686, 43.4673811 ], [ 4.184828, 43.468034 ], [ 4.1860428, 43.4676338 ], [ 4.1859089, 43.4671314 ], [ 4.1861799, 43.4676953 ], [ 4.1865608, 43.467655199999989 ], [ 4.1875057, 43.4672849 ], [ 4.1872731, 43.4667926 ], [ 4.1875925, 43.4673019 ], [ 4.188274, 43.4672207 ], [ 4.1889068, 43.4669366 ], [ 4.188707, 43.466237 ], [ 4.1889682, 43.466918 ], [ 4.1891084, 43.4670667 ], [ 4.1894925, 43.4668834 ], [ 4.1903356, 43.466732 ], [ 4.1902099, 43.4660315 ], [ 4.1904466, 43.4667218 ], [ 4.1906961, 43.4667793 ], [ 4.1917374, 43.4664197 ], [ 4.1915163, 43.4658822 ], [ 4.1918508, 43.4665264 ], [ 4.1919858, 43.4665402 ], [ 4.192441, 43.4664524 ], [ 4.1931284, 43.4661794 ], [ 4.1929937, 43.465641 ], [ 4.1933044, 43.4662648 ], [ 4.1937194, 43.4662629 ], [ 4.1946066, 43.4659742 ], [ 4.1944934, 43.4652826 ], [ 4.1946811, 43.4659914 ], [ 4.1948916, 43.4660763 ], [ 4.1960604, 43.4657872 ], [ 4.195871, 43.4649975 ], [ 4.1961592, 43.4657861 ], [ 4.196548, 43.4658268 ], [ 4.1971652, 43.4655689 ], [ 4.1975372, 43.4655189 ], [ 4.1973362, 43.4647654 ], [ 4.1976113, 43.4655181 ], [ 4.1977802, 43.4655595 ], [ 4.1990644, 43.4652951 ], [ 4.1990601, 43.4644944 ], [ 4.1991617, 43.4652221 ], [ 4.1995679, 43.4653318 ], [ 4.2002304, 43.4651104 ], [ 4.2005026, 43.4649553 ], [ 4.2003041, 43.4643186 ], [ 4.2006161, 43.465062 ], [ 4.2011933, 43.465079 ], [ 4.2020302, 43.4647494 ], [ 4.2018054, 43.4640411 ], [ 4.2020927, 43.4647847 ], [ 4.2022865, 43.4648968 ], [ 4.2028603, 43.4648077 ], [ 4.203112, 43.4646753 ], [ 4.2034725, 43.4646074 ], [ 4.2033944, 43.4638255 ], [ 4.2035857, 43.4647051 ], [ 4.2037417, 43.4647205 ], [ 4.2049647, 43.4644829 ], [ 4.2047376, 43.4636666 ], [ 4.2050388, 43.464482 ], [ 4.2053628, 43.4645018 ], [ 4.2059389, 43.4644037 ], [ 4.2064657, 43.4641962 ], [ 4.2062777, 43.4634785 ], [ 4.2065786, 43.464276 ], [ 4.2071165, 43.4642421 ], [ 4.2078458, 43.4640279 ], [ 4.2077199, 43.4633275 ], [ 4.2079459, 43.4640898 ], [ 4.2085109, 43.4641114 ], [ 4.208995, 43.4639287 ], [ 4.2093379, 43.4639033 ], [ 4.2091973, 43.4630951 ], [ 4.2092846, 43.4631301 ], [ 4.2094488, 43.4638931 ], [ 4.2095455, 43.4639091 ], [ 4.2101818, 43.463857 ], [ 4.2104663, 43.4636982 ], [ 4.2108041, 43.463725 ], [ 4.2106632, 43.4628987 ], [ 4.210878, 43.4637151 ], [ 4.2122129, 43.4635131 ], [ 4.2119813, 43.4627221 ], [ 4.2120544, 43.4626762 ], [ 4.212343, 43.4634738 ], [ 4.2125153, 43.4635016 ], [ 4.212591, 43.4634027 ], [ 4.2136076, 43.4631088 ], [ 4.2133494, 43.4625808 ], [ 4.2133578, 43.4623917 ], [ 4.2137974, 43.4633226 ], [ 4.2140263, 43.4632795 ], [ 4.21445, 43.4630462 ], [ 4.215098, 43.4629031 ], [ 4.2149103, 43.4622034 ], [ 4.2152749, 43.4630901 ], [ 4.2154517, 43.4629828 ], [ 4.2158883, 43.4628915 ], [ 4.217254, 43.4628051 ], [ 4.2179842, 43.4626395 ], [ 4.2180557, 43.462573 ], [ 4.2178332, 43.4619816 ], [ 4.2181045, 43.4625454 ], [ 4.2182029, 43.462583 ], [ 4.2189231, 43.4624076 ], [ 4.2194852, 43.4623545 ], [ 4.2192593, 43.4616597 ], [ 4.2193594, 43.4617215 ], [ 4.2195825, 43.4623975 ], [ 4.2198426, 43.4624287 ], [ 4.2209359, 43.4620817 ], [ 4.2208009, 43.4615433 ], [ 4.2211087, 43.4621922 ], [ 4.2223764, 43.4618585 ], [ 4.2222015, 43.4611856 ], [ 4.2225046, 43.4619614 ], [ 4.2232375, 43.4617507 ], [ 4.2238312, 43.461725099999988 ], [ 4.2236785, 43.460935 ], [ 4.2239176, 43.4617241 ], [ 4.2240381, 43.4617561 ], [ 4.2248956, 43.461592499999988 ], [ 4.2253159, 43.4616058 ], [ 4.2251448, 43.4607655 ], [ 4.2253979, 43.4616264 ], [ 4.2256971, 43.4616402 ], [ 4.2261846, 43.4614448 ], [ 4.2264266, 43.461497799999989 ], [ 4.2267768, 43.4614129 ], [ 4.226663, 43.4607123 ], [ 4.2267984, 43.4612687 ], [ 4.2278395, 43.4614297 ], [ 4.2282688, 43.461288 ], [ 4.2281411, 43.4605157 ], [ 4.2282756, 43.461027 ], [ 4.228573, 43.4610164 ], [ 4.2288764, 43.4611075 ], [ 4.2292662, 43.4610842 ], [ 4.229288, 43.4611775 ], [ 4.2297126, 43.4611052 ], [ 4.2295879, 43.4605892 ], [ 4.22963, 43.4602468 ], [ 4.2297591, 43.4605063 ], [ 4.230216, 43.4605011 ], [ 4.23028, 43.4637216 ], [ 4.2305265, 43.4661204 ], [ 4.2311737, 43.470904399999988 ], [ 4.2318564, 43.4744553 ], [ 4.2318542, 43.4752742 ], [ 4.2304453, 43.4782028 ], [ 4.230417, 43.4786116 ], [ 4.230722, 43.4795268 ], [ 4.2393855, 43.4934741 ], [ 4.2394583, 43.493868299999988 ], [ 4.2392512, 43.4942953 ], [ 4.2383646, 43.4954815 ], [ 4.2379662, 43.4962635 ], [ 4.2380933, 43.4972896 ], [ 4.2397426, 43.4991991 ], [ 4.2414857, 43.499953 ], [ 4.2441917, 43.5014481 ] ] ], [ [ [ 4.2980554, 43.6417045 ], [ 4.2975058, 43.6416329 ], [ 4.2969576, 43.6411887 ], [ 4.2972134, 43.6410617 ], [ 4.2981513, 43.641145699999988 ], [ 4.2980554, 43.6417045 ] ] ], [ [ [ 4.2711322, 43.7046247 ], [ 4.2702887, 43.7047704 ], [ 4.2693626, 43.7044293 ], [ 4.269259, 43.7040605 ], [ 4.2691494, 43.7039321 ], [ 4.2687067, 43.7037596 ], [ 4.2679769, 43.7027443 ], [ 4.2687327, 43.7024475 ], [ 4.2706893, 43.703463 ], [ 4.2711322, 43.7046247 ] ] ] ] } },
{ "type": "Feature", "properties": { "code_departement": 30.0, "code_rne": "0300006U", "multisecteur": 0.0 }, "geometry": { "type": "MultiPolygon", "coordinates": [ [ [ [ 4.0721633, 44.0615108 ], [ 4.0730102, 44.064453 ], [ 4.0735249, 44.0657324 ], [ 4.0735056, 44.0660981 ], [ 4.0731143, 44.0670659 ], [ 4.0731709, 44.0684083 ], [ 4.0729476, 44.0684852 ], [ 4.0729535, 44.0695932 ], [ 4.0714654, 44.0693971 ], [ 4.070763, 44.0696209 ], [ 4.0708028, 44.0697447 ], [ 4.070493, 44.0697361 ], [ 4.0710437, 44.0706686 ], [ 4.0713071, 44.0713978 ], [ 4.0714718, 44.073516 ], [ 4.0717411, 44.0747546 ], [ 4.0716274, 44.0762103 ], [ 4.0711641, 44.0764722 ], [ 4.0699403, 44.0767956 ], [ 4.0695246, 44.0769995 ], [ 4.0691101, 44.077066599999988 ], [ 4.0688527, 44.0773238 ], [ 4.0680141, 44.0772105 ], [ 4.067671, 44.0776234 ], [ 4.0671188, 44.0778088 ], [ 4.0667842, 44.0776743 ], [ 4.0665911, 44.0777014 ], [ 4.065977, 44.0779099 ], [ 4.0652731, 44.0783965 ], [ 4.0649093, 44.0783731 ], [ 4.0645972, 44.0785714 ], [ 4.064149, 44.0785119 ], [ 4.0638055, 44.0788347 ], [ 4.0633109, 44.078962 ], [ 4.0621893, 44.0796146 ], [ 4.0612992, 44.0795548 ], [ 4.0611748, 44.079719 ], [ 4.0609902, 44.0804634 ], [ 4.0601474, 44.081404899999988 ], [ 4.0593703, 44.0819858 ], [ 4.058044, 44.0833848 ], [ 4.0575993, 44.0836474 ], [ 4.0550911, 44.0846861 ], [ 4.0542684, 44.0854411 ], [ 4.0538923, 44.0856274 ], [ 4.0528462, 44.0858517 ], [ 4.0481455, 44.0829183 ], [ 4.046441, 44.0840075 ], [ 4.0441437, 44.0859323 ], [ 4.0427353, 44.0869655 ], [ 4.040811, 44.0886095 ], [ 4.0388288, 44.0905095 ], [ 4.0363474, 44.0894889 ], [ 4.0353261, 44.0888874 ], [ 4.0349249, 44.089006399999988 ], [ 4.0343396, 44.0897851 ], [ 4.0334751, 44.0903846 ], [ 4.0330301, 44.0896732 ], [ 4.0326464, 44.0894509 ], [ 4.0318714, 44.0892089 ], [ 4.031368, 44.0889247 ], [ 4.0312193, 44.0887812 ], [ 4.0311313, 44.088404 ], [ 4.0302917, 44.0885901 ], [ 4.0297913, 44.089025 ], [ 4.0260345, 44.0906022 ], [ 4.025086, 44.0901547 ], [ 4.0234528, 44.0896146 ], [ 4.0209925, 44.0912866 ], [ 4.0204654, 44.0915588 ], [ 4.020042, 44.0919066 ], [ 4.0194878, 44.0921341 ], [ 4.0179288, 44.0930172 ], [ 4.0174791, 44.0930835 ], [ 4.0172251, 44.0931956 ], [ 4.0165369, 44.0936836 ], [ 4.0161194, 44.0938072 ], [ 4.0135137, 44.0951878 ], [ 4.0119855, 44.0961272 ], [ 4.0115862, 44.0962218 ], [ 4.0107345, 44.0960164 ], [ 4.0101756, 44.0957029 ], [ 4.0093956, 44.0956678 ], [ 4.0087535, 44.0952371 ], [ 3.9988686, 44.0921485 ], [ 3.9921634, 44.0901491 ], [ 3.9903969, 44.0910472 ], [ 3.9896707, 44.0911554 ], [ 3.9893635, 44.0914435 ], [ 3.9887536, 44.0917776 ], [ 3.9878303, 44.0919722 ], [ 3.9872077, 44.0929473 ], [ 3.9872418, 44.0931828 ], [ 3.986507, 44.0935918 ], [ 3.9860724, 44.0940223 ], [ 3.9855342, 44.0943215 ], [ 3.9853239, 44.0945781 ], [ 3.9841461, 44.0949362 ], [ 3.9837262, 44.0949975 ], [ 3.9831643, 44.0948604 ], [ 3.982754, 44.0944626 ], [ 3.98158, 44.094609 ], [ 3.980564, 44.0940646 ], [ 3.9807595, 44.0938864 ], [ 3.9814659, 44.0927009 ], [ 3.9813339, 44.0917795 ], [ 3.970977, 44.0939123 ], [ 3.9705432, 44.0937388 ], [ 3.970255, 44.0934633 ], [ 3.9700579, 44.0926 ], [ 3.9689406, 44.090942 ], [ 3.9687402, 44.090248 ], [ 3.9689235, 44.0893517 ], [ 3.968891, 44.0890531 ], [ 3.9685486, 44.0885305 ], [ 3.9685992, 44.0883446 ], [ 3.9692299, 44.0876154 ], [ 3.9699264, 44.0870115 ], [ 3.971923, 44.0856086 ], [ 3.9708361, 44.0847028 ], [ 3.969991, 44.0837652 ], [ 3.9697525, 44.083617 ], [ 3.9689287, 44.0834938 ], [ 3.9679315, 44.083525099999989 ], [ 3.9673644, 44.0834383 ], [ 3.966413, 44.083155 ], [ 3.9663709, 44.0830267 ], [ 3.9657359, 44.0829126 ], [ 3.9651374, 44.0819323 ], [ 3.9647974, 44.0816922 ], [ 3.9641521, 44.0818554 ], [ 3.9636325, 44.0833191 ], [ 3.9627284, 44.0845718 ], [ 3.9623163, 44.0849418 ], [ 3.960831, 44.0856497 ], [ 3.9594354, 44.0861264 ], [ 3.9587116, 44.086671 ], [ 3.9585663, 44.0871628 ], [ 3.9591475, 44.0885286 ], [ 3.9566295, 44.0885065 ], [ 3.9543567, 44.0883589 ], [ 3.9541098, 44.0884529 ], [ 3.9539155, 44.0886355 ], [ 3.9511351, 44.089576 ], [ 3.9496644, 44.0904969 ], [ 3.9491088, 44.0907295 ], [ 3.9478572, 44.0905684 ], [ 3.947421, 44.0906199 ], [ 3.9468042, 44.0908538 ], [ 3.943229, 44.0926822 ], [ 3.9417778, 44.0931357 ], [ 3.940549, 44.0933731 ], [ 3.9398687, 44.0932421 ], [ 3.9394402, 44.0930811 ], [ 3.9392269, 44.0930982 ], [ 3.9384138, 44.0929422 ], [ 3.9382697, 44.0928427 ], [ 3.9376731, 44.0927866 ], [ 3.9372412, 44.092874 ], [ 3.9356231, 44.0934378 ], [ 3.9325033, 44.0934383 ], [ 3.9294541, 44.0937072 ], [ 3.9289574, 44.093805 ], [ 3.9276707, 44.0946323 ], [ 3.9272384, 44.0947737 ], [ 3.9264767, 44.0947846 ], [ 3.9261338, 44.0932069 ], [ 3.9258698, 44.0927168 ], [ 3.9256132, 44.0924508 ], [ 3.9252983, 44.0923652 ], [ 3.9247377, 44.0923735 ], [ 3.9241063, 44.0925625 ], [ 3.923483, 44.0931699 ], [ 3.9229328, 44.0933582 ], [ 3.9219319, 44.093561 ], [ 3.9199791, 44.0937449 ], [ 3.9182781, 44.0941318 ], [ 3.9170769, 44.0932228 ], [ 3.916132, 44.0923225 ], [ 3.9154608, 44.0918997 ], [ 3.9137665, 44.0912253 ], [ 3.9134386, 44.0907942 ], [ 3.9134658, 44.0897696 ], [ 3.9138856, 44.0886932 ], [ 3.9145056, 44.0879491 ], [ 3.9155159, 44.0872529 ], [ 3.9161836, 44.0869197 ], [ 3.9153174, 44.0867893 ], [ 3.91463, 44.0864413 ], [ 3.9144891, 44.085758399999989 ], [ 3.9141956, 44.0853657 ], [ 3.9139126, 44.0851628 ], [ 3.9127429, 44.0849538 ], [ 3.911328, 44.0851816 ], [ 3.9110327, 44.0845954 ], [ 3.9104697, 44.0822653 ], [ 3.9090977, 44.0822848 ], [ 3.9085299, 44.082069 ], [ 3.9044143, 44.079085 ], [ 3.9033718, 44.0782223 ], [ 3.9032416, 44.0780443 ], [ 3.9037295, 44.0776325 ], [ 3.9038905, 44.0766861 ], [ 3.9042432, 44.0754663 ], [ 3.9026744, 44.0755791 ], [ 3.9023582, 44.0754035 ], [ 3.8996775, 44.0731852 ], [ 3.8991722, 44.072968 ], [ 3.8986071, 44.0728403 ], [ 3.8944837, 44.0725401 ], [ 3.8941683, 44.0724095 ], [ 3.8932133, 44.0716945 ], [ 3.8912392, 44.0704802 ], [ 3.8909828, 44.0702113 ], [ 3.8909125, 44.0697043 ], [ 3.8901786, 44.0679614 ], [ 3.8899223, 44.0676952 ], [ 3.8889071, 44.0670347 ], [ 3.8903494, 44.0650725 ], [ 3.8902817, 44.0648931 ], [ 3.8897433, 44.0645464 ], [ 3.8906646, 44.0635938 ], [ 3.8907546, 44.0630458 ], [ 3.8908686, 44.0629108 ], [ 3.8908005, 44.0627097 ], [ 3.8909714, 44.0617462 ], [ 3.890914, 44.061185 ], [ 3.8912553, 44.0607439 ], [ 3.89126, 44.0603253 ], [ 3.891677, 44.0601743 ], [ 3.8935591, 44.0598448 ], [ 3.8945905, 44.0598697 ], [ 3.8945215, 44.0571439 ], [ 3.8943276, 44.0568773 ], [ 3.8929247, 44.0557645 ], [ 3.889855, 44.05293 ], [ 3.8894116, 44.0526672 ], [ 3.8888475, 44.0525853 ], [ 3.8872155, 44.0526085 ], [ 3.8858509, 44.0528977 ], [ 3.8849269, 44.0532706 ], [ 3.8836378, 44.0517508 ], [ 3.8822082, 44.049613 ], [ 3.8812727, 44.0478699 ], [ 3.8809286, 44.0461148 ], [ 3.8804773, 44.045582 ], [ 3.8799648, 44.0442288 ], [ 3.8790062, 44.0447784 ], [ 3.879259, 44.0436117 ], [ 3.8792478, 44.0432121 ], [ 3.8795978, 44.0425225 ], [ 3.8801995, 44.0419777 ], [ 3.885185, 44.0411301 ], [ 3.8858789, 44.0412244 ], [ 3.886973, 44.0411318 ], [ 3.8861876, 44.0404532 ], [ 3.8857363, 44.0403174 ], [ 3.885052, 44.0399575 ], [ 3.8841309, 44.0397849 ], [ 3.8839009, 44.0395978 ], [ 3.8833776, 44.0387568 ], [ 3.8834402, 44.038372 ], [ 3.8832204, 44.0380371 ], [ 3.8831895, 44.0378097 ], [ 3.8839114, 44.0364123 ], [ 3.8841964, 44.0362039 ], [ 3.8843668, 44.0359325 ], [ 3.885584, 44.0353385 ], [ 3.885888, 44.0350652 ], [ 3.8861832, 44.0344759 ], [ 3.8881388, 44.0353115 ], [ 3.8890904, 44.0359276 ], [ 3.8905676, 44.0375249 ], [ 3.8910766, 44.0379222 ], [ 3.8915816, 44.0381404 ], [ 3.8925843, 44.0383509 ], [ 3.8944583, 44.0385039 ], [ 3.8954729, 44.0386783 ], [ 3.8984381, 44.0399843 ], [ 3.9013438, 44.0413817 ], [ 3.9032971, 44.042127 ], [ 3.9039483, 44.0425843 ], [ 3.9049244, 44.0423728 ], [ 3.9056569, 44.0418231 ], [ 3.9057657, 44.0412093 ], [ 3.9052087, 44.0411788 ], [ 3.9048762, 44.0409898 ], [ 3.9048026, 44.040832 ], [ 3.9048635, 44.040656 ], [ 3.9055137, 44.0403509 ], [ 3.9059517, 44.0400403 ], [ 3.9061661, 44.0393986 ], [ 3.9059927, 44.0391696 ], [ 3.9049989, 44.0386567 ], [ 3.9040401, 44.0383838 ], [ 3.9037927, 44.0384426 ], [ 3.9031212, 44.0389017 ], [ 3.902742, 44.0389076 ], [ 3.9023474, 44.0388064 ], [ 3.902201, 44.0387059 ], [ 3.9021362, 44.0384706 ], [ 3.9023192, 44.0378166 ], [ 3.9020266, 44.0375381 ], [ 3.901623, 44.03742 ], [ 3.9020774, 44.0366521 ], [ 3.9018211, 44.0359845 ], [ 3.901575, 44.0357327 ], [ 3.9014265, 44.0354144 ], [ 3.901486, 44.0343654 ], [ 3.9012525, 44.0337183 ], [ 3.9021609, 44.032782 ], [ 3.9019202, 44.0321566 ], [ 3.9023963, 44.0317333 ], [ 3.902633, 44.0310815 ], [ 3.9031793, 44.0306035 ], [ 3.9037992, 44.0303617 ], [ 3.9031819, 44.0284866 ], [ 3.9031584, 44.0276335 ], [ 3.9022745, 44.0271961 ], [ 3.9021323, 44.0265691 ], [ 3.9016756, 44.0258465 ], [ 3.9005879, 44.0248285 ], [ 3.8993228, 44.0244203 ], [ 3.8982561, 44.0238504 ], [ 3.8958713, 44.0232327 ], [ 3.8945691, 44.0234755 ], [ 3.8941285, 44.023293699999989 ], [ 3.893112, 44.0225883 ], [ 3.8924844, 44.0224179 ], [ 3.889669, 44.0220079 ], [ 3.8890414, 44.0218375 ], [ 3.8887886, 44.0217063 ], [ 3.8878267, 44.0207304 ], [ 3.8855319, 44.018821 ], [ 3.8847691, 44.0182917 ], [ 3.8853892, 44.0181481 ], [ 3.8907358, 44.0177212 ], [ 3.8910422, 44.0175369 ], [ 3.893627, 44.0136699 ], [ 3.8943878, 44.0114478 ], [ 3.8946769, 44.0112753 ], [ 3.8947998, 44.0112392 ], [ 3.8954752, 44.0113633 ], [ 3.8967328, 44.0108426 ], [ 3.8969609, 44.01083 ], [ 3.8976855, 44.0101193 ], [ 3.8979169, 44.0100841 ], [ 3.89864, 44.010313 ], [ 3.8993945, 44.0107875 ], [ 3.9000789, 44.0109259 ], [ 3.9009965, 44.0113026 ], [ 3.9015404, 44.011392699999988 ], [ 3.9021267, 44.011404 ], [ 3.9028524, 44.0111613 ], [ 3.9039792, 44.0114382 ], [ 3.904482, 44.0113693 ], [ 3.9052733, 44.0110945 ], [ 3.9055916, 44.0111117 ], [ 3.9058527, 44.0112193 ], [ 3.9065019, 44.0101672 ], [ 3.9069366, 44.0096658 ], [ 3.907607, 44.0091617 ], [ 3.9082847, 44.0088824 ], [ 3.9050258, 44.0081561 ], [ 3.9047731, 44.008025 ], [ 3.9048487, 44.0062701 ], [ 3.9047481, 44.0048777 ], [ 3.90414, 44.003178 ], [ 3.9047047, 44.0010474 ], [ 3.9045782, 43.9982619 ], [ 3.9040661, 43.9970232 ], [ 3.9039701, 43.9960852 ], [ 3.9040257, 43.9958931 ], [ 3.9034046, 43.9950908 ], [ 3.9026168, 43.9926609 ], [ 3.9025967, 43.991942 ], [ 3.902992, 43.9904527 ], [ 3.9034275, 43.9881981 ], [ 3.9040376, 43.9872903 ], [ 3.9048906, 43.9866037 ], [ 3.9071581, 43.9852673 ], [ 3.9076492, 43.9850346 ], [ 3.9085766, 43.9847965 ], [ 3.9093285, 43.9849657 ], [ 3.9105427, 43.9855992 ], [ 3.9119547, 43.9858061 ], [ 3.91294, 43.9863055 ], [ 3.9134798, 43.9863865 ], [ 3.9139611, 43.986241199999988 ], [ 3.9154098, 43.9864046 ], [ 3.9169704, 43.9870206 ], [ 3.9173485, 43.9873514 ], [ 3.9180899, 43.9874091 ], [ 3.9204188, 43.9872734 ], [ 3.9223103, 43.9870693 ], [ 3.9230143, 43.9868924 ], [ 3.9234176, 43.9867045 ], [ 3.9252478, 43.9867133 ], [ 3.9256325, 43.986224 ], [ 3.9263938, 43.9860529 ], [ 3.9266486, 43.9858518 ], [ 3.9267129, 43.9856641 ], [ 3.9263638, 43.985356499999988 ], [ 3.9268439, 43.9846756 ], [ 3.9268392, 43.9845406 ], [ 3.9232807, 43.9824817 ], [ 3.9223679, 43.9818468 ], [ 3.9223634, 43.9816434 ], [ 3.9219769, 43.9814082 ], [ 3.9217346, 43.9811456 ], [ 3.9190451, 43.9796994 ], [ 3.9155141, 43.9780783 ], [ 3.9114767, 43.9766531 ], [ 3.9078865, 43.9751223 ], [ 3.9071207, 43.974459 ], [ 3.9069224, 43.9740574 ], [ 3.9068928, 43.9729785 ], [ 3.9085712, 43.972414699999987 ], [ 3.9119066, 43.9718901 ], [ 3.9144262, 43.9717935 ], [ 3.9147023, 43.9712916 ], [ 3.9149313, 43.9705697 ], [ 3.9148507, 43.9698962 ], [ 3.9155403, 43.9696159 ], [ 3.9162216, 43.9695166 ], [ 3.9190671, 43.9688456 ], [ 3.920246, 43.9686935 ], [ 3.9246621, 43.9685932 ], [ 3.9265184, 43.9686333 ], [ 3.9263941, 43.968197 ], [ 3.9255441, 43.9668829 ], [ 3.9255442, 43.966738 ], [ 3.9257114, 43.9665179 ], [ 3.9260224, 43.9664108 ], [ 3.9268614, 43.9663533 ], [ 3.9274509, 43.9662034 ], [ 3.9279294, 43.965896 ], [ 3.9285657, 43.9651049 ], [ 3.9286391, 43.9647137 ], [ 3.9279304, 43.9638908 ], [ 3.9278082, 43.9634265 ], [ 3.9279062, 43.9632483 ], [ 3.9287649, 43.9634886 ], [ 3.930087, 43.9640182 ], [ 3.932496, 43.9651066 ], [ 3.9328178, 43.965507 ], [ 3.9343114, 43.9681377 ], [ 3.9348257, 43.9687237 ], [ 3.9378293, 43.9688141 ], [ 3.9377883, 43.9695795 ], [ 3.9381148, 43.970114 ], [ 3.9381299, 43.971103 ], [ 3.9377828, 43.9720519 ], [ 3.9382498, 43.9731694 ], [ 3.9384594, 43.973939799999989 ], [ 3.9385636, 43.9754213 ], [ 3.9395492, 43.9772957 ], [ 3.9398867, 43.9781893 ], [ 3.9402106, 43.9786347 ], [ 3.9414776, 43.9794248 ], [ 3.9417261, 43.9793768 ], [ 3.9428922, 43.9788195 ], [ 3.9451135, 43.9780767 ], [ 3.944831, 43.9769028 ], [ 3.9451386, 43.9763583 ], [ 3.9456398, 43.9764413 ], [ 3.9466805, 43.9758409 ], [ 3.9467478, 43.9738171 ], [ 3.9468697, 43.9737251 ], [ 3.9477391, 43.9736231 ], [ 3.9504698, 43.9736264 ], [ 3.950394, 43.9731131 ], [ 3.9507479, 43.9725889 ], [ 3.9505165, 43.9719375 ], [ 3.951245, 43.9716827 ], [ 3.9530429, 43.9714313 ], [ 3.9540753, 43.9727282 ], [ 3.9551387, 43.9728926 ], [ 3.9566315, 43.9728796 ], [ 3.9580291, 43.9729852 ], [ 3.9607243, 43.9700671 ], [ 3.9606907, 43.9694814 ], [ 3.9608176, 43.9690978 ], [ 3.9611398, 43.9689897 ], [ 3.9613451, 43.968824 ], [ 3.9626761, 43.9685324 ], [ 3.9632758, 43.9681788 ], [ 3.964138, 43.9678769 ], [ 3.9650171, 43.9676891 ], [ 3.9655516, 43.9674621 ], [ 3.9662951, 43.9669155 ], [ 3.9671943, 43.9665188 ], [ 3.9678063, 43.9658662 ], [ 3.9678549, 43.966602 ], [ 3.9680161, 43.9667743 ], [ 3.9689174, 43.9689192 ], [ 3.968915, 43.9695097 ], [ 3.9683303, 43.9709639 ], [ 3.9760167, 43.9730503 ], [ 3.977143, 43.9732526 ], [ 3.9782223, 43.9736885 ], [ 3.9793802, 43.9739832 ], [ 3.9802881, 43.9736529 ], [ 3.9811271, 43.973156599999989 ], [ 3.9815636, 43.9730339 ], [ 3.981888, 43.9730508 ], [ 3.9819528, 43.9737028 ], [ 3.9823423, 43.9742456 ], [ 3.9825304, 43.9748217 ], [ 3.9828032, 43.9751028 ], [ 3.983034, 43.9755516 ], [ 3.983186, 43.9764872 ], [ 3.9836684, 43.9769968 ], [ 3.9837016, 43.9776175 ], [ 3.9840247, 43.9785723 ], [ 3.984282, 43.9788211 ], [ 3.9845449, 43.9788169 ], [ 3.985021, 43.9789593 ], [ 3.9855335, 43.9799106 ], [ 3.985989, 43.9800838 ], [ 3.9862474, 43.9803956 ], [ 3.9859367, 43.980879 ], [ 3.985956, 43.9822145 ], [ 3.9861362, 43.9831885 ], [ 3.987144, 43.9846654 ], [ 3.9876527, 43.9851748 ], [ 3.9876995, 43.9854327 ], [ 3.9885253, 43.9863252 ], [ 3.9887798, 43.9864787 ], [ 3.9890738, 43.9877631 ], [ 3.988822, 43.9881983 ], [ 3.9890801, 43.9895649 ], [ 3.9888554, 43.9899054 ], [ 3.9869424, 43.991019799999989 ], [ 3.9880151, 43.9909822 ], [ 3.9887549, 43.9923049 ], [ 3.988908, 43.9930119 ], [ 3.9893082, 43.9936572 ], [ 3.9926303, 43.9929098 ], [ 3.9934284, 43.9932094 ], [ 3.9941637, 43.993336 ], [ 3.9952955, 43.9936803 ], [ 3.995995, 43.9937576 ], [ 3.9961852, 43.9938648 ], [ 4.0009285, 43.9943318 ], [ 4.0021186, 43.9945838 ], [ 4.0047147, 43.9958038 ], [ 4.005159, 43.9967493 ], [ 4.0052464, 43.9976009 ], [ 4.0059095, 43.9990034 ], [ 4.0069914, 43.9990519 ], [ 4.007757, 43.9993383 ], [ 4.008421, 43.999442 ], [ 4.0089517, 43.9996999 ], [ 4.0090821, 43.9998823 ], [ 4.0114071, 44.0004171 ], [ 4.0167855, 44.0006561 ], [ 4.01899, 43.9993998 ], [ 4.0190548, 43.9992615 ], [ 4.0217248, 43.9976165 ], [ 4.0230444, 43.9979165 ], [ 4.0240624, 43.9985019 ], [ 4.0263613, 43.9991815 ], [ 4.027576, 43.9996786 ], [ 4.0281596, 44.0002339 ], [ 4.0284907, 44.0010291 ], [ 4.030002, 44.0014488 ], [ 4.0307081, 44.0017391 ], [ 4.0309777, 44.0017537 ], [ 4.0308935, 44.0019957 ], [ 4.030944, 44.0026478 ], [ 4.0307833, 44.0033477 ], [ 4.0309283, 44.0039179 ], [ 4.0310468, 44.0053677 ], [ 4.031056, 44.0069806 ], [ 4.0315529, 44.0085258 ], [ 4.0314818, 44.0092141 ], [ 4.0315477, 44.0099642 ], [ 4.0312728, 44.011172 ], [ 4.0310307, 44.0137862 ], [ 4.0305807, 44.0171082 ], [ 4.03121, 44.0180419 ], [ 4.0325371, 44.0209331 ], [ 4.0325947, 44.0213564 ], [ 4.0332734, 44.0228091 ], [ 4.0341801, 44.024174 ], [ 4.0344059, 44.0243123 ], [ 4.0352121, 44.0265972 ], [ 4.0363006, 44.0289703 ], [ 4.0371652, 44.028287 ], [ 4.0375455, 44.0282069 ], [ 4.0377224, 44.0279856 ], [ 4.039173, 44.0272194 ], [ 4.0398671, 44.0267016 ], [ 4.040683, 44.0264301 ], [ 4.0416245, 44.0260026 ], [ 4.0415728, 44.0259068 ], [ 4.0438814, 44.0246553 ], [ 4.0471013, 44.0237172 ], [ 4.0500569, 44.0230021 ], [ 4.0508033, 44.0228897 ], [ 4.0510262, 44.0228695 ], [ 4.0519956, 44.0232139 ], [ 4.0607973, 44.0265007 ], [ 4.0609231, 44.0269567 ], [ 4.0600022, 44.030295 ], [ 4.0587778, 44.031405899999989 ], [ 4.0577499, 44.0326931 ], [ 4.0583972, 44.0329469 ], [ 4.0585204, 44.0342041 ], [ 4.0592125, 44.034723 ], [ 4.0584277, 44.0352617 ], [ 4.0583283, 44.0355525 ], [ 4.0577239, 44.0361947 ], [ 4.0575996, 44.0366243 ], [ 4.0574005, 44.0367855 ], [ 4.0567765, 44.0369797 ], [ 4.0559191, 44.0369673 ], [ 4.0557108, 44.0370395 ], [ 4.0543015, 44.0380819 ], [ 4.0547467, 44.0390812 ], [ 4.0551812, 44.040513499999989 ], [ 4.055128, 44.0410757 ], [ 4.0554591, 44.0424434 ], [ 4.0554161, 44.04282 ], [ 4.054103, 44.0438768 ], [ 4.0560396, 44.0485161 ], [ 4.057483, 44.0511079 ], [ 4.0582733, 44.0523352 ], [ 4.061375, 44.0561675 ], [ 4.0639913, 44.0586516 ], [ 4.0645003, 44.0583722 ], [ 4.0680642, 44.0568604 ], [ 4.0683191, 44.0570721 ], [ 4.0700738, 44.057794 ], [ 4.0702287, 44.0579329 ], [ 4.0712168, 44.0581725 ], [ 4.0712091, 44.0588954 ], [ 4.0713518, 44.0597752 ], [ 4.0715343, 44.0603234 ], [ 4.0721633, 44.0615108 ] ] ] ] } },
{ "type": "Feature", "properties": { "code_departement": 30.0, "code_rne": "0300013B", "multisecteur": 0.0 }, "geometry": { "type": "MultiPolygon", "coordinates": [ [ [ [ 4.0532328, 44.3589297 ], [ 4.0528576, 44.3588639 ], [ 4.0511742, 44.3594985 ], [ 4.0508134, 44.3598035 ], [ 4.0503262, 44.3606625 ], [ 4.0495313, 44.360972499999988 ], [ 4.0484926, 44.3600381 ], [ 4.0453055, 44.3582796 ], [ 4.0451668, 44.3578317 ], [ 4.0445852, 44.3572566 ], [ 4.0433964, 44.3552514 ], [ 4.0431632, 44.3545748 ], [ 4.0430358, 44.3537226 ], [ 4.0430181, 44.3526938 ], [ 4.0421074, 44.351472699999988 ], [ 4.0405727, 44.3516628 ], [ 4.0392842, 44.3520755 ], [ 4.038882, 44.3522396 ], [ 4.0385848, 44.3525251 ], [ 4.0376483, 44.3530416 ], [ 4.0376911, 44.3531889 ], [ 4.0372738, 44.353353 ], [ 4.0367789, 44.3533226 ], [ 4.0364752, 44.3534542 ], [ 4.0358664, 44.3534374 ], [ 4.0354199, 44.353519 ], [ 4.0351781, 44.353398 ], [ 4.0346365, 44.3534247 ], [ 4.0332984, 44.3531807 ], [ 4.0325416, 44.3529627 ], [ 4.0318193, 44.3529128 ], [ 4.0310428, 44.3529246 ], [ 4.0299762, 44.3531209 ], [ 4.0293762, 44.3535181 ], [ 4.0287028, 44.3544399 ], [ 4.0282847, 44.3552541 ], [ 4.0280168, 44.3568779 ], [ 4.0277741, 44.3573987 ], [ 4.0272617, 44.3580642 ], [ 4.0258712, 44.3593051 ], [ 4.0271383, 44.3597011 ], [ 4.0261205, 44.3608026 ], [ 4.0260032, 44.3613267 ], [ 4.0239039, 44.3632746 ], [ 4.0229767, 44.3636955 ], [ 4.0225252, 44.3640625 ], [ 4.0222041, 44.3642095 ], [ 4.0217236, 44.3648406 ], [ 4.0212527, 44.3662835 ], [ 4.0212017, 44.3673571 ], [ 4.021288, 44.3674769 ], [ 4.0213016, 44.3684436 ], [ 4.0220597, 44.3716459 ], [ 4.0210996, 44.3723444 ], [ 4.0201961, 44.3736032 ], [ 4.0202011, 44.3739552 ], [ 4.0200151, 44.3742855 ], [ 4.0198533, 44.3749217 ], [ 4.0193929, 44.3754931 ], [ 4.0192464, 44.3758608 ], [ 4.0194012, 44.3778381 ], [ 4.0193356, 44.3789343 ], [ 4.0190832, 44.3800449 ], [ 4.0160632, 44.3794246 ], [ 4.0158636, 44.3792095 ], [ 4.0154135, 44.3789598 ], [ 4.0147621, 44.3788974 ], [ 4.0143276, 44.3787438 ], [ 4.0137139, 44.3783318 ], [ 4.0132183, 44.3777827 ], [ 4.0124379, 44.3775864 ], [ 4.0099829, 44.3776009 ], [ 4.0069808, 44.3781136 ], [ 4.0050892, 44.37776 ], [ 4.0033208, 44.3776969 ], [ 4.0030687, 44.3776389 ], [ 4.0023997, 44.377284 ], [ 4.0017343, 44.3764951 ], [ 4.0013455, 44.3763726 ], [ 4.000707, 44.3762524 ], [ 4.0002479, 44.3760567 ], [ 3.9992105, 44.3763029 ], [ 3.9978066, 44.3762679 ], [ 3.9968257, 44.3759509 ], [ 3.9962409, 44.3755259 ], [ 3.9958936, 44.3758351 ], [ 3.9958844, 44.3760936 ], [ 3.9961889, 44.3762808 ], [ 3.996923, 44.376483 ], [ 3.9970496, 44.3767618 ], [ 3.9965982, 44.3769306 ], [ 3.9963705, 44.3771136 ], [ 3.9962332, 44.3773732 ], [ 3.995261, 44.3781923 ], [ 3.9951953, 44.3785926 ], [ 3.9943416, 44.3791557 ], [ 3.9932679, 44.3797028 ], [ 3.9921054, 44.3808404 ], [ 3.9915893, 44.381117 ], [ 3.9915405, 44.3812713 ], [ 3.989974, 44.3819921 ], [ 3.9892654, 44.3821722 ], [ 3.988866, 44.3821614 ], [ 3.9873851, 44.3816769 ], [ 3.9861591, 44.3815555 ], [ 3.9851041, 44.3813102 ], [ 3.9850375, 44.3802944 ], [ 3.9848524, 44.3796119 ], [ 3.9846769, 44.3793389 ], [ 3.9838376, 44.3789305 ], [ 3.9827069, 44.3787272 ], [ 3.9822608, 44.3785557 ], [ 3.9817461, 44.3781137 ], [ 3.9814564, 44.3777679 ], [ 3.9814254, 44.3769193 ], [ 3.9809152, 44.3758715 ], [ 3.9800205, 44.3750161 ], [ 3.9791987, 44.3739431 ], [ 3.9791877, 44.3735273 ], [ 3.9797123, 44.3726512 ], [ 3.9807286, 44.3723478 ], [ 3.9813056, 44.3720339 ], [ 3.9822427, 44.3717951 ], [ 3.9827795, 44.3709017 ], [ 3.9832598, 44.370595 ], [ 3.9835051, 44.370338 ], [ 3.983598, 44.3700482 ], [ 3.9835619, 44.3697749 ], [ 3.9846311, 44.3696996 ], [ 3.9848934, 44.3698422 ], [ 3.9853906, 44.3697099 ], [ 3.9860677, 44.3693906 ], [ 3.9875873, 44.3679384 ], [ 3.9876419, 44.367467 ], [ 3.9884087, 44.3658163 ], [ 3.9886186, 44.3656929 ], [ 3.990496, 44.3651899 ], [ 3.9908425, 44.3649842 ], [ 3.9911665, 44.3644223 ], [ 3.9918927, 44.3637541 ], [ 3.9922697, 44.3631412 ], [ 3.9935284, 44.361929 ], [ 3.9942224, 44.3617174 ], [ 3.9955787, 44.3620635 ], [ 3.9967668, 44.3626163 ], [ 3.9975923, 44.3631066 ], [ 3.9984812, 44.3639133 ], [ 3.9987112, 44.3640066 ], [ 3.9991457, 44.3638073 ], [ 3.9993719, 44.3635442 ], [ 3.9997041, 44.3626697 ], [ 3.9994898, 44.3621171 ], [ 3.9984654, 44.3607419 ], [ 3.9983021, 44.3603716 ], [ 3.9984331, 44.3601174 ], [ 3.9989169, 44.3598006 ], [ 3.9992709, 44.3596651 ], [ 3.9996627, 44.3597534 ], [ 4.000131, 44.3601974 ], [ 4.0008425, 44.3604826 ], [ 4.001808, 44.3610113 ], [ 4.002515, 44.3615378 ], [ 4.0031261, 44.3616781 ], [ 4.0033226, 44.3616502 ], [ 4.0039291, 44.3609605 ], [ 4.0039629, 44.3606757 ], [ 4.0034979, 44.3600705 ], [ 4.0034597, 44.3582631 ], [ 4.0032844, 44.3580748 ], [ 4.002903, 44.3580071 ], [ 4.0028974, 44.3576876 ], [ 4.0029859, 44.3575149 ], [ 4.0045132, 44.3571777 ], [ 4.0051322, 44.3568453 ], [ 4.0052758, 44.356312 ], [ 4.0050973, 44.3559382 ], [ 4.0047566, 44.3557586 ], [ 4.0043146, 44.3557392 ], [ 4.0034444, 44.3561981 ], [ 4.0032225, 44.3562092 ], [ 4.0030135, 44.3560985 ], [ 4.0025619, 44.3553249 ], [ 4.0025866, 44.3543812 ], [ 4.0024397, 44.3538784 ], [ 4.0022446, 44.3536974 ], [ 4.0015997, 44.3536988 ], [ 4.0012785, 44.353771 ], [ 4.0005904, 44.3540978 ], [ 3.9995228, 44.3553111 ], [ 3.9979829, 44.3555735 ], [ 3.997474, 44.3557447 ], [ 3.9971242, 44.3559765 ], [ 3.9965565, 44.3569395 ], [ 3.9961649, 44.3570754 ], [ 3.9958308, 44.3570577 ], [ 3.9946729, 44.356213 ], [ 3.9941145, 44.3559992 ], [ 3.9925092, 44.3548939 ], [ 3.9909118, 44.3531645 ], [ 3.9900303, 44.3524748 ], [ 3.9898046, 44.3521932 ], [ 3.989713, 44.3519816 ], [ 3.9897396, 44.3517068 ], [ 3.9900765, 44.351314 ], [ 3.9906349, 44.3503151 ], [ 3.9905478, 44.3491357 ], [ 3.9909895, 44.3484241 ], [ 3.9916913, 44.348094599999989 ], [ 3.9922045, 44.3480288 ], [ 3.9929587, 44.3482542 ], [ 3.9940718, 44.3482739 ], [ 3.9946065, 44.3485013 ], [ 3.9956364, 44.3487837 ], [ 3.9961295, 44.3488593 ], [ 3.9966223, 44.3488423 ], [ 3.9979843, 44.3483204 ], [ 3.9983945, 44.3482428 ], [ 3.999408, 44.3478078 ], [ 4.0009653, 44.3473346 ], [ 4.0013246, 44.3472917 ], [ 4.0018843, 44.3463108 ], [ 4.0029848, 44.345473399999989 ], [ 4.0033785, 44.3449684 ], [ 4.0034073, 44.3445423 ], [ 4.0029812, 44.3435713 ], [ 4.0030237, 44.343209 ], [ 4.0035383, 44.3425858 ], [ 4.004193, 44.3420154 ], [ 4.0043832, 44.3412782 ], [ 4.0045481, 44.3410273 ], [ 4.0051535, 44.3405789 ], [ 4.0055826, 44.3405129 ], [ 4.0058519, 44.3406355 ], [ 4.0066435, 44.3407075 ], [ 4.0088594, 44.3405333 ], [ 4.0094974, 44.3403645 ], [ 4.0099824, 44.3400603 ], [ 4.011287, 44.3395712 ], [ 4.0135782, 44.339051399999988 ], [ 4.0165585, 44.3382074 ], [ 4.0181382, 44.3379551 ], [ 4.0187214, 44.3379524 ], [ 4.0198488, 44.3381481 ], [ 4.0207177, 44.3379888 ], [ 4.0208874, 44.3378 ], [ 4.0208512, 44.3374654 ], [ 4.0206852, 44.337232 ], [ 4.0198014, 44.3364903 ], [ 4.0197161, 44.3362814 ], [ 4.019759, 44.336019 ], [ 4.01988, 44.3359134 ], [ 4.0203897, 44.3357953 ], [ 4.0223496, 44.3355592 ], [ 4.0226038, 44.335466 ], [ 4.0227608, 44.3351314 ], [ 4.0224682, 44.3342078 ], [ 4.022448, 44.3336445 ], [ 4.0226914, 44.3328842 ], [ 4.0229824, 44.3324692 ], [ 4.0232429, 44.3323083 ], [ 4.0243976, 44.3320059 ], [ 4.0251681, 44.3316828 ], [ 4.0255539, 44.3314496 ], [ 4.0267399, 44.3304546 ], [ 4.0272072, 44.33029 ], [ 4.0278492, 44.330419 ], [ 4.0279729, 44.3307375 ], [ 4.0280077, 44.3313448 ], [ 4.0282241, 44.3316614 ], [ 4.0290097, 44.3318206 ], [ 4.0300289, 44.3317967 ], [ 4.030492, 44.3318815 ], [ 4.0310189, 44.3321007 ], [ 4.0315586, 44.332949 ], [ 4.0320079, 44.3342727 ], [ 4.0321585, 44.3344117 ], [ 4.0325136, 44.334489399999988 ], [ 4.0328109, 44.3342885 ], [ 4.0329036, 44.3331777 ], [ 4.0330985, 44.3326573 ], [ 4.0339537, 44.332029 ], [ 4.0348173, 44.3315834 ], [ 4.0350791, 44.3312938 ], [ 4.0350661, 44.3311292 ], [ 4.0347823, 44.3308347 ], [ 4.0344167, 44.3307356 ], [ 4.0338695, 44.3307812 ], [ 4.0336638, 44.3307129 ], [ 4.033657, 44.3302683 ], [ 4.0342874, 44.3297645 ], [ 4.0356854, 44.329677599999989 ], [ 4.035837, 44.3301488 ], [ 4.0368637, 44.3306729 ], [ 4.0371285, 44.3306821 ], [ 4.0374756, 44.3305285 ], [ 4.0380341, 44.3304782 ], [ 4.0383186, 44.3306052 ], [ 4.0385568, 44.3309432 ], [ 4.0387049, 44.3310147 ], [ 4.0396142, 44.3310854 ], [ 4.0404467, 44.331344 ], [ 4.0409975, 44.3317006 ], [ 4.0413854, 44.3321255 ], [ 4.0421105, 44.332476 ], [ 4.0425967, 44.3328603 ], [ 4.0446721, 44.3329117 ], [ 4.0451119, 44.332686099999989 ], [ 4.0452818, 44.3328519 ], [ 4.0454097, 44.3331928 ], [ 4.0459726, 44.3333153 ], [ 4.0463503, 44.3335952 ], [ 4.047844, 44.333996 ], [ 4.0488327, 44.3347617 ], [ 4.0496453, 44.3357676 ], [ 4.0499012, 44.3365142 ], [ 4.0498631, 44.3368296 ], [ 4.0518019, 44.3377518 ], [ 4.0523983, 44.3379208 ], [ 4.0529333, 44.3373467 ], [ 4.0532441, 44.3371997 ], [ 4.0536549, 44.3373038 ], [ 4.0542986, 44.3376505 ], [ 4.0537322, 44.3380853 ], [ 4.053195, 44.3402934 ], [ 4.0529897, 44.3418014 ], [ 4.0509512, 44.3440319 ], [ 4.0508407, 44.3459864 ], [ 4.0506316, 44.3463485 ], [ 4.0507066, 44.3472804 ], [ 4.0511462, 44.3476444 ], [ 4.0513344, 44.3480531 ], [ 4.0530727, 44.3495777 ], [ 4.0540711, 44.3500318 ], [ 4.054327, 44.3503678 ], [ 4.0544192, 44.3506703 ], [ 4.0544653, 44.351464799999988 ], [ 4.0546628, 44.3522992 ], [ 4.054603, 44.3530659 ], [ 4.0544389, 44.3536832 ], [ 4.0537402, 44.3551114 ], [ 4.0536529, 44.3560809 ], [ 4.053468, 44.3565292 ], [ 4.0537049, 44.3583364 ], [ 4.0535314, 44.3587251 ], [ 4.0532743, 44.3590031 ], [ 4.0532328, 44.3589297 ] ] ], [ [ [ 4.1094156, 44.3308762 ], [ 4.1084688, 44.3313322 ], [ 4.1074269, 44.332053 ], [ 4.1064033, 44.3324972 ], [ 4.1053716, 44.3331657 ], [ 4.104598, 44.3338234 ], [ 4.1040999, 44.3341363 ], [ 4.1038267, 44.3338924 ], [ 4.1035424, 44.3339141 ], [ 4.1016762, 44.3335313 ], [ 4.1004068, 44.3335278 ], [ 4.0990436, 44.3336666 ], [ 4.0984657, 44.3338128 ], [ 4.0977349, 44.3342207 ], [ 4.0972989, 44.3346977 ], [ 4.0969281, 44.3347239 ], [ 4.0966345, 44.3348492 ], [ 4.0952335, 44.3348488 ], [ 4.0935318, 44.3346712 ], [ 4.0931472, 44.3344374 ], [ 4.0930639, 44.3340817 ], [ 4.0931189, 44.3331008 ], [ 4.0936025, 44.3322903 ], [ 4.0936518, 44.3319838 ], [ 4.0933775, 44.3307073 ], [ 4.0930933, 44.3304706 ], [ 4.0917341, 44.3302915 ], [ 4.0886663, 44.3307423 ], [ 4.0877931, 44.3307977 ], [ 4.0872102, 44.3307432 ], [ 4.0863354, 44.3304493 ], [ 4.0861927, 44.3298773 ], [ 4.0858049, 44.3292753 ], [ 4.0855866, 44.3286131 ], [ 4.0852806, 44.328418 ], [ 4.085048, 44.3283852 ], [ 4.0848096, 44.3286441 ], [ 4.0845067, 44.3286075 ], [ 4.0838269, 44.3288006 ], [ 4.0832393, 44.328836 ], [ 4.0820331, 44.3287183 ], [ 4.0817996, 44.3286405 ], [ 4.08119, 44.328633 ], [ 4.0808509, 44.3285409 ], [ 4.0803031, 44.3285543 ], [ 4.0797629, 44.3288396 ], [ 4.0792197, 44.3289602 ], [ 4.0784177, 44.3286017 ], [ 4.0781579, 44.3285889 ], [ 4.0772182, 44.3288349 ], [ 4.0757805, 44.3297375 ], [ 4.0750317, 44.3299302 ], [ 4.0737123, 44.3297991 ], [ 4.0730364, 44.3294726 ], [ 4.0719486, 44.3287144 ], [ 4.0717664, 44.3284308 ], [ 4.0716173, 44.3267812 ], [ 4.0709672, 44.3260269 ], [ 4.0703406, 44.3255865 ], [ 4.0695228, 44.325177599999989 ], [ 4.0685765, 44.3248708 ], [ 4.0680265, 44.324769 ], [ 4.0674319, 44.3243607 ], [ 4.0667919, 44.3243372 ], [ 4.0663918, 44.3241962 ], [ 4.0660237, 44.3241628 ], [ 4.0656155, 44.3238616 ], [ 4.065184, 44.3238577 ], [ 4.0643322, 44.3236382 ], [ 4.0639703, 44.3230664 ], [ 4.0636123, 44.3227638 ], [ 4.063139, 44.3226712 ], [ 4.0622822, 44.3226497 ], [ 4.0618782, 44.3225087 ], [ 4.0612615, 44.3221212 ], [ 4.0602585, 44.3204556 ], [ 4.0598938, 44.3202602 ], [ 4.0591382, 44.3202909 ], [ 4.0581888, 44.3201452 ], [ 4.0570297, 44.3195829 ], [ 4.0543536, 44.3188344 ], [ 4.053048, 44.318142 ], [ 4.0523416, 44.3176464 ], [ 4.0518612, 44.317435 ], [ 4.0517356, 44.3172876 ], [ 4.0516809, 44.3169758 ], [ 4.0529789, 44.3164457 ], [ 4.0533861, 44.316025 ], [ 4.0534494, 44.3156562 ], [ 4.053395, 44.3152895 ], [ 4.0530277, 44.3147547 ], [ 4.0518646, 44.3139655 ], [ 4.051753, 44.3137622 ], [ 4.0518125, 44.3134547 ], [ 4.0522523, 44.3129022 ], [ 4.0549558, 44.3116403 ], [ 4.0555804, 44.3112499 ], [ 4.0553489, 44.311001 ], [ 4.0531024, 44.3098657 ], [ 4.0527648, 44.3098492 ], [ 4.0499506, 44.310274 ], [ 4.0482626, 44.3108581 ], [ 4.0470445, 44.3114954 ], [ 4.0471247, 44.311022 ], [ 4.0474619, 44.3105444 ], [ 4.0488789, 44.3091346 ], [ 4.0490556, 44.3087891 ], [ 4.0489358, 44.308485 ], [ 4.04928, 44.3078435 ], [ 4.0499756, 44.3060031 ], [ 4.0505009, 44.305467 ], [ 4.0503154, 44.3042507 ], [ 4.0503494, 44.3038516 ], [ 4.0508035, 44.303327 ], [ 4.0508749, 44.3028483 ], [ 4.0501619, 44.3010384 ], [ 4.0493445, 44.3002865 ], [ 4.0484081, 44.299677 ], [ 4.0482126, 44.2991351 ], [ 4.0481796, 44.2985044 ], [ 4.047809, 44.2977121 ], [ 4.0473557, 44.2970566 ], [ 4.0463969, 44.2960404 ], [ 4.0462763, 44.2957552 ], [ 4.0459166, 44.2955534 ], [ 4.0456773, 44.295084 ], [ 4.0453009, 44.2947185 ], [ 4.0434453, 44.2945498 ], [ 4.0425561, 44.2943836 ], [ 4.0398725, 44.293354799999989 ], [ 4.0395788, 44.2933306 ], [ 4.0397354, 44.2917511 ], [ 4.0392445, 44.2912984 ], [ 4.0387795, 44.2910192 ], [ 4.0384082, 44.2904565 ], [ 4.03783, 44.2903647 ], [ 4.0376808, 44.2899484 ], [ 4.0370136, 44.2893777 ], [ 4.0367199, 44.2881166 ], [ 4.0368319, 44.2877996 ], [ 4.0373194, 44.2874556 ], [ 4.0374034, 44.2872558 ], [ 4.037112, 44.2869435 ], [ 4.0363863, 44.2865264 ], [ 4.0359561, 44.2855492 ], [ 4.0363295, 44.2845834 ], [ 4.0365438, 44.2844472 ], [ 4.0370731, 44.2837869 ], [ 4.0373349, 44.2833046 ], [ 4.0380562, 44.2825884 ], [ 4.0386039, 44.2823213 ], [ 4.0391369, 44.2818688 ], [ 4.0402824, 44.2816708 ], [ 4.0415027, 44.2812496 ], [ 4.0423377, 44.2815505 ], [ 4.0425497, 44.2819031 ], [ 4.0433838, 44.2821482 ], [ 4.0442984, 44.2822781 ], [ 4.0462828, 44.2821818 ], [ 4.0481298, 44.2814306 ], [ 4.0485287, 44.2813863 ], [ 4.0499987, 44.2801056 ], [ 4.0511456, 44.2786391 ], [ 4.05188, 44.2781738 ], [ 4.0529472, 44.2780862 ], [ 4.0566272, 44.277409 ], [ 4.0569127, 44.276723 ], [ 4.0570576, 44.2767 ], [ 4.0573393, 44.2764867 ], [ 4.0585206, 44.2751313 ], [ 4.0597168, 44.2748425 ], [ 4.0608116, 44.2748292 ], [ 4.0641786, 44.2753845 ], [ 4.0647327, 44.2753305 ], [ 4.0652441, 44.2752104 ], [ 4.0670595, 44.2739343 ], [ 4.0678029, 44.274225 ], [ 4.0688526, 44.274276 ], [ 4.0760275, 44.2741115 ], [ 4.0769072, 44.2744512 ], [ 4.0791438, 44.2744554 ], [ 4.0802752, 44.273797 ], [ 4.0805119, 44.2733311 ], [ 4.0810596, 44.2732105 ], [ 4.085674, 44.2701277 ], [ 4.0859939, 44.2703469 ], [ 4.088489, 44.268881 ], [ 4.0882881, 44.2682708 ], [ 4.0899821, 44.2673664 ], [ 4.0901562, 44.267173 ], [ 4.0908086, 44.2658531 ], [ 4.090744, 44.2646439 ], [ 4.0914014, 44.2642998 ], [ 4.091488, 44.2641801 ], [ 4.092126, 44.2625065 ], [ 4.0922063, 44.2620584 ], [ 4.0927844, 44.2617006 ], [ 4.0940752, 44.2618588 ], [ 4.094317, 44.26186 ], [ 4.0947679, 44.2617268 ], [ 4.0950797, 44.2614635 ], [ 4.0953226, 44.2607427 ], [ 4.0954828, 44.2608663 ], [ 4.0955032, 44.2610776 ], [ 4.0957065, 44.2612934 ], [ 4.0968303, 44.2620168 ], [ 4.0974711, 44.2625694 ], [ 4.0990916, 44.263451599999989 ], [ 4.0994553, 44.2635353 ], [ 4.099669, 44.2635107 ], [ 4.1021648, 44.265918899999988 ], [ 4.1037235, 44.2660617 ], [ 4.1051099, 44.2655887 ], [ 4.1055782, 44.2655128 ], [ 4.1073142, 44.2656259 ], [ 4.10816, 44.2655075 ], [ 4.1089503, 44.2649846 ], [ 4.1105614, 44.2643499 ], [ 4.1107317, 44.2637073 ], [ 4.1120583, 44.2621113 ], [ 4.1109762, 44.2608403 ], [ 4.1143226, 44.2592734 ], [ 4.1151612, 44.2549106 ], [ 4.1162652, 44.2535356 ], [ 4.1169441, 44.2532217 ], [ 4.1173555, 44.2514045 ], [ 4.119982, 44.2513508 ], [ 4.1204601, 44.2511406 ], [ 4.1220042, 44.2500581 ], [ 4.1246611, 44.2492631 ], [ 4.1275938, 44.248737899999988 ], [ 4.1298009, 44.2508964 ], [ 4.1296529, 44.2513886 ], [ 4.128928, 44.2515292 ], [ 4.1282823, 44.2511191 ], [ 4.1271961, 44.2506576 ], [ 4.1271245, 44.2514019 ], [ 4.1269347, 44.2520628 ], [ 4.1263738, 44.2526393 ], [ 4.1249879, 44.2530496 ], [ 4.1247356, 44.2530207 ], [ 4.1244398, 44.252823 ], [ 4.1239624, 44.2523066 ], [ 4.1236195, 44.2541547 ], [ 4.1237116, 44.254503 ], [ 4.124163, 44.2550961 ], [ 4.1259284, 44.2563248 ], [ 4.125923, 44.2573187 ], [ 4.1254121, 44.2577029 ], [ 4.1246645, 44.2585352 ], [ 4.1243225, 44.2591652 ], [ 4.1242963, 44.2602448 ], [ 4.1246035, 44.2605135 ], [ 4.124833, 44.2613502 ], [ 4.1251735, 44.2618445 ], [ 4.1255669, 44.2621006 ], [ 4.125882, 44.2624503 ], [ 4.1261643, 44.2633548 ], [ 4.1266167, 44.263992 ], [ 4.1269155, 44.2642185 ], [ 4.1269334, 44.2646144 ], [ 4.1271163, 44.2649258 ], [ 4.1276474, 44.2653021 ], [ 4.1278237, 44.2658539 ], [ 4.1281759, 44.2663022 ], [ 4.1286125, 44.2663985 ], [ 4.1289503, 44.2668794 ], [ 4.1296171, 44.267274 ], [ 4.1301135, 44.2682294 ], [ 4.1299582, 44.2697416 ], [ 4.1301173, 44.2698083 ], [ 4.1300528, 44.2701547 ], [ 4.1290042, 44.2715392 ], [ 4.12904, 44.2718917 ], [ 4.1294922, 44.2720761 ], [ 4.12975, 44.2728143 ], [ 4.1302683, 44.2728567 ], [ 4.1316643, 44.2736886 ], [ 4.1336012, 44.2744977 ], [ 4.1336923, 44.2747272 ], [ 4.1339799, 44.2748872 ], [ 4.1349747, 44.2752613 ], [ 4.1364745, 44.2756995 ], [ 4.1370012, 44.2759686 ], [ 4.1368592, 44.2760124 ], [ 4.1363857, 44.277082299999989 ], [ 4.1367046, 44.2776155 ], [ 4.136695, 44.2780126 ], [ 4.1359012, 44.2791056 ], [ 4.1351709, 44.2806804 ], [ 4.134975, 44.2815358 ], [ 4.1350409, 44.2819519 ], [ 4.1354741, 44.282872 ], [ 4.136177, 44.2834895 ], [ 4.1368093, 44.2843417 ], [ 4.1369363, 44.2846717 ], [ 4.1383596, 44.2854699 ], [ 4.1394263, 44.2855416 ], [ 4.1398374, 44.2860442 ], [ 4.1428267, 44.2858151 ], [ 4.1431168, 44.285849 ], [ 4.1432538, 44.2859313 ], [ 4.1435412, 44.287068 ], [ 4.1439148, 44.2875115 ], [ 4.145084, 44.288188 ], [ 4.1454532, 44.2876683 ], [ 4.1456831, 44.287447199999988 ], [ 4.1458401, 44.2874041 ], [ 4.1463794, 44.2882924 ], [ 4.1470723, 44.289153 ], [ 4.1477086, 44.2894417 ], [ 4.1466563, 44.2895886 ], [ 4.1452882, 44.290666 ], [ 4.144983, 44.291131 ], [ 4.1452258, 44.2917982 ], [ 4.1449113, 44.29168 ], [ 4.1448449, 44.291741 ], [ 4.1451072, 44.2923189 ], [ 4.1426455, 44.2933699 ], [ 4.1412138, 44.2945334 ], [ 4.1392941, 44.2946839 ], [ 4.1385484, 44.2948761 ], [ 4.1383342, 44.2950062 ], [ 4.1378378, 44.2958801 ], [ 4.1378708, 44.2963964 ], [ 4.1380683, 44.2969948 ], [ 4.1385267, 44.2975392 ], [ 4.1386577, 44.2979475 ], [ 4.1391061, 44.2984902 ], [ 4.1392412, 44.2989128 ], [ 4.1391917, 44.2993184 ], [ 4.1385875, 44.3006291 ], [ 4.1384593, 44.3022985 ], [ 4.1385968, 44.3026554 ], [ 4.1395796, 44.3039632 ], [ 4.1396175, 44.3041653 ], [ 4.1389725, 44.3055079 ], [ 4.1381855, 44.3067719 ], [ 4.1381057, 44.307040099999988 ], [ 4.1383155, 44.3081893 ], [ 4.1389101, 44.3089556 ], [ 4.1401451, 44.310267 ], [ 4.1411014, 44.310935 ], [ 4.1410533, 44.311165 ], [ 4.1424887, 44.3120278 ], [ 4.142781, 44.312285 ], [ 4.1429233, 44.312811 ], [ 4.1429186, 44.3131991 ], [ 4.1421417, 44.3138463 ], [ 4.1421045, 44.3158605 ], [ 4.1413315, 44.3178185 ], [ 4.1411337, 44.3179619 ], [ 4.1411115, 44.318164599999989 ], [ 4.1415062, 44.3200204 ], [ 4.1416937, 44.3204902 ], [ 4.1419622, 44.3208718 ], [ 4.1423117, 44.3211023 ], [ 4.1419163, 44.3217041 ], [ 4.1424189, 44.3227477 ], [ 4.1417753, 44.3246016 ], [ 4.1407131, 44.3259126 ], [ 4.140575, 44.3262129 ], [ 4.1416821, 44.3267623 ], [ 4.1418388, 44.3270073 ], [ 4.1419401, 44.3274897 ], [ 4.1397485, 44.3280202 ], [ 4.1367529, 44.3285472 ], [ 4.1347016, 44.3285693 ], [ 4.1354858, 44.3296514 ], [ 4.1355941, 44.3303642 ], [ 4.135385, 44.3308812 ], [ 4.1351153, 44.3311289 ], [ 4.1344486, 44.3315319 ], [ 4.1333462, 44.3318502 ], [ 4.1329179, 44.3322552 ], [ 4.1324485, 44.3335591 ], [ 4.1321247, 44.3357446 ], [ 4.13194, 44.3359815 ], [ 4.130985, 44.3364631 ], [ 4.1299168, 44.3368629 ], [ 4.129178, 44.3369894 ], [ 4.127997, 44.3368907 ], [ 4.1278674, 44.3369326 ], [ 4.1275575, 44.3373067 ], [ 4.1270736, 44.3375754 ], [ 4.1268391, 44.3375148 ], [ 4.1261569, 44.3375866 ], [ 4.1259374, 44.337524 ], [ 4.1251917, 44.336924 ], [ 4.1249896, 44.3366605 ], [ 4.1246542, 44.3365091 ], [ 4.1240722, 44.3363854 ], [ 4.1233163, 44.3360258 ], [ 4.1231268, 44.3354552 ], [ 4.1228146, 44.3351433 ], [ 4.1224928, 44.3351087 ], [ 4.1219897, 44.3344648 ], [ 4.1210977, 44.334202 ], [ 4.1206467, 44.3339149 ], [ 4.1204957, 44.333632 ], [ 4.1202131, 44.333553 ], [ 4.1200706, 44.3333222 ], [ 4.1193521, 44.3328856 ], [ 4.1190857, 44.3322888 ], [ 4.1183126, 44.3314396 ], [ 4.1181395, 44.3309265 ], [ 4.1167678, 44.329419 ], [ 4.1167477, 44.3292914 ], [ 4.1170423, 44.3289031 ], [ 4.11724, 44.3280539 ], [ 4.1169425, 44.3278481 ], [ 4.1170049, 44.3275774 ], [ 4.1161554, 44.3269163 ], [ 4.1148112, 44.3282649 ], [ 4.1130883, 44.3294311 ], [ 4.1109861, 44.3305056 ], [ 4.1101608, 44.3307588 ], [ 4.1094156, 44.3308762 ] ] ] ] } },
{ "type": "Feature", "properties": { "code_departement": 30.0, "code_rne": "0300016E", "multisecteur": 0.0 }, "geometry": { "type": "MultiPolygon", "coordinates": [ [ [ [ 3.9489148, 44.3238014 ], [ 3.9487458, 44.3238938 ], [ 3.94867, 44.32416 ], [ 3.948382, 44.3266543 ], [ 3.9486206, 44.3269025 ], [ 3.9495842, 44.3270058 ], [ 3.9502371, 44.3269759 ], [ 3.9504105, 44.3270707 ], [ 3.9505254, 44.3274928 ], [ 3.9501298, 44.3277555 ], [ 3.9495305, 44.3277697 ], [ 3.9480023, 44.3274993 ], [ 3.9476845, 44.3273193 ], [ 3.9465192, 44.3255757 ], [ 3.9453523, 44.3242561 ], [ 3.9452, 44.3238478 ], [ 3.9450731, 44.320898 ], [ 3.9445389, 44.3208261 ], [ 3.9439542, 44.3202748 ], [ 3.9438641, 44.3172707 ], [ 3.9445323, 44.3170426 ], [ 3.9434149, 44.3162717 ], [ 3.9405162, 44.3155287 ], [ 3.9381599, 44.3145181 ], [ 3.9371185, 44.314021 ], [ 3.9350541, 44.312763 ], [ 3.9348048, 44.3126958 ], [ 3.9342602, 44.3123638 ], [ 3.9338627, 44.3123626 ], [ 3.9335912, 44.3121669 ], [ 3.9332246, 44.3120602 ], [ 3.9330937, 44.3118777 ], [ 3.9323985, 44.3115307 ], [ 3.932166, 44.3109682 ], [ 3.9318539, 44.3106675 ], [ 3.9315368, 44.3106675 ], [ 3.931288, 44.3105607 ], [ 3.9311668, 44.3103538 ], [ 3.9311653, 44.3101116 ], [ 3.930593, 44.3098464 ], [ 3.9303274, 44.309625399999987 ], [ 3.9300734, 44.3091963 ], [ 3.9297045, 44.309026599999989 ], [ 3.9294873, 44.3087746 ], [ 3.9284972, 44.3082582 ], [ 3.9279565, 44.3078558 ], [ 3.9278335, 44.3079244 ], [ 3.9273451, 44.3078745 ], [ 3.9270279, 44.3074163 ], [ 3.9267949, 44.3073507 ], [ 3.926511, 44.3070857 ], [ 3.9256844, 44.3069046 ], [ 3.9253791, 44.3066326 ], [ 3.9243411, 44.3060904 ], [ 3.9239657, 44.3059819 ], [ 3.9239184, 44.3058455 ], [ 3.9228602, 44.3052206 ], [ 3.9242395, 44.3032421 ], [ 3.9244635, 44.3022932 ], [ 3.9247983, 44.3016864 ], [ 3.9249408, 44.3008192 ], [ 3.925184, 44.3005912 ], [ 3.9255565, 44.3004503 ], [ 3.9262782, 44.3003542 ], [ 3.9267308, 44.2999012 ], [ 3.9276404, 44.2993345 ], [ 3.9282702, 44.298684699999988 ], [ 3.9299686, 44.2983733 ], [ 3.9305308, 44.2981858 ], [ 3.9314806, 44.2977105 ], [ 3.9330163, 44.2971934 ], [ 3.9351247, 44.2953769 ], [ 3.9350872, 44.2949316 ], [ 3.9353697, 44.2946582 ], [ 3.9369133, 44.2936405 ], [ 3.9367679, 44.2929513 ], [ 3.9368155, 44.2924216 ], [ 3.9374898, 44.2913599 ], [ 3.9377509, 44.2904782 ], [ 3.9379563, 44.2902415 ], [ 3.9380833, 44.288828 ], [ 3.9391296, 44.287683 ], [ 3.9393038, 44.2869262 ], [ 3.9399768, 44.2857926 ], [ 3.9400665, 44.2853093 ], [ 3.9400333, 44.2843635 ], [ 3.9404638, 44.2840303 ], [ 3.9408038, 44.2839023 ], [ 3.9475878, 44.2832067 ], [ 3.9481144, 44.2833732 ], [ 3.9486487, 44.2831741 ], [ 3.9526804, 44.282754 ], [ 3.9532764, 44.2825778 ], [ 3.9548915, 44.2824242 ], [ 3.9551663, 44.2826685 ], [ 3.9554921, 44.2828133 ], [ 3.9561854, 44.2827586 ], [ 3.9571029, 44.2833682 ], [ 3.9576653, 44.2839511 ], [ 3.9580495, 44.2845869 ], [ 3.959835, 44.2859819 ], [ 3.9599521, 44.286458 ], [ 3.9610928, 44.2864012 ], [ 3.9630952, 44.2860209 ], [ 3.9639905, 44.2853901 ], [ 3.964225, 44.2851054 ], [ 3.9648747, 44.2849926 ], [ 3.9656777, 44.2846795 ], [ 3.9668385, 44.2836728 ], [ 3.9680471, 44.2833452 ], [ 3.9680262, 44.283222099999989 ], [ 3.9697604, 44.2829971 ], [ 3.9706801, 44.282989 ], [ 3.9714662, 44.2823537 ], [ 3.9715672, 44.282178099999989 ], [ 3.9744546, 44.2821238 ], [ 3.9746146, 44.2819531 ], [ 3.9768354, 44.282263799999988 ], [ 3.9780585, 44.2816165 ], [ 3.9789784, 44.2809727 ], [ 3.9791373, 44.2804474 ], [ 3.9798037, 44.2804397 ], [ 3.980933, 44.2799498 ], [ 3.9821242, 44.2787617 ], [ 3.9822694, 44.2783238 ], [ 3.9834226, 44.2779129 ], [ 3.9841551, 44.2775247 ], [ 3.9846684, 44.2771348 ], [ 3.9862523, 44.2782971 ], [ 3.9872122, 44.2787386 ], [ 3.9889848, 44.2782105 ], [ 3.9899767, 44.2781106 ], [ 3.9908073, 44.2778853 ], [ 3.9925126, 44.277887 ], [ 3.9933535, 44.2777507 ], [ 3.994872, 44.276889 ], [ 3.9972555, 44.2764065 ], [ 3.9976393, 44.2759313 ], [ 3.9975243, 44.2757343 ], [ 3.9981196, 44.2753868 ], [ 4.0009784, 44.2733047 ], [ 4.0041869, 44.2713113 ], [ 4.0062769, 44.269701499999989 ], [ 4.0075181, 44.2683416 ], [ 4.0079947, 44.2680897 ], [ 4.0084513, 44.2676273 ], [ 4.0118153, 44.2662434 ], [ 4.0132585, 44.2628076 ], [ 4.0143438, 44.2608009 ], [ 4.0150213, 44.259745099999989 ], [ 4.0152027, 44.258962 ], [ 4.0164758, 44.2581491 ], [ 4.0175047, 44.2577588 ], [ 4.0179325, 44.2568906 ], [ 4.0181381, 44.2567582 ], [ 4.0189379, 44.2556138 ], [ 4.0187818, 44.255077899999989 ], [ 4.0186455, 44.2539053 ], [ 4.0183379, 44.2528864 ], [ 4.0183448, 44.2503406 ], [ 4.0215632, 44.2522057 ], [ 4.0227282, 44.2518689 ], [ 4.0264965, 44.2510281 ], [ 4.0272086, 44.2501681 ], [ 4.0283979, 44.249038 ], [ 4.0298008, 44.2487044 ], [ 4.0313544, 44.2486709 ], [ 4.0333788, 44.2482945 ], [ 4.0344427, 44.2474357 ], [ 4.0348409, 44.2472951 ], [ 4.0358698, 44.2465148 ], [ 4.0362816, 44.2445116 ], [ 4.036457, 44.244104 ], [ 4.0373871, 44.2428529 ], [ 4.0381485, 44.2429934 ], [ 4.039845, 44.2426362 ], [ 4.039205, 44.2407167 ], [ 4.0392663, 44.2401661 ], [ 4.0398234, 44.2402293 ], [ 4.040534, 44.2406024 ], [ 4.0451105, 44.2424953 ], [ 4.0453498, 44.242637 ], [ 4.0466426, 44.2440236 ], [ 4.0471081, 44.2442109 ], [ 4.0485147, 44.2444315 ], [ 4.0499682, 44.2442061 ], [ 4.0504779, 44.2442048 ], [ 4.0504467, 44.2444158 ], [ 4.0514408, 44.2444063 ], [ 4.0516881, 44.2443004 ], [ 4.052113, 44.2446627 ], [ 4.0529974, 44.24508 ], [ 4.0531186, 44.245204 ], [ 4.0531398, 44.2457394 ], [ 4.0532783, 44.2459118 ], [ 4.0543085, 44.2463619 ], [ 4.0559528, 44.2466333 ], [ 4.0581688, 44.2463995 ], [ 4.0582918, 44.2464793 ], [ 4.0591051, 44.246575 ], [ 4.0598997, 44.2471462 ], [ 4.0606148, 44.2478846 ], [ 4.0606465, 44.2481715 ], [ 4.0604684, 44.2484937 ], [ 4.0606575, 44.2485584 ], [ 4.0608543, 44.2495062 ], [ 4.0610938, 44.2499261 ], [ 4.0628766, 44.2508991 ], [ 4.0638749, 44.2511028 ], [ 4.0652767, 44.2511216 ], [ 4.0658646, 44.2513482 ], [ 4.0659843, 44.2516558 ], [ 4.0654389, 44.2521589 ], [ 4.0648508, 44.2529846 ], [ 4.0648315, 44.2532963 ], [ 4.0649411, 44.2535302 ], [ 4.0650933, 44.2536277 ], [ 4.0654047, 44.2536697 ], [ 4.0666927, 44.2533647 ], [ 4.0676309, 44.253234899999988 ], [ 4.0679154, 44.2533087 ], [ 4.0681137, 44.2536002 ], [ 4.0680858, 44.2538489 ], [ 4.0679177, 44.254031499999989 ], [ 4.0669026, 44.2544663 ], [ 4.0649676, 44.2542717 ], [ 4.0647754, 44.2543114 ], [ 4.0645384, 44.2544928 ], [ 4.0645396, 44.2546917 ], [ 4.0647542, 44.254912 ], [ 4.0654444, 44.2552528 ], [ 4.0659746, 44.2556716 ], [ 4.0663918, 44.2558773 ], [ 4.0665668, 44.256125 ], [ 4.0664637, 44.2563069 ], [ 4.0658913, 44.2563071 ], [ 4.0655191, 44.2564295 ], [ 4.0653381, 44.2566599 ], [ 4.0653268, 44.256859 ], [ 4.06555, 44.2571422 ], [ 4.0659423, 44.257286 ], [ 4.0662692, 44.2572837 ], [ 4.0667066, 44.257166 ], [ 4.0673723, 44.2572658 ], [ 4.0673708, 44.2576502 ], [ 4.067467, 44.2578365 ], [ 4.0684149, 44.2583548 ], [ 4.0675154, 44.2586777 ], [ 4.0673388, 44.2586803 ], [ 4.0671029, 44.2585251 ], [ 4.0667985, 44.2584569 ], [ 4.0659882, 44.2584639 ], [ 4.0648284, 44.2590675 ], [ 4.0639458, 44.2591615 ], [ 4.0637532, 44.259447 ], [ 4.0636305, 44.2599154 ], [ 4.063765, 44.261078 ], [ 4.0634441, 44.2620002 ], [ 4.0641154, 44.2621927 ], [ 4.0644835, 44.2624511 ], [ 4.0645439, 44.2626638 ], [ 4.0646017, 44.2651469 ], [ 4.064465, 44.2658072 ], [ 4.0637589, 44.2677675 ], [ 4.0635726, 44.2677837 ], [ 4.0635106, 44.2678869 ], [ 4.0635049, 44.2685873 ], [ 4.0631013, 44.269044 ], [ 4.0630665, 44.2693927 ], [ 4.0619939, 44.2701854 ], [ 4.061901, 44.2709793 ], [ 4.0617388, 44.2713518 ], [ 4.061439, 44.2715986 ], [ 4.0609636, 44.271833699999988 ], [ 4.0607563, 44.2720742 ], [ 4.0606101, 44.2725609 ], [ 4.0607222, 44.2734654 ], [ 4.0605255, 44.2736644 ], [ 4.0600766, 44.2745843 ], [ 4.0597168, 44.2748425 ], [ 4.0585206, 44.2751313 ], [ 4.0573393, 44.2764867 ], [ 4.0570576, 44.2767 ], [ 4.0569127, 44.276723 ], [ 4.0567697, 44.277188 ], [ 4.0565552, 44.2774448 ], [ 4.0559711, 44.2774981 ], [ 4.0529472, 44.2780862 ], [ 4.05188, 44.2781738 ], [ 4.0517186, 44.2782555 ], [ 4.0511456, 44.2786391 ], [ 4.0499987, 44.2801056 ], [ 4.0485287, 44.2813863 ], [ 4.0481298, 44.2814306 ], [ 4.0462828, 44.2821818 ], [ 4.0442984, 44.2822781 ], [ 4.0433838, 44.2821482 ], [ 4.0425497, 44.2819031 ], [ 4.0423377, 44.2815505 ], [ 4.0415027, 44.2812496 ], [ 4.0402824, 44.2816708 ], [ 4.0391369, 44.2818688 ], [ 4.0386039, 44.2823213 ], [ 4.0380562, 44.2825884 ], [ 4.0373349, 44.2833046 ], [ 4.0370731, 44.2837869 ], [ 4.0365438, 44.2844472 ], [ 4.0363295, 44.2845834 ], [ 4.0359561, 44.2855492 ], [ 4.0363863, 44.2865264 ], [ 4.037112, 44.2869435 ], [ 4.0374034, 44.2872558 ], [ 4.0373194, 44.2874556 ], [ 4.0368319, 44.2877996 ], [ 4.0367199, 44.2881166 ], [ 4.0370136, 44.2893777 ], [ 4.0376808, 44.2899484 ], [ 4.03783, 44.2903647 ], [ 4.0384082, 44.2904565 ], [ 4.0387795, 44.2910192 ], [ 4.0392445, 44.2912984 ], [ 4.0397354, 44.2917511 ], [ 4.0395788, 44.2933306 ], [ 4.0398725, 44.293354799999989 ], [ 4.0425561, 44.2943836 ], [ 4.0434453, 44.2945498 ], [ 4.0453009, 44.2947185 ], [ 4.0456773, 44.295084 ], [ 4.0459166, 44.2955534 ], [ 4.0462763, 44.2957552 ], [ 4.0463969, 44.2960404 ], [ 4.0473557, 44.2970566 ], [ 4.047809, 44.2977121 ], [ 4.0481796, 44.2985044 ], [ 4.0482126, 44.2991351 ], [ 4.0484081, 44.299677 ], [ 4.0493445, 44.3002865 ], [ 4.0501619, 44.3010384 ], [ 4.0508749, 44.3028483 ], [ 4.0508035, 44.303327 ], [ 4.0503494, 44.3038516 ], [ 4.0503154, 44.3042507 ], [ 4.0505009, 44.305467 ], [ 4.0499756, 44.3060031 ], [ 4.04928, 44.3078435 ], [ 4.0489358, 44.308485 ], [ 4.0490556, 44.3087891 ], [ 4.0488789, 44.3091346 ], [ 4.0474619, 44.3105444 ], [ 4.0471247, 44.311022 ], [ 4.0470445, 44.3114954 ], [ 4.0482626, 44.3108581 ], [ 4.0499506, 44.310274 ], [ 4.0527648, 44.3098492 ], [ 4.0531024, 44.3098657 ], [ 4.0553489, 44.311001 ], [ 4.0555804, 44.3112499 ], [ 4.0549558, 44.3116403 ], [ 4.0522523, 44.3129022 ], [ 4.0517642, 44.3135586 ], [ 4.0518646, 44.3139655 ], [ 4.0529574, 44.3146842 ], [ 4.053395, 44.3152895 ], [ 4.0534494, 44.3156562 ], [ 4.0533423, 44.3160975 ], [ 4.0529789, 44.3164457 ], [ 4.0518173, 44.3168908 ], [ 4.0508573, 44.3174563 ], [ 4.0501938, 44.317991 ], [ 4.0493711, 44.3184544 ], [ 4.0484998, 44.3187364 ], [ 4.0474756, 44.3189505 ], [ 4.0469221, 44.3189891 ], [ 4.0467928, 44.3192532 ], [ 4.0467955, 44.319534 ], [ 4.0470341, 44.3198972 ], [ 4.0473151, 44.320035 ], [ 4.0488736, 44.3204333 ], [ 4.0494453, 44.32077 ], [ 4.0495805, 44.3209577 ], [ 4.0496022, 44.3212528 ], [ 4.0493376, 44.3214525 ], [ 4.0487842, 44.3215009 ], [ 4.0470321, 44.321347499999987 ], [ 4.0463262, 44.3214857 ], [ 4.0461626, 44.3217267 ], [ 4.0462169, 44.3222933 ], [ 4.0467005, 44.3230152 ], [ 4.046861, 44.3234241 ], [ 4.0466676, 44.3238122 ], [ 4.0462561, 44.3240105 ], [ 4.0459685, 44.3240547 ], [ 4.043661, 44.323912799999988 ], [ 4.0433009, 44.323972 ], [ 4.0425683, 44.3246352 ], [ 4.0421979, 44.3253652 ], [ 4.0419549, 44.3256529 ], [ 4.0416417, 44.3258062 ], [ 4.0406183, 44.3260715 ], [ 4.039847, 44.3264812 ], [ 4.0395589, 44.3272509 ], [ 4.0392616, 44.327522 ], [ 4.0387685, 44.3277112 ], [ 4.0374378, 44.3279812 ], [ 4.0368295, 44.328185 ], [ 4.036554, 44.3284793 ], [ 4.0361331, 44.3294663 ], [ 4.0358989, 44.3296251 ], [ 4.0356155, 44.3296953 ], [ 4.0342874, 44.3297645 ], [ 4.0337734, 44.330121399999989 ], [ 4.0336112, 44.3305109 ], [ 4.0336638, 44.3307129 ], [ 4.0338695, 44.3307812 ], [ 4.0344167, 44.3307356 ], [ 4.0347823, 44.3308347 ], [ 4.0350661, 44.3311292 ], [ 4.0350791, 44.3312938 ], [ 4.0348173, 44.3315834 ], [ 4.0339537, 44.332029 ], [ 4.0330985, 44.3326573 ], [ 4.0329036, 44.3331777 ], [ 4.0328914, 44.334024 ], [ 4.0326695, 44.3344438 ], [ 4.0324056, 44.3344841 ], [ 4.0321585, 44.3344117 ], [ 4.0320079, 44.3342727 ], [ 4.0315586, 44.332949 ], [ 4.0310189, 44.3321007 ], [ 4.030492, 44.3318815 ], [ 4.0300289, 44.3317967 ], [ 4.0290097, 44.3318206 ], [ 4.0282241, 44.3316614 ], [ 4.0280077, 44.3313448 ], [ 4.0279729, 44.3307375 ], [ 4.0278018, 44.3303673 ], [ 4.0273099, 44.3302809 ], [ 4.0268917, 44.3303893 ], [ 4.0251681, 44.3316828 ], [ 4.0243976, 44.3320059 ], [ 4.0232429, 44.3323083 ], [ 4.0229824, 44.3324692 ], [ 4.0226914, 44.3328842 ], [ 4.022448, 44.3336445 ], [ 4.0224682, 44.3342078 ], [ 4.0227608, 44.3351314 ], [ 4.0226038, 44.335466 ], [ 4.0223496, 44.3355592 ], [ 4.0203897, 44.3357953 ], [ 4.01988, 44.3359134 ], [ 4.019759, 44.336019 ], [ 4.0197161, 44.3362814 ], [ 4.0198014, 44.3364903 ], [ 4.0206852, 44.337232 ], [ 4.0208512, 44.3374654 ], [ 4.0208874, 44.3378 ], [ 4.0207177, 44.3379888 ], [ 4.0198488, 44.3381481 ], [ 4.0187214, 44.3379524 ], [ 4.0181382, 44.3379551 ], [ 4.0165585, 44.3382074 ], [ 4.0135782, 44.339051399999988 ], [ 4.011287, 44.3395712 ], [ 4.0099824, 44.3400603 ], [ 4.0094974, 44.3403645 ], [ 4.0088594, 44.3405333 ], [ 4.0066435, 44.3407075 ], [ 4.0058519, 44.3406355 ], [ 4.0055826, 44.3405129 ], [ 4.0051535, 44.3405789 ], [ 4.0045481, 44.3410273 ], [ 4.0043832, 44.3412782 ], [ 4.004193, 44.3420154 ], [ 4.0035383, 44.3425858 ], [ 4.0030237, 44.343209 ], [ 4.0029812, 44.3435713 ], [ 4.0034073, 44.3445423 ], [ 4.0033785, 44.3449684 ], [ 4.0029848, 44.345473399999989 ], [ 4.0018843, 44.3463108 ], [ 4.0013246, 44.3472917 ], [ 4.0009653, 44.3473346 ], [ 3.999408, 44.3478078 ], [ 3.9983945, 44.3482428 ], [ 3.9979843, 44.3483204 ], [ 3.9966223, 44.3488423 ], [ 3.9961295, 44.3488593 ], [ 3.9956364, 44.3487837 ], [ 3.9946065, 44.3485013 ], [ 3.9940718, 44.3482739 ], [ 3.9929587, 44.3482542 ], [ 3.9922045, 44.3480288 ], [ 3.9916913, 44.348094599999989 ], [ 3.9909895, 44.3484241 ], [ 3.9905478, 44.3491357 ], [ 3.9906349, 44.3503151 ], [ 3.9900765, 44.351314 ], [ 3.9897396, 44.3517068 ], [ 3.989713, 44.3519816 ], [ 3.9898046, 44.3521932 ], [ 3.9900303, 44.3524748 ], [ 3.9909118, 44.3531645 ], [ 3.9925092, 44.3548939 ], [ 3.9941145, 44.3559992 ], [ 3.9946729, 44.356213 ], [ 3.9958308, 44.3570577 ], [ 3.9961649, 44.3570754 ], [ 3.9965565, 44.3569395 ], [ 3.9971242, 44.3559765 ], [ 3.997474, 44.3557447 ], [ 3.9979829, 44.3555735 ], [ 3.9995228, 44.3553111 ], [ 4.0005904, 44.3540978 ], [ 4.0012785, 44.353771 ], [ 4.0015997, 44.3536988 ], [ 4.0022446, 44.3536974 ], [ 4.0024397, 44.3538784 ], [ 4.0025866, 44.3543812 ], [ 4.0025619, 44.3553249 ], [ 4.0030135, 44.3560985 ], [ 4.0032225, 44.3562092 ], [ 4.0034444, 44.3561981 ], [ 4.0043146, 44.3557392 ], [ 4.0047566, 44.3557586 ], [ 4.0050973, 44.3559382 ], [ 4.0052758, 44.356312 ], [ 4.0051322, 44.3568453 ], [ 4.0045132, 44.3571777 ], [ 4.0029859, 44.3575149 ], [ 4.0028974, 44.3576876 ], [ 4.002903, 44.3580071 ], [ 4.0032844, 44.3580748 ], [ 4.0034597, 44.3582631 ], [ 4.0034979, 44.3600705 ], [ 4.0039629, 44.3606757 ], [ 4.0039291, 44.3609605 ], [ 4.0033226, 44.3616502 ], [ 4.0031261, 44.3616781 ], [ 4.002515, 44.3615378 ], [ 4.001808, 44.3610113 ], [ 4.0008425, 44.3604826 ], [ 4.000131, 44.3601974 ], [ 3.9996627, 44.3597534 ], [ 3.9992709, 44.3596651 ], [ 3.9989169, 44.3598006 ], [ 3.9984331, 44.3601174 ], [ 3.9983021, 44.3603716 ], [ 3.9984654, 44.3607419 ], [ 3.9994898, 44.3621171 ], [ 3.9997041, 44.3626697 ], [ 3.9993719, 44.3635442 ], [ 3.9991457, 44.3638073 ], [ 3.9987112, 44.3640066 ], [ 3.9984812, 44.3639133 ], [ 3.9975923, 44.3631066 ], [ 3.9958872, 44.362193 ], [ 3.9950738, 44.3618925 ], [ 3.9942224, 44.3617174 ], [ 3.9936951, 44.3618428 ], [ 3.9933425, 44.3620585 ], [ 3.9925504, 44.3628308 ], [ 3.9918927, 44.3637541 ], [ 3.9911665, 44.3644223 ], [ 3.9908425, 44.3649842 ], [ 3.990496, 44.3651899 ], [ 3.9886186, 44.3656929 ], [ 3.9884087, 44.3658163 ], [ 3.9876419, 44.367467 ], [ 3.9875873, 44.3679384 ], [ 3.9860677, 44.3693906 ], [ 3.9853906, 44.3697099 ], [ 3.9848934, 44.3698422 ], [ 3.9846311, 44.3696996 ], [ 3.9835619, 44.3697749 ], [ 3.983598, 44.3700482 ], [ 3.9835051, 44.370338 ], [ 3.9832598, 44.370595 ], [ 3.9827795, 44.3709017 ], [ 3.9822427, 44.3717951 ], [ 3.9813056, 44.3720339 ], [ 3.9808346, 44.3723064 ], [ 3.9802561, 44.3724555 ], [ 3.9800552, 44.3725969 ], [ 3.9797556, 44.3726166 ], [ 3.9791877, 44.3735273 ], [ 3.9791509, 44.3737239 ], [ 3.9792581, 44.3740425 ], [ 3.9800205, 44.3750161 ], [ 3.9809152, 44.3758715 ], [ 3.9814254, 44.3769193 ], [ 3.9814564, 44.3777679 ], [ 3.9817461, 44.3781137 ], [ 3.9822608, 44.3785557 ], [ 3.9827069, 44.3787272 ], [ 3.9838376, 44.3789305 ], [ 3.9846769, 44.3793389 ], [ 3.9848524, 44.3796119 ], [ 3.9850375, 44.3802944 ], [ 3.9851041, 44.3813102 ], [ 3.9861591, 44.3815555 ], [ 3.9873851, 44.3816769 ], [ 3.988866, 44.3821614 ], [ 3.9892654, 44.3821722 ], [ 3.989974, 44.3819921 ], [ 3.9915405, 44.3812713 ], [ 3.9915893, 44.381117 ], [ 3.9921054, 44.3808404 ], [ 3.9932679, 44.3797028 ], [ 3.9943416, 44.3791557 ], [ 3.9951953, 44.3785926 ], [ 3.995261, 44.3781923 ], [ 3.9962332, 44.3773732 ], [ 3.9963705, 44.3771136 ], [ 3.9965982, 44.3769306 ], [ 3.9970496, 44.3767618 ], [ 3.996923, 44.376483 ], [ 3.9961889, 44.3762808 ], [ 3.9958844, 44.3760936 ], [ 3.9958936, 44.3758351 ], [ 3.9962409, 44.3755259 ], [ 3.9968257, 44.3759509 ], [ 3.9978066, 44.3762679 ], [ 3.9992105, 44.3763029 ], [ 4.0002479, 44.3760567 ], [ 4.000707, 44.3762524 ], [ 4.0013455, 44.3763726 ], [ 4.0017343, 44.3764951 ], [ 4.0023997, 44.377284 ], [ 4.0030687, 44.3776389 ], [ 4.0033208, 44.3776969 ], [ 4.0050892, 44.37776 ], [ 4.0069808, 44.3781136 ], [ 4.0099829, 44.3776009 ], [ 4.0124379, 44.3775864 ], [ 4.0132183, 44.3777827 ], [ 4.0137139, 44.3783318 ], [ 4.0143276, 44.3787438 ], [ 4.0147621, 44.3788974 ], [ 4.0154135, 44.3789598 ], [ 4.0158636, 44.3792095 ], [ 4.0160632, 44.3794246 ], [ 4.0190832, 44.3800449 ], [ 4.0193356, 44.3789343 ], [ 4.0194012, 44.3778381 ], [ 4.0192464, 44.3758608 ], [ 4.0193929, 44.3754931 ], [ 4.0198533, 44.3749217 ], [ 4.0200151, 44.3742855 ], [ 4.0202011, 44.3739552 ], [ 4.0201961, 44.3736032 ], [ 4.0210996, 44.3723444 ], [ 4.0220597, 44.3716459 ], [ 4.0213016, 44.3684436 ], [ 4.021288, 44.3674769 ], [ 4.0212017, 44.3673571 ], [ 4.0212527, 44.3662835 ], [ 4.0217236, 44.3648406 ], [ 4.0222041, 44.3642095 ], [ 4.0225252, 44.3640625 ], [ 4.0229767, 44.3636955 ], [ 4.0239039, 44.3632746 ], [ 4.0258391, 44.3615488 ], [ 4.0260032, 44.3613267 ], [ 4.0261205, 44.3608026 ], [ 4.0271383, 44.3597011 ], [ 4.0258712, 44.3593051 ], [ 4.0272617, 44.3580642 ], [ 4.0277741, 44.3573987 ], [ 4.0280168, 44.3568779 ], [ 4.0282847, 44.3552541 ], [ 4.0290173, 44.3539302 ], [ 4.0293762, 44.3535181 ], [ 4.0299762, 44.3531209 ], [ 4.0310428, 44.3529246 ], [ 4.0325416, 44.3529627 ], [ 4.0337833, 44.3532859 ], [ 4.0339964, 44.3532731 ], [ 4.0346365, 44.3534247 ], [ 4.0351781, 44.353398 ], [ 4.0354199, 44.353519 ], [ 4.0358664, 44.3534374 ], [ 4.0364752, 44.3534542 ], [ 4.0367789, 44.3533226 ], [ 4.0372738, 44.353353 ], [ 4.0376911, 44.3531889 ], [ 4.0376483, 44.3530416 ], [ 4.0385848, 44.3525251 ], [ 4.038882, 44.3522396 ], [ 4.0392842, 44.3520755 ], [ 4.0405727, 44.3516628 ], [ 4.0421074, 44.351472699999988 ], [ 4.0430181, 44.3526938 ], [ 4.0430358, 44.3537226 ], [ 4.0431632, 44.3545748 ], [ 4.0433964, 44.3552514 ], [ 4.0445852, 44.3572566 ], [ 4.0451668, 44.3578317 ], [ 4.0453055, 44.3582796 ], [ 4.0484926, 44.3600381 ], [ 4.0495313, 44.360972499999988 ], [ 4.0503262, 44.3606625 ], [ 4.0505483, 44.3601868 ], [ 4.0510289, 44.3595818 ], [ 4.0523672, 44.3590091 ], [ 4.0528576, 44.3588639 ], [ 4.0532328, 44.3589297 ], [ 4.0532927, 44.3592496 ], [ 4.0531289, 44.3597526 ], [ 4.053143, 44.3600387 ], [ 4.0533311, 44.3601656 ], [ 4.0535652, 44.3602075 ], [ 4.0539823, 44.3600298 ], [ 4.0541531, 44.3597023 ], [ 4.0544329, 44.3594277 ], [ 4.0548822, 44.3592325 ], [ 4.0554193, 44.3591644 ], [ 4.0555256, 44.3602941 ], [ 4.0553618, 44.3607286 ], [ 4.0555158, 44.3609117 ], [ 4.0559864, 44.3609774 ], [ 4.0563432, 44.3612027 ], [ 4.0568636, 44.361321 ], [ 4.0569863, 44.3614395 ], [ 4.0570064, 44.3616446 ], [ 4.0568167, 44.3621011 ], [ 4.0567946, 44.362735 ], [ 4.0569249, 44.3632586 ], [ 4.0571687, 44.3633436 ], [ 4.0573381, 44.3636823 ], [ 4.0572171, 44.3642605 ], [ 4.0569845, 44.3645058 ], [ 4.0560141, 44.3646852 ], [ 4.0554354, 44.3649483 ], [ 4.0550335, 44.3655373 ], [ 4.0551707, 44.3659618 ], [ 4.0551241, 44.3660883 ], [ 4.0547454, 44.3662377 ], [ 4.0538741, 44.3662875 ], [ 4.0536522, 44.3663643 ], [ 4.0530281, 44.3669555 ], [ 4.0526403, 44.3681691 ], [ 4.0529932, 44.3702768 ], [ 4.0524035, 44.3712277 ], [ 4.051864, 44.372657 ], [ 4.051373, 44.3733198 ], [ 4.050562, 44.3740522 ], [ 4.0506369, 44.3744395 ], [ 4.0518065, 44.3757778 ], [ 4.0519123, 44.3761351 ], [ 4.0516491, 44.3774421 ], [ 4.0523597, 44.378259 ], [ 4.0531334, 44.3788953 ], [ 4.0518528, 44.37949 ], [ 4.0501104, 44.3800927 ], [ 4.0498599, 44.3801221 ], [ 4.0485525, 44.3806936 ], [ 4.0481798, 44.3807701 ], [ 4.0477151, 44.38123 ], [ 4.0472754, 44.3818905 ], [ 4.0466084, 44.3825459 ], [ 4.0464815, 44.3830855 ], [ 4.046244, 44.3835495 ], [ 4.0441946, 44.3842595 ], [ 4.0437661, 44.3845102 ], [ 4.0430091, 44.3861414 ], [ 4.042419, 44.3868915 ], [ 4.041912, 44.3882656 ], [ 4.0415552, 44.3886588 ], [ 4.0414563, 44.3895609 ], [ 4.0402176, 44.3916369 ], [ 4.040511, 44.3920248 ], [ 4.0405154, 44.3924002 ], [ 4.0410113, 44.3933533 ], [ 4.0414702, 44.3938009 ], [ 4.0418434, 44.394361 ], [ 4.0421772, 44.3946243 ], [ 4.042858, 44.3947727 ], [ 4.043209, 44.3946739 ], [ 4.0438045, 44.3943532 ], [ 4.0441395, 44.3943392 ], [ 4.0444682, 44.3947376 ], [ 4.0448538, 44.3948096 ], [ 4.0450855, 44.3951891 ], [ 4.0448099, 44.3958336 ], [ 4.0448559, 44.3960825 ], [ 4.0452525, 44.3962057 ], [ 4.04617, 44.3961862 ], [ 4.0465121, 44.3962864 ], [ 4.0466139, 44.3966303 ], [ 4.0465944, 44.3972048 ], [ 4.0470097, 44.397462 ], [ 4.0477975, 44.397351799999988 ], [ 4.0483279, 44.3956849 ], [ 4.0486909, 44.3956247 ], [ 4.0491357, 44.3957078 ], [ 4.0501425, 44.3963743 ], [ 4.050484, 44.3963765 ], [ 4.0509503, 44.395993 ], [ 4.0521092, 44.3955876 ], [ 4.0527635, 44.3954571 ], [ 4.0532273, 44.3951439 ], [ 4.0533245, 44.3947667 ], [ 4.0530449, 44.3941176 ], [ 4.0532448, 44.3937934 ], [ 4.0541766, 44.3938007 ], [ 4.0543588, 44.3935378 ], [ 4.054982, 44.3932933 ], [ 4.0562489, 44.3926204 ], [ 4.0564997, 44.3926081 ], [ 4.0567372, 44.3926859 ], [ 4.056934, 44.3932044 ], [ 4.0569638, 44.3937271 ], [ 4.0573248, 44.3941603 ], [ 4.0576987, 44.3943512 ], [ 4.0594473, 44.3943253 ], [ 4.0607335, 44.3942166 ], [ 4.0615282, 44.3942801 ], [ 4.0619257, 44.3944545 ], [ 4.0625617, 44.3949606 ], [ 4.0627717, 44.3950441 ], [ 4.0629699, 44.3949675 ], [ 4.0636982, 44.3942349 ], [ 4.0644582, 44.3940529 ], [ 4.06453, 44.3945311 ], [ 4.0639026, 44.3954887 ], [ 4.0636304, 44.39637 ], [ 4.0633799, 44.3966749 ], [ 4.0633122, 44.397078 ], [ 4.0622957, 44.3979151 ], [ 4.0623363, 44.3986719 ], [ 4.0625443, 44.3987833 ], [ 4.0629278, 44.3988084 ], [ 4.0638115, 44.3990582 ], [ 4.0643518, 44.3993474 ], [ 4.064822, 44.3999082 ], [ 4.0661463, 44.4006858 ], [ 4.0667113, 44.4013493 ], [ 4.0672011, 44.4023501 ], [ 4.0673931, 44.4030765 ], [ 4.0684312, 44.4050462 ], [ 4.0671213, 44.4055126 ], [ 4.0667296, 44.4058513 ], [ 4.0662132, 44.406039 ], [ 4.0657966, 44.4063194 ], [ 4.065597, 44.4065257 ], [ 4.0654431, 44.4070233 ], [ 4.0650169, 44.407334399999989 ], [ 4.0648126, 44.4076208 ], [ 4.0645444, 44.407717 ], [ 4.0641711, 44.4081672 ], [ 4.0629617, 44.4087748 ], [ 4.0617656, 44.4089484 ], [ 4.0617987, 44.4090399 ], [ 4.0615231, 44.4090102 ], [ 4.0611002, 44.4091619 ], [ 4.0609019, 44.40937 ], [ 4.0607055, 44.4098814 ], [ 4.0590444, 44.411986 ], [ 4.0590691, 44.4121676 ], [ 4.0585371, 44.4124653 ], [ 4.0572707, 44.4136532 ], [ 4.0550698, 44.4146475 ], [ 4.0531572, 44.415205 ], [ 4.052368, 44.4155862 ], [ 4.0513263, 44.4163758 ], [ 4.0491628, 44.4171562 ], [ 4.0477656, 44.418086 ], [ 4.0465788, 44.41837 ], [ 4.0433936, 44.41852 ], [ 4.0429021, 44.4185003 ], [ 4.0410133, 44.418114 ], [ 4.0396881, 44.4180464 ], [ 4.039128, 44.4181903 ], [ 4.0380751, 44.4186558 ], [ 4.0362645, 44.4191716 ], [ 4.0357794, 44.4195011 ], [ 4.0354404, 44.4199211 ], [ 4.0354441, 44.4200561 ], [ 4.0366725, 44.4210096 ], [ 4.0375197, 44.4221387 ], [ 4.0387903, 44.4231926 ], [ 4.0390038, 44.4237407 ], [ 4.0397729, 44.4241674 ], [ 4.0405382, 44.4248632 ], [ 4.0404845, 44.4251509 ], [ 4.0406013, 44.4253569 ], [ 4.0415153, 44.4257354 ], [ 4.0419976, 44.4260711 ], [ 4.0426803, 44.4263023 ], [ 4.0426941, 44.4264363 ], [ 4.0422758, 44.426985 ], [ 4.0422434, 44.4272751 ], [ 4.0419339, 44.4275896 ], [ 4.0420673, 44.4279466 ], [ 4.0422493, 44.428142 ], [ 4.0439141, 44.4291706 ], [ 4.0444437, 44.4294104 ], [ 4.0454146, 44.4295993 ], [ 4.0454331, 44.4305318 ], [ 4.046139, 44.431338 ], [ 4.0463303, 44.4318332 ], [ 4.0459259, 44.433606 ], [ 4.0454444, 44.43441 ], [ 4.0452502, 44.4353878 ], [ 4.0441704, 44.4354988 ], [ 4.0432204, 44.4361794 ], [ 4.0426497, 44.4367079 ], [ 4.0427189, 44.4384187 ], [ 4.042515, 44.4388779 ], [ 4.0421104, 44.4391536 ], [ 4.0418461, 44.4409045 ], [ 4.0407405, 44.4418008 ], [ 4.0394269, 44.4424614 ], [ 4.0393949, 44.4427065 ], [ 4.0395605, 44.4430345 ], [ 4.0394901, 44.4433034 ], [ 4.0389238, 44.443604 ], [ 4.038494, 44.4440825 ], [ 4.0381125, 44.4442473 ], [ 4.0380408, 44.4448601 ], [ 4.0381497, 44.445176 ], [ 4.0376711, 44.445327299999988 ], [ 4.0376426, 44.4455535 ], [ 4.0371748, 44.4460846 ], [ 4.0368645, 44.445749 ], [ 4.0361697, 44.4454152 ], [ 4.0354885, 44.4447941 ], [ 4.0351533, 44.4443985 ], [ 4.0348916, 44.4438355 ], [ 4.0341476, 44.4436256 ], [ 4.0337684, 44.4437137 ], [ 4.0336671, 44.4438074 ], [ 4.0333474, 44.4450879 ], [ 4.032994, 44.4454153 ], [ 4.0326991, 44.4458511 ], [ 4.0324755, 44.4459936 ], [ 4.0316445, 44.4462562 ], [ 4.030651, 44.4464915 ], [ 4.0299253, 44.4465316 ], [ 4.0290938, 44.4463494 ], [ 4.0285542, 44.4457719 ], [ 4.0285989, 44.4453277 ], [ 4.0283316, 44.4447936 ], [ 4.0280016, 44.4446148 ], [ 4.0276934, 44.4445952 ], [ 4.0274989, 44.4446798 ], [ 4.0270107, 44.4452011 ], [ 4.0269561, 44.4455177 ], [ 4.0268117, 44.4455919 ], [ 4.0261716, 44.4456384 ], [ 4.024632, 44.4455636 ], [ 4.0231991, 44.4456894 ], [ 4.0226753, 44.4459788 ], [ 4.0216402, 44.446768 ], [ 4.0213085, 44.4472635 ], [ 4.0214317, 44.4480978 ], [ 4.0219087, 44.4488307 ], [ 4.0220959, 44.4498031 ], [ 4.0220066, 44.4500083 ], [ 4.0208655, 44.4502196 ], [ 4.0203779, 44.4500873 ], [ 4.0197108, 44.449683 ], [ 4.0194983, 44.4496768 ], [ 4.019031, 44.4498279 ], [ 4.0177576, 44.4505842 ], [ 4.0174816, 44.4508226 ], [ 4.0169898, 44.4510072 ], [ 4.0163044, 44.4509838 ], [ 4.0153587, 44.4506747 ], [ 4.0150498, 44.4506866 ], [ 4.0148561, 44.4508198 ], [ 4.0147382, 44.4509757 ], [ 4.0147327, 44.4520669 ], [ 4.0149742, 44.4531315 ], [ 4.0153902, 44.4538254 ], [ 4.0154444, 44.4543956 ], [ 4.0153705, 44.4545494 ], [ 4.0149706, 44.4546791 ], [ 4.0139874, 44.4547323 ], [ 4.0123667, 44.4546346 ], [ 4.0118542, 44.4544413 ], [ 4.0116337, 44.4544793 ], [ 4.0108763, 44.4547932 ], [ 4.0105168, 44.45528 ], [ 4.0103798, 44.4557755 ], [ 4.0101354, 44.4559533 ], [ 4.0101469, 44.4561773 ], [ 4.009439, 44.4565835 ], [ 4.0088705, 44.4566347 ], [ 4.0082393, 44.4563433 ], [ 4.0069681, 44.456039 ], [ 4.0060852, 44.4560047 ], [ 4.005479, 44.4560571 ], [ 4.0049789, 44.4562777 ], [ 4.0044636, 44.4563499 ], [ 4.0041258, 44.4565141 ], [ 4.0038753, 44.456773 ], [ 4.0037966, 44.4574399 ], [ 4.0032159, 44.4583635 ], [ 4.002536, 44.4586514 ], [ 4.0018931, 44.4591146 ], [ 4.0015427, 44.4592069 ], [ 4.0009493, 44.4592726 ], [ 4.0002223, 44.4591739 ], [ 3.9993742, 44.4591978 ], [ 3.9990501, 44.4592791 ], [ 3.9983705, 44.4596597 ], [ 3.9979062, 44.4592075 ], [ 3.9976974, 44.4591311 ], [ 3.9967901, 44.4590709 ], [ 3.995762, 44.4588668 ], [ 3.9950765, 44.4588406 ], [ 3.9949179, 44.4586871 ], [ 3.9948794, 44.4582148 ], [ 3.9952056, 44.4575358 ], [ 3.995189, 44.4573775 ], [ 3.9949195, 44.4571324 ], [ 3.9942875, 44.4569355 ], [ 3.9936105, 44.4565338 ], [ 3.9933214, 44.4560304 ], [ 3.9933622, 44.4556376 ], [ 3.9935781, 44.455118 ], [ 3.9937581, 44.454918299999989 ], [ 3.9937316, 44.4546961 ], [ 3.993348, 44.4543971 ], [ 3.9928089, 44.4543299 ], [ 3.9925152, 44.453995 ], [ 3.9921385, 44.4538057 ], [ 3.9915635, 44.4539135 ], [ 3.9912506, 44.4541333 ], [ 3.9907221, 44.4540948 ], [ 3.9909685, 44.4535957 ], [ 3.9905831, 44.4531913 ], [ 3.9903728, 44.4517366 ], [ 3.9902734, 44.4516564 ], [ 3.990067, 44.4516412 ], [ 3.9892584, 44.4517601 ], [ 3.9889877, 44.4518733 ], [ 3.9887449, 44.4518601 ], [ 3.9886555, 44.451779 ], [ 3.9885772, 44.45147 ], [ 3.9890377, 44.451068 ], [ 3.9889852, 44.4507984 ], [ 3.9887408, 44.4504044 ], [ 3.9890064, 44.4500707 ], [ 3.9888166, 44.4497114 ], [ 3.9885297, 44.4495475 ], [ 3.9882873, 44.4495577 ], [ 3.9875502, 44.4500937 ], [ 3.9873252, 44.4501632 ], [ 3.9871181, 44.4501111 ], [ 3.9868193, 44.4494791 ], [ 3.9872299, 44.4489532 ], [ 3.9871529, 44.4486478 ], [ 3.9857301, 44.4481348 ], [ 3.9856625, 44.4479329 ], [ 3.9853508, 44.4476458 ], [ 3.9853228, 44.4471905 ], [ 3.9856524, 44.4464889 ], [ 3.9855106, 44.4458519 ], [ 3.9840718, 44.4453525 ], [ 3.9837317, 44.4453105 ], [ 3.9830892, 44.4452875 ], [ 3.9823625, 44.4454884 ], [ 3.9817189, 44.4454779 ], [ 3.9814016, 44.44537 ], [ 3.9810872, 44.4455016 ], [ 3.9806059, 44.4455013 ], [ 3.9794046, 44.4452888 ], [ 3.9789304, 44.4451192 ], [ 3.9781144, 44.4450967 ], [ 3.9779822, 44.4450106 ], [ 3.9779423, 44.4447409 ], [ 3.978195, 44.4441652 ], [ 3.9778008, 44.443823 ], [ 3.9776263, 44.4437624 ], [ 3.977155, 44.4438332 ], [ 3.9767601, 44.4433749 ], [ 3.9760541, 44.4433163 ], [ 3.9755334, 44.4431435 ], [ 3.975432, 44.4428753 ], [ 3.975481, 44.4426552 ], [ 3.9765209, 44.4408742 ], [ 3.97697, 44.4398836 ], [ 3.9766229, 44.4397984 ], [ 3.9764408, 44.4394363 ], [ 3.9760313, 44.4391555 ], [ 3.9751432, 44.4390283 ], [ 3.9750387, 44.4389401 ], [ 3.9750345, 44.4385512 ], [ 3.9749443, 44.4384242 ], [ 3.9738935, 44.4378942 ], [ 3.9724982, 44.4367641 ], [ 3.9721435, 44.4363765 ], [ 3.9720015, 44.4360807 ], [ 3.9719626, 44.4350629 ], [ 3.9721669, 44.4342283 ], [ 3.9718711, 44.433761 ], [ 3.9716999, 44.4330099 ], [ 3.9716353, 44.4318086 ], [ 3.9710462, 44.4312322 ], [ 3.9710845, 44.4309726 ], [ 3.9718958, 44.4300013 ], [ 3.9720105, 44.4288579 ], [ 3.9721719, 44.4284504 ], [ 3.9728291, 44.4275093 ], [ 3.9730788, 44.4266887 ], [ 3.9724521, 44.4264827 ], [ 3.9716008, 44.4263579 ], [ 3.9699347, 44.4237789 ], [ 3.969637, 44.4234853 ], [ 3.9688567, 44.4231087 ], [ 3.9679925, 44.4225266 ], [ 3.9672582, 44.4214546 ], [ 3.9668615, 44.4211799 ], [ 3.966942, 44.4202996 ], [ 3.9667452, 44.4196658 ], [ 3.9661319, 44.4190599 ], [ 3.965652, 44.418316 ], [ 3.9645377, 44.4174237 ], [ 3.9637955, 44.4165488 ], [ 3.962986, 44.4162192 ], [ 3.9627317, 44.4158884 ], [ 3.9620856, 44.4154133 ], [ 3.9614577, 44.4143151 ], [ 3.9611466, 44.4139667 ], [ 3.958549, 44.4120997 ], [ 3.9578336, 44.4117611 ], [ 3.9573021, 44.4112274 ], [ 3.957034, 44.411119 ], [ 3.9552284, 44.4113651 ], [ 3.9539662, 44.4118883 ], [ 3.9530553, 44.4120933 ], [ 3.9525182, 44.412567 ], [ 3.9520871, 44.4128498 ], [ 3.9517239, 44.4129835 ], [ 3.9492756, 44.413037 ], [ 3.9484485, 44.4123203 ], [ 3.9486609, 44.4122528 ], [ 3.9485817, 44.4117259 ], [ 3.9481404, 44.4113228 ], [ 3.9480832, 44.4111343 ], [ 3.9483936, 44.4106905 ], [ 3.949019, 44.4103898 ], [ 3.9493283, 44.4100396 ], [ 3.9492301, 44.4097992 ], [ 3.9488611, 44.409809599999988 ], [ 3.9487581, 44.4097349 ], [ 3.9488492, 44.409401 ], [ 3.9491398, 44.4089808 ], [ 3.9486403, 44.4081037 ], [ 3.9487332, 44.4078005 ], [ 3.9490062, 44.4076028 ], [ 3.9491146, 44.4074011 ], [ 3.9486522, 44.406792 ], [ 3.9484845, 44.4057023 ], [ 3.9488284, 44.4044931 ], [ 3.9487596, 44.4041299 ], [ 3.9488363, 44.403762 ], [ 3.9492423, 44.4031112 ], [ 3.9499645, 44.4026702 ], [ 3.9502796, 44.4021444 ], [ 3.9505363, 44.4019495 ], [ 3.9507614, 44.4018954 ], [ 3.9522278, 44.4020277 ], [ 3.9525701, 44.4019959 ], [ 3.9520324, 44.4016089 ], [ 3.9515486, 44.401513199999989 ], [ 3.9512367, 44.4013331 ], [ 3.9506016, 44.4012045 ], [ 3.9500942, 44.40082 ], [ 3.9486862, 44.4002001 ], [ 3.9483033, 44.4002061 ], [ 3.9475552, 44.4003746 ], [ 3.9467198, 44.4000496 ], [ 3.9461642, 44.4000913 ], [ 3.9459598, 44.4000327 ], [ 3.9456052, 44.3997054 ], [ 3.9452502, 44.3999533 ], [ 3.9451559, 44.3999433 ], [ 3.9447458, 44.3996002 ], [ 3.94462, 44.3995851 ], [ 3.9433311, 44.3999986 ], [ 3.9432953, 44.4001114 ], [ 3.9434231, 44.4001715 ], [ 3.9432598, 44.4002413 ], [ 3.9427035, 44.4002434 ], [ 3.942348, 44.4004625 ], [ 3.9410645, 44.4005986 ], [ 3.9407376, 44.4009516 ], [ 3.9406604, 44.4012961 ], [ 3.9399562, 44.4022168 ], [ 3.9395559, 44.4022346 ], [ 3.9388965, 44.4027552 ], [ 3.9380828, 44.402531599999989 ], [ 3.9374573, 44.4021454 ], [ 3.9354739, 44.402485399999989 ], [ 3.9342341, 44.4029983 ], [ 3.9331064, 44.4032959 ], [ 3.9315544, 44.4042966 ], [ 3.9301103, 44.4045312 ], [ 3.929181, 44.4049108 ], [ 3.9289048, 44.4051445 ], [ 3.9269612, 44.4057793 ], [ 3.9266014, 44.4058184 ], [ 3.923995, 44.4057052 ], [ 3.9222405, 44.4057758 ], [ 3.9191214, 44.4047909 ], [ 3.9183876, 44.4043739 ], [ 3.9175425, 44.4053109 ], [ 3.9169975, 44.4050759 ], [ 3.9164142, 44.4046532 ], [ 3.9153701, 44.404228 ], [ 3.91503, 44.4041678 ], [ 3.914591, 44.4041984 ], [ 3.914109, 44.4040557 ], [ 3.9132571, 44.4039484 ], [ 3.9130154, 44.4036749 ], [ 3.9122931, 44.4036602 ], [ 3.9120701, 44.4034613 ], [ 3.9110208, 44.4034952 ], [ 3.910373, 44.4033466 ], [ 3.9098291, 44.4031792 ], [ 3.9095008, 44.4029136 ], [ 3.9088968, 44.402915 ], [ 3.9081194, 44.4026738 ], [ 3.9075183, 44.4023061 ], [ 3.9069277, 44.4011848 ], [ 3.9053956, 44.3999974 ], [ 3.9034807, 44.3981118 ], [ 3.9023549, 44.3965654 ], [ 3.901324, 44.3955395 ], [ 3.9014413, 44.3952568 ], [ 3.9011648, 44.3941364 ], [ 3.9007799, 44.3938551 ], [ 3.8998147, 44.39103 ], [ 3.8982688, 44.3899722 ], [ 3.8959629, 44.3893644 ], [ 3.8937422, 44.3908076 ], [ 3.8928454, 44.391738499999988 ], [ 3.892645, 44.3921641 ], [ 3.888892, 44.3929489 ], [ 3.8885566, 44.3902131 ], [ 3.8874435, 44.3896837 ], [ 3.8866803, 44.3888112 ], [ 3.8859351, 44.3885246 ], [ 3.8857576, 44.3883352 ], [ 3.8857503, 44.3877852 ], [ 3.8866453, 44.3870579 ], [ 3.8894833, 44.3851904 ], [ 3.890123, 44.3843597 ], [ 3.8918345, 44.3824752 ], [ 3.8920502, 44.3821449 ], [ 3.892393, 44.381196 ], [ 3.895829, 44.3785214 ], [ 3.9019798, 44.376016299999989 ], [ 3.9048226, 44.3764809 ], [ 3.9052399, 44.3762866 ], [ 3.9056465, 44.3762013 ], [ 3.9063018, 44.3756567 ], [ 3.9077334, 44.3752362 ], [ 3.9077236, 44.3749374 ], [ 3.9081329, 44.3739249 ], [ 3.9094961, 44.3722212 ], [ 3.9105388, 44.3714186 ], [ 3.9113118, 44.3703247 ], [ 3.9124931, 44.369096899999988 ], [ 3.9130991, 44.3680764 ], [ 3.9132218, 44.3675128 ], [ 3.9131812, 44.3666309 ], [ 3.9133843, 44.36498 ], [ 3.9138595, 44.3645683 ], [ 3.9141284, 44.3645111 ], [ 3.91466, 44.3637811 ], [ 3.9149653, 44.3627199 ], [ 3.9165108, 44.3595095 ], [ 3.9167317, 44.3592817 ], [ 3.9183299, 44.358173699999988 ], [ 3.9225177, 44.3547457 ], [ 3.9238469, 44.3535463 ], [ 3.9253165, 44.3524177 ], [ 3.9258496, 44.3518749 ], [ 3.9263017, 44.351285 ], [ 3.9262948, 44.3511699 ], [ 3.9268632, 44.3507141 ], [ 3.926877, 44.3503323 ], [ 3.9271603, 44.349778 ], [ 3.9271347, 44.349212 ], [ 3.9269923, 44.3488648 ], [ 3.9265473, 44.3485841 ], [ 3.924363, 44.3476528 ], [ 3.9240091, 44.34741 ], [ 3.924266, 44.346702 ], [ 3.9243821, 44.346593 ], [ 3.9247152, 44.3465533 ], [ 3.925116, 44.3459801 ], [ 3.9252638, 44.3460392 ], [ 3.9254852, 44.3458501 ], [ 3.9257552, 44.3458658 ], [ 3.9261767, 44.3456318 ], [ 3.9271132, 44.3441431 ], [ 3.9277456, 44.343847 ], [ 3.9290448, 44.342979 ], [ 3.9297391, 44.3420972 ], [ 3.9308396, 44.3413561 ], [ 3.9308128, 44.3407216 ], [ 3.9310238, 44.3404318 ], [ 3.9312497, 44.3403606 ], [ 3.9320812, 44.3404273 ], [ 3.933286, 44.3409212 ], [ 3.9335437, 44.3409542 ], [ 3.9329625, 44.339102 ], [ 3.9330368, 44.3389654 ], [ 3.9338655, 44.3386388 ], [ 3.93512, 44.3383473 ], [ 3.9346283, 44.3359083 ], [ 3.9366877, 44.3359061 ], [ 3.9371387, 44.3360228 ], [ 3.9385134, 44.3357195 ], [ 3.9390285, 44.3356971 ], [ 3.9402482, 44.3358082 ], [ 3.9418669, 44.3360743 ], [ 3.9437351, 44.3361132 ], [ 3.9445972, 44.3360599 ], [ 3.9463337, 44.3354184 ], [ 3.9473501, 44.3351468 ], [ 3.9483049, 44.3350918 ], [ 3.948829, 44.3348586 ], [ 3.9492008, 44.3345115 ], [ 3.9493879, 44.334527 ], [ 3.9495255, 44.3346527 ], [ 3.9516963, 44.3329173 ], [ 3.9520347, 44.3322329 ], [ 3.9523433, 44.3310428 ], [ 3.9524287, 44.3299339 ], [ 3.9522203, 44.3284252 ], [ 3.9522538, 44.3279577 ], [ 3.9501259, 44.3261792 ], [ 3.9492427, 44.3248834 ], [ 3.9489148, 44.3238014 ] ] ] ] } },
{ "type": "Feature", "properties": { "code_departement": 30.0, "code_rne": "0300020J", "multisecteur": 0.0 }, "geometry": { "type": "MultiPolygon", "coordinates": [ [ [ [ 4.1105614, 44.2643499 ], [ 4.1089503, 44.2649846 ], [ 4.1083003, 44.2654458 ], [ 4.1079121, 44.2655784 ], [ 4.1073142, 44.2656259 ], [ 4.1055782, 44.2655128 ], [ 4.1051099, 44.2655887 ], [ 4.1037235, 44.2660617 ], [ 4.1021648, 44.265918899999988 ], [ 4.099669, 44.2635107 ], [ 4.0994553, 44.2635353 ], [ 4.0990916, 44.263451599999989 ], [ 4.0974711, 44.2625694 ], [ 4.0968303, 44.2620168 ], [ 4.0957065, 44.2612934 ], [ 4.0955032, 44.2610776 ], [ 4.0954828, 44.2608663 ], [ 4.0953226, 44.2607427 ], [ 4.0950797, 44.2614635 ], [ 4.0947679, 44.2617268 ], [ 4.094317, 44.26186 ], [ 4.0940752, 44.2618588 ], [ 4.0927844, 44.2617006 ], [ 4.0922063, 44.2620584 ], [ 4.092126, 44.2625065 ], [ 4.091488, 44.2641801 ], [ 4.0914014, 44.2642998 ], [ 4.090744, 44.2646439 ], [ 4.0908086, 44.2658531 ], [ 4.0901562, 44.267173 ], [ 4.0899821, 44.2673664 ], [ 4.0882881, 44.2682708 ], [ 4.088489, 44.268881 ], [ 4.0859939, 44.2703469 ], [ 4.085674, 44.2701277 ], [ 4.0810596, 44.2732105 ], [ 4.0805119, 44.2733311 ], [ 4.0802752, 44.273797 ], [ 4.0791438, 44.2744554 ], [ 4.0769072, 44.2744512 ], [ 4.0760275, 44.2741115 ], [ 4.0688526, 44.274276 ], [ 4.0678029, 44.274225 ], [ 4.0670595, 44.2739343 ], [ 4.0652441, 44.2752104 ], [ 4.0647327, 44.2753305 ], [ 4.0641786, 44.2753845 ], [ 4.0608116, 44.2748292 ], [ 4.0597168, 44.2748425 ], [ 4.0600766, 44.2745843 ], [ 4.0605255, 44.2736644 ], [ 4.0607222, 44.2734654 ], [ 4.0606101, 44.2725609 ], [ 4.0607563, 44.2720742 ], [ 4.0609636, 44.271833699999988 ], [ 4.061439, 44.2715986 ], [ 4.0617388, 44.2713518 ], [ 4.061901, 44.2709793 ], [ 4.0619939, 44.2701854 ], [ 4.0630665, 44.2693927 ], [ 4.0631013, 44.269044 ], [ 4.0635049, 44.2685873 ], [ 4.0635106, 44.2678869 ], [ 4.0635726, 44.2677837 ], [ 4.0637589, 44.2677675 ], [ 4.064465, 44.2658072 ], [ 4.0646017, 44.2651469 ], [ 4.0645439, 44.2626638 ], [ 4.0644835, 44.2624511 ], [ 4.0641154, 44.2621927 ], [ 4.0634441, 44.2620002 ], [ 4.063765, 44.261078 ], [ 4.0636305, 44.2599154 ], [ 4.0637532, 44.259447 ], [ 4.0639458, 44.2591615 ], [ 4.0648284, 44.2590675 ], [ 4.0659882, 44.2584639 ], [ 4.0667985, 44.2584569 ], [ 4.0671029, 44.2585251 ], [ 4.0673388, 44.2586803 ], [ 4.0675154, 44.2586777 ], [ 4.0684149, 44.2583548 ], [ 4.067467, 44.2578365 ], [ 4.0673708, 44.2576502 ], [ 4.0673723, 44.2572658 ], [ 4.0667066, 44.257166 ], [ 4.0662692, 44.2572837 ], [ 4.0659423, 44.257286 ], [ 4.0654659, 44.2570647 ], [ 4.0653268, 44.256859 ], [ 4.0654402, 44.2564933 ], [ 4.0658913, 44.2563071 ], [ 4.0664637, 44.2563069 ], [ 4.0665668, 44.256125 ], [ 4.0663918, 44.2558773 ], [ 4.0659746, 44.2556716 ], [ 4.0654444, 44.2552528 ], [ 4.0647542, 44.254912 ], [ 4.0645101, 44.2545885 ], [ 4.0646009, 44.254422 ], [ 4.0648687, 44.2542744 ], [ 4.0665457, 44.2544679 ], [ 4.0670783, 44.2544213 ], [ 4.0680201, 44.2539522 ], [ 4.0681137, 44.2536002 ], [ 4.0680031, 44.2533771 ], [ 4.0677753, 44.253256 ], [ 4.0674618, 44.2532321 ], [ 4.0656146, 44.2536416 ], [ 4.065243, 44.2536632 ], [ 4.0649998, 44.2535854 ], [ 4.0648315, 44.2532963 ], [ 4.0648508, 44.2529846 ], [ 4.0654389, 44.2521589 ], [ 4.0659843, 44.2516558 ], [ 4.0658646, 44.2513482 ], [ 4.0655773, 44.2511925 ], [ 4.065077, 44.2510938 ], [ 4.0638749, 44.2511028 ], [ 4.0631499, 44.2509784 ], [ 4.0624739, 44.2507293 ], [ 4.0613524, 44.2500938 ], [ 4.0609992, 44.2498244 ], [ 4.0607955, 44.2493115 ], [ 4.0606575, 44.2485584 ], [ 4.0604684, 44.2484937 ], [ 4.0606635, 44.2480759 ], [ 4.0605431, 44.2478007 ], [ 4.0598997, 44.2471462 ], [ 4.0591051, 44.246575 ], [ 4.0582918, 44.2464793 ], [ 4.0581688, 44.2463995 ], [ 4.0634092, 44.2452317 ], [ 4.0650432, 44.2459559 ], [ 4.068053, 44.2459167 ], [ 4.0682771, 44.2458461 ], [ 4.0705882, 44.244549 ], [ 4.0707264, 44.2443766 ], [ 4.0712507, 44.2442878 ], [ 4.0727714, 44.242919 ], [ 4.0734251, 44.2424544 ], [ 4.0742419, 44.2420765 ], [ 4.0756808, 44.2415538 ], [ 4.0787821, 44.2405458 ], [ 4.0787189, 44.2395922 ], [ 4.0804892, 44.2388528 ], [ 4.0810942, 44.2384715 ], [ 4.0815359, 44.2380594 ], [ 4.0818057, 44.2376957 ], [ 4.0818617, 44.2371551 ], [ 4.0783214, 44.2343561 ], [ 4.077957, 44.2342858 ], [ 4.0779897, 44.2341613 ], [ 4.0781019, 44.2341341 ], [ 4.0777192, 44.2339605 ], [ 4.0775703, 44.2337648 ], [ 4.0790678, 44.2331137 ], [ 4.080984, 44.232157699999988 ], [ 4.0822694, 44.2312827 ], [ 4.0828918, 44.2310299 ], [ 4.0853051, 44.230935 ], [ 4.0858528, 44.2304426 ], [ 4.0871554, 44.2302091 ], [ 4.0873817, 44.2300638 ], [ 4.0893014, 44.2296288 ], [ 4.089589, 44.2289626 ], [ 4.0895935, 44.2287402 ], [ 4.0893993, 44.2285341 ], [ 4.0888235, 44.2284102 ], [ 4.0886651, 44.2283083 ], [ 4.0885128, 44.2280064 ], [ 4.0895066, 44.2264284 ], [ 4.0895434, 44.2260608 ], [ 4.0892622, 44.225825 ], [ 4.0892227, 44.2253987 ], [ 4.0894887, 44.2251054 ], [ 4.0900957, 44.2247681 ], [ 4.0902659, 44.2245719 ], [ 4.0903055, 44.2240287 ], [ 4.0901963, 44.2242738 ], [ 4.0898183, 44.2246682 ], [ 4.0892491, 44.2248188 ], [ 4.0873802, 44.223974 ], [ 4.0859848, 44.2236007 ], [ 4.0847327, 44.2233872 ], [ 4.0841413, 44.2233588 ], [ 4.0837228, 44.223209 ], [ 4.0835626, 44.2230117 ], [ 4.0837081, 44.2228293 ], [ 4.0837029, 44.2225584 ], [ 4.0833825, 44.222431 ], [ 4.0833064, 44.2221806 ], [ 4.0834627, 44.220403 ], [ 4.083869, 44.2198481 ], [ 4.0839307, 44.2194775 ], [ 4.083905, 44.2184569 ], [ 4.0843666, 44.2183084 ], [ 4.0847571, 44.2180488 ], [ 4.0855871, 44.2178561 ], [ 4.0859102, 44.2176036 ], [ 4.086661, 44.2166131 ], [ 4.0874053, 44.216654399999989 ], [ 4.0880926, 44.2164648 ], [ 4.0884922, 44.2161539 ], [ 4.0887194, 44.2156656 ], [ 4.0908665, 44.2158918 ], [ 4.0904039, 44.2168974 ], [ 4.0902826, 44.2179419 ], [ 4.0908826, 44.2184905 ], [ 4.0913512, 44.219096099999987 ], [ 4.0920911, 44.2194957 ], [ 4.0928178, 44.2195325 ], [ 4.0952495, 44.2210053 ], [ 4.0956373, 44.2213822 ], [ 4.0957564, 44.2217132 ], [ 4.0961182, 44.2222344 ], [ 4.0965326, 44.2224976 ], [ 4.0987256, 44.2233336 ], [ 4.099757, 44.223587 ], [ 4.1038476, 44.2242112 ], [ 4.1044739, 44.2240392 ], [ 4.1052913, 44.2239698 ], [ 4.1069066, 44.2241858 ], [ 4.1086584, 44.2240178 ], [ 4.1097302, 44.2240295 ], [ 4.1103615, 44.2241797 ], [ 4.1113923, 44.2241423 ], [ 4.1122291, 44.2239142 ], [ 4.1129296, 44.2235686 ], [ 4.1131495, 44.2233566 ], [ 4.1133474, 44.2227227 ], [ 4.1139037, 44.222429 ], [ 4.1152273, 44.2221338 ], [ 4.117125, 44.2214961 ], [ 4.1179645, 44.221474 ], [ 4.1192593, 44.2216904 ], [ 4.1198361, 44.2216125 ], [ 4.1201313, 44.2231227 ], [ 4.1204766, 44.2234324 ], [ 4.1219802, 44.2255325 ], [ 4.1224289, 44.2258736 ], [ 4.1224841, 44.226198 ], [ 4.1230189, 44.2270324 ], [ 4.1252057, 44.226703099999988 ], [ 4.1288557, 44.2259202 ], [ 4.1291029, 44.2255738 ], [ 4.1302863, 44.2264087 ], [ 4.133636, 44.2249519 ], [ 4.1349552, 44.2238112 ], [ 4.1353378, 44.2232879 ], [ 4.1356748, 44.2225462 ], [ 4.1358671, 44.2209608 ], [ 4.1360593, 44.2202422 ], [ 4.1374813, 44.2189925 ], [ 4.1382609, 44.2186081 ], [ 4.139025, 44.2185732 ], [ 4.140461, 44.2182126 ], [ 4.1404529, 44.2174988 ], [ 4.1409922, 44.2167425 ], [ 4.1415914, 44.2161646 ], [ 4.1419717, 44.2160913 ], [ 4.1452141, 44.2166787 ], [ 4.1469929, 44.2153224 ], [ 4.1483242, 44.214682 ], [ 4.1519661, 44.2160832 ], [ 4.1536333, 44.2157165 ], [ 4.1543221, 44.2163511 ], [ 4.1560068, 44.217455 ], [ 4.1568851, 44.2186016 ], [ 4.156283, 44.2189086 ], [ 4.1561395, 44.219114399999988 ], [ 4.1562072, 44.2199824 ], [ 4.1560708, 44.2205366 ], [ 4.1558245, 44.2209785 ], [ 4.1558429, 44.2212717 ], [ 4.1561229, 44.2218026 ], [ 4.156212, 44.2221851 ], [ 4.1561235, 44.2228756 ], [ 4.1554191, 44.223821 ], [ 4.155167, 44.2239785 ], [ 4.1551597, 44.2246646 ], [ 4.1550126, 44.2248794 ], [ 4.1536661, 44.2258901 ], [ 4.1533076, 44.226055 ], [ 4.1530228, 44.2260229 ], [ 4.1533475, 44.2266019 ], [ 4.153649, 44.2267149 ], [ 4.1541661, 44.2267788 ], [ 4.1548886, 44.2266037 ], [ 4.155907, 44.2284132 ], [ 4.1561867, 44.228503 ], [ 4.1563874, 44.2284577 ], [ 4.1575189, 44.2304118 ], [ 4.1566512, 44.230898 ], [ 4.1564255, 44.2321724 ], [ 4.1558165, 44.2335651 ], [ 4.1558095, 44.2338352 ], [ 4.1560362, 44.2343316 ], [ 4.1568942, 44.2358799 ], [ 4.1569882, 44.2363794 ], [ 4.1568481, 44.2368139 ], [ 4.156469, 44.237692 ], [ 4.1561725, 44.2379498 ], [ 4.1548323, 44.2382979 ], [ 4.1545878, 44.2384652 ], [ 4.1537348, 44.2398677 ], [ 4.153006, 44.2413463 ], [ 4.1534999, 44.243101 ], [ 4.1537963, 44.2453574 ], [ 4.1548762, 44.2451921 ], [ 4.1551255, 44.2450734 ], [ 4.1554536, 44.2458756 ], [ 4.1562951, 44.2469803 ], [ 4.1572437, 44.2490957 ], [ 4.1555903, 44.2492697 ], [ 4.1518223, 44.2500295 ], [ 4.1511298, 44.2500989 ], [ 4.1504746, 44.2495341 ], [ 4.1494416, 44.2489877 ], [ 4.148098, 44.2488109 ], [ 4.1477631, 44.2488486 ], [ 4.147631, 44.2492533 ], [ 4.1473413, 44.2494156 ], [ 4.1463432, 44.2491731 ], [ 4.1459348, 44.2492305 ], [ 4.1455692, 44.2494215 ], [ 4.1452878, 44.2494398 ], [ 4.1445311, 44.2491146 ], [ 4.1427164, 44.2489903 ], [ 4.1420224, 44.2491083 ], [ 4.1412431, 44.2488418 ], [ 4.140087, 44.2488979 ], [ 4.1396633, 44.2492534 ], [ 4.1393882, 44.2492725 ], [ 4.1389217, 44.2488677 ], [ 4.1383536, 44.2487701 ], [ 4.1380494, 44.2483357 ], [ 4.1370465, 44.2479104 ], [ 4.1367912, 44.247670899999989 ], [ 4.136139, 44.2476218 ], [ 4.1359343, 44.247218 ], [ 4.1352461, 44.247126 ], [ 4.1346839, 44.2468762 ], [ 4.1343172, 44.246828699999988 ], [ 4.1338154, 44.2470364 ], [ 4.1330313, 44.2479042 ], [ 4.13301, 44.2482834 ], [ 4.1327221, 44.2489795 ], [ 4.1328481, 44.2495832 ], [ 4.1326649, 44.2500054 ], [ 4.132107, 44.2501615 ], [ 4.131679, 44.2501794 ], [ 4.1311928, 44.249918 ], [ 4.1306164, 44.2502147 ], [ 4.1298009, 44.2508964 ], [ 4.1275938, 44.248737899999988 ], [ 4.1246611, 44.2492631 ], [ 4.1220042, 44.2500581 ], [ 4.1204601, 44.2511406 ], [ 4.119982, 44.2513508 ], [ 4.1173555, 44.2514045 ], [ 4.1169441, 44.2532217 ], [ 4.1162652, 44.2535356 ], [ 4.1151612, 44.2549106 ], [ 4.1143226, 44.2592734 ], [ 4.1109762, 44.2608403 ], [ 4.1120583, 44.2621113 ], [ 4.1107317, 44.2637073 ], [ 4.1105614, 44.2643499 ] ] ] ] } },
{ "type": "Feature", "properties": { "code_departement": 30.0, "code_rne": "0300025P", "multisecteur": 0.0 }, "geometry": { "type": "MultiPolygon", "coordinates": [ [ [ [ 4.4140602, 43.8293465 ], [ 4.4159784, 43.8291861 ], [ 4.4135657, 43.8315919 ], [ 4.4140602, 43.8293465 ] ] ], [ [ [ 4.378101, 43.8392268 ], [ 4.3787794, 43.8396076 ], [ 4.3790209, 43.8396527 ], [ 4.3791262, 43.8399247 ], [ 4.3794826, 43.8398234 ], [ 4.3798181, 43.8399788 ], [ 4.3799663, 43.8399527 ], [ 4.380052, 43.8400685 ], [ 4.3801414, 43.840043 ], [ 4.3803602, 43.8401979 ], [ 4.3805779, 43.8401898 ], [ 4.3807164, 43.8403619 ], [ 4.3809453, 43.8402506 ], [ 4.3809327, 43.8404944 ], [ 4.3811801, 43.8404405 ], [ 4.3812045, 43.8406029 ], [ 4.3814126, 43.8405232 ], [ 4.3815441, 43.8406406 ], [ 4.3817352, 43.8406369 ], [ 4.3820784, 43.840488699999987 ], [ 4.3821677, 43.8408617 ], [ 4.3825711, 43.8410168 ], [ 4.3830027, 43.8407104 ], [ 4.3831471, 43.8411887 ], [ 4.3833806, 43.8413582 ], [ 4.3835814, 43.8414818 ], [ 4.3838819, 43.8413323 ], [ 4.3840606, 43.8413923 ], [ 4.3842304, 43.8419232 ], [ 4.3849945, 43.8415043 ], [ 4.3852903, 43.8418552 ], [ 4.3855344, 43.8415496 ], [ 4.3857716, 43.841583 ], [ 4.3858311, 43.8416824 ], [ 4.3860926, 43.8414846 ], [ 4.3862048, 43.8415975 ], [ 4.3865415, 43.8415529 ], [ 4.3866725, 43.8416339 ], [ 4.3866879, 43.8417672 ], [ 4.3870287, 43.8418257 ], [ 4.3872429, 43.8417583 ], [ 4.3876637, 43.8419826 ], [ 4.3880831, 43.8418772 ], [ 4.3887153, 43.8421366 ], [ 4.3891991, 43.8416958 ], [ 4.3893731, 43.8414027 ], [ 4.3895862, 43.8413073 ], [ 4.3896405, 43.8410235 ], [ 4.389624, 43.8406538 ], [ 4.3892498, 43.8400523 ], [ 4.388983, 43.8392768 ], [ 4.3890557, 43.8386385 ], [ 4.3893526, 43.8379606 ], [ 4.3891293, 43.837826 ], [ 4.3888147, 43.8373871 ], [ 4.3895379, 43.8367719 ], [ 4.3898814, 43.8368494 ], [ 4.3904952, 43.8373376 ], [ 4.3906296, 43.836998 ], [ 4.3919161, 43.8364933 ], [ 4.3921584, 43.8367627 ], [ 4.3927991, 43.8369029 ], [ 4.3932217, 43.8368289 ], [ 4.3938015, 43.836558 ], [ 4.3943086, 43.8366996 ], [ 4.3949177, 43.8367371 ], [ 4.3957407, 43.8364071 ], [ 4.3964544, 43.8367417 ], [ 4.3978581, 43.836561 ], [ 4.3984797, 43.8368972 ], [ 4.3989132, 43.8365281 ], [ 4.3991841, 43.8361048 ], [ 4.399841, 43.8358053 ], [ 4.4009684, 43.835972 ], [ 4.4012955, 43.8363557 ], [ 4.4022985, 43.8370509 ], [ 4.4031471, 43.8378214 ], [ 4.4034254, 43.8378784 ], [ 4.4041191, 43.8371996 ], [ 4.4052119, 43.836644 ], [ 4.4057804, 43.8348774 ], [ 4.407704, 43.8352987 ], [ 4.4080822, 43.8348936 ], [ 4.4103152, 43.8353261 ], [ 4.4113199, 43.8364798 ], [ 4.4122496, 43.8345874 ], [ 4.4229454, 43.8333672 ], [ 4.4271935, 43.8331011 ], [ 4.4314531, 43.8327024 ], [ 4.4405739, 43.8317983 ], [ 4.4450461, 43.831254 ], [ 4.4499223, 43.8307627 ], [ 4.4473106, 43.8325003 ], [ 4.4461211, 43.8331038 ], [ 4.4442788, 43.8343469 ], [ 4.4431086, 43.8339492 ], [ 4.441797, 43.8331646 ], [ 4.4400051, 43.8332531 ], [ 4.44006, 43.8343973 ], [ 4.4398527, 43.8356943 ], [ 4.439513, 43.8365241 ], [ 4.4393901, 43.8365329 ], [ 4.4394271, 43.8366179 ], [ 4.438939, 43.8379241 ], [ 4.4381679, 43.8378694 ], [ 4.4374181, 43.8374743 ], [ 4.436285, 43.8378555 ], [ 4.4364323, 43.8390192 ], [ 4.4362722, 43.839672 ], [ 4.4344465, 43.839219 ], [ 4.4342113, 43.8400042 ], [ 4.434307, 43.8407941 ], [ 4.4341449, 43.840925 ], [ 4.4342423, 43.841137 ], [ 4.4335532, 43.8409336 ], [ 4.4331484, 43.8416639 ], [ 4.4276792, 43.8407251 ], [ 4.424976, 43.8410863 ], [ 4.4234473, 43.8429678 ], [ 4.4217903, 43.8438841 ], [ 4.4214507, 43.8449525 ], [ 4.421353, 43.8450062 ], [ 4.4136141, 43.8438304 ], [ 4.4131928, 43.84399 ], [ 4.4127901, 43.8445799 ], [ 4.4103056, 43.8462227 ], [ 4.4082585, 43.8467102 ], [ 4.4080354, 43.8466947 ], [ 4.406511, 43.8470309 ], [ 4.4051967, 43.8476193 ], [ 4.4044253, 43.8476882 ], [ 4.4007133, 43.8470485 ], [ 4.3995463, 43.8465757 ], [ 4.3977334, 43.8476477 ], [ 4.3973529, 43.8479954 ], [ 4.3949861, 43.8481929 ], [ 4.3943159, 43.8480929 ], [ 4.39371, 43.8483332 ], [ 4.3930029, 43.8482289 ], [ 4.3920741, 43.8483445 ], [ 4.3914511, 43.8481247 ], [ 4.3898027, 43.8479326 ], [ 4.3895486, 43.8477629 ], [ 4.3891049, 43.8476664 ], [ 4.3881687, 43.8476966 ], [ 4.3877278, 43.8472675 ], [ 4.3874901, 43.847166 ], [ 4.3870588, 43.8470692 ], [ 4.3864719, 43.8468075 ], [ 4.3854461, 43.8466527 ], [ 4.3845614, 43.8463574 ], [ 4.3836249, 43.846404 ], [ 4.3817337, 43.8454674 ], [ 4.3804366, 43.845204 ], [ 4.3788241, 43.844274 ], [ 4.3785187, 43.8437694 ], [ 4.3783617, 43.8437086 ], [ 4.3763082, 43.8432704 ], [ 4.374765, 43.8431238 ], [ 4.3736103, 43.8426966 ], [ 4.3733337, 43.841972 ], [ 4.3736405, 43.841350399999989 ], [ 4.3742023, 43.8412069 ], [ 4.3746019, 43.8411701 ], [ 4.3752339, 43.841357 ], [ 4.3754835, 43.8413345 ], [ 4.375709, 43.8415735 ], [ 4.3758633, 43.8414597 ], [ 4.3761797, 43.8414994 ], [ 4.376369, 43.8415994 ], [ 4.3764804, 43.8421519 ], [ 4.3767601, 43.8415746 ], [ 4.3768584, 43.8415364 ], [ 4.3769079, 43.841325 ], [ 4.3768415, 43.8412607 ], [ 4.3769345, 43.8412384 ], [ 4.376995, 43.840969 ], [ 4.3771412, 43.8408335 ], [ 4.377079, 43.840737 ], [ 4.3772296, 43.8407015 ], [ 4.3770848, 43.8405883 ], [ 4.377203, 43.840563 ], [ 4.3772776, 43.8403998 ], [ 4.3771913, 43.8403044 ], [ 4.3774104, 43.8401197 ], [ 4.3773559, 43.8399577 ], [ 4.377615, 43.8398765 ], [ 4.3774043, 43.8395963 ], [ 4.3775917, 43.839388799999988 ], [ 4.3778708, 43.8394664 ], [ 4.378101, 43.8392268 ] ] ] ] } },
{ "type": "Feature", "properties": { "code_departement": 30.0, "code_rne": "0300031W", "multisecteur": 0.0 }, "geometry": { "type": "MultiPolygon", "coordinates": [ [ [ [ 4.6731303, 44.2185484 ], [ 4.6737687, 44.2205418 ], [ 4.6766559, 44.2264028 ], [ 4.6774197, 44.227422 ], [ 4.6777268, 44.2280691 ], [ 4.6781781, 44.2295288 ], [ 4.6783816, 44.2307799 ], [ 4.6784206, 44.2322261 ], [ 4.6780332, 44.2339867 ], [ 4.6773124, 44.2354031 ], [ 4.6770616, 44.235812 ], [ 4.6754073, 44.2377621 ], [ 4.6733611, 44.2396345 ], [ 4.670673, 44.2414832 ], [ 4.6674855, 44.2433098 ], [ 4.6656615, 44.2446159 ], [ 4.6622748, 44.2467928 ], [ 4.6609578, 44.2477554 ], [ 4.6591432, 44.2493502 ], [ 4.6541734, 44.2542157 ], [ 4.6531904, 44.2569342 ], [ 4.6516976, 44.2588878 ], [ 4.6509556, 44.2602089 ], [ 4.6500879, 44.2614752 ], [ 4.6493664, 44.262985 ], [ 4.6490846, 44.2655345 ], [ 4.6491829, 44.266716 ], [ 4.6491467, 44.2680139 ], [ 4.6494536, 44.2703384 ], [ 4.6457576, 44.2706963 ], [ 4.6449484, 44.2716556 ], [ 4.6434358, 44.2729468 ], [ 4.6412295, 44.2743878 ], [ 4.6408079, 44.274802 ], [ 4.6405167, 44.2753474 ], [ 4.6405682, 44.2766062 ], [ 4.6396507, 44.2805021 ], [ 4.6391308, 44.2815929 ], [ 4.6386606, 44.282322 ], [ 4.63806, 44.2829647 ], [ 4.6366632, 44.2840281 ], [ 4.6357932, 44.2844966 ], [ 4.6349302, 44.2848201 ], [ 4.6338106, 44.285024 ], [ 4.6329376, 44.2850874 ], [ 4.6317412, 44.2849323 ], [ 4.6291254, 44.2842274 ], [ 4.6279554, 44.2835515 ], [ 4.6231098, 44.281389499999989 ], [ 4.6211621, 44.2803307 ], [ 4.6176973, 44.2781454 ], [ 4.616878, 44.2781133 ], [ 4.6163591, 44.2781984 ], [ 4.6155171, 44.278552 ], [ 4.614481, 44.2794432 ], [ 4.6137143, 44.2805528 ], [ 4.6132778, 44.2815964 ], [ 4.6129429, 44.2827348 ], [ 4.6123669, 44.28522 ], [ 4.6124074, 44.2855877 ], [ 4.6122286, 44.2861314 ], [ 4.6108812, 44.2868795 ], [ 4.6107763, 44.2873762 ], [ 4.6104885, 44.2880115 ], [ 4.6100116, 44.2886064 ], [ 4.6092828, 44.2891609 ], [ 4.6068181, 44.2904718 ], [ 4.6045373, 44.2913739 ], [ 4.6028037, 44.2918593 ], [ 4.6019933, 44.2919656 ], [ 4.6002384, 44.2918318 ], [ 4.599967, 44.291897 ], [ 4.5989788, 44.2917493 ], [ 4.5974167, 44.291827 ], [ 4.5965336, 44.2919802 ], [ 4.5958572, 44.2923088 ], [ 4.5937842, 44.293701 ], [ 4.593109, 44.2940295 ], [ 4.5921169, 44.2942753 ], [ 4.5913677, 44.2943356 ], [ 4.5889836, 44.2942495 ], [ 4.5880476, 44.2943044 ], [ 4.5869815, 44.2945962 ], [ 4.5827947, 44.2963915 ], [ 4.5811973, 44.2971887 ], [ 4.5801487, 44.2978854 ], [ 4.579422, 44.298529599999988 ], [ 4.578644, 44.2994456 ], [ 4.5779774, 44.299999 ], [ 4.5772406, 44.3003733 ], [ 4.5758824, 44.300851 ], [ 4.5750054, 44.300869 ], [ 4.5741872, 44.3007511 ], [ 4.5726685, 44.3003686 ], [ 4.5709558, 44.2998186 ], [ 4.5699974, 44.2993435 ], [ 4.5696078, 44.2993058 ], [ 4.5688021, 44.2995028 ], [ 4.5675778, 44.3002468 ], [ 4.5646891, 44.3007345 ], [ 4.5625905, 44.3009156 ], [ 4.5610806, 44.3014412 ], [ 4.5599252, 44.3019627 ], [ 4.5589486, 44.3028273 ], [ 4.557673, 44.304222 ], [ 4.5563695, 44.3054658 ], [ 4.5557341, 44.3063454 ], [ 4.5530407, 44.3091717 ], [ 4.5527256, 44.3097506 ], [ 4.5524966, 44.3104542 ], [ 4.5520767, 44.3109643 ], [ 4.5517746, 44.312112 ], [ 4.5508547, 44.3137807 ], [ 4.5495375, 44.3154108 ], [ 4.5482538, 44.3172583 ], [ 4.5464798, 44.3191577 ], [ 4.5450298, 44.3202504 ], [ 4.5447351, 44.3206191 ], [ 4.5446612, 44.3210379 ], [ 4.5447231, 44.3213747 ], [ 4.5452409, 44.3219688 ], [ 4.5461281, 44.3223561 ], [ 4.5485418, 44.3231207 ], [ 4.5489378, 44.3232925 ], [ 4.5491335, 44.3234779 ], [ 4.5493642, 44.3241166 ], [ 4.5492533, 44.324923 ], [ 4.5489991, 44.3255793 ], [ 4.5486153, 44.325993499999989 ], [ 4.5474046, 44.3265759 ], [ 4.5468955, 44.3266245 ], [ 4.5462319, 44.3265744 ], [ 4.5459779, 44.3264609 ], [ 4.5452055, 44.3263295 ], [ 4.5445357, 44.3260499 ], [ 4.5417436, 44.3241507 ], [ 4.5405313, 44.323614 ], [ 4.5398246, 44.3234529 ], [ 4.5381187, 44.3233048 ], [ 4.5371647, 44.3234118 ], [ 4.5361029, 44.3231979 ], [ 4.534919, 44.3231037 ], [ 4.5342271, 44.3229792 ], [ 4.5332593, 44.322575 ], [ 4.5328157, 44.3225415 ], [ 4.5322111, 44.3227705 ], [ 4.5310757, 44.3234508 ], [ 4.5300176, 44.3243028 ], [ 4.5282047, 44.3255794 ], [ 4.5258435, 44.3286247 ], [ 4.5252461, 44.3290759 ], [ 4.5247456, 44.3297293 ], [ 4.52408, 44.3297907 ], [ 4.5236655, 44.3299072 ], [ 4.5225497, 44.3305331 ], [ 4.5220909, 44.3305916 ], [ 4.5215916, 44.3305409 ], [ 4.5188092, 44.3301049 ], [ 4.5181077, 44.329858 ], [ 4.5165885, 44.3290984 ], [ 4.5162371, 44.3289943 ], [ 4.5157031, 44.328493 ], [ 4.5151884, 44.3282408 ], [ 4.5132969, 44.3279994 ], [ 4.5126864, 44.3281051 ], [ 4.5123769, 44.3283065 ], [ 4.5121473, 44.3285833 ], [ 4.5117947, 44.3293768 ], [ 4.5115265, 44.3306554 ], [ 4.5114988, 44.3315002 ], [ 4.5116572, 44.331842 ], [ 4.5124272, 44.3327272 ], [ 4.5130413, 44.333837 ], [ 4.5131308, 44.3342742 ], [ 4.5130338, 44.3346365 ], [ 4.5128571, 44.3348767 ], [ 4.5121793, 44.3353766 ], [ 4.5111647, 44.3359029 ], [ 4.510681, 44.3360635 ], [ 4.5091179, 44.3363424 ], [ 4.5083548, 44.3365599 ], [ 4.5075105, 44.3369848 ], [ 4.5070622, 44.3374384 ], [ 4.5067049, 44.3379645 ], [ 4.506552, 44.3388192 ], [ 4.5066131, 44.3394648 ], [ 4.5072385, 44.3415648 ], [ 4.5072142, 44.3420189 ], [ 4.5067504, 44.3430237 ], [ 4.5061662, 44.3438429 ], [ 4.5059439, 44.3440242 ], [ 4.504407, 44.3442586 ], [ 4.5038498, 44.3442509 ], [ 4.503349, 44.3441011 ], [ 4.5024667, 44.3434757 ], [ 4.5024056, 44.3429688 ], [ 4.5030363, 44.3412036 ], [ 4.5035558, 44.3404079 ], [ 4.5035175, 44.3400041 ], [ 4.5032943, 44.3397227 ], [ 4.5028621, 44.3394135 ], [ 4.5018309, 44.3388451 ], [ 4.501123, 44.3385945 ], [ 4.4996008, 44.3383371 ], [ 4.49782, 44.3382164 ], [ 4.4961728, 44.338211799999989 ], [ 4.4944004, 44.3383593 ], [ 4.490486, 44.3388661 ], [ 4.4885488, 44.338805 ], [ 4.4874651, 44.3386675 ], [ 4.4864086, 44.3384216 ], [ 4.4856997, 44.3381755 ], [ 4.4843409, 44.3375438 ], [ 4.4821546, 44.3368323 ], [ 4.4813809, 44.3367446 ], [ 4.480452, 44.3368193 ], [ 4.4796136, 44.337088 ], [ 4.4790208, 44.3375425 ], [ 4.4771639, 44.339405 ], [ 4.4759962, 44.3403777 ], [ 4.4758285, 44.340777 ], [ 4.4757736, 44.3414656 ], [ 4.4756269, 44.3416602 ], [ 4.4750405, 44.3420246 ], [ 4.4747308, 44.3420792 ], [ 4.4731652, 44.34184 ], [ 4.4724911, 44.3420173 ], [ 4.471714, 44.3419494 ], [ 4.4710453, 44.3416081 ], [ 4.470736, 44.3411963 ], [ 4.4705323, 44.3410811 ], [ 4.4672911, 44.3402745 ], [ 4.4665097, 44.3402804 ], [ 4.465675, 44.3404554 ], [ 4.4652905, 44.3408188 ], [ 4.4649216, 44.3416889 ], [ 4.4619444, 44.3417312 ], [ 4.4576164, 44.3416356 ], [ 4.4565674, 44.3411417 ], [ 4.4561552, 44.3407205 ], [ 4.4558464, 44.3402249 ], [ 4.4553126, 44.3401536 ], [ 4.4551907, 44.3400454 ], [ 4.4542686, 44.3397497 ], [ 4.4537729, 44.3392043 ], [ 4.4530725, 44.3389435 ], [ 4.4528175, 44.3384904 ], [ 4.4526487, 44.3384152 ], [ 4.4520095, 44.3375072 ], [ 4.4517067, 44.3361184 ], [ 4.4507403, 44.3340856 ], [ 4.4506092, 44.3301414 ], [ 4.4502183, 44.3246196 ], [ 4.4497373, 44.3102771 ], [ 4.4484037, 44.2966049 ], [ 4.4493861, 44.2969322 ], [ 4.4527435, 44.2978314 ], [ 4.4532596, 44.297913699999988 ], [ 4.4534802, 44.2975705 ], [ 4.4555163, 44.296853 ], [ 4.4565932, 44.2962212 ], [ 4.4578652, 44.2956741 ], [ 4.4595389, 44.295199 ], [ 4.4609047, 44.29518 ], [ 4.4615649, 44.2945806 ], [ 4.4626947, 44.2943513 ], [ 4.4630356, 44.2936707 ], [ 4.4640589, 44.2936903 ], [ 4.464529, 44.2938875 ], [ 4.4646907, 44.2938863 ], [ 4.4650711, 44.2937651 ], [ 4.4653423, 44.2937813 ], [ 4.4677919, 44.293456 ], [ 4.4698399, 44.2929659 ], [ 4.4709101, 44.2926176 ], [ 4.471464, 44.2918404 ], [ 4.4718556, 44.2915246 ], [ 4.4730272, 44.2912208 ], [ 4.4734187, 44.2911894 ], [ 4.4739992, 44.2913392 ], [ 4.4746077, 44.2916038 ], [ 4.4751284, 44.2916247 ], [ 4.4755521, 44.2915317 ], [ 4.4764048, 44.2916409 ], [ 4.4784114, 44.2913484 ], [ 4.4796699, 44.291064 ], [ 4.479942, 44.2909695 ], [ 4.4805265, 44.2905546 ], [ 4.480643, 44.2905531 ], [ 4.4814667, 44.2908004 ], [ 4.4816278, 44.2909224 ], [ 4.4819947, 44.2908599 ], [ 4.4826449, 44.2909924 ], [ 4.4832228, 44.2908019 ], [ 4.4836426, 44.2913742 ], [ 4.4845747, 44.2918379 ], [ 4.4863316, 44.2924443 ], [ 4.4868663, 44.292424499999989 ], [ 4.4876094, 44.2926566 ], [ 4.4881403, 44.2925387 ], [ 4.4884723, 44.2926287 ], [ 4.4885062, 44.2924392 ], [ 4.4879172, 44.2917756 ], [ 4.4879005, 44.2897069 ], [ 4.4880102, 44.2893003 ], [ 4.4883668, 44.2887985 ], [ 4.4885933, 44.2881644 ], [ 4.4885688, 44.2871843 ], [ 4.4892639, 44.2872127 ], [ 4.4907668, 44.287647 ], [ 4.491349, 44.2879118 ], [ 4.4925079, 44.2882265 ], [ 4.4927948, 44.2883676 ], [ 4.4958928, 44.2858866 ], [ 4.4964994, 44.2850762 ], [ 4.4966255, 44.284681 ], [ 4.4969426, 44.2843463 ], [ 4.4984693, 44.2837871 ], [ 4.4999277, 44.2826338 ], [ 4.5025292, 44.2835264 ], [ 4.5027258, 44.2837569 ], [ 4.5028017, 44.2841151 ], [ 4.5031619, 44.2843703 ], [ 4.503547, 44.2840536 ], [ 4.5039014, 44.2834752 ], [ 4.5041799, 44.28325 ], [ 4.505297, 44.2827944 ], [ 4.5054033, 44.282549 ], [ 4.5053821, 44.2819407 ], [ 4.5057555, 44.2819869 ], [ 4.5066238, 44.2819309 ], [ 4.5075261, 44.2821184 ], [ 4.5084044, 44.282064 ], [ 4.5089363, 44.2823205 ], [ 4.509062, 44.2821468 ], [ 4.5093266, 44.2808819 ], [ 4.5093072, 44.2803879 ], [ 4.5088543, 44.2799917 ], [ 4.5080864, 44.2779297 ], [ 4.5080068, 44.2774807 ], [ 4.5069693, 44.2749381 ], [ 4.506647, 44.27436 ], [ 4.5043187, 44.2719909 ], [ 4.5029961, 44.267992799999988 ], [ 4.5029193, 44.2674132 ], [ 4.5025308, 44.2664624 ], [ 4.5020543, 44.2656901 ], [ 4.5016532, 44.2643569 ], [ 4.500925, 44.2609836 ], [ 4.5008299, 44.2592816 ], [ 4.5011259, 44.2586807 ], [ 4.5011114, 44.258274799999988 ], [ 4.5013404, 44.2580754 ], [ 4.5021171, 44.2568008 ], [ 4.5041809, 44.2515339 ], [ 4.5045683, 44.2502214 ], [ 4.5046934, 44.2486586 ], [ 4.5048782, 44.2480232 ], [ 4.5051844, 44.2457305 ], [ 4.5045613, 44.2438169 ], [ 4.5047673, 44.2436512 ], [ 4.505228, 44.2426077 ], [ 4.5056528, 44.2422841 ], [ 4.5067191, 44.2423532 ], [ 4.5072739, 44.2421169 ], [ 4.50798, 44.2409792 ], [ 4.5081508, 44.2405258 ], [ 4.5081183, 44.2397277 ], [ 4.5102098, 44.2378516 ], [ 4.5098481, 44.2372948 ], [ 4.5089889, 44.2370068 ], [ 4.5089789, 44.2360644 ], [ 4.5092333, 44.2352714 ], [ 4.5091944, 44.2348443 ], [ 4.5093742, 44.2343521 ], [ 4.5098837, 44.2336446 ], [ 4.5103939, 44.2332415 ], [ 4.5105199, 44.23294 ], [ 4.5117398, 44.2324839 ], [ 4.5135778, 44.2319634 ], [ 4.5140906, 44.2319869 ], [ 4.5140413, 44.2330049 ], [ 4.513777, 44.233799 ], [ 4.5140925, 44.2343609 ], [ 4.514001, 44.2346386 ], [ 4.5134952, 44.235391 ], [ 4.5142613, 44.2354308 ], [ 4.5144217, 44.235620399999988 ], [ 4.5142918, 44.2358697 ], [ 4.5144031, 44.2364741 ], [ 4.514287, 44.2367701 ], [ 4.5143156, 44.2375124 ], [ 4.5144683, 44.237793 ], [ 4.5148015, 44.2378415 ], [ 4.514895, 44.2379681 ], [ 4.5149035, 44.238518899999988 ], [ 4.5152648, 44.239950799999988 ], [ 4.5149879, 44.2403687 ], [ 4.5151439, 44.2407699 ], [ 4.5149424, 44.2415262 ], [ 4.5153424, 44.2419681 ], [ 4.5154613, 44.2423869 ], [ 4.5166979, 44.2424076 ], [ 4.5173491, 44.2427344 ], [ 4.5186875, 44.2430472 ], [ 4.5194084, 44.2435459 ], [ 4.5199936, 44.2438376 ], [ 4.5207776, 44.243978 ], [ 4.5218, 44.244324 ], [ 4.5252713, 44.2411888 ], [ 4.5255413, 44.241311 ], [ 4.5273595, 44.2414901 ], [ 4.5279317, 44.2416271 ], [ 4.5285815, 44.2416208 ], [ 4.529011, 44.2415257 ], [ 4.5299321, 44.2409916 ], [ 4.5353516, 44.2405081 ], [ 4.5385692, 44.2403884 ], [ 4.5409429, 44.2398068 ], [ 4.5429957, 44.2394953 ], [ 4.5439871, 44.2392509 ], [ 4.5446644, 44.2389668 ], [ 4.5463222, 44.239237 ], [ 4.5467645, 44.239427899999988 ], [ 4.5479273, 44.2394547 ], [ 4.548635, 44.2398265 ], [ 4.5498232, 44.2398664 ], [ 4.5503391, 44.2401841 ], [ 4.5509858, 44.2412554 ], [ 4.5515568, 44.2416677 ], [ 4.5518326, 44.2417674 ], [ 4.5520052, 44.2417154 ], [ 4.5521691, 44.2414799 ], [ 4.5520403, 44.2411207 ], [ 4.5521066, 44.2410261 ], [ 4.5528621, 44.2409479 ], [ 4.5534698, 44.2405495 ], [ 4.5538589, 44.240626 ], [ 4.5542005, 44.2396092 ], [ 4.5541684, 44.2393063 ], [ 4.5545963, 44.2393839 ], [ 4.5563237, 44.2390363 ], [ 4.559523, 44.2390269 ], [ 4.5599504, 44.2395403 ], [ 4.5633618, 44.240682 ], [ 4.5622885, 44.2398149 ], [ 4.5616692, 44.2388361 ], [ 4.5611786, 44.2377079 ], [ 4.5574625, 44.231113 ], [ 4.5565537, 44.2293415 ], [ 4.5571645, 44.229149199999988 ], [ 4.5594035, 44.2287501 ], [ 4.5596656, 44.2286284 ], [ 4.5604465, 44.228025 ], [ 4.5606129, 44.2279749 ], [ 4.5610776, 44.2265251 ], [ 4.5609824, 44.2261583 ], [ 4.5596549, 44.2249131 ], [ 4.5588819, 44.2238924 ], [ 4.5582902, 44.2233156 ], [ 4.5583032, 44.2228293 ], [ 4.55964, 44.2227761 ], [ 4.5598993, 44.2228282 ], [ 4.5606699, 44.2232602 ], [ 4.5617604, 44.2232177 ], [ 4.5621103, 44.2231029 ], [ 4.5633428, 44.2222166 ], [ 4.563938, 44.2220073 ], [ 4.5644981, 44.2216186 ], [ 4.5650684, 44.2210072 ], [ 4.5652211, 44.2205954 ], [ 4.5650611, 44.2199234 ], [ 4.5650734, 44.2195523 ], [ 4.5651691, 44.2193025 ], [ 4.5654175, 44.2190478 ], [ 4.5654519, 44.2187052 ], [ 4.5647763, 44.2164029 ], [ 4.5653875, 44.2170973 ], [ 4.565905, 44.2173411 ], [ 4.5668657, 44.2175894 ], [ 4.5685818, 44.2177674 ], [ 4.5691648, 44.2177069 ], [ 4.5723542, 44.2177018 ], [ 4.5729415, 44.2176186 ], [ 4.573494, 44.217409 ], [ 4.574573, 44.2173143 ], [ 4.5758718, 44.2169347 ], [ 4.5774869, 44.2168071 ], [ 4.5783214, 44.2161613 ], [ 4.5800074, 44.2160659 ], [ 4.580684, 44.2160904 ], [ 4.5810022, 44.2161893 ], [ 4.5815527, 44.2157295 ], [ 4.5819012, 44.2156128 ], [ 4.5824458, 44.215568 ], [ 4.582615, 44.2153981 ], [ 4.5826566, 44.2139715 ], [ 4.5823272, 44.213157 ], [ 4.5836899, 44.2129159 ], [ 4.5866918, 44.2127024 ], [ 4.5879769, 44.2129125 ], [ 4.5895697, 44.2132918 ], [ 4.5900124, 44.2131423 ], [ 4.5902296, 44.2129888 ], [ 4.5908746, 44.2131352 ], [ 4.5912396, 44.2130714 ], [ 4.5916125, 44.2127986 ], [ 4.5916389, 44.2122698 ], [ 4.5923896, 44.212257099999988 ], [ 4.593515, 44.2119481 ], [ 4.593865, 44.2119305 ], [ 4.5948633, 44.2119565 ], [ 4.5964039, 44.2123041 ], [ 4.5978682, 44.2124763 ], [ 4.5983486, 44.2126008 ], [ 4.6010267, 44.2126698 ], [ 4.6005609, 44.2095553 ], [ 4.6028521, 44.2081157 ], [ 4.6037819, 44.2072243 ], [ 4.6039788, 44.2069288 ], [ 4.6043184, 44.2066763 ], [ 4.605498, 44.2066113 ], [ 4.6059381, 44.2064618 ], [ 4.6068482, 44.2064241 ], [ 4.6076569, 44.2065176 ], [ 4.6089165, 44.2071096 ], [ 4.6108555, 44.207606 ], [ 4.6113695, 44.2078568 ], [ 4.61178, 44.208165 ], [ 4.6121533, 44.2086592 ], [ 4.6130761, 44.2095531 ], [ 4.6150999, 44.2099005 ], [ 4.6180779, 44.2100881 ], [ 4.619788, 44.2102771 ], [ 4.6207776, 44.2104795 ], [ 4.6210062, 44.2104185 ], [ 4.6211893, 44.2105193 ], [ 4.6214964, 44.2104913 ], [ 4.6217016, 44.2106198 ], [ 4.6220221, 44.2106654 ], [ 4.6225308, 44.2109919 ], [ 4.6229506, 44.2114467 ], [ 4.6231638, 44.2118549 ], [ 4.6276784, 44.2130224 ], [ 4.631243, 44.2135339 ], [ 4.6343769, 44.2137799 ], [ 4.6352516, 44.2138992 ], [ 4.6360236, 44.2141074 ], [ 4.6380395, 44.2141269 ], [ 4.6395482, 44.2140089 ], [ 4.6407535, 44.2159958 ], [ 4.6419379, 44.2155271 ], [ 4.6425458, 44.2154226 ], [ 4.6429014, 44.2151652 ], [ 4.643364, 44.2150601 ], [ 4.6440211, 44.2151439 ], [ 4.6443446, 44.215293 ], [ 4.6454846, 44.2161006 ], [ 4.6474671, 44.2166497 ], [ 4.6477335, 44.2170293 ], [ 4.6482795, 44.2172074 ], [ 4.6500961, 44.2173035 ], [ 4.6507165, 44.2171555 ], [ 4.6512692, 44.2169185 ], [ 4.6517503, 44.2164593 ], [ 4.653875, 44.2163445 ], [ 4.6544131, 44.2163814 ], [ 4.6555302, 44.216225 ], [ 4.6582812, 44.2154804 ], [ 4.6599961, 44.215178099999989 ], [ 4.6612722, 44.2144277 ], [ 4.6614629, 44.2141827 ], [ 4.6613677, 44.2138834 ], [ 4.662252, 44.214202199999988 ], [ 4.6625353, 44.2141718 ], [ 4.6627546, 44.213794 ], [ 4.6629689, 44.2137169 ], [ 4.6638693, 44.2139869 ], [ 4.6641708, 44.2139805 ], [ 4.6648664, 44.2137971 ], [ 4.6654182, 44.2133629 ], [ 4.6662801, 44.2135137 ], [ 4.6665203, 44.2132552 ], [ 4.6670193, 44.2143892 ], [ 4.6674791, 44.2149593 ], [ 4.6681118, 44.2155322 ], [ 4.6694968, 44.2145271 ], [ 4.6704184, 44.2142376 ], [ 4.671052, 44.214246 ], [ 4.6740445, 44.2147397 ], [ 4.6736234, 44.2156131 ], [ 4.6732693, 44.2167646 ], [ 4.6730895, 44.2179701 ], [ 4.6731303, 44.2185484 ] ] ] ] } },
{ "type": "Feature", "properties": { "code_departement": 30.0, "code_rne": "0300032X", "multisecteur": 0.0 }, "geometry": { "type": "MultiPolygon", "coordinates": [ [ [ [ 3.980649, 43.8431137 ], [ 3.9787643, 43.841316299999988 ], [ 3.9777695, 43.8400788 ], [ 3.9775369, 43.839639 ], [ 3.9769806, 43.8390986 ], [ 3.9757732, 43.838582 ], [ 3.9755755, 43.8383678 ], [ 3.9747453, 43.8378739 ], [ 3.972926, 43.8372728 ], [ 3.9725398, 43.8372285 ], [ 3.9732533, 43.8361242 ], [ 3.9780822, 43.8296552 ], [ 3.9750179, 43.827547 ], [ 3.9730502, 43.826895 ], [ 3.9720897, 43.8262646 ], [ 3.9719125, 43.8262248 ], [ 3.9716842, 43.8259586 ], [ 3.9710727, 43.8255987 ], [ 3.9703511, 43.8247573 ], [ 3.9643614, 43.8201478 ], [ 3.9643281, 43.8198718 ], [ 3.964027, 43.8197043 ], [ 3.9640708, 43.8193548 ], [ 3.9639264, 43.8192643 ], [ 3.9637512, 43.8192694 ], [ 3.9637362, 43.8189663 ], [ 3.9634998, 43.8189566 ], [ 3.9634006, 43.8186731 ], [ 3.9627826, 43.8182889 ], [ 3.9625903, 43.8178685 ], [ 3.9612562, 43.8164359 ], [ 3.9615848, 43.8160964 ], [ 3.9620023, 43.8097372 ], [ 3.9607212, 43.8086335 ], [ 3.9604074, 43.807559 ], [ 3.9603647, 43.806501 ], [ 3.9591733, 43.8050365 ], [ 3.9612396, 43.8057607 ], [ 3.9619475, 43.8062549 ], [ 3.9622404, 43.8060147 ], [ 3.9625246, 43.8050294 ], [ 3.9632083, 43.8038679 ], [ 3.9644786, 43.8030053 ], [ 3.9653713, 43.8026644 ], [ 3.965659, 43.8022623 ], [ 3.9659105, 43.8022942 ], [ 3.9665959, 43.8021919 ], [ 3.9671721, 43.8023928 ], [ 3.967377, 43.8026745 ], [ 3.9676142, 43.8025959 ], [ 3.9679783, 43.8027448 ], [ 3.9684167, 43.8028057 ], [ 3.9696329, 43.8027139 ], [ 3.9720588, 43.8034671 ], [ 3.9735975, 43.8035614 ], [ 3.974452, 43.8014956 ], [ 3.9776488, 43.8024236 ], [ 3.9826867, 43.8041863 ], [ 3.9898958, 43.807171 ], [ 3.9934304, 43.8089109 ], [ 3.9955729, 43.8102008 ], [ 4.0055716, 43.8152613 ], [ 4.0085275, 43.8178205 ], [ 4.0120518, 43.8245961 ], [ 4.0169649, 43.82791 ], [ 4.0155174, 43.8293491 ], [ 4.0180694, 43.8332474 ], [ 4.0171326, 43.833842 ], [ 4.0167088, 43.8344075 ], [ 4.0157018, 43.8350424 ], [ 4.0155858, 43.8353702 ], [ 4.0150105, 43.83574 ], [ 4.0133654, 43.8364969 ], [ 4.0133542, 43.836569 ], [ 4.0149573, 43.837365 ], [ 4.0169152, 43.8385311 ], [ 4.0186472, 43.8394374 ], [ 4.0188779, 43.8396864 ], [ 4.0230987, 43.8420156 ], [ 4.0239323, 43.8422562 ], [ 4.0247662, 43.8416058 ], [ 4.0254708, 43.8412329 ], [ 4.0262848, 43.8409993 ], [ 4.0293365, 43.8398492 ], [ 4.0324776, 43.8366948 ], [ 4.0360224, 43.8346425 ], [ 4.0384444, 43.8333469 ], [ 4.0398615, 43.831762 ], [ 4.0407164, 43.8311896 ], [ 4.0421463, 43.829907 ], [ 4.0444379, 43.8281598 ], [ 4.0447734, 43.8280171 ], [ 4.0448576, 43.8281333 ], [ 4.0455993, 43.8285195 ], [ 4.046291, 43.8286784 ], [ 4.0465886, 43.8290445 ], [ 4.0468077, 43.8291315 ], [ 4.0445763, 43.8312472 ], [ 4.0442206, 43.8323927 ], [ 4.0438112, 43.8325766 ], [ 4.0431978, 43.8330981 ], [ 4.0434374, 43.8333496 ], [ 4.0430742, 43.8336141 ], [ 4.0430463, 43.8337881 ], [ 4.0426937, 43.833948 ], [ 4.0420397, 43.8350388 ], [ 4.0418399, 43.8351937 ], [ 4.0415491, 43.8358876 ], [ 4.0414987, 43.8362553 ], [ 4.0417644, 43.8363086 ], [ 4.042204, 43.8359354 ], [ 4.0421998, 43.8357743 ], [ 4.0427871, 43.8360045 ], [ 4.0424663, 43.8363397 ], [ 4.0423457, 43.8362751 ], [ 4.0416413, 43.8371908 ], [ 4.042062, 43.8373506 ], [ 4.042607, 43.8381239 ], [ 4.042434, 43.8382524 ], [ 4.0444097, 43.8390678 ], [ 4.0453074, 43.8392689 ], [ 4.0454263, 43.839719599999988 ], [ 4.0453146, 43.84014 ], [ 4.0453895, 43.8407711 ], [ 4.0450956, 43.8410844 ], [ 4.0447145, 43.841731599999989 ], [ 4.0444291, 43.8429223 ], [ 4.0432178, 43.8432507 ], [ 4.042692, 43.843260199999989 ], [ 4.0428409, 43.844129 ], [ 4.0430165, 43.844419 ], [ 4.0432974, 43.8443407 ], [ 4.0434971, 43.8447231 ], [ 4.0442075, 43.8446767 ], [ 4.0442325, 43.8452245 ], [ 4.0437256, 43.8452492 ], [ 4.0442236, 43.8458267 ], [ 4.0443921, 43.8459295 ], [ 4.0456434, 43.8458779 ], [ 4.0457366, 43.8466231 ], [ 4.046443, 43.846763 ], [ 4.0488024, 43.8483387 ], [ 4.047734, 43.8520624 ], [ 4.0478621, 43.8525372 ], [ 4.0484554, 43.8532173 ], [ 4.0493129, 43.8539939 ], [ 4.0509452, 43.856391 ], [ 4.0509817, 43.8566202 ], [ 4.0501322, 43.857631 ], [ 4.0510514, 43.8579083 ], [ 4.0525959, 43.8587007 ], [ 4.0536402, 43.8596149 ], [ 4.0542388, 43.8603759 ], [ 4.0567213, 43.859155799999989 ], [ 4.0611661, 43.856572 ], [ 4.0627085, 43.8555103 ], [ 4.0626421, 43.8550817 ], [ 4.0633682, 43.854203399999989 ], [ 4.0643183, 43.8543318 ], [ 4.0648516, 43.8536498 ], [ 4.0679907, 43.8520496 ], [ 4.0686574, 43.8525866 ], [ 4.0700205, 43.8532546 ], [ 4.0759456, 43.8542493 ], [ 4.0780006, 43.8553936 ], [ 4.0796867, 43.8551078 ], [ 4.0835435, 43.8550354 ], [ 4.087026, 43.8554985 ], [ 4.0884819, 43.8562499 ], [ 4.0980382, 43.8556933 ], [ 4.0986009, 43.8568189 ], [ 4.0985495, 43.858219 ], [ 4.0983351, 43.858519 ], [ 4.0980772, 43.8586899 ], [ 4.0980352, 43.8588334 ], [ 4.0989305, 43.8607639 ], [ 4.0988325, 43.8618116 ], [ 4.0991699, 43.8633157 ], [ 4.0990664, 43.8636228 ], [ 4.0987799, 43.863990199999989 ], [ 4.0987495, 43.8642236 ], [ 4.098781, 43.8644393 ], [ 4.0990601, 43.8646551 ], [ 4.0991328, 43.8648767 ], [ 4.0991383, 43.8654887 ], [ 4.0988972, 43.8658232 ], [ 4.0989886, 43.8660464 ], [ 4.0993734, 43.866263 ], [ 4.0996036, 43.8665883 ], [ 4.1011868, 43.8672113 ], [ 4.1018428, 43.8680057 ], [ 4.1018344, 43.8681525 ], [ 4.1027455, 43.8686248 ], [ 4.1033736, 43.8685546 ], [ 4.1041301, 43.868303 ], [ 4.1045101, 43.8683325 ], [ 4.1050759, 43.8681944 ], [ 4.1053459, 43.868198 ], [ 4.1084065, 43.8703873 ], [ 4.1164888, 43.8727169 ], [ 4.118851, 43.8762541 ], [ 4.1199571, 43.8776486 ], [ 4.1202912, 43.8788278 ], [ 4.1212042, 43.8800154 ], [ 4.1215731, 43.8802357 ], [ 4.1228155, 43.8817836 ], [ 4.1243322, 43.8825357 ], [ 4.1247603, 43.8832342 ], [ 4.1253964, 43.8834968 ], [ 4.1259084, 43.8838389 ], [ 4.1262792, 43.8841573 ], [ 4.1264261, 43.8844726 ], [ 4.1272597, 43.8846539 ], [ 4.1281937, 43.8860132 ], [ 4.1315789, 43.8859682 ], [ 4.1320203, 43.8858898 ], [ 4.1333992, 43.8860789 ], [ 4.1355167, 43.8853027 ], [ 4.1366575, 43.8843503 ], [ 4.1370297, 43.8841691 ], [ 4.1380662, 43.8841655 ], [ 4.1391902, 43.8839927 ], [ 4.1397687, 43.8840479 ], [ 4.1411725, 43.8838064 ], [ 4.1415187, 43.8836948 ], [ 4.1417778, 43.8834608 ], [ 4.142219, 43.8833688 ], [ 4.1427854, 43.8834412 ], [ 4.1430993, 43.8833938 ], [ 4.1432011, 43.8833199 ], [ 4.1432145, 43.8830605 ], [ 4.1431093, 43.8828375 ], [ 4.1434557, 43.8825513 ], [ 4.1437575, 43.8824581 ], [ 4.1442254, 43.8846988 ], [ 4.1440302, 43.8874387 ], [ 4.1440832, 43.8882842 ], [ 4.1456581, 43.894458 ], [ 4.1483955, 43.8983804 ], [ 4.14949, 43.9002518 ], [ 4.1507918, 43.9022199 ], [ 4.1503372, 43.9023327 ], [ 4.1502077, 43.9027589 ], [ 4.1490411, 43.9039871 ], [ 4.1485493, 43.9047879 ], [ 4.1402959, 43.9047799 ], [ 4.1360002, 43.9048553 ], [ 4.1316989, 43.9082238 ], [ 4.1207523, 43.9172254 ], [ 4.1205517, 43.9175983 ], [ 4.1198778, 43.9180264 ], [ 4.1188074, 43.9184289 ], [ 4.1187127, 43.9187413 ], [ 4.1184907, 43.9188498 ], [ 4.1179603, 43.9193601 ], [ 4.1175416, 43.9199791 ], [ 4.1172208, 43.9200661 ], [ 4.1171762, 43.9202061 ], [ 4.1166992, 43.9203919 ], [ 4.1164606, 43.9206049 ], [ 4.1158834, 43.920762 ], [ 4.1147205, 43.9215344 ], [ 4.1138295, 43.9220061 ], [ 4.1134959, 43.9223308 ], [ 4.1129988, 43.9224457 ], [ 4.1127838, 43.9227251 ], [ 4.1122786, 43.9229355 ], [ 4.1119142, 43.9228924 ], [ 4.1114345, 43.92326 ], [ 4.1110427, 43.923669 ], [ 4.110701, 43.9244744 ], [ 4.1102551, 43.924856 ], [ 4.1102861, 43.9251032 ], [ 4.1105985, 43.925353 ], [ 4.1088413, 43.9277811 ], [ 4.1086418, 43.9283466 ], [ 4.1083465, 43.9284 ], [ 4.1075932, 43.9298207 ], [ 4.1071645, 43.9300626 ], [ 4.1058608, 43.9322549 ], [ 4.1050494, 43.9331901 ], [ 4.1048841, 43.9335923 ], [ 4.1043538, 43.9340585 ], [ 4.1037487, 43.9343913 ], [ 4.102984, 43.9351659 ], [ 4.1020551, 43.935499299999989 ], [ 4.1021073, 43.9352332 ], [ 4.1018557, 43.9352961 ], [ 4.1011722, 43.9358925 ], [ 4.1000185, 43.9363262 ], [ 4.099477, 43.9352444 ], [ 4.0981463, 43.9348312 ], [ 4.0978212, 43.9350838 ], [ 4.0970471, 43.934924099999989 ], [ 4.096755, 43.9347606 ], [ 4.0970154, 43.9337931 ], [ 4.0967216, 43.933603399999988 ], [ 4.0963603, 43.933211 ], [ 4.0962608, 43.9327629 ], [ 4.0955537, 43.9322588 ], [ 4.0962695, 43.9314011 ], [ 4.0976123, 43.9304425 ], [ 4.0981305, 43.9298649 ], [ 4.0981319, 43.929423 ], [ 4.0985443, 43.9291731 ], [ 4.0976896, 43.9292159 ], [ 4.0972389, 43.9291592 ], [ 4.0963184, 43.9287617 ], [ 4.0959851, 43.9287191 ], [ 4.0943347, 43.9289634 ], [ 4.0938789, 43.9288302 ], [ 4.0932551, 43.9283846 ], [ 4.092998, 43.9284178 ], [ 4.092973, 43.928608 ], [ 4.0926646, 43.9286975 ], [ 4.0912767, 43.9286033 ], [ 4.0909398, 43.9288263 ], [ 4.0907911, 43.9291275 ], [ 4.0906887, 43.9291789 ], [ 4.0902369, 43.9291294 ], [ 4.0892833, 43.9285557 ], [ 4.0886092, 43.9282762 ], [ 4.0879221, 43.9283605 ], [ 4.0877772, 43.9277508 ], [ 4.0872922, 43.9277205 ], [ 4.0868834, 43.9275698 ], [ 4.0869416, 43.9274207 ], [ 4.0874662, 43.9273075 ], [ 4.0875054, 43.9270119 ], [ 4.0874037, 43.9267717 ], [ 4.0871395, 43.926764399999989 ], [ 4.0866958, 43.9270037 ], [ 4.0858682, 43.9269012 ], [ 4.0857687, 43.9267132 ], [ 4.0857803, 43.926080399999989 ], [ 4.085538, 43.9257786 ], [ 4.0844075, 43.9259239 ], [ 4.0840759, 43.9257706 ], [ 4.0835316, 43.9257688 ], [ 4.0831922, 43.9259945 ], [ 4.0829122, 43.9264635 ], [ 4.0822556, 43.9269056 ], [ 4.0821718, 43.9272124 ], [ 4.081913, 43.9273545 ], [ 4.081554, 43.9273383 ], [ 4.0811579, 43.9270713 ], [ 4.0807686, 43.9270985 ], [ 4.0804946, 43.927292 ], [ 4.0800597, 43.9272774 ], [ 4.079797, 43.9273457 ], [ 4.0789321, 43.9280338 ], [ 4.0786348, 43.9279854 ], [ 4.0783296, 43.9276545 ], [ 4.0782045, 43.9276243 ], [ 4.0777274, 43.9277478 ], [ 4.0774127, 43.9276366 ], [ 4.077056, 43.9276743 ], [ 4.0757883, 43.927937 ], [ 4.075508, 43.9279308 ], [ 4.0745973, 43.9276499 ], [ 4.0737295, 43.9277277 ], [ 4.0734011, 43.9276797 ], [ 4.0715921, 43.9280349 ], [ 4.0713205, 43.9282932 ], [ 4.0706345, 43.9286348 ], [ 4.0700301, 43.9284823 ], [ 4.0685414, 43.9290504 ], [ 4.0670491, 43.9288327 ], [ 4.0677583, 43.9321929 ], [ 4.0694333, 43.9352411 ], [ 4.0694878, 43.9355583 ], [ 4.0693294, 43.9362097 ], [ 4.0692523, 43.9374813 ], [ 4.0690196, 43.9376906 ], [ 4.0692335, 43.9381412 ], [ 4.0693044, 43.9387327 ], [ 4.0691189, 43.9393997 ], [ 4.0686111, 43.9400887 ], [ 4.0684125, 43.9405901 ], [ 4.0684493, 43.9411586 ], [ 4.0686236, 43.9417509 ], [ 4.0690787, 43.9421092 ], [ 4.0689061, 43.9423368 ], [ 4.0691618, 43.9427546 ], [ 4.0700624, 43.9462065 ], [ 4.0687962, 43.9483088 ], [ 4.0682966, 43.9499022 ], [ 4.0681939, 43.9522695 ], [ 4.0680628, 43.9526497 ], [ 4.0681476, 43.9529872 ], [ 4.0679058, 43.9534495 ], [ 4.0682869, 43.9541721 ], [ 4.0681573, 43.9547701 ], [ 4.0684077, 43.9551673 ], [ 4.0682148, 43.955378 ], [ 4.0678155, 43.955613199999988 ], [ 4.0680884, 43.955814 ], [ 4.0684107, 43.9559287 ], [ 4.0690001, 43.9602495 ], [ 4.067588, 43.9600311 ], [ 4.0671807, 43.9597732 ], [ 4.0666022, 43.9596231 ], [ 4.0659079, 43.959674 ], [ 4.0658836, 43.9601107 ], [ 4.0653931, 43.9604665 ], [ 4.0649988, 43.9605712 ], [ 4.0641345, 43.9605274 ], [ 4.0633593, 43.9609175 ], [ 4.0627081, 43.9610102 ], [ 4.062406, 43.9622534 ], [ 4.062424, 43.9626178 ], [ 4.0615945, 43.9626384 ], [ 4.0602821, 43.9630238 ], [ 4.0597868, 43.9630601 ], [ 4.0597154, 43.9631733 ], [ 4.0586074, 43.9634972 ], [ 4.0578483, 43.9638205 ], [ 4.0561381, 43.960965 ], [ 4.0550965, 43.9613747 ], [ 4.054309, 43.9602959 ], [ 4.0533214, 43.9605916 ], [ 4.052704, 43.9602214 ], [ 4.0504228, 43.9594288 ], [ 4.0487359, 43.958895 ], [ 4.0482638, 43.9589716 ], [ 4.0479186, 43.95856 ], [ 4.0457164, 43.9575811 ], [ 4.0420881, 43.9558057 ], [ 4.0417264, 43.956126 ], [ 4.0417315, 43.9564032 ], [ 4.0415333, 43.9568083 ], [ 4.0415632, 43.9570798 ], [ 4.0403249, 43.9590708 ], [ 4.0390262, 43.9617212 ], [ 4.0385831, 43.9623627 ], [ 4.0380518, 43.9645242 ], [ 4.0371322, 43.9665842 ], [ 4.0383386, 43.9671388 ], [ 4.0388792, 43.9676053 ], [ 4.0394267, 43.9678998 ], [ 4.0414517, 43.9695322 ], [ 4.0411723, 43.9696581 ], [ 4.0410075, 43.969846 ], [ 4.0410344, 43.970636 ], [ 4.0406485, 43.970727 ], [ 4.0405063, 43.9712027 ], [ 4.0401068, 43.9713676 ], [ 4.0397725, 43.971625499999988 ], [ 4.0395401, 43.9716601 ], [ 4.039368, 43.9716536 ], [ 4.0390365, 43.9714471 ], [ 4.0386601, 43.9713795 ], [ 4.0383599, 43.9717316 ], [ 4.0383885, 43.972205699999989 ], [ 4.0390632, 43.9733225 ], [ 4.0390716, 43.9746086 ], [ 4.0391085, 43.9747865 ], [ 4.0394327, 43.9752037 ], [ 4.0393579, 43.9753412 ], [ 4.0389593, 43.9755583 ], [ 4.0388238, 43.9761933 ], [ 4.0378502, 43.976936099999989 ], [ 4.037686, 43.9771599 ], [ 4.0377936, 43.9776629 ], [ 4.0363253, 43.9795103 ], [ 4.0361938, 43.9798176 ], [ 4.0360917, 43.980578199999989 ], [ 4.036464, 43.9810364 ], [ 4.0362513, 43.9811968 ], [ 4.0353802, 43.9812105 ], [ 4.0352256, 43.9812767 ], [ 4.0342174, 43.9829361 ], [ 4.0342031, 43.9834537 ], [ 4.0340284, 43.9838568 ], [ 4.0334488, 43.9840675 ], [ 4.0329469, 43.9841578 ], [ 4.032672, 43.9843314 ], [ 4.0324461, 43.9845873 ], [ 4.0322043, 43.9853501 ], [ 4.0315431, 43.985666 ], [ 4.0313617, 43.9858369 ], [ 4.0311876, 43.9867566 ], [ 4.0309313, 43.9870561 ], [ 4.0308751, 43.987257299999989 ], [ 4.0309068, 43.9874982 ], [ 4.0301956, 43.9884932 ], [ 4.0307656, 43.9889955 ], [ 4.030832, 43.9892163 ], [ 4.0307557, 43.989343 ], [ 4.0295135, 43.989865 ], [ 4.0291946, 43.990777099999988 ], [ 4.0289193, 43.9909975 ], [ 4.0284356, 43.991137 ], [ 4.0282799, 43.991765 ], [ 4.027841, 43.9922434 ], [ 4.0260014, 43.993109399999987 ], [ 4.0261922, 43.993321 ], [ 4.0266673, 43.9933921 ], [ 4.0268455, 43.9935264 ], [ 4.0264345, 43.9939658 ], [ 4.0266553, 43.994736 ], [ 4.0263832, 43.9952723 ], [ 4.025821, 43.9956241 ], [ 4.0254603, 43.9956743 ], [ 4.0251588, 43.9958247 ], [ 4.0249796, 43.9962567 ], [ 4.0230444, 43.9979165 ], [ 4.0217248, 43.9976165 ], [ 4.0190548, 43.9992615 ], [ 4.01899, 43.9993998 ], [ 4.0169462, 44.0005808 ], [ 4.0165989, 44.0006813 ], [ 4.0151553, 44.0005588 ], [ 4.0114071, 44.0004171 ], [ 4.0090821, 43.9998823 ], [ 4.0089517, 43.9996999 ], [ 4.008421, 43.999442 ], [ 4.007757, 43.9993383 ], [ 4.0069914, 43.9990519 ], [ 4.0059095, 43.9990034 ], [ 4.0052464, 43.9976009 ], [ 4.005159, 43.9967493 ], [ 4.0047147, 43.9958038 ], [ 4.0021186, 43.9945838 ], [ 4.0009285, 43.9943318 ], [ 3.9961852, 43.9938648 ], [ 3.995995, 43.9937576 ], [ 3.9952955, 43.9936803 ], [ 3.9941637, 43.993336 ], [ 3.9934284, 43.9932094 ], [ 3.9926303, 43.9929098 ], [ 3.9893082, 43.9936572 ], [ 3.988908, 43.9930119 ], [ 3.9887549, 43.9923049 ], [ 3.9880151, 43.9909822 ], [ 3.9869424, 43.991019799999989 ], [ 3.9888554, 43.9899054 ], [ 3.9890801, 43.9895649 ], [ 3.988822, 43.9881983 ], [ 3.9890738, 43.9877631 ], [ 3.9887798, 43.9864787 ], [ 3.9885253, 43.9863252 ], [ 3.9876995, 43.9854327 ], [ 3.9876527, 43.9851748 ], [ 3.987144, 43.9846654 ], [ 3.9861362, 43.9831885 ], [ 3.985956, 43.9822145 ], [ 3.9859367, 43.980879 ], [ 3.9862474, 43.9803956 ], [ 3.985989, 43.9800838 ], [ 3.9855335, 43.9799106 ], [ 3.985021, 43.9789593 ], [ 3.9845449, 43.9788169 ], [ 3.984282, 43.9788211 ], [ 3.9840247, 43.9785723 ], [ 3.9837016, 43.9776175 ], [ 3.9836684, 43.9769968 ], [ 3.983186, 43.9764872 ], [ 3.983034, 43.9755516 ], [ 3.9828032, 43.9751028 ], [ 3.9825304, 43.9748217 ], [ 3.9823423, 43.9742456 ], [ 3.9819528, 43.9737028 ], [ 3.981888, 43.9730508 ], [ 3.9815636, 43.9730339 ], [ 3.9811271, 43.973156599999989 ], [ 3.9802881, 43.9736529 ], [ 3.9793802, 43.9739832 ], [ 3.9782223, 43.9736885 ], [ 3.977143, 43.9732526 ], [ 3.9760167, 43.9730503 ], [ 3.9683303, 43.9709639 ], [ 3.968915, 43.9695097 ], [ 3.9689174, 43.9689192 ], [ 3.9680161, 43.9667743 ], [ 3.9678549, 43.966602 ], [ 3.9678063, 43.9658662 ], [ 3.9671943, 43.9665188 ], [ 3.9662951, 43.9669155 ], [ 3.9655516, 43.9674621 ], [ 3.9650171, 43.9676891 ], [ 3.964138, 43.9678769 ], [ 3.9632758, 43.9681788 ], [ 3.9626761, 43.9685324 ], [ 3.9613451, 43.968824 ], [ 3.9611398, 43.9689897 ], [ 3.9608176, 43.9690978 ], [ 3.9606907, 43.9694814 ], [ 3.9607243, 43.9700671 ], [ 3.9580291, 43.9729852 ], [ 3.9566315, 43.9728796 ], [ 3.9551387, 43.9728926 ], [ 3.9540753, 43.9727282 ], [ 3.9530429, 43.9714313 ], [ 3.951245, 43.9716827 ], [ 3.9505165, 43.9719375 ], [ 3.9507479, 43.9725889 ], [ 3.950394, 43.9731131 ], [ 3.9504698, 43.9736264 ], [ 3.9477391, 43.9736231 ], [ 3.9468697, 43.9737251 ], [ 3.9467478, 43.9738171 ], [ 3.9466805, 43.9758409 ], [ 3.9456398, 43.9764413 ], [ 3.9451386, 43.9763583 ], [ 3.944831, 43.9769028 ], [ 3.9451135, 43.9780767 ], [ 3.9428922, 43.9788195 ], [ 3.9417261, 43.9793768 ], [ 3.9414776, 43.9794248 ], [ 3.9402106, 43.9786347 ], [ 3.9398867, 43.9781893 ], [ 3.9395492, 43.9772957 ], [ 3.9385636, 43.9754213 ], [ 3.9384594, 43.973939799999989 ], [ 3.9382498, 43.9731694 ], [ 3.9377828, 43.9720519 ], [ 3.9381299, 43.971103 ], [ 3.9381148, 43.970114 ], [ 3.9377883, 43.9695795 ], [ 3.9378293, 43.9688141 ], [ 3.9348257, 43.9687237 ], [ 3.9343114, 43.9681377 ], [ 3.9328178, 43.965507 ], [ 3.932496, 43.9651066 ], [ 3.930087, 43.9640182 ], [ 3.9287649, 43.9634886 ], [ 3.9279062, 43.9632483 ], [ 3.9283784, 43.9630868 ], [ 3.9309492, 43.9628679 ], [ 3.9325605, 43.9621197 ], [ 3.9334292, 43.9615957 ], [ 3.9338099, 43.9614844 ], [ 3.9342177, 43.9611281 ], [ 3.935051, 43.9608069 ], [ 3.9325648, 43.9565098 ], [ 3.9323495, 43.9498208 ], [ 3.9325271, 43.9497851 ], [ 3.9326668, 43.9495661 ], [ 3.9332121, 43.9492401 ], [ 3.9338575, 43.9490231 ], [ 3.9342011, 43.948778 ], [ 3.9348429, 43.9480345 ], [ 3.9347536, 43.9472955 ], [ 3.9357247, 43.9468839 ], [ 3.9353476, 43.9466001 ], [ 3.9351824, 43.9462487 ], [ 3.9351647, 43.9459284 ], [ 3.9348308, 43.945547 ], [ 3.9348558, 43.9452488 ], [ 3.9351591, 43.9449033 ], [ 3.9355945, 43.9447169 ], [ 3.935634, 43.9445438 ], [ 3.935477, 43.9436253 ], [ 3.9351533, 43.9428027 ], [ 3.9349842, 43.9425936 ], [ 3.9350073, 43.9422523 ], [ 3.9354477, 43.9417652 ], [ 3.9357788, 43.9415958 ], [ 3.9362442, 43.9414964 ], [ 3.9365607, 43.941578299999989 ], [ 3.9367319, 43.9417641 ], [ 3.9367118, 43.941983 ], [ 3.9365166, 43.942305 ], [ 3.9366875, 43.9425484 ], [ 3.9370325, 43.9426255 ], [ 3.9375132, 43.9423883 ], [ 3.9378151, 43.9419591 ], [ 3.9381623, 43.9408086 ], [ 3.9382799, 43.9397014 ], [ 3.9381719, 43.93904 ], [ 3.9379617, 43.9387555 ], [ 3.937268, 43.9384582 ], [ 3.9368032, 43.9384469 ], [ 3.9366006, 43.938544 ], [ 3.9364105, 43.9388796 ], [ 3.9365967, 43.9396754 ], [ 3.9365253, 43.9400261 ], [ 3.936293, 43.9402162 ], [ 3.9359436, 43.9401787 ], [ 3.9356801, 43.9400603 ], [ 3.9354897, 43.939842399999989 ], [ 3.9350877, 43.9389485 ], [ 3.9348629, 43.9387632 ], [ 3.9334197, 43.9387854 ], [ 3.9331228, 43.9386809 ], [ 3.932718, 43.9383747 ], [ 3.9323093, 43.9379084 ], [ 3.9322445, 43.9376011 ], [ 3.9333112, 43.9367199 ], [ 3.933783, 43.9361723 ], [ 3.9338642, 43.9358089 ], [ 3.9337401, 43.9356074 ], [ 3.9335324, 43.935551599999989 ], [ 3.9328842, 43.9355877 ], [ 3.931577, 43.9359301 ], [ 3.9308685, 43.9360144 ], [ 3.9306024, 43.9359663 ], [ 3.9302645, 43.9356389 ], [ 3.9301781, 43.9354578 ], [ 3.9302281, 43.9352387 ], [ 3.9310021, 43.934585899999988 ], [ 3.9314792, 43.9343622 ], [ 3.9327102, 43.9343166 ], [ 3.9334027, 43.934092 ], [ 3.9339423, 43.933731 ], [ 3.9349069, 43.9327075 ], [ 3.9349498, 43.9325091 ], [ 3.9348238, 43.9321961 ], [ 3.9345333, 43.9318683 ], [ 3.9341986, 43.9316623 ], [ 3.9330919, 43.9312308 ], [ 3.9323289, 43.9311824 ], [ 3.9317726, 43.9312789 ], [ 3.9311237, 43.9312737 ], [ 3.93078, 43.9311254 ], [ 3.9306003, 43.930874 ], [ 3.9306453, 43.9306576 ], [ 3.9315119, 43.9301849 ], [ 3.9332592, 43.9288182 ], [ 3.9334912, 43.9284598 ], [ 3.9334435, 43.928138 ], [ 3.9332144, 43.9279834 ], [ 3.9328199, 43.9282297 ], [ 3.9326539, 43.928206 ], [ 3.9324814, 43.9280886 ], [ 3.9322026, 43.9274133 ], [ 3.9320505, 43.9272517 ], [ 3.9314414, 43.9270139 ], [ 3.9302627, 43.9268169 ], [ 3.9300467, 43.926709 ], [ 3.9300086, 43.926507699999988 ], [ 3.930287, 43.9260913 ], [ 3.9301874, 43.925787 ], [ 3.9300345, 43.9257307 ], [ 3.9293784, 43.9257381 ], [ 3.9291339, 43.9256367 ], [ 3.9290156, 43.925482 ], [ 3.9297075, 43.9248398 ], [ 3.9298282, 43.9243789 ], [ 3.9294113, 43.9241664 ], [ 3.9281956, 43.923986899999989 ], [ 3.9276452, 43.9237602 ], [ 3.9272, 43.9234121 ], [ 3.9269583, 43.9228661 ], [ 3.9270153, 43.9225425 ], [ 3.9272591, 43.9224495 ], [ 3.9282815, 43.9223049 ], [ 3.9285855, 43.9219297 ], [ 3.9287271, 43.9215262 ], [ 3.9286845, 43.920821 ], [ 3.9279832, 43.9198081 ], [ 3.9276982, 43.9195882 ], [ 3.9271867, 43.9193703 ], [ 3.9260896, 43.9192878 ], [ 3.9256144, 43.9191613 ], [ 3.9253805, 43.9189419 ], [ 3.9253303, 43.9187632 ], [ 3.9252851, 43.9175126 ], [ 3.9249342, 43.9170628 ], [ 3.9247597, 43.916975199999989 ], [ 3.9245364, 43.9170239 ], [ 3.9243421, 43.9177141 ], [ 3.9238404, 43.9181026 ], [ 3.9231086, 43.9184247 ], [ 3.9213804, 43.9189667 ], [ 3.9211849, 43.9165725 ], [ 3.9211162, 43.916404799999988 ], [ 3.9209123, 43.9162661 ], [ 3.9204691, 43.916195099999989 ], [ 3.9203043, 43.9160102 ], [ 3.9207515, 43.9158724 ], [ 3.9213529, 43.9151779 ], [ 3.9218202, 43.9143585 ], [ 3.9217994, 43.9136855 ], [ 3.9220794, 43.9135238 ], [ 3.9232225, 43.9132307 ], [ 3.9237785, 43.9128885 ], [ 3.9242458, 43.9123013 ], [ 3.924531, 43.9113107 ], [ 3.9250989, 43.910864 ], [ 3.9258573, 43.9104193 ], [ 3.9260989, 43.9098862 ], [ 3.9261639, 43.909136 ], [ 3.9263478, 43.9085755 ], [ 3.926212, 43.9082643 ], [ 3.9262787, 43.9074601 ], [ 3.9261792, 43.9065456 ], [ 3.92589, 43.9059856 ], [ 3.9254628, 43.9055086 ], [ 3.9247998, 43.9053126 ], [ 3.9243603, 43.9050751 ], [ 3.9239101, 43.9045632 ], [ 3.9238325, 43.903609 ], [ 3.9241396, 43.9028963 ], [ 3.9241626, 43.9022454 ], [ 3.9240606, 43.9017837 ], [ 3.9240801, 43.9011445 ], [ 3.9239457, 43.9007613 ], [ 3.9246743, 43.9007894 ], [ 3.9253796, 43.9006088 ], [ 3.9257363, 43.900496 ], [ 3.9263483, 43.900093 ], [ 3.9265826, 43.8998813 ], [ 3.9266236, 43.8996451 ], [ 3.9274968, 43.8980762 ], [ 3.9321519, 43.894577 ], [ 3.9272738, 43.8900933 ], [ 3.9249046, 43.8884989 ], [ 3.9207355, 43.8831557 ], [ 3.9195684, 43.8813089 ], [ 3.9188949, 43.8771881 ], [ 3.9175512, 43.8713009 ], [ 3.9177977, 43.8710046 ], [ 3.917877, 43.8688151 ], [ 3.9207773, 43.8639866 ], [ 3.9217424, 43.8614297 ], [ 3.9219784, 43.8607203 ], [ 3.922127, 43.8583684 ], [ 3.9238947, 43.8577648 ], [ 3.92467, 43.8567971 ], [ 3.9277798, 43.8553649 ], [ 3.9347458, 43.8538439 ], [ 3.9376787, 43.8534065 ], [ 3.9378018, 43.8536287 ], [ 3.9409499, 43.8534234 ], [ 3.9490105, 43.8536731 ], [ 3.9541506, 43.853963 ], [ 3.9583483, 43.8540558 ], [ 3.9586544, 43.853767 ], [ 3.9588564, 43.8533512 ], [ 3.9585501, 43.8527383 ], [ 3.9581609, 43.8515546 ], [ 3.9577931, 43.8490523 ], [ 3.957541, 43.8485533 ], [ 3.9573754, 43.8477987 ], [ 3.9568357, 43.8463896 ], [ 3.9569718, 43.8456054 ], [ 3.9574897, 43.8448971 ], [ 3.9576793, 43.8444149 ], [ 3.9581799, 43.8436392 ], [ 3.9594776, 43.8436881 ], [ 3.9601919, 43.843275 ], [ 3.9615892, 43.8431052 ], [ 3.9650639, 43.8434327 ], [ 3.9662415, 43.8433584 ], [ 3.9671653, 43.8434276 ], [ 3.9687068, 43.8434022 ], [ 3.9698053, 43.843651699999988 ], [ 3.9706481, 43.84415 ], [ 3.9718773, 43.8446277 ], [ 3.9720665, 43.8444937 ], [ 3.9724494, 43.8444138 ], [ 3.9741305, 43.8442611 ], [ 3.9747524, 43.843982 ], [ 3.9753866, 43.8439052 ], [ 3.9758851, 43.8435336 ], [ 3.9766537, 43.84347 ], [ 3.977962, 43.8430479 ], [ 3.9793618, 43.8428796 ], [ 3.980649, 43.8431137 ] ] ] ] } },
{ "type": "Feature", "properties": { "code_departement": 30.0, "code_rne": "0300033Y", "multisecteur": 0.0 }, "geometry": { "type": "MultiPolygon", "coordinates": [ [ [ [ 4.6038923, 43.901033 ], [ 4.6056052, 43.90298 ], [ 4.6083468, 43.9040504 ], [ 4.6093997, 43.9075274 ], [ 4.6111941, 43.9119476 ], [ 4.6146999, 43.9179177 ], [ 4.6151426, 43.9183343 ], [ 4.6162393, 43.9196871 ], [ 4.6171259, 43.9210476 ], [ 4.6182216, 43.9247715 ], [ 4.6189733, 43.9260718 ], [ 4.6195931, 43.9277666 ], [ 4.6197537, 43.9288615 ], [ 4.6204897, 43.9318418 ], [ 4.62116, 43.9351372 ], [ 4.6211921, 43.9353896 ], [ 4.6203421, 43.9372133 ], [ 4.6204965, 43.9382651 ], [ 4.6203284, 43.9390129 ], [ 4.6220395, 43.9417123 ], [ 4.6240582, 43.9445304 ], [ 4.6253284, 43.9457771 ], [ 4.6253009, 43.9476139 ], [ 4.6251243, 43.9482808 ], [ 4.626386, 43.9549952 ], [ 4.6283882, 43.9642829 ], [ 4.6289638, 43.9744859 ], [ 4.6293562, 43.9746078 ], [ 4.6295073, 43.9747478 ], [ 4.629832, 43.97477 ], [ 4.6298595, 43.9751656 ], [ 4.630167, 43.9755877 ], [ 4.6301411, 43.9762921 ], [ 4.6304673, 43.9771955 ], [ 4.630495, 43.9779467 ], [ 4.6306285, 43.9784722 ], [ 4.6306016, 43.9796698 ], [ 4.6308683, 43.9802321 ], [ 4.6309142, 43.9805734 ], [ 4.6308324, 43.9810248 ], [ 4.6305886, 43.981568499999987 ], [ 4.6305388, 43.9823101 ], [ 4.6309964, 43.9836652 ], [ 4.6309933, 43.9841235 ], [ 4.6311471, 43.9845316 ], [ 4.6309938, 43.9850542 ], [ 4.6310184, 43.9853932 ], [ 4.6314656, 43.9860302 ], [ 4.6314623, 43.9865703 ], [ 4.6322106, 43.9880148 ], [ 4.6323608, 43.9885139 ], [ 4.6327839, 43.9889217 ], [ 4.6329691, 43.9892493 ], [ 4.6331286, 43.9898545 ], [ 4.6330928, 43.9902178 ], [ 4.6332434, 43.9904694 ], [ 4.637466, 43.9904513 ], [ 4.6376832, 43.9913293 ], [ 4.6378171, 43.9948614 ], [ 4.6377198, 43.9951203 ], [ 4.6351129, 43.9958309 ], [ 4.6351688, 43.9954763 ], [ 4.6350396, 43.9948418 ], [ 4.6346302, 43.9936947 ], [ 4.6323969, 43.994870399999989 ], [ 4.6321448, 43.9949039 ], [ 4.6298173, 43.9945758 ], [ 4.6284942, 43.9945289 ], [ 4.6274263, 43.994074 ], [ 4.626182, 43.994557 ], [ 4.6251568, 43.9946362 ], [ 4.6238329, 43.9949988 ], [ 4.6230336, 43.9948667 ], [ 4.6228458, 43.995674199999989 ], [ 4.622254, 43.9967866 ], [ 4.6222277, 43.997572 ], [ 4.6224612, 43.9980645 ], [ 4.6223725, 43.9988031 ], [ 4.6218351, 43.999857 ], [ 4.6217592, 44.0009141 ], [ 4.6224913, 44.001879 ], [ 4.6230519, 44.0033047 ], [ 4.6217807, 44.0044299 ], [ 4.6194157, 44.0071817 ], [ 4.6191559, 44.0076518 ], [ 4.6190017, 44.0081933 ], [ 4.6190901, 44.0090237 ], [ 4.619643, 44.0110095 ], [ 4.6199376, 44.0151856 ], [ 4.6206275, 44.0165482 ], [ 4.6222616, 44.016767 ], [ 4.6251908, 44.0162095 ], [ 4.6256452, 44.0163072 ], [ 4.6281861, 44.0172218 ], [ 4.6303145, 44.0171901 ], [ 4.6304063, 44.0175182 ], [ 4.6299789, 44.0186714 ], [ 4.6289885, 44.0205487 ], [ 4.6290025, 44.0219969 ], [ 4.6263724, 44.02522 ], [ 4.6242673, 44.0275701 ], [ 4.6213704, 44.0278373 ], [ 4.6199161, 44.029038 ], [ 4.6179453, 44.0280473 ], [ 4.6174029, 44.0276646 ], [ 4.6145939, 44.0267672 ], [ 4.6143113, 44.0263042 ], [ 4.6139442, 44.0259396 ], [ 4.6129635, 44.0253644 ], [ 4.6121439, 44.0253675 ], [ 4.6117827, 44.0251667 ], [ 4.61109, 44.0250248 ], [ 4.6102181, 44.0254274 ], [ 4.6099226, 44.0254371 ], [ 4.609627, 44.0253497 ], [ 4.6090149, 44.0248357 ], [ 4.6086044, 44.0240828 ], [ 4.6079548, 44.023744 ], [ 4.6074891, 44.0233323 ], [ 4.6069839, 44.0231569 ], [ 4.6066674, 44.0229077 ], [ 4.6065525, 44.022637599999989 ], [ 4.6055612, 44.0225225 ], [ 4.6046482, 44.0220426 ], [ 4.6040962, 44.0221542 ], [ 4.6034053, 44.0228278 ], [ 4.60253, 44.0233312 ], [ 4.6023721, 44.0233056 ], [ 4.601453, 44.0226088 ], [ 4.6012159, 44.0226951 ], [ 4.6008478, 44.023093 ], [ 4.5982927, 44.0232644 ], [ 4.5957409, 44.0230235 ], [ 4.5940892, 44.0232924 ], [ 4.5936936, 44.0235998 ], [ 4.592698, 44.0240005 ], [ 4.5921013, 44.0244331 ], [ 4.591503, 44.0243626 ], [ 4.5866871, 44.0228293 ], [ 4.5832886, 44.0228677 ], [ 4.5777809, 44.0226944 ], [ 4.5710907, 44.0218886 ], [ 4.5677569, 44.0210138 ], [ 4.5672187, 44.0208126 ], [ 4.5672781, 44.020521 ], [ 4.5670561, 44.0203442 ], [ 4.5667006, 44.0197993 ], [ 4.5657659, 44.0190601 ], [ 4.5651513, 44.0187097 ], [ 4.5641039, 44.0184997 ], [ 4.5627152, 44.0184448 ], [ 4.5621089, 44.0182167 ], [ 4.5617176, 44.0177749 ], [ 4.5615915, 44.017041299999988 ], [ 4.5608163, 44.0164744 ], [ 4.5593651, 44.0162277 ], [ 4.5571752, 44.0165218 ], [ 4.5559582, 44.0168569 ], [ 4.5539255, 44.0166967 ], [ 4.5516984, 44.0160811 ], [ 4.5509495, 44.0157425 ], [ 4.5501893, 44.015584 ], [ 4.5487019, 44.0147841 ], [ 4.5479139, 44.0146134 ], [ 4.5463173, 44.0139726 ], [ 4.5458696, 44.0138358 ], [ 4.5452855, 44.0138233 ], [ 4.5436339, 44.0129897 ], [ 4.5425632, 44.012696 ], [ 4.5414124, 44.012805 ], [ 4.5415295, 44.0118284 ], [ 4.5410834, 44.0114755 ], [ 4.5410228, 44.011264 ], [ 4.5411407, 44.0108734 ], [ 4.5409917, 44.0105758 ], [ 4.5404896, 44.0101364 ], [ 4.5401944, 44.0101054 ], [ 4.5398874, 44.0102366 ], [ 4.539724, 44.0104649 ], [ 4.5395685, 44.0104797 ], [ 4.5390372, 44.0102036 ], [ 4.5391307, 44.0094182 ], [ 4.5393697, 44.0090305 ], [ 4.539373, 44.0088324 ], [ 4.5386523, 44.0089749 ], [ 4.5382507, 44.0093019 ], [ 4.5376555, 44.0095227 ], [ 4.5370227, 44.0094587 ], [ 4.5367981, 44.0094987 ], [ 4.5366124, 44.0095995 ], [ 4.535818, 44.0104802 ], [ 4.5334014, 44.0106419 ], [ 4.5328891, 44.0105609 ], [ 4.532756, 44.0096464 ], [ 4.5335482, 44.0066881 ], [ 4.5339347, 44.0039039 ], [ 4.5355469, 43.99769 ], [ 4.5313545, 43.9964813 ], [ 4.5277513, 43.9958926 ], [ 4.5275336, 43.9966095 ], [ 4.5276162, 43.9976444 ], [ 4.5273171, 44.0006308 ], [ 4.527353, 44.0011308 ], [ 4.5275788, 44.0019234 ], [ 4.5275775, 44.0028083 ], [ 4.5272017, 44.0032096 ], [ 4.5242331, 44.0032843 ], [ 4.5240701, 44.002877 ], [ 4.5238432, 44.0027415 ], [ 4.523963, 44.0021377 ], [ 4.5235704, 44.001585 ], [ 4.5235412, 44.0012848 ], [ 4.5236923, 44.0009694 ], [ 4.5235316, 44.0005531 ], [ 4.5233849, 44.0004795 ], [ 4.522647, 44.0004439 ], [ 4.5222413, 43.9997735 ], [ 4.52113, 43.999067 ], [ 4.5205492, 43.9985638 ], [ 4.5204508, 43.9981916 ], [ 4.5197168, 43.9975078 ], [ 4.5194286, 43.9969897 ], [ 4.5187971, 43.9965961 ], [ 4.5184526, 43.9950373 ], [ 4.5176964, 43.9942674 ], [ 4.5167366, 43.9935732 ], [ 4.5163632, 43.9930851 ], [ 4.5161753, 43.9932398 ], [ 4.5159851, 43.9936367 ], [ 4.5156504, 43.9940365 ], [ 4.514756, 43.994256 ], [ 4.5143396, 43.9944481 ], [ 4.5146066, 43.9951114 ], [ 4.5142089, 43.9956759 ], [ 4.5140029, 43.9963241 ], [ 4.5138024, 43.9964745 ], [ 4.5129477, 43.9965008 ], [ 4.5126091, 43.996663 ], [ 4.5124818, 43.996987 ], [ 4.5125128, 43.9977805 ], [ 4.5123094, 43.9981506 ], [ 4.5118164, 43.998558 ], [ 4.5106612, 43.9983984 ], [ 4.5102607, 43.9984831 ], [ 4.5095459, 43.9988009 ], [ 4.508596, 43.9985313 ], [ 4.5080511, 43.9985784 ], [ 4.5077726, 43.9987515 ], [ 4.5072818, 43.9993857 ], [ 4.5070956, 43.9994162 ], [ 4.5068209, 43.999167 ], [ 4.5066091, 43.9991744 ], [ 4.5052771, 43.9999201 ], [ 4.5050274, 43.9996724 ], [ 4.5046591, 43.9995172 ], [ 4.504503, 43.9995077 ], [ 4.5044352, 43.9995851 ], [ 4.5043951, 43.9998602 ], [ 4.5039952, 43.9998297 ], [ 4.5037705, 43.9993926 ], [ 4.5009897, 43.9985433 ], [ 4.4993539, 43.9994496 ], [ 4.4986835, 43.9993256 ], [ 4.497835, 44.0005875 ], [ 4.4976516, 44.000681 ], [ 4.4974012, 44.0006412 ], [ 4.4964749, 44.000175 ], [ 4.4962359, 43.9995743 ], [ 4.4960498, 43.999422 ], [ 4.4956678, 43.9994047 ], [ 4.4933708, 44.0008799 ], [ 4.49332, 44.0002253 ], [ 4.4927047, 44.0002058 ], [ 4.4920912, 43.9991592 ], [ 4.4916895, 43.9981043 ], [ 4.4908851, 43.9978596 ], [ 4.487076, 43.9961076 ], [ 4.4860433, 43.995857 ], [ 4.4852954, 43.9958203 ], [ 4.4827259, 43.995404199999989 ], [ 4.4794178, 43.9950638 ], [ 4.4781953, 43.9946104 ], [ 4.4788091, 43.9928963 ], [ 4.4788528, 43.9924646 ], [ 4.4783853, 43.9913124 ], [ 4.4766593, 43.9882653 ], [ 4.4761957, 43.9857674 ], [ 4.4760627, 43.985446 ], [ 4.4761444, 43.984895 ], [ 4.4758614, 43.9847007 ], [ 4.4757077, 43.9843032 ], [ 4.4758491, 43.9837468 ], [ 4.4757181, 43.9832139 ], [ 4.4760072, 43.9828724 ], [ 4.4759879, 43.9823641 ], [ 4.475877, 43.9821279 ], [ 4.4755473, 43.981911 ], [ 4.4749693, 43.9819764 ], [ 4.4747, 43.9818774 ], [ 4.4746046, 43.9814691 ], [ 4.4742548, 43.980859 ], [ 4.4739569, 43.9800412 ], [ 4.4737314, 43.9798552 ], [ 4.4734629, 43.9791603 ], [ 4.4737899, 43.9787428 ], [ 4.4778715, 43.9771718 ], [ 4.4798891, 43.9768142 ], [ 4.4796019, 43.9757406 ], [ 4.4795959, 43.9752663 ], [ 4.4796725, 43.973177 ], [ 4.4798335, 43.9729435 ], [ 4.479896, 43.9719921 ], [ 4.4799964, 43.9717765 ], [ 4.4804337, 43.9714807 ], [ 4.4805093, 43.971320399999989 ], [ 4.4809884, 43.9696612 ], [ 4.4818281, 43.9675364 ], [ 4.4821042, 43.9666028 ], [ 4.4822623, 43.9665493 ], [ 4.4832178, 43.9669198 ], [ 4.4844285, 43.9672733 ], [ 4.4852532, 43.9674062 ], [ 4.486581, 43.9674718 ], [ 4.4880888, 43.9677997 ], [ 4.4892887, 43.9676897 ], [ 4.4939572, 43.9675414 ], [ 4.4957403, 43.9674333 ], [ 4.4978718, 43.9670207 ], [ 4.499944, 43.9663414 ], [ 4.5009666, 43.9656577 ], [ 4.4999245, 43.965221899999989 ], [ 4.5001276, 43.9646989 ], [ 4.5001073, 43.9637378 ], [ 4.4999635, 43.9630566 ], [ 4.5003252, 43.9588534 ], [ 4.5003196, 43.958686 ], [ 4.5001473, 43.9586263 ], [ 4.5001317, 43.9577975 ], [ 4.4998618, 43.9565842 ], [ 4.5011534, 43.9557105 ], [ 4.5014131, 43.9554927 ], [ 4.5014226, 43.9553809 ], [ 4.5005827, 43.9538127 ], [ 4.5001748, 43.9523763 ], [ 4.4997202, 43.9496822 ], [ 4.4999848, 43.9488468 ], [ 4.4998688, 43.9482255 ], [ 4.499269, 43.9474471 ], [ 4.4988458, 43.9464663 ], [ 4.4981516, 43.9456477 ], [ 4.4978501, 43.9446536 ], [ 4.4975641, 43.9442921 ], [ 4.4985489, 43.9431318 ], [ 4.4966794, 43.9429558 ], [ 4.496291, 43.9418261 ], [ 4.4954059, 43.9415196 ], [ 4.494818, 43.9410001 ], [ 4.4939979, 43.9407917 ], [ 4.4942579, 43.939925 ], [ 4.4947224, 43.9390617 ], [ 4.4946411, 43.9388126 ], [ 4.4937684, 43.9383546 ], [ 4.4942819, 43.937939 ], [ 4.4944665, 43.937093 ], [ 4.4938943, 43.9365977 ], [ 4.4938046, 43.9356007 ], [ 4.4934674, 43.9353758 ], [ 4.4934339, 43.9343798 ], [ 4.4927985, 43.9314685 ], [ 4.4910212, 43.9284198 ], [ 4.4905278, 43.9277928 ], [ 4.4891421, 43.9264274 ], [ 4.4886881, 43.9253048 ], [ 4.4889085, 43.9219606 ], [ 4.4881302, 43.9190008 ], [ 4.4878516, 43.9183935 ], [ 4.488246, 43.9178057 ], [ 4.4891695, 43.9158354 ], [ 4.4902604, 43.9150266 ], [ 4.4905331, 43.9119751 ], [ 4.4903685, 43.911965699999989 ], [ 4.4907327, 43.9117069 ], [ 4.491414, 43.9115257 ], [ 4.4920149, 43.9112681 ], [ 4.4928089, 43.9107784 ], [ 4.4930024, 43.9101781 ], [ 4.493035, 43.9086178 ], [ 4.4934771, 43.9080024 ], [ 4.4935028, 43.9077023 ], [ 4.4931732, 43.9048589 ], [ 4.4922763, 43.9029809 ], [ 4.4908811, 43.8995121 ], [ 4.4905047, 43.8959663 ], [ 4.4907427, 43.896117 ], [ 4.4932597, 43.89898 ], [ 4.4983497, 43.8992631 ], [ 4.4989609, 43.8989307 ], [ 4.5000343, 43.8985676 ], [ 4.5004171, 43.8983562 ], [ 4.5018127, 43.8970382 ], [ 4.5023737, 43.8966903 ], [ 4.503752, 43.8962329 ], [ 4.5048251, 43.8960003 ], [ 4.505361, 43.8957427 ], [ 4.5060814, 43.8955915 ], [ 4.5075313, 43.8947335 ], [ 4.5082482, 43.8944472 ], [ 4.5087644, 43.8943897 ], [ 4.5092131, 43.8940802 ], [ 4.5096178, 43.893665 ], [ 4.5096411, 43.893275 ], [ 4.509869, 43.8927605 ], [ 4.510317, 43.8924267 ], [ 4.5106149, 43.892068 ], [ 4.5109016, 43.8909083 ], [ 4.5107164, 43.8905904 ], [ 4.5115974, 43.8881839 ], [ 4.5130734, 43.8867269 ], [ 4.5136574, 43.8868305 ], [ 4.5142648, 43.885426 ], [ 4.5146603, 43.8854151 ], [ 4.5147564, 43.885285 ], [ 4.5153772, 43.8839623 ], [ 4.5154498, 43.8839784 ], [ 4.5166458, 43.880561199999988 ], [ 4.5178321, 43.8776743 ], [ 4.522251, 43.8776794 ], [ 4.5242172, 43.8777807 ], [ 4.5241662, 43.8776419 ], [ 4.5283345, 43.8776772 ], [ 4.5318622, 43.8780472 ], [ 4.534927, 43.8789699 ], [ 4.5400295, 43.8820376 ], [ 4.5378575, 43.8898739 ], [ 4.5421813, 43.8895078 ], [ 4.5465111, 43.8887633 ], [ 4.5495863, 43.8885712 ], [ 4.5508771, 43.8885799 ], [ 4.5502645, 43.8938875 ], [ 4.5492255, 43.8958717 ], [ 4.5471738, 43.8991655 ], [ 4.5613484, 43.899611799999988 ], [ 4.5642575, 43.899608 ], [ 4.5677797, 43.8997213 ], [ 4.5758374, 43.8992191 ], [ 4.5833547, 43.9008251 ], [ 4.5829978, 43.9026341 ], [ 4.5934428, 43.9019727 ], [ 4.5982856, 43.9021558 ], [ 4.6036116, 43.901633 ], [ 4.6038923, 43.901033 ] ] ] ] } },
{ "type": "Feature", "properties": { "code_departement": 30.0, "code_rne": "0300036B", "multisecteur": 0.0 }, "geometry": { "type": "MultiPolygon", "coordinates": [ [ [ [ 4.1873937, 44.2108375 ], [ 4.1908892, 44.2090992 ], [ 4.1921445, 44.2088641 ], [ 4.1944295, 44.208019199999988 ], [ 4.1954343, 44.2077724 ], [ 4.1977821, 44.206762 ], [ 4.1981787, 44.2065227 ], [ 4.1986173, 44.2057177 ], [ 4.1995526, 44.2049099 ], [ 4.2002163, 44.2045191 ], [ 4.2010144, 44.2042088 ], [ 4.2029074, 44.2035958 ], [ 4.2039204, 44.2035073 ], [ 4.2057463, 44.2030398 ], [ 4.2105677, 44.2023863 ], [ 4.2121325, 44.2024159 ], [ 4.2129512, 44.2023096 ], [ 4.2141445, 44.2019921 ], [ 4.214529, 44.201541399999989 ], [ 4.2148605, 44.2004809 ], [ 4.2151228, 44.2001665 ], [ 4.2156461, 44.1999438 ], [ 4.2162794, 44.1998953 ], [ 4.2168037, 44.2000111 ], [ 4.2175074, 44.1999726 ], [ 4.2187835, 44.1996686 ], [ 4.2190146, 44.1998272 ], [ 4.2197012, 44.2016713 ], [ 4.2196704, 44.202687 ], [ 4.2194326, 44.2037339 ], [ 4.2197008, 44.2049777 ], [ 4.2193367, 44.2052104 ], [ 4.2190324, 44.2059627 ], [ 4.2189304, 44.2068668 ], [ 4.2187394, 44.2069463 ], [ 4.2186059, 44.2072575 ], [ 4.2185515, 44.207752299999989 ], [ 4.2187112, 44.2084905 ], [ 4.2185066, 44.208635 ], [ 4.2184579, 44.2088732 ], [ 4.2186827, 44.2093766 ], [ 4.2203044, 44.2093622 ], [ 4.2222836, 44.2096201 ], [ 4.2235732, 44.210108 ], [ 4.2245873, 44.2102993 ], [ 4.2267083, 44.2102252 ], [ 4.2266565, 44.2107236 ], [ 4.2278949, 44.2118494 ], [ 4.2299996, 44.2116557 ], [ 4.233336, 44.2123303 ], [ 4.2344473, 44.2123826 ], [ 4.2350275, 44.2128181 ], [ 4.235319, 44.2128112 ], [ 4.2356287, 44.2131264 ], [ 4.2357204, 44.2134297 ], [ 4.2360981, 44.2137594 ], [ 4.236744, 44.2140492 ], [ 4.2396744, 44.2161271 ], [ 4.2410995, 44.2170175 ], [ 4.2434704, 44.2207446 ], [ 4.2447017, 44.2224347 ], [ 4.2486153, 44.2285441 ], [ 4.2498518, 44.2270456 ], [ 4.2501862, 44.2263108 ], [ 4.2510028, 44.2257029 ], [ 4.251947, 44.225206 ], [ 4.2527208, 44.224982 ], [ 4.2530953, 44.2249922 ], [ 4.2534308, 44.2251027 ], [ 4.253989, 44.225893 ], [ 4.2543831, 44.2261639 ], [ 4.2556956, 44.2268079 ], [ 4.2569362, 44.2275985 ], [ 4.2573163, 44.2266156 ], [ 4.2566746, 44.2261881 ], [ 4.2569623, 44.2253819 ], [ 4.2566859, 44.2252824 ], [ 4.2564005, 44.2249994 ], [ 4.2561489, 44.2249447 ], [ 4.2555354, 44.2244332 ], [ 4.2551585, 44.2243141 ], [ 4.2545981, 44.2239389 ], [ 4.2547507, 44.2237067 ], [ 4.2582528, 44.222382 ], [ 4.2593017, 44.2221485 ], [ 4.2598928, 44.2221048 ], [ 4.2600671, 44.2220056 ], [ 4.2600296, 44.2218386 ], [ 4.2607746, 44.2216185 ], [ 4.2641634, 44.220222 ], [ 4.2669483, 44.2193635 ], [ 4.267471, 44.2190604 ], [ 4.2704743, 44.2168372 ], [ 4.2713833, 44.216012 ], [ 4.2730648, 44.2131839 ], [ 4.2753654, 44.2106249 ], [ 4.2760617, 44.2093619 ], [ 4.2772567, 44.2085162 ], [ 4.2771786, 44.208329899999988 ], [ 4.2773898, 44.208259 ], [ 4.277513, 44.2078921 ], [ 4.2821379, 44.2044804 ], [ 4.2832297, 44.20395 ], [ 4.2839398, 44.203479 ], [ 4.2844969, 44.20299 ], [ 4.2850152, 44.202667 ], [ 4.2875322, 44.2004248 ], [ 4.2914936, 44.1974328 ], [ 4.2919144, 44.1973945 ], [ 4.2924829, 44.1975796 ], [ 4.2930249, 44.1974751 ], [ 4.2937549, 44.1974439 ], [ 4.2943787, 44.1971422 ], [ 4.2950147, 44.197159 ], [ 4.2957282, 44.1973369 ], [ 4.2966694, 44.197893 ], [ 4.2976447, 44.1981893 ], [ 4.2981719, 44.1984828 ], [ 4.3026948, 44.197638 ], [ 4.3034167, 44.1972531 ], [ 4.3038723, 44.1973125 ], [ 4.3043075, 44.1972479 ], [ 4.3054139, 44.197639 ], [ 4.3072435, 44.1974317 ], [ 4.307643, 44.1972821 ], [ 4.3080868, 44.1972651 ], [ 4.3087683, 44.1974082 ], [ 4.3092398, 44.1976681 ], [ 4.3098535, 44.197641 ], [ 4.3105214, 44.1977356 ], [ 4.3114862, 44.1980608 ], [ 4.3124717, 44.198148 ], [ 4.3130479, 44.1980106 ], [ 4.313343, 44.1977856 ], [ 4.3135908, 44.1974613 ], [ 4.3136812, 44.1971496 ], [ 4.3143804, 44.1965975 ], [ 4.3172085, 44.1967158 ], [ 4.3175089, 44.1963953 ], [ 4.3181299, 44.1962492 ], [ 4.3183085, 44.1960211 ], [ 4.3184984, 44.196062 ], [ 4.3190118, 44.1964573 ], [ 4.319454, 44.1965844 ], [ 4.3217141, 44.1968677 ], [ 4.3219697, 44.1970429 ], [ 4.3226327, 44.1981098 ], [ 4.3230157, 44.1983275 ], [ 4.3239559, 44.1984008 ], [ 4.3257959, 44.1991771 ], [ 4.3268612, 44.199247 ], [ 4.3271829, 44.1995204 ], [ 4.3271503, 44.2003751 ], [ 4.3278982, 44.2020701 ], [ 4.3352245, 44.2006597 ], [ 4.3389247, 44.2000718 ], [ 4.3401194, 44.1998448 ], [ 4.3403435, 44.1997412 ], [ 4.3404959, 44.199785299999988 ], [ 4.3407769, 44.1996522 ], [ 4.3409947, 44.1996586 ], [ 4.3412755, 44.1997326 ], [ 4.3419178, 44.2005394 ], [ 4.3430178, 44.2014433 ], [ 4.3434108, 44.201975 ], [ 4.3437983, 44.2023276 ], [ 4.3446283, 44.2028162 ], [ 4.3473015, 44.2038772 ], [ 4.3481779, 44.204105 ], [ 4.348684, 44.2036495 ], [ 4.3499112, 44.2043159 ], [ 4.3502902, 44.204360799999989 ], [ 4.3517633, 44.2047874 ], [ 4.3526262, 44.2048163 ], [ 4.3537386, 44.2051213 ], [ 4.3548553, 44.2055576 ], [ 4.3555497, 44.2057075 ], [ 4.3576544, 44.206588 ], [ 4.3585982, 44.2067501 ], [ 4.3595966, 44.2066864 ], [ 4.3607917, 44.2068894 ], [ 4.3615367, 44.2067497 ], [ 4.3622771, 44.2064659 ], [ 4.3633344, 44.2058307 ], [ 4.3638725, 44.2056728 ], [ 4.3645743, 44.2053481 ], [ 4.3659132, 44.2045609 ], [ 4.3668509, 44.20364 ], [ 4.3675446, 44.2030849 ], [ 4.3687897, 44.2029271 ], [ 4.3707034, 44.2022623 ], [ 4.3710605, 44.202230799999988 ], [ 4.3712967, 44.2023179 ], [ 4.3733052, 44.2024728 ], [ 4.3740419, 44.2023547 ], [ 4.3744026, 44.2022115 ], [ 4.3749557, 44.201849 ], [ 4.3753349, 44.200764 ], [ 4.375522, 44.2005834 ], [ 4.3765759, 44.2004919 ], [ 4.3774634, 44.200605 ], [ 4.3781986, 44.2005813 ], [ 4.3785974, 44.2005124 ], [ 4.3796952, 44.2001124 ], [ 4.3814151, 44.2007542 ], [ 4.3825157, 44.2013435 ], [ 4.3827742, 44.201632 ], [ 4.3832267, 44.2017145 ], [ 4.3837897, 44.2021179 ], [ 4.3846215, 44.2025638 ], [ 4.3857762, 44.2028049 ], [ 4.3867005, 44.2034 ], [ 4.3872961, 44.2035509 ], [ 4.3878857, 44.2039647 ], [ 4.3885614, 44.2039643 ], [ 4.3892323, 44.203765 ], [ 4.3893988, 44.2035621 ], [ 4.389396, 44.2034991 ], [ 4.389012, 44.2034563 ], [ 4.3887826, 44.2033358 ], [ 4.3888191, 44.2028853 ], [ 4.3880416, 44.2025629 ], [ 4.3879295, 44.2023276 ], [ 4.3879799, 44.2017769 ], [ 4.3882474, 44.2015089 ], [ 4.389497, 44.2014876 ], [ 4.3964028, 44.209907199999989 ], [ 4.3980873, 44.2121903 ], [ 4.4016946, 44.2165537 ], [ 4.4017151, 44.2166228 ], [ 4.3995863, 44.2182163 ], [ 4.398522, 44.2188655 ], [ 4.3980476, 44.2192712 ], [ 4.3983124, 44.2196045 ], [ 4.4004502, 44.2211671 ], [ 4.4009814, 44.2217932 ], [ 4.4017478, 44.2259587 ], [ 4.4019238, 44.2262428 ], [ 4.4020326, 44.2270489 ], [ 4.402353, 44.2273986 ], [ 4.4026426, 44.228026 ], [ 4.402593, 44.2283975 ], [ 4.4029865, 44.2287184 ], [ 4.4041514, 44.229295799999989 ], [ 4.4049731, 44.230019899999988 ], [ 4.4052639, 44.2304888 ], [ 4.4055727, 44.2308225 ], [ 4.4057916, 44.230916 ], [ 4.405804, 44.2318701 ], [ 4.405949, 44.2321671 ], [ 4.4059522, 44.2327486 ], [ 4.4067501, 44.2328122 ], [ 4.407292, 44.2333589 ], [ 4.4066006, 44.2335497 ], [ 4.4063786, 44.233687499999988 ], [ 4.4061206, 44.2339861 ], [ 4.405917, 44.2345631 ], [ 4.405691, 44.2347937 ], [ 4.404924, 44.2351691 ], [ 4.4045558, 44.2355699 ], [ 4.4040564, 44.2356807 ], [ 4.4036965, 44.2359122 ], [ 4.4025491, 44.2369108 ], [ 4.4012282, 44.2376253 ], [ 4.3999795, 44.2380212 ], [ 4.3999417, 44.2381117 ], [ 4.4001211, 44.2383813 ], [ 4.400224, 44.242449099999988 ], [ 4.4009568, 44.2464161 ], [ 4.4005337, 44.2465764 ], [ 4.400371, 44.2467333 ], [ 4.3998315, 44.2477088 ], [ 4.3987773, 44.2488935 ], [ 4.3983188, 44.2496492 ], [ 4.3970725, 44.2573794 ], [ 4.3977503, 44.2578416 ], [ 4.3983268, 44.2579558 ], [ 4.3988324, 44.2584463 ], [ 4.3992949, 44.2587627 ], [ 4.3998211, 44.2588649 ], [ 4.40028, 44.2595433 ], [ 4.4008954, 44.2599604 ], [ 4.4013605, 44.2611419 ], [ 4.4014021, 44.261863299999987 ], [ 4.4015264, 44.2622822 ], [ 4.401451, 44.262727 ], [ 4.4001042, 44.2647544 ], [ 4.3998027, 44.2650751 ], [ 4.3979081, 44.2664352 ], [ 4.3959737, 44.2668425 ], [ 4.3964642, 44.266308699999989 ], [ 4.3973601, 44.2656518 ], [ 4.3978552, 44.2650504 ], [ 4.3979444, 44.2648575 ], [ 4.3979137, 44.2642223 ], [ 4.3976601, 44.2640482 ], [ 4.3971239, 44.2629774 ], [ 4.3968338, 44.2626957 ], [ 4.3968208, 44.2623205 ], [ 4.3964089, 44.2615173 ], [ 4.3959212, 44.2609887 ], [ 4.3952025, 44.2603956 ], [ 4.3948101, 44.2601773 ], [ 4.3943617, 44.2600282 ], [ 4.3935827, 44.2599822 ], [ 4.3928405, 44.2601645 ], [ 4.3925537, 44.2604706 ], [ 4.3925032, 44.2610672 ], [ 4.3926533, 44.2620277 ], [ 4.3925554, 44.262686099999989 ], [ 4.3924047, 44.262977 ], [ 4.3917192, 44.2636321 ], [ 4.3911919, 44.2637378 ], [ 4.3900286, 44.263811 ], [ 4.3891337, 44.2636927 ], [ 4.3887534, 44.2637119 ], [ 4.3883722, 44.2639022 ], [ 4.3879447, 44.2642488 ], [ 4.3867356, 44.265781 ], [ 4.3861325, 44.2675036 ], [ 4.3861425, 44.2687863 ], [ 4.386527, 44.2736501 ], [ 4.3862564, 44.2750858 ], [ 4.3861104, 44.2786005 ], [ 4.3841977, 44.2795051 ], [ 4.3841132, 44.2800994 ], [ 4.3838598, 44.2803961 ], [ 4.3824298, 44.2811613 ], [ 4.3811858, 44.2822581 ], [ 4.3809804, 44.2823147 ], [ 4.3814112, 44.2873967 ], [ 4.381827, 44.2885159 ], [ 4.3827588, 44.289616 ], [ 4.3860831, 44.2940449 ], [ 4.3863382, 44.2941758 ], [ 4.388026, 44.2940987 ], [ 4.3903539, 44.294415 ], [ 4.3931813, 44.2945007 ], [ 4.393678, 44.2970647 ], [ 4.3930874, 44.29767 ], [ 4.3927136, 44.2979142 ], [ 4.3925786, 44.2980843 ], [ 4.3925603, 44.2984086 ], [ 4.3926108, 44.2985259 ], [ 4.3941964, 44.2994907 ], [ 4.3942445, 44.2997647 ], [ 4.3941341, 44.2999641 ], [ 4.3935564, 44.3004297 ], [ 4.3928699, 44.3007076 ], [ 4.3917861, 44.3008293 ], [ 4.3916183, 44.300736 ], [ 4.3914612, 44.3000538 ], [ 4.3910641, 44.2999634 ], [ 4.390502, 44.2999966 ], [ 4.3900396, 44.3002077 ], [ 4.3895117, 44.3009706 ], [ 4.3907813, 44.3030513 ], [ 4.3930421, 44.3083775 ], [ 4.3941657, 44.310578 ], [ 4.39415, 44.3109617 ], [ 4.3949012, 44.3125997 ], [ 4.3952186, 44.3135733 ], [ 4.3961806, 44.3156201 ], [ 4.3972088, 44.3182656 ], [ 4.4014449, 44.3281634 ], [ 4.4025051, 44.330966 ], [ 4.4032202, 44.3332499 ], [ 4.4032597, 44.3335798 ], [ 4.4026077, 44.3344002 ], [ 4.4024227, 44.334780699999989 ], [ 4.4018861, 44.3353502 ], [ 4.4015719, 44.3359331 ], [ 4.4003135, 44.3374967 ], [ 4.3958316, 44.3436631 ], [ 4.3955211, 44.3439929 ], [ 4.3951661, 44.3442009 ], [ 4.3948681, 44.3447331 ], [ 4.3928661, 44.3456129 ], [ 4.3920447, 44.3461373 ], [ 4.3917334, 44.3465383 ], [ 4.3913606, 44.3467897 ], [ 4.3901777, 44.3466408 ], [ 4.3881792, 44.3471567 ], [ 4.3876177, 44.3471286 ], [ 4.3872914, 44.3470733 ], [ 4.3870028, 44.3469185 ], [ 4.3863337, 44.3463418 ], [ 4.3861516, 44.3460236 ], [ 4.3854939, 44.3455016 ], [ 4.3852013, 44.3451271 ], [ 4.3845752, 44.3447659 ], [ 4.3841521, 44.3443418 ], [ 4.383596, 44.3440715 ], [ 4.3830701, 44.3439584 ], [ 4.3824094, 44.3439784 ], [ 4.3817605, 44.3438137 ], [ 4.3811561, 44.3437717 ], [ 4.3800736, 44.3427473 ], [ 4.3796017, 44.3425335 ], [ 4.3784113, 44.342282 ], [ 4.3780917, 44.3422941 ], [ 4.3768765, 44.3421058 ], [ 4.3765164, 44.3421544 ], [ 4.3760272, 44.3421047 ], [ 4.3754161, 44.341684799999989 ], [ 4.3739009, 44.3410753 ], [ 4.3723605, 44.3406651 ], [ 4.3705189, 44.3399372 ], [ 4.368988, 44.3398662 ], [ 4.3680139, 44.3393706 ], [ 4.3653846, 44.3397859 ], [ 4.3629521, 44.3397809 ], [ 4.3623093, 44.3400725 ], [ 4.3618503, 44.3400799 ], [ 4.3617302, 44.3401958 ], [ 4.3513855, 44.3394438 ], [ 4.3512499, 44.339386 ], [ 4.3502854, 44.3399191 ], [ 4.3448751, 44.3393444 ], [ 4.344657, 44.3393497 ], [ 4.344674, 44.3397997 ], [ 4.342933, 44.3398074 ], [ 4.3429505, 44.3393319 ], [ 4.3428678, 44.3392825 ], [ 4.3414383, 44.3396231 ], [ 4.3364782, 44.339354 ], [ 4.3358159, 44.3395691 ], [ 4.3350199, 44.3393816 ], [ 4.3343506, 44.3394041 ], [ 4.3340212, 44.339319 ], [ 4.3335816, 44.339083 ], [ 4.3333186, 44.3390484 ], [ 4.3326067, 44.339075 ], [ 4.3303076, 44.3388733 ], [ 4.3265342, 44.3384921 ], [ 4.3257764, 44.3383257 ], [ 4.3273156, 44.3375779 ], [ 4.3277433, 44.3372559 ], [ 4.3286436, 44.3361151 ], [ 4.3286379, 44.3359802 ], [ 4.3293582, 44.3347075 ], [ 4.3300187, 44.3338856 ], [ 4.3296672, 44.3328042 ], [ 4.3296538, 44.3324442 ], [ 4.3302505, 44.3318446 ], [ 4.330114, 44.3318544 ], [ 4.3298114, 44.3316807 ], [ 4.3294863, 44.3316144 ], [ 4.3290961, 44.3317154 ], [ 4.3286494, 44.3317073 ], [ 4.328291, 44.3314533 ], [ 4.3280079, 44.3315773 ], [ 4.3271996, 44.331286399999989 ], [ 4.3267578, 44.331379 ], [ 4.3266519, 44.3313029 ], [ 4.3266401, 44.3309609 ], [ 4.326546, 44.3308495 ], [ 4.3256461, 44.3307181 ], [ 4.3233043, 44.3265241 ], [ 4.3217521, 44.3240139 ], [ 4.3163297, 44.3205679 ], [ 4.3157341, 44.3201951 ], [ 4.3142141, 44.3195398 ], [ 4.3110028, 44.3182998 ], [ 4.310461, 44.3182405 ], [ 4.3100386, 44.3180322 ], [ 4.3086454, 44.317596 ], [ 4.3035244, 44.3147633 ], [ 4.2960108, 44.3138132 ], [ 4.2951027, 44.313638499999989 ], [ 4.2946023, 44.3134103 ], [ 4.2939877, 44.3129656 ], [ 4.2936271, 44.3138665 ], [ 4.2931805, 44.3145695 ], [ 4.2932009, 44.3148573 ], [ 4.2930642, 44.315409 ], [ 4.2929304, 44.3155888 ], [ 4.2926786, 44.3155972 ], [ 4.2920481, 44.3159917 ], [ 4.2914413, 44.3158872 ], [ 4.2913481, 44.3159252 ], [ 4.2905518, 44.3166349 ], [ 4.2902632, 44.3165168 ], [ 4.2900992, 44.3165844 ], [ 4.2882104, 44.3148015 ], [ 4.2882383, 44.3143178 ], [ 4.2878997, 44.3139301 ], [ 4.2879626, 44.3136629 ], [ 4.2882811, 44.3132793 ], [ 4.2883062, 44.3127262 ], [ 4.2885775, 44.3120848 ], [ 4.2887373, 44.3119451 ], [ 4.2891278, 44.3120243 ], [ 4.2894029, 44.3119941 ], [ 4.289357, 44.3112987 ], [ 4.2898068, 44.3110639 ], [ 4.2900806, 44.3108077 ], [ 4.2899902, 44.3107466 ], [ 4.2897023, 44.3107671 ], [ 4.2893174, 44.3105492 ], [ 4.2893615, 44.309951 ], [ 4.2894291, 44.3098385 ], [ 4.2899972, 44.309569 ], [ 4.2903666, 44.3091046 ], [ 4.2907419, 44.30885 ], [ 4.290523, 44.3058412 ], [ 4.2892738, 44.2931956 ], [ 4.2891988, 44.2925438 ], [ 4.2889967, 44.2921428 ], [ 4.2886122, 44.291879 ], [ 4.2854786, 44.2885533 ], [ 4.2844063, 44.2875243 ], [ 4.2836698, 44.28533 ], [ 4.2818518, 44.2841854 ], [ 4.2814521, 44.2845186 ], [ 4.280844, 44.2835615 ], [ 4.2805222, 44.2836301 ], [ 4.2800373, 44.2824663 ], [ 4.2799153, 44.2815621 ], [ 4.2798926, 44.2799968 ], [ 4.2797982, 44.279645 ], [ 4.2791309, 44.2785635 ], [ 4.2789522, 44.2773053 ], [ 4.278373, 44.2769573 ], [ 4.2780473, 44.2762976 ], [ 4.2778919, 44.2754604 ], [ 4.2776365, 44.2751375 ], [ 4.2773296, 44.2749745 ], [ 4.2768413, 44.274430099999989 ], [ 4.2764845, 44.2746116 ], [ 4.2761974, 44.2741612 ], [ 4.27499, 44.2734542 ], [ 4.2719479, 44.2712262 ], [ 4.2720154, 44.2711057 ], [ 4.2717493, 44.2709143 ], [ 4.2712226, 44.2710051 ], [ 4.2702808, 44.2707432 ], [ 4.2694521, 44.2702144 ], [ 4.2671268, 44.2701638 ], [ 4.2652639, 44.2694939 ], [ 4.2646271, 44.2693671 ], [ 4.2637652, 44.2689755 ], [ 4.2629652, 44.2684959 ], [ 4.2629038, 44.2683823 ], [ 4.2630108, 44.2682946 ], [ 4.2616213, 44.2670511 ], [ 4.2607822, 44.2667826 ], [ 4.2609106, 44.2663013 ], [ 4.2582884, 44.2657876 ], [ 4.2584999, 44.2652685 ], [ 4.2585456, 44.2643371 ], [ 4.2580555, 44.2645525 ], [ 4.2571765, 44.2646841 ], [ 4.2564914, 44.2646352 ], [ 4.2560159, 44.2643742 ], [ 4.2555683, 44.2646421 ], [ 4.2546373, 44.2645213 ], [ 4.2543779, 44.264915 ], [ 4.2536947, 44.265345 ], [ 4.2525358, 44.2654572 ], [ 4.2504984, 44.2657811 ], [ 4.2492878, 44.2658165 ], [ 4.2490411, 44.2661092 ], [ 4.2489516, 44.2664226 ], [ 4.2483956, 44.266489199999988 ], [ 4.2477822, 44.266796 ], [ 4.2475657, 44.2665806 ], [ 4.2465227, 44.2670074 ], [ 4.2458756, 44.2677763 ], [ 4.2445949, 44.2682194 ], [ 4.2443054, 44.2687871 ], [ 4.2435606, 44.2689297 ], [ 4.2431129, 44.2691364 ], [ 4.2426919, 44.2691943 ], [ 4.2423809, 44.2694066 ], [ 4.2416087, 44.2696755 ], [ 4.2408689, 44.2703906 ], [ 4.2396113, 44.271034 ], [ 4.2394108, 44.2720103 ], [ 4.2380558, 44.2726117 ], [ 4.238155, 44.272796 ], [ 4.238006, 44.2730317 ], [ 4.2376756, 44.2731597 ], [ 4.237371, 44.2729813 ], [ 4.2361069, 44.2734483 ], [ 4.2361185, 44.2735805 ], [ 4.2362615, 44.2737004 ], [ 4.2360683, 44.273861 ], [ 4.2354671, 44.273758 ], [ 4.2343701, 44.2741862 ], [ 4.23417, 44.2747808 ], [ 4.2339723, 44.2750225 ], [ 4.2333717, 44.2751202 ], [ 4.2329455, 44.2757443 ], [ 4.2316519, 44.2761252 ], [ 4.2311149, 44.2765534 ], [ 4.2302839, 44.2770065 ], [ 4.2300137, 44.2772598 ], [ 4.2294264, 44.2782008 ], [ 4.2291703, 44.279221 ], [ 4.228863, 44.2794387 ], [ 4.2284889, 44.279923599999989 ], [ 4.2276991, 44.2799081 ], [ 4.2268563, 44.2800498 ], [ 4.22661, 44.2801327 ], [ 4.2262483, 44.2804437 ], [ 4.2257665, 44.2805895 ], [ 4.2252177, 44.2811124 ], [ 4.2248967, 44.2816858 ], [ 4.2250897, 44.2818601 ], [ 4.225295, 44.2825447 ], [ 4.2251767, 44.282929499999987 ], [ 4.2246069, 44.2831816 ], [ 4.224357, 44.2835625 ], [ 4.2231384, 44.284236 ], [ 4.2226545, 44.2848067 ], [ 4.2219799, 44.2850248 ], [ 4.2212394, 44.2854949 ], [ 4.2188502, 44.2870419 ], [ 4.2165659, 44.2886948 ], [ 4.2162255, 44.2890101 ], [ 4.215503, 44.290327 ], [ 4.2152087, 44.2906922 ], [ 4.2102382, 44.2925205 ], [ 4.2087792, 44.2928084 ], [ 4.205365, 44.2939298 ], [ 4.2041756, 44.2941688 ], [ 4.201651, 44.2949832 ], [ 4.1982739, 44.2962111 ], [ 4.1945113, 44.2971739 ], [ 4.1934701, 44.297313 ], [ 4.1931587, 44.2972894 ], [ 4.1930266, 44.2974438 ], [ 4.1926157, 44.2976338 ], [ 4.1893504, 44.2984091 ], [ 4.1887925, 44.298588 ], [ 4.1864865, 44.2998066 ], [ 4.1852007, 44.3011393 ], [ 4.1838146, 44.3022355 ], [ 4.1834241, 44.3026862 ], [ 4.1826642, 44.3041158 ], [ 4.1828003, 44.305653799999988 ], [ 4.1827002, 44.305964499999988 ], [ 4.1799801, 44.3093498 ], [ 4.1796903, 44.3095852 ], [ 4.1792965, 44.3115087 ], [ 4.1790494, 44.3116212 ], [ 4.1791645, 44.3119117 ], [ 4.1789803, 44.3122188 ], [ 4.1785594, 44.3125969 ], [ 4.177902, 44.3127579 ], [ 4.1777512, 44.3128622 ], [ 4.1777326, 44.3132378 ], [ 4.1781152, 44.3139701 ], [ 4.178146, 44.3143622 ], [ 4.1786141, 44.3149874 ], [ 4.178492, 44.3152056 ], [ 4.1779527, 44.3155616 ], [ 4.1780076, 44.3157915 ], [ 4.1783039, 44.31617 ], [ 4.1782366, 44.3167343 ], [ 4.1779859, 44.3173987 ], [ 4.1775444, 44.3177581 ], [ 4.1759682, 44.3176957 ], [ 4.1750779, 44.317936599999989 ], [ 4.1741923, 44.3179794 ], [ 4.1731584, 44.3173404 ], [ 4.1722219, 44.3169849 ], [ 4.1709017, 44.316809 ], [ 4.1706759, 44.3166233 ], [ 4.1707141, 44.316288899999989 ], [ 4.1705018, 44.315904 ], [ 4.17027, 44.3158534 ], [ 4.1696079, 44.3159091 ], [ 4.1693804, 44.3157611 ], [ 4.1692695, 44.3153077 ], [ 4.1694025, 44.3144619 ], [ 4.1686672, 44.3138278 ], [ 4.1679559, 44.313442 ], [ 4.1674874, 44.3133452 ], [ 4.1656175, 44.3125278 ], [ 4.1646995, 44.3122126 ], [ 4.163895, 44.3120509 ], [ 4.1627246, 44.3120822 ], [ 4.1619181, 44.3123095 ], [ 4.1608699, 44.3123719 ], [ 4.1606217, 44.31219 ], [ 4.1575418, 44.312343 ], [ 4.1525191, 44.3130215 ], [ 4.1517504, 44.3130754 ], [ 4.1502458, 44.3130156 ], [ 4.1483748, 44.3135528 ], [ 4.1478483, 44.3122601 ], [ 4.1476189, 44.3123237 ], [ 4.1472819, 44.312708 ], [ 4.1469511, 44.3127187 ], [ 4.1465873, 44.3128926 ], [ 4.1463395, 44.3131653 ], [ 4.1452718, 44.3135041 ], [ 4.1429186, 44.3131991 ], [ 4.1429233, 44.312811 ], [ 4.142781, 44.312285 ], [ 4.1424887, 44.3120278 ], [ 4.1410533, 44.311165 ], [ 4.1411014, 44.310935 ], [ 4.1401451, 44.310267 ], [ 4.1389101, 44.3089556 ], [ 4.1383155, 44.3081893 ], [ 4.1381057, 44.307040099999988 ], [ 4.1381855, 44.3067719 ], [ 4.1389725, 44.3055079 ], [ 4.1396175, 44.3041653 ], [ 4.1395796, 44.3039632 ], [ 4.1385968, 44.3026554 ], [ 4.1384593, 44.3022985 ], [ 4.1385875, 44.3006291 ], [ 4.1391917, 44.2993184 ], [ 4.1392412, 44.2989128 ], [ 4.1391061, 44.2984902 ], [ 4.1386577, 44.2979475 ], [ 4.1385267, 44.2975392 ], [ 4.1380683, 44.2969948 ], [ 4.1378708, 44.2963964 ], [ 4.1378378, 44.2958801 ], [ 4.1383342, 44.2950062 ], [ 4.1385484, 44.2948761 ], [ 4.1392941, 44.2946839 ], [ 4.1412138, 44.2945334 ], [ 4.1426455, 44.2933699 ], [ 4.1451072, 44.2923189 ], [ 4.1448449, 44.291741 ], [ 4.1449113, 44.29168 ], [ 4.1452258, 44.2917982 ], [ 4.144983, 44.291131 ], [ 4.1452882, 44.290666 ], [ 4.1466563, 44.2895886 ], [ 4.1477086, 44.2894417 ], [ 4.1470723, 44.289153 ], [ 4.1463794, 44.2882924 ], [ 4.1458401, 44.2874041 ], [ 4.1456831, 44.287447199999988 ], [ 4.1454532, 44.2876683 ], [ 4.145084, 44.288188 ], [ 4.1439148, 44.2875115 ], [ 4.1435412, 44.287068 ], [ 4.1432538, 44.2859313 ], [ 4.1431168, 44.285849 ], [ 4.1428267, 44.2858151 ], [ 4.1398374, 44.2860442 ], [ 4.1394263, 44.2855416 ], [ 4.1383596, 44.2854699 ], [ 4.1369363, 44.2846717 ], [ 4.1368093, 44.2843417 ], [ 4.136177, 44.2834895 ], [ 4.1354741, 44.282872 ], [ 4.1350071, 44.281828 ], [ 4.1350368, 44.2811211 ], [ 4.1359012, 44.2791056 ], [ 4.136695, 44.2780126 ], [ 4.1367046, 44.2776155 ], [ 4.1363857, 44.277082299999989 ], [ 4.1368592, 44.2760124 ], [ 4.1370012, 44.2759686 ], [ 4.1364745, 44.2756995 ], [ 4.1349747, 44.2752613 ], [ 4.1339799, 44.2748872 ], [ 4.1336923, 44.2747272 ], [ 4.1336012, 44.2744977 ], [ 4.1316643, 44.2736886 ], [ 4.1302683, 44.2728567 ], [ 4.12975, 44.2728143 ], [ 4.1294922, 44.2720761 ], [ 4.12904, 44.2718917 ], [ 4.1290042, 44.2715392 ], [ 4.1300528, 44.2701547 ], [ 4.1301173, 44.2698083 ], [ 4.1299582, 44.2697416 ], [ 4.1301135, 44.2682294 ], [ 4.1296171, 44.267274 ], [ 4.1289503, 44.2668794 ], [ 4.1286125, 44.2663985 ], [ 4.1281759, 44.2663022 ], [ 4.1278237, 44.2658539 ], [ 4.1276474, 44.2653021 ], [ 4.1271163, 44.2649258 ], [ 4.1269334, 44.2646144 ], [ 4.1269155, 44.2642185 ], [ 4.1266167, 44.263992 ], [ 4.1261643, 44.2633548 ], [ 4.125882, 44.2624503 ], [ 4.1255669, 44.2621006 ], [ 4.1251735, 44.2618445 ], [ 4.124833, 44.2613502 ], [ 4.1246035, 44.2605135 ], [ 4.1242963, 44.2602448 ], [ 4.1243225, 44.2591652 ], [ 4.1246645, 44.2585352 ], [ 4.1254121, 44.2577029 ], [ 4.125923, 44.2573187 ], [ 4.1259284, 44.2563248 ], [ 4.124163, 44.2550961 ], [ 4.1237116, 44.254503 ], [ 4.1236195, 44.2541547 ], [ 4.1239624, 44.2523066 ], [ 4.1244398, 44.252823 ], [ 4.1247356, 44.2530207 ], [ 4.1249879, 44.2530496 ], [ 4.1263738, 44.2526393 ], [ 4.1269347, 44.2520628 ], [ 4.1271245, 44.2514019 ], [ 4.1271961, 44.2506576 ], [ 4.1282823, 44.2511191 ], [ 4.128928, 44.2515292 ], [ 4.1296529, 44.2513886 ], [ 4.1298009, 44.2508964 ], [ 4.1306164, 44.2502147 ], [ 4.1311928, 44.249918 ], [ 4.131679, 44.2501794 ], [ 4.132107, 44.2501615 ], [ 4.1326649, 44.2500054 ], [ 4.1328481, 44.2495832 ], [ 4.1327221, 44.2489795 ], [ 4.13301, 44.2482834 ], [ 4.1330313, 44.2479042 ], [ 4.1338154, 44.2470364 ], [ 4.1343172, 44.246828699999988 ], [ 4.1346839, 44.2468762 ], [ 4.1352461, 44.247126 ], [ 4.1359343, 44.247218 ], [ 4.136139, 44.2476218 ], [ 4.1367912, 44.247670899999989 ], [ 4.1370465, 44.2479104 ], [ 4.1380494, 44.2483357 ], [ 4.1383536, 44.2487701 ], [ 4.1389217, 44.2488677 ], [ 4.1393882, 44.2492725 ], [ 4.1396633, 44.2492534 ], [ 4.140087, 44.2488979 ], [ 4.1412431, 44.2488418 ], [ 4.1420224, 44.2491083 ], [ 4.1427164, 44.2489903 ], [ 4.1445311, 44.2491146 ], [ 4.1452878, 44.2494398 ], [ 4.1455692, 44.2494215 ], [ 4.1459348, 44.2492305 ], [ 4.1463432, 44.2491731 ], [ 4.1473413, 44.2494156 ], [ 4.147631, 44.2492533 ], [ 4.1477631, 44.2488486 ], [ 4.148098, 44.2488109 ], [ 4.1494416, 44.2489877 ], [ 4.1504746, 44.2495341 ], [ 4.1511298, 44.2500989 ], [ 4.1518223, 44.2500295 ], [ 4.1555903, 44.2492697 ], [ 4.1572437, 44.2490957 ], [ 4.1562951, 44.2469803 ], [ 4.1554536, 44.2458756 ], [ 4.1551255, 44.2450734 ], [ 4.1548762, 44.2451921 ], [ 4.1537963, 44.2453574 ], [ 4.1534999, 44.243101 ], [ 4.153006, 44.2413463 ], [ 4.1537348, 44.2398677 ], [ 4.1545878, 44.2384652 ], [ 4.1548323, 44.2382979 ], [ 4.1561725, 44.2379498 ], [ 4.156469, 44.237692 ], [ 4.1569882, 44.2363794 ], [ 4.1568942, 44.2358799 ], [ 4.1558095, 44.2338352 ], [ 4.1558165, 44.2335651 ], [ 4.1564255, 44.2321724 ], [ 4.1566512, 44.230898 ], [ 4.1575189, 44.2304118 ], [ 4.1563874, 44.2284577 ], [ 4.1561867, 44.228503 ], [ 4.155907, 44.2284132 ], [ 4.1548886, 44.2266037 ], [ 4.1541661, 44.2267788 ], [ 4.153649, 44.2267149 ], [ 4.1533475, 44.2266019 ], [ 4.1530228, 44.2260229 ], [ 4.1533076, 44.226055 ], [ 4.1536661, 44.2258901 ], [ 4.1550126, 44.2248794 ], [ 4.1551597, 44.2246646 ], [ 4.155167, 44.2239785 ], [ 4.1553811, 44.2238592 ], [ 4.1557858, 44.223383299999988 ], [ 4.1561938, 44.2227038 ], [ 4.156212, 44.2221851 ], [ 4.1561229, 44.2218026 ], [ 4.1558429, 44.2212717 ], [ 4.1558304, 44.2209019 ], [ 4.1560708, 44.2205366 ], [ 4.1562072, 44.2199824 ], [ 4.1561533, 44.2190558 ], [ 4.156283, 44.2189086 ], [ 4.1568851, 44.2186016 ], [ 4.1560068, 44.217455 ], [ 4.1543221, 44.2163511 ], [ 4.1536333, 44.2157165 ], [ 4.1545265, 44.2153191 ], [ 4.1547961, 44.2144242 ], [ 4.1565968, 44.2118235 ], [ 4.1575414, 44.2114966 ], [ 4.1592395, 44.2124653 ], [ 4.160647, 44.2126863 ], [ 4.1607959, 44.2120087 ], [ 4.1610065, 44.2119642 ], [ 4.1614084, 44.210868 ], [ 4.1619741, 44.2101364 ], [ 4.163362, 44.209524 ], [ 4.1639162, 44.2090842 ], [ 4.1647217, 44.2090586 ], [ 4.1653362, 44.208818 ], [ 4.1664711, 44.208138 ], [ 4.1676034, 44.2076354 ], [ 4.1687167, 44.2068782 ], [ 4.1692362, 44.2067025 ], [ 4.1694225, 44.2064539 ], [ 4.1692585, 44.2062063 ], [ 4.1697764, 44.2059559 ], [ 4.1699455, 44.2055364 ], [ 4.1705246, 44.2055203 ], [ 4.1713191, 44.2051482 ], [ 4.1724042, 44.2051546 ], [ 4.1733433, 44.2049987 ], [ 4.1737566, 44.205196 ], [ 4.174034, 44.2051165 ], [ 4.1740577, 44.2052954 ], [ 4.1743999, 44.2055618 ], [ 4.1747954, 44.2054423 ], [ 4.175579, 44.2055149 ], [ 4.1764637, 44.2061158 ], [ 4.1766928, 44.206479699999988 ], [ 4.1767266, 44.2067242 ], [ 4.1770996, 44.2071514 ], [ 4.1776463, 44.2073193 ], [ 4.1789584, 44.2081306 ], [ 4.179611, 44.2082191 ], [ 4.1800614, 44.208451 ], [ 4.1804906, 44.2085103 ], [ 4.1811572, 44.2083681 ], [ 4.1835426, 44.208129 ], [ 4.1838659, 44.2082102 ], [ 4.1857045, 44.2103742 ], [ 4.1869121, 44.2107887 ], [ 4.1873937, 44.2108375 ] ] ] ] } },
{ "type": "Feature", "properties": { "code_departement": 30.0, "code_rne": "0300037C", "multisecteur": 0.0 }, "geometry": { "type": "MultiPolygon", "coordinates": [ [ [ [ 4.4048765, 43.7713358 ], [ 4.4073117, 43.7665758 ], [ 4.4096633, 43.75753 ], [ 4.406663, 43.7524118 ], [ 4.4064719, 43.7522649 ], [ 4.406015, 43.7511521 ], [ 4.4027068, 43.7467164 ], [ 4.4008897, 43.7451099 ], [ 4.3992764, 43.7440173 ], [ 4.3975851, 43.7426764 ], [ 4.390139, 43.7414353 ], [ 4.3854508, 43.7424247 ], [ 4.3854156, 43.7432288 ], [ 4.3823108, 43.7431702 ], [ 4.3787682, 43.7438046 ], [ 4.3784492, 43.7438023 ], [ 4.3779625, 43.7436483 ], [ 4.3773521, 43.7461391 ], [ 4.3766932, 43.7462032 ], [ 4.3762836, 43.7466719 ], [ 4.3752245, 43.7463549 ], [ 4.3750141, 43.7472603 ], [ 4.3730279, 43.7472151 ], [ 4.3731859, 43.7477973 ], [ 4.3748572, 43.7503402 ], [ 4.3726842, 43.7500715 ], [ 4.3718554, 43.7525795 ], [ 4.3682986, 43.7517638 ], [ 4.3675279, 43.754061299999989 ], [ 4.3619165, 43.7528896 ], [ 4.3615211, 43.7556314 ], [ 4.3609738, 43.7555374 ], [ 4.3554663, 43.7568139 ], [ 4.3512861, 43.7574706 ], [ 4.3503836, 43.7575826 ], [ 4.3493615, 43.7575764 ], [ 4.3490353, 43.7575363 ], [ 4.3484486, 43.7572979 ], [ 4.3431639, 43.756978 ], [ 4.3432747, 43.7555618 ], [ 4.343039, 43.7544614 ], [ 4.3430975, 43.7538856 ], [ 4.3428714, 43.7534563 ], [ 4.3425438, 43.7524047 ], [ 4.3424511, 43.749192 ], [ 4.3414141, 43.7459459 ], [ 4.3415041, 43.7452329 ], [ 4.3420802, 43.744122499999989 ], [ 4.3408809, 43.7439069 ], [ 4.341134, 43.7435833 ], [ 4.3380307, 43.742051 ], [ 4.3350928, 43.740787499999989 ], [ 4.3336422, 43.7403823 ], [ 4.3336557, 43.739950199999988 ], [ 4.3334811, 43.7397561 ], [ 4.332112, 43.7389035 ], [ 4.3317671, 43.7390733 ], [ 4.3313454, 43.7387131 ], [ 4.3309728, 43.7389156 ], [ 4.3299971, 43.7379511 ], [ 4.330341, 43.7374204 ], [ 4.3290498, 43.736448 ], [ 4.3287541, 43.7355795 ], [ 4.3289208, 43.735273299999989 ], [ 4.3287753, 43.734727 ], [ 4.3293922, 43.7346727 ], [ 4.3302784, 43.7337655 ], [ 4.3307354, 43.7328158 ], [ 4.331329, 43.7311229 ], [ 4.3317377, 43.7304987 ], [ 4.3326045, 43.7298266 ], [ 4.3331507, 43.7288174 ], [ 4.3332999, 43.7281379 ], [ 4.3342345, 43.7279833 ], [ 4.3339968, 43.7279026 ], [ 4.3339957, 43.7278 ], [ 4.334668, 43.7244321 ], [ 4.3349941, 43.7233563 ], [ 4.3349568, 43.7230319 ], [ 4.3351171, 43.7224044 ], [ 4.3355093, 43.7213439 ], [ 4.3364934, 43.7194851 ], [ 4.3372612, 43.7172393 ], [ 4.3373607, 43.7159214 ], [ 4.3370839, 43.7154398 ], [ 4.3369199, 43.714844199999987 ], [ 4.3369185, 43.7142556 ], [ 4.3370942, 43.7135416 ], [ 4.3368567, 43.713574199999989 ], [ 4.3367776, 43.7127877 ], [ 4.3369839, 43.712697 ], [ 4.3371411, 43.7109815 ], [ 4.3368427, 43.7099953 ], [ 4.3361672, 43.7089101 ], [ 4.3371898, 43.7076475 ], [ 4.3374142, 43.7078508 ], [ 4.3374759, 43.7066684 ], [ 4.33763, 43.7062031 ], [ 4.3376589, 43.7056339 ], [ 4.3380888, 43.7043903 ], [ 4.3383778, 43.7042788 ], [ 4.3383305, 43.7041164 ], [ 4.3386173, 43.7041237 ], [ 4.3389416, 43.7023945 ], [ 4.3388004, 43.7017159 ], [ 4.338799, 43.6995848 ], [ 4.3382782, 43.6974691 ], [ 4.3381323, 43.6963226 ], [ 4.339177, 43.6928872 ], [ 4.3391176, 43.6927314 ], [ 4.3386445, 43.6926031 ], [ 4.3385878, 43.6925111 ], [ 4.3389099, 43.6911689 ], [ 4.3390426, 43.6911151 ], [ 4.3382628, 43.6909717 ], [ 4.339003, 43.68799 ], [ 4.3390713, 43.6871423 ], [ 4.3392603, 43.6865263 ], [ 4.3395321, 43.6861107 ], [ 4.3397184, 43.6843203 ], [ 4.3396896, 43.6824001 ], [ 4.3397794, 43.682264 ], [ 4.3394493, 43.6813493 ], [ 4.3394271, 43.680824 ], [ 4.3425826, 43.673294 ], [ 4.3429021, 43.6729057 ], [ 4.3446013, 43.6689691 ], [ 4.3471764, 43.6650729 ], [ 4.3481614, 43.6634156 ], [ 4.3489773, 43.6617901 ], [ 4.3493543, 43.6613229 ], [ 4.349783, 43.6603151 ], [ 4.3513077, 43.6574226 ], [ 4.352561, 43.6577985 ], [ 4.3542473, 43.657504 ], [ 4.3546347, 43.6575846 ], [ 4.3555396, 43.6564331 ], [ 4.3556757, 43.6563739 ], [ 4.3587622, 43.651464 ], [ 4.3504814, 43.6495495 ], [ 4.3491905, 43.6493073 ], [ 4.3477976, 43.648628 ], [ 4.3475302, 43.6486952 ], [ 4.3484303, 43.6461247 ], [ 4.3485743, 43.6457701 ], [ 4.3487222, 43.6456819 ], [ 4.3498019, 43.6427474 ], [ 4.3552271, 43.6110794 ], [ 4.3557811, 43.6083161 ], [ 4.3568018, 43.6050772 ], [ 4.3676598, 43.5768608 ], [ 4.3644865, 43.574795 ], [ 4.3781442, 43.5641434 ], [ 4.3704333, 43.5583378 ], [ 4.3654721, 43.554881 ], [ 4.3533178, 43.5490967 ], [ 4.3536277, 43.5473354 ], [ 4.3600165, 43.546928 ], [ 4.3623645, 43.5469229 ], [ 4.3650459, 43.5471547 ], [ 4.3668128, 43.5475302 ], [ 4.3694322, 43.5483205 ], [ 4.376144, 43.5510639 ], [ 4.377667, 43.5515782 ], [ 4.3799096, 43.5521743 ], [ 4.3809219, 43.552596 ], [ 4.3824142, 43.5534256 ], [ 4.383335, 43.5541536 ], [ 4.3847148, 43.5554984 ], [ 4.38553, 43.5565166 ], [ 4.3864059, 43.5580469 ], [ 4.3868962, 43.5595461 ], [ 4.3871145, 43.5606421 ], [ 4.3871273, 43.561836 ], [ 4.3874184, 43.5623083 ], [ 4.3877071, 43.562427 ], [ 4.3887681, 43.5625485 ], [ 4.390734, 43.5622227 ], [ 4.3945705, 43.5611693 ], [ 4.3980113, 43.5605365 ], [ 4.400848, 43.5595407 ], [ 4.4033109, 43.5592533 ], [ 4.4048823, 43.5593508 ], [ 4.4059531, 43.5595727 ], [ 4.4066298, 43.5599185 ], [ 4.4070825, 43.5600117 ], [ 4.408784, 43.5608193 ], [ 4.4109251, 43.5621917 ], [ 4.413946, 43.5646631 ], [ 4.4151447, 43.5657966 ], [ 4.4159506, 43.566911 ], [ 4.4166093, 43.5685294 ], [ 4.4167535, 43.5696092 ], [ 4.4167322, 43.5711015 ], [ 4.4165461, 43.5715367 ], [ 4.4159022, 43.5721751 ], [ 4.4154909, 43.5724621 ], [ 4.4144396, 43.5727925 ], [ 4.4132598, 43.5729321 ], [ 4.4118985, 43.5729408 ], [ 4.4105335, 43.5728479 ], [ 4.4079547, 43.57257 ], [ 4.406698, 43.5722488 ], [ 4.4063308, 43.5720619 ], [ 4.4059271, 43.5720014 ], [ 4.4047924, 43.5720134 ], [ 4.4036504, 43.5721298 ], [ 4.4032029, 43.5722553 ], [ 4.402833, 43.5725642 ], [ 4.4029757, 43.5731878 ], [ 4.4035463, 43.5737447 ], [ 4.4044183, 43.5743786 ], [ 4.4071068, 43.5758961 ], [ 4.4105248, 43.5775823 ], [ 4.4129783, 43.5786438 ], [ 4.4151424, 43.579763 ], [ 4.420157, 43.5827671 ], [ 4.4218702, 43.5835096 ], [ 4.4232014, 43.5843263 ], [ 4.424734, 43.5849758 ], [ 4.4261406, 43.5854342 ], [ 4.4279903, 43.5856907 ], [ 4.4302995, 43.5858034 ], [ 4.4315916, 43.5857387 ], [ 4.4350689, 43.5851862 ], [ 4.4372963, 43.5846015 ], [ 4.4389453, 43.5840595 ], [ 4.4408721, 43.5836389 ], [ 4.4425159, 43.5833345 ], [ 4.4459564, 43.5830503 ], [ 4.4479565, 43.5832801 ], [ 4.4497374, 43.583601 ], [ 4.4515606, 43.5840284 ], [ 4.4524843, 43.5842815 ], [ 4.4544274, 43.5851419 ], [ 4.4563571, 43.5862005 ], [ 4.458547, 43.5875615 ], [ 4.4603266, 43.588943199999989 ], [ 4.4614267, 43.5900407 ], [ 4.4619249, 43.5905946 ], [ 4.4629042, 43.5920969 ], [ 4.4643615, 43.5946708 ], [ 4.4656215, 43.5972195 ], [ 4.4663838, 43.5982666 ], [ 4.4677059, 43.5997066 ], [ 4.4686986, 43.600513 ], [ 4.4713273, 43.6020964 ], [ 4.4728567, 43.6029153 ], [ 4.4736909, 43.6035259 ], [ 4.4744868, 43.6044735 ], [ 4.4749625, 43.605636 ], [ 4.4751379, 43.6063905 ], [ 4.4752538, 43.6072348 ], [ 4.4751992, 43.607762 ], [ 4.4750854, 43.6083935 ], [ 4.4746735, 43.6093764 ], [ 4.4741453, 43.6101719 ], [ 4.4725403, 43.6118658 ], [ 4.4703825, 43.6135995 ], [ 4.469004, 43.6144703 ], [ 4.4683008, 43.6147759 ], [ 4.4674117, 43.6150282 ], [ 4.4660551, 43.6153057 ], [ 4.4644887, 43.6154204 ], [ 4.4631958, 43.6151867 ], [ 4.4623934, 43.6149564 ], [ 4.4609464, 43.6143117 ], [ 4.4589278, 43.613204 ], [ 4.4567781, 43.6121988 ], [ 4.4549302, 43.6115693 ], [ 4.4511098, 43.610707 ], [ 4.4468243, 43.6101108 ], [ 4.4445896, 43.609947 ], [ 4.44292, 43.6100439 ], [ 4.4398988, 43.6107679 ], [ 4.4381859, 43.6115556 ], [ 4.4376801, 43.6118853 ], [ 4.4359359, 43.6132583 ], [ 4.4324686, 43.615768 ], [ 4.4297012, 43.6181425 ], [ 4.4275971, 43.620347 ], [ 4.4265478, 43.6218394 ], [ 4.4262153, 43.6227653 ], [ 4.4262281, 43.6244255 ], [ 4.4263081, 43.6250013 ], [ 4.4273772, 43.6266449 ], [ 4.4277665, 43.6270537 ], [ 4.4312377, 43.6295288 ], [ 4.4321395, 43.6303691 ], [ 4.4327648, 43.6311465 ], [ 4.4347278, 43.6340859 ], [ 4.435125, 43.634957199999988 ], [ 4.4364715, 43.638703 ], [ 4.4371824, 43.6420494 ], [ 4.4393279, 43.6467053 ], [ 4.4399966, 43.6476728 ], [ 4.4405588, 43.6488857 ], [ 4.4431911, 43.6524767 ], [ 4.4438518, 43.6531204 ], [ 4.4470254, 43.658693 ], [ 4.4487113, 43.6604623 ], [ 4.4508039, 43.6638939 ], [ 4.4514584, 43.6645808 ], [ 4.4527611, 43.6654975 ], [ 4.4532014, 43.6659461 ], [ 4.4549339, 43.6669003 ], [ 4.4578825, 43.6680371 ], [ 4.4590692, 43.6683866 ], [ 4.4641559, 43.669157 ], [ 4.4665606, 43.6692821 ], [ 4.4691573, 43.6695485 ], [ 4.4727874, 43.6703175 ], [ 4.474387, 43.6707575 ], [ 4.4758077, 43.6713286 ], [ 4.4768595, 43.6720676 ], [ 4.4776458, 43.6728444 ], [ 4.478535, 43.6745341 ], [ 4.4786707, 43.675420599999988 ], [ 4.4786519, 43.6760868 ], [ 4.4784772, 43.6768137 ], [ 4.4778488, 43.6784556 ], [ 4.4764742, 43.6810293 ], [ 4.4758373, 43.6824437 ], [ 4.4756311, 43.6838775 ], [ 4.4756653, 43.6844827 ], [ 4.4759093, 43.685481 ], [ 4.4769374, 43.6877422 ], [ 4.477706, 43.6889324 ], [ 4.478654, 43.6907761 ], [ 4.4798922, 43.6923756 ], [ 4.4807507, 43.6937256 ], [ 4.4828577, 43.6961107 ], [ 4.4844079, 43.6976789 ], [ 4.4855575, 43.6986262 ], [ 4.4860274, 43.6988565 ], [ 4.4848272, 43.6999304 ], [ 4.4828511, 43.6994488 ], [ 4.4833018, 43.7005686 ], [ 4.481509, 43.7005543 ], [ 4.4814475, 43.7013426 ], [ 4.4797668, 43.7020242 ], [ 4.4783253, 43.701878199999989 ], [ 4.4779503, 43.7027275 ], [ 4.475048, 43.7038091 ], [ 4.4750853, 43.7040525 ], [ 4.4749945, 43.7042382 ], [ 4.4742144, 43.7042947 ], [ 4.4705303, 43.7058079 ], [ 4.4698015, 43.7061228 ], [ 4.4700273, 43.706415 ], [ 4.4643534, 43.7089619 ], [ 4.4643208, 43.708900199999988 ], [ 4.4639052, 43.7089976 ], [ 4.4638712, 43.7088334 ], [ 4.4623005, 43.7096096 ], [ 4.457733, 43.7114393 ], [ 4.4565556, 43.7122705 ], [ 4.4565051, 43.7121875 ], [ 4.4543981, 43.7138401 ], [ 4.4543204, 43.714054399999988 ], [ 4.4526237, 43.7153029 ], [ 4.4514756, 43.7163172 ], [ 4.4501518, 43.7189187 ], [ 4.4496029, 43.7207188 ], [ 4.4487226, 43.7212381 ], [ 4.4482329, 43.7212554 ], [ 4.4473961, 43.7214843 ], [ 4.4468163, 43.7220122 ], [ 4.4466547, 43.7241131 ], [ 4.4462453, 43.7257899 ], [ 4.4460895, 43.7278772 ], [ 4.4459574, 43.7330647 ], [ 4.443063, 43.7399584 ], [ 4.4412131, 43.7463054 ], [ 4.4410246, 43.7465104 ], [ 4.4393529, 43.747374 ], [ 4.4371142, 43.7500343 ], [ 4.4369337, 43.750556 ], [ 4.4365894, 43.7509871 ], [ 4.4363343, 43.7515557 ], [ 4.4354837, 43.753681 ], [ 4.4345858, 43.755158 ], [ 4.4343211, 43.7553973 ], [ 4.4335885, 43.7557949 ], [ 4.4331273, 43.7563661 ], [ 4.4326784, 43.7563918 ], [ 4.4324855, 43.7569695 ], [ 4.431941, 43.7567426 ], [ 4.4292056, 43.7597774 ], [ 4.4282748, 43.7611423 ], [ 4.4277805, 43.7621865 ], [ 4.4263258, 43.7633594 ], [ 4.4252792, 43.7643676 ], [ 4.4222004, 43.7678035 ], [ 4.4216104, 43.7686509 ], [ 4.4209739, 43.7701254 ], [ 4.4204199, 43.7711244 ], [ 4.4188855, 43.7733566 ], [ 4.4178741, 43.7740925 ], [ 4.4176213, 43.7741687 ], [ 4.4167437, 43.7742908 ], [ 4.4157271, 43.7742653 ], [ 4.4130385, 43.7737296 ], [ 4.4048765, 43.7713358 ] ] ] ] } },
{ "type": "Feature", "properties": { "code_departement": 30.0, "code_rne": "0300039E", "multisecteur": 0.0 }, "geometry": { "type": "MultiPolygon", "coordinates": [ [ [ [ 3.8843668, 44.0359325 ], [ 3.8842909, 44.0361024 ], [ 3.8837474, 44.036618 ], [ 3.8831895, 44.0378097 ], [ 3.8832204, 44.0380371 ], [ 3.8834402, 44.038372 ], [ 3.8833776, 44.0387568 ], [ 3.8835232, 44.0390554 ], [ 3.8839009, 44.0395978 ], [ 3.8841309, 44.0397849 ], [ 3.885052, 44.0399575 ], [ 3.8857363, 44.0403174 ], [ 3.8861876, 44.0404532 ], [ 3.886973, 44.0411318 ], [ 3.8858789, 44.0412244 ], [ 3.885185, 44.0411301 ], [ 3.8801995, 44.0419777 ], [ 3.8795978, 44.0425225 ], [ 3.8792478, 44.0432121 ], [ 3.879259, 44.0436117 ], [ 3.8790062, 44.0447784 ], [ 3.8799648, 44.0442288 ], [ 3.8804773, 44.045582 ], [ 3.8809286, 44.0461148 ], [ 3.8812727, 44.0478699 ], [ 3.8822082, 44.049613 ], [ 3.8836378, 44.0517508 ], [ 3.8849269, 44.0532706 ], [ 3.8841005, 44.0534978 ], [ 3.8833143, 44.0540657 ], [ 3.8827916, 44.0543211 ], [ 3.8825871, 44.0545756 ], [ 3.8805515, 44.055625299999988 ], [ 3.8761304, 44.0581162 ], [ 3.8754519, 44.0583862 ], [ 3.8750171, 44.0584374 ], [ 3.8697113, 44.0563987 ], [ 3.8690767, 44.0559582 ], [ 3.8687529, 44.0555126 ], [ 3.867689, 44.0553932 ], [ 3.8661743, 44.054686 ], [ 3.8650665, 44.0544707 ], [ 3.8650143, 44.0553909 ], [ 3.8652024, 44.056186 ], [ 3.8649854, 44.0566099 ], [ 3.8644202, 44.057113 ], [ 3.8641028, 44.0575808 ], [ 3.864254, 44.0584986 ], [ 3.8645302, 44.0590131 ], [ 3.8645283, 44.0595459 ], [ 3.8623838, 44.0602784 ], [ 3.858233, 44.0612354 ], [ 3.8576149, 44.0614689 ], [ 3.8567031, 44.0623356 ], [ 3.8560986, 44.0630639 ], [ 3.8560434, 44.0632894 ], [ 3.8562397, 44.0636461 ], [ 3.8562442, 44.0642761 ], [ 3.8556593, 44.0657226 ], [ 3.8555481, 44.0662185 ], [ 3.8552453, 44.0665827 ], [ 3.8547564, 44.0669493 ], [ 3.8533413, 44.0676435 ], [ 3.8512337, 44.0681225 ], [ 3.8500519, 44.0682289 ], [ 3.84973, 44.0683232 ], [ 3.8489375, 44.069008 ], [ 3.8481223, 44.0688397 ], [ 3.8474352, 44.0688045 ], [ 3.8471881, 44.0688982 ], [ 3.8469444, 44.069126 ], [ 3.8467109, 44.0697138 ], [ 3.8457961, 44.0704904 ], [ 3.8456167, 44.0707627 ], [ 3.845652, 44.0709551 ], [ 3.8452383, 44.0713462 ], [ 3.8454754, 44.0718412 ], [ 3.8424726, 44.0749426 ], [ 3.8409446, 44.0761335 ], [ 3.8403983, 44.0766804 ], [ 3.8403398, 44.0768609 ], [ 3.8404125, 44.0772195 ], [ 3.8416882, 44.0802384 ], [ 3.8421341, 44.080585199999987 ], [ 3.8400342, 44.0806877 ], [ 3.8397239, 44.0807297 ], [ 3.8390748, 44.0809993 ], [ 3.8387501, 44.0809937 ], [ 3.8383777, 44.0808867 ], [ 3.8375057, 44.0811112 ], [ 3.8354223, 44.0810632 ], [ 3.8313397, 44.0813463 ], [ 3.8308541, 44.0822968 ], [ 3.8307607, 44.0835118 ], [ 3.8305817, 44.083829 ], [ 3.8300926, 44.0841955 ], [ 3.8288621, 44.0848421 ], [ 3.8281264, 44.0853463 ], [ 3.8277016, 44.0857572 ], [ 3.8270541, 44.087259 ], [ 3.8260715, 44.088306 ], [ 3.8243548, 44.0894539 ], [ 3.8231241, 44.0900995 ], [ 3.8228196, 44.0903736 ], [ 3.8220176, 44.090699199999989 ], [ 3.8181938, 44.0917584 ], [ 3.8171562, 44.0921172 ], [ 3.8149519, 44.0934234 ], [ 3.8139924, 44.0940948 ], [ 3.8136696, 44.0942313 ], [ 3.8128909, 44.0940985 ], [ 3.8125899, 44.0941025 ], [ 3.8121321, 44.0942256 ], [ 3.8114006, 44.094776499999988 ], [ 3.8111001, 44.0948966 ], [ 3.8103117, 44.0958422 ], [ 3.8099754, 44.0960841 ], [ 3.8096299, 44.0961991 ], [ 3.8090772, 44.0962455 ], [ 3.8091207, 44.0957007 ], [ 3.8090338, 44.0953845 ], [ 3.8077059, 44.0944897 ], [ 3.8072993, 44.0935548 ], [ 3.8074329, 44.0932919 ], [ 3.8073965, 44.0928376 ], [ 3.8071587, 44.0922732 ], [ 3.8069403, 44.0920219 ], [ 3.8065904, 44.0920029 ], [ 3.805911, 44.0914777 ], [ 3.8053997, 44.0914356 ], [ 3.8047483, 44.0912054 ], [ 3.8042297, 44.0908294 ], [ 3.8039267, 44.0904239 ], [ 3.8034523, 44.0894634 ], [ 3.8034146, 44.089001 ], [ 3.8035407, 44.0886455 ], [ 3.8042349, 44.0881057 ], [ 3.8040674, 44.087917 ], [ 3.803726, 44.0870024 ], [ 3.8031304, 44.086031 ], [ 3.8028821, 44.085869 ], [ 3.8022257, 44.0851016 ], [ 3.802115, 44.0846001 ], [ 3.8017381, 44.0837271 ], [ 3.8013007, 44.0834387 ], [ 3.8011537, 44.0831986 ], [ 3.8012464, 44.0827721 ], [ 3.8019584, 44.082262 ], [ 3.802212, 44.0819172 ], [ 3.8022945, 44.0807672 ], [ 3.8035135, 44.0800868 ], [ 3.8050354, 44.0781333 ], [ 3.8056797, 44.0765507 ], [ 3.805711, 44.07514 ], [ 3.8049588, 44.0751006 ], [ 3.8025989, 44.0754392 ], [ 3.800621, 44.0755932 ], [ 3.7998297, 44.0753497 ], [ 3.7995816, 44.0751958 ], [ 3.7993296, 44.0752102 ], [ 3.7992083, 44.0751076 ], [ 3.7990599, 44.0751177 ], [ 3.7984862, 44.0748959 ], [ 3.7983633, 44.0747672 ], [ 3.7981036, 44.0747682 ], [ 3.7980132, 44.0746392 ], [ 3.7973059, 44.0745904 ], [ 3.7967615, 44.0746754 ], [ 3.796202, 44.074845 ], [ 3.7959284, 44.0750063 ], [ 3.7948485, 44.0759926 ], [ 3.793653, 44.0761299 ], [ 3.7917807, 44.0765188 ], [ 3.790477, 44.0772222 ], [ 3.7903038, 44.077247799999988 ], [ 3.7900677, 44.077595099999989 ], [ 3.7894081, 44.0777484 ], [ 3.78842, 44.0781668 ], [ 3.7876754, 44.0783117 ], [ 3.7861181, 44.0783769 ], [ 3.7853927, 44.0792857 ], [ 3.7848409, 44.0796533 ], [ 3.7841012, 44.079977299999989 ], [ 3.7830975, 44.0802608 ], [ 3.7818553, 44.0804569 ], [ 3.7813035, 44.0808235 ], [ 3.7807827, 44.081 ], [ 3.780455, 44.081321 ], [ 3.7788414, 44.0821156 ], [ 3.7782827, 44.0822572 ], [ 3.7771578, 44.082173399999988 ], [ 3.7768426, 44.0820424 ], [ 3.7758068, 44.0805278 ], [ 3.7749836, 44.0800439 ], [ 3.7738502, 44.0796091 ], [ 3.7730141, 44.0786312 ], [ 3.773065, 44.0780557 ], [ 3.7722208, 44.0768511 ], [ 3.7710135, 44.0759289 ], [ 3.7698897, 44.075920599999989 ], [ 3.7679964, 44.0750465 ], [ 3.7663033, 44.0746641 ], [ 3.7638127, 44.075325899999989 ], [ 3.7628105, 44.0751592 ], [ 3.7605452, 44.0743703 ], [ 3.7595423, 44.0741585 ], [ 3.7568005, 44.0742396 ], [ 3.7550536, 44.0742175 ], [ 3.7541743, 44.0740039 ], [ 3.7535986, 44.0734264 ], [ 3.7531349, 44.0725332 ], [ 3.7525291, 44.0716643 ], [ 3.7523574, 44.0711407 ], [ 3.7527191, 44.0706414 ], [ 3.7534504, 44.0699577 ], [ 3.7536278, 44.0695955 ], [ 3.7533454, 44.0682501 ], [ 3.753392, 44.0676206 ], [ 3.7536863, 44.0669426 ], [ 3.7536803, 44.0666727 ], [ 3.753991, 44.0666687 ], [ 3.7557243, 44.0661509 ], [ 3.7583816, 44.0658446 ], [ 3.7598549, 44.0655895 ], [ 3.7602295, 44.0655014 ], [ 3.7609518, 44.0650959 ], [ 3.7614752, 44.064284 ], [ 3.7626902, 44.0619867 ], [ 3.7646637, 44.0604185 ], [ 3.764916, 44.0603366 ], [ 3.7669202, 44.0591084 ], [ 3.7676344, 44.0584761 ], [ 3.7678837, 44.0580792 ], [ 3.7689659, 44.0573461 ], [ 3.769101, 44.0569105 ], [ 3.7691065, 44.0563956 ], [ 3.769284, 44.0560451 ], [ 3.7691525, 44.0557328 ], [ 3.7692133, 44.0551509 ], [ 3.7694269, 44.054982 ], [ 3.7695695, 44.0547263 ], [ 3.7696011, 44.0543886 ], [ 3.7701396, 44.0536908 ], [ 3.770338, 44.0532313 ], [ 3.770217, 44.0527758 ], [ 3.7700756, 44.0526553 ], [ 3.7699857, 44.0523751 ], [ 3.7701269, 44.0516469 ], [ 3.7700846, 44.0513772 ], [ 3.7702521, 44.0512167 ], [ 3.7703123, 44.0508661 ], [ 3.770704, 44.0503989 ], [ 3.7706063, 44.0501845 ], [ 3.7708061, 44.0498276 ], [ 3.7710205, 44.0497145 ], [ 3.771968, 44.0481705 ], [ 3.7723336, 44.0478061 ], [ 3.7743682, 44.046925 ], [ 3.7752366, 44.0467334 ], [ 3.7761007, 44.0464069 ], [ 3.7775268, 44.0461186 ], [ 3.7783927, 44.0458371 ], [ 3.7787596, 44.0455626 ], [ 3.7792407, 44.0448824 ], [ 3.77962, 44.0446069 ], [ 3.782333, 44.043447199999989 ], [ 3.7824249, 44.0421424 ], [ 3.7827051, 44.0409244 ], [ 3.7826884, 44.0402504 ], [ 3.7821727, 44.0395826 ], [ 3.7821047, 44.039359 ], [ 3.7820013, 44.0377324 ], [ 3.7817993, 44.0366565 ], [ 3.7817869, 44.0362066 ], [ 3.7819679, 44.0359344 ], [ 3.7826421, 44.0355209 ], [ 3.785152, 44.0343158 ], [ 3.7853631, 44.0340667 ], [ 3.7856323, 44.0340477 ], [ 3.7861314, 44.0337759 ], [ 3.7863066, 44.0335442 ], [ 3.7864423, 44.033528 ], [ 3.7866655, 44.0333364 ], [ 3.7867817, 44.0330773 ], [ 3.7870834, 44.0327907 ], [ 3.787373, 44.0328012 ], [ 3.7877386, 44.0326303 ], [ 3.7884893, 44.0327851 ], [ 3.7902207, 44.0315989 ], [ 3.7899475, 44.0307027 ], [ 3.7899338, 44.0301636 ], [ 3.7901752, 44.029846 ], [ 3.7915833, 44.0288376 ], [ 3.7899388, 44.0279153 ], [ 3.7892297, 44.0269717 ], [ 3.7880811, 44.0260953 ], [ 3.788099, 44.0257648 ], [ 3.7882519, 44.0255432 ], [ 3.7883376, 44.0251583 ], [ 3.7882735, 44.0250345 ], [ 3.7884615, 44.0237452 ], [ 3.7883836, 44.0231616 ], [ 3.7877345, 44.0221357 ], [ 3.7873348, 44.021107199999989 ], [ 3.7867567, 44.0204318 ], [ 3.7862486, 44.019584 ], [ 3.7861751, 44.0191354 ], [ 3.7864052, 44.0183678 ], [ 3.7866472, 44.0180952 ], [ 3.7884223, 44.0168574 ], [ 3.7899648, 44.0162973 ], [ 3.7910721, 44.0157429 ], [ 3.7941477, 44.0136794 ], [ 3.7951339, 44.0133059 ], [ 3.7978558, 44.012549799999988 ], [ 3.7998994, 44.0120732 ], [ 3.8003433, 44.0118872 ], [ 3.800587, 44.0116595 ], [ 3.8007502, 44.0107583 ], [ 3.8007006, 44.0088254 ], [ 3.8008563, 44.0080151 ], [ 3.8015308, 44.007921 ], [ 3.8030364, 44.0072386 ], [ 3.803478, 44.006896 ], [ 3.8041091, 44.0069049 ], [ 3.8044183, 44.0068153 ], [ 3.804884, 44.0068578 ], [ 3.806361, 44.0064527 ], [ 3.8066056, 44.0058479 ], [ 3.8078253, 44.0050693 ], [ 3.8081103, 44.0050321 ], [ 3.8083033, 44.0051009 ], [ 3.8085767, 44.0056488 ], [ 3.810094, 44.0053622 ], [ 3.8104846, 44.005209 ], [ 3.8102293, 44.0034819 ], [ 3.8102796, 44.0029865 ], [ 3.8111296, 44.0021656 ], [ 3.8111307, 44.0017156 ], [ 3.8101729, 44.0008299 ], [ 3.809275, 44.0002929 ], [ 3.8074479, 43.999464 ], [ 3.8067949, 43.9983482 ], [ 3.8053562, 43.9951754 ], [ 3.8050369, 43.9949014 ], [ 3.8020587, 43.9934131 ], [ 3.8011497, 43.9927816 ], [ 3.7992886, 43.9940463 ], [ 3.7990641, 43.9940407 ], [ 3.7979772, 43.9945014 ], [ 3.7974811, 43.9945986 ], [ 3.796608, 43.9945653 ], [ 3.7965369, 43.9942068 ], [ 3.7965986, 43.9941604 ], [ 3.7977173, 43.9941009 ], [ 3.7978169, 43.9931102 ], [ 3.7980505, 43.9925226 ], [ 3.7980261, 43.9915786 ], [ 3.7981865, 43.9910194 ], [ 3.7980995, 43.9900534 ], [ 3.7979302, 43.9895389 ], [ 3.7974792, 43.9889383 ], [ 3.7968734, 43.9884063 ], [ 3.7951145, 43.9877783 ], [ 3.7945111, 43.9873299 ], [ 3.7942238, 43.9862133 ], [ 3.7939141, 43.9858186 ], [ 3.793756, 43.9851169 ], [ 3.7933983, 43.9844921 ], [ 3.7928823, 43.9839595 ], [ 3.7920105, 43.9833844 ], [ 3.7912916, 43.982782 ], [ 3.791323, 43.982258 ], [ 3.7909038, 43.9817822 ], [ 3.7909094, 43.9810172 ], [ 3.7906896, 43.9804472 ], [ 3.7898292, 43.979251 ], [ 3.7896495, 43.9788698 ], [ 3.7896029, 43.977485 ], [ 3.7890095, 43.976760299999988 ], [ 3.7890471, 43.9761444 ], [ 3.7895271, 43.9758862 ], [ 3.7900066, 43.9755011 ], [ 3.7906131, 43.9753797 ], [ 3.791618, 43.9754976 ], [ 3.7919115, 43.9754505 ], [ 3.7924251, 43.9751866 ], [ 3.7928177, 43.9747401 ], [ 3.7940303, 43.9741103 ], [ 3.7962759, 43.9734738 ], [ 3.7983299, 43.9725894 ], [ 3.7991074, 43.9724901 ], [ 3.7997752, 43.9722989 ], [ 3.8012696, 43.9712503 ], [ 3.8018619, 43.9710083 ], [ 3.8021326, 43.9707588 ], [ 3.8027392, 43.9706464 ], [ 3.8038276, 43.9702424 ], [ 3.8058429, 43.9698135 ], [ 3.806473, 43.9694255 ], [ 3.8069679, 43.9692652 ], [ 3.804974, 43.9674052 ], [ 3.8043963, 43.9667389 ], [ 3.8038892, 43.9663853 ], [ 3.8023192, 43.9658676 ], [ 3.8010714, 43.96574 ], [ 3.8002628, 43.9657513 ], [ 3.796486, 43.9665664 ], [ 3.796111, 43.9664809 ], [ 3.7946502, 43.9658265 ], [ 3.7937718, 43.9655682 ], [ 3.7932753, 43.9656204 ], [ 3.7913006, 43.9662756 ], [ 3.7900018, 43.9666081 ], [ 3.7885086, 43.9666728 ], [ 3.7876893, 43.9668084 ], [ 3.7874621, 43.9660621 ], [ 3.7874595, 43.9654186 ], [ 3.7871607, 43.9646278 ], [ 3.7871488, 43.9634012 ], [ 3.7867452, 43.9618732 ], [ 3.786747, 43.9611936 ], [ 3.786288, 43.9590783 ], [ 3.7863236, 43.9587684 ], [ 3.7865047, 43.9586195 ], [ 3.7863572, 43.9584082 ], [ 3.7865236, 43.958182 ], [ 3.7864639, 43.9578305 ], [ 3.7865993, 43.9576171 ], [ 3.7865132, 43.9570687 ], [ 3.7868533, 43.9549873 ], [ 3.7868421, 43.954538199999988 ], [ 3.7887293, 43.9504665 ], [ 3.7889697, 43.9501039 ], [ 3.7895868, 43.9494127 ], [ 3.7905489, 43.9480962 ], [ 3.7955141, 43.9422749 ], [ 3.7964813, 43.9435657 ], [ 3.8048366, 43.9433659 ], [ 3.805373, 43.9435977 ], [ 3.8055826, 43.9437969 ], [ 3.8060023, 43.9438856 ], [ 3.8062183, 43.9438291 ], [ 3.8063107, 43.9435818 ], [ 3.8067145, 43.943244 ], [ 3.8068839, 43.942719 ], [ 3.8072347, 43.9421584 ], [ 3.8071565, 43.9418233 ], [ 3.8067858, 43.941592 ], [ 3.8064469, 43.9411481 ], [ 3.8066798, 43.9409682 ], [ 3.8075843, 43.9409795 ], [ 3.808454, 43.9413547 ], [ 3.8090868, 43.9414472 ], [ 3.8113121, 43.9412345 ], [ 3.8123499, 43.9408983 ], [ 3.8135043, 43.940797 ], [ 3.814486, 43.9409877 ], [ 3.8153714, 43.9415841 ], [ 3.8162152, 43.9414446 ], [ 3.8169096, 43.941490699999989 ], [ 3.8171653, 43.9418614 ], [ 3.8175315, 43.941864 ], [ 3.8178691, 43.9420415 ], [ 3.8192753, 43.9422092 ], [ 3.8197572, 43.9423685 ], [ 3.8203476, 43.9423703 ], [ 3.8229963, 43.9400779 ], [ 3.8240858, 43.9389294 ], [ 3.8245756, 43.938608 ], [ 3.8267025, 43.9366911 ], [ 3.8270005, 43.936192 ], [ 3.8271148, 43.9358312 ], [ 3.8270985, 43.9347072 ], [ 3.8268919, 43.9339455 ], [ 3.8265615, 43.9332307 ], [ 3.8256605, 43.9320747 ], [ 3.8255696, 43.9309522 ], [ 3.8253744, 43.9306306 ], [ 3.8247397, 43.9301449 ], [ 3.8239837, 43.929796 ], [ 3.823539, 43.9294421 ], [ 3.8244162, 43.9273168 ], [ 3.8262799, 43.9272019 ], [ 3.8266464, 43.9269715 ], [ 3.8280536, 43.9256036 ], [ 3.8290203, 43.9245118 ], [ 3.8279751, 43.9225928 ], [ 3.8262388, 43.9204046 ], [ 3.8252122, 43.9194178 ], [ 3.8243136, 43.9187478 ], [ 3.8236848, 43.9177959 ], [ 3.8237235, 43.9175463 ], [ 3.8220105, 43.9145361 ], [ 3.821608, 43.9132107 ], [ 3.820061, 43.9110777 ], [ 3.8195667, 43.9107304 ], [ 3.8092163, 43.8999051 ], [ 3.8067437, 43.8975699 ], [ 3.8038634, 43.8951585 ], [ 3.80148, 43.8930323 ], [ 3.8006174, 43.8920423 ], [ 3.7996606, 43.8911683 ], [ 3.8038813, 43.8791937 ], [ 3.8067465, 43.8778595 ], [ 3.8106037, 43.877524 ], [ 3.8155932, 43.8759803 ], [ 3.8171264, 43.8755719 ], [ 3.8226637, 43.8743379 ], [ 3.8225878, 43.8734772 ], [ 3.82402, 43.8731433 ], [ 3.8224104, 43.8716075 ], [ 3.8224394, 43.8714624 ], [ 3.8231283, 43.8713546 ], [ 3.8240728, 43.8718073 ], [ 3.8248383, 43.8715712 ], [ 3.824965, 43.871649399999988 ], [ 3.829649, 43.8672895 ], [ 3.8297907, 43.8670221 ], [ 3.8301371, 43.8668052 ], [ 3.8303493, 43.8667694 ], [ 3.8307163, 43.8664318 ], [ 3.8316759, 43.8672354 ], [ 3.8322973, 43.8676222 ], [ 3.8379754, 43.8707196 ], [ 3.8408833, 43.869998 ], [ 3.8418529, 43.8698618 ], [ 3.8431208, 43.8697953 ], [ 3.8448952, 43.8693199 ], [ 3.8457735, 43.8692411 ], [ 3.846207, 43.8689417 ], [ 3.8484818, 43.8684065 ], [ 3.8503291, 43.8680753 ], [ 3.8518847, 43.8675295 ], [ 3.8514558, 43.8698899 ], [ 3.8522803, 43.873201699999989 ], [ 3.8535476, 43.8747586 ], [ 3.8538001, 43.8749196 ], [ 3.8546233, 43.8750598 ], [ 3.8548177, 43.8751636 ], [ 3.855948, 43.876034 ], [ 3.8567941, 43.8771172 ], [ 3.8569253, 43.877154 ], [ 3.8575783, 43.8771444 ], [ 3.8606299, 43.8767892 ], [ 3.862875, 43.8769928 ], [ 3.8662764, 43.8769812 ], [ 3.868086, 43.8766896 ], [ 3.868232, 43.876639 ], [ 3.8683436, 43.8764491 ], [ 3.8688475, 43.8762057 ], [ 3.8695165, 43.8761788 ], [ 3.8698918, 43.8762352 ], [ 3.8703979, 43.876871 ], [ 3.8708642, 43.8771805 ], [ 3.8715864, 43.8774573 ], [ 3.8716738, 43.8775601 ], [ 3.8728495, 43.8777217 ], [ 3.874354, 43.8781435 ], [ 3.8763112, 43.8784761 ], [ 3.8776095, 43.8784296 ], [ 3.8781744, 43.8785106 ], [ 3.8801584, 43.878239 ], [ 3.8817598, 43.8781667 ], [ 3.8849244, 43.8782851 ], [ 3.8859136, 43.8784445 ], [ 3.8865301, 43.8784044 ], [ 3.8871281, 43.8785327 ], [ 3.8888509, 43.8785088 ], [ 3.8895143, 43.8786006 ], [ 3.8909108, 43.8784758 ], [ 3.8923009, 43.8778569 ], [ 3.8930359, 43.8776808 ], [ 3.8977064, 43.877665 ], [ 3.903288, 43.8792435 ], [ 3.9084113, 43.8839124 ], [ 3.9099878, 43.8858612 ], [ 3.9107485, 43.8865848 ], [ 3.9113007, 43.8891388 ], [ 3.9133124, 43.8879358 ], [ 3.9142322, 43.8877922 ], [ 3.9155403, 43.8878029 ], [ 3.9163745, 43.8879102 ], [ 3.9168789, 43.8878556 ], [ 3.9179855, 43.8866394 ], [ 3.9173923, 43.8855797 ], [ 3.9185448, 43.8829627 ], [ 3.9195684, 43.8813089 ], [ 3.9207355, 43.8831557 ], [ 3.9249046, 43.8884989 ], [ 3.9272738, 43.8900933 ], [ 3.9321519, 43.894577 ], [ 3.9274968, 43.8980762 ], [ 3.9266236, 43.8996451 ], [ 3.9265826, 43.8998813 ], [ 3.9263483, 43.900093 ], [ 3.9257363, 43.900496 ], [ 3.9253796, 43.9006088 ], [ 3.9246743, 43.9007894 ], [ 3.9239457, 43.9007613 ], [ 3.9240801, 43.9011445 ], [ 3.9240606, 43.9017837 ], [ 3.9241626, 43.9022454 ], [ 3.9241396, 43.9028963 ], [ 3.9238325, 43.903609 ], [ 3.9239101, 43.9045632 ], [ 3.9243603, 43.9050751 ], [ 3.9247998, 43.9053126 ], [ 3.9254628, 43.9055086 ], [ 3.92589, 43.9059856 ], [ 3.9261792, 43.9065456 ], [ 3.9262787, 43.9074601 ], [ 3.926212, 43.9082643 ], [ 3.9263478, 43.9085755 ], [ 3.9261639, 43.909136 ], [ 3.9260989, 43.9098862 ], [ 3.9258573, 43.9104193 ], [ 3.9250989, 43.910864 ], [ 3.924531, 43.9113107 ], [ 3.9242458, 43.9123013 ], [ 3.9237785, 43.9128885 ], [ 3.9232225, 43.9132307 ], [ 3.9220794, 43.9135238 ], [ 3.9217994, 43.9136855 ], [ 3.9218202, 43.9143585 ], [ 3.9213529, 43.9151779 ], [ 3.9207515, 43.9158724 ], [ 3.9203043, 43.9160102 ], [ 3.9204691, 43.916195099999989 ], [ 3.9209123, 43.9162661 ], [ 3.9211162, 43.916404799999988 ], [ 3.9211849, 43.9165725 ], [ 3.9213804, 43.9189667 ], [ 3.9231086, 43.9184247 ], [ 3.9238404, 43.9181026 ], [ 3.9243421, 43.9177141 ], [ 3.9245364, 43.9170239 ], [ 3.9247597, 43.916975199999989 ], [ 3.9249342, 43.9170628 ], [ 3.9252851, 43.9175126 ], [ 3.9253303, 43.9187632 ], [ 3.9253805, 43.9189419 ], [ 3.9256144, 43.9191613 ], [ 3.9260896, 43.9192878 ], [ 3.9271867, 43.9193703 ], [ 3.9276982, 43.9195882 ], [ 3.9279832, 43.9198081 ], [ 3.9286845, 43.920821 ], [ 3.9287271, 43.9215262 ], [ 3.9285855, 43.9219297 ], [ 3.9282815, 43.9223049 ], [ 3.9272591, 43.9224495 ], [ 3.9270153, 43.9225425 ], [ 3.9269583, 43.9228661 ], [ 3.9272, 43.9234121 ], [ 3.9276452, 43.9237602 ], [ 3.9281956, 43.923986899999989 ], [ 3.9294113, 43.9241664 ], [ 3.9298282, 43.9243789 ], [ 3.9297075, 43.9248398 ], [ 3.9290156, 43.925482 ], [ 3.9291339, 43.9256367 ], [ 3.9293784, 43.9257381 ], [ 3.9300345, 43.9257307 ], [ 3.9301874, 43.925787 ], [ 3.930287, 43.9260913 ], [ 3.9300086, 43.926507699999988 ], [ 3.9300467, 43.926709 ], [ 3.9302627, 43.9268169 ], [ 3.9314414, 43.9270139 ], [ 3.9320505, 43.9272517 ], [ 3.9322026, 43.9274133 ], [ 3.9324814, 43.9280886 ], [ 3.9326539, 43.928206 ], [ 3.9328199, 43.9282297 ], [ 3.9332144, 43.9279834 ], [ 3.9334435, 43.928138 ], [ 3.9334912, 43.9284598 ], [ 3.9332592, 43.9288182 ], [ 3.9315119, 43.9301849 ], [ 3.9306453, 43.9306576 ], [ 3.9306003, 43.930874 ], [ 3.93078, 43.9311254 ], [ 3.9311237, 43.9312737 ], [ 3.9317726, 43.9312789 ], [ 3.9323289, 43.9311824 ], [ 3.9330919, 43.9312308 ], [ 3.9341986, 43.9316623 ], [ 3.9345333, 43.9318683 ], [ 3.9348238, 43.9321961 ], [ 3.9349498, 43.9325091 ], [ 3.9349069, 43.9327075 ], [ 3.9339423, 43.933731 ], [ 3.9334027, 43.934092 ], [ 3.9327102, 43.9343166 ], [ 3.9314792, 43.9343622 ], [ 3.9310021, 43.934585899999988 ], [ 3.9302281, 43.9352387 ], [ 3.9301781, 43.9354578 ], [ 3.9302645, 43.9356389 ], [ 3.9306024, 43.9359663 ], [ 3.9308685, 43.9360144 ], [ 3.931577, 43.9359301 ], [ 3.9328842, 43.9355877 ], [ 3.9335324, 43.935551599999989 ], [ 3.9337401, 43.9356074 ], [ 3.9338642, 43.9358089 ], [ 3.933783, 43.9361723 ], [ 3.9333112, 43.9367199 ], [ 3.932282, 43.9375315 ], [ 3.9322618, 43.9378197 ], [ 3.932718, 43.9383747 ], [ 3.9332833, 43.9387479 ], [ 3.9338475, 43.9388214 ], [ 3.9347604, 43.9387407 ], [ 3.9349409, 43.9388075 ], [ 3.9351892, 43.9391375 ], [ 3.9354897, 43.939842399999989 ], [ 3.9358347, 43.9401472 ], [ 3.936293, 43.9402162 ], [ 3.9365253, 43.9400261 ], [ 3.9365967, 43.9396754 ], [ 3.9364105, 43.9388796 ], [ 3.9366892, 43.9384785 ], [ 3.9371468, 43.9384313 ], [ 3.9375636, 43.9385574 ], [ 3.9379617, 43.9387555 ], [ 3.9381719, 43.93904 ], [ 3.9382799, 43.9397014 ], [ 3.938246, 43.9404398 ], [ 3.9378151, 43.9419591 ], [ 3.9375979, 43.9423156 ], [ 3.9371392, 43.9425994 ], [ 3.9369356, 43.9426354 ], [ 3.9366875, 43.9425484 ], [ 3.9365166, 43.942305 ], [ 3.9367118, 43.941983 ], [ 3.9367319, 43.9417641 ], [ 3.9365607, 43.941578299999989 ], [ 3.9362442, 43.9414964 ], [ 3.9357788, 43.9415958 ], [ 3.9354477, 43.9417652 ], [ 3.9351373, 43.9420531 ], [ 3.9349667, 43.9423597 ], [ 3.9349842, 43.9425936 ], [ 3.9351533, 43.9428027 ], [ 3.935477, 43.9436253 ], [ 3.935634, 43.9445438 ], [ 3.9355945, 43.9447169 ], [ 3.9351591, 43.9449033 ], [ 3.9348558, 43.9452488 ], [ 3.9348308, 43.945547 ], [ 3.9351647, 43.9459284 ], [ 3.9351824, 43.9462487 ], [ 3.9353476, 43.9466001 ], [ 3.9357247, 43.9468839 ], [ 3.9347536, 43.9472955 ], [ 3.9348429, 43.9480345 ], [ 3.9342011, 43.948778 ], [ 3.9338575, 43.9490231 ], [ 3.9332121, 43.9492401 ], [ 3.9326668, 43.9495661 ], [ 3.9325271, 43.9497851 ], [ 3.9323495, 43.9498208 ], [ 3.9325648, 43.9565098 ], [ 3.935051, 43.9608069 ], [ 3.9342177, 43.9611281 ], [ 3.9338099, 43.9614844 ], [ 3.9334292, 43.9615957 ], [ 3.9325605, 43.9621197 ], [ 3.9309492, 43.9628679 ], [ 3.9283784, 43.9630868 ], [ 3.9279111, 43.9632438 ], [ 3.9278082, 43.9634265 ], [ 3.9279304, 43.9638908 ], [ 3.9286391, 43.9647137 ], [ 3.9285657, 43.9651049 ], [ 3.9279294, 43.965896 ], [ 3.9274509, 43.9662034 ], [ 3.9268614, 43.9663533 ], [ 3.9260224, 43.9664108 ], [ 3.9257114, 43.9665179 ], [ 3.9255442, 43.966738 ], [ 3.9255441, 43.9668829 ], [ 3.9263941, 43.968197 ], [ 3.9265184, 43.9686333 ], [ 3.9246621, 43.9685932 ], [ 3.920246, 43.9686935 ], [ 3.9190671, 43.9688456 ], [ 3.9162216, 43.9695166 ], [ 3.9155403, 43.9696159 ], [ 3.9148507, 43.9698962 ], [ 3.9149313, 43.9705697 ], [ 3.9147023, 43.9712916 ], [ 3.9144262, 43.9717935 ], [ 3.9119066, 43.9718901 ], [ 3.9085712, 43.972414699999987 ], [ 3.9068928, 43.9729785 ], [ 3.9069224, 43.9740574 ], [ 3.9071207, 43.974459 ], [ 3.9078865, 43.9751223 ], [ 3.9114767, 43.9766531 ], [ 3.9155141, 43.9780783 ], [ 3.9190451, 43.9796994 ], [ 3.9207507, 43.9805743 ], [ 3.9212878, 43.9809568 ], [ 3.9217346, 43.9811456 ], [ 3.9219769, 43.9814082 ], [ 3.9223634, 43.9816434 ], [ 3.9223679, 43.9818468 ], [ 3.9232807, 43.9824817 ], [ 3.9268392, 43.9845406 ], [ 3.9268439, 43.9846756 ], [ 3.9263638, 43.985356499999988 ], [ 3.9267129, 43.9856641 ], [ 3.926693, 43.985747 ], [ 3.9263938, 43.9860529 ], [ 3.9256325, 43.986224 ], [ 3.9252478, 43.9867133 ], [ 3.9234176, 43.9867045 ], [ 3.9230143, 43.9868924 ], [ 3.9223103, 43.9870693 ], [ 3.9204188, 43.9872734 ], [ 3.9180899, 43.9874091 ], [ 3.9173485, 43.9873514 ], [ 3.9169704, 43.9870206 ], [ 3.9154098, 43.9864046 ], [ 3.9139611, 43.986241199999988 ], [ 3.9134798, 43.9863865 ], [ 3.91294, 43.9863055 ], [ 3.9119547, 43.9858061 ], [ 3.9105427, 43.9855992 ], [ 3.9093285, 43.9849657 ], [ 3.9085766, 43.9847965 ], [ 3.9076492, 43.9850346 ], [ 3.9071581, 43.9852673 ], [ 3.9048906, 43.9866037 ], [ 3.9040376, 43.9872903 ], [ 3.9034275, 43.9881981 ], [ 3.902992, 43.9904527 ], [ 3.9025967, 43.991942 ], [ 3.9026168, 43.9926609 ], [ 3.9034046, 43.9950908 ], [ 3.9040257, 43.9958931 ], [ 3.9039701, 43.9960852 ], [ 3.9040661, 43.9970232 ], [ 3.9045782, 43.9982619 ], [ 3.9047047, 44.0010474 ], [ 3.90414, 44.003178 ], [ 3.9047481, 44.0048777 ], [ 3.9048487, 44.0062701 ], [ 3.9047731, 44.008025 ], [ 3.9050258, 44.0081561 ], [ 3.9082847, 44.0088824 ], [ 3.907607, 44.0091617 ], [ 3.9069366, 44.0096658 ], [ 3.9065019, 44.0101672 ], [ 3.9058527, 44.0112193 ], [ 3.9055916, 44.0111117 ], [ 3.9052733, 44.0110945 ], [ 3.904482, 44.0113693 ], [ 3.9039792, 44.0114382 ], [ 3.9028524, 44.0111613 ], [ 3.9021267, 44.011404 ], [ 3.9015404, 44.011392699999988 ], [ 3.9009965, 44.0113026 ], [ 3.9000789, 44.0109259 ], [ 3.8993945, 44.0107875 ], [ 3.89864, 44.010313 ], [ 3.8979169, 44.0100841 ], [ 3.8976855, 44.0101193 ], [ 3.8969609, 44.01083 ], [ 3.8967328, 44.0108426 ], [ 3.8954752, 44.0113633 ], [ 3.8947998, 44.0112392 ], [ 3.8946769, 44.0112753 ], [ 3.8943878, 44.0114478 ], [ 3.893627, 44.0136699 ], [ 3.8910422, 44.0175369 ], [ 3.8907358, 44.0177212 ], [ 3.8853892, 44.0181481 ], [ 3.8847691, 44.0182917 ], [ 3.8855319, 44.018821 ], [ 3.8878267, 44.0207304 ], [ 3.8887886, 44.0217063 ], [ 3.8890414, 44.0218375 ], [ 3.889669, 44.0220079 ], [ 3.8924844, 44.0224179 ], [ 3.893112, 44.0225883 ], [ 3.8941285, 44.023293699999989 ], [ 3.8945691, 44.0234755 ], [ 3.8958713, 44.0232327 ], [ 3.8982561, 44.0238504 ], [ 3.8993228, 44.0244203 ], [ 3.9005879, 44.0248285 ], [ 3.9016756, 44.0258465 ], [ 3.9021323, 44.0265691 ], [ 3.9022745, 44.0271961 ], [ 3.9031584, 44.0276335 ], [ 3.9031819, 44.0284866 ], [ 3.9037992, 44.0303617 ], [ 3.9031793, 44.0306035 ], [ 3.902633, 44.0310815 ], [ 3.9023963, 44.0317333 ], [ 3.9019202, 44.0321566 ], [ 3.9021609, 44.032782 ], [ 3.9012525, 44.0337183 ], [ 3.901486, 44.0343654 ], [ 3.9014265, 44.0354144 ], [ 3.901575, 44.0357327 ], [ 3.9018211, 44.0359845 ], [ 3.9020774, 44.0366521 ], [ 3.901623, 44.03742 ], [ 3.9020266, 44.0375381 ], [ 3.9023192, 44.0378166 ], [ 3.9021362, 44.0384706 ], [ 3.902201, 44.0387059 ], [ 3.9023474, 44.0388064 ], [ 3.902742, 44.0389076 ], [ 3.9031212, 44.0389017 ], [ 3.9037927, 44.0384426 ], [ 3.9040401, 44.0383838 ], [ 3.9049989, 44.0386567 ], [ 3.9059927, 44.0391696 ], [ 3.9061661, 44.0393986 ], [ 3.9059517, 44.0400403 ], [ 3.9055137, 44.0403509 ], [ 3.9048635, 44.040656 ], [ 3.9048026, 44.040832 ], [ 3.9048762, 44.0409898 ], [ 3.9052087, 44.0411788 ], [ 3.9057657, 44.0412093 ], [ 3.9056569, 44.0418231 ], [ 3.9049244, 44.0423728 ], [ 3.9039483, 44.0425843 ], [ 3.9032971, 44.042127 ], [ 3.9013438, 44.0413817 ], [ 3.8984381, 44.0399843 ], [ 3.8954729, 44.0386783 ], [ 3.8944583, 44.0385039 ], [ 3.8925843, 44.0383509 ], [ 3.8915816, 44.0381404 ], [ 3.8910766, 44.0379222 ], [ 3.8905676, 44.0375249 ], [ 3.8890904, 44.0359276 ], [ 3.8881388, 44.0353115 ], [ 3.8861832, 44.0344759 ], [ 3.885888, 44.0350652 ], [ 3.885584, 44.0353385 ], [ 3.8843668, 44.0359325 ] ] ] ] } },
{ "type": "Feature", "properties": { "code_departement": 30.0, "code_rne": "0300042H", "multisecteur": 0.0 }, "geometry": { "type": "MultiPolygon", "coordinates": [ [ [ [ 3.6512788, 44.1134913 ], [ 3.6511865, 44.1121885 ], [ 3.6509997, 44.1115884 ], [ 3.6508746, 44.1104784 ], [ 3.650904, 44.110102 ], [ 3.6505055, 44.1093339 ], [ 3.650732, 44.1082768 ], [ 3.6505743, 44.1074919 ], [ 3.6515936, 44.1069368 ], [ 3.6518749, 44.1065292 ], [ 3.653459, 44.1059969 ], [ 3.6539175, 44.1056719 ], [ 3.65565, 44.1050216 ], [ 3.6557084, 44.1048862 ], [ 3.656938, 44.1040616 ], [ 3.6583718, 44.1035049 ], [ 3.6606474, 44.1020834 ], [ 3.6613904, 44.1018494 ], [ 3.6625427, 44.1018038 ], [ 3.6631831, 44.1012365 ], [ 3.6633929, 44.1012316 ], [ 3.664152, 44.1007697 ], [ 3.6641001, 44.1002876 ], [ 3.6651535, 44.1000058 ], [ 3.6654281, 44.0999933 ], [ 3.6667734, 44.099356 ], [ 3.6673238, 44.0988999 ], [ 3.6676337, 44.0988062 ], [ 3.6697611, 44.0990498 ], [ 3.6711961, 44.0990419 ], [ 3.6734999, 44.0988783 ], [ 3.676507, 44.0988418 ], [ 3.6796224, 44.0986686 ], [ 3.6800572, 44.0985732 ], [ 3.6823256, 44.0969264 ], [ 3.6828824, 44.0966952 ], [ 3.6835674, 44.0966414 ], [ 3.68362, 44.0962361 ], [ 3.6840449, 44.0957366 ], [ 3.685917, 44.095219 ], [ 3.6867199, 44.0948936 ], [ 3.6874569, 44.0943903 ], [ 3.6884291, 44.0932996 ], [ 3.6894689, 44.0924317 ], [ 3.6904392, 44.091296 ], [ 3.6911262, 44.090793 ], [ 3.6919343, 44.0904963 ], [ 3.693387, 44.0901109 ], [ 3.694932, 44.0898212 ], [ 3.6956847, 44.0895887 ], [ 3.696695, 44.0888802 ], [ 3.6972504, 44.0886481 ], [ 3.697933, 44.0885051 ], [ 3.6985155, 44.0884492 ], [ 3.698985, 44.0886541 ], [ 3.700698, 44.0888304 ], [ 3.7036073, 44.0878946 ], [ 3.7047888, 44.0876998 ], [ 3.7077162, 44.0875288 ], [ 3.7094429, 44.0862026 ], [ 3.7099406, 44.0861517 ], [ 3.7109923, 44.0857785 ], [ 3.7126807, 44.0859908 ], [ 3.7148626, 44.0859189 ], [ 3.7161122, 44.0859927 ], [ 3.716872, 44.0864324 ], [ 3.7174451, 44.08692 ], [ 3.7180128, 44.0871827 ], [ 3.7199605, 44.0877424 ], [ 3.7210216, 44.0878191 ], [ 3.7219503, 44.0874926 ], [ 3.7231453, 44.0873875 ], [ 3.7243152, 44.0867884 ], [ 3.7260819, 44.08618 ], [ 3.7262408, 44.0859098 ], [ 3.7271899, 44.0851303 ], [ 3.7282963, 44.0837702 ], [ 3.7285929, 44.0831364 ], [ 3.7290333, 44.0828166 ], [ 3.7283294, 44.0820607 ], [ 3.7283846, 44.0817903 ], [ 3.7286265, 44.0814728 ], [ 3.7300952, 44.0803298 ], [ 3.7308869, 44.079555 ], [ 3.7314901, 44.0786932 ], [ 3.731735, 44.0785107 ], [ 3.7329286, 44.0788996 ], [ 3.7338679, 44.0790229 ], [ 3.7355899, 44.0788503 ], [ 3.7365252, 44.0783741 ], [ 3.7371566, 44.0781566 ], [ 3.7376012, 44.0781653 ], [ 3.741579, 44.077584 ], [ 3.7441986, 44.077595 ], [ 3.745516, 44.077893 ], [ 3.7462037, 44.0779738 ], [ 3.7475239, 44.0779117 ], [ 3.7481092, 44.0776989 ], [ 3.7487895, 44.0771218 ], [ 3.7490051, 44.077091499999987 ], [ 3.7496156, 44.0767111 ], [ 3.7497975, 44.0766811 ], [ 3.751008, 44.0759734 ], [ 3.7518599, 44.075341099999989 ], [ 3.753307, 44.0746894 ], [ 3.7539813, 44.0742312 ], [ 3.7541743, 44.0740039 ], [ 3.7550536, 44.0742175 ], [ 3.7568005, 44.0742396 ], [ 3.7595423, 44.0741585 ], [ 3.7605452, 44.0743703 ], [ 3.7628105, 44.0751592 ], [ 3.7638127, 44.075325899999989 ], [ 3.7663033, 44.0746641 ], [ 3.7679964, 44.0750465 ], [ 3.7698897, 44.075920599999989 ], [ 3.7710135, 44.0759289 ], [ 3.7722208, 44.0768511 ], [ 3.773065, 44.0780557 ], [ 3.7730141, 44.0786312 ], [ 3.7738502, 44.0796091 ], [ 3.7749836, 44.0800439 ], [ 3.7758068, 44.0805278 ], [ 3.7768426, 44.0820424 ], [ 3.7771578, 44.082173399999988 ], [ 3.7782827, 44.0822572 ], [ 3.7788414, 44.0821156 ], [ 3.780455, 44.081321 ], [ 3.7807827, 44.081 ], [ 3.7813035, 44.0808235 ], [ 3.7818553, 44.0804569 ], [ 3.7830975, 44.0802608 ], [ 3.7841012, 44.079977299999989 ], [ 3.7848409, 44.0796533 ], [ 3.7853927, 44.0792857 ], [ 3.7861181, 44.0783769 ], [ 3.7876754, 44.0783117 ], [ 3.78842, 44.0781668 ], [ 3.7894081, 44.0777484 ], [ 3.7900677, 44.077595099999989 ], [ 3.7903038, 44.077247799999988 ], [ 3.790477, 44.0772222 ], [ 3.7917807, 44.0765188 ], [ 3.793653, 44.0761299 ], [ 3.7948485, 44.0759926 ], [ 3.7959284, 44.0750063 ], [ 3.796202, 44.074845 ], [ 3.7967615, 44.0746754 ], [ 3.7973059, 44.0745904 ], [ 3.7980132, 44.0746392 ], [ 3.7981036, 44.0747682 ], [ 3.7983633, 44.0747672 ], [ 3.7984862, 44.0748959 ], [ 3.7990599, 44.0751177 ], [ 3.7992083, 44.0751076 ], [ 3.7993296, 44.0752102 ], [ 3.7995816, 44.0751958 ], [ 3.7998297, 44.0753497 ], [ 3.800621, 44.0755932 ], [ 3.8025989, 44.0754392 ], [ 3.8049588, 44.0751006 ], [ 3.805711, 44.07514 ], [ 3.8056797, 44.0765507 ], [ 3.8050354, 44.0781333 ], [ 3.8035135, 44.0800868 ], [ 3.8022945, 44.0807672 ], [ 3.802212, 44.0819172 ], [ 3.8019584, 44.082262 ], [ 3.8012464, 44.0827721 ], [ 3.8011537, 44.0831986 ], [ 3.8013007, 44.0834387 ], [ 3.8017381, 44.0837271 ], [ 3.802115, 44.0846001 ], [ 3.8022257, 44.0851016 ], [ 3.8028821, 44.085869 ], [ 3.8031304, 44.086031 ], [ 3.803726, 44.0870024 ], [ 3.8040674, 44.087917 ], [ 3.8042349, 44.0881057 ], [ 3.8035407, 44.0886455 ], [ 3.8034146, 44.089001 ], [ 3.8034523, 44.0894634 ], [ 3.8039267, 44.0904239 ], [ 3.8042297, 44.0908294 ], [ 3.8047483, 44.0912054 ], [ 3.8053997, 44.0914356 ], [ 3.805911, 44.0914777 ], [ 3.8065904, 44.0920029 ], [ 3.8069403, 44.0920219 ], [ 3.8071587, 44.0922732 ], [ 3.8073965, 44.0928376 ], [ 3.8074329, 44.0932919 ], [ 3.8072993, 44.0935548 ], [ 3.8077059, 44.0944897 ], [ 3.8090338, 44.0953845 ], [ 3.8091207, 44.0957007 ], [ 3.8090772, 44.0962455 ], [ 3.8098712, 44.0961299 ], [ 3.8104709, 44.0957096 ], [ 3.810634, 44.095405 ], [ 3.8111001, 44.0948966 ], [ 3.8114006, 44.094776499999988 ], [ 3.8121321, 44.0942256 ], [ 3.8125899, 44.0941025 ], [ 3.8128909, 44.0940985 ], [ 3.8136696, 44.0942313 ], [ 3.8139924, 44.0940948 ], [ 3.8149519, 44.0934234 ], [ 3.8171562, 44.0921172 ], [ 3.8181938, 44.0917584 ], [ 3.8220176, 44.090699199999989 ], [ 3.8228196, 44.0903736 ], [ 3.8231241, 44.0900995 ], [ 3.8243548, 44.0894539 ], [ 3.8260715, 44.088306 ], [ 3.8270541, 44.087259 ], [ 3.8277016, 44.0857572 ], [ 3.8281264, 44.0853463 ], [ 3.8288621, 44.0848421 ], [ 3.8300926, 44.0841955 ], [ 3.8305817, 44.083829 ], [ 3.8307607, 44.0835118 ], [ 3.8308541, 44.0822968 ], [ 3.8313397, 44.0813463 ], [ 3.8354223, 44.0810632 ], [ 3.8375057, 44.0811112 ], [ 3.8383777, 44.0808867 ], [ 3.8387501, 44.0809937 ], [ 3.8390748, 44.0809993 ], [ 3.8397239, 44.0807297 ], [ 3.8400342, 44.0806877 ], [ 3.8421341, 44.080585199999987 ], [ 3.8416882, 44.0802384 ], [ 3.8404125, 44.0772195 ], [ 3.8403398, 44.0768609 ], [ 3.8403983, 44.0766804 ], [ 3.8409446, 44.0761335 ], [ 3.8424726, 44.0749426 ], [ 3.8454754, 44.0718412 ], [ 3.8452383, 44.0713462 ], [ 3.845652, 44.0709551 ], [ 3.8456167, 44.0707627 ], [ 3.8457961, 44.0704904 ], [ 3.8467109, 44.0697138 ], [ 3.8469444, 44.069126 ], [ 3.8471881, 44.0688982 ], [ 3.8474352, 44.0688045 ], [ 3.8481223, 44.0688397 ], [ 3.8489375, 44.069008 ], [ 3.84973, 44.0683232 ], [ 3.8500519, 44.0682289 ], [ 3.8512337, 44.0681225 ], [ 3.8533413, 44.0676435 ], [ 3.8547564, 44.0669493 ], [ 3.8552453, 44.0665827 ], [ 3.8555481, 44.0662185 ], [ 3.8556593, 44.0657226 ], [ 3.8562442, 44.0642761 ], [ 3.8562397, 44.0636461 ], [ 3.8560434, 44.0632894 ], [ 3.8560986, 44.0630639 ], [ 3.8567031, 44.0623356 ], [ 3.8576149, 44.0614689 ], [ 3.858233, 44.0612354 ], [ 3.8623838, 44.0602784 ], [ 3.8645283, 44.0595459 ], [ 3.8645302, 44.0590131 ], [ 3.864254, 44.0584986 ], [ 3.8641028, 44.0575808 ], [ 3.8644202, 44.057113 ], [ 3.8649854, 44.0566099 ], [ 3.8652024, 44.056186 ], [ 3.8650143, 44.0553909 ], [ 3.8650665, 44.0544707 ], [ 3.8661743, 44.054686 ], [ 3.867689, 44.0553932 ], [ 3.8687529, 44.0555126 ], [ 3.8690767, 44.0559582 ], [ 3.8697113, 44.0563987 ], [ 3.8750171, 44.0584374 ], [ 3.8754519, 44.0583862 ], [ 3.8761304, 44.0581162 ], [ 3.8805515, 44.055625299999988 ], [ 3.8825871, 44.0545756 ], [ 3.8827916, 44.0543211 ], [ 3.8833143, 44.0540657 ], [ 3.8841005, 44.0534978 ], [ 3.8849269, 44.0532706 ], [ 3.8836378, 44.0517508 ], [ 3.8822082, 44.049613 ], [ 3.8812727, 44.0478699 ], [ 3.8809286, 44.0461148 ], [ 3.8804773, 44.045582 ], [ 3.8799648, 44.0442288 ], [ 3.8790062, 44.0447784 ], [ 3.879259, 44.0436117 ], [ 3.8792478, 44.0432121 ], [ 3.8795978, 44.0425225 ], [ 3.8801995, 44.0419777 ], [ 3.885185, 44.0411301 ], [ 3.8858789, 44.0412244 ], [ 3.886973, 44.0411318 ], [ 3.8861876, 44.0404532 ], [ 3.8857363, 44.0403174 ], [ 3.885052, 44.0399575 ], [ 3.8841309, 44.0397849 ], [ 3.8839009, 44.0395978 ], [ 3.8833776, 44.0387568 ], [ 3.8834402, 44.038372 ], [ 3.8832204, 44.0380371 ], [ 3.8831895, 44.0378097 ], [ 3.8839114, 44.0364123 ], [ 3.8841964, 44.0362039 ], [ 3.8843668, 44.0359325 ], [ 3.885584, 44.0353385 ], [ 3.885888, 44.0350652 ], [ 3.8861832, 44.0344759 ], [ 3.8881388, 44.0353115 ], [ 3.8890904, 44.0359276 ], [ 3.8899909, 44.036949 ], [ 3.8910766, 44.0379222 ], [ 3.8915816, 44.0381404 ], [ 3.8925843, 44.0383509 ], [ 3.8944583, 44.0385039 ], [ 3.8954729, 44.0386783 ], [ 3.8984381, 44.0399843 ], [ 3.9013438, 44.0413817 ], [ 3.9032971, 44.042127 ], [ 3.9038266, 44.0424683 ], [ 3.9045861, 44.0432235 ], [ 3.9069161, 44.044503 ], [ 3.9077433, 44.045119899999989 ], [ 3.9084538, 44.0460096 ], [ 3.9091081, 44.0471328 ], [ 3.9096235, 44.047755 ], [ 3.9102622, 44.0482852 ], [ 3.9112712, 44.0487206 ], [ 3.9132187, 44.0492318 ], [ 3.9146055, 44.0497963 ], [ 3.9151033, 44.0497894 ], [ 3.9181455, 44.049304 ], [ 3.9205091, 44.0486856 ], [ 3.9213746, 44.0490347 ], [ 3.9215704, 44.048716299999988 ], [ 3.9213357, 44.0485571 ], [ 3.9212323, 44.0483393 ], [ 3.9214074, 44.0477456 ], [ 3.9210885, 44.0472415 ], [ 3.9203257, 44.0465234 ], [ 3.9203121, 44.0463795 ], [ 3.9206449, 44.0460436 ], [ 3.9208663, 44.0456133 ], [ 3.9207599, 44.0445917 ], [ 3.9209348, 44.0441402 ], [ 3.9213145, 44.0437743 ], [ 3.9219048, 44.0428558 ], [ 3.9225845, 44.0422164 ], [ 3.922834, 44.0422134 ], [ 3.9254751, 44.0430291 ], [ 3.9256052, 44.0431288 ], [ 3.9254996, 44.0434645 ], [ 3.9253175, 44.0435443 ], [ 3.9248661, 44.0441008 ], [ 3.9246504, 44.0448065 ], [ 3.9236878, 44.0462376 ], [ 3.9233847, 44.0471673 ], [ 3.9239318, 44.0470429 ], [ 3.925964, 44.0469295 ], [ 3.9267475, 44.0467671 ], [ 3.9274077, 44.046766 ], [ 3.928391, 44.0463832 ], [ 3.9296013, 44.0462956 ], [ 3.9301248, 44.0461813 ], [ 3.9324002, 44.0454545 ], [ 3.9347305, 44.0441169 ], [ 3.9352982, 44.0438834 ], [ 3.9366041, 44.0437742 ], [ 3.9370247, 44.0430928 ], [ 3.9370229, 44.0420757 ], [ 3.937251, 44.0411485 ], [ 3.9376879, 44.0406299 ], [ 3.9385084, 44.0405986 ], [ 3.9403686, 44.040965199999988 ], [ 3.9404534, 44.0410355 ], [ 3.9406733, 44.0421857 ], [ 3.9410724, 44.0430788 ], [ 3.9415526, 44.0446543 ], [ 3.9418138, 44.0450553 ], [ 3.9428285, 44.0456703 ], [ 3.9430226, 44.0459369 ], [ 3.9438365, 44.0478353 ], [ 3.945418, 44.0491367 ], [ 3.9455884, 44.0495537 ], [ 3.9463003, 44.0505656 ], [ 3.9465787, 44.0512472 ], [ 3.9467819, 44.0514588 ], [ 3.9484357, 44.0543194 ], [ 3.9501863, 44.0566849 ], [ 3.9505724, 44.0575339 ], [ 3.9508317, 44.0578899 ], [ 3.9524223, 44.0590354 ], [ 3.9529991, 44.0595659 ], [ 3.9531302, 44.0597889 ], [ 3.9530797, 44.0602034 ], [ 3.9528419, 44.0606114 ], [ 3.9528516, 44.0609713 ], [ 3.9537031, 44.0623978 ], [ 3.954092, 44.0628867 ], [ 3.9540962, 44.0630658 ], [ 3.956627, 44.0634695 ], [ 3.956917, 44.0635642 ], [ 3.9575637, 44.0640193 ], [ 3.9577175, 44.0646247 ], [ 3.9582015, 44.0652721 ], [ 3.9584108, 44.0658436 ], [ 3.9584199, 44.0661604 ], [ 3.9592104, 44.0667727 ], [ 3.9603965, 44.0686336 ], [ 3.9615312, 44.0694436 ], [ 3.9620023, 44.0699093 ], [ 3.9624549, 44.0701727 ], [ 3.9631422, 44.0708048 ], [ 3.9637459, 44.071508799999989 ], [ 3.9644399, 44.0717961 ], [ 3.9685198, 44.0720841 ], [ 3.9701663, 44.0720714 ], [ 3.9702718, 44.0732099 ], [ 3.9701128, 44.0732537 ], [ 3.9697714, 44.0740272 ], [ 3.9697507, 44.0743532 ], [ 3.9702361, 44.0752877 ], [ 3.9705565, 44.0755531 ], [ 3.9706712, 44.0762019 ], [ 3.9705871, 44.0766923 ], [ 3.9702457, 44.0773182 ], [ 3.9700439, 44.0782984 ], [ 3.9695748, 44.0789767 ], [ 3.968858, 44.0794115 ], [ 3.9684257, 44.079545 ], [ 3.9676604, 44.0796228 ], [ 3.9662747, 44.079492 ], [ 3.9658877, 44.0797186 ], [ 3.9653047, 44.081415 ], [ 3.9647974, 44.0816922 ], [ 3.9651374, 44.0819323 ], [ 3.9657359, 44.0829126 ], [ 3.9663709, 44.0830267 ], [ 3.966413, 44.083155 ], [ 3.9673644, 44.0834383 ], [ 3.9679315, 44.083525099999989 ], [ 3.9689287, 44.0834938 ], [ 3.9697525, 44.083617 ], [ 3.969991, 44.0837652 ], [ 3.9708361, 44.0847028 ], [ 3.971923, 44.0856086 ], [ 3.9699264, 44.0870115 ], [ 3.9692299, 44.0876154 ], [ 3.9685992, 44.0883446 ], [ 3.9685486, 44.0885305 ], [ 3.968891, 44.0890531 ], [ 3.9689235, 44.0893517 ], [ 3.9687402, 44.090248 ], [ 3.9689406, 44.090942 ], [ 3.9700579, 44.0926 ], [ 3.970255, 44.0934633 ], [ 3.9705432, 44.0937388 ], [ 3.970977, 44.0939123 ], [ 3.9723751, 44.0957685 ], [ 3.9725082, 44.0965424 ], [ 3.9725741, 44.0984977 ], [ 3.972442, 44.098952499999989 ], [ 3.9720668, 44.0995103 ], [ 3.972225, 44.099851 ], [ 3.9743553, 44.1022974 ], [ 3.9730101, 44.103908 ], [ 3.9729098, 44.1041798 ], [ 3.9726856, 44.1042889 ], [ 3.9722506, 44.104859 ], [ 3.9715764, 44.104954 ], [ 3.9706465, 44.1052899 ], [ 3.9705138, 44.1052722 ], [ 3.9697693, 44.1057108 ], [ 3.9694047, 44.1066043 ], [ 3.9684452, 44.1076947 ], [ 3.9680592, 44.1079168 ], [ 3.9680543, 44.1082166 ], [ 3.9672812, 44.1087401 ], [ 3.966366, 44.1092144 ], [ 3.9673165, 44.1098631 ], [ 3.9674443, 44.1102554 ], [ 3.9680647, 44.1103687 ], [ 3.9695991, 44.1114092 ], [ 3.9701093, 44.1112183 ], [ 3.9715951, 44.1111692 ], [ 3.9727318, 44.1115929 ], [ 3.9734196, 44.1122925 ], [ 3.9736405, 44.1123509 ], [ 3.9737619, 44.1146253 ], [ 3.9736487, 44.1153122 ], [ 3.9731768, 44.11577 ], [ 3.9728936, 44.1164566 ], [ 3.9728512, 44.1174066 ], [ 3.9730142, 44.1176617 ], [ 3.9736605, 44.1180448 ], [ 3.9739046, 44.1189473 ], [ 3.9740871, 44.1192418 ], [ 3.9745304, 44.1195925 ], [ 3.9747753, 44.1201781 ], [ 3.9747525, 44.1203061 ], [ 3.9740829, 44.1208953 ], [ 3.973589, 44.1211671 ], [ 3.9733246, 44.1217815 ], [ 3.9738486, 44.1229002 ], [ 3.9737196, 44.1239068 ], [ 3.9734643, 44.1243933 ], [ 3.9728236, 44.1247797 ], [ 3.9718786, 44.1251311 ], [ 3.9707715, 44.1252066 ], [ 3.9699208, 44.1256651 ], [ 3.9697661, 44.1262659 ], [ 3.9698246, 44.1265436 ], [ 3.9697115, 44.1272431 ], [ 3.9697793, 44.1285773 ], [ 3.9695518, 44.1288674 ], [ 3.9694391, 44.1292923 ], [ 3.9687581, 44.1295927 ], [ 3.9683135, 44.1296821 ], [ 3.9672902, 44.1301358 ], [ 3.9670169, 44.1304533 ], [ 3.9667449, 44.1311434 ], [ 3.9668374, 44.1320247 ], [ 3.9666662, 44.1324664 ], [ 3.9667334, 44.1349501 ], [ 3.9666451, 44.1354181 ], [ 3.9660423, 44.1369392 ], [ 3.9668448, 44.1372408 ], [ 3.967201, 44.1375356 ], [ 3.9673633, 44.1378916 ], [ 3.9673152, 44.1385905 ], [ 3.966761, 44.1396647 ], [ 3.9657004, 44.1405076 ], [ 3.9629441, 44.137917 ], [ 3.9614379, 44.1387259 ], [ 3.9607859, 44.138308599999988 ], [ 3.9605285, 44.1383126 ], [ 3.9602817, 44.1384291 ], [ 3.9600768, 44.1386568 ], [ 3.9587783, 44.1390345 ], [ 3.9582817, 44.1381964 ], [ 3.9581393, 44.1373137 ], [ 3.9581507, 44.1367285 ], [ 3.9586214, 44.134916 ], [ 3.9593347, 44.1342311 ], [ 3.9591359, 44.1337054 ], [ 3.958556, 44.1334098 ], [ 3.9584077, 44.133217599999988 ], [ 3.9578992, 44.1334497 ], [ 3.95723, 44.13356 ], [ 3.9557729, 44.1335736 ], [ 3.9548335, 44.1334531 ], [ 3.9535943, 44.133786099999988 ], [ 3.9513746, 44.1339332 ], [ 3.9516501, 44.1345609 ], [ 3.9517549, 44.1355231 ], [ 3.9517026, 44.1359835 ], [ 3.9514253, 44.1368123 ], [ 3.948017, 44.1378706 ], [ 3.9465367, 44.1385216 ], [ 3.9466137, 44.1394652 ], [ 3.9470914, 44.1409057 ], [ 3.9470494, 44.1413139 ], [ 3.9463655, 44.1413027 ], [ 3.9457618, 44.1413781 ], [ 3.9444706, 44.1419806 ], [ 3.9439951, 44.1418794 ], [ 3.9436916, 44.1420449 ], [ 3.9431824, 44.1421663 ], [ 3.9434659, 44.1429821 ], [ 3.9441844, 44.1440957 ], [ 3.9441202, 44.1455742 ], [ 3.944752, 44.1461323 ], [ 3.9447631, 44.1470242 ], [ 3.9439384, 44.1477208 ], [ 3.9459751, 44.149093 ], [ 3.9463225, 44.1490828 ], [ 3.9470317, 44.1492558 ], [ 3.9461614, 44.1503714 ], [ 3.9449925, 44.1509729 ], [ 3.944814, 44.1512904 ], [ 3.944773, 44.1520549 ], [ 3.9442063, 44.1539204 ], [ 3.9449791, 44.1543035 ], [ 3.9458396, 44.1545445 ], [ 3.9475717, 44.154877 ], [ 3.9487318, 44.1561407 ], [ 3.9467146, 44.156862 ], [ 3.9462533, 44.1570928 ], [ 3.9454814, 44.1572156 ], [ 3.9452236, 44.1573546 ], [ 3.945564, 44.1583481 ], [ 3.9454027, 44.1592497 ], [ 3.9446906, 44.1605646 ], [ 3.9440265, 44.1613831 ], [ 3.9435506, 44.1622451 ], [ 3.9431275, 44.1627456 ], [ 3.9428391, 44.1633754 ], [ 3.9422508, 44.1627378 ], [ 3.9421453, 44.1622571 ], [ 3.9416772, 44.162227 ], [ 3.9392245, 44.1621193 ], [ 3.9380382, 44.1621366 ], [ 3.9365529, 44.1626084 ], [ 3.9361174, 44.1626598 ], [ 3.9351735, 44.1624482 ], [ 3.9342372, 44.1624625 ], [ 3.9321234, 44.1628081 ], [ 3.9284627, 44.1614674 ], [ 3.9280217, 44.1613388 ], [ 3.9272707, 44.1612947 ], [ 3.926454, 44.161127 ], [ 3.9254917, 44.1602413 ], [ 3.9240394, 44.1601275 ], [ 3.9234102, 44.1599573 ], [ 3.9206889, 44.158693 ], [ 3.92025, 44.158609399999989 ], [ 3.9193769, 44.158667099999988 ], [ 3.9182048, 44.1591783 ], [ 3.9172719, 44.1593265 ], [ 3.9147117, 44.1593551 ], [ 3.9142163, 44.1594969 ], [ 3.9139724, 44.1597249 ], [ 3.9130429, 44.1600081 ], [ 3.9119737, 44.1601583 ], [ 3.9115967, 44.1601191 ], [ 3.9123988, 44.1592978 ], [ 3.912515, 44.1589818 ], [ 3.9124879, 44.157992799999988 ], [ 3.911855, 44.155484 ], [ 3.9110763, 44.1544067 ], [ 3.9108601, 44.153945899999989 ], [ 3.9103288, 44.153323799999988 ], [ 3.9103358, 44.1528989 ], [ 3.9108077, 44.152156 ], [ 3.9108199, 44.1516671 ], [ 3.9105526, 44.1509816 ], [ 3.9109501, 44.1502771 ], [ 3.9107941, 44.149903 ], [ 3.911067, 44.1491465 ], [ 3.9099151, 44.1480201 ], [ 3.90983, 44.1477778 ], [ 3.9096022, 44.1475303 ], [ 3.9094823, 44.1471452 ], [ 3.9085752, 44.1475631 ], [ 3.9074602, 44.1478847 ], [ 3.905836, 44.147863 ], [ 3.9055262, 44.1479574 ], [ 3.9052198, 44.1481868 ], [ 3.9043725, 44.1491434 ], [ 3.9040055, 44.1494182 ], [ 3.9033853, 44.149562 ], [ 3.9015769, 44.1496786 ], [ 3.9008316, 44.1498242 ], [ 3.900259, 44.1494275 ], [ 3.8993739, 44.1490351 ], [ 3.898735, 44.1485497 ], [ 3.8972857, 44.1485256 ], [ 3.8958516, 44.1485913 ], [ 3.8953456, 44.1483731 ], [ 3.894314, 44.1471646 ], [ 3.8920241, 44.1456692 ], [ 3.8913925, 44.1454079 ], [ 3.8896313, 44.1449389 ], [ 3.8886034, 44.1438743 ], [ 3.8886372, 44.1428389 ], [ 3.8869836, 44.1417298 ], [ 3.885809, 44.1399031 ], [ 3.884155, 44.1387571 ], [ 3.882761, 44.1380122 ], [ 3.8820583, 44.1374292 ], [ 3.880539, 44.1359337 ], [ 3.8803149, 44.1353405 ], [ 3.8789596, 44.1336952 ], [ 3.8781946, 44.1331216 ], [ 3.8775632, 44.1328612 ], [ 3.8759912, 44.1324696 ], [ 3.8756124, 44.1322953 ], [ 3.8749559, 44.1311349 ], [ 3.8738753, 44.1304306 ], [ 3.8738035, 44.130072 ], [ 3.8739225, 44.1298461 ], [ 3.8754592, 44.1285196 ], [ 3.8758217, 44.1279569 ], [ 3.8755957, 44.1266706 ], [ 3.8752728, 44.1262295 ], [ 3.8749013, 44.1263692 ], [ 3.8739846, 44.127057 ], [ 3.8718725, 44.1279407 ], [ 3.8706926, 44.1286602 ], [ 3.8695437, 44.1288737 ], [ 3.8693033, 44.1290925 ], [ 3.8677698, 44.129903 ], [ 3.8676731, 44.1301144 ], [ 3.8665433, 44.1304393 ], [ 3.8657831, 44.1305002 ], [ 3.8655395, 44.1305841 ], [ 3.8633182, 44.1317852 ], [ 3.8613703, 44.1326385 ], [ 3.8606648, 44.1324362 ], [ 3.8590577, 44.1311202 ], [ 3.8582199, 44.1305894 ], [ 3.8566345, 44.1299591 ], [ 3.8561875, 44.130482 ], [ 3.8558299, 44.1307188 ], [ 3.8547054, 44.1310705 ], [ 3.8528476, 44.1314369 ], [ 3.8521643, 44.131877 ], [ 3.85172, 44.1327526 ], [ 3.8509852, 44.1333434 ], [ 3.8496444, 44.1335194 ], [ 3.848651, 44.1342886 ], [ 3.8481715, 44.1351519 ], [ 3.848112, 44.1354368 ], [ 3.8477107, 44.1358531 ], [ 3.8468554, 44.1359911 ], [ 3.8466534, 44.1358577 ], [ 3.8438978, 44.1360463 ], [ 3.8423345, 44.1359782 ], [ 3.839059, 44.1348989 ], [ 3.8381714, 44.1343719 ], [ 3.8366835, 44.1347524 ], [ 3.836069, 44.1351207 ], [ 3.8355833, 44.1356663 ], [ 3.8344075, 44.1365366 ], [ 3.8330587, 44.137205699999988 ], [ 3.8326794, 44.1373355 ], [ 3.8316771, 44.1374251 ], [ 3.8310569, 44.1374073 ], [ 3.8309242, 44.1374785 ], [ 3.8303901, 44.137363699999987 ], [ 3.8301057, 44.1374073 ], [ 3.8293965, 44.1371984 ], [ 3.8284015, 44.1365912 ], [ 3.8276573, 44.1364645 ], [ 3.8272016, 44.1365849 ], [ 3.8262815, 44.1363155 ], [ 3.8258201, 44.1363001 ], [ 3.8249328, 44.1366533 ], [ 3.8241064, 44.1364624 ], [ 3.8234273, 44.136514299999988 ], [ 3.8228817, 44.1364689 ], [ 3.8223878, 44.1362008 ], [ 3.8216307, 44.1356097 ], [ 3.8211894, 44.1349154 ], [ 3.8208658, 44.1341401 ], [ 3.8208639, 44.1338368 ], [ 3.8204853, 44.1333248 ], [ 3.8202408, 44.1324841 ], [ 3.8188762, 44.1323242 ], [ 3.8167684, 44.1318404 ], [ 3.8157062, 44.1309734 ], [ 3.8153907, 44.1308425 ], [ 3.8134152, 44.1292955 ], [ 3.8126534, 44.1288025 ], [ 3.8108366, 44.1285576 ], [ 3.8104012, 44.1286085 ], [ 3.8087908, 44.1290795 ], [ 3.8079181, 44.1291363 ], [ 3.8062887, 44.1288882 ], [ 3.804342, 44.128465 ], [ 3.8024327, 44.1283908 ], [ 3.8012327, 44.1284572 ], [ 3.8007519, 44.1283905 ], [ 3.7983763, 44.1275915 ], [ 3.7969976, 44.1273855 ], [ 3.7963823, 44.1277086 ], [ 3.7957757, 44.1283907 ], [ 3.795118, 44.1295233 ], [ 3.7945689, 44.130026 ], [ 3.7932714, 44.1305376 ], [ 3.7918338, 44.1309612 ], [ 3.7895848, 44.1309018 ], [ 3.7887176, 44.1311826 ], [ 3.7877324, 44.1316901 ], [ 3.7869351, 44.1322404 ], [ 3.7860823, 44.1331061 ], [ 3.7849183, 44.1339758 ], [ 3.7838517, 44.1342148 ], [ 3.782724, 44.134095 ], [ 3.7824166, 44.1342791 ], [ 3.7818049, 44.1347821 ], [ 3.781256, 44.1354044 ], [ 3.7809688, 44.1360626 ], [ 3.7806025, 44.1363262 ], [ 3.7806097, 44.1366655 ], [ 3.7804547, 44.1369357 ], [ 3.7803755, 44.1374539 ], [ 3.7795899, 44.1384982 ], [ 3.77886, 44.139227 ], [ 3.7776845, 44.140186799999988 ], [ 3.7762034, 44.1408355 ], [ 3.775839, 44.1412449 ], [ 3.7757821, 44.1414712 ], [ 3.7756577, 44.1415171 ], [ 3.7756676, 44.1418771 ], [ 3.7747316, 44.1418891 ], [ 3.7730377, 44.1415968 ], [ 3.7735053, 44.1428051 ], [ 3.7735863, 44.1435228 ], [ 3.7714391, 44.143816 ], [ 3.7708517, 44.1437292 ], [ 3.7704258, 44.143482 ], [ 3.7697598, 44.1428503 ], [ 3.7689135, 44.1424755 ], [ 3.7686888, 44.1419478 ], [ 3.7682002, 44.1415885 ], [ 3.7672717, 44.1413214 ], [ 3.7648534, 44.1409755 ], [ 3.7648777, 44.1414794 ], [ 3.7642751, 44.1426853 ], [ 3.7632585, 44.143029 ], [ 3.762339, 44.1437159 ], [ 3.7608558, 44.1443193 ], [ 3.7613122, 44.1450776 ], [ 3.7615644, 44.1457042 ], [ 3.7618493, 44.1470938 ], [ 3.7623112, 44.1480771 ], [ 3.7624546, 44.148795199999988 ], [ 3.762223, 44.1495169 ], [ 3.7603911, 44.1511598 ], [ 3.7589683, 44.1517178 ], [ 3.7584702, 44.1517698 ], [ 3.7558917, 44.1515329 ], [ 3.7552637, 44.1514067 ], [ 3.75268, 44.1504956 ], [ 3.7523694, 44.1505445 ], [ 3.7517572, 44.1510474 ], [ 3.7509176, 44.1524069 ], [ 3.7498806, 44.1534095 ], [ 3.748732, 44.1549529 ], [ 3.7484268, 44.1552268 ], [ 3.7474234, 44.155555 ], [ 3.7469253, 44.1556061 ], [ 3.7462966, 44.155434 ], [ 3.7456091, 44.1554431 ], [ 3.7451079, 44.1553601 ], [ 3.744728, 44.1551845 ], [ 3.7444793, 44.155188 ], [ 3.7429264, 44.1555676 ], [ 3.7419295, 44.1556256 ], [ 3.7408009, 44.1554604 ], [ 3.7398567, 44.1551572 ], [ 3.7391765, 44.1554363 ], [ 3.7370003, 44.1558596 ], [ 3.7355695, 44.1565974 ], [ 3.734956, 44.1570101 ], [ 3.7343705, 44.1576612 ], [ 3.7337024, 44.1586963 ], [ 3.7325627, 44.1597058 ], [ 3.7323044, 44.1602376 ], [ 3.7320528, 44.1605022 ], [ 3.7314732, 44.1607437 ], [ 3.7304061, 44.1608957 ], [ 3.7290205, 44.1614666 ], [ 3.7286926, 44.1618324 ], [ 3.7285641, 44.1623391 ], [ 3.7282686, 44.1624104 ], [ 3.7265459, 44.1635109 ], [ 3.7256274, 44.1642425 ], [ 3.7252547, 44.1643368 ], [ 3.7246945, 44.1644341 ], [ 3.7223839, 44.1644538 ], [ 3.721438, 44.1646014 ], [ 3.7197652, 44.1651173 ], [ 3.718584, 44.1653564 ], [ 3.7175225, 44.1653706 ], [ 3.71702, 44.1652865 ], [ 3.7153198, 44.1647234 ], [ 3.7129309, 44.1640791 ], [ 3.7119903, 44.1639565 ], [ 3.7096197, 44.1640754 ], [ 3.7062499, 44.1646939 ], [ 3.7058171, 44.1648785 ], [ 3.7026182, 44.166882 ], [ 3.7011829, 44.168425 ], [ 3.7002875, 44.1695441 ], [ 3.6997739, 44.169875 ], [ 3.6984042, 44.1703608 ], [ 3.6945335, 44.1704457 ], [ 3.6939056, 44.170645 ], [ 3.6925521, 44.1713331 ], [ 3.6913358, 44.1727072 ], [ 3.6902013, 44.1735208 ], [ 3.6889899, 44.1745915 ], [ 3.6876099, 44.175989 ], [ 3.6871373, 44.176316 ], [ 3.6865761, 44.1768632 ], [ 3.6860308, 44.1775894 ], [ 3.6844482, 44.1793176 ], [ 3.683538, 44.1804979 ], [ 3.683673, 44.1809003 ], [ 3.6841941, 44.1817936 ], [ 3.6850407, 44.1826074 ], [ 3.6847087, 44.1826734 ], [ 3.6840312, 44.1826083 ], [ 3.6822723, 44.1826904 ], [ 3.6798504, 44.1829826 ], [ 3.6783763, 44.1829305 ], [ 3.6776223, 44.1830585 ], [ 3.6763098, 44.1834519 ], [ 3.6754041, 44.1840722 ], [ 3.6718865, 44.185861599999988 ], [ 3.6709655, 44.1862507 ], [ 3.6700157, 44.1865428 ], [ 3.6686921, 44.1852565 ], [ 3.6681156, 44.1846344 ], [ 3.6680485, 44.1844557 ], [ 3.6713704, 44.1816721 ], [ 3.6716038, 44.1809946 ], [ 3.6715091, 44.1796469 ], [ 3.6713714, 44.1791094 ], [ 3.6711787, 44.1788865 ], [ 3.6699811, 44.1784068 ], [ 3.6697258, 44.1781852 ], [ 3.6695279, 44.177737199999989 ], [ 3.6692096, 44.1774718 ], [ 3.6687041, 44.1772445 ], [ 3.6664413, 44.1766876 ], [ 3.6654272, 44.17607 ], [ 3.664458, 44.175966 ], [ 3.6639612, 44.1756198 ], [ 3.663687, 44.1751642 ], [ 3.6623347, 44.1744937 ], [ 3.6606918, 44.1738933 ], [ 3.6600115, 44.173784 ], [ 3.6591809, 44.173447 ], [ 3.6574074, 44.1733307 ], [ 3.6575934, 44.1740614 ], [ 3.6574427, 44.174547399999987 ], [ 3.6570803, 44.1747899 ], [ 3.657264, 44.175206499999987 ], [ 3.6563413, 44.1754514 ], [ 3.6551022, 44.1759161 ], [ 3.652756, 44.1771137 ], [ 3.6527623, 44.1773387 ], [ 3.652578, 44.1775207 ], [ 3.6503988, 44.1783564 ], [ 3.6502481, 44.1799405 ], [ 3.6501309, 44.180301299999989 ], [ 3.6496443, 44.1808469 ], [ 3.6470705, 44.1803293 ], [ 3.6455688, 44.1802571 ], [ 3.644942, 44.1801303 ], [ 3.6413878, 44.1779665 ], [ 3.6406347, 44.177619 ], [ 3.6371072, 44.1763479 ], [ 3.6370424, 44.1762583 ], [ 3.6375313, 44.1758036 ], [ 3.6380124, 44.174988 ], [ 3.6377254, 44.173373 ], [ 3.6372576, 44.1720292 ], [ 3.6364191, 44.170188 ], [ 3.6352976, 44.1693187 ], [ 3.6343941, 44.1690323 ], [ 3.6342349, 44.1688874 ], [ 3.6339722, 44.1683227 ], [ 3.6333621, 44.1679986 ], [ 3.6331346, 44.1680062 ], [ 3.6333388, 44.1645585 ], [ 3.6333192, 44.1637045 ], [ 3.6330552, 44.1631227 ], [ 3.6327929, 44.162586 ], [ 3.6306672, 44.1597701 ], [ 3.6302, 44.1578871 ], [ 3.62994, 44.1574403 ], [ 3.6278241, 44.1550285 ], [ 3.6274994, 44.154493 ], [ 3.6261012, 44.1534299 ], [ 3.626161, 44.1532945 ], [ 3.6275972, 44.1532773 ], [ 3.6283438, 44.1531785 ], [ 3.6314406, 44.1520626 ], [ 3.6316316, 44.1519229 ], [ 3.6319383, 44.1519653 ], [ 3.6323183, 44.1521872 ], [ 3.6330068, 44.1522696 ], [ 3.6335046, 44.1521731 ], [ 3.636179, 44.1511973 ], [ 3.6364915, 44.1511936 ], [ 3.6370596, 44.1514658 ], [ 3.6388106, 44.1515348 ], [ 3.6393066, 44.1513942 ], [ 3.6400273, 44.1510038 ], [ 3.6409147, 44.1499879 ], [ 3.641323, 44.1492825 ], [ 3.6424235, 44.1484345 ], [ 3.6432876, 44.148019 ], [ 3.6457226, 44.1474502 ], [ 3.6470861, 44.1469849 ], [ 3.6482575, 44.1463407 ], [ 3.6493834, 44.1464178 ], [ 3.6507558, 44.1464006 ], [ 3.6531207, 44.146058 ], [ 3.6532434, 44.1459664 ], [ 3.6509611, 44.1444651 ], [ 3.6493081, 44.1432166 ], [ 3.6461869, 44.1432098 ], [ 3.6456222, 44.1431258 ], [ 3.6448663, 44.1428207 ], [ 3.6439763, 44.1421571 ], [ 3.643593, 44.141757 ], [ 3.6431528, 44.1416273 ], [ 3.6426547, 44.1416779 ], [ 3.6412305, 44.1421894 ], [ 3.6406704, 44.1422863 ], [ 3.6394218, 44.1423008 ], [ 3.6383563, 44.1421342 ], [ 3.637397, 44.141642 ], [ 3.635999, 44.140579 ], [ 3.6358667, 44.1402665 ], [ 3.6357731, 44.1383787 ], [ 3.6351283, 44.1374878 ], [ 3.6342959, 44.1365979 ], [ 3.6335356, 44.1361126 ], [ 3.6336533, 44.135796 ], [ 3.6352876, 44.1335201 ], [ 3.6352034, 44.1325764 ], [ 3.633906, 44.1304336 ], [ 3.6324196, 44.1282487 ], [ 3.6323449, 44.12771 ], [ 3.6327073, 44.1271571 ], [ 3.633959, 44.125662 ], [ 3.6339964, 44.1253098 ], [ 3.6345246, 44.1246083 ], [ 3.6328325, 44.1212203 ], [ 3.6344453, 44.1207519 ], [ 3.6352439, 44.1202028 ], [ 3.6361099, 44.1198773 ], [ 3.6369803, 44.1197318 ], [ 3.638103, 44.119674 ], [ 3.6389837, 44.1194385 ], [ 3.6409727, 44.1191001 ], [ 3.6420779, 44.1182773 ], [ 3.6426338, 44.1180463 ], [ 3.6436073, 44.1169551 ], [ 3.6440231, 44.1160508 ], [ 3.6442673, 44.115778399999989 ], [ 3.6447585, 44.1154578 ], [ 3.6461916, 44.1148112 ], [ 3.6476803, 44.1144334 ], [ 3.649043, 44.1139681 ], [ 3.6505969, 44.1137239 ], [ 3.6512788, 44.1134913 ] ] ] ] } },
{ "type": "Feature", "properties": { "code_departement": 30.0, "code_rne": "0300043J", "multisecteur": 0.0 }, "geometry": { "type": "MultiPolygon", "coordinates": [ [ [ [ 4.2853331, 44.1342666 ], [ 4.2917023, 44.1339253 ], [ 4.2935457, 44.1333103 ], [ 4.2953814, 44.1324704 ], [ 4.3003903, 44.1304244 ], [ 4.3043573, 44.1289577 ], [ 4.3102351, 44.127008 ], [ 4.3105518, 44.1268143 ], [ 4.3111475, 44.1270673 ], [ 4.3110354, 44.1261091 ], [ 4.3098273, 44.123951399999989 ], [ 4.3093901, 44.121519 ], [ 4.309468, 44.1209932 ], [ 4.3091875, 44.1203718 ], [ 4.309003, 44.1194145 ], [ 4.3088572, 44.1191579 ], [ 4.3081465, 44.118466 ], [ 4.3078416, 44.1185732 ], [ 4.3069981, 44.117431 ], [ 4.306587, 44.1165069 ], [ 4.3065975, 44.1161458 ], [ 4.3067782, 44.1161257 ], [ 4.3074221, 44.116307 ], [ 4.3080678, 44.116293 ], [ 4.3087171, 44.1158946 ], [ 4.3091345, 44.1154089 ], [ 4.3098053, 44.11513 ], [ 4.3099104, 44.1151899 ], [ 4.3103437, 44.1149057 ], [ 4.3130219, 44.115042 ], [ 4.3155368, 44.115082 ], [ 4.3193082, 44.1148314 ], [ 4.3211155, 44.1149087 ], [ 4.3228515, 44.1148238 ], [ 4.3250966, 44.1149227 ], [ 4.3264433, 44.114748 ], [ 4.3266476, 44.1151506 ], [ 4.3271086, 44.1169697 ], [ 4.3266234, 44.1172195 ], [ 4.3266446, 44.118132 ], [ 4.3264026, 44.1183618 ], [ 4.3262911, 44.1187232 ], [ 4.3263132, 44.119352199999987 ], [ 4.3268096, 44.1211321 ], [ 4.3265699, 44.1215698 ], [ 4.3265737, 44.1217885 ], [ 4.3268561, 44.1221065 ], [ 4.3277152, 44.1227217 ], [ 4.3281884, 44.1233479 ], [ 4.3304716, 44.1279948 ], [ 4.3303876, 44.1281444 ], [ 4.3312054, 44.129768299999988 ], [ 4.3312548, 44.130117 ], [ 4.3317996, 44.1306441 ], [ 4.3326672, 44.1326779 ], [ 4.332862, 44.1332067 ], [ 4.332818, 44.133461 ], [ 4.332726, 44.1338564 ], [ 4.3322471, 44.1347535 ], [ 4.3320806, 44.1355422 ], [ 4.3323075, 44.1364271 ], [ 4.3327208, 44.1371548 ], [ 4.3324952, 44.1372359 ], [ 4.3327921, 44.1376868 ], [ 4.3334738, 44.1374967 ], [ 4.334022, 44.1387503 ], [ 4.3353239, 44.1384572 ], [ 4.3353184, 44.1386499 ], [ 4.3356796, 44.1396042 ], [ 4.3354687, 44.1401001 ], [ 4.335699, 44.1411226 ], [ 4.3375, 44.1407352 ], [ 4.3398614, 44.1444538 ], [ 4.3376231, 44.144537 ], [ 4.3362288, 44.1444666 ], [ 4.3321903, 44.1447615 ], [ 4.3317019, 44.1447225 ], [ 4.3314851, 44.1448079 ], [ 4.3311618, 44.1450963 ], [ 4.3299491, 44.145574599999989 ], [ 4.3295592, 44.1459565 ], [ 4.3284879, 44.147832 ], [ 4.3283543, 44.1482135 ], [ 4.3282492, 44.1491744 ], [ 4.3280618, 44.149074 ], [ 4.3276903, 44.1491199 ], [ 4.3272784, 44.149305899999987 ], [ 4.3265356, 44.1498361 ], [ 4.3249657, 44.1501242 ], [ 4.3225465, 44.1509312 ], [ 4.3195506, 44.1525354 ], [ 4.3177218, 44.1533072 ], [ 4.3167856, 44.1535921 ], [ 4.3156833, 44.1536135 ], [ 4.3145471, 44.1541681 ], [ 4.3140727, 44.1541999 ], [ 4.3137722, 44.1545582 ], [ 4.3126691, 44.1549261 ], [ 4.3135012, 44.1561989 ], [ 4.3150422, 44.1570824 ], [ 4.3153603, 44.158134499999989 ], [ 4.3158574, 44.1589171 ], [ 4.315812, 44.1592813 ], [ 4.3151504, 44.160627 ], [ 4.3149836, 44.1608225 ], [ 4.3146315, 44.1609537 ], [ 4.3146885, 44.1611483 ], [ 4.3144875, 44.161808799999989 ], [ 4.3149336, 44.1636308 ], [ 4.3154286, 44.1641623 ], [ 4.3156341, 44.1646117 ], [ 4.3159774, 44.1650172 ], [ 4.3167824, 44.1666774 ], [ 4.3172476, 44.1673209 ], [ 4.3175024, 44.1675222 ], [ 4.3180658, 44.1677656 ], [ 4.3184563, 44.168212 ], [ 4.3187254, 44.1687569 ], [ 4.319586, 44.1694118 ], [ 4.3170963, 44.1704005 ], [ 4.308262, 44.1733058 ], [ 4.3053284, 44.1741518 ], [ 4.2994833, 44.1760585 ], [ 4.3006968, 44.1767211 ], [ 4.3017466, 44.17712 ], [ 4.3022759, 44.177238 ], [ 4.3041719, 44.1782588 ], [ 4.304465, 44.1794787 ], [ 4.3043133, 44.1796794 ], [ 4.3043479, 44.1799869 ], [ 4.304633, 44.1803085 ], [ 4.3048171, 44.1809751 ], [ 4.3050418, 44.1812794 ], [ 4.3051537, 44.1817966 ], [ 4.3058619, 44.1825075 ], [ 4.3062432, 44.1830448 ], [ 4.3064472, 44.1835357 ], [ 4.3064414, 44.1855144 ], [ 4.3068583, 44.1863458 ], [ 4.3077693, 44.1872243 ], [ 4.3078166, 44.1881924 ], [ 4.3077175, 44.1883448 ], [ 4.308016, 44.1889741 ], [ 4.3080915, 44.1900237 ], [ 4.3083124, 44.1902722 ], [ 4.3083053, 44.190672 ], [ 4.3084299, 44.1908101 ], [ 4.3086798, 44.1917739 ], [ 4.3088515, 44.1945022 ], [ 4.3087613, 44.1959652 ], [ 4.3085027, 44.1973384 ], [ 4.3080868, 44.1972651 ], [ 4.307643, 44.1972821 ], [ 4.3072435, 44.1974317 ], [ 4.3054139, 44.197639 ], [ 4.3043075, 44.1972479 ], [ 4.3038723, 44.1973125 ], [ 4.3034167, 44.1972531 ], [ 4.3026948, 44.197638 ], [ 4.2981719, 44.1984828 ], [ 4.2976447, 44.1981893 ], [ 4.2966694, 44.197893 ], [ 4.2957282, 44.1973369 ], [ 4.2950147, 44.197159 ], [ 4.2943787, 44.1971422 ], [ 4.2937549, 44.1974439 ], [ 4.2930249, 44.1974751 ], [ 4.2924829, 44.1975796 ], [ 4.2919144, 44.1973945 ], [ 4.2914936, 44.1974328 ], [ 4.2875322, 44.2004248 ], [ 4.2850152, 44.202667 ], [ 4.2844969, 44.20299 ], [ 4.2839398, 44.203479 ], [ 4.2832297, 44.20395 ], [ 4.2821379, 44.2044804 ], [ 4.277513, 44.2078921 ], [ 4.2773898, 44.208259 ], [ 4.2771786, 44.208329899999988 ], [ 4.2772567, 44.2085162 ], [ 4.2760617, 44.2093619 ], [ 4.2753654, 44.2106249 ], [ 4.2730648, 44.2131839 ], [ 4.2713833, 44.216012 ], [ 4.2704743, 44.2168372 ], [ 4.267471, 44.2190604 ], [ 4.2669483, 44.2193635 ], [ 4.2641634, 44.220222 ], [ 4.2607746, 44.2216185 ], [ 4.2600296, 44.2218386 ], [ 4.2600671, 44.2220056 ], [ 4.2598928, 44.2221048 ], [ 4.2593017, 44.2221485 ], [ 4.2582528, 44.222382 ], [ 4.2547507, 44.2237067 ], [ 4.2545981, 44.2239389 ], [ 4.2551585, 44.2243141 ], [ 4.2555354, 44.2244332 ], [ 4.2561489, 44.2249447 ], [ 4.2564005, 44.2249994 ], [ 4.2566859, 44.2252824 ], [ 4.2569623, 44.2253819 ], [ 4.2566746, 44.2261881 ], [ 4.2573163, 44.2266156 ], [ 4.2569362, 44.2275985 ], [ 4.2556956, 44.2268079 ], [ 4.2543831, 44.2261639 ], [ 4.253989, 44.225893 ], [ 4.2534308, 44.2251027 ], [ 4.2530953, 44.2249922 ], [ 4.2527208, 44.224982 ], [ 4.251947, 44.225206 ], [ 4.2510028, 44.2257029 ], [ 4.2501862, 44.2263108 ], [ 4.2498518, 44.2270456 ], [ 4.2486153, 44.2285441 ], [ 4.2447017, 44.2224347 ], [ 4.2434704, 44.2207446 ], [ 4.2410995, 44.2170175 ], [ 4.2396744, 44.2161271 ], [ 4.236744, 44.2140492 ], [ 4.2360981, 44.2137594 ], [ 4.2357204, 44.2134297 ], [ 4.2356287, 44.2131264 ], [ 4.235319, 44.2128112 ], [ 4.2350275, 44.2128181 ], [ 4.2344473, 44.2123826 ], [ 4.233336, 44.2123303 ], [ 4.2299996, 44.2116557 ], [ 4.2278949, 44.2118494 ], [ 4.2266565, 44.2107236 ], [ 4.2267083, 44.2102252 ], [ 4.2245873, 44.2102993 ], [ 4.2235732, 44.210108 ], [ 4.2222836, 44.2096201 ], [ 4.2203044, 44.2093622 ], [ 4.2186827, 44.2093766 ], [ 4.2184579, 44.2088732 ], [ 4.2185066, 44.208635 ], [ 4.2187112, 44.2084905 ], [ 4.2185515, 44.207752299999989 ], [ 4.2186059, 44.2072575 ], [ 4.2187394, 44.2069463 ], [ 4.2189304, 44.2068668 ], [ 4.2190324, 44.2059627 ], [ 4.2193367, 44.2052104 ], [ 4.2197008, 44.2049777 ], [ 4.2194326, 44.2037339 ], [ 4.2196704, 44.202687 ], [ 4.2197012, 44.2016713 ], [ 4.2190146, 44.1998272 ], [ 4.2187835, 44.1996686 ], [ 4.2175074, 44.1999726 ], [ 4.2168037, 44.2000111 ], [ 4.2162794, 44.1998953 ], [ 4.2156461, 44.1999438 ], [ 4.2151228, 44.2001665 ], [ 4.2148605, 44.2004809 ], [ 4.214529, 44.201541399999989 ], [ 4.2141445, 44.2019921 ], [ 4.2129512, 44.2023096 ], [ 4.2121325, 44.2024159 ], [ 4.2105677, 44.2023863 ], [ 4.2057463, 44.2030398 ], [ 4.2039204, 44.2035073 ], [ 4.2029074, 44.2035958 ], [ 4.2010144, 44.2042088 ], [ 4.2002163, 44.2045191 ], [ 4.1995526, 44.2049099 ], [ 4.1986173, 44.2057177 ], [ 4.1981787, 44.2065227 ], [ 4.1977821, 44.206762 ], [ 4.1954343, 44.2077724 ], [ 4.1944295, 44.208019199999988 ], [ 4.1921445, 44.2088641 ], [ 4.1908892, 44.2090992 ], [ 4.1873937, 44.2108375 ], [ 4.1869121, 44.2107887 ], [ 4.1857045, 44.2103742 ], [ 4.1838659, 44.2082102 ], [ 4.1835426, 44.208129 ], [ 4.1811572, 44.2083681 ], [ 4.1804906, 44.2085103 ], [ 4.1800614, 44.208451 ], [ 4.179611, 44.2082191 ], [ 4.1789093, 44.208115 ], [ 4.1779677, 44.2074904 ], [ 4.1770996, 44.2071514 ], [ 4.1767266, 44.2067242 ], [ 4.1766928, 44.206479699999988 ], [ 4.1764637, 44.2061158 ], [ 4.1755197, 44.2054886 ], [ 4.1747954, 44.2054423 ], [ 4.1743999, 44.2055618 ], [ 4.1740577, 44.2052954 ], [ 4.174034, 44.2051165 ], [ 4.1737566, 44.205196 ], [ 4.1733433, 44.2049987 ], [ 4.1724042, 44.2051546 ], [ 4.1713191, 44.2051482 ], [ 4.1705246, 44.2055203 ], [ 4.1699455, 44.2055364 ], [ 4.1697764, 44.2059559 ], [ 4.1692585, 44.2062063 ], [ 4.1694225, 44.2064539 ], [ 4.1692362, 44.2067025 ], [ 4.1687167, 44.2068782 ], [ 4.1676034, 44.2076354 ], [ 4.1664711, 44.208138 ], [ 4.1653362, 44.208818 ], [ 4.1647217, 44.2090586 ], [ 4.1639162, 44.2090842 ], [ 4.163362, 44.209524 ], [ 4.1619063, 44.2101876 ], [ 4.1614084, 44.210868 ], [ 4.1610065, 44.2119642 ], [ 4.1607959, 44.2120087 ], [ 4.160647, 44.2126863 ], [ 4.1592395, 44.2124653 ], [ 4.1575414, 44.2114966 ], [ 4.1565968, 44.2118235 ], [ 4.1547961, 44.2144242 ], [ 4.1545265, 44.2153191 ], [ 4.1536333, 44.2157165 ], [ 4.1519661, 44.2160832 ], [ 4.1483242, 44.214682 ], [ 4.1469929, 44.2153224 ], [ 4.1452141, 44.2166787 ], [ 4.1419717, 44.2160913 ], [ 4.1415914, 44.2161646 ], [ 4.1409922, 44.2167425 ], [ 4.1404529, 44.2174988 ], [ 4.140461, 44.2182126 ], [ 4.139025, 44.2185732 ], [ 4.1382609, 44.2186081 ], [ 4.1374813, 44.2189925 ], [ 4.1360593, 44.2202422 ], [ 4.1358671, 44.2209608 ], [ 4.1356748, 44.2225462 ], [ 4.1353378, 44.2232879 ], [ 4.1349552, 44.2238112 ], [ 4.1342854, 44.2244348 ], [ 4.133636, 44.2249519 ], [ 4.1302863, 44.2264087 ], [ 4.1291029, 44.2255738 ], [ 4.1288557, 44.2259202 ], [ 4.1252057, 44.226703099999988 ], [ 4.1230189, 44.2270324 ], [ 4.1224841, 44.226198 ], [ 4.1224289, 44.2258736 ], [ 4.1219802, 44.2255325 ], [ 4.1204766, 44.2234324 ], [ 4.1201313, 44.2231227 ], [ 4.1198361, 44.2216125 ], [ 4.1192593, 44.2216904 ], [ 4.1179645, 44.221474 ], [ 4.117125, 44.2214961 ], [ 4.1152273, 44.2221338 ], [ 4.1139037, 44.222429 ], [ 4.1133474, 44.2227227 ], [ 4.1131495, 44.2233566 ], [ 4.1129296, 44.2235686 ], [ 4.1122291, 44.2239142 ], [ 4.1113923, 44.2241423 ], [ 4.1103615, 44.2241797 ], [ 4.1097302, 44.2240295 ], [ 4.1086584, 44.2240178 ], [ 4.1069066, 44.2241858 ], [ 4.1052913, 44.2239698 ], [ 4.1044739, 44.2240392 ], [ 4.1038476, 44.2242112 ], [ 4.099757, 44.223587 ], [ 4.0987256, 44.2233336 ], [ 4.0965326, 44.2224976 ], [ 4.0961182, 44.2222344 ], [ 4.0957564, 44.2217132 ], [ 4.0956373, 44.2213822 ], [ 4.0952495, 44.2210053 ], [ 4.0928178, 44.2195325 ], [ 4.0922068, 44.2195242 ], [ 4.0915249, 44.2192141 ], [ 4.0908826, 44.2184905 ], [ 4.0903101, 44.2180064 ], [ 4.0904145, 44.2168631 ], [ 4.0907012, 44.2161491 ], [ 4.0909631, 44.2158386 ], [ 4.0914337, 44.2149266 ], [ 4.0908199, 44.2142476 ], [ 4.0903068, 44.2140529 ], [ 4.0900016, 44.2138021 ], [ 4.0915317, 44.2133188 ], [ 4.0919815, 44.2134088 ], [ 4.0931786, 44.2132394 ], [ 4.094971, 44.212856 ], [ 4.0954396, 44.2126272 ], [ 4.0970731, 44.212375 ], [ 4.0985395, 44.2119013 ], [ 4.0993115, 44.211826 ], [ 4.0999502, 44.2110698 ], [ 4.1002828, 44.210863 ], [ 4.1007735, 44.2107366 ], [ 4.1012749, 44.2107135 ], [ 4.1015947, 44.2108103 ], [ 4.1020618, 44.2114699 ], [ 4.102375, 44.2116801 ], [ 4.103576, 44.2116536 ], [ 4.1045424, 44.2114072 ], [ 4.1047904, 44.211095 ], [ 4.1050966, 44.210431199999988 ], [ 4.1054749, 44.2099962 ], [ 4.1059719, 44.2089119 ], [ 4.1061102, 44.2082371 ], [ 4.1061133, 44.2071128 ], [ 4.1064107, 44.2069604 ], [ 4.1076597, 44.2066453 ], [ 4.1083116, 44.2065712 ], [ 4.1085406, 44.2064465 ], [ 4.1088365, 44.2060897 ], [ 4.1093726, 44.2057935 ], [ 4.1105984, 44.2055687 ], [ 4.110747, 44.2054286 ], [ 4.1109929, 44.2047518 ], [ 4.1112361, 44.204582 ], [ 4.1125682, 44.2042948 ], [ 4.1139762, 44.2041761 ], [ 4.1136883, 44.2036011 ], [ 4.1140992, 44.2032369 ], [ 4.1135273, 44.2029834 ], [ 4.1132871, 44.2027941 ], [ 4.1131722, 44.2025477 ], [ 4.1131241, 44.2019496 ], [ 4.1128061, 44.201301099999988 ], [ 4.1127612, 44.2010522 ], [ 4.1129004, 44.2003667 ], [ 4.1121954, 44.1988687 ], [ 4.1123758, 44.1981791 ], [ 4.1125696, 44.1979791 ], [ 4.1136551, 44.1978826 ], [ 4.1148343, 44.1974674 ], [ 4.1148754, 44.1975822 ], [ 4.1150364, 44.1975634 ], [ 4.1160843, 44.1970208 ], [ 4.1165286, 44.1965139 ], [ 4.1190182, 44.1949097 ], [ 4.1196967, 44.1946741 ], [ 4.1200475, 44.1943825 ], [ 4.1200582, 44.1934642 ], [ 4.1199131, 44.1924503 ], [ 4.1207465, 44.1913787 ], [ 4.1209396, 44.1898806 ], [ 4.1208645, 44.1892467 ], [ 4.1200933, 44.1890242 ], [ 4.1203791, 44.1884856 ], [ 4.1223629, 44.1833371 ], [ 4.1219956, 44.1831068 ], [ 4.1220527, 44.181756 ], [ 4.1219091, 44.1816404 ], [ 4.1223976, 44.1808505 ], [ 4.122308, 44.1807461 ], [ 4.1224364, 44.1805971 ], [ 4.1226909, 44.1804982 ], [ 4.1231411, 44.1804927 ], [ 4.1234637, 44.1802328 ], [ 4.1242714, 44.1798366 ], [ 4.1253298, 44.1794657 ], [ 4.125544, 44.1792915 ], [ 4.1252243, 44.1790023 ], [ 4.1245234, 44.1779049 ], [ 4.1235456, 44.1768465 ], [ 4.1229676, 44.1760827 ], [ 4.1227838, 44.1761503 ], [ 4.122221, 44.17539 ], [ 4.1216246, 44.1750838 ], [ 4.1225931, 44.1745986 ], [ 4.1220467, 44.1741001 ], [ 4.1219759, 44.173179 ], [ 4.1218419, 44.1729788 ], [ 4.1198486, 44.1711565 ], [ 4.1203379, 44.1708499 ], [ 4.1203169, 44.1707394 ], [ 4.1195233, 44.1701948 ], [ 4.1191789, 44.1700453 ], [ 4.1187865, 44.1696145 ], [ 4.1185778, 44.1692395 ], [ 4.1183329, 44.1691916 ], [ 4.117623, 44.1682591 ], [ 4.1206556, 44.1667302 ], [ 4.1246841, 44.1648581 ], [ 4.1254044, 44.1641612 ], [ 4.1269428, 44.1619013 ], [ 4.1275297, 44.1611697 ], [ 4.127745, 44.1610541 ], [ 4.1301305, 44.157767299999989 ], [ 4.1302869, 44.1573949 ], [ 4.1306563, 44.1574865 ], [ 4.1331818, 44.1594182 ], [ 4.1340215, 44.1597642 ], [ 4.1374242, 44.1605896 ], [ 4.1403203, 44.1610303 ], [ 4.1409979, 44.1609629 ], [ 4.1411343, 44.1608445 ], [ 4.1417141, 44.1606377 ], [ 4.1416178, 44.1604479 ], [ 4.1420152, 44.1599369 ], [ 4.1421996, 44.1595948 ], [ 4.1422338, 44.1593063 ], [ 4.142142, 44.1590292 ], [ 4.1414845, 44.1583573 ], [ 4.1415438, 44.158011 ], [ 4.1423452, 44.1573833 ], [ 4.1430029, 44.1570695 ], [ 4.1433705, 44.1567596 ], [ 4.1440119, 44.1567593 ], [ 4.1442952, 44.1566681 ], [ 4.1449192, 44.1560513 ], [ 4.1457696, 44.155379 ], [ 4.1458425, 44.1551496 ], [ 4.1457641, 44.15436 ], [ 4.1459051, 44.1541011 ], [ 4.1472505, 44.1532355 ], [ 4.1473686, 44.1527689 ], [ 4.14814, 44.1516527 ], [ 4.1484357, 44.1507557 ], [ 4.1489382, 44.1504417 ], [ 4.1491994, 44.1500663 ], [ 4.1495329, 44.1489997 ], [ 4.1497159, 44.1487773 ], [ 4.1501579, 44.1487501 ], [ 4.1504469, 44.1486337 ], [ 4.1510725, 44.1477945 ], [ 4.1511658, 44.1475271 ], [ 4.1511942, 44.1457804 ], [ 4.1519214, 44.1441606 ], [ 4.1521923, 44.1440183 ], [ 4.1536479, 44.1437959 ], [ 4.1540801, 44.1436545 ], [ 4.1547425, 44.1432173 ], [ 4.1554575, 44.1429073 ], [ 4.1558285, 44.1424029 ], [ 4.157301, 44.1413567 ], [ 4.1573083, 44.1410407 ], [ 4.1582737, 44.1398342 ], [ 4.1583007, 44.1396862 ], [ 4.1596651, 44.1390444 ], [ 4.1602845, 44.1384051 ], [ 4.1605767, 44.1352028 ], [ 4.1577194, 44.1344013 ], [ 4.1577492, 44.1339023 ], [ 4.1566632, 44.133109 ], [ 4.1549932, 44.131563 ], [ 4.1544341, 44.1312296 ], [ 4.1546825, 44.1309092 ], [ 4.1520315, 44.1299721 ], [ 4.1516015, 44.1297246 ], [ 4.1514285, 44.1295104 ], [ 4.1516663, 44.1282945 ], [ 4.1516633, 44.1277742 ], [ 4.151506, 44.1274761 ], [ 4.1510558, 44.1270902 ], [ 4.1508021, 44.1267166 ], [ 4.1503992, 44.1251501 ], [ 4.1497939, 44.1243238 ], [ 4.1489434, 44.123546 ], [ 4.1485545, 44.1230352 ], [ 4.1489717, 44.1222234 ], [ 4.1490696, 44.1206984 ], [ 4.1488764, 44.1199821 ], [ 4.1486508, 44.1197 ], [ 4.1484283, 44.1188283 ], [ 4.1481369, 44.1185694 ], [ 4.1473011, 44.1180777 ], [ 4.1469993, 44.1177334 ], [ 4.1469471, 44.1175035 ], [ 4.145162, 44.114792 ], [ 4.1452752, 44.1144569 ], [ 4.1446802, 44.114440599999988 ], [ 4.1425977, 44.1149529 ], [ 4.142282, 44.1139183 ], [ 4.1405965, 44.1144121 ], [ 4.1385449, 44.1159078 ], [ 4.1366281, 44.1147782 ], [ 4.1357437, 44.1139719 ], [ 4.1323611, 44.1115657 ], [ 4.1311475, 44.1108536 ], [ 4.1299262, 44.10912 ], [ 4.1294814, 44.108363 ], [ 4.1293384, 44.1078919 ], [ 4.1295182, 44.1078253 ], [ 4.1305905, 44.1069033 ], [ 4.1309843, 44.1063519 ], [ 4.1313912, 44.1053909 ], [ 4.131757, 44.103935199999988 ], [ 4.1327206, 44.1035193 ], [ 4.13319, 44.1031931 ], [ 4.1338792, 44.1023614 ], [ 4.1342597, 44.1017076 ], [ 4.1349629, 44.1011413 ], [ 4.1357538, 44.1007749 ], [ 4.1359423, 44.1003957 ], [ 4.1396463, 44.0986677 ], [ 4.1405235, 44.0983724 ], [ 4.1421509, 44.0981142 ], [ 4.1443101, 44.0940572 ], [ 4.145436, 44.0935918 ], [ 4.148038, 44.0917517 ], [ 4.1487111, 44.091066 ], [ 4.1491744, 44.0901376 ], [ 4.1492508, 44.0897155 ], [ 4.147389, 44.0889861 ], [ 4.1474389, 44.0883051 ], [ 4.1478558, 44.0868704 ], [ 4.1480635, 44.0865775 ], [ 4.1482992, 44.0863122 ], [ 4.1493924, 44.0859065 ], [ 4.1492954, 44.0854925 ], [ 4.1496307, 44.0843503 ], [ 4.1495695, 44.0841025 ], [ 4.1531523, 44.0847247 ], [ 4.1552609, 44.084571 ], [ 4.1569639, 44.084617 ], [ 4.1591142, 44.0847941 ], [ 4.1611344, 44.084779 ], [ 4.160898, 44.0854971 ], [ 4.1617256, 44.0871302 ], [ 4.1625937, 44.0884225 ], [ 4.1624989, 44.0888565 ], [ 4.1628541, 44.0897349 ], [ 4.1627141, 44.0902224 ], [ 4.1617711, 44.0911317 ], [ 4.1610792, 44.0915036 ], [ 4.1615316, 44.0926185 ], [ 4.1615682, 44.0930007 ], [ 4.1617266, 44.09336 ], [ 4.1619634, 44.0935789 ], [ 4.1618564, 44.0937195 ], [ 4.1619035, 44.0937632 ], [ 4.1621041, 44.093679099999989 ], [ 4.1622944, 44.0938256 ], [ 4.1640712, 44.0945332 ], [ 4.1652428, 44.0949024 ], [ 4.1660699, 44.095277 ], [ 4.166734, 44.0956894 ], [ 4.1682363, 44.0958552 ], [ 4.1691021, 44.0961106 ], [ 4.1706068, 44.0963376 ], [ 4.1706191, 44.0969334 ], [ 4.1711004, 44.0970155 ], [ 4.1712264, 44.0971888 ], [ 4.1717855, 44.0974061 ], [ 4.1741447, 44.0992693 ], [ 4.1745346, 44.0997017 ], [ 4.1750261, 44.0994894 ], [ 4.1756958, 44.100647 ], [ 4.1761289, 44.100994299999989 ], [ 4.1769006, 44.1009815 ], [ 4.177024, 44.1008497 ], [ 4.1772922, 44.1008315 ], [ 4.1775433, 44.1005299 ], [ 4.1781084, 44.1001899 ], [ 4.1782963, 44.1002158 ], [ 4.1793284, 44.1010184 ], [ 4.1795716, 44.1013012 ], [ 4.1799519, 44.1012674 ], [ 4.1805001, 44.1008357 ], [ 4.1808838, 44.100728 ], [ 4.1914478, 44.1019837 ], [ 4.1947095, 44.1019905 ], [ 4.197831, 44.1022165 ], [ 4.1997349, 44.1024649 ], [ 4.2031023, 44.1030364 ], [ 4.2023545, 44.1063662 ], [ 4.2028112, 44.1109492 ], [ 4.2052651, 44.1153231 ], [ 4.2058557, 44.1161277 ], [ 4.2061634, 44.1163799 ], [ 4.2067336, 44.1179336 ], [ 4.2075332, 44.1189861 ], [ 4.2066941, 44.1206624 ], [ 4.2061945, 44.1208533 ], [ 4.2056743, 44.1211858 ], [ 4.2056455, 44.1215975 ], [ 4.2051068, 44.1224748 ], [ 4.2050665, 44.1229352 ], [ 4.2053097, 44.1233214 ], [ 4.2064663, 44.1245329 ], [ 4.2076292, 44.1280406 ], [ 4.2129663, 44.1270176 ], [ 4.2208363, 44.1263433 ], [ 4.2243722, 44.1249744 ], [ 4.228004, 44.1245233 ], [ 4.2294194, 44.1242112 ], [ 4.2297694, 44.124445 ], [ 4.2301204, 44.1244392 ], [ 4.2322579, 44.123425 ], [ 4.233196, 44.1230643 ], [ 4.233579, 44.122862 ], [ 4.2340869, 44.1224269 ], [ 4.2348814, 44.1228185 ], [ 4.2353815, 44.1228273 ], [ 4.2356822, 44.1229202 ], [ 4.2366206, 44.1222273 ], [ 4.2367963, 44.1219202 ], [ 4.2370146, 44.1217881 ], [ 4.2370223, 44.121508 ], [ 4.2372578, 44.1212479 ], [ 4.2379851, 44.120849 ], [ 4.2383145, 44.1208255 ], [ 4.2384921, 44.1206615 ], [ 4.2389937, 44.1206252 ], [ 4.2402523, 44.1197216 ], [ 4.2408984, 44.1194398 ], [ 4.2411549, 44.1191092 ], [ 4.2416967, 44.1188024 ], [ 4.2423208, 44.1182003 ], [ 4.2444689, 44.1174036 ], [ 4.245761, 44.1168398 ], [ 4.2471296, 44.1166307 ], [ 4.247895, 44.1164357 ], [ 4.2486035, 44.1159784 ], [ 4.2490571, 44.1159256 ], [ 4.2499491, 44.1163736 ], [ 4.2505379, 44.1163858 ], [ 4.2516274, 44.1162707 ], [ 4.2520839, 44.1180514 ], [ 4.2589017, 44.118238 ], [ 4.2630498, 44.118724 ], [ 4.2686317, 44.1200206 ], [ 4.2693996, 44.1203313 ], [ 4.2712736, 44.1206516 ], [ 4.2767617, 44.1218139 ], [ 4.2784819, 44.122066599999989 ], [ 4.2789677, 44.1223895 ], [ 4.2791891, 44.122452599999988 ], [ 4.2817696, 44.1246162 ], [ 4.2830154, 44.1251624 ], [ 4.2837475, 44.1262619 ], [ 4.2842663, 44.128151599999988 ], [ 4.2858558, 44.1323404 ], [ 4.2857556, 44.1326638 ], [ 4.28584, 44.1334667 ], [ 4.2855303, 44.1337548 ], [ 4.2853331, 44.1342666 ] ] ] ] } },
{ "type": "Feature", "properties": { "code_departement": 30.0, "code_rne": "0300050S", "multisecteur": 0.0 }, "geometry": { "type": "MultiPolygon", "coordinates": [ [ [ [ 4.2464991, 43.7774297 ], [ 4.2398523, 43.7716782 ], [ 4.2413038, 43.7711459 ], [ 4.2417163, 43.771098 ], [ 4.2408134, 43.7695505 ], [ 4.2404087, 43.7684733 ], [ 4.2409806, 43.7681581 ], [ 4.2410724, 43.7679222 ], [ 4.2417875, 43.7673974 ], [ 4.2440141, 43.7648224 ], [ 4.2443906, 43.7645463 ], [ 4.2454485, 43.7634579 ], [ 4.2453448, 43.763315 ], [ 4.2459745, 43.7628093 ], [ 4.2497282, 43.7603534 ], [ 4.2501306, 43.7580296 ], [ 4.250925, 43.7581276 ], [ 4.2509596, 43.7580093 ], [ 4.2517077, 43.7577541 ], [ 4.2519065, 43.757759 ], [ 4.2524965, 43.7572005 ], [ 4.2519146, 43.7568778 ], [ 4.2528776, 43.7559488 ], [ 4.2530413, 43.7559397 ], [ 4.2533061, 43.7561248 ], [ 4.2544148, 43.7550437 ], [ 4.25587, 43.7524999 ], [ 4.2561332, 43.75182 ], [ 4.2569867, 43.7505466 ], [ 4.2576177, 43.7499418 ], [ 4.2573324, 43.7497255 ], [ 4.2580439, 43.7493933 ], [ 4.2596667, 43.7483837 ], [ 4.2622579, 43.7471585 ], [ 4.2629296, 43.7466539 ], [ 4.2638243, 43.7464708 ], [ 4.2640002, 43.7453834 ], [ 4.2642273, 43.7447057 ], [ 4.2644818, 43.7447649 ], [ 4.2647762, 43.7442665 ], [ 4.2671732, 43.743533 ], [ 4.2677677, 43.7431355 ], [ 4.2683111, 43.7430635 ], [ 4.2689088, 43.7427029 ], [ 4.2691362, 43.742824399999989 ], [ 4.2699982, 43.7418379 ], [ 4.2702569, 43.7418061 ], [ 4.2711145, 43.7421336 ], [ 4.2717732, 43.7414419 ], [ 4.2723208, 43.741395 ], [ 4.272413, 43.7411338 ], [ 4.273321, 43.7419971 ], [ 4.2738115, 43.7422254 ], [ 4.2743371, 43.7423614 ], [ 4.275183, 43.7424433 ], [ 4.2780538, 43.7424213 ], [ 4.2798351, 43.7425318 ], [ 4.280325, 43.7432361 ], [ 4.2809753, 43.7432258 ], [ 4.2812935, 43.743025 ], [ 4.2844262, 43.7382992 ], [ 4.2850396, 43.7378699 ], [ 4.2853739, 43.7379406 ], [ 4.2861794, 43.7374974 ], [ 4.2877098, 43.7364443 ], [ 4.2895293, 43.7357793 ], [ 4.2908524, 43.7354486 ], [ 4.2928624, 43.7347561 ], [ 4.2932474, 43.7361429 ], [ 4.2950983, 43.7361524 ], [ 4.2934701, 43.7385261 ], [ 4.2930953, 43.7396285 ], [ 4.2922733, 43.7405499 ], [ 4.2920492, 43.7404122 ], [ 4.2892478, 43.7447193 ], [ 4.2881583, 43.7467796 ], [ 4.2873986, 43.7465069 ], [ 4.2862084, 43.7458595 ], [ 4.2861099, 43.7459489 ], [ 4.2849976, 43.7477206 ], [ 4.2844964, 43.7479011 ], [ 4.284159, 43.7484657 ], [ 4.2847243, 43.7492078 ], [ 4.2848781, 43.7495885 ], [ 4.2846669, 43.7505756 ], [ 4.2844548, 43.7505862 ], [ 4.2839336, 43.7509289 ], [ 4.2838504, 43.7512602 ], [ 4.2821287, 43.7530435 ], [ 4.2817795, 43.7529189 ], [ 4.2806125, 43.7544752 ], [ 4.2803524, 43.7547275 ], [ 4.279959, 43.754905 ], [ 4.2787567, 43.7564382 ], [ 4.2783827, 43.7567621 ], [ 4.2782611, 43.7567663 ], [ 4.2783302, 43.7570795 ], [ 4.2766031, 43.7593065 ], [ 4.2756289, 43.7607255 ], [ 4.2757872, 43.7618666 ], [ 4.2767592, 43.7622413 ], [ 4.2769246, 43.7625292 ], [ 4.2762297, 43.7633347 ], [ 4.2758758, 43.7635548 ], [ 4.2757671, 43.7635282 ], [ 4.2750468, 43.7642485 ], [ 4.2754109, 43.7649841 ], [ 4.2748354, 43.7653508 ], [ 4.2739047, 43.766832199999989 ], [ 4.2734571, 43.7673649 ], [ 4.2728074, 43.7677468 ], [ 4.2724563, 43.7680956 ], [ 4.2716934, 43.7679147 ], [ 4.2714242, 43.7679277 ], [ 4.2713599, 43.768108399999988 ], [ 4.270803, 43.7679691 ], [ 4.269838, 43.7679111 ], [ 4.269594, 43.7681677 ], [ 4.2691221, 43.7684468 ], [ 4.2687645, 43.7685068 ], [ 4.2687216, 43.7684182 ], [ 4.2681135, 43.7683821 ], [ 4.2680544, 43.7685187 ], [ 4.2663996, 43.768829499999988 ], [ 4.2664718, 43.7694541 ], [ 4.2662174, 43.7694598 ], [ 4.2658737, 43.7695871 ], [ 4.2650469, 43.7701061 ], [ 4.2643806, 43.7710912 ], [ 4.2634876, 43.7721023 ], [ 4.2631753, 43.7726396 ], [ 4.2629097, 43.7727048 ], [ 4.2625006, 43.7739191 ], [ 4.2625023, 43.7743367 ], [ 4.2623498, 43.7748524 ], [ 4.2617732, 43.7751767 ], [ 4.2608129, 43.7754507 ], [ 4.2596958, 43.7759919 ], [ 4.2582522, 43.7760328 ], [ 4.2578343, 43.7761241 ], [ 4.2562083, 43.7770212 ], [ 4.255717, 43.7775543 ], [ 4.2552887, 43.778075799999989 ], [ 4.2556338, 43.77897 ], [ 4.2555078, 43.7808164 ], [ 4.2552676, 43.7810208 ], [ 4.2544513, 43.7823712 ], [ 4.2554025, 43.7836562 ], [ 4.2557929, 43.783901 ], [ 4.2550737, 43.784299 ], [ 4.2544273, 43.7845071 ], [ 4.2539667, 43.7837816 ], [ 4.2528252, 43.7826509 ], [ 4.2471197, 43.7778645 ], [ 4.2464991, 43.7774297 ] ] ], [ [ [ 4.199612, 43.7513835 ], [ 4.1981739, 43.7513049 ], [ 4.1980984, 43.7492988 ], [ 4.1977189, 43.7493165 ], [ 4.1965915, 43.747349899999989 ], [ 4.1965769, 43.7470062 ], [ 4.1968541, 43.7468493 ], [ 4.1974073, 43.7459334 ], [ 4.1978291, 43.7455057 ], [ 4.1980437, 43.7449652 ], [ 4.1983872, 43.7444737 ], [ 4.1985765, 43.7438488 ], [ 4.1983417, 43.7435472 ], [ 4.1981752, 43.743476099999988 ], [ 4.1970746, 43.7434999 ], [ 4.196121, 43.7433718 ], [ 4.1955845, 43.74324 ], [ 4.1948912, 43.7429102 ], [ 4.193637, 43.7430076 ], [ 4.1936189, 43.7422023 ], [ 4.1938805, 43.7421833 ], [ 4.1936844, 43.7408751 ], [ 4.1933946, 43.7409098 ], [ 4.1931204, 43.7399003 ], [ 4.1927422, 43.739981 ], [ 4.1922889, 43.7387197 ], [ 4.1927834, 43.7385604 ], [ 4.1928745, 43.7382894 ], [ 4.1928369, 43.737854299999988 ], [ 4.1926801, 43.7377165 ], [ 4.192718, 43.7375658 ], [ 4.1925038, 43.7375348 ], [ 4.1928068, 43.7351565 ], [ 4.1930966, 43.7347106 ], [ 4.1928982, 43.7346021 ], [ 4.1930132, 43.7343425 ], [ 4.1927269, 43.7342431 ], [ 4.1928049, 43.7341126 ], [ 4.1922441, 43.7337075 ], [ 4.192702, 43.7332228 ], [ 4.1921824, 43.7327704 ], [ 4.1937695, 43.731683 ], [ 4.1934093, 43.731192 ], [ 4.1937954, 43.7308449 ], [ 4.1944053, 43.7304503 ], [ 4.1953338, 43.7301629 ], [ 4.1970088, 43.7291933 ], [ 4.2020243, 43.7312259 ], [ 4.2061289, 43.7295372 ], [ 4.2068041, 43.7291868 ], [ 4.2071068, 43.728414 ], [ 4.2077891, 43.7272833 ], [ 4.2084875, 43.7251553 ], [ 4.2095057, 43.722716 ], [ 4.2119443, 43.7231361 ], [ 4.2124722, 43.7232814 ], [ 4.2130074, 43.7235895 ], [ 4.213236, 43.7233683 ], [ 4.2135902, 43.723509299999989 ], [ 4.2145293, 43.7236149 ], [ 4.2159444, 43.7239303 ], [ 4.2161255, 43.722932 ], [ 4.2163312, 43.722801 ], [ 4.2165255, 43.722312 ], [ 4.216838, 43.7225335 ], [ 4.217537, 43.7226111 ], [ 4.2177625, 43.7230631 ], [ 4.2183953, 43.7229984 ], [ 4.2222754, 43.7232807 ], [ 4.2226779, 43.7217886 ], [ 4.2225275, 43.720443 ], [ 4.2222274, 43.7196347 ], [ 4.2217452, 43.7187869 ], [ 4.2213024, 43.7174582 ], [ 4.2199325, 43.7158221 ], [ 4.21709, 43.7103958 ], [ 4.2166182, 43.7097937 ], [ 4.2180721, 43.7104892 ], [ 4.2190372, 43.7111264 ], [ 4.2194324, 43.7112714 ], [ 4.2201132, 43.7113771 ], [ 4.2235234, 43.711301 ], [ 4.2258843, 43.7106607 ], [ 4.2288759, 43.7102166 ], [ 4.2334815, 43.7098873 ], [ 4.2364948, 43.7099944 ], [ 4.2392824, 43.7104496 ], [ 4.2410666, 43.7108567 ], [ 4.2424579, 43.711055099999989 ], [ 4.2443999, 43.7114702 ], [ 4.2467261, 43.7121528 ], [ 4.2478138, 43.712593 ], [ 4.2495252, 43.7134697 ], [ 4.2538144, 43.715283299999989 ], [ 4.2554202, 43.7156373 ], [ 4.2598068, 43.717185 ], [ 4.2603556, 43.7173136 ], [ 4.2610073, 43.7177785 ], [ 4.2616163, 43.717879499999988 ], [ 4.2622169, 43.7177681 ], [ 4.262343, 43.7178045 ], [ 4.262567, 43.71834 ], [ 4.2628059, 43.7185388 ], [ 4.2629873, 43.7186078 ], [ 4.2638236, 43.718662 ], [ 4.2642843, 43.7190725 ], [ 4.2646316, 43.7190657 ], [ 4.2648023, 43.7191555 ], [ 4.2650688, 43.720098299999989 ], [ 4.2649975, 43.7206913 ], [ 4.2652622, 43.721158 ], [ 4.2651509, 43.7212871 ], [ 4.264722, 43.7214747 ], [ 4.2632184, 43.721827 ], [ 4.2628926, 43.7220207 ], [ 4.262701, 43.7223937 ], [ 4.2630562, 43.7227999 ], [ 4.2630535, 43.7229592 ], [ 4.2629202, 43.7231066 ], [ 4.262268, 43.7231285 ], [ 4.2619656, 43.7233696 ], [ 4.2612482, 43.7234778 ], [ 4.26106, 43.7236654 ], [ 4.2607742, 43.7236462 ], [ 4.260686, 43.7238677 ], [ 4.2597117, 43.7238052 ], [ 4.2591114, 43.7238743 ], [ 4.256123, 43.7245441 ], [ 4.2553492, 43.7246251 ], [ 4.2551483, 43.7250828 ], [ 4.254413, 43.7259624 ], [ 4.2537807, 43.7270082 ], [ 4.2525546, 43.7283714 ], [ 4.2520877, 43.729094 ], [ 4.2510202, 43.7298244 ], [ 4.2484941, 43.7320187 ], [ 4.2473187, 43.7338393 ], [ 4.246111, 43.7354317 ], [ 4.2448436, 43.7393646 ], [ 4.2440417, 43.7413041 ], [ 4.2435027, 43.7434072 ], [ 4.2433258, 43.743663 ], [ 4.2427998, 43.7455076 ], [ 4.2423973, 43.7464086 ], [ 4.241665, 43.748819 ], [ 4.2415867, 43.7494444 ], [ 4.2416494, 43.7517602 ], [ 4.2418897, 43.7534548 ], [ 4.2419631, 43.7555176 ], [ 4.2418365, 43.7561499 ], [ 4.241596, 43.7566818 ], [ 4.2414459, 43.7577797 ], [ 4.2412855, 43.7582234 ], [ 4.2379003, 43.7579191 ], [ 4.234152, 43.7579346 ], [ 4.2292851, 43.7559287 ], [ 4.2249925, 43.7542887 ], [ 4.2181094, 43.7519117 ], [ 4.2099764, 43.7516883 ], [ 4.209743, 43.7516306 ], [ 4.2096372, 43.751441 ], [ 4.2098387, 43.7507548 ], [ 4.2097177, 43.7506103 ], [ 4.2076714, 43.7504782 ], [ 4.2033656, 43.7504035 ], [ 4.203229, 43.750108 ], [ 4.2019746, 43.750201 ], [ 4.2021279, 43.7505269 ], [ 4.2021638, 43.7510512 ], [ 4.2000426, 43.7511358 ], [ 4.199612, 43.7513835 ] ] ] ] } },
{ "type": "Feature", "properties": { "code_departement": 30.0, "code_rne": "0300055X", "multisecteur": 0.0 }, "geometry": { "type": "MultiPolygon", "coordinates": [ [ [ [ 4.5823272, 44.213157 ], [ 4.5826566, 44.2139715 ], [ 4.582615, 44.2153981 ], [ 4.5824458, 44.215568 ], [ 4.5819012, 44.2156128 ], [ 4.5815527, 44.2157295 ], [ 4.5810022, 44.2161893 ], [ 4.580684, 44.2160904 ], [ 4.5800074, 44.2160659 ], [ 4.5783214, 44.2161613 ], [ 4.5774869, 44.2168071 ], [ 4.5758718, 44.2169347 ], [ 4.574573, 44.2173143 ], [ 4.573494, 44.217409 ], [ 4.5727898, 44.2176541 ], [ 4.5685818, 44.2177674 ], [ 4.5668657, 44.2175894 ], [ 4.565905, 44.2173411 ], [ 4.5653875, 44.2170973 ], [ 4.5647763, 44.2164029 ], [ 4.5654519, 44.2187052 ], [ 4.5654175, 44.2190478 ], [ 4.5651691, 44.2193025 ], [ 4.5650734, 44.2195523 ], [ 4.5650611, 44.2199234 ], [ 4.5652211, 44.2205954 ], [ 4.5650684, 44.2210072 ], [ 4.5647971, 44.2213379 ], [ 4.563938, 44.2220073 ], [ 4.5633428, 44.2222166 ], [ 4.5621103, 44.2231029 ], [ 4.5617604, 44.2232177 ], [ 4.5606699, 44.2232602 ], [ 4.5598993, 44.2228282 ], [ 4.55964, 44.2227761 ], [ 4.5583032, 44.2228293 ], [ 4.5582902, 44.2233156 ], [ 4.5588819, 44.2238924 ], [ 4.5596549, 44.2249131 ], [ 4.5609824, 44.2261583 ], [ 4.5610776, 44.2265251 ], [ 4.5606129, 44.2279749 ], [ 4.5604465, 44.228025 ], [ 4.5596656, 44.2286284 ], [ 4.5594035, 44.2287501 ], [ 4.5571645, 44.229149199999988 ], [ 4.5565537, 44.2293415 ], [ 4.5574625, 44.231113 ], [ 4.5611786, 44.2377079 ], [ 4.5616692, 44.2388361 ], [ 4.5622885, 44.2398149 ], [ 4.5633618, 44.240682 ], [ 4.5599504, 44.2395403 ], [ 4.559523, 44.2390269 ], [ 4.5563237, 44.2390363 ], [ 4.5545963, 44.2393839 ], [ 4.5541684, 44.2393063 ], [ 4.5542005, 44.2396092 ], [ 4.5538589, 44.240626 ], [ 4.5534698, 44.2405495 ], [ 4.5528621, 44.2409479 ], [ 4.5521066, 44.2410261 ], [ 4.5520403, 44.2411207 ], [ 4.5521691, 44.2414799 ], [ 4.5520052, 44.2417154 ], [ 4.5518326, 44.2417674 ], [ 4.5515568, 44.2416677 ], [ 4.5509858, 44.2412554 ], [ 4.5503391, 44.2401841 ], [ 4.5498232, 44.2398664 ], [ 4.548635, 44.2398265 ], [ 4.5479273, 44.2394547 ], [ 4.5467645, 44.239427899999988 ], [ 4.5463222, 44.239237 ], [ 4.5446644, 44.2389668 ], [ 4.5439871, 44.2392509 ], [ 4.5429957, 44.2394953 ], [ 4.5409429, 44.2398068 ], [ 4.5385692, 44.2403884 ], [ 4.5353516, 44.2405081 ], [ 4.5299321, 44.2409916 ], [ 4.529011, 44.2415257 ], [ 4.5285815, 44.2416208 ], [ 4.5279317, 44.2416271 ], [ 4.5273595, 44.2414901 ], [ 4.5255413, 44.241311 ], [ 4.5252713, 44.2411888 ], [ 4.5218, 44.244324 ], [ 4.5207776, 44.243978 ], [ 4.5199936, 44.2438376 ], [ 4.5194084, 44.2435459 ], [ 4.5186875, 44.2430472 ], [ 4.5173491, 44.2427344 ], [ 4.5166979, 44.2424076 ], [ 4.5154613, 44.2423869 ], [ 4.5153424, 44.2419681 ], [ 4.5149424, 44.2415262 ], [ 4.5151439, 44.2407699 ], [ 4.5149879, 44.2403687 ], [ 4.5152648, 44.239950799999988 ], [ 4.5149035, 44.238518899999988 ], [ 4.514895, 44.2379681 ], [ 4.5148015, 44.2378415 ], [ 4.5144683, 44.237793 ], [ 4.5143156, 44.2375124 ], [ 4.514287, 44.2367701 ], [ 4.5144031, 44.2364741 ], [ 4.5142918, 44.2358697 ], [ 4.5144217, 44.235620399999988 ], [ 4.5142613, 44.2354308 ], [ 4.5134952, 44.235391 ], [ 4.514001, 44.2346386 ], [ 4.5140925, 44.2343609 ], [ 4.513777, 44.233799 ], [ 4.5140413, 44.2330049 ], [ 4.5140906, 44.2319869 ], [ 4.5135778, 44.2319634 ], [ 4.5117398, 44.2324839 ], [ 4.5105199, 44.23294 ], [ 4.5103939, 44.2332415 ], [ 4.5098837, 44.2336446 ], [ 4.5093742, 44.2343521 ], [ 4.5091944, 44.2348443 ], [ 4.5092333, 44.2352714 ], [ 4.508998, 44.2358886 ], [ 4.5089679, 44.2369675 ], [ 4.5090933, 44.2370684 ], [ 4.5098481, 44.2372948 ], [ 4.5102239, 44.2378172 ], [ 4.5081183, 44.2397277 ], [ 4.5081508, 44.2405258 ], [ 4.50798, 44.2409792 ], [ 4.5072739, 44.2421169 ], [ 4.5067191, 44.2423532 ], [ 4.5056528, 44.2422841 ], [ 4.505228, 44.2426077 ], [ 4.5047673, 44.2436512 ], [ 4.5045613, 44.2438169 ], [ 4.5051844, 44.2457305 ], [ 4.5049511, 44.2473731 ], [ 4.5042163, 44.2475749 ], [ 4.5030946, 44.2476875 ], [ 4.501779, 44.2476235 ], [ 4.5011773, 44.2482647 ], [ 4.5009294, 44.2483149 ], [ 4.4988311, 44.2474477 ], [ 4.4976191, 44.2468422 ], [ 4.4967091, 44.2459606 ], [ 4.4955597, 44.2453533 ], [ 4.4946747, 44.2455148 ], [ 4.4925994, 44.2452252 ], [ 4.4921456, 44.2449721 ], [ 4.4919429, 44.244739 ], [ 4.491747, 44.2444824 ], [ 4.4916162, 44.2439845 ], [ 4.4914269, 44.2436918 ], [ 4.4909984, 44.2435418 ], [ 4.4907222, 44.2433232 ], [ 4.4900206, 44.2432193 ], [ 4.4897323, 44.2430648 ], [ 4.4897269, 44.2429055 ], [ 4.4710681, 44.2486045 ], [ 4.4665435, 44.2500784 ], [ 4.4641382, 44.2509802 ], [ 4.4634013, 44.2513537 ], [ 4.4615205, 44.2529272 ], [ 4.4612379, 44.2530939 ], [ 4.4602336, 44.2533449 ], [ 4.459031, 44.253437399999989 ], [ 4.4583866, 44.2534154 ], [ 4.4579808, 44.253319 ], [ 4.4571298, 44.253347399999988 ], [ 4.4561453, 44.2532507 ], [ 4.4548282, 44.2533221 ], [ 4.4544414, 44.253284 ], [ 4.4534578, 44.252783 ], [ 4.4521245, 44.2524153 ], [ 4.4512358, 44.2522938 ], [ 4.4502249, 44.2518976 ], [ 4.4499236, 44.2516261 ], [ 4.4496508, 44.2511921 ], [ 4.4493757, 44.2511625 ], [ 4.4490471, 44.2509498 ], [ 4.4486667, 44.2506677 ], [ 4.4483116, 44.2502006 ], [ 4.4495196, 44.252971 ], [ 4.4507754, 44.255350899999989 ], [ 4.451518, 44.2572065 ], [ 4.4535429, 44.2614848 ], [ 4.4554698, 44.2644698 ], [ 4.4569134, 44.2662413 ], [ 4.4568579, 44.2664221 ], [ 4.4556568, 44.2675597 ], [ 4.455031, 44.2679731 ], [ 4.4543034, 44.268720099999989 ], [ 4.4540659, 44.2690842 ], [ 4.4530744, 44.2780182 ], [ 4.4518458, 44.2800024 ], [ 4.4510248, 44.2821505 ], [ 4.4509031, 44.2822431 ], [ 4.4403493, 44.2836026 ], [ 4.4393329, 44.2834053 ], [ 4.4343943, 44.2832682 ], [ 4.4337297, 44.2841447 ], [ 4.4333403, 44.2845063 ], [ 4.4333671, 44.2859635 ], [ 4.4335464, 44.2867606 ], [ 4.4323637, 44.286876 ], [ 4.4319037, 44.2870251 ], [ 4.4314711, 44.2873629 ], [ 4.4311701, 44.287952 ], [ 4.4311954, 44.2883064 ], [ 4.4321174, 44.289333299999988 ], [ 4.4324374, 44.2902402 ], [ 4.433305, 44.2916397 ], [ 4.4318018, 44.2904358 ], [ 4.4299848, 44.2900525 ], [ 4.4293177, 44.2898433 ], [ 4.4288746, 44.2894188 ], [ 4.4275923, 44.2886144 ], [ 4.4274054, 44.2882603 ], [ 4.426709, 44.2876319 ], [ 4.4255338, 44.2876967 ], [ 4.42224, 44.287345 ], [ 4.4205844, 44.2870964 ], [ 4.4196285, 44.28726 ], [ 4.4183736, 44.287846 ], [ 4.4176966, 44.2880375 ], [ 4.4160265, 44.2879636 ], [ 4.4122106, 44.287577 ], [ 4.4068727, 44.2879803 ], [ 4.4063943, 44.2880972 ], [ 4.4052503, 44.2885602 ], [ 4.4045354, 44.288744 ], [ 4.4044581, 44.2889115 ], [ 4.4041644, 44.288944099999988 ], [ 4.4036549, 44.2889218 ], [ 4.4032951, 44.2888165 ], [ 4.4017897, 44.2878463 ], [ 4.4011478, 44.2875817 ], [ 4.4008978, 44.2872545 ], [ 4.4003644, 44.287427 ], [ 4.3997431, 44.287948 ], [ 4.3992959, 44.2891268 ], [ 4.3990622, 44.2893584 ], [ 4.3981434, 44.2897599 ], [ 4.3961655, 44.2903144 ], [ 4.3957954, 44.2905064 ], [ 4.3952004, 44.2909776 ], [ 4.3947927, 44.2919829 ], [ 4.3935151, 44.2934972 ], [ 4.3931813, 44.2945007 ], [ 4.3903539, 44.294415 ], [ 4.388026, 44.2940987 ], [ 4.3863382, 44.2941758 ], [ 4.3860831, 44.2940449 ], [ 4.3849648, 44.2926492 ], [ 4.3827588, 44.289616 ], [ 4.381827, 44.2885159 ], [ 4.3814112, 44.2873967 ], [ 4.3809804, 44.2823147 ], [ 4.3811858, 44.2822581 ], [ 4.3824298, 44.2811613 ], [ 4.3838598, 44.2803961 ], [ 4.3841132, 44.2800994 ], [ 4.3841977, 44.2795051 ], [ 4.3861104, 44.2786005 ], [ 4.3862564, 44.2750858 ], [ 4.386527, 44.2736501 ], [ 4.3861425, 44.2687863 ], [ 4.3861325, 44.2675036 ], [ 4.3867356, 44.265781 ], [ 4.3872999, 44.2651356 ], [ 4.3876694, 44.264517 ], [ 4.3882281, 44.2640039 ], [ 4.3887534, 44.2637119 ], [ 4.3891337, 44.2636927 ], [ 4.3900286, 44.263811 ], [ 4.3911919, 44.2637378 ], [ 4.3917192, 44.2636321 ], [ 4.3924047, 44.262977 ], [ 4.3925554, 44.262686099999989 ], [ 4.3926533, 44.2620277 ], [ 4.3925032, 44.2610672 ], [ 4.3925537, 44.2604706 ], [ 4.3928405, 44.2601645 ], [ 4.3933404, 44.2600132 ], [ 4.3938982, 44.2599755 ], [ 4.3945899, 44.2600883 ], [ 4.3952025, 44.2603956 ], [ 4.3959212, 44.2609887 ], [ 4.3964089, 44.2615173 ], [ 4.3968208, 44.2623205 ], [ 4.3968338, 44.2626957 ], [ 4.3971239, 44.2629774 ], [ 4.3976601, 44.2640482 ], [ 4.3979137, 44.2642223 ], [ 4.3979444, 44.2648575 ], [ 4.3978552, 44.2650504 ], [ 4.3973601, 44.2656518 ], [ 4.3964642, 44.266308699999989 ], [ 4.3959737, 44.2668425 ], [ 4.3979081, 44.2664352 ], [ 4.3998027, 44.2650751 ], [ 4.4001042, 44.2647544 ], [ 4.401451, 44.262727 ], [ 4.4015264, 44.2622822 ], [ 4.4014021, 44.261863299999987 ], [ 4.4013605, 44.2611419 ], [ 4.4008954, 44.2599604 ], [ 4.40028, 44.2595433 ], [ 4.3998211, 44.2588649 ], [ 4.3992949, 44.2587627 ], [ 4.3988324, 44.2584463 ], [ 4.3983268, 44.2579558 ], [ 4.3977503, 44.2578416 ], [ 4.3970725, 44.2573794 ], [ 4.3983188, 44.2496492 ], [ 4.3987773, 44.2488935 ], [ 4.3998315, 44.2477088 ], [ 4.400371, 44.2467333 ], [ 4.4005337, 44.2465764 ], [ 4.4009568, 44.2464161 ], [ 4.400224, 44.242449099999988 ], [ 4.4001211, 44.2383813 ], [ 4.3999417, 44.2381117 ], [ 4.3999795, 44.2380212 ], [ 4.4012282, 44.2376253 ], [ 4.4025491, 44.2369108 ], [ 4.4036965, 44.2359122 ], [ 4.4040564, 44.2356807 ], [ 4.4045558, 44.2355699 ], [ 4.404924, 44.2351691 ], [ 4.405691, 44.2347937 ], [ 4.405917, 44.2345631 ], [ 4.4061206, 44.2339861 ], [ 4.4063786, 44.233687499999988 ], [ 4.4066006, 44.2335497 ], [ 4.407292, 44.2333589 ], [ 4.4067501, 44.2328122 ], [ 4.4059522, 44.2327486 ], [ 4.405949, 44.2321671 ], [ 4.405804, 44.2318701 ], [ 4.4057916, 44.230916 ], [ 4.4055727, 44.2308225 ], [ 4.4052639, 44.2304888 ], [ 4.4049731, 44.230019899999988 ], [ 4.4041514, 44.229295799999989 ], [ 4.4029865, 44.2287184 ], [ 4.402593, 44.2283975 ], [ 4.4026426, 44.228026 ], [ 4.402353, 44.2273986 ], [ 4.4020326, 44.2270489 ], [ 4.4019238, 44.2262428 ], [ 4.4017478, 44.2259587 ], [ 4.4009814, 44.2217932 ], [ 4.4004502, 44.2211671 ], [ 4.3983124, 44.2196045 ], [ 4.3980476, 44.2192712 ], [ 4.398522, 44.2188655 ], [ 4.3995863, 44.2182163 ], [ 4.4017151, 44.2166228 ], [ 4.4016946, 44.2165537 ], [ 4.3980873, 44.2121903 ], [ 4.3964028, 44.209907199999989 ], [ 4.389497, 44.2014876 ], [ 4.389864, 44.2014002 ], [ 4.3904197, 44.2010943 ], [ 4.3910133, 44.2006024 ], [ 4.3913901, 44.200504 ], [ 4.3933563, 44.200567299999989 ], [ 4.3935645, 44.2006376 ], [ 4.394172, 44.2006127 ], [ 4.3947839, 44.2005068 ], [ 4.3960683, 44.2000188 ], [ 4.396701, 44.2000477 ], [ 4.3980173, 44.2007034 ], [ 4.3985959, 44.2008769 ], [ 4.3988408, 44.2008621 ], [ 4.3990681, 44.2003839 ], [ 4.3993204, 44.200110599999988 ], [ 4.3993261, 44.199836 ], [ 4.3991569, 44.1992647 ], [ 4.3986099, 44.1985992 ], [ 4.3983263, 44.1980059 ], [ 4.398529, 44.1978548 ], [ 4.3988713, 44.1970691 ], [ 4.3994177, 44.1965436 ], [ 4.3999107, 44.1966426 ], [ 4.400625, 44.1966353 ], [ 4.4010369, 44.1962915 ], [ 4.4018932, 44.1963571 ], [ 4.4029295, 44.1965716 ], [ 4.4032041, 44.1968976 ], [ 4.4034922, 44.1970092 ], [ 4.404375, 44.1970843 ], [ 4.4049613, 44.1972676 ], [ 4.406025, 44.1973188 ], [ 4.4064692, 44.1971187 ], [ 4.4068641, 44.1961369 ], [ 4.4071058, 44.1959942 ], [ 4.4077202, 44.1958918 ], [ 4.4079848, 44.195965 ], [ 4.4080662, 44.1965248 ], [ 4.408347, 44.1966967 ], [ 4.4092876, 44.1966288 ], [ 4.4102978, 44.1963926 ], [ 4.4109732, 44.1965856 ], [ 4.4111326, 44.1965016 ], [ 4.4126442, 44.1967567 ], [ 4.4139033, 44.196718 ], [ 4.4140961, 44.1966687 ], [ 4.4142054, 44.196435 ], [ 4.4144377, 44.1963186 ], [ 4.4152314, 44.1964344 ], [ 4.415457, 44.1963982 ], [ 4.4155981, 44.1959841 ], [ 4.4154518, 44.195436799999989 ], [ 4.4152449, 44.1951676 ], [ 4.414627, 44.1947741 ], [ 4.4145616, 44.194512 ], [ 4.4147883, 44.1941193 ], [ 4.4156172, 44.1937899 ], [ 4.415749, 44.1933525 ], [ 4.4162905, 44.1930935 ], [ 4.4166256, 44.1930324 ], [ 4.4168131, 44.193075 ], [ 4.4175297, 44.1928605 ], [ 4.4182917, 44.1928624 ], [ 4.4209552, 44.1936453 ], [ 4.4216633, 44.1936929 ], [ 4.422551, 44.1936148 ], [ 4.4238827, 44.1932815 ], [ 4.4244116, 44.1930658 ], [ 4.4251689, 44.1929785 ], [ 4.4258115, 44.1930602 ], [ 4.4260703, 44.1931991 ], [ 4.4272043, 44.1935156 ], [ 4.4278824, 44.1935113 ], [ 4.4296541, 44.1915221 ], [ 4.4289429, 44.1910039 ], [ 4.4283536, 44.1907037 ], [ 4.427961, 44.1902658 ], [ 4.4276863, 44.1901884 ], [ 4.4273636, 44.190243 ], [ 4.4269464, 44.1901719 ], [ 4.426571, 44.1899184 ], [ 4.4262061, 44.1897872 ], [ 4.424051, 44.1895641 ], [ 4.4235867, 44.1894603 ], [ 4.423418, 44.189267099999988 ], [ 4.4232656, 44.1887271 ], [ 4.4230555, 44.1885318 ], [ 4.4229978, 44.1879267 ], [ 4.4223499, 44.1874355 ], [ 4.4212292, 44.1871448 ], [ 4.4209681, 44.1866081 ], [ 4.4207788, 44.1864458 ], [ 4.4197283, 44.1859102 ], [ 4.419466, 44.1858776 ], [ 4.4191297, 44.1856362 ], [ 4.4187976, 44.1855631 ], [ 4.4177542, 44.1856144 ], [ 4.418525, 44.184417 ], [ 4.4192833, 44.1828201 ], [ 4.4178581, 44.1818573 ], [ 4.4174381, 44.1812686 ], [ 4.417098, 44.1809723 ], [ 4.4156206, 44.1802181 ], [ 4.4151245, 44.1797888 ], [ 4.414275, 44.179734 ], [ 4.4131966, 44.1798802 ], [ 4.4124244, 44.1798632 ], [ 4.4105404, 44.1794076 ], [ 4.4093892, 44.1787373 ], [ 4.4098654, 44.1751438 ], [ 4.4102396, 44.1730829 ], [ 4.4102538, 44.1723949 ], [ 4.4125489, 44.1628834 ], [ 4.4146826, 44.1609322 ], [ 4.41543, 44.153836 ], [ 4.417842, 44.146271 ], [ 4.4176788, 44.1444889 ], [ 4.4182698, 44.1445263 ], [ 4.4189987, 44.144678 ], [ 4.4200822, 44.1443138 ], [ 4.4207265, 44.1438301 ], [ 4.4214494, 44.143043 ], [ 4.4219034, 44.1429021 ], [ 4.4232916, 44.1435718 ], [ 4.4235672, 44.1439949 ], [ 4.4235865, 44.1442683 ], [ 4.4243561, 44.1447472 ], [ 4.4251565, 44.1448565 ], [ 4.4254302, 44.1448061 ], [ 4.4257857, 44.1446233 ], [ 4.4258711, 44.1447365 ], [ 4.4265268, 44.144863 ], [ 4.4268735, 44.145079 ], [ 4.4281027, 44.1453376 ], [ 4.4287247, 44.1455644 ], [ 4.4290566, 44.145787 ], [ 4.4292684, 44.1462532 ], [ 4.4294992, 44.1462835 ], [ 4.4298783, 44.1464946 ], [ 4.4312293, 44.1467723 ], [ 4.4314503, 44.1467631 ], [ 4.4322406, 44.1464728 ], [ 4.4327688, 44.1463957 ], [ 4.4332499, 44.1463885 ], [ 4.4339673, 44.1465285 ], [ 4.4342244, 44.1464118 ], [ 4.4344607, 44.1464132 ], [ 4.4349357, 44.145171 ], [ 4.4341571, 44.1447355 ], [ 4.4337655, 44.1444247 ], [ 4.4335302, 44.1439191 ], [ 4.4328487, 44.143019699999989 ], [ 4.4326329, 44.1423933 ], [ 4.4326316, 44.1417947 ], [ 4.4324159, 44.1407245 ], [ 4.432837, 44.1400258 ], [ 4.4331105, 44.1390734 ], [ 4.4330123, 44.1384481 ], [ 4.4326922, 44.1376007 ], [ 4.4327307, 44.1365488 ], [ 4.4336689, 44.1362809 ], [ 4.4345954, 44.1361922 ], [ 4.436043, 44.1358996 ], [ 4.4374956, 44.135759 ], [ 4.4396028, 44.1352552 ], [ 4.4448598, 44.1351896 ], [ 4.4456416, 44.1350173 ], [ 4.4480252, 44.1342314 ], [ 4.4486001, 44.1332957 ], [ 4.4492379, 44.132523 ], [ 4.4492721, 44.1323452 ], [ 4.4506616, 44.132524 ], [ 4.4507431, 44.1310673 ], [ 4.4508766, 44.1304696 ], [ 4.456069, 44.130389 ], [ 4.4569224, 44.1304308 ], [ 4.4590339, 44.1295241 ], [ 4.4595449, 44.1294183 ], [ 4.460261, 44.1294169 ], [ 4.4616516, 44.1296414 ], [ 4.4632159, 44.1296223 ], [ 4.4651865, 44.1297526 ], [ 4.4657618, 44.129573 ], [ 4.4674215, 44.1294212 ], [ 4.4678802, 44.1292791 ], [ 4.470592, 44.1291662 ], [ 4.4712778, 44.1292974 ], [ 4.4732671, 44.1287018 ], [ 4.4739889, 44.1286786 ], [ 4.4751473, 44.1286711 ], [ 4.4775016, 44.1288996 ], [ 4.4815481, 44.1298874 ], [ 4.4823858, 44.129949 ], [ 4.4833728, 44.1296926 ], [ 4.4844182, 44.1289961 ], [ 4.4857289, 44.1284553 ], [ 4.486235, 44.1283575 ], [ 4.4875591, 44.1274672 ], [ 4.4881069, 44.127341 ], [ 4.488401, 44.1269256 ], [ 4.4887346, 44.126732 ], [ 4.4893634, 44.1261167 ], [ 4.4895705, 44.1260077 ], [ 4.4897903, 44.1264305 ], [ 4.4914117, 44.1263985 ], [ 4.4943501, 44.1261695 ], [ 4.4947885, 44.1262058 ], [ 4.4976562, 44.1280346 ], [ 4.4992704, 44.126448 ], [ 4.5003257, 44.1255666 ], [ 4.5016107, 44.126713 ], [ 4.5021842, 44.1273218 ], [ 4.5025274, 44.1279643 ], [ 4.5030387, 44.128394799999988 ], [ 4.5041885, 44.1308502 ], [ 4.504581, 44.131231 ], [ 4.5053535, 44.1330748 ], [ 4.5125107, 44.1352854 ], [ 4.5131681, 44.1352358 ], [ 4.5142661, 44.1353503 ], [ 4.5149693, 44.1356115 ], [ 4.5185967, 44.1347646 ], [ 4.5185019, 44.1341169 ], [ 4.5187301, 44.1337248 ], [ 4.519492, 44.1332344 ], [ 4.519459, 44.1323734 ], [ 4.519574, 44.1312969 ], [ 4.5192889, 44.1297975 ], [ 4.5193753, 44.1288673 ], [ 4.5201481, 44.1286027 ], [ 4.5204438, 44.1283024 ], [ 4.5256436, 44.1267376 ], [ 4.5288597, 44.1255873 ], [ 4.5299523, 44.125273199999988 ], [ 4.529654, 44.12501 ], [ 4.530063, 44.1248819 ], [ 4.5303876, 44.1244992 ], [ 4.5307501, 44.12427 ], [ 4.5328603, 44.1236428 ], [ 4.5347236, 44.1229469 ], [ 4.5367474, 44.1224568 ], [ 4.5376557, 44.1223558 ], [ 4.5388226, 44.1220649 ], [ 4.5397615, 44.1214332 ], [ 4.5409569, 44.120906 ], [ 4.5427025, 44.120531299999989 ], [ 4.5427353, 44.120725299999989 ], [ 4.5429834, 44.1209333 ], [ 4.5431036, 44.1218174 ], [ 4.5432532, 44.12208 ], [ 4.5437038, 44.1224301 ], [ 4.5442671, 44.122463599999989 ], [ 4.5450938, 44.1224421 ], [ 4.5453356, 44.1220966 ], [ 4.5457613, 44.1219861 ], [ 4.5471777, 44.121913 ], [ 4.5480955, 44.1220243 ], [ 4.5490713, 44.1219691 ], [ 4.5506581, 44.1220052 ], [ 4.5528665, 44.121874 ], [ 4.5532354, 44.1217896 ], [ 4.5547611, 44.12174 ], [ 4.5554997, 44.1216476 ], [ 4.5559753, 44.1214905 ], [ 4.5563795, 44.1216927 ], [ 4.5574992, 44.1215103 ], [ 4.5583944, 44.1215246 ], [ 4.5590135, 44.1216355 ], [ 4.5613067, 44.1213616 ], [ 4.5618405, 44.1213693 ], [ 4.5637264, 44.1217808 ], [ 4.5649429, 44.1218931 ], [ 4.5658171, 44.1222785 ], [ 4.5668004, 44.1224985 ], [ 4.5674203, 44.1225905 ], [ 4.5688117, 44.1226084 ], [ 4.5706608, 44.1215934 ], [ 4.5711498, 44.1221518 ], [ 4.571293, 44.1226736 ], [ 4.5713257, 44.1234978 ], [ 4.5705739, 44.1237876 ], [ 4.5705928, 44.1246993 ], [ 4.5719038, 44.1245608 ], [ 4.5720586, 44.124329 ], [ 4.5716276, 44.1237032 ], [ 4.57208, 44.1232952 ], [ 4.5726433, 44.1233295 ], [ 4.5731529, 44.1241306 ], [ 4.5732027, 44.1248923 ], [ 4.5745132, 44.1260933 ], [ 4.5731196, 44.1266769 ], [ 4.5725105, 44.127251 ], [ 4.5722872, 44.1275819 ], [ 4.5722681, 44.1289262 ], [ 4.5724234, 44.1302473 ], [ 4.572339, 44.131173 ], [ 4.5738057, 44.1314185 ], [ 4.5743607, 44.1318696 ], [ 4.5748694, 44.1324583 ], [ 4.5754133, 44.1345381 ], [ 4.5764178, 44.134972 ], [ 4.583623, 44.1334079 ], [ 4.5838716, 44.1334026 ], [ 4.5852183, 44.1342743 ], [ 4.5854707, 44.1343598 ], [ 4.5914649, 44.1343351 ], [ 4.5927292, 44.1343986 ], [ 4.5930938, 44.1344716 ], [ 4.594692, 44.1372635 ], [ 4.5952433, 44.139804 ], [ 4.5954015, 44.1422315 ], [ 4.5951719, 44.1446115 ], [ 4.5949648, 44.1485036 ], [ 4.5945979, 44.1493722 ], [ 4.5936057, 44.1505534 ], [ 4.5932739, 44.1513396 ], [ 4.592528, 44.1522957 ], [ 4.5924032, 44.152708 ], [ 4.5922515, 44.1543433 ], [ 4.5920015, 44.1548394 ], [ 4.591971, 44.1552224 ], [ 4.5915676, 44.1555965 ], [ 4.5912007, 44.1558035 ], [ 4.5910996, 44.1560786 ], [ 4.5911739, 44.1569454 ], [ 4.5915046, 44.1577706 ], [ 4.5918507, 44.1580708 ], [ 4.5923228, 44.1583196 ], [ 4.5926358, 44.1587336 ], [ 4.593174, 44.1591057 ], [ 4.5939207, 44.1593785 ], [ 4.5940194, 44.1595535 ], [ 4.594147, 44.1600459 ], [ 4.5941309, 44.1604098 ], [ 4.5948831, 44.1621688 ], [ 4.5948593, 44.1627012 ], [ 4.5954686, 44.1632901 ], [ 4.5962386, 44.1653233 ], [ 4.5953715, 44.1662002 ], [ 4.5945791, 44.1666682 ], [ 4.5945527, 44.1675094 ], [ 4.5874986, 44.1667907 ], [ 4.5856825, 44.1667413 ], [ 4.5853041, 44.1666739 ], [ 4.5845726, 44.166724 ], [ 4.5827231, 44.167137 ], [ 4.5813773, 44.1669115 ], [ 4.5809889, 44.1669315 ], [ 4.5811358, 44.1678972 ], [ 4.5815697, 44.1682078 ], [ 4.5817448, 44.1697348 ], [ 4.581983, 44.1703823 ], [ 4.5818, 44.1708647 ], [ 4.5818933, 44.1712964 ], [ 4.5823242, 44.1714531 ], [ 4.5837254, 44.1717336 ], [ 4.5848339, 44.1716528 ], [ 4.586361, 44.1713804 ], [ 4.5868515, 44.1714769 ], [ 4.5871741, 44.1716522 ], [ 4.5874849, 44.1723878 ], [ 4.5886347, 44.1740105 ], [ 4.5880825, 44.1738105 ], [ 4.5871474, 44.1736971 ], [ 4.5874136, 44.1765309 ], [ 4.5900196, 44.1748195 ], [ 4.5943046, 44.1735798 ], [ 4.5954653, 44.1728727 ], [ 4.5984604, 44.1724321 ], [ 4.6009383, 44.172683 ], [ 4.6035649, 44.1715171 ], [ 4.6049612, 44.1710038 ], [ 4.6063779, 44.1709536 ], [ 4.607754, 44.1703955 ], [ 4.6095179, 44.1698467 ], [ 4.6107939, 44.1697303 ], [ 4.6117205, 44.1694363 ], [ 4.612209, 44.1694002 ], [ 4.612313, 44.1686049 ], [ 4.6118852, 44.1668862 ], [ 4.6123351, 44.1668242 ], [ 4.6126112, 44.1664134 ], [ 4.6129852, 44.1661082 ], [ 4.6132001, 44.166170199999989 ], [ 4.6138486, 44.1661598 ], [ 4.6143185, 44.1660182 ], [ 4.6146491, 44.166034 ], [ 4.6151549, 44.1666215 ], [ 4.6153095, 44.1665942 ], [ 4.6151924, 44.1655893 ], [ 4.6147167, 44.1652297 ], [ 4.6146429, 44.1645382 ], [ 4.6144537, 44.1642781 ], [ 4.6145802, 44.1637387 ], [ 4.6152135, 44.1638709 ], [ 4.6154852, 44.1637665 ], [ 4.6158124, 44.1639544 ], [ 4.616208, 44.1637623 ], [ 4.6169385, 44.1639024 ], [ 4.6173583, 44.1634515 ], [ 4.617473, 44.1635534 ], [ 4.6174346, 44.1636558 ], [ 4.6177025, 44.1636921 ], [ 4.6175956, 44.1638833 ], [ 4.6182021, 44.1642768 ], [ 4.6191945, 44.1640751 ], [ 4.6189352, 44.1636411 ], [ 4.6191114, 44.163596299999988 ], [ 4.6193962, 44.1637771 ], [ 4.619685, 44.1634488 ], [ 4.6197996, 44.1635846 ], [ 4.6197694, 44.1639162 ], [ 4.6200287, 44.1641597 ], [ 4.6202433, 44.1639417 ], [ 4.6205095, 44.1639051 ], [ 4.6206276, 44.1639889 ], [ 4.6208437, 44.1639856 ], [ 4.6209991, 44.1638772 ], [ 4.6212939, 44.1639592 ], [ 4.6217408, 44.1638879 ], [ 4.6218978, 44.1639156 ], [ 4.6218237, 44.164066 ], [ 4.6219136, 44.16411 ], [ 4.621869, 44.1643171 ], [ 4.6221031, 44.1643221 ], [ 4.6222306, 44.1642372 ], [ 4.6222087, 44.164028 ], [ 4.6225614, 44.1636831 ], [ 4.6226401, 44.163423099999989 ], [ 4.622873, 44.1632915 ], [ 4.6229911, 44.1628525 ], [ 4.6232406, 44.1626843 ], [ 4.623327, 44.162542599999988 ], [ 4.6232813, 44.162400399999989 ], [ 4.6235229, 44.1621506 ], [ 4.6233876, 44.1619458 ], [ 4.6232341, 44.161969 ], [ 4.6231178, 44.1616192 ], [ 4.6229928, 44.1616362 ], [ 4.6229047, 44.1619428 ], [ 4.6225594, 44.1618102 ], [ 4.6223677, 44.1615252 ], [ 4.6223434, 44.1612089 ], [ 4.6225235, 44.1610705 ], [ 4.6226258, 44.1608431 ], [ 4.6225424, 44.1607444 ], [ 4.6226689, 44.1605797 ], [ 4.6225592, 44.1605046 ], [ 4.6226195, 44.1601581 ], [ 4.6220641, 44.1599678 ], [ 4.6215317, 44.1596025 ], [ 4.6212465, 44.1596939 ], [ 4.6208321, 44.1603126 ], [ 4.6203138, 44.1600262 ], [ 4.6198201, 44.159891 ], [ 4.6196081, 44.1599104 ], [ 4.6193028, 44.1596709 ], [ 4.6192447, 44.1593516 ], [ 4.6194326, 44.1591038 ], [ 4.6190278, 44.1587339 ], [ 4.618318, 44.1588074 ], [ 4.6175773, 44.1583916 ], [ 4.6169988, 44.1581863 ], [ 4.617203, 44.1578525 ], [ 4.6170093, 44.1565763 ], [ 4.6173044, 44.1561925 ], [ 4.6170611, 44.1559157 ], [ 4.6170668, 44.1555393 ], [ 4.6179808, 44.1547185 ], [ 4.6183769, 44.1556276 ], [ 4.6192801, 44.1558273 ], [ 4.6193839, 44.1565523 ], [ 4.6190731, 44.1570628 ], [ 4.619646, 44.1577277 ], [ 4.6198249, 44.1578373 ], [ 4.6208985, 44.1579315 ], [ 4.6215817, 44.1581094 ], [ 4.6223886, 44.1580302 ], [ 4.622724, 44.1581198 ], [ 4.6230553, 44.1586559 ], [ 4.6232527, 44.1593675 ], [ 4.6240103, 44.1595552 ], [ 4.6240106, 44.1602716 ], [ 4.6243029, 44.1604687 ], [ 4.6241625, 44.16077 ], [ 4.6239686, 44.1608462 ], [ 4.6240499, 44.1611336 ], [ 4.6243525, 44.1612258 ], [ 4.6244778, 44.1614649 ], [ 4.6248008, 44.1614395 ], [ 4.6249997, 44.1611857 ], [ 4.6254947, 44.161357099999989 ], [ 4.625988, 44.1612619 ], [ 4.6259565, 44.1607675 ], [ 4.6261633, 44.1607383 ], [ 4.6263472, 44.1607253 ], [ 4.6270297, 44.161042 ], [ 4.6271922, 44.1608868 ], [ 4.628211, 44.1610014 ], [ 4.6290585, 44.1615608 ], [ 4.6297301, 44.1621377 ], [ 4.6309347, 44.1624084 ], [ 4.6315823, 44.1626355 ], [ 4.6335601, 44.1629323 ], [ 4.6343599, 44.1619102 ], [ 4.6351591, 44.1612585 ], [ 4.635017, 44.1606885 ], [ 4.633735, 44.1593857 ], [ 4.6333803, 44.1576172 ], [ 4.6342207, 44.1578977 ], [ 4.6339579, 44.1573226 ], [ 4.6340487, 44.1572192 ], [ 4.635245, 44.1581092 ], [ 4.6353965, 44.1577317 ], [ 4.6353691, 44.1572773 ], [ 4.6356645, 44.1569166 ], [ 4.6359303, 44.1569356 ], [ 4.6358642, 44.1562307 ], [ 4.6369338, 44.1560521 ], [ 4.6370316, 44.1561026 ], [ 4.6376814, 44.1560497 ], [ 4.6383241, 44.1559153 ], [ 4.6385871, 44.1556138 ], [ 4.6387952, 44.1555342 ], [ 4.6391493, 44.1555056 ], [ 4.6393208, 44.1555751 ], [ 4.6399864, 44.1549633 ], [ 4.6404246, 44.1552699 ], [ 4.6409684, 44.1549704 ], [ 4.6411588, 44.1549391 ], [ 4.6419692, 44.1550196 ], [ 4.6419637, 44.1542458 ], [ 4.6426949, 44.1541338 ], [ 4.6428304, 44.154049799999989 ], [ 4.6433115, 44.1540767 ], [ 4.643822, 44.1536562 ], [ 4.6438574, 44.1534902 ], [ 4.644881, 44.1535282 ], [ 4.6452824, 44.153171199999989 ], [ 4.6457015, 44.1529757 ], [ 4.6458685, 44.1525378 ], [ 4.646874, 44.1516953 ], [ 4.6472787, 44.1515966 ], [ 4.6481773, 44.150852 ], [ 4.6484861, 44.1507338 ], [ 4.649033, 44.1506494 ], [ 4.6496537, 44.1506513 ], [ 4.650938, 44.1508636 ], [ 4.6518761, 44.1513129 ], [ 4.6522106, 44.1512263 ], [ 4.6523056, 44.1497011 ], [ 4.6535293, 44.1484696 ], [ 4.653563, 44.147123 ], [ 4.6553465, 44.1463437 ], [ 4.6560291, 44.1462126 ], [ 4.6554287, 44.1457213 ], [ 4.6542879, 44.1450553 ], [ 4.6538387, 44.1447001 ], [ 4.6524907, 44.1429712 ], [ 4.6518688, 44.1426493 ], [ 4.6514878, 44.1422301 ], [ 4.6512423, 44.1421294 ], [ 4.6506174, 44.1420479 ], [ 4.6501345, 44.1418238 ], [ 4.6488403, 44.1408638 ], [ 4.6487785, 44.140284 ], [ 4.6484062, 44.1393894 ], [ 4.6471937, 44.1396525 ], [ 4.6457872, 44.139645699999988 ], [ 4.6442489, 44.1393654 ], [ 4.6437034, 44.1391764 ], [ 4.6430114, 44.1388051 ], [ 4.6422119, 44.1374847 ], [ 4.6418864, 44.1371664 ], [ 4.6415381, 44.1371365 ], [ 4.6408586, 44.136638 ], [ 4.6402454, 44.135963 ], [ 4.6401143, 44.1356202 ], [ 4.6396892, 44.1353168 ], [ 4.6392769, 44.1346271 ], [ 4.6386122, 44.1340753 ], [ 4.6380809, 44.133336899999989 ], [ 4.6373183, 44.1327235 ], [ 4.6361169, 44.1306763 ], [ 4.635146, 44.129815699999988 ], [ 4.6345916, 44.1290534 ], [ 4.6345684, 44.1288971 ], [ 4.6357838, 44.1292643 ], [ 4.6371937, 44.1301336 ], [ 4.6382277, 44.1310121 ], [ 4.6391255, 44.1315865 ], [ 4.6406527, 44.132274 ], [ 4.6413475, 44.1324841 ], [ 4.6420983, 44.1325134 ], [ 4.6421556, 44.1323766 ], [ 4.6413522, 44.1310446 ], [ 4.6412081, 44.1305984 ], [ 4.641816, 44.1301806 ], [ 4.6428876, 44.1288988 ], [ 4.6431999, 44.1288923 ], [ 4.6453642, 44.1296106 ], [ 4.6460674, 44.1284712 ], [ 4.6464306, 44.1281938 ], [ 4.6499482, 44.127175 ], [ 4.6532928, 44.1258858 ], [ 4.6565464, 44.1263696 ], [ 4.6569629, 44.1258655 ], [ 4.6574496, 44.1255404 ], [ 4.6592544, 44.1254122 ], [ 4.6605478, 44.1249803 ], [ 4.6613072, 44.124919299999988 ], [ 4.6628303, 44.1250357 ], [ 4.6652338, 44.1255079 ], [ 4.6659451, 44.1252135 ], [ 4.6665781, 44.1252354 ], [ 4.6666263, 44.1249601 ], [ 4.6667236, 44.124955 ], [ 4.6690331, 44.1255041 ], [ 4.6696337, 44.1248873 ], [ 4.670836, 44.1241659 ], [ 4.6714143, 44.1244064 ], [ 4.6719106, 44.1247941 ], [ 4.6730464, 44.1251242 ], [ 4.6731614, 44.1251252 ], [ 4.6732615, 44.124877 ], [ 4.6746059, 44.124608 ], [ 4.6749832, 44.1246445 ], [ 4.6754399, 44.12513 ], [ 4.6764985, 44.1265704 ], [ 4.6794319, 44.1245414 ], [ 4.6804887, 44.1239301 ], [ 4.6818275, 44.1235584 ], [ 4.6826009, 44.1235529 ], [ 4.6833318, 44.1235885 ], [ 4.683456, 44.1237729 ], [ 4.684514, 44.1239646 ], [ 4.6855838, 44.1227391 ], [ 4.6862048, 44.1224001 ], [ 4.6873371, 44.1221459 ], [ 4.6892087, 44.1214545 ], [ 4.690109, 44.1212191 ], [ 4.6919997, 44.120458 ], [ 4.6941472, 44.1198469 ], [ 4.695172, 44.119344 ], [ 4.6962802, 44.1185815 ], [ 4.696775, 44.1183289 ], [ 4.6987354, 44.1175225 ], [ 4.698952, 44.1173274 ], [ 4.6991276, 44.1168458 ], [ 4.6989599, 44.1160012 ], [ 4.6986764, 44.115587 ], [ 4.6972443, 44.1140778 ], [ 4.6965347, 44.113203 ], [ 4.6961195, 44.112437 ], [ 4.6961295, 44.1112647 ], [ 4.6965779, 44.1105043 ], [ 4.6972182, 44.1099362 ], [ 4.6980248, 44.1095825 ], [ 4.7026412, 44.1086097 ], [ 4.7060741, 44.1077992 ], [ 4.7061499, 44.1098236 ], [ 4.7069343, 44.1136456 ], [ 4.7086247, 44.1156745 ], [ 4.7096503, 44.1171601 ], [ 4.7103124, 44.1183589 ], [ 4.7106861, 44.1195234 ], [ 4.7109634, 44.1209757 ], [ 4.7111728, 44.1245275 ], [ 4.7116027, 44.1270191 ], [ 4.7115354, 44.1337109 ], [ 4.7116595, 44.1346344 ], [ 4.711896, 44.1351844 ], [ 4.712605, 44.1362276 ], [ 4.716944, 44.1409059 ], [ 4.7174482, 44.1415804 ], [ 4.7184686, 44.1434505 ], [ 4.7188724, 44.1446488 ], [ 4.7190475, 44.1466788 ], [ 4.7190073, 44.148616 ], [ 4.7181229, 44.152325499999989 ], [ 4.7177439, 44.1551763 ], [ 4.7170622, 44.1584388 ], [ 4.7166807, 44.1626185 ], [ 4.7158607, 44.165947 ], [ 4.7178559, 44.1719144 ], [ 4.7180334, 44.1736051 ], [ 4.7173504, 44.1752201 ], [ 4.7163804, 44.1766947 ], [ 4.718011, 44.1773759 ], [ 4.7196922, 44.177083 ], [ 4.7197146, 44.177576 ], [ 4.7199591, 44.1779242 ], [ 4.720092, 44.1803304 ], [ 4.720685, 44.1816536 ], [ 4.721861, 44.1833871 ], [ 4.7218522, 44.1838797 ], [ 4.722301, 44.1853527 ], [ 4.72248, 44.1871721 ], [ 4.7222929, 44.1876468 ], [ 4.7200697, 44.189304 ], [ 4.719655, 44.1894942 ], [ 4.7190668, 44.1896123 ], [ 4.7189086, 44.1897183 ], [ 4.717684, 44.1900616 ], [ 4.7154769, 44.1910622 ], [ 4.7142995, 44.1913948 ], [ 4.7129624, 44.1915777 ], [ 4.7122893, 44.1915801 ], [ 4.7111039, 44.1914428 ], [ 4.7095314, 44.1916204 ], [ 4.7084975, 44.1918175 ], [ 4.7058032, 44.1927228 ], [ 4.7048066, 44.1949566 ], [ 4.7046163, 44.1964126 ], [ 4.7041571, 44.1980007 ], [ 4.7041858, 44.1995406 ], [ 4.7046739, 44.2007088 ], [ 4.7053938, 44.2016772 ], [ 4.7075334, 44.2040342 ], [ 4.709208, 44.2061986 ], [ 4.7097013, 44.2072407 ], [ 4.7097998, 44.2076866 ], [ 4.7097791, 44.2090779 ], [ 4.7092523, 44.2110379 ], [ 4.7082256, 44.2128176 ], [ 4.7071943, 44.2138636 ], [ 4.706381, 44.2144578 ], [ 4.7058803, 44.2147069 ], [ 4.7031567, 44.2157188 ], [ 4.7021249, 44.215878 ], [ 4.7001361, 44.2159313 ], [ 4.6942019, 44.215448699999989 ], [ 4.689221, 44.2140624 ], [ 4.6872596, 44.2133922 ], [ 4.6835945, 44.2124644 ], [ 4.6810563, 44.2121783 ], [ 4.6795606, 44.2121814 ], [ 4.6774418, 44.212407399999989 ], [ 4.6766564, 44.2126408 ], [ 4.6754059, 44.2133613 ], [ 4.6745692, 44.2141105 ], [ 4.6740445, 44.2147397 ], [ 4.671052, 44.214246 ], [ 4.6704184, 44.2142376 ], [ 4.6694968, 44.2145271 ], [ 4.6681118, 44.2155322 ], [ 4.6674791, 44.2149593 ], [ 4.6670193, 44.2143892 ], [ 4.6665203, 44.2132552 ], [ 4.6662801, 44.2135137 ], [ 4.6654182, 44.2133629 ], [ 4.6648664, 44.2137971 ], [ 4.6641708, 44.2139805 ], [ 4.6638693, 44.2139869 ], [ 4.6629689, 44.2137169 ], [ 4.6627546, 44.213794 ], [ 4.6625353, 44.2141718 ], [ 4.662252, 44.214202199999988 ], [ 4.6613677, 44.2138834 ], [ 4.6614629, 44.2141827 ], [ 4.6612722, 44.2144277 ], [ 4.6599961, 44.215178099999989 ], [ 4.6582812, 44.2154804 ], [ 4.6555302, 44.216225 ], [ 4.6544131, 44.2163814 ], [ 4.653875, 44.2163445 ], [ 4.6517503, 44.2164593 ], [ 4.6512692, 44.2169185 ], [ 4.6507165, 44.2171555 ], [ 4.6500961, 44.2173035 ], [ 4.6482795, 44.2172074 ], [ 4.6477335, 44.2170293 ], [ 4.6474671, 44.2166497 ], [ 4.6454846, 44.2161006 ], [ 4.6443446, 44.215293 ], [ 4.6440211, 44.2151439 ], [ 4.643364, 44.2150601 ], [ 4.6429014, 44.2151652 ], [ 4.6425458, 44.2154226 ], [ 4.6419379, 44.2155271 ], [ 4.6407535, 44.2159958 ], [ 4.6395482, 44.2140089 ], [ 4.6380395, 44.2141269 ], [ 4.6360236, 44.2141074 ], [ 4.6352516, 44.2138992 ], [ 4.6343769, 44.2137799 ], [ 4.631243, 44.2135339 ], [ 4.6276784, 44.2130224 ], [ 4.6231638, 44.2118549 ], [ 4.6229506, 44.2114467 ], [ 4.6225308, 44.2109919 ], [ 4.6220221, 44.2106654 ], [ 4.6217016, 44.2106198 ], [ 4.6214964, 44.2104913 ], [ 4.6211893, 44.2105193 ], [ 4.6210062, 44.2104185 ], [ 4.6207776, 44.2104795 ], [ 4.619788, 44.2102771 ], [ 4.6180779, 44.2100881 ], [ 4.6150999, 44.2099005 ], [ 4.6130761, 44.2095531 ], [ 4.6121533, 44.2086592 ], [ 4.61178, 44.208165 ], [ 4.6113695, 44.2078568 ], [ 4.6107896, 44.2075781 ], [ 4.6089165, 44.2071096 ], [ 4.6076569, 44.2065176 ], [ 4.6068482, 44.2064241 ], [ 4.6059381, 44.2064618 ], [ 4.605498, 44.2066113 ], [ 4.6043184, 44.2066763 ], [ 4.6039788, 44.2069288 ], [ 4.6037819, 44.2072243 ], [ 4.6028521, 44.2081157 ], [ 4.6006021, 44.209507 ], [ 4.6005485, 44.2096041 ], [ 4.6010267, 44.2126698 ], [ 4.5983486, 44.2126008 ], [ 4.5978682, 44.2124763 ], [ 4.5964039, 44.2123041 ], [ 4.5948633, 44.2119565 ], [ 4.5936986, 44.2119338 ], [ 4.5923896, 44.212257099999988 ], [ 4.5916389, 44.2122698 ], [ 4.5916125, 44.2127986 ], [ 4.5912396, 44.2130714 ], [ 4.5908746, 44.2131352 ], [ 4.5902296, 44.2129888 ], [ 4.5900124, 44.2131423 ], [ 4.5895697, 44.2132918 ], [ 4.5879769, 44.2129125 ], [ 4.586589, 44.2126976 ], [ 4.5836899, 44.2129159 ], [ 4.5823272, 44.213157 ] ], [ [ 4.6207897, 44.1646816 ], [ 4.6210833, 44.1647218 ], [ 4.6212014, 44.1645479 ], [ 4.6208475, 44.1646604 ], [ 4.6209606, 44.1645378 ], [ 4.6208651, 44.1644837 ], [ 4.6207897, 44.1646816 ] ] ] ] } },
{ "type": "Feature", "properties": { "code_departement": 30.0, "code_rne": "0300059B", "multisecteur": 0.0 }, "geometry": { "type": "MultiPolygon", "coordinates": [ [ [ [ 4.2964428, 43.8313366 ], [ 4.2957426, 43.8312886 ], [ 4.2956694, 43.8311843 ], [ 4.2925973, 43.8314902 ], [ 4.2923339, 43.8308268 ], [ 4.292327, 43.830357 ], [ 4.2925073, 43.8296979 ], [ 4.2924514, 43.8292035 ], [ 4.2925739, 43.8271437 ], [ 4.2926653, 43.8267358 ], [ 4.2930072, 43.8261864 ], [ 4.2931713, 43.8256903 ], [ 4.294238, 43.8242115 ], [ 4.2950255, 43.8235794 ], [ 4.2955674, 43.8224236 ], [ 4.2962285, 43.821757 ], [ 4.2966745, 43.821087399999989 ], [ 4.297575, 43.8203432 ], [ 4.2978776, 43.8203144 ], [ 4.2983588, 43.8199928 ], [ 4.2986934, 43.8184705 ], [ 4.3003834, 43.8179562 ], [ 4.3006962, 43.8177185 ], [ 4.3015514, 43.8173375 ], [ 4.3014695, 43.8172359 ], [ 4.3016456, 43.8166712 ], [ 4.3025585, 43.81588 ], [ 4.3032957, 43.8150099 ], [ 4.3037513, 43.8147156 ], [ 4.3048861, 43.8135725 ], [ 4.3040259, 43.8134037 ], [ 4.3040798, 43.8133139 ], [ 4.3051168, 43.8122458 ], [ 4.3056509, 43.8119019 ], [ 4.3070465, 43.8102784 ], [ 4.307714, 43.8107368 ], [ 4.3089123, 43.8112684 ], [ 4.3083272, 43.812265 ], [ 4.3088139, 43.8125456 ], [ 4.3094972, 43.813198 ], [ 4.3102856, 43.8131804 ], [ 4.310613, 43.8130019 ], [ 4.3113119, 43.8136108 ], [ 4.3120863, 43.8141004 ], [ 4.3125552, 43.8142975 ], [ 4.3127813, 43.8145483 ], [ 4.3131675, 43.814654 ], [ 4.3133879, 43.8148807 ], [ 4.3133916, 43.8154083 ], [ 4.3147003, 43.815654 ], [ 4.3150288, 43.8155082 ], [ 4.3152415, 43.8155001 ], [ 4.3171069, 43.8166803 ], [ 4.3172947, 43.8168303 ], [ 4.3173976, 43.8173158 ], [ 4.3177788, 43.8177559 ], [ 4.3184343, 43.8178767 ], [ 4.3184586, 43.8181169 ], [ 4.3190088, 43.8186282 ], [ 4.3195489, 43.8189172 ], [ 4.3196224, 43.819100399999989 ], [ 4.3202195, 43.8194109 ], [ 4.3205501, 43.819921 ], [ 4.3208415, 43.8210108 ], [ 4.3212959, 43.8216382 ], [ 4.3225477, 43.8222331 ], [ 4.3232114, 43.8227077 ], [ 4.3234953, 43.8226801 ], [ 4.3243244, 43.8228571 ], [ 4.3256472, 43.82267 ], [ 4.3271687, 43.823040299999988 ], [ 4.327422, 43.8233384 ], [ 4.3283577, 43.8233161 ], [ 4.3286393, 43.8238042 ], [ 4.3297752, 43.8243176 ], [ 4.329934, 43.8245381 ], [ 4.330391, 43.8248459 ], [ 4.330728, 43.8259084 ], [ 4.331465, 43.8258946 ], [ 4.3322895, 43.8264448 ], [ 4.332971, 43.8271585 ], [ 4.3338036, 43.8270543 ], [ 4.3342171, 43.8272119 ], [ 4.3343117, 43.8274304 ], [ 4.3342681, 43.8277303 ], [ 4.3347041, 43.8278577 ], [ 4.335488, 43.8285629 ], [ 4.3359714, 43.828648 ], [ 4.336718, 43.8277977 ], [ 4.3377992, 43.8281329 ], [ 4.3380272, 43.8280709 ], [ 4.3379257, 43.827339599999988 ], [ 4.3381786, 43.8271924 ], [ 4.3378405, 43.8268143 ], [ 4.3379746, 43.8268074 ], [ 4.3384376, 43.8265268 ], [ 4.3382873, 43.8262215 ], [ 4.3379336, 43.8258507 ], [ 4.3376368, 43.825711 ], [ 4.3387183, 43.8252797 ], [ 4.3388427, 43.8251595 ], [ 4.3392796, 43.8250766 ], [ 4.3397369, 43.8251257 ], [ 4.3398041, 43.8252356 ], [ 4.3399829, 43.8252798 ], [ 4.3403754, 43.8252803 ], [ 4.3408061, 43.8248143 ], [ 4.3395303, 43.8243038 ], [ 4.3391117, 43.8238202 ], [ 4.3387596, 43.8237525 ], [ 4.3380272, 43.8239987 ], [ 4.3374762, 43.823915 ], [ 4.3374127, 43.8230343 ], [ 4.3365676, 43.8234998 ], [ 4.3366042, 43.8230147 ], [ 4.3359238, 43.822615 ], [ 4.3362626, 43.8221322 ], [ 4.3369385, 43.8221463 ], [ 4.3374064, 43.822355 ], [ 4.3377068, 43.8222744 ], [ 4.3378443, 43.822034 ], [ 4.3377673, 43.8217647 ], [ 4.3380932, 43.8215913 ], [ 4.3383169, 43.8215816 ], [ 4.3390104, 43.8211955 ], [ 4.3390675, 43.8210564 ], [ 4.3394072, 43.8210058 ], [ 4.3401993, 43.8206221 ], [ 4.3407608, 43.8205828 ], [ 4.3411738, 43.8202653 ], [ 4.3411125, 43.8200488 ], [ 4.3401925, 43.819695 ], [ 4.3397638, 43.8196443 ], [ 4.3386454, 43.8193058 ], [ 4.3385177, 43.819166599999988 ], [ 4.3381103, 43.8191352 ], [ 4.337707, 43.8187581 ], [ 4.3382732, 43.8180081 ], [ 4.3384125, 43.8180491 ], [ 4.3392146, 43.8172564 ], [ 4.3394227, 43.8174621 ], [ 4.3394735, 43.8176455 ], [ 4.3399595, 43.8175671 ], [ 4.3401525, 43.8178194 ], [ 4.3400793, 43.8180427 ], [ 4.3410666, 43.8177341 ], [ 4.3414322, 43.8177383 ], [ 4.3415649, 43.8184781 ], [ 4.3417783, 43.8184744 ], [ 4.341889, 43.8185996 ], [ 4.3421113, 43.81866 ], [ 4.3421648, 43.8188127 ], [ 4.3425198, 43.8188167 ], [ 4.3425619, 43.8189697 ], [ 4.3427484, 43.8189716 ], [ 4.342989, 43.819215799999988 ], [ 4.3432797, 43.8191509 ], [ 4.3433469, 43.819274 ], [ 4.3437287, 43.81951 ], [ 4.3440288, 43.8195173 ], [ 4.3440269, 43.8196375 ], [ 4.3443123, 43.8196978 ], [ 4.345057, 43.8201219 ], [ 4.345337, 43.8201984 ], [ 4.3454559, 43.8203305 ], [ 4.3457899, 43.8203676 ], [ 4.3459219, 43.8206396 ], [ 4.3461482, 43.820614 ], [ 4.3463772, 43.820682 ], [ 4.3464233, 43.8207826 ], [ 4.3465657, 43.820769899999988 ], [ 4.3467384, 43.82093 ], [ 4.346995, 43.8210182 ], [ 4.3463573, 43.8216157 ], [ 4.3477787, 43.8227258 ], [ 4.3478153, 43.823228 ], [ 4.3479354, 43.823468899999988 ], [ 4.347757, 43.8236907 ], [ 4.3480259, 43.8241009 ], [ 4.3475111, 43.8242681 ], [ 4.3474759, 43.824445 ], [ 4.3471344, 43.8247923 ], [ 4.3474542, 43.8252824 ], [ 4.3472618, 43.8256982 ], [ 4.347396, 43.8260534 ], [ 4.3481897, 43.8260551 ], [ 4.3483664, 43.8263746 ], [ 4.3482797, 43.8267248 ], [ 4.348483, 43.8271605 ], [ 4.3494605, 43.8268109 ], [ 4.3497187, 43.8264782 ], [ 4.3499734, 43.8264524 ], [ 4.3503957, 43.8268086 ], [ 4.3502946, 43.8269423 ], [ 4.350437, 43.8269834 ], [ 4.3504805, 43.8268504 ], [ 4.3509833, 43.8267539 ], [ 4.3511621, 43.8265771 ], [ 4.3514003, 43.826545 ], [ 4.3518167, 43.8266352 ], [ 4.3519206, 43.8268653 ], [ 4.3525995, 43.8270186 ], [ 4.3526481, 43.8272044 ], [ 4.3531412, 43.8274305 ], [ 4.3529504, 43.8277314 ], [ 4.3529449, 43.8283529 ], [ 4.3519371, 43.831556 ], [ 4.3520722, 43.832331 ], [ 4.3515543, 43.8328548 ], [ 4.3507517, 43.8356185 ], [ 4.350441, 43.8355107 ], [ 4.3494057, 43.8354284 ], [ 4.3492423, 43.8353535 ], [ 4.3489677, 43.8353835 ], [ 4.3489214, 43.8352126 ], [ 4.3488007, 43.835214699999987 ], [ 4.3485926, 43.8350637 ], [ 4.3484908, 43.8348553 ], [ 4.3478985, 43.8346699 ], [ 4.3476194, 43.8349057 ], [ 4.3474146, 43.8353318 ], [ 4.3471088, 43.835582 ], [ 4.3467075, 43.8361121 ], [ 4.3465468, 43.8362155 ], [ 4.3462069, 43.8362558 ], [ 4.3462608, 43.8363783 ], [ 4.3461727, 43.8366087 ], [ 4.3458282, 43.8367942 ], [ 4.345657, 43.8368233 ], [ 4.3453619, 43.8366479 ], [ 4.3449685, 43.8359816 ], [ 4.3443312, 43.8361831 ], [ 4.3438251, 43.8361807 ], [ 4.3433068, 43.8359663 ], [ 4.3425779, 43.8359286 ], [ 4.3417679, 43.8360287 ], [ 4.3416404, 43.836227 ], [ 4.3417986, 43.8363818 ], [ 4.3421444, 43.836654 ], [ 4.3427231, 43.8369047 ], [ 4.3428083, 43.8372786 ], [ 4.3425741, 43.8375232 ], [ 4.3424052, 43.8375288 ], [ 4.3422168, 43.8373872 ], [ 4.3420307, 43.8374643 ], [ 4.341877, 43.8373357 ], [ 4.3416018, 43.8373398 ], [ 4.3414607, 43.8374167 ], [ 4.3412996, 43.8372672 ], [ 4.34116, 43.83733 ], [ 4.3411174, 43.8372528 ], [ 4.3408741, 43.837213 ], [ 4.3406398, 43.8373232 ], [ 4.3403906, 43.837131799999987 ], [ 4.3400707, 43.8371998 ], [ 4.3397815, 43.8369631 ], [ 4.3395872, 43.8370791 ], [ 4.339383, 43.8370382 ], [ 4.3392453, 43.8368647 ], [ 4.3390622, 43.8369295 ], [ 4.3385906, 43.8369096 ], [ 4.3384779, 43.8367805 ], [ 4.3381552, 43.836848 ], [ 4.3374106, 43.8366094 ], [ 4.3372037, 43.83671 ], [ 4.3370477, 43.836492 ], [ 4.33672, 43.836445 ], [ 4.3366566, 43.8365177 ], [ 4.3362104, 43.8364584 ], [ 4.3361472, 43.8365457 ], [ 4.3357236, 43.8365167 ], [ 4.3356372, 43.8364143 ], [ 4.3353984, 43.8366774 ], [ 4.3349577, 43.8363888 ], [ 4.3348689, 43.8366398 ], [ 4.3345715, 43.8368184 ], [ 4.3342652, 43.836624099999987 ], [ 4.3346459, 43.8361295 ], [ 4.3346464, 43.8358347 ], [ 4.3342543, 43.8355244 ], [ 4.3338067, 43.8353466 ], [ 4.3337427, 43.8348722 ], [ 4.334202, 43.8345594 ], [ 4.3339592, 43.8336536 ], [ 4.3347568, 43.8331001 ], [ 4.335363, 43.8329339 ], [ 4.3354754, 43.8327346 ], [ 4.3354818, 43.8323628 ], [ 4.3352409, 43.8320331 ], [ 4.3353247, 43.8317582 ], [ 4.3347582, 43.8315999 ], [ 4.3344443, 43.8313741 ], [ 4.3342962, 43.8314923 ], [ 4.3341549, 43.8321864 ], [ 4.3338024, 43.8317333 ], [ 4.3334425, 43.8318297 ], [ 4.3329765, 43.8316972 ], [ 4.3327467, 43.832052 ], [ 4.3323577, 43.832175 ], [ 4.3318193, 43.8320057 ], [ 4.3311684, 43.8314673 ], [ 4.3308315, 43.8314149 ], [ 4.3296731, 43.8316126 ], [ 4.3293982, 43.83105 ], [ 4.3282041, 43.8303796 ], [ 4.3282139, 43.8296842 ], [ 4.3280583, 43.8293345 ], [ 4.3280379, 43.8289781 ], [ 4.3278284, 43.8287175 ], [ 4.326974, 43.8286246 ], [ 4.3272297, 43.8279622 ], [ 4.327096, 43.8277106 ], [ 4.3266746, 43.8274591 ], [ 4.326688, 43.827199899999989 ], [ 4.3270221, 43.8267347 ], [ 4.3269291, 43.8264853 ], [ 4.3262284, 43.8264405 ], [ 4.3258104, 43.8265303 ], [ 4.3244426, 43.8270363 ], [ 4.3236132, 43.8271374 ], [ 4.3234895, 43.8278722 ], [ 4.3237537, 43.8283943 ], [ 4.323789, 43.8290166 ], [ 4.3239012, 43.829183 ], [ 4.3234972, 43.829845 ], [ 4.3231964, 43.8300351 ], [ 4.3231809, 43.8309534 ], [ 4.3223026, 43.8315604 ], [ 4.3216579, 43.8310728 ], [ 4.320229, 43.8305334 ], [ 4.3196119, 43.8307355 ], [ 4.3192594, 43.831016399999989 ], [ 4.3191814, 43.8314071 ], [ 4.3188605, 43.8319788 ], [ 4.3183228, 43.8317081 ], [ 4.3181231, 43.8316847 ], [ 4.3174, 43.832037 ], [ 4.3169619, 43.8324582 ], [ 4.3160432, 43.8323847 ], [ 4.3154089, 43.8326361 ], [ 4.3150252, 43.8326869 ], [ 4.3144269, 43.8324652 ], [ 4.3141755, 43.832001 ], [ 4.3134409, 43.831519 ], [ 4.3124251, 43.8304156 ], [ 4.3117574, 43.8304263 ], [ 4.3112719, 43.8305961 ], [ 4.3100271, 43.8302715 ], [ 4.3097655, 43.8303632 ], [ 4.3095454, 43.8303381 ], [ 4.3088585, 43.8304522 ], [ 4.3083006, 43.8302401 ], [ 4.3077929, 43.8303289 ], [ 4.3069739, 43.8306946 ], [ 4.3067807, 43.831044 ], [ 4.305358, 43.8309919 ], [ 4.3047529, 43.8305951 ], [ 4.3041706, 43.8305133 ], [ 4.3035855, 43.8314141 ], [ 4.3028277, 43.8310623 ], [ 4.3025675, 43.831045 ], [ 4.302247, 43.8308602 ], [ 4.301675, 43.8307354 ], [ 4.3006611, 43.8308873 ], [ 4.3002007, 43.8312897 ], [ 4.2993359, 43.8310263 ], [ 4.2990303, 43.8314001 ], [ 4.2986249, 43.8313305 ], [ 4.2978184, 43.8311456 ], [ 4.2973772, 43.830255099999988 ], [ 4.2964428, 43.8313366 ] ], [ [ 4.3510355, 43.8324249 ], [ 4.3507504, 43.8321721 ], [ 4.350626, 43.8321088 ], [ 4.3505675, 43.8322462 ], [ 4.3508549, 43.8324226 ], [ 4.3510355, 43.8324249 ] ] ], [ [ [ 4.3243779, 43.83869 ], [ 4.3245405, 43.8389958 ], [ 4.3241346, 43.8388118 ], [ 4.3243447, 43.8386914 ], [ 4.3241795, 43.8382967 ], [ 4.3242411, 43.838255 ], [ 4.3244924, 43.8382303 ], [ 4.3247182, 43.8385891 ], [ 4.3246817, 43.8386538 ], [ 4.3243779, 43.83869 ] ] ], [ [ [ 4.3242263, 43.83959 ], [ 4.3236851, 43.8395541 ], [ 4.3236176, 43.839481 ], [ 4.3242374, 43.8393747 ], [ 4.324118, 43.8392591 ], [ 4.323688, 43.8391645 ], [ 4.3239455, 43.8390203 ], [ 4.3243745, 43.8391022 ], [ 4.3246514, 43.8392365 ], [ 4.3241286, 43.8392594 ], [ 4.3244938, 43.8393789 ], [ 4.3242549, 43.8394965 ], [ 4.3242263, 43.83959 ] ] ], [ [ [ 4.3242249, 43.8403904 ], [ 4.3239474, 43.840376 ], [ 4.3238821, 43.8400855 ], [ 4.3242572, 43.8399846 ], [ 4.3245312, 43.8400788 ], [ 4.3241882, 43.8401528 ], [ 4.3243763, 43.8402883 ], [ 4.3242249, 43.8403904 ] ] ], [ [ [ 4.3238309, 43.8409381 ], [ 4.3250703, 43.8404646 ], [ 4.325604, 43.8407404 ], [ 4.3251333, 43.841025 ], [ 4.3248652, 43.8413597 ], [ 4.3244038, 43.8410996 ], [ 4.3243379, 43.8409396 ], [ 4.3238309, 43.8409381 ] ] ], [ [ [ 4.3249859, 43.8412909 ], [ 4.3253434, 43.8410428 ], [ 4.3258418, 43.840944199999988 ], [ 4.3253685, 43.841243899999988 ], [ 4.3249859, 43.8412909 ] ] ], [ [ [ 4.3256172, 43.8413064 ], [ 4.3262082, 43.8410427 ], [ 4.3263749, 43.8410785 ], [ 4.3249753, 43.8418117 ], [ 4.3256172, 43.8413064 ] ] ] ] } },
{ "type": "Feature", "properties": { "code_departement": 30.0, "code_rne": "0300062E", "multisecteur": 0.0 }, "geometry": { "type": "MultiPolygon", "coordinates": [ [ [ [ 4.3124404, 43.8038724 ], [ 4.31251, 43.8038823 ], [ 4.3138959, 43.8019477 ], [ 4.3148794, 43.801053 ], [ 4.3154669, 43.8003421 ], [ 4.3163046, 43.7995381 ], [ 4.3224781, 43.8055691 ], [ 4.3223014, 43.804915099999988 ], [ 4.3223192, 43.8046098 ], [ 4.3227737, 43.8027134 ], [ 4.3234496, 43.8021193 ], [ 4.3258023, 43.8004203 ], [ 4.3265566, 43.7997775 ], [ 4.3270968, 43.7990176 ], [ 4.3279012, 43.7971637 ], [ 4.3287054, 43.7963169 ], [ 4.3291062, 43.7951717 ], [ 4.3300642, 43.7937857 ], [ 4.3309699, 43.7929826 ], [ 4.3335471, 43.7911313 ], [ 4.334908, 43.7902443 ], [ 4.3374185, 43.7889013 ], [ 4.3343577, 43.7879075 ], [ 4.3340001, 43.7875941 ], [ 4.3326479, 43.7867197 ], [ 4.3328902, 43.7864008 ], [ 4.3314541, 43.7857056 ], [ 4.3312577, 43.785969 ], [ 4.3305863, 43.7857837 ], [ 4.3313002, 43.7850738 ], [ 4.3308232, 43.7849168 ], [ 4.3303732, 43.7845281 ], [ 4.3313705, 43.783237 ], [ 4.3325207, 43.7813662 ], [ 4.3330583, 43.7806621 ], [ 4.333418, 43.7798909 ], [ 4.333221, 43.7797521 ], [ 4.3358337, 43.7756215 ], [ 4.335958, 43.7756802 ], [ 4.3361473, 43.7755411 ], [ 4.3367248, 43.7755412 ], [ 4.3396748, 43.7751162 ], [ 4.3403955, 43.7738581 ], [ 4.3405682, 43.7739136 ], [ 4.340925, 43.773239599999989 ], [ 4.3407803, 43.7732135 ], [ 4.3414453, 43.7718031 ], [ 4.3417234, 43.7718528 ], [ 4.3421475, 43.7710295 ], [ 4.3416445, 43.7707144 ], [ 4.3412251, 43.7702516 ], [ 4.3401729, 43.7695508 ], [ 4.3400014, 43.7691245 ], [ 4.339431, 43.7687382 ], [ 4.3395856, 43.7686562 ], [ 4.3413576, 43.7648311 ], [ 4.341693, 43.7636731 ], [ 4.3413045, 43.7636284 ], [ 4.3431639, 43.756978 ], [ 4.3484486, 43.7572979 ], [ 4.3490353, 43.7575363 ], [ 4.3493615, 43.7575764 ], [ 4.3503836, 43.7575826 ], [ 4.3512861, 43.7574706 ], [ 4.3554663, 43.7568139 ], [ 4.3609738, 43.7555374 ], [ 4.3615211, 43.7556314 ], [ 4.3619165, 43.7528896 ], [ 4.3675279, 43.754061299999989 ], [ 4.3682986, 43.7517638 ], [ 4.3718554, 43.7525795 ], [ 4.3726842, 43.7500715 ], [ 4.3748572, 43.7503402 ], [ 4.3731859, 43.7477973 ], [ 4.3730279, 43.7472151 ], [ 4.3750141, 43.7472603 ], [ 4.3752245, 43.7463549 ], [ 4.3762836, 43.7466719 ], [ 4.3766932, 43.7462032 ], [ 4.3773521, 43.7461391 ], [ 4.3779625, 43.7436483 ], [ 4.3784492, 43.7438023 ], [ 4.3787682, 43.7438046 ], [ 4.3823108, 43.7431702 ], [ 4.3854156, 43.7432288 ], [ 4.3854508, 43.7424247 ], [ 4.390139, 43.7414353 ], [ 4.3975851, 43.7426764 ], [ 4.3992764, 43.7440173 ], [ 4.4008897, 43.7451099 ], [ 4.4027068, 43.7467164 ], [ 4.406015, 43.7511521 ], [ 4.4064719, 43.7522649 ], [ 4.406663, 43.7524118 ], [ 4.4096633, 43.75753 ], [ 4.4073117, 43.7665758 ], [ 4.4045988, 43.7718092 ], [ 4.4032912, 43.7733408 ], [ 4.4013217, 43.7750797 ], [ 4.4005427, 43.7756271 ], [ 4.3985597, 43.7767712 ], [ 4.3969946, 43.7780414 ], [ 4.3945733, 43.7807266 ], [ 4.3915634, 43.7847593 ], [ 4.3909716, 43.7848443 ], [ 4.3904519, 43.7847735 ], [ 4.38849, 43.7839939 ], [ 4.387443, 43.7833376 ], [ 4.3843365, 43.7826868 ], [ 4.383368, 43.7819341 ], [ 4.3823624, 43.7816517 ], [ 4.3813055, 43.7830997 ], [ 4.3802862, 43.7853383 ], [ 4.3802157, 43.7862779 ], [ 4.3803073, 43.7869869 ], [ 4.3805442, 43.7875869 ], [ 4.3806304, 43.7881222 ], [ 4.3804262, 43.7902137 ], [ 4.3799124, 43.7904407 ], [ 4.3793364, 43.7908737 ], [ 4.3788056, 43.7914808 ], [ 4.3786645, 43.7918633 ], [ 4.3762528, 43.7920656 ], [ 4.3754891, 43.7920303 ], [ 4.3734491, 43.791723 ], [ 4.37244, 43.7917123 ], [ 4.3722243, 43.792147 ], [ 4.3711009, 43.793070199999988 ], [ 4.3705392, 43.7933257 ], [ 4.3696572, 43.793541 ], [ 4.3691367, 43.7938554 ], [ 4.3687991, 43.7942853 ], [ 4.368475, 43.7951228 ], [ 4.3674693, 43.7959329 ], [ 4.3671195, 43.7961154 ], [ 4.3660058, 43.7963598 ], [ 4.3665709, 43.796762199999989 ], [ 4.3672893, 43.7970844 ], [ 4.3682028, 43.7973547 ], [ 4.3698447, 43.797686 ], [ 4.3752998, 43.8000194 ], [ 4.3740918, 43.8016142 ], [ 4.3739246, 43.8020015 ], [ 4.3746414, 43.802096 ], [ 4.3775919, 43.8004612 ], [ 4.3791953, 43.8004805 ], [ 4.3801327, 43.800601799999988 ], [ 4.3807193, 43.8007573 ], [ 4.383736, 43.8020781 ], [ 4.3850806, 43.8028477 ], [ 4.3863018, 43.8038582 ], [ 4.387374, 43.8051288 ], [ 4.3875717, 43.8054395 ], [ 4.3877344, 43.8061008 ], [ 4.3880994, 43.8067037 ], [ 4.3886062, 43.8074073 ], [ 4.3895868, 43.8084317 ], [ 4.3907822, 43.8093461 ], [ 4.3916164, 43.809867399999987 ], [ 4.3948833, 43.8114232 ], [ 4.3980564, 43.8135103 ], [ 4.3986429, 43.8137088 ], [ 4.3987245, 43.8137924 ], [ 4.3987617, 43.8144489 ], [ 4.3989563, 43.81473 ], [ 4.3996185, 43.8152255 ], [ 4.4014373, 43.8163496 ], [ 4.398162, 43.8152264 ], [ 4.3958655, 43.8148603 ], [ 4.395299, 43.8157434 ], [ 4.3945296, 43.8162284 ], [ 4.3998299, 43.8187515 ], [ 4.3977352, 43.8196223 ], [ 4.3955614, 43.8215104 ], [ 4.3927333, 43.8211556 ], [ 4.3911866, 43.8207688 ], [ 4.3886587, 43.8216442 ], [ 4.3877831, 43.8227967 ], [ 4.3873897, 43.8244782 ], [ 4.3861648, 43.8249658 ], [ 4.3850073, 43.8248788 ], [ 4.3847107, 43.8247443 ], [ 4.3825183, 43.824809 ], [ 4.3819819, 43.8249642 ], [ 4.3808213, 43.8248763 ], [ 4.3807283, 43.8250761 ], [ 4.3800449, 43.8253572 ], [ 4.3793231, 43.8254299 ], [ 4.3792448, 43.8255039 ], [ 4.3795482, 43.8258133 ], [ 4.3797194, 43.8261403 ], [ 4.3794769, 43.8261531 ], [ 4.3795773, 43.8263704 ], [ 4.37923, 43.8263052 ], [ 4.3791326, 43.8264731 ], [ 4.3789048, 43.8265295 ], [ 4.3787978, 43.8266704 ], [ 4.3788421, 43.8267775 ], [ 4.3785701, 43.8270328 ], [ 4.378448, 43.827104 ], [ 4.3781806, 43.827104899999988 ], [ 4.3778368, 43.827381 ], [ 4.3779061, 43.8277742 ], [ 4.3778262, 43.8277823 ], [ 4.3774988, 43.8283292 ], [ 4.3771344, 43.8284522 ], [ 4.3769649, 43.8287414 ], [ 4.3764383, 43.8285139 ], [ 4.3758571, 43.8280334 ], [ 4.3756996, 43.8277998 ], [ 4.3746302, 43.827252 ], [ 4.3745447, 43.8271332 ], [ 4.3738466, 43.8268562 ], [ 4.3734538, 43.826507 ], [ 4.3725084, 43.826026 ], [ 4.3716141, 43.8252256 ], [ 4.3701112, 43.8248825 ], [ 4.3699354, 43.8244729 ], [ 4.3690335, 43.8234905 ], [ 4.368031, 43.8236088 ], [ 4.3676061, 43.8235281 ], [ 4.3668155, 43.8231049 ], [ 4.3661033, 43.8230666 ], [ 4.3659441, 43.8229933 ], [ 4.3655627, 43.8225604 ], [ 4.3646099, 43.822745 ], [ 4.3643141, 43.8228855 ], [ 4.3640125, 43.8234624 ], [ 4.3636496, 43.8237351 ], [ 4.3636227, 43.8238798 ], [ 4.363117, 43.8243465 ], [ 4.3627887, 43.8242074 ], [ 4.3624423, 43.8243498 ], [ 4.3621911, 43.8246977 ], [ 4.362438, 43.8251716 ], [ 4.3626396, 43.8253152 ], [ 4.3624395, 43.8254996 ], [ 4.3614839, 43.825785 ], [ 4.3615953, 43.8260153 ], [ 4.3613161, 43.8261993 ], [ 4.3615601, 43.8263856 ], [ 4.3611896, 43.8264072 ], [ 4.3611976, 43.8266694 ], [ 4.3614567, 43.8268381 ], [ 4.361242, 43.8270341 ], [ 4.3608606, 43.8269588 ], [ 4.3606275, 43.8270057 ], [ 4.3605463, 43.8273128 ], [ 4.3601073, 43.827768899999988 ], [ 4.3601742, 43.8280086 ], [ 4.3598202, 43.8281231 ], [ 4.3601137, 43.8283598 ], [ 4.3602026, 43.8285791 ], [ 4.3597117, 43.8287296 ], [ 4.3598197, 43.8288367 ], [ 4.3595693, 43.8289176 ], [ 4.3597879, 43.8290915 ], [ 4.3594664, 43.829138 ], [ 4.3593811, 43.829312 ], [ 4.3595332, 43.8294743 ], [ 4.3594103, 43.8296171 ], [ 4.3592484, 43.8296249 ], [ 4.3591438, 43.8297296 ], [ 4.3591983, 43.829943 ], [ 4.3589928, 43.8299728 ], [ 4.3590604, 43.8301085 ], [ 4.3589932, 43.8302022 ], [ 4.3591837, 43.830420599999989 ], [ 4.3588765, 43.8305001 ], [ 4.3589326, 43.8306682 ], [ 4.3587214, 43.8308103 ], [ 4.3585074, 43.8312436 ], [ 4.3585394, 43.8313713 ], [ 4.3583182, 43.8314303 ], [ 4.3584107, 43.8316376 ], [ 4.3582448, 43.8317681 ], [ 4.3581581, 43.8319999 ], [ 4.3579302, 43.8320381 ], [ 4.3574737, 43.8317975 ], [ 4.3571289, 43.8319138 ], [ 4.3568346, 43.8318211 ], [ 4.3566871, 43.8319322 ], [ 4.356587, 43.8318776 ], [ 4.3562677, 43.832037 ], [ 4.3557562, 43.831952 ], [ 4.3556296, 43.8320201 ], [ 4.3555368, 43.8319051 ], [ 4.3553366, 43.8318768 ], [ 4.3552637, 43.8319948 ], [ 4.3551368, 43.83201 ], [ 4.3547619, 43.831934 ], [ 4.3545993, 43.8320236 ], [ 4.3543463, 43.8319802 ], [ 4.3542095, 43.8320458 ], [ 4.3539166, 43.8319763 ], [ 4.3535921, 43.8323345 ], [ 4.3533931, 43.8323444 ], [ 4.35315, 43.8321271 ], [ 4.3528314, 43.8320078 ], [ 4.3524284, 43.8320002 ], [ 4.3520888, 43.8321377 ], [ 4.3519371, 43.831556 ], [ 4.3529449, 43.8283529 ], [ 4.3529504, 43.8277314 ], [ 4.3531412, 43.8274305 ], [ 4.3526481, 43.8272044 ], [ 4.3525995, 43.8270186 ], [ 4.3519206, 43.8268653 ], [ 4.3518167, 43.8266352 ], [ 4.3514003, 43.826545 ], [ 4.3511621, 43.8265771 ], [ 4.3509833, 43.8267539 ], [ 4.3504805, 43.8268504 ], [ 4.350437, 43.8269834 ], [ 4.3502946, 43.8269423 ], [ 4.3503957, 43.8268086 ], [ 4.3499734, 43.8264524 ], [ 4.3497187, 43.8264782 ], [ 4.3494605, 43.8268109 ], [ 4.348483, 43.8271605 ], [ 4.3482797, 43.8267248 ], [ 4.3483664, 43.8263746 ], [ 4.3481897, 43.8260551 ], [ 4.347396, 43.8260534 ], [ 4.3472477, 43.8256286 ], [ 4.3474542, 43.8252824 ], [ 4.3471344, 43.8247923 ], [ 4.3474759, 43.824445 ], [ 4.3475111, 43.8242681 ], [ 4.3480259, 43.8241009 ], [ 4.347757, 43.8236907 ], [ 4.3479354, 43.823468899999988 ], [ 4.3478153, 43.823228 ], [ 4.3477787, 43.8227258 ], [ 4.3463573, 43.8216157 ], [ 4.346995, 43.8210182 ], [ 4.3467384, 43.82093 ], [ 4.3465657, 43.820769899999988 ], [ 4.3464233, 43.8207826 ], [ 4.3463772, 43.820682 ], [ 4.3461482, 43.820614 ], [ 4.3459219, 43.8206396 ], [ 4.3457899, 43.8203676 ], [ 4.3454559, 43.8203305 ], [ 4.345337, 43.8201984 ], [ 4.345057, 43.8201219 ], [ 4.3443123, 43.8196978 ], [ 4.3440269, 43.8196375 ], [ 4.3440288, 43.8195173 ], [ 4.3437287, 43.81951 ], [ 4.3433469, 43.819274 ], [ 4.3432797, 43.8191509 ], [ 4.342989, 43.819215799999988 ], [ 4.3427484, 43.8189716 ], [ 4.3425619, 43.8189697 ], [ 4.3425198, 43.8188167 ], [ 4.3421648, 43.8188127 ], [ 4.3421113, 43.81866 ], [ 4.341889, 43.8185996 ], [ 4.3417783, 43.8184744 ], [ 4.3415649, 43.8184781 ], [ 4.3414322, 43.8177383 ], [ 4.3410666, 43.8177341 ], [ 4.3400793, 43.8180427 ], [ 4.3401525, 43.8178194 ], [ 4.3399595, 43.8175671 ], [ 4.3394735, 43.8176455 ], [ 4.3394227, 43.8174621 ], [ 4.3392146, 43.8172564 ], [ 4.3384125, 43.8180491 ], [ 4.3382732, 43.8180081 ], [ 4.337707, 43.8187581 ], [ 4.3373662, 43.8187576 ], [ 4.336318, 43.8182131 ], [ 4.336074, 43.8179205 ], [ 4.3355988, 43.8176464 ], [ 4.3352756, 43.8176449 ], [ 4.3348421, 43.817506 ], [ 4.3346698, 43.8170248 ], [ 4.3347398, 43.8168138 ], [ 4.334228, 43.8166184 ], [ 4.3340224, 43.816709 ], [ 4.3332882, 43.8166234 ], [ 4.3329687, 43.8162697 ], [ 4.332615, 43.815595 ], [ 4.3316624, 43.8156765 ], [ 4.3311794, 43.8158521 ], [ 4.3309015, 43.8158411 ], [ 4.3300056, 43.8144149 ], [ 4.3285654, 43.8140288 ], [ 4.3283636, 43.813904 ], [ 4.3283924, 43.8137937 ], [ 4.3282277, 43.8135656 ], [ 4.3276332, 43.8135268 ], [ 4.3271627, 43.8130405 ], [ 4.3268183, 43.8131149 ], [ 4.3263492, 43.8130541 ], [ 4.3257841, 43.8129058 ], [ 4.3255317, 43.8127114 ], [ 4.3247504, 43.8125318 ], [ 4.3242666, 43.8100291 ], [ 4.3227954, 43.8096207 ], [ 4.3221648, 43.808985 ], [ 4.3215388, 43.8085112 ], [ 4.3214892, 43.8077011 ], [ 4.3181743, 43.8053998 ], [ 4.3169576, 43.8061242 ], [ 4.3161975, 43.8061669 ], [ 4.3148219, 43.8059333 ], [ 4.3139433, 43.8055812 ], [ 4.3151301, 43.8043759 ], [ 4.3150653, 43.8034868 ], [ 4.3143125, 43.8042696 ], [ 4.3136255, 43.8045589 ], [ 4.3136458, 43.8044462 ], [ 4.3133197, 43.8043311 ], [ 4.3135894, 43.8037279 ], [ 4.3128335, 43.804097 ], [ 4.3128247, 43.8038747 ], [ 4.3124784, 43.8039445 ], [ 4.3124404, 43.8038724 ] ] ], [ [ [ 4.2591386, 43.7848767 ], [ 4.2592648, 43.7847393 ], [ 4.258035, 43.7847427 ], [ 4.2569858, 43.7844821 ], [ 4.2563263, 43.7844294 ], [ 4.2562316, 43.7841326 ], [ 4.2554025, 43.7836562 ], [ 4.2544513, 43.7823712 ], [ 4.2552676, 43.7810208 ], [ 4.2555078, 43.7808164 ], [ 4.2556338, 43.77897 ], [ 4.2552887, 43.778075799999989 ], [ 4.2560648, 43.7771597 ], [ 4.2563591, 43.7769295 ], [ 4.2578343, 43.7761241 ], [ 4.2582522, 43.7760328 ], [ 4.2596958, 43.7759919 ], [ 4.2608129, 43.7754507 ], [ 4.2617732, 43.7751767 ], [ 4.2623498, 43.7748524 ], [ 4.2625023, 43.7743367 ], [ 4.2625006, 43.7739191 ], [ 4.2629097, 43.7727048 ], [ 4.2631753, 43.7726396 ], [ 4.2634876, 43.7721023 ], [ 4.2643806, 43.7710912 ], [ 4.2650469, 43.7701061 ], [ 4.2658737, 43.7695871 ], [ 4.2662174, 43.7694598 ], [ 4.2664718, 43.7694541 ], [ 4.2663996, 43.768829499999988 ], [ 4.2680544, 43.7685187 ], [ 4.2681135, 43.7683821 ], [ 4.2687216, 43.7684182 ], [ 4.2687645, 43.7685068 ], [ 4.2691221, 43.7684468 ], [ 4.269594, 43.7681677 ], [ 4.269838, 43.7679111 ], [ 4.270803, 43.7679691 ], [ 4.2713599, 43.768108399999988 ], [ 4.2714242, 43.7679277 ], [ 4.2716934, 43.7679147 ], [ 4.2724563, 43.7680956 ], [ 4.2728074, 43.7677468 ], [ 4.2734571, 43.7673649 ], [ 4.2739047, 43.766832199999989 ], [ 4.2748354, 43.7653508 ], [ 4.2754109, 43.7649841 ], [ 4.2750468, 43.7642485 ], [ 4.2757671, 43.7635282 ], [ 4.2758758, 43.7635548 ], [ 4.2762297, 43.7633347 ], [ 4.2769246, 43.7625292 ], [ 4.2767592, 43.7622413 ], [ 4.2757872, 43.7618666 ], [ 4.2756289, 43.7607255 ], [ 4.2766031, 43.7593065 ], [ 4.2783302, 43.7570795 ], [ 4.2782611, 43.7567663 ], [ 4.2783827, 43.7567621 ], [ 4.2787567, 43.7564382 ], [ 4.279959, 43.754905 ], [ 4.2803524, 43.7547275 ], [ 4.2806125, 43.7544752 ], [ 4.2817795, 43.7529189 ], [ 4.2821287, 43.7530435 ], [ 4.2838504, 43.7512602 ], [ 4.2839336, 43.7509289 ], [ 4.2844548, 43.7505862 ], [ 4.2846669, 43.7505756 ], [ 4.2848781, 43.7495885 ], [ 4.2847243, 43.7492078 ], [ 4.284159, 43.7484657 ], [ 4.2844964, 43.7479011 ], [ 4.2849976, 43.7477206 ], [ 4.2861099, 43.7459489 ], [ 4.2862084, 43.7458595 ], [ 4.2873986, 43.7465069 ], [ 4.2881583, 43.7467796 ], [ 4.2892478, 43.7447193 ], [ 4.2920492, 43.7404122 ], [ 4.2922733, 43.7405499 ], [ 4.2930953, 43.7396285 ], [ 4.2934701, 43.7385261 ], [ 4.2950983, 43.7361524 ], [ 4.2966737, 43.7360031 ], [ 4.2992174, 43.736187 ], [ 4.3011725, 43.7364148 ], [ 4.3023159, 43.7366432 ], [ 4.3019364, 43.7376908 ], [ 4.3025498, 43.7379219 ], [ 4.3019723, 43.7401437 ], [ 4.3002829, 43.740307 ], [ 4.2980066, 43.7403179 ], [ 4.2934376, 43.741265 ], [ 4.2949775, 43.7421719 ], [ 4.2945179, 43.7432546 ], [ 4.2927006, 43.7454011 ], [ 4.2917922, 43.7459644 ], [ 4.2913279, 43.7467349 ], [ 4.2907059, 43.7466226 ], [ 4.2904449, 43.7466653 ], [ 4.2901009, 43.7473209 ], [ 4.2917734, 43.7477187 ], [ 4.292614, 43.7476124 ], [ 4.2933251, 43.7481494 ], [ 4.2939472, 43.748268 ], [ 4.294928, 43.7487639 ], [ 4.295094, 43.7489095 ], [ 4.2952613, 43.7492801 ], [ 4.2951898, 43.7499605 ], [ 4.2958984, 43.7505523 ], [ 4.2961724, 43.7505922 ], [ 4.2963883, 43.7505312 ], [ 4.2966791, 43.7501056 ], [ 4.2972128, 43.7499859 ], [ 4.2976659, 43.7497141 ], [ 4.2986155, 43.749485 ], [ 4.2988705, 43.749508 ], [ 4.2992032, 43.7503293 ], [ 4.2995277, 43.7505118 ], [ 4.3001106, 43.7505948 ], [ 4.3003529, 43.7507143 ], [ 4.3006703, 43.7511848 ], [ 4.300914, 43.7513655 ], [ 4.3016285, 43.7513363 ], [ 4.3017449, 43.751487 ], [ 4.3017264, 43.7519318 ], [ 4.3018939, 43.7524149 ], [ 4.3018637, 43.7526168 ], [ 4.3014672, 43.7528718 ], [ 4.3009879, 43.7528685 ], [ 4.3007538, 43.7533843 ], [ 4.3010149, 43.7539445 ], [ 4.3005985, 43.7541448 ], [ 4.3004811, 43.754499 ], [ 4.29997, 43.7546239 ], [ 4.2996994, 43.754790899999989 ], [ 4.2995137, 43.7550352 ], [ 4.2998188, 43.7562241 ], [ 4.2988832, 43.7584942 ], [ 4.2988011, 43.7593609 ], [ 4.2989407, 43.7598228 ], [ 4.2987317, 43.7603517 ], [ 4.2982433, 43.7605546 ], [ 4.2981493, 43.7611192 ], [ 4.2999238, 43.7619944 ], [ 4.3007656, 43.7622606 ], [ 4.301371, 43.7622894 ], [ 4.3022886, 43.7621254 ], [ 4.3028271, 43.7621037 ], [ 4.3056583, 43.7625396 ], [ 4.3061495, 43.7626777 ], [ 4.3064501, 43.7628424 ], [ 4.3072411, 43.7635493 ], [ 4.3078257, 43.764409 ], [ 4.308712, 43.7649896 ], [ 4.3097304, 43.7652645 ], [ 4.3102501, 43.7658324 ], [ 4.3103819, 43.7662754 ], [ 4.3090555, 43.7667027 ], [ 4.3089177, 43.767031 ], [ 4.3088613, 43.7678777 ], [ 4.3077582, 43.7687324 ], [ 4.3066496, 43.7704953 ], [ 4.3063783, 43.7705237 ], [ 4.3045077, 43.7702969 ], [ 4.3036726, 43.7714192 ], [ 4.3045093, 43.7716729 ], [ 4.304343, 43.7720079 ], [ 4.3045683, 43.7721384 ], [ 4.3031106, 43.7742285 ], [ 4.3033952, 43.7743979 ], [ 4.3029357, 43.7750559 ], [ 4.3030795, 43.7751523 ], [ 4.3029261, 43.7758336 ], [ 4.3019532, 43.7776731 ], [ 4.3013859, 43.7774711 ], [ 4.3009635, 43.7779585 ], [ 4.3005713, 43.778244 ], [ 4.2999184, 43.7784822 ], [ 4.2989642, 43.778967 ], [ 4.2983488, 43.7794891 ], [ 4.297667, 43.7796052 ], [ 4.2962535, 43.7802647 ], [ 4.2942634, 43.78174 ], [ 4.2937372, 43.7823672 ], [ 4.2934819, 43.7832721 ], [ 4.2928418, 43.7842472 ], [ 4.2930291, 43.7851665 ], [ 4.2907514, 43.7856885 ], [ 4.2892178, 43.7858849 ], [ 4.2889615, 43.7861975 ], [ 4.2887529, 43.7866986 ], [ 4.2886581, 43.7867375 ], [ 4.2883837, 43.7876263 ], [ 4.2880474, 43.7881379 ], [ 4.2871272, 43.7881011 ], [ 4.2871004, 43.7883984 ], [ 4.2867297, 43.7891525 ], [ 4.2864635, 43.7893545 ], [ 4.2862051, 43.7894134 ], [ 4.286128, 43.7893522 ], [ 4.2851191, 43.7899563 ], [ 4.2844612, 43.7898173 ], [ 4.2836165, 43.7908191 ], [ 4.2834435, 43.7911379 ], [ 4.2832784, 43.791255 ], [ 4.2829399, 43.7913364 ], [ 4.2827247, 43.7916036 ], [ 4.2828284, 43.7921297 ], [ 4.2822524, 43.7921482 ], [ 4.2820729, 43.7933959 ], [ 4.2815706, 43.7932704 ], [ 4.2815549, 43.7931806 ], [ 4.2811823, 43.7931877 ], [ 4.2811428, 43.7934762 ], [ 4.2809836, 43.7935239 ], [ 4.2809763, 43.793695 ], [ 4.2813295, 43.7938232 ], [ 4.2813749, 43.7946281 ], [ 4.2806491, 43.7946781 ], [ 4.2788469, 43.7954804 ], [ 4.2785326, 43.7957622 ], [ 4.2781417, 43.7963401 ], [ 4.2773516, 43.7967894 ], [ 4.2766823, 43.7976433 ], [ 4.2762539, 43.7979903 ], [ 4.2761848, 43.7981225 ], [ 4.2764289, 43.7982601 ], [ 4.276281, 43.7986506 ], [ 4.2756706, 43.7985803 ], [ 4.2757111, 43.79839 ], [ 4.2754755, 43.7983549 ], [ 4.2752035, 43.7979729 ], [ 4.2752925, 43.7978405 ], [ 4.2751936, 43.7978038 ], [ 4.2756265, 43.7971606 ], [ 4.2748298, 43.796927 ], [ 4.2749599, 43.7964628 ], [ 4.2731018, 43.7959941 ], [ 4.2742431, 43.7952427 ], [ 4.2738788, 43.7948393 ], [ 4.2737495, 43.794389 ], [ 4.2731367, 43.7946023 ], [ 4.2720999, 43.7944659 ], [ 4.2719769, 43.7940713 ], [ 4.2728982, 43.7941578 ], [ 4.2732082, 43.7940173 ], [ 4.2716351, 43.7935632 ], [ 4.2717212, 43.7933561 ], [ 4.2711128, 43.7931508 ], [ 4.2714953, 43.7928646 ], [ 4.2714318, 43.7928024 ], [ 4.2715734, 43.7925208 ], [ 4.2713588, 43.7924261 ], [ 4.2712565, 43.7926325 ], [ 4.2697596, 43.7919687 ], [ 4.2700158, 43.791423 ], [ 4.2697857, 43.7911287 ], [ 4.2700854, 43.7908651 ], [ 4.269733, 43.7905461 ], [ 4.2695242, 43.7900976 ], [ 4.2691752, 43.790099 ], [ 4.2683961, 43.7893107 ], [ 4.2674738, 43.7896823 ], [ 4.2675192, 43.7897664 ], [ 4.2673115, 43.7898147 ], [ 4.2671601, 43.7896508 ], [ 4.2650581, 43.790219799999988 ], [ 4.2649618, 43.7901318 ], [ 4.2643316, 43.7905684 ], [ 4.2642084, 43.7903358 ], [ 4.2628914, 43.7894313 ], [ 4.2622696, 43.7900775 ], [ 4.2616885, 43.7904325 ], [ 4.2615722, 43.7902278 ], [ 4.2608962, 43.7897127 ], [ 4.260609, 43.7891391 ], [ 4.2606281, 43.788877 ], [ 4.2608103, 43.7886355 ], [ 4.2613553, 43.7873197 ], [ 4.2610404, 43.7871802 ], [ 4.2605344, 43.787277 ], [ 4.2600367, 43.787240499999989 ], [ 4.2600461, 43.7867084 ], [ 4.2598596, 43.7867034 ], [ 4.2597881, 43.7863343 ], [ 4.2595152, 43.7858983 ], [ 4.2594601, 43.7852608 ], [ 4.2590945, 43.7852435 ], [ 4.2591386, 43.7848767 ] ] ] ] } },
{ "type": "Feature", "properties": { "code_departement": 30.0, "code_rne": "0300141R", "multisecteur": 0.0 }, "geometry": { "type": "MultiPolygon", "coordinates": [ [ [ [ 4.3161975, 43.8061669 ], [ 4.3169576, 43.8061242 ], [ 4.3181743, 43.8053998 ], [ 4.3214892, 43.8077011 ], [ 4.3215388, 43.8085112 ], [ 4.3221648, 43.808985 ], [ 4.3227954, 43.8096207 ], [ 4.3242666, 43.8100291 ], [ 4.3247504, 43.8125318 ], [ 4.3255317, 43.8127114 ], [ 4.3257841, 43.8129058 ], [ 4.3263492, 43.8130541 ], [ 4.3268183, 43.8131149 ], [ 4.3271627, 43.8130405 ], [ 4.3276332, 43.8135268 ], [ 4.3282277, 43.8135656 ], [ 4.3283924, 43.8137937 ], [ 4.3283636, 43.813904 ], [ 4.3285654, 43.8140288 ], [ 4.3300056, 43.8144149 ], [ 4.3309015, 43.8158411 ], [ 4.3311794, 43.8158521 ], [ 4.3316624, 43.8156765 ], [ 4.332615, 43.815595 ], [ 4.3329687, 43.8162697 ], [ 4.3332882, 43.8166234 ], [ 4.3340224, 43.816709 ], [ 4.334228, 43.8166184 ], [ 4.3347398, 43.8168138 ], [ 4.3346698, 43.8170248 ], [ 4.3348421, 43.817506 ], [ 4.3352756, 43.8176449 ], [ 4.3355988, 43.8176464 ], [ 4.336074, 43.8179205 ], [ 4.336318, 43.8182131 ], [ 4.3373662, 43.8187576 ], [ 4.337707, 43.8187581 ], [ 4.3381103, 43.8191352 ], [ 4.3385177, 43.819166599999988 ], [ 4.3386454, 43.8193058 ], [ 4.3397638, 43.8196443 ], [ 4.3401925, 43.819695 ], [ 4.3411125, 43.8200488 ], [ 4.3411738, 43.8202653 ], [ 4.3407608, 43.8205828 ], [ 4.3401993, 43.8206221 ], [ 4.3398623, 43.8207387 ], [ 4.3394072, 43.8210058 ], [ 4.3390675, 43.8210564 ], [ 4.3390104, 43.8211955 ], [ 4.3383169, 43.8215816 ], [ 4.3380932, 43.8215913 ], [ 4.3377673, 43.8217647 ], [ 4.3378443, 43.822034 ], [ 4.3377068, 43.8222744 ], [ 4.3374064, 43.822355 ], [ 4.3369385, 43.8221463 ], [ 4.3362626, 43.8221322 ], [ 4.3359238, 43.822615 ], [ 4.3366042, 43.8230147 ], [ 4.3365676, 43.8234998 ], [ 4.3374127, 43.8230343 ], [ 4.3374762, 43.823915 ], [ 4.3380272, 43.8239987 ], [ 4.3387596, 43.8237525 ], [ 4.3391117, 43.8238202 ], [ 4.3395303, 43.8243038 ], [ 4.3408061, 43.8248143 ], [ 4.3403754, 43.8252803 ], [ 4.3399829, 43.8252798 ], [ 4.3398041, 43.8252356 ], [ 4.3397369, 43.8251257 ], [ 4.3392796, 43.8250766 ], [ 4.3388427, 43.8251595 ], [ 4.3387183, 43.8252797 ], [ 4.3376368, 43.825711 ], [ 4.3379336, 43.8258507 ], [ 4.3382873, 43.8262215 ], [ 4.3384376, 43.8265268 ], [ 4.3379746, 43.8268074 ], [ 4.3378405, 43.8268143 ], [ 4.3381786, 43.8271924 ], [ 4.3379257, 43.827339599999988 ], [ 4.3380272, 43.8280709 ], [ 4.3377992, 43.8281329 ], [ 4.336718, 43.8277977 ], [ 4.3359714, 43.828648 ], [ 4.335488, 43.8285629 ], [ 4.3347041, 43.8278577 ], [ 4.3342681, 43.8277303 ], [ 4.3343117, 43.8274304 ], [ 4.3342171, 43.8272119 ], [ 4.3338036, 43.8270543 ], [ 4.332971, 43.8271585 ], [ 4.3322895, 43.8264448 ], [ 4.331465, 43.8258946 ], [ 4.330728, 43.8259084 ], [ 4.330391, 43.8248459 ], [ 4.329934, 43.8245381 ], [ 4.3297752, 43.8243176 ], [ 4.3286393, 43.8238042 ], [ 4.3283577, 43.8233161 ], [ 4.327422, 43.8233384 ], [ 4.3271687, 43.823040299999988 ], [ 4.3256472, 43.82267 ], [ 4.3243244, 43.8228571 ], [ 4.3234953, 43.8226801 ], [ 4.3232114, 43.8227077 ], [ 4.3225477, 43.8222331 ], [ 4.3212959, 43.8216382 ], [ 4.3208415, 43.8210108 ], [ 4.3205501, 43.819921 ], [ 4.3202195, 43.8194109 ], [ 4.3196224, 43.819100399999989 ], [ 4.3195489, 43.8189172 ], [ 4.3190088, 43.8186282 ], [ 4.3184586, 43.8181169 ], [ 4.3184343, 43.8178767 ], [ 4.3177788, 43.8177559 ], [ 4.3173976, 43.8173158 ], [ 4.3172947, 43.8168303 ], [ 4.3171069, 43.8166803 ], [ 4.3152415, 43.8155001 ], [ 4.3150288, 43.8155082 ], [ 4.3147003, 43.815654 ], [ 4.3133916, 43.8154083 ], [ 4.3133879, 43.8148807 ], [ 4.3131675, 43.814654 ], [ 4.3127813, 43.8145483 ], [ 4.3125552, 43.8142975 ], [ 4.3120863, 43.8141004 ], [ 4.3113119, 43.8136108 ], [ 4.310613, 43.8130019 ], [ 4.3102856, 43.8131804 ], [ 4.3094972, 43.813198 ], [ 4.3088139, 43.8125456 ], [ 4.3083272, 43.812265 ], [ 4.3089123, 43.8112684 ], [ 4.307714, 43.8107368 ], [ 4.3070465, 43.8102784 ], [ 4.3078392, 43.8094951 ], [ 4.3084813, 43.8090419 ], [ 4.3087252, 43.8085692 ], [ 4.3085013, 43.8083964 ], [ 4.3086818, 43.8078128 ], [ 4.3097591, 43.8059584 ], [ 4.3105393, 43.805572 ], [ 4.3121026, 43.8039457 ], [ 4.3122949, 43.8038768 ], [ 4.3124404, 43.8038724 ], [ 4.3124784, 43.8039445 ], [ 4.3128247, 43.8038747 ], [ 4.3128335, 43.804097 ], [ 4.3135894, 43.8037279 ], [ 4.3133197, 43.8043311 ], [ 4.3136458, 43.8044462 ], [ 4.3136255, 43.8045589 ], [ 4.3143125, 43.8042696 ], [ 4.3150653, 43.8034868 ], [ 4.3151301, 43.8043759 ], [ 4.3139433, 43.8055812 ], [ 4.3148219, 43.8059333 ], [ 4.3161975, 43.8061669 ] ] ] ] } },
{ "type": "Feature", "properties": { "code_departement": 30.0, "code_rne": "0300929X", "multisecteur": 0.0 }, "geometry": { "type": "MultiPolygon", "coordinates": [ [ [ [ 4.3628141, 43.8405445 ], [ 4.3629853, 43.8404064 ], [ 4.3629381, 43.840589 ], [ 4.3628141, 43.8405445 ] ] ], [ [ [ 4.3520828, 43.8503586 ], [ 4.3530834, 43.849101399999988 ], [ 4.3534912, 43.8491129 ], [ 4.3537297, 43.848912299999988 ], [ 4.3538036, 43.8490005 ], [ 4.354198, 43.8490106 ], [ 4.3543446, 43.8493982 ], [ 4.3545794, 43.8492075 ], [ 4.3552015, 43.8489681 ], [ 4.3555422, 43.8491818 ], [ 4.3562708, 43.8487467 ], [ 4.3556662, 43.8482217 ], [ 4.3552241, 43.8479819 ], [ 4.3549626, 43.847367 ], [ 4.3552841, 43.8470477 ], [ 4.3560104, 43.8470894 ], [ 4.3564072, 43.8469035 ], [ 4.3564409, 43.8464252 ], [ 4.356823, 43.8453965 ], [ 4.3573638, 43.8450085 ], [ 4.3577148, 43.8448592 ], [ 4.3578509, 43.8444378 ], [ 4.3581143, 43.8442844 ], [ 4.3585421, 43.8437115 ], [ 4.359252, 43.843919 ], [ 4.3594284, 43.8442675 ], [ 4.3597811, 43.8440158 ], [ 4.3598506, 43.8442851 ], [ 4.3600609, 43.8444981 ], [ 4.3604215, 43.8445098 ], [ 4.3604868, 43.844673 ], [ 4.3609904, 43.844872 ], [ 4.361076, 43.8451085 ], [ 4.361353, 43.8452534 ], [ 4.3615066, 43.845274 ], [ 4.3616641, 43.8450149 ], [ 4.3623631, 43.8449369 ], [ 4.3630115, 43.8449554 ], [ 4.3630909, 43.8440827 ], [ 4.3632567, 43.8438704 ], [ 4.363195, 43.8433784 ], [ 4.3634029, 43.8432368 ], [ 4.3634995, 43.842843699999989 ], [ 4.3638355, 43.8426389 ], [ 4.3635582, 43.8422512 ], [ 4.3636174, 43.8420991 ], [ 4.363557, 43.8417913 ], [ 4.363431, 43.8417802 ], [ 4.3634325, 43.8413159 ], [ 4.3638965, 43.8408983 ], [ 4.3632732, 43.8404848 ], [ 4.3632129, 43.8400934 ], [ 4.3635346, 43.8400259 ], [ 4.3638749, 43.8398219 ], [ 4.3638085, 43.8395275 ], [ 4.3643581, 43.8392558 ], [ 4.364648, 43.8393361 ], [ 4.3648064, 43.8392323 ], [ 4.365073, 43.8392641 ], [ 4.365652, 43.8391423 ], [ 4.3663444, 43.8391966 ], [ 4.3667522, 43.8392943 ], [ 4.3670565, 43.839473 ], [ 4.3679253, 43.8395784 ], [ 4.3680736, 43.8396823 ], [ 4.3689809, 43.8398915 ], [ 4.3691378, 43.8398639 ], [ 4.3702012, 43.8401475 ], [ 4.3704289, 43.8401938 ], [ 4.3705352, 43.8401452 ], [ 4.3709365, 43.8402959 ], [ 4.3711128, 43.8402728 ], [ 4.3715877, 43.8404767 ], [ 4.3716905, 43.8404431 ], [ 4.3717886, 43.8405368 ], [ 4.3719578, 43.8405128 ], [ 4.372177, 43.8406837 ], [ 4.3723137, 43.8406289 ], [ 4.3725979, 43.8407507 ], [ 4.3728747, 43.8407397 ], [ 4.3731614, 43.8408243 ], [ 4.3736607, 43.8411525 ], [ 4.3733337, 43.841972 ], [ 4.3736103, 43.8426966 ], [ 4.374765, 43.8431238 ], [ 4.3763082, 43.8432704 ], [ 4.3783617, 43.8437086 ], [ 4.3785187, 43.8437694 ], [ 4.3788241, 43.844274 ], [ 4.3804366, 43.845204 ], [ 4.3817337, 43.8454674 ], [ 4.3836249, 43.846404 ], [ 4.3845614, 43.8463574 ], [ 4.3848955, 43.8464804 ], [ 4.3848303, 43.8467591 ], [ 4.3844255, 43.8470603 ], [ 4.3846637, 43.8473046 ], [ 4.3843692, 43.8474181 ], [ 4.3844831, 43.8475098 ], [ 4.3849365, 43.8475863 ], [ 4.384673, 43.8476914 ], [ 4.3842734, 43.8480711 ], [ 4.3845812, 43.8480493 ], [ 4.3847982, 43.8483673 ], [ 4.3842004, 43.8485966 ], [ 4.3841752, 43.8488403 ], [ 4.3843158, 43.8490403 ], [ 4.3847431, 43.8493042 ], [ 4.384459, 43.8494963 ], [ 4.3844635, 43.8496587 ], [ 4.3845228, 43.849802 ], [ 4.3847966, 43.8498686 ], [ 4.3848364, 43.8499385 ], [ 4.3842895, 43.8502147 ], [ 4.3848599, 43.8504609 ], [ 4.3847506, 43.850698 ], [ 4.3850903, 43.8507313 ], [ 4.384864, 43.8510382 ], [ 4.3853579, 43.8510411 ], [ 4.3852434, 43.8512346 ], [ 4.3855015, 43.85147 ], [ 4.3853453, 43.8516273 ], [ 4.385393, 43.8517706 ], [ 4.3856872, 43.8518403 ], [ 4.3853527, 43.8520226 ], [ 4.3855485, 43.8521142 ], [ 4.3854494, 43.852294799999989 ], [ 4.3857218, 43.8523945 ], [ 4.3856812, 43.852571 ], [ 4.3857552, 43.852624 ], [ 4.3856524, 43.8528301 ], [ 4.3863208, 43.852818 ], [ 4.386192, 43.8531551 ], [ 4.3863345, 43.8533953 ], [ 4.3862352, 43.8535751 ], [ 4.3862786, 43.8539404 ], [ 4.386086, 43.8540191 ], [ 4.3866551, 43.8542248 ], [ 4.385862, 43.8544475 ], [ 4.386132, 43.8547309 ], [ 4.3867138, 43.8547605 ], [ 4.3867804, 43.8550946 ], [ 4.3866995, 43.8552537 ], [ 4.386244, 43.8555518 ], [ 4.3867849, 43.856119299999989 ], [ 4.3861052, 43.856111 ], [ 4.3863677, 43.8562785 ], [ 4.3867276, 43.8566886 ], [ 4.3861003, 43.8566645 ], [ 4.3859533, 43.8568894 ], [ 4.3860962, 43.8573272 ], [ 4.3870271, 43.8575535 ], [ 4.3861544, 43.8577503 ], [ 4.3864826, 43.8579828 ], [ 4.387399, 43.8577355 ], [ 4.3882936, 43.8579848 ], [ 4.3883656, 43.8581523 ], [ 4.386535, 43.8590739 ], [ 4.3864577, 43.8593773 ], [ 4.3865904, 43.8597738 ], [ 4.3869429, 43.8599038 ], [ 4.3872552, 43.8601645 ], [ 4.3872622, 43.8607324 ], [ 4.3869989, 43.8611758 ], [ 4.3884529, 43.8613093 ], [ 4.3885421, 43.8616348 ], [ 4.3892941, 43.8624222 ], [ 4.3881514, 43.8639432 ], [ 4.3888641, 43.8641861 ], [ 4.3894363, 43.865055 ], [ 4.3902642, 43.8667877 ], [ 4.3890756, 43.866453199999988 ], [ 4.3880594, 43.8657533 ], [ 4.3874926, 43.8661085 ], [ 4.3877485, 43.8663421 ], [ 4.3871679, 43.8664484 ], [ 4.3875853, 43.8666335 ], [ 4.3878723, 43.8665678 ], [ 4.3876511, 43.8672915 ], [ 4.3879366, 43.867536699999988 ], [ 4.3889663, 43.8678595 ], [ 4.3888009, 43.8682315 ], [ 4.3893827, 43.8690516 ], [ 4.3886415, 43.8707777 ], [ 4.3887556, 43.8708517 ], [ 4.3894542, 43.8708572 ], [ 4.3899053, 43.8710017 ], [ 4.3906995, 43.8708999 ], [ 4.3919625, 43.8699385 ], [ 4.3923538, 43.8703003 ], [ 4.3924923, 43.8703349 ], [ 4.3927436, 43.8708642 ], [ 4.3945813, 43.8708961 ], [ 4.3946242, 43.8709824 ], [ 4.3930447, 43.871561 ], [ 4.3927331, 43.8721297 ], [ 4.3929315, 43.8723772 ], [ 4.3936814, 43.8747475 ], [ 4.3926987, 43.8749173 ], [ 4.3897825, 43.8766434 ], [ 4.3916832, 43.885777 ], [ 4.3913686, 43.8864148 ], [ 4.3936661, 43.9028944 ], [ 4.3912756, 43.9030723 ], [ 4.3904938, 43.9029176 ], [ 4.3899237, 43.9029725 ], [ 4.3895355, 43.9029262 ], [ 4.3885315, 43.9026455 ], [ 4.3882177, 43.9026396 ], [ 4.3873913, 43.90275 ], [ 4.3854308, 43.9032718 ], [ 4.3837651, 43.903575499999988 ], [ 4.382319, 43.9035956 ], [ 4.3818345, 43.9034829 ], [ 4.380233, 43.903559 ], [ 4.3793145, 43.9037758 ], [ 4.3787285, 43.9044079 ], [ 4.3781711, 43.9046786 ], [ 4.3772159, 43.9048176 ], [ 4.3748589, 43.9048536 ], [ 4.3738145, 43.904803699999988 ], [ 4.3724972, 43.9049508 ], [ 4.3713091, 43.9049306 ], [ 4.3707091, 43.9051893 ], [ 4.3688191, 43.9055469 ], [ 4.3666118, 43.905751 ], [ 4.3651129, 43.9059578 ], [ 4.3642557, 43.90619 ], [ 4.3632165, 43.9063074 ], [ 4.3622762, 43.9065513 ], [ 4.3613595, 43.906948899999989 ], [ 4.3603035, 43.9070412 ], [ 4.3589407, 43.9073201 ], [ 4.3585743, 43.9072545 ], [ 4.3570155, 43.9076663 ], [ 4.3559871, 43.9057754 ], [ 4.3558726, 43.9057246 ], [ 4.3551567, 43.9065094 ], [ 4.3546353, 43.9067805 ], [ 4.3541238, 43.9072585 ], [ 4.352022, 43.9071396 ], [ 4.3503675, 43.9072456 ], [ 4.3493932, 43.9074241 ], [ 4.3476379, 43.9074827 ], [ 4.3472372, 43.9076488 ], [ 4.3457758, 43.907971 ], [ 4.3450666, 43.9084136 ], [ 4.3414878, 43.9065773 ], [ 4.3412984, 43.9045572 ], [ 4.3420627, 43.9041311 ], [ 4.3427249, 43.9019061 ], [ 4.3426915, 43.9010136 ], [ 4.34255, 43.9007129 ], [ 4.3412952, 43.89939 ], [ 4.3408181, 43.899214 ], [ 4.3403146, 43.8986036 ], [ 4.3402464, 43.898032 ], [ 4.33987, 43.8976919 ], [ 4.3395546, 43.8971423 ], [ 4.3395014, 43.8967847 ], [ 4.339156, 43.8969725 ], [ 4.3382436, 43.8970251 ], [ 4.336594, 43.8972757 ], [ 4.3354239, 43.8976456 ], [ 4.3353216, 43.8974749 ], [ 4.3348727, 43.8972815 ], [ 4.3345514, 43.8970055 ], [ 4.3342793, 43.8966489 ], [ 4.340133, 43.8905961 ], [ 4.3449646, 43.8867984 ], [ 4.351791, 43.8817861 ], [ 4.3518188, 43.8811869 ], [ 4.3530102, 43.8781257 ], [ 4.3531825, 43.876891 ], [ 4.3540051, 43.8759935 ], [ 4.354182, 43.8755256 ], [ 4.3545868, 43.8751409 ], [ 4.3540951, 43.8744891 ], [ 4.3536626, 43.8742987 ], [ 4.35367, 43.8741536 ], [ 4.3543721, 43.8737376 ], [ 4.3542468, 43.8730651 ], [ 4.3537902, 43.8724548 ], [ 4.3540892, 43.8721923 ], [ 4.3543622, 43.871631 ], [ 4.3539738, 43.8711868 ], [ 4.353816, 43.8707023 ], [ 4.3540514, 43.8701115 ], [ 4.353992, 43.8696909 ], [ 4.3547173, 43.869378 ], [ 4.354815, 43.8683683 ], [ 4.3551867, 43.8682076 ], [ 4.3554869, 43.8678541 ], [ 4.3550747, 43.8671836 ], [ 4.3551586, 43.8670406 ], [ 4.3556297, 43.86684 ], [ 4.3555589, 43.8664641 ], [ 4.3556267, 43.8663124 ], [ 4.3554847, 43.8660187 ], [ 4.3557564, 43.8657322 ], [ 4.3566175, 43.8653192 ], [ 4.3565478, 43.8652337 ], [ 4.3542933, 43.865096699999988 ], [ 4.3536694, 43.8649093 ], [ 4.3536102, 43.8647705 ], [ 4.354668, 43.8637101 ], [ 4.3540541, 43.8631962 ], [ 4.3523283, 43.8626201 ], [ 4.351866, 43.8626391 ], [ 4.3516683, 43.8624459 ], [ 4.3513167, 43.8620042 ], [ 4.3510968, 43.8615724 ], [ 4.3510233, 43.8611799 ], [ 4.3508062, 43.8610256 ], [ 4.3500782, 43.8596245 ], [ 4.3500779, 43.8595226 ], [ 4.3504495, 43.8592567 ], [ 4.3509122, 43.8586502 ], [ 4.3509039, 43.8585131 ], [ 4.350674, 43.8581858 ], [ 4.3493978, 43.8580129 ], [ 4.3491999, 43.8575314 ], [ 4.3492253, 43.8573445 ], [ 4.3496628, 43.8571102 ], [ 4.3498484, 43.8567295 ], [ 4.3504676, 43.8564753 ], [ 4.3506285, 43.8561359 ], [ 4.3506864, 43.8555579 ], [ 4.3501726, 43.854999899999989 ], [ 4.3501423, 43.8541275 ], [ 4.3504228, 43.8538387 ], [ 4.3503964, 43.853528 ], [ 4.3509166, 43.8525485 ], [ 4.3512228, 43.8522994 ], [ 4.3512149, 43.8520935 ], [ 4.3506918, 43.8516963 ], [ 4.3515589, 43.8508256 ], [ 4.3520595, 43.8506843 ], [ 4.3520828, 43.8503586 ] ] ], [ [ [ 4.3938151, 43.9043469 ], [ 4.3961187, 43.9204758 ], [ 4.3946818, 43.9205094 ], [ 4.3942382, 43.9206996 ], [ 4.3938223, 43.9216185 ], [ 4.3938696, 43.9226881 ], [ 4.3910486, 43.9228753 ], [ 4.3904799, 43.9214622 ], [ 4.3900464, 43.9209457 ], [ 4.3887658, 43.9200025 ], [ 4.387766, 43.919035 ], [ 4.3869501, 43.9176403 ], [ 4.3860084, 43.9177288 ], [ 4.3844849, 43.9177526 ], [ 4.3823946, 43.9175621 ], [ 4.3763425, 43.918004 ], [ 4.3762948, 43.9171117 ], [ 4.3793113, 43.9159567 ], [ 4.3867346, 43.9122056 ], [ 4.3899118, 43.9103057 ], [ 4.3913155, 43.9080799 ], [ 4.3913527, 43.9077698 ], [ 4.3930413, 43.9046736 ], [ 4.3938151, 43.9043469 ] ] ] ] } },
{ "type": "Feature", "properties": { "code_departement": 30.0, "code_rne": "0300945P", "multisecteur": 0.0 }, "geometry": { "type": "MultiPolygon", "coordinates": [ [ [ [ 4.3425741, 43.8375232 ], [ 4.3428083, 43.8372786 ], [ 4.3427231, 43.8369047 ], [ 4.3421444, 43.836654 ], [ 4.3417986, 43.8363818 ], [ 4.3416404, 43.836227 ], [ 4.3417679, 43.8360287 ], [ 4.3425779, 43.8359286 ], [ 4.3433068, 43.8359663 ], [ 4.3438251, 43.8361807 ], [ 4.3443312, 43.8361831 ], [ 4.3449685, 43.8359816 ], [ 4.3453619, 43.8366479 ], [ 4.345657, 43.8368233 ], [ 4.3458282, 43.8367942 ], [ 4.3461727, 43.8366087 ], [ 4.3462608, 43.8363783 ], [ 4.3462069, 43.8362558 ], [ 4.3465468, 43.8362155 ], [ 4.3467075, 43.8361121 ], [ 4.3471088, 43.835582 ], [ 4.3474146, 43.8353318 ], [ 4.3476194, 43.8349057 ], [ 4.3478985, 43.8346699 ], [ 4.3484908, 43.8348553 ], [ 4.3485926, 43.8350637 ], [ 4.3488007, 43.835214699999987 ], [ 4.3489214, 43.8352126 ], [ 4.3489677, 43.8353835 ], [ 4.3492423, 43.8353535 ], [ 4.3494057, 43.8354284 ], [ 4.350441, 43.8355107 ], [ 4.3507517, 43.8356185 ], [ 4.3515543, 43.8328548 ], [ 4.3520722, 43.832331 ], [ 4.3520888, 43.8321377 ], [ 4.3524284, 43.8320002 ], [ 4.3528314, 43.8320078 ], [ 4.35315, 43.8321271 ], [ 4.3533931, 43.8323444 ], [ 4.3535921, 43.8323345 ], [ 4.3539166, 43.8319763 ], [ 4.3542095, 43.8320458 ], [ 4.3543463, 43.8319802 ], [ 4.3545993, 43.8320236 ], [ 4.3547619, 43.831934 ], [ 4.3551368, 43.83201 ], [ 4.3552637, 43.8319948 ], [ 4.3553366, 43.8318768 ], [ 4.3555368, 43.8319051 ], [ 4.3556296, 43.8320201 ], [ 4.3557562, 43.831952 ], [ 4.3562677, 43.832037 ], [ 4.356587, 43.8318776 ], [ 4.3566871, 43.8319322 ], [ 4.3568346, 43.8318211 ], [ 4.3571289, 43.8319138 ], [ 4.3574737, 43.8317975 ], [ 4.3579302, 43.8320381 ], [ 4.3581581, 43.8319999 ], [ 4.3582448, 43.8317681 ], [ 4.3584107, 43.8316376 ], [ 4.3583182, 43.8314303 ], [ 4.3585394, 43.8313713 ], [ 4.3585074, 43.8312436 ], [ 4.3587214, 43.8308103 ], [ 4.3589326, 43.8306682 ], [ 4.3588765, 43.8305001 ], [ 4.3591837, 43.830420599999989 ], [ 4.3589932, 43.8302022 ], [ 4.3590604, 43.8301085 ], [ 4.3589928, 43.8299728 ], [ 4.3591983, 43.829943 ], [ 4.3591438, 43.8297296 ], [ 4.3592484, 43.8296249 ], [ 4.3594103, 43.8296171 ], [ 4.3595332, 43.8294743 ], [ 4.3593811, 43.829312 ], [ 4.3594664, 43.829138 ], [ 4.3597879, 43.8290915 ], [ 4.3595693, 43.8289176 ], [ 4.3598197, 43.8288367 ], [ 4.3597117, 43.8287296 ], [ 4.3602026, 43.8285791 ], [ 4.3601137, 43.8283598 ], [ 4.3598202, 43.8281231 ], [ 4.3601742, 43.8280086 ], [ 4.3601073, 43.827768899999988 ], [ 4.3605463, 43.8273128 ], [ 4.3606275, 43.8270057 ], [ 4.3608606, 43.8269588 ], [ 4.361242, 43.8270341 ], [ 4.3614567, 43.8268381 ], [ 4.3611976, 43.8266694 ], [ 4.3611896, 43.8264072 ], [ 4.3615601, 43.8263856 ], [ 4.3613161, 43.8261993 ], [ 4.3615953, 43.8260153 ], [ 4.3614839, 43.825785 ], [ 4.3624395, 43.8254996 ], [ 4.3626396, 43.8253152 ], [ 4.362438, 43.8251716 ], [ 4.3622072, 43.8247885 ], [ 4.3624423, 43.8243498 ], [ 4.3627887, 43.8242074 ], [ 4.363117, 43.8243465 ], [ 4.3636227, 43.8238798 ], [ 4.3636496, 43.8237351 ], [ 4.3640125, 43.8234624 ], [ 4.3643141, 43.8228855 ], [ 4.3646099, 43.822745 ], [ 4.3655627, 43.8225604 ], [ 4.3659441, 43.8229933 ], [ 4.3661033, 43.8230666 ], [ 4.3668155, 43.8231049 ], [ 4.3676061, 43.8235281 ], [ 4.368031, 43.8236088 ], [ 4.3690335, 43.8234905 ], [ 4.3699354, 43.8244729 ], [ 4.3701112, 43.8248825 ], [ 4.3716141, 43.8252256 ], [ 4.3725084, 43.826026 ], [ 4.3734538, 43.826507 ], [ 4.3738466, 43.8268562 ], [ 4.3745447, 43.8271332 ], [ 4.3746302, 43.827252 ], [ 4.3756996, 43.8277998 ], [ 4.3758571, 43.8280334 ], [ 4.3764383, 43.8285139 ], [ 4.3772461, 43.8288646 ], [ 4.377431, 43.8291526 ], [ 4.37746, 43.8294111 ], [ 4.3778558, 43.8296999 ], [ 4.3781742, 43.8298198 ], [ 4.3793567, 43.8298607 ], [ 4.3796184, 43.830469099999988 ], [ 4.3798012, 43.8305748 ], [ 4.3805351, 43.8306501 ], [ 4.3808678, 43.8308621 ], [ 4.3809589, 43.8310751 ], [ 4.3817027, 43.8314043 ], [ 4.3817121, 43.8317978 ], [ 4.380645, 43.8317824 ], [ 4.3806127, 43.8320635 ], [ 4.3803962, 43.832156499999989 ], [ 4.3804299, 43.8322448 ], [ 4.3802793, 43.8324879 ], [ 4.3799993, 43.8326817 ], [ 4.3797307, 43.8326867 ], [ 4.3796676, 43.8327829 ], [ 4.3795869, 43.8327682 ], [ 4.3790252, 43.8331674 ], [ 4.3789759, 43.8333294 ], [ 4.378688, 43.8333204 ], [ 4.3787427, 43.833611 ], [ 4.3785674, 43.8335539 ], [ 4.3783095, 43.8336526 ], [ 4.3783644, 43.8338824 ], [ 4.3782183, 43.8339169 ], [ 4.3780499, 43.8338423 ], [ 4.3776522, 43.8340296 ], [ 4.3775193, 43.8343134 ], [ 4.3769174, 43.8344929 ], [ 4.3766294, 43.8343617 ], [ 4.3763504, 43.8343614 ], [ 4.3765134, 43.8348168 ], [ 4.3763463, 43.8349396 ], [ 4.3759718, 43.8348556 ], [ 4.3760839, 43.8351503 ], [ 4.375997, 43.8352675 ], [ 4.3756306, 43.8352015 ], [ 4.375157, 43.8350005 ], [ 4.3752947, 43.835573 ], [ 4.375086, 43.8356796 ], [ 4.3748605, 43.8355789 ], [ 4.3747527, 43.835826 ], [ 4.3744971, 43.8359629 ], [ 4.3739183, 43.8361746 ], [ 4.373751, 43.8361052 ], [ 4.3737088, 43.8363223 ], [ 4.3734426, 43.8362911 ], [ 4.3731651, 43.8364567 ], [ 4.3729812, 43.8363299 ], [ 4.372785, 43.836647299999989 ], [ 4.3726099, 43.8365563 ], [ 4.3724752, 43.8367651 ], [ 4.3724537, 43.8370467 ], [ 4.3723573, 43.8370628 ], [ 4.3721575, 43.8368306 ], [ 4.3714193, 43.8367954 ], [ 4.3715942, 43.8370546 ], [ 4.3720622, 43.837259499999988 ], [ 4.3722076, 43.8378843 ], [ 4.3726049, 43.8380793 ], [ 4.3725255, 43.838397 ], [ 4.3726472, 43.8385849 ], [ 4.3727996, 43.8386403 ], [ 4.3729099, 43.8388398 ], [ 4.3734082, 43.8392661 ], [ 4.3733028, 43.8394968 ], [ 4.3733712, 43.8397752 ], [ 4.3737623, 43.8403856 ], [ 4.3736607, 43.8411525 ], [ 4.3731614, 43.8408243 ], [ 4.3728747, 43.8407397 ], [ 4.3725979, 43.8407507 ], [ 4.3723137, 43.8406289 ], [ 4.372177, 43.8406837 ], [ 4.3719578, 43.8405128 ], [ 4.3717886, 43.8405368 ], [ 4.3716905, 43.8404431 ], [ 4.3715877, 43.8404767 ], [ 4.3711128, 43.8402728 ], [ 4.3709365, 43.8402959 ], [ 4.3705352, 43.8401452 ], [ 4.3704289, 43.8401938 ], [ 4.3702012, 43.8401475 ], [ 4.3691378, 43.8398639 ], [ 4.3689809, 43.8398915 ], [ 4.3680736, 43.8396823 ], [ 4.3679253, 43.8395784 ], [ 4.3670565, 43.839473 ], [ 4.3667522, 43.8392943 ], [ 4.3663444, 43.8391966 ], [ 4.365652, 43.8391423 ], [ 4.365073, 43.8392641 ], [ 4.3648064, 43.8392323 ], [ 4.364648, 43.8393361 ], [ 4.3643581, 43.8392558 ], [ 4.3638085, 43.8395275 ], [ 4.3637016, 43.8394493 ], [ 4.3635047, 43.8387805 ], [ 4.3631959, 43.83861 ], [ 4.3632438, 43.8384366 ], [ 4.3630813, 43.837972199999989 ], [ 4.3629123, 43.8378079 ], [ 4.3629573, 43.8375719 ], [ 4.3626435, 43.8373534 ], [ 4.3627286, 43.8371641 ], [ 4.3626173, 43.8369142 ], [ 4.3629075, 43.8364063 ], [ 4.3627053, 43.8360907 ], [ 4.3626831, 43.8358811 ], [ 4.3623702, 43.8357991 ], [ 4.3621954, 43.8355245 ], [ 4.3621276, 43.8350077 ], [ 4.361524, 43.8347148 ], [ 4.3604013, 43.8349666 ], [ 4.3598421, 43.8348003 ], [ 4.3594565, 43.8348336 ], [ 4.3591449, 43.8348881 ], [ 4.358267, 43.8352316 ], [ 4.3581915, 43.8354735 ], [ 4.3580261, 43.8355875 ], [ 4.357603, 43.8356375 ], [ 4.3572033, 43.8355861 ], [ 4.3572537, 43.8362796 ], [ 4.3568503, 43.8366364 ], [ 4.3563773, 43.8367839 ], [ 4.3563328, 43.8371179 ], [ 4.3557439, 43.8375922 ], [ 4.3554542, 43.8377242 ], [ 4.355187, 43.8374923 ], [ 4.3546375, 43.8376349 ], [ 4.354493, 43.8377615 ], [ 4.3541798, 43.8376278 ], [ 4.3531709, 43.8376192 ], [ 4.3526542, 43.8375103 ], [ 4.3519761, 43.8379314 ], [ 4.3517851, 43.8378735 ], [ 4.3516336, 43.8377206 ], [ 4.3512902, 43.8379899 ], [ 4.3511246, 43.8379861 ], [ 4.3507196, 43.8381954 ], [ 4.3507973, 43.8384154 ], [ 4.3506555, 43.838957 ], [ 4.3497065, 43.8391548 ], [ 4.3492827, 43.8404033 ], [ 4.3496614, 43.8407874 ], [ 4.3495153, 43.8413637 ], [ 4.3493288, 43.8416533 ], [ 4.3487165, 43.8418043 ], [ 4.3476799, 43.8424863 ], [ 4.3473186, 43.842577 ], [ 4.3468138, 43.8432318 ], [ 4.3460245, 43.8436496 ], [ 4.3457404, 43.8439 ], [ 4.3452831, 43.8437184 ], [ 4.3449591, 43.8429469 ], [ 4.3437934, 43.842775499999988 ], [ 4.3435973, 43.8424954 ], [ 4.3431724, 43.8424012 ], [ 4.3424974, 43.8426371 ], [ 4.3420284, 43.8426082 ], [ 4.3421096, 43.8424046 ], [ 4.3417246, 43.8423878 ], [ 4.3418176, 43.8421261 ], [ 4.3416051, 43.8420197 ], [ 4.3416897, 43.8419028 ], [ 4.3414127, 43.8417998 ], [ 4.3414022, 43.8416005 ], [ 4.341827, 43.841284 ], [ 4.3416313, 43.8409707 ], [ 4.3400951, 43.8405701 ], [ 4.3400997, 43.8402861 ], [ 4.340969, 43.8392798 ], [ 4.3410206, 43.838985 ], [ 4.3413275, 43.8387613 ], [ 4.3410057, 43.8381648 ], [ 4.3405084, 43.8376417 ], [ 4.3406398, 43.8373232 ], [ 4.3408741, 43.837213 ], [ 4.3411174, 43.8372528 ], [ 4.34116, 43.83733 ], [ 4.3412996, 43.8372672 ], [ 4.3414607, 43.8374167 ], [ 4.3416018, 43.8373398 ], [ 4.341877, 43.8373357 ], [ 4.3420307, 43.8374643 ], [ 4.3422168, 43.8373872 ], [ 4.3424052, 43.8375288 ], [ 4.3425741, 43.8375232 ] ] ], [ [ [ 4.3422292, 43.7485728 ], [ 4.3424511, 43.749192 ], [ 4.3425438, 43.7524047 ], [ 4.3431065, 43.7539484 ], [ 4.343039, 43.7544614 ], [ 4.3432747, 43.7555618 ], [ 4.3432068, 43.7566895 ], [ 4.3413045, 43.7636284 ], [ 4.341693, 43.7636731 ], [ 4.3413576, 43.7648311 ], [ 4.3395856, 43.7686562 ], [ 4.339431, 43.7687382 ], [ 4.3400014, 43.7691245 ], [ 4.3401729, 43.7695508 ], [ 4.3412251, 43.7702516 ], [ 4.3416445, 43.7707144 ], [ 4.3421475, 43.7710295 ], [ 4.3417234, 43.7718528 ], [ 4.3414453, 43.7718031 ], [ 4.3407803, 43.7732135 ], [ 4.340925, 43.773239599999989 ], [ 4.3405682, 43.7739136 ], [ 4.3403955, 43.7738581 ], [ 4.3396748, 43.7751162 ], [ 4.3367248, 43.7755412 ], [ 4.3361473, 43.7755411 ], [ 4.335958, 43.7756802 ], [ 4.3358337, 43.7756215 ], [ 4.333221, 43.7797521 ], [ 4.333418, 43.7798909 ], [ 4.3330583, 43.7806621 ], [ 4.3325207, 43.7813662 ], [ 4.3313705, 43.783237 ], [ 4.3303732, 43.7845281 ], [ 4.3308232, 43.7849168 ], [ 4.3313002, 43.7850738 ], [ 4.3305863, 43.7857837 ], [ 4.3312577, 43.785969 ], [ 4.3314541, 43.7857056 ], [ 4.3328902, 43.7864008 ], [ 4.3326479, 43.7867197 ], [ 4.3340001, 43.7875941 ], [ 4.3343577, 43.7879075 ], [ 4.3374185, 43.7889013 ], [ 4.334908, 43.7902443 ], [ 4.3335471, 43.7911313 ], [ 4.3309699, 43.7929826 ], [ 4.3300642, 43.7937857 ], [ 4.3291062, 43.7951717 ], [ 4.3287054, 43.7963169 ], [ 4.3279012, 43.7971637 ], [ 4.3270968, 43.7990176 ], [ 4.3265566, 43.7997775 ], [ 4.3258023, 43.8004203 ], [ 4.3234496, 43.8021193 ], [ 4.3227737, 43.8027134 ], [ 4.3223192, 43.8046098 ], [ 4.3223014, 43.804915099999988 ], [ 4.3224781, 43.8055691 ], [ 4.3163046, 43.7995381 ], [ 4.3154669, 43.8003421 ], [ 4.3148794, 43.801053 ], [ 4.3138959, 43.8019477 ], [ 4.31251, 43.8038823 ], [ 4.3121026, 43.8039457 ], [ 4.3105393, 43.805572 ], [ 4.3097591, 43.8059584 ], [ 4.3086818, 43.8078128 ], [ 4.3085013, 43.8083964 ], [ 4.3087252, 43.8085692 ], [ 4.3084813, 43.8090419 ], [ 4.3078392, 43.8094951 ], [ 4.3066857, 43.8106322 ], [ 4.3056509, 43.8119019 ], [ 4.3051107, 43.8122513 ], [ 4.3040259, 43.8134037 ], [ 4.3016741, 43.8127351 ], [ 4.2998429, 43.8118426 ], [ 4.2999146, 43.8122089 ], [ 4.300286, 43.8127445 ], [ 4.299984, 43.8130217 ], [ 4.2996287, 43.8131898 ], [ 4.2987683, 43.814217 ], [ 4.2993209, 43.814412 ], [ 4.2994343, 43.8143711 ], [ 4.2998141, 43.8145142 ], [ 4.2998859, 43.8146096 ], [ 4.3008297, 43.8148468 ], [ 4.3012056, 43.8150358 ], [ 4.3011008, 43.815235 ], [ 4.3011917, 43.8152987 ], [ 4.3010426, 43.8155156 ], [ 4.3012336, 43.8156105 ], [ 4.3003361, 43.8168048 ], [ 4.2992068, 43.8173771 ], [ 4.2992876, 43.8174878 ], [ 4.2988615, 43.8176072 ], [ 4.2976757, 43.8174962 ], [ 4.2964675, 43.8172792 ], [ 4.2964461, 43.8173767 ], [ 4.2949388, 43.8171174 ], [ 4.2938175, 43.8167842 ], [ 4.2931881, 43.816816 ], [ 4.2919224, 43.8171847 ], [ 4.2910546, 43.8173426 ], [ 4.2901296, 43.8173859 ], [ 4.2887563, 43.817287 ], [ 4.2870289, 43.8169149 ], [ 4.2866619, 43.8169517 ], [ 4.2860912, 43.8171681 ], [ 4.2855307, 43.8172251 ], [ 4.285229, 43.8171855 ], [ 4.2847049, 43.8169811 ], [ 4.2842939, 43.8166718 ], [ 4.2830164, 43.8164609 ], [ 4.2811757, 43.8149652 ], [ 4.280886, 43.8148534 ], [ 4.2806638, 43.8145878 ], [ 4.2793042, 43.8137037 ], [ 4.2777268, 43.8121382 ], [ 4.2772274, 43.8118731 ], [ 4.2760309, 43.8116631 ], [ 4.2745455, 43.8105977 ], [ 4.2738333, 43.8104242 ], [ 4.2728744, 43.8083312 ], [ 4.2733357, 43.8058841 ], [ 4.2746505, 43.8036539 ], [ 4.2744208, 43.8033271 ], [ 4.2744606, 43.803108 ], [ 4.2743197, 43.8029755 ], [ 4.2743283, 43.8028584 ], [ 4.274501, 43.8024667 ], [ 4.2752647, 43.8017189 ], [ 4.275916, 43.7996089 ], [ 4.2756706, 43.7985803 ], [ 4.276281, 43.7986506 ], [ 4.2764289, 43.7982601 ], [ 4.2761848, 43.7981225 ], [ 4.2762539, 43.7979903 ], [ 4.2766823, 43.7976433 ], [ 4.2773516, 43.7967894 ], [ 4.2781417, 43.7963401 ], [ 4.2785326, 43.7957622 ], [ 4.2788469, 43.7954804 ], [ 4.2806491, 43.7946781 ], [ 4.2813749, 43.7946281 ], [ 4.2813295, 43.7938232 ], [ 4.2809763, 43.793695 ], [ 4.2809836, 43.7935239 ], [ 4.2811428, 43.7934762 ], [ 4.2811823, 43.7931877 ], [ 4.2815549, 43.7931806 ], [ 4.2815706, 43.7932704 ], [ 4.2820729, 43.7933959 ], [ 4.2822524, 43.7921482 ], [ 4.2828284, 43.7921297 ], [ 4.2827247, 43.7916036 ], [ 4.2829399, 43.7913364 ], [ 4.2832784, 43.791255 ], [ 4.2834435, 43.7911379 ], [ 4.2836165, 43.7908191 ], [ 4.2844612, 43.7898173 ], [ 4.2851191, 43.7899563 ], [ 4.286128, 43.7893522 ], [ 4.2862051, 43.7894134 ], [ 4.2864635, 43.7893545 ], [ 4.2867297, 43.7891525 ], [ 4.2871004, 43.7883984 ], [ 4.2871272, 43.7881011 ], [ 4.2880474, 43.7881379 ], [ 4.2883837, 43.7876263 ], [ 4.2886581, 43.7867375 ], [ 4.2887529, 43.7866986 ], [ 4.2889615, 43.7861975 ], [ 4.2892178, 43.7858849 ], [ 4.2907514, 43.7856885 ], [ 4.2930291, 43.7851665 ], [ 4.2928418, 43.7842472 ], [ 4.2934819, 43.7832721 ], [ 4.2937372, 43.7823672 ], [ 4.2942634, 43.78174 ], [ 4.2962535, 43.7802647 ], [ 4.297667, 43.7796052 ], [ 4.2983488, 43.7794891 ], [ 4.2989642, 43.778967 ], [ 4.2999184, 43.7784822 ], [ 4.3005713, 43.778244 ], [ 4.3009635, 43.7779585 ], [ 4.3013859, 43.7774711 ], [ 4.3019532, 43.7776731 ], [ 4.3029261, 43.7758336 ], [ 4.3030795, 43.7751523 ], [ 4.3029357, 43.7750559 ], [ 4.3033952, 43.7743979 ], [ 4.3031106, 43.7742285 ], [ 4.3045683, 43.7721384 ], [ 4.304343, 43.7720079 ], [ 4.3045093, 43.7716729 ], [ 4.3036726, 43.7714192 ], [ 4.3045077, 43.7702969 ], [ 4.3063783, 43.7705237 ], [ 4.3066496, 43.7704953 ], [ 4.3077582, 43.7687324 ], [ 4.3088613, 43.7678777 ], [ 4.3089177, 43.767031 ], [ 4.3090555, 43.7667027 ], [ 4.3103819, 43.7662754 ], [ 4.3106678, 43.767262 ], [ 4.3115333, 43.7685043 ], [ 4.3118703, 43.7688459 ], [ 4.3167276, 43.7711192 ], [ 4.3177422, 43.7713301 ], [ 4.3186996, 43.7712699 ], [ 4.3188776, 43.7710167 ], [ 4.3191832, 43.7709689 ], [ 4.3205209, 43.769249 ], [ 4.3227356, 43.766793 ], [ 4.3266838, 43.7641251 ], [ 4.3319756, 43.7603553 ], [ 4.3322305, 43.7603189 ], [ 4.3327941, 43.7593499 ], [ 4.3334027, 43.7586648 ], [ 4.3336521, 43.7582324 ], [ 4.334225, 43.75804 ], [ 4.3345176, 43.757698 ], [ 4.3351884, 43.7571813 ], [ 4.3360262, 43.7567958 ], [ 4.3362908, 43.7565846 ], [ 4.3363848, 43.7561443 ], [ 4.3361317, 43.7556758 ], [ 4.3362465, 43.7553783 ], [ 4.336134, 43.7550809 ], [ 4.3362668, 43.7547607 ], [ 4.3368194, 43.754286799999988 ], [ 4.3369475, 43.7540305 ], [ 4.3376981, 43.7537405 ], [ 4.3383274, 43.7532531 ], [ 4.3385896, 43.7529439 ], [ 4.3387322, 43.752511 ], [ 4.338951, 43.7522599 ], [ 4.339458, 43.7520656 ], [ 4.3395542, 43.7517728 ], [ 4.3397067, 43.7517628 ], [ 4.3399215, 43.75187 ], [ 4.3400557, 43.751820699999989 ], [ 4.3401295, 43.7516847 ], [ 4.3401032, 43.7512 ], [ 4.3399262, 43.7509556 ], [ 4.3396097, 43.750802 ], [ 4.3396704, 43.750479899999988 ], [ 4.3410376, 43.7495901 ], [ 4.3420955, 43.7486429 ], [ 4.3422292, 43.7485728 ] ] ] ] } },
{ "type": "Feature", "properties": { "code_departement": 30.0, "code_rne": "0300946R", "multisecteur": 0.0 }, "geometry": { "type": "MultiPolygon", "coordinates": [ [ [ [ 4.3449696, 43.8429894 ], [ 4.3452831, 43.8437184 ], [ 4.3450432, 43.843749 ], [ 4.3446602, 43.8441022 ], [ 4.3444303, 43.8441477 ], [ 4.3443558, 43.8439381 ], [ 4.3438265, 43.8441077 ], [ 4.3437138, 43.8438913 ], [ 4.3439548, 43.8434524 ], [ 4.3437934, 43.842775499999988 ], [ 4.3449696, 43.8429894 ] ] ], [ [ [ 4.3590237, 43.8501327 ], [ 4.359245, 43.849997 ], [ 4.3587665, 43.8498839 ], [ 4.3588109, 43.8498012 ], [ 4.3589364, 43.8497749 ], [ 4.3592976, 43.8499958 ], [ 4.3594001, 43.8502453 ], [ 4.3591005, 43.850285 ], [ 4.3590131, 43.8502494 ], [ 4.3590237, 43.8501327 ] ] ], [ [ [ 4.3636856, 43.854224 ], [ 4.362879, 43.8541412 ], [ 4.3640092, 43.8537364 ], [ 4.3636856, 43.854224 ] ] ], [ [ [ 4.363931, 43.8549262 ], [ 4.363915, 43.8548136 ], [ 4.3642494, 43.8545587 ], [ 4.3646667, 43.8546955 ], [ 4.3646963, 43.8548044 ], [ 4.365332, 43.8550326 ], [ 4.3654446, 43.855594 ], [ 4.3651818, 43.8557443 ], [ 4.3645467, 43.8556572 ], [ 4.3641722, 43.8554089 ], [ 4.3645938, 43.8551862 ], [ 4.3643631, 43.854878 ], [ 4.363931, 43.8549262 ] ] ], [ [ [ 4.3455848, 43.8454197 ], [ 4.3455937, 43.8452929 ], [ 4.3452688, 43.8451256 ], [ 4.3457272, 43.8449081 ], [ 4.3452765, 43.8447538 ], [ 4.3453417, 43.8446586 ], [ 4.3450995, 43.8445103 ], [ 4.3453364, 43.8441972 ], [ 4.3460245, 43.8436496 ], [ 4.3468138, 43.8432318 ], [ 4.3473186, 43.842577 ], [ 4.3476799, 43.8424863 ], [ 4.3487165, 43.8418043 ], [ 4.3493288, 43.8416533 ], [ 4.3495153, 43.8413637 ], [ 4.3496614, 43.8407874 ], [ 4.3492827, 43.8404033 ], [ 4.3497065, 43.8391548 ], [ 4.3506555, 43.838957 ], [ 4.3507973, 43.8384154 ], [ 4.3507196, 43.8381954 ], [ 4.3511246, 43.8379861 ], [ 4.3512902, 43.8379899 ], [ 4.3516336, 43.8377206 ], [ 4.3517851, 43.8378735 ], [ 4.3519761, 43.8379314 ], [ 4.3526542, 43.8375103 ], [ 4.3531709, 43.8376192 ], [ 4.3541798, 43.8376278 ], [ 4.354493, 43.8377615 ], [ 4.3546375, 43.8376349 ], [ 4.355187, 43.8374923 ], [ 4.3554542, 43.8377242 ], [ 4.3557439, 43.8375922 ], [ 4.3563328, 43.8371179 ], [ 4.3563773, 43.8367839 ], [ 4.3568503, 43.8366364 ], [ 4.3572537, 43.8362796 ], [ 4.3572033, 43.8355861 ], [ 4.357603, 43.8356375 ], [ 4.3580261, 43.8355875 ], [ 4.3581915, 43.8354735 ], [ 4.358267, 43.8352316 ], [ 4.3591449, 43.8348881 ], [ 4.3598421, 43.8348003 ], [ 4.3604013, 43.8349666 ], [ 4.361524, 43.8347148 ], [ 4.3621276, 43.8350077 ], [ 4.3621954, 43.8355245 ], [ 4.3623702, 43.8357991 ], [ 4.3626831, 43.8358811 ], [ 4.3627053, 43.8360907 ], [ 4.3629075, 43.8364063 ], [ 4.3626173, 43.8369142 ], [ 4.3627286, 43.8371641 ], [ 4.3626435, 43.8373534 ], [ 4.3629573, 43.8375719 ], [ 4.3629123, 43.8378079 ], [ 4.3630813, 43.837972199999989 ], [ 4.3632438, 43.8384366 ], [ 4.3631959, 43.83861 ], [ 4.3635047, 43.8387805 ], [ 4.3637016, 43.8394493 ], [ 4.3639191, 43.839772 ], [ 4.3635346, 43.8400259 ], [ 4.3632129, 43.8400934 ], [ 4.3632732, 43.8404848 ], [ 4.3638965, 43.8408983 ], [ 4.3634325, 43.8413159 ], [ 4.363431, 43.8417802 ], [ 4.363557, 43.8417913 ], [ 4.3636174, 43.8420991 ], [ 4.3635582, 43.8422512 ], [ 4.3638355, 43.8426389 ], [ 4.3634995, 43.842843699999989 ], [ 4.3634029, 43.8432368 ], [ 4.363195, 43.8433784 ], [ 4.3632567, 43.8438704 ], [ 4.3630909, 43.8440827 ], [ 4.3630115, 43.8449554 ], [ 4.3623631, 43.8449369 ], [ 4.3616641, 43.8450149 ], [ 4.3615066, 43.845274 ], [ 4.361353, 43.8452534 ], [ 4.361076, 43.8451085 ], [ 4.3609904, 43.844872 ], [ 4.3604868, 43.844673 ], [ 4.3604215, 43.8445098 ], [ 4.3600609, 43.8444981 ], [ 4.3598506, 43.8442851 ], [ 4.3597811, 43.8440158 ], [ 4.3594284, 43.8442675 ], [ 4.359252, 43.843919 ], [ 4.3585421, 43.8437115 ], [ 4.3581143, 43.8442844 ], [ 4.3578509, 43.8444378 ], [ 4.3577148, 43.8448592 ], [ 4.3573638, 43.8450085 ], [ 4.356823, 43.8453965 ], [ 4.3564409, 43.8464252 ], [ 4.3564072, 43.8469035 ], [ 4.3560104, 43.8470894 ], [ 4.3552841, 43.8470477 ], [ 4.3549626, 43.847367 ], [ 4.3552241, 43.8479819 ], [ 4.3556662, 43.8482217 ], [ 4.3562708, 43.8487467 ], [ 4.3555422, 43.8491818 ], [ 4.3552015, 43.8489681 ], [ 4.3545794, 43.8492075 ], [ 4.3543446, 43.8493982 ], [ 4.354198, 43.8490106 ], [ 4.3538036, 43.8490005 ], [ 4.3537297, 43.848912299999988 ], [ 4.3534912, 43.8491129 ], [ 4.3530834, 43.849101399999988 ], [ 4.352047, 43.8504076 ], [ 4.3520595, 43.8506843 ], [ 4.3515589, 43.8508256 ], [ 4.3506918, 43.8516963 ], [ 4.3512149, 43.8520935 ], [ 4.3512228, 43.8522994 ], [ 4.3509166, 43.8525485 ], [ 4.3503964, 43.853528 ], [ 4.3504228, 43.8538387 ], [ 4.3501423, 43.8541275 ], [ 4.3501726, 43.854999899999989 ], [ 4.3506864, 43.8555579 ], [ 4.3506285, 43.8561359 ], [ 4.3504676, 43.8564753 ], [ 4.3498484, 43.8567295 ], [ 4.3496628, 43.8571102 ], [ 4.3492253, 43.8573445 ], [ 4.3492575, 43.8578076 ], [ 4.3493978, 43.8580129 ], [ 4.350674, 43.8581858 ], [ 4.3509039, 43.8585131 ], [ 4.3509122, 43.8586502 ], [ 4.3504495, 43.8592567 ], [ 4.3500779, 43.8595226 ], [ 4.3500782, 43.8596245 ], [ 4.3508062, 43.8610256 ], [ 4.3510233, 43.8611799 ], [ 4.3510968, 43.8615724 ], [ 4.3513167, 43.8620042 ], [ 4.3516683, 43.8624459 ], [ 4.351866, 43.8626391 ], [ 4.3523283, 43.8626201 ], [ 4.3540541, 43.8631962 ], [ 4.354668, 43.8637101 ], [ 4.3536102, 43.8647705 ], [ 4.3536694, 43.8649093 ], [ 4.3542933, 43.865096699999988 ], [ 4.3565478, 43.8652337 ], [ 4.3566175, 43.8653192 ], [ 4.3557564, 43.8657322 ], [ 4.3554847, 43.8660187 ], [ 4.3556267, 43.8663124 ], [ 4.3555589, 43.8664641 ], [ 4.3556297, 43.86684 ], [ 4.3551586, 43.8670406 ], [ 4.3550747, 43.8671836 ], [ 4.3554869, 43.8678541 ], [ 4.3551867, 43.8682076 ], [ 4.354815, 43.8683683 ], [ 4.3547173, 43.869378 ], [ 4.353992, 43.8696909 ], [ 4.3540514, 43.8701115 ], [ 4.353816, 43.8707023 ], [ 4.3539738, 43.8711868 ], [ 4.3543622, 43.871631 ], [ 4.3540892, 43.8721923 ], [ 4.3537902, 43.8724548 ], [ 4.3542468, 43.8730651 ], [ 4.3543721, 43.8737376 ], [ 4.35367, 43.8741536 ], [ 4.3536626, 43.8742987 ], [ 4.3540951, 43.8744891 ], [ 4.3545868, 43.8751409 ], [ 4.354182, 43.8755256 ], [ 4.3540051, 43.8759935 ], [ 4.3531825, 43.876891 ], [ 4.3530102, 43.8781257 ], [ 4.3518188, 43.8811869 ], [ 4.351791, 43.8817861 ], [ 4.3449646, 43.8867984 ], [ 4.340133, 43.8905961 ], [ 4.3342793, 43.8966489 ], [ 4.3341555, 43.8964712 ], [ 4.3339088, 43.8963545 ], [ 4.3325225, 43.8964749 ], [ 4.3319555, 43.896391 ], [ 4.3310085, 43.8958139 ], [ 4.3302126, 43.8957381 ], [ 4.329566, 43.8953895 ], [ 4.3236142, 43.8949704 ], [ 4.3187542, 43.8961048 ], [ 4.3186695, 43.8960133 ], [ 4.3227172, 43.8890244 ], [ 4.3253067, 43.8849815 ], [ 4.3384793, 43.8778257 ], [ 4.3409792, 43.8753441 ], [ 4.3408168, 43.8746436 ], [ 4.3333594, 43.8735003 ], [ 4.3342851, 43.8720795 ], [ 4.3345169, 43.8708901 ], [ 4.3396235, 43.8678317 ], [ 4.3408751, 43.8665497 ], [ 4.3412893, 43.865759 ], [ 4.3416964, 43.8640951 ], [ 4.3422554, 43.8624073 ], [ 4.3421283, 43.8619932 ], [ 4.3414445, 43.8609262 ], [ 4.3412983, 43.8604809 ], [ 4.3412597, 43.8601306 ], [ 4.3414382, 43.8590516 ], [ 4.3432604, 43.8586159 ], [ 4.3436284, 43.8586042 ], [ 4.3452644, 43.8580775 ], [ 4.3450793, 43.85761 ], [ 4.3452229, 43.8572467 ], [ 4.345943, 43.8563181 ], [ 4.3456243, 43.8557529 ], [ 4.3458844, 43.855336 ], [ 4.3462558, 43.8550782 ], [ 4.3468806, 43.8543669 ], [ 4.3466576, 43.8539834 ], [ 4.3464526, 43.853925 ], [ 4.3458753, 43.8531756 ], [ 4.3465109, 43.852747 ], [ 4.3467615, 43.8523621 ], [ 4.3467682, 43.8522053 ], [ 4.3465823, 43.8520419 ], [ 4.3471212, 43.8514422 ], [ 4.3474398, 43.8513116 ], [ 4.3476261, 43.8509663 ], [ 4.3479791, 43.8507887 ], [ 4.348722, 43.8496344 ], [ 4.3496132, 43.84884 ], [ 4.3491004, 43.8486161 ], [ 4.3492257, 43.8482134 ], [ 4.3490934, 43.8480451 ], [ 4.3480534, 43.8480377 ], [ 4.3476298, 43.8482705 ], [ 4.3466043, 43.8479166 ], [ 4.3467046, 43.8475995 ], [ 4.3465551, 43.8472985 ], [ 4.3460943, 43.8471521 ], [ 4.3462459, 43.8469314 ], [ 4.3459408, 43.8468285 ], [ 4.346047, 43.8467522 ], [ 4.3460155, 43.8465108 ], [ 4.3461063, 43.8464579 ], [ 4.3458243, 43.8463129 ], [ 4.3459799, 43.8461353 ], [ 4.345771, 43.8460532 ], [ 4.3456322, 43.8458194 ], [ 4.345751, 43.8456459 ], [ 4.3455848, 43.8454197 ] ] ], [ [ [ 4.1258672, 44.0795032 ], [ 4.1253463, 44.0797022 ], [ 4.1253008, 44.0794752 ], [ 4.1259686, 44.078578199999988 ], [ 4.1262244, 44.0783703 ], [ 4.1274206, 44.0794863 ], [ 4.126931, 44.0799219 ], [ 4.1266355, 44.0808103 ], [ 4.1260698, 44.0806853 ], [ 4.1261546, 44.0805752 ], [ 4.126086, 44.0804578 ], [ 4.125886, 44.0804373 ], [ 4.1257043, 44.0801749 ], [ 4.1259018, 44.0801152 ], [ 4.1261072, 44.0796064 ], [ 4.1258672, 44.0795032 ] ], [ [ 4.1258716, 44.080291 ], [ 4.1259703, 44.0801637 ], [ 4.1258494, 44.0802172 ], [ 4.1258716, 44.080291 ] ] ], [ [ [ 4.1250612, 44.080273 ], [ 4.1247946, 44.0801809 ], [ 4.1245276, 44.0801718 ], [ 4.1243593, 44.0800447 ], [ 4.1246851, 44.0800133 ], [ 4.1248032, 44.0801181 ], [ 4.1250552, 44.0801053 ], [ 4.1250612, 44.080273 ] ] ], [ [ [ 4.1242757, 44.0805658 ], [ 4.1239598, 44.080735 ], [ 4.1237615, 44.0806394 ], [ 4.1239336, 44.0802273 ], [ 4.1242757, 44.0805658 ] ] ], [ [ [ 4.1226429, 44.0814395 ], [ 4.122373, 44.0814855 ], [ 4.1218893, 44.0808637 ], [ 4.1219818, 44.0807782 ], [ 4.1223518, 44.0810101 ], [ 4.1226429, 44.0814395 ] ] ], [ [ [ 4.1166253, 44.0889457 ], [ 4.1172179, 44.0887315 ], [ 4.1158583, 44.0888063 ], [ 4.1157729, 44.0886728 ], [ 4.1164603, 44.088529 ], [ 4.1166751, 44.0883466 ], [ 4.1168405, 44.0885144 ], [ 4.1173198, 44.0887167 ], [ 4.119652, 44.0889197 ], [ 4.120615, 44.0891288 ], [ 4.1200325, 44.08946 ], [ 4.1166396, 44.0892876 ], [ 4.11598, 44.0889975 ], [ 4.1166253, 44.0889457 ] ] ] ] } },
{ "type": "Feature", "properties": { "code_departement": 30.0, "code_rne": "0300947S", "multisecteur": 0.0 }, "geometry": { "type": "MultiPolygon", "coordinates": [ [ [ [ 4.0859188, 44.1876195 ], [ 4.0851213, 44.1876535 ], [ 4.0850131, 44.1875529 ], [ 4.0843429, 44.1875082 ], [ 4.0818539, 44.1876021 ], [ 4.081893, 44.187419899999988 ], [ 4.0812692, 44.1875781 ], [ 4.081034, 44.1871169 ], [ 4.0802901, 44.1876022 ], [ 4.0798798, 44.188194 ], [ 4.0796312, 44.1887411 ], [ 4.0787266, 44.1882081 ], [ 4.0749957, 44.1881934 ], [ 4.074519, 44.1887148 ], [ 4.0742545, 44.1888884 ], [ 4.0732591, 44.18825 ], [ 4.072428, 44.1892195 ], [ 4.0716759, 44.1888776 ], [ 4.0709299, 44.1887885 ], [ 4.0681278, 44.1893362 ], [ 4.0674573, 44.1881401 ], [ 4.0674687, 44.1869481 ], [ 4.066618, 44.1859482 ], [ 4.0651087, 44.1855821 ], [ 4.0641504, 44.185514 ], [ 4.063292, 44.1853018 ], [ 4.0625133, 44.1853336 ], [ 4.061687, 44.1852345 ], [ 4.0606245, 44.1852115 ], [ 4.0598749, 44.1849919 ], [ 4.0594521, 44.1846593 ], [ 4.0586616, 44.1839288 ], [ 4.0573997, 44.1823963 ], [ 4.0576696, 44.1821092 ], [ 4.0578706, 44.1816896 ], [ 4.0579406, 44.1811479 ], [ 4.0577863, 44.1802484 ], [ 4.0579657, 44.1796759 ], [ 4.0575794, 44.1790126 ], [ 4.0557027, 44.1779127 ], [ 4.053964, 44.1770311 ], [ 4.0529788, 44.1766472 ], [ 4.0518387, 44.1760046 ], [ 4.0496757, 44.1734761 ], [ 4.0490216, 44.1725939 ], [ 4.0490138, 44.1723104 ], [ 4.0492423, 44.1716781 ], [ 4.0498499, 44.1709891 ], [ 4.0503834, 44.170623 ], [ 4.0520395, 44.1698276 ], [ 4.0531514, 44.168888 ], [ 4.0532598, 44.1685935 ], [ 4.053236, 44.1682543 ], [ 4.0524639, 44.1673517 ], [ 4.052357, 44.1669801 ], [ 4.0525209, 44.1662413 ], [ 4.0528035, 44.1657012 ], [ 4.0532809, 44.1653446 ], [ 4.054055, 44.1650086 ], [ 4.0545116, 44.1648827 ], [ 4.0552848, 44.1649707 ], [ 4.0574331, 44.1640958 ], [ 4.0582836, 44.1634286 ], [ 4.0587089, 44.162898899999988 ], [ 4.0590567, 44.1621736 ], [ 4.0592862, 44.1602603 ], [ 4.0592965, 44.1593376 ], [ 4.0590349, 44.1589242 ], [ 4.0591881, 44.1567408 ], [ 4.0582911, 44.1551058 ], [ 4.0577197, 44.1546297 ], [ 4.0575431, 44.1543479 ], [ 4.0577961, 44.1539656 ], [ 4.057491, 44.1529594 ], [ 4.0575016, 44.1525174 ], [ 4.0577717, 44.1521871 ], [ 4.0589453, 44.1516969 ], [ 4.0593314, 44.1513466 ], [ 4.0599633, 44.1504386 ], [ 4.0598497, 44.1494414 ], [ 4.0594849, 44.1489184 ], [ 4.0600672, 44.1470242 ], [ 4.0603996, 44.1468869 ], [ 4.0610717, 44.1467922 ], [ 4.0613556, 44.1466643 ], [ 4.061322, 44.1460057 ], [ 4.063213, 44.1443797 ], [ 4.0636613, 44.1440873 ], [ 4.0627159, 44.1427292 ], [ 4.0621958, 44.1416559 ], [ 4.0617471, 44.1412578 ], [ 4.0604074, 44.1403347 ], [ 4.0622217, 44.1407663 ], [ 4.0624407, 44.1409136 ], [ 4.0631434, 44.1408582 ], [ 4.0635431, 44.1407058 ], [ 4.0640635, 44.1408627 ], [ 4.0645296, 44.1408564 ], [ 4.0652394, 44.1411124 ], [ 4.0657199, 44.1410042 ], [ 4.0670287, 44.1404099 ], [ 4.0672854, 44.1406307 ], [ 4.0694269, 44.1413785 ], [ 4.0692954, 44.1418974 ], [ 4.0695337, 44.1420733 ], [ 4.0706718, 44.142235 ], [ 4.0711106, 44.1424378 ], [ 4.0713151, 44.1424115 ], [ 4.0712664, 44.1432752 ], [ 4.0722723, 44.144648 ], [ 4.0724425, 44.1455879 ], [ 4.0740178, 44.1453285 ], [ 4.0762186, 44.1443051 ], [ 4.0765183, 44.1447522 ], [ 4.0769103, 44.1456512 ], [ 4.076712, 44.1468629 ], [ 4.077424, 44.1478236 ], [ 4.0777618, 44.1484963 ], [ 4.0778498, 44.1495765 ], [ 4.0782172, 44.1504929 ], [ 4.078092, 44.1505454 ], [ 4.0782581, 44.1512612 ], [ 4.0785951, 44.1516917 ], [ 4.0787728, 44.152625199999989 ], [ 4.0787556, 44.1531034 ], [ 4.0789419, 44.1533014 ], [ 4.0791437, 44.1532634 ], [ 4.0809596, 44.1515784 ], [ 4.0812023, 44.1524438 ], [ 4.0822015, 44.1540308 ], [ 4.0826055, 44.1544976 ], [ 4.0846813, 44.1532079 ], [ 4.0862192, 44.1526877 ], [ 4.0876298, 44.1517879 ], [ 4.0886139, 44.1514028 ], [ 4.0881754, 44.1508311 ], [ 4.0880464, 44.1504939 ], [ 4.0879834, 44.1485754 ], [ 4.0883806, 44.147836 ], [ 4.0887007, 44.147888599999987 ], [ 4.0885189, 44.1473264 ], [ 4.0886387, 44.1468794 ], [ 4.0887999, 44.1466766 ], [ 4.0895185, 44.1463239 ], [ 4.0884568, 44.1458521 ], [ 4.0879093, 44.1454511 ], [ 4.0876008, 44.1448862 ], [ 4.0873546, 44.1446769 ], [ 4.0869717, 44.1446012 ], [ 4.0866167, 44.144111 ], [ 4.0863662, 44.1440117 ], [ 4.0853664, 44.1443866 ], [ 4.0850817, 44.1446734 ], [ 4.0851048, 44.1449975 ], [ 4.0848551, 44.1453949 ], [ 4.0845147, 44.1455579 ], [ 4.0841893, 44.1456001 ], [ 4.0837584, 44.1459168 ], [ 4.0835226, 44.1458019 ], [ 4.083463, 44.145396399999989 ], [ 4.0828695, 44.1452866 ], [ 4.0823657, 44.1456324 ], [ 4.0824332, 44.1458541 ], [ 4.0817364, 44.1459509 ], [ 4.0803606, 44.1458089 ], [ 4.0809576, 44.1448981 ], [ 4.0808915, 44.1441232 ], [ 4.0776743, 44.1440758 ], [ 4.0776887, 44.14367 ], [ 4.0781413, 44.1429299 ], [ 4.0789097, 44.141944099999989 ], [ 4.0785777, 44.1409673 ], [ 4.0786974, 44.1403795 ], [ 4.0789922, 44.1397068 ], [ 4.0788475, 44.1388433 ], [ 4.0790399, 44.1383684 ], [ 4.0789113, 44.1380921 ], [ 4.0788739, 44.1372251 ], [ 4.0790348, 44.1368773 ], [ 4.0790468, 44.1365658 ], [ 4.0805482, 44.1361796 ], [ 4.0811313, 44.1364117 ], [ 4.0813727, 44.1367334 ], [ 4.0820661, 44.1367643 ], [ 4.0823451, 44.1369489 ], [ 4.0826778, 44.1370447 ], [ 4.0829122, 44.137256799999989 ], [ 4.0834193, 44.1374552 ], [ 4.0843536, 44.1372595 ], [ 4.084618, 44.1370281 ], [ 4.0848069, 44.1366051 ], [ 4.0844476, 44.136315 ], [ 4.0840507, 44.136388 ], [ 4.0837803, 44.1360819 ], [ 4.0834083, 44.135914 ], [ 4.0832457, 44.1354389 ], [ 4.0832991, 44.1352713 ], [ 4.0829427, 44.1346979 ], [ 4.0828847, 44.1340617 ], [ 4.0818476, 44.1327189 ], [ 4.0819583, 44.1325649 ], [ 4.0819274, 44.1323405 ], [ 4.0814595, 44.1320678 ], [ 4.0814697, 44.131763 ], [ 4.08106, 44.1317676 ], [ 4.0808959, 44.1315373 ], [ 4.0806421, 44.1314257 ], [ 4.0803834, 44.1310035 ], [ 4.0802832, 44.1306199 ], [ 4.0805351, 44.1304608 ], [ 4.0810264, 44.1305949 ], [ 4.0811749, 44.1303074 ], [ 4.0811337, 44.1301723 ], [ 4.0813646, 44.1299872 ], [ 4.0812093, 44.1296689 ], [ 4.0812513, 44.1295558 ], [ 4.0807427, 44.1293903 ], [ 4.0807644, 44.1292369 ], [ 4.0810886, 44.1291856 ], [ 4.0810714, 44.1290869 ], [ 4.0811967, 44.1290697 ], [ 4.0811651, 44.1288545 ], [ 4.0814573, 44.128854499999989 ], [ 4.0815018, 44.1284684 ], [ 4.0814088, 44.1283293 ], [ 4.0818169, 44.1283209 ], [ 4.0822521, 44.1281489 ], [ 4.0826094, 44.1281185 ], [ 4.0830261, 44.1278496 ], [ 4.0832768, 44.1278406 ], [ 4.0845173, 44.1281691 ], [ 4.0858049, 44.1280792 ], [ 4.0868162, 44.1281439 ], [ 4.0874385, 44.127943 ], [ 4.0886527, 44.1278474 ], [ 4.0891386, 44.1275641 ], [ 4.0902707, 44.1281467 ], [ 4.0908456, 44.1282012 ], [ 4.0909597, 44.128626 ], [ 4.0915663, 44.128886799999989 ], [ 4.0914853, 44.1290618 ], [ 4.0910668, 44.1293466 ], [ 4.0909088, 44.1296189 ], [ 4.0909654, 44.1300374 ], [ 4.0919098, 44.130327099999988 ], [ 4.0920898, 44.1303153 ], [ 4.09217, 44.129905099999988 ], [ 4.0924073, 44.1298038 ], [ 4.0935084, 44.1286139 ], [ 4.0938754, 44.1291257 ], [ 4.0939114, 44.1300729 ], [ 4.094366, 44.130248 ], [ 4.0943948, 44.1303986 ], [ 4.0946412, 44.130552 ], [ 4.094906, 44.1305269 ], [ 4.0950011, 44.1308637 ], [ 4.0952419, 44.1310297 ], [ 4.0956132, 44.1311953 ], [ 4.0959235, 44.1311464 ], [ 4.0965783, 44.1313736 ], [ 4.0968586, 44.1310572 ], [ 4.0970511, 44.1311228 ], [ 4.0970022, 44.1315326 ], [ 4.0971389, 44.13155 ], [ 4.097658, 44.1313117 ], [ 4.0980114, 44.1315143 ], [ 4.0982095, 44.1317331 ], [ 4.0982185, 44.1318307 ], [ 4.0980445, 44.1320037 ], [ 4.098129, 44.132244899999989 ], [ 4.0980876, 44.1324966 ], [ 4.0977132, 44.1327013 ], [ 4.0978222, 44.1331748 ], [ 4.0971453, 44.1331164 ], [ 4.0970731, 44.1334322 ], [ 4.0971637, 44.1335352 ], [ 4.0970464, 44.1336661 ], [ 4.097543, 44.1340807 ], [ 4.0982973, 44.1343873 ], [ 4.0987695, 44.1342787 ], [ 4.0994129, 44.1343454 ], [ 4.1004023, 44.1345974 ], [ 4.1020965, 44.1343649 ], [ 4.102258, 44.134514 ], [ 4.1027096, 44.1346202 ], [ 4.103833, 44.1351157 ], [ 4.1046256, 44.1349608 ], [ 4.1050428, 44.1353102 ], [ 4.1046731, 44.1359622 ], [ 4.1048892, 44.1362208 ], [ 4.1042893, 44.1367479 ], [ 4.1038449, 44.1369818 ], [ 4.1050631, 44.137176 ], [ 4.1054854, 44.1369007 ], [ 4.1056391, 44.1364906 ], [ 4.1089501, 44.1366408 ], [ 4.1094439, 44.1367696 ], [ 4.109587, 44.1373028 ], [ 4.1100222, 44.137531 ], [ 4.1102222, 44.1380569 ], [ 4.1100251, 44.1382635 ], [ 4.1100771, 44.1387388 ], [ 4.1105332, 44.1389468 ], [ 4.1109466, 44.1385472 ], [ 4.1113771, 44.1384206 ], [ 4.1131428, 44.138535 ], [ 4.1154439, 44.1376866 ], [ 4.1158982, 44.1371033 ], [ 4.1153702, 44.1370097 ], [ 4.1144671, 44.1369774 ], [ 4.1121327, 44.137065 ], [ 4.1120175, 44.1364145 ], [ 4.1120262, 44.1355161 ], [ 4.1120829, 44.1353463 ], [ 4.1122177, 44.1352738 ], [ 4.1123833, 44.134732 ], [ 4.1127448, 44.1344268 ], [ 4.1129136, 44.1338544 ], [ 4.1135773, 44.1330258 ], [ 4.1137855, 44.1316618 ], [ 4.1149349, 44.1314485 ], [ 4.1155316, 44.131031899999989 ], [ 4.1157832, 44.1304119 ], [ 4.1171697, 44.1305652 ], [ 4.1172207, 44.1303621 ], [ 4.1184048, 44.1288693 ], [ 4.1201574, 44.1278127 ], [ 4.1208636, 44.1269278 ], [ 4.1217143, 44.1260892 ], [ 4.1219863, 44.1256858 ], [ 4.1222231, 44.12502 ], [ 4.1226687, 44.1246167 ], [ 4.1228611, 44.1241718 ], [ 4.1232214, 44.1224804 ], [ 4.1236988, 44.1214115 ], [ 4.1236743, 44.1209284 ], [ 4.1239331, 44.119923 ], [ 4.1242965, 44.120038 ], [ 4.1243626, 44.1197169 ], [ 4.1252986, 44.1199089 ], [ 4.1273187, 44.1198288 ], [ 4.1278526, 44.1200312 ], [ 4.1283832, 44.1206405 ], [ 4.1294343, 44.1202733 ], [ 4.1299808, 44.1197924 ], [ 4.1302985, 44.1196856 ], [ 4.1308301, 44.1197116 ], [ 4.1311622, 44.1196325 ], [ 4.1315435, 44.119328 ], [ 4.1317819, 44.1190042 ], [ 4.1325839, 44.1188671 ], [ 4.133204, 44.1185088 ], [ 4.1343514, 44.1182764 ], [ 4.1348696, 44.1180712 ], [ 4.1361658, 44.117402399999989 ], [ 4.1366348, 44.1169286 ], [ 4.1370906, 44.1170391 ], [ 4.1405965, 44.1144121 ], [ 4.142282, 44.1139183 ], [ 4.1425977, 44.1149529 ], [ 4.1446802, 44.114440599999988 ], [ 4.1452752, 44.1144569 ], [ 4.145162, 44.114792 ], [ 4.1469471, 44.1175035 ], [ 4.1469993, 44.1177334 ], [ 4.1473011, 44.1180777 ], [ 4.1481369, 44.1185694 ], [ 4.1484283, 44.1188283 ], [ 4.1486508, 44.1197 ], [ 4.1488764, 44.1199821 ], [ 4.1490696, 44.1206984 ], [ 4.1489717, 44.1222234 ], [ 4.1485545, 44.1230352 ], [ 4.1489434, 44.123546 ], [ 4.1497939, 44.1243238 ], [ 4.1503992, 44.1251501 ], [ 4.1508021, 44.1267166 ], [ 4.1510558, 44.1270902 ], [ 4.151506, 44.1274761 ], [ 4.1516633, 44.1277742 ], [ 4.1516663, 44.1282945 ], [ 4.1514285, 44.1295104 ], [ 4.1516015, 44.1297246 ], [ 4.1520315, 44.1299721 ], [ 4.1546825, 44.1309092 ], [ 4.1544341, 44.1312296 ], [ 4.1549932, 44.131563 ], [ 4.1566632, 44.133109 ], [ 4.1577492, 44.1339023 ], [ 4.1577194, 44.1344013 ], [ 4.1605767, 44.1352028 ], [ 4.1602845, 44.1384051 ], [ 4.1596651, 44.1390444 ], [ 4.1583007, 44.1396862 ], [ 4.1582737, 44.1398342 ], [ 4.1573083, 44.1410407 ], [ 4.157301, 44.1413567 ], [ 4.1558285, 44.1424029 ], [ 4.1554575, 44.1429073 ], [ 4.1547425, 44.1432173 ], [ 4.1540801, 44.1436545 ], [ 4.1536479, 44.1437959 ], [ 4.1521923, 44.1440183 ], [ 4.1519214, 44.1441606 ], [ 4.1511942, 44.1457804 ], [ 4.1511658, 44.1475271 ], [ 4.1510725, 44.1477945 ], [ 4.1504469, 44.1486337 ], [ 4.1501579, 44.1487501 ], [ 4.1497159, 44.1487773 ], [ 4.1495329, 44.1489997 ], [ 4.1491994, 44.1500663 ], [ 4.1489382, 44.1504417 ], [ 4.1484357, 44.1507557 ], [ 4.14814, 44.1516527 ], [ 4.1473686, 44.1527689 ], [ 4.1472505, 44.1532355 ], [ 4.1459051, 44.1541011 ], [ 4.1457641, 44.15436 ], [ 4.1458425, 44.1551496 ], [ 4.1457696, 44.155379 ], [ 4.1449192, 44.1560513 ], [ 4.1442952, 44.1566681 ], [ 4.1440119, 44.1567593 ], [ 4.1433705, 44.1567596 ], [ 4.1430029, 44.1570695 ], [ 4.1423452, 44.1573833 ], [ 4.1415438, 44.158011 ], [ 4.1414845, 44.1583573 ], [ 4.142142, 44.1590292 ], [ 4.1422338, 44.1593063 ], [ 4.1421996, 44.1595948 ], [ 4.1420152, 44.1599369 ], [ 4.1416178, 44.1604479 ], [ 4.1417141, 44.1606377 ], [ 4.1411343, 44.1608445 ], [ 4.1409979, 44.1609629 ], [ 4.1403203, 44.1610303 ], [ 4.1374242, 44.1605896 ], [ 4.1340215, 44.1597642 ], [ 4.1331818, 44.1594182 ], [ 4.1306563, 44.1574865 ], [ 4.1302869, 44.1573949 ], [ 4.1301305, 44.157767299999989 ], [ 4.127745, 44.1610541 ], [ 4.1275297, 44.1611697 ], [ 4.1269428, 44.1619013 ], [ 4.1254044, 44.1641612 ], [ 4.1246841, 44.1648581 ], [ 4.1206556, 44.1667302 ], [ 4.117623, 44.1682591 ], [ 4.1183329, 44.1691916 ], [ 4.1185778, 44.1692395 ], [ 4.1187865, 44.1696145 ], [ 4.1191789, 44.1700453 ], [ 4.1195233, 44.1701948 ], [ 4.1203169, 44.1707394 ], [ 4.1203379, 44.1708499 ], [ 4.1198486, 44.1711565 ], [ 4.1218419, 44.1729788 ], [ 4.1219759, 44.173179 ], [ 4.1220467, 44.1741001 ], [ 4.1225931, 44.1745986 ], [ 4.1216246, 44.1750838 ], [ 4.122221, 44.17539 ], [ 4.1227838, 44.1761503 ], [ 4.1229676, 44.1760827 ], [ 4.1235456, 44.1768465 ], [ 4.1245234, 44.1779049 ], [ 4.1252243, 44.1790023 ], [ 4.125544, 44.1792915 ], [ 4.1253298, 44.1794657 ], [ 4.1242714, 44.1798366 ], [ 4.1234637, 44.1802328 ], [ 4.1231411, 44.1804927 ], [ 4.1226909, 44.1804982 ], [ 4.1224364, 44.1805971 ], [ 4.122308, 44.1807461 ], [ 4.1223976, 44.1808505 ], [ 4.1219091, 44.1816404 ], [ 4.1220527, 44.181756 ], [ 4.1219956, 44.1831068 ], [ 4.1223629, 44.1833371 ], [ 4.1203791, 44.1884856 ], [ 4.1200933, 44.1890242 ], [ 4.1208645, 44.1892467 ], [ 4.1209396, 44.1898806 ], [ 4.1207465, 44.1913787 ], [ 4.1199131, 44.1924503 ], [ 4.1200582, 44.1934642 ], [ 4.1200475, 44.1943825 ], [ 4.1196967, 44.1946741 ], [ 4.1190182, 44.1949097 ], [ 4.1165286, 44.1965139 ], [ 4.1160843, 44.1970208 ], [ 4.115112, 44.1975257 ], [ 4.1148754, 44.1975822 ], [ 4.1148343, 44.1974674 ], [ 4.1136551, 44.1978826 ], [ 4.1125696, 44.1979791 ], [ 4.112314, 44.1982833 ], [ 4.1122038, 44.1985977 ], [ 4.1122245, 44.1990115 ], [ 4.1128692, 44.2002436 ], [ 4.1129101, 44.200541199999989 ], [ 4.1127612, 44.2010522 ], [ 4.1128556, 44.2014626 ], [ 4.1131241, 44.2019496 ], [ 4.1132108, 44.2026707 ], [ 4.1133905, 44.2028966 ], [ 4.1141164, 44.2032889 ], [ 4.1136883, 44.2036011 ], [ 4.1139762, 44.2041761 ], [ 4.1125682, 44.2042948 ], [ 4.1112361, 44.204582 ], [ 4.1109929, 44.2047518 ], [ 4.110747, 44.2054286 ], [ 4.1105984, 44.2055687 ], [ 4.1093726, 44.2057935 ], [ 4.1088365, 44.2060897 ], [ 4.1085406, 44.2064465 ], [ 4.1083116, 44.2065712 ], [ 4.1076597, 44.2066453 ], [ 4.1064107, 44.2069604 ], [ 4.1061133, 44.2071128 ], [ 4.1061102, 44.2082371 ], [ 4.1059719, 44.2089119 ], [ 4.1054749, 44.2099962 ], [ 4.1050966, 44.210431199999988 ], [ 4.1047904, 44.211095 ], [ 4.1045424, 44.2114072 ], [ 4.103576, 44.2116536 ], [ 4.102375, 44.2116801 ], [ 4.1020618, 44.2114699 ], [ 4.1015947, 44.2108103 ], [ 4.1012749, 44.2107135 ], [ 4.1007735, 44.2107366 ], [ 4.1002828, 44.210863 ], [ 4.0999502, 44.2110698 ], [ 4.0993115, 44.211826 ], [ 4.0985395, 44.2119013 ], [ 4.0970731, 44.212375 ], [ 4.0954396, 44.2126272 ], [ 4.094971, 44.212856 ], [ 4.0931786, 44.2132394 ], [ 4.0919815, 44.2134088 ], [ 4.0915317, 44.2133188 ], [ 4.0900016, 44.2138021 ], [ 4.0903068, 44.2140529 ], [ 4.0908199, 44.2142476 ], [ 4.0914337, 44.2149266 ], [ 4.0909631, 44.2158386 ], [ 4.0908665, 44.2158918 ], [ 4.0887194, 44.2156656 ], [ 4.0884922, 44.2161539 ], [ 4.0880926, 44.2164648 ], [ 4.0874053, 44.216654399999989 ], [ 4.086661, 44.2166131 ], [ 4.0859102, 44.2176036 ], [ 4.0855871, 44.2178561 ], [ 4.0847571, 44.2180488 ], [ 4.0843666, 44.2183084 ], [ 4.083905, 44.2184569 ], [ 4.083869, 44.2198481 ], [ 4.0834627, 44.220403 ], [ 4.0833509, 44.220973 ], [ 4.0833214, 44.2223128 ], [ 4.0833825, 44.222431 ], [ 4.0837029, 44.2225584 ], [ 4.0837081, 44.2228293 ], [ 4.0835626, 44.2230117 ], [ 4.0835956, 44.2230995 ], [ 4.0832518, 44.2232542 ], [ 4.0831417, 44.2231274 ], [ 4.0830979, 44.2231918 ], [ 4.0826597, 44.2231916 ], [ 4.0822678, 44.2229893 ], [ 4.0819944, 44.222965 ], [ 4.0813951, 44.222519 ], [ 4.0810897, 44.2224536 ], [ 4.0805467, 44.2219422 ], [ 4.0800134, 44.2218746 ], [ 4.0789864, 44.221386 ], [ 4.0777701, 44.2214717 ], [ 4.0773338, 44.2214373 ], [ 4.0759606, 44.2207747 ], [ 4.0747422, 44.2204221 ], [ 4.0730858, 44.2204023 ], [ 4.0723249, 44.2206753 ], [ 4.0716315, 44.2205479 ], [ 4.0731502, 44.2190433 ], [ 4.0739429, 44.2184009 ], [ 4.0751833, 44.2180665 ], [ 4.0779598, 44.2168294 ], [ 4.079259, 44.215773399999989 ], [ 4.0792438, 44.2156313 ], [ 4.0799058, 44.2145734 ], [ 4.0807311, 44.2140701 ], [ 4.0807454, 44.2137702 ], [ 4.0805712, 44.2136288 ], [ 4.0794231, 44.213407 ], [ 4.0793794, 44.2130203 ], [ 4.0796167, 44.2127948 ], [ 4.079007, 44.2124569 ], [ 4.0781612, 44.2121411 ], [ 4.0774964, 44.2115337 ], [ 4.0775028, 44.2114139 ], [ 4.0777704, 44.211137699999988 ], [ 4.0777306, 44.2109481 ], [ 4.0768165, 44.2106609 ], [ 4.0766687, 44.210458 ], [ 4.076859, 44.2095362 ], [ 4.077135, 44.209439 ], [ 4.078101, 44.2094304 ], [ 4.0782809, 44.2092855 ], [ 4.0783139, 44.2074596 ], [ 4.0786636, 44.2062373 ], [ 4.0791396, 44.2055395 ], [ 4.0795413, 44.2057372 ], [ 4.0800317, 44.2058566 ], [ 4.0815106, 44.2061058 ], [ 4.0824004, 44.2061735 ], [ 4.0842148, 44.2060341 ], [ 4.0845094, 44.2059286 ], [ 4.0848615, 44.205493 ], [ 4.0853068, 44.2043049 ], [ 4.0853133, 44.2039889 ], [ 4.0838221, 44.202242 ], [ 4.0839726, 44.2016067 ], [ 4.0841754, 44.201088 ], [ 4.0844171, 44.2007661 ], [ 4.0844023, 44.2004512 ], [ 4.0846083, 44.2000324 ], [ 4.0845578, 44.1996161 ], [ 4.0843725, 44.1994127 ], [ 4.0843974, 44.1986887 ], [ 4.0839317, 44.1977553 ], [ 4.084356, 44.1973712 ], [ 4.084497, 44.1971547 ], [ 4.0844647, 44.1969678 ], [ 4.085244, 44.1955801 ], [ 4.0858743, 44.1947835 ], [ 4.0858414, 44.1945651 ], [ 4.0855289, 44.1940578 ], [ 4.0848103, 44.1935095 ], [ 4.0848123, 44.1930927 ], [ 4.0855835, 44.1920688 ], [ 4.0858331, 44.1913147 ], [ 4.0860878, 44.19116 ], [ 4.0865726, 44.1910598 ], [ 4.0869283, 44.1906206 ], [ 4.0868737, 44.1903871 ], [ 4.0863542, 44.1898432 ], [ 4.0861526, 44.1882014 ], [ 4.0859188, 44.1876195 ] ] ], [ [ [ 4.0755714, 44.1025035 ], [ 4.0760986, 44.102251 ], [ 4.0765152, 44.1024522 ], [ 4.0765374, 44.1025497 ], [ 4.076336, 44.1026363 ], [ 4.0761775, 44.1029019 ], [ 4.075737, 44.1027278 ], [ 4.0755714, 44.1025035 ] ] ] ] } },
{ "type": "Feature", "properties": { "code_departement": 30.0, "code_rne": "0300949U", "multisecteur": 0.0 }, "geometry": { "type": "MultiPolygon", "coordinates": [ [ [ [ 4.1489905, 44.0836901 ], [ 4.148804, 44.0834193 ], [ 4.1478221, 44.0825348 ], [ 4.1478976, 44.0820687 ], [ 4.1474977, 44.081495 ], [ 4.147349, 44.0809331 ], [ 4.1470617, 44.080928 ], [ 4.1473361, 44.0803535 ], [ 4.1472383, 44.0788477 ], [ 4.1464827, 44.0780311 ], [ 4.1461057, 44.0774806 ], [ 4.1455409, 44.0771472 ], [ 4.143827, 44.0764225 ], [ 4.1429575, 44.0758411 ], [ 4.1425253, 44.0737789 ], [ 4.1420342, 44.0726346 ], [ 4.1419041, 44.0715018 ], [ 4.1405412, 44.070029 ], [ 4.1402613, 44.0694549 ], [ 4.1401655, 44.0689752 ], [ 4.1401701, 44.0675854 ], [ 4.1400822, 44.0675566 ], [ 4.1401832, 44.067367399999988 ], [ 4.1401569, 44.067176 ], [ 4.1403302, 44.066978 ], [ 4.1414087, 44.0665995 ], [ 4.1421126, 44.0662159 ], [ 4.1425205, 44.0658858 ], [ 4.1430175, 44.0650858 ], [ 4.143435, 44.064617 ], [ 4.1438715, 44.0644081 ], [ 4.1448548, 44.0642061 ], [ 4.1454161, 44.0638717 ], [ 4.1461439, 44.0631278 ], [ 4.1466912, 44.0627233 ], [ 4.1472864, 44.0624659 ], [ 4.1473781, 44.0620572 ], [ 4.1485404, 44.0617561 ], [ 4.1490952, 44.0615378 ], [ 4.1495361, 44.0611813 ], [ 4.1508359, 44.0604565 ], [ 4.1517554, 44.0601885 ], [ 4.1523801, 44.0598471 ], [ 4.1529181, 44.0592906 ], [ 4.1534868, 44.0590226 ], [ 4.1547304, 44.058609 ], [ 4.1559815, 44.0577056 ], [ 4.156593, 44.0574543 ], [ 4.1569201, 44.0572114 ], [ 4.1573657, 44.0565406 ], [ 4.1578396, 44.0560288 ], [ 4.1584484, 44.0555201 ], [ 4.1597007, 44.0546859 ], [ 4.1603418, 44.0541103 ], [ 4.1623128, 44.054366599999987 ], [ 4.1636031, 44.0548444 ], [ 4.165265, 44.0550598 ], [ 4.1675637, 44.055651 ], [ 4.1693785, 44.0557109 ], [ 4.1702516, 44.0558644 ], [ 4.1712175, 44.0563411 ], [ 4.173268, 44.0576621 ], [ 4.1743803, 44.0579733 ], [ 4.1749892, 44.058325 ], [ 4.1746459, 44.0586285 ], [ 4.1742294, 44.0591901 ], [ 4.173632, 44.0601227 ], [ 4.1733685, 44.0607259 ], [ 4.1724717, 44.0618508 ], [ 4.1716703, 44.0623967 ], [ 4.1709488, 44.0627618 ], [ 4.1697773, 44.0640048 ], [ 4.1688252, 44.0644488 ], [ 4.1675251, 44.0652134 ], [ 4.1676925, 44.0652791 ], [ 4.1678874, 44.0652266 ], [ 4.1687211, 44.0655229 ], [ 4.1687425, 44.0658935 ], [ 4.1683367, 44.0672885 ], [ 4.1683727, 44.0674628 ], [ 4.1692625, 44.0676891 ], [ 4.1693761, 44.0678103 ], [ 4.1694875, 44.0683708 ], [ 4.1694318, 44.0687602 ], [ 4.1695926, 44.0689322 ], [ 4.1696656, 44.0696903 ], [ 4.1698624, 44.0699681 ], [ 4.1702546, 44.070161 ], [ 4.169238, 44.071359199999989 ], [ 4.1698996, 44.0720218 ], [ 4.1703812, 44.0721922 ], [ 4.1709752, 44.0726602 ], [ 4.1710055, 44.0731036 ], [ 4.1717496, 44.0736483 ], [ 4.1716626, 44.0739688 ], [ 4.1717399, 44.0742083 ], [ 4.1733879, 44.0751745 ], [ 4.1741909, 44.0759067 ], [ 4.1751767, 44.0765442 ], [ 4.1758805, 44.0767068 ], [ 4.1764144, 44.0769225 ], [ 4.1776418, 44.0771029 ], [ 4.178753, 44.0775815 ], [ 4.1796847, 44.0776543 ], [ 4.1802699, 44.0778739 ], [ 4.1809964, 44.0779849 ], [ 4.1810801, 44.07793 ], [ 4.1808779, 44.0776927 ], [ 4.1808543, 44.077398599999988 ], [ 4.1810153, 44.0770899 ], [ 4.1810327, 44.0766676 ], [ 4.1812803, 44.0757819 ], [ 4.1869544, 44.0770032 ], [ 4.1876512, 44.0774871 ], [ 4.1873364, 44.0781981 ], [ 4.1887852, 44.0784551 ], [ 4.1894681, 44.0789896 ], [ 4.1897609, 44.0793779 ], [ 4.1900559, 44.0801686 ], [ 4.1906554, 44.0811307 ], [ 4.1914258, 44.0820197 ], [ 4.1915783, 44.0821504 ], [ 4.192321, 44.0820154 ], [ 4.1924699, 44.0820894 ], [ 4.1926319, 44.082012 ], [ 4.1927526, 44.0830053 ], [ 4.1932988, 44.0830291 ], [ 4.1933403, 44.0835795 ], [ 4.1932215, 44.0839868 ], [ 4.1984054, 44.0862525 ], [ 4.2002204, 44.086807 ], [ 4.2001354, 44.0870446 ], [ 4.1995935, 44.0876384 ], [ 4.2005826, 44.0879372 ], [ 4.2007897, 44.0879259 ], [ 4.2029177, 44.0889287 ], [ 4.2038015, 44.090442 ], [ 4.2053049, 44.0905497 ], [ 4.2057933, 44.0902545 ], [ 4.2059265, 44.0896445 ], [ 4.2058288, 44.0889867 ], [ 4.2061517, 44.0883081 ], [ 4.2064842, 44.0880289 ], [ 4.2068858, 44.0866491 ], [ 4.2073261, 44.0863877 ], [ 4.2092093, 44.0823928 ], [ 4.2097162, 44.0805068 ], [ 4.2101872, 44.0792289 ], [ 4.2103855, 44.0780394 ], [ 4.2141576, 44.0776889 ], [ 4.21413, 44.0778548 ], [ 4.2147018, 44.0782652 ], [ 4.215316, 44.0789596 ], [ 4.2150961, 44.0799486 ], [ 4.215185, 44.0804859 ], [ 4.2151586, 44.0812342 ], [ 4.2152507, 44.0813961 ], [ 4.2165567, 44.082208 ], [ 4.2177362, 44.0826467 ], [ 4.2181811, 44.0827237 ], [ 4.2195666, 44.0825805 ], [ 4.2210365, 44.0827009 ], [ 4.2222354, 44.0826488 ], [ 4.2228144, 44.0827441 ], [ 4.2231151, 44.0827308 ], [ 4.2236318, 44.0824865 ], [ 4.2246516, 44.0828172 ], [ 4.2251775, 44.0828239 ], [ 4.2252766, 44.0829038 ], [ 4.225262, 44.0832667 ], [ 4.2254621, 44.0836884 ], [ 4.2265395, 44.0844856 ], [ 4.2267798, 44.0849762 ], [ 4.2272713, 44.0850679 ], [ 4.2282475, 44.0853954 ], [ 4.2290064, 44.0854382 ], [ 4.2297037, 44.085632 ], [ 4.2314249, 44.0863994 ], [ 4.2325729, 44.0867006 ], [ 4.233175, 44.0872862 ], [ 4.2338371, 44.0871806 ], [ 4.2353649, 44.0866224 ], [ 4.2358453, 44.0868942 ], [ 4.2361598, 44.0868862 ], [ 4.2383237, 44.0861812 ], [ 4.2387288, 44.0859741 ], [ 4.2387834, 44.085671 ], [ 4.2393309, 44.0856342 ], [ 4.2381915, 44.0842375 ], [ 4.2389592, 44.0841055 ], [ 4.2400027, 44.0835707 ], [ 4.2406697, 44.0834038 ], [ 4.2415259, 44.0829251 ], [ 4.2424502, 44.0828202 ], [ 4.2457717, 44.0813278 ], [ 4.2466434, 44.080992 ], [ 4.247316, 44.0808565 ], [ 4.2482476, 44.080061 ], [ 4.2487739, 44.0798597 ], [ 4.2493556, 44.0797981 ], [ 4.2504908, 44.0794071 ], [ 4.2510194, 44.07914 ], [ 4.2517201, 44.0786388 ], [ 4.2527547, 44.0784973 ], [ 4.2531733, 44.0782306 ], [ 4.2533528, 44.0777613 ], [ 4.2541352, 44.077398599999988 ], [ 4.254806, 44.0776394 ], [ 4.2554465, 44.0776347 ], [ 4.2576068, 44.076510899999988 ], [ 4.2577768, 44.076463 ], [ 4.2589166, 44.0765102 ], [ 4.260284, 44.0761219 ], [ 4.2662689, 44.0737251 ], [ 4.2663218, 44.0742501 ], [ 4.2672654, 44.075579499999989 ], [ 4.2676842, 44.0758285 ], [ 4.2683844, 44.0760427 ], [ 4.2686477, 44.0761999 ], [ 4.2689478, 44.0768941 ], [ 4.268771, 44.0774758 ], [ 4.2693961, 44.0784074 ], [ 4.2706937, 44.0794797 ], [ 4.2712376, 44.0802395 ], [ 4.2716207, 44.0803952 ], [ 4.2728322, 44.0811328 ], [ 4.2731441, 44.0815099 ], [ 4.2734046, 44.0823827 ], [ 4.2735616, 44.0835385 ], [ 4.2728625, 44.0937661 ], [ 4.2734098, 44.0966231 ], [ 4.2734382, 44.0975562 ], [ 4.2737834, 44.0978556 ], [ 4.2748244, 44.1032318 ], [ 4.2756002, 44.102952699999989 ], [ 4.280244, 44.101867 ], [ 4.2809766, 44.1016127 ], [ 4.2828378, 44.1012786 ], [ 4.2849043, 44.1007413 ], [ 4.2855908, 44.1006648 ], [ 4.2890211, 44.0993445 ], [ 4.2912986, 44.0986425 ], [ 4.2923186, 44.0981255 ], [ 4.2922402, 44.098305599999989 ], [ 4.2946883, 44.097363 ], [ 4.2949304, 44.0971891 ], [ 4.2988806, 44.0963412 ], [ 4.299466, 44.0961047 ], [ 4.2994749, 44.096218 ], [ 4.3043158, 44.0953252 ], [ 4.3080034, 44.0952893 ], [ 4.3083983, 44.0950829 ], [ 4.3100218, 44.094852 ], [ 4.3127407, 44.0935439 ], [ 4.3145364, 44.0925556 ], [ 4.3151763, 44.0930052 ], [ 4.3159612, 44.0932973 ], [ 4.3168237, 44.0939738 ], [ 4.3172919, 44.0944525 ], [ 4.3182426, 44.094892 ], [ 4.3191368, 44.0955321 ], [ 4.320713, 44.0960127 ], [ 4.3213798, 44.0971352 ], [ 4.3213759, 44.0978284 ], [ 4.3225269, 44.099893 ], [ 4.3223475, 44.0999672 ], [ 4.3233173, 44.1009547 ], [ 4.3238666, 44.1013171 ], [ 4.3244514, 44.1019672 ], [ 4.3253472, 44.1035838 ], [ 4.3254256, 44.1038916 ], [ 4.3259031, 44.1041163 ], [ 4.3258882, 44.1042281 ], [ 4.3254677, 44.1044105 ], [ 4.3258774, 44.105159 ], [ 4.3259178, 44.1060893 ], [ 4.3267596, 44.1082233 ], [ 4.3269588, 44.1095829 ], [ 4.3269034, 44.1102632 ], [ 4.3268136, 44.1103768 ], [ 4.3268721, 44.1111169 ], [ 4.3271039, 44.1118955 ], [ 4.327041, 44.1122536 ], [ 4.3271081, 44.1130926 ], [ 4.3269553, 44.1132385 ], [ 4.3267027, 44.1145126 ], [ 4.3264926, 44.1145584 ], [ 4.3264433, 44.114748 ], [ 4.3250966, 44.1149227 ], [ 4.3228515, 44.1148238 ], [ 4.3211155, 44.1149087 ], [ 4.3193082, 44.1148314 ], [ 4.3179237, 44.1148841 ], [ 4.3162971, 44.1150522 ], [ 4.3148884, 44.1150862 ], [ 4.3103437, 44.1149057 ], [ 4.3099104, 44.1151899 ], [ 4.3098053, 44.11513 ], [ 4.3091345, 44.1154089 ], [ 4.3087171, 44.1158946 ], [ 4.3080678, 44.116293 ], [ 4.3074221, 44.116307 ], [ 4.3067782, 44.1161257 ], [ 4.3065975, 44.1161458 ], [ 4.306587, 44.1165069 ], [ 4.3069981, 44.117431 ], [ 4.3078416, 44.1185732 ], [ 4.3081465, 44.118466 ], [ 4.3088572, 44.1191579 ], [ 4.309003, 44.1194145 ], [ 4.3091875, 44.1203718 ], [ 4.309468, 44.1209932 ], [ 4.3093901, 44.121519 ], [ 4.3098273, 44.123951399999989 ], [ 4.3110354, 44.1261091 ], [ 4.3111475, 44.1270673 ], [ 4.3105518, 44.1268143 ], [ 4.3102351, 44.127008 ], [ 4.3043573, 44.1289577 ], [ 4.3003903, 44.1304244 ], [ 4.2953814, 44.1324704 ], [ 4.2935457, 44.1333103 ], [ 4.2917023, 44.1339253 ], [ 4.2853331, 44.1342666 ], [ 4.2855303, 44.1337548 ], [ 4.28584, 44.1334667 ], [ 4.2857556, 44.1326638 ], [ 4.2858558, 44.1323404 ], [ 4.2842663, 44.128151599999988 ], [ 4.2837475, 44.1262619 ], [ 4.2830154, 44.1251624 ], [ 4.2817696, 44.1246162 ], [ 4.2791891, 44.122452599999988 ], [ 4.2789677, 44.1223895 ], [ 4.2784819, 44.122066599999989 ], [ 4.2767617, 44.1218139 ], [ 4.2712736, 44.1206516 ], [ 4.2693996, 44.1203313 ], [ 4.2686317, 44.1200206 ], [ 4.2630498, 44.118724 ], [ 4.2589017, 44.118238 ], [ 4.2520839, 44.1180514 ], [ 4.2516274, 44.1162707 ], [ 4.2505379, 44.1163858 ], [ 4.2499491, 44.1163736 ], [ 4.2490571, 44.1159256 ], [ 4.2486035, 44.1159784 ], [ 4.247895, 44.1164357 ], [ 4.2471296, 44.1166307 ], [ 4.245761, 44.1168398 ], [ 4.2444689, 44.1174036 ], [ 4.2423208, 44.1182003 ], [ 4.2416967, 44.1188024 ], [ 4.2411549, 44.1191092 ], [ 4.2408984, 44.1194398 ], [ 4.2402523, 44.1197216 ], [ 4.2389937, 44.1206252 ], [ 4.2384921, 44.1206615 ], [ 4.2383145, 44.1208255 ], [ 4.2379851, 44.120849 ], [ 4.2372578, 44.1212479 ], [ 4.2370223, 44.121508 ], [ 4.2370146, 44.1217881 ], [ 4.2367963, 44.1219202 ], [ 4.2366206, 44.1222273 ], [ 4.2356822, 44.1229202 ], [ 4.2353815, 44.1228273 ], [ 4.2348814, 44.1228185 ], [ 4.2340869, 44.1224269 ], [ 4.233579, 44.122862 ], [ 4.233196, 44.1230643 ], [ 4.2322579, 44.123425 ], [ 4.2301204, 44.1244392 ], [ 4.2297694, 44.124445 ], [ 4.2294194, 44.1242112 ], [ 4.228004, 44.1245233 ], [ 4.2243722, 44.1249744 ], [ 4.2208363, 44.1263433 ], [ 4.2129663, 44.1270176 ], [ 4.2076292, 44.1280406 ], [ 4.2064663, 44.1245329 ], [ 4.2053097, 44.1233214 ], [ 4.2050665, 44.1229352 ], [ 4.2051068, 44.1224748 ], [ 4.2056455, 44.1215975 ], [ 4.2056743, 44.1211858 ], [ 4.2061945, 44.1208533 ], [ 4.2066941, 44.1206624 ], [ 4.2075332, 44.1189861 ], [ 4.2067336, 44.1179336 ], [ 4.2061634, 44.1163799 ], [ 4.2058557, 44.1161277 ], [ 4.2052651, 44.1153231 ], [ 4.2028112, 44.1109492 ], [ 4.2023545, 44.1063662 ], [ 4.2031023, 44.1030364 ], [ 4.1997349, 44.1024649 ], [ 4.197831, 44.1022165 ], [ 4.1947095, 44.1019905 ], [ 4.1914478, 44.1019837 ], [ 4.1808838, 44.100728 ], [ 4.1805001, 44.1008357 ], [ 4.1799519, 44.1012674 ], [ 4.1795716, 44.1013012 ], [ 4.1793284, 44.1010184 ], [ 4.1782963, 44.1002158 ], [ 4.1781084, 44.1001899 ], [ 4.1775433, 44.1005299 ], [ 4.1772922, 44.1008315 ], [ 4.177024, 44.1008497 ], [ 4.1769006, 44.1009815 ], [ 4.1761289, 44.100994299999989 ], [ 4.1756958, 44.100647 ], [ 4.1750261, 44.0994894 ], [ 4.1745346, 44.0997017 ], [ 4.1741447, 44.0992693 ], [ 4.1717855, 44.0974061 ], [ 4.1712264, 44.0971888 ], [ 4.1711004, 44.0970155 ], [ 4.1706191, 44.0969334 ], [ 4.1706068, 44.0963376 ], [ 4.1691021, 44.0961106 ], [ 4.1682363, 44.0958552 ], [ 4.166734, 44.0956894 ], [ 4.1660699, 44.095277 ], [ 4.1652428, 44.0949024 ], [ 4.1640712, 44.0945332 ], [ 4.1622944, 44.0938256 ], [ 4.1621041, 44.093679099999989 ], [ 4.1619035, 44.0937632 ], [ 4.1618564, 44.0937195 ], [ 4.1619634, 44.0935789 ], [ 4.1617266, 44.09336 ], [ 4.1615682, 44.0930007 ], [ 4.1615316, 44.0926185 ], [ 4.1610792, 44.0915036 ], [ 4.1617711, 44.0911317 ], [ 4.1627141, 44.0902224 ], [ 4.1628541, 44.0897349 ], [ 4.1624989, 44.0888565 ], [ 4.1625937, 44.0884225 ], [ 4.1617256, 44.0871302 ], [ 4.160898, 44.0854971 ], [ 4.1611344, 44.084779 ], [ 4.1591142, 44.0847941 ], [ 4.1569639, 44.084617 ], [ 4.1552609, 44.084571 ], [ 4.1531523, 44.0847247 ], [ 4.1495695, 44.0841025 ], [ 4.1489905, 44.0836901 ] ] ], [ [ [ 4.0813968, 44.1055252 ], [ 4.0813827, 44.1059663 ], [ 4.0811263, 44.1059507 ], [ 4.0810455, 44.1058954 ], [ 4.081333, 44.1055206 ], [ 4.0810995, 44.1054286 ], [ 4.0808572, 44.1054318 ], [ 4.080867, 44.1049208 ], [ 4.0814981, 44.1049323 ], [ 4.0816257, 44.105239 ], [ 4.0815997, 44.1053815 ], [ 4.0813968, 44.1055252 ] ] ], [ [ [ 4.0799049, 44.1100655 ], [ 4.0794341, 44.1100121 ], [ 4.0797922, 44.1096955 ], [ 4.0793793, 44.1095255 ], [ 4.0795414, 44.1094135 ], [ 4.0799316, 44.1096248 ], [ 4.0802458, 44.1095675 ], [ 4.0803587, 44.110046399999987 ], [ 4.0802881, 44.1103125 ], [ 4.0801618, 44.110312 ], [ 4.0799049, 44.1100655 ] ] ], [ [ [ 4.1036107, 44.0932609 ], [ 4.1049485, 44.0923649 ], [ 4.1058703, 44.0920262 ], [ 4.1057125, 44.0930784 ], [ 4.1073033, 44.0937049 ], [ 4.1076437, 44.0935776 ], [ 4.1083306, 44.0935295 ], [ 4.1085644, 44.0937776 ], [ 4.1087635, 44.0937442 ], [ 4.10883, 44.0932665 ], [ 4.1089364, 44.0932134 ], [ 4.1092808, 44.0936132 ], [ 4.1093656, 44.0934433 ], [ 4.1096069, 44.0934779 ], [ 4.1099932, 44.093301 ], [ 4.1101129, 44.0933693 ], [ 4.110481, 44.0933772 ], [ 4.1108339, 44.0932392 ], [ 4.1114712, 44.0934703 ], [ 4.1117378, 44.0934745 ], [ 4.113209, 44.0930422 ], [ 4.1134826, 44.093521 ], [ 4.1141903, 44.0940788 ], [ 4.1148194, 44.0939711 ], [ 4.1149714, 44.0950197 ], [ 4.1153523, 44.094969 ], [ 4.1155606, 44.0944054 ], [ 4.1165172, 44.0944409 ], [ 4.11667, 44.0952007 ], [ 4.1173003, 44.0956017 ], [ 4.1194383, 44.0945742 ], [ 4.1194582, 44.0943428 ], [ 4.1217843, 44.0938269 ], [ 4.1230852, 44.093852 ], [ 4.1239738, 44.0924735 ], [ 4.1244075, 44.0928 ], [ 4.124873, 44.093006 ], [ 4.1247719, 44.0938587 ], [ 4.12503, 44.0940794 ], [ 4.1253876, 44.0940834 ], [ 4.125925, 44.0934224 ], [ 4.126818, 44.0940254 ], [ 4.1274885, 44.0942939 ], [ 4.1277824, 44.0946842 ], [ 4.1291327, 44.0948808 ], [ 4.1297685, 44.0945442 ], [ 4.1297951, 44.0942537 ], [ 4.1317996, 44.093293 ], [ 4.1320066, 44.0946471 ], [ 4.1333856, 44.0938774 ], [ 4.1339696, 44.094056 ], [ 4.1352736, 44.0929231 ], [ 4.1353575, 44.0925664 ], [ 4.1381133, 44.0930347 ], [ 4.1399637, 44.0916725 ], [ 4.1402404, 44.0909864 ], [ 4.1452033, 44.0884879 ], [ 4.1474335, 44.0883793 ], [ 4.147389, 44.0889861 ], [ 4.1492508, 44.0897155 ], [ 4.1491744, 44.0901376 ], [ 4.1488564, 44.0908394 ], [ 4.148038, 44.0917517 ], [ 4.145436, 44.0935918 ], [ 4.1443101, 44.0940572 ], [ 4.1421509, 44.0981142 ], [ 4.14072, 44.0983307 ], [ 4.1398036, 44.0985986 ], [ 4.1359423, 44.1003957 ], [ 4.1357538, 44.1007749 ], [ 4.1349629, 44.1011413 ], [ 4.1342597, 44.1017076 ], [ 4.1338792, 44.1023614 ], [ 4.13319, 44.1031931 ], [ 4.1327206, 44.1035193 ], [ 4.131757, 44.103935199999988 ], [ 4.1313912, 44.1053909 ], [ 4.1309843, 44.1063519 ], [ 4.1305905, 44.1069033 ], [ 4.1295182, 44.1078253 ], [ 4.1293384, 44.1078919 ], [ 4.1294814, 44.108363 ], [ 4.1299262, 44.10912 ], [ 4.1311475, 44.1108536 ], [ 4.1323611, 44.1115657 ], [ 4.1357437, 44.1139719 ], [ 4.1366281, 44.1147782 ], [ 4.1385449, 44.1159078 ], [ 4.1370906, 44.1170391 ], [ 4.1366348, 44.1169286 ], [ 4.1361658, 44.117402399999989 ], [ 4.1348696, 44.1180712 ], [ 4.1343514, 44.1182764 ], [ 4.133204, 44.1185088 ], [ 4.1325839, 44.1188671 ], [ 4.1317819, 44.1190042 ], [ 4.1315435, 44.119328 ], [ 4.1311622, 44.1196325 ], [ 4.1308301, 44.1197116 ], [ 4.1302985, 44.1196856 ], [ 4.1299808, 44.1197924 ], [ 4.1294343, 44.1202733 ], [ 4.1283832, 44.1206405 ], [ 4.1278526, 44.1200312 ], [ 4.1273187, 44.1198288 ], [ 4.1252986, 44.1199089 ], [ 4.1243626, 44.1197169 ], [ 4.1242965, 44.120038 ], [ 4.1239331, 44.119923 ], [ 4.1236743, 44.1209284 ], [ 4.1236988, 44.1214115 ], [ 4.1232214, 44.1224804 ], [ 4.1228611, 44.1241718 ], [ 4.1226687, 44.1246167 ], [ 4.1222231, 44.12502 ], [ 4.1219863, 44.1256858 ], [ 4.1217143, 44.1260892 ], [ 4.1208636, 44.1269278 ], [ 4.1201574, 44.1278127 ], [ 4.1184048, 44.1288693 ], [ 4.1172207, 44.1303621 ], [ 4.1171697, 44.1305652 ], [ 4.1157832, 44.1304119 ], [ 4.1155316, 44.131031899999989 ], [ 4.1149349, 44.1314485 ], [ 4.1137855, 44.1316618 ], [ 4.1135773, 44.1330258 ], [ 4.1129136, 44.1338544 ], [ 4.1127448, 44.1344268 ], [ 4.1123833, 44.134732 ], [ 4.1122177, 44.1352738 ], [ 4.1120829, 44.1353463 ], [ 4.1120262, 44.1355161 ], [ 4.1120175, 44.1364145 ], [ 4.1121327, 44.137065 ], [ 4.1146747, 44.1369816 ], [ 4.1158982, 44.1371033 ], [ 4.1158714, 44.1372035 ], [ 4.1154439, 44.1376866 ], [ 4.1131428, 44.138535 ], [ 4.1113771, 44.1384206 ], [ 4.1109466, 44.1385472 ], [ 4.1105332, 44.1389468 ], [ 4.1100771, 44.1387388 ], [ 4.1100251, 44.1382635 ], [ 4.1102222, 44.1380569 ], [ 4.1100222, 44.137531 ], [ 4.109587, 44.1373028 ], [ 4.1094439, 44.1367696 ], [ 4.1089501, 44.1366408 ], [ 4.1056391, 44.1364906 ], [ 4.1054854, 44.1369007 ], [ 4.1050631, 44.137176 ], [ 4.1038449, 44.1369818 ], [ 4.1042893, 44.1367479 ], [ 4.1048892, 44.1362208 ], [ 4.1046731, 44.1359622 ], [ 4.1050428, 44.1353102 ], [ 4.1046256, 44.1349608 ], [ 4.103833, 44.1351157 ], [ 4.1027096, 44.1346202 ], [ 4.102258, 44.134514 ], [ 4.1020965, 44.1343649 ], [ 4.1004023, 44.1345974 ], [ 4.0994129, 44.1343454 ], [ 4.0987695, 44.1342787 ], [ 4.0982973, 44.1343873 ], [ 4.097543, 44.1340807 ], [ 4.0970464, 44.1336661 ], [ 4.0971637, 44.1335352 ], [ 4.0970731, 44.1334322 ], [ 4.0971453, 44.1331164 ], [ 4.0978222, 44.1331748 ], [ 4.0977132, 44.1327013 ], [ 4.0980876, 44.1324966 ], [ 4.098129, 44.132244899999989 ], [ 4.0980445, 44.1320037 ], [ 4.0982185, 44.1318307 ], [ 4.0982095, 44.1317331 ], [ 4.0980114, 44.1315143 ], [ 4.097658, 44.1313117 ], [ 4.0971389, 44.13155 ], [ 4.0970022, 44.1315326 ], [ 4.0970511, 44.1311228 ], [ 4.0968586, 44.1310572 ], [ 4.0965783, 44.1313736 ], [ 4.0959235, 44.1311464 ], [ 4.0956132, 44.1311953 ], [ 4.0952419, 44.1310297 ], [ 4.0950011, 44.1308637 ], [ 4.094906, 44.1305269 ], [ 4.0946412, 44.130552 ], [ 4.0943948, 44.1303986 ], [ 4.094366, 44.130248 ], [ 4.0939114, 44.1300729 ], [ 4.0938754, 44.1291257 ], [ 4.0935084, 44.1286139 ], [ 4.0924073, 44.1298038 ], [ 4.09217, 44.129905099999988 ], [ 4.0920898, 44.1303153 ], [ 4.0913913, 44.1302081 ], [ 4.0909848, 44.1300518 ], [ 4.0909088, 44.1296189 ], [ 4.0910668, 44.1293466 ], [ 4.0914853, 44.1290618 ], [ 4.0915663, 44.128886799999989 ], [ 4.0909597, 44.128626 ], [ 4.0908456, 44.1282012 ], [ 4.0902707, 44.1281467 ], [ 4.0891386, 44.1275641 ], [ 4.0892452, 44.127345 ], [ 4.0908358, 44.1269655 ], [ 4.0912688, 44.1269358 ], [ 4.0912048, 44.1262914 ], [ 4.0906723, 44.1261632 ], [ 4.089618, 44.1264123 ], [ 4.0893545, 44.1267422 ], [ 4.0891888, 44.1272046 ], [ 4.0884559, 44.1266827 ], [ 4.0880023, 44.1265906 ], [ 4.0875726, 44.1266527 ], [ 4.0873609, 44.1263894 ], [ 4.0875216, 44.1259918 ], [ 4.0871871, 44.1258706 ], [ 4.0869982, 44.1259307 ], [ 4.086785, 44.1256911 ], [ 4.0866865, 44.1258299 ], [ 4.0864677, 44.1258607 ], [ 4.0861988, 44.1257579 ], [ 4.0861214, 44.1258595 ], [ 4.08557, 44.1258103 ], [ 4.0855017, 44.1257054 ], [ 4.0855723, 44.1254749 ], [ 4.0859814, 44.1245139 ], [ 4.086314, 44.1247136 ], [ 4.086711, 44.124538 ], [ 4.0868851, 44.123703299999988 ], [ 4.0867062, 44.1234626 ], [ 4.0864654, 44.1233324 ], [ 4.0864484, 44.1231979 ], [ 4.0868366, 44.1229731 ], [ 4.0864155, 44.1224771 ], [ 4.0860645, 44.1225331 ], [ 4.0858528, 44.1222217 ], [ 4.0857031, 44.122304 ], [ 4.0855297, 44.1222534 ], [ 4.0851893, 44.1224304 ], [ 4.0848987, 44.1220311 ], [ 4.0851302, 44.1218268 ], [ 4.0848994, 44.1216638 ], [ 4.0849459, 44.121519899999988 ], [ 4.0846355, 44.1214404 ], [ 4.0846719, 44.1205829 ], [ 4.0872262, 44.1204713 ], [ 4.0875541, 44.1205406 ], [ 4.0891229, 44.1202055 ], [ 4.0900989, 44.1206698 ], [ 4.09057, 44.1207807 ], [ 4.0912338, 44.1207968 ], [ 4.0940458, 44.1188659 ], [ 4.0942442, 44.1180027 ], [ 4.0946508, 44.1176982 ], [ 4.0948735, 44.1173875 ], [ 4.0951707, 44.1165924 ], [ 4.0952078, 44.1162801 ], [ 4.0949218, 44.1159543 ], [ 4.0947302, 44.1154984 ], [ 4.0949024, 44.1143837 ], [ 4.0956061, 44.1139773 ], [ 4.0951337, 44.1121201 ], [ 4.0951694, 44.1119675 ], [ 4.0948564, 44.1114201 ], [ 4.0947545, 44.1110389 ], [ 4.0947398, 44.1103535 ], [ 4.0946005, 44.1101107 ], [ 4.0945709, 44.1094716 ], [ 4.094721, 44.108935 ], [ 4.0963219, 44.1059103 ], [ 4.0980185, 44.1053936 ], [ 4.0988852, 44.10416 ], [ 4.0991581, 44.1034812 ], [ 4.0995046, 44.1018233 ], [ 4.0985159, 44.101275099999988 ], [ 4.098026, 44.1021667 ], [ 4.0962344, 44.1015032 ], [ 4.0970996, 44.1003127 ], [ 4.0974883, 44.0994798 ], [ 4.0969954, 44.0991814 ], [ 4.0968641, 44.098918 ], [ 4.0984108, 44.0962184 ], [ 4.0987218, 44.0954402 ], [ 4.099538, 44.0956022 ], [ 4.0995686, 44.0949881 ], [ 4.1024297, 44.093249 ], [ 4.103582, 44.0928151 ], [ 4.1036107, 44.0932609 ] ], [ [ 4.0915155, 44.1258994 ], [ 4.0913293, 44.1254073 ], [ 4.0910741, 44.1253559 ], [ 4.0908474, 44.1255756 ], [ 4.0909955, 44.1258527 ], [ 4.0913103, 44.1260493 ], [ 4.0915155, 44.1258994 ] ] ] ] } },
{ "type": "Feature", "properties": { "code_departement": 30.0, "code_rne": "0301010K", "multisecteur": 0.0 }, "geometry": { "type": "MultiPolygon", "coordinates": [ [ [ [ 4.4257348, 43.8963921 ], [ 4.4277435, 43.8965332 ], [ 4.4299557, 43.8968904 ], [ 4.4292863, 43.8976994 ], [ 4.4291639, 43.8991726 ], [ 4.429034, 43.8995046 ], [ 4.4290288, 43.9007891 ], [ 4.4286679, 43.9021836 ], [ 4.4298922, 43.901911 ], [ 4.4299615, 43.9020442 ], [ 4.4323333, 43.9017602 ], [ 4.4330359, 43.9018302 ], [ 4.4341476, 43.9016347 ], [ 4.4384151, 43.9019854 ], [ 4.4391621, 43.9021376 ], [ 4.4395486, 43.9020146 ], [ 4.4422248, 43.9018056 ], [ 4.442422, 43.9012377 ], [ 4.4438424, 43.900353 ], [ 4.4446459, 43.9004252 ], [ 4.4446567, 43.9003108 ], [ 4.4458074, 43.8996907 ], [ 4.4471674, 43.8992244 ], [ 4.4474978, 43.9003262 ], [ 4.4475091, 43.9010669 ], [ 4.4468802, 43.9042021 ], [ 4.4444111, 43.9124977 ], [ 4.4441959, 43.9143259 ], [ 4.444243, 43.9181534 ], [ 4.444093, 43.9200033 ], [ 4.4439747, 43.9243838 ], [ 4.4440615, 43.927912 ], [ 4.4438631, 43.9295186 ], [ 4.4382516, 43.9294909 ], [ 4.4376327, 43.9295936 ], [ 4.4342383, 43.930613 ], [ 4.4245865, 43.9312352 ], [ 4.4207091, 43.9310796 ], [ 4.4194683, 43.9313657 ], [ 4.4190703, 43.9303871 ], [ 4.4180364, 43.9300315 ], [ 4.4170307, 43.9303578 ], [ 4.4164372, 43.9299811 ], [ 4.4158228, 43.9299621 ], [ 4.4151455, 43.9296198 ], [ 4.4141655, 43.9295254 ], [ 4.413688, 43.9299591 ], [ 4.4140727, 43.9316643 ], [ 4.4130388, 43.9316075 ], [ 4.412391, 43.9320029 ], [ 4.4119591, 43.9321669 ], [ 4.4102135, 43.932644 ], [ 4.408338, 43.9329572 ], [ 4.4084396, 43.9325805 ], [ 4.4087659, 43.9321784 ], [ 4.4084174, 43.9311766 ], [ 4.4085253, 43.9308044 ], [ 4.4087837, 43.9304779 ], [ 4.4087387, 43.9302679 ], [ 4.4085731, 43.9301701 ], [ 4.4076111, 43.9299467 ], [ 4.4074036, 43.9298152 ], [ 4.4072387, 43.929594099999989 ], [ 4.4071983, 43.928763 ], [ 4.4067035, 43.9284462 ], [ 4.4058991, 43.9284503 ], [ 4.4052583, 43.928274 ], [ 4.4048018, 43.9282943 ], [ 4.4040796, 43.9281991 ], [ 4.4036413, 43.9283533 ], [ 4.4035304, 43.9286076 ], [ 4.4033312, 43.9287119 ], [ 4.4024064, 43.9286815 ], [ 4.4021909, 43.9285798 ], [ 4.4019618, 43.9280751 ], [ 4.4019773, 43.9278958 ], [ 4.402185, 43.9276303 ], [ 4.4021496, 43.9272545 ], [ 4.4020249, 43.9268403 ], [ 4.4018122, 43.9265982 ], [ 4.4015536, 43.926462 ], [ 4.4010375, 43.9259358 ], [ 4.4002568, 43.9257396 ], [ 4.3995867, 43.9256825 ], [ 4.3991035, 43.925479 ], [ 4.3983177, 43.92467 ], [ 4.3983433, 43.9238308 ], [ 4.3985293, 43.9235449 ], [ 4.3987373, 43.92258 ], [ 4.3986438, 43.9223742 ], [ 4.3982957, 43.9220942 ], [ 4.3980771, 43.921557799999988 ], [ 4.3973018, 43.9209152 ], [ 4.3968125, 43.9207684 ], [ 4.3965611, 43.9204656 ], [ 4.3961187, 43.9204758 ], [ 4.3938658, 43.9043262 ], [ 4.3942115, 43.904214 ], [ 4.3960059, 43.9028094 ], [ 4.3956094, 43.9026318 ], [ 4.3954165, 43.9026343 ], [ 4.3936661, 43.9028944 ], [ 4.3913686, 43.8864148 ], [ 4.3916832, 43.885777 ], [ 4.3897825, 43.8766434 ], [ 4.3926987, 43.8749173 ], [ 4.3936814, 43.8747475 ], [ 4.3929315, 43.8723772 ], [ 4.3927331, 43.8721297 ], [ 4.3930447, 43.871561 ], [ 4.3946242, 43.8709824 ], [ 4.3945813, 43.8708961 ], [ 4.3927436, 43.8708642 ], [ 4.3924923, 43.8703349 ], [ 4.3923538, 43.8703003 ], [ 4.3919625, 43.8699385 ], [ 4.3906995, 43.8708999 ], [ 4.3899053, 43.8710017 ], [ 4.3894542, 43.8708572 ], [ 4.3887556, 43.8708517 ], [ 4.3886415, 43.8707777 ], [ 4.3893827, 43.8690516 ], [ 4.3888009, 43.8682315 ], [ 4.3889663, 43.8678595 ], [ 4.3879366, 43.867536699999988 ], [ 4.3876511, 43.8672915 ], [ 4.3878723, 43.8665678 ], [ 4.3875853, 43.8666335 ], [ 4.3871679, 43.8664484 ], [ 4.3877485, 43.8663421 ], [ 4.3874926, 43.8661085 ], [ 4.3880594, 43.8657533 ], [ 4.3890756, 43.866453199999988 ], [ 4.3902642, 43.8667877 ], [ 4.3894363, 43.865055 ], [ 4.3888641, 43.8641861 ], [ 4.3881514, 43.8639432 ], [ 4.3892941, 43.8624222 ], [ 4.3885421, 43.8616348 ], [ 4.3884529, 43.8613093 ], [ 4.3869989, 43.8611758 ], [ 4.3872622, 43.8607324 ], [ 4.3872552, 43.8601645 ], [ 4.3869429, 43.8599038 ], [ 4.3865904, 43.8597738 ], [ 4.3864577, 43.8593773 ], [ 4.386535, 43.8590739 ], [ 4.3883656, 43.8581523 ], [ 4.3882936, 43.8579848 ], [ 4.387399, 43.8577355 ], [ 4.3864826, 43.8579828 ], [ 4.3861544, 43.8577503 ], [ 4.3870271, 43.8575535 ], [ 4.3860962, 43.8573272 ], [ 4.3859533, 43.8568894 ], [ 4.3861003, 43.8566645 ], [ 4.3867276, 43.8566886 ], [ 4.3863677, 43.8562785 ], [ 4.3861052, 43.856111 ], [ 4.3867849, 43.856119299999989 ], [ 4.386244, 43.8555518 ], [ 4.3866995, 43.8552537 ], [ 4.3867804, 43.8550946 ], [ 4.3867138, 43.8547605 ], [ 4.386132, 43.8547309 ], [ 4.385862, 43.8544475 ], [ 4.3866551, 43.8542248 ], [ 4.386086, 43.8540191 ], [ 4.3862786, 43.8539404 ], [ 4.3862352, 43.8535751 ], [ 4.3863345, 43.8533953 ], [ 4.386192, 43.8531551 ], [ 4.3863208, 43.852818 ], [ 4.3856524, 43.8528301 ], [ 4.3857552, 43.852624 ], [ 4.3856812, 43.852571 ], [ 4.3857218, 43.8523945 ], [ 4.3854494, 43.852294799999989 ], [ 4.3855485, 43.8521142 ], [ 4.3853527, 43.8520226 ], [ 4.3856872, 43.8518403 ], [ 4.385393, 43.8517706 ], [ 4.3853453, 43.8516273 ], [ 4.3855015, 43.85147 ], [ 4.3852434, 43.8512346 ], [ 4.3853579, 43.8510411 ], [ 4.384864, 43.8510382 ], [ 4.3850903, 43.8507313 ], [ 4.3847506, 43.850698 ], [ 4.3848599, 43.8504609 ], [ 4.3842895, 43.8502147 ], [ 4.3848364, 43.8499385 ], [ 4.3847966, 43.8498686 ], [ 4.3845228, 43.849802 ], [ 4.3844635, 43.8496587 ], [ 4.384459, 43.8494963 ], [ 4.3847431, 43.8493042 ], [ 4.3843158, 43.8490403 ], [ 4.3841752, 43.8488403 ], [ 4.3842004, 43.8485966 ], [ 4.3847982, 43.8483673 ], [ 4.3845812, 43.8480493 ], [ 4.3842734, 43.8480711 ], [ 4.384673, 43.8476914 ], [ 4.3849365, 43.8475863 ], [ 4.3844831, 43.8475098 ], [ 4.3843692, 43.8474181 ], [ 4.3846637, 43.8473046 ], [ 4.3844255, 43.8470603 ], [ 4.3848303, 43.8467591 ], [ 4.3848955, 43.8464804 ], [ 4.3858709, 43.846745 ], [ 4.3864719, 43.8468075 ], [ 4.3870588, 43.8470692 ], [ 4.3874901, 43.847166 ], [ 4.3877278, 43.8472675 ], [ 4.3881687, 43.8476966 ], [ 4.3891049, 43.8476664 ], [ 4.3895486, 43.8477629 ], [ 4.3898027, 43.8479326 ], [ 4.3914511, 43.8481247 ], [ 4.3920741, 43.8483445 ], [ 4.3930029, 43.8482289 ], [ 4.39371, 43.8483332 ], [ 4.3943159, 43.8480929 ], [ 4.3949861, 43.8481929 ], [ 4.3973529, 43.8479954 ], [ 4.3977334, 43.8476477 ], [ 4.3995463, 43.8465757 ], [ 4.4007133, 43.8470485 ], [ 4.4044253, 43.8476882 ], [ 4.4051967, 43.8476193 ], [ 4.406511, 43.8470309 ], [ 4.4080354, 43.8466947 ], [ 4.4082585, 43.8467102 ], [ 4.4103056, 43.8462227 ], [ 4.4127901, 43.8445799 ], [ 4.4131928, 43.84399 ], [ 4.4136141, 43.8438304 ], [ 4.421353, 43.8450062 ], [ 4.4214507, 43.8449525 ], [ 4.4217903, 43.8438841 ], [ 4.4234473, 43.8429678 ], [ 4.424976, 43.8410863 ], [ 4.4276792, 43.8407251 ], [ 4.4331484, 43.8416639 ], [ 4.4326648, 43.842551 ], [ 4.4323363, 43.842936099999989 ], [ 4.4320636, 43.8440665 ], [ 4.4315865, 43.8446785 ], [ 4.4316389, 43.8450819 ], [ 4.4315419, 43.8456286 ], [ 4.4318008, 43.8468295 ], [ 4.4317844, 43.8471673 ], [ 4.4319945, 43.8479062 ], [ 4.4317875, 43.8481834 ], [ 4.4316939, 43.8487165 ], [ 4.4318435, 43.849179 ], [ 4.4316453, 43.8494561 ], [ 4.4314119, 43.8501207 ], [ 4.4314657, 43.8508275 ], [ 4.431201, 43.8516293 ], [ 4.4269695, 43.8519178 ], [ 4.4247352, 43.852398 ], [ 4.4220839, 43.8527143 ], [ 4.4204914, 43.8534965 ], [ 4.4203297, 43.8539468 ], [ 4.4204423, 43.8550227 ], [ 4.4201802, 43.8557381 ], [ 4.4175656, 43.860096 ], [ 4.4178532, 43.864417 ], [ 4.4200611, 43.8666097 ], [ 4.4204625, 43.8667899 ], [ 4.4205374, 43.8669527 ], [ 4.4205221, 43.8676361 ], [ 4.4200188, 43.8685085 ], [ 4.41951, 43.8697122 ], [ 4.4181418, 43.8708289 ], [ 4.4185223, 43.8742299 ], [ 4.4213893, 43.880737 ], [ 4.4214292, 43.8810425 ], [ 4.4257596, 43.8922532 ], [ 4.4258066, 43.8952327 ], [ 4.4257348, 43.8963921 ] ] ] ] } },
{ "type": "Feature", "properties": { "code_departement": 30.0, "code_rne": "0301012M", "multisecteur": 0.0 }, "geometry": { "type": "MultiPolygon", "coordinates": [ [ [ [ 4.0835956, 44.2230995 ], [ 4.0841413, 44.2233588 ], [ 4.0847327, 44.2233872 ], [ 4.0859848, 44.2236007 ], [ 4.0873802, 44.223974 ], [ 4.0892491, 44.2248188 ], [ 4.0898183, 44.2246682 ], [ 4.0901963, 44.2242738 ], [ 4.0903055, 44.2240287 ], [ 4.0902659, 44.2245719 ], [ 4.0900957, 44.2247681 ], [ 4.0894887, 44.2251054 ], [ 4.0892227, 44.2253987 ], [ 4.0892622, 44.225825 ], [ 4.0895434, 44.2260608 ], [ 4.0895066, 44.2264284 ], [ 4.0885128, 44.2280064 ], [ 4.0885381, 44.2281466 ], [ 4.0888235, 44.2284102 ], [ 4.0894908, 44.2286071 ], [ 4.0895935, 44.2287402 ], [ 4.089589, 44.2289626 ], [ 4.0893014, 44.2296288 ], [ 4.0873817, 44.2300638 ], [ 4.0871554, 44.2302091 ], [ 4.0858528, 44.2304426 ], [ 4.0853051, 44.230935 ], [ 4.0828918, 44.2310299 ], [ 4.0822694, 44.2312827 ], [ 4.080984, 44.232157699999988 ], [ 4.0790678, 44.2331137 ], [ 4.0775703, 44.2337648 ], [ 4.0777192, 44.2339605 ], [ 4.0781019, 44.2341341 ], [ 4.0779897, 44.2341613 ], [ 4.077957, 44.2342858 ], [ 4.0783214, 44.2343561 ], [ 4.0818617, 44.2371551 ], [ 4.0818057, 44.2376957 ], [ 4.0810942, 44.2384715 ], [ 4.0804892, 44.2388528 ], [ 4.0787189, 44.2395922 ], [ 4.0787821, 44.2405458 ], [ 4.0756808, 44.2415538 ], [ 4.0742419, 44.2420765 ], [ 4.0734251, 44.2424544 ], [ 4.0727714, 44.242919 ], [ 4.0712507, 44.2442878 ], [ 4.0707264, 44.2443766 ], [ 4.0705882, 44.244549 ], [ 4.068053, 44.2459167 ], [ 4.0650432, 44.2459559 ], [ 4.0634092, 44.2452317 ], [ 4.0581688, 44.2463995 ], [ 4.0559528, 44.2466333 ], [ 4.0543085, 44.2463619 ], [ 4.0532783, 44.2459118 ], [ 4.0531398, 44.2457394 ], [ 4.0531186, 44.245204 ], [ 4.0529974, 44.24508 ], [ 4.052113, 44.2446627 ], [ 4.0516881, 44.2443004 ], [ 4.0514408, 44.2444063 ], [ 4.0504467, 44.2444158 ], [ 4.0504779, 44.2442048 ], [ 4.0499682, 44.2442061 ], [ 4.0485147, 44.2444315 ], [ 4.0471081, 44.2442109 ], [ 4.0466426, 44.2440236 ], [ 4.0453498, 44.242637 ], [ 4.0451105, 44.2424953 ], [ 4.040534, 44.2406024 ], [ 4.0398234, 44.2402293 ], [ 4.0392663, 44.2401661 ], [ 4.039205, 44.2407167 ], [ 4.039845, 44.2426362 ], [ 4.0381485, 44.2429934 ], [ 4.0373871, 44.2428529 ], [ 4.036457, 44.244104 ], [ 4.0362816, 44.2445116 ], [ 4.0358698, 44.2465148 ], [ 4.0348409, 44.2472951 ], [ 4.0344427, 44.2474357 ], [ 4.0333788, 44.2482945 ], [ 4.0313544, 44.2486709 ], [ 4.0298008, 44.2487044 ], [ 4.0283979, 44.249038 ], [ 4.0272086, 44.2501681 ], [ 4.0264965, 44.2510281 ], [ 4.0227282, 44.2518689 ], [ 4.0215632, 44.2522057 ], [ 4.0183448, 44.2503406 ], [ 4.0183379, 44.2528864 ], [ 4.0186455, 44.2539053 ], [ 4.0187818, 44.255077899999989 ], [ 4.0189379, 44.2556138 ], [ 4.0181381, 44.2567582 ], [ 4.0179325, 44.2568906 ], [ 4.0175047, 44.2577588 ], [ 4.0164758, 44.2581491 ], [ 4.0152027, 44.258962 ], [ 4.0150213, 44.259745099999989 ], [ 4.0143438, 44.2608009 ], [ 4.0132585, 44.2628076 ], [ 4.0118153, 44.2662434 ], [ 4.0084513, 44.2676273 ], [ 4.0079947, 44.2680897 ], [ 4.0075181, 44.2683416 ], [ 4.0062769, 44.269701499999989 ], [ 4.0041869, 44.2713113 ], [ 4.0009784, 44.2733047 ], [ 3.9981196, 44.2753868 ], [ 3.9975243, 44.2757343 ], [ 3.9976393, 44.2759313 ], [ 3.9972555, 44.2764065 ], [ 3.994872, 44.276889 ], [ 3.9933535, 44.2777507 ], [ 3.9925126, 44.277887 ], [ 3.9908073, 44.2778853 ], [ 3.9899767, 44.2781106 ], [ 3.9889848, 44.2782105 ], [ 3.9872122, 44.2787386 ], [ 3.9862523, 44.2782971 ], [ 3.9846684, 44.2771348 ], [ 3.9841551, 44.2775247 ], [ 3.9834226, 44.2779129 ], [ 3.9822694, 44.2783238 ], [ 3.9821242, 44.2787617 ], [ 3.980933, 44.2799498 ], [ 3.9798037, 44.2804397 ], [ 3.9791373, 44.2804474 ], [ 3.9789784, 44.2809727 ], [ 3.9780585, 44.2816165 ], [ 3.9768354, 44.282263799999988 ], [ 3.9746146, 44.2819531 ], [ 3.9744546, 44.2821238 ], [ 3.9715672, 44.282178099999989 ], [ 3.9714662, 44.2823537 ], [ 3.9706801, 44.282989 ], [ 3.9697604, 44.2829971 ], [ 3.9680262, 44.283222099999989 ], [ 3.9680471, 44.2833452 ], [ 3.9668385, 44.2836728 ], [ 3.9656777, 44.2846795 ], [ 3.9648747, 44.2849926 ], [ 3.964225, 44.2851054 ], [ 3.9639905, 44.2853901 ], [ 3.9630952, 44.2860209 ], [ 3.9610928, 44.2864012 ], [ 3.9599521, 44.286458 ], [ 3.959835, 44.2859819 ], [ 3.9580495, 44.2845869 ], [ 3.9576653, 44.2839511 ], [ 3.9571029, 44.2833682 ], [ 3.9561854, 44.2827586 ], [ 3.9554921, 44.2828133 ], [ 3.9551663, 44.2826685 ], [ 3.9548915, 44.2824242 ], [ 3.9532764, 44.2825778 ], [ 3.9526804, 44.282754 ], [ 3.9486487, 44.2831741 ], [ 3.9481144, 44.2833732 ], [ 3.9475878, 44.2832067 ], [ 3.9408038, 44.2839023 ], [ 3.9404638, 44.2840303 ], [ 3.9400333, 44.2843635 ], [ 3.9400106, 44.2838298 ], [ 3.9398232, 44.2833345 ], [ 3.9393696, 44.282801 ], [ 3.9379114, 44.2815388 ], [ 3.9370301, 44.280071799999988 ], [ 3.9363913, 44.2793283 ], [ 3.9354943, 44.2785771 ], [ 3.9348411, 44.2776419 ], [ 3.9340013, 44.2767102 ], [ 3.9337347, 44.2761201 ], [ 3.933723, 44.2757151 ], [ 3.9355739, 44.2747443 ], [ 3.9379598, 44.2737806 ], [ 3.9393507, 44.2730359 ], [ 3.9398756, 44.2725778 ], [ 3.9407673, 44.2721065 ], [ 3.9411543, 44.2720231 ], [ 3.9419611, 44.2714149 ], [ 3.9422144, 44.2701497 ], [ 3.9423953, 44.2698772 ], [ 3.9429523, 44.2692396 ], [ 3.945272, 44.2671826 ], [ 3.9454508, 44.2668651 ], [ 3.9456958, 44.2666811 ], [ 3.9460716, 44.2666761 ], [ 3.9467654, 44.2668907 ], [ 3.9469652, 44.2673012 ], [ 3.9472801, 44.2689062 ], [ 3.9478279, 44.2688502 ], [ 3.9480843, 44.2688993 ], [ 3.9490841, 44.269203 ], [ 3.9498737, 44.2695986 ], [ 3.950482, 44.2694916 ], [ 3.9510777, 44.2696026 ], [ 3.9517541, 44.2698182 ], [ 3.9528462, 44.2703218 ], [ 3.9534544, 44.2705083 ], [ 3.9539606, 44.2705075 ], [ 3.9549013, 44.2712402 ], [ 3.9554853, 44.2719957 ], [ 3.9557386, 44.2720827 ], [ 3.9561742, 44.2719862 ], [ 3.9579275, 44.271573 ], [ 3.9600956, 44.2708033 ], [ 3.961001, 44.2696657 ], [ 3.9623867, 44.2683447 ], [ 3.9627828, 44.2685068 ], [ 3.963191, 44.2685654 ], [ 3.9632989, 44.2685005 ], [ 3.9630995, 44.2674572 ], [ 3.9653482, 44.266792 ], [ 3.9658471, 44.2667363 ], [ 3.9670782, 44.2667921 ], [ 3.9674332, 44.2668916 ], [ 3.9689086, 44.266875 ], [ 3.9692597, 44.2664542 ], [ 3.969239, 44.2661969 ], [ 3.9689825, 44.2657734 ], [ 3.9690355, 44.26543 ], [ 3.9696865, 44.2649669 ], [ 3.9699248, 44.2642465 ], [ 3.9706457, 44.2637729 ], [ 3.9704795, 44.2629156 ], [ 3.9709283, 44.2622023 ], [ 3.9716598, 44.2615432 ], [ 3.9737617, 44.2611762 ], [ 3.9741482, 44.2607812 ], [ 3.9753952, 44.2598726 ], [ 3.9755105, 44.2589975 ], [ 3.9752792, 44.257788 ], [ 3.9752003, 44.2566949 ], [ 3.9747824, 44.2558444 ], [ 3.9740195, 44.2551787 ], [ 3.9739424, 44.2547761 ], [ 3.9741056, 44.2539231 ], [ 3.9738364, 44.2537094 ], [ 3.9735539, 44.2530116 ], [ 3.9730341, 44.2524221 ], [ 3.9724543, 44.2521328 ], [ 3.9719396, 44.2516963 ], [ 3.9714352, 44.2508384 ], [ 3.9714907, 44.2503482 ], [ 3.9711433, 44.2503927 ], [ 3.9699885, 44.2509745 ], [ 3.9699469, 44.2511036 ], [ 3.9701116, 44.2513596 ], [ 3.9701028, 44.2515073 ], [ 3.9693005, 44.2519771 ], [ 3.9687795, 44.2520492 ], [ 3.9680937, 44.2518626 ], [ 3.9678902, 44.2517528 ], [ 3.9678224, 44.251594 ], [ 3.9677407, 44.2500356 ], [ 3.9678913, 44.2496868 ], [ 3.9678615, 44.2495512 ], [ 3.9671617, 44.2492765 ], [ 3.9668766, 44.2490819 ], [ 3.9661601, 44.2482636 ], [ 3.9660364, 44.2479127 ], [ 3.9654504, 44.2475506 ], [ 3.9652636, 44.2476846 ], [ 3.964816, 44.2483888 ], [ 3.9640732, 44.2490408 ], [ 3.9637989, 44.2495581 ], [ 3.9628229, 44.2504902 ], [ 3.9619581, 44.2508948 ], [ 3.9610021, 44.2509455 ], [ 3.9607959, 44.2509005 ], [ 3.9604979, 44.2506807 ], [ 3.9598821, 44.2498867 ], [ 3.9595275, 44.2487637 ], [ 3.9595055, 44.2481329 ], [ 3.9593101, 44.2479069 ], [ 3.9581446, 44.2474876 ], [ 3.9568839, 44.247288 ], [ 3.9558535, 44.2470053 ], [ 3.9546508, 44.2469744 ], [ 3.954203, 44.2468567 ], [ 3.9539819, 44.2470405 ], [ 3.9539975, 44.2473725 ], [ 3.9543337, 44.2479277 ], [ 3.9547737, 44.2484028 ], [ 3.9551685, 44.2485704 ], [ 3.956068, 44.2485139 ], [ 3.9563693, 44.2486301 ], [ 3.9565284, 44.2489303 ], [ 3.9565509, 44.2492254 ], [ 3.9562629, 44.2498958 ], [ 3.9557258, 44.2499095 ], [ 3.9550456, 44.2498218 ], [ 3.9530292, 44.2490723 ], [ 3.9516029, 44.2480333 ], [ 3.9511031, 44.2473526 ], [ 3.9516828, 44.2465239 ], [ 3.9517036, 44.2462708 ], [ 3.9508569, 44.2458874 ], [ 3.9507316, 44.2457373 ], [ 3.950711, 44.2453297 ], [ 3.9497773, 44.2452072 ], [ 3.9486615, 44.2449063 ], [ 3.9478739, 44.2445342 ], [ 3.947604, 44.244342 ], [ 3.9463403, 44.2424536 ], [ 3.9463022, 44.2421208 ], [ 3.9467722, 44.2418467 ], [ 3.9468626, 44.2416353 ], [ 3.9468231, 44.2414466 ], [ 3.946479, 44.241013 ], [ 3.9454509, 44.2407041 ], [ 3.9457592, 44.2404998 ], [ 3.9463373, 44.2403976 ], [ 3.9463827, 44.2382422 ], [ 3.9470073, 44.2378498 ], [ 3.947415, 44.237145 ], [ 3.9472551, 44.2365685 ], [ 3.9470204, 44.2362356 ], [ 3.9469227, 44.2353327 ], [ 3.9467071, 44.2348683 ], [ 3.9461466, 44.2345914 ], [ 3.9458791, 44.2343155 ], [ 3.9454316, 44.2342834 ], [ 3.9452183, 44.2341808 ], [ 3.9455358, 44.2337748 ], [ 3.9455691, 44.2334423 ], [ 3.9453873, 44.2330523 ], [ 3.9449652, 44.2326698 ], [ 3.9448228, 44.2323883 ], [ 3.9450936, 44.2322591 ], [ 3.945576, 44.2317571 ], [ 3.9468661, 44.23134 ], [ 3.947388, 44.2311024 ], [ 3.9476387, 44.2308995 ], [ 3.9477498, 44.2305052 ], [ 3.9474364, 44.2301802 ], [ 3.9474273, 44.2300093 ], [ 3.9476184, 44.2297538 ], [ 3.9480152, 44.2294551 ], [ 3.9483519, 44.22885 ], [ 3.9478421, 44.2275599 ], [ 3.9477984, 44.2268168 ], [ 3.9478781, 44.2265631 ], [ 3.9489328, 44.2253298 ], [ 3.9501585, 44.223545 ], [ 3.9507669, 44.222951 ], [ 3.9515033, 44.2224459 ], [ 3.9521253, 44.222141699999987 ], [ 3.9520491, 44.2214762 ], [ 3.9518433, 44.221226 ], [ 3.9516368, 44.2205553 ], [ 3.9515834, 44.2182622 ], [ 3.9514457, 44.217815099999989 ], [ 3.950918, 44.2168691 ], [ 3.9502481, 44.216856 ], [ 3.9493385, 44.2165794 ], [ 3.9490151, 44.2163959 ], [ 3.948262, 44.2161971 ], [ 3.947298, 44.2161064 ], [ 3.9465894, 44.2141448 ], [ 3.9462371, 44.2127562 ], [ 3.9460661, 44.2111311 ], [ 3.9457854, 44.210056 ], [ 3.9452189, 44.2099295 ], [ 3.9449284, 44.2084944 ], [ 3.944661, 44.2079134 ], [ 3.9438811, 44.2068462 ], [ 3.943745, 44.206488199999988 ], [ 3.9435199, 44.205142599999988 ], [ 3.9436841, 44.2043311 ], [ 3.9423213, 44.2021383 ], [ 3.941019, 44.2002691 ], [ 3.9403088, 44.1994695 ], [ 3.939719, 44.1985339 ], [ 3.9377225, 44.196441 ], [ 3.937073, 44.1955959 ], [ 3.9365415, 44.195307 ], [ 3.9365064, 44.1950778 ], [ 3.9368136, 44.1948096 ], [ 3.9377401, 44.1945479 ], [ 3.9376886, 44.194155 ], [ 3.9380231, 44.1940351 ], [ 3.9388415, 44.1943476 ], [ 3.939663, 44.1943919 ], [ 3.9403938, 44.1942506 ], [ 3.9405126, 44.1938679 ], [ 3.9404171, 44.1935375 ], [ 3.939809, 44.1933087 ], [ 3.9396582, 44.1931146 ], [ 3.9397325, 44.1928458 ], [ 3.9400347, 44.1926613 ], [ 3.9403231, 44.1926985 ], [ 3.940848, 44.1930396 ], [ 3.942694, 44.1938321 ], [ 3.9431449, 44.1942378 ], [ 3.9435279, 44.1947764 ], [ 3.9437585, 44.1947231 ], [ 3.9438692, 44.1944593 ], [ 3.9441448, 44.1942508 ], [ 3.9445835, 44.1941507 ], [ 3.9454705, 44.1941467 ], [ 3.9459023, 44.1940071 ], [ 3.9461673, 44.1940678 ], [ 3.9462655, 44.1943316 ], [ 3.946408, 44.1943943 ], [ 3.9468592, 44.1944462 ], [ 3.9471549, 44.1943968 ], [ 3.9474216, 44.1942595 ], [ 3.9477535, 44.1938273 ], [ 3.9479204, 44.1937808 ], [ 3.9502283, 44.19458 ], [ 3.9506232, 44.1946243 ], [ 3.9512102, 44.1943419 ], [ 3.9518967, 44.1943189 ], [ 3.9519583, 44.1942589 ], [ 3.9518406, 44.1940313 ], [ 3.9513791, 44.1938931 ], [ 3.951125, 44.1936631 ], [ 3.9510996, 44.1933374 ], [ 3.9512124, 44.1931996 ], [ 3.9518574, 44.1930149 ], [ 3.9528383, 44.1929461 ], [ 3.9531478, 44.1924519 ], [ 3.9534068, 44.1922273 ], [ 3.9538979, 44.191971 ], [ 3.9548629, 44.191698 ], [ 3.9550985, 44.191794 ], [ 3.9553465, 44.192034 ], [ 3.9553443, 44.1923527 ], [ 3.9551689, 44.1924865 ], [ 3.9537369, 44.192887 ], [ 3.9536468, 44.1929616 ], [ 3.9536688, 44.193154899999989 ], [ 3.9539264, 44.1935163 ], [ 3.9542834, 44.193542 ], [ 3.9556501, 44.1933483 ], [ 3.9563824, 44.1937461 ], [ 3.9568826, 44.193875 ], [ 3.9572066, 44.1937983 ], [ 3.9572898, 44.1934645 ], [ 3.9568018, 44.1930943 ], [ 3.9567912, 44.1929072 ], [ 3.9574948, 44.1925662 ], [ 3.9586252, 44.1918632 ], [ 3.9597039, 44.191360499999988 ], [ 3.9598182, 44.191238 ], [ 3.9596944, 44.1907971 ], [ 3.9600611, 44.1903636 ], [ 3.9601029, 44.1900194 ], [ 3.9599966, 44.1899492 ], [ 3.959371, 44.1901653 ], [ 3.9591667, 44.1901437 ], [ 3.9590795, 44.1899446 ], [ 3.9593428, 44.1895337 ], [ 3.959747, 44.1893186 ], [ 3.9602425, 44.1891756 ], [ 3.9615405, 44.1889239 ], [ 3.9620421, 44.1886207 ], [ 3.9621966, 44.1883646 ], [ 3.9618752, 44.188146 ], [ 3.9613117, 44.1880438 ], [ 3.9606549, 44.18819 ], [ 3.9603499, 44.1883483 ], [ 3.9596988, 44.188318 ], [ 3.9587045, 44.1884816 ], [ 3.9582153, 44.1883265 ], [ 3.9577472, 44.1879471 ], [ 3.956957, 44.1881926 ], [ 3.9567413, 44.1881629 ], [ 3.9566067, 44.1880435 ], [ 3.9566368, 44.1873042 ], [ 3.9569092, 44.1869895 ], [ 3.95725, 44.1869451 ], [ 3.9578425, 44.1871416 ], [ 3.9582253, 44.1873651 ], [ 3.9584762, 44.187407 ], [ 3.9591847, 44.1871343 ], [ 3.9596038, 44.186767 ], [ 3.9595878, 44.1863387 ], [ 3.9592399, 44.1855883 ], [ 3.9589381, 44.185644 ], [ 3.9580865, 44.1860331 ], [ 3.9575932, 44.1857845 ], [ 3.9573567, 44.1853347 ], [ 3.9574218, 44.1851928 ], [ 3.9570013, 44.1843647 ], [ 3.9570769, 44.184248 ], [ 3.9573818, 44.1841526 ], [ 3.9581857, 44.1840511 ], [ 3.9589787, 44.1840459 ], [ 3.9593319, 44.1838511 ], [ 3.9593363, 44.1835909 ], [ 3.9591468, 44.1831128 ], [ 3.9589714, 44.1829505 ], [ 3.9584855, 44.1818782 ], [ 3.9582124, 44.1814845 ], [ 3.9581731, 44.1811554 ], [ 3.9584202, 44.1808256 ], [ 3.9586359, 44.1807058 ], [ 3.9594329, 44.1807177 ], [ 3.9597381, 44.1806466 ], [ 3.960207, 44.1801916 ], [ 3.9605636, 44.1799787 ], [ 3.9616527, 44.1797324 ], [ 3.9629009, 44.179209299999989 ], [ 3.9640134, 44.1790222 ], [ 3.9643467, 44.1788338 ], [ 3.9644381, 44.1783956 ], [ 3.9642694, 44.1779623 ], [ 3.9643816, 44.1777218 ], [ 3.96433, 44.1772596 ], [ 3.9639095, 44.1768006 ], [ 3.9636723, 44.1760916 ], [ 3.9635134, 44.1760138 ], [ 3.9629879, 44.1760049 ], [ 3.9624467, 44.1758755 ], [ 3.9618897, 44.175480799999988 ], [ 3.9617794, 44.1751019 ], [ 3.9619018, 44.1748704 ], [ 3.962447, 44.17442 ], [ 3.9630461, 44.174196 ], [ 3.9632788, 44.1742039 ], [ 3.9633947, 44.1742506 ], [ 3.9634103, 44.1750218 ], [ 3.9635893, 44.1752534 ], [ 3.9638571, 44.1753348 ], [ 3.9642489, 44.1752791 ], [ 3.9644684, 44.1753186 ], [ 3.9647881, 44.1755111 ], [ 3.9657258, 44.1757819 ], [ 3.9664209, 44.1757641 ], [ 3.9662048, 44.1755617 ], [ 3.9661507, 44.175248 ], [ 3.9662725, 44.1749805 ], [ 3.9661703, 44.1746348 ], [ 3.9659915, 44.1744915 ], [ 3.9656161, 44.1744093 ], [ 3.9651767, 44.174604 ], [ 3.9650294, 44.1745467 ], [ 3.9648534, 44.1742008 ], [ 3.9652045, 44.173664 ], [ 3.9651709, 44.1735274 ], [ 3.964856, 44.1732494 ], [ 3.9644066, 44.1730769 ], [ 3.9642297, 44.1727499 ], [ 3.9644634, 44.1724463 ], [ 3.9647801, 44.172313 ], [ 3.9654546, 44.1721909 ], [ 3.9664793, 44.1721378 ], [ 3.9665305, 44.1719897 ], [ 3.9662395, 44.171571899999989 ], [ 3.9663818, 44.1715554 ], [ 3.9668946, 44.1719973 ], [ 3.9675414, 44.1728206 ], [ 3.9680559, 44.1740952 ], [ 3.9684548, 44.1754095 ], [ 3.9693998, 44.1764804 ], [ 3.9697524, 44.1767672 ], [ 3.9704162, 44.1770385 ], [ 3.9710274, 44.177085299999987 ], [ 3.9723534, 44.1779008 ], [ 3.9725732, 44.178466 ], [ 3.9728961, 44.1788412 ], [ 3.9734196, 44.1801931 ], [ 3.974331, 44.1806791 ], [ 3.9763447, 44.1826335 ], [ 3.9769528, 44.1829332 ], [ 3.9784203, 44.1839625 ], [ 3.9790647, 44.1849199 ], [ 3.9796206, 44.1853101 ], [ 3.9808638, 44.186597 ], [ 3.9812776, 44.1871631 ], [ 3.9817851, 44.1874304 ], [ 3.9847061, 44.1877868 ], [ 3.9848887, 44.1874926 ], [ 3.9853277, 44.1871268 ], [ 3.9867482, 44.1863714 ], [ 3.9872382, 44.186205 ], [ 3.9878857, 44.1856708 ], [ 3.9885554, 44.1853407 ], [ 3.9892235, 44.1852006 ], [ 3.9895125, 44.1852025 ], [ 3.9906001, 44.1858039 ], [ 3.9911093, 44.1862376 ], [ 3.9921249, 44.1865885 ], [ 3.9924965, 44.186875 ], [ 3.9927756, 44.1869553 ], [ 3.9933875, 44.1870389 ], [ 3.9940237, 44.1869341 ], [ 3.9941636, 44.1868482 ], [ 3.9945162, 44.1862653 ], [ 3.9947095, 44.186233 ], [ 3.995257, 44.1862784 ], [ 3.9973475, 44.1871407 ], [ 4.0008368, 44.1860224 ], [ 4.001237, 44.1857298 ], [ 4.0018514, 44.185672 ], [ 4.0032558, 44.1852199 ], [ 4.0053549, 44.1854329 ], [ 4.0062519, 44.1864257 ], [ 4.0068489, 44.1868667 ], [ 4.0077559, 44.1869358 ], [ 4.0085898, 44.1871891 ], [ 4.0089966, 44.187207 ], [ 4.009462, 44.1876258 ], [ 4.0101963, 44.1876253 ], [ 4.0119575, 44.1883842 ], [ 4.0154794, 44.1893832 ], [ 4.0163239, 44.1883366 ], [ 4.0174553, 44.1864754 ], [ 4.0177082, 44.1858573 ], [ 4.0180593, 44.1855534 ], [ 4.0205844, 44.1823884 ], [ 4.0207747, 44.1819105 ], [ 4.021046, 44.1816244 ], [ 4.0215612, 44.1801542 ], [ 4.022268, 44.1796705 ], [ 4.0228359, 44.1789748 ], [ 4.0241525, 44.1781154 ], [ 4.0243941, 44.1777792 ], [ 4.0245205, 44.1773694 ], [ 4.0248821, 44.1770951 ], [ 4.0253863, 44.1759265 ], [ 4.0254068, 44.175397 ], [ 4.025812, 44.1741501 ], [ 4.0277925, 44.1727318 ], [ 4.0300605, 44.1708274 ], [ 4.0307422, 44.1701423 ], [ 4.0316294, 44.1694849 ], [ 4.0321411, 44.1688761 ], [ 4.0328469, 44.1683492 ], [ 4.0337485, 44.1678627 ], [ 4.0344066, 44.167329 ], [ 4.0345258, 44.1671461 ], [ 4.0346582, 44.166242 ], [ 4.0347343, 44.1662332 ], [ 4.0348944, 44.1656862 ], [ 4.0352174, 44.1652942 ], [ 4.0355334, 44.1652075 ], [ 4.0361432, 44.1647022 ], [ 4.0364371, 44.1647021 ], [ 4.0371866, 44.1643809 ], [ 4.0376907, 44.1643212 ], [ 4.037867, 44.1641836 ], [ 4.0379694, 44.1639045 ], [ 4.0403267, 44.1634321 ], [ 4.0417123, 44.1627555 ], [ 4.0431225, 44.1622615 ], [ 4.0435068, 44.1622119 ], [ 4.0444069, 44.1623393 ], [ 4.0470744, 44.1633013 ], [ 4.0481628, 44.1639372 ], [ 4.0500625, 44.1640171 ], [ 4.0509952, 44.1642765 ], [ 4.0519739, 44.1646613 ], [ 4.0524828, 44.1649265 ], [ 4.0531191, 44.165455099999988 ], [ 4.0526703, 44.165869 ], [ 4.052357, 44.1669801 ], [ 4.0524639, 44.1673517 ], [ 4.053236, 44.1682543 ], [ 4.0532598, 44.1685935 ], [ 4.0531514, 44.168888 ], [ 4.0520395, 44.1698276 ], [ 4.0503834, 44.170623 ], [ 4.0498499, 44.1709891 ], [ 4.0492423, 44.1716781 ], [ 4.0490138, 44.1723104 ], [ 4.0490216, 44.1725939 ], [ 4.0496757, 44.1734761 ], [ 4.0518387, 44.1760046 ], [ 4.0529788, 44.1766472 ], [ 4.053964, 44.1770311 ], [ 4.0557027, 44.1779127 ], [ 4.0575794, 44.1790126 ], [ 4.0579657, 44.1796759 ], [ 4.0577863, 44.1802484 ], [ 4.0579406, 44.1811479 ], [ 4.0578706, 44.1816896 ], [ 4.0576696, 44.1821092 ], [ 4.0573997, 44.1823963 ], [ 4.0586616, 44.1839288 ], [ 4.0597038, 44.1848774 ], [ 4.0598749, 44.1849919 ], [ 4.0606245, 44.1852115 ], [ 4.061687, 44.1852345 ], [ 4.0625133, 44.1853336 ], [ 4.063292, 44.1853018 ], [ 4.0641504, 44.185514 ], [ 4.0651087, 44.1855821 ], [ 4.066618, 44.1859482 ], [ 4.0674687, 44.1869481 ], [ 4.0674573, 44.1881401 ], [ 4.0681278, 44.1893362 ], [ 4.0709299, 44.1887885 ], [ 4.0716759, 44.1888776 ], [ 4.072428, 44.1892195 ], [ 4.0732591, 44.18825 ], [ 4.0742545, 44.1888884 ], [ 4.074519, 44.1887148 ], [ 4.0749957, 44.1881934 ], [ 4.0787266, 44.1882081 ], [ 4.0796312, 44.1887411 ], [ 4.0798798, 44.188194 ], [ 4.0802901, 44.1876022 ], [ 4.081034, 44.1871169 ], [ 4.0812692, 44.1875781 ], [ 4.081893, 44.187419899999988 ], [ 4.0818539, 44.1876021 ], [ 4.0843429, 44.1875082 ], [ 4.0850131, 44.1875529 ], [ 4.0851213, 44.1876535 ], [ 4.0859188, 44.1876195 ], [ 4.0861526, 44.1882014 ], [ 4.0863542, 44.1898432 ], [ 4.0868737, 44.1903871 ], [ 4.0869283, 44.1906206 ], [ 4.0865726, 44.1910598 ], [ 4.0860878, 44.19116 ], [ 4.0858331, 44.1913147 ], [ 4.0855835, 44.1920688 ], [ 4.0848123, 44.1930927 ], [ 4.0848103, 44.1935095 ], [ 4.0855289, 44.1940578 ], [ 4.0858414, 44.1945651 ], [ 4.0858743, 44.1947835 ], [ 4.085244, 44.1955801 ], [ 4.0844647, 44.1969678 ], [ 4.084497, 44.1971547 ], [ 4.084356, 44.1973712 ], [ 4.0839317, 44.1977553 ], [ 4.0843974, 44.1986887 ], [ 4.0843725, 44.1994127 ], [ 4.0845578, 44.1996161 ], [ 4.0846083, 44.2000324 ], [ 4.0844023, 44.2004512 ], [ 4.0844171, 44.2007661 ], [ 4.0841754, 44.201088 ], [ 4.0839726, 44.2016067 ], [ 4.0838221, 44.202242 ], [ 4.0853133, 44.2039889 ], [ 4.0853068, 44.2043049 ], [ 4.0848615, 44.205493 ], [ 4.0845094, 44.2059286 ], [ 4.0842148, 44.2060341 ], [ 4.0824004, 44.2061735 ], [ 4.0815106, 44.2061058 ], [ 4.0800317, 44.2058566 ], [ 4.0795413, 44.2057372 ], [ 4.0791396, 44.2055395 ], [ 4.0786636, 44.2062373 ], [ 4.0783139, 44.2074596 ], [ 4.0782809, 44.2092855 ], [ 4.078101, 44.2094304 ], [ 4.077135, 44.209439 ], [ 4.076859, 44.2095362 ], [ 4.0766687, 44.210458 ], [ 4.0768165, 44.2106609 ], [ 4.0777306, 44.2109481 ], [ 4.0777704, 44.211137699999988 ], [ 4.0775028, 44.2114139 ], [ 4.0774964, 44.2115337 ], [ 4.0781612, 44.2121411 ], [ 4.079007, 44.2124569 ], [ 4.0796167, 44.2127948 ], [ 4.0793794, 44.2130203 ], [ 4.0794231, 44.213407 ], [ 4.0805712, 44.2136288 ], [ 4.0807454, 44.2137702 ], [ 4.0807311, 44.2140701 ], [ 4.0799058, 44.2145734 ], [ 4.0792438, 44.2156313 ], [ 4.079259, 44.215773399999989 ], [ 4.0779598, 44.2168294 ], [ 4.0751833, 44.2180665 ], [ 4.0739429, 44.2184009 ], [ 4.0731502, 44.2190433 ], [ 4.0716315, 44.2205479 ], [ 4.0723249, 44.2206753 ], [ 4.0730858, 44.2204023 ], [ 4.0749129, 44.2204474 ], [ 4.0759606, 44.2207747 ], [ 4.0773338, 44.2214373 ], [ 4.0777701, 44.2214717 ], [ 4.0789864, 44.221386 ], [ 4.0800134, 44.2218746 ], [ 4.0805467, 44.2219422 ], [ 4.0810897, 44.2224536 ], [ 4.0813951, 44.222519 ], [ 4.0819944, 44.222965 ], [ 4.0822678, 44.2229893 ], [ 4.0826597, 44.2231916 ], [ 4.0830979, 44.2231918 ], [ 4.0831417, 44.2231274 ], [ 4.0832518, 44.2232542 ], [ 4.0835956, 44.2230995 ] ] ] ] } },
{ "type": "Feature", "properties": { "code_departement": 30.0, "code_rne": "0301013N", "multisecteur": 0.0 }, "geometry": { "type": "MultiPolygon", "coordinates": [ [ [ [ 3.9657004, 44.1405076 ], [ 3.9668418, 44.1395623 ], [ 3.9673327, 44.1384409 ], [ 3.9673633, 44.1378916 ], [ 3.9671015, 44.1374168 ], [ 3.9668448, 44.1372408 ], [ 3.9660423, 44.1369392 ], [ 3.9666451, 44.1354181 ], [ 3.9667334, 44.1349501 ], [ 3.9666662, 44.1324664 ], [ 3.9668374, 44.1320247 ], [ 3.9667449, 44.1311434 ], [ 3.9669723, 44.1305536 ], [ 3.9672902, 44.1301358 ], [ 3.9683135, 44.1296821 ], [ 3.9687581, 44.1295927 ], [ 3.9694391, 44.1292923 ], [ 3.9695518, 44.1288674 ], [ 3.9697793, 44.1285773 ], [ 3.9697115, 44.1272431 ], [ 3.9698246, 44.1265436 ], [ 3.9697661, 44.1262659 ], [ 3.9699208, 44.1256651 ], [ 3.9707715, 44.1252066 ], [ 3.9718786, 44.1251311 ], [ 3.9723941, 44.124951 ], [ 3.9729747, 44.124701 ], [ 3.9735795, 44.1242654 ], [ 3.9738613, 44.1229847 ], [ 3.9733246, 44.1217815 ], [ 3.973589, 44.1211671 ], [ 3.9740829, 44.1208953 ], [ 3.9747753, 44.1202483 ], [ 3.9745304, 44.1195925 ], [ 3.9740871, 44.1192418 ], [ 3.9739046, 44.1189473 ], [ 3.9736605, 44.1180448 ], [ 3.9730142, 44.1176617 ], [ 3.9728512, 44.1174066 ], [ 3.9728936, 44.1164566 ], [ 3.9731768, 44.11577 ], [ 3.9736487, 44.1153122 ], [ 3.9737619, 44.1146253 ], [ 3.9736405, 44.1123509 ], [ 3.9734196, 44.1122925 ], [ 3.9727318, 44.1115929 ], [ 3.9715951, 44.1111692 ], [ 3.9701093, 44.1112183 ], [ 3.9695991, 44.1114092 ], [ 3.9680647, 44.1103687 ], [ 3.9674443, 44.1102554 ], [ 3.9673165, 44.1098631 ], [ 3.966366, 44.1092144 ], [ 3.9672812, 44.1087401 ], [ 3.9680543, 44.1082166 ], [ 3.9680592, 44.1079168 ], [ 3.9684452, 44.1076947 ], [ 3.9694047, 44.1066043 ], [ 3.9697693, 44.1057108 ], [ 3.9705138, 44.1052722 ], [ 3.9706465, 44.1052899 ], [ 3.9715764, 44.104954 ], [ 3.9722506, 44.104859 ], [ 3.9726856, 44.1042889 ], [ 3.9729098, 44.1041798 ], [ 3.9730101, 44.103908 ], [ 3.9743553, 44.1022974 ], [ 3.972225, 44.099851 ], [ 3.9720668, 44.0995103 ], [ 3.972442, 44.098952499999989 ], [ 3.9725741, 44.0984977 ], [ 3.9725082, 44.0965424 ], [ 3.9723751, 44.0957685 ], [ 3.970977, 44.0939123 ], [ 3.9813339, 44.0917795 ], [ 3.9814659, 44.0927009 ], [ 3.9807595, 44.0938864 ], [ 3.980564, 44.0940646 ], [ 3.98158, 44.094609 ], [ 3.982754, 44.0944626 ], [ 3.9831643, 44.0948604 ], [ 3.9837262, 44.0949975 ], [ 3.9841461, 44.0949362 ], [ 3.9853239, 44.0945781 ], [ 3.9855342, 44.0943215 ], [ 3.9860724, 44.0940223 ], [ 3.986507, 44.0935918 ], [ 3.9872418, 44.0931828 ], [ 3.9872077, 44.0929473 ], [ 3.9878303, 44.0919722 ], [ 3.9887536, 44.0917776 ], [ 3.9893635, 44.0914435 ], [ 3.9896707, 44.0911554 ], [ 3.9903969, 44.0910472 ], [ 3.9921634, 44.0901491 ], [ 3.9988686, 44.0921485 ], [ 4.0087535, 44.0952371 ], [ 4.0093956, 44.0956678 ], [ 4.0101756, 44.0957029 ], [ 4.0107345, 44.0960164 ], [ 4.0114899, 44.0962128 ], [ 4.0117986, 44.0961542 ], [ 4.0138386, 44.1007349 ], [ 4.0141649, 44.1013817 ], [ 4.0146638, 44.101477 ], [ 4.014542, 44.1017923 ], [ 4.0145996, 44.102082499999987 ], [ 4.0150687, 44.102747 ], [ 4.0153174, 44.103318 ], [ 4.01536, 44.1036714 ], [ 4.0166883, 44.1059346 ], [ 4.0168279, 44.1066165 ], [ 4.0187382, 44.1114414 ], [ 4.0184598, 44.1118022 ], [ 4.018862, 44.1121441 ], [ 4.018359, 44.1125943 ], [ 4.0073934, 44.1205682 ], [ 4.0076734, 44.1207132 ], [ 4.0092946, 44.1208837 ], [ 4.0094557, 44.1208084 ], [ 4.0107552, 44.120737 ], [ 4.011619, 44.1208983 ], [ 4.0123559, 44.1207403 ], [ 4.0132494, 44.1207446 ], [ 4.0130232, 44.121095 ], [ 4.0129822, 44.1213871 ], [ 4.0119832, 44.121777 ], [ 4.010923, 44.1223071 ], [ 4.0108008, 44.1224585 ], [ 4.0107421, 44.122811 ], [ 4.0092352, 44.1237359 ], [ 4.0090842, 44.1243079 ], [ 4.0086916, 44.1247166 ], [ 4.0083831, 44.1249418 ], [ 4.0077373, 44.1250944 ], [ 4.0061394, 44.1262469 ], [ 4.0055854, 44.1267902 ], [ 4.0054189, 44.1268458 ], [ 4.005378, 44.1270055 ], [ 4.0055552, 44.1274827 ], [ 4.0055061, 44.1279611 ], [ 4.0052665, 44.1283288 ], [ 4.0045708, 44.1288482 ], [ 4.004243, 44.1295371 ], [ 4.0031051, 44.1295709 ], [ 4.0022033, 44.1298096 ], [ 4.0007962, 44.1300277 ], [ 4.0003346, 44.1305 ], [ 4.0000027, 44.1310998 ], [ 3.9997617, 44.1313234 ], [ 3.9986835, 44.1317689 ], [ 3.9978334, 44.1324004 ], [ 3.9961743, 44.1330771 ], [ 3.9955316, 44.133416 ], [ 3.9948198, 44.133589 ], [ 3.9939573, 44.1345122 ], [ 3.9935823, 44.135225 ], [ 3.9930326, 44.135809599999988 ], [ 3.9909217, 44.1372536 ], [ 3.9906784, 44.1375637 ], [ 3.9905079, 44.1380369 ], [ 3.9903044, 44.1381971 ], [ 3.988648, 44.1389007 ], [ 3.9878038, 44.1391576 ], [ 3.9864765, 44.1398861 ], [ 3.9852803, 44.140391 ], [ 3.9846772, 44.1405017 ], [ 3.9834059, 44.1409299 ], [ 3.982624, 44.1413231 ], [ 3.9821452, 44.141754 ], [ 3.9813421, 44.1421537 ], [ 3.9799699, 44.1419526 ], [ 3.9791232, 44.1415641 ], [ 3.9784656, 44.1414854 ], [ 3.9778508, 44.1415683 ], [ 3.9756864, 44.1421834 ], [ 3.9737004, 44.1421984 ], [ 3.9716552, 44.1418241 ], [ 3.9700152, 44.1421131 ], [ 3.9684607, 44.1428074 ], [ 3.9670917, 44.1430121 ], [ 3.9656644, 44.1430274 ], [ 3.964223, 44.1428699 ], [ 3.9657004, 44.1405076 ] ] ], [ [ [ 4.1035338, 44.0928267 ], [ 4.1024297, 44.093249 ], [ 4.0995686, 44.0949881 ], [ 4.09955, 44.0935093 ], [ 4.0996155, 44.0932791 ], [ 4.1001101, 44.0926305 ], [ 4.0987014, 44.0911523 ], [ 4.0987396, 44.0909304 ], [ 4.0988121, 44.0906084 ], [ 4.0991224, 44.0901237 ], [ 4.1001131, 44.0893648 ], [ 4.1016606, 44.0876319 ], [ 4.1024739, 44.0874509 ], [ 4.1031731, 44.0873826 ], [ 4.104512, 44.0877769 ], [ 4.1047705, 44.0870695 ], [ 4.1046179, 44.0869261 ], [ 4.1048922, 44.0854237 ], [ 4.1052531, 44.0849088 ], [ 4.106153, 44.0812254 ], [ 4.1067265, 44.0795715 ], [ 4.107067, 44.0791018 ], [ 4.1077091, 44.0777712 ], [ 4.1094625, 44.0775987 ], [ 4.1078659, 44.0755617 ], [ 4.107068, 44.0742763 ], [ 4.1076046, 44.0741997 ], [ 4.1094245, 44.0736593 ], [ 4.1135802, 44.0727998 ], [ 4.1158141, 44.0724314 ], [ 4.11748, 44.0725791 ], [ 4.1185065, 44.0729746 ], [ 4.1184529, 44.0719004 ], [ 4.1214455, 44.0711992 ], [ 4.1217575, 44.0714471 ], [ 4.1226344, 44.0710286 ], [ 4.1234516, 44.0713173 ], [ 4.1236101, 44.071439 ], [ 4.1237169, 44.0717277 ], [ 4.1241367, 44.071934 ], [ 4.1242424, 44.072167 ], [ 4.1270781, 44.0737589 ], [ 4.1288748, 44.07433 ], [ 4.1300361, 44.0752182 ], [ 4.1324465, 44.0761924 ], [ 4.1330386, 44.0758928 ], [ 4.1337442, 44.0753347 ], [ 4.1339867, 44.0752898 ], [ 4.1339545, 44.0748644 ], [ 4.135988, 44.072088099999988 ], [ 4.137403, 44.0707403 ], [ 4.1391696, 44.0684914 ], [ 4.1401507, 44.0675523 ], [ 4.1401655, 44.0689752 ], [ 4.1402613, 44.0694549 ], [ 4.1405412, 44.070029 ], [ 4.1419041, 44.0715018 ], [ 4.1420342, 44.0726346 ], [ 4.1425253, 44.0737789 ], [ 4.1429575, 44.0758411 ], [ 4.143827, 44.0764225 ], [ 4.1455409, 44.0771472 ], [ 4.1461057, 44.0774806 ], [ 4.1464827, 44.0780311 ], [ 4.1472383, 44.0788477 ], [ 4.1473361, 44.0803535 ], [ 4.1470617, 44.080928 ], [ 4.147349, 44.0809331 ], [ 4.1474977, 44.081495 ], [ 4.1479239, 44.0821341 ], [ 4.1478109, 44.0824728 ], [ 4.1479081, 44.0826519 ], [ 4.1496282, 44.0842243 ], [ 4.1492954, 44.0854925 ], [ 4.1493924, 44.0859065 ], [ 4.1482992, 44.0863122 ], [ 4.1480635, 44.0865775 ], [ 4.1478558, 44.0868704 ], [ 4.1474335, 44.0883793 ], [ 4.1452033, 44.0884879 ], [ 4.1402404, 44.0909864 ], [ 4.1399637, 44.0916725 ], [ 4.1381133, 44.0930347 ], [ 4.1353575, 44.0925664 ], [ 4.1352736, 44.0929231 ], [ 4.1339696, 44.094056 ], [ 4.1333856, 44.0938774 ], [ 4.1320066, 44.0946471 ], [ 4.1317996, 44.093293 ], [ 4.1297951, 44.0942537 ], [ 4.1297685, 44.0945442 ], [ 4.1291327, 44.0948808 ], [ 4.1277824, 44.0946842 ], [ 4.1274885, 44.0942939 ], [ 4.126818, 44.0940254 ], [ 4.125925, 44.0934224 ], [ 4.1253876, 44.0940834 ], [ 4.12503, 44.0940794 ], [ 4.1247719, 44.0938587 ], [ 4.124873, 44.093006 ], [ 4.1244075, 44.0928 ], [ 4.1239738, 44.0924735 ], [ 4.1230852, 44.093852 ], [ 4.1217843, 44.0938269 ], [ 4.1194582, 44.0943428 ], [ 4.1194383, 44.0945742 ], [ 4.1173003, 44.0956017 ], [ 4.11667, 44.0952007 ], [ 4.1165172, 44.0944409 ], [ 4.1155606, 44.0944054 ], [ 4.1153523, 44.094969 ], [ 4.1149714, 44.0950197 ], [ 4.1148194, 44.0939711 ], [ 4.1141903, 44.0940788 ], [ 4.1134826, 44.093521 ], [ 4.113209, 44.0930422 ], [ 4.1117378, 44.0934745 ], [ 4.1114712, 44.0934703 ], [ 4.1108339, 44.0932392 ], [ 4.110481, 44.0933772 ], [ 4.1101129, 44.0933693 ], [ 4.1099932, 44.093301 ], [ 4.1096069, 44.0934779 ], [ 4.1093656, 44.0934433 ], [ 4.1092808, 44.0936132 ], [ 4.1089364, 44.0932134 ], [ 4.10883, 44.0932665 ], [ 4.1087635, 44.0937442 ], [ 4.1085644, 44.0937776 ], [ 4.1083306, 44.0935295 ], [ 4.1076437, 44.0935776 ], [ 4.1073033, 44.0937049 ], [ 4.1057125, 44.0930784 ], [ 4.1058703, 44.0920262 ], [ 4.1049485, 44.0923649 ], [ 4.1036107, 44.0932609 ], [ 4.1035338, 44.0928267 ] ] ], [ [ [ 4.1210371, 44.1062559 ], [ 4.1207937, 44.1065935 ], [ 4.1207767, 44.1070976 ], [ 4.1201738, 44.1068908 ], [ 4.1201312, 44.1066827 ], [ 4.1198335, 44.1064694 ], [ 4.1202827, 44.1062612 ], [ 4.1210371, 44.1062559 ] ] ], [ [ [ 4.4059619, 44.0132358 ], [ 4.4058613, 44.0130057 ], [ 4.4064722, 44.0127917 ], [ 4.4066242, 44.0130375 ], [ 4.4068144, 44.012988 ], [ 4.4069043, 44.0130713 ], [ 4.4070461, 44.012907 ], [ 4.4072304, 44.0130784 ], [ 4.4073161, 44.0129567 ], [ 4.4076406, 44.0131734 ], [ 4.4074896, 44.013479 ], [ 4.4069966, 44.0136019 ], [ 4.4066823, 44.0136112 ], [ 4.4059619, 44.0132358 ] ] ], [ [ [ 4.4065863, 44.018802699999988 ], [ 4.4057868, 44.0177237 ], [ 4.4063851, 44.0173312 ], [ 4.406784, 44.0171887 ], [ 4.4073391, 44.0173339 ], [ 4.407423, 44.0180757 ], [ 4.4069738, 44.0187011 ], [ 4.4065863, 44.018802699999988 ] ] ], [ [ [ 4.065671, 44.1163822 ], [ 4.0642269, 44.1158038 ], [ 4.0619749, 44.1144154 ], [ 4.0616471, 44.1143271 ], [ 4.0631018, 44.112291 ], [ 4.0631471, 44.1119755 ], [ 4.0642241, 44.1118462 ], [ 4.0642715, 44.1113732 ], [ 4.0645354, 44.11079 ], [ 4.0655333, 44.1107686 ], [ 4.0656554, 44.1106882 ], [ 4.0664153, 44.1093045 ], [ 4.0676493, 44.1084203 ], [ 4.0683024, 44.107409399999987 ], [ 4.068578, 44.1061213 ], [ 4.0680242, 44.1050997 ], [ 4.0681117, 44.103042 ], [ 4.067935, 44.1022769 ], [ 4.0682765, 44.1023032 ], [ 4.0702908, 44.1017435 ], [ 4.070813, 44.101478299999989 ], [ 4.0710461, 44.1012537 ], [ 4.0706073, 44.1007071 ], [ 4.0699386, 44.1001537 ], [ 4.0694349, 44.0988031 ], [ 4.0682409, 44.0967507 ], [ 4.0680217, 44.0965188 ], [ 4.0670108, 44.0958275 ], [ 4.0671621, 44.0957 ], [ 4.0671627, 44.0955326 ], [ 4.0674122, 44.0954545 ], [ 4.0679395, 44.0948652 ], [ 4.0685867, 44.0944772 ], [ 4.0694816, 44.0941787 ], [ 4.0702278, 44.0942074 ], [ 4.0711921, 44.094081 ], [ 4.0715626, 44.0941277 ], [ 4.0722568, 44.094445 ], [ 4.0727919, 44.094474 ], [ 4.0734805, 44.094228699999988 ], [ 4.0740356, 44.0937291 ], [ 4.0741251, 44.0940369 ], [ 4.0735271, 44.0951103 ], [ 4.0734389, 44.0960617 ], [ 4.0732143, 44.0963412 ], [ 4.0732661, 44.0977638 ], [ 4.0737697, 44.0986995 ], [ 4.07416, 44.0986029 ], [ 4.0744018, 44.098245 ], [ 4.0753111, 44.0976492 ], [ 4.0770882, 44.0971025 ], [ 4.077721, 44.0970152 ], [ 4.0785739, 44.0966756 ], [ 4.0789404, 44.0964407 ], [ 4.0795972, 44.0970868 ], [ 4.080459, 44.098667899999988 ], [ 4.0806312, 44.0987868 ], [ 4.0808878, 44.0988185 ], [ 4.0811042, 44.0996886 ], [ 4.0811801, 44.1010497 ], [ 4.0807201, 44.101165 ], [ 4.0808315, 44.101505 ], [ 4.0810181, 44.1017966 ], [ 4.0816125, 44.1022471 ], [ 4.0818742, 44.1028719 ], [ 4.0823246, 44.103106 ], [ 4.0823749, 44.103317 ], [ 4.0826031, 44.1033643 ], [ 4.0834512, 44.103031 ], [ 4.0847202, 44.1019104 ], [ 4.0867406, 44.1024583 ], [ 4.0871378, 44.1021303 ], [ 4.0875782, 44.1015157 ], [ 4.0880535, 44.1011581 ], [ 4.0886307, 44.0997896 ], [ 4.0887605, 44.0997874 ], [ 4.0893079, 44.1004543 ], [ 4.0898614, 44.1001995 ], [ 4.0905284, 44.1015052 ], [ 4.0905825, 44.1021735 ], [ 4.0940194, 44.102394 ], [ 4.0941795, 44.1017587 ], [ 4.0942193, 44.1008393 ], [ 4.0947069, 44.1009253 ], [ 4.0956753, 44.1001658 ], [ 4.0968667, 44.1006085 ], [ 4.0962344, 44.1015032 ], [ 4.098026, 44.1021667 ], [ 4.0985159, 44.101275099999988 ], [ 4.0995046, 44.1018233 ], [ 4.0991581, 44.1034812 ], [ 4.0988852, 44.10416 ], [ 4.0980186, 44.1053936 ], [ 4.0963219, 44.1059103 ], [ 4.094721, 44.108935 ], [ 4.0945709, 44.1094716 ], [ 4.0946005, 44.1101107 ], [ 4.0947398, 44.1103535 ], [ 4.0947545, 44.1110389 ], [ 4.0948564, 44.1114201 ], [ 4.0951694, 44.1119675 ], [ 4.0951337, 44.1121201 ], [ 4.0956061, 44.1139773 ], [ 4.0949024, 44.1143837 ], [ 4.0947302, 44.1154984 ], [ 4.0949218, 44.1159543 ], [ 4.0952078, 44.1162801 ], [ 4.0951707, 44.1165924 ], [ 4.0948735, 44.1173875 ], [ 4.0946508, 44.1176982 ], [ 4.0942442, 44.1180027 ], [ 4.0940458, 44.1188659 ], [ 4.0912338, 44.1207968 ], [ 4.09057, 44.1207807 ], [ 4.0900989, 44.1206698 ], [ 4.0891229, 44.1202055 ], [ 4.0875541, 44.1205406 ], [ 4.0872262, 44.1204713 ], [ 4.0846606, 44.1205842 ], [ 4.0846355, 44.1214404 ], [ 4.0849459, 44.121519899999988 ], [ 4.0848994, 44.1216638 ], [ 4.0851302, 44.1218268 ], [ 4.0848987, 44.1220311 ], [ 4.0849998, 44.1222266 ], [ 4.0851893, 44.1224304 ], [ 4.0855297, 44.1222534 ], [ 4.0857031, 44.122304 ], [ 4.0858528, 44.1222217 ], [ 4.0860645, 44.1225331 ], [ 4.0864155, 44.1224771 ], [ 4.0868366, 44.1229731 ], [ 4.0864484, 44.1231979 ], [ 4.0864654, 44.1233324 ], [ 4.0867062, 44.1234626 ], [ 4.0868851, 44.123703299999988 ], [ 4.086711, 44.124538 ], [ 4.086314, 44.1247136 ], [ 4.0859814, 44.1245139 ], [ 4.0855723, 44.1254749 ], [ 4.0855017, 44.1257054 ], [ 4.08557, 44.1258103 ], [ 4.0861214, 44.1258595 ], [ 4.0861988, 44.1257579 ], [ 4.0864677, 44.1258607 ], [ 4.0866865, 44.1258299 ], [ 4.086785, 44.1256911 ], [ 4.0869982, 44.1259307 ], [ 4.0871871, 44.1258706 ], [ 4.0875216, 44.1259918 ], [ 4.0873609, 44.1263894 ], [ 4.0875726, 44.1266527 ], [ 4.0880023, 44.1265906 ], [ 4.0884559, 44.1266827 ], [ 4.0891888, 44.1272046 ], [ 4.0893545, 44.1267422 ], [ 4.089618, 44.1264123 ], [ 4.0906723, 44.1261632 ], [ 4.0912048, 44.1262914 ], [ 4.0912688, 44.1269358 ], [ 4.0908358, 44.1269655 ], [ 4.0892452, 44.127345 ], [ 4.0891386, 44.1275641 ], [ 4.0886527, 44.1278474 ], [ 4.0874385, 44.127943 ], [ 4.0868162, 44.1281439 ], [ 4.0858049, 44.1280792 ], [ 4.0845173, 44.1281691 ], [ 4.0832768, 44.1278406 ], [ 4.0830261, 44.1278496 ], [ 4.0826094, 44.1281185 ], [ 4.0822521, 44.1281489 ], [ 4.0818169, 44.1283209 ], [ 4.0814088, 44.1283293 ], [ 4.0815018, 44.1284684 ], [ 4.0814573, 44.128854499999989 ], [ 4.0811651, 44.1288545 ], [ 4.0811967, 44.1290697 ], [ 4.0810714, 44.1290869 ], [ 4.0810886, 44.1291856 ], [ 4.0807644, 44.1292369 ], [ 4.0807427, 44.1293903 ], [ 4.0812537, 44.1295611 ], [ 4.0812093, 44.1296689 ], [ 4.0813646, 44.1299872 ], [ 4.0811337, 44.1301723 ], [ 4.0811749, 44.1303074 ], [ 4.0810264, 44.1305949 ], [ 4.081135, 44.1309819 ], [ 4.0813055, 44.1311132 ], [ 4.0806106, 44.1313591 ], [ 4.0808959, 44.1315373 ], [ 4.08106, 44.1317676 ], [ 4.0814697, 44.131763 ], [ 4.0814595, 44.1320678 ], [ 4.0819274, 44.1323405 ], [ 4.0819583, 44.1325649 ], [ 4.0818476, 44.1327189 ], [ 4.0828847, 44.1340617 ], [ 4.0829427, 44.1346979 ], [ 4.0819649, 44.1348663 ], [ 4.081451, 44.1346836 ], [ 4.0812474, 44.1343838 ], [ 4.0813487, 44.1339834 ], [ 4.0811027, 44.1336911 ], [ 4.0805537, 44.1335939 ], [ 4.0799425, 44.1336503 ], [ 4.0786209, 44.1339025 ], [ 4.0785108, 44.1340135 ], [ 4.0772389, 44.1335486 ], [ 4.076659, 44.133196299999987 ], [ 4.0759733, 44.1322377 ], [ 4.0752539, 44.132145 ], [ 4.0746363, 44.1314603 ], [ 4.0743646, 44.131007 ], [ 4.0735095, 44.1308486 ], [ 4.0732942, 44.1306703 ], [ 4.0729857, 44.130044399999989 ], [ 4.0729443, 44.1292887 ], [ 4.0726713, 44.1289455 ], [ 4.0726659, 44.1283968 ], [ 4.0724383, 44.1280421 ], [ 4.0726217, 44.1264774 ], [ 4.0727387, 44.1262323 ], [ 4.0720857, 44.1254889 ], [ 4.0720943, 44.1253746 ], [ 4.0716908, 44.124772 ], [ 4.0719288, 44.1237639 ], [ 4.0724468, 44.1233656 ], [ 4.0725218, 44.1229801 ], [ 4.072932, 44.122350399999988 ], [ 4.0736898, 44.1219576 ], [ 4.0738732, 44.1215952 ], [ 4.0741166, 44.121414 ], [ 4.0749268, 44.1214638 ], [ 4.0750869, 44.1214142 ], [ 4.0757701, 44.1207481 ], [ 4.07592, 44.1204765 ], [ 4.0770328, 44.1205199 ], [ 4.0779655, 44.1206761 ], [ 4.0789163, 44.1205139 ], [ 4.0783422, 44.1197464 ], [ 4.0782574, 44.1194928 ], [ 4.0779018, 44.1191728 ], [ 4.0779995, 44.1188973 ], [ 4.0786635, 44.1185939 ], [ 4.078523, 44.1182034 ], [ 4.0783543, 44.1182776 ], [ 4.0779202, 44.1181802 ], [ 4.0776937, 44.1179661 ], [ 4.0771036, 44.1176953 ], [ 4.0765557, 44.1177458 ], [ 4.0761524, 44.1178705 ], [ 4.0759046, 44.1176351 ], [ 4.0756554, 44.1171617 ], [ 4.0754633, 44.1170951 ], [ 4.0744681, 44.1173633 ], [ 4.0740259, 44.116485 ], [ 4.0736229, 44.1162352 ], [ 4.0730813, 44.1162893 ], [ 4.0726128, 44.1160896 ], [ 4.0727463, 44.1142152 ], [ 4.0718788, 44.1141475 ], [ 4.0717871, 44.1139445 ], [ 4.0720248, 44.1137524 ], [ 4.0716261, 44.1134697 ], [ 4.0727177, 44.1131677 ], [ 4.0726416, 44.1129468 ], [ 4.0720454, 44.1126631 ], [ 4.0706199, 44.112630599999989 ], [ 4.0706815, 44.1120951 ], [ 4.0706146, 44.1120158 ], [ 4.0690273, 44.111861 ], [ 4.069102, 44.1125783 ], [ 4.0689778, 44.1127969 ], [ 4.0689738, 44.1136501 ], [ 4.0684209, 44.1137754 ], [ 4.0679784, 44.114257 ], [ 4.0681367, 44.1147623 ], [ 4.0682882, 44.1149091 ], [ 4.0688457, 44.115114299999988 ], [ 4.0690269, 44.1152791 ], [ 4.0692331, 44.1152199 ], [ 4.0706841, 44.1157927 ], [ 4.0703539, 44.1160786 ], [ 4.0702975, 44.1165318 ], [ 4.0707428, 44.1167297 ], [ 4.07106, 44.1170349 ], [ 4.0714237, 44.116710399999988 ], [ 4.072249, 44.1169548 ], [ 4.0723045, 44.1171412 ], [ 4.0720123, 44.1174196 ], [ 4.0719354, 44.1176218 ], [ 4.07168, 44.1176596 ], [ 4.0713145, 44.117842599999989 ], [ 4.0710976, 44.1181181 ], [ 4.0707189, 44.1179497 ], [ 4.0702519, 44.1179299 ], [ 4.0701296, 44.1181929 ], [ 4.0699091, 44.118295 ], [ 4.0692022, 44.118248 ], [ 4.068925, 44.1183444 ], [ 4.0676948, 44.1179945 ], [ 4.0673147, 44.1176373 ], [ 4.0670735, 44.1176255 ], [ 4.0663129, 44.1173195 ], [ 4.0657593, 44.116908 ], [ 4.065671, 44.1163822 ] ], [ [ 4.0755895, 44.1026125 ], [ 4.0759957, 44.1028799 ], [ 4.0761775, 44.1029019 ], [ 4.076336, 44.1026363 ], [ 4.0765374, 44.1025497 ], [ 4.0765152, 44.1024522 ], [ 4.0760806, 44.1022539 ], [ 4.0755714, 44.1025035 ], [ 4.0755895, 44.1026125 ] ] ], [ [ [ 4.0913103, 44.1260493 ], [ 4.0909955, 44.1258527 ], [ 4.0908474, 44.1255756 ], [ 4.0910741, 44.1253559 ], [ 4.0913293, 44.1254073 ], [ 4.0915155, 44.1258994 ], [ 4.0913103, 44.1260493 ] ] ], [ [ [ 4.0824389, 44.136127099999989 ], [ 4.0822814, 44.1356334 ], [ 4.0832457, 44.1354389 ], [ 4.0832991, 44.1352713 ], [ 4.0838093, 44.1352893 ], [ 4.0840757, 44.1355806 ], [ 4.0844481, 44.135711 ], [ 4.0844799, 44.1359201 ], [ 4.0837803, 44.1360819 ], [ 4.0840507, 44.136388 ], [ 4.0844476, 44.136315 ], [ 4.0847772, 44.1365409 ], [ 4.084618, 44.1370281 ], [ 4.0843536, 44.1372595 ], [ 4.0834193, 44.1374552 ], [ 4.0829122, 44.137256799999989 ], [ 4.0826778, 44.1370447 ], [ 4.0831385, 44.1366535 ], [ 4.0830945, 44.136367 ], [ 4.0823909, 44.1363365 ], [ 4.0824389, 44.136127099999989 ] ] ], [ [ [ 4.0885189, 44.1473264 ], [ 4.0887007, 44.147888599999987 ], [ 4.0883806, 44.147836 ], [ 4.0880123, 44.1484545 ], [ 4.0879747, 44.1487069 ], [ 4.0880464, 44.1504939 ], [ 4.0881754, 44.1508311 ], [ 4.0886139, 44.1514028 ], [ 4.0876298, 44.1517879 ], [ 4.0862192, 44.1526877 ], [ 4.0846813, 44.1532079 ], [ 4.0826055, 44.1544976 ], [ 4.0822015, 44.1540308 ], [ 4.0812023, 44.1524438 ], [ 4.0809596, 44.1515784 ], [ 4.0791437, 44.1532634 ], [ 4.0789419, 44.1533014 ], [ 4.0787556, 44.1531034 ], [ 4.0787728, 44.152625199999989 ], [ 4.0785951, 44.1516917 ], [ 4.078295, 44.1513607 ], [ 4.0782271, 44.1511454 ], [ 4.078092, 44.1505454 ], [ 4.0782172, 44.1504929 ], [ 4.0778498, 44.1495765 ], [ 4.0777364, 44.1484101 ], [ 4.0766785, 44.1467436 ], [ 4.0769237, 44.1457627 ], [ 4.0767523, 44.1453099 ], [ 4.0776743, 44.1440758 ], [ 4.0808915, 44.1441232 ], [ 4.0809576, 44.1448981 ], [ 4.0803606, 44.1458089 ], [ 4.0817364, 44.1459509 ], [ 4.0824332, 44.1458541 ], [ 4.0823657, 44.1456324 ], [ 4.0828695, 44.1452866 ], [ 4.083463, 44.145396399999989 ], [ 4.0835226, 44.1458019 ], [ 4.0837584, 44.1459168 ], [ 4.0841893, 44.1456001 ], [ 4.0845147, 44.1455579 ], [ 4.0848551, 44.1453949 ], [ 4.0851048, 44.1449975 ], [ 4.0850817, 44.1446734 ], [ 4.0853664, 44.1443866 ], [ 4.0863662, 44.1440117 ], [ 4.0866167, 44.144111 ], [ 4.0869717, 44.1446012 ], [ 4.0873546, 44.1446769 ], [ 4.0876008, 44.1448862 ], [ 4.0879093, 44.1454511 ], [ 4.0884568, 44.1458521 ], [ 4.0895185, 44.1463239 ], [ 4.0887999, 44.1466766 ], [ 4.0886387, 44.1468794 ], [ 4.0885189, 44.1473264 ] ] ], [ [ [ 4.6162125, 44.1457038 ], [ 4.6143771, 44.145807 ], [ 4.614278, 44.1457051 ], [ 4.616219, 44.1456069 ], [ 4.6162125, 44.1457038 ] ] ], [ [ [ 4.6110143, 44.1465432 ], [ 4.6109508, 44.1468565 ], [ 4.6105354, 44.1466778 ], [ 4.6105551, 44.1465849 ], [ 4.6108751, 44.1464442 ], [ 4.6110143, 44.1465432 ] ] ], [ [ [ 4.6124932, 44.154084 ], [ 4.6126761, 44.1540477 ], [ 4.6127381, 44.1541001 ], [ 4.6126287, 44.1548569 ], [ 4.6121819, 44.154889 ], [ 4.6118862, 44.1546464 ], [ 4.6124932, 44.154084 ] ] ], [ [ [ 4.642713, 44.155017 ], [ 4.6426689, 44.1557256 ], [ 4.6426097, 44.1550197 ], [ 4.642713, 44.155017 ] ] ], [ [ [ 4.6430933, 44.1563308 ], [ 4.6428164, 44.1566029 ], [ 4.6427689, 44.1561621 ], [ 4.6429391, 44.1556913 ], [ 4.643725, 44.1550733 ], [ 4.6440072, 44.155722 ], [ 4.6430933, 44.1563308 ] ] ], [ [ [ 4.6385476, 44.1566685 ], [ 4.6384155, 44.1561808 ], [ 4.6384167, 44.1559627 ], [ 4.6385937, 44.156004 ], [ 4.6388108, 44.156372 ], [ 4.6385476, 44.1566685 ] ] ], [ [ [ 4.6195873, 44.1608927 ], [ 4.6195461, 44.1609611 ], [ 4.6194197, 44.1609888 ], [ 4.6194752, 44.1608732 ], [ 4.6195873, 44.1608927 ] ] ], [ [ [ 4.6203227, 44.1631328 ], [ 4.6204262, 44.1627854 ], [ 4.6205964, 44.1627832 ], [ 4.620717, 44.1629052 ], [ 4.6206584, 44.1630145 ], [ 4.620758, 44.1631838 ], [ 4.6204753, 44.1634296 ], [ 4.6208186, 44.163562 ], [ 4.620563, 44.1636371 ], [ 4.6210248, 44.1636518 ], [ 4.6208735, 44.1641858 ], [ 4.6210161, 44.1643082 ], [ 4.6209735, 44.1644342 ], [ 4.6212014, 44.1645479 ], [ 4.6210833, 44.1647218 ], [ 4.6207897, 44.1646816 ], [ 4.6208259, 44.1644097 ], [ 4.6203444, 44.1643311 ], [ 4.6204094, 44.163949 ], [ 4.6205126, 44.1638526 ], [ 4.6202541, 44.1635213 ], [ 4.6205178, 44.1631657 ], [ 4.6203227, 44.1631328 ] ], [ [ 4.620584, 44.1641341 ], [ 4.6205186, 44.1641988 ], [ 4.6207893, 44.164093 ], [ 4.620584, 44.1641341 ] ] ], [ [ [ 4.6247056, 44.1655616 ], [ 4.6247314, 44.1654139 ], [ 4.6248576, 44.1653413 ], [ 4.6254898, 44.1653451 ], [ 4.625726, 44.1654889 ], [ 4.6249185, 44.1656085 ], [ 4.6247056, 44.1655616 ] ] ] ] } },
{ "type": "Feature", "properties": { "code_departement": 30.0, "code_rne": "0301014P", "multisecteur": 0.0 }, "geometry": { "type": "MultiPolygon", "coordinates": [ [ [ [ 3.9745324, 44.1643415 ], [ 3.9738825, 44.1640692 ], [ 3.9737793, 44.1638153 ], [ 3.9738241, 44.163364 ], [ 3.9741922, 44.1628773 ], [ 3.9738968, 44.1627917 ], [ 3.972409, 44.1633171 ], [ 3.9714924, 44.1634621 ], [ 3.9714465, 44.1637739 ], [ 3.9704283, 44.1644904 ], [ 3.9700721, 44.1648653 ], [ 3.9682399, 44.1657349 ], [ 3.966666, 44.166864 ], [ 3.9658717, 44.167223 ], [ 3.9640828, 44.1675565 ], [ 3.9633078, 44.1679431 ], [ 3.9629051, 44.1682392 ], [ 3.9627825, 44.1685319 ], [ 3.9613391, 44.168811 ], [ 3.95924, 44.1699591 ], [ 3.9580635, 44.1704239 ], [ 3.9566286, 44.1706984 ], [ 3.9557762, 44.1703557 ], [ 3.9551036, 44.1703687 ], [ 3.9548484, 44.1705159 ], [ 3.9534224, 44.1709405 ], [ 3.9521382, 44.1710318 ], [ 3.951259, 44.1712555 ], [ 3.9511675, 44.1714651 ], [ 3.9500507, 44.1720671 ], [ 3.9485002, 44.1726089 ], [ 3.9475638, 44.17323 ], [ 3.9472509, 44.1732885 ], [ 3.9467863, 44.1736318 ], [ 3.9465494, 44.1736735 ], [ 3.9465764, 44.1746202 ], [ 3.9464631, 44.1750262 ], [ 3.9450521, 44.175466899999989 ], [ 3.9445701, 44.1757402 ], [ 3.9437975, 44.1758314 ], [ 3.9429919, 44.1762047 ], [ 3.9413112, 44.1766755 ], [ 3.9398284, 44.1772373 ], [ 3.9390808, 44.1773382 ], [ 3.9385263, 44.1776157 ], [ 3.9377917, 44.1781216 ], [ 3.9374818, 44.178216 ], [ 3.9350912, 44.1781158 ], [ 3.9345984, 44.1783478 ], [ 3.933934, 44.1791671 ], [ 3.933569, 44.1794871 ], [ 3.933101, 44.1806181 ], [ 3.9326792, 44.1812094 ], [ 3.9323122, 44.1814844 ], [ 3.9315693, 44.1817202 ], [ 3.9307604, 44.1818216 ], [ 3.9288851, 44.1818042 ], [ 3.9266264, 44.181907 ], [ 3.925454, 44.1820393 ], [ 3.9243871, 44.1822743 ], [ 3.9233261, 44.182334499999989 ], [ 3.9223009, 44.1814412 ], [ 3.9220377, 44.1809501 ], [ 3.9219575, 44.1803216 ], [ 3.9224087, 44.1786066 ], [ 3.9227696, 44.1781067 ], [ 3.9236527, 44.1779589 ], [ 3.9243324, 44.1776795 ], [ 3.9249467, 44.1773107 ], [ 3.925531, 44.1758628 ], [ 3.9265618, 44.1747244 ], [ 3.9265085, 44.1728364 ], [ 3.9266281, 44.1726545 ], [ 3.92774, 44.1717395 ], [ 3.9284527, 44.1704247 ], [ 3.9285634, 44.1699287 ], [ 3.9284829, 44.1692912 ], [ 3.9277625, 44.1681325 ], [ 3.9275671, 44.1675031 ], [ 3.9269337, 44.1676957 ], [ 3.9268527, 44.1682473 ], [ 3.926395, 44.167946 ], [ 3.9263136, 44.1677037 ], [ 3.9262924, 44.1669396 ], [ 3.9265281, 44.1664417 ], [ 3.9269714, 44.1644117 ], [ 3.9271173, 44.1629262 ], [ 3.9272905, 44.1624287 ], [ 3.9272707, 44.1612947 ], [ 3.9280217, 44.1613388 ], [ 3.9284627, 44.1614674 ], [ 3.9321234, 44.1628081 ], [ 3.9342372, 44.1624625 ], [ 3.9351735, 44.1624482 ], [ 3.9361174, 44.1626598 ], [ 3.9365529, 44.1626084 ], [ 3.9380382, 44.1621366 ], [ 3.9392245, 44.1621193 ], [ 3.9421453, 44.1622571 ], [ 3.9422508, 44.1627378 ], [ 3.9428391, 44.1633754 ], [ 3.9431275, 44.1627456 ], [ 3.9435506, 44.1622451 ], [ 3.9440265, 44.1613831 ], [ 3.9446906, 44.1605646 ], [ 3.9454027, 44.1592497 ], [ 3.945564, 44.1583481 ], [ 3.9452236, 44.1573546 ], [ 3.9454814, 44.1572156 ], [ 3.9462533, 44.1570928 ], [ 3.9467146, 44.156862 ], [ 3.9487318, 44.1561407 ], [ 3.9475717, 44.154877 ], [ 3.9458396, 44.1545445 ], [ 3.9449791, 44.1543035 ], [ 3.9442063, 44.1539204 ], [ 3.944773, 44.1520549 ], [ 3.944814, 44.1512904 ], [ 3.9449925, 44.1509729 ], [ 3.9461614, 44.1503714 ], [ 3.9470317, 44.1492558 ], [ 3.9463225, 44.1490828 ], [ 3.9459751, 44.149093 ], [ 3.9439384, 44.1477208 ], [ 3.9447631, 44.1470242 ], [ 3.944752, 44.1461323 ], [ 3.9441202, 44.1455742 ], [ 3.9441844, 44.1440957 ], [ 3.9434659, 44.1429821 ], [ 3.9431824, 44.1421663 ], [ 3.9436916, 44.1420449 ], [ 3.9439951, 44.1418794 ], [ 3.9444706, 44.1419806 ], [ 3.9457618, 44.1413781 ], [ 3.9463655, 44.1413027 ], [ 3.9470494, 44.1413139 ], [ 3.9470914, 44.1409057 ], [ 3.9466137, 44.1394652 ], [ 3.9465367, 44.1385216 ], [ 3.948017, 44.1378706 ], [ 3.9514253, 44.1368123 ], [ 3.9517026, 44.1359835 ], [ 3.9517549, 44.1355231 ], [ 3.9516501, 44.1345609 ], [ 3.9513746, 44.1339332 ], [ 3.9535943, 44.133786099999988 ], [ 3.9548335, 44.1334531 ], [ 3.9557729, 44.1335736 ], [ 3.95723, 44.13356 ], [ 3.9578992, 44.1334497 ], [ 3.9584077, 44.133217599999988 ], [ 3.958556, 44.1334098 ], [ 3.9590204, 44.1336038 ], [ 3.9592528, 44.1338943 ], [ 3.9593347, 44.1342311 ], [ 3.9586214, 44.134916 ], [ 3.9581905, 44.1363474 ], [ 3.9581393, 44.1373137 ], [ 3.9582025, 44.1378712 ], [ 3.9584132, 44.1385066 ], [ 3.9587783, 44.1390345 ], [ 3.9600768, 44.1386568 ], [ 3.9602817, 44.1384291 ], [ 3.9605285, 44.1383126 ], [ 3.9607859, 44.138308599999988 ], [ 3.9614379, 44.1387259 ], [ 3.9629441, 44.137917 ], [ 3.9657004, 44.1405076 ], [ 3.964223, 44.1428699 ], [ 3.9655167, 44.1430143 ], [ 3.9670917, 44.1430121 ], [ 3.9684607, 44.1428074 ], [ 3.9700152, 44.1421131 ], [ 3.9716552, 44.1418241 ], [ 3.9737004, 44.1421984 ], [ 3.9756864, 44.1421834 ], [ 3.9778508, 44.1415683 ], [ 3.9784656, 44.1414854 ], [ 3.9791232, 44.1415641 ], [ 3.9799699, 44.1419526 ], [ 3.9813421, 44.1421537 ], [ 3.9821452, 44.141754 ], [ 3.982624, 44.1413231 ], [ 3.9834059, 44.1409299 ], [ 3.9846772, 44.1405017 ], [ 3.9852803, 44.140391 ], [ 3.9864765, 44.1398861 ], [ 3.9878038, 44.1391576 ], [ 3.988648, 44.1389007 ], [ 3.9903044, 44.1381971 ], [ 3.9905079, 44.1380369 ], [ 3.9906784, 44.1375637 ], [ 3.9909217, 44.1372536 ], [ 3.9930326, 44.135809599999988 ], [ 3.9935823, 44.135225 ], [ 3.9939573, 44.1345122 ], [ 3.9948198, 44.133589 ], [ 3.9955316, 44.133416 ], [ 3.9961743, 44.1330771 ], [ 3.9978334, 44.1324004 ], [ 3.9986835, 44.1317689 ], [ 3.9997617, 44.1313234 ], [ 4.0000027, 44.1310998 ], [ 4.0003346, 44.1305 ], [ 4.0008631, 44.1299974 ], [ 4.0022033, 44.1298096 ], [ 4.0031051, 44.1295709 ], [ 4.004243, 44.1295371 ], [ 4.0045708, 44.1288482 ], [ 4.0052665, 44.1283288 ], [ 4.0055061, 44.1279611 ], [ 4.0055552, 44.1274827 ], [ 4.005378, 44.1270055 ], [ 4.0054189, 44.1268458 ], [ 4.0055854, 44.1267902 ], [ 4.0061394, 44.1262469 ], [ 4.0077373, 44.1250944 ], [ 4.0083831, 44.1249418 ], [ 4.0086916, 44.1247166 ], [ 4.0090842, 44.1243079 ], [ 4.0092352, 44.1237359 ], [ 4.0107421, 44.122811 ], [ 4.0108008, 44.1224585 ], [ 4.010923, 44.1223071 ], [ 4.0119832, 44.121777 ], [ 4.0129822, 44.1213871 ], [ 4.0130232, 44.121095 ], [ 4.0132494, 44.1207446 ], [ 4.0123559, 44.1207403 ], [ 4.011619, 44.1208983 ], [ 4.0107552, 44.120737 ], [ 4.0094557, 44.1208084 ], [ 4.0092946, 44.1208837 ], [ 4.0076734, 44.1207132 ], [ 4.0073934, 44.1205682 ], [ 4.018359, 44.1125943 ], [ 4.018862, 44.1121441 ], [ 4.0184598, 44.1118022 ], [ 4.0187382, 44.1114414 ], [ 4.0168279, 44.1066165 ], [ 4.0166883, 44.1059346 ], [ 4.01536, 44.1036714 ], [ 4.0153174, 44.103318 ], [ 4.0150687, 44.102747 ], [ 4.0145996, 44.102082499999987 ], [ 4.014542, 44.1017923 ], [ 4.0146638, 44.101477 ], [ 4.0141649, 44.1013817 ], [ 4.0138386, 44.1007349 ], [ 4.0117986, 44.0961542 ], [ 4.0119855, 44.0961272 ], [ 4.0135137, 44.0951878 ], [ 4.0161194, 44.0938072 ], [ 4.0165369, 44.0936836 ], [ 4.0172251, 44.0931956 ], [ 4.0174791, 44.0930835 ], [ 4.0179288, 44.0930172 ], [ 4.0194878, 44.0921341 ], [ 4.020042, 44.0919066 ], [ 4.0204654, 44.0915588 ], [ 4.0209925, 44.0912866 ], [ 4.0234528, 44.0896146 ], [ 4.025086, 44.0901547 ], [ 4.0260345, 44.0906022 ], [ 4.0297913, 44.089025 ], [ 4.0302917, 44.0885901 ], [ 4.0311313, 44.088404 ], [ 4.0312193, 44.0887812 ], [ 4.031368, 44.0889247 ], [ 4.0318714, 44.0892089 ], [ 4.0326464, 44.0894509 ], [ 4.0330301, 44.0896732 ], [ 4.0334751, 44.0903846 ], [ 4.0343396, 44.0897851 ], [ 4.0349249, 44.089006399999988 ], [ 4.0353261, 44.0888874 ], [ 4.0363474, 44.0894889 ], [ 4.0388288, 44.0905095 ], [ 4.040811, 44.0886095 ], [ 4.0427353, 44.0869655 ], [ 4.0441437, 44.0859323 ], [ 4.046441, 44.0840075 ], [ 4.0481455, 44.0829183 ], [ 4.0528462, 44.0858517 ], [ 4.0538923, 44.0856274 ], [ 4.0542684, 44.0854411 ], [ 4.0550911, 44.0846861 ], [ 4.0575993, 44.0836474 ], [ 4.058044, 44.0833848 ], [ 4.0593703, 44.0819858 ], [ 4.0601474, 44.081404899999988 ], [ 4.0609902, 44.0804634 ], [ 4.0611748, 44.079719 ], [ 4.0612992, 44.0795548 ], [ 4.0621893, 44.0796146 ], [ 4.0633109, 44.078962 ], [ 4.0638055, 44.0788347 ], [ 4.064149, 44.0785119 ], [ 4.0645972, 44.0785714 ], [ 4.0649093, 44.0783731 ], [ 4.0652731, 44.0783965 ], [ 4.065977, 44.0779099 ], [ 4.0665911, 44.0777014 ], [ 4.0667842, 44.0776743 ], [ 4.0671188, 44.0778088 ], [ 4.067671, 44.0776234 ], [ 4.0680141, 44.0772105 ], [ 4.0688527, 44.0773238 ], [ 4.0691101, 44.077066599999988 ], [ 4.0695246, 44.0769995 ], [ 4.0699403, 44.0767956 ], [ 4.0711641, 44.0764722 ], [ 4.0716274, 44.0762103 ], [ 4.0717411, 44.0747546 ], [ 4.0714718, 44.073516 ], [ 4.0713071, 44.0713978 ], [ 4.0710437, 44.0706686 ], [ 4.070493, 44.0697361 ], [ 4.0708028, 44.0697447 ], [ 4.070763, 44.0696209 ], [ 4.0714654, 44.0693971 ], [ 4.0729535, 44.0695932 ], [ 4.0729476, 44.0684852 ], [ 4.0731709, 44.0684083 ], [ 4.0731143, 44.0670659 ], [ 4.0735056, 44.0660981 ], [ 4.0735249, 44.0657324 ], [ 4.0730102, 44.064453 ], [ 4.0721633, 44.0615108 ], [ 4.0735928, 44.0610602 ], [ 4.0745661, 44.0605142 ], [ 4.076697, 44.05973 ], [ 4.0791947, 44.0596649 ], [ 4.0800973, 44.0586209 ], [ 4.0811516, 44.0570209 ], [ 4.0816977, 44.0567283 ], [ 4.0828342, 44.0565011 ], [ 4.0846948, 44.0565484 ], [ 4.0862044, 44.0563183 ], [ 4.0883514, 44.0561295 ], [ 4.0888025, 44.0561575 ], [ 4.0894369, 44.0563726 ], [ 4.0913975, 44.0562927 ], [ 4.0917013, 44.0561259 ], [ 4.0926541, 44.0558905 ], [ 4.092975, 44.0557036 ], [ 4.0934673, 44.0557932 ], [ 4.0936293, 44.0557169 ], [ 4.0939566, 44.0554697 ], [ 4.0940966, 44.0552253 ], [ 4.0945935, 44.0551645 ], [ 4.0952976, 44.054396 ], [ 4.0979108, 44.0539918 ], [ 4.0983914, 44.0542552 ], [ 4.0995663, 44.0542758 ], [ 4.104328, 44.0548651 ], [ 4.1061208, 44.0550234 ], [ 4.1057379, 44.0561948 ], [ 4.105281, 44.0570914 ], [ 4.1045482, 44.0601069 ], [ 4.1054548, 44.0608359 ], [ 4.1081105, 44.0633725 ], [ 4.1066518, 44.0671867 ], [ 4.1064188, 44.0672133 ], [ 4.1065449, 44.0685586 ], [ 4.1067001, 44.0689657 ], [ 4.1069736, 44.070576 ], [ 4.1097535, 44.0718341 ], [ 4.1099548, 44.0720445 ], [ 4.1101609, 44.0726257 ], [ 4.1103236, 44.0734755 ], [ 4.1094245, 44.0736593 ], [ 4.1076046, 44.0741997 ], [ 4.107068, 44.0742763 ], [ 4.1078659, 44.0755617 ], [ 4.1094625, 44.0775987 ], [ 4.1077091, 44.0777712 ], [ 4.107067, 44.0791018 ], [ 4.1067265, 44.0795715 ], [ 4.106153, 44.0812254 ], [ 4.1052531, 44.0849088 ], [ 4.1048922, 44.0854237 ], [ 4.1046179, 44.0869261 ], [ 4.1047705, 44.0870695 ], [ 4.104512, 44.0877769 ], [ 4.1031731, 44.0873826 ], [ 4.1024739, 44.0874509 ], [ 4.1016606, 44.0876319 ], [ 4.1001131, 44.0893648 ], [ 4.0991224, 44.0901237 ], [ 4.0988121, 44.0906084 ], [ 4.0987014, 44.0911523 ], [ 4.1001101, 44.0926305 ], [ 4.0996155, 44.0932791 ], [ 4.09955, 44.0935093 ], [ 4.0996172, 44.0940127 ], [ 4.099538, 44.0956022 ], [ 4.0987218, 44.0954402 ], [ 4.0984108, 44.0962184 ], [ 4.0975463, 44.0976339 ], [ 4.0968641, 44.098918 ], [ 4.0969954, 44.0991814 ], [ 4.0974883, 44.0994798 ], [ 4.0972363, 44.1000836 ], [ 4.0968667, 44.1006085 ], [ 4.0956753, 44.1001658 ], [ 4.0947069, 44.1009253 ], [ 4.0942193, 44.1008393 ], [ 4.0941795, 44.1017587 ], [ 4.0940194, 44.102394 ], [ 4.0905825, 44.1021735 ], [ 4.0905284, 44.1015052 ], [ 4.0898614, 44.1001995 ], [ 4.0893079, 44.1004543 ], [ 4.0887605, 44.0997874 ], [ 4.0886307, 44.0997896 ], [ 4.0880535, 44.1011581 ], [ 4.0875782, 44.1015157 ], [ 4.0871378, 44.1021303 ], [ 4.0867406, 44.1024583 ], [ 4.0847202, 44.1019104 ], [ 4.0834512, 44.103031 ], [ 4.0826031, 44.1033643 ], [ 4.0823749, 44.103317 ], [ 4.0823246, 44.103106 ], [ 4.0818742, 44.1028719 ], [ 4.0816125, 44.1022471 ], [ 4.081317, 44.1020799 ], [ 4.0809058, 44.1016699 ], [ 4.0807201, 44.101165 ], [ 4.0811801, 44.1010497 ], [ 4.0811042, 44.0996886 ], [ 4.0808878, 44.0988185 ], [ 4.0806312, 44.0987868 ], [ 4.080459, 44.098667899999988 ], [ 4.0795972, 44.0970868 ], [ 4.0789404, 44.0964407 ], [ 4.0785739, 44.0966756 ], [ 4.077721, 44.0970152 ], [ 4.0770882, 44.0971025 ], [ 4.0753111, 44.0976492 ], [ 4.0744018, 44.098245 ], [ 4.07416, 44.0986029 ], [ 4.0737302, 44.0986611 ], [ 4.0732661, 44.0977638 ], [ 4.0732143, 44.0963412 ], [ 4.0734389, 44.0960617 ], [ 4.0735271, 44.0951103 ], [ 4.0741251, 44.0940369 ], [ 4.0740356, 44.0937291 ], [ 4.0734805, 44.094228699999988 ], [ 4.0727919, 44.094474 ], [ 4.0722568, 44.094445 ], [ 4.0715626, 44.0941277 ], [ 4.0713046, 44.0940862 ], [ 4.0702278, 44.0942074 ], [ 4.0693996, 44.0942002 ], [ 4.0685867, 44.0944772 ], [ 4.068054, 44.0947768 ], [ 4.0674122, 44.0954545 ], [ 4.0671627, 44.0955326 ], [ 4.0671621, 44.0957 ], [ 4.0670108, 44.0958275 ], [ 4.0680217, 44.0965188 ], [ 4.0682409, 44.0967507 ], [ 4.0694349, 44.0988031 ], [ 4.0699386, 44.1001537 ], [ 4.0706073, 44.1007071 ], [ 4.0710461, 44.1012537 ], [ 4.070813, 44.101478299999989 ], [ 4.0702908, 44.1017435 ], [ 4.0682765, 44.1023032 ], [ 4.067935, 44.1022769 ], [ 4.0681117, 44.103042 ], [ 4.0680242, 44.1050997 ], [ 4.068578, 44.1061213 ], [ 4.0683024, 44.107409399999987 ], [ 4.0676493, 44.1084203 ], [ 4.0664153, 44.1093045 ], [ 4.0656554, 44.1106882 ], [ 4.0655333, 44.1107686 ], [ 4.0645354, 44.11079 ], [ 4.0642715, 44.1113732 ], [ 4.0642241, 44.1118462 ], [ 4.0631471, 44.1119755 ], [ 4.0631018, 44.112291 ], [ 4.0616471, 44.1143271 ], [ 4.0619749, 44.1144154 ], [ 4.0642269, 44.1158038 ], [ 4.065671, 44.1163822 ], [ 4.0657593, 44.116908 ], [ 4.0663129, 44.1173195 ], [ 4.0674569, 44.1177154 ], [ 4.0676948, 44.1179945 ], [ 4.068925, 44.1183444 ], [ 4.0692022, 44.118248 ], [ 4.0699091, 44.118295 ], [ 4.0701296, 44.1181929 ], [ 4.0702519, 44.1179299 ], [ 4.0707189, 44.1179497 ], [ 4.0710976, 44.1181181 ], [ 4.0713145, 44.117842599999989 ], [ 4.07168, 44.1176596 ], [ 4.0719354, 44.1176218 ], [ 4.0720123, 44.1174196 ], [ 4.0723045, 44.1171412 ], [ 4.072249, 44.1169548 ], [ 4.0714237, 44.116710399999988 ], [ 4.07106, 44.1170349 ], [ 4.0707428, 44.1167297 ], [ 4.0702975, 44.1165318 ], [ 4.0703539, 44.1160786 ], [ 4.0706841, 44.1157927 ], [ 4.0692331, 44.1152199 ], [ 4.0690269, 44.1152791 ], [ 4.0688457, 44.115114299999988 ], [ 4.0682882, 44.1149091 ], [ 4.0681367, 44.1147623 ], [ 4.0679784, 44.114257 ], [ 4.0684209, 44.1137754 ], [ 4.0689738, 44.1136501 ], [ 4.0689778, 44.1127969 ], [ 4.069102, 44.1125783 ], [ 4.0690273, 44.111861 ], [ 4.0706146, 44.1120158 ], [ 4.0706815, 44.1120951 ], [ 4.0706199, 44.112630599999989 ], [ 4.0720454, 44.1126631 ], [ 4.0726416, 44.1129468 ], [ 4.0727177, 44.1131677 ], [ 4.0716261, 44.1134697 ], [ 4.0720248, 44.1137524 ], [ 4.0717871, 44.1139445 ], [ 4.0718788, 44.1141475 ], [ 4.0727463, 44.1142152 ], [ 4.0726128, 44.1160896 ], [ 4.0730813, 44.1162893 ], [ 4.0736229, 44.1162352 ], [ 4.0740259, 44.116485 ], [ 4.0744681, 44.1173633 ], [ 4.0754633, 44.1170951 ], [ 4.0756554, 44.1171617 ], [ 4.0759046, 44.1176351 ], [ 4.0761524, 44.1178705 ], [ 4.0765557, 44.1177458 ], [ 4.0771036, 44.1176953 ], [ 4.0776937, 44.1179661 ], [ 4.0779202, 44.1181802 ], [ 4.0783543, 44.1182776 ], [ 4.078523, 44.1182034 ], [ 4.0786635, 44.1185939 ], [ 4.0779995, 44.1188973 ], [ 4.0779018, 44.1191728 ], [ 4.0782574, 44.1194928 ], [ 4.0783422, 44.1197464 ], [ 4.0789163, 44.1205139 ], [ 4.0779655, 44.1206761 ], [ 4.0770328, 44.1205199 ], [ 4.07592, 44.1204765 ], [ 4.0757701, 44.1207481 ], [ 4.0750869, 44.1214142 ], [ 4.0749268, 44.1214638 ], [ 4.0741166, 44.121414 ], [ 4.0738732, 44.1215952 ], [ 4.0736898, 44.1219576 ], [ 4.072932, 44.122350399999988 ], [ 4.0725218, 44.1229801 ], [ 4.0724468, 44.1233656 ], [ 4.0719288, 44.1237639 ], [ 4.0716908, 44.124772 ], [ 4.0720943, 44.1253746 ], [ 4.0720857, 44.1254889 ], [ 4.0727387, 44.1262323 ], [ 4.0726217, 44.1264774 ], [ 4.0724383, 44.1280421 ], [ 4.0726659, 44.1283968 ], [ 4.0726713, 44.1289455 ], [ 4.0729443, 44.1292887 ], [ 4.0729857, 44.130044399999989 ], [ 4.0732493, 44.1306076 ], [ 4.0735095, 44.1308486 ], [ 4.0743646, 44.131007 ], [ 4.0746363, 44.1314603 ], [ 4.0752539, 44.132145 ], [ 4.0759733, 44.1322377 ], [ 4.076659, 44.133196299999987 ], [ 4.0772389, 44.1335486 ], [ 4.0785108, 44.1340135 ], [ 4.0786209, 44.1339025 ], [ 4.0799425, 44.1336503 ], [ 4.0805537, 44.1335939 ], [ 4.0811027, 44.1336911 ], [ 4.0813487, 44.1339834 ], [ 4.0812474, 44.1343838 ], [ 4.081451, 44.1346836 ], [ 4.0819649, 44.1348663 ], [ 4.0829427, 44.1346979 ], [ 4.0832991, 44.1352713 ], [ 4.0832457, 44.1354389 ], [ 4.0822814, 44.1356334 ], [ 4.0822561, 44.1356971 ], [ 4.0824389, 44.136127099999989 ], [ 4.0823909, 44.1363365 ], [ 4.0830945, 44.136367 ], [ 4.0831385, 44.1366535 ], [ 4.0826479, 44.1370417 ], [ 4.0820661, 44.1367643 ], [ 4.0813727, 44.1367334 ], [ 4.0811313, 44.1364117 ], [ 4.0805482, 44.1361796 ], [ 4.0790468, 44.1365658 ], [ 4.0790348, 44.1368773 ], [ 4.0788739, 44.1372251 ], [ 4.0789113, 44.1380921 ], [ 4.0790399, 44.1383684 ], [ 4.0788475, 44.1388433 ], [ 4.0789922, 44.1397068 ], [ 4.0786974, 44.1403795 ], [ 4.0785777, 44.1409673 ], [ 4.0789097, 44.141944099999989 ], [ 4.0781413, 44.1429299 ], [ 4.0776887, 44.14367 ], [ 4.0776743, 44.1440758 ], [ 4.0767523, 44.1453099 ], [ 4.0762186, 44.1443051 ], [ 4.0740178, 44.1453285 ], [ 4.0724425, 44.1455879 ], [ 4.0722723, 44.144648 ], [ 4.0712664, 44.1432752 ], [ 4.0713151, 44.1424115 ], [ 4.0711106, 44.1424378 ], [ 4.0706718, 44.142235 ], [ 4.0695337, 44.1420733 ], [ 4.0692954, 44.1418974 ], [ 4.0694269, 44.1413785 ], [ 4.0672854, 44.1406307 ], [ 4.0670287, 44.1404099 ], [ 4.0657199, 44.1410042 ], [ 4.0652394, 44.1411124 ], [ 4.0645296, 44.1408564 ], [ 4.0640635, 44.1408627 ], [ 4.0635431, 44.1407058 ], [ 4.0631434, 44.1408582 ], [ 4.0624407, 44.1409136 ], [ 4.0622217, 44.1407663 ], [ 4.0604074, 44.1403347 ], [ 4.0617471, 44.1412578 ], [ 4.0621958, 44.1416559 ], [ 4.0627159, 44.1427292 ], [ 4.0636613, 44.1440873 ], [ 4.063213, 44.1443797 ], [ 4.061322, 44.1460057 ], [ 4.0613556, 44.1466643 ], [ 4.0610717, 44.1467922 ], [ 4.0603996, 44.1468869 ], [ 4.0600672, 44.1470242 ], [ 4.0594849, 44.1489184 ], [ 4.0598497, 44.1494414 ], [ 4.0599633, 44.1504386 ], [ 4.0593314, 44.1513466 ], [ 4.0588776, 44.1517534 ], [ 4.0577717, 44.1521871 ], [ 4.0575238, 44.1524352 ], [ 4.057491, 44.1529594 ], [ 4.0577961, 44.1539656 ], [ 4.0575431, 44.1543479 ], [ 4.0577197, 44.1546297 ], [ 4.0582911, 44.1551058 ], [ 4.0591932, 44.1568155 ], [ 4.0590328, 44.158674 ], [ 4.0590529, 44.1590177 ], [ 4.0593002, 44.1594024 ], [ 4.0591582, 44.1617117 ], [ 4.0588338, 44.1626906 ], [ 4.0581055, 44.1636023 ], [ 4.0574331, 44.1640958 ], [ 4.0556927, 44.1648498 ], [ 4.0552038, 44.1649868 ], [ 4.0546428, 44.1648788 ], [ 4.0542948, 44.164928 ], [ 4.053526, 44.1652108 ], [ 4.0531191, 44.165455099999988 ], [ 4.0524828, 44.1649265 ], [ 4.0509952, 44.1642765 ], [ 4.0498469, 44.1639868 ], [ 4.0481628, 44.1639372 ], [ 4.0470744, 44.1633013 ], [ 4.0444069, 44.1623393 ], [ 4.0435068, 44.1622119 ], [ 4.0431225, 44.1622615 ], [ 4.0417123, 44.1627555 ], [ 4.0403267, 44.1634321 ], [ 4.0379694, 44.1639045 ], [ 4.037867, 44.1641836 ], [ 4.0376907, 44.1643212 ], [ 4.0371866, 44.1643809 ], [ 4.0364371, 44.1647021 ], [ 4.0360701, 44.164737099999989 ], [ 4.0355334, 44.1652075 ], [ 4.0352174, 44.1652942 ], [ 4.0348944, 44.1656862 ], [ 4.0347343, 44.1662332 ], [ 4.0346582, 44.166242 ], [ 4.0345258, 44.1671461 ], [ 4.0344066, 44.167329 ], [ 4.0337485, 44.1678627 ], [ 4.0328469, 44.1683492 ], [ 4.0321411, 44.1688761 ], [ 4.0316294, 44.1694849 ], [ 4.0307422, 44.1701423 ], [ 4.0300605, 44.1708274 ], [ 4.0277925, 44.1727318 ], [ 4.025812, 44.1741501 ], [ 4.0254068, 44.175397 ], [ 4.0253863, 44.1759265 ], [ 4.0248821, 44.1770951 ], [ 4.0245205, 44.1773694 ], [ 4.0243941, 44.1777792 ], [ 4.0241525, 44.1781154 ], [ 4.0228359, 44.1789748 ], [ 4.022268, 44.1796705 ], [ 4.0215612, 44.1801542 ], [ 4.021046, 44.1816244 ], [ 4.0207747, 44.1819105 ], [ 4.0205844, 44.1823884 ], [ 4.0180593, 44.1855534 ], [ 4.0177082, 44.1858573 ], [ 4.0174553, 44.1864754 ], [ 4.0163239, 44.1883366 ], [ 4.0154794, 44.1893832 ], [ 4.0119575, 44.1883842 ], [ 4.0101963, 44.1876253 ], [ 4.009462, 44.1876258 ], [ 4.0089966, 44.187207 ], [ 4.0085898, 44.1871891 ], [ 4.0077559, 44.1869358 ], [ 4.0068489, 44.1868667 ], [ 4.0062519, 44.1864257 ], [ 4.0053549, 44.1854329 ], [ 4.0032558, 44.1852199 ], [ 4.0018514, 44.185672 ], [ 4.001237, 44.1857298 ], [ 4.0008368, 44.1860224 ], [ 3.9973475, 44.1871407 ], [ 3.995257, 44.1862784 ], [ 3.9947095, 44.186233 ], [ 3.9945162, 44.1862653 ], [ 3.9941636, 44.1868482 ], [ 3.9940237, 44.1869341 ], [ 3.9933875, 44.1870389 ], [ 3.9927756, 44.1869553 ], [ 3.9924965, 44.186875 ], [ 3.9921249, 44.1865885 ], [ 3.9911093, 44.1862376 ], [ 3.9906001, 44.1858039 ], [ 3.9895125, 44.1852025 ], [ 3.9892235, 44.1852006 ], [ 3.9885554, 44.1853407 ], [ 3.9878857, 44.1856708 ], [ 3.9872382, 44.186205 ], [ 3.9867482, 44.1863714 ], [ 3.9853277, 44.1871268 ], [ 3.9848887, 44.1874926 ], [ 3.9847061, 44.1877868 ], [ 3.9823261, 44.1874589 ], [ 3.9822859, 44.1875259 ], [ 3.9817851, 44.1874304 ], [ 3.9812776, 44.1871631 ], [ 3.9808638, 44.186597 ], [ 3.9796206, 44.1853101 ], [ 3.9788391, 44.1846753 ], [ 3.9784203, 44.1839625 ], [ 3.9769528, 44.1829332 ], [ 3.9763447, 44.1826335 ], [ 3.974331, 44.1806791 ], [ 3.9734196, 44.1801931 ], [ 3.9728961, 44.1788412 ], [ 3.9725732, 44.178466 ], [ 3.9723534, 44.1779008 ], [ 3.9710274, 44.177085299999987 ], [ 3.9704162, 44.1770385 ], [ 3.9697524, 44.1767672 ], [ 3.9693998, 44.1764804 ], [ 3.9684548, 44.1754095 ], [ 3.9680559, 44.1740952 ], [ 3.9675414, 44.1728206 ], [ 3.9668946, 44.1719973 ], [ 3.9663818, 44.1715554 ], [ 3.9662395, 44.171571899999989 ], [ 3.9660964, 44.1713932 ], [ 3.9658582, 44.1713601 ], [ 3.9655609, 44.171451 ], [ 3.965203, 44.1714406 ], [ 3.9649026, 44.1713506 ], [ 3.9647634, 44.1711807 ], [ 3.9649827, 44.1709124 ], [ 3.9654297, 44.1707986 ], [ 3.9659919, 44.1707604 ], [ 3.9663818, 44.1708199 ], [ 3.9668981, 44.1710251 ], [ 3.9671701, 44.1713576 ], [ 3.969099, 44.1720409 ], [ 3.9701336, 44.1722073 ], [ 3.9703959, 44.1723328 ], [ 3.970365, 44.172793 ], [ 3.970614, 44.173681 ], [ 3.9703534, 44.1746051 ], [ 3.9708507, 44.1747942 ], [ 3.9711871, 44.1747958 ], [ 3.971438, 44.1746909 ], [ 3.9722583, 44.173803299999989 ], [ 3.9728762, 44.1732956 ], [ 3.9734712, 44.1731291 ], [ 3.974458, 44.173061 ], [ 3.9749676, 44.1728755 ], [ 3.9752914, 44.172283 ], [ 3.9767466, 44.1713781 ], [ 3.9769677, 44.1709989 ], [ 3.976962, 44.1708108 ], [ 3.9766575, 44.170052 ], [ 3.9765733, 44.1692967 ], [ 3.9761698, 44.169104 ], [ 3.9754101, 44.1685626 ], [ 3.9749394, 44.1683877 ], [ 3.9732805, 44.1672556 ], [ 3.9733122, 44.1666936 ], [ 3.9741182, 44.16615 ], [ 3.9745312, 44.1656585 ], [ 3.9744599, 44.165146 ], [ 3.9746423, 44.1648473 ], [ 3.9746778, 44.1645068 ], [ 3.9745324, 44.1643415 ] ] ], [ [ [ 4.0802235, 44.1130586 ], [ 4.0805389, 44.1122093 ], [ 4.0806943, 44.1120858 ], [ 4.0807569, 44.1117272 ], [ 4.0808937, 44.111601199999988 ], [ 4.0805997, 44.1112484 ], [ 4.0806295, 44.1111565 ], [ 4.0807809, 44.1110644 ], [ 4.0809877, 44.1110691 ], [ 4.0812775, 44.1111628 ], [ 4.0816164, 44.1114153 ], [ 4.0811232, 44.1115862 ], [ 4.0811196, 44.1120821 ], [ 4.0812806, 44.1123291 ], [ 4.0808505, 44.112544 ], [ 4.0808389, 44.1127082 ], [ 4.0804366, 44.1127415 ], [ 4.0805876, 44.113113 ], [ 4.080889, 44.113174 ], [ 4.0811949, 44.113439299999989 ], [ 4.0811594, 44.1137815 ], [ 4.0810715, 44.1138174 ], [ 4.0805827, 44.1138039 ], [ 4.0804981, 44.1135422 ], [ 4.0803832, 44.1134791 ], [ 4.0803517, 44.1131933 ], [ 4.0802235, 44.1130586 ] ] ], [ [ [ 4.0810282, 44.1151128 ], [ 4.0806807, 44.1143016 ], [ 4.0807028, 44.1141923 ], [ 4.081023, 44.1141017 ], [ 4.0816991, 44.1145949 ], [ 4.0814537, 44.1150153 ], [ 4.0815304, 44.1152222 ], [ 4.0818224, 44.1154312 ], [ 4.0814927, 44.1157732 ], [ 4.0811849, 44.1155255 ], [ 4.0813205, 44.115445 ], [ 4.0812649, 44.1153339 ], [ 4.0810839, 44.1153644 ], [ 4.0809689, 44.1152454 ], [ 4.0810282, 44.1151128 ] ] ], [ [ [ 4.0818016, 44.1173172 ], [ 4.081584, 44.1172345 ], [ 4.0819997, 44.1169557 ], [ 4.0816502, 44.1168899 ], [ 4.0817866, 44.1165914 ], [ 4.0814447, 44.1164331 ], [ 4.0816486, 44.1161108 ], [ 4.0818001, 44.1162257 ], [ 4.0821486, 44.1169434 ], [ 4.0824482, 44.1171104 ], [ 4.0819532, 44.1176343 ], [ 4.0821509, 44.1177505 ], [ 4.0820827, 44.1179063 ], [ 4.0816988, 44.1179875 ], [ 4.0820249, 44.1182446 ], [ 4.0819978, 44.1183843 ], [ 4.0819328, 44.1184991 ], [ 4.0814024, 44.1185893 ], [ 4.0806807, 44.1191455 ], [ 4.0803215, 44.1190661 ], [ 4.0802721, 44.1191262 ], [ 4.0805165, 44.1193081 ], [ 4.0801223, 44.1192906 ], [ 4.0798698, 44.1193783 ], [ 4.0800328, 44.1195723 ], [ 4.0798239, 44.119779 ], [ 4.0795349, 44.1204841 ], [ 4.0793493, 44.1201934 ], [ 4.0793578, 44.1195555 ], [ 4.0797121, 44.1191218 ], [ 4.080118, 44.1191315 ], [ 4.0802319, 44.1189997 ], [ 4.0802903, 44.1186236 ], [ 4.0805484, 44.1186592 ], [ 4.0809015, 44.1188291 ], [ 4.0807001, 44.1186528 ], [ 4.0808853, 44.1185856 ], [ 4.0808756, 44.118176 ], [ 4.0819405, 44.1176307 ], [ 4.0818179, 44.1175382 ], [ 4.0818016, 44.1173172 ] ] ] ] } },
{ "type": "Feature", "properties": { "code_departement": 30.0, "code_rne": "0301096D", "multisecteur": 0.0 }, "geometry": { "type": "MultiPolygon", "coordinates": [ [ [ [ 4.3289208, 43.735273299999989 ], [ 4.3287541, 43.7355795 ], [ 4.3290498, 43.736448 ], [ 4.330341, 43.7374204 ], [ 4.3299971, 43.7379511 ], [ 4.3309728, 43.7389156 ], [ 4.3313454, 43.7387131 ], [ 4.3317671, 43.7390733 ], [ 4.332112, 43.7389035 ], [ 4.3334811, 43.7397561 ], [ 4.3336557, 43.739950199999988 ], [ 4.3336422, 43.7403823 ], [ 4.3350928, 43.740787499999989 ], [ 4.3380307, 43.742051 ], [ 4.341134, 43.7435833 ], [ 4.3408809, 43.7439069 ], [ 4.3420802, 43.744122499999989 ], [ 4.3415041, 43.7452329 ], [ 4.3414141, 43.7459459 ], [ 4.3422292, 43.7485728 ], [ 4.3410376, 43.7495901 ], [ 4.3396704, 43.750479899999988 ], [ 4.3396097, 43.750802 ], [ 4.3399262, 43.7509556 ], [ 4.3401032, 43.7512 ], [ 4.3401295, 43.7516847 ], [ 4.3400557, 43.751820699999989 ], [ 4.3399215, 43.75187 ], [ 4.3397067, 43.7517628 ], [ 4.3395542, 43.7517728 ], [ 4.339458, 43.7520656 ], [ 4.338951, 43.7522599 ], [ 4.3387322, 43.752511 ], [ 4.3385896, 43.7529439 ], [ 4.3383274, 43.7532531 ], [ 4.3376981, 43.7537405 ], [ 4.3369475, 43.7540305 ], [ 4.3368194, 43.754286799999988 ], [ 4.3362668, 43.7547607 ], [ 4.336134, 43.7550809 ], [ 4.3362465, 43.7553783 ], [ 4.3361317, 43.7556758 ], [ 4.3363848, 43.7561443 ], [ 4.3362908, 43.7565846 ], [ 4.3360262, 43.7567958 ], [ 4.3351884, 43.7571813 ], [ 4.3345176, 43.757698 ], [ 4.334225, 43.75804 ], [ 4.3336521, 43.7582324 ], [ 4.3334027, 43.7586648 ], [ 4.3327941, 43.7593499 ], [ 4.3322305, 43.7603189 ], [ 4.3319756, 43.7603553 ], [ 4.3266838, 43.7641251 ], [ 4.3227356, 43.766793 ], [ 4.3205209, 43.769249 ], [ 4.3191832, 43.7709689 ], [ 4.3188776, 43.7710167 ], [ 4.3186996, 43.7712699 ], [ 4.3177422, 43.7713301 ], [ 4.3167276, 43.7711192 ], [ 4.3118703, 43.7688459 ], [ 4.3115333, 43.7685043 ], [ 4.3106678, 43.767262 ], [ 4.3101502, 43.7656455 ], [ 4.3097304, 43.7652645 ], [ 4.308712, 43.7649896 ], [ 4.3078257, 43.764409 ], [ 4.3072411, 43.7635493 ], [ 4.3063426, 43.7627582 ], [ 4.3056583, 43.7625396 ], [ 4.3031381, 43.7621279 ], [ 4.3022886, 43.7621254 ], [ 4.301371, 43.7622894 ], [ 4.3007656, 43.7622606 ], [ 4.2999238, 43.7619944 ], [ 4.2981493, 43.7611192 ], [ 4.2982433, 43.7605546 ], [ 4.2987317, 43.7603517 ], [ 4.2989407, 43.7598228 ], [ 4.2988011, 43.7593609 ], [ 4.2988832, 43.7584942 ], [ 4.2998188, 43.7562241 ], [ 4.2995137, 43.7550352 ], [ 4.2996994, 43.754790899999989 ], [ 4.29997, 43.7546239 ], [ 4.3004811, 43.754499 ], [ 4.3005985, 43.7541448 ], [ 4.3010149, 43.7539445 ], [ 4.3007538, 43.7533843 ], [ 4.3009879, 43.7528685 ], [ 4.3014672, 43.7528718 ], [ 4.3018637, 43.7526168 ], [ 4.3017227, 43.7514404 ], [ 4.3015035, 43.7513018 ], [ 4.300914, 43.7513655 ], [ 4.3006703, 43.7511848 ], [ 4.3003529, 43.7507143 ], [ 4.3001106, 43.7505948 ], [ 4.2995277, 43.7505118 ], [ 4.2992032, 43.7503293 ], [ 4.2988705, 43.749508 ], [ 4.2986155, 43.749485 ], [ 4.2976659, 43.7497141 ], [ 4.2972128, 43.7499859 ], [ 4.2966791, 43.7501056 ], [ 4.2963883, 43.7505312 ], [ 4.2961724, 43.7505922 ], [ 4.2958984, 43.7505523 ], [ 4.2951898, 43.7499605 ], [ 4.2952613, 43.7492801 ], [ 4.295094, 43.7489095 ], [ 4.294928, 43.7487639 ], [ 4.2939472, 43.748268 ], [ 4.2933251, 43.7481494 ], [ 4.292614, 43.7476124 ], [ 4.2917734, 43.7477187 ], [ 4.2901009, 43.7473209 ], [ 4.2904449, 43.7466653 ], [ 4.2907059, 43.7466226 ], [ 4.2913279, 43.7467349 ], [ 4.2917922, 43.7459644 ], [ 4.2927006, 43.7454011 ], [ 4.2945179, 43.7432546 ], [ 4.2949775, 43.7421719 ], [ 4.2934376, 43.741265 ], [ 4.2980066, 43.7403179 ], [ 4.3002829, 43.740307 ], [ 4.3019723, 43.7401437 ], [ 4.3025498, 43.7379219 ], [ 4.3019364, 43.7376908 ], [ 4.3023159, 43.7366432 ], [ 4.3011725, 43.7364148 ], [ 4.2992174, 43.736187 ], [ 4.2966737, 43.7360031 ], [ 4.2950983, 43.7361524 ], [ 4.2932474, 43.7361429 ], [ 4.2928624, 43.7347561 ], [ 4.2908524, 43.7354486 ], [ 4.2898042, 43.7356941 ], [ 4.2880597, 43.7362764 ], [ 4.2853739, 43.7379406 ], [ 4.2850396, 43.7378699 ], [ 4.2845015, 43.7382263 ], [ 4.2812935, 43.743025 ], [ 4.2809753, 43.7432258 ], [ 4.280325, 43.7432361 ], [ 4.2798351, 43.7425318 ], [ 4.2780538, 43.7424213 ], [ 4.275183, 43.7424433 ], [ 4.2743371, 43.7423614 ], [ 4.2738115, 43.7422254 ], [ 4.273321, 43.7419971 ], [ 4.272413, 43.7411338 ], [ 4.2723208, 43.741395 ], [ 4.2717732, 43.7414419 ], [ 4.2711145, 43.7421336 ], [ 4.2702569, 43.7418061 ], [ 4.2699982, 43.7418379 ], [ 4.2691362, 43.742824399999989 ], [ 4.2689088, 43.7427029 ], [ 4.2683111, 43.7430635 ], [ 4.2677677, 43.7431355 ], [ 4.2671732, 43.743533 ], [ 4.2647762, 43.7442665 ], [ 4.2644818, 43.7447649 ], [ 4.2642273, 43.7447057 ], [ 4.2640002, 43.7453834 ], [ 4.2638243, 43.7464708 ], [ 4.2629296, 43.7466539 ], [ 4.2622579, 43.7471585 ], [ 4.2596667, 43.7483837 ], [ 4.2580439, 43.7493933 ], [ 4.2573324, 43.7497255 ], [ 4.2576177, 43.7499418 ], [ 4.2569867, 43.7505466 ], [ 4.2561332, 43.75182 ], [ 4.25587, 43.7524999 ], [ 4.2544148, 43.7550437 ], [ 4.2533061, 43.7561248 ], [ 4.2530413, 43.7559397 ], [ 4.2528776, 43.7559488 ], [ 4.2519146, 43.7568778 ], [ 4.2524965, 43.7572005 ], [ 4.2519065, 43.757759 ], [ 4.2517077, 43.7577541 ], [ 4.2509596, 43.7580093 ], [ 4.250925, 43.7581276 ], [ 4.2501306, 43.7580296 ], [ 4.2497282, 43.7603534 ], [ 4.2459745, 43.7628093 ], [ 4.2453448, 43.763315 ], [ 4.2454485, 43.7634579 ], [ 4.2443906, 43.7645463 ], [ 4.2440141, 43.7648224 ], [ 4.2417875, 43.7673974 ], [ 4.2410724, 43.7679222 ], [ 4.2409806, 43.7681581 ], [ 4.2404087, 43.7684733 ], [ 4.2396319, 43.7667236 ], [ 4.2394448, 43.7654235 ], [ 4.2396148, 43.7646728 ], [ 4.239936, 43.764077799999988 ], [ 4.240903, 43.7615451 ], [ 4.2410787, 43.7605396 ], [ 4.241262, 43.7583452 ], [ 4.2414459, 43.7577797 ], [ 4.241596, 43.7566818 ], [ 4.2419437, 43.7557149 ], [ 4.2418897, 43.7534548 ], [ 4.2416494, 43.7517602 ], [ 4.2415867, 43.7494444 ], [ 4.241665, 43.748819 ], [ 4.2423973, 43.7464086 ], [ 4.2427998, 43.7455076 ], [ 4.2433258, 43.743663 ], [ 4.2435027, 43.7434072 ], [ 4.2440417, 43.7413041 ], [ 4.2448436, 43.7393646 ], [ 4.246111, 43.7354317 ], [ 4.2473187, 43.7338393 ], [ 4.2484941, 43.7320187 ], [ 4.2510202, 43.7298244 ], [ 4.2520877, 43.729094 ], [ 4.2525546, 43.7283714 ], [ 4.2537807, 43.7270082 ], [ 4.254413, 43.7259624 ], [ 4.2551483, 43.7250828 ], [ 4.2553492, 43.7246251 ], [ 4.256123, 43.7245441 ], [ 4.2591114, 43.7238743 ], [ 4.2597117, 43.7238052 ], [ 4.260686, 43.7238677 ], [ 4.2607742, 43.7236462 ], [ 4.26106, 43.7236654 ], [ 4.2612482, 43.7234778 ], [ 4.2619656, 43.7233696 ], [ 4.262268, 43.7231285 ], [ 4.2629202, 43.7231066 ], [ 4.2630535, 43.7229592 ], [ 4.2630562, 43.7227999 ], [ 4.262701, 43.7223937 ], [ 4.2628926, 43.7220207 ], [ 4.2632184, 43.721827 ], [ 4.264722, 43.7214747 ], [ 4.2651509, 43.7212871 ], [ 4.2652622, 43.721158 ], [ 4.2649975, 43.7206913 ], [ 4.2650688, 43.720098299999989 ], [ 4.2648023, 43.7191555 ], [ 4.2646316, 43.7190657 ], [ 4.2642843, 43.7190725 ], [ 4.2638236, 43.718662 ], [ 4.2629873, 43.7186078 ], [ 4.2628059, 43.7185388 ], [ 4.262567, 43.71834 ], [ 4.262343, 43.7178045 ], [ 4.2622169, 43.7177681 ], [ 4.2616163, 43.717879499999988 ], [ 4.2610073, 43.7177785 ], [ 4.2603556, 43.7173136 ], [ 4.2598068, 43.717185 ], [ 4.2554202, 43.7156373 ], [ 4.2538144, 43.715283299999989 ], [ 4.2495252, 43.7134697 ], [ 4.2471488, 43.712309 ], [ 4.2443999, 43.7114702 ], [ 4.2424579, 43.711055099999989 ], [ 4.2410666, 43.7108567 ], [ 4.2392824, 43.7104496 ], [ 4.2366118, 43.710012 ], [ 4.2342605, 43.7098821 ], [ 4.2288759, 43.7102166 ], [ 4.2258843, 43.7106607 ], [ 4.2235234, 43.711301 ], [ 4.2201132, 43.7113771 ], [ 4.2194324, 43.7112714 ], [ 4.2190372, 43.7111264 ], [ 4.2180721, 43.7104892 ], [ 4.2166182, 43.7097937 ], [ 4.215796, 43.7092233 ], [ 4.215186, 43.7091851 ], [ 4.2150635, 43.708615 ], [ 4.215124, 43.7080159 ], [ 4.214946, 43.7072286 ], [ 4.2147418, 43.7053806 ], [ 4.2149494, 43.7048132 ], [ 4.215555, 43.7050017 ], [ 4.2157955, 43.7047038 ], [ 4.2161405, 43.7045308 ], [ 4.2159143, 43.7041643 ], [ 4.2162602, 43.7032749 ], [ 4.2160993, 43.7028852 ], [ 4.2162175, 43.702551 ], [ 4.2161728, 43.7021402 ], [ 4.2163272, 43.701702 ], [ 4.21594, 43.7009918 ], [ 4.2152142, 43.6991712 ], [ 4.2150972, 43.6985678 ], [ 4.2149856, 43.6972236 ], [ 4.2154969, 43.6963603 ], [ 4.2152519, 43.6958024 ], [ 4.2153014, 43.6955039 ], [ 4.2161802, 43.6937825 ], [ 4.216667, 43.6924667 ], [ 4.2178214, 43.6911705 ], [ 4.2182935, 43.690511 ], [ 4.2197234, 43.6895203 ], [ 4.2214165, 43.6888309 ], [ 4.2219873, 43.68873 ], [ 4.222491, 43.6881016 ], [ 4.2230818, 43.6878925 ], [ 4.2231962, 43.6876725 ], [ 4.2231897, 43.6872514 ], [ 4.2230821, 43.6872652 ], [ 4.223135, 43.6869559 ], [ 4.2235723, 43.6865299 ], [ 4.2241046, 43.686253 ], [ 4.2246498, 43.685706 ], [ 4.2248459, 43.6853654 ], [ 4.2250569, 43.6845639 ], [ 4.2250311, 43.6835914 ], [ 4.224636, 43.6819877 ], [ 4.2250153, 43.6801845 ], [ 4.2250087, 43.6797571 ], [ 4.224436, 43.6788357 ], [ 4.224069, 43.6786653 ], [ 4.2230998, 43.677985899999989 ], [ 4.223738, 43.677563 ], [ 4.2241043, 43.6774122 ], [ 4.2236676, 43.676123 ], [ 4.2235218, 43.6751617 ], [ 4.2228712, 43.6731415 ], [ 4.2245832, 43.6610067 ], [ 4.2243169, 43.6607866 ], [ 4.2238833, 43.6597494 ], [ 4.2238033, 43.6593696 ], [ 4.2239077, 43.6589203 ], [ 4.2237584, 43.6588922 ], [ 4.2237823, 43.6587939 ], [ 4.224737, 43.6583998 ], [ 4.2253687, 43.657857199999988 ], [ 4.2266427, 43.6569789 ], [ 4.2281964, 43.6551022 ], [ 4.2284741, 43.6543494 ], [ 4.2285881, 43.6527877 ], [ 4.2287905, 43.651881 ], [ 4.2286426, 43.6500136 ], [ 4.228833, 43.649179 ], [ 4.2290192, 43.6487918 ], [ 4.230764, 43.647918 ], [ 4.2343406, 43.6450968 ], [ 4.2349748, 43.6444525 ], [ 4.2352865, 43.6437335 ], [ 4.2363145, 43.6394005 ], [ 4.2392052, 43.634121199999989 ], [ 4.2392833, 43.6319425 ], [ 4.2365067, 43.6296371 ], [ 4.2355612, 43.6285356 ], [ 4.2342196, 43.626239 ], [ 4.2340042, 43.6262451 ], [ 4.2329834, 43.6257824 ], [ 4.2307799, 43.6245854 ], [ 4.2304429, 43.624123 ], [ 4.2332344, 43.6215555 ], [ 4.2335841, 43.6213977 ], [ 4.2349285, 43.6201531 ], [ 4.2357244, 43.6192046 ], [ 4.236446, 43.6186646 ], [ 4.2366524, 43.618296 ], [ 4.2379935, 43.6169048 ], [ 4.2409979, 43.6139621 ], [ 4.2413351, 43.612774 ], [ 4.2415056, 43.6113232 ], [ 4.2408833, 43.609581 ], [ 4.2413634, 43.6066392 ], [ 4.2416692, 43.6061786 ], [ 4.2410687, 43.6057292 ], [ 4.2416975, 43.6051407 ], [ 4.2421923, 43.6024291 ], [ 4.241252, 43.5994891 ], [ 4.2405498, 43.5985082 ], [ 4.23768, 43.5895161 ], [ 4.2374332, 43.589151799999989 ], [ 4.2376236, 43.5889094 ], [ 4.2379932, 43.5890545 ], [ 4.2386148, 43.5889457 ], [ 4.2402235, 43.5889688 ], [ 4.2403697, 43.5889194 ], [ 4.2467294, 43.5890329 ], [ 4.2515287, 43.5888391 ], [ 4.2517071, 43.5889019 ], [ 4.2546749, 43.5887461 ], [ 4.2607847, 43.5889247 ], [ 4.2656379, 43.5891598 ], [ 4.2651035, 43.5898499 ], [ 4.2621411, 43.5946614 ], [ 4.272279, 43.6047791 ], [ 4.274863, 43.6059265 ], [ 4.2892702, 43.6115461 ], [ 4.3145263, 43.6038731 ], [ 4.3155453, 43.6038289 ], [ 4.3312282, 43.6033975 ], [ 4.355677, 43.608774 ], [ 4.3506367, 43.637520099999989 ], [ 4.3498019, 43.6427474 ], [ 4.3487222, 43.6456819 ], [ 4.3485743, 43.6457701 ], [ 4.3484303, 43.6461247 ], [ 4.3475302, 43.6486952 ], [ 4.3477976, 43.648628 ], [ 4.3491905, 43.6493073 ], [ 4.3504814, 43.6495495 ], [ 4.3587622, 43.651464 ], [ 4.3556757, 43.6563739 ], [ 4.3555396, 43.6564331 ], [ 4.3546347, 43.6575846 ], [ 4.3542473, 43.657504 ], [ 4.352561, 43.6577985 ], [ 4.3513077, 43.6574226 ], [ 4.349783, 43.6603151 ], [ 4.3493543, 43.6613229 ], [ 4.3489773, 43.6617901 ], [ 4.3481614, 43.6634156 ], [ 4.3471764, 43.6650729 ], [ 4.3446013, 43.6689691 ], [ 4.3429021, 43.6729057 ], [ 4.3425826, 43.673294 ], [ 4.3394271, 43.680824 ], [ 4.3394493, 43.6813493 ], [ 4.3397794, 43.682264 ], [ 4.3396896, 43.6824001 ], [ 4.3397184, 43.6843203 ], [ 4.3395321, 43.6861107 ], [ 4.3392603, 43.6865263 ], [ 4.3390713, 43.6871423 ], [ 4.339003, 43.68799 ], [ 4.3382628, 43.6909717 ], [ 4.3390426, 43.6911151 ], [ 4.3389099, 43.6911689 ], [ 4.3385878, 43.6925111 ], [ 4.3386445, 43.6926031 ], [ 4.3391176, 43.6927314 ], [ 4.339177, 43.6928872 ], [ 4.3381323, 43.6963226 ], [ 4.3382782, 43.6974691 ], [ 4.338799, 43.6995848 ], [ 4.3388004, 43.7017159 ], [ 4.3389416, 43.7023945 ], [ 4.3386173, 43.7041237 ], [ 4.3383305, 43.7041164 ], [ 4.3383778, 43.7042788 ], [ 4.3380888, 43.7043903 ], [ 4.3376589, 43.7056339 ], [ 4.33763, 43.7062031 ], [ 4.3374759, 43.7066684 ], [ 4.3374142, 43.7078508 ], [ 4.3371898, 43.7076475 ], [ 4.3361672, 43.7089101 ], [ 4.3368427, 43.7099953 ], [ 4.3371411, 43.7109815 ], [ 4.3369839, 43.712697 ], [ 4.3367776, 43.7127877 ], [ 4.3368567, 43.713574199999989 ], [ 4.3370942, 43.7135416 ], [ 4.3369185, 43.7142556 ], [ 4.3369199, 43.714844199999987 ], [ 4.3370839, 43.7154398 ], [ 4.3373607, 43.7159214 ], [ 4.3372612, 43.7172393 ], [ 4.3364934, 43.7194851 ], [ 4.3355093, 43.7213439 ], [ 4.3351171, 43.7224044 ], [ 4.3349568, 43.7230319 ], [ 4.3349941, 43.7233563 ], [ 4.334668, 43.7244321 ], [ 4.3339957, 43.7278 ], [ 4.3339968, 43.7279026 ], [ 4.3342345, 43.7279833 ], [ 4.3332999, 43.7281379 ], [ 4.3331507, 43.7288174 ], [ 4.3326045, 43.7298266 ], [ 4.3317377, 43.7304987 ], [ 4.331329, 43.7311229 ], [ 4.3307354, 43.7328158 ], [ 4.3302784, 43.7337655 ], [ 4.3293922, 43.7346727 ], [ 4.3287753, 43.734727 ], [ 4.3289208, 43.735273299999989 ] ] ] ] } },
{ "type": "Feature", "properties": { "code_departement": 30.0, "code_rne": "0301098F", "multisecteur": 0.0 }, "geometry": { "type": "MultiPolygon", "coordinates": [ [ [ [ 4.3731651, 43.8364567 ], [ 4.3734426, 43.8362911 ], [ 4.3737088, 43.8363223 ], [ 4.373751, 43.8361052 ], [ 4.3739183, 43.8361746 ], [ 4.3744971, 43.8359629 ], [ 4.3747527, 43.835826 ], [ 4.3748605, 43.8355789 ], [ 4.375086, 43.8356796 ], [ 4.3752947, 43.835573 ], [ 4.375157, 43.8350005 ], [ 4.3756306, 43.8352015 ], [ 4.375997, 43.8352675 ], [ 4.3760839, 43.8351503 ], [ 4.3759718, 43.8348556 ], [ 4.3763463, 43.8349396 ], [ 4.3765134, 43.8348168 ], [ 4.3763504, 43.8343614 ], [ 4.3766294, 43.8343617 ], [ 4.3769174, 43.8344929 ], [ 4.3775193, 43.8343134 ], [ 4.3776522, 43.8340296 ], [ 4.3780499, 43.8338423 ], [ 4.3782183, 43.8339169 ], [ 4.3783644, 43.8338824 ], [ 4.3783095, 43.8336526 ], [ 4.3785674, 43.8335539 ], [ 4.3787427, 43.833611 ], [ 4.378688, 43.8333204 ], [ 4.3789759, 43.8333294 ], [ 4.3790252, 43.8331674 ], [ 4.3795869, 43.8327682 ], [ 4.3796676, 43.8327829 ], [ 4.3797307, 43.8326867 ], [ 4.3799993, 43.8326817 ], [ 4.3802793, 43.8324879 ], [ 4.3804299, 43.8322448 ], [ 4.3803962, 43.832156499999989 ], [ 4.3806127, 43.8320635 ], [ 4.380645, 43.8317824 ], [ 4.3817121, 43.8317978 ], [ 4.3817027, 43.8314043 ], [ 4.3809589, 43.8310751 ], [ 4.3808678, 43.8308621 ], [ 4.3805351, 43.8306501 ], [ 4.3798012, 43.8305748 ], [ 4.3796184, 43.830469099999988 ], [ 4.3793567, 43.8298607 ], [ 4.3781742, 43.8298198 ], [ 4.3778558, 43.8296999 ], [ 4.37746, 43.8294111 ], [ 4.3773355, 43.828955 ], [ 4.3769649, 43.8287414 ], [ 4.3771344, 43.8284522 ], [ 4.3774988, 43.8283292 ], [ 4.3778262, 43.8277823 ], [ 4.3779061, 43.8277742 ], [ 4.3778368, 43.827381 ], [ 4.3781806, 43.827104899999988 ], [ 4.378448, 43.827104 ], [ 4.3785701, 43.8270328 ], [ 4.3788421, 43.8267775 ], [ 4.3787978, 43.8266704 ], [ 4.3789048, 43.8265295 ], [ 4.3791326, 43.8264731 ], [ 4.37923, 43.8263052 ], [ 4.3795773, 43.8263704 ], [ 4.3794769, 43.8261531 ], [ 4.3797194, 43.8261403 ], [ 4.3795482, 43.8258133 ], [ 4.3792448, 43.8255039 ], [ 4.3793231, 43.8254299 ], [ 4.3800449, 43.8253572 ], [ 4.3807283, 43.8250761 ], [ 4.3808213, 43.8248763 ], [ 4.3819819, 43.8249642 ], [ 4.3825183, 43.824809 ], [ 4.3847107, 43.8247443 ], [ 4.3850073, 43.8248788 ], [ 4.3861648, 43.8249658 ], [ 4.3873897, 43.8244782 ], [ 4.3877831, 43.8227967 ], [ 4.3886587, 43.8216442 ], [ 4.3911866, 43.8207688 ], [ 4.3927333, 43.8211556 ], [ 4.3955614, 43.8215104 ], [ 4.3977352, 43.8196223 ], [ 4.3998299, 43.8187515 ], [ 4.3945296, 43.8162284 ], [ 4.395299, 43.8157434 ], [ 4.3958655, 43.8148603 ], [ 4.398162, 43.8152264 ], [ 4.4014373, 43.8163496 ], [ 4.4044541, 43.8179291 ], [ 4.4051871, 43.8179134 ], [ 4.4064291, 43.8183294 ], [ 4.4069744, 43.8186157 ], [ 4.4083959, 43.8201563 ], [ 4.4081562, 43.8213267 ], [ 4.4082378, 43.8215597 ], [ 4.4086728, 43.8219122 ], [ 4.4089746, 43.8224034 ], [ 4.410548, 43.822842 ], [ 4.4116367, 43.8228334 ], [ 4.4118519, 43.8229863 ], [ 4.4123227, 43.8231251 ], [ 4.4146492, 43.8236539 ], [ 4.4143277, 43.8240216 ], [ 4.414614, 43.8243383 ], [ 4.4156729, 43.8260338 ], [ 4.416112, 43.8279038 ], [ 4.4164036, 43.8286812 ], [ 4.4159784, 43.8291861 ], [ 4.4140602, 43.8293465 ], [ 4.4135657, 43.8315919 ], [ 4.4123058, 43.8329583 ], [ 4.4118383, 43.8342163 ], [ 4.4116769, 43.8344272 ], [ 4.4116581, 43.8346704 ], [ 4.4122496, 43.8345874 ], [ 4.4113199, 43.8364798 ], [ 4.4103152, 43.8353261 ], [ 4.4080822, 43.8348936 ], [ 4.407704, 43.8352987 ], [ 4.4057804, 43.8348774 ], [ 4.4052119, 43.836644 ], [ 4.4041191, 43.8371996 ], [ 4.4034254, 43.8378784 ], [ 4.4031471, 43.8378214 ], [ 4.4022985, 43.8370509 ], [ 4.4012955, 43.8363557 ], [ 4.4009684, 43.835972 ], [ 4.399841, 43.8358053 ], [ 4.3991841, 43.8361048 ], [ 4.3989132, 43.8365281 ], [ 4.3984797, 43.8368972 ], [ 4.3978581, 43.836561 ], [ 4.3964544, 43.8367417 ], [ 4.3957407, 43.8364071 ], [ 4.3949177, 43.8367371 ], [ 4.3943086, 43.8366996 ], [ 4.3938015, 43.836558 ], [ 4.3932217, 43.8368289 ], [ 4.3927991, 43.8369029 ], [ 4.3921584, 43.8367627 ], [ 4.3919161, 43.8364933 ], [ 4.3906296, 43.836998 ], [ 4.3904952, 43.8373376 ], [ 4.3898814, 43.8368494 ], [ 4.3895379, 43.8367719 ], [ 4.3888147, 43.8373871 ], [ 4.3891293, 43.837826 ], [ 4.3893526, 43.8379606 ], [ 4.3890557, 43.8386385 ], [ 4.388983, 43.8392768 ], [ 4.3892498, 43.8400523 ], [ 4.389624, 43.8406538 ], [ 4.3896405, 43.8410235 ], [ 4.3895862, 43.8413073 ], [ 4.3893731, 43.8414027 ], [ 4.3891991, 43.8416958 ], [ 4.3887153, 43.8421366 ], [ 4.3880831, 43.8418772 ], [ 4.3876637, 43.8419826 ], [ 4.3872429, 43.8417583 ], [ 4.3870287, 43.8418257 ], [ 4.3866879, 43.8417672 ], [ 4.3866725, 43.8416339 ], [ 4.3865415, 43.8415529 ], [ 4.3862048, 43.8415975 ], [ 4.3860926, 43.8414846 ], [ 4.3858311, 43.8416824 ], [ 4.3857716, 43.841583 ], [ 4.3855344, 43.8415496 ], [ 4.3852903, 43.8418552 ], [ 4.3849945, 43.8415043 ], [ 4.3842304, 43.8419232 ], [ 4.3840606, 43.8413923 ], [ 4.3838819, 43.8413323 ], [ 4.3835814, 43.8414818 ], [ 4.3833806, 43.8413582 ], [ 4.3831471, 43.8411887 ], [ 4.3830027, 43.8407104 ], [ 4.3825711, 43.8410168 ], [ 4.3822852, 43.8409358 ], [ 4.3820765, 43.840737 ], [ 4.3820784, 43.840488699999987 ], [ 4.3817352, 43.8406369 ], [ 4.3815441, 43.8406406 ], [ 4.3814126, 43.8405232 ], [ 4.3812045, 43.8406029 ], [ 4.3811801, 43.8404405 ], [ 4.3809327, 43.8404944 ], [ 4.3809453, 43.8402506 ], [ 4.3807164, 43.8403619 ], [ 4.3805779, 43.8401898 ], [ 4.3803602, 43.8401979 ], [ 4.3801414, 43.840043 ], [ 4.380052, 43.8400685 ], [ 4.3799663, 43.8399527 ], [ 4.3798181, 43.8399788 ], [ 4.3794826, 43.8398234 ], [ 4.3791262, 43.8399247 ], [ 4.3790209, 43.8396527 ], [ 4.3787794, 43.8396076 ], [ 4.378101, 43.8392268 ], [ 4.3778708, 43.8394664 ], [ 4.3775917, 43.839388799999988 ], [ 4.3774043, 43.8395963 ], [ 4.377615, 43.8398765 ], [ 4.3773559, 43.8399577 ], [ 4.3774104, 43.8401197 ], [ 4.3771913, 43.8403044 ], [ 4.3772776, 43.8403998 ], [ 4.377203, 43.840563 ], [ 4.3770848, 43.8405883 ], [ 4.3772296, 43.8407015 ], [ 4.377079, 43.840737 ], [ 4.3771412, 43.8408335 ], [ 4.376995, 43.840969 ], [ 4.3769345, 43.8412384 ], [ 4.3768415, 43.8412607 ], [ 4.3769079, 43.841325 ], [ 4.3768584, 43.8415364 ], [ 4.3767601, 43.8415746 ], [ 4.3764804, 43.8421519 ], [ 4.376369, 43.8415994 ], [ 4.3761797, 43.8414994 ], [ 4.3758633, 43.8414597 ], [ 4.375709, 43.8415735 ], [ 4.3754835, 43.8413345 ], [ 4.3752339, 43.841357 ], [ 4.3746019, 43.8411701 ], [ 4.3736405, 43.841350399999989 ], [ 4.3737623, 43.8403856 ], [ 4.3733712, 43.8397752 ], [ 4.3733028, 43.8394968 ], [ 4.3734082, 43.8392661 ], [ 4.3729099, 43.8388398 ], [ 4.3727996, 43.8386403 ], [ 4.3726472, 43.8385849 ], [ 4.3725255, 43.838397 ], [ 4.3726049, 43.8380793 ], [ 4.3722076, 43.8378843 ], [ 4.3720622, 43.837259499999988 ], [ 4.3715942, 43.8370546 ], [ 4.3714193, 43.8367954 ], [ 4.3721575, 43.8368306 ], [ 4.3723573, 43.8370628 ], [ 4.3724537, 43.8370467 ], [ 4.3724752, 43.8367651 ], [ 4.3726099, 43.8365563 ], [ 4.372785, 43.836647299999989 ], [ 4.3729812, 43.8363299 ], [ 4.3731651, 43.8364567 ] ] ], [ [ [ 4.3585612, 43.8359419 ], [ 4.3583367, 43.8357844 ], [ 4.3584842, 43.8355609 ], [ 4.3584687, 43.8354257 ], [ 4.3588935, 43.8354367 ], [ 4.3588334, 43.83585 ], [ 4.3585612, 43.8359419 ] ] ] ] } },
{ "type": "Feature", "properties": { "code_departement": 30.0, "code_rne": "0301208A", "multisecteur": 0.0 }, "geometry": { "type": "MultiPolygon", "coordinates": [ [ [ [ 4.6068891, 43.8214225 ], [ 4.6087821, 43.8184169 ], [ 4.6106527, 43.8186639 ], [ 4.6110645, 43.8189749 ], [ 4.6113427, 43.8190616 ], [ 4.6140461, 43.8181499 ], [ 4.6142636, 43.8177354 ], [ 4.6155259, 43.8177084 ], [ 4.6172751, 43.817306 ], [ 4.617915, 43.8173087 ], [ 4.6181149, 43.8169468 ], [ 4.6188927, 43.8167645 ], [ 4.6192055, 43.8162746 ], [ 4.6199756, 43.8157922 ], [ 4.6204443, 43.815861 ], [ 4.6208269, 43.8150584 ], [ 4.6210219, 43.8148503 ], [ 4.6219463, 43.8147533 ], [ 4.6223617, 43.8147901 ], [ 4.6228162, 43.8145953 ], [ 4.622984, 43.8146214 ], [ 4.6233526, 43.8142116 ], [ 4.6238719, 43.8140191 ], [ 4.6242189, 43.8137499 ], [ 4.6246247, 43.8138026 ], [ 4.6248189, 43.8137107 ], [ 4.6250382, 43.8134232 ], [ 4.6252885, 43.813592 ], [ 4.6257537, 43.813554599999989 ], [ 4.6257648, 43.8134159 ], [ 4.6260667, 43.8132526 ], [ 4.6264961, 43.8132329 ], [ 4.6267765, 43.8130634 ], [ 4.6270806, 43.8131839 ], [ 4.6272343, 43.8130429 ], [ 4.6276574, 43.8129901 ], [ 4.6277224, 43.812877 ], [ 4.6280933, 43.8127285 ], [ 4.6285181, 43.8123672 ], [ 4.628795, 43.8117978 ], [ 4.6284013, 43.8112813 ], [ 4.6289186, 43.8108218 ], [ 4.6284742, 43.8101214 ], [ 4.6286475, 43.8099081 ], [ 4.6285796, 43.8092447 ], [ 4.6283948, 43.808886 ], [ 4.6279613, 43.808379 ], [ 4.6281347, 43.8079512 ], [ 4.6277844, 43.8063001 ], [ 4.6297327, 43.8063824 ], [ 4.6298581, 43.8065449 ], [ 4.6311857, 43.8073789 ], [ 4.6321378, 43.8074799 ], [ 4.6334774, 43.8070809 ], [ 4.6337885, 43.8071412 ], [ 4.6343579, 43.8071138 ], [ 4.634781, 43.8069193 ], [ 4.6353979, 43.8068288 ], [ 4.6361477, 43.8064827 ], [ 4.6370494, 43.8066541 ], [ 4.637742, 43.8065864 ], [ 4.6383934, 43.8061529 ], [ 4.6380343, 43.8055553 ], [ 4.6377961, 43.8054827 ], [ 4.637498, 43.8052232 ], [ 4.6375039, 43.8050929 ], [ 4.6372541, 43.8051674 ], [ 4.6370589, 43.8051128 ], [ 4.6368165, 43.8048867 ], [ 4.636661, 43.8049442 ], [ 4.6363875, 43.8047625 ], [ 4.6363674, 43.804448 ], [ 4.6360308, 43.8041728 ], [ 4.6358237, 43.803656 ], [ 4.6353369, 43.8035735 ], [ 4.6351992, 43.8032277 ], [ 4.6358378, 43.8016462 ], [ 4.6358539, 43.8013259 ], [ 4.6354142, 43.8010981 ], [ 4.6336122, 43.8015788 ], [ 4.6326161, 43.8010745 ], [ 4.6325311, 43.800244899999988 ], [ 4.6327446, 43.7999668 ], [ 4.63191, 43.799559 ], [ 4.6316759, 43.7988362 ], [ 4.6320518, 43.7982334 ], [ 4.6320373, 43.7979458 ], [ 4.6323335, 43.7976342 ], [ 4.6328698, 43.7974745 ], [ 4.6327337, 43.7968353 ], [ 4.6313733, 43.7962361 ], [ 4.6308053, 43.7965042 ], [ 4.6296545, 43.7963985 ], [ 4.6312203, 43.7947394 ], [ 4.6318777, 43.7944706 ], [ 4.6318222, 43.7942209 ], [ 4.6320692, 43.7933844 ], [ 4.6303121, 43.7920201 ], [ 4.6300028, 43.7919909 ], [ 4.6292421, 43.7907958 ], [ 4.6295921, 43.789684 ], [ 4.6292893, 43.7892354 ], [ 4.6286952, 43.7888513 ], [ 4.6291494, 43.7876326 ], [ 4.629325, 43.7863995 ], [ 4.6289267, 43.7859302 ], [ 4.6260326, 43.7850604 ], [ 4.6297328, 43.7837565 ], [ 4.6297921, 43.7836478 ], [ 4.6292172, 43.7826504 ], [ 4.6249767, 43.7832117 ], [ 4.6240588, 43.7811412 ], [ 4.6229147, 43.7805936 ], [ 4.6230114, 43.7787425 ], [ 4.6231324, 43.7784713 ], [ 4.6206314, 43.7759929 ], [ 4.6203153, 43.7759439 ], [ 4.6201568, 43.7739983 ], [ 4.620614, 43.7734579 ], [ 4.6199102, 43.7716188 ], [ 4.6193694, 43.7714347 ], [ 4.6186516, 43.7702977 ], [ 4.6173376, 43.7693574 ], [ 4.6181431, 43.7682159 ], [ 4.6177099, 43.7670745 ], [ 4.6158743, 43.7656069 ], [ 4.6279362, 43.7560398 ], [ 4.6282389, 43.757238 ], [ 4.6282736, 43.7578018 ], [ 4.6289505, 43.7597277 ], [ 4.6294986, 43.760876 ], [ 4.6297887, 43.7617744 ], [ 4.6303158, 43.7625793 ], [ 4.6315084, 43.7635083 ], [ 4.632537, 43.7641292 ], [ 4.6328881, 43.7645524 ], [ 4.6330969, 43.7650776 ], [ 4.6335654, 43.7656988 ], [ 4.6335743, 43.7659651 ], [ 4.6338186, 43.7663458 ], [ 4.6349107, 43.7674022 ], [ 4.6365268, 43.7686723 ], [ 4.6370533, 43.7692746 ], [ 4.6394166, 43.7713893 ], [ 4.6396101, 43.7717689 ], [ 4.6397205, 43.7724153 ], [ 4.6414139, 43.7733835 ], [ 4.6427599, 43.7739302 ], [ 4.6430417, 43.7741834 ], [ 4.6434581, 43.7748836 ], [ 4.6441947, 43.7755773 ], [ 4.6456667, 43.7768305 ], [ 4.6476261, 43.7782697 ], [ 4.647928, 43.778700799999989 ], [ 4.6488395, 43.7795088 ], [ 4.6492629, 43.7800208 ], [ 4.649325, 43.7803223 ], [ 4.6501115, 43.781188 ], [ 4.6509935, 43.7820468 ], [ 4.6512526, 43.782113 ], [ 4.6515717, 43.782497 ], [ 4.6515674, 43.7828643 ], [ 4.6520002, 43.7842997 ], [ 4.6519634, 43.7858637 ], [ 4.6523403, 43.7870415 ], [ 4.6525206, 43.7873025 ], [ 4.6529173, 43.7890346 ], [ 4.6531267, 43.7890575 ], [ 4.653514, 43.7946753 ], [ 4.6533204, 43.7949437 ], [ 4.65346, 43.7949596 ], [ 4.6535465, 43.7951986 ], [ 4.6535846, 43.7962583 ], [ 4.6538884, 43.7967515 ], [ 4.6539492, 43.7975642 ], [ 4.6541322, 43.7976191 ], [ 4.6546368, 43.7983972 ], [ 4.6547562, 43.8003323 ], [ 4.6546559, 43.8003861 ], [ 4.654635, 43.8010389 ], [ 4.6550117, 43.8028046 ], [ 4.6549695, 43.8034956 ], [ 4.6546362, 43.8040857 ], [ 4.654519, 43.8041181 ], [ 4.6545514, 43.8045514 ], [ 4.654364, 43.8046893 ], [ 4.6543571, 43.8048352 ], [ 4.6545218, 43.8051585 ], [ 4.6545672, 43.8063414 ], [ 4.6548846, 43.8070873 ], [ 4.6552575, 43.807304 ], [ 4.6552356, 43.8074933 ], [ 4.6546367, 43.8085285 ], [ 4.6535341, 43.8129493 ], [ 4.6530503, 43.8143167 ], [ 4.6522959, 43.8158232 ], [ 4.6521027, 43.81671 ], [ 4.6516156, 43.8177903 ], [ 4.6515587, 43.8181035 ], [ 4.6492382, 43.8206985 ], [ 4.6491316, 43.8209251 ], [ 4.6480756, 43.821942 ], [ 4.6479018, 43.8232866 ], [ 4.6471764, 43.8243003 ], [ 4.6467761, 43.8255089 ], [ 4.6461769, 43.8255539 ], [ 4.6456079, 43.8254824 ], [ 4.6447979, 43.8255027 ], [ 4.644466, 43.8254186 ], [ 4.643724, 43.8273713 ], [ 4.6424837, 43.8300273 ], [ 4.6423319, 43.8310638 ], [ 4.6433452, 43.8330944 ], [ 4.6455425, 43.8353439 ], [ 4.6480794, 43.8366477 ], [ 4.6484431, 43.836925699999988 ], [ 4.6509956, 43.8383345 ], [ 4.6499304, 43.8391679 ], [ 4.651982, 43.8400639 ], [ 4.6527958, 43.8402964 ], [ 4.6581187, 43.8412508 ], [ 4.661819, 43.8423403 ], [ 4.6635345, 43.8430423 ], [ 4.6654931, 43.8439359 ], [ 4.6658622, 43.8441805 ], [ 4.6664604, 43.845247 ], [ 4.6667613, 43.846611499999987 ], [ 4.6667192, 43.8470415 ], [ 4.6660879, 43.8491502 ], [ 4.6659787, 43.8498836 ], [ 4.6657089, 43.8504422 ], [ 4.6652853, 43.8509744 ], [ 4.6644457, 43.851611 ], [ 4.6629835, 43.8524442 ], [ 4.6622767, 43.8527323 ], [ 4.66143, 43.852873 ], [ 4.6602276, 43.8532297 ], [ 4.6587983, 43.8533118 ], [ 4.657473, 43.8532041 ], [ 4.6559263, 43.8527973 ], [ 4.6545646, 43.852295 ], [ 4.6515844, 43.852423 ], [ 4.6490614, 43.8517168 ], [ 4.6476373, 43.851200899999988 ], [ 4.6450571, 43.8498879 ], [ 4.6412563, 43.8511072 ], [ 4.6430396, 43.8545979 ], [ 4.644004, 43.8548273 ], [ 4.6447253, 43.855170199999989 ], [ 4.6452167, 43.8554724 ], [ 4.6460398, 43.8561531 ], [ 4.647311, 43.8567532 ], [ 4.6477047, 43.8573782 ], [ 4.6479699, 43.8583788 ], [ 4.6483789, 43.8590144 ], [ 4.6481353, 43.8598866 ], [ 4.6475943, 43.860668 ], [ 4.646893, 43.8610675 ], [ 4.644466, 43.862149099999989 ], [ 4.6432259, 43.8631525 ], [ 4.6430538, 43.8634413 ], [ 4.643239, 43.8643863 ], [ 4.6431579, 43.864681 ], [ 4.6423197, 43.8655559 ], [ 4.6422136, 43.865544 ], [ 4.6420761, 43.8663013 ], [ 4.6421555, 43.8665521 ], [ 4.6420764, 43.8675254 ], [ 4.6383723, 43.8810064 ], [ 4.6402549, 43.8911792 ], [ 4.638076, 43.8912398 ], [ 4.6335343, 43.8877659 ], [ 4.6302797, 43.8882907 ], [ 4.6277409, 43.8882098 ], [ 4.6243803, 43.886367799999988 ], [ 4.6251495, 43.8819088 ], [ 4.623629, 43.8817847 ], [ 4.624026, 43.8788085 ], [ 4.6210271, 43.8786379 ], [ 4.6152906, 43.8655777 ], [ 4.6123957, 43.8628086 ], [ 4.6094692, 43.8627456 ], [ 4.60912, 43.8628021 ], [ 4.6088596, 43.8627456 ], [ 4.6067986, 43.862713799999987 ], [ 4.6066808, 43.8609586 ], [ 4.608856, 43.8612902 ], [ 4.6092384, 43.8612638 ], [ 4.6111511, 43.860493 ], [ 4.6121728, 43.8599325 ], [ 4.6130816, 43.8592971 ], [ 4.6126827, 43.8590041 ], [ 4.6129316, 43.8588771 ], [ 4.6134496, 43.858277199999989 ], [ 4.6138923, 43.8574795 ], [ 4.6139589, 43.8556549 ], [ 4.6136167, 43.8549002 ], [ 4.6127061, 43.8541477 ], [ 4.6126869, 43.8538636 ], [ 4.6127528, 43.8536889 ], [ 4.6132525, 43.8533251 ], [ 4.6141767, 43.8529288 ], [ 4.6141984, 43.8526855 ], [ 4.6148349, 43.8519659 ], [ 4.6152143, 43.8513077 ], [ 4.6155438, 43.8509545 ], [ 4.6155302, 43.8503417 ], [ 4.615438, 43.8502477 ], [ 4.6154998, 43.8501901 ], [ 4.6152375, 43.8495792 ], [ 4.6153165, 43.8491595 ], [ 4.6149951, 43.8486602 ], [ 4.6140527, 43.8480089 ], [ 4.613542, 43.847895 ], [ 4.6119956, 43.8473076 ], [ 4.6113313, 43.8472112 ], [ 4.6108412, 43.846988 ], [ 4.6106389, 43.8466084 ], [ 4.6105899, 43.8459278 ], [ 4.6126508, 43.8450936 ], [ 4.6146858, 43.8446674 ], [ 4.6167973, 43.8439116 ], [ 4.6185071, 43.8431157 ], [ 4.6193749, 43.8424026 ], [ 4.6197726, 43.8423931 ], [ 4.6201582, 43.8422667 ], [ 4.6201916, 43.8418207 ], [ 4.6203296, 43.8416872 ], [ 4.6204907, 43.841667699999988 ], [ 4.6207172, 43.8407535 ], [ 4.6205492, 43.840747 ], [ 4.6200981, 43.8405421 ], [ 4.6208425, 43.8392529 ], [ 4.6210806, 43.8374312 ], [ 4.6143315, 43.8382892 ], [ 4.613125, 43.8373556 ], [ 4.6109714, 43.8365207 ], [ 4.6099239, 43.8365461 ], [ 4.6095228, 43.8367446 ], [ 4.6092195, 43.8367914 ], [ 4.6087418, 43.8373583 ], [ 4.6082812, 43.837519 ], [ 4.6076056, 43.8374164 ], [ 4.6068676, 43.8374399 ], [ 4.6056483, 43.8372382 ], [ 4.6046246, 43.8367844 ], [ 4.6040587, 43.836646 ], [ 4.6037375, 43.8370764 ], [ 4.6028815, 43.8371916 ], [ 4.6023557, 43.8373758 ], [ 4.6006443, 43.8377186 ], [ 4.5998452, 43.8381804 ], [ 4.5986616, 43.8383661 ], [ 4.5983883, 43.8386869 ], [ 4.5982575, 43.8387221 ], [ 4.5981275, 43.8381192 ], [ 4.5975433, 43.8381295 ], [ 4.5967431, 43.8382844 ], [ 4.5957087, 43.8382932 ], [ 4.5962033, 43.8367234 ], [ 4.5963722, 43.8357353 ], [ 4.5959444, 43.8339963 ], [ 4.5960823, 43.8325245 ], [ 4.5958277, 43.8324004 ], [ 4.5921817, 43.8316292 ], [ 4.5917581, 43.8314203 ], [ 4.5915118, 43.8311925 ], [ 4.5912976, 43.8304207 ], [ 4.5911599, 43.8290897 ], [ 4.5909489, 43.8285689 ], [ 4.5910684, 43.8284844 ], [ 4.5902549, 43.8271299 ], [ 4.5897918, 43.8257667 ], [ 4.5895122, 43.8240274 ], [ 4.5895055, 43.8235648 ], [ 4.5895969, 43.8234987 ], [ 4.5895191, 43.8227589 ], [ 4.5914591, 43.8221551 ], [ 4.5928012, 43.821338 ], [ 4.5952962, 43.8223075 ], [ 4.6028751, 43.8224527 ], [ 4.6045586, 43.8219027 ], [ 4.6047769, 43.821773 ], [ 4.6068891, 43.8214225 ] ], [ [ 4.6392868, 43.803196 ], [ 4.6402259, 43.8034738 ], [ 4.6406774, 43.8030436 ], [ 4.641575, 43.8026872 ], [ 4.6414145, 43.8020563 ], [ 4.6411275, 43.8019419 ], [ 4.6411637, 43.8017842 ], [ 4.640832, 43.8015674 ], [ 4.6409402, 43.8012735 ], [ 4.640507, 43.8011146 ], [ 4.6400027, 43.8012282 ], [ 4.6399261, 43.8013598 ], [ 4.6395625, 43.8014853 ], [ 4.639596, 43.801652 ], [ 4.6393017, 43.8017323 ], [ 4.6387841, 43.8021213 ], [ 4.6387558, 43.8022526 ], [ 4.6389128, 43.8024742 ], [ 4.638937, 43.8031611 ], [ 4.6392868, 43.803196 ] ], [ [ 4.6343219, 43.8091448 ], [ 4.6350936, 43.8095447 ], [ 4.6351167, 43.8088203 ], [ 4.6344098, 43.8086833 ], [ 4.6342594, 43.8087396 ], [ 4.6343219, 43.8091448 ] ] ], [ [ [ 4.6668955, 43.9524618 ], [ 4.6671017, 43.952028 ], [ 4.6669419, 43.9516338 ], [ 4.6666912, 43.9513554 ], [ 4.666553, 43.9495011 ], [ 4.6687482, 43.9500685 ], [ 4.6719427, 43.9507637 ], [ 4.6708472, 43.95074 ], [ 4.6694341, 43.9524818 ], [ 4.6689265, 43.9547694 ], [ 4.6654455, 43.9539975 ], [ 4.6656065, 43.9552926 ], [ 4.6670757, 43.9564911 ], [ 4.6641343, 43.9550952 ], [ 4.6647142, 43.9548455 ], [ 4.665056, 43.9538534 ], [ 4.6649456, 43.9537416 ], [ 4.6652256, 43.9533729 ], [ 4.6655209, 43.9531444 ], [ 4.6661115, 43.9529051 ], [ 4.666872, 43.952956199999988 ], [ 4.6668955, 43.9524618 ] ] ], [ [ [ 4.6552062, 43.9566318 ], [ 4.6515791, 43.9548372 ], [ 4.6566335, 43.955614 ], [ 4.6569225, 43.9543639 ], [ 4.6574921, 43.9541669 ], [ 4.6584222, 43.9559455 ], [ 4.6582359, 43.9562985 ], [ 4.6585995, 43.9568304 ], [ 4.6585814, 43.9569577 ], [ 4.6586761, 43.9570479 ], [ 4.6592824, 43.9570241 ], [ 4.6591354, 43.9574351 ], [ 4.6599571, 43.9585702 ], [ 4.6598838, 43.95865 ], [ 4.6599738, 43.959405499999988 ], [ 4.6598606, 43.9600241 ], [ 4.6601105, 43.9602364 ], [ 4.66051, 43.960198 ], [ 4.6608723, 43.9602759 ], [ 4.6603073, 43.9603676 ], [ 4.6603282, 43.9608455 ], [ 4.6600153, 43.9610175 ], [ 4.6589416, 43.9606739 ], [ 4.6576277, 43.9607465 ], [ 4.6573197, 43.9601681 ], [ 4.6575889, 43.9599249 ], [ 4.6581448, 43.9585973 ], [ 4.6582808, 43.9584504 ], [ 4.6580429, 43.9583948 ], [ 4.6562569, 43.9589155 ], [ 4.6560706, 43.958712 ], [ 4.6552461, 43.9582915 ], [ 4.6557665, 43.9575091 ], [ 4.6566312, 43.9571172 ], [ 4.6565782, 43.9570227 ], [ 4.6563051, 43.9569554 ], [ 4.6558855, 43.956701699999989 ], [ 4.6553838, 43.9570891 ], [ 4.6549578, 43.957202 ], [ 4.6552062, 43.9566318 ] ], [ [ 4.658229, 43.9563078 ], [ 4.6574861, 43.9567343 ], [ 4.6576013, 43.9571585 ], [ 4.6581585, 43.9568146 ], [ 4.658229, 43.9563078 ] ], [ [ 4.6568275, 43.9577397 ], [ 4.6567306, 43.9575673 ], [ 4.6563027, 43.9579515 ], [ 4.6568275, 43.9577397 ] ] ], [ [ [ 4.6619205, 43.9566247 ], [ 4.6663098, 43.9577772 ], [ 4.6636555, 43.9561593 ], [ 4.66368, 43.9559668 ], [ 4.6652168, 43.9563357 ], [ 4.6682263, 43.957686 ], [ 4.6678334, 43.9593998 ], [ 4.6676855, 43.9594651 ], [ 4.6666387, 43.9594752 ], [ 4.6623157, 43.957367 ], [ 4.6620881, 43.957133 ], [ 4.6619205, 43.9566247 ] ] ], [ [ [ 4.6662254, 43.9595261 ], [ 4.6648232, 43.9597921 ], [ 4.6620284, 43.958883799999988 ], [ 4.661341, 43.9584207 ], [ 4.6622703, 43.9582986 ], [ 4.6662254, 43.9595261 ] ] ], [ [ [ 4.6624952, 43.9601997 ], [ 4.6618454, 43.960376499999988 ], [ 4.6605206, 43.9589247 ], [ 4.6613169, 43.9592405 ], [ 4.6624952, 43.9601997 ] ] ] ] } },
{ "type": "Feature", "properties": { "code_departement": 30.0, "code_rne": "0301209B", "multisecteur": 0.0 }, "geometry": { "type": "MultiPolygon", "coordinates": [ [ [ [ 4.3980564, 43.8135103 ], [ 4.3948833, 43.8114232 ], [ 4.3916164, 43.809867399999987 ], [ 4.3907822, 43.8093461 ], [ 4.3895868, 43.8084317 ], [ 4.3883894, 43.8071293 ], [ 4.3878141, 43.8062627 ], [ 4.3874216, 43.8051939 ], [ 4.3864856, 43.8040583 ], [ 4.3853641, 43.8030592 ], [ 4.3840921, 43.8022599 ], [ 4.3807193, 43.8007573 ], [ 4.3801327, 43.800601799999988 ], [ 4.3789415, 43.8004684 ], [ 4.3775919, 43.8004612 ], [ 4.3746414, 43.802096 ], [ 4.3739246, 43.8020015 ], [ 4.3740918, 43.8016142 ], [ 4.3752998, 43.8000194 ], [ 4.3698447, 43.797686 ], [ 4.3682028, 43.7973547 ], [ 4.3672893, 43.7970844 ], [ 4.3665709, 43.796762199999989 ], [ 4.3660058, 43.7963598 ], [ 4.3671195, 43.7961154 ], [ 4.3674693, 43.7959329 ], [ 4.368475, 43.7951228 ], [ 4.3687991, 43.7942853 ], [ 4.3691367, 43.7938554 ], [ 4.3696572, 43.793541 ], [ 4.3705392, 43.7933257 ], [ 4.3711009, 43.793070199999988 ], [ 4.3722243, 43.792147 ], [ 4.37244, 43.7917123 ], [ 4.3734491, 43.791723 ], [ 4.3754891, 43.7920303 ], [ 4.3762528, 43.7920656 ], [ 4.3786645, 43.7918633 ], [ 4.3788056, 43.7914808 ], [ 4.3793364, 43.7908737 ], [ 4.3799124, 43.7904407 ], [ 4.3804262, 43.7902137 ], [ 4.3806304, 43.7881222 ], [ 4.3805442, 43.7875869 ], [ 4.3803073, 43.7869869 ], [ 4.3802157, 43.7862779 ], [ 4.3802862, 43.7853383 ], [ 4.3813055, 43.7830997 ], [ 4.3823624, 43.7816517 ], [ 4.383368, 43.7819341 ], [ 4.3843365, 43.7826868 ], [ 4.387443, 43.7833376 ], [ 4.38849, 43.7839939 ], [ 4.3904519, 43.7847735 ], [ 4.3909716, 43.7848443 ], [ 4.3915634, 43.7847593 ], [ 4.3945733, 43.7807266 ], [ 4.3969946, 43.7780414 ], [ 4.3985597, 43.7767712 ], [ 4.4005427, 43.7756271 ], [ 4.4013217, 43.7750797 ], [ 4.4038279, 43.7727876 ], [ 4.4048765, 43.7713358 ], [ 4.4134333, 43.7738244 ], [ 4.4159352, 43.7742941 ], [ 4.4171044, 43.77426 ], [ 4.4178741, 43.7740925 ], [ 4.4188855, 43.7733566 ], [ 4.4192675, 43.7728323 ], [ 4.4195727, 43.7722713 ], [ 4.4204199, 43.7711244 ], [ 4.4209739, 43.7701254 ], [ 4.4216104, 43.7686509 ], [ 4.422368, 43.7676015 ], [ 4.4252792, 43.7643676 ], [ 4.4263258, 43.7633594 ], [ 4.4277805, 43.7621865 ], [ 4.4282748, 43.7611423 ], [ 4.4292056, 43.7597774 ], [ 4.431941, 43.7567426 ], [ 4.4324855, 43.7569695 ], [ 4.4326784, 43.7563918 ], [ 4.4331273, 43.7563661 ], [ 4.4335885, 43.7557949 ], [ 4.4343211, 43.7553973 ], [ 4.4347005, 43.7550278 ], [ 4.4354837, 43.753681 ], [ 4.4363343, 43.7515557 ], [ 4.4365894, 43.7509871 ], [ 4.4369337, 43.750556 ], [ 4.4371142, 43.7500343 ], [ 4.4393529, 43.747374 ], [ 4.4410246, 43.7465104 ], [ 4.4412131, 43.7463054 ], [ 4.4412955, 43.7460289 ], [ 4.4448665, 43.7472299 ], [ 4.4452276, 43.7472755 ], [ 4.4532228, 43.7500104 ], [ 4.4551235, 43.7560133 ], [ 4.4551652, 43.7568219 ], [ 4.455425, 43.7570803 ], [ 4.4556183, 43.759356499999988 ], [ 4.4559563, 43.7613204 ], [ 4.4557555, 43.7641662 ], [ 4.4568935, 43.7647684 ], [ 4.4635148, 43.767665 ], [ 4.4662778, 43.7719209 ], [ 4.4665405, 43.7725267 ], [ 4.4685314, 43.7745556 ], [ 4.4709356, 43.777288 ], [ 4.4668433, 43.7796859 ], [ 4.4626633, 43.793239 ], [ 4.4624194, 43.7938075 ], [ 4.4622183, 43.7946922 ], [ 4.4606205, 43.7994613 ], [ 4.4594878, 43.8031837 ], [ 4.459459, 43.8039536 ], [ 4.4592822, 43.804867699999988 ], [ 4.4581969, 43.8060208 ], [ 4.4578197, 43.806727 ], [ 4.4577142, 43.8066366 ], [ 4.456304, 43.808406 ], [ 4.455605, 43.8085324 ], [ 4.4533839, 43.8112621 ], [ 4.4522222, 43.8141163 ], [ 4.4522279, 43.8143881 ], [ 4.4528265, 43.8146636 ], [ 4.4531363, 43.8153615 ], [ 4.4531764, 43.8160594 ], [ 4.4531051, 43.8169676 ], [ 4.4526659, 43.8193478 ], [ 4.452809, 43.8203836 ], [ 4.452846, 43.8221337 ], [ 4.4523007, 43.824644 ], [ 4.4550017, 43.8286312 ], [ 4.4550003, 43.8302396 ], [ 4.4450461, 43.831254 ], [ 4.4405739, 43.8317983 ], [ 4.4314531, 43.8327024 ], [ 4.4271935, 43.8331011 ], [ 4.4229454, 43.8333672 ], [ 4.4145271, 43.8342931 ], [ 4.4116581, 43.8346704 ], [ 4.4116769, 43.8344272 ], [ 4.4124308, 43.8327811 ], [ 4.4164036, 43.8286812 ], [ 4.416112, 43.8279038 ], [ 4.4156729, 43.8260338 ], [ 4.414614, 43.8243383 ], [ 4.4143277, 43.8240216 ], [ 4.4146492, 43.8236539 ], [ 4.4123227, 43.8231251 ], [ 4.4118519, 43.8229863 ], [ 4.4116367, 43.8228334 ], [ 4.410548, 43.822842 ], [ 4.4089746, 43.8224034 ], [ 4.4086728, 43.8219122 ], [ 4.4082378, 43.8215597 ], [ 4.4081562, 43.8213267 ], [ 4.4083959, 43.8201563 ], [ 4.4069744, 43.8186157 ], [ 4.4064291, 43.8183294 ], [ 4.4054533, 43.8179711 ], [ 4.4051197, 43.8179016 ], [ 4.4044541, 43.8179291 ], [ 4.4017548, 43.8165328 ], [ 4.3990655, 43.814824 ], [ 4.3987617, 43.8144489 ], [ 4.3986961, 43.8137505 ], [ 4.3980564, 43.8135103 ] ] ] ] } },
{ "type": "Feature", "properties": { "code_departement": 30.0, "code_rne": "0301211D", "multisecteur": 0.0 }, "geometry": { "type": "MultiPolygon", "coordinates": [ [ [ [ 4.6056028, 44.1415799 ], [ 4.6055905, 44.1414892 ], [ 4.6075439, 44.1411557 ], [ 4.6082408, 44.1409573 ], [ 4.6088531, 44.140681 ], [ 4.6102985, 44.1403365 ], [ 4.611746, 44.1383482 ], [ 4.6123506, 44.137846 ], [ 4.6130146, 44.137721 ], [ 4.6135163, 44.1374715 ], [ 4.6136233, 44.1368811 ], [ 4.613567, 44.1363517 ], [ 4.6144514, 44.1362424 ], [ 4.6146432, 44.134457 ], [ 4.6151529, 44.134312699999988 ], [ 4.6150545, 44.1327864 ], [ 4.6180242, 44.1316812 ], [ 4.6187124, 44.1317962 ], [ 4.6194149, 44.1317066 ], [ 4.6201987, 44.1314916 ], [ 4.6210963, 44.131101099999988 ], [ 4.6221737, 44.1301804 ], [ 4.6227034, 44.1299979 ], [ 4.623419, 44.1299324 ], [ 4.6247566, 44.1293284 ], [ 4.6265243, 44.1289889 ], [ 4.6271346, 44.1287403 ], [ 4.628378, 44.1279459 ], [ 4.6289551, 44.1271496 ], [ 4.6291347, 44.1264393 ], [ 4.629106, 44.1260895 ], [ 4.6293811, 44.1257487 ], [ 4.629223, 44.1252443 ], [ 4.6294261, 44.1249199 ], [ 4.6299543, 44.1245105 ], [ 4.6303817, 44.1229845 ], [ 4.6300102, 44.1225786 ], [ 4.6275718, 44.1207388 ], [ 4.6271155, 44.120254 ], [ 4.6259519, 44.1192882 ], [ 4.6230229, 44.117542 ], [ 4.6227874, 44.1173492 ], [ 4.6225894, 44.1170208 ], [ 4.6216939, 44.116205 ], [ 4.6197913, 44.1148215 ], [ 4.6190278, 44.1144682 ], [ 4.6182059, 44.1142157 ], [ 4.6173279, 44.114099 ], [ 4.6152126, 44.1140618 ], [ 4.6152133, 44.1134712 ], [ 4.6106911, 44.1089664 ], [ 4.6095458, 44.1084062 ], [ 4.6086436, 44.1076956 ], [ 4.6072498, 44.107185 ], [ 4.6062282, 44.106622 ], [ 4.6052639, 44.1059222 ], [ 4.6046206, 44.1049522 ], [ 4.6031566, 44.103364 ], [ 4.6034538, 44.1031814 ], [ 4.604247, 44.1023353 ], [ 4.6046621, 44.1020817 ], [ 4.6052804, 44.1022572 ], [ 4.606124, 44.1029326 ], [ 4.6069323, 44.1027101 ], [ 4.6078535, 44.1019746 ], [ 4.6088077, 44.1005517 ], [ 4.6094248, 44.1001979 ], [ 4.609608, 44.0999629 ], [ 4.6101913, 44.0996519 ], [ 4.610698, 44.0992375 ], [ 4.6111534, 44.0990382 ], [ 4.6115416, 44.0989856 ], [ 4.6117992, 44.0990395 ], [ 4.6125843, 44.0997202 ], [ 4.6130288, 44.0998442 ], [ 4.6137664, 44.0996857 ], [ 4.6146932, 44.0990662 ], [ 4.6160045, 44.0991414 ], [ 4.6161993, 44.099314 ], [ 4.6164953, 44.099970399999989 ], [ 4.6166429, 44.1000655 ], [ 4.6174385, 44.0996657 ], [ 4.6189693, 44.0991102 ], [ 4.6191669, 44.0989884 ], [ 4.6192368, 44.0987651 ], [ 4.6191331, 44.0979321 ], [ 4.6189623, 44.0974611 ], [ 4.6190104, 44.09713 ], [ 4.6192061, 44.096676099999989 ], [ 4.619595, 44.0962526 ], [ 4.6198202, 44.0957812 ], [ 4.62081, 44.0957125 ], [ 4.6214167, 44.0953912 ], [ 4.6233802, 44.094948 ], [ 4.6242456, 44.0945913 ], [ 4.6243534, 44.0940342 ], [ 4.6254625, 44.0935497 ], [ 4.6260629, 44.0934894 ], [ 4.6264616, 44.0932369 ], [ 4.6268502, 44.0933715 ], [ 4.6280156, 44.0933272 ], [ 4.6286326, 44.0934126 ], [ 4.6290301, 44.0933796 ], [ 4.6294264, 44.0934782 ], [ 4.6297782, 44.093463899999989 ], [ 4.6302062, 44.093318 ], [ 4.6305249, 44.0934978 ], [ 4.6307334, 44.0934938 ], [ 4.6311594, 44.0933218 ], [ 4.631645, 44.0933119 ], [ 4.6319247, 44.0933942 ], [ 4.6320028, 44.093592 ], [ 4.6328453, 44.0939611 ], [ 4.6333049, 44.0930441 ], [ 4.6333783, 44.0924264 ], [ 4.6332717, 44.0921066 ], [ 4.6328882, 44.0915838 ], [ 4.6329271, 44.0913717 ], [ 4.6326585, 44.0911948 ], [ 4.6325903, 44.0910382 ], [ 4.6323267, 44.0898197 ], [ 4.6324705, 44.089651 ], [ 4.6323834, 44.0893561 ], [ 4.6339535, 44.087967 ], [ 4.6346925, 44.0875176 ], [ 4.6350544, 44.087117 ], [ 4.63535, 44.0870604 ], [ 4.6360157, 44.0866255 ], [ 4.6366032, 44.0864268 ], [ 4.636677, 44.0862997 ], [ 4.6365652, 44.085366 ], [ 4.6366167, 44.0847657 ], [ 4.6359409, 44.0836325 ], [ 4.6346315, 44.0836565 ], [ 4.6345457, 44.0832329 ], [ 4.6323633, 44.0832988 ], [ 4.6310348, 44.0829621 ], [ 4.6302374, 44.0829848 ], [ 4.6290541, 44.0825703 ], [ 4.6280774, 44.0825236 ], [ 4.626349, 44.0820433 ], [ 4.6245532, 44.0827019 ], [ 4.6232991, 44.0833057 ], [ 4.6228162, 44.08148 ], [ 4.6213634, 44.0808083 ], [ 4.6214654, 44.078207 ], [ 4.621413, 44.0758879 ], [ 4.6209525, 44.0759847 ], [ 4.6210161, 44.0748405 ], [ 4.6204611, 44.074864 ], [ 4.6203911, 44.0738541 ], [ 4.6200861, 44.0729197 ], [ 4.6200597, 44.0722116 ], [ 4.6191386, 44.0714366 ], [ 4.6186116, 44.0701589 ], [ 4.6185308, 44.069602 ], [ 4.617675, 44.0679573 ], [ 4.6175708, 44.0674106 ], [ 4.6172896, 44.0669179 ], [ 4.6166289, 44.0668628 ], [ 4.6167728, 44.0661288 ], [ 4.6162972, 44.0622172 ], [ 4.6158338, 44.059834 ], [ 4.6121546, 44.0489327 ], [ 4.6113301, 44.0467466 ], [ 4.6092685, 44.0465329 ], [ 4.6083975, 44.0461866 ], [ 4.6082924, 44.04591 ], [ 4.6084712, 44.0449045 ], [ 4.6084655, 44.0443051 ], [ 4.607841, 44.0434032 ], [ 4.6075846, 44.0428543 ], [ 4.6075234, 44.0423682 ], [ 4.6076008, 44.0418359 ], [ 4.6078495, 44.041275 ], [ 4.6079283, 44.0405294 ], [ 4.6084825, 44.0392097 ], [ 4.6088411, 44.0391801 ], [ 4.6089037, 44.0390532 ], [ 4.6087242, 44.0383122 ], [ 4.6090155, 44.0374897 ], [ 4.6098001, 44.0369065 ], [ 4.6100793, 44.0365855 ], [ 4.6106709, 44.0361942 ], [ 4.611237, 44.0352092 ], [ 4.6115683, 44.0342591 ], [ 4.6120157, 44.0339753 ], [ 4.6142501, 44.0333455 ], [ 4.6158343, 44.0331979 ], [ 4.6159769, 44.0330328 ], [ 4.6160539, 44.0324916 ], [ 4.6163224, 44.03206 ], [ 4.6168584, 44.031647 ], [ 4.6184716, 44.0308085 ], [ 4.6189401, 44.0299941 ], [ 4.6199161, 44.029038 ], [ 4.6213704, 44.0278373 ], [ 4.6242673, 44.0275701 ], [ 4.6263724, 44.02522 ], [ 4.6290025, 44.0219969 ], [ 4.6289885, 44.0205487 ], [ 4.6299789, 44.0186714 ], [ 4.6304063, 44.0175182 ], [ 4.6342502, 44.0176265 ], [ 4.6354997, 44.0179589 ], [ 4.6372049, 44.0192153 ], [ 4.6408368, 44.0198378 ], [ 4.6437669, 44.0206067 ], [ 4.6437313, 44.0249102 ], [ 4.6442304, 44.0259046 ], [ 4.6431784, 44.0290963 ], [ 4.6434722, 44.0315377 ], [ 4.6427768, 44.0331262 ], [ 4.6437262, 44.0334667 ], [ 4.6452733, 44.0336334 ], [ 4.6456149, 44.0339253 ], [ 4.6459319, 44.0340564 ], [ 4.6468541, 44.0341875 ], [ 4.6475261, 44.034947099999989 ], [ 4.6478572, 44.0351347 ], [ 4.6484531, 44.035285099999989 ], [ 4.6487427, 44.0356336 ], [ 4.6490165, 44.0357816 ], [ 4.6500929, 44.0358077 ], [ 4.6511376, 44.0360746 ], [ 4.6515375, 44.036011 ], [ 4.6526176, 44.0352178 ], [ 4.6529266, 44.0352014 ], [ 4.6536041, 44.0354549 ], [ 4.6539987, 44.0354229 ], [ 4.6544655, 44.0349531 ], [ 4.654936, 44.0346984 ], [ 4.6558173, 44.0347958 ], [ 4.6567011, 44.0347662 ], [ 4.6576801, 44.0348342 ], [ 4.657553, 44.0353538 ], [ 4.6576712, 44.0361136 ], [ 4.6574433, 44.0368993 ], [ 4.6587859, 44.0381816 ], [ 4.6642688, 44.0414156 ], [ 4.6653, 44.0429645 ], [ 4.6679621, 44.0431823 ], [ 4.6680267, 44.044961 ], [ 4.6665859, 44.0472893 ], [ 4.6657336, 44.0489137 ], [ 4.6649437, 44.0497296 ], [ 4.6649583, 44.0503163 ], [ 4.6673406, 44.0524757 ], [ 4.6696328, 44.0524057 ], [ 4.6708101, 44.0522005 ], [ 4.6718912, 44.052247 ], [ 4.6726257, 44.0523942 ], [ 4.6734401, 44.0522017 ], [ 4.6739578, 44.0536773 ], [ 4.6745343, 44.0540088 ], [ 4.6750302, 44.0578416 ], [ 4.6762209, 44.05779 ], [ 4.6765196, 44.0589909 ], [ 4.6766585, 44.0600627 ], [ 4.6771698, 44.0611855 ], [ 4.6776339, 44.061218 ], [ 4.6782799, 44.0616619 ], [ 4.6787369, 44.0623417 ], [ 4.6788353, 44.0627984 ], [ 4.6782326, 44.0650123 ], [ 4.6782765, 44.0659938 ], [ 4.6797428, 44.0680004 ], [ 4.6783002, 44.071583 ], [ 4.6786089, 44.0723119 ], [ 4.6790076, 44.074443 ], [ 4.6792674, 44.0747406 ], [ 4.6791513, 44.0749107 ], [ 4.6789936, 44.0749392 ], [ 4.6772628, 44.0748109 ], [ 4.6766087, 44.0749451 ], [ 4.6753137, 44.0755798 ], [ 4.6741476, 44.0763088 ], [ 4.6734851, 44.0771751 ], [ 4.673788, 44.0784731 ], [ 4.6740597, 44.0790073 ], [ 4.6749869, 44.0803002 ], [ 4.6750758, 44.0809875 ], [ 4.6766518, 44.0810291 ], [ 4.6790641, 44.0809706 ], [ 4.6791779, 44.0807645 ], [ 4.6811954, 44.0793895 ], [ 4.6834426, 44.0796205 ], [ 4.6836473, 44.0794499 ], [ 4.6849415, 44.0803501 ], [ 4.6860421, 44.0797723 ], [ 4.6872998, 44.0795234 ], [ 4.6885244, 44.079509 ], [ 4.6898632, 44.0793839 ], [ 4.6916173, 44.079536 ], [ 4.6931028, 44.0793888 ], [ 4.6934995, 44.0787885 ], [ 4.6939866, 44.078497399999989 ], [ 4.7065977, 44.0824382 ], [ 4.7073279, 44.0816751 ], [ 4.7077074, 44.0804215 ], [ 4.7079545, 44.080497799999989 ], [ 4.7081578, 44.0812814 ], [ 4.7088449, 44.0814975 ], [ 4.7094422, 44.0819239 ], [ 4.7095221, 44.082254899999988 ], [ 4.7092313, 44.0826771 ], [ 4.7082091, 44.0827399 ], [ 4.707762, 44.0830304 ], [ 4.7081897, 44.0835513 ], [ 4.7087699, 44.0839069 ], [ 4.7097009, 44.0840067 ], [ 4.7101428, 44.084124 ], [ 4.710501, 44.0839915 ], [ 4.7107503, 44.0836437 ], [ 4.7109973, 44.0835939 ], [ 4.7111181, 44.0841223 ], [ 4.7119204, 44.0845121 ], [ 4.7122527, 44.084389 ], [ 4.7125997, 44.0839677 ], [ 4.7130223, 44.0839413 ], [ 4.7131678, 44.084128 ], [ 4.7140038, 44.0844354 ], [ 4.7142241, 44.0846571 ], [ 4.7142381, 44.0849989 ], [ 4.7161028, 44.0857466 ], [ 4.7196775, 44.0860822 ], [ 4.7198443, 44.0875101 ], [ 4.7198643, 44.0890402 ], [ 4.7197787, 44.0897617 ], [ 4.7193418, 44.0910937 ], [ 4.7180693, 44.0930898 ], [ 4.7174572, 44.0937502 ], [ 4.7163089, 44.094772 ], [ 4.7129917, 44.0975733 ], [ 4.7118272, 44.0988113 ], [ 4.7109748, 44.1000022 ], [ 4.7094983, 44.1012514 ], [ 4.708616, 44.1021987 ], [ 4.7077507, 44.1033393 ], [ 4.706902, 44.1050756 ], [ 4.7063462, 44.1063707 ], [ 4.7060741, 44.1077992 ], [ 4.7026412, 44.1086097 ], [ 4.6980248, 44.1095825 ], [ 4.6972182, 44.1099362 ], [ 4.6965779, 44.1105043 ], [ 4.6961295, 44.1112647 ], [ 4.6961195, 44.112437 ], [ 4.6965347, 44.113203 ], [ 4.6972443, 44.1140778 ], [ 4.6986764, 44.115587 ], [ 4.6989599, 44.1160012 ], [ 4.6990974, 44.1170065 ], [ 4.698952, 44.1173274 ], [ 4.6987354, 44.1175225 ], [ 4.6978896, 44.1179065 ], [ 4.6973125, 44.1180811 ], [ 4.6962802, 44.1185815 ], [ 4.6946983, 44.1195953 ], [ 4.6941472, 44.1198469 ], [ 4.6919997, 44.120458 ], [ 4.690109, 44.1212191 ], [ 4.6892087, 44.1214545 ], [ 4.6873371, 44.1221459 ], [ 4.6862048, 44.1224001 ], [ 4.6855838, 44.1227391 ], [ 4.684514, 44.1239646 ], [ 4.683456, 44.1237729 ], [ 4.6833318, 44.1235885 ], [ 4.6826009, 44.1235529 ], [ 4.6818275, 44.1235584 ], [ 4.6804887, 44.1239301 ], [ 4.6794319, 44.1245414 ], [ 4.6764985, 44.1265704 ], [ 4.6754399, 44.12513 ], [ 4.6749832, 44.1246445 ], [ 4.6746059, 44.124608 ], [ 4.6732615, 44.124877 ], [ 4.6731614, 44.1251252 ], [ 4.6730464, 44.1251242 ], [ 4.6719106, 44.1247941 ], [ 4.6714143, 44.1244064 ], [ 4.670836, 44.1241659 ], [ 4.6696337, 44.1248873 ], [ 4.6690331, 44.1255041 ], [ 4.6667236, 44.124955 ], [ 4.6666263, 44.1249601 ], [ 4.6665781, 44.1252354 ], [ 4.6659451, 44.1252135 ], [ 4.6652338, 44.1255079 ], [ 4.6628303, 44.1250357 ], [ 4.6613072, 44.124919299999988 ], [ 4.6605478, 44.1249803 ], [ 4.6592544, 44.1254122 ], [ 4.6574496, 44.1255404 ], [ 4.6569629, 44.1258655 ], [ 4.6565464, 44.1263696 ], [ 4.6532928, 44.1258858 ], [ 4.6499482, 44.127175 ], [ 4.6464306, 44.1281938 ], [ 4.6460674, 44.1284712 ], [ 4.6453642, 44.1296106 ], [ 4.6431999, 44.1288923 ], [ 4.6428876, 44.1288988 ], [ 4.641816, 44.1301806 ], [ 4.6412081, 44.1305984 ], [ 4.6413522, 44.1310446 ], [ 4.6421556, 44.1323766 ], [ 4.6420983, 44.1325134 ], [ 4.6413475, 44.1324841 ], [ 4.6406527, 44.132274 ], [ 4.6391255, 44.1315865 ], [ 4.6382277, 44.1310121 ], [ 4.6371937, 44.1301336 ], [ 4.6357838, 44.1292643 ], [ 4.6345684, 44.1288971 ], [ 4.6345916, 44.1290534 ], [ 4.635146, 44.129815699999988 ], [ 4.6361169, 44.1306763 ], [ 4.6373183, 44.1327235 ], [ 4.6380809, 44.133336899999989 ], [ 4.6386122, 44.1340753 ], [ 4.6392769, 44.1346271 ], [ 4.6396892, 44.1353168 ], [ 4.6401143, 44.1356202 ], [ 4.6402454, 44.135963 ], [ 4.6408586, 44.136638 ], [ 4.6415381, 44.1371365 ], [ 4.6418864, 44.1371664 ], [ 4.6422119, 44.1374847 ], [ 4.6430114, 44.1388051 ], [ 4.6437034, 44.1391764 ], [ 4.6442489, 44.1393654 ], [ 4.6457872, 44.139645699999988 ], [ 4.6471937, 44.1396525 ], [ 4.6484062, 44.1393894 ], [ 4.6487785, 44.140284 ], [ 4.6488403, 44.1408638 ], [ 4.6501345, 44.1418238 ], [ 4.6506174, 44.1420479 ], [ 4.6512423, 44.1421294 ], [ 4.6514878, 44.1422301 ], [ 4.6518688, 44.1426493 ], [ 4.6524907, 44.1429712 ], [ 4.6538387, 44.1447001 ], [ 4.6542879, 44.1450553 ], [ 4.6554287, 44.1457213 ], [ 4.6560291, 44.1462126 ], [ 4.6553465, 44.1463437 ], [ 4.653563, 44.147123 ], [ 4.6535293, 44.1484696 ], [ 4.6523056, 44.1497011 ], [ 4.6522106, 44.1512263 ], [ 4.6518761, 44.1513129 ], [ 4.650938, 44.1508636 ], [ 4.6496537, 44.1506513 ], [ 4.649033, 44.1506494 ], [ 4.6484861, 44.1507338 ], [ 4.6481773, 44.150852 ], [ 4.6472787, 44.1515966 ], [ 4.646874, 44.1516953 ], [ 4.6458685, 44.1525378 ], [ 4.6457015, 44.1529757 ], [ 4.6452824, 44.153171199999989 ], [ 4.644881, 44.1535282 ], [ 4.6438574, 44.1534902 ], [ 4.643822, 44.1536562 ], [ 4.6433115, 44.1540767 ], [ 4.6428304, 44.154049799999989 ], [ 4.6426949, 44.1541338 ], [ 4.6419637, 44.1542458 ], [ 4.6419692, 44.1550196 ], [ 4.6411588, 44.1549391 ], [ 4.6409684, 44.1549704 ], [ 4.6404246, 44.1552699 ], [ 4.6399864, 44.1549633 ], [ 4.6393208, 44.1555751 ], [ 4.6391493, 44.1555056 ], [ 4.6387952, 44.1555342 ], [ 4.6385871, 44.1556138 ], [ 4.6383241, 44.1559153 ], [ 4.6376814, 44.1560497 ], [ 4.6370316, 44.1561026 ], [ 4.6369338, 44.1560521 ], [ 4.6358642, 44.1562307 ], [ 4.6359303, 44.1569356 ], [ 4.6356645, 44.1569166 ], [ 4.6353691, 44.1572773 ], [ 4.6353965, 44.1577317 ], [ 4.635245, 44.1581092 ], [ 4.6340487, 44.1572192 ], [ 4.6339579, 44.1573226 ], [ 4.6342207, 44.1578977 ], [ 4.6333803, 44.1576172 ], [ 4.633735, 44.1593857 ], [ 4.635017, 44.1606885 ], [ 4.6351591, 44.1612585 ], [ 4.6343599, 44.1619102 ], [ 4.6335601, 44.1629323 ], [ 4.6315823, 44.1626355 ], [ 4.6309347, 44.1624084 ], [ 4.6297301, 44.1621377 ], [ 4.6290585, 44.1615608 ], [ 4.628211, 44.1610014 ], [ 4.6271922, 44.1608868 ], [ 4.6270297, 44.161042 ], [ 4.6263472, 44.1607253 ], [ 4.6261633, 44.1607383 ], [ 4.6259565, 44.1607675 ], [ 4.625988, 44.1612619 ], [ 4.6254947, 44.161357099999989 ], [ 4.6249997, 44.1611857 ], [ 4.6248008, 44.1614395 ], [ 4.6244778, 44.1614649 ], [ 4.6243525, 44.1612258 ], [ 4.6240499, 44.1611336 ], [ 4.6239686, 44.1608462 ], [ 4.6241625, 44.16077 ], [ 4.6243029, 44.1604687 ], [ 4.6240106, 44.1602716 ], [ 4.6240103, 44.1595552 ], [ 4.6232527, 44.1593675 ], [ 4.6230553, 44.1586559 ], [ 4.622724, 44.1581198 ], [ 4.6223886, 44.1580302 ], [ 4.6215817, 44.1581094 ], [ 4.6208985, 44.1579315 ], [ 4.6198249, 44.1578373 ], [ 4.619646, 44.1577277 ], [ 4.6190731, 44.1570628 ], [ 4.6193839, 44.1565523 ], [ 4.6192801, 44.1558273 ], [ 4.6183769, 44.1556276 ], [ 4.6179808, 44.1547185 ], [ 4.6170668, 44.1555393 ], [ 4.6170611, 44.1559157 ], [ 4.6173044, 44.1561925 ], [ 4.6170093, 44.1565763 ], [ 4.617203, 44.1578525 ], [ 4.6169988, 44.1581863 ], [ 4.6175773, 44.1583916 ], [ 4.618318, 44.1588074 ], [ 4.6190278, 44.1587339 ], [ 4.6194326, 44.1591038 ], [ 4.6192447, 44.1593516 ], [ 4.6193028, 44.1596709 ], [ 4.6196081, 44.1599104 ], [ 4.6198201, 44.159891 ], [ 4.6203138, 44.1600262 ], [ 4.6208321, 44.1603126 ], [ 4.6212465, 44.1596939 ], [ 4.6215317, 44.1596025 ], [ 4.6220641, 44.1599678 ], [ 4.6226195, 44.1601581 ], [ 4.6225592, 44.1605046 ], [ 4.6226689, 44.1605797 ], [ 4.6225424, 44.1607444 ], [ 4.6226258, 44.1608431 ], [ 4.6225235, 44.1610705 ], [ 4.6223434, 44.1612089 ], [ 4.6223677, 44.1615252 ], [ 4.6225594, 44.1618102 ], [ 4.6229047, 44.1619428 ], [ 4.6229928, 44.1616362 ], [ 4.6231178, 44.1616192 ], [ 4.6232341, 44.161969 ], [ 4.6233876, 44.1619458 ], [ 4.6235229, 44.1621506 ], [ 4.6232813, 44.162400399999989 ], [ 4.623327, 44.162542599999988 ], [ 4.6232406, 44.1626843 ], [ 4.6229911, 44.1628525 ], [ 4.622873, 44.1632915 ], [ 4.6226401, 44.163423099999989 ], [ 4.6226305, 44.1635828 ], [ 4.6222087, 44.164028 ], [ 4.6222496, 44.1642115 ], [ 4.6221031, 44.1643221 ], [ 4.621869, 44.1643171 ], [ 4.6219136, 44.16411 ], [ 4.6218237, 44.164066 ], [ 4.6218978, 44.1639156 ], [ 4.6217408, 44.1638879 ], [ 4.6212939, 44.1639592 ], [ 4.6209971, 44.1638437 ], [ 4.6205159, 44.1638859 ], [ 4.6202433, 44.1639417 ], [ 4.6200287, 44.1641597 ], [ 4.6197694, 44.1639162 ], [ 4.6197996, 44.1635846 ], [ 4.619685, 44.1634488 ], [ 4.6193962, 44.1637771 ], [ 4.6191114, 44.163596299999988 ], [ 4.6189352, 44.1636411 ], [ 4.6192026, 44.1640686 ], [ 4.6190595, 44.1641311 ], [ 4.6189802, 44.1640799 ], [ 4.6182021, 44.1642768 ], [ 4.6175956, 44.1638833 ], [ 4.6177025, 44.1636921 ], [ 4.6174346, 44.1636558 ], [ 4.61731, 44.1629212 ], [ 4.6171766, 44.162862399999987 ], [ 4.616939, 44.1625156 ], [ 4.6175065, 44.162363 ], [ 4.6170902, 44.1621355 ], [ 4.617407, 44.1619701 ], [ 4.6173442, 44.1619147 ], [ 4.6174893, 44.1617735 ], [ 4.6177841, 44.1617788 ], [ 4.6178489, 44.1614796 ], [ 4.6181396, 44.1610442 ], [ 4.6180332, 44.160927099999988 ], [ 4.6167436, 44.1611989 ], [ 4.6162992, 44.1606036 ], [ 4.6159034, 44.1596295 ], [ 4.6156691, 44.159588 ], [ 4.6153039, 44.1593784 ], [ 4.6150592, 44.1586166 ], [ 4.6147255, 44.1584555 ], [ 4.6145691, 44.1585373 ], [ 4.6136945, 44.1584254 ], [ 4.6134935, 44.1585543 ], [ 4.6132655, 44.1584471 ], [ 4.6133756, 44.1582347 ], [ 4.6128353, 44.1582482 ], [ 4.613345, 44.1574853 ], [ 4.6122436, 44.157200499999988 ], [ 4.6116476, 44.1568278 ], [ 4.6102514, 44.1566637 ], [ 4.6097407, 44.1567049 ], [ 4.6091949, 44.1561752 ], [ 4.6093639, 44.1557881 ], [ 4.6091747, 44.1553751 ], [ 4.6094245, 44.1549673 ], [ 4.6092416, 44.1547819 ], [ 4.6086472, 44.1548643 ], [ 4.6080381, 44.1548462 ], [ 4.607854, 44.1547238 ], [ 4.6081057, 44.1543518 ], [ 4.607746, 44.1539652 ], [ 4.6084287, 44.1534491 ], [ 4.6081085, 44.1531949 ], [ 4.6079554, 44.1526616 ], [ 4.6076678, 44.152304 ], [ 4.6076154, 44.1518845 ], [ 4.6075238, 44.1517708 ], [ 4.6070961, 44.1515986 ], [ 4.6072577, 44.1511204 ], [ 4.6070029, 44.150941 ], [ 4.6071482, 44.1507794 ], [ 4.6070507, 44.1505099 ], [ 4.6073751, 44.1502038 ], [ 4.6072361, 44.1501748 ], [ 4.607059, 44.1499477 ], [ 4.6075706, 44.1495856 ], [ 4.6070956, 44.1491654 ], [ 4.6072973, 44.1486012 ], [ 4.6070745, 44.1485884 ], [ 4.6066201, 44.1481852 ], [ 4.6054619, 44.147564 ], [ 4.6062743, 44.1467877 ], [ 4.6065127, 44.146657 ], [ 4.6066361, 44.1463596 ], [ 4.60511, 44.1456189 ], [ 4.6054052, 44.145266 ], [ 4.6059345, 44.1448541 ], [ 4.6059786, 44.1447373 ], [ 4.6058086, 44.144284 ], [ 4.6064143, 44.1437088 ], [ 4.6063271, 44.143487 ], [ 4.6059238, 44.14313 ], [ 4.6058889, 44.1429881 ], [ 4.6065403, 44.1424415 ], [ 4.6065573, 44.1422331 ], [ 4.6064263, 44.141981 ], [ 4.6061475, 44.1419051 ], [ 4.6056028, 44.1415799 ] ], [ [ 4.6205213, 44.1637133 ], [ 4.6204069, 44.1637249 ], [ 4.6205126, 44.1638526 ], [ 4.6205963, 44.163806 ], [ 4.6205213, 44.1637133 ] ] ], [ [ [ 4.6426573, 43.8050046 ], [ 4.6423697, 43.805035 ], [ 4.6422761, 43.8051505 ], [ 4.6419345, 43.8049611 ], [ 4.6418797, 43.804829 ], [ 4.6424004, 43.8046551 ], [ 4.6428775, 43.8048473 ], [ 4.6431424, 43.804861 ], [ 4.6429047, 43.8052304 ], [ 4.6426573, 43.8050046 ] ] ] ] } },
{ "type": "Feature", "properties": { "code_departement": 30.0, "code_rne": "0301213F", "multisecteur": 0.0 }, "geometry": { "type": "MultiPolygon", "coordinates": [ [ [ [ 4.8013466, 43.9945244 ], [ 4.8049458, 43.9942229 ], [ 4.806817, 43.9944801 ], [ 4.8096417, 43.9951166 ], [ 4.8082567, 43.9941088 ], [ 4.81095, 43.993593399999988 ], [ 4.8112209, 43.9941111 ], [ 4.8114453, 43.9949328 ], [ 4.811544, 43.9963536 ], [ 4.8121337, 43.9969352 ], [ 4.812576, 43.9965705 ], [ 4.813664, 43.997804699999989 ], [ 4.8151661, 43.9988024 ], [ 4.8151871, 43.9989911 ], [ 4.8164708, 43.9985368 ], [ 4.8161665, 43.9978694 ], [ 4.8164349, 43.9977623 ], [ 4.8164434, 43.9975191 ], [ 4.8197178, 43.9971964 ], [ 4.820171, 43.9968585 ], [ 4.822805, 43.9956209 ], [ 4.8235643, 43.9956155 ], [ 4.8235997, 43.9957859 ], [ 4.8229843, 43.9965461 ], [ 4.8237965, 43.9986247 ], [ 4.8243338, 43.9991639 ], [ 4.8250404, 43.9996158 ], [ 4.8256537, 43.9998 ], [ 4.826092, 43.9998197 ], [ 4.8273775, 43.9993031 ], [ 4.8275882, 43.9991069 ], [ 4.8276992, 43.9987594 ], [ 4.8278793, 43.9976077 ], [ 4.828368, 43.9972916 ], [ 4.8288055, 43.9972843 ], [ 4.829813, 43.9974358 ], [ 4.8302391, 43.997618599999988 ], [ 4.8315616, 43.9984895 ], [ 4.8339351, 43.9993923 ], [ 4.8348397, 43.9996382 ], [ 4.8356557, 44.0002294 ], [ 4.8359385, 44.0003363 ], [ 4.836852, 44.000357 ], [ 4.8378887, 44.0002099 ], [ 4.8381563, 44.000272 ], [ 4.8388138, 44.0005896 ], [ 4.8399973, 44.0015914 ], [ 4.8443188, 44.0028276 ], [ 4.8441464, 44.0059813 ], [ 4.8437021, 44.008631 ], [ 4.8433884, 44.0096527 ], [ 4.8427136, 44.0110045 ], [ 4.8421805, 44.0117229 ], [ 4.8415791, 44.0123353 ], [ 4.8392348, 44.0140987 ], [ 4.8385783, 44.0144338 ], [ 4.8374803, 44.0148538 ], [ 4.836363, 44.0151741 ], [ 4.8337189, 44.0156569 ], [ 4.8294493, 44.0160966 ], [ 4.8279707, 44.0162032 ], [ 4.8254142, 44.0160343 ], [ 4.8230559, 44.0160178 ], [ 4.8215419, 44.0162636 ], [ 4.8211108, 44.0163977 ], [ 4.8205086, 44.0166436 ], [ 4.819621, 44.0172471 ], [ 4.8189255, 44.0180086 ], [ 4.8185733, 44.0189336 ], [ 4.8179371, 44.0212425 ], [ 4.8171711, 44.025426 ], [ 4.8173862, 44.0281421 ], [ 4.8168618, 44.0304383 ], [ 4.8166942, 44.0309731 ], [ 4.8160519, 44.0321568 ], [ 4.8147536, 44.0337061 ], [ 4.8089499, 44.0394458 ], [ 4.8077696, 44.0403566 ], [ 4.7963771, 44.0476507 ], [ 4.7894865, 44.0515194 ], [ 4.7887778, 44.0520432 ], [ 4.7878215, 44.0530743 ], [ 4.7874792, 44.0537812 ], [ 4.7872438, 44.0547114 ], [ 4.7872148, 44.055378 ], [ 4.7873532, 44.0567253 ], [ 4.7884013, 44.0613201 ], [ 4.788494, 44.0621631 ], [ 4.7884437, 44.0633036 ], [ 4.7879126, 44.0650381 ], [ 4.7872081, 44.0659039 ], [ 4.7864905, 44.0665098 ], [ 4.7850373, 44.0673878 ], [ 4.7833427, 44.0679385 ], [ 4.7765412, 44.069764 ], [ 4.7745022, 44.0702067 ], [ 4.7725288, 44.0704682 ], [ 4.7716793, 44.070698 ], [ 4.7698305, 44.0717164 ], [ 4.7658028, 44.0732606 ], [ 4.7631852, 44.0747827 ], [ 4.761926, 44.0751712 ], [ 4.7596567, 44.0749988 ], [ 4.7579516, 44.077285 ], [ 4.7605403, 44.07898 ], [ 4.7599455, 44.0804191 ], [ 4.7597453, 44.081942 ], [ 4.7607505, 44.0855305 ], [ 4.7608711, 44.0863207 ], [ 4.7607882, 44.0867092 ], [ 4.7605884, 44.0869924 ], [ 4.7602481, 44.0872166 ], [ 4.7583153, 44.0878454 ], [ 4.7574116, 44.0880643 ], [ 4.7556121, 44.08832 ], [ 4.7543935, 44.0884557 ], [ 4.7535065, 44.0884483 ], [ 4.7522239, 44.0882527 ], [ 4.7514649, 44.0880623 ], [ 4.7501634, 44.087696 ], [ 4.7442698, 44.0857563 ], [ 4.7378654, 44.083802 ], [ 4.7363194, 44.0829902 ], [ 4.731327, 44.0796077 ], [ 4.7303567, 44.0791162 ], [ 4.7289624, 44.0786431 ], [ 4.7269234, 44.0782837 ], [ 4.7247256, 44.0785749 ], [ 4.7236452, 44.0790222 ], [ 4.7219006, 44.080258699999987 ], [ 4.7208828, 44.0813343 ], [ 4.7201058, 44.0824412 ], [ 4.7197233, 44.0834221 ], [ 4.7195493, 44.085310899999989 ], [ 4.7196775, 44.0860822 ], [ 4.7161028, 44.0857466 ], [ 4.7142381, 44.0849989 ], [ 4.7142241, 44.0846571 ], [ 4.7140038, 44.0844354 ], [ 4.7131678, 44.084128 ], [ 4.7130223, 44.0839413 ], [ 4.7125997, 44.0839677 ], [ 4.7122527, 44.084389 ], [ 4.7119204, 44.0845121 ], [ 4.7111181, 44.0841223 ], [ 4.7109973, 44.0835939 ], [ 4.7107503, 44.0836437 ], [ 4.710501, 44.0839915 ], [ 4.7101428, 44.084124 ], [ 4.7097009, 44.0840067 ], [ 4.7087699, 44.0839069 ], [ 4.7081897, 44.0835513 ], [ 4.707762, 44.0830304 ], [ 4.7082091, 44.0827399 ], [ 4.7092313, 44.0826771 ], [ 4.7095221, 44.082254899999988 ], [ 4.7094422, 44.0819239 ], [ 4.7088449, 44.0814975 ], [ 4.7081578, 44.0812814 ], [ 4.7080277, 44.0806911 ], [ 4.7079545, 44.080497799999989 ], [ 4.707847, 44.0804544 ], [ 4.7077074, 44.0804215 ], [ 4.7073279, 44.0816751 ], [ 4.7065977, 44.0824382 ], [ 4.6939866, 44.078497399999989 ], [ 4.6934995, 44.0787885 ], [ 4.6931028, 44.0793888 ], [ 4.6916173, 44.079536 ], [ 4.6898632, 44.0793839 ], [ 4.6885244, 44.079509 ], [ 4.6872998, 44.0795234 ], [ 4.6860421, 44.0797723 ], [ 4.6849415, 44.0803501 ], [ 4.6836473, 44.0794499 ], [ 4.6834426, 44.0796205 ], [ 4.6811954, 44.0793895 ], [ 4.6791779, 44.0807645 ], [ 4.6790641, 44.0809706 ], [ 4.6766518, 44.0810291 ], [ 4.6750758, 44.0809875 ], [ 4.6749869, 44.0803002 ], [ 4.6740597, 44.0790073 ], [ 4.673788, 44.0784731 ], [ 4.6734851, 44.0771751 ], [ 4.6741476, 44.0763088 ], [ 4.6753137, 44.0755798 ], [ 4.6766087, 44.0749451 ], [ 4.6772628, 44.0748109 ], [ 4.6788812, 44.0749391 ], [ 4.6791817, 44.0748823 ], [ 4.6792674, 44.0747406 ], [ 4.6790076, 44.074443 ], [ 4.6786089, 44.0723119 ], [ 4.6783002, 44.071583 ], [ 4.6797428, 44.0680004 ], [ 4.6782765, 44.0659938 ], [ 4.6782326, 44.0650123 ], [ 4.6788353, 44.0627984 ], [ 4.6787369, 44.0623417 ], [ 4.6782799, 44.0616619 ], [ 4.6776339, 44.061218 ], [ 4.6771698, 44.0611855 ], [ 4.6766585, 44.0600627 ], [ 4.6765196, 44.0589909 ], [ 4.6762209, 44.05779 ], [ 4.6750302, 44.0578416 ], [ 4.6745343, 44.0540088 ], [ 4.6739578, 44.0536773 ], [ 4.6734401, 44.0522017 ], [ 4.6726257, 44.0523942 ], [ 4.6718912, 44.052247 ], [ 4.6708101, 44.0522005 ], [ 4.6696328, 44.0524057 ], [ 4.6673406, 44.0524757 ], [ 4.6649583, 44.0503163 ], [ 4.6649437, 44.0497296 ], [ 4.6657336, 44.0489137 ], [ 4.6665859, 44.0472893 ], [ 4.6680267, 44.044961 ], [ 4.6679621, 44.0431823 ], [ 4.6653, 44.0429645 ], [ 4.6642688, 44.0414156 ], [ 4.6587859, 44.0381816 ], [ 4.6574433, 44.0368993 ], [ 4.6576712, 44.0361136 ], [ 4.657553, 44.0353538 ], [ 4.6576801, 44.0348342 ], [ 4.6567011, 44.0347662 ], [ 4.6558173, 44.0347958 ], [ 4.654936, 44.0346984 ], [ 4.6544655, 44.0349531 ], [ 4.6539987, 44.0354229 ], [ 4.6536041, 44.0354549 ], [ 4.6529266, 44.0352014 ], [ 4.6526176, 44.0352178 ], [ 4.6515375, 44.036011 ], [ 4.6511376, 44.0360746 ], [ 4.6500929, 44.0358077 ], [ 4.6490165, 44.0357816 ], [ 4.6487427, 44.0356336 ], [ 4.6484531, 44.035285099999989 ], [ 4.6478572, 44.0351347 ], [ 4.6475261, 44.034947099999989 ], [ 4.6468541, 44.0341875 ], [ 4.6459319, 44.0340564 ], [ 4.6456149, 44.0339253 ], [ 4.6452733, 44.0336334 ], [ 4.6437262, 44.0334667 ], [ 4.6427768, 44.0331262 ], [ 4.6434722, 44.0315377 ], [ 4.6431784, 44.0290963 ], [ 4.6442304, 44.0259046 ], [ 4.6437313, 44.0249102 ], [ 4.6437669, 44.0206067 ], [ 4.6408368, 44.0198378 ], [ 4.6372049, 44.0192153 ], [ 4.6354997, 44.0179589 ], [ 4.6342502, 44.0176265 ], [ 4.6327308, 44.0171037 ], [ 4.633382, 44.0169724 ], [ 4.6337661, 44.0167524 ], [ 4.6341921, 44.0166443 ], [ 4.6361252, 44.0168918 ], [ 4.6366019, 44.0168118 ], [ 4.6369303, 44.0165611 ], [ 4.6370168, 44.0157946 ], [ 4.6370377, 44.009791 ], [ 4.6368754, 44.0089184 ], [ 4.6369801, 44.0082669 ], [ 4.6365849, 44.0067938 ], [ 4.6453415, 44.0067516 ], [ 4.6472343, 44.0066484 ], [ 4.6479995, 44.0067142 ], [ 4.6546702, 44.0049761 ], [ 4.6620262, 44.0024584 ], [ 4.6625706, 44.002226799999988 ], [ 4.6628844, 44.0019952 ], [ 4.6650838, 44.0000587 ], [ 4.6654098, 43.9999476 ], [ 4.6663853, 43.999831 ], [ 4.6669227, 43.9994843 ], [ 4.6671479, 43.9994251 ], [ 4.6682692, 43.99939 ], [ 4.6718436, 43.9997846 ], [ 4.6787949, 43.9991965 ], [ 4.6870254, 43.9979311 ], [ 4.6898153, 43.9982373 ], [ 4.6979263, 43.9955686 ], [ 4.7142903, 43.9907142 ], [ 4.7158046, 43.9905258 ], [ 4.7170988, 43.9905649 ], [ 4.7187387, 43.9913592 ], [ 4.7200943, 43.9919023 ], [ 4.7205398, 43.9913795 ], [ 4.7206986, 43.9914328 ], [ 4.7211209, 43.9917925 ], [ 4.7212842, 43.992204 ], [ 4.7222476, 43.9936337 ], [ 4.7251438, 43.9932901 ], [ 4.735514, 43.9988783 ], [ 4.7352135, 43.9989632 ], [ 4.7417479, 44.0074032 ], [ 4.7414305, 44.0075451 ], [ 4.7415245, 44.007603 ], [ 4.7388236, 44.0133444 ], [ 4.762107, 44.0229751 ], [ 4.7668597, 44.0237195 ], [ 4.7690095, 44.0235623 ], [ 4.7690178, 44.0234694 ], [ 4.7737388, 44.023629799999988 ], [ 4.7793684, 44.0242 ], [ 4.7797294, 44.0234938 ], [ 4.7805748, 44.0224826 ], [ 4.7815088, 44.0211116 ], [ 4.7823963, 44.0194506 ], [ 4.7827584, 44.0195023 ], [ 4.78304, 44.019649 ], [ 4.7833766, 44.02028 ], [ 4.7838934, 44.0206082 ], [ 4.7843518, 44.0211031 ], [ 4.7851645, 44.0215589 ], [ 4.7852228, 44.0213508 ], [ 4.7865563, 44.0213039 ], [ 4.7869891, 44.0209421 ], [ 4.7874125, 44.0202825 ], [ 4.787973, 44.0196576 ], [ 4.7889617, 44.0178104 ], [ 4.789071, 44.0177555 ], [ 4.7900399, 44.0179017 ], [ 4.7914785, 44.0183057 ], [ 4.7931107, 44.0185194 ], [ 4.7944317, 44.0187912 ], [ 4.7975383, 44.0197908 ], [ 4.7983386, 44.0194922 ], [ 4.7985981, 44.019533 ], [ 4.7997429, 44.019164 ], [ 4.8014292, 44.0183629 ], [ 4.8031136, 44.017939 ], [ 4.8056805, 44.016939799999989 ], [ 4.8053199, 44.011818 ], [ 4.8031874, 44.0114012 ], [ 4.8027719, 44.0115935 ], [ 4.8015826, 44.0102763 ], [ 4.8016436, 44.0102312 ], [ 4.8010544, 44.0096647 ], [ 4.8008747, 44.009187 ], [ 4.8005623, 44.0087366 ], [ 4.8008202, 44.0083326 ], [ 4.8004816, 44.0079592 ], [ 4.8003291, 44.0074729 ], [ 4.8006113, 44.0049989 ], [ 4.8008222, 44.0045282 ], [ 4.8013642, 44.0041565 ], [ 4.801721, 44.0035277 ], [ 4.8016651, 44.0032991 ], [ 4.8009493, 44.0028283 ], [ 4.8002964, 44.0020586 ], [ 4.8001357, 44.0013915 ], [ 4.7995622, 44.0004485 ], [ 4.79949, 43.9999797 ], [ 4.7996914, 43.9991707 ], [ 4.7998634, 43.9990094 ], [ 4.799877, 43.9988472 ], [ 4.8005514, 43.9978116 ], [ 4.8005414, 43.997298699999988 ], [ 4.8008268, 43.9963469 ], [ 4.8012645, 43.9954395 ], [ 4.8012688, 43.9944681 ], [ 4.8013466, 43.9945244 ] ] ] ] } },
{ "type": "Feature", "properties": { "code_departement": 30.0, "code_rne": "0301214G", "multisecteur": 0.0 }, "geometry": { "type": "MultiPolygon", "coordinates": [ [ [ [ 4.8443188, 44.0028276 ], [ 4.8399973, 44.0015914 ], [ 4.8388138, 44.0005896 ], [ 4.8381563, 44.000272 ], [ 4.8378887, 44.0002099 ], [ 4.8375165, 44.0002324 ], [ 4.8363416, 44.0003844 ], [ 4.8356557, 44.0002294 ], [ 4.8348397, 43.9996382 ], [ 4.8339351, 43.9993923 ], [ 4.8315616, 43.9984895 ], [ 4.8302391, 43.997618599999988 ], [ 4.829813, 43.9974358 ], [ 4.8288055, 43.9972843 ], [ 4.828368, 43.9972916 ], [ 4.8278793, 43.9976077 ], [ 4.8276992, 43.9987594 ], [ 4.8275882, 43.9991069 ], [ 4.8273775, 43.9993031 ], [ 4.826092, 43.9998197 ], [ 4.8256537, 43.9998 ], [ 4.8250404, 43.9996158 ], [ 4.8243338, 43.9991639 ], [ 4.8237965, 43.9986247 ], [ 4.8229843, 43.9965461 ], [ 4.8235997, 43.9957859 ], [ 4.8235643, 43.9956155 ], [ 4.822805, 43.9956209 ], [ 4.820171, 43.9968585 ], [ 4.8197178, 43.9971964 ], [ 4.8164434, 43.9975191 ], [ 4.8164349, 43.9977623 ], [ 4.8161665, 43.9978694 ], [ 4.8164708, 43.9985368 ], [ 4.8151871, 43.9989911 ], [ 4.8151661, 43.9988024 ], [ 4.813664, 43.997804699999989 ], [ 4.812576, 43.9965705 ], [ 4.8121337, 43.9969352 ], [ 4.811544, 43.9963536 ], [ 4.8114453, 43.9949328 ], [ 4.8112209, 43.9941111 ], [ 4.81095, 43.993593399999988 ], [ 4.8082567, 43.9941088 ], [ 4.8096417, 43.9951166 ], [ 4.806817, 43.9944801 ], [ 4.8049458, 43.9942229 ], [ 4.8013811, 43.9945518 ], [ 4.8012688, 43.9944681 ], [ 4.8012645, 43.9954395 ], [ 4.8008268, 43.9963469 ], [ 4.8005414, 43.997298699999988 ], [ 4.8005514, 43.9978116 ], [ 4.799877, 43.9988472 ], [ 4.7998634, 43.9990094 ], [ 4.7996914, 43.9991707 ], [ 4.79949, 43.9999797 ], [ 4.7995622, 44.0004485 ], [ 4.8001357, 44.0013915 ], [ 4.8002964, 44.0020586 ], [ 4.8009493, 44.0028283 ], [ 4.8016651, 44.0032991 ], [ 4.801721, 44.0035277 ], [ 4.8013642, 44.0041565 ], [ 4.8008222, 44.0045282 ], [ 4.8006113, 44.0049989 ], [ 4.8003291, 44.0074729 ], [ 4.8004816, 44.0079592 ], [ 4.8008202, 44.0083326 ], [ 4.8005623, 44.0087366 ], [ 4.8008747, 44.009187 ], [ 4.8010544, 44.0096647 ], [ 4.8016436, 44.0102312 ], [ 4.8015826, 44.0102763 ], [ 4.8027719, 44.0115935 ], [ 4.8031874, 44.0114012 ], [ 4.8053199, 44.011818 ], [ 4.8056805, 44.016939799999989 ], [ 4.8031136, 44.017939 ], [ 4.8014292, 44.0183629 ], [ 4.7997429, 44.019164 ], [ 4.7985981, 44.019533 ], [ 4.7983386, 44.0194922 ], [ 4.7975383, 44.0197908 ], [ 4.7944317, 44.0187912 ], [ 4.7931107, 44.0185194 ], [ 4.7914785, 44.0183057 ], [ 4.7900399, 44.0179017 ], [ 4.789071, 44.0177555 ], [ 4.7889617, 44.0178104 ], [ 4.787973, 44.0196576 ], [ 4.7874125, 44.0202825 ], [ 4.7869891, 44.0209421 ], [ 4.7865563, 44.0213039 ], [ 4.7852228, 44.0213508 ], [ 4.7851645, 44.0215589 ], [ 4.7843518, 44.0211031 ], [ 4.7838934, 44.0206082 ], [ 4.7833766, 44.02028 ], [ 4.78304, 44.019649 ], [ 4.7827584, 44.0195023 ], [ 4.7823963, 44.0194506 ], [ 4.7815088, 44.0211116 ], [ 4.7805748, 44.0224826 ], [ 4.7797294, 44.0234938 ], [ 4.7793684, 44.0242 ], [ 4.7737388, 44.023629799999988 ], [ 4.7690178, 44.0234694 ], [ 4.7690095, 44.0235623 ], [ 4.7668597, 44.0237195 ], [ 4.762107, 44.0229751 ], [ 4.7388236, 44.0133444 ], [ 4.7415245, 44.007603 ], [ 4.7414305, 44.0075451 ], [ 4.7417479, 44.0074032 ], [ 4.7352135, 43.9989632 ], [ 4.735514, 43.9988783 ], [ 4.7249929, 43.9932069 ], [ 4.7249939, 43.9909717 ], [ 4.7253603, 43.9825635 ], [ 4.7251623, 43.982365 ], [ 4.7252289, 43.9823009 ], [ 4.7250207, 43.9822178 ], [ 4.7238613, 43.9809812 ], [ 4.7233363, 43.9805628 ], [ 4.7240212, 43.97992 ], [ 4.7259924, 43.9791877 ], [ 4.727042, 43.9788992 ], [ 4.7328489, 43.9776704 ], [ 4.7380627, 43.9771565 ], [ 4.7422104, 43.9688023 ], [ 4.7450259, 43.9648092 ], [ 4.7400783, 43.9636755 ], [ 4.7409595, 43.9615523 ], [ 4.7427117, 43.956577 ], [ 4.7395305, 43.9559291 ], [ 4.7391626, 43.9572285 ], [ 4.7342628, 43.9571903 ], [ 4.7327239, 43.9579726 ], [ 4.7301316, 43.9579219 ], [ 4.7291405, 43.9581131 ], [ 4.7287911, 43.9582644 ], [ 4.7273819, 43.9583119 ], [ 4.7272674, 43.9581526 ], [ 4.726453, 43.9576776 ], [ 4.7258217, 43.9571582 ], [ 4.7223851, 43.9551456 ], [ 4.7213101, 43.9543758 ], [ 4.7219587, 43.9534861 ], [ 4.7221689, 43.9528977 ], [ 4.7222011, 43.9524786 ], [ 4.7220064, 43.9520127 ], [ 4.7215723, 43.9514605 ], [ 4.7215203, 43.9509347 ], [ 4.7211844, 43.9503342 ], [ 4.7211792, 43.9497879 ], [ 4.7209669, 43.94899 ], [ 4.7207727, 43.9475483 ], [ 4.7208632, 43.9468736 ], [ 4.7212153, 43.9461974 ], [ 4.7211535, 43.9456357 ], [ 4.7212267, 43.9450063 ], [ 4.7214958, 43.9444664 ], [ 4.7218864, 43.9442001 ], [ 4.7219491, 43.9439651 ], [ 4.7218246, 43.9431425 ], [ 4.721442, 43.9426858 ], [ 4.7217658, 43.9423107 ], [ 4.7217663, 43.9407984 ], [ 4.7212927, 43.9400498 ], [ 4.7211503, 43.9392527 ], [ 4.7211749, 43.9385393 ], [ 4.7256991, 43.9309101 ], [ 4.7284478, 43.928844 ], [ 4.7286764, 43.9289475 ], [ 4.7292146, 43.9294071 ], [ 4.7294022, 43.9294311 ], [ 4.7296501, 43.9293903 ], [ 4.7298579, 43.929261 ], [ 4.7307541, 43.9291999 ], [ 4.7310489, 43.9291053 ], [ 4.7312014, 43.929165 ], [ 4.7314943, 43.9297454 ], [ 4.7316349, 43.9298242 ], [ 4.7323715, 43.9298377 ], [ 4.7326863, 43.9295807 ], [ 4.7328086, 43.9291368 ], [ 4.7330022, 43.9289528 ], [ 4.7329289, 43.9286299 ], [ 4.7330613, 43.9281507 ], [ 4.7333099, 43.9277219 ], [ 4.7333749, 43.9270736 ], [ 4.733789, 43.9263982 ], [ 4.7337688, 43.9261834 ], [ 4.7338745, 43.9259738 ], [ 4.7337052, 43.9257703 ], [ 4.7337277, 43.925570099999987 ], [ 4.7340107, 43.9251696 ], [ 4.7342325, 43.92513 ], [ 4.7344169, 43.9249282 ], [ 4.734271, 43.9248414 ], [ 4.7354394, 43.9166565 ], [ 4.7365247, 43.9172505 ], [ 4.7402348, 43.9197551 ], [ 4.7404671, 43.9217777 ], [ 4.7392836, 43.9241342 ], [ 4.7431585, 43.928143 ], [ 4.7439612, 43.9288558 ], [ 4.7461134, 43.9303157 ], [ 4.7479214, 43.9313148 ], [ 4.7498503, 43.932149 ], [ 4.7584374, 43.9344488 ], [ 4.7597058, 43.934702 ], [ 4.7614662, 43.9349113 ], [ 4.7626336, 43.9348384 ], [ 4.7637188, 43.934604 ], [ 4.7646006, 43.9342765 ], [ 4.7665269, 43.934131 ], [ 4.7687804, 43.9338146 ], [ 4.7729265, 43.9357161 ], [ 4.7743054, 43.9358728 ], [ 4.7754953, 43.9362037 ], [ 4.7774192, 43.9370591 ], [ 4.7789309, 43.9378789 ], [ 4.7797348, 43.9384905 ], [ 4.7803374, 43.9390793 ], [ 4.780807, 43.9400322 ], [ 4.782344, 43.9408605 ], [ 4.7824163, 43.9413004 ], [ 4.782628, 43.9415382 ], [ 4.785892, 43.9440018 ], [ 4.7864802, 43.9445638 ], [ 4.7886273, 43.9469214 ], [ 4.7895637, 43.9481745 ], [ 4.7904652, 43.9496243 ], [ 4.7922292, 43.952906299999988 ], [ 4.7926958, 43.9534802 ], [ 4.7937536, 43.9544648 ], [ 4.7954324, 43.9556218 ], [ 4.7982446, 43.9572311 ], [ 4.8015436, 43.958348799999989 ], [ 4.8051599, 43.9590894 ], [ 4.8072876, 43.9597312 ], [ 4.8095923, 43.9606878 ], [ 4.8106017, 43.9611959 ], [ 4.8119321, 43.9620408 ], [ 4.8133692, 43.9633754 ], [ 4.8143869, 43.9646908 ], [ 4.8148942, 43.9656717 ], [ 4.8151275, 43.9668543 ], [ 4.8150479, 43.9679935 ], [ 4.8145915, 43.969633099999989 ], [ 4.8140812, 43.9705184 ], [ 4.811745, 43.973608 ], [ 4.8105414, 43.9754293 ], [ 4.8100034, 43.976468 ], [ 4.809716, 43.9775062 ], [ 4.8096666, 43.978031 ], [ 4.8097636, 43.9793986 ], [ 4.8103995, 43.9828557 ], [ 4.8114528, 43.9859098 ], [ 4.8120042, 43.98698 ], [ 4.8127607, 43.9877912 ], [ 4.8135462, 43.988303 ], [ 4.8141095, 43.988489 ], [ 4.8153995, 43.9887476 ], [ 4.8168885, 43.9887921 ], [ 4.8177957, 43.9887393 ], [ 4.8188793, 43.988545699999989 ], [ 4.8217789, 43.9877439 ], [ 4.8237583, 43.9873364 ], [ 4.8247296, 43.9869484 ], [ 4.8260118, 43.9867299 ], [ 4.8284519, 43.9859536 ], [ 4.8301801, 43.9855277 ], [ 4.831869, 43.9852402 ], [ 4.8342791, 43.9850863 ], [ 4.8369053, 43.9851773 ], [ 4.8392967, 43.9855287 ], [ 4.8409032, 43.985932 ], [ 4.8418358, 43.9863187 ], [ 4.8427374, 43.9869399 ], [ 4.8435887, 43.9880113 ], [ 4.8443826, 43.9893077 ], [ 4.8449496, 43.9916856 ], [ 4.8447266, 43.9932719 ], [ 4.8447205, 43.9940471 ], [ 4.8455689, 43.9966399 ], [ 4.8447151, 43.9984656 ], [ 4.8443224, 43.9997793 ], [ 4.8442073, 44.0011181 ], [ 4.8443188, 44.0028276 ] ] ] ] } },
{ "type": "Feature", "properties": { "code_departement": 30.0, "code_rne": "0301232B", "multisecteur": 0.0 }, "geometry": { "type": "MultiPolygon", "coordinates": [ [ [ [ 4.0316254, 43.7987142 ], [ 4.0324297, 43.7984627 ], [ 4.0329702, 43.7981183 ], [ 4.0331579, 43.7981237 ], [ 4.0332691, 43.7978806 ], [ 4.0334953, 43.7976796 ], [ 4.0338658, 43.7974834 ], [ 4.0343334, 43.7973728 ], [ 4.0356577, 43.7966061 ], [ 4.0360116, 43.7970779 ], [ 4.0378598, 43.7956051 ], [ 4.0382445, 43.7957832 ], [ 4.0393492, 43.794564 ], [ 4.0404936, 43.7938881 ], [ 4.0415343, 43.7933894 ], [ 4.0413259, 43.7932024 ], [ 4.0417108, 43.7929828 ], [ 4.0425622, 43.7927316 ], [ 4.0431832, 43.7916988 ], [ 4.0442904, 43.7917782 ], [ 4.0449157, 43.7911207 ], [ 4.0457829, 43.7909198 ], [ 4.0461583, 43.7905904 ], [ 4.0460138, 43.7899609 ], [ 4.0464234, 43.7900101 ], [ 4.0477356, 43.7898895 ], [ 4.0486551, 43.789697 ], [ 4.0491928, 43.7894138 ], [ 4.0498557, 43.7880341 ], [ 4.0501179, 43.7876329 ], [ 4.0504636, 43.7873118 ], [ 4.0504599, 43.7871085 ], [ 4.0522172, 43.7862078 ], [ 4.052378, 43.7863709 ], [ 4.0529359, 43.7861738 ], [ 4.0529574, 43.7859261 ], [ 4.0535668, 43.7855576 ], [ 4.0536851, 43.785236 ], [ 4.0532965, 43.7851804 ], [ 4.0533219, 43.7846042 ], [ 4.0531024, 43.784222899999989 ], [ 4.0542127, 43.7835363 ], [ 4.0533044, 43.781696599999989 ], [ 4.0514175, 43.7800022 ], [ 4.0516819, 43.7795236 ], [ 4.0513258, 43.7788647 ], [ 4.0517847, 43.7781547 ], [ 4.0522514, 43.7783401 ], [ 4.0531474, 43.7784322 ], [ 4.0537921, 43.7781659 ], [ 4.0536858, 43.77759 ], [ 4.0531426, 43.7772281 ], [ 4.0524749, 43.7765803 ], [ 4.0521399, 43.7759914 ], [ 4.0522376, 43.7759013 ], [ 4.0522356, 43.7757259 ], [ 4.0520791, 43.7755204 ], [ 4.0514004, 43.7750185 ], [ 4.0513072, 43.7747431 ], [ 4.0513616, 43.7743925 ], [ 4.0515786, 43.7740394 ], [ 4.0520994, 43.7734521 ], [ 4.0527523, 43.7728905 ], [ 4.0534428, 43.7724159 ], [ 4.0540571, 43.772122 ], [ 4.0551231, 43.7720127 ], [ 4.055978, 43.7720377 ], [ 4.0567938, 43.7724329 ], [ 4.0573831, 43.7724677 ], [ 4.0583035, 43.7728071 ], [ 4.0586656, 43.7729799 ], [ 4.059098, 43.7733933 ], [ 4.0593112, 43.7734353 ], [ 4.0599608, 43.7732382 ], [ 4.0608637, 43.772433 ], [ 4.0611063, 43.7723262 ], [ 4.0615932, 43.7723287 ], [ 4.0622587, 43.7724491 ], [ 4.0630028, 43.7723932 ], [ 4.0632865, 43.7722906 ], [ 4.0637978, 43.7711355 ], [ 4.0640069, 43.7708247 ], [ 4.0649987, 43.7698629 ], [ 4.0652118, 43.7693694 ], [ 4.0652542, 43.7691791 ], [ 4.0649699, 43.7683846 ], [ 4.0650507, 43.7671886 ], [ 4.0655131, 43.7668097 ], [ 4.0659565, 43.7662834 ], [ 4.0671484, 43.7656679 ], [ 4.0672921, 43.765518 ], [ 4.0674347, 43.7649757 ], [ 4.0677161, 43.7652799 ], [ 4.0677069, 43.7653889 ], [ 4.0683921, 43.7659023 ], [ 4.0686698, 43.7658114 ], [ 4.0686977, 43.7659776 ], [ 4.0684278, 43.7661557 ], [ 4.0685241, 43.7663231 ], [ 4.0693979, 43.7669661 ], [ 4.0699745, 43.7671818 ], [ 4.0701944, 43.7671256 ], [ 4.0704624, 43.7667126 ], [ 4.0706737, 43.7666548 ], [ 4.071406, 43.766967 ], [ 4.0722251, 43.7671381 ], [ 4.0728397, 43.7674011 ], [ 4.0732222, 43.7674675 ], [ 4.0738239, 43.7677649 ], [ 4.0779947, 43.767869499999989 ], [ 4.0828858, 43.7684321 ], [ 4.0836587, 43.768455 ], [ 4.0836184, 43.7682304 ], [ 4.0841319, 43.7681956 ], [ 4.0850913, 43.7682967 ], [ 4.0858223, 43.7670952 ], [ 4.0872709, 43.7656282 ], [ 4.0878316, 43.7653311 ], [ 4.0890109, 43.7652464 ], [ 4.0894594, 43.7651294 ], [ 4.0914264, 43.7637616 ], [ 4.0928863, 43.7630234 ], [ 4.0932322, 43.7626726 ], [ 4.0931319, 43.7622956 ], [ 4.0923852, 43.7618198 ], [ 4.0920002, 43.761749 ], [ 4.0913935, 43.7619728 ], [ 4.0905983, 43.7619466 ], [ 4.0903123, 43.7617947 ], [ 4.0901883, 43.761543 ], [ 4.0902379, 43.7614075 ], [ 4.090645, 43.761138 ], [ 4.0915482, 43.760643 ], [ 4.0923626, 43.7595909 ], [ 4.0927057, 43.758899 ], [ 4.0928158, 43.758358799999989 ], [ 4.0927739, 43.7573342 ], [ 4.0929461, 43.7568582 ], [ 4.0927805, 43.756184 ], [ 4.0923569, 43.7557797 ], [ 4.0921576, 43.7554208 ], [ 4.0920287, 43.754522099999988 ], [ 4.0922108, 43.7536582 ], [ 4.0926294, 43.7528224 ], [ 4.0934691, 43.7521921 ], [ 4.0940524, 43.7521197 ], [ 4.0980876, 43.7505168 ], [ 4.0985462, 43.7502206 ], [ 4.0989893, 43.7496986 ], [ 4.0994593, 43.7494734 ], [ 4.102657, 43.7491378 ], [ 4.1046022, 43.748615 ], [ 4.104973, 43.7484052 ], [ 4.106708, 43.746774 ], [ 4.1071678, 43.7462203 ], [ 4.1079638, 43.7446319 ], [ 4.1083978, 43.7439625 ], [ 4.1086902, 43.7424638 ], [ 4.1095677, 43.7416899 ], [ 4.1106931, 43.741026 ], [ 4.11115, 43.7406496 ], [ 4.1124551, 43.7390785 ], [ 4.1131448, 43.7384802 ], [ 4.1137708, 43.7379942 ], [ 4.1148102, 43.7373851 ], [ 4.115879, 43.7370087 ], [ 4.1163852, 43.7369352 ], [ 4.1172676, 43.7369297 ], [ 4.1179818, 43.7370808 ], [ 4.1186879, 43.7370762 ], [ 4.1206754, 43.7368389 ], [ 4.121934, 43.7368439 ], [ 4.1222617, 43.7369711 ], [ 4.1225244, 43.7372005 ], [ 4.1234936, 43.7384567 ], [ 4.1243995, 43.7391421 ], [ 4.1256541, 43.7398239 ], [ 4.1269124, 43.7402474 ], [ 4.1284896, 43.7406072 ], [ 4.1294681, 43.740688 ], [ 4.1320562, 43.7406296 ], [ 4.1332222, 43.7405239 ], [ 4.135056, 43.7402321 ], [ 4.1387774, 43.7393023 ], [ 4.1393593, 43.7391055 ], [ 4.1416832, 43.7378761 ], [ 4.1424133, 43.7373933 ], [ 4.1438613, 43.7355638 ], [ 4.1449973, 43.7331607 ], [ 4.1450244, 43.732283 ], [ 4.1492542, 43.733465 ], [ 4.151633, 43.7338773 ], [ 4.1519774, 43.7337827 ], [ 4.1522531, 43.7337942 ], [ 4.153193, 43.7341838 ], [ 4.1550955, 43.7345435 ], [ 4.1572703, 43.7328402 ], [ 4.1574361, 43.7325072 ], [ 4.1579091, 43.732333 ], [ 4.1585314, 43.7317405 ], [ 4.1614664, 43.7321646 ], [ 4.1619522, 43.731882299999988 ], [ 4.1625194, 43.7321894 ], [ 4.1631833, 43.7324334 ], [ 4.1633815, 43.7324727 ], [ 4.1637406, 43.7323734 ], [ 4.1641263, 43.7324179 ], [ 4.164976, 43.7327013 ], [ 4.1669891, 43.7331279 ], [ 4.1668797, 43.733426099999988 ], [ 4.166951, 43.7340598 ], [ 4.1658809, 43.7358774 ], [ 4.1654803, 43.7363794 ], [ 4.1660294, 43.7366489 ], [ 4.1658467, 43.739258 ], [ 4.1658928, 43.7396301 ], [ 4.1657899, 43.7400046 ], [ 4.1664727, 43.7431157 ], [ 4.1666303, 43.7443919 ], [ 4.1690704, 43.7464392 ], [ 4.1697341, 43.7475714 ], [ 4.1698037, 43.7478785 ], [ 4.1708827, 43.7495291 ], [ 4.17087, 43.7498766 ], [ 4.171128, 43.7498666 ], [ 4.1710675, 43.7513387 ], [ 4.1717015, 43.7514381 ], [ 4.1718552, 43.7522752 ], [ 4.1718036, 43.7529714 ], [ 4.172785, 43.7534234 ], [ 4.1724431, 43.7540643 ], [ 4.1721173, 43.7540399 ], [ 4.1718976, 43.754467 ], [ 4.1715711, 43.7542878 ], [ 4.1714301, 43.7544378 ], [ 4.1712909, 43.755095399999988 ], [ 4.1717848, 43.7561133 ], [ 4.1716923, 43.7574193 ], [ 4.1707182, 43.7570239 ], [ 4.1700676, 43.7569607 ], [ 4.1701174, 43.758122 ], [ 4.1684919, 43.759087099999988 ], [ 4.1684287, 43.7592776 ], [ 4.1678332, 43.7597898 ], [ 4.1652458, 43.761387 ], [ 4.1646542, 43.7616058 ], [ 4.1644138, 43.7618117 ], [ 4.1618295, 43.762103 ], [ 4.1601509, 43.7627284 ], [ 4.1555339, 43.7639483 ], [ 4.1537985, 43.7645957 ], [ 4.1435129, 43.766964 ], [ 4.1435877, 43.7674762 ], [ 4.1433639, 43.7678376 ], [ 4.1428249, 43.7683328 ], [ 4.1426347, 43.7683834 ], [ 4.1418253, 43.7690228 ], [ 4.1410346, 43.7694747 ], [ 4.1407837, 43.769971399999989 ], [ 4.1408194, 43.7703319 ], [ 4.1402952, 43.7703887 ], [ 4.1392298, 43.7707698 ], [ 4.1389647, 43.7712378 ], [ 4.1386252, 43.7728424 ], [ 4.137469, 43.7727195 ], [ 4.1367763, 43.7727357 ], [ 4.1367416, 43.7728027 ], [ 4.1362606, 43.7749739 ], [ 4.1371883, 43.7747167 ], [ 4.137041, 43.776241 ], [ 4.137116, 43.7764526 ], [ 4.1374513, 43.776702899999989 ], [ 4.1375312, 43.7773446 ], [ 4.1373479, 43.7779342 ], [ 4.1371009, 43.7781294 ], [ 4.1371254, 43.7793018 ], [ 4.1374391, 43.7795865 ], [ 4.1369195, 43.7798799 ], [ 4.1370534, 43.779991 ], [ 4.1377525, 43.7814174 ], [ 4.1387083, 43.7838184 ], [ 4.1387058, 43.7849407 ], [ 4.1398939, 43.7851523 ], [ 4.146719, 43.7918593 ], [ 4.1470808, 43.7934206 ], [ 4.1473945, 43.7943172 ], [ 4.1437732, 43.7996184 ], [ 4.1443644, 43.8001656 ], [ 4.1444118, 43.800362199999988 ], [ 4.1439196, 43.8020306 ], [ 4.1440459, 43.8022569 ], [ 4.1443751, 43.8025028 ], [ 4.1446671, 43.8028714 ], [ 4.1447063, 43.803899699999988 ], [ 4.1450868, 43.8047164 ], [ 4.1459475, 43.8056875 ], [ 4.1465847, 43.8059841 ], [ 4.1471265, 43.8060441 ], [ 4.1478467, 43.806014 ], [ 4.1487454, 43.8058416 ], [ 4.1502885, 43.8053934 ], [ 4.1511754, 43.8050078 ], [ 4.1515416, 43.806839 ], [ 4.1516587, 43.8070385 ], [ 4.1515787, 43.8071968 ], [ 4.1512393, 43.8139818 ], [ 4.1534457, 43.8155388 ], [ 4.1575843, 43.8160764 ], [ 4.157609, 43.82055 ], [ 4.1584404, 43.82956 ], [ 4.1605722, 43.8321797 ], [ 4.1607318, 43.8325695 ], [ 4.1617485, 43.833348 ], [ 4.164788, 43.8354071 ], [ 4.1729368, 43.840858399999988 ], [ 4.1775758, 43.8438604 ], [ 4.1825489, 43.8484434 ], [ 4.1838066, 43.8512819 ], [ 4.1862898, 43.8582103 ], [ 4.1875218, 43.86231 ], [ 4.1687155, 43.8639143 ], [ 4.1677613, 43.8643979 ], [ 4.1640054, 43.8666998 ], [ 4.1614204, 43.8696362 ], [ 4.1606756, 43.870636 ], [ 4.1437575, 43.8824581 ], [ 4.1432063, 43.8827096 ], [ 4.1431093, 43.8828375 ], [ 4.1432145, 43.8830605 ], [ 4.143182, 43.8833624 ], [ 4.1427854, 43.8834412 ], [ 4.142219, 43.8833688 ], [ 4.1417778, 43.8834608 ], [ 4.1415187, 43.8836948 ], [ 4.1405655, 43.883945 ], [ 4.1397687, 43.8840479 ], [ 4.1391902, 43.8839927 ], [ 4.1380662, 43.8841655 ], [ 4.1370297, 43.8841691 ], [ 4.1366575, 43.8843503 ], [ 4.1355167, 43.8853027 ], [ 4.1333992, 43.8860789 ], [ 4.1320203, 43.8858898 ], [ 4.1315789, 43.8859682 ], [ 4.1281937, 43.8860132 ], [ 4.1272597, 43.8846539 ], [ 4.1264261, 43.8844726 ], [ 4.1262792, 43.8841573 ], [ 4.1259084, 43.8838389 ], [ 4.1253964, 43.8834968 ], [ 4.1247603, 43.8832342 ], [ 4.1243322, 43.8825357 ], [ 4.1228155, 43.8817836 ], [ 4.1215731, 43.8802357 ], [ 4.1212042, 43.8800154 ], [ 4.1202912, 43.8788278 ], [ 4.1199571, 43.8776486 ], [ 4.118851, 43.8762541 ], [ 4.1164888, 43.8727169 ], [ 4.1084065, 43.8703873 ], [ 4.1053459, 43.868198 ], [ 4.1050759, 43.8681944 ], [ 4.1045101, 43.8683325 ], [ 4.1041301, 43.868303 ], [ 4.1033736, 43.8685546 ], [ 4.1027455, 43.8686248 ], [ 4.1018344, 43.8681525 ], [ 4.1018428, 43.8680057 ], [ 4.1011868, 43.8672113 ], [ 4.0996036, 43.8665883 ], [ 4.0993734, 43.866263 ], [ 4.0989886, 43.8660464 ], [ 4.0988972, 43.8658232 ], [ 4.0991383, 43.8654887 ], [ 4.0991328, 43.8648767 ], [ 4.0990601, 43.8646551 ], [ 4.098781, 43.8644393 ], [ 4.0987495, 43.8642236 ], [ 4.0987799, 43.863990199999989 ], [ 4.0990664, 43.8636228 ], [ 4.0991699, 43.8633157 ], [ 4.0988325, 43.8618116 ], [ 4.0989305, 43.8607639 ], [ 4.0980352, 43.8588334 ], [ 4.0980772, 43.8586899 ], [ 4.0983351, 43.858519 ], [ 4.0985495, 43.858219 ], [ 4.0986009, 43.8568189 ], [ 4.0980382, 43.8556933 ], [ 4.0884819, 43.8562499 ], [ 4.087026, 43.8554985 ], [ 4.0835435, 43.8550354 ], [ 4.0796867, 43.8551078 ], [ 4.0780006, 43.8553936 ], [ 4.0759456, 43.8542493 ], [ 4.0700205, 43.8532546 ], [ 4.0686574, 43.8525866 ], [ 4.0679907, 43.8520496 ], [ 4.0648516, 43.8536498 ], [ 4.0643183, 43.8543318 ], [ 4.0633682, 43.854203399999989 ], [ 4.0626421, 43.8550817 ], [ 4.0627085, 43.8555103 ], [ 4.0611661, 43.856572 ], [ 4.0567213, 43.859155799999989 ], [ 4.0542388, 43.8603759 ], [ 4.0536402, 43.8596149 ], [ 4.0525959, 43.8587007 ], [ 4.0510514, 43.8579083 ], [ 4.0501322, 43.857631 ], [ 4.0509817, 43.8566202 ], [ 4.0509452, 43.856391 ], [ 4.0493129, 43.8539939 ], [ 4.0484554, 43.8532173 ], [ 4.0478621, 43.8525372 ], [ 4.047734, 43.8520624 ], [ 4.0488024, 43.8483387 ], [ 4.046443, 43.846763 ], [ 4.0457366, 43.8466231 ], [ 4.0456434, 43.8458779 ], [ 4.0443921, 43.8459295 ], [ 4.0442236, 43.8458267 ], [ 4.0437256, 43.8452492 ], [ 4.0442325, 43.8452245 ], [ 4.0442075, 43.8446767 ], [ 4.0434971, 43.8447231 ], [ 4.0432974, 43.8443407 ], [ 4.0430165, 43.844419 ], [ 4.0428409, 43.844129 ], [ 4.042692, 43.843260199999989 ], [ 4.0432178, 43.8432507 ], [ 4.0444291, 43.8429223 ], [ 4.0447145, 43.841731599999989 ], [ 4.0450956, 43.8410844 ], [ 4.0453895, 43.8407711 ], [ 4.0453146, 43.84014 ], [ 4.0454263, 43.839719599999988 ], [ 4.0453074, 43.8392689 ], [ 4.0444097, 43.8390678 ], [ 4.042434, 43.8382524 ], [ 4.042607, 43.8381239 ], [ 4.042062, 43.8373506 ], [ 4.0416413, 43.8371908 ], [ 4.0423457, 43.8362751 ], [ 4.0424663, 43.8363397 ], [ 4.0427871, 43.8360045 ], [ 4.0421998, 43.8357743 ], [ 4.042204, 43.8359354 ], [ 4.0417644, 43.8363086 ], [ 4.0414987, 43.8362553 ], [ 4.0415491, 43.8358876 ], [ 4.0418399, 43.8351937 ], [ 4.0420397, 43.8350388 ], [ 4.0426937, 43.833948 ], [ 4.0430463, 43.8337881 ], [ 4.0430742, 43.8336141 ], [ 4.0434374, 43.8333496 ], [ 4.0431978, 43.8330981 ], [ 4.0438112, 43.8325766 ], [ 4.0442206, 43.8323927 ], [ 4.0445763, 43.8312472 ], [ 4.0468077, 43.8291315 ], [ 4.0465886, 43.8290445 ], [ 4.0461804, 43.8286138 ], [ 4.0455993, 43.8285195 ], [ 4.0448576, 43.8281333 ], [ 4.0447734, 43.8280171 ], [ 4.0444379, 43.8281598 ], [ 4.0421463, 43.829907 ], [ 4.0407164, 43.8311896 ], [ 4.0398615, 43.831762 ], [ 4.0384444, 43.8333469 ], [ 4.0360224, 43.8346425 ], [ 4.0324776, 43.8366948 ], [ 4.0293365, 43.8398492 ], [ 4.0262848, 43.8409993 ], [ 4.0254708, 43.8412329 ], [ 4.0247662, 43.8416058 ], [ 4.0239323, 43.8422562 ], [ 4.0230987, 43.8420156 ], [ 4.0188779, 43.8396864 ], [ 4.0186472, 43.8394374 ], [ 4.0169152, 43.8385311 ], [ 4.0149573, 43.837365 ], [ 4.0133542, 43.836569 ], [ 4.0133654, 43.8364969 ], [ 4.0150105, 43.83574 ], [ 4.0155858, 43.8353702 ], [ 4.0157018, 43.8350424 ], [ 4.0167088, 43.8344075 ], [ 4.0171326, 43.833842 ], [ 4.0180694, 43.8332474 ], [ 4.0155174, 43.8293491 ], [ 4.0169649, 43.82791 ], [ 4.0120518, 43.8245961 ], [ 4.0085275, 43.8178205 ], [ 4.0055716, 43.8152613 ], [ 4.001029, 43.8129227 ], [ 4.0010994, 43.8126818 ], [ 4.0016105, 43.811994 ], [ 4.0024124, 43.8115124 ], [ 4.0037374, 43.811241 ], [ 4.0050943, 43.8105211 ], [ 4.0061467, 43.810299 ], [ 4.0066213, 43.8100076 ], [ 4.0072233, 43.8094746 ], [ 4.008799, 43.8089075 ], [ 4.0103107, 43.8087945 ], [ 4.0116251, 43.8084205 ], [ 4.0120714, 43.8081518 ], [ 4.0123267, 43.8078299 ], [ 4.0139043, 43.8072357 ], [ 4.0142681, 43.807568 ], [ 4.0144325, 43.8075188 ], [ 4.0159824, 43.8076015 ], [ 4.0175542, 43.807523 ], [ 4.0181655, 43.8076559 ], [ 4.0183974, 43.8076276 ], [ 4.0186362, 43.8074985 ], [ 4.0192293, 43.80689 ], [ 4.0195935, 43.8060568 ], [ 4.0208553, 43.8053196 ], [ 4.021335, 43.8047004 ], [ 4.0215344, 43.804524 ], [ 4.0217325, 43.8044798 ], [ 4.0225941, 43.8036051 ], [ 4.02298, 43.8036402 ], [ 4.0243242, 43.803349499999989 ], [ 4.0255306, 43.8032688 ], [ 4.0255084, 43.803206 ], [ 4.0256928, 43.8030954 ], [ 4.026733, 43.8028309 ], [ 4.0274344, 43.802443599999989 ], [ 4.0283612, 43.8017446 ], [ 4.0293493, 43.8013456 ], [ 4.0308584, 43.8005556 ], [ 4.030419, 43.7992674 ], [ 4.0316254, 43.7987142 ] ] ] ] } },
{ "type": "Feature", "properties": { "code_departement": 30.0, "code_rne": "0301245R", "multisecteur": 0.0 }, "geometry": { "type": "MultiPolygon", "coordinates": [ [ [ [ 4.5217163, 43.8702683 ], [ 4.5242172, 43.8777807 ], [ 4.5210086, 43.8776625 ], [ 4.5179563, 43.877662699999988 ], [ 4.5177799, 43.8777219 ], [ 4.5175069, 43.8785942 ], [ 4.5171377, 43.879261799999988 ], [ 4.5166458, 43.880561199999988 ], [ 4.5154498, 43.8839784 ], [ 4.5153772, 43.8839623 ], [ 4.5147564, 43.885285 ], [ 4.5146603, 43.8854151 ], [ 4.5142648, 43.885426 ], [ 4.5136574, 43.8868305 ], [ 4.5130734, 43.8867269 ], [ 4.5115974, 43.8881839 ], [ 4.5107164, 43.8905904 ], [ 4.5109016, 43.8909083 ], [ 4.5106149, 43.892068 ], [ 4.510317, 43.8924267 ], [ 4.509869, 43.8927605 ], [ 4.5096411, 43.893275 ], [ 4.5096178, 43.893665 ], [ 4.5092131, 43.8940802 ], [ 4.5087644, 43.8943897 ], [ 4.5082482, 43.8944472 ], [ 4.5075313, 43.8947335 ], [ 4.5060814, 43.8955915 ], [ 4.505361, 43.8957427 ], [ 4.5048251, 43.8960003 ], [ 4.503752, 43.8962329 ], [ 4.5023737, 43.8966903 ], [ 4.5018127, 43.8970382 ], [ 4.5004171, 43.8983562 ], [ 4.5000343, 43.8985676 ], [ 4.4989609, 43.8989307 ], [ 4.4983497, 43.8992631 ], [ 4.4932597, 43.89898 ], [ 4.4907427, 43.896117 ], [ 4.4905047, 43.8959663 ], [ 4.4908811, 43.8995121 ], [ 4.4922763, 43.9029809 ], [ 4.4931732, 43.9048589 ], [ 4.4932862, 43.9054658 ], [ 4.49323, 43.9058869 ], [ 4.4934892, 43.907373 ], [ 4.4934771, 43.9080024 ], [ 4.493035, 43.9086178 ], [ 4.4930024, 43.9101781 ], [ 4.4928089, 43.9107784 ], [ 4.4920149, 43.9112681 ], [ 4.491414, 43.9115257 ], [ 4.4907327, 43.9117069 ], [ 4.4903685, 43.911965699999989 ], [ 4.4905331, 43.9119751 ], [ 4.4902604, 43.9150266 ], [ 4.4891695, 43.9158354 ], [ 4.488246, 43.9178057 ], [ 4.4878516, 43.9183935 ], [ 4.4851236, 43.9183091 ], [ 4.4810596, 43.9191401 ], [ 4.4778281, 43.9200021 ], [ 4.4772688, 43.9205227 ], [ 4.4752511, 43.9233979 ], [ 4.471701, 43.9275638 ], [ 4.4705652, 43.9291147 ], [ 4.4659002, 43.9292269 ], [ 4.4614839, 43.9296695 ], [ 4.4579019, 43.9302529 ], [ 4.4557112, 43.9295702 ], [ 4.4531352, 43.9292129 ], [ 4.452123, 43.9292291 ], [ 4.4478831, 43.9297048 ], [ 4.4438631, 43.9295186 ], [ 4.4440615, 43.927912 ], [ 4.4439747, 43.9243838 ], [ 4.444093, 43.9200033 ], [ 4.444243, 43.9181534 ], [ 4.4441959, 43.9143259 ], [ 4.4444111, 43.9124977 ], [ 4.4468802, 43.9042021 ], [ 4.4475091, 43.9010669 ], [ 4.4474978, 43.9003262 ], [ 4.4471674, 43.8992244 ], [ 4.4458074, 43.8996907 ], [ 4.4446567, 43.9003108 ], [ 4.4446459, 43.9004252 ], [ 4.4438424, 43.900353 ], [ 4.442422, 43.9012377 ], [ 4.4422248, 43.9018056 ], [ 4.4395486, 43.9020146 ], [ 4.4391621, 43.9021376 ], [ 4.4384151, 43.9019854 ], [ 4.4341476, 43.9016347 ], [ 4.4330359, 43.9018302 ], [ 4.4323333, 43.9017602 ], [ 4.4299615, 43.9020442 ], [ 4.4298922, 43.901911 ], [ 4.4286679, 43.9021836 ], [ 4.4290288, 43.9007891 ], [ 4.429034, 43.8995046 ], [ 4.4291639, 43.8991726 ], [ 4.4292863, 43.8976994 ], [ 4.4299557, 43.8968904 ], [ 4.4277435, 43.8965332 ], [ 4.4257348, 43.8963921 ], [ 4.4258066, 43.8952327 ], [ 4.4257596, 43.8922532 ], [ 4.4214292, 43.8810425 ], [ 4.4213893, 43.880737 ], [ 4.4185223, 43.8742299 ], [ 4.4181418, 43.8708289 ], [ 4.41951, 43.8697122 ], [ 4.4200188, 43.8685085 ], [ 4.4205221, 43.8676361 ], [ 4.4205374, 43.8669527 ], [ 4.4204625, 43.8667899 ], [ 4.4200611, 43.8666097 ], [ 4.4178532, 43.864417 ], [ 4.4175656, 43.860096 ], [ 4.4201802, 43.8557381 ], [ 4.4204423, 43.8550227 ], [ 4.4203297, 43.8539468 ], [ 4.4204914, 43.8534965 ], [ 4.4220839, 43.8527143 ], [ 4.4247352, 43.852398 ], [ 4.4269695, 43.8519178 ], [ 4.431201, 43.8516293 ], [ 4.4314657, 43.8508275 ], [ 4.4314119, 43.8501207 ], [ 4.4316453, 43.8494561 ], [ 4.4318435, 43.849179 ], [ 4.4316939, 43.8487165 ], [ 4.4317875, 43.8481834 ], [ 4.4319945, 43.8479062 ], [ 4.4317844, 43.8471673 ], [ 4.4318008, 43.8468295 ], [ 4.4315419, 43.8456286 ], [ 4.4316389, 43.8450819 ], [ 4.4315865, 43.8446785 ], [ 4.4321831, 43.8438201 ], [ 4.4321967, 43.8433213 ], [ 4.4323363, 43.842936099999989 ], [ 4.4326648, 43.842551 ], [ 4.4328902, 43.8420152 ], [ 4.4335532, 43.8409336 ], [ 4.4342423, 43.841137 ], [ 4.4341449, 43.840925 ], [ 4.434307, 43.8407941 ], [ 4.4342113, 43.8400042 ], [ 4.4344465, 43.839219 ], [ 4.4362722, 43.839672 ], [ 4.4364323, 43.8390192 ], [ 4.436285, 43.8378555 ], [ 4.4374181, 43.8374743 ], [ 4.4381679, 43.8378694 ], [ 4.438939, 43.8379241 ], [ 4.4394271, 43.8366179 ], [ 4.4393901, 43.8365329 ], [ 4.439513, 43.8365241 ], [ 4.4398527, 43.8356943 ], [ 4.44006, 43.8343973 ], [ 4.4400051, 43.8332531 ], [ 4.441797, 43.8331646 ], [ 4.4431086, 43.8339492 ], [ 4.4442788, 43.8343469 ], [ 4.4461211, 43.8331038 ], [ 4.4473106, 43.8325003 ], [ 4.4499223, 43.8307627 ], [ 4.4569649, 43.8300514 ], [ 4.4612303, 43.8315451 ], [ 4.4640501, 43.8326576 ], [ 4.4641397, 43.8326132 ], [ 4.4672026, 43.8336989 ], [ 4.4698936, 43.8353098 ], [ 4.4732441, 43.8363041 ], [ 4.4749902, 43.8367468 ], [ 4.4789763, 43.8381761 ], [ 4.4794988, 43.8384255 ], [ 4.4831301, 43.8396345 ], [ 4.4834079, 43.8398467 ], [ 4.4836022, 43.8403382 ], [ 4.4839369, 43.8407756 ], [ 4.487141, 43.8441027 ], [ 4.4887841, 43.8441613 ], [ 4.4910887, 43.8443585 ], [ 4.4930662, 43.844984 ], [ 4.4948576, 43.8453879 ], [ 4.4985458, 43.8459862 ], [ 4.4988262, 43.845913 ], [ 4.5011755, 43.8515485 ], [ 4.5010362, 43.8570391 ], [ 4.5014586, 43.8571143 ], [ 4.5024357, 43.8570909 ], [ 4.5056936, 43.8565321 ], [ 4.5060286, 43.8563591 ], [ 4.5090061, 43.8561083 ], [ 4.5164136, 43.8577562 ], [ 4.5174237, 43.8582264 ], [ 4.5198043, 43.8587802 ], [ 4.5212147, 43.8592862 ], [ 4.5230414, 43.8595406 ], [ 4.5234451, 43.8597528 ], [ 4.5236189, 43.8600177 ], [ 4.523092, 43.8615327 ], [ 4.5225807, 43.8626514 ], [ 4.5218989, 43.8637671 ], [ 4.5213038, 43.8654316 ], [ 4.5206349, 43.8668054 ], [ 4.5218367, 43.8702603 ], [ 4.5217163, 43.8702683 ] ] ] ] } },
{ "type": "Feature", "properties": { "code_departement": 30.0, "code_rne": "0301246S", "multisecteur": 0.0 }, "geometry": { "type": "MultiPolygon", "coordinates": [ [ [ [ 4.1764459, 43.9314114 ], [ 4.1761402, 43.9321662 ], [ 4.1757454, 43.9339805 ], [ 4.1759567, 43.9342644 ], [ 4.1760136, 43.9345473 ], [ 4.175926, 43.93537 ], [ 4.1753325, 43.9373368 ], [ 4.175901, 43.9388121 ], [ 4.1758547, 43.9394085 ], [ 4.1759204, 43.939512199999989 ], [ 4.1762501, 43.9395536 ], [ 4.1762846, 43.940141 ], [ 4.1766322, 43.9411687 ], [ 4.1766217, 43.9418709 ], [ 4.1768745, 43.943617 ], [ 4.1773149, 43.9446167 ], [ 4.177068, 43.9457489 ], [ 4.1771995, 43.9468105 ], [ 4.1781465, 43.9479056 ], [ 4.1785299, 43.9486152 ], [ 4.1791716, 43.9491051 ], [ 4.1795575, 43.949632 ], [ 4.1804075, 43.9504905 ], [ 4.180604, 43.9513146 ], [ 4.1810368, 43.9516384 ], [ 4.1821069, 43.9527781 ], [ 4.1825734, 43.9531024 ], [ 4.1831801, 43.954842 ], [ 4.1829824, 43.9551043 ], [ 4.1830346, 43.9554565 ], [ 4.1829588, 43.9556464 ], [ 4.1832376, 43.955872 ], [ 4.1841824, 43.9591308 ], [ 4.2015376, 43.9550108 ], [ 4.2017343, 43.954888 ], [ 4.2023595, 43.9548136 ], [ 4.2045106, 43.9543129 ], [ 4.2067326, 43.9542155 ], [ 4.2079586, 43.9542748 ], [ 4.2086344, 43.954008099999989 ], [ 4.2087849, 43.9540542 ], [ 4.2090425, 43.9543898 ], [ 4.2103895, 43.9547511 ], [ 4.2124662, 43.9546768 ], [ 4.2129189, 43.9547581 ], [ 4.2136279, 43.9550509 ], [ 4.2149018, 43.9546101 ], [ 4.2166426, 43.9547384 ], [ 4.2228104, 43.9548684 ], [ 4.2230321, 43.9551585 ], [ 4.2233146, 43.9552588 ], [ 4.2240618, 43.9554125 ], [ 4.2246405, 43.9554429 ], [ 4.2252341, 43.9559304 ], [ 4.2256261, 43.9557325 ], [ 4.2266471, 43.9554672 ], [ 4.2288406, 43.9553211 ], [ 4.2300602, 43.9553739 ], [ 4.2301387, 43.9553164 ], [ 4.2311507, 43.9554445 ], [ 4.2321591, 43.9557517 ], [ 4.2328726, 43.9561325 ], [ 4.2339857, 43.9554062 ], [ 4.2351597, 43.9548439 ], [ 4.2373256, 43.955841 ], [ 4.24571, 43.9604694 ], [ 4.2458968, 43.9604654 ], [ 4.2466127, 43.9600414 ], [ 4.252143, 43.9616983 ], [ 4.2521971, 43.9586554 ], [ 4.2510734, 43.956337 ], [ 4.2540377, 43.9549259 ], [ 4.2545646, 43.9548614 ], [ 4.2549345, 43.9549112 ], [ 4.255815, 43.9551747 ], [ 4.2565287, 43.9546012 ], [ 4.2564292, 43.9542144 ], [ 4.2564811, 43.9539105 ], [ 4.2568735, 43.9531166 ], [ 4.256729, 43.9529455 ], [ 4.2569246, 43.9527785 ], [ 4.2568664, 43.9526225 ], [ 4.2565247, 43.9524375 ], [ 4.2564828, 43.9517251 ], [ 4.2563283, 43.9514415 ], [ 4.2572253, 43.9511 ], [ 4.2584283, 43.9507945 ], [ 4.2592511, 43.9507067 ], [ 4.2597028, 43.9507393 ], [ 4.2600342, 43.9508498 ], [ 4.2603061, 43.9510879 ], [ 4.2605413, 43.9511356 ], [ 4.2615439, 43.9509494 ], [ 4.2621416, 43.9506545 ], [ 4.2630911, 43.949873 ], [ 4.2638119, 43.9493976 ], [ 4.2647107, 43.9489164 ], [ 4.2651579, 43.9484081 ], [ 4.2657057, 43.9471579 ], [ 4.2658558, 43.9470184 ], [ 4.2661636, 43.9469077 ], [ 4.2669689, 43.946820099999989 ], [ 4.2683481, 43.946264 ], [ 4.2689201, 43.9462745 ], [ 4.2698113, 43.946518 ], [ 4.2708564, 43.9468488 ], [ 4.2713507, 43.947171499999989 ], [ 4.271688, 43.9470479 ], [ 4.2737071, 43.9471972 ], [ 4.2748267, 43.9474074 ], [ 4.276404, 43.9474124 ], [ 4.2790401, 43.947188 ], [ 4.283977, 43.9496693 ], [ 4.2842631, 43.949872 ], [ 4.2865224, 43.9522154 ], [ 4.2892775, 43.9585195 ], [ 4.2916224, 43.9574657 ], [ 4.2936928, 43.959588 ], [ 4.293832, 43.9600094 ], [ 4.2943149, 43.9603142 ], [ 4.2948872, 43.960824 ], [ 4.2979675, 43.9618046 ], [ 4.3030839, 43.9657258 ], [ 4.3031674, 43.9659435 ], [ 4.3043423, 43.9663147 ], [ 4.3063984, 43.9667951 ], [ 4.3075767, 43.9672023 ], [ 4.3087179, 43.9673479 ], [ 4.3104833, 43.9673286 ], [ 4.3123841, 43.9670133 ], [ 4.3134365, 43.9671473 ], [ 4.3143981, 43.9670197 ], [ 4.3154082, 43.9670453 ], [ 4.3189645, 43.965787299999988 ], [ 4.3213761, 43.9653091 ], [ 4.3244071, 43.9645676 ], [ 4.3246245, 43.9643786 ], [ 4.3265819, 43.9637185 ], [ 4.3304668, 43.9628927 ], [ 4.3349198, 43.9630734 ], [ 4.3358952, 43.9628427 ], [ 4.3372609, 43.9627333 ], [ 4.3387472, 43.9623992 ], [ 4.3403291, 43.9648614 ], [ 4.3419794, 43.9662534 ], [ 4.3419506, 43.9664617 ], [ 4.341773, 43.966643 ], [ 4.3407859, 43.9673293 ], [ 4.3411693, 43.969483 ], [ 4.3427863, 43.9700383 ], [ 4.3430329, 43.9701865 ], [ 4.3435605, 43.9706796 ], [ 4.343893, 43.971518 ], [ 4.3489145, 43.973044 ], [ 4.3511216, 43.9736135 ], [ 4.3536644, 43.9748269 ], [ 4.3566121, 43.9759749 ], [ 4.3546913, 43.9788062 ], [ 4.3538028, 43.9798172 ], [ 4.3534256, 43.9805725 ], [ 4.3526913, 43.981146 ], [ 4.3532154, 43.9819046 ], [ 4.3508576, 43.9866684 ], [ 4.3463412, 43.9904307 ], [ 4.3451769, 43.9914955 ], [ 4.3439139, 43.9928144 ], [ 4.3411475, 43.992933 ], [ 4.3406751, 43.993577 ], [ 4.3407335, 43.9956321 ], [ 4.3409202, 43.9960979 ], [ 4.3420089, 43.9976939 ], [ 4.3412193, 43.9984201 ], [ 4.3417043, 43.9997427 ], [ 4.3416618, 44.0004796 ], [ 4.3418822, 44.0013131 ], [ 4.3425752, 44.0031003 ], [ 4.3422431, 44.0097536 ], [ 4.3422227, 44.0142383 ], [ 4.342061, 44.0154726 ], [ 4.3414195, 44.0165165 ], [ 4.3398909, 44.0181365 ], [ 4.3390025, 44.019449 ], [ 4.3389593, 44.0198951 ], [ 4.339039, 44.0200462 ], [ 4.3389123, 44.0203898 ], [ 4.3378706, 44.0212874 ], [ 4.3369312, 44.0227202 ], [ 4.3367618, 44.0228384 ], [ 4.3352812, 44.0231598 ], [ 4.3348438, 44.0234991 ], [ 4.3318912, 44.0246827 ], [ 4.3312009, 44.0248244 ], [ 4.3291238, 44.0256786 ], [ 4.3257972, 44.0268846 ], [ 4.3254578, 44.0269329 ], [ 4.324262, 44.0273362 ], [ 4.3173785, 44.029946 ], [ 4.3168791, 44.029717 ], [ 4.3169861, 44.0292738 ], [ 4.3162862, 44.0283524 ], [ 4.3145905, 44.026775 ], [ 4.3146134, 44.0265272 ], [ 4.3144328, 44.0260532 ], [ 4.3145921, 44.0254932 ], [ 4.3145757, 44.025055 ], [ 4.3142016, 44.0241954 ], [ 4.313549, 44.0232689 ], [ 4.3132817, 44.0236871 ], [ 4.3127683, 44.0237626 ], [ 4.3124164, 44.0235994 ], [ 4.3121216, 44.0230925 ], [ 4.3118055, 44.0231242 ], [ 4.311258, 44.0235088 ], [ 4.3101385, 44.0247923 ], [ 4.3099235, 44.0248813 ], [ 4.3096538, 44.0247621 ], [ 4.3094823, 44.0243564 ], [ 4.3092064, 44.0241851 ], [ 4.3085695, 44.0242629 ], [ 4.3081363, 44.024738899999988 ], [ 4.306774, 44.0229414 ], [ 4.3060823, 44.0218812 ], [ 4.3036895, 44.0223634 ], [ 4.3028211, 44.0226807 ], [ 4.3020543, 44.022862599999989 ], [ 4.3018355, 44.0226753 ], [ 4.3013577, 44.022456 ], [ 4.3006273, 44.0224853 ], [ 4.2996341, 44.022255 ], [ 4.2981515, 44.0225561 ], [ 4.2977315, 44.022355 ], [ 4.2974965, 44.0223335 ], [ 4.2969028, 44.0226097 ], [ 4.2946728, 44.0233976 ], [ 4.2935896, 44.0240945 ], [ 4.2936557, 44.0243115 ], [ 4.2933062, 44.0243616 ], [ 4.2929185, 44.0245345 ], [ 4.2925973, 44.0245086 ], [ 4.2922718, 44.0243513 ], [ 4.2914572, 44.0242961 ], [ 4.2910861, 44.0240475 ], [ 4.2907875, 44.0239727 ], [ 4.2905486, 44.023723499999988 ], [ 4.290004, 44.0240234 ], [ 4.2901995, 44.0242839 ], [ 4.2909945, 44.0260613 ], [ 4.2907273, 44.0262148 ], [ 4.290182, 44.0269269 ], [ 4.2901292, 44.0271859 ], [ 4.2902238, 44.0274485 ], [ 4.2905242, 44.0277159 ], [ 4.290752, 44.0291255 ], [ 4.291166, 44.0298308 ], [ 4.2906517, 44.0309737 ], [ 4.2909255, 44.0313846 ], [ 4.2911662, 44.0315464 ], [ 4.2912763, 44.0319421 ], [ 4.290904, 44.0321409 ], [ 4.2909115, 44.0324181 ], [ 4.2906086, 44.033257 ], [ 4.2903531, 44.0356903 ], [ 4.286906, 44.0355995 ], [ 4.2857849, 44.0354623 ], [ 4.2838874, 44.0355845 ], [ 4.2791768, 44.0355092 ], [ 4.2758205, 44.0347337 ], [ 4.2750132, 44.0346198 ], [ 4.2729681, 44.0345059 ], [ 4.2709982, 44.0341787 ], [ 4.2625955, 44.0466977 ], [ 4.2615381, 44.048144699999987 ], [ 4.2614772, 44.0484946 ], [ 4.2619263, 44.0491618 ], [ 4.2623895, 44.049621 ], [ 4.2636506, 44.0504921 ], [ 4.2644792, 44.051724799999988 ], [ 4.2649709, 44.0523393 ], [ 4.2652464, 44.0525485 ], [ 4.2652522, 44.053147 ], [ 4.2645777, 44.053685 ], [ 4.2636438, 44.0542377 ], [ 4.2633404, 44.0542871 ], [ 4.2627321, 44.054268 ], [ 4.26207, 44.0541271 ], [ 4.2592053, 44.0541142 ], [ 4.2578437, 44.0539516 ], [ 4.2562256, 44.0535894 ], [ 4.2558398, 44.0538657 ], [ 4.2554648, 44.0538961 ], [ 4.2534069, 44.054870199999989 ], [ 4.2540393, 44.0558747 ], [ 4.2546664, 44.0565786 ], [ 4.254942, 44.0570202 ], [ 4.2550406, 44.0576401 ], [ 4.2576615, 44.0623151 ], [ 4.2576342, 44.0627204 ], [ 4.2555712, 44.0637009 ], [ 4.2553075, 44.0634069 ], [ 4.2549873, 44.0633791 ], [ 4.2546044, 44.0633916 ], [ 4.2530335, 44.0637111 ], [ 4.2509042, 44.0637256 ], [ 4.2503905, 44.0636441 ], [ 4.2511282, 44.0650039 ], [ 4.251495, 44.0653337 ], [ 4.2517078, 44.0654158 ], [ 4.2523735, 44.0652021 ], [ 4.2525617, 44.065244899999989 ], [ 4.258228, 44.0718518 ], [ 4.2589719, 44.073366299999989 ], [ 4.2589345, 44.073482 ], [ 4.2591475, 44.0736829 ], [ 4.2594642, 44.074340899999989 ], [ 4.2596472, 44.0744297 ], [ 4.260284, 44.0761219 ], [ 4.2589166, 44.0765102 ], [ 4.2577768, 44.076463 ], [ 4.2576068, 44.076510899999988 ], [ 4.2554465, 44.0776347 ], [ 4.254806, 44.0776394 ], [ 4.2541352, 44.077398599999988 ], [ 4.2533528, 44.0777613 ], [ 4.2531733, 44.0782306 ], [ 4.2527547, 44.0784973 ], [ 4.2517201, 44.0786388 ], [ 4.2510194, 44.07914 ], [ 4.2504908, 44.0794071 ], [ 4.2493556, 44.0797981 ], [ 4.2487739, 44.0798597 ], [ 4.2482476, 44.080061 ], [ 4.247316, 44.0808565 ], [ 4.2466434, 44.080992 ], [ 4.2457717, 44.0813278 ], [ 4.2424502, 44.0828202 ], [ 4.2415259, 44.0829251 ], [ 4.2406697, 44.0834038 ], [ 4.2400027, 44.0835707 ], [ 4.2389592, 44.0841055 ], [ 4.2381915, 44.0842375 ], [ 4.2393309, 44.0856342 ], [ 4.2388911, 44.0856275 ], [ 4.2387261, 44.0857311 ], [ 4.2387288, 44.0859741 ], [ 4.2383237, 44.0861812 ], [ 4.2361598, 44.0868862 ], [ 4.2358453, 44.0868942 ], [ 4.2353649, 44.0866224 ], [ 4.2338371, 44.0871806 ], [ 4.233175, 44.0872862 ], [ 4.2325729, 44.0867006 ], [ 4.2314249, 44.0863994 ], [ 4.2297037, 44.085632 ], [ 4.2290064, 44.0854382 ], [ 4.2282475, 44.0853954 ], [ 4.2272713, 44.0850679 ], [ 4.2268354, 44.0850026 ], [ 4.2265395, 44.0844856 ], [ 4.2254621, 44.0836884 ], [ 4.225262, 44.0832667 ], [ 4.2252766, 44.0829038 ], [ 4.2251775, 44.0828239 ], [ 4.2246516, 44.0828172 ], [ 4.2236318, 44.0824865 ], [ 4.2231151, 44.0827308 ], [ 4.2228144, 44.0827441 ], [ 4.2222354, 44.0826488 ], [ 4.2210365, 44.0827009 ], [ 4.2195666, 44.0825805 ], [ 4.2181811, 44.0827237 ], [ 4.2177362, 44.0826467 ], [ 4.2165567, 44.082208 ], [ 4.2152507, 44.0813961 ], [ 4.2151262, 44.0811248 ], [ 4.215185, 44.0804859 ], [ 4.2150961, 44.0799486 ], [ 4.215316, 44.0789596 ], [ 4.2147018, 44.0782652 ], [ 4.21413, 44.0778548 ], [ 4.2141576, 44.0776889 ], [ 4.2103855, 44.0780394 ], [ 4.2101872, 44.0792289 ], [ 4.2097162, 44.0805068 ], [ 4.2092093, 44.0823928 ], [ 4.2073261, 44.0863877 ], [ 4.2068858, 44.0866491 ], [ 4.2064842, 44.0880289 ], [ 4.2061517, 44.0883081 ], [ 4.2058288, 44.0889867 ], [ 4.2059265, 44.0896445 ], [ 4.2057933, 44.0902545 ], [ 4.2053049, 44.0905497 ], [ 4.2038015, 44.090442 ], [ 4.2029177, 44.0889287 ], [ 4.2007897, 44.0879259 ], [ 4.2005826, 44.0879372 ], [ 4.1995935, 44.0876384 ], [ 4.2001354, 44.0870446 ], [ 4.2002204, 44.086807 ], [ 4.1984054, 44.0862525 ], [ 4.1932215, 44.0839868 ], [ 4.1933403, 44.0835795 ], [ 4.1932988, 44.0830291 ], [ 4.1927526, 44.0830053 ], [ 4.1926319, 44.082012 ], [ 4.1924699, 44.0820894 ], [ 4.192321, 44.0820154 ], [ 4.1915783, 44.0821504 ], [ 4.1914258, 44.0820197 ], [ 4.1906554, 44.0811307 ], [ 4.1900559, 44.0801686 ], [ 4.1897609, 44.0793779 ], [ 4.1894681, 44.0789896 ], [ 4.1887852, 44.0784551 ], [ 4.1873364, 44.0781981 ], [ 4.1876512, 44.0774871 ], [ 4.1869544, 44.0770032 ], [ 4.1812803, 44.0757819 ], [ 4.1810327, 44.0766676 ], [ 4.1810153, 44.0770899 ], [ 4.1808543, 44.077398599999988 ], [ 4.1808779, 44.0776927 ], [ 4.1810801, 44.07793 ], [ 4.1809964, 44.0779849 ], [ 4.1802699, 44.0778739 ], [ 4.1796847, 44.0776543 ], [ 4.178753, 44.0775815 ], [ 4.1776418, 44.0771029 ], [ 4.1764144, 44.0769225 ], [ 4.1758805, 44.0767068 ], [ 4.1751767, 44.0765442 ], [ 4.1741909, 44.0759067 ], [ 4.1733879, 44.0751745 ], [ 4.1717399, 44.0742083 ], [ 4.1716626, 44.0739688 ], [ 4.1717496, 44.0736483 ], [ 4.1710055, 44.0731036 ], [ 4.1709752, 44.0726602 ], [ 4.1703812, 44.0721922 ], [ 4.1698996, 44.0720218 ], [ 4.169238, 44.071359199999989 ], [ 4.1702546, 44.070161 ], [ 4.1698624, 44.0699681 ], [ 4.1696656, 44.0696903 ], [ 4.1695926, 44.0689322 ], [ 4.1694318, 44.0687602 ], [ 4.1694875, 44.0683708 ], [ 4.1693761, 44.0678103 ], [ 4.1692625, 44.0676891 ], [ 4.1683727, 44.0674628 ], [ 4.1683367, 44.0672885 ], [ 4.1687425, 44.0658935 ], [ 4.1687211, 44.0655229 ], [ 4.1678874, 44.0652266 ], [ 4.1676925, 44.0652791 ], [ 4.1675251, 44.0652134 ], [ 4.1688252, 44.0644488 ], [ 4.1697773, 44.0640048 ], [ 4.1709488, 44.0627618 ], [ 4.1716703, 44.0623967 ], [ 4.1724717, 44.0618508 ], [ 4.1733685, 44.0607259 ], [ 4.173632, 44.0601227 ], [ 4.1742294, 44.0591901 ], [ 4.1746459, 44.0586285 ], [ 4.1749892, 44.058325 ], [ 4.1743803, 44.0579733 ], [ 4.1733903, 44.0577256 ], [ 4.1706289, 44.0560044 ], [ 4.1699716, 44.0557837 ], [ 4.1675637, 44.055651 ], [ 4.165265, 44.0550598 ], [ 4.1636031, 44.0548444 ], [ 4.1623128, 44.054366599999987 ], [ 4.1603418, 44.0541103 ], [ 4.1597007, 44.0546859 ], [ 4.1584484, 44.0555201 ], [ 4.1578396, 44.0560288 ], [ 4.1573657, 44.0565406 ], [ 4.1569201, 44.0572114 ], [ 4.156593, 44.0574543 ], [ 4.1559815, 44.0577056 ], [ 4.1547304, 44.058609 ], [ 4.1534868, 44.0590226 ], [ 4.1529181, 44.0592906 ], [ 4.1523801, 44.0598471 ], [ 4.1517554, 44.0601885 ], [ 4.1508359, 44.0604565 ], [ 4.1495361, 44.0611813 ], [ 4.1490952, 44.0615378 ], [ 4.1485404, 44.0617561 ], [ 4.1473781, 44.0620572 ], [ 4.1472864, 44.0624659 ], [ 4.1466912, 44.0627233 ], [ 4.1461439, 44.0631278 ], [ 4.1454161, 44.0638717 ], [ 4.1448548, 44.0642061 ], [ 4.1438715, 44.0644081 ], [ 4.143435, 44.064617 ], [ 4.1430175, 44.0650858 ], [ 4.1425205, 44.0658858 ], [ 4.1421126, 44.0662159 ], [ 4.1414087, 44.0665995 ], [ 4.1403302, 44.066978 ], [ 4.1401569, 44.067176 ], [ 4.1401832, 44.067367399999988 ], [ 4.1400822, 44.0675566 ], [ 4.1391696, 44.0684914 ], [ 4.137403, 44.0707403 ], [ 4.135988, 44.072088099999988 ], [ 4.1352613, 44.0730227 ], [ 4.1346769, 44.0739604 ], [ 4.1339545, 44.0748644 ], [ 4.1339867, 44.0752898 ], [ 4.1337442, 44.0753347 ], [ 4.1330386, 44.0758928 ], [ 4.1324465, 44.0761924 ], [ 4.1300361, 44.0752182 ], [ 4.1288748, 44.07433 ], [ 4.1270781, 44.0737589 ], [ 4.1242424, 44.072167 ], [ 4.1241367, 44.071934 ], [ 4.1237169, 44.0717277 ], [ 4.1235377, 44.0713767 ], [ 4.1227772, 44.0710505 ], [ 4.1226344, 44.0710286 ], [ 4.1217575, 44.0714471 ], [ 4.1214455, 44.0711992 ], [ 4.1184529, 44.0719004 ], [ 4.1185065, 44.0729746 ], [ 4.11748, 44.0725791 ], [ 4.1158141, 44.0724314 ], [ 4.1135802, 44.0727998 ], [ 4.1103236, 44.0734755 ], [ 4.1101609, 44.0726257 ], [ 4.1099548, 44.0720445 ], [ 4.1097535, 44.0718341 ], [ 4.1069736, 44.070576 ], [ 4.1067001, 44.0689657 ], [ 4.1065449, 44.0685586 ], [ 4.1064188, 44.0672133 ], [ 4.1066518, 44.0671867 ], [ 4.1081105, 44.0633725 ], [ 4.1054548, 44.0608359 ], [ 4.1045482, 44.0601069 ], [ 4.105281, 44.0570914 ], [ 4.1057379, 44.0561948 ], [ 4.1061208, 44.0550234 ], [ 4.1044492, 44.0548729 ], [ 4.1058565, 44.0520837 ], [ 4.1067875, 44.0517583 ], [ 4.1079339, 44.0511518 ], [ 4.1092647, 44.0502121 ], [ 4.1101832, 44.0479696 ], [ 4.112915, 44.0420336 ], [ 4.1131231, 44.0417614 ], [ 4.1131458, 44.0414552 ], [ 4.1138633, 44.0401157 ], [ 4.114045, 44.0393893 ], [ 4.1140476, 44.038563 ], [ 4.1145597, 44.038142799999989 ], [ 4.1173103, 44.0367754 ], [ 4.1177658, 44.0367159 ], [ 4.1180088, 44.036762 ], [ 4.1234354, 44.035007899999989 ], [ 4.1235293, 44.0345182 ], [ 4.1238178, 44.0340256 ], [ 4.124181, 44.033777 ], [ 4.1241723, 44.0334621 ], [ 4.1254071, 44.0314899 ], [ 4.1265035, 44.0316649 ], [ 4.1275307, 44.0314329 ], [ 4.1299589, 44.031641 ], [ 4.1314399, 44.0322108 ], [ 4.1320264, 44.0323442 ], [ 4.1344738, 44.0325718 ], [ 4.1367617, 44.0319954 ], [ 4.1382085, 44.031911099999988 ], [ 4.1389267, 44.0319549 ], [ 4.1392273, 44.0318267 ], [ 4.1402686, 44.0310552 ], [ 4.1411943, 44.0302427 ], [ 4.141604, 44.0296453 ], [ 4.1418668, 44.0285678 ], [ 4.142075, 44.0284972 ], [ 4.142146, 44.0278043 ], [ 4.1451278, 44.0278163 ], [ 4.1445365, 44.0262032 ], [ 4.1447187, 44.025276 ], [ 4.1446233, 44.0241303 ], [ 4.1444148, 44.0232504 ], [ 4.1438849, 44.0222694 ], [ 4.1432334, 44.0213815 ], [ 4.1423746, 44.0205435 ], [ 4.1419536, 44.0199494 ], [ 4.1416111, 44.0194174 ], [ 4.141533, 44.0191284 ], [ 4.1411347, 44.0186717 ], [ 4.1410311, 44.0181102 ], [ 4.1405077, 44.0174487 ], [ 4.139846, 44.0169821 ], [ 4.1390348, 44.0166467 ], [ 4.1387851, 44.016634 ], [ 4.1377642, 44.0159768 ], [ 4.1368055, 44.0151839 ], [ 4.1374873, 44.0124153 ], [ 4.1393132, 44.0121668 ], [ 4.1441125, 44.0117378 ], [ 4.1453097, 44.0117333 ], [ 4.1471784, 44.0118803 ], [ 4.1481069, 44.0121577 ], [ 4.1493766, 44.012778 ], [ 4.1502225, 44.0132885 ], [ 4.1514806, 44.0142608 ], [ 4.1534941, 44.0155114 ], [ 4.1540806, 44.0150984 ], [ 4.1543806, 44.0145759 ], [ 4.1544076, 44.0141841 ], [ 4.1538354, 44.0133998 ], [ 4.1538124, 44.0131831 ], [ 4.1535282, 44.0127604 ], [ 4.153554, 44.0124334 ], [ 4.1536502, 44.0120723 ], [ 4.1542179, 44.0112824 ], [ 4.1542473, 44.0106439 ], [ 4.1544666, 44.0103878 ], [ 4.1553045, 44.0100711 ], [ 4.1543908, 44.0094138 ], [ 4.1540357, 44.0089981 ], [ 4.1536358, 44.0087737 ], [ 4.1532683, 44.0083644 ], [ 4.1517365, 44.0076685 ], [ 4.1509375, 44.0071279 ], [ 4.1510684, 44.0064488 ], [ 4.1527783, 44.0015874 ], [ 4.1527734, 44.0009133 ], [ 4.1524645, 44.000128 ], [ 4.1524488, 43.9998474 ], [ 4.1526102, 43.9991319 ], [ 4.1531027, 43.9982707 ], [ 4.1529279, 43.9972114 ], [ 4.1553496, 43.995995 ], [ 4.1563579, 43.9948683 ], [ 4.1564241, 43.994568699999988 ], [ 4.1563653, 43.9942498 ], [ 4.1565592, 43.994038 ], [ 4.1571614, 43.9936653 ], [ 4.1576097, 43.9928406 ], [ 4.1575806, 43.9925142 ], [ 4.1582773, 43.9913385 ], [ 4.1585025, 43.9903307 ], [ 4.1548156, 43.9892059 ], [ 4.1531572, 43.9884521 ], [ 4.1519771, 43.988046 ], [ 4.151178, 43.9879221 ], [ 4.150265, 43.9875896 ], [ 4.1492636, 43.986953 ], [ 4.1489518, 43.9864522 ], [ 4.1487981, 43.986002 ], [ 4.1484295, 43.9857134 ], [ 4.1481666, 43.985285 ], [ 4.1473233, 43.984698 ], [ 4.1470776, 43.9843225 ], [ 4.1461386, 43.984056 ], [ 4.1459197, 43.9835219 ], [ 4.1459652, 43.982994 ], [ 4.1457781, 43.9824919 ], [ 4.1458669, 43.9813938 ], [ 4.145598, 43.9797971 ], [ 4.1460855, 43.9789973 ], [ 4.1461712, 43.9786084 ], [ 4.1457031, 43.9780787 ], [ 4.1459287, 43.9776452 ], [ 4.1456909, 43.9767287 ], [ 4.1453824, 43.9764484 ], [ 4.1452449, 43.9758045 ], [ 4.1448241, 43.9750844 ], [ 4.1450748, 43.974845 ], [ 4.1448902, 43.9747786 ], [ 4.1448105, 43.9746579 ], [ 4.1448778, 43.9742224 ], [ 4.1446179, 43.9718283 ], [ 4.1446106, 43.9709679 ], [ 4.1448443, 43.9699466 ], [ 4.1448908, 43.9692827 ], [ 4.144449, 43.9588799 ], [ 4.1442593, 43.9588648 ], [ 4.1440051, 43.9568171 ], [ 4.1432491, 43.9557098 ], [ 4.1423294, 43.9547077 ], [ 4.1417415, 43.9542792 ], [ 4.1355806, 43.9512849 ], [ 4.1353454, 43.9509211 ], [ 4.134951, 43.9506371 ], [ 4.1338945, 43.9502602 ], [ 4.1322649, 43.9501925 ], [ 4.1318369, 43.9500979 ], [ 4.131518, 43.9498438 ], [ 4.130594, 43.9485474 ], [ 4.1292423, 43.948483 ], [ 4.1271474, 43.9478755 ], [ 4.1265185, 43.9475724 ], [ 4.1258964, 43.9470469 ], [ 4.1253544, 43.9468526 ], [ 4.1242958, 43.9462983 ], [ 4.1232553, 43.9455845 ], [ 4.1228986, 43.9444235 ], [ 4.1222615, 43.9436983 ], [ 4.1219196, 43.9434786 ], [ 4.1213788, 43.9434085 ], [ 4.1201282, 43.9425834 ], [ 4.1199659, 43.9423753 ], [ 4.119909, 43.9420177 ], [ 4.1200108, 43.9412993 ], [ 4.119945, 43.9411848 ], [ 4.1197858, 43.9410721 ], [ 4.1185653, 43.9408281 ], [ 4.1177145, 43.9405056 ], [ 4.1175547, 43.9403605 ], [ 4.1174622, 43.9398979 ], [ 4.1173487, 43.9401475 ], [ 4.1173155, 43.9409336 ], [ 4.1168645, 43.9409904 ], [ 4.1167306, 43.9411511 ], [ 4.1150024, 43.9418897 ], [ 4.1139969, 43.9421294 ], [ 4.1133384, 43.9424719 ], [ 4.1076569, 43.9446492 ], [ 4.1052549, 43.9455331 ], [ 4.1041499, 43.9458539 ], [ 4.1005215, 43.9474233 ], [ 4.1008105, 43.9466508 ], [ 4.1009114, 43.9454239 ], [ 4.1006971, 43.9444495 ], [ 4.1001182, 43.9434986 ], [ 4.10004, 43.9429972 ], [ 4.1006138, 43.9418114 ], [ 4.1012801, 43.939353 ], [ 4.1018155, 43.9363765 ], [ 4.1020551, 43.935499299999989 ], [ 4.102984, 43.9351659 ], [ 4.1037487, 43.9343913 ], [ 4.1044361, 43.9339991 ], [ 4.1049595, 43.9334979 ], [ 4.1050494, 43.9331901 ], [ 4.1058608, 43.9322549 ], [ 4.1071645, 43.9300626 ], [ 4.1075932, 43.9298207 ], [ 4.1083465, 43.9284 ], [ 4.1086418, 43.9283466 ], [ 4.1088413, 43.9277811 ], [ 4.1105985, 43.925353 ], [ 4.1102861, 43.9251032 ], [ 4.1102551, 43.924856 ], [ 4.110701, 43.9244744 ], [ 4.1110427, 43.923669 ], [ 4.1114345, 43.92326 ], [ 4.1119142, 43.9228924 ], [ 4.1122786, 43.9229355 ], [ 4.1127838, 43.9227251 ], [ 4.1129988, 43.9224457 ], [ 4.1134959, 43.9223308 ], [ 4.1138295, 43.9220061 ], [ 4.1147205, 43.9215344 ], [ 4.1158834, 43.920762 ], [ 4.1164606, 43.9206049 ], [ 4.1166992, 43.9203919 ], [ 4.1171762, 43.9202061 ], [ 4.1172208, 43.9200661 ], [ 4.1175416, 43.9199791 ], [ 4.1179603, 43.9193601 ], [ 4.1184907, 43.9188498 ], [ 4.1187127, 43.9187413 ], [ 4.1188074, 43.9184289 ], [ 4.1198778, 43.9180264 ], [ 4.1205517, 43.9175983 ], [ 4.1207523, 43.9172254 ], [ 4.1316989, 43.9082238 ], [ 4.1360002, 43.9048553 ], [ 4.1402959, 43.9047799 ], [ 4.1485493, 43.9047879 ], [ 4.1494991, 43.9054035 ], [ 4.1542584, 43.9099714 ], [ 4.1586472, 43.9179623 ], [ 4.1612827, 43.920449 ], [ 4.1618346, 43.9202199 ], [ 4.1621243, 43.9197695 ], [ 4.1627762, 43.919254099999989 ], [ 4.1632397, 43.919025 ], [ 4.163665, 43.9189359 ], [ 4.1645803, 43.9193654 ], [ 4.1662919, 43.9196459 ], [ 4.1666252, 43.9199934 ], [ 4.1666953, 43.9203184 ], [ 4.1670118, 43.9205104 ], [ 4.1672983, 43.9205766 ], [ 4.166951, 43.9207657 ], [ 4.1653611, 43.9229104 ], [ 4.1652097, 43.9232378 ], [ 4.1647609, 43.9234559 ], [ 4.164991, 43.9236263 ], [ 4.1649784, 43.9238019 ], [ 4.1652034, 43.9242118 ], [ 4.1652118, 43.9247454 ], [ 4.1654027, 43.9253725 ], [ 4.166115, 43.9256142 ], [ 4.1677288, 43.9263413 ], [ 4.1686982, 43.9266712 ], [ 4.1687041, 43.9265334 ], [ 4.1696722, 43.9268606 ], [ 4.1699041, 43.9268734 ], [ 4.1708314, 43.9272766 ], [ 4.1712911, 43.9272869 ], [ 4.1716517, 43.9273812 ], [ 4.1728928, 43.9279619 ], [ 4.1741022, 43.9288796 ], [ 4.1764459, 43.9314114 ] ] ] ] } },
{ "type": "Feature", "properties": { "code_departement": 30.0, "code_rne": "0301282F", "multisecteur": 0.0 }, "geometry": { "type": "MultiPolygon", "coordinates": [ [ [ [ 4.6387841, 43.8021213 ], [ 4.6393017, 43.8017323 ], [ 4.639596, 43.801652 ], [ 4.6395625, 43.8014853 ], [ 4.6399261, 43.8013598 ], [ 4.6400027, 43.8012282 ], [ 4.640507, 43.8011146 ], [ 4.6409402, 43.8012735 ], [ 4.640832, 43.8015674 ], [ 4.6411637, 43.8017842 ], [ 4.6411275, 43.8019419 ], [ 4.6414145, 43.8020563 ], [ 4.641575, 43.8026872 ], [ 4.6406774, 43.8030436 ], [ 4.6402259, 43.8034738 ], [ 4.6392868, 43.803196 ], [ 4.638937, 43.8031611 ], [ 4.6389128, 43.8024742 ], [ 4.6387558, 43.8022526 ], [ 4.6387841, 43.8021213 ] ] ], [ [ [ 4.645616, 43.8061449 ], [ 4.645666, 43.8062863 ], [ 4.6455922, 43.8063459 ], [ 4.6453436, 43.8062931 ], [ 4.645616, 43.8061449 ] ] ], [ [ [ 4.6342594, 43.8087396 ], [ 4.6344098, 43.8086833 ], [ 4.6351167, 43.8088203 ], [ 4.6350936, 43.8095447 ], [ 4.6343219, 43.8091448 ], [ 4.6342594, 43.8087396 ] ] ], [ [ [ 4.5493133, 43.8521843 ], [ 4.5485031, 43.852302 ], [ 4.5467764, 43.8523364 ], [ 4.5431834, 43.8534574 ], [ 4.5353644, 43.8557135 ], [ 4.533791, 43.8526565 ], [ 4.5340747, 43.8512727 ], [ 4.534505, 43.8478886 ], [ 4.53564, 43.842735 ], [ 4.534286, 43.842190599999988 ], [ 4.5335202, 43.8417342 ], [ 4.5316789, 43.8410563 ], [ 4.5290706, 43.8398733 ], [ 4.5284726, 43.8379708 ], [ 4.5283268, 43.8368891 ], [ 4.5276383, 43.8345316 ], [ 4.5275699, 43.8326685 ], [ 4.5272743, 43.8321245 ], [ 4.527189, 43.8315821 ], [ 4.521547, 43.8275305 ], [ 4.5259384, 43.8233001 ], [ 4.5267064, 43.8201265 ], [ 4.5355747, 43.8080014 ], [ 4.536354, 43.8067079 ], [ 4.5401051, 43.7991539 ], [ 4.527301, 43.7877594 ], [ 4.5270743, 43.784293 ], [ 4.5309913, 43.780672 ], [ 4.5291335, 43.7764166 ], [ 4.5291786, 43.7762459 ], [ 4.5295645, 43.7759075 ], [ 4.5365853, 43.7724929 ], [ 4.5383991, 43.7704288 ], [ 4.5387962, 43.7701396 ], [ 4.5506804, 43.7652576 ], [ 4.5508937, 43.7651547 ], [ 4.5521612, 43.763900899999989 ], [ 4.5513688, 43.7633929 ], [ 4.5521383, 43.7625521 ], [ 4.54879, 43.7598366 ], [ 4.5443007, 43.7425731 ], [ 4.5363594, 43.7365131 ], [ 4.5354486, 43.7356925 ], [ 4.5340146, 43.7346138 ], [ 4.5326639, 43.7326582 ], [ 4.5323451, 43.7319714 ], [ 4.5325941, 43.7317672 ], [ 4.534274, 43.7308634 ], [ 4.5329323, 43.7299346 ], [ 4.5581593, 43.7271797 ], [ 4.5867044, 43.7243149 ], [ 4.5867543, 43.724369 ], [ 4.5877381, 43.7244447 ], [ 4.5950556, 43.7248138 ], [ 4.5953854, 43.7247136 ], [ 4.5968682, 43.7247936 ], [ 4.6024203, 43.7246481 ], [ 4.6053802, 43.7247368 ], [ 4.6069951, 43.7248777 ], [ 4.6074423, 43.72498 ], [ 4.6078526, 43.7248767 ], [ 4.6088044, 43.7248284 ], [ 4.6123017, 43.7247398 ], [ 4.6127083, 43.7270163 ], [ 4.6141981, 43.7312153 ], [ 4.6146176, 43.7319606 ], [ 4.6160147, 43.7340541 ], [ 4.6187388, 43.7377703 ], [ 4.6199528, 43.7392608 ], [ 4.6203351, 43.7396106 ], [ 4.6238189, 43.745053399999989 ], [ 4.6256242, 43.7487743 ], [ 4.6259679, 43.7506898 ], [ 4.6263561, 43.7516795 ], [ 4.6264976, 43.7523344 ], [ 4.6279362, 43.7560398 ], [ 4.6158743, 43.7656069 ], [ 4.6177099, 43.7670745 ], [ 4.6181431, 43.7682159 ], [ 4.6173376, 43.7693574 ], [ 4.6186516, 43.7702977 ], [ 4.6193694, 43.7714347 ], [ 4.6199102, 43.7716188 ], [ 4.620614, 43.7734579 ], [ 4.6201568, 43.7739983 ], [ 4.6203153, 43.7759439 ], [ 4.6206314, 43.7759929 ], [ 4.6231324, 43.7784713 ], [ 4.6230114, 43.7787425 ], [ 4.6229147, 43.7805936 ], [ 4.6240588, 43.7811412 ], [ 4.6249767, 43.7832117 ], [ 4.6292172, 43.7826504 ], [ 4.6297921, 43.7836478 ], [ 4.6297328, 43.7837565 ], [ 4.6260326, 43.7850604 ], [ 4.6289267, 43.7859302 ], [ 4.629325, 43.7863995 ], [ 4.6291494, 43.7876326 ], [ 4.6286952, 43.7888513 ], [ 4.6292893, 43.7892354 ], [ 4.6295921, 43.789684 ], [ 4.6292421, 43.7907958 ], [ 4.6300028, 43.7919909 ], [ 4.6303121, 43.7920201 ], [ 4.6320692, 43.7933844 ], [ 4.6318222, 43.7942209 ], [ 4.6318777, 43.7944706 ], [ 4.6312203, 43.7947394 ], [ 4.6296545, 43.7963985 ], [ 4.6308053, 43.7965042 ], [ 4.6313733, 43.7962361 ], [ 4.6327337, 43.7968353 ], [ 4.6328698, 43.7974745 ], [ 4.6323335, 43.7976342 ], [ 4.6320373, 43.7979458 ], [ 4.6320518, 43.7982334 ], [ 4.6316759, 43.7988362 ], [ 4.63191, 43.799559 ], [ 4.6327446, 43.7999668 ], [ 4.6325311, 43.800244899999988 ], [ 4.6326161, 43.8010745 ], [ 4.6336122, 43.8015788 ], [ 4.6354142, 43.8010981 ], [ 4.6358539, 43.8013259 ], [ 4.6358378, 43.8016462 ], [ 4.6351992, 43.8032277 ], [ 4.6353369, 43.8035735 ], [ 4.6358237, 43.803656 ], [ 4.6360308, 43.8041728 ], [ 4.6363674, 43.804448 ], [ 4.6363875, 43.8047625 ], [ 4.636661, 43.8049442 ], [ 4.6368165, 43.8048867 ], [ 4.6370589, 43.8051128 ], [ 4.6372541, 43.8051674 ], [ 4.6375039, 43.8050929 ], [ 4.637498, 43.8052232 ], [ 4.6377961, 43.8054827 ], [ 4.6380343, 43.8055553 ], [ 4.6383934, 43.8061529 ], [ 4.637742, 43.8065864 ], [ 4.6370494, 43.8066541 ], [ 4.6361477, 43.8064827 ], [ 4.6353979, 43.8068288 ], [ 4.634781, 43.8069193 ], [ 4.6343579, 43.8071138 ], [ 4.6337885, 43.8071412 ], [ 4.6334774, 43.8070809 ], [ 4.6321378, 43.8074799 ], [ 4.6311857, 43.8073789 ], [ 4.6298581, 43.8065449 ], [ 4.6297327, 43.8063824 ], [ 4.6277844, 43.8063001 ], [ 4.6281347, 43.8079512 ], [ 4.6279613, 43.808379 ], [ 4.6283948, 43.808886 ], [ 4.6285796, 43.8092447 ], [ 4.6286475, 43.8099081 ], [ 4.6284742, 43.8101214 ], [ 4.6289186, 43.8108218 ], [ 4.6284013, 43.8112813 ], [ 4.628795, 43.8117978 ], [ 4.6285181, 43.8123672 ], [ 4.6280933, 43.8127285 ], [ 4.6277224, 43.812877 ], [ 4.6276574, 43.8129901 ], [ 4.6272343, 43.8130429 ], [ 4.6270806, 43.8131839 ], [ 4.6267765, 43.8130634 ], [ 4.6264961, 43.8132329 ], [ 4.6260667, 43.8132526 ], [ 4.6257648, 43.8134159 ], [ 4.6257537, 43.813554599999989 ], [ 4.6252885, 43.813592 ], [ 4.6250382, 43.8134232 ], [ 4.6248189, 43.8137107 ], [ 4.6246247, 43.8138026 ], [ 4.6242189, 43.8137499 ], [ 4.6238719, 43.8140191 ], [ 4.6233526, 43.8142116 ], [ 4.622984, 43.8146214 ], [ 4.6228162, 43.8145953 ], [ 4.6223617, 43.8147901 ], [ 4.6219463, 43.8147533 ], [ 4.6210219, 43.8148503 ], [ 4.6208269, 43.8150584 ], [ 4.6204443, 43.815861 ], [ 4.6199756, 43.8157922 ], [ 4.6192055, 43.8162746 ], [ 4.6188927, 43.8167645 ], [ 4.6181149, 43.8169468 ], [ 4.617915, 43.8173087 ], [ 4.6172751, 43.817306 ], [ 4.6155259, 43.8177084 ], [ 4.6142636, 43.8177354 ], [ 4.6140461, 43.8181499 ], [ 4.6113427, 43.8190616 ], [ 4.6110645, 43.8189749 ], [ 4.6106527, 43.8186639 ], [ 4.6087821, 43.8184169 ], [ 4.6068891, 43.8214225 ], [ 4.6047769, 43.821773 ], [ 4.6045586, 43.8219027 ], [ 4.6028751, 43.8224527 ], [ 4.5952962, 43.8223075 ], [ 4.5928012, 43.821338 ], [ 4.5914591, 43.8221551 ], [ 4.5895191, 43.8227589 ], [ 4.5895969, 43.8234987 ], [ 4.5895055, 43.8235648 ], [ 4.5895122, 43.8240274 ], [ 4.5897918, 43.8257667 ], [ 4.5902549, 43.8271299 ], [ 4.5910684, 43.8284844 ], [ 4.5909489, 43.8285689 ], [ 4.5911599, 43.8290897 ], [ 4.5913258, 43.8305841 ], [ 4.5915288, 43.8312211 ], [ 4.5921817, 43.8316292 ], [ 4.5958277, 43.8324004 ], [ 4.5960823, 43.8325245 ], [ 4.5959444, 43.8339963 ], [ 4.5963722, 43.8357353 ], [ 4.5963032, 43.8363376 ], [ 4.5956956, 43.8383573 ], [ 4.5962895, 43.8397662 ], [ 4.5960311, 43.840887 ], [ 4.5959376, 43.8407912 ], [ 4.5942074, 43.8401972 ], [ 4.5855568, 43.8373998 ], [ 4.5822837, 43.8409847 ], [ 4.5814227, 43.840566 ], [ 4.5790938, 43.8401713 ], [ 4.5786859, 43.841068299999989 ], [ 4.578608, 43.8409966 ], [ 4.5772227, 43.8408627 ], [ 4.5770553, 43.8409677 ], [ 4.5752598, 43.8412493 ], [ 4.5735648, 43.8416977 ], [ 4.5732607, 43.8420342 ], [ 4.5716765, 43.8415422 ], [ 4.570841, 43.8415056 ], [ 4.5691772, 43.8440003 ], [ 4.5683935, 43.8445363 ], [ 4.5678587, 43.8454873 ], [ 4.5675288, 43.8454731 ], [ 4.5668305, 43.8459053 ], [ 4.5651435, 43.8475173 ], [ 4.5637226, 43.8478131 ], [ 4.5634551, 43.8478124 ], [ 4.5623024, 43.8483213 ], [ 4.5594606, 43.8490514 ], [ 4.5515361, 43.8504488 ], [ 4.5518908, 43.8520603 ], [ 4.5493133, 43.8521843 ] ] ] ] } },
{ "type": "Feature", "properties": { "code_departement": 30.0, "code_rne": "0301283G", "multisecteur": 0.0 }, "geometry": { "type": "MultiPolygon", "coordinates": [ [ [ [ 4.4160933, 44.0208477 ], [ 4.4161185, 44.0215511 ], [ 4.4159003, 44.0217051 ], [ 4.4162317, 44.0220931 ], [ 4.4162667, 44.0222716 ], [ 4.4156823, 44.0223846 ], [ 4.4155602, 44.0218213 ], [ 4.4152807, 44.0217699 ], [ 4.4148029, 44.0210161 ], [ 4.4160933, 44.0208477 ] ] ], [ [ [ 4.4162468, 44.0240968 ], [ 4.4161551, 44.0233374 ], [ 4.4160132, 44.0232133 ], [ 4.4158075, 44.0226351 ], [ 4.4163229, 44.0225144 ], [ 4.416718, 44.0227428 ], [ 4.4168217, 44.0230094 ], [ 4.4167686, 44.0231897 ], [ 4.4170758, 44.023386 ], [ 4.4181549, 44.0232273 ], [ 4.4183015, 44.0235602 ], [ 4.4180597, 44.0241735 ], [ 4.4184333, 44.0243293 ], [ 4.4188725, 44.0243588 ], [ 4.41902, 44.0244594 ], [ 4.4196502, 44.0244854 ], [ 4.419616, 44.0249402 ], [ 4.4187455, 44.0256664 ], [ 4.4178124, 44.0251127 ], [ 4.4180108, 44.0242047 ], [ 4.4176136, 44.0241131 ], [ 4.4174667, 44.0240089 ], [ 4.4174713, 44.0238801 ], [ 4.4179997, 44.0234528 ], [ 4.4172271, 44.0236791 ], [ 4.4173221, 44.0235455 ], [ 4.4171571, 44.0237087 ], [ 4.4168873, 44.0237046 ], [ 4.4162468, 44.0240968 ] ] ], [ [ [ 4.4209366, 44.0264031 ], [ 4.4206942, 44.0262955 ], [ 4.4202523, 44.0265774 ], [ 4.4199293, 44.0262349 ], [ 4.419513, 44.0260865 ], [ 4.4189904, 44.0260452 ], [ 4.4188052, 44.0257223 ], [ 4.4199025, 44.0252662 ], [ 4.4218824, 44.0257099 ], [ 4.4219999, 44.0260754 ], [ 4.421022, 44.0266262 ], [ 4.421232, 44.0268908 ], [ 4.4219759, 44.0266861 ], [ 4.4218872, 44.0271028 ], [ 4.4220616, 44.0274675 ], [ 4.421445, 44.027767 ], [ 4.4209027, 44.0273279 ], [ 4.4206179, 44.0272073 ], [ 4.4203491, 44.0267431 ], [ 4.420326, 44.0266896 ], [ 4.4209366, 44.0264031 ] ] ], [ [ [ 4.422314, 44.0290086 ], [ 4.4213631, 44.0289638 ], [ 4.4213702, 44.0286755 ], [ 4.4215083, 44.0282378 ], [ 4.4225968, 44.0277186 ], [ 4.4228387, 44.0278455 ], [ 4.4228343, 44.0283132 ], [ 4.4225278, 44.0289456 ], [ 4.422314, 44.0290086 ] ] ], [ [ [ 4.2970397, 43.6421301 ], [ 4.2971778, 43.6422427 ], [ 4.2969383, 43.6426915 ], [ 4.2969492, 43.6430833 ], [ 4.2966569, 43.6429227 ], [ 4.2962278, 43.6431908 ], [ 4.2957217, 43.6428249 ], [ 4.294737, 43.6418311 ], [ 4.2949137, 43.6415443 ], [ 4.2950453, 43.6415335 ], [ 4.2970397, 43.6421301 ] ] ], [ [ [ 4.297187, 43.645656 ], [ 4.2977121, 43.6454035 ], [ 4.2977505, 43.6451515 ], [ 4.2981879, 43.6452624 ], [ 4.2981263, 43.6457877 ], [ 4.297793, 43.6457586 ], [ 4.2977182, 43.6459449 ], [ 4.2980597, 43.6460717 ], [ 4.2980979, 43.6463051 ], [ 4.2974069, 43.6461425 ], [ 4.297364, 43.6458823 ], [ 4.297187, 43.645656 ] ] ], [ [ [ 4.2699456, 43.6859663 ], [ 4.2703638, 43.6858557 ], [ 4.2705627, 43.6860859 ], [ 4.2703181, 43.6862276 ], [ 4.2700144, 43.6862003 ], [ 4.2698119, 43.6863072 ], [ 4.2694201, 43.6863236 ], [ 4.2699456, 43.6859663 ] ] ], [ [ [ 4.2704385, 43.6868218 ], [ 4.2704734, 43.6865692 ], [ 4.2703648, 43.6864529 ], [ 4.2700885, 43.686405799999989 ], [ 4.27028, 43.6862938 ], [ 4.2704306, 43.6863714 ], [ 4.2706727, 43.6862205 ], [ 4.271162, 43.6864578 ], [ 4.2712604, 43.6869434 ], [ 4.2711344, 43.6874919 ], [ 4.2706487, 43.6873784 ], [ 4.2704385, 43.6868218 ] ] ], [ [ [ 4.2706598, 43.6955932 ], [ 4.2692725, 43.695668 ], [ 4.2686068, 43.6954802 ], [ 4.2686426, 43.6952687 ], [ 4.2705767, 43.6948731 ], [ 4.2705944, 43.6948027 ], [ 4.2713522, 43.6949343 ], [ 4.2713873, 43.6950906 ], [ 4.2706598, 43.6955932 ] ] ], [ [ [ 4.2744807, 43.6983814 ], [ 4.2740481, 43.6981494 ], [ 4.273814, 43.6970663 ], [ 4.2748973, 43.6971355 ], [ 4.2750281, 43.6976945 ], [ 4.274855, 43.697993 ], [ 4.2750269, 43.6982331 ], [ 4.2748936, 43.6983705 ], [ 4.2744807, 43.6983814 ] ] ], [ [ [ 4.2737979, 43.6999069 ], [ 4.2732529, 43.6996846 ], [ 4.2729199, 43.6996326 ], [ 4.2728654, 43.6994686 ], [ 4.2728752, 43.6993909 ], [ 4.2735533, 43.6991273 ], [ 4.2741057, 43.699424 ], [ 4.2737979, 43.6999069 ] ] ], [ [ [ 4.4880827, 43.9188971 ], [ 4.4889085, 43.9219606 ], [ 4.4886881, 43.9253048 ], [ 4.4891421, 43.9264274 ], [ 4.4905278, 43.9277928 ], [ 4.4910212, 43.9284198 ], [ 4.4927985, 43.9314685 ], [ 4.4934339, 43.9343798 ], [ 4.4934674, 43.9353758 ], [ 4.4938046, 43.9356007 ], [ 4.4938943, 43.9365977 ], [ 4.4944665, 43.937093 ], [ 4.4942819, 43.937939 ], [ 4.4937684, 43.9383546 ], [ 4.4946411, 43.9388126 ], [ 4.4947224, 43.9390617 ], [ 4.4942579, 43.939925 ], [ 4.4939979, 43.9407917 ], [ 4.494818, 43.9410001 ], [ 4.4954059, 43.9415196 ], [ 4.496291, 43.9418261 ], [ 4.4966794, 43.9429558 ], [ 4.4985489, 43.9431318 ], [ 4.4975641, 43.9442921 ], [ 4.4978501, 43.9446536 ], [ 4.4981516, 43.9456477 ], [ 4.4988458, 43.9464663 ], [ 4.499269, 43.9474471 ], [ 4.4998688, 43.9482255 ], [ 4.4999848, 43.9488468 ], [ 4.4997202, 43.9496822 ], [ 4.5001748, 43.9523763 ], [ 4.5005827, 43.9538127 ], [ 4.5014226, 43.9553809 ], [ 4.5014131, 43.9554927 ], [ 4.5011534, 43.9557105 ], [ 4.4998618, 43.9565842 ], [ 4.5001317, 43.9577975 ], [ 4.5001473, 43.9586263 ], [ 4.5003196, 43.958686 ], [ 4.5003252, 43.9588534 ], [ 4.4999635, 43.9630566 ], [ 4.5001073, 43.9637378 ], [ 4.5001276, 43.9646989 ], [ 4.4999245, 43.965221899999989 ], [ 4.5009666, 43.9656577 ], [ 4.499944, 43.9663414 ], [ 4.4978718, 43.9670207 ], [ 4.4957403, 43.9674333 ], [ 4.4939572, 43.9675414 ], [ 4.4892887, 43.9676897 ], [ 4.4880888, 43.9677997 ], [ 4.486581, 43.9674718 ], [ 4.4852532, 43.9674062 ], [ 4.4844285, 43.9672733 ], [ 4.4832178, 43.9669198 ], [ 4.4822623, 43.9665493 ], [ 4.4821042, 43.9666028 ], [ 4.4818281, 43.9675364 ], [ 4.4809884, 43.9696612 ], [ 4.4805093, 43.971320399999989 ], [ 4.4804337, 43.9714807 ], [ 4.4799964, 43.9717765 ], [ 4.479896, 43.9719921 ], [ 4.4798335, 43.9729435 ], [ 4.4796725, 43.973177 ], [ 4.4795959, 43.9752663 ], [ 4.4796019, 43.9757406 ], [ 4.4798891, 43.9768142 ], [ 4.4778715, 43.9771718 ], [ 4.4737899, 43.9787428 ], [ 4.4734629, 43.9791603 ], [ 4.4737314, 43.9798552 ], [ 4.4739569, 43.9800412 ], [ 4.4742548, 43.980859 ], [ 4.4746046, 43.9814691 ], [ 4.4747, 43.9818774 ], [ 4.4749693, 43.9819764 ], [ 4.4755473, 43.981911 ], [ 4.475877, 43.9821279 ], [ 4.4759879, 43.9823641 ], [ 4.4760072, 43.9828724 ], [ 4.4757181, 43.9832139 ], [ 4.4758491, 43.9837468 ], [ 4.4757077, 43.9843032 ], [ 4.4758614, 43.9847007 ], [ 4.4761444, 43.984895 ], [ 4.4760627, 43.985446 ], [ 4.4761957, 43.9857674 ], [ 4.4766593, 43.9882653 ], [ 4.4783853, 43.9913124 ], [ 4.4788528, 43.9924646 ], [ 4.4788091, 43.9928963 ], [ 4.4781953, 43.9946104 ], [ 4.4794178, 43.9950638 ], [ 4.4827259, 43.995404199999989 ], [ 4.4852954, 43.9958203 ], [ 4.4860433, 43.995857 ], [ 4.487076, 43.9961076 ], [ 4.4908851, 43.9978596 ], [ 4.4916895, 43.9981043 ], [ 4.4920912, 43.9991592 ], [ 4.4927047, 44.0002058 ], [ 4.4922535, 44.0004505 ], [ 4.4915995, 44.0011444 ], [ 4.491499, 44.0013564 ], [ 4.4920299, 44.0027246 ], [ 4.4920585, 44.0032454 ], [ 4.4920107, 44.003418 ], [ 4.4916538, 44.0036956 ], [ 4.4914211, 44.0040967 ], [ 4.4915096, 44.006047 ], [ 4.4910599, 44.0067823 ], [ 4.4905588, 44.0081753 ], [ 4.490537, 44.0093944 ], [ 4.4903703, 44.0104598 ], [ 4.4898725, 44.0110742 ], [ 4.4896671, 44.0116135 ], [ 4.4895941, 44.0126856 ], [ 4.4897253, 44.0133626 ], [ 4.4899213, 44.0136552 ], [ 4.4891463, 44.014114 ], [ 4.4882574, 44.0143709 ], [ 4.4883143, 44.0152127 ], [ 4.4880947, 44.016069 ], [ 4.4880722, 44.0166869 ], [ 4.4886235, 44.0193591 ], [ 4.488685, 44.0203782 ], [ 4.4872273, 44.0204952 ], [ 4.4872237, 44.0205466 ], [ 4.4874316, 44.021678 ], [ 4.4879326, 44.0225677 ], [ 4.4878729, 44.0233859 ], [ 4.4881075, 44.0243449 ], [ 4.4881637, 44.0263524 ], [ 4.487649, 44.025849 ], [ 4.4873147, 44.025706 ], [ 4.4870547, 44.0256852 ], [ 4.4865576, 44.0258081 ], [ 4.4861385, 44.0257165 ], [ 4.4860004, 44.0257319 ], [ 4.4854279, 44.0261673 ], [ 4.4852048, 44.0262225 ], [ 4.4847886, 44.0261931 ], [ 4.4838439, 44.0263742 ], [ 4.4832342, 44.0267236 ], [ 4.482731, 44.0267079 ], [ 4.4813587, 44.0261351 ], [ 4.4805797, 44.0261133 ], [ 4.4786852, 44.0254638 ], [ 4.4783182, 44.0254084 ], [ 4.4775446, 44.0255485 ], [ 4.476295, 44.0249865 ], [ 4.475861, 44.0249447 ], [ 4.4752229, 44.025019 ], [ 4.4740652, 44.0250193 ], [ 4.4737183, 44.0254479 ], [ 4.4729238, 44.0256504 ], [ 4.471505, 44.0266029 ], [ 4.4709454, 44.0267716 ], [ 4.4704914, 44.0272602 ], [ 4.4709859, 44.0288207 ], [ 4.4711049, 44.0297085 ], [ 4.4715997, 44.0308495 ], [ 4.4719313, 44.0319982 ], [ 4.4727168, 44.0333739 ], [ 4.4720988, 44.0334083 ], [ 4.4701448, 44.0333103 ], [ 4.4687844, 44.0336833 ], [ 4.4685023, 44.0339688 ], [ 4.4619663, 44.0343966 ], [ 4.4597551, 44.0349239 ], [ 4.4585166, 44.0339223 ], [ 4.4576649, 44.0334034 ], [ 4.4567657, 44.0321021 ], [ 4.4564388, 44.0317608 ], [ 4.4561249, 44.0316344 ], [ 4.4499954, 44.0321407 ], [ 4.4446431, 44.0323024 ], [ 4.4440616, 44.0298859 ], [ 4.4426391, 44.0278622 ], [ 4.4434808, 44.0279412 ], [ 4.4443375, 44.0258109 ], [ 4.4448116, 44.0251718 ], [ 4.4452195, 44.0241853 ], [ 4.4458854, 44.0208342 ], [ 4.4460535, 44.0207708 ], [ 4.4459287, 44.0204241 ], [ 4.4458315, 44.018265 ], [ 4.4459252, 44.0173366 ], [ 4.4461378, 44.0168693 ], [ 4.4461146, 44.0165447 ], [ 4.4462632, 44.0159609 ], [ 4.4430944, 44.0159631 ], [ 4.442431, 44.0161103 ], [ 4.4409637, 44.0186544 ], [ 4.437974, 44.0200429 ], [ 4.4333058, 44.0198482 ], [ 4.4322814, 44.0204231 ], [ 4.4321714, 44.020633 ], [ 4.4313004, 44.0204568 ], [ 4.429388, 44.0187689 ], [ 4.4281891, 44.0195675 ], [ 4.4281599, 44.0207734 ], [ 4.4276848, 44.021249499999989 ], [ 4.4270821, 44.0217218 ], [ 4.4264024, 44.0220915 ], [ 4.4256913, 44.022198 ], [ 4.4252496, 44.0219338 ], [ 4.4244919, 44.0212402 ], [ 4.4238739, 44.0204188 ], [ 4.4238194, 44.0194985 ], [ 4.423975, 44.019177299999988 ], [ 4.4238358, 44.0188748 ], [ 4.4230608, 44.0184467 ], [ 4.4233132, 44.0179414 ], [ 4.422258, 44.0183035 ], [ 4.4221605, 44.018001 ], [ 4.422217, 44.0176406 ], [ 4.4217581, 44.0174324 ], [ 4.4212011, 44.0174845 ], [ 4.4205303, 44.0177857 ], [ 4.420265, 44.0173999 ], [ 4.4190281, 44.0173317 ], [ 4.4181677, 44.0167115 ], [ 4.4171617, 44.0174979 ], [ 4.4163705, 44.0176544 ], [ 4.4159856, 44.0184353 ], [ 4.415771, 44.0184707 ], [ 4.4154161, 44.0182977 ], [ 4.4148188, 44.0182745 ], [ 4.4141141, 44.0183589 ], [ 4.4132616, 44.0178886 ], [ 4.4126445, 44.018235 ], [ 4.4118, 44.0189715 ], [ 4.4107898, 44.019501 ], [ 4.4105406, 44.0197824 ], [ 4.4108946, 44.0204516 ], [ 4.409514, 44.0209243 ], [ 4.4094703, 44.0212543 ], [ 4.4085186, 44.021797 ], [ 4.4083411, 44.0220569 ], [ 4.406712, 44.0231543 ], [ 4.4058425, 44.0241885 ], [ 4.4058637, 44.0267101 ], [ 4.4030874, 44.0264382 ], [ 4.3997453, 44.026555 ], [ 4.3982679, 44.0277661 ], [ 4.3977669, 44.0288317 ], [ 4.3972191, 44.0295426 ], [ 4.3964342, 44.0302997 ], [ 4.3968033, 44.0307487 ], [ 4.3988412, 44.0310728 ], [ 4.3992758, 44.033224 ], [ 4.3987542, 44.0334224 ], [ 4.3988691, 44.0344444 ], [ 4.3993915, 44.034426 ], [ 4.3996132, 44.0352738 ], [ 4.4002046, 44.0353257 ], [ 4.4004266, 44.0354705 ], [ 4.4004814, 44.0359766 ], [ 4.403122, 44.0354837 ], [ 4.4029615, 44.037223 ], [ 4.4027377, 44.038117 ], [ 4.4022408, 44.0391694 ], [ 4.4015222, 44.0417638 ], [ 4.4015711, 44.0421791 ], [ 4.4013076, 44.043692899999989 ], [ 4.4011348, 44.0446313 ], [ 4.4008653, 44.0453935 ], [ 4.4028004, 44.0454759 ], [ 4.4050506, 44.0459871 ], [ 4.4004618, 44.0576076 ], [ 4.4002094, 44.0581068 ], [ 4.3999462, 44.0583154 ], [ 4.3995702, 44.0597803 ], [ 4.3994735, 44.0606195 ], [ 4.4006611, 44.0627674 ], [ 4.4005601, 44.06338 ], [ 4.4006336, 44.0635788 ], [ 4.4009553, 44.0639168 ], [ 4.4008511, 44.0642494 ], [ 4.4011554, 44.0645407 ], [ 4.4014246, 44.0651323 ], [ 4.4022714, 44.0659568 ], [ 4.4023605, 44.0662797 ], [ 4.4022526, 44.0669671 ], [ 4.4030682, 44.0678424 ], [ 4.4030521, 44.0683557 ], [ 4.4027673, 44.0689057 ], [ 4.402647, 44.0702575 ], [ 4.4025004, 44.070795 ], [ 4.4026699, 44.0708324 ], [ 4.4038798, 44.0719493 ], [ 4.4069477, 44.0743818 ], [ 4.410198, 44.0767048 ], [ 4.4100835, 44.0768206 ], [ 4.4085868, 44.0773448 ], [ 4.4079843, 44.0774723 ], [ 4.4074769, 44.0779055 ], [ 4.4069741, 44.0781262 ], [ 4.4062255, 44.0786552 ], [ 4.4046324, 44.0790726 ], [ 4.4031895, 44.0792505 ], [ 4.4006245, 44.0799035 ], [ 4.3914996, 44.0804465 ], [ 4.3878892, 44.0744972 ], [ 4.3832318, 44.0720258 ], [ 4.3812193, 44.0710538 ], [ 4.3761761, 44.0699552 ], [ 4.3712788, 44.0687348 ], [ 4.3629099, 44.0662189 ], [ 4.358314, 44.0666171 ], [ 4.3509596, 44.0666757 ], [ 4.3491369, 44.0665164 ], [ 4.347357, 44.066478 ], [ 4.3443716, 44.0715879 ], [ 4.3436143, 44.073095099999989 ], [ 4.3404602, 44.0755768 ], [ 4.3373638, 44.0788777 ], [ 4.3372147, 44.0788597 ], [ 4.3357735, 44.0797523 ], [ 4.3299677, 44.0828303 ], [ 4.3230631, 44.0870709 ], [ 4.3216068, 44.0878698 ], [ 4.3205057, 44.0885888 ], [ 4.3192125, 44.0892642 ], [ 4.3170056, 44.0907724 ], [ 4.3166435, 44.0912053 ], [ 4.3162382, 44.0915045 ], [ 4.3145364, 44.0925556 ], [ 4.3127407, 44.0935439 ], [ 4.3102822, 44.0947733 ], [ 4.3089046, 44.0950481 ], [ 4.3083983, 44.0950829 ], [ 4.3080034, 44.0952893 ], [ 4.3043158, 44.0953252 ], [ 4.2994749, 44.096218 ], [ 4.299466, 44.0961047 ], [ 4.2988806, 44.0963412 ], [ 4.2949304, 44.0971891 ], [ 4.2946883, 44.097363 ], [ 4.2922402, 44.098305599999989 ], [ 4.2923186, 44.0981255 ], [ 4.2912986, 44.0986425 ], [ 4.2890211, 44.0993445 ], [ 4.2858092, 44.1006001 ], [ 4.2846407, 44.1007984 ], [ 4.2823853, 44.1013748 ], [ 4.2809766, 44.1016127 ], [ 4.280244, 44.101867 ], [ 4.2756002, 44.102952699999989 ], [ 4.2748244, 44.1032318 ], [ 4.2737834, 44.0978556 ], [ 4.2734382, 44.0975562 ], [ 4.2734098, 44.0966231 ], [ 4.2728625, 44.0937661 ], [ 4.2735616, 44.0835385 ], [ 4.2734046, 44.0823827 ], [ 4.2731441, 44.0815099 ], [ 4.2728322, 44.0811328 ], [ 4.2716207, 44.0803952 ], [ 4.2712376, 44.0802395 ], [ 4.2706937, 44.0794797 ], [ 4.2693961, 44.0784074 ], [ 4.268771, 44.0774758 ], [ 4.2689478, 44.0768941 ], [ 4.2686477, 44.0761999 ], [ 4.2683844, 44.0760427 ], [ 4.2676842, 44.0758285 ], [ 4.2672654, 44.075579499999989 ], [ 4.2663218, 44.0742501 ], [ 4.2662689, 44.0737251 ], [ 4.260284, 44.0761219 ], [ 4.2596472, 44.0744297 ], [ 4.2594642, 44.074340899999989 ], [ 4.2591475, 44.0736829 ], [ 4.2589345, 44.073482 ], [ 4.2589719, 44.073366299999989 ], [ 4.258228, 44.0718518 ], [ 4.252531, 44.0652129 ], [ 4.2516453, 44.0654102 ], [ 4.2511282, 44.0650039 ], [ 4.2503905, 44.0636441 ], [ 4.2509042, 44.0637256 ], [ 4.2530335, 44.0637111 ], [ 4.2546044, 44.0633916 ], [ 4.2549873, 44.0633791 ], [ 4.2553075, 44.0634069 ], [ 4.2555712, 44.0637009 ], [ 4.2576342, 44.0627204 ], [ 4.2576615, 44.0623151 ], [ 4.2550406, 44.0576401 ], [ 4.254942, 44.0570202 ], [ 4.2546664, 44.0565786 ], [ 4.2540393, 44.0558747 ], [ 4.2534069, 44.054870199999989 ], [ 4.2554648, 44.0538961 ], [ 4.2558398, 44.0538657 ], [ 4.2562256, 44.0535894 ], [ 4.2578437, 44.0539516 ], [ 4.2592053, 44.0541142 ], [ 4.26207, 44.0541271 ], [ 4.2627321, 44.054268 ], [ 4.2633404, 44.0542871 ], [ 4.2636438, 44.0542377 ], [ 4.2645777, 44.053685 ], [ 4.2652522, 44.053147 ], [ 4.2652464, 44.0525485 ], [ 4.2649709, 44.0523393 ], [ 4.2644792, 44.051724799999988 ], [ 4.2636506, 44.0504921 ], [ 4.2623895, 44.049621 ], [ 4.2619263, 44.0491618 ], [ 4.2614772, 44.0484946 ], [ 4.2615381, 44.048144699999987 ], [ 4.2625955, 44.0466977 ], [ 4.2709982, 44.0341787 ], [ 4.2729681, 44.0345059 ], [ 4.2750132, 44.0346198 ], [ 4.2758205, 44.0347337 ], [ 4.2791768, 44.0355092 ], [ 4.2838874, 44.0355845 ], [ 4.2857849, 44.0354623 ], [ 4.286906, 44.0355995 ], [ 4.2903531, 44.0356903 ], [ 4.2906086, 44.033257 ], [ 4.2909115, 44.0324181 ], [ 4.290904, 44.0321409 ], [ 4.2912763, 44.0319421 ], [ 4.2911662, 44.0315464 ], [ 4.2909255, 44.0313846 ], [ 4.2906517, 44.0309737 ], [ 4.291166, 44.0298308 ], [ 4.290752, 44.0291255 ], [ 4.2905242, 44.0277159 ], [ 4.2902238, 44.0274485 ], [ 4.2901292, 44.0271859 ], [ 4.290182, 44.0269269 ], [ 4.2907273, 44.0262148 ], [ 4.2909945, 44.0260613 ], [ 4.2901995, 44.0242839 ], [ 4.290004, 44.0240234 ], [ 4.2905486, 44.023723499999988 ], [ 4.2907875, 44.0239727 ], [ 4.2910861, 44.0240475 ], [ 4.2914572, 44.0242961 ], [ 4.2922718, 44.0243513 ], [ 4.2925973, 44.0245086 ], [ 4.2929185, 44.0245345 ], [ 4.2933062, 44.0243616 ], [ 4.2936557, 44.0243115 ], [ 4.2935896, 44.0240945 ], [ 4.2946728, 44.0233976 ], [ 4.2969028, 44.0226097 ], [ 4.2974965, 44.0223335 ], [ 4.2977315, 44.022355 ], [ 4.2981515, 44.0225561 ], [ 4.2996341, 44.022255 ], [ 4.3006273, 44.0224853 ], [ 4.3013577, 44.022456 ], [ 4.3018355, 44.0226753 ], [ 4.3020543, 44.022862599999989 ], [ 4.3028211, 44.0226807 ], [ 4.3036895, 44.0223634 ], [ 4.3060823, 44.0218812 ], [ 4.306774, 44.0229414 ], [ 4.3081363, 44.024738899999988 ], [ 4.3085695, 44.0242629 ], [ 4.3092064, 44.0241851 ], [ 4.3094823, 44.0243564 ], [ 4.3096538, 44.0247621 ], [ 4.3099235, 44.0248813 ], [ 4.3101385, 44.0247923 ], [ 4.311258, 44.0235088 ], [ 4.3118055, 44.0231242 ], [ 4.3121216, 44.0230925 ], [ 4.3124164, 44.0235994 ], [ 4.3127683, 44.0237626 ], [ 4.3132817, 44.0236871 ], [ 4.313549, 44.0232689 ], [ 4.3142016, 44.0241954 ], [ 4.3145757, 44.025055 ], [ 4.3145921, 44.0254932 ], [ 4.3144328, 44.0260532 ], [ 4.3146134, 44.0265272 ], [ 4.3145905, 44.026775 ], [ 4.3162862, 44.0283524 ], [ 4.3169861, 44.0292738 ], [ 4.3168791, 44.029717 ], [ 4.3173785, 44.029946 ], [ 4.324262, 44.0273362 ], [ 4.3254578, 44.0269329 ], [ 4.3257972, 44.0268846 ], [ 4.3291238, 44.0256786 ], [ 4.3312009, 44.0248244 ], [ 4.3318912, 44.0246827 ], [ 4.3348438, 44.0234991 ], [ 4.3352812, 44.0231598 ], [ 4.3368628, 44.0227804 ], [ 4.3378706, 44.0212874 ], [ 4.3389123, 44.0203898 ], [ 4.339039, 44.0200462 ], [ 4.3389593, 44.0198951 ], [ 4.3390025, 44.019449 ], [ 4.3398909, 44.0181365 ], [ 4.3414195, 44.0165165 ], [ 4.342061, 44.0154726 ], [ 4.3422227, 44.0142383 ], [ 4.3422431, 44.0097536 ], [ 4.3425752, 44.0031003 ], [ 4.3418822, 44.0013131 ], [ 4.3416618, 44.0004796 ], [ 4.3417043, 43.9997427 ], [ 4.3412193, 43.9984201 ], [ 4.3420089, 43.9976939 ], [ 4.3409202, 43.9960979 ], [ 4.3407335, 43.9956321 ], [ 4.3406751, 43.993577 ], [ 4.3411475, 43.992933 ], [ 4.3439139, 43.9928144 ], [ 4.3451769, 43.9914955 ], [ 4.3463412, 43.9904307 ], [ 4.3508576, 43.9866684 ], [ 4.3532154, 43.9819046 ], [ 4.3526913, 43.981146 ], [ 4.3534256, 43.9805725 ], [ 4.3538028, 43.9798172 ], [ 4.3546913, 43.9788062 ], [ 4.3566121, 43.9759749 ], [ 4.3536644, 43.9748269 ], [ 4.3511216, 43.9736135 ], [ 4.3489145, 43.973044 ], [ 4.343893, 43.971518 ], [ 4.3435605, 43.9706796 ], [ 4.3430329, 43.9701865 ], [ 4.3427863, 43.9700383 ], [ 4.3411693, 43.969483 ], [ 4.3407859, 43.9673293 ], [ 4.341773, 43.966643 ], [ 4.3419506, 43.9664617 ], [ 4.3419794, 43.9662534 ], [ 4.3403291, 43.9648614 ], [ 4.3387472, 43.9623992 ], [ 4.3372609, 43.9627333 ], [ 4.3358952, 43.9628427 ], [ 4.3349198, 43.9630734 ], [ 4.3304668, 43.9628927 ], [ 4.3265819, 43.9637185 ], [ 4.3246245, 43.9643786 ], [ 4.3244071, 43.9645676 ], [ 4.3213761, 43.9653091 ], [ 4.3189645, 43.965787299999988 ], [ 4.3154082, 43.9670453 ], [ 4.3143981, 43.9670197 ], [ 4.3134365, 43.9671473 ], [ 4.3123841, 43.9670133 ], [ 4.3104833, 43.9673286 ], [ 4.3087179, 43.9673479 ], [ 4.3075767, 43.9672023 ], [ 4.3063984, 43.9667951 ], [ 4.3043423, 43.9663147 ], [ 4.3031674, 43.9659435 ], [ 4.3030839, 43.9657258 ], [ 4.2979675, 43.9618046 ], [ 4.2948872, 43.960824 ], [ 4.2943149, 43.9603142 ], [ 4.293832, 43.9600094 ], [ 4.2936928, 43.959588 ], [ 4.2916224, 43.9574657 ], [ 4.2892775, 43.9585195 ], [ 4.2865224, 43.9522154 ], [ 4.2873873, 43.9515634 ], [ 4.2920645, 43.9486568 ], [ 4.293719, 43.9473924 ], [ 4.2958502, 43.94617 ], [ 4.2979832, 43.945196 ], [ 4.2982446, 43.945237899999988 ], [ 4.2987625, 43.9448969 ], [ 4.2996844, 43.9439679 ], [ 4.3003061, 43.9437544 ], [ 4.3006723, 43.9435322 ], [ 4.301053, 43.942912 ], [ 4.3019875, 43.942539 ], [ 4.3027525, 43.9421078 ], [ 4.3034327, 43.9411861 ], [ 4.303472, 43.9408868 ], [ 4.303865, 43.9402052 ], [ 4.3039513, 43.9397281 ], [ 4.3050358, 43.9388924 ], [ 4.3054818, 43.937861 ], [ 4.3059059, 43.9373978 ], [ 4.3063181, 43.93723 ], [ 4.3063631, 43.9366939 ], [ 4.3062803, 43.9362349 ], [ 4.3078454, 43.9342531 ], [ 4.3080758, 43.9337094 ], [ 4.3081724, 43.9323806 ], [ 4.3080699, 43.9318733 ], [ 4.3082322, 43.9310208 ], [ 4.3084448, 43.9308445 ], [ 4.3084413, 43.9306889 ], [ 4.3083266, 43.9305777 ], [ 4.3084907, 43.9305623 ], [ 4.3085795, 43.9302552 ], [ 4.3087563, 43.9277527 ], [ 4.308085, 43.9264493 ], [ 4.3078726, 43.9257138 ], [ 4.3069026, 43.9249027 ], [ 4.3066448, 43.9244125 ], [ 4.3067024, 43.924042799999988 ], [ 4.3060439, 43.9238914 ], [ 4.3047511, 43.9242678 ], [ 4.3043574, 43.9241483 ], [ 4.3039644, 43.923792 ], [ 4.3034143, 43.9236393 ], [ 4.3034057, 43.9228833 ], [ 4.3036112, 43.9216316 ], [ 4.3034094, 43.921517 ], [ 4.3033637, 43.9210963 ], [ 4.3030049, 43.9200007 ], [ 4.3025903, 43.9159661 ], [ 4.3050077, 43.912832 ], [ 4.3102697, 43.9108456 ], [ 4.310188, 43.9106476 ], [ 4.3104416, 43.91047 ], [ 4.3104481, 43.9102629 ], [ 4.3107879, 43.9101508 ], [ 4.3106707, 43.9099263 ], [ 4.310701, 43.9097261 ], [ 4.3100615, 43.9094232 ], [ 4.3097403, 43.9093686 ], [ 4.3093596, 43.9091067 ], [ 4.3099564, 43.908855699999989 ], [ 4.3101257, 43.9085278 ], [ 4.310071, 43.9082638 ], [ 4.3096629, 43.9077836 ], [ 4.3097745, 43.9074393 ], [ 4.3095651, 43.9069936 ], [ 4.3098209, 43.9067493 ], [ 4.3102673, 43.9067791 ], [ 4.3103984, 43.9066875 ], [ 4.3103474, 43.906095 ], [ 4.3104301, 43.9059545 ], [ 4.3105716, 43.9059375 ], [ 4.3111064, 43.906184 ], [ 4.3113324, 43.9061615 ], [ 4.3115879, 43.9060108 ], [ 4.312483, 43.9052548 ], [ 4.3125926, 43.9047143 ], [ 4.3131315, 43.9044387 ], [ 4.3135394, 43.9037714 ], [ 4.3136105, 43.9032368 ], [ 4.3134103, 43.9029719 ], [ 4.3133789, 43.9026905 ], [ 4.3134321, 43.9022965 ], [ 4.3136308, 43.9019512 ], [ 4.3134017, 43.9014625 ], [ 4.3135201, 43.901039 ], [ 4.3134279, 43.9007629 ], [ 4.313467, 43.9004087 ], [ 4.3131246, 43.8998611 ], [ 4.3131526, 43.897454 ], [ 4.3236142, 43.8949704 ], [ 4.329566, 43.8953895 ], [ 4.3302126, 43.8957381 ], [ 4.3310085, 43.8958139 ], [ 4.3319555, 43.896391 ], [ 4.3325225, 43.8964749 ], [ 4.3339088, 43.8963545 ], [ 4.3342051, 43.8965183 ], [ 4.3344051, 43.8968723 ], [ 4.3348727, 43.8972815 ], [ 4.3352381, 43.8974156 ], [ 4.3354239, 43.8976456 ], [ 4.336594, 43.8972757 ], [ 4.3382436, 43.8970251 ], [ 4.339156, 43.8969725 ], [ 4.3395014, 43.8967847 ], [ 4.3395546, 43.8971423 ], [ 4.33987, 43.8976919 ], [ 4.3402464, 43.898032 ], [ 4.3403146, 43.8986036 ], [ 4.3408181, 43.899214 ], [ 4.3412952, 43.89939 ], [ 4.3420196, 43.9000759 ], [ 4.34255, 43.9007129 ], [ 4.3426915, 43.9010136 ], [ 4.3427249, 43.9019061 ], [ 4.3420627, 43.9041311 ], [ 4.3412984, 43.9045572 ], [ 4.3414878, 43.9065773 ], [ 4.3450666, 43.9084136 ], [ 4.3457758, 43.907971 ], [ 4.3472372, 43.9076488 ], [ 4.3476379, 43.9074827 ], [ 4.3493932, 43.9074241 ], [ 4.3503675, 43.9072456 ], [ 4.352022, 43.9071396 ], [ 4.3541238, 43.9072585 ], [ 4.3546353, 43.9067805 ], [ 4.3551567, 43.9065094 ], [ 4.3558726, 43.9057246 ], [ 4.3559871, 43.9057754 ], [ 4.3570155, 43.9076663 ], [ 4.3585743, 43.9072545 ], [ 4.3589407, 43.9073201 ], [ 4.3603035, 43.9070412 ], [ 4.3613595, 43.906948899999989 ], [ 4.3622762, 43.9065513 ], [ 4.3632165, 43.9063074 ], [ 4.3642557, 43.90619 ], [ 4.3651129, 43.9059578 ], [ 4.3666118, 43.905751 ], [ 4.3688191, 43.9055469 ], [ 4.3707091, 43.9051893 ], [ 4.3713091, 43.9049306 ], [ 4.3724972, 43.9049508 ], [ 4.3738145, 43.904803699999988 ], [ 4.3748589, 43.9048536 ], [ 4.3772159, 43.9048176 ], [ 4.3781711, 43.9046786 ], [ 4.3787285, 43.9044079 ], [ 4.3793145, 43.9037758 ], [ 4.380233, 43.903559 ], [ 4.3818345, 43.9034829 ], [ 4.382319, 43.9035956 ], [ 4.3837651, 43.903575499999988 ], [ 4.3854308, 43.9032718 ], [ 4.3873913, 43.90275 ], [ 4.3882177, 43.9026396 ], [ 4.3885315, 43.9026455 ], [ 4.3895355, 43.9029262 ], [ 4.3899237, 43.9029725 ], [ 4.3904938, 43.9029176 ], [ 4.3915074, 43.9030829 ], [ 4.3936676, 43.9028942 ], [ 4.3954165, 43.9026343 ], [ 4.3956935, 43.9026595 ], [ 4.3960059, 43.9028094 ], [ 4.3942115, 43.904214 ], [ 4.3930413, 43.9046736 ], [ 4.3913527, 43.9077698 ], [ 4.3913155, 43.9080799 ], [ 4.3899118, 43.9103057 ], [ 4.3867346, 43.9122056 ], [ 4.3793113, 43.9159567 ], [ 4.3762948, 43.9171117 ], [ 4.3763425, 43.918004 ], [ 4.3823946, 43.9175621 ], [ 4.3844849, 43.9177526 ], [ 4.3860084, 43.9177288 ], [ 4.3869501, 43.9176403 ], [ 4.387766, 43.919035 ], [ 4.3887658, 43.9200025 ], [ 4.3900464, 43.9209457 ], [ 4.3904799, 43.9214622 ], [ 4.3910486, 43.9228753 ], [ 4.3938696, 43.9226881 ], [ 4.3938223, 43.9216185 ], [ 4.3942382, 43.9206996 ], [ 4.3946818, 43.9205094 ], [ 4.3965611, 43.9204656 ], [ 4.3968125, 43.9207684 ], [ 4.3973018, 43.9209152 ], [ 4.3980771, 43.921557799999988 ], [ 4.3982957, 43.9220942 ], [ 4.3987046, 43.9224688 ], [ 4.3987324, 43.9227889 ], [ 4.398549, 43.923181 ], [ 4.3985293, 43.9235449 ], [ 4.3983433, 43.9238308 ], [ 4.3983177, 43.92467 ], [ 4.3991035, 43.925479 ], [ 4.3995867, 43.9256825 ], [ 4.4002568, 43.9257396 ], [ 4.4010375, 43.9259358 ], [ 4.4015536, 43.926462 ], [ 4.4018122, 43.9265982 ], [ 4.4020249, 43.9268403 ], [ 4.4021496, 43.9272545 ], [ 4.402185, 43.9276303 ], [ 4.4019773, 43.9278958 ], [ 4.4019618, 43.9280751 ], [ 4.4021909, 43.9285798 ], [ 4.4024064, 43.9286815 ], [ 4.4033312, 43.9287119 ], [ 4.4035304, 43.9286076 ], [ 4.4036413, 43.9283533 ], [ 4.4040796, 43.9281991 ], [ 4.4048018, 43.9282943 ], [ 4.4052583, 43.928274 ], [ 4.4058991, 43.9284503 ], [ 4.4067035, 43.9284462 ], [ 4.4071983, 43.928763 ], [ 4.4072387, 43.929594099999989 ], [ 4.4074036, 43.9298152 ], [ 4.4076111, 43.9299467 ], [ 4.4085731, 43.9301701 ], [ 4.4087387, 43.9302679 ], [ 4.4087837, 43.9304779 ], [ 4.4085253, 43.9308044 ], [ 4.4084174, 43.9311766 ], [ 4.4087659, 43.9321784 ], [ 4.4084396, 43.9325805 ], [ 4.408338, 43.9329572 ], [ 4.4102135, 43.932644 ], [ 4.4119591, 43.9321669 ], [ 4.412391, 43.9320029 ], [ 4.4130388, 43.9316075 ], [ 4.4140727, 43.9316643 ], [ 4.413688, 43.9299591 ], [ 4.4141655, 43.9295254 ], [ 4.4151455, 43.9296198 ], [ 4.4158228, 43.9299621 ], [ 4.4164372, 43.9299811 ], [ 4.4170307, 43.9303578 ], [ 4.4180364, 43.9300315 ], [ 4.4190703, 43.9303871 ], [ 4.4194683, 43.9313657 ], [ 4.4207091, 43.9310796 ], [ 4.4245865, 43.9312352 ], [ 4.4342383, 43.930613 ], [ 4.4376327, 43.9295936 ], [ 4.4382516, 43.9294909 ], [ 4.4438631, 43.9295186 ], [ 4.4478831, 43.9297048 ], [ 4.452123, 43.9292291 ], [ 4.4531352, 43.9292129 ], [ 4.4557112, 43.9295702 ], [ 4.4579019, 43.9302529 ], [ 4.4614839, 43.9296695 ], [ 4.4659002, 43.9292269 ], [ 4.4705652, 43.9291147 ], [ 4.471701, 43.9275638 ], [ 4.4752511, 43.9233979 ], [ 4.4772688, 43.9205227 ], [ 4.4778281, 43.9200021 ], [ 4.4810596, 43.9191401 ], [ 4.4851236, 43.9183091 ], [ 4.4878516, 43.9183935 ], [ 4.4880827, 43.9188971 ] ] ] ] } },
{ "type": "Feature", "properties": { "code_departement": 30.0, "code_rne": "0301284H", "multisecteur": 0.0 }, "geometry": { "type": "MultiPolygon", "coordinates": [ [ [ [ 4.3775127, 43.827639 ], [ 4.3781983, 43.8278277 ], [ 4.3782706, 43.8279418 ], [ 4.3781921, 43.8280697 ], [ 4.3776048, 43.8280896 ], [ 4.377409, 43.8277132 ], [ 4.3775127, 43.827639 ] ] ], [ [ [ 4.3771344, 43.8284522 ], [ 4.3772878, 43.8286531 ], [ 4.3772461, 43.8288646 ], [ 4.3764377, 43.8285045 ], [ 4.3768177, 43.828421399999989 ], [ 4.3771344, 43.8284522 ] ] ], [ [ [ 4.3501641, 43.8325356 ], [ 4.3505675, 43.8322462 ], [ 4.350626, 43.8321088 ], [ 4.3510355, 43.8324249 ], [ 4.35098, 43.8325353 ], [ 4.3506853, 43.8326699 ], [ 4.3505816, 43.8325815 ], [ 4.3501641, 43.8325356 ] ] ], [ [ [ 4.3503934, 43.8329191 ], [ 4.3506759, 43.832953 ], [ 4.350727, 43.8330426 ], [ 4.350496, 43.8330207 ], [ 4.3503934, 43.8329191 ] ] ], [ [ [ 4.3501888, 43.8343077 ], [ 4.3501016, 43.8342935 ], [ 4.3500944, 43.8341107 ], [ 4.3503187, 43.8341422 ], [ 4.3501888, 43.8343077 ] ] ], [ [ [ 4.3384793, 43.8778257 ], [ 4.3253067, 43.8849815 ], [ 4.3227172, 43.8890244 ], [ 4.3186695, 43.8960133 ], [ 4.3187542, 43.8961048 ], [ 4.3131526, 43.897454 ], [ 4.3100807, 43.898432299999989 ], [ 4.3087938, 43.8986026 ], [ 4.3068862, 43.8991187 ], [ 4.3044752, 43.8995012 ], [ 4.3002855, 43.9012055 ], [ 4.2913396, 43.9041414 ], [ 4.2891049, 43.904958099999988 ], [ 4.2849972, 43.9079659 ], [ 4.2849315, 43.9047706 ], [ 4.2837951, 43.90472 ], [ 4.2806949, 43.9055323 ], [ 4.2796538, 43.9059054 ], [ 4.2788431, 43.9058924 ], [ 4.2777473, 43.9059889 ], [ 4.2766586, 43.9064598 ], [ 4.2741231, 43.9066451 ], [ 4.2706443, 43.9080762 ], [ 4.2703839, 43.9082917 ], [ 4.2697271, 43.9074758 ], [ 4.2689997, 43.905946 ], [ 4.2688065, 43.9043102 ], [ 4.2685419, 43.9039424 ], [ 4.2682239, 43.9029083 ], [ 4.2678088, 43.9023254 ], [ 4.267931, 43.9016616 ], [ 4.2675472, 43.901027 ], [ 4.265844, 43.9002259 ], [ 4.2601704, 43.8997776 ], [ 4.2583252, 43.8969889 ], [ 4.256339, 43.8957589 ], [ 4.2522103, 43.8948451 ], [ 4.2489701, 43.8942567 ], [ 4.2482, 43.8924501 ], [ 4.248927, 43.8909198 ], [ 4.2492529, 43.889206 ], [ 4.2481768, 43.8876297 ], [ 4.2475409, 43.886322 ], [ 4.2442502, 43.8827657 ], [ 4.243455, 43.8814481 ], [ 4.2431351, 43.8811007 ], [ 4.242896, 43.8806363 ], [ 4.242028, 43.8769984 ], [ 4.2411942, 43.8764192 ], [ 4.2381462, 43.8749445 ], [ 4.2372875, 43.8744178 ], [ 4.2367872, 43.8743542 ], [ 4.2364513, 43.8718856 ], [ 4.2363236, 43.8715603 ], [ 4.2363594, 43.8706275 ], [ 4.2361529, 43.8698855 ], [ 4.2363161, 43.8686308 ], [ 4.2369082, 43.8685674 ], [ 4.2366048, 43.8675385 ], [ 4.2364237, 43.8673344 ], [ 4.2364527, 43.8662631 ], [ 4.2363461, 43.8655901 ], [ 4.235795, 43.8654731 ], [ 4.2363347, 43.8642006 ], [ 4.2363181, 43.8639524 ], [ 4.2367746, 43.8637753 ], [ 4.2365649, 43.8634006 ], [ 4.2369223, 43.8628997 ], [ 4.236939, 43.8626385 ], [ 4.2378051, 43.8612166 ], [ 4.2380219, 43.8594555 ], [ 4.2376552, 43.8588314 ], [ 4.2376585, 43.8585254 ], [ 4.2379632, 43.8577218 ], [ 4.2394322, 43.8570355 ], [ 4.2581536, 43.8543515 ], [ 4.2631099, 43.8535041 ], [ 4.2667926, 43.8529969 ], [ 4.2712412, 43.8525357 ], [ 4.2715647, 43.8525976 ], [ 4.2743822, 43.8523388 ], [ 4.2786929, 43.8521705 ], [ 4.2793129, 43.8520867 ], [ 4.2838691, 43.8510567 ], [ 4.2838069, 43.8506119 ], [ 4.2829128, 43.8496198 ], [ 4.280002, 43.8483138 ], [ 4.2790265, 43.8477385 ], [ 4.2798963, 43.8476499 ], [ 4.2803021, 43.8475003 ], [ 4.2817941, 43.8474846 ], [ 4.2853169, 43.8477977 ], [ 4.2863708, 43.8476584 ], [ 4.2874707, 43.8476814 ], [ 4.287939, 43.8474923 ], [ 4.290103, 43.8470014 ], [ 4.2915507, 43.8465091 ], [ 4.2922975, 43.8461546 ], [ 4.292586, 43.8460999 ], [ 4.293282, 43.8461348 ], [ 4.294091, 43.8459974 ], [ 4.2950968, 43.845495 ], [ 4.2941192, 43.8449387 ], [ 4.2924541, 43.8448828 ], [ 4.2914617, 43.8446642 ], [ 4.2904002, 43.8441358 ], [ 4.2896362, 43.8440575 ], [ 4.2886477, 43.8434032 ], [ 4.2872544, 43.8428805 ], [ 4.2858163, 43.8421937 ], [ 4.2851998, 43.8417086 ], [ 4.2850082, 43.8411502 ], [ 4.284163, 43.8405589 ], [ 4.284363, 43.8401614 ], [ 4.2851145, 43.8401823 ], [ 4.2856354, 43.8400663 ], [ 4.2865148, 43.8395241 ], [ 4.2875672, 43.8383884 ], [ 4.2881968, 43.8370796 ], [ 4.2881767, 43.8369628 ], [ 4.2877462, 43.8366205 ], [ 4.2877569, 43.8364862 ], [ 4.2888329, 43.835569 ], [ 4.2889905, 43.8355545 ], [ 4.2892696, 43.8356916 ], [ 4.2904587, 43.8364831 ], [ 4.2906404, 43.8364881 ], [ 4.2910637, 43.8361861 ], [ 4.2911386, 43.8353725 ], [ 4.2910759, 43.834854 ], [ 4.2912467, 43.8349266 ], [ 4.2914381, 43.8344843 ], [ 4.2914942, 43.8338302 ], [ 4.2916604, 43.833263 ], [ 4.2923853, 43.8323841 ], [ 4.2926034, 43.8319153 ], [ 4.2925973, 43.8314902 ], [ 4.2956694, 43.8311843 ], [ 4.2957426, 43.8312886 ], [ 4.2964428, 43.8313366 ], [ 4.2973772, 43.830255099999988 ], [ 4.2978184, 43.8311456 ], [ 4.2986249, 43.8313305 ], [ 4.2990303, 43.8314001 ], [ 4.2993359, 43.8310263 ], [ 4.3002007, 43.8312897 ], [ 4.3006611, 43.8308873 ], [ 4.301675, 43.8307354 ], [ 4.302247, 43.8308602 ], [ 4.3025675, 43.831045 ], [ 4.3028277, 43.8310623 ], [ 4.3035855, 43.8314141 ], [ 4.3041706, 43.8305133 ], [ 4.3047529, 43.8305951 ], [ 4.305358, 43.8309919 ], [ 4.3067807, 43.831044 ], [ 4.3069739, 43.8306946 ], [ 4.3077929, 43.8303289 ], [ 4.3083006, 43.8302401 ], [ 4.3088585, 43.8304522 ], [ 4.3095454, 43.8303381 ], [ 4.3097655, 43.8303632 ], [ 4.3100271, 43.8302715 ], [ 4.3112719, 43.8305961 ], [ 4.3117574, 43.8304263 ], [ 4.3124251, 43.8304156 ], [ 4.3134409, 43.831519 ], [ 4.3141755, 43.832001 ], [ 4.3144269, 43.8324652 ], [ 4.3150252, 43.8326869 ], [ 4.3154089, 43.8326361 ], [ 4.3160432, 43.8323847 ], [ 4.3169619, 43.8324582 ], [ 4.3174, 43.832037 ], [ 4.3181231, 43.8316847 ], [ 4.3183228, 43.8317081 ], [ 4.3188605, 43.8319788 ], [ 4.3191814, 43.8314071 ], [ 4.3192594, 43.831016399999989 ], [ 4.3196119, 43.8307355 ], [ 4.320229, 43.8305334 ], [ 4.3216579, 43.8310728 ], [ 4.3223026, 43.8315604 ], [ 4.3231809, 43.8309534 ], [ 4.3231964, 43.8300351 ], [ 4.3234972, 43.829845 ], [ 4.3239012, 43.829183 ], [ 4.323789, 43.8290166 ], [ 4.3237537, 43.8283943 ], [ 4.3234895, 43.8278722 ], [ 4.3236132, 43.8271374 ], [ 4.3244426, 43.8270363 ], [ 4.3258104, 43.8265303 ], [ 4.3262284, 43.8264405 ], [ 4.3269291, 43.8264853 ], [ 4.3270221, 43.8267347 ], [ 4.326688, 43.827199899999989 ], [ 4.3266746, 43.8274591 ], [ 4.327096, 43.8277106 ], [ 4.3272297, 43.8279622 ], [ 4.326974, 43.8286246 ], [ 4.3278284, 43.8287175 ], [ 4.3280379, 43.8289781 ], [ 4.3280583, 43.8293345 ], [ 4.3282139, 43.8296842 ], [ 4.3282041, 43.8303796 ], [ 4.3293982, 43.83105 ], [ 4.3296731, 43.8316126 ], [ 4.3308315, 43.8314149 ], [ 4.3311684, 43.8314673 ], [ 4.3318193, 43.8320057 ], [ 4.3323577, 43.832175 ], [ 4.3327467, 43.832052 ], [ 4.3329765, 43.8316972 ], [ 4.3334425, 43.8318297 ], [ 4.3338024, 43.8317333 ], [ 4.3341549, 43.8321864 ], [ 4.3342962, 43.8314923 ], [ 4.3344443, 43.8313741 ], [ 4.3347582, 43.8315999 ], [ 4.3353247, 43.8317582 ], [ 4.3352409, 43.8320331 ], [ 4.3354818, 43.8323628 ], [ 4.3354754, 43.8327346 ], [ 4.335363, 43.8329339 ], [ 4.3347568, 43.8331001 ], [ 4.3339592, 43.8336536 ], [ 4.334202, 43.8345594 ], [ 4.3337427, 43.8348722 ], [ 4.3338067, 43.8353466 ], [ 4.3342543, 43.8355244 ], [ 4.3346464, 43.8358347 ], [ 4.3346459, 43.8361295 ], [ 4.3342652, 43.836624099999987 ], [ 4.3345715, 43.8368184 ], [ 4.3348689, 43.8366398 ], [ 4.3349577, 43.8363888 ], [ 4.3353984, 43.8366774 ], [ 4.3356372, 43.8364143 ], [ 4.3357236, 43.8365167 ], [ 4.3361472, 43.8365457 ], [ 4.3362104, 43.8364584 ], [ 4.3366566, 43.8365177 ], [ 4.33672, 43.836445 ], [ 4.3370477, 43.836492 ], [ 4.3372037, 43.83671 ], [ 4.3374106, 43.8366094 ], [ 4.3381552, 43.836848 ], [ 4.3384779, 43.8367805 ], [ 4.3385906, 43.8369096 ], [ 4.3390622, 43.8369295 ], [ 4.3392453, 43.8368647 ], [ 4.339383, 43.8370382 ], [ 4.3395872, 43.8370791 ], [ 4.3397815, 43.8369631 ], [ 4.3400707, 43.8371998 ], [ 4.3403906, 43.837131799999987 ], [ 4.340597, 43.8372561 ], [ 4.340659, 43.8374146 ], [ 4.3405084, 43.8376417 ], [ 4.3410057, 43.8381648 ], [ 4.3413275, 43.8387613 ], [ 4.3410206, 43.838985 ], [ 4.340969, 43.8392798 ], [ 4.3400997, 43.8402861 ], [ 4.3400951, 43.8405701 ], [ 4.3416313, 43.8409707 ], [ 4.341827, 43.841284 ], [ 4.3414022, 43.8416005 ], [ 4.3414127, 43.8417998 ], [ 4.3416897, 43.8419028 ], [ 4.3416051, 43.8420197 ], [ 4.3418176, 43.8421261 ], [ 4.3417246, 43.8423878 ], [ 4.3421096, 43.8424046 ], [ 4.3420284, 43.8426082 ], [ 4.3424974, 43.8426371 ], [ 4.3431724, 43.8424012 ], [ 4.3435973, 43.8424954 ], [ 4.3437934, 43.842775499999988 ], [ 4.3439548, 43.8434524 ], [ 4.3437138, 43.8438913 ], [ 4.3438265, 43.8441077 ], [ 4.3443558, 43.8439381 ], [ 4.3444303, 43.8441477 ], [ 4.3446602, 43.8441022 ], [ 4.3450432, 43.843749 ], [ 4.3452831, 43.8437184 ], [ 4.3457404, 43.8439 ], [ 4.3462637, 43.8444077 ], [ 4.3463741, 43.8447488 ], [ 4.3468181, 43.8451958 ], [ 4.3461299, 43.8454435 ], [ 4.3455493, 43.8454571 ], [ 4.345751, 43.8456459 ], [ 4.3456322, 43.8458194 ], [ 4.3456824, 43.8458677 ], [ 4.3459018, 43.8458124 ], [ 4.3460112, 43.8458883 ], [ 4.3457666, 43.8459376 ], [ 4.345771, 43.8460532 ], [ 4.3459799, 43.8461353 ], [ 4.3467779, 43.8460093 ], [ 4.3464745, 43.846373899999989 ], [ 4.3464555, 43.8466705 ], [ 4.3459408, 43.8468285 ], [ 4.3462459, 43.8469314 ], [ 4.3460943, 43.8471521 ], [ 4.3465551, 43.8472985 ], [ 4.3467046, 43.8475995 ], [ 4.3466043, 43.8479166 ], [ 4.3476298, 43.8482705 ], [ 4.3480534, 43.8480377 ], [ 4.3490934, 43.8480451 ], [ 4.3492257, 43.8482134 ], [ 4.3491004, 43.8486161 ], [ 4.3496132, 43.84884 ], [ 4.348722, 43.8496344 ], [ 4.3479791, 43.8507887 ], [ 4.3476261, 43.8509663 ], [ 4.3474398, 43.8513116 ], [ 4.3471212, 43.8514422 ], [ 4.3465823, 43.8520419 ], [ 4.3467682, 43.8522053 ], [ 4.3467615, 43.8523621 ], [ 4.3465109, 43.852747 ], [ 4.3458753, 43.8531756 ], [ 4.3464526, 43.853925 ], [ 4.3466576, 43.8539834 ], [ 4.3468806, 43.8543669 ], [ 4.3462558, 43.8550782 ], [ 4.3458844, 43.855336 ], [ 4.3456243, 43.8557529 ], [ 4.345943, 43.8563181 ], [ 4.3452229, 43.8572467 ], [ 4.3450793, 43.85761 ], [ 4.3452644, 43.8580775 ], [ 4.3436284, 43.8586042 ], [ 4.3432604, 43.8586159 ], [ 4.3414382, 43.8590516 ], [ 4.3412597, 43.8601306 ], [ 4.3412983, 43.8604809 ], [ 4.3414445, 43.8609262 ], [ 4.3421283, 43.8619932 ], [ 4.3422554, 43.8624073 ], [ 4.3416964, 43.8640951 ], [ 4.3412893, 43.865759 ], [ 4.3408751, 43.8665497 ], [ 4.3396235, 43.8678317 ], [ 4.3345169, 43.8708901 ], [ 4.3342851, 43.8720795 ], [ 4.3333594, 43.8735003 ], [ 4.3408168, 43.8746436 ], [ 4.3409792, 43.8753441 ], [ 4.3384793, 43.8778257 ] ], [ [ 4.3241346, 43.8388118 ], [ 4.3245405, 43.8389958 ], [ 4.3243779, 43.83869 ], [ 4.3247129, 43.8386421 ], [ 4.3244924, 43.8382303 ], [ 4.3241795, 43.8382967 ], [ 4.3243447, 43.8386914 ], [ 4.3241346, 43.8388118 ] ], [ [ 4.3241286, 43.8392594 ], [ 4.3246514, 43.8392365 ], [ 4.3243745, 43.8391022 ], [ 4.3239455, 43.8390203 ], [ 4.323688, 43.8391645 ], [ 4.324118, 43.8392591 ], [ 4.3242374, 43.8393747 ], [ 4.3236176, 43.839481 ], [ 4.3236851, 43.8395541 ], [ 4.3242263, 43.83959 ], [ 4.3242549, 43.8394965 ], [ 4.3244938, 43.8393789 ], [ 4.3241286, 43.8392594 ] ], [ [ 4.3243763, 43.8402883 ], [ 4.3241882, 43.8401528 ], [ 4.3245312, 43.8400788 ], [ 4.3242572, 43.8399846 ], [ 4.3238821, 43.8400855 ], [ 4.3239474, 43.840376 ], [ 4.3242249, 43.8403904 ], [ 4.3243763, 43.8402883 ] ], [ [ 4.3238309, 43.8409381 ], [ 4.3243379, 43.8409396 ], [ 4.3244038, 43.8410996 ], [ 4.3248652, 43.8413597 ], [ 4.3251333, 43.841025 ], [ 4.325604, 43.8407404 ], [ 4.3250703, 43.8404646 ], [ 4.3238309, 43.8409381 ] ], [ [ 4.3253434, 43.8410428 ], [ 4.3249859, 43.8412909 ], [ 4.3253685, 43.841243899999988 ], [ 4.3258418, 43.840944199999988 ], [ 4.3253434, 43.8410428 ] ], [ [ 4.3263655, 43.8410705 ], [ 4.3262082, 43.8410427 ], [ 4.3256172, 43.8413064 ], [ 4.3249753, 43.8418117 ], [ 4.3263655, 43.8410705 ] ] ] ] } },
{ "type": "Feature", "properties": { "code_departement": 30.0, "code_rne": "0301325C", "multisecteur": 0.0 }, "geometry": { "type": "MultiPolygon", "coordinates": [ [ [ [ 4.3876349, 43.832442 ], [ 4.3873289, 43.832253699999988 ], [ 4.3873309, 43.8320463 ], [ 4.3875783, 43.8319664 ], [ 4.3876803, 43.8321243 ], [ 4.3879472, 43.8322606 ], [ 4.3876349, 43.832442 ] ] ], [ [ [ 4.4063835, 43.8433184 ], [ 4.4072556, 43.843326 ], [ 4.4068992, 43.843966 ], [ 4.4057614, 43.8444065 ], [ 4.4054687, 43.8438204 ], [ 4.40561, 43.8436841 ], [ 4.4063835, 43.8433184 ] ] ], [ [ [ 4.374637, 43.8727146 ], [ 4.3724658, 43.8723822 ], [ 4.3720479, 43.871900499999988 ], [ 4.3721939, 43.8713843 ], [ 4.3721565, 43.8711136 ], [ 4.3730124, 43.8702562 ], [ 4.3752732, 43.8707927 ], [ 4.3755983, 43.8718147 ], [ 4.374637, 43.8727146 ] ] ], [ [ [ 4.5518908, 43.8520603 ], [ 4.5515361, 43.8504488 ], [ 4.5594606, 43.8490514 ], [ 4.5623024, 43.8483213 ], [ 4.5634551, 43.8478124 ], [ 4.5637226, 43.8478131 ], [ 4.5651435, 43.8475173 ], [ 4.5668305, 43.8459053 ], [ 4.5675288, 43.8454731 ], [ 4.5678587, 43.8454873 ], [ 4.5683935, 43.8445363 ], [ 4.5691772, 43.8440003 ], [ 4.570841, 43.8415056 ], [ 4.5716765, 43.8415422 ], [ 4.5732607, 43.8420342 ], [ 4.5735648, 43.8416977 ], [ 4.5752598, 43.8412493 ], [ 4.5770553, 43.8409677 ], [ 4.5772227, 43.8408627 ], [ 4.578608, 43.8409966 ], [ 4.5786859, 43.841068299999989 ], [ 4.5790938, 43.8401713 ], [ 4.5814227, 43.840566 ], [ 4.5822837, 43.8409847 ], [ 4.5855568, 43.8373998 ], [ 4.5942074, 43.8401972 ], [ 4.5959376, 43.8407912 ], [ 4.5960311, 43.840887 ], [ 4.5962895, 43.8397662 ], [ 4.5957087, 43.8382932 ], [ 4.5967431, 43.8382844 ], [ 4.5975433, 43.8381295 ], [ 4.5981275, 43.8381192 ], [ 4.5982575, 43.8387221 ], [ 4.5983883, 43.8386869 ], [ 4.5986616, 43.8383661 ], [ 4.5998452, 43.8381804 ], [ 4.6006443, 43.8377186 ], [ 4.6023557, 43.8373758 ], [ 4.6028815, 43.8371916 ], [ 4.6037375, 43.8370764 ], [ 4.6040587, 43.836646 ], [ 4.6046246, 43.8367844 ], [ 4.6056483, 43.8372382 ], [ 4.6068676, 43.8374399 ], [ 4.6076056, 43.8374164 ], [ 4.6082812, 43.837519 ], [ 4.6087418, 43.8373583 ], [ 4.6092195, 43.8367914 ], [ 4.6095228, 43.8367446 ], [ 4.6099239, 43.8365461 ], [ 4.6109714, 43.8365207 ], [ 4.613125, 43.8373556 ], [ 4.6143315, 43.8382892 ], [ 4.6210806, 43.8374312 ], [ 4.6208425, 43.8392529 ], [ 4.6200981, 43.8405421 ], [ 4.6205492, 43.840747 ], [ 4.6207172, 43.8407535 ], [ 4.6204907, 43.841667699999988 ], [ 4.6203296, 43.8416872 ], [ 4.6201916, 43.8418207 ], [ 4.6201582, 43.8422667 ], [ 4.6197726, 43.8423931 ], [ 4.6193749, 43.8424026 ], [ 4.6185071, 43.8431157 ], [ 4.6167973, 43.8439116 ], [ 4.6146858, 43.8446674 ], [ 4.6126508, 43.8450936 ], [ 4.6105899, 43.8459278 ], [ 4.6106389, 43.8466084 ], [ 4.6108412, 43.846988 ], [ 4.6113313, 43.8472112 ], [ 4.6119956, 43.8473076 ], [ 4.613542, 43.847895 ], [ 4.6140527, 43.8480089 ], [ 4.6149951, 43.8486602 ], [ 4.6153165, 43.8491595 ], [ 4.6152375, 43.8495792 ], [ 4.6154998, 43.8501901 ], [ 4.615438, 43.8502477 ], [ 4.6155302, 43.8503417 ], [ 4.6155438, 43.8509545 ], [ 4.6152143, 43.8513077 ], [ 4.6148349, 43.8519659 ], [ 4.6141984, 43.8526855 ], [ 4.6141767, 43.8529288 ], [ 4.6132525, 43.8533251 ], [ 4.6127528, 43.8536889 ], [ 4.6126869, 43.8538636 ], [ 4.6127061, 43.8541477 ], [ 4.6136167, 43.8549002 ], [ 4.6139589, 43.8556549 ], [ 4.6138923, 43.8574795 ], [ 4.6134496, 43.858277199999989 ], [ 4.6129316, 43.8588771 ], [ 4.6126827, 43.8590041 ], [ 4.6130816, 43.8592971 ], [ 4.6121728, 43.8599325 ], [ 4.6111511, 43.860493 ], [ 4.6092384, 43.8612638 ], [ 4.608856, 43.8612902 ], [ 4.6066808, 43.8609586 ], [ 4.6066893, 43.8614823 ], [ 4.6067986, 43.862713799999987 ], [ 4.6088596, 43.8627456 ], [ 4.60912, 43.8628021 ], [ 4.6094692, 43.8627456 ], [ 4.6123957, 43.8628086 ], [ 4.6152906, 43.8655777 ], [ 4.6210271, 43.8786379 ], [ 4.624026, 43.8788085 ], [ 4.623629, 43.8817847 ], [ 4.6251495, 43.8819088 ], [ 4.6243803, 43.886367799999988 ], [ 4.6277409, 43.8882098 ], [ 4.6302797, 43.8882907 ], [ 4.6335343, 43.8877659 ], [ 4.638076, 43.8912398 ], [ 4.6402549, 43.8911792 ], [ 4.6383723, 43.8810064 ], [ 4.6420764, 43.8675254 ], [ 4.6436422, 43.8682823 ], [ 4.6458569, 43.8686728 ], [ 4.6485109, 43.8690216 ], [ 4.6505278, 43.8697986 ], [ 4.6507464, 43.8701742 ], [ 4.6517006, 43.87077 ], [ 4.6522049, 43.870955 ], [ 4.6522733, 43.8710404 ], [ 4.6522061, 43.8713853 ], [ 4.6523307, 43.8715211 ], [ 4.6544004, 43.8727382 ], [ 4.6548752, 43.872938 ], [ 4.6555485, 43.873458 ], [ 4.6561831, 43.873801199999988 ], [ 4.6565231, 43.874538699999988 ], [ 4.6567435, 43.8748018 ], [ 4.6581172, 43.8754443 ], [ 4.6600128, 43.8759736 ], [ 4.6607404, 43.8759184 ], [ 4.6623595, 43.8708395 ], [ 4.6637858, 43.8709798 ], [ 4.6654519, 43.8719626 ], [ 4.6652645, 43.873006 ], [ 4.6654126, 43.8734754 ], [ 4.665401, 43.8742307 ], [ 4.6652739, 43.8746935 ], [ 4.6654159, 43.8750397 ], [ 4.6659725, 43.8754363 ], [ 4.6663429, 43.8755089 ], [ 4.6665794, 43.8758951 ], [ 4.6670958, 43.875979 ], [ 4.6674128, 43.8763504 ], [ 4.6688485, 43.8768533 ], [ 4.6702595, 43.8775293 ], [ 4.671862, 43.8778603 ], [ 4.6724178, 43.8782676 ], [ 4.6733706, 43.8784682 ], [ 4.6746619, 43.8789191 ], [ 4.6757258, 43.8795959 ], [ 4.6766596, 43.879825499999988 ], [ 4.6821811, 43.8816794 ], [ 4.6843245, 43.882326 ], [ 4.6856754, 43.8826409 ], [ 4.6865989, 43.8828138 ], [ 4.6885135, 43.8829561 ], [ 4.6891614, 43.8834862 ], [ 4.6899335, 43.8838001 ], [ 4.6918107, 43.8840672 ], [ 4.6922969, 43.884219 ], [ 4.69287, 43.8845332 ], [ 4.6935563, 43.8853066 ], [ 4.6938543, 43.8854955 ], [ 4.6941536, 43.8856826 ], [ 4.6957171, 43.886321699999989 ], [ 4.6964222, 43.8871803 ], [ 4.6965902, 43.8871822 ], [ 4.6978506, 43.8880051 ], [ 4.6983626, 43.8886488 ], [ 4.699327, 43.888767099999988 ], [ 4.7004646, 43.8909808 ], [ 4.7029119, 43.8933667 ], [ 4.7039385, 43.8943175 ], [ 4.7050346, 43.8950484 ], [ 4.7057636, 43.8953259 ], [ 4.7074655, 43.8955847 ], [ 4.7079956, 43.8959535 ], [ 4.7086456, 43.8965825 ], [ 4.7089702, 43.8970311 ], [ 4.7093327, 43.8980381 ], [ 4.7087969, 43.8978124 ], [ 4.7049056, 43.8972323 ], [ 4.7003548, 43.8968235 ], [ 4.6994194, 43.8965978 ], [ 4.697983, 43.896684 ], [ 4.6981373, 43.8970993 ], [ 4.6999657, 43.8981789 ], [ 4.7037294, 43.8993642 ], [ 4.711783, 43.9014148 ], [ 4.7144164, 43.9021729 ], [ 4.7192873, 43.9040559 ], [ 4.7233892, 43.9060652 ], [ 4.7261734, 43.9087514 ], [ 4.729886, 43.9126453 ], [ 4.7354394, 43.9166565 ], [ 4.734271, 43.9248414 ], [ 4.7344169, 43.9249282 ], [ 4.7342325, 43.92513 ], [ 4.7340107, 43.9251696 ], [ 4.7337277, 43.925570099999987 ], [ 4.7337052, 43.9257703 ], [ 4.7338745, 43.9259738 ], [ 4.7337688, 43.9261834 ], [ 4.733789, 43.9263982 ], [ 4.7333749, 43.9270736 ], [ 4.7333099, 43.9277219 ], [ 4.7330613, 43.9281507 ], [ 4.7329289, 43.9286299 ], [ 4.7330022, 43.9289528 ], [ 4.7328086, 43.9291368 ], [ 4.7325545, 43.9297538 ], [ 4.7321096, 43.9298698 ], [ 4.7316349, 43.9298242 ], [ 4.7314943, 43.9297454 ], [ 4.7312014, 43.929165 ], [ 4.7310489, 43.9291053 ], [ 4.7307541, 43.9291999 ], [ 4.7298579, 43.929261 ], [ 4.7296501, 43.9293903 ], [ 4.7294022, 43.9294311 ], [ 4.7292146, 43.9294071 ], [ 4.7286764, 43.9289475 ], [ 4.7284478, 43.928844 ], [ 4.7256991, 43.9309101 ], [ 4.7232994, 43.9306807 ], [ 4.7202166, 43.9309687 ], [ 4.714899, 43.9318723 ], [ 4.7141353, 43.9317826 ], [ 4.7135941, 43.9318883 ], [ 4.6952685, 43.9314082 ], [ 4.6919849, 43.9302655 ], [ 4.686075, 43.928967 ], [ 4.6814553, 43.9277834 ], [ 4.6795879, 43.9274719 ], [ 4.6775495, 43.9299003 ], [ 4.6770754, 43.9302577 ], [ 4.6766592, 43.9307592 ], [ 4.6751845, 43.9313949 ], [ 4.6729437, 43.9316074 ], [ 4.6736499, 43.9351738 ], [ 4.6714959, 43.9354192 ], [ 4.6719203, 43.9373193 ], [ 4.6666886, 43.9379231 ], [ 4.66681, 43.9404174 ], [ 4.6676283, 43.94365 ], [ 4.6711377, 43.9429663 ], [ 4.6725264, 43.9427803 ], [ 4.6729532, 43.9426801 ], [ 4.6731145, 43.9425715 ], [ 4.67363, 43.942732799999987 ], [ 4.6738368, 43.943538 ], [ 4.673946, 43.9461981 ], [ 4.6738383, 43.9466048 ], [ 4.6730432, 43.9469365 ], [ 4.6729303, 43.9472092 ], [ 4.6728102, 43.9491455 ], [ 4.672879, 43.9508125 ], [ 4.6719427, 43.9507637 ], [ 4.6687482, 43.9500685 ], [ 4.666553, 43.9495011 ], [ 4.6666912, 43.9513554 ], [ 4.6658342, 43.9521297 ], [ 4.6649501, 43.9520245 ], [ 4.6639697, 43.9516566 ], [ 4.662231, 43.9507403 ], [ 4.6615904, 43.9502072 ], [ 4.6601311, 43.9519622 ], [ 4.6591017, 43.9523598 ], [ 4.6585722, 43.9532093 ], [ 4.6575652, 43.9541232 ], [ 4.6569225, 43.9543639 ], [ 4.6566335, 43.955614 ], [ 4.6519453, 43.9549192 ], [ 4.6509974, 43.9546759 ], [ 4.6501948, 43.9552532 ], [ 4.6466006, 43.9565246 ], [ 4.6464905, 43.9564324 ], [ 4.6467603, 43.9538655 ], [ 4.6471702, 43.9514901 ], [ 4.6475295, 43.9516342 ], [ 4.6474808, 43.9500803 ], [ 4.6477599, 43.94831 ], [ 4.6477552, 43.9470273 ], [ 4.6476896, 43.9453585 ], [ 4.6474617, 43.9450172 ], [ 4.6473284, 43.9434646 ], [ 4.6473895, 43.9420001 ], [ 4.6475109, 43.9414149 ], [ 4.6461678, 43.9353231 ], [ 4.6406798, 43.9304387 ], [ 4.6353473, 43.9244273 ], [ 4.6341158, 43.9233485 ], [ 4.6326151, 43.9215193 ], [ 4.6318531, 43.9219178 ], [ 4.6313552, 43.9224041 ], [ 4.6283191, 43.924634 ], [ 4.6278275, 43.924906 ], [ 4.6277434, 43.9248847 ], [ 4.624973, 43.9259981 ], [ 4.6231942, 43.9268184 ], [ 4.6205176, 43.9278249 ], [ 4.6195931, 43.9277666 ], [ 4.6189733, 43.9260718 ], [ 4.6182216, 43.9247715 ], [ 4.6171259, 43.9210476 ], [ 4.6162393, 43.9196871 ], [ 4.6151426, 43.9183343 ], [ 4.6146999, 43.9179177 ], [ 4.6109767, 43.9115233 ], [ 4.6093997, 43.9075274 ], [ 4.6083468, 43.9040504 ], [ 4.6056052, 43.90298 ], [ 4.6038923, 43.901033 ], [ 4.6036116, 43.901633 ], [ 4.5982856, 43.9021558 ], [ 4.5934428, 43.9019727 ], [ 4.5829978, 43.9026341 ], [ 4.5833547, 43.9008251 ], [ 4.5758374, 43.8992191 ], [ 4.5677797, 43.8997213 ], [ 4.5642575, 43.899608 ], [ 4.5613484, 43.899611799999988 ], [ 4.5471738, 43.8991655 ], [ 4.5492255, 43.8958717 ], [ 4.5502645, 43.8938875 ], [ 4.5508771, 43.8885799 ], [ 4.5495863, 43.8885712 ], [ 4.5465111, 43.8887633 ], [ 4.5421813, 43.8895078 ], [ 4.5378575, 43.8898739 ], [ 4.5400295, 43.8820376 ], [ 4.534927, 43.8789699 ], [ 4.5318622, 43.8780472 ], [ 4.5285787, 43.87769 ], [ 4.5241662, 43.8776419 ], [ 4.5217163, 43.8702683 ], [ 4.5218367, 43.8702603 ], [ 4.5206349, 43.8668054 ], [ 4.5213038, 43.8654316 ], [ 4.5218989, 43.8637671 ], [ 4.5229393, 43.8619155 ], [ 4.5236189, 43.8600177 ], [ 4.524204, 43.8601265 ], [ 4.5280583, 43.8602391 ], [ 4.5286578, 43.8603738 ], [ 4.5294668, 43.8595551 ], [ 4.533108, 43.8563591 ], [ 4.5431834, 43.8534574 ], [ 4.5467764, 43.8523364 ], [ 4.5485031, 43.852302 ], [ 4.5493133, 43.8521843 ], [ 4.5518908, 43.8520603 ] ] ] ] } },
{ "type": "Feature", "properties": { "code_departement": 30.0, "code_rne": "0301326D", "multisecteur": 0.0 }, "geometry": { "type": "MultiPolygon", "coordinates": [ [ [ [ 3.6307341, 43.9345862 ], [ 3.6323171, 43.9349343 ], [ 3.6328604, 43.9351868 ], [ 3.6341, 43.9355558 ], [ 3.6355331, 43.9358624 ], [ 3.6361692, 43.9358335 ], [ 3.6369633, 43.9354545 ], [ 3.6374489, 43.935332 ], [ 3.6384351, 43.935205599999989 ], [ 3.6392569, 43.9351954 ], [ 3.6396329, 43.9352931 ], [ 3.6408288, 43.9358765 ], [ 3.6414394, 43.9365686 ], [ 3.6418076, 43.9367464 ], [ 3.6429671, 43.9368602 ], [ 3.6443579, 43.9367197 ], [ 3.6446659, 43.9367467 ], [ 3.6457707, 43.9371965 ], [ 3.6474428, 43.9375907 ], [ 3.6490347, 43.9381509 ], [ 3.6503236, 43.9383539 ], [ 3.6510514, 43.9383945 ], [ 3.6522012, 43.938196 ], [ 3.6518962, 43.9384282 ], [ 3.6519441, 43.9386952 ], [ 3.652717, 43.9389768 ], [ 3.6528471, 43.939129 ], [ 3.6527217, 43.9392765 ], [ 3.6524001, 43.939249599999989 ], [ 3.6522811, 43.9393025 ], [ 3.6519853, 43.9397984 ], [ 3.6515176, 43.9398524 ], [ 3.6515205, 43.9399964 ], [ 3.6512956, 43.9401463 ], [ 3.65151, 43.9406013 ], [ 3.6525249, 43.9411253 ], [ 3.6530361, 43.9412834 ], [ 3.6536356, 43.9414292 ], [ 3.6538559, 43.9414135 ], [ 3.6544298, 43.9417088 ], [ 3.6557986, 43.9419256 ], [ 3.6569683, 43.9428015 ], [ 3.6588155, 43.9436616 ], [ 3.6620053, 43.9448276 ], [ 3.6618647, 43.9451614 ], [ 3.6614218, 43.9456375 ], [ 3.6621659, 43.94611 ], [ 3.66361, 43.9466763 ], [ 3.6641206, 43.946558 ], [ 3.6649356, 43.9461571 ], [ 3.6654499, 43.9460423 ], [ 3.6660107, 43.9461685 ], [ 3.6662874, 43.9463945 ], [ 3.666467, 43.946415 ], [ 3.6676545, 43.9462377 ], [ 3.6677119, 43.9466666 ], [ 3.6672542, 43.9473642 ], [ 3.6672797, 43.9482668 ], [ 3.6675657, 43.9489679 ], [ 3.6672819, 43.9497329 ], [ 3.6676311, 43.9504093 ], [ 3.6685022, 43.9512842 ], [ 3.6692387, 43.9517288 ], [ 3.6702056, 43.951956 ], [ 3.6703952, 43.952088 ], [ 3.6703358, 43.9522243 ], [ 3.6693, 43.953136 ], [ 3.666961, 43.9547829 ], [ 3.6682825, 43.9553958 ], [ 3.6685368, 43.9556175 ], [ 3.6685802, 43.9575144 ], [ 3.6684676, 43.9580101 ], [ 3.6682277, 43.9583725 ], [ 3.6674323, 43.9589668 ], [ 3.6652723, 43.9597576 ], [ 3.6649054, 43.9600316 ], [ 3.6646642, 43.9603949 ], [ 3.6646711, 43.960664 ], [ 3.6686824, 43.9636842 ], [ 3.6693588, 43.9639852 ], [ 3.6702868, 43.9640695 ], [ 3.6698865, 43.9654201 ], [ 3.6707192, 43.9655527 ], [ 3.6712107, 43.9654921 ], [ 3.6718385, 43.9655774 ], [ 3.6724394, 43.9654981 ], [ 3.6734479, 43.9656359 ], [ 3.6744152, 43.9651403 ], [ 3.6751191, 43.9649172 ], [ 3.6772701, 43.9670379 ], [ 3.6777718, 43.9673173 ], [ 3.6783267, 43.9674552 ], [ 3.6784312, 43.9675455 ], [ 3.6784654, 43.9676955 ], [ 3.6781287, 43.9690341 ], [ 3.6775885, 43.9694029 ], [ 3.6777622, 43.96976 ], [ 3.6781048, 43.969748 ], [ 3.678516, 43.9699579 ], [ 3.6787349, 43.9703435 ], [ 3.6791741, 43.9707026 ], [ 3.6795024, 43.9711667 ], [ 3.6801862, 43.9715522 ], [ 3.6809733, 43.972135 ], [ 3.6813969, 43.9726499 ], [ 3.6819428, 43.9729669 ], [ 3.6837335, 43.9745064 ], [ 3.6839979, 43.974322 ], [ 3.6841935, 43.9743145 ], [ 3.684673, 43.9744915 ], [ 3.6844554, 43.974843 ], [ 3.6836487, 43.9755419 ], [ 3.683588, 43.9756818 ], [ 3.6836025, 43.9759535 ], [ 3.6837618, 43.9762477 ], [ 3.6841142, 43.9766352 ], [ 3.6856076, 43.9778058 ], [ 3.6868985, 43.9785033 ], [ 3.6889297, 43.9793969 ], [ 3.6899369, 43.9801285 ], [ 3.690942, 43.9805776 ], [ 3.6912449, 43.9808916 ], [ 3.6913515, 43.9811492 ], [ 3.691268, 43.9813612 ], [ 3.6910313, 43.9814698 ], [ 3.690466, 43.9815193 ], [ 3.6896465, 43.9814732 ], [ 3.6885328, 43.9813146 ], [ 3.6881317, 43.9811299 ], [ 3.6874867, 43.9809756 ], [ 3.6872175, 43.9807721 ], [ 3.6861564, 43.9805294 ], [ 3.68534, 43.9805291 ], [ 3.6850003, 43.9807815 ], [ 3.6845612, 43.9813719 ], [ 3.6844779, 43.9823283 ], [ 3.6842749, 43.9828614 ], [ 3.6834342, 43.9834391 ], [ 3.683445, 43.9838215 ], [ 3.6846737, 43.9851369 ], [ 3.6863266, 43.9879337 ], [ 3.6869554, 43.9892249 ], [ 3.6872679, 43.9902246 ], [ 3.6878573, 43.9907231 ], [ 3.6883696, 43.9913301 ], [ 3.6883946, 43.9915433 ], [ 3.6881703, 43.9919659 ], [ 3.6876255, 43.9925858 ], [ 3.6872681, 43.9928266 ], [ 3.6868809, 43.9929685 ], [ 3.6862874, 43.9929623 ], [ 3.6857731, 43.992805399999988 ], [ 3.6836836, 43.9917627 ], [ 3.6833561, 43.9913724 ], [ 3.6831982, 43.991308499999988 ], [ 3.6822903, 43.9910703 ], [ 3.680891, 43.9910259 ], [ 3.6801592, 43.9911277 ], [ 3.6787261, 43.9915875 ], [ 3.6779887, 43.9920628 ], [ 3.6776619, 43.9924644 ], [ 3.6764268, 43.9932263 ], [ 3.6761732, 43.9935023 ], [ 3.6759781, 43.9939734 ], [ 3.6760466, 43.9946003 ], [ 3.6765928, 43.9951387 ], [ 3.6782528, 43.9963353 ], [ 3.6785165, 43.9967063 ], [ 3.6784155, 43.997125399999987 ], [ 3.6779413, 43.9980356 ], [ 3.6775488, 43.9985772 ], [ 3.6769782, 43.9989317 ], [ 3.6768886, 43.999259 ], [ 3.6768882, 43.9994318 ], [ 3.6773984, 44.000298 ], [ 3.677655, 44.0012145 ], [ 3.6780525, 44.0016134 ], [ 3.6783249, 44.002185 ], [ 3.6779262, 44.0030515 ], [ 3.6776898, 44.0033032 ], [ 3.6752118, 44.0046353 ], [ 3.6746587, 44.0051076 ], [ 3.6747088, 44.005443 ], [ 3.6752206, 44.005907 ], [ 3.6759746, 44.0063991 ], [ 3.676707, 44.0071668 ], [ 3.6765405, 44.0075351 ], [ 3.6749197, 44.0083002 ], [ 3.6745366, 44.0085951 ], [ 3.6744329, 44.008782 ], [ 3.6743424, 44.009463 ], [ 3.6748085, 44.0103889 ], [ 3.6748227, 44.0112655 ], [ 3.675195, 44.0114333 ], [ 3.6757089, 44.01144 ], [ 3.6772588, 44.01111 ], [ 3.6782523, 44.0106503 ], [ 3.6786406, 44.0103787 ], [ 3.6794084, 44.0096098 ], [ 3.6798984, 44.009497 ], [ 3.6802987, 44.0096034 ], [ 3.6804301, 44.0098483 ], [ 3.6801989, 44.010649 ], [ 3.6804696, 44.0111756 ], [ 3.6804529, 44.0114439 ], [ 3.6803519, 44.011765 ], [ 3.6799051, 44.0122528 ], [ 3.6798772, 44.0125275 ], [ 3.6801091, 44.0130481 ], [ 3.6807655, 44.0136074 ], [ 3.6809647, 44.0139959 ], [ 3.6808336, 44.0148185 ], [ 3.6803596, 44.0154406 ], [ 3.6804061, 44.0156744 ], [ 3.6807238, 44.0160612 ], [ 3.6806247, 44.0163309 ], [ 3.682131, 44.0167193 ], [ 3.6835708, 44.0169714 ], [ 3.6837566, 44.0169693 ], [ 3.6847498, 44.0162827 ], [ 3.6855539, 44.0160481 ], [ 3.6878636, 44.0162442 ], [ 3.6890556, 44.0165266 ], [ 3.6893257, 44.016484399999989 ], [ 3.6896777, 44.0166117 ], [ 3.6909765, 44.0165423 ], [ 3.6916946, 44.01632 ], [ 3.6927102, 44.0161426 ], [ 3.6934942, 44.0162078 ], [ 3.6937202, 44.0163324 ], [ 3.6963517, 44.0163274 ], [ 3.6973452, 44.0161806 ], [ 3.6982098, 44.0158997 ], [ 3.6998744, 44.0151591 ], [ 3.700795, 44.0145637 ], [ 3.7019389, 44.0154933 ], [ 3.7030752, 44.0161089 ], [ 3.7059656, 44.0171721 ], [ 3.7069866, 44.0181366 ], [ 3.7084012, 44.0199618 ], [ 3.7090329, 44.0203141 ], [ 3.7109254, 44.0207392 ], [ 3.7120696, 44.0216786 ], [ 3.7128873, 44.0220279 ], [ 3.7134567, 44.0223797 ], [ 3.7142933, 44.0234489 ], [ 3.7147381, 44.0238024 ], [ 3.715431, 44.0241534 ], [ 3.7158758, 44.0245078 ], [ 3.7162624, 44.0249976 ], [ 3.7165907, 44.0257128 ], [ 3.7166846, 44.0275186 ], [ 3.7167522, 44.0277422 ], [ 3.7170723, 44.0280983 ], [ 3.7217559, 44.0305121 ], [ 3.7236976, 44.0309457 ], [ 3.7240142, 44.0311218 ], [ 3.7248659, 44.032864 ], [ 3.7248167, 44.0334044 ], [ 3.7240227, 44.0345383 ], [ 3.7226857, 44.0359494 ], [ 3.7228882, 44.0365754 ], [ 3.7229096, 44.0374744 ], [ 3.723234, 44.0379655 ], [ 3.7238721, 44.0385958 ], [ 3.7254987, 44.0414076 ], [ 3.7258778, 44.0415824 ], [ 3.7279444, 44.0420052 ], [ 3.7284512, 44.0423141 ], [ 3.7288398, 44.042938 ], [ 3.7292501, 44.0443807 ], [ 3.7292668, 44.0450998 ], [ 3.7286338, 44.0472209 ], [ 3.7281658, 44.048485899999989 ], [ 3.7274952, 44.049619 ], [ 3.7274453, 44.0501135 ], [ 3.7280385, 44.0514101 ], [ 3.7280433, 44.0515901 ], [ 3.7282364, 44.051857 ], [ 3.7283228, 44.0528546 ], [ 3.7284553, 44.053167 ], [ 3.7284714, 44.0538419 ], [ 3.7286082, 44.0542892 ], [ 3.7289261, 44.0545553 ], [ 3.730184, 44.0550339 ], [ 3.7311879, 44.0551703 ], [ 3.7318784, 44.0553889 ], [ 3.7328036, 44.056293499999988 ], [ 3.7330572, 44.0563089 ], [ 3.7334288, 44.0568627 ], [ 3.7347241, 44.0579134 ], [ 3.7352509, 44.0580188 ], [ 3.7358729, 44.0584358 ], [ 3.736122, 44.0584926 ], [ 3.7371456, 44.058601 ], [ 3.7378359, 44.0585108 ], [ 3.7400947, 44.0575271 ], [ 3.7416537, 44.0569639 ], [ 3.7419663, 44.057005 ], [ 3.742744, 44.0581635 ], [ 3.7431922, 44.0586519 ], [ 3.7445274, 44.0596779 ], [ 3.7451034, 44.0603004 ], [ 3.745697, 44.0615961 ], [ 3.7463209, 44.0641507 ], [ 3.7465136, 44.0643735 ], [ 3.748914, 44.06561 ], [ 3.7501693, 44.0659533 ], [ 3.7506086, 44.0660376 ], [ 3.7517924, 44.0659773 ], [ 3.7533445, 44.0657326 ], [ 3.7536803, 44.0666727 ], [ 3.7536863, 44.0669426 ], [ 3.753392, 44.0676206 ], [ 3.7533454, 44.0682501 ], [ 3.7536278, 44.0695955 ], [ 3.7534504, 44.0699577 ], [ 3.7527191, 44.0706414 ], [ 3.7523574, 44.0711407 ], [ 3.7525291, 44.0716643 ], [ 3.7531349, 44.0725332 ], [ 3.7535986, 44.0734264 ], [ 3.7541743, 44.0740039 ], [ 3.7539813, 44.0742312 ], [ 3.753307, 44.0746894 ], [ 3.7518599, 44.075341099999989 ], [ 3.751008, 44.0759734 ], [ 3.7497975, 44.0766811 ], [ 3.7496156, 44.0767111 ], [ 3.7490051, 44.077091499999987 ], [ 3.7487895, 44.0771218 ], [ 3.7481092, 44.0776989 ], [ 3.7475239, 44.0779117 ], [ 3.7462037, 44.0779738 ], [ 3.745516, 44.077893 ], [ 3.7441986, 44.077595 ], [ 3.741579, 44.077584 ], [ 3.7376012, 44.0781653 ], [ 3.7371566, 44.0781566 ], [ 3.7365252, 44.0783741 ], [ 3.7355899, 44.0788503 ], [ 3.7338679, 44.0790229 ], [ 3.7329286, 44.0788996 ], [ 3.731735, 44.0785107 ], [ 3.7314901, 44.0786932 ], [ 3.7308869, 44.079555 ], [ 3.7300952, 44.0803298 ], [ 3.7286265, 44.0814728 ], [ 3.7283846, 44.0817903 ], [ 3.7283294, 44.0820607 ], [ 3.7290333, 44.0828166 ], [ 3.7285929, 44.0831364 ], [ 3.7282963, 44.0837702 ], [ 3.7271899, 44.0851303 ], [ 3.7262408, 44.0859098 ], [ 3.7260819, 44.08618 ], [ 3.7243152, 44.0867884 ], [ 3.7231453, 44.0873875 ], [ 3.7219503, 44.0874926 ], [ 3.7210216, 44.0878191 ], [ 3.7199605, 44.0877424 ], [ 3.7180128, 44.0871827 ], [ 3.7174451, 44.08692 ], [ 3.716872, 44.0864324 ], [ 3.7161122, 44.0859927 ], [ 3.7148626, 44.0859189 ], [ 3.7126807, 44.0859908 ], [ 3.7109923, 44.0857785 ], [ 3.7099406, 44.0861517 ], [ 3.7094429, 44.0862026 ], [ 3.7077162, 44.0875288 ], [ 3.7047888, 44.0876998 ], [ 3.7036073, 44.0878946 ], [ 3.700698, 44.0888304 ], [ 3.698985, 44.0886541 ], [ 3.6985155, 44.0884492 ], [ 3.697933, 44.0885051 ], [ 3.6972504, 44.0886481 ], [ 3.696695, 44.0888802 ], [ 3.6956847, 44.0895887 ], [ 3.694932, 44.0898212 ], [ 3.693387, 44.0901109 ], [ 3.6919343, 44.0904963 ], [ 3.6911262, 44.090793 ], [ 3.6904392, 44.091296 ], [ 3.6894689, 44.0924317 ], [ 3.6884291, 44.0932996 ], [ 3.6874569, 44.0943903 ], [ 3.6867199, 44.0948936 ], [ 3.685917, 44.095219 ], [ 3.6840449, 44.0957366 ], [ 3.68362, 44.0962361 ], [ 3.6835674, 44.0966414 ], [ 3.6828824, 44.0966952 ], [ 3.6823256, 44.0969264 ], [ 3.6800572, 44.0985732 ], [ 3.6796224, 44.0986686 ], [ 3.676507, 44.0988418 ], [ 3.6734999, 44.0988783 ], [ 3.6711961, 44.0990419 ], [ 3.6697611, 44.0990498 ], [ 3.6676337, 44.0988062 ], [ 3.6673238, 44.0988999 ], [ 3.6667734, 44.099356 ], [ 3.6654281, 44.0999933 ], [ 3.6651535, 44.1000058 ], [ 3.6641001, 44.1002876 ], [ 3.664152, 44.1007697 ], [ 3.6633929, 44.1012316 ], [ 3.6631831, 44.1012365 ], [ 3.6625427, 44.1018038 ], [ 3.6613904, 44.1018494 ], [ 3.6606474, 44.1020834 ], [ 3.6583718, 44.1035049 ], [ 3.656938, 44.1040616 ], [ 3.6557084, 44.1048862 ], [ 3.65565, 44.1050216 ], [ 3.6539175, 44.1056719 ], [ 3.653459, 44.1059969 ], [ 3.6518749, 44.1065292 ], [ 3.6515936, 44.1069368 ], [ 3.6505743, 44.1074919 ], [ 3.650732, 44.1082768 ], [ 3.6505055, 44.1093339 ], [ 3.650904, 44.110102 ], [ 3.6508746, 44.1104784 ], [ 3.6509997, 44.1115884 ], [ 3.6511865, 44.1121885 ], [ 3.6512788, 44.1134913 ], [ 3.6505969, 44.1137239 ], [ 3.649043, 44.1139681 ], [ 3.6476803, 44.1144334 ], [ 3.6461916, 44.1148112 ], [ 3.6447585, 44.1154578 ], [ 3.6442673, 44.115778399999989 ], [ 3.6440231, 44.1160508 ], [ 3.6436073, 44.1169551 ], [ 3.6426338, 44.1180463 ], [ 3.6420779, 44.1182773 ], [ 3.6409727, 44.1191001 ], [ 3.6389837, 44.1194385 ], [ 3.638103, 44.119674 ], [ 3.6369803, 44.1197318 ], [ 3.6361099, 44.1198773 ], [ 3.6352439, 44.1202028 ], [ 3.6344453, 44.1207519 ], [ 3.6328325, 44.1212203 ], [ 3.6313988, 44.1212826 ], [ 3.6303331, 44.12107 ], [ 3.6290125, 44.1206275 ], [ 3.6273078, 44.119793 ], [ 3.6269855, 44.1193475 ], [ 3.6269783, 44.1190325 ], [ 3.6271607, 44.1188056 ], [ 3.6270938, 44.1186269 ], [ 3.6264034, 44.1184553 ], [ 3.6246913, 44.1178458 ], [ 3.6232743, 44.118627 ], [ 3.6196784, 44.1196582 ], [ 3.6162875, 44.1187449 ], [ 3.6140226, 44.1179619 ], [ 3.6126228, 44.116764499999988 ], [ 3.6125532, 44.1164508 ], [ 3.6123632, 44.1163177 ], [ 3.6115962, 44.1161015 ], [ 3.6099725, 44.1160313 ], [ 3.608232, 44.1163659 ], [ 3.6077336, 44.1163714 ], [ 3.604791, 44.1159926 ], [ 3.6044658, 44.115367 ], [ 3.6042767, 44.1153239 ], [ 3.6039705, 44.1155524 ], [ 3.6031646, 44.1157864 ], [ 3.6025488, 44.116153399999988 ], [ 3.600743, 44.1169383 ], [ 3.5999438, 44.1174422 ], [ 3.5987826, 44.11858 ], [ 3.5981667, 44.1189469 ], [ 3.5980612, 44.1191293 ], [ 3.5966157, 44.1190265 ], [ 3.5950488, 44.1190116 ], [ 3.5942563, 44.1190987 ], [ 3.5914853, 44.1199616 ], [ 3.5911526, 44.1198032 ], [ 3.5907552, 44.1193148 ], [ 3.5904041, 44.1184751 ], [ 3.5895428, 44.1183105 ], [ 3.5885039, 44.1189795 ], [ 3.5871061, 44.119491 ], [ 3.5849812, 44.1207409 ], [ 3.5834434, 44.1215042 ], [ 3.5817439, 44.121606 ], [ 3.5768215, 44.1215375 ], [ 3.5727077, 44.1216085 ], [ 3.5704905, 44.122175399999989 ], [ 3.5700269, 44.1224182 ], [ 3.5697578, 44.1223701 ], [ 3.5677878, 44.122671 ], [ 3.5660103, 44.1233544 ], [ 3.5641748, 44.1234808 ], [ 3.5628042, 44.1228641 ], [ 3.5622722, 44.1223862 ], [ 3.5617694, 44.1217092 ], [ 3.5615773, 44.1216085 ], [ 3.5608061, 44.1206962 ], [ 3.5590026, 44.1195011 ], [ 3.558691, 44.1193272 ], [ 3.5585097, 44.1193119 ], [ 3.5563799, 44.1180869 ], [ 3.5529088, 44.1167724 ], [ 3.551618, 44.1166178 ], [ 3.5514421, 44.1165188 ], [ 3.5512153, 44.1165775 ], [ 3.5499096, 44.1164455 ], [ 3.5477084, 44.1149075 ], [ 3.5473559, 44.1147517 ], [ 3.5461125, 44.1144636 ], [ 3.5456298, 44.1136289 ], [ 3.5452762, 44.113237399999988 ], [ 3.5455046, 44.1128258 ], [ 3.5455969, 44.1122799 ], [ 3.5454421, 44.1113824 ], [ 3.5452319, 44.1108245 ], [ 3.5448999, 44.1104652 ], [ 3.5436534, 44.1095839 ], [ 3.5433227, 44.1101346 ], [ 3.5432137, 44.1106257 ], [ 3.5432417, 44.1119937 ], [ 3.5434321, 44.1130944 ], [ 3.5433665, 44.113417 ], [ 3.5432397, 44.113612 ], [ 3.5422286, 44.114491 ], [ 3.5409185, 44.1162427 ], [ 3.5408055, 44.1165745 ], [ 3.5404753, 44.1169343 ], [ 3.5403084, 44.1169882 ], [ 3.5403057, 44.1172313 ], [ 3.5405442, 44.1176108 ], [ 3.5406317, 44.1180055 ], [ 3.5403412, 44.118862 ], [ 3.5396241, 44.1195235 ], [ 3.5387269, 44.1200437 ], [ 3.53771, 44.1204528 ], [ 3.536653, 44.1207244 ], [ 3.5353383, 44.1212313 ], [ 3.5343439, 44.121245099999989 ], [ 3.5337274, 44.1214632 ], [ 3.5327896, 44.1216532 ], [ 3.5320366, 44.1216983 ], [ 3.5295926, 44.1211575 ], [ 3.5290932, 44.1212013 ], [ 3.5282284, 44.1207851 ], [ 3.5269768, 44.120684 ], [ 3.5255502, 44.1207197 ], [ 3.5240831, 44.1205584 ], [ 3.5236435, 44.1205776 ], [ 3.5228482, 44.1207803 ], [ 3.522241, 44.1207868 ], [ 3.5215104, 44.1210963 ], [ 3.5206528, 44.1213155 ], [ 3.5196412, 44.121773 ], [ 3.5155278, 44.1232866 ], [ 3.5142668, 44.1238136 ], [ 3.5140255, 44.124074 ], [ 3.5129085, 44.1246373 ], [ 3.5109604, 44.1253214 ], [ 3.5098252, 44.1255391 ], [ 3.5090875, 44.1259008 ], [ 3.508055, 44.1262764 ], [ 3.5058545, 44.1262794 ], [ 3.5053776, 44.1263374 ], [ 3.5045411, 44.1262746 ], [ 3.503631, 44.1259476 ], [ 3.5024809, 44.125186 ], [ 3.5001979, 44.1253144 ], [ 3.4991078, 44.1251204 ], [ 3.4983868, 44.1251183 ], [ 3.4974759, 44.1252673 ], [ 3.4970898, 44.125414 ], [ 3.4965891, 44.125456799999988 ], [ 3.4947679, 44.1253777 ], [ 3.4935189, 44.1250116 ], [ 3.4930998, 44.1248128 ], [ 3.4900812, 44.1239758 ], [ 3.489475, 44.123955099999989 ], [ 3.4889725, 44.124077 ], [ 3.4886413, 44.1240695 ], [ 3.4879998, 44.1243046 ], [ 3.4874934, 44.1242708 ], [ 3.4873645, 44.1243875 ], [ 3.4859618, 44.1241597 ], [ 3.4849762, 44.1239012 ], [ 3.4825177, 44.1239688 ], [ 3.4820056, 44.124143 ], [ 3.481546, 44.1241675 ], [ 3.4808157, 44.1240951 ], [ 3.4808521, 44.123968 ], [ 3.4790196, 44.124634 ], [ 3.4765607, 44.1247968 ], [ 3.4760321, 44.1249413 ], [ 3.4755333, 44.1252216 ], [ 3.4751183, 44.1253512 ], [ 3.4744681, 44.1252991 ], [ 3.4737007, 44.1258749 ], [ 3.47147, 44.1269106 ], [ 3.4708208, 44.1271267 ], [ 3.4684255, 44.1272945 ], [ 3.4673023, 44.1274748 ], [ 3.4664283, 44.1274092 ], [ 3.4648505, 44.1274654 ], [ 3.4624359, 44.1272632 ], [ 3.4593395, 44.1274301 ], [ 3.4577623, 44.127092 ], [ 3.4564652, 44.1269336 ], [ 3.4553153, 44.1269033 ], [ 3.454871, 44.126978 ], [ 3.4540495, 44.1267501 ], [ 3.4528614, 44.1266272 ], [ 3.4504899, 44.1266514 ], [ 3.4482507, 44.1271421 ], [ 3.4463972, 44.1280416 ], [ 3.4455233, 44.1286347 ], [ 3.4417778, 44.1289091 ], [ 3.440125, 44.1291237 ], [ 3.439362, 44.129359 ], [ 3.4389464, 44.13024 ], [ 3.4382457, 44.1309332 ], [ 3.4378375, 44.1311526 ], [ 3.436737, 44.1313757 ], [ 3.4359314, 44.1319262 ], [ 3.434991, 44.1334762 ], [ 3.4344448, 44.1341228 ], [ 3.43417, 44.1343048 ], [ 3.4332528, 44.1346406 ], [ 3.4329177, 44.1349524 ], [ 3.4328092, 44.1353156 ], [ 3.4328848, 44.1358796 ], [ 3.4325108, 44.136666 ], [ 3.4325072, 44.1376633 ], [ 3.4322912, 44.1383581 ], [ 3.4326796, 44.1397895 ], [ 3.432914, 44.1428443 ], [ 3.4317314, 44.1462728 ], [ 3.4308598, 44.1480395 ], [ 3.4275402, 44.1491182 ], [ 3.4251026, 44.1497838 ], [ 3.4247706, 44.1506933 ], [ 3.4244472, 44.1509187 ], [ 3.4238223, 44.1517753 ], [ 3.423178, 44.1520451 ], [ 3.4221981, 44.1529147 ], [ 3.420897, 44.153467 ], [ 3.4170062, 44.1541128 ], [ 3.4149984, 44.1539305 ], [ 3.4119914, 44.1535422 ], [ 3.4111328, 44.1539235 ], [ 3.4110671, 44.1543467 ], [ 3.4101431, 44.1550307 ], [ 3.4098866, 44.1553475 ], [ 3.4097092, 44.1558892 ], [ 3.4082648, 44.1567055 ], [ 3.4077252, 44.1586886 ], [ 3.4066193, 44.1608736 ], [ 3.406069, 44.1615534 ], [ 3.4056778, 44.1619239 ], [ 3.4052769, 44.1621639 ], [ 3.4043996, 44.1620483 ], [ 3.4013705, 44.1614195 ], [ 3.4006204, 44.1614267 ], [ 3.3990019, 44.1617036 ], [ 3.3967439, 44.1611861 ], [ 3.3965579, 44.1612327 ], [ 3.3953427, 44.1630426 ], [ 3.395353, 44.1636366 ], [ 3.3958163, 44.1649806 ], [ 3.3957663, 44.1657008 ], [ 3.3955319, 44.1665118 ], [ 3.395545, 44.1678609 ], [ 3.3957448, 44.1685335 ], [ 3.3956216, 44.1686248 ], [ 3.3890728, 44.169182 ], [ 3.3863962, 44.169657699999988 ], [ 3.3830861, 44.1704092 ], [ 3.3740108, 44.1709662 ], [ 3.3726885, 44.1695548 ], [ 3.3719925, 44.1690666 ], [ 3.371048, 44.1686261 ], [ 3.3647842, 44.1676417 ], [ 3.3630325, 44.1674783 ], [ 3.3609099, 44.1675888 ], [ 3.3572197, 44.1679825 ], [ 3.3549312, 44.165756 ], [ 3.3545467, 44.1652649 ], [ 3.3509659, 44.1641207 ], [ 3.3496442, 44.1635029 ], [ 3.3486966, 44.1629272 ], [ 3.3477922, 44.1612271 ], [ 3.3466456, 44.1599787 ], [ 3.345696, 44.159268 ], [ 3.3442499, 44.1587334 ], [ 3.3431849, 44.158563 ], [ 3.3403718, 44.1583638 ], [ 3.3378617, 44.1584319 ], [ 3.3360552, 44.1586733 ], [ 3.3348726, 44.1589091 ], [ 3.3346208, 44.1588217 ], [ 3.3322639, 44.1483133 ], [ 3.3322732, 44.141785 ], [ 3.3302193, 44.1421639 ], [ 3.320296, 44.1359045 ], [ 3.3211405, 44.1298635 ], [ 3.3221335, 44.1289056 ], [ 3.3227302, 44.1279165 ], [ 3.3235873, 44.1270094 ], [ 3.3239452, 44.1260165 ], [ 3.3240407, 44.124343 ], [ 3.3231983, 44.1225526 ], [ 3.3227209, 44.1212129 ], [ 3.3242708, 44.1213118 ], [ 3.3244474, 44.118315 ], [ 3.3243954, 44.1153396 ], [ 3.3240183, 44.111871 ], [ 3.3241646, 44.1086033 ], [ 3.3234058, 44.1089422 ], [ 3.3230551, 44.1094374 ], [ 3.3220595, 44.1096563 ], [ 3.3217617, 44.1095771 ], [ 3.3209309, 44.109107 ], [ 3.3208723, 44.1086859 ], [ 3.3207437, 44.1084874 ], [ 3.3203125, 44.1084401 ], [ 3.3189069, 44.1086161 ], [ 3.318444, 44.1082655 ], [ 3.3174955, 44.1082034 ], [ 3.3172921, 44.1080177 ], [ 3.3172177, 44.1076615 ], [ 3.3168656, 44.1072467 ], [ 3.3160193, 44.1071376 ], [ 3.3156846, 44.106684 ], [ 3.3154239, 44.1065353 ], [ 3.3143298, 44.1065547 ], [ 3.3140267, 44.1059615 ], [ 3.3123507, 44.1053417 ], [ 3.3120992, 44.1050346 ], [ 3.3122063, 44.10428 ], [ 3.3119947, 44.1041933 ], [ 3.3109686, 44.104306 ], [ 3.3100373, 44.1041728 ], [ 3.3094338, 44.1045975 ], [ 3.3092068, 44.1046575 ], [ 3.3084438, 44.1044725 ], [ 3.3082733, 44.1045783 ], [ 3.3079882, 44.104994 ], [ 3.3076671, 44.1052028 ], [ 3.3066116, 44.1054236 ], [ 3.3059851, 44.1053074 ], [ 3.3054562, 44.104966 ], [ 3.3049858, 44.1043589 ], [ 3.3045901, 44.1041817 ], [ 3.3039944, 44.1042122 ], [ 3.3031327, 44.1044774 ], [ 3.3009889, 44.10463 ], [ 3.3002389, 44.105002 ], [ 3.299816, 44.1046368 ], [ 3.2995408, 44.1045521 ], [ 3.299068, 44.1046659 ], [ 3.2980091, 44.1047444 ], [ 3.2974537, 44.1050501 ], [ 3.2969893, 44.1046274 ], [ 3.2966065, 44.1045142 ], [ 3.2958847, 44.1045512 ], [ 3.2946525, 44.1044348 ], [ 3.2943456, 44.1045122 ], [ 3.2937691, 44.1048584 ], [ 3.2928858, 44.1050759 ], [ 3.2924811, 44.1057961 ], [ 3.2922116, 44.105867 ], [ 3.2917618, 44.105828599999988 ], [ 3.290965, 44.1053798 ], [ 3.2908361, 44.1048401 ], [ 3.2906144, 44.104478 ], [ 3.2900955, 44.1041221 ], [ 3.2895586, 44.1039183 ], [ 3.2891715, 44.1034504 ], [ 3.2883286, 44.1027479 ], [ 3.2873697, 44.1025875 ], [ 3.2867066, 44.1028601 ], [ 3.2865105, 44.1028516 ], [ 3.2860021, 44.102591 ], [ 3.2857485, 44.1021021 ], [ 3.2851322, 44.1019921 ], [ 3.2848801, 44.1017731 ], [ 3.2839765, 44.1014191 ], [ 3.2837477, 44.1011289 ], [ 3.2833521, 44.1009373 ], [ 3.2827147, 44.100856199999988 ], [ 3.2825054, 44.1007037 ], [ 3.2821929, 44.1006523 ], [ 3.282059, 44.1003521 ], [ 3.2820823, 44.1000163 ], [ 3.2813517, 44.0995312 ], [ 3.2810686, 44.0988506 ], [ 3.2805274, 44.098519 ], [ 3.2799583, 44.0983566 ], [ 3.2788595, 44.0973856 ], [ 3.2786945, 44.0971007 ], [ 3.2782145, 44.0967554 ], [ 3.2775378, 44.0965438 ], [ 3.2770141, 44.0967152 ], [ 3.2764024, 44.0967852 ], [ 3.2756216, 44.0972516 ], [ 3.2752034, 44.097287699999988 ], [ 3.2749058, 44.0974595 ], [ 3.2746024, 44.0974863 ], [ 3.2739212, 44.0973773 ], [ 3.2732952, 44.0975805 ], [ 3.2716636, 44.0977376 ], [ 3.2705339, 44.0973309 ], [ 3.2701494, 44.097104099999989 ], [ 3.2701039, 44.0964589 ], [ 3.2697103, 44.0958946 ], [ 3.2689107, 44.0952945 ], [ 3.2678419, 44.0948155 ], [ 3.2669325, 44.0945028 ], [ 3.2660725, 44.094341899999989 ], [ 3.263442, 44.0942493 ], [ 3.2627978, 44.0940303 ], [ 3.2625003, 44.0936998 ], [ 3.2624467, 44.093177 ], [ 3.2626699, 44.0928453 ], [ 3.2648776, 44.0909193 ], [ 3.2655471, 44.0898781 ], [ 3.266238, 44.0891537 ], [ 3.2672716, 44.0885274 ], [ 3.2697273, 44.0876223 ], [ 3.271153, 44.0875567 ], [ 3.2730262, 44.0878436 ], [ 3.2740578, 44.0878843 ], [ 3.2765039, 44.0876027 ], [ 3.2769499, 44.0873874 ], [ 3.2772101, 44.086961 ], [ 3.2771038, 44.086674099999989 ], [ 3.2756762, 44.0855752 ], [ 3.2751708, 44.0848627 ], [ 3.2751311, 44.0843939 ], [ 3.2753845, 44.083855 ], [ 3.2764121, 44.0828237 ], [ 3.2769231, 44.0826343 ], [ 3.278885, 44.0822009 ], [ 3.2798301, 44.0816693 ], [ 3.2802985, 44.0809517 ], [ 3.280732, 44.078479 ], [ 3.2806825, 44.0783073 ], [ 3.2810641, 44.0777123 ], [ 3.2813667, 44.0775522 ], [ 3.2818132, 44.0774628 ], [ 3.2840838, 44.077384099999989 ], [ 3.2850697, 44.0770503 ], [ 3.2854584, 44.0766236 ], [ 3.2865661, 44.0757008 ], [ 3.2883088, 44.0734462 ], [ 3.2885949, 44.0727524 ], [ 3.2889162, 44.0723555 ], [ 3.289616, 44.0717606 ], [ 3.2898364, 44.071661 ], [ 3.2905127, 44.0715926 ], [ 3.2931117, 44.0720582 ], [ 3.2937675, 44.0723822 ], [ 3.2953578, 44.0725931 ], [ 3.2960167, 44.0725427 ], [ 3.2966861, 44.0723591 ], [ 3.297112, 44.0721554 ], [ 3.2975726, 44.0714377 ], [ 3.2975665, 44.0712181 ], [ 3.297328, 44.0709587 ], [ 3.2947773, 44.0699386 ], [ 3.2936442, 44.0692828 ], [ 3.2933993, 44.0689955 ], [ 3.2932924, 44.0683703 ], [ 3.2933568, 44.0680227 ], [ 3.2934918, 44.0678144 ], [ 3.2939783, 44.067517 ], [ 3.2989038, 44.0686665 ], [ 3.3020352, 44.0694922 ], [ 3.3031591, 44.0695728 ], [ 3.3040314, 44.06952 ], [ 3.3064504, 44.0687788 ], [ 3.3070124, 44.0688187 ], [ 3.3073908, 44.0690858 ], [ 3.3084865, 44.0704121 ], [ 3.3098147, 44.0715577 ], [ 3.3119302, 44.0730673 ], [ 3.3124023, 44.0733207 ], [ 3.3128779, 44.0737775 ], [ 3.3132143, 44.0743363 ], [ 3.3138036, 44.0750169 ], [ 3.3140736, 44.0762068 ], [ 3.3143771, 44.0766866 ], [ 3.3154794, 44.0773512 ], [ 3.316401, 44.0773765 ], [ 3.3171541, 44.0776479 ], [ 3.317784, 44.0780025 ], [ 3.3179751, 44.0782252 ], [ 3.3183631, 44.0790755 ], [ 3.3186939, 44.0792779 ], [ 3.3206186, 44.0796404 ], [ 3.3214966, 44.0799016 ], [ 3.322368, 44.0798963 ], [ 3.3229943, 44.0798116 ], [ 3.3236337, 44.0796171 ], [ 3.3238038, 44.0790082 ], [ 3.3247904, 44.0770819 ], [ 3.3266563, 44.0782815 ], [ 3.3282267, 44.0788969 ], [ 3.3289141, 44.0790254 ], [ 3.3330446, 44.0739583 ], [ 3.3329755, 44.0738784 ], [ 3.3333713, 44.0728251 ], [ 3.3336536, 44.0711591 ], [ 3.3344829, 44.0686698 ], [ 3.3347237, 44.0682182 ], [ 3.3351514, 44.06772 ], [ 3.3358912, 44.0672182 ], [ 3.3368811, 44.0668048 ], [ 3.3369093, 44.0648264 ], [ 3.3371992, 44.0636096 ], [ 3.3371304, 44.0625316 ], [ 3.3365366, 44.0606847 ], [ 3.3367108, 44.0599642 ], [ 3.3376794, 44.0582916 ], [ 3.3379237, 44.0580191 ], [ 3.3386618, 44.0574732 ], [ 3.3395888, 44.0570149 ], [ 3.3407696, 44.056824 ], [ 3.3413276, 44.0566396 ], [ 3.3439922, 44.0549968 ], [ 3.3480803, 44.0522838 ], [ 3.3526593, 44.049912 ], [ 3.3557661, 44.0516408 ], [ 3.356076, 44.0517037 ], [ 3.3573624, 44.0522665 ], [ 3.3578336, 44.0523694 ], [ 3.3600354, 44.0532298 ], [ 3.3613629, 44.0539625 ], [ 3.3643101, 44.055832 ], [ 3.3650232, 44.0561041 ], [ 3.3656246, 44.0564684 ], [ 3.3668417, 44.0576668 ], [ 3.3672403, 44.0579373 ], [ 3.3673953, 44.0581726 ], [ 3.3676489, 44.0582032 ], [ 3.3699198, 44.0567645 ], [ 3.3704913, 44.0565619 ], [ 3.3706036, 44.0563707 ], [ 3.3709184, 44.056215699999989 ], [ 3.3712531, 44.0558672 ], [ 3.3722625, 44.0543067 ], [ 3.3726689, 44.0529085 ], [ 3.3725095, 44.0523897 ], [ 3.3720856, 44.0520599 ], [ 3.3718136, 44.0511131 ], [ 3.3709546, 44.0504707 ], [ 3.370439, 44.0498668 ], [ 3.3699735, 44.0494768 ], [ 3.3714068, 44.0493991 ], [ 3.3724205, 44.0496584 ], [ 3.3733001, 44.05001 ], [ 3.3751225, 44.0510289 ], [ 3.3758777, 44.0512442 ], [ 3.376687, 44.0513404 ], [ 3.377016, 44.0508946 ], [ 3.3772149, 44.0509714 ], [ 3.3780906, 44.05261 ], [ 3.3789937, 44.0534862 ], [ 3.3793545, 44.0540655 ], [ 3.3799328, 44.0547097 ], [ 3.3803308, 44.0554427 ], [ 3.3810779, 44.0563005 ], [ 3.3817661, 44.0565664 ], [ 3.3828872, 44.0571826 ], [ 3.3835918, 44.0570982 ], [ 3.3842292, 44.0572193 ], [ 3.3849355, 44.0572168 ], [ 3.3874567, 44.0570423 ], [ 3.3885574, 44.0574038 ], [ 3.3890844, 44.0574451 ], [ 3.390055, 44.0572059 ], [ 3.3902909, 44.0570259 ], [ 3.3904176, 44.0563936 ], [ 3.3903898, 44.055797899999988 ], [ 3.3905807, 44.055606399999988 ], [ 3.3901444, 44.0534992 ], [ 3.390384, 44.0529574 ], [ 3.391224, 44.0520625 ], [ 3.3912962, 44.051678 ], [ 3.3914182, 44.0516235 ], [ 3.3917416, 44.0511084 ], [ 3.3922474, 44.0500797 ], [ 3.3922379, 44.0497836 ], [ 3.3928156, 44.0492298 ], [ 3.3930393, 44.0487367 ], [ 3.3933647, 44.0483341 ], [ 3.3935792, 44.0477754 ], [ 3.3948916, 44.0473656 ], [ 3.3958372, 44.0471543 ], [ 3.3967513, 44.045999 ], [ 3.3992698, 44.0440952 ], [ 3.400009, 44.0436389 ], [ 3.4013437, 44.0430544 ], [ 3.4018071, 44.043293 ], [ 3.4022553, 44.0436793 ], [ 3.4036921, 44.0430647 ], [ 3.4059843, 44.0425549 ], [ 3.406294, 44.042417 ], [ 3.4073887, 44.0416074 ], [ 3.4080148, 44.0414007 ], [ 3.4097854, 44.0410719 ], [ 3.4110843, 44.0407286 ], [ 3.4116561, 44.0407769 ], [ 3.4136312, 44.0412923 ], [ 3.4143345, 44.0414112 ], [ 3.416231, 44.0415777 ], [ 3.4172704, 44.0415863 ], [ 3.4185598, 44.0401279 ], [ 3.4191566, 44.0398376 ], [ 3.4198977, 44.0396691 ], [ 3.4204412, 44.039433 ], [ 3.4211205, 44.038831 ], [ 3.4215255, 44.0380932 ], [ 3.4218232, 44.0378581 ], [ 3.4220288, 44.0361473 ], [ 3.4230819, 44.0358219 ], [ 3.4263191, 44.0354448 ], [ 3.4263498, 44.0352215 ], [ 3.4266411, 44.0353032 ], [ 3.4290081, 44.0350149 ], [ 3.43145, 44.0335788 ], [ 3.432061, 44.0328851 ], [ 3.4325699, 44.0317329 ], [ 3.4329327, 44.031209499999989 ], [ 3.4346294, 44.0300759 ], [ 3.4349554, 44.0299648 ], [ 3.435322, 44.0299417 ], [ 3.4361346, 44.0295227 ], [ 3.4370023, 44.0292897 ], [ 3.4379281, 44.0288306 ], [ 3.4389186, 44.0285054 ], [ 3.4394117, 44.0282307 ], [ 3.4411422, 44.0265029 ], [ 3.4420497, 44.0254615 ], [ 3.4432393, 44.0246062 ], [ 3.4451368, 44.0246471 ], [ 3.4454857, 44.0244395 ], [ 3.4463478, 44.0241516 ], [ 3.4471633, 44.0239548 ], [ 3.4473991, 44.023961 ], [ 3.4478729, 44.0237755 ], [ 3.4488778, 44.0235635 ], [ 3.4490637, 44.0234088 ], [ 3.450373, 44.0228886 ], [ 3.4517589, 44.0218146 ], [ 3.4507555, 44.0207873 ], [ 3.4499356, 44.020256 ], [ 3.4484053, 44.0196323 ], [ 3.4483083, 44.018874 ], [ 3.4483597, 44.0182798 ], [ 3.4482134, 44.0179186 ], [ 3.4483074, 44.0178129 ], [ 3.4481631, 44.017548 ], [ 3.4481959, 44.0174308 ], [ 3.4479128, 44.01727 ], [ 3.4478841, 44.0171135 ], [ 3.44807, 44.0166519 ], [ 3.4480806, 44.0162469 ], [ 3.4485327, 44.0158508 ], [ 3.4487265, 44.0154477 ], [ 3.4491086, 44.0151816 ], [ 3.449214, 44.0146375 ], [ 3.4493912, 44.0144865 ], [ 3.449204, 44.0140049 ], [ 3.44923, 44.0131794 ], [ 3.4493283, 44.0130026 ], [ 3.4492586, 44.0126978 ], [ 3.4493733, 44.0123733 ], [ 3.4495577, 44.0121971 ], [ 3.4494587, 44.0118168 ], [ 3.4491548, 44.0113932 ], [ 3.4477772, 44.0104899 ], [ 3.4472222, 44.0100115 ], [ 3.4467522, 44.0093861 ], [ 3.4464352, 44.0087151 ], [ 3.4460903, 44.0071973 ], [ 3.4461661, 44.0068334 ], [ 3.4459227, 44.006172 ], [ 3.4460308, 44.0054785 ], [ 3.4459494, 44.0048048 ], [ 3.4454735, 44.0042181 ], [ 3.4438441, 44.0028171 ], [ 3.4431264, 44.00192 ], [ 3.4427427, 44.0011557 ], [ 3.4415781, 44.0000237 ], [ 3.4412314, 43.9993699 ], [ 3.440822, 43.998989 ], [ 3.4402648, 43.9981885 ], [ 3.439455, 43.9979487 ], [ 3.4375288, 43.9977863 ], [ 3.4365974, 43.9974579 ], [ 3.4358298, 43.9975069 ], [ 3.4338391, 43.9970594 ], [ 3.4331401, 43.9967895 ], [ 3.4321637, 43.9969248 ], [ 3.4314383, 43.9966306 ], [ 3.4302474, 43.996922399999988 ], [ 3.4296928, 43.9969507 ], [ 3.4278168, 43.9966565 ], [ 3.4271332, 43.9964423 ], [ 3.4266239, 43.9961905 ], [ 3.4261931, 43.9960968 ], [ 3.4254316, 43.9952924 ], [ 3.4246643, 43.9947167 ], [ 3.4240984, 43.9947342 ], [ 3.4233261, 43.9946463 ], [ 3.4226948, 43.9944111 ], [ 3.4222971, 43.9940797 ], [ 3.4220335, 43.9940015 ], [ 3.4211625, 43.9938996 ], [ 3.420752, 43.9940163 ], [ 3.4202485, 43.9940408 ], [ 3.4189597, 43.9935588 ], [ 3.4179656, 43.9929875 ], [ 3.4175536, 43.992225 ], [ 3.4172729, 43.9911713 ], [ 3.4172535, 43.9907276 ], [ 3.4170348, 43.9903145 ], [ 3.4169434, 43.9897487 ], [ 3.4163971, 43.9881686 ], [ 3.4164452, 43.987587 ], [ 3.4162908, 43.987107 ], [ 3.4165369, 43.9866597 ], [ 3.4164909, 43.986508699999987 ], [ 3.4159298, 43.985798 ], [ 3.415641, 43.985683 ], [ 3.4149371, 43.9845427 ], [ 3.4141069, 43.9840112 ], [ 3.4135589, 43.9833932 ], [ 3.4133411, 43.9832599 ], [ 3.4126595, 43.9831122 ], [ 3.4122392, 43.982914 ], [ 3.4116808, 43.9825615 ], [ 3.4111758, 43.982019799999989 ], [ 3.4101938, 43.9785819 ], [ 3.4082421, 43.9770133 ], [ 3.4084185, 43.9757248 ], [ 3.4080942, 43.9749889 ], [ 3.4070398, 43.9737491 ], [ 3.4062207, 43.9731797 ], [ 3.405641, 43.9726329 ], [ 3.4052388, 43.971972 ], [ 3.4051872, 43.9717283 ], [ 3.4057104, 43.9706553 ], [ 3.4058597, 43.9697413 ], [ 3.4040833, 43.9696534 ], [ 3.4003356, 43.9681507 ], [ 3.3989229, 43.9678427 ], [ 3.3959549, 43.9676986 ], [ 3.3921674, 43.9672434 ], [ 3.389239, 43.9670469 ], [ 3.3845044, 43.9674965 ], [ 3.3792154, 43.9675924 ], [ 3.3773557, 43.967507 ], [ 3.377205, 43.9669586 ], [ 3.3767135, 43.9630966 ], [ 3.3770183, 43.9602048 ], [ 3.3769257, 43.959397 ], [ 3.3756484, 43.9559473 ], [ 3.372221, 43.954789 ], [ 3.3672231, 43.9529034 ], [ 3.3652683, 43.9522817 ], [ 3.36255, 43.9518912 ], [ 3.3615662, 43.9513419 ], [ 3.3589762, 43.951138 ], [ 3.3589169, 43.9504191 ], [ 3.3586926, 43.9500167 ], [ 3.3569824, 43.9492348 ], [ 3.3565861, 43.9488221 ], [ 3.3565472, 43.9483731 ], [ 3.3568172, 43.9479232 ], [ 3.3567973, 43.947735099999989 ], [ 3.3559578, 43.9471349 ], [ 3.3558896, 43.9465879 ], [ 3.3557063, 43.9463689 ], [ 3.3558478, 43.9460778 ], [ 3.3556132, 43.9458086 ], [ 3.3550308, 43.9447044 ], [ 3.3545456, 43.9441984 ], [ 3.3545209, 43.9438259 ], [ 3.3541391, 43.9431224 ], [ 3.3541839, 43.9421017 ], [ 3.3539082, 43.9412413 ], [ 3.3536358, 43.9408894 ], [ 3.3532993, 43.940652 ], [ 3.3526859, 43.9397558 ], [ 3.3522324, 43.939526 ], [ 3.3516555, 43.9390806 ], [ 3.3511385, 43.9384532 ], [ 3.3511321, 43.9382228 ], [ 3.351604, 43.9371908 ], [ 3.3526476, 43.935977 ], [ 3.3525967, 43.9354021 ], [ 3.3519373, 43.9342883 ], [ 3.3516305, 43.9342173 ], [ 3.3507671, 43.9343613 ], [ 3.3505241, 43.9343315 ], [ 3.3504563, 43.9342525 ], [ 3.3506331, 43.9334348 ], [ 3.3504038, 43.9325896 ], [ 3.3504507, 43.9323284 ], [ 3.3508679, 43.9317169 ], [ 3.3515598, 43.9312251 ], [ 3.3519131, 43.931179 ], [ 3.3527991, 43.9312769 ], [ 3.3532632, 43.931198 ], [ 3.3540019, 43.930445 ], [ 3.3539773, 43.9302957 ], [ 3.3532084, 43.9298023 ], [ 3.3522024, 43.9296256 ], [ 3.3518754, 43.9294998 ], [ 3.3517478, 43.9294057 ], [ 3.3516761, 43.929081 ], [ 3.3518971, 43.9277673 ], [ 3.351997, 43.9276166 ], [ 3.3528546, 43.9273592 ], [ 3.353352, 43.9258402 ], [ 3.3535607, 43.9255507 ], [ 3.3543394, 43.925037 ], [ 3.3544704, 43.9244651 ], [ 3.3542124, 43.9240357 ], [ 3.3542132, 43.9233482 ], [ 3.3539951, 43.9231158 ], [ 3.3534606, 43.9228655 ], [ 3.3529282, 43.9227467 ], [ 3.3527538, 43.9225249 ], [ 3.3528983, 43.9223481 ], [ 3.3543892, 43.9220247 ], [ 3.3555994, 43.9212243 ], [ 3.3567442, 43.92091 ], [ 3.3572839, 43.9206068 ], [ 3.3573564, 43.9204464 ], [ 3.3571367, 43.9201555 ], [ 3.3563126, 43.9199908 ], [ 3.356074, 43.9198602 ], [ 3.3557468, 43.9194923 ], [ 3.3557662, 43.9190197 ], [ 3.3564103, 43.9186837 ], [ 3.3570522, 43.9181984 ], [ 3.3571098, 43.9180578 ], [ 3.3565324, 43.9174927 ], [ 3.3560582, 43.9167248 ], [ 3.3554686, 43.9160112 ], [ 3.3556282, 43.9154536 ], [ 3.3563484, 43.9147511 ], [ 3.3559437, 43.914532 ], [ 3.3558795, 43.9142181 ], [ 3.35608, 43.9140311 ], [ 3.3565365, 43.9139766 ], [ 3.3580951, 43.9145672 ], [ 3.3583427, 43.9145304 ], [ 3.358587, 43.9143901 ], [ 3.3586439, 43.9141226 ], [ 3.3583142, 43.9139581 ], [ 3.3582109, 43.9137731 ], [ 3.3582228, 43.9130801 ], [ 3.3581126, 43.9127781 ], [ 3.3579386, 43.912631 ], [ 3.3573382, 43.9123819 ], [ 3.3570476, 43.9120913 ], [ 3.3570768, 43.9119778 ], [ 3.3575743, 43.9117107 ], [ 3.3583173, 43.9114833 ], [ 3.358892, 43.9116065 ], [ 3.3595292, 43.9115783 ], [ 3.3599355, 43.9110739 ], [ 3.3601729, 43.9106096 ], [ 3.3608752, 43.9102599 ], [ 3.361819, 43.9100948 ], [ 3.3623337, 43.9103712 ], [ 3.3623044, 43.9108689 ], [ 3.3628373, 43.9114584 ], [ 3.3640282, 43.9123805 ], [ 3.3643489, 43.9124955 ], [ 3.3649568, 43.912354 ], [ 3.3655656, 43.9123754 ], [ 3.3672059, 43.9134579 ], [ 3.3677672, 43.9134335 ], [ 3.3685363, 43.9135812 ], [ 3.3689873, 43.9138344 ], [ 3.3690031, 43.9139612 ], [ 3.3688287, 43.9141355 ], [ 3.3671065, 43.9140612 ], [ 3.366923, 43.914177 ], [ 3.3668766, 43.9145246 ], [ 3.3670614, 43.9157632 ], [ 3.3668256, 43.9168556 ], [ 3.3670018, 43.9169495 ], [ 3.367404, 43.9169572 ], [ 3.367645, 43.9168835 ], [ 3.3680018, 43.9166159 ], [ 3.3687737, 43.9168023 ], [ 3.3699881, 43.9172644 ], [ 3.3715875, 43.916830499999989 ], [ 3.3720299, 43.9165123 ], [ 3.3725985, 43.9162583 ], [ 3.3726867, 43.9158539 ], [ 3.372445, 43.9154381 ], [ 3.3723085, 43.9149454 ], [ 3.3724103, 43.9147056 ], [ 3.3726939, 43.9144788 ], [ 3.3732146, 43.9143411 ], [ 3.3741976, 43.9144467 ], [ 3.3749376, 43.9141525 ], [ 3.3759981, 43.913937399999988 ], [ 3.376053, 43.9137608 ], [ 3.3759598, 43.9136054 ], [ 3.3752634, 43.9133396 ], [ 3.3751368, 43.9132069 ], [ 3.3751301, 43.9129432 ], [ 3.3752597, 43.912779 ], [ 3.3754572, 43.9127054 ], [ 3.3757412, 43.912726 ], [ 3.3764691, 43.9130493 ], [ 3.3768102, 43.9130553 ], [ 3.377634, 43.9120598 ], [ 3.3779598, 43.9120056 ], [ 3.3784935, 43.9121442 ], [ 3.3788731, 43.9121275 ], [ 3.3792464, 43.9117375 ], [ 3.3792538, 43.9111615 ], [ 3.3795728, 43.9108301 ], [ 3.3798104, 43.9108041 ], [ 3.3800262, 43.9108717 ], [ 3.3806491, 43.9113213 ], [ 3.3808031, 43.911634 ], [ 3.3807553, 43.9121219 ], [ 3.3814609, 43.9122625 ], [ 3.3816959, 43.9122338 ], [ 3.3819079, 43.9120954 ], [ 3.3829291, 43.9104818 ], [ 3.3832194, 43.9103341 ], [ 3.3835357, 43.9103465 ], [ 3.3838166, 43.9104742 ], [ 3.3848816, 43.9103939 ], [ 3.3862635, 43.9109542 ], [ 3.3871862, 43.910807 ], [ 3.3875224, 43.9108319 ], [ 3.3876538, 43.9109259 ], [ 3.3877551, 43.9113647 ], [ 3.3879941, 43.9115493 ], [ 3.3886041, 43.9111772 ], [ 3.3888972, 43.9110817 ], [ 3.3899338, 43.9112058 ], [ 3.390609, 43.911099899999989 ], [ 3.3910296, 43.9107087 ], [ 3.3912641, 43.9102363 ], [ 3.3911602, 43.9101412 ], [ 3.3903038, 43.9101515 ], [ 3.3899905, 43.9100257 ], [ 3.389427, 43.9091719 ], [ 3.3894992, 43.9090033 ], [ 3.3898275, 43.9089527 ], [ 3.3903491, 43.9089463 ], [ 3.3910424, 43.9091193 ], [ 3.3914822, 43.9093634 ], [ 3.3928336, 43.9105591 ], [ 3.3932006, 43.9107036 ], [ 3.3934555, 43.9106577 ], [ 3.3937009, 43.9105092 ], [ 3.3943063, 43.9100273 ], [ 3.3946455, 43.9095698 ], [ 3.3947154, 43.9092366 ], [ 3.3949742, 43.909044 ], [ 3.3953922, 43.9095374 ], [ 3.3962736, 43.9097358 ], [ 3.3966598, 43.909954 ], [ 3.3968355, 43.9101631 ], [ 3.3966681, 43.9106181 ], [ 3.3966935, 43.9108664 ], [ 3.3972198, 43.9115404 ], [ 3.3978027, 43.913016 ], [ 3.3977406, 43.9135742 ], [ 3.3978832, 43.9138374 ], [ 3.4007666, 43.9147502 ], [ 3.4012084, 43.9147333 ], [ 3.4015341, 43.9141318 ], [ 3.4022246, 43.9138953 ], [ 3.4025875, 43.9139848 ], [ 3.4029207, 43.9144579 ], [ 3.4030354, 43.9148327 ], [ 3.4032406, 43.914977799999988 ], [ 3.4038349, 43.9148604 ], [ 3.4058592, 43.9146954 ], [ 3.4062382, 43.9145887 ], [ 3.4067454, 43.9143159 ], [ 3.4073922, 43.9137042 ], [ 3.4078876, 43.9135269 ], [ 3.4081074, 43.9136242 ], [ 3.4086668, 43.9142034 ], [ 3.4087212, 43.9150258 ], [ 3.4088498, 43.9152521 ], [ 3.4090755, 43.9152918 ], [ 3.4093811, 43.9152042 ], [ 3.4096127, 43.9150342 ], [ 3.4097994, 43.9143324 ], [ 3.4103688, 43.9133646 ], [ 3.4108102, 43.9131226 ], [ 3.4112144, 43.9130653 ], [ 3.4116819, 43.9131464 ], [ 3.4120505, 43.9133376 ], [ 3.4121614, 43.9135207 ], [ 3.4121879, 43.913924699999988 ], [ 3.4123893, 43.914228099999988 ], [ 3.4140049, 43.9146936 ], [ 3.4147818, 43.914706 ], [ 3.4150839, 43.9146418 ], [ 3.4153279, 43.9141369 ], [ 3.4155346, 43.913975 ], [ 3.4162114, 43.9135693 ], [ 3.4166825, 43.913473 ], [ 3.417243, 43.9136814 ], [ 3.4179628, 43.9145642 ], [ 3.418222, 43.9145992 ], [ 3.418572, 43.914453 ], [ 3.420172, 43.9131284 ], [ 3.4212508, 43.9125519 ], [ 3.4215401, 43.91245 ], [ 3.4219308, 43.9124242 ], [ 3.4223825, 43.9125628 ], [ 3.4227851, 43.9128007 ], [ 3.4232222, 43.9126523 ], [ 3.4239977, 43.9119644 ], [ 3.424492, 43.9116448 ], [ 3.4245211, 43.9112028 ], [ 3.4242021, 43.9106623 ], [ 3.4242736, 43.9103974 ], [ 3.4250699, 43.9100136 ], [ 3.4262368, 43.9097463 ], [ 3.4269208, 43.9093224 ], [ 3.4270996, 43.9087665 ], [ 3.4270506, 43.9083653 ], [ 3.426744, 43.9076546 ], [ 3.4268698, 43.9073274 ], [ 3.4275387, 43.9072312 ], [ 3.4288857, 43.9065879 ], [ 3.4305434, 43.905379 ], [ 3.4314689, 43.9043152 ], [ 3.4318218, 43.9042391 ], [ 3.4325236, 43.9043695 ], [ 3.4328711, 43.9042368 ], [ 3.4330174, 43.904004 ], [ 3.432859, 43.9036339 ], [ 3.4330423, 43.9033487 ], [ 3.4345255, 43.9023016 ], [ 3.4352127, 43.9019929 ], [ 3.4378296, 43.901097799999988 ], [ 3.4380278, 43.9008153 ], [ 3.4379034, 43.9000067 ], [ 3.4380751, 43.899521 ], [ 3.4384142, 43.8989436 ], [ 3.4396639, 43.897334 ], [ 3.4402624, 43.8968411 ], [ 3.4401692, 43.896693899999988 ], [ 3.4397671, 43.8963526 ], [ 3.4390493, 43.8960792 ], [ 3.4375632, 43.8960609 ], [ 3.4363321, 43.8958588 ], [ 3.4358568, 43.8957114 ], [ 3.4338417, 43.8956906 ], [ 3.4331733, 43.895021 ], [ 3.4325949, 43.89391 ], [ 3.4321521, 43.8939424 ], [ 3.434757, 43.8900416 ], [ 3.4418768, 43.8875444 ], [ 3.436383, 43.8855849 ], [ 3.4356817, 43.8853195 ], [ 3.4353503, 43.8850994 ], [ 3.4326072, 43.8805773 ], [ 3.4319001, 43.8752651 ], [ 3.4314133, 43.8727526 ], [ 3.4281429, 43.8729283 ], [ 3.4267038, 43.8731355 ], [ 3.424086, 43.8732573 ], [ 3.4235833, 43.8732341 ], [ 3.4220912, 43.8726603 ], [ 3.4236548, 43.8716364 ], [ 3.4245388, 43.8712352 ], [ 3.4260479, 43.8699163 ], [ 3.4270731, 43.869286 ], [ 3.4285002, 43.8671628 ], [ 3.4288655, 43.8667717 ], [ 3.4314326, 43.8645982 ], [ 3.4317766, 43.8630381 ], [ 3.433037, 43.8629287 ], [ 3.4355289, 43.8631672 ], [ 3.4360896, 43.8634539 ], [ 3.4371062, 43.8641562 ], [ 3.4379044, 43.8644356 ], [ 3.442179, 43.8664639 ], [ 3.4434756, 43.8669977 ], [ 3.4440217, 43.8673231 ], [ 3.4441222, 43.8674514 ], [ 3.444139, 43.8678617 ], [ 3.4439724, 43.8686624 ], [ 3.4460775, 43.8695132 ], [ 3.4565452, 43.8690146 ], [ 3.4623154, 43.8717189 ], [ 3.4656677, 43.8745809 ], [ 3.4668526, 43.8760184 ], [ 3.466792, 43.8765262 ], [ 3.4707255, 43.8797986 ], [ 3.4715561, 43.880785 ], [ 3.4752552, 43.8834868 ], [ 3.4784411, 43.8862312 ], [ 3.479541, 43.8877059 ], [ 3.4796859, 43.888211 ], [ 3.4803125, 43.8894727 ], [ 3.4833931, 43.8923578 ], [ 3.4836001, 43.8922624 ], [ 3.483688, 43.8920586 ], [ 3.4840965, 43.8919515 ], [ 3.4841734, 43.8916218 ], [ 3.4842728, 43.8916016 ], [ 3.4843925, 43.8913419 ], [ 3.4855103, 43.8907915 ], [ 3.4857077, 43.8904406 ], [ 3.4856763, 43.8901203 ], [ 3.485368, 43.8898634 ], [ 3.4853599, 43.8896367 ], [ 3.4882436, 43.8901206 ], [ 3.4900993, 43.8905937 ], [ 3.4902746, 43.8907225 ], [ 3.4909473, 43.890805 ], [ 3.491365, 43.8911919 ], [ 3.4916149, 43.8913069 ], [ 3.4918777, 43.8910375 ], [ 3.4920541, 43.891007 ], [ 3.4941959, 43.8913069 ], [ 3.4946941, 43.8910734 ], [ 3.4950882, 43.8904551 ], [ 3.4955985, 43.8893198 ], [ 3.4958419, 43.8891108 ], [ 3.4963455, 43.8890698 ], [ 3.4969212, 43.8892994 ], [ 3.4971449, 43.889562 ], [ 3.497276, 43.8901824 ], [ 3.4972952, 43.8912398 ], [ 3.4975801, 43.8919458 ], [ 3.497799, 43.8920753 ], [ 3.4988016, 43.8921652 ], [ 3.4998924, 43.891956 ], [ 3.5004456, 43.8917473 ], [ 3.5011859, 43.8911707 ], [ 3.501744, 43.8909548 ], [ 3.5026289, 43.8909606 ], [ 3.5029925, 43.8911318 ], [ 3.5036441, 43.892341 ], [ 3.5036883, 43.8926945 ], [ 3.5034545, 43.892853 ], [ 3.5018776, 43.8932608 ], [ 3.5015976, 43.8938344 ], [ 3.5017568, 43.894101 ], [ 3.5024612, 43.8945306 ], [ 3.5035706, 43.8955866 ], [ 3.5038277, 43.8959427 ], [ 3.5037632, 43.8961077 ], [ 3.5029484, 43.8964408 ], [ 3.5024321, 43.8968832 ], [ 3.5025443, 43.8970456 ], [ 3.5031767, 43.8972074 ], [ 3.5052138, 43.8973159 ], [ 3.505873, 43.8971283 ], [ 3.5069211, 43.896165 ], [ 3.5073403, 43.8960038 ], [ 3.5080772, 43.8953236 ], [ 3.5083536, 43.8951909 ], [ 3.5092627, 43.8953991 ], [ 3.5105294, 43.895368 ], [ 3.5110887, 43.8951539 ], [ 3.5118515, 43.894721 ], [ 3.5120492, 43.8948461 ], [ 3.5121043, 43.8950231 ], [ 3.5120934, 43.8956108 ], [ 3.5122546, 43.8960951 ], [ 3.5125284, 43.8962307 ], [ 3.512835, 43.89615 ], [ 3.5144081, 43.8951743 ], [ 3.5152279, 43.8944495 ], [ 3.5155648, 43.8939953 ], [ 3.515717, 43.8934843 ], [ 3.5156262, 43.8930842 ], [ 3.5151985, 43.8921539 ], [ 3.515314, 43.89186 ], [ 3.5155159, 43.8917555 ], [ 3.5159525, 43.891731 ], [ 3.516884, 43.8919434 ], [ 3.5181127, 43.8925334 ], [ 3.5186056, 43.892549 ], [ 3.5189567, 43.8924232 ], [ 3.5190711, 43.8921419 ], [ 3.5189868, 43.8920415 ], [ 3.5179686, 43.8911913 ], [ 3.51621, 43.8902025 ], [ 3.5157417, 43.8897431 ], [ 3.5156586, 43.8895005 ], [ 3.5157144, 43.889061 ], [ 3.5159787, 43.8887034 ], [ 3.5169977, 43.8882828 ], [ 3.518225, 43.8873554 ], [ 3.5186753, 43.8872003 ], [ 3.5190011, 43.8871754 ], [ 3.5196185, 43.8871976 ], [ 3.5198183, 43.887275 ], [ 3.5205325, 43.8876783 ], [ 3.5211498, 43.8883684 ], [ 3.5216708, 43.8887348 ], [ 3.5220292, 43.8888807 ], [ 3.5225165, 43.888819 ], [ 3.5229036, 43.8884257 ], [ 3.5227627, 43.8873014 ], [ 3.5221852, 43.8866175 ], [ 3.5209347, 43.8858054 ], [ 3.5207367, 43.8855139 ], [ 3.5208005, 43.8852805 ], [ 3.5210956, 43.8851603 ], [ 3.5227524, 43.8857787 ], [ 3.5231286, 43.8858183 ], [ 3.5235147, 43.885722 ], [ 3.5236706, 43.8854944 ], [ 3.523762, 43.8848721 ], [ 3.5235515, 43.883759 ], [ 3.5231952, 43.8834412 ], [ 3.5226737, 43.883297 ], [ 3.5213, 43.8835574 ], [ 3.5207522, 43.8835303 ], [ 3.5204855, 43.8833417 ], [ 3.5204909, 43.8828476 ], [ 3.5207617, 43.8815666 ], [ 3.5208518, 43.8813502 ], [ 3.521239, 43.8809676 ], [ 3.5217937, 43.8808084 ], [ 3.5223695, 43.8809127 ], [ 3.5228389, 43.8812228 ], [ 3.5238088, 43.8812982 ], [ 3.5241507, 43.8811301 ], [ 3.5240366, 43.8800813 ], [ 3.5238887, 43.8798363 ], [ 3.5233478, 43.8794555 ], [ 3.5218606, 43.8787355 ], [ 3.5215864, 43.8785487 ], [ 3.5215175, 43.8783601 ], [ 3.5218088, 43.8778349 ], [ 3.5227132, 43.8774157 ], [ 3.5239907, 43.8772476 ], [ 3.5242125, 43.8770134 ], [ 3.524195, 43.876874 ], [ 3.5239704, 43.8762622 ], [ 3.5237399, 43.8760897 ], [ 3.522623, 43.8755793 ], [ 3.5219265, 43.8750544 ], [ 3.5219252, 43.8747763 ], [ 3.5220423, 43.8746561 ], [ 3.522684, 43.8743533 ], [ 3.5229396, 43.8741469 ], [ 3.5232208, 43.8736047 ], [ 3.5231272, 43.8733019 ], [ 3.5223142, 43.872692 ], [ 3.5211455, 43.8720901 ], [ 3.5201704, 43.8716961 ], [ 3.5197892, 43.8713712 ], [ 3.5197701, 43.871186 ], [ 3.5199108, 43.8710566 ], [ 3.5206077, 43.8708166 ], [ 3.5213359, 43.8704522 ], [ 3.5222686, 43.870149 ], [ 3.5232296, 43.8695405 ], [ 3.5234739, 43.8689148 ], [ 3.523376, 43.8680072 ], [ 3.5228881, 43.8667514 ], [ 3.5222545, 43.8660219 ], [ 3.5217731, 43.8656166 ], [ 3.5201964, 43.865265 ], [ 3.5188904, 43.8651317 ], [ 3.5185472, 43.8650101 ], [ 3.5183353, 43.8648266 ], [ 3.5182765, 43.8646487 ], [ 3.5184682, 43.8642536 ], [ 3.5185615, 43.8635737 ], [ 3.5192328, 43.8632564 ], [ 3.5194791, 43.8632535 ], [ 3.519972, 43.8634302 ], [ 3.5228965, 43.8640075 ], [ 3.5236976, 43.8642853 ], [ 3.5242713, 43.8643078 ], [ 3.5244291, 43.8641594 ], [ 3.5247314, 43.8636243 ], [ 3.5250688, 43.8627129 ], [ 3.5265937, 43.8616319 ], [ 3.5272519, 43.8609745 ], [ 3.5275106, 43.8605718 ], [ 3.527553, 43.8601793 ], [ 3.5273861, 43.8597508 ], [ 3.5265447, 43.8591492 ], [ 3.5260299, 43.8590239 ], [ 3.5256935, 43.8580131 ], [ 3.5257793, 43.85774 ], [ 3.5272157, 43.8565199 ], [ 3.5277421, 43.8553439 ], [ 3.5280596, 43.8543047 ], [ 3.5284963, 43.8539192 ], [ 3.5287817, 43.8538558 ], [ 3.5291905, 43.8539447 ], [ 3.5305629, 43.8548244 ], [ 3.5309058, 43.8553267 ], [ 3.5312607, 43.8565714 ], [ 3.5314551, 43.856879199999987 ], [ 3.5316862, 43.8571273 ], [ 3.5322908, 43.8572773 ], [ 3.5327185, 43.8571277 ], [ 3.5329244, 43.8569404 ], [ 3.5335064, 43.8558711 ], [ 3.534304, 43.8551167 ], [ 3.5350201, 43.8546839 ], [ 3.535349, 43.8546202 ], [ 3.5361473, 43.8546073 ], [ 3.536896, 43.8547359 ], [ 3.5374497, 43.8546369 ], [ 3.5377843, 43.8543823 ], [ 3.5378535, 43.8536728 ], [ 3.5382072, 43.8533318 ], [ 3.539913, 43.8535475 ], [ 3.5404129, 43.8535405 ], [ 3.5407984, 43.8534126 ], [ 3.5413474, 43.8530778 ], [ 3.5434601, 43.8523959 ], [ 3.5439059, 43.8523334 ], [ 3.5463128, 43.8523889 ], [ 3.5472432, 43.8521485 ], [ 3.5476875, 43.8519239 ], [ 3.548656, 43.8516356 ], [ 3.549293, 43.851537 ], [ 3.5516715, 43.8513612 ], [ 3.5526023, 43.851559 ], [ 3.553608, 43.8515134 ], [ 3.5539621, 43.8516142 ], [ 3.5542375, 43.8517964 ], [ 3.554118, 43.8521678 ], [ 3.5547764, 43.853121 ], [ 3.5552978, 43.8544341 ], [ 3.555349, 43.8553581 ], [ 3.5555727, 43.8561075 ], [ 3.5569354, 43.8563246 ], [ 3.5580288, 43.8566025 ], [ 3.5589215, 43.8564422 ], [ 3.5595098, 43.8563204 ], [ 3.5608722, 43.8557501 ], [ 3.5630212, 43.8544782 ], [ 3.5638038, 43.8537524 ], [ 3.5640254, 43.8536577 ], [ 3.5647445, 43.8535568 ], [ 3.5652724, 43.8536215 ], [ 3.566025, 43.853389899999989 ], [ 3.5673209, 43.8527659 ], [ 3.5679373, 43.8527195 ], [ 3.5681464, 43.8526194 ], [ 3.5682692, 43.8524621 ], [ 3.5681829, 43.8522817 ], [ 3.5682996, 43.8521398 ], [ 3.5685192, 43.8513422 ], [ 3.5686632, 43.8511858 ], [ 3.5687468, 43.8507174 ], [ 3.5693222, 43.8501771 ], [ 3.5698506, 43.8500448 ], [ 3.5699715, 43.849946 ], [ 3.5701152, 43.8496375 ], [ 3.569997, 43.8495139 ], [ 3.5706368, 43.8484559 ], [ 3.5709786, 43.8475614 ], [ 3.5710617, 43.8471749 ], [ 3.5709396, 43.8467687 ], [ 3.5712346, 43.846673599999988 ], [ 3.5714181, 43.8464998 ], [ 3.5719127, 43.8463461 ], [ 3.5728651, 43.8457111 ], [ 3.5733254, 43.8452443 ], [ 3.5756455, 43.8443619 ], [ 3.5772952, 43.844085 ], [ 3.5784696, 43.843654 ], [ 3.57868, 43.8436808 ], [ 3.5788634, 43.8436132 ], [ 3.5790713, 43.8437606 ], [ 3.5789383, 43.8438882 ], [ 3.5791607, 43.8440022 ], [ 3.5789312, 43.8444201 ], [ 3.5791023, 43.8444921 ], [ 3.5793243, 43.8444342 ], [ 3.5793282, 43.8445764 ], [ 3.5797415, 43.8445049 ], [ 3.5795601, 43.8447641 ], [ 3.5802311, 43.8445968 ], [ 3.5802732, 43.8446955 ], [ 3.5798867, 43.8448416 ], [ 3.5800391, 43.8449047 ], [ 3.5796408, 43.8451156 ], [ 3.5797724, 43.845222 ], [ 3.5795576, 43.8453743 ], [ 3.5798777, 43.8454275 ], [ 3.5802023, 43.845304299999988 ], [ 3.581349, 43.8453333 ], [ 3.5817064, 43.8456229 ], [ 3.5815956, 43.8464677 ], [ 3.5812781, 43.8469157 ], [ 3.5812845, 43.8474295 ], [ 3.5808273, 43.8479521 ], [ 3.5810765, 43.8482478 ], [ 3.5825451, 43.8478836 ], [ 3.5826756, 43.8479954 ], [ 3.5830314, 43.8480115 ], [ 3.5842094, 43.8473221 ], [ 3.5845032, 43.8473593 ], [ 3.5846567, 43.8472846 ], [ 3.5863117, 43.8475259 ], [ 3.5872543, 43.848132799999988 ], [ 3.5881507, 43.8488398 ], [ 3.5904724, 43.8488408 ], [ 3.5910658, 43.848745799999989 ], [ 3.5915198, 43.8490016 ], [ 3.5925731, 43.8488825 ], [ 3.5927323, 43.8490076 ], [ 3.5927829, 43.8488463 ], [ 3.593407, 43.8488285 ], [ 3.5959991, 43.8488917 ], [ 3.5966723, 43.8491706 ], [ 3.5978382, 43.8493578 ], [ 3.5984128, 43.8491278 ], [ 3.6005339, 43.8494455 ], [ 3.5991392, 43.8546 ], [ 3.5966187, 43.8554687 ], [ 3.5838021, 43.8588219 ], [ 3.5833059, 43.85883 ], [ 3.5831951, 43.8590546 ], [ 3.5823131, 43.8597766 ], [ 3.5748683, 43.8654974 ], [ 3.576678, 43.86671 ], [ 3.5787858, 43.8724153 ], [ 3.5791099, 43.8729733 ], [ 3.5797827, 43.8735628 ], [ 3.5798055, 43.8737229 ], [ 3.580657, 43.8742736 ], [ 3.5808035, 43.8744816 ], [ 3.580832, 43.8748433 ], [ 3.581348, 43.8755443 ], [ 3.5817074, 43.8758969 ], [ 3.5821753, 43.876155399999988 ], [ 3.5823289, 43.8764507 ], [ 3.5822325, 43.8771244 ], [ 3.5823715, 43.8773378 ], [ 3.582903, 43.8777283 ], [ 3.5837121, 43.8780155 ], [ 3.5841425, 43.8783678 ], [ 3.5843888, 43.8784871 ], [ 3.5849486, 43.8785957 ], [ 3.5853627, 43.8795465 ], [ 3.5852167, 43.8799919 ], [ 3.5855138, 43.8802099 ], [ 3.5858667, 43.8807704 ], [ 3.5861058, 43.8809167 ], [ 3.5867096, 43.8810701 ], [ 3.5877965, 43.8811398 ], [ 3.5883617, 43.8810495 ], [ 3.5887072, 43.8811304 ], [ 3.5888665, 43.8813726 ], [ 3.5887776, 43.882041699999988 ], [ 3.5891664, 43.8825832 ], [ 3.5897446, 43.8827861 ], [ 3.5898973, 43.8831156 ], [ 3.5906046, 43.8835321 ], [ 3.5911337, 43.8841574 ], [ 3.5922176, 43.8845295 ], [ 3.5929469, 43.8846695 ], [ 3.5934871, 43.8850427 ], [ 3.5937495, 43.8853869 ], [ 3.5939633, 43.8854874 ], [ 3.5950551, 43.8854122 ], [ 3.5954743, 43.8856367 ], [ 3.5961638, 43.8857697 ], [ 3.5969019, 43.8857918 ], [ 3.5984333, 43.8862334 ], [ 3.5989646, 43.8864717 ], [ 3.5999531, 43.8874634 ], [ 3.6006226, 43.887817899999988 ], [ 3.6010355, 43.8886292 ], [ 3.6003209, 43.8888293 ], [ 3.6001787, 43.8889174 ], [ 3.6000878, 43.889151 ], [ 3.6005101, 43.8895437 ], [ 3.6014128, 43.8899482 ], [ 3.6016618, 43.8904346 ], [ 3.6022525, 43.8907464 ], [ 3.6021099, 43.890794 ], [ 3.6019653, 43.891008 ], [ 3.6014949, 43.8913643 ], [ 3.6011221, 43.8918929 ], [ 3.5999592, 43.8924248 ], [ 3.6019287, 43.8952093 ], [ 3.6073615, 43.9022709 ], [ 3.6104887, 43.9022085 ], [ 3.6112463, 43.9017038 ], [ 3.6122178, 43.902458 ], [ 3.6124587, 43.9027491 ], [ 3.6126546, 43.9033807 ], [ 3.6126666, 43.9038027 ], [ 3.6123668, 43.9052092 ], [ 3.6128363, 43.9055738 ], [ 3.6179748, 43.911454 ], [ 3.6235714, 43.9168824 ], [ 3.6231913, 43.9233464 ], [ 3.6227627, 43.9241219 ], [ 3.622709, 43.9243409 ], [ 3.622803, 43.9247337 ], [ 3.6225949, 43.9251758 ], [ 3.6225988, 43.9255367 ], [ 3.6233513, 43.925797 ], [ 3.6241142, 43.9265612 ], [ 3.6253652, 43.926861 ], [ 3.6260599, 43.9273025 ], [ 3.6266311, 43.9278356 ], [ 3.6293244, 43.9292889 ], [ 3.6297506, 43.9294277 ], [ 3.6306713, 43.9302594 ], [ 3.6303558, 43.9306653 ], [ 3.6301357, 43.9314892 ], [ 3.6309518, 43.9342249 ], [ 3.6307341, 43.9345862 ] ] ] ] } },
{ "type": "Feature", "properties": { "code_departement": 30.0, "code_rne": "0301327E", "multisecteur": 0.0 }, "geometry": { "type": "MultiPolygon", "coordinates": [ [ [ [ 4.4403493, 44.2836026 ], [ 4.4509031, 44.2822431 ], [ 4.4510248, 44.2821505 ], [ 4.4518458, 44.2800024 ], [ 4.4530744, 44.2780182 ], [ 4.4540659, 44.2690842 ], [ 4.4543034, 44.268720099999989 ], [ 4.455031, 44.2679731 ], [ 4.4556568, 44.2675597 ], [ 4.4568579, 44.2664221 ], [ 4.4569134, 44.2662413 ], [ 4.4554698, 44.2644698 ], [ 4.4535429, 44.2614848 ], [ 4.451518, 44.2572065 ], [ 4.4507754, 44.255350899999989 ], [ 4.4495196, 44.252971 ], [ 4.4483116, 44.2502006 ], [ 4.4486667, 44.2506677 ], [ 4.4490471, 44.2509498 ], [ 4.4493757, 44.2511625 ], [ 4.4496508, 44.2511921 ], [ 4.4499236, 44.2516261 ], [ 4.4502249, 44.2518976 ], [ 4.4512358, 44.2522938 ], [ 4.4521245, 44.2524153 ], [ 4.4534578, 44.252783 ], [ 4.4544414, 44.253284 ], [ 4.4548282, 44.2533221 ], [ 4.4561453, 44.2532507 ], [ 4.4571298, 44.253347399999988 ], [ 4.4579808, 44.253319 ], [ 4.4583866, 44.2534154 ], [ 4.459031, 44.253437399999989 ], [ 4.4602336, 44.2533449 ], [ 4.4612379, 44.2530939 ], [ 4.4615205, 44.2529272 ], [ 4.4634013, 44.2513537 ], [ 4.4641382, 44.2509802 ], [ 4.4665435, 44.2500784 ], [ 4.4710681, 44.2486045 ], [ 4.4897269, 44.2429055 ], [ 4.4897323, 44.2430648 ], [ 4.4900206, 44.2432193 ], [ 4.4907222, 44.2433232 ], [ 4.4909984, 44.2435418 ], [ 4.4914269, 44.2436918 ], [ 4.4916162, 44.2439845 ], [ 4.491747, 44.2444824 ], [ 4.4919429, 44.244739 ], [ 4.4921456, 44.2449721 ], [ 4.4925994, 44.2452252 ], [ 4.4946747, 44.2455148 ], [ 4.4955597, 44.2453533 ], [ 4.4967091, 44.2459606 ], [ 4.4976191, 44.2468422 ], [ 4.4988311, 44.2474477 ], [ 4.5009294, 44.2483149 ], [ 4.5011773, 44.2482647 ], [ 4.501779, 44.2476235 ], [ 4.5030946, 44.2476875 ], [ 4.5042163, 44.2475749 ], [ 4.5049511, 44.2473731 ], [ 4.5046934, 44.2486586 ], [ 4.5045683, 44.2502214 ], [ 4.5041809, 44.2515339 ], [ 4.5021171, 44.2568008 ], [ 4.5013404, 44.2580754 ], [ 4.5011114, 44.258274799999988 ], [ 4.5011259, 44.2586807 ], [ 4.5008299, 44.2592816 ], [ 4.5008793, 44.2606754 ], [ 4.5013466, 44.2630908 ], [ 4.5020162, 44.2655754 ], [ 4.5025308, 44.2664624 ], [ 4.5029193, 44.2674132 ], [ 4.5029961, 44.267992799999988 ], [ 4.5043187, 44.2719909 ], [ 4.506647, 44.27436 ], [ 4.5069693, 44.2749381 ], [ 4.5080068, 44.2774807 ], [ 4.5080864, 44.2779297 ], [ 4.5088543, 44.2799917 ], [ 4.5093072, 44.2803879 ], [ 4.5093266, 44.2808819 ], [ 4.509062, 44.2821468 ], [ 4.5089363, 44.2823205 ], [ 4.5084044, 44.282064 ], [ 4.5075261, 44.2821184 ], [ 4.5066238, 44.2819309 ], [ 4.5057555, 44.2819869 ], [ 4.5053821, 44.2819407 ], [ 4.5054033, 44.282549 ], [ 4.505297, 44.2827944 ], [ 4.5041799, 44.28325 ], [ 4.5039014, 44.2834752 ], [ 4.503547, 44.2840536 ], [ 4.5031619, 44.2843703 ], [ 4.5028017, 44.2841151 ], [ 4.5027258, 44.2837569 ], [ 4.5025292, 44.2835264 ], [ 4.4999277, 44.2826338 ], [ 4.4984693, 44.2837871 ], [ 4.4969426, 44.2843463 ], [ 4.4966255, 44.284681 ], [ 4.4964994, 44.2850762 ], [ 4.4958928, 44.2858866 ], [ 4.4927948, 44.2883676 ], [ 4.4925079, 44.2882265 ], [ 4.491349, 44.2879118 ], [ 4.4907668, 44.287647 ], [ 4.4892639, 44.2872127 ], [ 4.4885688, 44.2871843 ], [ 4.4885933, 44.2881644 ], [ 4.4883668, 44.2887985 ], [ 4.4880102, 44.2893003 ], [ 4.4879005, 44.2897069 ], [ 4.4879172, 44.2917756 ], [ 4.4885062, 44.2924392 ], [ 4.4884723, 44.2926287 ], [ 4.4881403, 44.2925387 ], [ 4.4876094, 44.2926566 ], [ 4.4868663, 44.292424499999989 ], [ 4.4863316, 44.2924443 ], [ 4.4845747, 44.2918379 ], [ 4.4836426, 44.2913742 ], [ 4.4832228, 44.2908019 ], [ 4.4826449, 44.2909924 ], [ 4.4819947, 44.2908599 ], [ 4.4816278, 44.2909224 ], [ 4.4814667, 44.2908004 ], [ 4.480643, 44.2905531 ], [ 4.4805265, 44.2905546 ], [ 4.479942, 44.2909695 ], [ 4.4796699, 44.291064 ], [ 4.4784114, 44.2913484 ], [ 4.4764048, 44.2916409 ], [ 4.4755521, 44.2915317 ], [ 4.4751284, 44.2916247 ], [ 4.4746077, 44.2916038 ], [ 4.4739992, 44.2913392 ], [ 4.4734187, 44.2911894 ], [ 4.4730272, 44.2912208 ], [ 4.4718556, 44.2915246 ], [ 4.471464, 44.2918404 ], [ 4.4709101, 44.2926176 ], [ 4.4698399, 44.2929659 ], [ 4.4677919, 44.293456 ], [ 4.4653423, 44.2937813 ], [ 4.4650711, 44.2937651 ], [ 4.4646907, 44.2938863 ], [ 4.464529, 44.2938875 ], [ 4.4640589, 44.2936903 ], [ 4.4630356, 44.2936707 ], [ 4.4626947, 44.2943513 ], [ 4.4615649, 44.2945806 ], [ 4.4609047, 44.29518 ], [ 4.4595389, 44.295199 ], [ 4.4578652, 44.2956741 ], [ 4.4565932, 44.2962212 ], [ 4.4555163, 44.296853 ], [ 4.4534802, 44.2975705 ], [ 4.4532596, 44.297913699999988 ], [ 4.4528163, 44.2972003 ], [ 4.4521025, 44.2965399 ], [ 4.4505735, 44.2955256 ], [ 4.4485142, 44.2944508 ], [ 4.4483003, 44.2942736 ], [ 4.4474819, 44.2939828 ], [ 4.4468777, 44.2933912 ], [ 4.446912, 44.293018 ], [ 4.4465032, 44.2925678 ], [ 4.4465848, 44.2912956 ], [ 4.4461626, 44.2906619 ], [ 4.4462714, 44.2904066 ], [ 4.4461353, 44.2900852 ], [ 4.4464167, 44.2894729 ], [ 4.4461327, 44.2892957 ], [ 4.4462431, 44.288809 ], [ 4.4459705, 44.2886352 ], [ 4.445851, 44.2883235 ], [ 4.445501, 44.2879158 ], [ 4.4454349, 44.2873414 ], [ 4.445376, 44.2872899 ], [ 4.4447916, 44.287276 ], [ 4.4447235, 44.2868664 ], [ 4.4444088, 44.2868606 ], [ 4.4438375, 44.2862802 ], [ 4.443232, 44.2859785 ], [ 4.4423761, 44.2858844 ], [ 4.4418537, 44.2857445 ], [ 4.4413272, 44.2851968 ], [ 4.440613, 44.284955 ], [ 4.440733, 44.2845492 ], [ 4.4401906, 44.2843123 ], [ 4.4403493, 44.2836026 ] ] ], [ [ [ 4.6243534, 44.0940342 ], [ 4.6242456, 44.0945913 ], [ 4.6233802, 44.094948 ], [ 4.6214167, 44.0953912 ], [ 4.62081, 44.0957125 ], [ 4.6198202, 44.0957812 ], [ 4.619595, 44.0962526 ], [ 4.6192061, 44.096676099999989 ], [ 4.6190104, 44.09713 ], [ 4.6189623, 44.0974611 ], [ 4.6191331, 44.0979321 ], [ 4.6192368, 44.0987651 ], [ 4.6191669, 44.0989884 ], [ 4.6189693, 44.0991102 ], [ 4.6174385, 44.0996657 ], [ 4.6166429, 44.1000655 ], [ 4.6164953, 44.099970399999989 ], [ 4.6161993, 44.099314 ], [ 4.6160045, 44.0991414 ], [ 4.6146932, 44.0990662 ], [ 4.6137664, 44.0996857 ], [ 4.6130288, 44.0998442 ], [ 4.6125843, 44.0997202 ], [ 4.6117992, 44.0990395 ], [ 4.6115416, 44.0989856 ], [ 4.6111534, 44.0990382 ], [ 4.610698, 44.0992375 ], [ 4.6101913, 44.0996519 ], [ 4.609608, 44.0999629 ], [ 4.6094248, 44.1001979 ], [ 4.6088077, 44.1005517 ], [ 4.6078535, 44.1019746 ], [ 4.6069323, 44.1027101 ], [ 4.606124, 44.1029326 ], [ 4.6052804, 44.1022572 ], [ 4.6046621, 44.1020817 ], [ 4.604247, 44.1023353 ], [ 4.6034538, 44.1031814 ], [ 4.6031566, 44.103364 ], [ 4.6046206, 44.1049522 ], [ 4.6052639, 44.1059222 ], [ 4.6062282, 44.106622 ], [ 4.6072498, 44.107185 ], [ 4.6086436, 44.1076956 ], [ 4.6095458, 44.1084062 ], [ 4.6106911, 44.1089664 ], [ 4.6152133, 44.1134712 ], [ 4.6152126, 44.1140618 ], [ 4.6173279, 44.114099 ], [ 4.6182059, 44.1142157 ], [ 4.6190278, 44.1144682 ], [ 4.6197913, 44.1148215 ], [ 4.6216939, 44.116205 ], [ 4.6225894, 44.1170208 ], [ 4.6227874, 44.1173492 ], [ 4.6230229, 44.117542 ], [ 4.6259519, 44.1192882 ], [ 4.6271155, 44.120254 ], [ 4.6275718, 44.1207388 ], [ 4.6300102, 44.1225786 ], [ 4.6303817, 44.1229845 ], [ 4.6299543, 44.1245105 ], [ 4.6294261, 44.1249199 ], [ 4.629223, 44.1252443 ], [ 4.6293811, 44.1257487 ], [ 4.629106, 44.1260895 ], [ 4.6291347, 44.1264393 ], [ 4.6289551, 44.1271496 ], [ 4.628378, 44.1279459 ], [ 4.6271346, 44.1287403 ], [ 4.6265243, 44.1289889 ], [ 4.6247566, 44.1293284 ], [ 4.623419, 44.1299324 ], [ 4.6227034, 44.1299979 ], [ 4.6221737, 44.1301804 ], [ 4.6210963, 44.131101099999988 ], [ 4.6201987, 44.1314916 ], [ 4.6194149, 44.1317066 ], [ 4.6187124, 44.1317962 ], [ 4.6180242, 44.1316812 ], [ 4.6150545, 44.1327864 ], [ 4.6151529, 44.134312699999988 ], [ 4.6146432, 44.134457 ], [ 4.6144514, 44.1362424 ], [ 4.613567, 44.1363517 ], [ 4.6136233, 44.1368811 ], [ 4.6135163, 44.1374715 ], [ 4.6130146, 44.137721 ], [ 4.6123506, 44.137846 ], [ 4.611746, 44.1383482 ], [ 4.6102985, 44.1403365 ], [ 4.6088531, 44.140681 ], [ 4.6082408, 44.1409573 ], [ 4.6075439, 44.1411557 ], [ 4.6055905, 44.1414892 ], [ 4.6056028, 44.1415799 ], [ 4.6059374, 44.1417904 ], [ 4.6064263, 44.141981 ], [ 4.6065573, 44.1422331 ], [ 4.6065403, 44.1424415 ], [ 4.6058889, 44.1429881 ], [ 4.6059238, 44.14313 ], [ 4.6063271, 44.143487 ], [ 4.6064143, 44.1437088 ], [ 4.6058086, 44.144284 ], [ 4.6059786, 44.1447373 ], [ 4.6059345, 44.1448541 ], [ 4.6054052, 44.145266 ], [ 4.60511, 44.1456189 ], [ 4.6066361, 44.1463596 ], [ 4.6065127, 44.146657 ], [ 4.6062743, 44.1467877 ], [ 4.6054619, 44.147564 ], [ 4.6066201, 44.1481852 ], [ 4.6070745, 44.1485884 ], [ 4.6072973, 44.1486012 ], [ 4.6070956, 44.1491654 ], [ 4.6075706, 44.1495856 ], [ 4.607059, 44.1499477 ], [ 4.6072361, 44.1501748 ], [ 4.6073751, 44.1502038 ], [ 4.6070507, 44.1505099 ], [ 4.6071482, 44.1507794 ], [ 4.6070029, 44.150941 ], [ 4.6072577, 44.1511204 ], [ 4.6070961, 44.1515986 ], [ 4.6075238, 44.1517708 ], [ 4.6076154, 44.1518845 ], [ 4.6076678, 44.152304 ], [ 4.6079554, 44.1526616 ], [ 4.6081085, 44.1531949 ], [ 4.6084287, 44.1534491 ], [ 4.607746, 44.1539652 ], [ 4.6081057, 44.1543518 ], [ 4.607854, 44.1547238 ], [ 4.6080381, 44.1548462 ], [ 4.6086472, 44.1548643 ], [ 4.6092416, 44.1547819 ], [ 4.6094245, 44.1549673 ], [ 4.6091747, 44.1553751 ], [ 4.6093639, 44.1557881 ], [ 4.6091949, 44.1561752 ], [ 4.6097407, 44.1567049 ], [ 4.6102514, 44.1566637 ], [ 4.6116476, 44.1568278 ], [ 4.6122436, 44.157200499999988 ], [ 4.613345, 44.1574853 ], [ 4.6128353, 44.1582482 ], [ 4.6133756, 44.1582347 ], [ 4.6132655, 44.1584471 ], [ 4.6134935, 44.1585543 ], [ 4.6136945, 44.1584254 ], [ 4.6145691, 44.1585373 ], [ 4.6147255, 44.1584555 ], [ 4.6150592, 44.1586166 ], [ 4.6153039, 44.1593784 ], [ 4.6156691, 44.159588 ], [ 4.6159034, 44.1596295 ], [ 4.6162992, 44.1606036 ], [ 4.6167436, 44.1611989 ], [ 4.6180332, 44.160927099999988 ], [ 4.6181396, 44.1610442 ], [ 4.6178489, 44.1614796 ], [ 4.6177841, 44.1617788 ], [ 4.6174893, 44.1617735 ], [ 4.6173442, 44.1619147 ], [ 4.617407, 44.1619701 ], [ 4.6170902, 44.1621355 ], [ 4.6175065, 44.162363 ], [ 4.616939, 44.1625156 ], [ 4.6171766, 44.162862399999987 ], [ 4.61731, 44.1629212 ], [ 4.6173583, 44.1634515 ], [ 4.6169385, 44.1639024 ], [ 4.616208, 44.1637623 ], [ 4.6158124, 44.1639544 ], [ 4.6154852, 44.1637665 ], [ 4.6152135, 44.1638709 ], [ 4.6145802, 44.1637387 ], [ 4.6144537, 44.1642781 ], [ 4.6146429, 44.1645382 ], [ 4.6147167, 44.1652297 ], [ 4.6151924, 44.1655893 ], [ 4.6153095, 44.1665942 ], [ 4.6151549, 44.1666215 ], [ 4.6146491, 44.166034 ], [ 4.6143185, 44.1660182 ], [ 4.6138486, 44.1661598 ], [ 4.6132001, 44.166170199999989 ], [ 4.6129852, 44.1661082 ], [ 4.6126112, 44.1664134 ], [ 4.6123351, 44.1668242 ], [ 4.6118852, 44.1668862 ], [ 4.612313, 44.1686049 ], [ 4.612209, 44.1694002 ], [ 4.6117205, 44.1694363 ], [ 4.6107939, 44.1697303 ], [ 4.6095179, 44.1698467 ], [ 4.607754, 44.1703955 ], [ 4.6063779, 44.1709536 ], [ 4.6049612, 44.1710038 ], [ 4.6035649, 44.1715171 ], [ 4.6009383, 44.172683 ], [ 4.5984604, 44.1724321 ], [ 4.5954653, 44.1728727 ], [ 4.5943046, 44.1735798 ], [ 4.5900196, 44.1748195 ], [ 4.5874136, 44.1765309 ], [ 4.5871474, 44.1736971 ], [ 4.5880825, 44.1738105 ], [ 4.5886347, 44.1740105 ], [ 4.5874849, 44.1723878 ], [ 4.5871741, 44.1716522 ], [ 4.5868515, 44.1714769 ], [ 4.586361, 44.1713804 ], [ 4.5848339, 44.1716528 ], [ 4.5837254, 44.1717336 ], [ 4.5823242, 44.1714531 ], [ 4.5818933, 44.1712964 ], [ 4.5818, 44.1708647 ], [ 4.581983, 44.1703823 ], [ 4.5817448, 44.1697348 ], [ 4.5815697, 44.1682078 ], [ 4.5811358, 44.1678972 ], [ 4.5809889, 44.1669315 ], [ 4.5813773, 44.1669115 ], [ 4.5827231, 44.167137 ], [ 4.5845726, 44.166724 ], [ 4.5853041, 44.1666739 ], [ 4.5856825, 44.1667413 ], [ 4.5874986, 44.1667907 ], [ 4.5945527, 44.1675094 ], [ 4.5945791, 44.1666682 ], [ 4.5953715, 44.1662002 ], [ 4.5962386, 44.1653233 ], [ 4.5954686, 44.1632901 ], [ 4.5948593, 44.1627012 ], [ 4.5948831, 44.1621688 ], [ 4.5941309, 44.1604098 ], [ 4.594147, 44.1600459 ], [ 4.5940194, 44.1595535 ], [ 4.5939207, 44.1593785 ], [ 4.593174, 44.1591057 ], [ 4.5926358, 44.1587336 ], [ 4.5923228, 44.1583196 ], [ 4.5918507, 44.1580708 ], [ 4.5915046, 44.1577706 ], [ 4.5911739, 44.1569454 ], [ 4.5910996, 44.1560786 ], [ 4.5912007, 44.1558035 ], [ 4.5915676, 44.1555965 ], [ 4.591971, 44.1552224 ], [ 4.5920015, 44.1548394 ], [ 4.5922515, 44.1543433 ], [ 4.5924032, 44.152708 ], [ 4.592528, 44.1522957 ], [ 4.5932739, 44.1513396 ], [ 4.5936057, 44.1505534 ], [ 4.5945979, 44.1493722 ], [ 4.5949648, 44.1485036 ], [ 4.5951719, 44.1446115 ], [ 4.5954015, 44.1422315 ], [ 4.5952433, 44.139804 ], [ 4.594692, 44.1372635 ], [ 4.5930938, 44.1344716 ], [ 4.5927292, 44.1343986 ], [ 4.5914649, 44.1343351 ], [ 4.5854707, 44.1343598 ], [ 4.5852183, 44.1342743 ], [ 4.5838716, 44.1334026 ], [ 4.583623, 44.1334079 ], [ 4.5764178, 44.134972 ], [ 4.5754133, 44.1345381 ], [ 4.5748694, 44.1324583 ], [ 4.5743607, 44.1318696 ], [ 4.5738057, 44.1314185 ], [ 4.572339, 44.131173 ], [ 4.5724234, 44.1302473 ], [ 4.5722681, 44.1289262 ], [ 4.5722872, 44.1275819 ], [ 4.5725105, 44.127251 ], [ 4.5731196, 44.1266769 ], [ 4.5745132, 44.1260933 ], [ 4.5732027, 44.1248923 ], [ 4.5731529, 44.1241306 ], [ 4.5726433, 44.1233295 ], [ 4.57208, 44.1232952 ], [ 4.5716276, 44.1237032 ], [ 4.5720586, 44.124329 ], [ 4.5719038, 44.1245608 ], [ 4.5705928, 44.1246993 ], [ 4.5705739, 44.1237876 ], [ 4.5713257, 44.1234978 ], [ 4.571293, 44.1226736 ], [ 4.5711498, 44.1221518 ], [ 4.5706608, 44.1215934 ], [ 4.5688117, 44.1226084 ], [ 4.5674203, 44.1225905 ], [ 4.5668004, 44.1224985 ], [ 4.5658171, 44.1222785 ], [ 4.5649429, 44.1218931 ], [ 4.5637264, 44.1217808 ], [ 4.5618405, 44.1213693 ], [ 4.5613067, 44.1213616 ], [ 4.5590135, 44.1216355 ], [ 4.5583944, 44.1215246 ], [ 4.5574992, 44.1215103 ], [ 4.5563795, 44.1216927 ], [ 4.5559753, 44.1214905 ], [ 4.5554997, 44.1216476 ], [ 4.5547611, 44.12174 ], [ 4.5532354, 44.1217896 ], [ 4.5528665, 44.121874 ], [ 4.5506581, 44.1220052 ], [ 4.5490713, 44.1219691 ], [ 4.5480955, 44.1220243 ], [ 4.5471777, 44.121913 ], [ 4.5457613, 44.1219861 ], [ 4.5453356, 44.1220966 ], [ 4.5450938, 44.1224421 ], [ 4.5442671, 44.122463599999989 ], [ 4.5437038, 44.1224301 ], [ 4.5432532, 44.12208 ], [ 4.5431036, 44.1218174 ], [ 4.5429834, 44.1209333 ], [ 4.5427353, 44.120725299999989 ], [ 4.5427025, 44.120531299999989 ], [ 4.5409569, 44.120906 ], [ 4.5397615, 44.1214332 ], [ 4.5388226, 44.1220649 ], [ 4.5376557, 44.1223558 ], [ 4.5367474, 44.1224568 ], [ 4.5347236, 44.1229469 ], [ 4.5328603, 44.1236428 ], [ 4.5307501, 44.12427 ], [ 4.5303876, 44.1244992 ], [ 4.530063, 44.1248819 ], [ 4.529654, 44.12501 ], [ 4.5299523, 44.125273199999988 ], [ 4.5288597, 44.1255873 ], [ 4.5256436, 44.1267376 ], [ 4.5204438, 44.1283024 ], [ 4.5201481, 44.1286027 ], [ 4.5193753, 44.1288673 ], [ 4.5192889, 44.1297975 ], [ 4.519574, 44.1312969 ], [ 4.519459, 44.1323734 ], [ 4.519492, 44.1332344 ], [ 4.5187301, 44.1337248 ], [ 4.5185019, 44.1341169 ], [ 4.5185967, 44.1347646 ], [ 4.5149693, 44.1356115 ], [ 4.5142661, 44.1353503 ], [ 4.5131681, 44.1352358 ], [ 4.5125107, 44.1352854 ], [ 4.5053535, 44.1330748 ], [ 4.504581, 44.131231 ], [ 4.5041885, 44.1308502 ], [ 4.5030387, 44.128394799999988 ], [ 4.5025274, 44.1279643 ], [ 4.5021842, 44.1273218 ], [ 4.5016107, 44.126713 ], [ 4.5003257, 44.1255666 ], [ 4.4992704, 44.126448 ], [ 4.4976562, 44.1280346 ], [ 4.4947885, 44.1262058 ], [ 4.4943501, 44.1261695 ], [ 4.4914117, 44.1263985 ], [ 4.4897903, 44.1264305 ], [ 4.4895705, 44.1260077 ], [ 4.488427, 44.1247692 ], [ 4.4867469, 44.12389 ], [ 4.4869505, 44.1233615 ], [ 4.4867858, 44.1228443 ], [ 4.4868705, 44.1221635 ], [ 4.4858075, 44.1215595 ], [ 4.4853041, 44.1213782 ], [ 4.4850798, 44.1214973 ], [ 4.4845618, 44.1215224 ], [ 4.484375, 44.1215951 ], [ 4.484289, 44.1216998 ], [ 4.4843091, 44.1219894 ], [ 4.4841541, 44.1220383 ], [ 4.4846786, 44.1169963 ], [ 4.4845089, 44.1157608 ], [ 4.4849607, 44.1157898 ], [ 4.4850363, 44.115525 ], [ 4.4851749, 44.1154727 ], [ 4.4857038, 44.1157248 ], [ 4.4859701, 44.115444 ], [ 4.486439, 44.115885 ], [ 4.4866644, 44.1159054 ], [ 4.4869871, 44.1157245 ], [ 4.4874473, 44.1159775 ], [ 4.4881637, 44.1160885 ], [ 4.4884131, 44.1163083 ], [ 4.4886048, 44.1163291 ], [ 4.4888817, 44.116311 ], [ 4.4893773, 44.1161017 ], [ 4.4897745, 44.1156192 ], [ 4.4900615, 44.115413599999989 ], [ 4.491697, 44.1146451 ], [ 4.4920931, 44.1145983 ], [ 4.4927662, 44.1150104 ], [ 4.4938, 44.1152646 ], [ 4.4943532, 44.1152535 ], [ 4.4946558, 44.114973 ], [ 4.4957954, 44.1145496 ], [ 4.496385, 44.1139708 ], [ 4.4966209, 44.1138677 ], [ 4.4963953, 44.1134117 ], [ 4.4969584, 44.1120681 ], [ 4.4970076, 44.1117073 ], [ 4.4975179, 44.1103482 ], [ 4.4976067, 44.1094018 ], [ 4.4974231, 44.106367 ], [ 4.4965781, 44.103407 ], [ 4.4966167, 44.1029752 ], [ 4.4964234, 44.101561 ], [ 4.4956185, 44.0997896 ], [ 4.4954331, 44.0980601 ], [ 4.4941013, 44.0957197 ], [ 4.4932076, 44.091555 ], [ 4.4933319, 44.0910087 ], [ 4.4932414, 44.090035 ], [ 4.4926624, 44.0872001 ], [ 4.49302, 44.0855001 ], [ 4.4931313, 44.082176 ], [ 4.4924975, 44.0800557 ], [ 4.4965786, 44.078494 ], [ 4.4982321, 44.077789 ], [ 4.4988119, 44.0773301 ], [ 4.4992785, 44.0770771 ], [ 4.5010718, 44.076516 ], [ 4.5019988, 44.0761063 ], [ 4.5024069, 44.0757667 ], [ 4.50495, 44.0750873 ], [ 4.5064852, 44.074544 ], [ 4.5078407, 44.0758937 ], [ 4.5085204, 44.0764253 ], [ 4.5099883, 44.0781479 ], [ 4.5104684, 44.0785004 ], [ 4.5136039, 44.0774624 ], [ 4.5136358, 44.0776303 ], [ 4.5173667, 44.0770566 ], [ 4.5187969, 44.0771673 ], [ 4.5186866, 44.0769186 ], [ 4.5187234, 44.0762861 ], [ 4.5185761, 44.0756778 ], [ 4.5188601, 44.0752769 ], [ 4.519072, 44.0751686 ], [ 4.5195719, 44.0750933 ], [ 4.5198937, 44.0751266 ], [ 4.520397, 44.0753159 ], [ 4.521738, 44.0760624 ], [ 4.5220189, 44.0761062 ], [ 4.5223385, 44.0760559 ], [ 4.522643, 44.0758626 ], [ 4.5234511, 44.0756848 ], [ 4.523768, 44.0758155 ], [ 4.5244065, 44.0762027 ], [ 4.5249187, 44.0773289 ], [ 4.5255207, 44.078128 ], [ 4.5256609, 44.0781881 ], [ 4.5263516, 44.0781002 ], [ 4.5271392, 44.0774339 ], [ 4.5273177, 44.0771055 ], [ 4.528194, 44.0764893 ], [ 4.5292034, 44.0759945 ], [ 4.5296861, 44.0755097 ], [ 4.5302114, 44.074288 ], [ 4.529984, 44.073355 ], [ 4.5301799, 44.0730264 ], [ 4.5306045, 44.0727936 ], [ 4.5313133, 44.0727792 ], [ 4.5320032, 44.0731278 ], [ 4.5336498, 44.073581 ], [ 4.5342106, 44.0737703 ], [ 4.5346029, 44.0740114 ], [ 4.5354239, 44.0742195 ], [ 4.5370881, 44.0742115 ], [ 4.5381153, 44.0739162 ], [ 4.5398666, 44.0739429 ], [ 4.5400873, 44.073839 ], [ 4.5407128, 44.0729147 ], [ 4.5407363, 44.0722149 ], [ 4.5409404, 44.0716359 ], [ 4.5407762, 44.0700908 ], [ 4.5401308, 44.069079 ], [ 4.5402862, 44.0686385 ], [ 4.5407977, 44.0684404 ], [ 4.5418038, 44.0683857 ], [ 4.5430494, 44.0679577 ], [ 4.5432569, 44.0679665 ], [ 4.5434587, 44.0682247 ], [ 4.5434175, 44.0698375 ], [ 4.5437807, 44.0702915 ], [ 4.5439931, 44.0703875 ], [ 4.544373, 44.0703552 ], [ 4.5449162, 44.0700811 ], [ 4.5457053, 44.0689789 ], [ 4.5461083, 44.0686464 ], [ 4.5463483, 44.0685656 ], [ 4.5466274, 44.0686355 ], [ 4.5475667, 44.069616 ], [ 4.5485888, 44.0704703 ], [ 4.5490092, 44.070549 ], [ 4.5495966, 44.0705244 ], [ 4.5507489, 44.0698771 ], [ 4.5514932, 44.0698368 ], [ 4.5517207, 44.0698939 ], [ 4.5518853, 44.0701157 ], [ 4.5519968, 44.0707254 ], [ 4.5527862, 44.0714218 ], [ 4.5536876, 44.0714657 ], [ 4.5539362, 44.0714226 ], [ 4.5542558, 44.0711912 ], [ 4.554616, 44.070393 ], [ 4.5547586, 44.0696699 ], [ 4.5546118, 44.0687763 ], [ 4.5544596, 44.0684148 ], [ 4.5544522, 44.0679153 ], [ 4.5541528, 44.0670085 ], [ 4.5532251, 44.0661836 ], [ 4.5532282, 44.0659756 ], [ 4.553474, 44.0656958 ], [ 4.5534875, 44.0655488 ], [ 4.5532361, 44.0653489 ], [ 4.5524185, 44.0650806 ], [ 4.5523328, 44.0648234 ], [ 4.5527291, 44.0646576 ], [ 4.5531891, 44.0646799 ], [ 4.5533034, 44.0646125 ], [ 4.553477, 44.0643427 ], [ 4.5535092, 44.0637832 ], [ 4.5541445, 44.0634105 ], [ 4.5542565, 44.062759 ], [ 4.5550909, 44.0622259 ], [ 4.5552415, 44.0615243 ], [ 4.5553142, 44.0614918 ], [ 4.5557339, 44.0616362 ], [ 4.5559619, 44.0618472 ], [ 4.5592165, 44.0603462 ], [ 4.5591708, 44.0572645 ], [ 4.5594106, 44.0563105 ], [ 4.5594667, 44.0550792 ], [ 4.5591017, 44.052734 ], [ 4.5591324, 44.0526714 ], [ 4.5596467, 44.0525822 ], [ 4.5589305, 44.0495839 ], [ 4.5584567, 44.0494628 ], [ 4.5581909, 44.0492812 ], [ 4.5572521, 44.0480892 ], [ 4.5559097, 44.0470569 ], [ 4.5555674, 44.0460409 ], [ 4.5547403, 44.0447258 ], [ 4.5540996, 44.0439787 ], [ 4.5539789, 44.0436258 ], [ 4.5539929, 44.0431305 ], [ 4.5546929, 44.0428982 ], [ 4.5550733, 44.0426614 ], [ 4.5525622, 44.041237 ], [ 4.5511471, 44.0406431 ], [ 4.5505337, 44.0392439 ], [ 4.5499413, 44.0382477 ], [ 4.5494951, 44.0370739 ], [ 4.5495005, 44.036858599999988 ], [ 4.5506117, 44.0363307 ], [ 4.5494865, 44.0340035 ], [ 4.5478336, 44.0328728 ], [ 4.5475813, 44.0317593 ], [ 4.5473279, 44.0315738 ], [ 4.5467387, 44.0294019 ], [ 4.5462005, 44.0285588 ], [ 4.5484667, 44.028209 ], [ 4.5491991, 44.0285317 ], [ 4.5506619, 44.0285524 ], [ 4.5544678, 44.0293932 ], [ 4.561749, 44.0294759 ], [ 4.562346, 44.0290452 ], [ 4.5627329, 44.0283231 ], [ 4.5630259, 44.0274502 ], [ 4.5629934, 44.026537 ], [ 4.5636112, 44.0250024 ], [ 4.5640066, 44.0244539 ], [ 4.5643635, 44.0241374 ], [ 4.5663042, 44.022988 ], [ 4.5668923, 44.0219173 ], [ 4.5672187, 44.0208126 ], [ 4.5677569, 44.0210138 ], [ 4.5710907, 44.0218886 ], [ 4.5777809, 44.0226944 ], [ 4.5832886, 44.0228677 ], [ 4.5866871, 44.0228293 ], [ 4.591503, 44.0243626 ], [ 4.5921013, 44.0244331 ], [ 4.592698, 44.0240005 ], [ 4.5936936, 44.0235998 ], [ 4.5940892, 44.0232924 ], [ 4.5957409, 44.0230235 ], [ 4.5982927, 44.0232644 ], [ 4.6008478, 44.023093 ], [ 4.6012159, 44.0226951 ], [ 4.601453, 44.0226088 ], [ 4.6023721, 44.0233056 ], [ 4.60253, 44.0233312 ], [ 4.6034053, 44.0228278 ], [ 4.6040962, 44.0221542 ], [ 4.6046482, 44.0220426 ], [ 4.6055612, 44.0225225 ], [ 4.6065525, 44.022637599999989 ], [ 4.6066674, 44.0229077 ], [ 4.6069839, 44.0231569 ], [ 4.6074891, 44.0233323 ], [ 4.6079548, 44.023744 ], [ 4.6086044, 44.0240828 ], [ 4.6090149, 44.0248357 ], [ 4.609627, 44.0253497 ], [ 4.6099226, 44.0254371 ], [ 4.6102181, 44.0254274 ], [ 4.61109, 44.0250248 ], [ 4.6117827, 44.0251667 ], [ 4.6121439, 44.0253675 ], [ 4.6129635, 44.0253644 ], [ 4.6139442, 44.0259396 ], [ 4.6143113, 44.0263042 ], [ 4.6145939, 44.0267672 ], [ 4.6174029, 44.0276646 ], [ 4.6179453, 44.0280473 ], [ 4.6199161, 44.029038 ], [ 4.6189401, 44.0299941 ], [ 4.6184716, 44.0308085 ], [ 4.6168584, 44.031647 ], [ 4.6163224, 44.03206 ], [ 4.6160539, 44.0324916 ], [ 4.6159769, 44.0330328 ], [ 4.6158343, 44.0331979 ], [ 4.6142501, 44.0333455 ], [ 4.6120157, 44.0339753 ], [ 4.6115683, 44.0342591 ], [ 4.611237, 44.0352092 ], [ 4.6106709, 44.0361942 ], [ 4.6100793, 44.0365855 ], [ 4.6098001, 44.0369065 ], [ 4.6090155, 44.0374897 ], [ 4.6087242, 44.0383122 ], [ 4.6089037, 44.0390532 ], [ 4.6088411, 44.0391801 ], [ 4.6084825, 44.0392097 ], [ 4.6080259, 44.0402723 ], [ 4.6078859, 44.0406633 ], [ 4.6078202, 44.0413871 ], [ 4.6076008, 44.0418359 ], [ 4.6075231, 44.0424888 ], [ 4.6075846, 44.0428543 ], [ 4.607841, 44.0434032 ], [ 4.6084655, 44.0443051 ], [ 4.6084712, 44.0449045 ], [ 4.6082924, 44.04591 ], [ 4.6083975, 44.0461866 ], [ 4.6092685, 44.0465329 ], [ 4.6113301, 44.0467466 ], [ 4.6121546, 44.0489327 ], [ 4.6158338, 44.059834 ], [ 4.6162972, 44.0622172 ], [ 4.6167728, 44.0661288 ], [ 4.6166289, 44.0668628 ], [ 4.6172896, 44.0669179 ], [ 4.6175708, 44.0674106 ], [ 4.617675, 44.0679573 ], [ 4.6185308, 44.069602 ], [ 4.6186116, 44.0701589 ], [ 4.6191386, 44.0714366 ], [ 4.6200597, 44.0722116 ], [ 4.6200861, 44.0729197 ], [ 4.6203911, 44.0738541 ], [ 4.6204611, 44.074864 ], [ 4.6210161, 44.0748405 ], [ 4.6209525, 44.0759847 ], [ 4.621413, 44.0758879 ], [ 4.6214654, 44.078207 ], [ 4.6213634, 44.0808083 ], [ 4.6228162, 44.08148 ], [ 4.6232991, 44.0833057 ], [ 4.6245532, 44.0827019 ], [ 4.6255626, 44.082362 ], [ 4.6262033, 44.0820581 ], [ 4.6263866, 44.0820473 ], [ 4.6280774, 44.0825236 ], [ 4.6290541, 44.0825703 ], [ 4.6301809, 44.0829748 ], [ 4.6310348, 44.0829621 ], [ 4.6323633, 44.0832988 ], [ 4.6345457, 44.0832329 ], [ 4.6346315, 44.0836565 ], [ 4.6359409, 44.0836325 ], [ 4.6366167, 44.0847657 ], [ 4.6365622, 44.0852598 ], [ 4.6366496, 44.0863892 ], [ 4.6357856, 44.0867442 ], [ 4.63535, 44.0870604 ], [ 4.6350544, 44.087117 ], [ 4.6346925, 44.0875176 ], [ 4.6339535, 44.087967 ], [ 4.6323834, 44.0893561 ], [ 4.6324705, 44.089651 ], [ 4.6323267, 44.0898197 ], [ 4.6325903, 44.0910382 ], [ 4.6326585, 44.0911948 ], [ 4.6329271, 44.0913717 ], [ 4.6328882, 44.0915838 ], [ 4.6332717, 44.0921066 ], [ 4.6333783, 44.0924264 ], [ 4.6333049, 44.0930441 ], [ 4.6328453, 44.0939611 ], [ 4.6320028, 44.093592 ], [ 4.6319247, 44.0933942 ], [ 4.6317839, 44.093321499999988 ], [ 4.6311594, 44.0933218 ], [ 4.6307334, 44.0934938 ], [ 4.6305249, 44.0934978 ], [ 4.6302062, 44.093318 ], [ 4.6297782, 44.093463899999989 ], [ 4.6294264, 44.0934782 ], [ 4.6290301, 44.0933796 ], [ 4.6286326, 44.0934126 ], [ 4.6280156, 44.0933272 ], [ 4.6268502, 44.0933715 ], [ 4.6264616, 44.0932369 ], [ 4.6260629, 44.0934894 ], [ 4.6254625, 44.0935497 ], [ 4.6243534, 44.0940342 ] ] ] ] } },
{ "type": "Feature", "properties": { "code_departement": 30.0, "code_rne": "0301656M", "multisecteur": 0.0 }, "geometry": { "type": "MultiPolygon", "coordinates": [ [ [ [ 4.658229, 43.9563078 ], [ 4.6581585, 43.9568146 ], [ 4.6576013, 43.9571585 ], [ 4.6574861, 43.9567343 ], [ 4.658229, 43.9563078 ] ] ], [ [ [ 4.6563027, 43.9579515 ], [ 4.6567306, 43.9575673 ], [ 4.6568275, 43.9577397 ], [ 4.6563027, 43.9579515 ] ] ], [ [ [ 4.6332406, 43.9904578 ], [ 4.6330928, 43.9902178 ], [ 4.6331286, 43.9898545 ], [ 4.6329691, 43.9892493 ], [ 4.6327839, 43.9889217 ], [ 4.6323608, 43.9885139 ], [ 4.6322106, 43.9880148 ], [ 4.6314623, 43.9865703 ], [ 4.6314656, 43.9860302 ], [ 4.6309906, 43.9852901 ], [ 4.6311471, 43.9845316 ], [ 4.6309933, 43.9841235 ], [ 4.6309964, 43.9836652 ], [ 4.6305338, 43.9822246 ], [ 4.6305886, 43.981568499999987 ], [ 4.6308324, 43.9810248 ], [ 4.6309077, 43.980434 ], [ 4.6306016, 43.9796698 ], [ 4.6306285, 43.9784722 ], [ 4.630495, 43.9779467 ], [ 4.6304383, 43.9770519 ], [ 4.6301411, 43.9762921 ], [ 4.630167, 43.9755877 ], [ 4.6298595, 43.9751656 ], [ 4.629832, 43.97477 ], [ 4.6295073, 43.9747478 ], [ 4.6293562, 43.9746078 ], [ 4.6289638, 43.9744859 ], [ 4.6283882, 43.9642829 ], [ 4.626386, 43.9549952 ], [ 4.6251243, 43.9482808 ], [ 4.6253009, 43.9476139 ], [ 4.6253284, 43.9457771 ], [ 4.6240582, 43.9445304 ], [ 4.6220395, 43.9417123 ], [ 4.6203284, 43.9390129 ], [ 4.6204965, 43.9382651 ], [ 4.6203421, 43.9372133 ], [ 4.6211921, 43.9353896 ], [ 4.6204897, 43.9318418 ], [ 4.6197537, 43.9288615 ], [ 4.6195931, 43.9277666 ], [ 4.6205176, 43.9278249 ], [ 4.6231942, 43.9268184 ], [ 4.624973, 43.9259981 ], [ 4.6277434, 43.9248847 ], [ 4.6278275, 43.924906 ], [ 4.6283191, 43.924634 ], [ 4.6313552, 43.9224041 ], [ 4.6318531, 43.9219178 ], [ 4.6326151, 43.9215193 ], [ 4.6341158, 43.9233485 ], [ 4.6353473, 43.9244273 ], [ 4.6406798, 43.9304387 ], [ 4.6461678, 43.9353231 ], [ 4.6475109, 43.9414149 ], [ 4.6473895, 43.9420001 ], [ 4.6473284, 43.9434646 ], [ 4.6474617, 43.9450172 ], [ 4.6476896, 43.9453585 ], [ 4.6477552, 43.9470273 ], [ 4.6477599, 43.94831 ], [ 4.6474808, 43.9500803 ], [ 4.6475295, 43.9516342 ], [ 4.6471702, 43.9514901 ], [ 4.6467603, 43.9538655 ], [ 4.6464905, 43.9564324 ], [ 4.6466006, 43.9565246 ], [ 4.6501948, 43.9552532 ], [ 4.6509974, 43.9546759 ], [ 4.6515791, 43.9548372 ], [ 4.6552062, 43.9566318 ], [ 4.6549578, 43.957202 ], [ 4.6553838, 43.9570891 ], [ 4.6558855, 43.956701699999989 ], [ 4.6563051, 43.9569554 ], [ 4.6565782, 43.9570227 ], [ 4.6566312, 43.9571172 ], [ 4.6557665, 43.9575091 ], [ 4.6552461, 43.9582915 ], [ 4.6560706, 43.958712 ], [ 4.6562569, 43.9589155 ], [ 4.6580429, 43.9583948 ], [ 4.6582808, 43.9584504 ], [ 4.6581448, 43.9585973 ], [ 4.6575889, 43.9599249 ], [ 4.6573197, 43.9601681 ], [ 4.6576277, 43.9607465 ], [ 4.6589416, 43.9606739 ], [ 4.6600153, 43.9610175 ], [ 4.6603282, 43.9608455 ], [ 4.6603073, 43.9603676 ], [ 4.6608723, 43.9602759 ], [ 4.66051, 43.960198 ], [ 4.6601105, 43.9602364 ], [ 4.6598606, 43.9600241 ], [ 4.6599738, 43.959405499999988 ], [ 4.6598838, 43.95865 ], [ 4.6599571, 43.9585702 ], [ 4.6591354, 43.9574351 ], [ 4.6592824, 43.9570241 ], [ 4.6586761, 43.9570479 ], [ 4.6585814, 43.9569577 ], [ 4.6585995, 43.9568304 ], [ 4.6582359, 43.9562985 ], [ 4.6584222, 43.9559455 ], [ 4.6574921, 43.9541669 ], [ 4.6585722, 43.9532093 ], [ 4.6591017, 43.9523598 ], [ 4.6601311, 43.9519622 ], [ 4.6615904, 43.9502072 ], [ 4.662231, 43.9507403 ], [ 4.6639697, 43.9516566 ], [ 4.6649501, 43.9520245 ], [ 4.6658342, 43.9521297 ], [ 4.6666912, 43.9513554 ], [ 4.6669419, 43.9516338 ], [ 4.6671017, 43.952028 ], [ 4.6668955, 43.9524618 ], [ 4.666872, 43.952956199999988 ], [ 4.6661115, 43.9529051 ], [ 4.6655209, 43.9531444 ], [ 4.6652256, 43.9533729 ], [ 4.6649456, 43.9537416 ], [ 4.665056, 43.9538534 ], [ 4.6647142, 43.9548455 ], [ 4.6641343, 43.9550952 ], [ 4.6670757, 43.9564911 ], [ 4.6656065, 43.9552926 ], [ 4.6654455, 43.9539975 ], [ 4.6689265, 43.9547694 ], [ 4.6694341, 43.9524818 ], [ 4.6708472, 43.95074 ], [ 4.672879, 43.9508125 ], [ 4.6728102, 43.9491455 ], [ 4.6729303, 43.9472092 ], [ 4.6730432, 43.9469365 ], [ 4.6738383, 43.9466048 ], [ 4.673946, 43.9461981 ], [ 4.6738368, 43.943538 ], [ 4.67363, 43.942732799999987 ], [ 4.6731145, 43.9425715 ], [ 4.6729532, 43.9426801 ], [ 4.6725264, 43.9427803 ], [ 4.6711377, 43.9429663 ], [ 4.6676283, 43.94365 ], [ 4.66681, 43.9404174 ], [ 4.6666886, 43.9379231 ], [ 4.6719203, 43.9373193 ], [ 4.6714959, 43.9354192 ], [ 4.6736499, 43.9351738 ], [ 4.6729437, 43.9316074 ], [ 4.6751845, 43.9313949 ], [ 4.6766592, 43.9307592 ], [ 4.6770754, 43.9302577 ], [ 4.6775495, 43.9299003 ], [ 4.6795879, 43.9274719 ], [ 4.6814553, 43.9277834 ], [ 4.686075, 43.928967 ], [ 4.6919849, 43.9302655 ], [ 4.6952685, 43.9314082 ], [ 4.7135941, 43.9318883 ], [ 4.7141353, 43.9317826 ], [ 4.714899, 43.9318723 ], [ 4.7202166, 43.9309687 ], [ 4.7232994, 43.9306807 ], [ 4.7256991, 43.9309101 ], [ 4.7223255, 43.9366263 ], [ 4.7216354, 43.9376589 ], [ 4.7211575, 43.9386242 ], [ 4.7211503, 43.9392527 ], [ 4.7212927, 43.9400498 ], [ 4.7217663, 43.9407984 ], [ 4.7217658, 43.9423107 ], [ 4.721442, 43.9426858 ], [ 4.7218246, 43.9431425 ], [ 4.7219491, 43.9439651 ], [ 4.7218864, 43.9442001 ], [ 4.7214958, 43.9444664 ], [ 4.7212267, 43.9450063 ], [ 4.7211535, 43.9456357 ], [ 4.7212153, 43.9461974 ], [ 4.7208632, 43.9468736 ], [ 4.7207727, 43.9475483 ], [ 4.7209669, 43.94899 ], [ 4.7211792, 43.9497879 ], [ 4.7211844, 43.9503342 ], [ 4.7215203, 43.9509347 ], [ 4.7215723, 43.9514605 ], [ 4.7220064, 43.9520127 ], [ 4.7222011, 43.9524786 ], [ 4.7221689, 43.9528977 ], [ 4.7219587, 43.9534861 ], [ 4.7213101, 43.9543758 ], [ 4.7223851, 43.9551456 ], [ 4.7258217, 43.9571582 ], [ 4.726453, 43.9576776 ], [ 4.7272674, 43.9581526 ], [ 4.7273819, 43.9583119 ], [ 4.7287911, 43.9582644 ], [ 4.7291405, 43.9581131 ], [ 4.7301316, 43.9579219 ], [ 4.7327239, 43.9579726 ], [ 4.7342628, 43.9571903 ], [ 4.7391626, 43.9572285 ], [ 4.7395305, 43.9559291 ], [ 4.7427117, 43.956577 ], [ 4.7409595, 43.9615523 ], [ 4.7400783, 43.9636755 ], [ 4.7450259, 43.9648092 ], [ 4.7422104, 43.9688023 ], [ 4.7380627, 43.9771565 ], [ 4.7328489, 43.9776704 ], [ 4.727042, 43.9788992 ], [ 4.7259924, 43.9791877 ], [ 4.7240212, 43.97992 ], [ 4.7233363, 43.9805628 ], [ 4.7238613, 43.9809812 ], [ 4.7250207, 43.9822178 ], [ 4.7252289, 43.9823009 ], [ 4.7251623, 43.982365 ], [ 4.7253603, 43.9825635 ], [ 4.7249857, 43.9913193 ], [ 4.7249929, 43.9932069 ], [ 4.7251438, 43.9932901 ], [ 4.7222476, 43.9936337 ], [ 4.7212842, 43.992204 ], [ 4.7211209, 43.9917925 ], [ 4.7206986, 43.9914328 ], [ 4.7205398, 43.9913795 ], [ 4.7200943, 43.9919023 ], [ 4.7187387, 43.9913592 ], [ 4.7170988, 43.9905649 ], [ 4.7158046, 43.9905258 ], [ 4.7142903, 43.9907142 ], [ 4.7011403, 43.9945843 ], [ 4.6977398, 43.9956283 ], [ 4.6898153, 43.9982373 ], [ 4.6870254, 43.9979311 ], [ 4.6787949, 43.9991965 ], [ 4.6718436, 43.9997846 ], [ 4.6682692, 43.99939 ], [ 4.6671479, 43.9994251 ], [ 4.6669227, 43.9994843 ], [ 4.6663853, 43.999831 ], [ 4.6654098, 43.9999476 ], [ 4.6650838, 44.0000587 ], [ 4.6628844, 44.0019952 ], [ 4.6625706, 44.002226799999988 ], [ 4.6620262, 44.0024584 ], [ 4.6546702, 44.0049761 ], [ 4.649263, 44.0064152 ], [ 4.6478875, 44.0067249 ], [ 4.6472343, 44.0066484 ], [ 4.6453415, 44.0067516 ], [ 4.6365849, 44.0067938 ], [ 4.6369801, 44.0082669 ], [ 4.6368754, 44.0089184 ], [ 4.6370417, 44.0100177 ], [ 4.6370137, 44.0158613 ], [ 4.6369303, 44.0165611 ], [ 4.6366019, 44.0168118 ], [ 4.636069, 44.0168881 ], [ 4.6349934, 44.0167026 ], [ 4.6341921, 44.0166443 ], [ 4.6337661, 44.0167524 ], [ 4.633382, 44.0169724 ], [ 4.6327308, 44.0171037 ], [ 4.6342502, 44.0176265 ], [ 4.6304063, 44.0175182 ], [ 4.6303145, 44.0171901 ], [ 4.6281861, 44.0172218 ], [ 4.6256452, 44.0163072 ], [ 4.6251908, 44.0162095 ], [ 4.6222616, 44.016767 ], [ 4.6206275, 44.0165482 ], [ 4.6198619, 44.0148932 ], [ 4.619643, 44.0110095 ], [ 4.6190901, 44.0090237 ], [ 4.6190017, 44.0081933 ], [ 4.6191559, 44.0076518 ], [ 4.6194157, 44.0071817 ], [ 4.6217807, 44.0044299 ], [ 4.6230519, 44.0033047 ], [ 4.6224913, 44.001879 ], [ 4.6217592, 44.0009141 ], [ 4.6218351, 43.999857 ], [ 4.6223725, 43.9988031 ], [ 4.6224612, 43.9980645 ], [ 4.6222277, 43.997572 ], [ 4.6222347, 43.9968517 ], [ 4.6228458, 43.995674199999989 ], [ 4.6230336, 43.9948667 ], [ 4.6238329, 43.9949988 ], [ 4.6251568, 43.9946362 ], [ 4.626182, 43.994557 ], [ 4.6274263, 43.994074 ], [ 4.6284942, 43.9945289 ], [ 4.6298173, 43.9945758 ], [ 4.6322679, 43.994894 ], [ 4.6346302, 43.9936947 ], [ 4.6350396, 43.9948418 ], [ 4.6351688, 43.9954763 ], [ 4.6351129, 43.9958309 ], [ 4.6377198, 43.9951203 ], [ 4.6378171, 43.9948614 ], [ 4.6376832, 43.9913293 ], [ 4.637466, 43.9904513 ], [ 4.6332406, 43.9904578 ] ], [ [ 4.6677832, 43.9594496 ], [ 4.6682263, 43.957686 ], [ 4.6652168, 43.9563357 ], [ 4.66368, 43.9559668 ], [ 4.6636555, 43.9561593 ], [ 4.6663098, 43.9577772 ], [ 4.6619205, 43.9566247 ], [ 4.6620881, 43.957133 ], [ 4.6623157, 43.957367 ], [ 4.6666387, 43.9594752 ], [ 4.6677832, 43.9594496 ] ], [ [ 4.6662254, 43.9595261 ], [ 4.6622703, 43.9582986 ], [ 4.661341, 43.9584207 ], [ 4.6620284, 43.958883799999988 ], [ 4.6648232, 43.9597921 ], [ 4.6662254, 43.9595261 ] ], [ [ 4.6618454, 43.960376499999988 ], [ 4.6624952, 43.9601997 ], [ 4.6613169, 43.9592405 ], [ 4.6605206, 43.9589247 ], [ 4.6618454, 43.960376499999988 ] ] ] ] } },
{ "type": "Feature", "properties": { "code_departement": 30.0, "code_rne": "0301670C", "multisecteur": 0.0 }, "geometry": { "type": "MultiPolygon", "coordinates": [ [ [ [ 4.1764525, 43.9313699 ], [ 4.1761278, 43.9311457 ], [ 4.1741022, 43.9288796 ], [ 4.1728928, 43.9279619 ], [ 4.1716517, 43.9273812 ], [ 4.1712911, 43.9272869 ], [ 4.1708314, 43.9272766 ], [ 4.1699041, 43.9268734 ], [ 4.1696722, 43.9268606 ], [ 4.1687041, 43.9265334 ], [ 4.1686982, 43.9266712 ], [ 4.1677288, 43.9263413 ], [ 4.166115, 43.9256142 ], [ 4.1654027, 43.9253725 ], [ 4.1652118, 43.9247454 ], [ 4.1652034, 43.9242118 ], [ 4.1649784, 43.9238019 ], [ 4.164991, 43.9236263 ], [ 4.1647609, 43.9234559 ], [ 4.1652097, 43.9232378 ], [ 4.1653611, 43.9229104 ], [ 4.166951, 43.9207657 ], [ 4.1672983, 43.9205766 ], [ 4.1670118, 43.9205104 ], [ 4.1666953, 43.9203184 ], [ 4.1666252, 43.9199934 ], [ 4.1662919, 43.9196459 ], [ 4.1645803, 43.9193654 ], [ 4.163665, 43.9189359 ], [ 4.1632397, 43.919025 ], [ 4.1627762, 43.919254099999989 ], [ 4.1621243, 43.9197695 ], [ 4.1618346, 43.9202199 ], [ 4.1612827, 43.920449 ], [ 4.1586472, 43.9179623 ], [ 4.1542584, 43.9099714 ], [ 4.1494991, 43.9054035 ], [ 4.1485493, 43.9047879 ], [ 4.1490411, 43.9039871 ], [ 4.1502077, 43.9027589 ], [ 4.1503372, 43.9023327 ], [ 4.1507918, 43.9022199 ], [ 4.14949, 43.9002518 ], [ 4.1483955, 43.8983804 ], [ 4.1456581, 43.894458 ], [ 4.1440832, 43.8882842 ], [ 4.1440302, 43.8874387 ], [ 4.1442254, 43.8846988 ], [ 4.1437575, 43.8824581 ], [ 4.1606756, 43.870636 ], [ 4.1614204, 43.8696362 ], [ 4.1640054, 43.8666998 ], [ 4.1677613, 43.8643979 ], [ 4.1687155, 43.8639143 ], [ 4.1875218, 43.86231 ], [ 4.1862898, 43.8582103 ], [ 4.1948378, 43.8585823 ], [ 4.1939913, 43.8563505 ], [ 4.1954448, 43.8541872 ], [ 4.2000238, 43.8500788 ], [ 4.2006431, 43.8492448 ], [ 4.2008168, 43.8488118 ], [ 4.203729, 43.8503889 ], [ 4.2077555, 43.8523083 ], [ 4.2080718, 43.8525604 ], [ 4.2087195, 43.8524281 ], [ 4.2092352, 43.852642 ], [ 4.2096553, 43.8529227 ], [ 4.2098624, 43.8528952 ], [ 4.2101076, 43.8530796 ], [ 4.210376, 43.8537733 ], [ 4.2104522, 43.8544357 ], [ 4.2106347, 43.8545381 ], [ 4.2107629, 43.8550704 ], [ 4.2111313, 43.8556117 ], [ 4.2114004, 43.856511499999989 ], [ 4.2115273, 43.8573912 ], [ 4.2111353, 43.8579697 ], [ 4.2099446, 43.8587138 ], [ 4.2097417, 43.8590589 ], [ 4.2100471, 43.8595605 ], [ 4.210545, 43.8600499 ], [ 4.2112571, 43.8606028 ], [ 4.212504, 43.8611001 ], [ 4.2123363, 43.8612244 ], [ 4.2175363, 43.8603151 ], [ 4.2198326, 43.8600275 ], [ 4.2219004, 43.8598739 ], [ 4.2272158, 43.8598898 ], [ 4.2349553, 43.8581681 ], [ 4.2374765, 43.8573601 ], [ 4.2394322, 43.8570355 ], [ 4.2379632, 43.8577218 ], [ 4.2376585, 43.8585254 ], [ 4.2376552, 43.8588314 ], [ 4.2380219, 43.8594555 ], [ 4.2378051, 43.8612166 ], [ 4.236939, 43.8626385 ], [ 4.2369223, 43.8628997 ], [ 4.2365649, 43.8634006 ], [ 4.2367746, 43.8637753 ], [ 4.2363181, 43.8639524 ], [ 4.2363347, 43.8642006 ], [ 4.2358104, 43.8653253 ], [ 4.235795, 43.8654731 ], [ 4.2363461, 43.8655901 ], [ 4.2364527, 43.8662631 ], [ 4.2364237, 43.8673344 ], [ 4.2366048, 43.8675385 ], [ 4.2369082, 43.8685674 ], [ 4.2363161, 43.8686308 ], [ 4.2361529, 43.8698855 ], [ 4.2363594, 43.8706275 ], [ 4.2363236, 43.8715603 ], [ 4.2364513, 43.8718856 ], [ 4.2367872, 43.8743542 ], [ 4.2372875, 43.8744178 ], [ 4.2381462, 43.8749445 ], [ 4.2411942, 43.8764192 ], [ 4.242028, 43.8769984 ], [ 4.242896, 43.8806363 ], [ 4.2431351, 43.8811007 ], [ 4.243455, 43.8814481 ], [ 4.2442502, 43.8827657 ], [ 4.2475409, 43.886322 ], [ 4.2481768, 43.8876297 ], [ 4.2492529, 43.889206 ], [ 4.248927, 43.8909198 ], [ 4.2482, 43.8924501 ], [ 4.2489701, 43.8942567 ], [ 4.2522103, 43.8948451 ], [ 4.256339, 43.8957589 ], [ 4.2583252, 43.8969889 ], [ 4.2601704, 43.8997776 ], [ 4.265844, 43.9002259 ], [ 4.2675472, 43.901027 ], [ 4.267931, 43.9016616 ], [ 4.2678088, 43.9023254 ], [ 4.2682239, 43.9029083 ], [ 4.2685419, 43.9039424 ], [ 4.2688065, 43.9043102 ], [ 4.2689997, 43.905946 ], [ 4.2697271, 43.9074758 ], [ 4.2703839, 43.9082917 ], [ 4.2706443, 43.9080762 ], [ 4.2741231, 43.9066451 ], [ 4.2766586, 43.9064598 ], [ 4.2777473, 43.9059889 ], [ 4.2788431, 43.9058924 ], [ 4.2796538, 43.9059054 ], [ 4.2806949, 43.9055323 ], [ 4.2837951, 43.90472 ], [ 4.2849315, 43.9047706 ], [ 4.2849972, 43.9079659 ], [ 4.2891049, 43.904958099999988 ], [ 4.2913396, 43.9041414 ], [ 4.3002855, 43.9012055 ], [ 4.3044752, 43.8995012 ], [ 4.3068862, 43.8991187 ], [ 4.3087938, 43.8986026 ], [ 4.3100807, 43.898432299999989 ], [ 4.3131526, 43.897454 ], [ 4.3131246, 43.8998611 ], [ 4.313467, 43.9004087 ], [ 4.3134279, 43.9007629 ], [ 4.3135201, 43.901039 ], [ 4.3134017, 43.9014625 ], [ 4.3136308, 43.9019512 ], [ 4.3134321, 43.9022965 ], [ 4.3133789, 43.9026905 ], [ 4.3134103, 43.9029719 ], [ 4.3136105, 43.9032368 ], [ 4.3135394, 43.9037714 ], [ 4.3131315, 43.9044387 ], [ 4.3125926, 43.9047143 ], [ 4.312483, 43.9052548 ], [ 4.3115879, 43.9060108 ], [ 4.3113324, 43.9061615 ], [ 4.3111064, 43.906184 ], [ 4.3105716, 43.9059375 ], [ 4.3104301, 43.9059545 ], [ 4.3103474, 43.906095 ], [ 4.3103984, 43.9066875 ], [ 4.3102673, 43.9067791 ], [ 4.3098209, 43.9067493 ], [ 4.3095651, 43.9069936 ], [ 4.3097745, 43.9074393 ], [ 4.3096629, 43.9077836 ], [ 4.310071, 43.9082638 ], [ 4.3101257, 43.9085278 ], [ 4.3099564, 43.908855699999989 ], [ 4.3093596, 43.9091067 ], [ 4.3097403, 43.9093686 ], [ 4.3100615, 43.9094232 ], [ 4.310701, 43.9097261 ], [ 4.3106707, 43.9099263 ], [ 4.3107879, 43.9101508 ], [ 4.3104481, 43.9102629 ], [ 4.3104416, 43.91047 ], [ 4.310188, 43.9106476 ], [ 4.3102697, 43.9108456 ], [ 4.3050077, 43.912832 ], [ 4.3025903, 43.9159661 ], [ 4.3030049, 43.9200007 ], [ 4.3033637, 43.9210963 ], [ 4.3034094, 43.921517 ], [ 4.3036112, 43.9216316 ], [ 4.3034057, 43.9228833 ], [ 4.3034143, 43.9236393 ], [ 4.3039644, 43.923792 ], [ 4.3043574, 43.9241483 ], [ 4.3047511, 43.9242678 ], [ 4.3060439, 43.9238914 ], [ 4.3067024, 43.924042799999988 ], [ 4.3066448, 43.9244125 ], [ 4.3069026, 43.9249027 ], [ 4.3078726, 43.9257138 ], [ 4.3079784, 43.9262003 ], [ 4.308771, 43.9278506 ], [ 4.3085642, 43.9303463 ], [ 4.3084907, 43.9305623 ], [ 4.3083266, 43.9305777 ], [ 4.3084413, 43.9306889 ], [ 4.3084448, 43.9308445 ], [ 4.3082322, 43.9310208 ], [ 4.3080699, 43.9318733 ], [ 4.3081724, 43.9323806 ], [ 4.3080758, 43.9337094 ], [ 4.3078454, 43.9342531 ], [ 4.3062803, 43.9362349 ], [ 4.3063631, 43.9366939 ], [ 4.3063181, 43.93723 ], [ 4.3059059, 43.9373978 ], [ 4.3054818, 43.937861 ], [ 4.3050358, 43.9388924 ], [ 4.3039513, 43.9397281 ], [ 4.303865, 43.9402052 ], [ 4.303472, 43.9408868 ], [ 4.3034327, 43.9411861 ], [ 4.3027525, 43.9421078 ], [ 4.3019875, 43.942539 ], [ 4.301053, 43.942912 ], [ 4.3006723, 43.9435322 ], [ 4.3003061, 43.9437544 ], [ 4.2996844, 43.9439679 ], [ 4.2987625, 43.9448969 ], [ 4.2982446, 43.945237899999988 ], [ 4.2979832, 43.945196 ], [ 4.2958502, 43.94617 ], [ 4.293719, 43.9473924 ], [ 4.2920645, 43.9486568 ], [ 4.2873873, 43.9515634 ], [ 4.2865224, 43.9522154 ], [ 4.2842631, 43.949872 ], [ 4.283977, 43.9496693 ], [ 4.2790401, 43.947188 ], [ 4.276404, 43.9474124 ], [ 4.2748267, 43.9474074 ], [ 4.2737071, 43.9471972 ], [ 4.271688, 43.9470479 ], [ 4.2713507, 43.947171499999989 ], [ 4.2708564, 43.9468488 ], [ 4.2698113, 43.946518 ], [ 4.2689201, 43.9462745 ], [ 4.2683481, 43.946264 ], [ 4.2669689, 43.946820099999989 ], [ 4.2659939, 43.9469529 ], [ 4.2657057, 43.9471579 ], [ 4.2651579, 43.9484081 ], [ 4.2647107, 43.9489164 ], [ 4.2638119, 43.9493976 ], [ 4.2630911, 43.949873 ], [ 4.2621416, 43.9506545 ], [ 4.2615439, 43.9509494 ], [ 4.2605413, 43.9511356 ], [ 4.2603061, 43.9510879 ], [ 4.2600342, 43.9508498 ], [ 4.2597028, 43.9507393 ], [ 4.2592511, 43.9507067 ], [ 4.2584283, 43.9507945 ], [ 4.2572253, 43.9511 ], [ 4.2563283, 43.9514415 ], [ 4.2564828, 43.9517251 ], [ 4.2565247, 43.9524375 ], [ 4.2568664, 43.9526225 ], [ 4.2569246, 43.9527785 ], [ 4.256729, 43.9529455 ], [ 4.2568735, 43.9531166 ], [ 4.2564811, 43.9539105 ], [ 4.2564292, 43.9542144 ], [ 4.2565287, 43.9546012 ], [ 4.255815, 43.9551747 ], [ 4.2549345, 43.9549112 ], [ 4.2545646, 43.9548614 ], [ 4.2540377, 43.9549259 ], [ 4.2510734, 43.956337 ], [ 4.2521971, 43.9586554 ], [ 4.252143, 43.9616983 ], [ 4.2466127, 43.9600414 ], [ 4.2458968, 43.9604654 ], [ 4.24571, 43.9604694 ], [ 4.2373256, 43.955841 ], [ 4.2351597, 43.9548439 ], [ 4.2339857, 43.9554062 ], [ 4.2328726, 43.9561325 ], [ 4.2321591, 43.9557517 ], [ 4.2311507, 43.9554445 ], [ 4.2301387, 43.9553164 ], [ 4.2300602, 43.9553739 ], [ 4.2288406, 43.9553211 ], [ 4.2266471, 43.9554672 ], [ 4.2256261, 43.9557325 ], [ 4.2252341, 43.9559304 ], [ 4.2246405, 43.9554429 ], [ 4.2240618, 43.9554125 ], [ 4.2233146, 43.9552588 ], [ 4.2230321, 43.9551585 ], [ 4.2228104, 43.9548684 ], [ 4.2166426, 43.9547384 ], [ 4.2149018, 43.9546101 ], [ 4.2136279, 43.9550509 ], [ 4.2129189, 43.9547581 ], [ 4.2124662, 43.9546768 ], [ 4.2103895, 43.9547511 ], [ 4.2090425, 43.9543898 ], [ 4.2087849, 43.9540542 ], [ 4.2086344, 43.954008099999989 ], [ 4.2079586, 43.9542748 ], [ 4.2067326, 43.9542155 ], [ 4.2045106, 43.9543129 ], [ 4.2023595, 43.9548136 ], [ 4.2017343, 43.954888 ], [ 4.2015376, 43.9550108 ], [ 4.1841824, 43.9591308 ], [ 4.1832376, 43.955872 ], [ 4.1829588, 43.9556464 ], [ 4.1830346, 43.9554565 ], [ 4.1829824, 43.9551043 ], [ 4.1831801, 43.954842 ], [ 4.1825734, 43.9531024 ], [ 4.1821069, 43.9527781 ], [ 4.1810368, 43.9516384 ], [ 4.180604, 43.9513146 ], [ 4.1804075, 43.9504905 ], [ 4.1795575, 43.949632 ], [ 4.1791716, 43.9491051 ], [ 4.1785299, 43.9486152 ], [ 4.1781465, 43.9479056 ], [ 4.1771995, 43.9468105 ], [ 4.177068, 43.9457489 ], [ 4.1773149, 43.9446167 ], [ 4.1768745, 43.943617 ], [ 4.1766217, 43.9418709 ], [ 4.1766322, 43.9411687 ], [ 4.1762846, 43.940141 ], [ 4.1762501, 43.9395536 ], [ 4.1759204, 43.939512199999989 ], [ 4.1758547, 43.9394085 ], [ 4.175901, 43.9388121 ], [ 4.1753325, 43.9373368 ], [ 4.175926, 43.93537 ], [ 4.1760136, 43.9345473 ], [ 4.1759567, 43.9342644 ], [ 4.1757454, 43.9339805 ], [ 4.1761402, 43.9321662 ], [ 4.1764525, 43.9313699 ] ] ] ] } },
{ "type": "Feature", "properties": { "code_departement": 30.0, "code_rne": "0301671D", "multisecteur": 0.0 }, "geometry": { "type": "MultiPolygon", "coordinates": [ [ [ [ 4.2085858, 43.8073619 ], [ 4.2076021, 43.8088577 ], [ 4.2070066, 43.8094952 ], [ 4.2063426, 43.8105412 ], [ 4.2058631, 43.8104934 ], [ 4.2050357, 43.8108013 ], [ 4.2041277, 43.8113558 ], [ 4.2034896, 43.8115672 ], [ 4.2019047, 43.812437 ], [ 4.2012424, 43.8126198 ], [ 4.2003491, 43.812457699999989 ], [ 4.1999427, 43.8125198 ], [ 4.1994304, 43.8128017 ], [ 4.1988762, 43.8136367 ], [ 4.1983883, 43.8139589 ], [ 4.1977259, 43.8138446 ], [ 4.1974933, 43.8138958 ], [ 4.1969437, 43.8146524 ], [ 4.1961495, 43.8148942 ], [ 4.1958701, 43.8151403 ], [ 4.1947037, 43.8151738 ], [ 4.1927094, 43.8156789 ], [ 4.1922908, 43.8155719 ], [ 4.191881, 43.8155899 ], [ 4.1902235, 43.8160931 ], [ 4.1883601, 43.8163186 ], [ 4.1884552, 43.8166461 ], [ 4.1879073, 43.8171965 ], [ 4.1877122, 43.8176775 ], [ 4.187339, 43.8179002 ], [ 4.1870569, 43.8182651 ], [ 4.1859932, 43.8182776 ], [ 4.1858667, 43.8181115 ], [ 4.1854501, 43.8179802 ], [ 4.1850748, 43.8181624 ], [ 4.1844826, 43.8183192 ], [ 4.184233, 43.8182094 ], [ 4.1837266, 43.8182446 ], [ 4.1834039, 43.8180888 ], [ 4.1833318, 43.8179681 ], [ 4.1827406, 43.8179898 ], [ 4.1824963, 43.8180752 ], [ 4.1823503, 43.8182298 ], [ 4.1821331, 43.818243 ], [ 4.182031, 43.818416 ], [ 4.1812323, 43.8190447 ], [ 4.180305, 43.8195804 ], [ 4.1800245, 43.8195438 ], [ 4.1798457, 43.8196096 ], [ 4.1793969, 43.81961 ], [ 4.178932, 43.8197293 ], [ 4.1783167, 43.8197288 ], [ 4.1779656, 43.8195778 ], [ 4.1772495, 43.8195729 ], [ 4.176945, 43.8196356 ], [ 4.1767483, 43.8194973 ], [ 4.1762701, 43.8195124 ], [ 4.175999, 43.8193893 ], [ 4.1744759, 43.8194282 ], [ 4.1744323, 43.8194836 ], [ 4.1735579, 43.819574 ], [ 4.1730239, 43.8194762 ], [ 4.1728126, 43.8195388 ], [ 4.1713647, 43.8194851 ], [ 4.157609, 43.82055 ], [ 4.1575843, 43.8160764 ], [ 4.1534457, 43.8155388 ], [ 4.1512393, 43.8139818 ], [ 4.1515787, 43.8071968 ], [ 4.1516587, 43.8070385 ], [ 4.1515416, 43.806839 ], [ 4.1511754, 43.8050078 ], [ 4.1502885, 43.8053934 ], [ 4.1487454, 43.8058416 ], [ 4.1478467, 43.806014 ], [ 4.1466484, 43.8060014 ], [ 4.1460734, 43.8057671 ], [ 4.1458008, 43.8055585 ], [ 4.1450868, 43.8047164 ], [ 4.1447898, 43.804158 ], [ 4.144688, 43.8037936 ], [ 4.1446671, 43.8028714 ], [ 4.1443751, 43.8025028 ], [ 4.1440459, 43.8022569 ], [ 4.1439196, 43.8020306 ], [ 4.1439963, 43.8015771 ], [ 4.144352, 43.8007255 ], [ 4.1443962, 43.8002616 ], [ 4.1437732, 43.7996184 ], [ 4.1473945, 43.7943172 ], [ 4.1470808, 43.7934206 ], [ 4.146719, 43.7918593 ], [ 4.1398939, 43.7851523 ], [ 4.1387058, 43.7849407 ], [ 4.1387083, 43.7838184 ], [ 4.1377525, 43.7814174 ], [ 4.1370534, 43.779991 ], [ 4.1369195, 43.7798799 ], [ 4.1374391, 43.7795865 ], [ 4.1371254, 43.7793018 ], [ 4.1371009, 43.7781294 ], [ 4.1373479, 43.7779342 ], [ 4.1375312, 43.7773446 ], [ 4.1374513, 43.776702899999989 ], [ 4.137116, 43.7764526 ], [ 4.137041, 43.776241 ], [ 4.1371883, 43.7747167 ], [ 4.1362606, 43.7749739 ], [ 4.1365984, 43.7732208 ], [ 4.1367763, 43.7727357 ], [ 4.137469, 43.7727195 ], [ 4.1386252, 43.7728424 ], [ 4.1389647, 43.7712378 ], [ 4.1392298, 43.7707698 ], [ 4.1402952, 43.7703887 ], [ 4.1408194, 43.7703319 ], [ 4.1407837, 43.769971399999989 ], [ 4.1410346, 43.7694747 ], [ 4.1418253, 43.7690228 ], [ 4.1426347, 43.7683834 ], [ 4.1428249, 43.7683328 ], [ 4.1433639, 43.7678376 ], [ 4.1435877, 43.7674762 ], [ 4.1435129, 43.766964 ], [ 4.1537985, 43.7645957 ], [ 4.1555339, 43.7639483 ], [ 4.1601509, 43.7627284 ], [ 4.1618295, 43.762103 ], [ 4.1645247, 43.761770899999988 ], [ 4.1646542, 43.7616058 ], [ 4.1652458, 43.761387 ], [ 4.1678332, 43.7597898 ], [ 4.1684287, 43.7592776 ], [ 4.1684919, 43.759087099999988 ], [ 4.1701174, 43.758122 ], [ 4.1700676, 43.7569607 ], [ 4.1708768, 43.757069 ], [ 4.1724591, 43.757815099999988 ], [ 4.1728365, 43.7582358 ], [ 4.1730537, 43.7587168 ], [ 4.1734004, 43.7591549 ], [ 4.1741702, 43.759518299999989 ], [ 4.175106, 43.7602219 ], [ 4.1754945, 43.7606965 ], [ 4.1762454, 43.7620104 ], [ 4.1766496, 43.7618584 ], [ 4.1779695, 43.7619153 ], [ 4.1798707, 43.7624041 ], [ 4.181045, 43.7623841 ], [ 4.1835256, 43.762665899999988 ], [ 4.1851055, 43.7625029 ], [ 4.1853825, 43.7623874 ], [ 4.1857728, 43.7624066 ], [ 4.1857918, 43.7622453 ], [ 4.1901921, 43.7594749 ], [ 4.1906261, 43.7589725 ], [ 4.1937606, 43.75733 ], [ 4.1941953, 43.7568563 ], [ 4.1945059, 43.7566909 ], [ 4.1953114, 43.7560224 ], [ 4.1952768, 43.755733 ], [ 4.1955638, 43.7553816 ], [ 4.1961947, 43.754976 ], [ 4.1964531, 43.7549245 ], [ 4.1974677, 43.7544013 ], [ 4.1988159, 43.7536206 ], [ 4.1989077, 43.7531453 ], [ 4.199118, 43.7531691 ], [ 4.1991835, 43.7525609 ], [ 4.2002298, 43.7527807 ], [ 4.2005042, 43.7518948 ], [ 4.1996841, 43.751803 ], [ 4.1996702, 43.7513757 ], [ 4.2000426, 43.7511358 ], [ 4.2021638, 43.7510512 ], [ 4.2021279, 43.7505269 ], [ 4.2019746, 43.750201 ], [ 4.203229, 43.750108 ], [ 4.2033656, 43.7504035 ], [ 4.2076714, 43.7504782 ], [ 4.2095831, 43.7505848 ], [ 4.2098348, 43.7506837 ], [ 4.2096402, 43.7513464 ], [ 4.2096795, 43.7515638 ], [ 4.2099764, 43.7516883 ], [ 4.2181094, 43.7519117 ], [ 4.2249925, 43.7542887 ], [ 4.2292851, 43.7559287 ], [ 4.234152, 43.7579346 ], [ 4.2379003, 43.7579191 ], [ 4.2412855, 43.7582234 ], [ 4.240903, 43.7615451 ], [ 4.239936, 43.764077799999988 ], [ 4.2396148, 43.7646728 ], [ 4.2394465, 43.7655584 ], [ 4.2397265, 43.7670195 ], [ 4.2405786, 43.7688026 ], [ 4.2408134, 43.7695505 ], [ 4.2417163, 43.771098 ], [ 4.2413038, 43.7711459 ], [ 4.2398523, 43.7716782 ], [ 4.2404873, 43.7721524 ], [ 4.2464991, 43.7774297 ], [ 4.2471197, 43.7778645 ], [ 4.2528252, 43.7826509 ], [ 4.2539667, 43.7837816 ], [ 4.2544273, 43.7845071 ], [ 4.2550737, 43.784299 ], [ 4.2557929, 43.783901 ], [ 4.256262, 43.7841593 ], [ 4.2563263, 43.7844294 ], [ 4.2569858, 43.7844821 ], [ 4.258035, 43.7847427 ], [ 4.2592648, 43.7847393 ], [ 4.2591464, 43.7848325 ], [ 4.2591151, 43.7850479 ], [ 4.2529518, 43.7890564 ], [ 4.2525624, 43.7898268 ], [ 4.2519501, 43.7900012 ], [ 4.2508069, 43.7907298 ], [ 4.2488982, 43.7916805 ], [ 4.2486548, 43.7919146 ], [ 4.2482052, 43.792034 ], [ 4.2469744, 43.7929634 ], [ 4.2451116, 43.793801 ], [ 4.2431566, 43.7948034 ], [ 4.2412407, 43.7956019 ], [ 4.2391525, 43.7971125 ], [ 4.238598, 43.7973852 ], [ 4.2381694, 43.7977887 ], [ 4.2376637, 43.7979646 ], [ 4.2372033, 43.7982776 ], [ 4.2371593, 43.798369 ], [ 4.2373236, 43.7984391 ], [ 4.2373287, 43.799078099999988 ], [ 4.2375935, 43.7990832 ], [ 4.2375998, 43.7994872 ], [ 4.2376992, 43.7994861 ], [ 4.2375545, 43.8000934 ], [ 4.2378857, 43.8013307 ], [ 4.2375529, 43.8013399 ], [ 4.2376519, 43.8014954 ], [ 4.2376504, 43.8022307 ], [ 4.2364822, 43.8048647 ], [ 4.235975, 43.8050856 ], [ 4.2352556, 43.8052657 ], [ 4.2351958, 43.8054319 ], [ 4.235506, 43.8054671 ], [ 4.2353641, 43.8060303 ], [ 4.2355364, 43.806068 ], [ 4.2353926, 43.8066024 ], [ 4.2346939, 43.8065905 ], [ 4.2345395, 43.8073798 ], [ 4.2344641, 43.8075165 ], [ 4.2341454, 43.807602 ], [ 4.2336965, 43.8092604 ], [ 4.2332097, 43.8102001 ], [ 4.2325579, 43.8109815 ], [ 4.2313549, 43.8117934 ], [ 4.230548, 43.8127034 ], [ 4.2304035, 43.8127446 ], [ 4.2314681, 43.8135867 ], [ 4.2309608, 43.813749 ], [ 4.2302151, 43.8137484 ], [ 4.229281, 43.814236 ], [ 4.2273934, 43.8150051 ], [ 4.2265422, 43.814958 ], [ 4.2247046, 43.8151605 ], [ 4.2235316, 43.8151781 ], [ 4.223049, 43.8149252 ], [ 4.2223028, 43.8147905 ], [ 4.2220556, 43.8146781 ], [ 4.2211998, 43.8147048 ], [ 4.2196161, 43.8144597 ], [ 4.2189748, 43.8142302 ], [ 4.2179466, 43.8129304 ], [ 4.2174623, 43.8127162 ], [ 4.2174457, 43.8125174 ], [ 4.2173587, 43.8125202 ], [ 4.2173574, 43.8116409 ], [ 4.2168549, 43.8107457 ], [ 4.2162167, 43.8108941 ], [ 4.215486, 43.8112478 ], [ 4.214845, 43.8105566 ], [ 4.2143434, 43.8102319 ], [ 4.2135214, 43.810673 ], [ 4.213055, 43.8098367 ], [ 4.2134388, 43.8095921 ], [ 4.2132399, 43.809417 ], [ 4.2133013, 43.8091446 ], [ 4.2130261, 43.8085932 ], [ 4.2128552, 43.8085618 ], [ 4.2129579, 43.8091844 ], [ 4.2121936, 43.8091857 ], [ 4.2123483, 43.8087448 ], [ 4.2107782, 43.8084868 ], [ 4.2106452, 43.8085468 ], [ 4.2103197, 43.8081391 ], [ 4.2105093, 43.8077005 ], [ 4.2098226, 43.8077846 ], [ 4.2098258, 43.8075848 ], [ 4.2085858, 43.8073619 ] ] ] ] } },
{ "type": "Feature", "properties": { "code_departement": 30.0, "code_rne": "0301721H", "multisecteur": 0.0 }, "geometry": { "type": "MultiPolygon", "coordinates": [ [ [ [ 4.4619663, 44.0343966 ], [ 4.4685023, 44.0339688 ], [ 4.4687844, 44.0336833 ], [ 4.4701448, 44.0333103 ], [ 4.4720988, 44.0334083 ], [ 4.4727168, 44.0333739 ], [ 4.4719313, 44.0319982 ], [ 4.4715997, 44.0308495 ], [ 4.4711049, 44.0297085 ], [ 4.4709859, 44.0288207 ], [ 4.4704914, 44.0272602 ], [ 4.4709454, 44.0267716 ], [ 4.471505, 44.0266029 ], [ 4.4729238, 44.0256504 ], [ 4.4737183, 44.0254479 ], [ 4.4740652, 44.0250193 ], [ 4.4752229, 44.025019 ], [ 4.475861, 44.0249447 ], [ 4.476295, 44.0249865 ], [ 4.4775446, 44.0255485 ], [ 4.4783182, 44.0254084 ], [ 4.4786852, 44.0254638 ], [ 4.4805797, 44.0261133 ], [ 4.4813587, 44.0261351 ], [ 4.482731, 44.0267079 ], [ 4.4832342, 44.0267236 ], [ 4.4838439, 44.0263742 ], [ 4.4847886, 44.0261931 ], [ 4.4852048, 44.0262225 ], [ 4.4854279, 44.0261673 ], [ 4.4860004, 44.0257319 ], [ 4.4861385, 44.0257165 ], [ 4.4865576, 44.0258081 ], [ 4.4870547, 44.0256852 ], [ 4.4873147, 44.025706 ], [ 4.487649, 44.025849 ], [ 4.4881637, 44.0263524 ], [ 4.4881075, 44.0243449 ], [ 4.4878729, 44.0233859 ], [ 4.4879326, 44.0225677 ], [ 4.4874316, 44.021678 ], [ 4.4872273, 44.0204952 ], [ 4.488685, 44.0203782 ], [ 4.4886235, 44.0193591 ], [ 4.4880722, 44.0166869 ], [ 4.4880947, 44.016069 ], [ 4.4883143, 44.0152127 ], [ 4.4882574, 44.0143709 ], [ 4.4891463, 44.014114 ], [ 4.4899213, 44.0136552 ], [ 4.4897253, 44.0133626 ], [ 4.4895941, 44.0126856 ], [ 4.4896671, 44.0116135 ], [ 4.4898725, 44.0110742 ], [ 4.4903703, 44.0104598 ], [ 4.490537, 44.0093944 ], [ 4.4905588, 44.0081753 ], [ 4.4910599, 44.0067823 ], [ 4.4915096, 44.006047 ], [ 4.4914211, 44.0040967 ], [ 4.4916538, 44.0036956 ], [ 4.4920107, 44.003418 ], [ 4.4920585, 44.0032454 ], [ 4.4920299, 44.0027246 ], [ 4.4914946, 44.0014249 ], [ 4.4915995, 44.0011444 ], [ 4.4922535, 44.0004505 ], [ 4.4927047, 44.0002058 ], [ 4.49332, 44.0002253 ], [ 4.4933708, 44.0008799 ], [ 4.4956678, 43.9994047 ], [ 4.4960498, 43.999422 ], [ 4.4962359, 43.9995743 ], [ 4.4964749, 44.000175 ], [ 4.4974012, 44.0006412 ], [ 4.4976516, 44.000681 ], [ 4.497835, 44.0005875 ], [ 4.4986835, 43.9993256 ], [ 4.4993539, 43.9994496 ], [ 4.5009897, 43.9985433 ], [ 4.5037705, 43.9993926 ], [ 4.5039952, 43.9998297 ], [ 4.5043951, 43.9998602 ], [ 4.5044352, 43.9995851 ], [ 4.504503, 43.9995077 ], [ 4.5046591, 43.9995172 ], [ 4.5050274, 43.9996724 ], [ 4.5052771, 43.9999201 ], [ 4.5066091, 43.9991744 ], [ 4.5068209, 43.999167 ], [ 4.5070956, 43.9994162 ], [ 4.5072818, 43.9993857 ], [ 4.5077726, 43.9987515 ], [ 4.5080511, 43.9985784 ], [ 4.508596, 43.9985313 ], [ 4.5095459, 43.9988009 ], [ 4.5102607, 43.9984831 ], [ 4.5106612, 43.9983984 ], [ 4.5118164, 43.998558 ], [ 4.5123094, 43.9981506 ], [ 4.5125128, 43.9977805 ], [ 4.5124818, 43.996987 ], [ 4.5126091, 43.996663 ], [ 4.5129477, 43.9965008 ], [ 4.5138024, 43.9964745 ], [ 4.5140029, 43.9963241 ], [ 4.5142089, 43.9956759 ], [ 4.5146066, 43.9951114 ], [ 4.5143396, 43.9944481 ], [ 4.514756, 43.994256 ], [ 4.5156504, 43.9940365 ], [ 4.5159851, 43.9936367 ], [ 4.5161753, 43.9932398 ], [ 4.5163632, 43.9930851 ], [ 4.5167366, 43.9935732 ], [ 4.5176964, 43.9942674 ], [ 4.5184526, 43.9950373 ], [ 4.5187971, 43.9965961 ], [ 4.5194286, 43.9969897 ], [ 4.5197168, 43.9975078 ], [ 4.5204508, 43.9981916 ], [ 4.5205492, 43.9985638 ], [ 4.52113, 43.999067 ], [ 4.5222413, 43.9997735 ], [ 4.522647, 44.0004439 ], [ 4.5233849, 44.0004795 ], [ 4.5235316, 44.0005531 ], [ 4.5236923, 44.0009694 ], [ 4.5235412, 44.0012848 ], [ 4.5235704, 44.001585 ], [ 4.523963, 44.0021377 ], [ 4.5238432, 44.0027415 ], [ 4.5240701, 44.002877 ], [ 4.5242331, 44.0032843 ], [ 4.5272017, 44.0032096 ], [ 4.5275775, 44.0028083 ], [ 4.5275788, 44.0019234 ], [ 4.527353, 44.0011308 ], [ 4.5273171, 44.0006308 ], [ 4.5276162, 43.9976444 ], [ 4.5275336, 43.9966095 ], [ 4.5277513, 43.9958926 ], [ 4.5313545, 43.9964813 ], [ 4.5355469, 43.99769 ], [ 4.5339347, 44.0039039 ], [ 4.5335482, 44.0066881 ], [ 4.532756, 44.0096464 ], [ 4.5328891, 44.0105609 ], [ 4.5334014, 44.0106419 ], [ 4.535818, 44.0104802 ], [ 4.5366124, 44.0095995 ], [ 4.5367981, 44.0094987 ], [ 4.5370227, 44.0094587 ], [ 4.5376555, 44.0095227 ], [ 4.5382507, 44.0093019 ], [ 4.5386523, 44.0089749 ], [ 4.539373, 44.0088324 ], [ 4.5393697, 44.0090305 ], [ 4.5391307, 44.0094182 ], [ 4.5390372, 44.0102036 ], [ 4.5395685, 44.0104797 ], [ 4.539724, 44.0104649 ], [ 4.5398874, 44.0102366 ], [ 4.5401944, 44.0101054 ], [ 4.5404896, 44.0101364 ], [ 4.5409917, 44.0105758 ], [ 4.5411407, 44.0108734 ], [ 4.5410228, 44.011264 ], [ 4.5410834, 44.0114755 ], [ 4.5415295, 44.0118284 ], [ 4.5414124, 44.012805 ], [ 4.5425632, 44.012696 ], [ 4.5436339, 44.0129897 ], [ 4.5452855, 44.0138233 ], [ 4.5458696, 44.0138358 ], [ 4.5463173, 44.0139726 ], [ 4.5479139, 44.0146134 ], [ 4.5487019, 44.0147841 ], [ 4.5501893, 44.015584 ], [ 4.5509495, 44.0157425 ], [ 4.5516984, 44.0160811 ], [ 4.5539255, 44.0166967 ], [ 4.5559582, 44.0168569 ], [ 4.5571752, 44.0165218 ], [ 4.5593651, 44.0162277 ], [ 4.5608163, 44.0164744 ], [ 4.5615915, 44.017041299999988 ], [ 4.5617176, 44.0177749 ], [ 4.5621089, 44.0182167 ], [ 4.5627152, 44.0184448 ], [ 4.5641039, 44.0184997 ], [ 4.5652232, 44.0187393 ], [ 4.5657659, 44.0190601 ], [ 4.5667006, 44.0197993 ], [ 4.5670561, 44.0203442 ], [ 4.5672781, 44.020521 ], [ 4.5668923, 44.0219173 ], [ 4.5663042, 44.022988 ], [ 4.5643635, 44.0241374 ], [ 4.5640066, 44.0244539 ], [ 4.5636112, 44.0250024 ], [ 4.5629934, 44.026537 ], [ 4.5630259, 44.0274502 ], [ 4.5627329, 44.0283231 ], [ 4.562346, 44.0290452 ], [ 4.561749, 44.0294759 ], [ 4.5544678, 44.0293932 ], [ 4.5506619, 44.0285524 ], [ 4.5491991, 44.0285317 ], [ 4.5484667, 44.028209 ], [ 4.5462005, 44.0285588 ], [ 4.5467387, 44.0294019 ], [ 4.5473279, 44.0315738 ], [ 4.5475813, 44.0317593 ], [ 4.5478336, 44.0328728 ], [ 4.5494865, 44.0340035 ], [ 4.5506117, 44.0363307 ], [ 4.5495005, 44.036858599999988 ], [ 4.5494951, 44.0370739 ], [ 4.5499413, 44.0382477 ], [ 4.5505337, 44.0392439 ], [ 4.5511471, 44.0406431 ], [ 4.5525622, 44.041237 ], [ 4.5550733, 44.0426614 ], [ 4.5546929, 44.0428982 ], [ 4.5539929, 44.0431305 ], [ 4.5539789, 44.0436258 ], [ 4.5540996, 44.0439787 ], [ 4.5547403, 44.0447258 ], [ 4.5555674, 44.0460409 ], [ 4.5559097, 44.0470569 ], [ 4.5572521, 44.0480892 ], [ 4.5581909, 44.0492812 ], [ 4.5584567, 44.0494628 ], [ 4.5589305, 44.0495839 ], [ 4.5596467, 44.0525822 ], [ 4.5591324, 44.0526714 ], [ 4.5591017, 44.052734 ], [ 4.5594667, 44.0550792 ], [ 4.5594106, 44.0563105 ], [ 4.5591708, 44.0572645 ], [ 4.5592165, 44.0603462 ], [ 4.5559619, 44.0618472 ], [ 4.5557339, 44.0616362 ], [ 4.5553142, 44.0614918 ], [ 4.5552415, 44.0615243 ], [ 4.5550909, 44.0622259 ], [ 4.5542565, 44.062759 ], [ 4.5541445, 44.0634105 ], [ 4.5535092, 44.0637832 ], [ 4.553477, 44.0643427 ], [ 4.5533034, 44.0646125 ], [ 4.5531891, 44.0646799 ], [ 4.5527291, 44.0646576 ], [ 4.5523328, 44.0648234 ], [ 4.5524185, 44.0650806 ], [ 4.5532361, 44.0653489 ], [ 4.5534875, 44.0655488 ], [ 4.553474, 44.0656958 ], [ 4.5532282, 44.0659756 ], [ 4.5532251, 44.0661836 ], [ 4.5541528, 44.0670085 ], [ 4.5544522, 44.0679153 ], [ 4.5544596, 44.0684148 ], [ 4.5546118, 44.0687763 ], [ 4.5547586, 44.0696699 ], [ 4.554616, 44.070393 ], [ 4.5542558, 44.0711912 ], [ 4.5539362, 44.0714226 ], [ 4.5536876, 44.0714657 ], [ 4.5527862, 44.0714218 ], [ 4.5519968, 44.0707254 ], [ 4.5518853, 44.0701157 ], [ 4.5517207, 44.0698939 ], [ 4.5514932, 44.0698368 ], [ 4.5507489, 44.0698771 ], [ 4.5495966, 44.0705244 ], [ 4.5490092, 44.070549 ], [ 4.5485888, 44.0704703 ], [ 4.5475667, 44.069616 ], [ 4.5466274, 44.0686355 ], [ 4.5463483, 44.0685656 ], [ 4.5461083, 44.0686464 ], [ 4.5457053, 44.0689789 ], [ 4.5449162, 44.0700811 ], [ 4.544373, 44.0703552 ], [ 4.5439931, 44.0703875 ], [ 4.5437807, 44.0702915 ], [ 4.5434175, 44.0698375 ], [ 4.5434587, 44.0682247 ], [ 4.5432569, 44.0679665 ], [ 4.5430494, 44.0679577 ], [ 4.5418038, 44.0683857 ], [ 4.5407977, 44.0684404 ], [ 4.5402862, 44.0686385 ], [ 4.5401308, 44.069079 ], [ 4.5407762, 44.0700908 ], [ 4.5409404, 44.0716359 ], [ 4.5407363, 44.0722149 ], [ 4.5407128, 44.0729147 ], [ 4.5400873, 44.073839 ], [ 4.5398666, 44.0739429 ], [ 4.5381153, 44.0739162 ], [ 4.5370881, 44.0742115 ], [ 4.5354239, 44.0742195 ], [ 4.5346029, 44.0740114 ], [ 4.5342106, 44.0737703 ], [ 4.5336498, 44.073581 ], [ 4.5320032, 44.0731278 ], [ 4.5313133, 44.0727792 ], [ 4.5306045, 44.0727936 ], [ 4.5301799, 44.0730264 ], [ 4.529984, 44.073355 ], [ 4.5302114, 44.074288 ], [ 4.5296861, 44.0755097 ], [ 4.5292034, 44.0759945 ], [ 4.528194, 44.0764893 ], [ 4.5273177, 44.0771055 ], [ 4.5271392, 44.0774339 ], [ 4.5263516, 44.0781002 ], [ 4.5256609, 44.0781881 ], [ 4.5255207, 44.078128 ], [ 4.5249187, 44.0773289 ], [ 4.5244065, 44.0762027 ], [ 4.523768, 44.0758155 ], [ 4.5234511, 44.0756848 ], [ 4.522643, 44.0758626 ], [ 4.5223385, 44.0760559 ], [ 4.5220189, 44.0761062 ], [ 4.521738, 44.0760624 ], [ 4.520397, 44.0753159 ], [ 4.5198937, 44.0751266 ], [ 4.5195719, 44.0750933 ], [ 4.519072, 44.0751686 ], [ 4.5188601, 44.0752769 ], [ 4.5185761, 44.0756778 ], [ 4.5187234, 44.0762861 ], [ 4.5186866, 44.0769186 ], [ 4.5187969, 44.0771673 ], [ 4.5173667, 44.0770566 ], [ 4.5136358, 44.0776303 ], [ 4.5136039, 44.0774624 ], [ 4.5104684, 44.0785004 ], [ 4.5099883, 44.0781479 ], [ 4.5085204, 44.0764253 ], [ 4.5078407, 44.0758937 ], [ 4.5064852, 44.074544 ], [ 4.50495, 44.0750873 ], [ 4.5024069, 44.0757667 ], [ 4.5019988, 44.0761063 ], [ 4.5010718, 44.076516 ], [ 4.4992785, 44.0770771 ], [ 4.4988119, 44.0773301 ], [ 4.4982321, 44.077789 ], [ 4.4965786, 44.078494 ], [ 4.4924975, 44.0800557 ], [ 4.4931313, 44.082176 ], [ 4.49302, 44.0855001 ], [ 4.4926624, 44.0872001 ], [ 4.4932414, 44.090035 ], [ 4.4933319, 44.0910087 ], [ 4.4932076, 44.091555 ], [ 4.4941013, 44.0957197 ], [ 4.4954331, 44.0980601 ], [ 4.4956185, 44.0997896 ], [ 4.4964234, 44.101561 ], [ 4.4966167, 44.1029752 ], [ 4.4965781, 44.103407 ], [ 4.4974231, 44.106367 ], [ 4.4976067, 44.1094018 ], [ 4.4975179, 44.1103482 ], [ 4.4970076, 44.1117073 ], [ 4.4969584, 44.1120681 ], [ 4.4963953, 44.1134117 ], [ 4.4966245, 44.1138613 ], [ 4.496385, 44.1139708 ], [ 4.4956576, 44.1146289 ], [ 4.4946558, 44.114973 ], [ 4.4943532, 44.1152535 ], [ 4.4940779, 44.1152842 ], [ 4.4927662, 44.1150104 ], [ 4.4920931, 44.1145983 ], [ 4.491697, 44.1146451 ], [ 4.4900615, 44.115413599999989 ], [ 4.4897745, 44.1156192 ], [ 4.4893773, 44.1161017 ], [ 4.4888817, 44.116311 ], [ 4.4884131, 44.1163083 ], [ 4.4881637, 44.1160885 ], [ 4.4874473, 44.1159775 ], [ 4.4869871, 44.1157245 ], [ 4.4866644, 44.1159054 ], [ 4.486439, 44.115885 ], [ 4.4859701, 44.115444 ], [ 4.4857038, 44.1157248 ], [ 4.4851749, 44.1154727 ], [ 4.4850363, 44.115525 ], [ 4.4849607, 44.1157898 ], [ 4.4845089, 44.1157608 ], [ 4.4846786, 44.1169963 ], [ 4.4841541, 44.1220383 ], [ 4.4843091, 44.1219894 ], [ 4.484289, 44.1216998 ], [ 4.484375, 44.1215951 ], [ 4.4845618, 44.1215224 ], [ 4.4850798, 44.1214973 ], [ 4.4853041, 44.1213782 ], [ 4.4858075, 44.1215595 ], [ 4.4868705, 44.1221635 ], [ 4.4867858, 44.1228443 ], [ 4.4869505, 44.1233615 ], [ 4.4867469, 44.12389 ], [ 4.488427, 44.1247692 ], [ 4.4895705, 44.1260077 ], [ 4.4893634, 44.1261167 ], [ 4.4887346, 44.126732 ], [ 4.488401, 44.1269256 ], [ 4.4881069, 44.127341 ], [ 4.4875591, 44.1274672 ], [ 4.486235, 44.1283575 ], [ 4.4857289, 44.1284553 ], [ 4.4844182, 44.1289961 ], [ 4.4833728, 44.1296926 ], [ 4.4823858, 44.129949 ], [ 4.4815481, 44.1298874 ], [ 4.4775016, 44.1288996 ], [ 4.4751473, 44.1286711 ], [ 4.4739889, 44.1286786 ], [ 4.4732671, 44.1287018 ], [ 4.4712778, 44.1292974 ], [ 4.470592, 44.1291662 ], [ 4.4678802, 44.1292791 ], [ 4.4674215, 44.1294212 ], [ 4.4657618, 44.129573 ], [ 4.4651865, 44.1297526 ], [ 4.4632159, 44.1296223 ], [ 4.4616516, 44.1296414 ], [ 4.460261, 44.1294169 ], [ 4.4595449, 44.1294183 ], [ 4.4590339, 44.1295241 ], [ 4.4569224, 44.1304308 ], [ 4.456069, 44.130389 ], [ 4.4508766, 44.1304696 ], [ 4.4507431, 44.1310673 ], [ 4.4506616, 44.132524 ], [ 4.4492721, 44.1323452 ], [ 4.4492379, 44.132523 ], [ 4.4486001, 44.1332957 ], [ 4.4480252, 44.1342314 ], [ 4.4456416, 44.1350173 ], [ 4.4448598, 44.1351896 ], [ 4.4396028, 44.1352552 ], [ 4.4374956, 44.135759 ], [ 4.436043, 44.1358996 ], [ 4.4345954, 44.1361922 ], [ 4.4336689, 44.1362809 ], [ 4.4327307, 44.1365488 ], [ 4.4326922, 44.1376007 ], [ 4.4330123, 44.1384481 ], [ 4.4331105, 44.1390734 ], [ 4.432837, 44.1400258 ], [ 4.4324159, 44.1407245 ], [ 4.4326316, 44.1417947 ], [ 4.4326793, 44.1425971 ], [ 4.4329443, 44.1431895 ], [ 4.4335302, 44.1439191 ], [ 4.4337655, 44.1444247 ], [ 4.4341571, 44.1447355 ], [ 4.4349357, 44.145171 ], [ 4.4344607, 44.1464132 ], [ 4.4342244, 44.1464118 ], [ 4.4340858, 44.146518 ], [ 4.4332499, 44.1463885 ], [ 4.4327688, 44.1463957 ], [ 4.4322406, 44.1464728 ], [ 4.4314503, 44.1467631 ], [ 4.4312293, 44.1467723 ], [ 4.4298783, 44.1464946 ], [ 4.4294992, 44.1462835 ], [ 4.4292684, 44.1462532 ], [ 4.4290566, 44.145787 ], [ 4.4287247, 44.1455644 ], [ 4.4281027, 44.1453376 ], [ 4.4268735, 44.145079 ], [ 4.4265268, 44.144863 ], [ 4.4258711, 44.1447365 ], [ 4.4257857, 44.1446233 ], [ 4.4254302, 44.1448061 ], [ 4.4251565, 44.1448565 ], [ 4.4243561, 44.1447472 ], [ 4.4235865, 44.1442683 ], [ 4.4235672, 44.1439949 ], [ 4.4232916, 44.1435718 ], [ 4.4219034, 44.1429021 ], [ 4.4214494, 44.143043 ], [ 4.4207265, 44.1438301 ], [ 4.4200822, 44.1443138 ], [ 4.4189987, 44.144678 ], [ 4.4182698, 44.1445263 ], [ 4.4176788, 44.1444889 ], [ 4.417842, 44.146271 ], [ 4.41543, 44.153836 ], [ 4.4146826, 44.1609322 ], [ 4.4125489, 44.1628834 ], [ 4.4102538, 44.1723949 ], [ 4.4102396, 44.1730829 ], [ 4.4098654, 44.1751438 ], [ 4.4093892, 44.1787373 ], [ 4.4105404, 44.1794076 ], [ 4.4124244, 44.1798632 ], [ 4.4131966, 44.1798802 ], [ 4.414275, 44.179734 ], [ 4.4151245, 44.1797888 ], [ 4.4156206, 44.1802181 ], [ 4.4171578, 44.181012 ], [ 4.4178581, 44.1818573 ], [ 4.4192833, 44.1828201 ], [ 4.418525, 44.184417 ], [ 4.4177542, 44.1856144 ], [ 4.4187976, 44.1855631 ], [ 4.4191297, 44.1856362 ], [ 4.419466, 44.1858776 ], [ 4.4197283, 44.1859102 ], [ 4.4207788, 44.1864458 ], [ 4.4209681, 44.1866081 ], [ 4.4212292, 44.1871448 ], [ 4.4223499, 44.1874355 ], [ 4.4229978, 44.1879267 ], [ 4.4230555, 44.1885318 ], [ 4.4232656, 44.1887271 ], [ 4.423418, 44.189267099999988 ], [ 4.4235867, 44.1894603 ], [ 4.424051, 44.1895641 ], [ 4.4262061, 44.1897872 ], [ 4.426571, 44.1899184 ], [ 4.4269464, 44.1901719 ], [ 4.4273636, 44.190243 ], [ 4.4276863, 44.1901884 ], [ 4.427961, 44.1902658 ], [ 4.4283536, 44.1907037 ], [ 4.4289429, 44.1910039 ], [ 4.4296541, 44.1915221 ], [ 4.4278824, 44.1935113 ], [ 4.4272043, 44.1935156 ], [ 4.4260703, 44.1931991 ], [ 4.4258115, 44.1930602 ], [ 4.4251689, 44.1929785 ], [ 4.4244116, 44.1930658 ], [ 4.4238827, 44.1932815 ], [ 4.422551, 44.1936148 ], [ 4.4212166, 44.1936933 ], [ 4.4196676, 44.193292 ], [ 4.4184122, 44.192877 ], [ 4.4175297, 44.1928605 ], [ 4.4168131, 44.193075 ], [ 4.4166256, 44.1930324 ], [ 4.4162905, 44.1930935 ], [ 4.4159759, 44.19322 ], [ 4.4157176, 44.1933997 ], [ 4.4156172, 44.1937899 ], [ 4.4148723, 44.1940723 ], [ 4.4146729, 44.1942585 ], [ 4.414579, 44.1947081 ], [ 4.4152449, 44.1951676 ], [ 4.415485, 44.1955156 ], [ 4.415592, 44.1960417 ], [ 4.415457, 44.1963982 ], [ 4.4153563, 44.1964247 ], [ 4.4144377, 44.1963186 ], [ 4.4142054, 44.196435 ], [ 4.4140961, 44.1966687 ], [ 4.4131337, 44.1967657 ], [ 4.4116425, 44.1966283 ], [ 4.4111326, 44.1965016 ], [ 4.4109732, 44.1965856 ], [ 4.4102978, 44.1963926 ], [ 4.4092876, 44.1966288 ], [ 4.4084247, 44.196702 ], [ 4.4080662, 44.1965248 ], [ 4.4079848, 44.195965 ], [ 4.4075877, 44.195898 ], [ 4.4071058, 44.1959942 ], [ 4.4068641, 44.1961369 ], [ 4.4064692, 44.1971187 ], [ 4.4062315, 44.1972703 ], [ 4.4059224, 44.1973219 ], [ 4.4049613, 44.1972676 ], [ 4.404375, 44.1970843 ], [ 4.4034922, 44.1970092 ], [ 4.4032041, 44.1968976 ], [ 4.4029295, 44.1965716 ], [ 4.4018932, 44.1963571 ], [ 4.4010369, 44.1962915 ], [ 4.400625, 44.1966353 ], [ 4.3999107, 44.1966426 ], [ 4.3994177, 44.1965436 ], [ 4.3988713, 44.1970691 ], [ 4.398529, 44.1978548 ], [ 4.3983263, 44.1980059 ], [ 4.3985436, 44.1984956 ], [ 4.3990566, 44.1991048 ], [ 4.3992646, 44.1995244 ], [ 4.3993204, 44.200110599999988 ], [ 4.3990681, 44.2003839 ], [ 4.3988865, 44.2008363 ], [ 4.3985959, 44.2008769 ], [ 4.3982472, 44.2007905 ], [ 4.3966216, 44.2000244 ], [ 4.3959124, 44.2000415 ], [ 4.3947839, 44.2005068 ], [ 4.394172, 44.2006127 ], [ 4.3935645, 44.2006376 ], [ 4.3933563, 44.200567299999989 ], [ 4.3913901, 44.200504 ], [ 4.3910133, 44.2006024 ], [ 4.3904197, 44.2010943 ], [ 4.3898021, 44.2014271 ], [ 4.3891762, 44.2015214 ], [ 4.3882474, 44.2015089 ], [ 4.3879799, 44.2017769 ], [ 4.3879295, 44.2023276 ], [ 4.3880416, 44.2025629 ], [ 4.3888191, 44.2028853 ], [ 4.3888379, 44.2033973 ], [ 4.389396, 44.2034991 ], [ 4.3892323, 44.203765 ], [ 4.3885614, 44.2039643 ], [ 4.3878857, 44.2039647 ], [ 4.3872961, 44.2035509 ], [ 4.3867005, 44.2034 ], [ 4.3857762, 44.2028049 ], [ 4.3846215, 44.2025638 ], [ 4.3837897, 44.2021179 ], [ 4.3832267, 44.2017145 ], [ 4.3827742, 44.201632 ], [ 4.3825157, 44.2013435 ], [ 4.3814151, 44.2007542 ], [ 4.3796952, 44.2001124 ], [ 4.3785974, 44.2005124 ], [ 4.3781986, 44.2005813 ], [ 4.3774634, 44.200605 ], [ 4.3765759, 44.2004919 ], [ 4.375522, 44.2005834 ], [ 4.3753349, 44.200764 ], [ 4.3749557, 44.201849 ], [ 4.3744026, 44.2022115 ], [ 4.3740419, 44.2023547 ], [ 4.3733052, 44.2024728 ], [ 4.3712967, 44.2023179 ], [ 4.3710605, 44.202230799999988 ], [ 4.3707034, 44.2022623 ], [ 4.3687897, 44.2029271 ], [ 4.3675446, 44.2030849 ], [ 4.3668509, 44.20364 ], [ 4.3659132, 44.2045609 ], [ 4.3645743, 44.2053481 ], [ 4.3638725, 44.2056728 ], [ 4.3633344, 44.2058307 ], [ 4.3622771, 44.2064659 ], [ 4.3615367, 44.2067497 ], [ 4.3607917, 44.2068894 ], [ 4.3595966, 44.2066864 ], [ 4.3585982, 44.2067501 ], [ 4.3576544, 44.206588 ], [ 4.3555497, 44.2057075 ], [ 4.3548553, 44.2055576 ], [ 4.3537386, 44.2051213 ], [ 4.3526262, 44.2048163 ], [ 4.3517633, 44.2047874 ], [ 4.3502902, 44.204360799999989 ], [ 4.3499112, 44.2043159 ], [ 4.348684, 44.2036495 ], [ 4.3481779, 44.204105 ], [ 4.3473015, 44.2038772 ], [ 4.3446283, 44.2028162 ], [ 4.3437983, 44.2023276 ], [ 4.3434108, 44.201975 ], [ 4.3430178, 44.2014433 ], [ 4.3419178, 44.2005394 ], [ 4.3412755, 44.1997326 ], [ 4.3409947, 44.1996586 ], [ 4.3407769, 44.1996522 ], [ 4.3404959, 44.199785299999988 ], [ 4.3403435, 44.1997412 ], [ 4.3401194, 44.1998448 ], [ 4.3389247, 44.2000718 ], [ 4.3352245, 44.2006597 ], [ 4.3278982, 44.2020701 ], [ 4.3271503, 44.2003751 ], [ 4.3271829, 44.1995204 ], [ 4.3268612, 44.199247 ], [ 4.3257959, 44.1991771 ], [ 4.3239559, 44.1984008 ], [ 4.3230157, 44.1983275 ], [ 4.3226327, 44.1981098 ], [ 4.3219697, 44.1970429 ], [ 4.3217141, 44.1968677 ], [ 4.319454, 44.1965844 ], [ 4.3190118, 44.1964573 ], [ 4.3184984, 44.196062 ], [ 4.3183085, 44.1960211 ], [ 4.3181299, 44.1962492 ], [ 4.3175089, 44.1963953 ], [ 4.3172085, 44.1967158 ], [ 4.3143804, 44.1965975 ], [ 4.3136812, 44.1971496 ], [ 4.3135908, 44.1974613 ], [ 4.313343, 44.1977856 ], [ 4.3130479, 44.1980106 ], [ 4.3124717, 44.198148 ], [ 4.3114862, 44.1980608 ], [ 4.3105214, 44.1977356 ], [ 4.3098535, 44.197641 ], [ 4.3092398, 44.1976681 ], [ 4.3085027, 44.1973384 ], [ 4.3087613, 44.1959652 ], [ 4.3088515, 44.1945022 ], [ 4.3086798, 44.1917739 ], [ 4.3084299, 44.1908101 ], [ 4.3083053, 44.190672 ], [ 4.3083124, 44.1902722 ], [ 4.3080915, 44.1900237 ], [ 4.308016, 44.1889741 ], [ 4.3077175, 44.1883448 ], [ 4.3078166, 44.1881924 ], [ 4.3077693, 44.1872243 ], [ 4.3068583, 44.1863458 ], [ 4.3064414, 44.1855144 ], [ 4.3064472, 44.1835357 ], [ 4.3062432, 44.1830448 ], [ 4.3058619, 44.1825075 ], [ 4.3051537, 44.1817966 ], [ 4.3050418, 44.1812794 ], [ 4.3048171, 44.1809751 ], [ 4.304633, 44.1803085 ], [ 4.3043479, 44.1799869 ], [ 4.3043133, 44.1796794 ], [ 4.304465, 44.1794787 ], [ 4.3041719, 44.1782588 ], [ 4.3022759, 44.177238 ], [ 4.3017466, 44.17712 ], [ 4.3006968, 44.1767211 ], [ 4.2994833, 44.1760585 ], [ 4.3053284, 44.1741518 ], [ 4.308262, 44.1733058 ], [ 4.3170963, 44.1704005 ], [ 4.319586, 44.1694118 ], [ 4.3187254, 44.1687569 ], [ 4.3184563, 44.168212 ], [ 4.3180658, 44.1677656 ], [ 4.3175024, 44.1675222 ], [ 4.3172476, 44.1673209 ], [ 4.3167824, 44.1666774 ], [ 4.3159774, 44.1650172 ], [ 4.3156341, 44.1646117 ], [ 4.3154286, 44.1641623 ], [ 4.3149336, 44.1636308 ], [ 4.3144875, 44.161808799999989 ], [ 4.3146885, 44.1611483 ], [ 4.3146315, 44.1609537 ], [ 4.3149836, 44.1608225 ], [ 4.3151504, 44.160627 ], [ 4.315812, 44.1592813 ], [ 4.3158574, 44.1589171 ], [ 4.3153603, 44.158134499999989 ], [ 4.3150422, 44.1570824 ], [ 4.3135012, 44.1561989 ], [ 4.3126691, 44.1549261 ], [ 4.3137722, 44.1545582 ], [ 4.3140727, 44.1541999 ], [ 4.3145471, 44.1541681 ], [ 4.3156833, 44.1536135 ], [ 4.3167856, 44.1535921 ], [ 4.3177218, 44.1533072 ], [ 4.3195506, 44.1525354 ], [ 4.3225465, 44.1509312 ], [ 4.3249657, 44.1501242 ], [ 4.3265356, 44.1498361 ], [ 4.3272784, 44.149305899999987 ], [ 4.3276903, 44.1491199 ], [ 4.3280618, 44.149074 ], [ 4.3282492, 44.1491744 ], [ 4.3283543, 44.1482135 ], [ 4.3284879, 44.147832 ], [ 4.3295592, 44.1459565 ], [ 4.3299491, 44.145574599999989 ], [ 4.3311618, 44.1450963 ], [ 4.3314851, 44.1448079 ], [ 4.3317019, 44.1447225 ], [ 4.3321903, 44.1447615 ], [ 4.3362288, 44.1444666 ], [ 4.3376231, 44.144537 ], [ 4.3398614, 44.1444538 ], [ 4.3375, 44.1407352 ], [ 4.335699, 44.1411226 ], [ 4.3354687, 44.1401001 ], [ 4.3356796, 44.1396042 ], [ 4.3353184, 44.1386499 ], [ 4.3353239, 44.1384572 ], [ 4.334022, 44.1387503 ], [ 4.3334738, 44.1374967 ], [ 4.3327921, 44.1376868 ], [ 4.3324952, 44.1372359 ], [ 4.3327208, 44.1371548 ], [ 4.3323075, 44.1364271 ], [ 4.3320806, 44.1355422 ], [ 4.3322471, 44.1347535 ], [ 4.332726, 44.1338564 ], [ 4.332818, 44.133461 ], [ 4.332862, 44.1332067 ], [ 4.3326672, 44.1326779 ], [ 4.3317996, 44.1306441 ], [ 4.3312548, 44.130117 ], [ 4.3312054, 44.129768299999988 ], [ 4.3303876, 44.1281444 ], [ 4.3304716, 44.1279948 ], [ 4.3281884, 44.1233479 ], [ 4.3277152, 44.1227217 ], [ 4.3268561, 44.1221065 ], [ 4.3265737, 44.1217885 ], [ 4.3265699, 44.1215698 ], [ 4.3268096, 44.1211321 ], [ 4.3263132, 44.119352199999987 ], [ 4.3262911, 44.1187232 ], [ 4.3264026, 44.1183618 ], [ 4.3266446, 44.118132 ], [ 4.3266234, 44.1172195 ], [ 4.3271086, 44.1169697 ], [ 4.3266476, 44.1151506 ], [ 4.3264433, 44.114748 ], [ 4.3264926, 44.1145584 ], [ 4.3267027, 44.1145126 ], [ 4.3269553, 44.1132385 ], [ 4.3271081, 44.1130926 ], [ 4.327041, 44.1122536 ], [ 4.3271039, 44.1118955 ], [ 4.3268315, 44.1107672 ], [ 4.3269588, 44.1095829 ], [ 4.3267596, 44.1082233 ], [ 4.3259178, 44.1060893 ], [ 4.3258435, 44.105046 ], [ 4.3254677, 44.1044105 ], [ 4.3258882, 44.1042281 ], [ 4.3259031, 44.1041163 ], [ 4.3254256, 44.1038916 ], [ 4.3253472, 44.1035838 ], [ 4.3244514, 44.1019672 ], [ 4.3238666, 44.1013171 ], [ 4.3233173, 44.1009547 ], [ 4.3223475, 44.0999672 ], [ 4.3225269, 44.099893 ], [ 4.3213759, 44.0978284 ], [ 4.3213798, 44.0971352 ], [ 4.320713, 44.0960127 ], [ 4.3191368, 44.0955321 ], [ 4.3182426, 44.094892 ], [ 4.3172919, 44.0944525 ], [ 4.3168237, 44.0939738 ], [ 4.3159612, 44.0932973 ], [ 4.3151763, 44.0930052 ], [ 4.3145364, 44.0925556 ], [ 4.3162382, 44.0915045 ], [ 4.3166435, 44.0912053 ], [ 4.3170056, 44.0907724 ], [ 4.3192125, 44.0892642 ], [ 4.3205057, 44.0885888 ], [ 4.3216068, 44.0878698 ], [ 4.3230631, 44.0870709 ], [ 4.3300281, 44.0827954 ], [ 4.3357735, 44.0797523 ], [ 4.3372147, 44.0788597 ], [ 4.3373638, 44.0788777 ], [ 4.3404602, 44.0755768 ], [ 4.3436143, 44.073095099999989 ], [ 4.3443716, 44.0715879 ], [ 4.347357, 44.066478 ], [ 4.3491369, 44.0665164 ], [ 4.3509596, 44.0666757 ], [ 4.358314, 44.0666171 ], [ 4.3629099, 44.0662189 ], [ 4.3712788, 44.0687348 ], [ 4.3761761, 44.0699552 ], [ 4.3812193, 44.0710538 ], [ 4.3832318, 44.0720258 ], [ 4.3878892, 44.0744972 ], [ 4.3914996, 44.0804465 ], [ 4.4006245, 44.0799035 ], [ 4.4031895, 44.0792505 ], [ 4.4046324, 44.0790726 ], [ 4.4062255, 44.0786552 ], [ 4.4069741, 44.0781262 ], [ 4.4074769, 44.0779055 ], [ 4.4079843, 44.0774723 ], [ 4.4085868, 44.0773448 ], [ 4.4100835, 44.0768206 ], [ 4.410198, 44.0767048 ], [ 4.4069477, 44.0743818 ], [ 4.4038798, 44.0719493 ], [ 4.4026699, 44.0708324 ], [ 4.4025004, 44.070795 ], [ 4.402647, 44.0702575 ], [ 4.4027673, 44.0689057 ], [ 4.4030521, 44.0683557 ], [ 4.4030682, 44.0678424 ], [ 4.4022526, 44.0669671 ], [ 4.4023605, 44.0662797 ], [ 4.4022714, 44.0659568 ], [ 4.4014246, 44.0651323 ], [ 4.4011554, 44.0645407 ], [ 4.4008511, 44.0642494 ], [ 4.4009553, 44.0639168 ], [ 4.4006336, 44.0635788 ], [ 4.4005601, 44.06338 ], [ 4.4006611, 44.0627674 ], [ 4.3994735, 44.0606195 ], [ 4.3995702, 44.0597803 ], [ 4.3999462, 44.0583154 ], [ 4.4002094, 44.0581068 ], [ 4.4004618, 44.0576076 ], [ 4.4050506, 44.0459871 ], [ 4.4028004, 44.0454759 ], [ 4.4008653, 44.0453935 ], [ 4.4011348, 44.0446313 ], [ 4.4013076, 44.043692899999989 ], [ 4.4015711, 44.0421791 ], [ 4.4015222, 44.0417638 ], [ 4.4022408, 44.0391694 ], [ 4.4027377, 44.038117 ], [ 4.4029615, 44.037223 ], [ 4.403122, 44.0354837 ], [ 4.4004814, 44.0359766 ], [ 4.4004266, 44.0354705 ], [ 4.4002046, 44.0353257 ], [ 4.3996132, 44.0352738 ], [ 4.3993915, 44.034426 ], [ 4.3988691, 44.0344444 ], [ 4.3987542, 44.0334224 ], [ 4.3992758, 44.033224 ], [ 4.3988412, 44.0310728 ], [ 4.3968033, 44.0307487 ], [ 4.3964342, 44.0302997 ], [ 4.3972191, 44.0295426 ], [ 4.3977669, 44.0288317 ], [ 4.3982679, 44.0277661 ], [ 4.3997453, 44.026555 ], [ 4.4030874, 44.0264382 ], [ 4.4058637, 44.0267101 ], [ 4.4058425, 44.0241885 ], [ 4.406712, 44.0231543 ], [ 4.4083411, 44.0220569 ], [ 4.4085186, 44.021797 ], [ 4.4094703, 44.0212543 ], [ 4.409514, 44.0209243 ], [ 4.4108946, 44.0204516 ], [ 4.4105406, 44.0197824 ], [ 4.4107898, 44.019501 ], [ 4.4118, 44.0189715 ], [ 4.4126445, 44.018235 ], [ 4.4132616, 44.0178886 ], [ 4.4141141, 44.0183589 ], [ 4.4148188, 44.0182745 ], [ 4.4154161, 44.0182977 ], [ 4.415771, 44.0184707 ], [ 4.4159856, 44.0184353 ], [ 4.4163705, 44.0176544 ], [ 4.4171617, 44.0174979 ], [ 4.4181677, 44.0167115 ], [ 4.4190281, 44.0173317 ], [ 4.420265, 44.0173999 ], [ 4.4205303, 44.0177857 ], [ 4.4212011, 44.0174845 ], [ 4.4217581, 44.0174324 ], [ 4.422217, 44.0176406 ], [ 4.4221605, 44.018001 ], [ 4.422258, 44.0183035 ], [ 4.4233132, 44.0179414 ], [ 4.4230608, 44.0184467 ], [ 4.4238358, 44.0188748 ], [ 4.423975, 44.019177299999988 ], [ 4.4238194, 44.0194985 ], [ 4.4238739, 44.0204188 ], [ 4.4244919, 44.0212402 ], [ 4.4252496, 44.0219338 ], [ 4.4256913, 44.022198 ], [ 4.4264024, 44.0220915 ], [ 4.4270821, 44.0217218 ], [ 4.4276848, 44.021249499999989 ], [ 4.4281599, 44.0207734 ], [ 4.4281891, 44.0195675 ], [ 4.429388, 44.0187689 ], [ 4.4313004, 44.0204568 ], [ 4.4321714, 44.020633 ], [ 4.4322814, 44.0204231 ], [ 4.4333058, 44.0198482 ], [ 4.437974, 44.0200429 ], [ 4.4409637, 44.0186544 ], [ 4.442431, 44.0161103 ], [ 4.4430944, 44.0159631 ], [ 4.4462632, 44.0159609 ], [ 4.4461146, 44.0165447 ], [ 4.4461378, 44.0168693 ], [ 4.4459252, 44.0173366 ], [ 4.4458315, 44.018265 ], [ 4.4459287, 44.0204241 ], [ 4.4460535, 44.0207708 ], [ 4.4458854, 44.0208342 ], [ 4.4452195, 44.0241853 ], [ 4.4448116, 44.0251718 ], [ 4.4443375, 44.0258109 ], [ 4.4434808, 44.0279412 ], [ 4.4426391, 44.0278622 ], [ 4.4440616, 44.0298859 ], [ 4.4446431, 44.0323024 ], [ 4.4499954, 44.0321407 ], [ 4.4561249, 44.0316344 ], [ 4.4564388, 44.0317608 ], [ 4.4567657, 44.0321021 ], [ 4.4576649, 44.0334034 ], [ 4.4585166, 44.0339223 ], [ 4.4597551, 44.0349239 ], [ 4.4619663, 44.0343966 ] ] ] ] } },
{ "type": "Feature", "properties": { "code_departement": 30.0, "code_rne": "0301723K", "multisecteur": 0.0 }, "geometry": { "type": "MultiPolygon", "coordinates": [ [ [ [ 4.2098258, 43.8075848 ], [ 4.2098226, 43.8077846 ], [ 4.2105093, 43.8077005 ], [ 4.2103197, 43.8081391 ], [ 4.2106452, 43.8085468 ], [ 4.2107782, 43.8084868 ], [ 4.2123483, 43.8087448 ], [ 4.2121936, 43.8091857 ], [ 4.2129579, 43.8091844 ], [ 4.2128552, 43.8085618 ], [ 4.2130261, 43.8085932 ], [ 4.2133013, 43.8091446 ], [ 4.2132399, 43.809417 ], [ 4.2134388, 43.8095921 ], [ 4.213055, 43.8098367 ], [ 4.2135214, 43.810673 ], [ 4.2143434, 43.8102319 ], [ 4.214845, 43.8105566 ], [ 4.215486, 43.8112478 ], [ 4.2162167, 43.8108941 ], [ 4.2168549, 43.8107457 ], [ 4.2173574, 43.8116409 ], [ 4.2173587, 43.8125202 ], [ 4.2174457, 43.8125174 ], [ 4.2174623, 43.8127162 ], [ 4.2179466, 43.8129304 ], [ 4.2189748, 43.8142302 ], [ 4.2196161, 43.8144597 ], [ 4.2211998, 43.8147048 ], [ 4.2220556, 43.8146781 ], [ 4.2223028, 43.8147905 ], [ 4.223049, 43.8149252 ], [ 4.2235316, 43.8151781 ], [ 4.2247046, 43.8151605 ], [ 4.2265422, 43.814958 ], [ 4.2273934, 43.8150051 ], [ 4.229281, 43.814236 ], [ 4.2302151, 43.8137484 ], [ 4.2309608, 43.813749 ], [ 4.2314681, 43.8135867 ], [ 4.2304035, 43.8127446 ], [ 4.230548, 43.8127034 ], [ 4.2313549, 43.8117934 ], [ 4.2325579, 43.8109815 ], [ 4.2332097, 43.8102001 ], [ 4.2336965, 43.8092604 ], [ 4.2341454, 43.807602 ], [ 4.2344641, 43.8075165 ], [ 4.2345395, 43.8073798 ], [ 4.2346939, 43.8065905 ], [ 4.2353926, 43.8066024 ], [ 4.2355364, 43.806068 ], [ 4.2353641, 43.8060303 ], [ 4.235506, 43.8054671 ], [ 4.2351958, 43.8054319 ], [ 4.2352556, 43.8052657 ], [ 4.235975, 43.8050856 ], [ 4.2364822, 43.8048647 ], [ 4.2376504, 43.8022307 ], [ 4.2376519, 43.8014954 ], [ 4.2375529, 43.8013399 ], [ 4.2378857, 43.8013307 ], [ 4.2375545, 43.8000934 ], [ 4.2376992, 43.7994861 ], [ 4.2375998, 43.7994872 ], [ 4.2375935, 43.7990832 ], [ 4.2373287, 43.799078099999988 ], [ 4.2373236, 43.7984391 ], [ 4.2371593, 43.798369 ], [ 4.2372033, 43.7982776 ], [ 4.2376637, 43.7979646 ], [ 4.2381694, 43.7977887 ], [ 4.238598, 43.7973852 ], [ 4.2391525, 43.7971125 ], [ 4.2412407, 43.7956019 ], [ 4.2431566, 43.7948034 ], [ 4.2451116, 43.793801 ], [ 4.2469744, 43.7929634 ], [ 4.2482052, 43.792034 ], [ 4.2486548, 43.7919146 ], [ 4.2488982, 43.7916805 ], [ 4.2508069, 43.7907298 ], [ 4.2519501, 43.7900012 ], [ 4.2525624, 43.7898268 ], [ 4.2529518, 43.7890564 ], [ 4.2591151, 43.7850479 ], [ 4.2590945, 43.7852435 ], [ 4.2594601, 43.7852608 ], [ 4.2595152, 43.7858983 ], [ 4.2597881, 43.7863343 ], [ 4.2598596, 43.7867034 ], [ 4.2600461, 43.7867084 ], [ 4.2600367, 43.787240499999989 ], [ 4.2605344, 43.787277 ], [ 4.2610404, 43.7871802 ], [ 4.2613553, 43.7873197 ], [ 4.2608103, 43.7886355 ], [ 4.2606281, 43.788877 ], [ 4.260609, 43.7891391 ], [ 4.2608962, 43.7897127 ], [ 4.2615722, 43.7902278 ], [ 4.2616885, 43.7904325 ], [ 4.2622696, 43.7900775 ], [ 4.2628914, 43.7894313 ], [ 4.2642084, 43.7903358 ], [ 4.2643316, 43.7905684 ], [ 4.2649618, 43.7901318 ], [ 4.2650581, 43.790219799999988 ], [ 4.2671601, 43.7896508 ], [ 4.2673115, 43.7898147 ], [ 4.2675192, 43.7897664 ], [ 4.2674738, 43.7896823 ], [ 4.2683961, 43.7893107 ], [ 4.2691752, 43.790099 ], [ 4.2695242, 43.7900976 ], [ 4.269733, 43.7905461 ], [ 4.2700854, 43.7908651 ], [ 4.2697857, 43.7911287 ], [ 4.2700158, 43.791423 ], [ 4.2697596, 43.7919687 ], [ 4.2712565, 43.7926325 ], [ 4.2713588, 43.7924261 ], [ 4.2715734, 43.7925208 ], [ 4.2714318, 43.7928024 ], [ 4.2714953, 43.7928646 ], [ 4.2711128, 43.7931508 ], [ 4.2717212, 43.7933561 ], [ 4.2716351, 43.7935632 ], [ 4.2732082, 43.7940173 ], [ 4.2728982, 43.7941578 ], [ 4.2719769, 43.7940713 ], [ 4.2720999, 43.7944659 ], [ 4.2731367, 43.7946023 ], [ 4.2737495, 43.794389 ], [ 4.2738788, 43.7948393 ], [ 4.2742431, 43.7952427 ], [ 4.2731018, 43.7959941 ], [ 4.2749599, 43.7964628 ], [ 4.2748298, 43.796927 ], [ 4.2756265, 43.7971606 ], [ 4.2751936, 43.7978038 ], [ 4.2752925, 43.7978405 ], [ 4.2752035, 43.7979729 ], [ 4.2754755, 43.7983549 ], [ 4.2757111, 43.79839 ], [ 4.2756752, 43.7986199 ], [ 4.2759247, 43.7995548 ], [ 4.2752647, 43.8017189 ], [ 4.274501, 43.8024667 ], [ 4.2743283, 43.8028584 ], [ 4.2743197, 43.8029755 ], [ 4.2744606, 43.803108 ], [ 4.2744208, 43.8033271 ], [ 4.2746505, 43.8036539 ], [ 4.2733357, 43.8058841 ], [ 4.2728744, 43.8083312 ], [ 4.2738333, 43.8104242 ], [ 4.2745455, 43.8105977 ], [ 4.2760309, 43.8116631 ], [ 4.2772274, 43.8118731 ], [ 4.2777268, 43.8121382 ], [ 4.2793042, 43.8137037 ], [ 4.2806638, 43.8145878 ], [ 4.280886, 43.8148534 ], [ 4.2811757, 43.8149652 ], [ 4.2830164, 43.8164609 ], [ 4.2842939, 43.8166718 ], [ 4.2847049, 43.8169811 ], [ 4.285229, 43.8171855 ], [ 4.2855307, 43.8172251 ], [ 4.2860912, 43.8171681 ], [ 4.2866619, 43.8169517 ], [ 4.2870289, 43.8169149 ], [ 4.2887563, 43.817287 ], [ 4.2901296, 43.8173859 ], [ 4.2910546, 43.8173426 ], [ 4.2919224, 43.8171847 ], [ 4.2931881, 43.816816 ], [ 4.2938175, 43.8167842 ], [ 4.2949388, 43.8171174 ], [ 4.2964461, 43.8173767 ], [ 4.2964675, 43.8172792 ], [ 4.2976757, 43.8174962 ], [ 4.2988615, 43.8176072 ], [ 4.2992876, 43.8174878 ], [ 4.2992068, 43.8173771 ], [ 4.3003361, 43.8168048 ], [ 4.3012336, 43.8156105 ], [ 4.3010426, 43.8155156 ], [ 4.3011917, 43.8152987 ], [ 4.3011008, 43.815235 ], [ 4.3012056, 43.8150358 ], [ 4.3008297, 43.8148468 ], [ 4.2998859, 43.8146096 ], [ 4.2998141, 43.8145142 ], [ 4.2994343, 43.8143711 ], [ 4.2993209, 43.814412 ], [ 4.2987683, 43.814217 ], [ 4.2996287, 43.8131898 ], [ 4.299984, 43.8130217 ], [ 4.300286, 43.8127445 ], [ 4.2999146, 43.8122089 ], [ 4.2998429, 43.8118426 ], [ 4.3016741, 43.8127351 ], [ 4.3035891, 43.8133252 ], [ 4.3048861, 43.8135725 ], [ 4.3037513, 43.8147156 ], [ 4.3032957, 43.8150099 ], [ 4.3025585, 43.81588 ], [ 4.3016456, 43.8166712 ], [ 4.3014695, 43.8172359 ], [ 4.3015514, 43.8173375 ], [ 4.3006962, 43.8177185 ], [ 4.3003834, 43.8179562 ], [ 4.2986934, 43.8184705 ], [ 4.2983588, 43.8199928 ], [ 4.2978776, 43.8203144 ], [ 4.297575, 43.8203432 ], [ 4.2966745, 43.821087399999989 ], [ 4.2962285, 43.821757 ], [ 4.2955674, 43.8224236 ], [ 4.2950255, 43.8235794 ], [ 4.2943435, 43.824096 ], [ 4.2933902, 43.8253124 ], [ 4.2926653, 43.8267358 ], [ 4.2925739, 43.8271437 ], [ 4.2924514, 43.8292035 ], [ 4.2925073, 43.8296979 ], [ 4.292327, 43.830357 ], [ 4.2923339, 43.8308268 ], [ 4.2925298, 43.831188 ], [ 4.292626, 43.8318142 ], [ 4.2923853, 43.8323841 ], [ 4.2916604, 43.833263 ], [ 4.2914942, 43.8338302 ], [ 4.2914381, 43.8344843 ], [ 4.2912467, 43.8349266 ], [ 4.2910759, 43.834854 ], [ 4.2911386, 43.8353725 ], [ 4.2910637, 43.8361861 ], [ 4.2906404, 43.8364881 ], [ 4.2904587, 43.8364831 ], [ 4.2892696, 43.8356916 ], [ 4.2889905, 43.8355545 ], [ 4.2888329, 43.835569 ], [ 4.2877569, 43.8364862 ], [ 4.2877462, 43.8366205 ], [ 4.2881767, 43.8369628 ], [ 4.2881968, 43.8370796 ], [ 4.2875672, 43.8383884 ], [ 4.2865148, 43.8395241 ], [ 4.2856354, 43.8400663 ], [ 4.2851145, 43.8401823 ], [ 4.284363, 43.8401614 ], [ 4.284163, 43.8405589 ], [ 4.2850082, 43.8411502 ], [ 4.2851998, 43.8417086 ], [ 4.2858163, 43.8421937 ], [ 4.2872544, 43.8428805 ], [ 4.2886477, 43.8434032 ], [ 4.2896362, 43.8440575 ], [ 4.2904002, 43.8441358 ], [ 4.2914617, 43.8446642 ], [ 4.2924541, 43.8448828 ], [ 4.2941192, 43.8449387 ], [ 4.2950968, 43.845495 ], [ 4.294091, 43.8459974 ], [ 4.293282, 43.8461348 ], [ 4.292586, 43.8460999 ], [ 4.2922975, 43.8461546 ], [ 4.2915507, 43.8465091 ], [ 4.290103, 43.8470014 ], [ 4.287939, 43.8474923 ], [ 4.2874707, 43.8476814 ], [ 4.2863708, 43.8476584 ], [ 4.2853169, 43.8477977 ], [ 4.2817941, 43.8474846 ], [ 4.2803021, 43.8475003 ], [ 4.2798963, 43.8476499 ], [ 4.2790265, 43.8477385 ], [ 4.280002, 43.8483138 ], [ 4.2829128, 43.8496198 ], [ 4.2838069, 43.8506119 ], [ 4.283867, 43.851018 ], [ 4.2828921, 43.8513022 ], [ 4.2793129, 43.8520867 ], [ 4.2773587, 43.8522401 ], [ 4.2743822, 43.8523388 ], [ 4.2715647, 43.8525976 ], [ 4.2712412, 43.8525357 ], [ 4.2669204, 43.8529811 ], [ 4.2638152, 43.8533951 ], [ 4.2581536, 43.8543515 ], [ 4.2378664, 43.857272 ], [ 4.2366272, 43.8575992 ], [ 4.2349553, 43.8581681 ], [ 4.2272158, 43.8598898 ], [ 4.2219004, 43.8598739 ], [ 4.2198326, 43.8600275 ], [ 4.2175363, 43.8603151 ], [ 4.2123363, 43.8612244 ], [ 4.212504, 43.8611001 ], [ 4.2112571, 43.8606028 ], [ 4.210545, 43.8600499 ], [ 4.2100471, 43.8595605 ], [ 4.2097417, 43.8590589 ], [ 4.2099446, 43.8587138 ], [ 4.2111353, 43.8579697 ], [ 4.2115273, 43.8573912 ], [ 4.2114004, 43.856511499999989 ], [ 4.2111313, 43.8556117 ], [ 4.2107629, 43.8550704 ], [ 4.2106347, 43.8545381 ], [ 4.2104522, 43.8544357 ], [ 4.210376, 43.8537733 ], [ 4.2101076, 43.8530796 ], [ 4.2098624, 43.8528952 ], [ 4.2096553, 43.8529227 ], [ 4.2092352, 43.852642 ], [ 4.2087195, 43.8524281 ], [ 4.2080718, 43.8525604 ], [ 4.2077555, 43.8523083 ], [ 4.203729, 43.8503889 ], [ 4.2008168, 43.8488118 ], [ 4.2006431, 43.8492448 ], [ 4.2000238, 43.8500788 ], [ 4.1954448, 43.8541872 ], [ 4.1939913, 43.8563505 ], [ 4.1948378, 43.8585823 ], [ 4.1862898, 43.8582103 ], [ 4.1838066, 43.8512819 ], [ 4.1825489, 43.8484434 ], [ 4.1775758, 43.8438604 ], [ 4.1729368, 43.840858399999988 ], [ 4.164788, 43.8354071 ], [ 4.1617485, 43.833348 ], [ 4.1607318, 43.8325695 ], [ 4.1605722, 43.8321797 ], [ 4.1584404, 43.82956 ], [ 4.157609, 43.82055 ], [ 4.1713647, 43.8194851 ], [ 4.1728126, 43.8195388 ], [ 4.1730239, 43.8194762 ], [ 4.1735579, 43.819574 ], [ 4.1744323, 43.8194836 ], [ 4.1744759, 43.8194282 ], [ 4.175999, 43.8193893 ], [ 4.1762701, 43.8195124 ], [ 4.1767483, 43.8194973 ], [ 4.176945, 43.8196356 ], [ 4.1772495, 43.8195729 ], [ 4.1779656, 43.8195778 ], [ 4.1783167, 43.8197288 ], [ 4.178932, 43.8197293 ], [ 4.1793969, 43.81961 ], [ 4.1798457, 43.8196096 ], [ 4.1800245, 43.8195438 ], [ 4.180305, 43.8195804 ], [ 4.1812323, 43.8190447 ], [ 4.182031, 43.818416 ], [ 4.1821331, 43.818243 ], [ 4.1823503, 43.8182298 ], [ 4.1824963, 43.8180752 ], [ 4.1827406, 43.8179898 ], [ 4.1833318, 43.8179681 ], [ 4.1834039, 43.8180888 ], [ 4.1837266, 43.8182446 ], [ 4.184233, 43.8182094 ], [ 4.1844826, 43.8183192 ], [ 4.1850748, 43.8181624 ], [ 4.1854501, 43.8179802 ], [ 4.1858667, 43.8181115 ], [ 4.1859932, 43.8182776 ], [ 4.1870569, 43.8182651 ], [ 4.187339, 43.8179002 ], [ 4.1877122, 43.8176775 ], [ 4.1879073, 43.8171965 ], [ 4.1884552, 43.8166461 ], [ 4.1883601, 43.8163186 ], [ 4.1902235, 43.8160931 ], [ 4.191881, 43.8155899 ], [ 4.1922908, 43.8155719 ], [ 4.1927094, 43.8156789 ], [ 4.1930281, 43.8156421 ], [ 4.1947037, 43.8151738 ], [ 4.1959194, 43.8151227 ], [ 4.1961495, 43.8148942 ], [ 4.1969437, 43.8146524 ], [ 4.1974933, 43.8138958 ], [ 4.1977259, 43.8138446 ], [ 4.1983883, 43.8139589 ], [ 4.1988762, 43.8136367 ], [ 4.1994304, 43.8128017 ], [ 4.1999427, 43.8125198 ], [ 4.2003491, 43.812457699999989 ], [ 4.2012424, 43.8126198 ], [ 4.2019047, 43.812437 ], [ 4.2034896, 43.8115672 ], [ 4.2041277, 43.8113558 ], [ 4.2050357, 43.8108013 ], [ 4.2058631, 43.8104934 ], [ 4.2063426, 43.8105412 ], [ 4.2070066, 43.8094952 ], [ 4.2076021, 43.8088577 ], [ 4.2085858, 43.8073619 ], [ 4.2098258, 43.8075848 ] ] ] ] } },
{ "type": "Feature", "properties": { "code_departement": 30.0, "code_rne": "0301746K", "multisecteur": 0.0 }, "geometry": { "type": "MultiPolygon", "coordinates": [ [ [ [ 4.5234451, 43.8597528 ], [ 4.5230414, 43.8595406 ], [ 4.5212147, 43.8592862 ], [ 4.5198043, 43.8587802 ], [ 4.5174237, 43.8582264 ], [ 4.5164136, 43.8577562 ], [ 4.5090061, 43.8561083 ], [ 4.5060286, 43.8563591 ], [ 4.5056936, 43.8565321 ], [ 4.5024357, 43.8570909 ], [ 4.5014586, 43.8571143 ], [ 4.5010362, 43.8570391 ], [ 4.5011755, 43.8515485 ], [ 4.4988262, 43.845913 ], [ 4.4985458, 43.8459862 ], [ 4.4948576, 43.8453879 ], [ 4.4930662, 43.844984 ], [ 4.4910887, 43.8443585 ], [ 4.4887841, 43.8441613 ], [ 4.487141, 43.8441027 ], [ 4.4839369, 43.8407756 ], [ 4.4836022, 43.8403382 ], [ 4.4834079, 43.8398467 ], [ 4.4831301, 43.8396345 ], [ 4.4794988, 43.8384255 ], [ 4.4789763, 43.8381761 ], [ 4.4749902, 43.8367468 ], [ 4.4732441, 43.8363041 ], [ 4.4698936, 43.8353098 ], [ 4.4672026, 43.8336989 ], [ 4.4641397, 43.8326132 ], [ 4.4640501, 43.8326576 ], [ 4.4618993, 43.8317927 ], [ 4.4591864, 43.8308669 ], [ 4.457453, 43.8301763 ], [ 4.4569649, 43.8300514 ], [ 4.4550003, 43.8302396 ], [ 4.4550017, 43.8286312 ], [ 4.4523007, 43.824644 ], [ 4.452846, 43.8221337 ], [ 4.452809, 43.8203836 ], [ 4.4526659, 43.8193478 ], [ 4.4531051, 43.8169676 ], [ 4.4531764, 43.8160594 ], [ 4.4531363, 43.8153615 ], [ 4.4528265, 43.8146636 ], [ 4.4522279, 43.8143881 ], [ 4.4522222, 43.8141163 ], [ 4.4533839, 43.8112621 ], [ 4.455605, 43.8085324 ], [ 4.456304, 43.808406 ], [ 4.4577142, 43.8066366 ], [ 4.4578197, 43.806727 ], [ 4.4581969, 43.8060208 ], [ 4.4592822, 43.804867699999988 ], [ 4.459459, 43.8039536 ], [ 4.4594878, 43.8031837 ], [ 4.4606205, 43.7994613 ], [ 4.4622183, 43.7946922 ], [ 4.4624194, 43.7938075 ], [ 4.4626633, 43.793239 ], [ 4.4668433, 43.7796859 ], [ 4.4709356, 43.777288 ], [ 4.4769559, 43.7807356 ], [ 4.4824612, 43.7818318 ], [ 4.4958833, 43.7830947 ], [ 4.4961488, 43.7831784 ], [ 4.4971846, 43.7831191 ], [ 4.499131, 43.7834884 ], [ 4.5042965, 43.7831139 ], [ 4.5072192, 43.7834758 ], [ 4.5121658, 43.7841732 ], [ 4.5193155, 43.7855832 ], [ 4.519914, 43.7857566 ], [ 4.5215362, 43.7860274 ], [ 4.526501, 43.7875744 ], [ 4.527301, 43.7877594 ], [ 4.5401051, 43.7991539 ], [ 4.536354, 43.8067079 ], [ 4.5355747, 43.8080014 ], [ 4.5267064, 43.8201265 ], [ 4.5259384, 43.8233001 ], [ 4.521547, 43.8275305 ], [ 4.527189, 43.8315821 ], [ 4.5272743, 43.8321245 ], [ 4.5275699, 43.8326685 ], [ 4.5276383, 43.8345316 ], [ 4.5283268, 43.8368891 ], [ 4.5284726, 43.8379708 ], [ 4.5290706, 43.8398733 ], [ 4.5316789, 43.8410563 ], [ 4.5335202, 43.8417342 ], [ 4.534286, 43.842190599999988 ], [ 4.53564, 43.842735 ], [ 4.534505, 43.8478886 ], [ 4.5340747, 43.8512727 ], [ 4.533791, 43.8526565 ], [ 4.5353644, 43.8557135 ], [ 4.533108, 43.8563591 ], [ 4.5294668, 43.8595551 ], [ 4.5286578, 43.8603738 ], [ 4.5280583, 43.8602391 ], [ 4.5239495, 43.8600986 ], [ 4.5236189, 43.8600177 ], [ 4.5234451, 43.8597528 ] ] ] ] } },
{ "type": "Feature", "properties": { "code_departement": 30.0, "code_rne": "0301747L", "multisecteur": 0.0 }, "geometry": { "type": "MultiPolygon", "coordinates": [ [ [ [ 4.1448908, 43.9692827 ], [ 4.1448443, 43.9699466 ], [ 4.1446106, 43.9709679 ], [ 4.1446179, 43.9718283 ], [ 4.1448778, 43.9742224 ], [ 4.1448105, 43.9746579 ], [ 4.1448902, 43.9747786 ], [ 4.1450748, 43.974845 ], [ 4.1448241, 43.9750844 ], [ 4.1452449, 43.9758045 ], [ 4.1453824, 43.9764484 ], [ 4.1456909, 43.9767287 ], [ 4.1459287, 43.9776452 ], [ 4.1457031, 43.9780787 ], [ 4.1461712, 43.9786084 ], [ 4.1460855, 43.9789973 ], [ 4.145598, 43.9797971 ], [ 4.1458669, 43.9813938 ], [ 4.1457781, 43.9824919 ], [ 4.1459652, 43.982994 ], [ 4.1459197, 43.9835219 ], [ 4.1461386, 43.984056 ], [ 4.1470776, 43.9843225 ], [ 4.1473233, 43.984698 ], [ 4.1481666, 43.985285 ], [ 4.1484295, 43.9857134 ], [ 4.1487981, 43.986002 ], [ 4.1489518, 43.9864522 ], [ 4.1492636, 43.986953 ], [ 4.150265, 43.9875896 ], [ 4.151178, 43.9879221 ], [ 4.1519771, 43.988046 ], [ 4.1531572, 43.9884521 ], [ 4.1548156, 43.9892059 ], [ 4.1585025, 43.9903307 ], [ 4.1582773, 43.9913385 ], [ 4.1575806, 43.9925142 ], [ 4.1576097, 43.9928406 ], [ 4.1571614, 43.9936653 ], [ 4.1565592, 43.994038 ], [ 4.1563653, 43.9942498 ], [ 4.1564241, 43.994568699999988 ], [ 4.1563579, 43.9948683 ], [ 4.1553496, 43.995995 ], [ 4.1529279, 43.9972114 ], [ 4.1531027, 43.9982707 ], [ 4.1526102, 43.9991319 ], [ 4.1524488, 43.9998474 ], [ 4.1524645, 44.000128 ], [ 4.1527734, 44.0009133 ], [ 4.1527783, 44.0015874 ], [ 4.1510684, 44.0064488 ], [ 4.1509375, 44.0071279 ], [ 4.1517365, 44.0076685 ], [ 4.1532683, 44.0083644 ], [ 4.1536358, 44.0087737 ], [ 4.1540357, 44.0089981 ], [ 4.1543908, 44.0094138 ], [ 4.1553045, 44.0100711 ], [ 4.1544666, 44.0103878 ], [ 4.1542473, 44.0106439 ], [ 4.1542179, 44.0112824 ], [ 4.1536502, 44.0120723 ], [ 4.153554, 44.0124334 ], [ 4.1535282, 44.0127604 ], [ 4.1538124, 44.0131831 ], [ 4.1538354, 44.0133998 ], [ 4.1544076, 44.0141841 ], [ 4.1543806, 44.0145759 ], [ 4.1540806, 44.0150984 ], [ 4.1534941, 44.0155114 ], [ 4.1514806, 44.0142608 ], [ 4.1502225, 44.0132885 ], [ 4.1493766, 44.012778 ], [ 4.1481069, 44.0121577 ], [ 4.1471784, 44.0118803 ], [ 4.1453097, 44.0117333 ], [ 4.1441125, 44.0117378 ], [ 4.1393132, 44.0121668 ], [ 4.1374873, 44.0124153 ], [ 4.1368055, 44.0151839 ], [ 4.1377642, 44.0159768 ], [ 4.1387851, 44.016634 ], [ 4.1390348, 44.0166467 ], [ 4.139846, 44.0169821 ], [ 4.1405077, 44.0174487 ], [ 4.1410311, 44.0181102 ], [ 4.1411347, 44.0186717 ], [ 4.141533, 44.0191284 ], [ 4.1416111, 44.0194174 ], [ 4.1419536, 44.0199494 ], [ 4.1423746, 44.0205435 ], [ 4.1432334, 44.0213815 ], [ 4.1438849, 44.0222694 ], [ 4.1444148, 44.0232504 ], [ 4.1446233, 44.0241303 ], [ 4.1447187, 44.025276 ], [ 4.1445365, 44.0262032 ], [ 4.1451278, 44.0278163 ], [ 4.142146, 44.0278043 ], [ 4.142075, 44.0284972 ], [ 4.1418668, 44.0285678 ], [ 4.141604, 44.0296453 ], [ 4.1411943, 44.0302427 ], [ 4.1402686, 44.0310552 ], [ 4.1392273, 44.0318267 ], [ 4.1389267, 44.0319549 ], [ 4.1382085, 44.031911099999988 ], [ 4.1367617, 44.0319954 ], [ 4.1344738, 44.0325718 ], [ 4.1320264, 44.0323442 ], [ 4.1314399, 44.0322108 ], [ 4.1299589, 44.031641 ], [ 4.1275307, 44.0314329 ], [ 4.1265035, 44.0316649 ], [ 4.1254071, 44.0314899 ], [ 4.1241723, 44.0334621 ], [ 4.124181, 44.033777 ], [ 4.1238178, 44.0340256 ], [ 4.1235293, 44.0345182 ], [ 4.1234354, 44.035007899999989 ], [ 4.1180088, 44.036762 ], [ 4.1177658, 44.0367159 ], [ 4.1173103, 44.0367754 ], [ 4.1143292, 44.0382901 ], [ 4.1140476, 44.038563 ], [ 4.114045, 44.0393893 ], [ 4.1138633, 44.0401157 ], [ 4.1131458, 44.0414552 ], [ 4.1131231, 44.0417614 ], [ 4.112915, 44.0420336 ], [ 4.1101832, 44.0479696 ], [ 4.1092647, 44.0502121 ], [ 4.1079339, 44.0511518 ], [ 4.1067875, 44.0517583 ], [ 4.1058565, 44.0520837 ], [ 4.1044492, 44.0548729 ], [ 4.0995663, 44.0542758 ], [ 4.0983914, 44.0542552 ], [ 4.0979108, 44.0539918 ], [ 4.0952976, 44.054396 ], [ 4.0945935, 44.0551645 ], [ 4.0940966, 44.0552253 ], [ 4.0939566, 44.0554697 ], [ 4.0936293, 44.0557169 ], [ 4.0934673, 44.0557932 ], [ 4.092975, 44.0557036 ], [ 4.0926541, 44.0558905 ], [ 4.0917013, 44.0561259 ], [ 4.0913975, 44.0562927 ], [ 4.0894369, 44.0563726 ], [ 4.0888025, 44.0561575 ], [ 4.0883514, 44.0561295 ], [ 4.0862044, 44.0563183 ], [ 4.0846948, 44.0565484 ], [ 4.0832746, 44.0564904 ], [ 4.0823985, 44.056563 ], [ 4.0816977, 44.0567283 ], [ 4.0811516, 44.0570209 ], [ 4.0800973, 44.0586209 ], [ 4.0791947, 44.0596649 ], [ 4.076697, 44.05973 ], [ 4.0745661, 44.0605142 ], [ 4.0735928, 44.0610602 ], [ 4.0721633, 44.0615108 ], [ 4.0715343, 44.0603234 ], [ 4.0713518, 44.0597752 ], [ 4.0712091, 44.0588954 ], [ 4.0712168, 44.0581725 ], [ 4.0702287, 44.0579329 ], [ 4.0700738, 44.057794 ], [ 4.0683191, 44.0570721 ], [ 4.0680642, 44.0568604 ], [ 4.0645003, 44.0583722 ], [ 4.0639913, 44.0586516 ], [ 4.0612424, 44.0560203 ], [ 4.0580722, 44.0520564 ], [ 4.0560799, 44.0486003 ], [ 4.054103, 44.0438768 ], [ 4.0554161, 44.04282 ], [ 4.0554591, 44.0424434 ], [ 4.055128, 44.0410757 ], [ 4.0551812, 44.040513499999989 ], [ 4.0547467, 44.0390812 ], [ 4.0543015, 44.0380819 ], [ 4.0557108, 44.0370395 ], [ 4.0559191, 44.0369673 ], [ 4.0567765, 44.0369797 ], [ 4.0574005, 44.0367855 ], [ 4.0575996, 44.0366243 ], [ 4.0577239, 44.0361947 ], [ 4.0583283, 44.0355525 ], [ 4.0584277, 44.0352617 ], [ 4.0592125, 44.034723 ], [ 4.0585204, 44.0342041 ], [ 4.0583972, 44.0329469 ], [ 4.0577499, 44.0326931 ], [ 4.0587778, 44.031405899999989 ], [ 4.0600022, 44.030295 ], [ 4.0609231, 44.0269567 ], [ 4.0607973, 44.0265007 ], [ 4.0519956, 44.0232139 ], [ 4.0510262, 44.0228695 ], [ 4.0508033, 44.0228897 ], [ 4.0500569, 44.0230021 ], [ 4.0471013, 44.0237172 ], [ 4.0438814, 44.0246553 ], [ 4.0415728, 44.0259068 ], [ 4.0416245, 44.0260026 ], [ 4.040683, 44.0264301 ], [ 4.0398671, 44.0267016 ], [ 4.039173, 44.0272194 ], [ 4.0377224, 44.0279856 ], [ 4.0375455, 44.0282069 ], [ 4.0371652, 44.028287 ], [ 4.0363006, 44.0289703 ], [ 4.0352121, 44.0265972 ], [ 4.0344059, 44.0243123 ], [ 4.0341801, 44.024174 ], [ 4.0332734, 44.0228091 ], [ 4.0325947, 44.0213564 ], [ 4.0325371, 44.0209331 ], [ 4.03121, 44.0180419 ], [ 4.0305807, 44.0171082 ], [ 4.0310307, 44.0137862 ], [ 4.0312728, 44.011172 ], [ 4.0315477, 44.0099642 ], [ 4.0314818, 44.0092141 ], [ 4.0315529, 44.0085258 ], [ 4.031056, 44.0069806 ], [ 4.0310468, 44.0053677 ], [ 4.0309283, 44.0039179 ], [ 4.0307833, 44.0033477 ], [ 4.030944, 44.0026478 ], [ 4.0308935, 44.0019957 ], [ 4.0309777, 44.0017537 ], [ 4.0307081, 44.0017391 ], [ 4.030002, 44.0014488 ], [ 4.0284907, 44.0010291 ], [ 4.0281596, 44.0002339 ], [ 4.027576, 43.9996786 ], [ 4.0263613, 43.9991815 ], [ 4.0240624, 43.9985019 ], [ 4.0230444, 43.9979165 ], [ 4.0249796, 43.9962567 ], [ 4.0251588, 43.9958247 ], [ 4.0254603, 43.9956743 ], [ 4.025821, 43.9956241 ], [ 4.0264947, 43.9951606 ], [ 4.0266587, 43.9946451 ], [ 4.0264345, 43.9939658 ], [ 4.0268455, 43.9935264 ], [ 4.0266673, 43.9933921 ], [ 4.0261922, 43.993321 ], [ 4.0260014, 43.993109399999987 ], [ 4.027841, 43.9922434 ], [ 4.0282799, 43.991765 ], [ 4.0284356, 43.991137 ], [ 4.0289193, 43.9909975 ], [ 4.0291946, 43.990777099999988 ], [ 4.0295135, 43.989865 ], [ 4.0308069, 43.9892777 ], [ 4.0307656, 43.9889955 ], [ 4.0301956, 43.9884932 ], [ 4.0309068, 43.9874982 ], [ 4.0308751, 43.987257299999989 ], [ 4.0309313, 43.9870561 ], [ 4.0311876, 43.9867566 ], [ 4.0313617, 43.9858369 ], [ 4.0315431, 43.985666 ], [ 4.0322043, 43.9853501 ], [ 4.0324461, 43.9845873 ], [ 4.032672, 43.9843314 ], [ 4.0329469, 43.9841578 ], [ 4.0334488, 43.9840675 ], [ 4.0340284, 43.9838568 ], [ 4.0342031, 43.9834537 ], [ 4.0342174, 43.9829361 ], [ 4.0352256, 43.9812767 ], [ 4.0353802, 43.9812105 ], [ 4.0363886, 43.9811424 ], [ 4.0364298, 43.9809413 ], [ 4.0360917, 43.980578199999989 ], [ 4.0361938, 43.9798176 ], [ 4.0363253, 43.9795103 ], [ 4.0377936, 43.9776629 ], [ 4.037686, 43.9771599 ], [ 4.0378502, 43.976936099999989 ], [ 4.0388238, 43.9761933 ], [ 4.0389593, 43.9755583 ], [ 4.0393579, 43.9753412 ], [ 4.0394327, 43.9752037 ], [ 4.0391085, 43.9747865 ], [ 4.0390716, 43.9746086 ], [ 4.0390632, 43.9733225 ], [ 4.0383885, 43.972205699999989 ], [ 4.0383599, 43.9717316 ], [ 4.0386601, 43.9713795 ], [ 4.0390365, 43.9714471 ], [ 4.039368, 43.9716536 ], [ 4.0395401, 43.9716601 ], [ 4.0397725, 43.971625499999988 ], [ 4.0401068, 43.9713676 ], [ 4.0405063, 43.9712027 ], [ 4.0406485, 43.970727 ], [ 4.0410344, 43.970636 ], [ 4.0410075, 43.969846 ], [ 4.0411723, 43.9696581 ], [ 4.0414517, 43.9695322 ], [ 4.0394267, 43.9678998 ], [ 4.0388792, 43.9676053 ], [ 4.0383386, 43.9671388 ], [ 4.0371322, 43.9665842 ], [ 4.0380518, 43.9645242 ], [ 4.0385831, 43.9623627 ], [ 4.0390262, 43.9617212 ], [ 4.0403249, 43.9590708 ], [ 4.0415632, 43.9570798 ], [ 4.0415333, 43.9568083 ], [ 4.0417315, 43.9564032 ], [ 4.0417264, 43.956126 ], [ 4.0420881, 43.9558057 ], [ 4.0457164, 43.9575811 ], [ 4.0479186, 43.95856 ], [ 4.0482638, 43.9589716 ], [ 4.0487359, 43.958895 ], [ 4.0504228, 43.9594288 ], [ 4.052704, 43.9602214 ], [ 4.0533214, 43.9605916 ], [ 4.054309, 43.9602959 ], [ 4.0550965, 43.9613747 ], [ 4.0561381, 43.960965 ], [ 4.0578483, 43.9638205 ], [ 4.0586074, 43.9634972 ], [ 4.0597154, 43.9631733 ], [ 4.0597868, 43.9630601 ], [ 4.0602821, 43.9630238 ], [ 4.0615945, 43.9626384 ], [ 4.062424, 43.9626178 ], [ 4.062406, 43.9622534 ], [ 4.0627081, 43.9610102 ], [ 4.0633593, 43.9609175 ], [ 4.0641345, 43.9605274 ], [ 4.0649988, 43.9605712 ], [ 4.0653931, 43.9604665 ], [ 4.0658836, 43.9601107 ], [ 4.0659079, 43.959674 ], [ 4.0666022, 43.9596231 ], [ 4.0671807, 43.9597732 ], [ 4.067588, 43.9600311 ], [ 4.0690001, 43.9602495 ], [ 4.0684107, 43.9559287 ], [ 4.0680884, 43.955814 ], [ 4.0678155, 43.955613199999988 ], [ 4.0682148, 43.955378 ], [ 4.0684077, 43.9551673 ], [ 4.0681573, 43.9547701 ], [ 4.0682869, 43.9541721 ], [ 4.0679058, 43.9534495 ], [ 4.0681476, 43.9529872 ], [ 4.0680628, 43.9526497 ], [ 4.0681939, 43.9522695 ], [ 4.0682966, 43.9499022 ], [ 4.0687962, 43.9483088 ], [ 4.0700624, 43.9462065 ], [ 4.0691618, 43.9427546 ], [ 4.0689061, 43.9423368 ], [ 4.0690787, 43.9421092 ], [ 4.0686236, 43.9417509 ], [ 4.0684493, 43.9411586 ], [ 4.0684125, 43.9405901 ], [ 4.0686111, 43.9400887 ], [ 4.0691189, 43.9393997 ], [ 4.0693044, 43.9387327 ], [ 4.0692335, 43.9381412 ], [ 4.0690196, 43.9376906 ], [ 4.0692523, 43.9374813 ], [ 4.0693294, 43.9362097 ], [ 4.0694878, 43.9355583 ], [ 4.0694333, 43.9352411 ], [ 4.0677583, 43.9321929 ], [ 4.0670491, 43.9288327 ], [ 4.0685414, 43.9290504 ], [ 4.0700301, 43.9284823 ], [ 4.0706345, 43.9286348 ], [ 4.0713205, 43.9282932 ], [ 4.0715921, 43.9280349 ], [ 4.0734011, 43.9276797 ], [ 4.0737295, 43.9277277 ], [ 4.0745973, 43.9276499 ], [ 4.075508, 43.9279308 ], [ 4.0757883, 43.927937 ], [ 4.077056, 43.9276743 ], [ 4.0774127, 43.9276366 ], [ 4.0777274, 43.9277478 ], [ 4.0782045, 43.9276243 ], [ 4.0783296, 43.9276545 ], [ 4.0786348, 43.9279854 ], [ 4.0789321, 43.9280338 ], [ 4.079797, 43.9273457 ], [ 4.0800597, 43.9272774 ], [ 4.0804946, 43.927292 ], [ 4.0807686, 43.9270985 ], [ 4.0811579, 43.9270713 ], [ 4.081554, 43.9273383 ], [ 4.081913, 43.9273545 ], [ 4.0821718, 43.9272124 ], [ 4.0822556, 43.9269056 ], [ 4.0829122, 43.9264635 ], [ 4.0831922, 43.9259945 ], [ 4.0835316, 43.9257688 ], [ 4.0840759, 43.9257706 ], [ 4.0844075, 43.9259239 ], [ 4.085428, 43.925759 ], [ 4.0856653, 43.925861 ], [ 4.0857803, 43.926080399999989 ], [ 4.0857687, 43.9267132 ], [ 4.0858682, 43.9269012 ], [ 4.0866958, 43.9270037 ], [ 4.0871395, 43.926764399999989 ], [ 4.0874037, 43.9267717 ], [ 4.0875054, 43.9270119 ], [ 4.0874662, 43.9273075 ], [ 4.0869416, 43.9274207 ], [ 4.0868834, 43.9275698 ], [ 4.0872922, 43.9277205 ], [ 4.0877772, 43.9277508 ], [ 4.0879221, 43.9283605 ], [ 4.0886092, 43.9282762 ], [ 4.0892833, 43.9285557 ], [ 4.0902369, 43.9291294 ], [ 4.0906887, 43.9291789 ], [ 4.0907911, 43.9291275 ], [ 4.0909398, 43.9288263 ], [ 4.0912767, 43.9286033 ], [ 4.0926646, 43.9286975 ], [ 4.092973, 43.928608 ], [ 4.092998, 43.9284178 ], [ 4.0932551, 43.9283846 ], [ 4.0938789, 43.9288302 ], [ 4.0943347, 43.9289634 ], [ 4.0959851, 43.9287191 ], [ 4.0963184, 43.9287617 ], [ 4.0972389, 43.9291592 ], [ 4.0976896, 43.9292159 ], [ 4.0985443, 43.9291731 ], [ 4.0981319, 43.929423 ], [ 4.0981305, 43.9298649 ], [ 4.0976123, 43.9304425 ], [ 4.0962695, 43.9314011 ], [ 4.0955537, 43.9322588 ], [ 4.0962608, 43.9327629 ], [ 4.0963603, 43.933211 ], [ 4.0967216, 43.933603399999988 ], [ 4.0970154, 43.9337931 ], [ 4.096755, 43.9347606 ], [ 4.0970471, 43.934924099999989 ], [ 4.0978212, 43.9350838 ], [ 4.0981463, 43.9348312 ], [ 4.099477, 43.9352444 ], [ 4.1000185, 43.9363262 ], [ 4.1011722, 43.9358925 ], [ 4.1018087, 43.9353163 ], [ 4.1021073, 43.9352332 ], [ 4.1012801, 43.939353 ], [ 4.1006138, 43.9418114 ], [ 4.10004, 43.9429972 ], [ 4.1001182, 43.9434986 ], [ 4.1006971, 43.9444495 ], [ 4.1009114, 43.9454239 ], [ 4.1008105, 43.9466508 ], [ 4.1005215, 43.9474233 ], [ 4.1041499, 43.9458539 ], [ 4.1052549, 43.9455331 ], [ 4.1076569, 43.9446492 ], [ 4.1133384, 43.9424719 ], [ 4.1139969, 43.9421294 ], [ 4.1150024, 43.9418897 ], [ 4.1167306, 43.9411511 ], [ 4.1168645, 43.9409904 ], [ 4.1173155, 43.9409336 ], [ 4.1173487, 43.9401475 ], [ 4.1174622, 43.9398979 ], [ 4.1175547, 43.9403605 ], [ 4.1177145, 43.9405056 ], [ 4.1185653, 43.9408281 ], [ 4.1197858, 43.9410721 ], [ 4.119945, 43.9411848 ], [ 4.1200108, 43.9412993 ], [ 4.119909, 43.9420177 ], [ 4.1199659, 43.9423753 ], [ 4.1201282, 43.9425834 ], [ 4.1213788, 43.9434085 ], [ 4.1219196, 43.9434786 ], [ 4.1222615, 43.9436983 ], [ 4.1228986, 43.9444235 ], [ 4.1232553, 43.9455845 ], [ 4.1242958, 43.9462983 ], [ 4.1253544, 43.9468526 ], [ 4.1258964, 43.9470469 ], [ 4.1265185, 43.9475724 ], [ 4.1271474, 43.9478755 ], [ 4.1292423, 43.948483 ], [ 4.130594, 43.9485474 ], [ 4.131518, 43.9498438 ], [ 4.1318369, 43.9500979 ], [ 4.1322649, 43.9501925 ], [ 4.1338945, 43.9502602 ], [ 4.134951, 43.9506371 ], [ 4.1353454, 43.9509211 ], [ 4.1355806, 43.9512849 ], [ 4.1417415, 43.9542792 ], [ 4.1423294, 43.9547077 ], [ 4.1432491, 43.9557098 ], [ 4.1440051, 43.9568171 ], [ 4.1442593, 43.9588648 ], [ 4.144449, 43.9588799 ], [ 4.1448908, 43.9692827 ] ] ] ] } },
{ "type": "Feature", "properties": { "code_departement": 30.0, "code_rne": "0301816L", "multisecteur": 0.0 }, "geometry": { "type": "MultiPolygon", "coordinates": [ [ [ [ 4.1634574, 43.6940665 ], [ 4.164375, 43.6925349 ], [ 4.16436, 43.6917332 ], [ 4.1642307, 43.6912288 ], [ 4.1637899, 43.690348 ], [ 4.1632529, 43.6896149 ], [ 4.1629587, 43.6888064 ], [ 4.1628018, 43.6878595 ], [ 4.16297, 43.6872854 ], [ 4.1632412, 43.6868397 ], [ 4.1638951, 43.686372899999988 ], [ 4.1672122, 43.6844133 ], [ 4.1684858, 43.6828365 ], [ 4.1695622, 43.6819889 ], [ 4.1706343, 43.6812962 ], [ 4.1714515, 43.6808743 ], [ 4.1719237, 43.68044 ], [ 4.1728455, 43.6792511 ], [ 4.1733677, 43.6784113 ], [ 4.1738049, 43.677480599999988 ], [ 4.1744302, 43.6769537 ], [ 4.1749796, 43.6767192 ], [ 4.1752577, 43.6766775 ], [ 4.1770096, 43.6766117 ], [ 4.1779213, 43.6764525 ], [ 4.178335, 43.6763112 ], [ 4.1790456, 43.6757735 ], [ 4.1793034, 43.6753495 ], [ 4.1792457, 43.6747724 ], [ 4.1789475, 43.6743221 ], [ 4.1775736, 43.6729835 ], [ 4.1773934, 43.6726642 ], [ 4.1774091, 43.6722779 ], [ 4.1775888, 43.6720951 ], [ 4.1780409, 43.6718949 ], [ 4.1801016, 43.6715396 ], [ 4.1806449, 43.671253 ], [ 4.1808031, 43.6706888 ], [ 4.1806952, 43.6688812 ], [ 4.1808086, 43.6683661 ], [ 4.1811223, 43.667829 ], [ 4.1814235, 43.6675243 ], [ 4.181753, 43.6673317 ], [ 4.1827515, 43.6669411 ], [ 4.1839239, 43.6668015 ], [ 4.1846211, 43.6664681 ], [ 4.1850727, 43.6658837 ], [ 4.1856888, 43.6652866 ], [ 4.1863213, 43.664342 ], [ 4.1865916, 43.663443699999988 ], [ 4.1865523, 43.6625631 ], [ 4.1867123, 43.6619683 ], [ 4.1872537, 43.6606413 ], [ 4.1877101, 43.6599353 ], [ 4.1888155, 43.6590234 ], [ 4.1892697, 43.6581554 ], [ 4.1904146, 43.6566445 ], [ 4.1915277, 43.655575 ], [ 4.1925371, 43.6550032 ], [ 4.1939071, 43.6546031 ], [ 4.194419, 43.6543095 ], [ 4.1945463, 43.6539337 ], [ 4.1944113, 43.653227 ], [ 4.193712, 43.6517246 ], [ 4.1944834, 43.6514516 ], [ 4.1950493, 43.6509522 ], [ 4.1957298, 43.6498892 ], [ 4.1970095, 43.6490913 ], [ 4.19755, 43.6483852 ], [ 4.1977318, 43.6479557 ], [ 4.1979134, 43.6478098 ], [ 4.1978247, 43.6476533 ], [ 4.1982091, 43.6475473 ], [ 4.1986776, 43.6471939 ], [ 4.1996553, 43.64731 ], [ 4.2019923, 43.6468819 ], [ 4.2024146, 43.646754 ], [ 4.2033465, 43.646279299999989 ], [ 4.2042118, 43.6460574 ], [ 4.2050048, 43.6459928 ], [ 4.2051948, 43.6458926 ], [ 4.2082226, 43.6431494 ], [ 4.2085009, 43.643005 ], [ 4.2087998, 43.642957599999988 ], [ 4.2111866, 43.6407974 ], [ 4.2118144, 43.6400138 ], [ 4.2152338, 43.6371239 ], [ 4.2224101, 43.6308333 ], [ 4.2251396, 43.628173 ], [ 4.2289448, 43.625201 ], [ 4.2304429, 43.624123 ], [ 4.2307799, 43.6245854 ], [ 4.2329834, 43.6257824 ], [ 4.2340042, 43.6262451 ], [ 4.2342196, 43.626239 ], [ 4.2355612, 43.6285356 ], [ 4.2365067, 43.6296371 ], [ 4.2392833, 43.6319425 ], [ 4.2392052, 43.634121199999989 ], [ 4.2363145, 43.6394005 ], [ 4.2352865, 43.6437335 ], [ 4.2349748, 43.6444525 ], [ 4.2343406, 43.6450968 ], [ 4.230764, 43.647918 ], [ 4.2290192, 43.6487918 ], [ 4.228833, 43.649179 ], [ 4.2286426, 43.6500136 ], [ 4.2287905, 43.651881 ], [ 4.2285881, 43.6527877 ], [ 4.2284741, 43.6543494 ], [ 4.2281964, 43.6551022 ], [ 4.2266427, 43.6569789 ], [ 4.2253687, 43.657857199999988 ], [ 4.224737, 43.6583998 ], [ 4.2237823, 43.6587939 ], [ 4.2237584, 43.6588922 ], [ 4.2239077, 43.6589203 ], [ 4.2238033, 43.6593696 ], [ 4.2238833, 43.6597494 ], [ 4.2243169, 43.6607866 ], [ 4.2245832, 43.6610067 ], [ 4.2228712, 43.6731415 ], [ 4.2235218, 43.6751617 ], [ 4.2236676, 43.676123 ], [ 4.2241043, 43.6774122 ], [ 4.223738, 43.677563 ], [ 4.2230998, 43.677985899999989 ], [ 4.224069, 43.6786653 ], [ 4.224436, 43.6788357 ], [ 4.2250087, 43.6797571 ], [ 4.2250153, 43.6801845 ], [ 4.224636, 43.6819877 ], [ 4.2250311, 43.6835914 ], [ 4.2250245, 43.6847326 ], [ 4.2248459, 43.6853654 ], [ 4.2246498, 43.685706 ], [ 4.2241046, 43.686253 ], [ 4.2235723, 43.6865299 ], [ 4.223135, 43.6869559 ], [ 4.2230821, 43.6872652 ], [ 4.2231897, 43.6872514 ], [ 4.2231962, 43.6876725 ], [ 4.2230818, 43.6878925 ], [ 4.222491, 43.6881016 ], [ 4.2219873, 43.68873 ], [ 4.2214165, 43.6888309 ], [ 4.2197234, 43.6895203 ], [ 4.2182935, 43.690511 ], [ 4.2178214, 43.6911705 ], [ 4.216667, 43.6924667 ], [ 4.2161802, 43.6937825 ], [ 4.2152545, 43.695634 ], [ 4.2154969, 43.6963603 ], [ 4.2149856, 43.6972236 ], [ 4.2150972, 43.6985678 ], [ 4.2152142, 43.6991712 ], [ 4.21594, 43.7009918 ], [ 4.2163272, 43.701702 ], [ 4.2161728, 43.7021402 ], [ 4.2162175, 43.702551 ], [ 4.2160993, 43.7028852 ], [ 4.2162602, 43.7032749 ], [ 4.2159143, 43.7041643 ], [ 4.2161405, 43.7045308 ], [ 4.2157955, 43.7047038 ], [ 4.215555, 43.7050017 ], [ 4.2149494, 43.7048132 ], [ 4.2147298, 43.7054555 ], [ 4.215124, 43.7080159 ], [ 4.2150635, 43.708615 ], [ 4.215186, 43.7091851 ], [ 4.2158837, 43.7092637 ], [ 4.2166182, 43.7097937 ], [ 4.2169081, 43.7101243 ], [ 4.2199325, 43.7158221 ], [ 4.2213024, 43.7174582 ], [ 4.2215397, 43.7182871 ], [ 4.2222274, 43.7196347 ], [ 4.2225814, 43.7207016 ], [ 4.2226779, 43.7217886 ], [ 4.2223595, 43.723152 ], [ 4.2222754, 43.7232807 ], [ 4.2183953, 43.7229984 ], [ 4.2177625, 43.7230631 ], [ 4.217537, 43.7226111 ], [ 4.216838, 43.7225335 ], [ 4.2165255, 43.722312 ], [ 4.2163312, 43.722801 ], [ 4.2161255, 43.722932 ], [ 4.2159444, 43.7239303 ], [ 4.2145293, 43.7236149 ], [ 4.2135902, 43.723509299999989 ], [ 4.213236, 43.7233683 ], [ 4.2130074, 43.7235895 ], [ 4.2124722, 43.7232814 ], [ 4.2119443, 43.7231361 ], [ 4.2095057, 43.722716 ], [ 4.2084875, 43.7251553 ], [ 4.2077891, 43.7272833 ], [ 4.2071068, 43.728414 ], [ 4.2068041, 43.7291868 ], [ 4.2061289, 43.7295372 ], [ 4.2020243, 43.7312259 ], [ 4.1970088, 43.7291933 ], [ 4.1953338, 43.7301629 ], [ 4.1944053, 43.7304503 ], [ 4.1934093, 43.731192 ], [ 4.1937695, 43.731683 ], [ 4.1921824, 43.7327704 ], [ 4.192702, 43.7332228 ], [ 4.1922441, 43.7337075 ], [ 4.1928049, 43.7341126 ], [ 4.1927269, 43.7342431 ], [ 4.1930132, 43.7343425 ], [ 4.1928982, 43.7346021 ], [ 4.1930966, 43.7347106 ], [ 4.1928068, 43.7351565 ], [ 4.1925038, 43.7375348 ], [ 4.192718, 43.7375658 ], [ 4.1926801, 43.7377165 ], [ 4.1928369, 43.737854299999988 ], [ 4.1928745, 43.7382894 ], [ 4.1927834, 43.7385604 ], [ 4.1922889, 43.7387197 ], [ 4.1927422, 43.739981 ], [ 4.1931204, 43.7399003 ], [ 4.1933946, 43.7409098 ], [ 4.1936844, 43.7408751 ], [ 4.1938805, 43.7421833 ], [ 4.1936189, 43.7422023 ], [ 4.193637, 43.7430076 ], [ 4.1947891, 43.7428969 ], [ 4.1955845, 43.74324 ], [ 4.196121, 43.7433718 ], [ 4.1970746, 43.7434999 ], [ 4.1981266, 43.7434695 ], [ 4.1983734, 43.7435793 ], [ 4.1985765, 43.7438488 ], [ 4.1983872, 43.7444737 ], [ 4.1980437, 43.7449652 ], [ 4.1978291, 43.7455057 ], [ 4.1974073, 43.7459334 ], [ 4.1968541, 43.7468493 ], [ 4.1965769, 43.7470062 ], [ 4.1965915, 43.747349899999989 ], [ 4.1977189, 43.7493165 ], [ 4.1980984, 43.7492988 ], [ 4.1981739, 43.7513049 ], [ 4.1996702, 43.7513757 ], [ 4.1996841, 43.751803 ], [ 4.2005084, 43.7519181 ], [ 4.2002298, 43.7527807 ], [ 4.1991835, 43.7525609 ], [ 4.199118, 43.7531691 ], [ 4.1989077, 43.7531453 ], [ 4.1988159, 43.7536206 ], [ 4.1974677, 43.7544013 ], [ 4.1964531, 43.7549245 ], [ 4.1961947, 43.754976 ], [ 4.1955638, 43.7553816 ], [ 4.1952768, 43.755733 ], [ 4.1953114, 43.7560224 ], [ 4.1945059, 43.7566909 ], [ 4.1941953, 43.7568563 ], [ 4.1937606, 43.75733 ], [ 4.1906261, 43.7589725 ], [ 4.1901921, 43.7594749 ], [ 4.1857918, 43.7622453 ], [ 4.1857728, 43.7624066 ], [ 4.1853825, 43.7623874 ], [ 4.1851055, 43.7625029 ], [ 4.1835256, 43.762665899999988 ], [ 4.181045, 43.7623841 ], [ 4.1798707, 43.7624041 ], [ 4.1779695, 43.7619153 ], [ 4.1766496, 43.7618584 ], [ 4.1762454, 43.7620104 ], [ 4.1754945, 43.7606965 ], [ 4.175106, 43.7602219 ], [ 4.1741702, 43.759518299999989 ], [ 4.1734004, 43.7591549 ], [ 4.1726186, 43.7579655 ], [ 4.1722967, 43.757708 ], [ 4.1716923, 43.7574193 ], [ 4.1717848, 43.7561133 ], [ 4.1712909, 43.755095399999988 ], [ 4.1714301, 43.7544378 ], [ 4.1715711, 43.7542878 ], [ 4.1718976, 43.754467 ], [ 4.1721173, 43.7540399 ], [ 4.1724431, 43.7540643 ], [ 4.172785, 43.7534234 ], [ 4.1718036, 43.7529714 ], [ 4.1718552, 43.7522752 ], [ 4.1717015, 43.7514381 ], [ 4.1710675, 43.7513387 ], [ 4.171128, 43.7498666 ], [ 4.17087, 43.7498766 ], [ 4.1708827, 43.7495291 ], [ 4.1698037, 43.7478785 ], [ 4.1697341, 43.7475714 ], [ 4.1690704, 43.7464392 ], [ 4.1666303, 43.7443919 ], [ 4.1664727, 43.7431157 ], [ 4.1657899, 43.7400046 ], [ 4.1658928, 43.7396301 ], [ 4.1658467, 43.739258 ], [ 4.1660294, 43.7366489 ], [ 4.1654803, 43.7363794 ], [ 4.1658809, 43.7358774 ], [ 4.166951, 43.7340598 ], [ 4.1668797, 43.733426099999988 ], [ 4.1669891, 43.7331279 ], [ 4.164976, 43.7327013 ], [ 4.1641263, 43.7324179 ], [ 4.1637406, 43.7323734 ], [ 4.1633815, 43.7324727 ], [ 4.1631833, 43.7324334 ], [ 4.1625194, 43.7321894 ], [ 4.1619522, 43.731882299999988 ], [ 4.1614664, 43.7321646 ], [ 4.1585314, 43.7317405 ], [ 4.1579091, 43.732333 ], [ 4.1574361, 43.7325072 ], [ 4.1572703, 43.7328402 ], [ 4.1550955, 43.7345435 ], [ 4.153193, 43.7341838 ], [ 4.1522531, 43.7337942 ], [ 4.1519774, 43.7337827 ], [ 4.151633, 43.7338773 ], [ 4.1492542, 43.733465 ], [ 4.1450244, 43.732283 ], [ 4.1449572, 43.732150499999989 ], [ 4.1450887, 43.7309675 ], [ 4.1457877, 43.7283161 ], [ 4.1460421, 43.7267656 ], [ 4.1463659, 43.726017 ], [ 4.146899, 43.7254984 ], [ 4.1479529, 43.7247701 ], [ 4.1502733, 43.7235307 ], [ 4.150709, 43.7231031 ], [ 4.1511498, 43.7223776 ], [ 4.1512644, 43.7219039 ], [ 4.1513017, 43.720735399999988 ], [ 4.1512353, 43.718606 ], [ 4.1514568, 43.7179593 ], [ 4.1522439, 43.7167495 ], [ 4.1532853, 43.7153517 ], [ 4.1537719, 43.7148705 ], [ 4.1552041, 43.7136611 ], [ 4.1574903, 43.7122302 ], [ 4.1587362, 43.7112622 ], [ 4.159467, 43.710592 ], [ 4.1618609, 43.7080575 ], [ 4.1632869, 43.7071711 ], [ 4.1636426, 43.7066661 ], [ 4.1634093, 43.7030005 ], [ 4.1635409, 43.7023952 ], [ 4.1638902, 43.7019424 ], [ 4.1662566, 43.7000336 ], [ 4.1664916, 43.6996954 ], [ 4.1666129, 43.6984675 ], [ 4.1663973, 43.6978065 ], [ 4.1660556, 43.6972883 ], [ 4.1642092, 43.6956666 ], [ 4.1641347, 43.6951121 ], [ 4.1634973, 43.6943216 ], [ 4.1634574, 43.6940665 ] ] ] ] } },
{ "type": "Feature", "properties": { "code_departement": 30.0, "code_rne": "0301827Y", "multisecteur": 0.0 }, "geometry": { "type": "MultiPolygon", "coordinates": [ [ [ [ 4.4709356, 43.777288 ], [ 4.4685314, 43.7745556 ], [ 4.4665405, 43.7725267 ], [ 4.4662778, 43.7719209 ], [ 4.4635148, 43.767665 ], [ 4.4568935, 43.7647684 ], [ 4.45574, 43.7641421 ], [ 4.4559563, 43.7613204 ], [ 4.4556183, 43.759356499999988 ], [ 4.455425, 43.7570803 ], [ 4.4551652, 43.7568219 ], [ 4.4551235, 43.7560133 ], [ 4.4532661, 43.750054 ], [ 4.4482576, 43.7482874 ], [ 4.4412955, 43.7460289 ], [ 4.443063, 43.7399584 ], [ 4.4459574, 43.7330647 ], [ 4.4460895, 43.7278772 ], [ 4.4462453, 43.7257899 ], [ 4.4466547, 43.7241131 ], [ 4.4468163, 43.7220122 ], [ 4.4473961, 43.7214843 ], [ 4.4482329, 43.7212554 ], [ 4.4487226, 43.7212381 ], [ 4.4496029, 43.7207188 ], [ 4.4501518, 43.7189187 ], [ 4.4514756, 43.7163172 ], [ 4.4526237, 43.7153029 ], [ 4.4543204, 43.714054399999988 ], [ 4.4543981, 43.7138401 ], [ 4.4565051, 43.7121875 ], [ 4.4565556, 43.7122705 ], [ 4.4578592, 43.7113782 ], [ 4.4623005, 43.7096096 ], [ 4.4638712, 43.7088334 ], [ 4.4656256, 43.7136373 ], [ 4.4671111, 43.7186851 ], [ 4.4678492, 43.7202736 ], [ 4.4765898, 43.7337831 ], [ 4.4776377, 43.7348039 ], [ 4.4781551, 43.7351353 ], [ 4.479052, 43.7355443 ], [ 4.4795112, 43.7349684 ], [ 4.4797054, 43.7348451 ], [ 4.4801721, 43.734702 ], [ 4.4809406, 43.7348527 ], [ 4.4856836, 43.7272109 ], [ 4.4901607, 43.7286626 ], [ 4.4933994, 43.7240706 ], [ 4.4945286, 43.7245906 ], [ 4.4960937, 43.725119 ], [ 4.4962667, 43.7252813 ], [ 4.4968594, 43.7253568 ], [ 4.4970907, 43.7250414 ], [ 4.5053864, 43.726817 ], [ 4.5109693, 43.7271194 ], [ 4.5139357, 43.7263321 ], [ 4.5163297, 43.7263312 ], [ 4.5176117, 43.726379 ], [ 4.525529, 43.7271432 ], [ 4.5279663, 43.727648099999989 ], [ 4.5320021, 43.7296821 ], [ 4.5327145, 43.7299583 ], [ 4.5329323, 43.7299346 ], [ 4.534274, 43.7308634 ], [ 4.5325941, 43.7317672 ], [ 4.5323451, 43.7319714 ], [ 4.5326639, 43.7326582 ], [ 4.5340146, 43.7346138 ], [ 4.5354486, 43.7356925 ], [ 4.5363594, 43.7365131 ], [ 4.5443007, 43.7425731 ], [ 4.54879, 43.7598366 ], [ 4.5521383, 43.7625521 ], [ 4.5513688, 43.7633929 ], [ 4.5521612, 43.763900899999989 ], [ 4.5508937, 43.7651547 ], [ 4.5387962, 43.7701396 ], [ 4.5383991, 43.7704288 ], [ 4.5365853, 43.7724929 ], [ 4.5292826, 43.7760941 ], [ 4.5291335, 43.7764166 ], [ 4.5309913, 43.780672 ], [ 4.5270743, 43.784293 ], [ 4.527301, 43.7877594 ], [ 4.526501, 43.7875744 ], [ 4.5215362, 43.7860274 ], [ 4.519914, 43.7857566 ], [ 4.5193155, 43.7855832 ], [ 4.5121658, 43.7841732 ], [ 4.5072192, 43.7834758 ], [ 4.5042965, 43.7831139 ], [ 4.5001314, 43.7834548 ], [ 4.4990015, 43.7834785 ], [ 4.4971846, 43.7831191 ], [ 4.4961488, 43.7831784 ], [ 4.4958833, 43.7830947 ], [ 4.4824612, 43.7818318 ], [ 4.4769559, 43.7807356 ], [ 4.4709356, 43.777288 ] ] ] ] } },
{ "type": "Feature", "properties": { "code_departement": 30.0, "code_rne": "0341424N", "multisecteur": 0.0 }, "geometry": { "type": "MultiPolygon", "coordinates": [ [ [ [ 3.6897753, 43.9393665 ], [ 3.689867, 43.9401499 ], [ 3.6896589, 43.9409702 ], [ 3.6893615, 43.9416101 ], [ 3.6883871, 43.9428214 ], [ 3.688431, 43.9433602 ], [ 3.6887719, 43.9440501 ], [ 3.6887636, 43.9444921 ], [ 3.6885376, 43.9448679 ], [ 3.6880565, 43.9451491 ], [ 3.6870158, 43.9452024 ], [ 3.6861052, 43.945407 ], [ 3.6846125, 43.9459978 ], [ 3.6833235, 43.9460193 ], [ 3.6830079, 43.9462931 ], [ 3.6827254, 43.9468358 ], [ 3.6827438, 43.9471228 ], [ 3.6836324, 43.9488182 ], [ 3.6839696, 43.9497206 ], [ 3.684571, 43.951461 ], [ 3.6848666, 43.9526328 ], [ 3.6855611, 43.9538245 ], [ 3.6901343, 43.9515394 ], [ 3.6903845, 43.9516261 ], [ 3.6924721, 43.9530385 ], [ 3.6946193, 43.9543244 ], [ 3.6956373, 43.9552558 ], [ 3.696713, 43.9560067 ], [ 3.6986635, 43.9568817 ], [ 3.6993596, 43.9576647 ], [ 3.6993416, 43.9578241 ], [ 3.6994953, 43.9580589 ], [ 3.6993651, 43.9582155 ], [ 3.6996323, 43.9583623 ], [ 3.7004042, 43.959431 ], [ 3.7010428, 43.9600974 ], [ 3.7021233, 43.9610283 ], [ 3.703131, 43.9615105 ], [ 3.7047628, 43.9620742 ], [ 3.7051365, 43.9620691 ], [ 3.7087857, 43.9606388 ], [ 3.7113112, 43.959528 ], [ 3.7120563, 43.9594287 ], [ 3.7130522, 43.9594609 ], [ 3.7137432, 43.9597219 ], [ 3.7140605, 43.959988 ], [ 3.7141334, 43.9604366 ], [ 3.7143303, 43.9608385 ], [ 3.7146465, 43.9610147 ], [ 3.7151979, 43.9610642 ], [ 3.7162068, 43.960936 ], [ 3.7166832, 43.9607736 ], [ 3.7175987, 43.9612428 ], [ 3.7186864, 43.9619305 ], [ 3.7191935, 43.9621306 ], [ 3.7205693, 43.9638252 ], [ 3.7228573, 43.9654148 ], [ 3.7244703, 43.9659496 ], [ 3.7246857, 43.9668175 ], [ 3.7250608, 43.967212 ], [ 3.7259632, 43.9677226 ], [ 3.7266544, 43.9679835 ], [ 3.7269718, 43.9682487 ], [ 3.7269915, 43.9690127 ], [ 3.7268416, 43.9705437 ], [ 3.730036, 43.9713567 ], [ 3.7314185, 43.9718785 ], [ 3.7321692, 43.972013 ], [ 3.7324754, 43.9717841 ], [ 3.7334661, 43.9715921 ], [ 3.7343311, 43.9713108 ], [ 3.7352518, 43.9708042 ], [ 3.7361789, 43.9700285 ], [ 3.7370856, 43.9689289 ], [ 3.73733, 43.9687454 ], [ 3.740416, 43.9676355 ], [ 3.7437634, 43.9666039 ], [ 3.7447322, 43.9679851 ], [ 3.745115, 43.9683848 ], [ 3.7453043, 43.9684717 ], [ 3.7471653, 43.9682232 ], [ 3.7496438, 43.967741 ], [ 3.7497363, 43.9689994 ], [ 3.7499366, 43.9695363 ], [ 3.7509014, 43.9707915 ], [ 3.7518142, 43.972443 ], [ 3.7521336, 43.9727532 ], [ 3.7538048, 43.9723717 ], [ 3.7535985, 43.9715658 ], [ 3.7544293, 43.9699365 ], [ 3.755155, 43.9691179 ], [ 3.7561441, 43.9683406 ], [ 3.757315, 43.967830299999989 ], [ 3.758989, 43.9675838 ], [ 3.7604853, 43.9676544 ], [ 3.7612914, 43.9675534 ], [ 3.7639103, 43.9676989 ], [ 3.7676733, 43.9683242 ], [ 3.7680503, 43.9684628 ], [ 3.7684949, 43.968817 ], [ 3.768997, 43.9689899 ], [ 3.7695564, 43.9689832 ], [ 3.7698673, 43.9689342 ], [ 3.7726423, 43.9679084 ], [ 3.7760557, 43.9670086 ], [ 3.7769803, 43.9666375 ], [ 3.7796193, 43.9651634 ], [ 3.7805514, 43.9675337 ], [ 3.7815331, 43.967694 ], [ 3.7821614, 43.9676239 ], [ 3.7827229, 43.9676747 ], [ 3.7836083, 43.967537 ], [ 3.7845122, 43.9671183 ], [ 3.7851957, 43.9669847 ], [ 3.7876893, 43.9668084 ], [ 3.7885086, 43.9666728 ], [ 3.7900018, 43.9666081 ], [ 3.7913006, 43.9662756 ], [ 3.7932753, 43.9656204 ], [ 3.7937718, 43.9655682 ], [ 3.7946502, 43.9658265 ], [ 3.796111, 43.9664809 ], [ 3.796486, 43.9665664 ], [ 3.8002628, 43.9657513 ], [ 3.8010714, 43.96574 ], [ 3.8023192, 43.9658676 ], [ 3.8038892, 43.9663853 ], [ 3.8043963, 43.9667389 ], [ 3.804974, 43.9674052 ], [ 3.8069679, 43.9692652 ], [ 3.806473, 43.9694255 ], [ 3.8058429, 43.9698135 ], [ 3.8038276, 43.9702424 ], [ 3.8027392, 43.9706464 ], [ 3.8021326, 43.9707588 ], [ 3.8018619, 43.9710083 ], [ 3.8012696, 43.9712503 ], [ 3.7997752, 43.9722989 ], [ 3.7991074, 43.9724901 ], [ 3.7983299, 43.9725894 ], [ 3.7962759, 43.9734738 ], [ 3.7940303, 43.9741103 ], [ 3.7928177, 43.9747401 ], [ 3.7924251, 43.9751866 ], [ 3.7919115, 43.9754505 ], [ 3.791618, 43.9754976 ], [ 3.7906131, 43.9753797 ], [ 3.7900066, 43.9755011 ], [ 3.7895271, 43.9758862 ], [ 3.7890471, 43.9761444 ], [ 3.7890095, 43.976760299999988 ], [ 3.7896029, 43.977485 ], [ 3.7896495, 43.9788698 ], [ 3.7898292, 43.979251 ], [ 3.7906896, 43.9804472 ], [ 3.7909094, 43.9810172 ], [ 3.7909038, 43.9817822 ], [ 3.791323, 43.982258 ], [ 3.7912916, 43.982782 ], [ 3.7920105, 43.9833844 ], [ 3.7928823, 43.9839595 ], [ 3.7933983, 43.9844921 ], [ 3.793756, 43.9851169 ], [ 3.7939141, 43.9858186 ], [ 3.7942238, 43.9862133 ], [ 3.7945111, 43.9873299 ], [ 3.7951145, 43.9877783 ], [ 3.7968734, 43.9884063 ], [ 3.7974792, 43.9889383 ], [ 3.7979302, 43.9895389 ], [ 3.7980995, 43.9900534 ], [ 3.7981865, 43.9910194 ], [ 3.7980261, 43.9915786 ], [ 3.7980505, 43.9925226 ], [ 3.7978169, 43.9931102 ], [ 3.7977173, 43.9941009 ], [ 3.7965986, 43.9941604 ], [ 3.7965369, 43.9942068 ], [ 3.796608, 43.9945653 ], [ 3.7974811, 43.9945986 ], [ 3.7979772, 43.9945014 ], [ 3.7990641, 43.9940407 ], [ 3.7992886, 43.9940463 ], [ 3.8011497, 43.9927816 ], [ 3.8020587, 43.9934131 ], [ 3.8050369, 43.9949014 ], [ 3.8053562, 43.9951754 ], [ 3.8067949, 43.9983482 ], [ 3.8074479, 43.999464 ], [ 3.809275, 44.0002929 ], [ 3.8101729, 44.0008299 ], [ 3.8111307, 44.0017156 ], [ 3.8111296, 44.0021656 ], [ 3.8102796, 44.0029865 ], [ 3.8102293, 44.0034819 ], [ 3.8104846, 44.005209 ], [ 3.810094, 44.0053622 ], [ 3.8085767, 44.0056488 ], [ 3.8083033, 44.0051009 ], [ 3.8081103, 44.0050321 ], [ 3.8078253, 44.0050693 ], [ 3.8066056, 44.0058479 ], [ 3.806361, 44.0064527 ], [ 3.804884, 44.0068578 ], [ 3.8044183, 44.0068153 ], [ 3.8041091, 44.0069049 ], [ 3.803478, 44.006896 ], [ 3.8030364, 44.0072386 ], [ 3.8015308, 44.007921 ], [ 3.8008563, 44.0080151 ], [ 3.8007006, 44.0088254 ], [ 3.8007502, 44.0107583 ], [ 3.800587, 44.0116595 ], [ 3.8003433, 44.0118872 ], [ 3.7998994, 44.0120732 ], [ 3.7978558, 44.012549799999988 ], [ 3.7951339, 44.0133059 ], [ 3.7941477, 44.0136794 ], [ 3.7910721, 44.0157429 ], [ 3.7899648, 44.0162973 ], [ 3.7884223, 44.0168574 ], [ 3.7866472, 44.0180952 ], [ 3.7864052, 44.0183678 ], [ 3.7861751, 44.0191354 ], [ 3.7862486, 44.019584 ], [ 3.7867567, 44.0204318 ], [ 3.7873348, 44.021107199999989 ], [ 3.7877345, 44.0221357 ], [ 3.7883836, 44.0231616 ], [ 3.7884615, 44.0237452 ], [ 3.7882735, 44.0250345 ], [ 3.7883376, 44.0251583 ], [ 3.7882519, 44.0255432 ], [ 3.788099, 44.0257648 ], [ 3.7880811, 44.0260953 ], [ 3.7892297, 44.0269717 ], [ 3.7899388, 44.0279153 ], [ 3.7915833, 44.0288376 ], [ 3.7901752, 44.029846 ], [ 3.7899338, 44.0301636 ], [ 3.7899475, 44.0307027 ], [ 3.7902207, 44.0315989 ], [ 3.7884893, 44.0327851 ], [ 3.7877386, 44.0326303 ], [ 3.787373, 44.0328012 ], [ 3.7870834, 44.0327907 ], [ 3.7867817, 44.0330773 ], [ 3.7866655, 44.0333364 ], [ 3.7864423, 44.033528 ], [ 3.7863066, 44.0335442 ], [ 3.7861314, 44.0337759 ], [ 3.7856323, 44.0340477 ], [ 3.7853631, 44.0340667 ], [ 3.785152, 44.0343158 ], [ 3.7826421, 44.0355209 ], [ 3.7819679, 44.0359344 ], [ 3.7817869, 44.0362066 ], [ 3.7817993, 44.0366565 ], [ 3.7820013, 44.0377324 ], [ 3.7821047, 44.039359 ], [ 3.7821727, 44.0395826 ], [ 3.7826884, 44.0402504 ], [ 3.7827051, 44.0409244 ], [ 3.7824249, 44.0421424 ], [ 3.782333, 44.043447199999989 ], [ 3.77962, 44.0446069 ], [ 3.7792407, 44.0448824 ], [ 3.7787596, 44.0455626 ], [ 3.7783927, 44.0458371 ], [ 3.7775268, 44.0461186 ], [ 3.7761007, 44.0464069 ], [ 3.7752366, 44.0467334 ], [ 3.7743682, 44.046925 ], [ 3.7723336, 44.0478061 ], [ 3.771968, 44.0481705 ], [ 3.7710205, 44.0497145 ], [ 3.7708061, 44.0498276 ], [ 3.7706063, 44.0501845 ], [ 3.770704, 44.0503989 ], [ 3.7703123, 44.0508661 ], [ 3.7702521, 44.0512167 ], [ 3.7700846, 44.0513772 ], [ 3.7701269, 44.0516469 ], [ 3.7699857, 44.0523751 ], [ 3.7700756, 44.0526553 ], [ 3.770217, 44.0527758 ], [ 3.770338, 44.0532313 ], [ 3.7701396, 44.0536908 ], [ 3.7696011, 44.0543886 ], [ 3.7695695, 44.0547263 ], [ 3.7694269, 44.054982 ], [ 3.7692133, 44.0551509 ], [ 3.7691525, 44.0557328 ], [ 3.769284, 44.0560451 ], [ 3.7691065, 44.0563956 ], [ 3.769101, 44.0569105 ], [ 3.7689659, 44.0573461 ], [ 3.7678837, 44.0580792 ], [ 3.7676344, 44.0584761 ], [ 3.7669202, 44.0591084 ], [ 3.764916, 44.0603366 ], [ 3.7646637, 44.0604185 ], [ 3.7626902, 44.0619867 ], [ 3.7610591, 44.0649988 ], [ 3.7602295, 44.0655014 ], [ 3.7583816, 44.0658446 ], [ 3.7557243, 44.0661509 ], [ 3.753991, 44.0666687 ], [ 3.7536803, 44.0666727 ], [ 3.7533445, 44.0657326 ], [ 3.7517924, 44.0659773 ], [ 3.7506086, 44.0660376 ], [ 3.748914, 44.06561 ], [ 3.7465136, 44.0643735 ], [ 3.7463209, 44.0641507 ], [ 3.745697, 44.0615961 ], [ 3.7451034, 44.0603004 ], [ 3.7445274, 44.0596779 ], [ 3.7431922, 44.0586519 ], [ 3.742744, 44.0581635 ], [ 3.7419663, 44.057005 ], [ 3.7416537, 44.0569639 ], [ 3.7400947, 44.0575271 ], [ 3.7378359, 44.0585108 ], [ 3.7371456, 44.058601 ], [ 3.736122, 44.0584926 ], [ 3.7358729, 44.0584358 ], [ 3.7352509, 44.0580188 ], [ 3.7347241, 44.0579134 ], [ 3.7334288, 44.0568627 ], [ 3.7330572, 44.0563089 ], [ 3.7328036, 44.056293499999988 ], [ 3.7318784, 44.0553889 ], [ 3.7311879, 44.0551703 ], [ 3.730184, 44.0550339 ], [ 3.7289261, 44.0545553 ], [ 3.7286082, 44.0542892 ], [ 3.7284714, 44.0538419 ], [ 3.7284553, 44.053167 ], [ 3.7283228, 44.0528546 ], [ 3.7282364, 44.051857 ], [ 3.7280433, 44.0515901 ], [ 3.7280385, 44.0514101 ], [ 3.7274453, 44.0501135 ], [ 3.7274952, 44.049619 ], [ 3.7281658, 44.048485899999989 ], [ 3.7286338, 44.0472209 ], [ 3.7292668, 44.0450998 ], [ 3.7292501, 44.0443807 ], [ 3.7288398, 44.042938 ], [ 3.7284512, 44.0423141 ], [ 3.7279444, 44.0420052 ], [ 3.7258778, 44.0415824 ], [ 3.7254987, 44.0414076 ], [ 3.7238721, 44.0385958 ], [ 3.723234, 44.0379655 ], [ 3.7229096, 44.0374744 ], [ 3.7228882, 44.0365754 ], [ 3.7226857, 44.0359494 ], [ 3.7240227, 44.0345383 ], [ 3.7248167, 44.0334044 ], [ 3.7248659, 44.032864 ], [ 3.7240142, 44.0311218 ], [ 3.7236976, 44.0309457 ], [ 3.7217559, 44.0305121 ], [ 3.7170723, 44.0280983 ], [ 3.7167522, 44.0277422 ], [ 3.7166846, 44.0275186 ], [ 3.7165907, 44.0257128 ], [ 3.7162624, 44.0249976 ], [ 3.7158758, 44.0245078 ], [ 3.7142933, 44.0234489 ], [ 3.7134567, 44.0223797 ], [ 3.7128873, 44.0220279 ], [ 3.7120696, 44.0216786 ], [ 3.7109254, 44.0207392 ], [ 3.7090329, 44.0203141 ], [ 3.7084012, 44.0199618 ], [ 3.7069866, 44.0181366 ], [ 3.7059656, 44.0171721 ], [ 3.7030752, 44.0161089 ], [ 3.7019389, 44.0154933 ], [ 3.700795, 44.0145637 ], [ 3.6998744, 44.0151591 ], [ 3.6982098, 44.0158997 ], [ 3.6973452, 44.0161806 ], [ 3.6963517, 44.0163274 ], [ 3.6937202, 44.0163324 ], [ 3.6934942, 44.0162078 ], [ 3.6927102, 44.0161426 ], [ 3.6916946, 44.01632 ], [ 3.6909765, 44.0165423 ], [ 3.6896777, 44.0166117 ], [ 3.6893257, 44.016484399999989 ], [ 3.6890556, 44.0165266 ], [ 3.6878636, 44.0162442 ], [ 3.6855539, 44.0160481 ], [ 3.6847498, 44.0162827 ], [ 3.6837566, 44.0169693 ], [ 3.682131, 44.0167193 ], [ 3.6806247, 44.0163309 ], [ 3.6807238, 44.0160612 ], [ 3.6803554, 44.0154992 ], [ 3.6808336, 44.0148185 ], [ 3.6809647, 44.0139959 ], [ 3.6807655, 44.0136074 ], [ 3.6801091, 44.0130481 ], [ 3.6798772, 44.0125275 ], [ 3.6799051, 44.0122528 ], [ 3.6803519, 44.011765 ], [ 3.6804529, 44.0114439 ], [ 3.6804696, 44.0111756 ], [ 3.6801989, 44.010649 ], [ 3.6804301, 44.0098483 ], [ 3.6802987, 44.0096034 ], [ 3.6798984, 44.009497 ], [ 3.6794084, 44.0096098 ], [ 3.6786406, 44.0103787 ], [ 3.6782523, 44.0106503 ], [ 3.6772588, 44.01111 ], [ 3.6757089, 44.01144 ], [ 3.675195, 44.0114333 ], [ 3.6748227, 44.0112655 ], [ 3.6748085, 44.0103889 ], [ 3.6743424, 44.009463 ], [ 3.6744329, 44.008782 ], [ 3.6745366, 44.0085951 ], [ 3.6749197, 44.0083002 ], [ 3.6765405, 44.0075351 ], [ 3.676707, 44.0071668 ], [ 3.6759746, 44.0063991 ], [ 3.6752206, 44.005907 ], [ 3.6747088, 44.005443 ], [ 3.6746587, 44.0051076 ], [ 3.6752118, 44.0046353 ], [ 3.6776898, 44.0033032 ], [ 3.6779262, 44.0030515 ], [ 3.6783249, 44.002185 ], [ 3.6780525, 44.0016134 ], [ 3.677655, 44.0012145 ], [ 3.6773984, 44.000298 ], [ 3.6768882, 43.9994318 ], [ 3.6768886, 43.999259 ], [ 3.6769782, 43.9989317 ], [ 3.6775488, 43.9985772 ], [ 3.6779413, 43.9980356 ], [ 3.6784155, 43.997125399999987 ], [ 3.6785165, 43.9967063 ], [ 3.6782528, 43.9963353 ], [ 3.6765928, 43.9951387 ], [ 3.6760466, 43.9946003 ], [ 3.6759781, 43.9939734 ], [ 3.6761732, 43.9935023 ], [ 3.6764268, 43.9932263 ], [ 3.6776619, 43.9924644 ], [ 3.6779887, 43.9920628 ], [ 3.6787261, 43.9915875 ], [ 3.6801592, 43.9911277 ], [ 3.680891, 43.9910259 ], [ 3.6822903, 43.9910703 ], [ 3.6831982, 43.991308499999988 ], [ 3.6833561, 43.9913724 ], [ 3.6836836, 43.9917627 ], [ 3.6857731, 43.992805399999988 ], [ 3.6862874, 43.9929623 ], [ 3.6868809, 43.9929685 ], [ 3.6872681, 43.9928266 ], [ 3.6876255, 43.9925858 ], [ 3.6881703, 43.9919659 ], [ 3.6883946, 43.9915433 ], [ 3.6883696, 43.9913301 ], [ 3.6878573, 43.9907231 ], [ 3.6872679, 43.9902246 ], [ 3.6869554, 43.9892249 ], [ 3.6863266, 43.9879337 ], [ 3.6846737, 43.9851369 ], [ 3.683445, 43.9838215 ], [ 3.6834342, 43.9834391 ], [ 3.6842749, 43.9828614 ], [ 3.6844779, 43.9823283 ], [ 3.6845612, 43.9813719 ], [ 3.6850003, 43.9807815 ], [ 3.68534, 43.9805291 ], [ 3.6861564, 43.9805294 ], [ 3.6872175, 43.9807721 ], [ 3.6874867, 43.9809756 ], [ 3.6881317, 43.9811299 ], [ 3.6885328, 43.9813146 ], [ 3.6898599, 43.9814943 ], [ 3.6910313, 43.9814698 ], [ 3.6913504, 43.981268899999989 ], [ 3.6913214, 43.9810324 ], [ 3.690942, 43.9805776 ], [ 3.6899369, 43.9801285 ], [ 3.6889297, 43.9793969 ], [ 3.6868985, 43.9785033 ], [ 3.6856076, 43.9778058 ], [ 3.6841142, 43.9766352 ], [ 3.6837618, 43.9762477 ], [ 3.6836025, 43.9759535 ], [ 3.683588, 43.9756818 ], [ 3.6836487, 43.9755419 ], [ 3.6844554, 43.974843 ], [ 3.684673, 43.9744915 ], [ 3.6841935, 43.9743145 ], [ 3.6839979, 43.974322 ], [ 3.6837335, 43.9745064 ], [ 3.6819428, 43.9729669 ], [ 3.6813969, 43.9726499 ], [ 3.6809733, 43.972135 ], [ 3.6801862, 43.9715522 ], [ 3.6795024, 43.9711667 ], [ 3.6791741, 43.9707026 ], [ 3.6787349, 43.9703435 ], [ 3.678516, 43.9699579 ], [ 3.6781048, 43.969748 ], [ 3.6777622, 43.96976 ], [ 3.6775885, 43.9694029 ], [ 3.6781287, 43.9690341 ], [ 3.6784654, 43.9676955 ], [ 3.6784312, 43.9675455 ], [ 3.6783267, 43.9674552 ], [ 3.6777718, 43.9673173 ], [ 3.6772701, 43.9670379 ], [ 3.6751191, 43.9649172 ], [ 3.6744152, 43.9651403 ], [ 3.6734479, 43.9656359 ], [ 3.6724394, 43.9654981 ], [ 3.6718385, 43.9655774 ], [ 3.6712107, 43.9654921 ], [ 3.6707192, 43.9655527 ], [ 3.6698865, 43.9654201 ], [ 3.6702868, 43.9640695 ], [ 3.6693588, 43.9639852 ], [ 3.6686824, 43.9636842 ], [ 3.6646711, 43.960664 ], [ 3.6646642, 43.9603949 ], [ 3.6649054, 43.9600316 ], [ 3.6652723, 43.9597576 ], [ 3.6674323, 43.9589668 ], [ 3.6682277, 43.9583725 ], [ 3.6684676, 43.9580101 ], [ 3.6685802, 43.9575144 ], [ 3.6685368, 43.9556175 ], [ 3.6682825, 43.9553958 ], [ 3.666961, 43.9547829 ], [ 3.6693, 43.953136 ], [ 3.6703358, 43.9522243 ], [ 3.6703952, 43.952088 ], [ 3.6702056, 43.951956 ], [ 3.6692387, 43.9517288 ], [ 3.6685022, 43.9512842 ], [ 3.6676311, 43.9504093 ], [ 3.6672819, 43.9497329 ], [ 3.6675657, 43.9489679 ], [ 3.6672797, 43.9482668 ], [ 3.6672542, 43.9473642 ], [ 3.6677119, 43.9466666 ], [ 3.6676545, 43.9462377 ], [ 3.666467, 43.946415 ], [ 3.6662874, 43.9463945 ], [ 3.6660107, 43.9461685 ], [ 3.6654499, 43.9460423 ], [ 3.6649356, 43.9461571 ], [ 3.6641206, 43.946558 ], [ 3.66361, 43.9466763 ], [ 3.6621659, 43.94611 ], [ 3.6614218, 43.9456375 ], [ 3.6618647, 43.9451614 ], [ 3.6620053, 43.9448276 ], [ 3.6588155, 43.9436616 ], [ 3.6569683, 43.9428015 ], [ 3.6557986, 43.9419256 ], [ 3.6544298, 43.9417088 ], [ 3.6538559, 43.9414135 ], [ 3.6536356, 43.9414292 ], [ 3.6530361, 43.9412834 ], [ 3.6525249, 43.9411253 ], [ 3.65151, 43.9406013 ], [ 3.6512956, 43.9401463 ], [ 3.6515205, 43.9399964 ], [ 3.6515176, 43.9398524 ], [ 3.6519853, 43.9397984 ], [ 3.6522811, 43.9393025 ], [ 3.6524001, 43.939249599999989 ], [ 3.6527217, 43.9392765 ], [ 3.6528471, 43.939129 ], [ 3.652717, 43.9389768 ], [ 3.6519441, 43.9386952 ], [ 3.6518962, 43.9384282 ], [ 3.6522012, 43.938196 ], [ 3.6510514, 43.9383945 ], [ 3.6503236, 43.9383539 ], [ 3.6490347, 43.9381509 ], [ 3.6474428, 43.9375907 ], [ 3.6457707, 43.9371965 ], [ 3.6446659, 43.9367467 ], [ 3.6443579, 43.9367197 ], [ 3.6429671, 43.9368602 ], [ 3.6418076, 43.9367464 ], [ 3.6414394, 43.9365686 ], [ 3.6408288, 43.9358765 ], [ 3.6396329, 43.9352931 ], [ 3.6392569, 43.9351954 ], [ 3.6384351, 43.935205599999989 ], [ 3.6374489, 43.935332 ], [ 3.6369633, 43.9354545 ], [ 3.6361692, 43.9358335 ], [ 3.6355331, 43.9358624 ], [ 3.6341, 43.9355558 ], [ 3.6328604, 43.9351868 ], [ 3.6323171, 43.9349343 ], [ 3.6307341, 43.9345862 ], [ 3.6309518, 43.9342249 ], [ 3.6301357, 43.9314892 ], [ 3.6303558, 43.9306653 ], [ 3.6306713, 43.9302594 ], [ 3.6297506, 43.9294277 ], [ 3.6293244, 43.9292889 ], [ 3.6266311, 43.9278356 ], [ 3.6260599, 43.9273025 ], [ 3.6253652, 43.926861 ], [ 3.6241142, 43.9265612 ], [ 3.6233513, 43.925797 ], [ 3.6225988, 43.9255367 ], [ 3.6225949, 43.9251758 ], [ 3.622803, 43.9247337 ], [ 3.622709, 43.9243409 ], [ 3.6227627, 43.9241219 ], [ 3.6231913, 43.9233464 ], [ 3.6235714, 43.9168824 ], [ 3.6240167, 43.9166215 ], [ 3.6247408, 43.9166894 ], [ 3.6253535, 43.9164708 ], [ 3.6255274, 43.9165499 ], [ 3.6268477, 43.9166035 ], [ 3.6274368, 43.916403 ], [ 3.6280863, 43.9163642 ], [ 3.628661, 43.916547199999989 ], [ 3.6291582, 43.9164741 ], [ 3.629288, 43.9162754 ], [ 3.6296752, 43.9163875 ], [ 3.6306164, 43.9163838 ], [ 3.6332903, 43.9159013 ], [ 3.6350615, 43.9160944 ], [ 3.6388441, 43.9161155 ], [ 3.6397579, 43.9136721 ], [ 3.6396943, 43.9131082 ], [ 3.6392951, 43.9125922 ], [ 3.6368552, 43.908364 ], [ 3.6366106, 43.907523 ], [ 3.6343305, 43.9047608 ], [ 3.6342475, 43.9039 ], [ 3.6332625, 43.900718 ], [ 3.6328705, 43.8999373 ], [ 3.6324713, 43.8995194 ], [ 3.6390092, 43.8965033 ], [ 3.6392782, 43.8961813 ], [ 3.6394995, 43.8964986 ], [ 3.6399705, 43.8966615 ], [ 3.6402892, 43.8971069 ], [ 3.6407347, 43.8974418 ], [ 3.6417028, 43.8977493 ], [ 3.6423284, 43.8980489 ], [ 3.6463439, 43.9009429 ], [ 3.6475397, 43.901132 ], [ 3.6476909, 43.9010798 ], [ 3.6478484, 43.9016791 ], [ 3.6476909, 43.902175 ], [ 3.6478394, 43.9025378 ], [ 3.6477577, 43.9026867 ], [ 3.6473844, 43.9029112 ], [ 3.64684, 43.9039719 ], [ 3.6464071, 43.9043219 ], [ 3.6462603, 43.9045531 ], [ 3.6465008, 43.9051286 ], [ 3.6462599, 43.9097919 ], [ 3.6466001, 43.9104864 ], [ 3.6461083, 43.9108106 ], [ 3.6462355, 43.9109395 ], [ 3.6462599, 43.9112237 ], [ 3.6465678, 43.9118069 ], [ 3.6465879, 43.9121569 ], [ 3.6461571, 43.9127048 ], [ 3.6451885, 43.9132487 ], [ 3.642051, 43.9153254 ], [ 3.6417805, 43.9154026 ], [ 3.6415604, 43.9153166 ], [ 3.6409285, 43.9155939 ], [ 3.6417379, 43.9158277 ], [ 3.6422974, 43.9158658 ], [ 3.6428366, 43.9157672 ], [ 3.6433014, 43.9155872 ], [ 3.6445089, 43.9153506 ], [ 3.6460661, 43.9147762 ], [ 3.6466862, 43.914785099999989 ], [ 3.6471563, 43.9146392 ], [ 3.6478509, 43.9146297 ], [ 3.6500853, 43.9143807 ], [ 3.6512107, 43.9140509 ], [ 3.651474, 43.91389 ], [ 3.6516665, 43.9136287 ], [ 3.6526219, 43.913237 ], [ 3.6535509, 43.9130424 ], [ 3.6540703, 43.9128548 ], [ 3.6551781, 43.912729399999989 ], [ 3.6554931, 43.9126195 ], [ 3.6558982, 43.912339 ], [ 3.656112, 43.9126401 ], [ 3.6561548, 43.912897199999989 ], [ 3.6625695, 43.9123221 ], [ 3.6627685, 43.9115586 ], [ 3.668496, 43.9105715 ], [ 3.6697325, 43.9102814 ], [ 3.6714466, 43.9096408 ], [ 3.6722251, 43.9114774 ], [ 3.6730154, 43.9123023 ], [ 3.6754935, 43.918046 ], [ 3.6764674, 43.920064 ], [ 3.6767268, 43.9199958 ], [ 3.6774394, 43.9220245 ], [ 3.6775189, 43.9227431 ], [ 3.6769731, 43.9233341 ], [ 3.6777829, 43.9233777 ], [ 3.6779708, 43.9234656 ], [ 3.6783574, 43.9240455 ], [ 3.6786231, 43.9247162 ], [ 3.6787637, 43.9254344 ], [ 3.6787879, 43.9264224 ], [ 3.6786086, 43.926739399999988 ], [ 3.6780661, 43.9275105 ], [ 3.6773998, 43.928238199999988 ], [ 3.6762259, 43.929105899999989 ], [ 3.6753658, 43.9295657 ], [ 3.675783, 43.9314585 ], [ 3.6767455, 43.9327053 ], [ 3.6787168, 43.9344786 ], [ 3.6820637, 43.9366043 ], [ 3.6830143, 43.937357 ], [ 3.6832184, 43.938074 ], [ 3.6832381, 43.9388829 ], [ 3.6836294, 43.9404591 ], [ 3.6839817, 43.9404506 ], [ 3.6841228, 43.9403714 ], [ 3.6843521, 43.9399649 ], [ 3.6852406, 43.9393852 ], [ 3.6857373, 43.9391526 ], [ 3.6862679, 43.9391555 ], [ 3.6869443, 43.9393673 ], [ 3.6885062, 43.9395788 ], [ 3.6894849, 43.939552 ], [ 3.6897753, 43.9393665 ] ] ] ] } }
]
}
