{
"type": "FeatureCollection",
"name": "cartescolaire_55",
"crs": { "type": "name", "properties": { "name": "urn:ogc:def:crs:OGC:1.3:CRS84" } },
"features": [
{ "type": "Feature", "properties": { "code_departement": 55.0, "code_rne": "0510052E", "multisecteur": 0.0 }, "geometry": { "type": "MultiPolygon", "coordinates": [ [ [ [ 4.894133, 48.7972062 ], [ 4.8950337, 48.7963247 ], [ 4.8955, 48.7961896 ], [ 4.8979169, 48.7965255 ], [ 4.8988831, 48.7955727 ], [ 4.9003801, 48.7955858 ], [ 4.9009075, 48.7950736 ], [ 4.9016681, 48.7951335 ], [ 4.9020536, 48.7952866 ], [ 4.9022123, 48.7954559 ], [ 4.9029021, 48.7956662 ], [ 4.9042217, 48.7952592 ], [ 4.9053894, 48.7953909 ], [ 4.9061533, 48.7953895 ], [ 4.9071094, 48.7950243 ], [ 4.9078931, 48.7948957 ], [ 4.9079891, 48.7946909 ], [ 4.9085065, 48.7947249 ], [ 4.9095546, 48.7950131 ], [ 4.9102663, 48.7950017 ], [ 4.9104201, 48.7948877 ], [ 4.9119829, 48.7948402 ], [ 4.9121945, 48.7947064 ], [ 4.9119846, 48.7935483 ], [ 4.9167511, 48.7924212 ], [ 4.9168741, 48.7926189 ], [ 4.9177503, 48.7927101 ], [ 4.9179155, 48.7925015 ], [ 4.9179247, 48.7922332 ], [ 4.918169, 48.79199 ], [ 4.918851, 48.7920204 ], [ 4.9197075, 48.7922073 ], [ 4.9208887, 48.7927443 ], [ 4.9210393, 48.7929524 ], [ 4.9217037, 48.7928013 ], [ 4.9209091, 48.7908952 ], [ 4.9209579, 48.7894109 ], [ 4.921177, 48.7894074 ], [ 4.9218926, 48.789762 ], [ 4.9220643, 48.7901704 ], [ 4.9218938, 48.7903855 ], [ 4.9213019, 48.7906541 ], [ 4.921356, 48.7907909 ], [ 4.9220188, 48.7908207 ], [ 4.9228758, 48.7912072 ], [ 4.9231144, 48.7917684 ], [ 4.9237308, 48.7923477 ], [ 4.9249967, 48.7923021 ], [ 4.9243989, 48.7927427 ], [ 4.9248449, 48.7928012 ], [ 4.9248565, 48.7930412 ], [ 4.9245521, 48.7937577 ], [ 4.9293049, 48.7959104 ], [ 4.9278325, 48.7971522 ], [ 4.9298973, 48.7980842 ], [ 4.9352363, 48.8008218 ], [ 4.9320852, 48.8078504 ], [ 4.9300405, 48.8072519 ], [ 4.9288184, 48.8086786 ], [ 4.9188346, 48.8050474 ], [ 4.9194856, 48.8042336 ], [ 4.9140831, 48.8034979 ], [ 4.9143872, 48.8020995 ], [ 4.9105032, 48.8018036 ], [ 4.9067567, 48.8012796 ], [ 4.9035139, 48.8003786 ], [ 4.902372, 48.7999101 ], [ 4.9007172, 48.8021099 ], [ 4.8980197, 48.8012568 ], [ 4.89935, 48.7995308 ], [ 4.8993753, 48.7992911 ], [ 4.8965135, 48.7982229 ], [ 4.8966771, 48.7979288 ], [ 4.8960252, 48.7978636 ], [ 4.8955165, 48.7976557 ], [ 4.8943523, 48.7975077 ], [ 4.8939243, 48.7975712 ], [ 4.8934869, 48.7977886 ], [ 4.8930404, 48.7976824 ], [ 4.893371, 48.7969592 ], [ 4.894133, 48.7972062 ] ] ] ] } },
{ "type": "Feature", "properties": { "code_departement": 55.0, "code_rne": "0540064B", "multisecteur": 0.0 }, "geometry": { "type": "MultiPolygon", "coordinates": [ [ [ [ 5.7349097, 48.9001361 ], [ 5.7332959, 48.9006706 ], [ 5.7311434, 48.9003319 ], [ 5.7302123, 48.8999365 ], [ 5.7294922, 48.8993464 ], [ 5.7268899, 48.8991988 ], [ 5.7255654, 48.8989788 ], [ 5.7249377, 48.8987717 ], [ 5.7232976, 48.898728 ], [ 5.722233, 48.8983086 ], [ 5.7209276, 48.8981655 ], [ 5.7189511, 48.8981862 ], [ 5.7187649, 48.8984612 ], [ 5.7164209, 48.8987367 ], [ 5.7124692, 48.8975207 ], [ 5.7108496, 48.8998861 ], [ 5.7100598, 48.9013626 ], [ 5.709591, 48.9017943 ], [ 5.7075975, 48.9010457 ], [ 5.7052413, 48.9003531 ], [ 5.704316, 48.8999349 ], [ 5.7037621, 48.8998079 ], [ 5.7034578, 48.899624 ], [ 5.7017717, 48.8981162 ], [ 5.7015972, 48.8976711 ], [ 5.7009585, 48.8975146 ], [ 5.701661, 48.8965341 ], [ 5.7022253, 48.8959698 ], [ 5.701791, 48.8942286 ], [ 5.7026317, 48.8931253 ], [ 5.7042978, 48.8914419 ], [ 5.7026175, 48.8908824 ], [ 5.7027434, 48.8907302 ], [ 5.7010423, 48.8900568 ], [ 5.7027374, 48.8886697 ], [ 5.7038377, 48.8879448 ], [ 5.7048073, 48.8869889 ], [ 5.7056828, 48.8847213 ], [ 5.7049408, 48.884227 ], [ 5.7041158, 48.8821616 ], [ 5.7044442, 48.8819427 ], [ 5.7063518, 48.8812652 ], [ 5.7065383, 48.8809947 ], [ 5.7067125, 48.8803825 ], [ 5.7078634, 48.880189 ], [ 5.7090746, 48.879763 ], [ 5.7096871, 48.8797104 ], [ 5.7125105, 48.8797482 ], [ 5.7151841, 48.8789812 ], [ 5.7174377, 48.8788733 ], [ 5.7181705, 48.878615499999988 ], [ 5.7187129, 48.8786059 ], [ 5.7192148, 48.8790453 ], [ 5.7197194, 48.8793029 ], [ 5.7193583, 48.8802532 ], [ 5.7196417, 48.881682 ], [ 5.7195311, 48.8817574 ], [ 5.7194966, 48.8823782 ], [ 5.7196057, 48.8825863 ], [ 5.7209467, 48.8832865 ], [ 5.7220611, 48.8843238 ], [ 5.722481, 48.8851781 ], [ 5.7243822, 48.8848235 ], [ 5.725279, 48.8844396 ], [ 5.7258138, 48.8848035 ], [ 5.7260724, 48.8847922 ], [ 5.7263276, 48.8849493 ], [ 5.7267742, 48.8847223 ], [ 5.7270213, 48.884803 ], [ 5.7283439, 48.884188 ], [ 5.7286025, 48.8841758 ], [ 5.7291698, 48.8837795 ], [ 5.7312162, 48.881279 ], [ 5.7307529, 48.8810817 ], [ 5.7309368, 48.8808165 ], [ 5.7313269, 48.8809696 ], [ 5.731595, 48.880438 ], [ 5.7335922, 48.8811086 ], [ 5.7343019, 48.8801269 ], [ 5.7363033, 48.8807479 ], [ 5.7375339, 48.8791136 ], [ 5.7378868, 48.8791829 ], [ 5.7375313, 48.88018 ], [ 5.7391901, 48.8806171 ], [ 5.7395025, 48.880304 ], [ 5.7401031, 48.879403 ], [ 5.7410069, 48.878922499999987 ], [ 5.7422739, 48.8795108 ], [ 5.7451491, 48.8799884 ], [ 5.7454192, 48.8799354 ], [ 5.7457041, 48.8794915 ], [ 5.7467802, 48.8798717 ], [ 5.7472994, 48.8793442 ], [ 5.749058, 48.8799382 ], [ 5.7502177, 48.8782595 ], [ 5.7493773, 48.8779242 ], [ 5.7506029, 48.8771591 ], [ 5.751996, 48.8773169 ], [ 5.7532061, 48.8771631 ], [ 5.7564817, 48.8769833 ], [ 5.7596696, 48.8773355 ], [ 5.7600187, 48.8770503 ], [ 5.7608642, 48.8772755 ], [ 5.7642371, 48.8752027 ], [ 5.7632881, 48.8744912 ], [ 5.7653528, 48.8731945 ], [ 5.7666588, 48.8736142 ], [ 5.7675557, 48.8740119 ], [ 5.768877, 48.8748227 ], [ 5.7696779, 48.8754917 ], [ 5.7710563, 48.8748866 ], [ 5.7734129, 48.8735407 ], [ 5.7738172, 48.8742161 ], [ 5.7731523, 48.874461 ], [ 5.7733093, 48.8747714 ], [ 5.7739725, 48.8755164 ], [ 5.7745817, 48.8754537 ], [ 5.7757891, 48.8751494 ], [ 5.7761812, 48.8757225 ], [ 5.777406, 48.875538399999989 ], [ 5.7776177, 48.8760797 ], [ 5.7783096, 48.8759305 ], [ 5.7784629, 48.876196 ], [ 5.7793483, 48.8761709 ], [ 5.7796502, 48.8766121 ], [ 5.782348, 48.876165099999987 ], [ 5.7831499, 48.8769518 ], [ 5.7840292, 48.876836 ], [ 5.7849403, 48.8772143 ], [ 5.7857313, 48.8778213 ], [ 5.7861187, 48.8783045 ], [ 5.7863898, 48.8782973 ], [ 5.7865879, 48.8782009 ], [ 5.7876932, 48.8794287 ], [ 5.7903189, 48.883488 ], [ 5.7900741, 48.8837078 ], [ 5.7906842, 48.8845251 ], [ 5.7902052, 48.8846253 ], [ 5.7905923, 48.8857133 ], [ 5.7905985, 48.8861333 ], [ 5.7904383, 48.8867337 ], [ 5.7902003, 48.8870281 ], [ 5.7899365, 48.8872493 ], [ 5.7895982, 48.8870736 ], [ 5.7889556, 48.8874836 ], [ 5.7885293, 48.8872434 ], [ 5.7879236, 48.8877047 ], [ 5.7865047, 48.8883974 ], [ 5.7863694, 48.888342 ], [ 5.7861826, 48.8884715 ], [ 5.7852811, 48.887894 ], [ 5.7839236, 48.8889443 ], [ 5.7861001, 48.890271299999988 ], [ 5.7856227, 48.8905551 ], [ 5.7843765, 48.889632 ], [ 5.7834636, 48.889197 ], [ 5.7807521, 48.8911119 ], [ 5.7801565, 48.8907424 ], [ 5.7793937, 48.8914584 ], [ 5.7791882, 48.8913669 ], [ 5.7764643, 48.8938723 ], [ 5.7750948, 48.8949092 ], [ 5.7746407, 48.8948891 ], [ 5.772921, 48.8943756 ], [ 5.7718249, 48.8944217 ], [ 5.7712778, 48.8941419 ], [ 5.7691874, 48.8956363 ], [ 5.7670636, 48.896632 ], [ 5.7663438, 48.8973155 ], [ 5.7652827, 48.8992026 ], [ 5.7656277, 48.8993512 ], [ 5.7648912, 48.8999262 ], [ 5.7645923, 48.9011343 ], [ 5.7650986, 48.9018785 ], [ 5.7639014, 48.9029284 ], [ 5.7634353, 48.9035321 ], [ 5.7631953, 48.903588 ], [ 5.7632989, 48.9034309 ], [ 5.7626127, 48.903516 ], [ 5.7624356, 48.9038557 ], [ 5.7622392, 48.9039098 ], [ 5.7608561, 48.9039543 ], [ 5.7603719, 48.9048356 ], [ 5.7588506, 48.9063409 ], [ 5.7582298, 48.9072731 ], [ 5.7563513, 48.9090224 ], [ 5.7572172, 48.910498 ], [ 5.757032, 48.9108172 ], [ 5.7571131, 48.9120382 ], [ 5.7576524, 48.912967 ], [ 5.7568074, 48.913224 ], [ 5.7557209, 48.9134092 ], [ 5.7531858, 48.9131264 ], [ 5.750982, 48.9140229 ], [ 5.7492918, 48.9143587 ], [ 5.7468209, 48.9156787 ], [ 5.7469813, 48.9160799 ], [ 5.7472143, 48.9161754 ], [ 5.7473088, 48.916076 ], [ 5.7475522, 48.9160839 ], [ 5.7481087, 48.9162295 ], [ 5.74808, 48.916358 ], [ 5.7476513, 48.9165379 ], [ 5.7477282, 48.9166756 ], [ 5.7481181, 48.9168988 ], [ 5.7478193, 48.9171612 ], [ 5.7477505, 48.9173832 ], [ 5.7486826, 48.9182023 ], [ 5.7488424, 48.9186422 ], [ 5.7492613, 48.9187154 ], [ 5.7496205, 48.9186145 ], [ 5.7500501, 48.9189915 ], [ 5.750229, 48.9192771 ], [ 5.7499253, 48.919447 ], [ 5.7498944, 48.9195602 ], [ 5.7502145, 48.9198552 ], [ 5.7500721, 48.9198989 ], [ 5.7498062, 48.9198015 ], [ 5.7496595, 48.9199966 ], [ 5.7498062, 48.9201894 ], [ 5.7502753, 48.9203847 ], [ 5.7505657, 48.9206101 ], [ 5.750625, 48.92093 ], [ 5.7507508, 48.9210378 ], [ 5.7509821, 48.9210739 ], [ 5.7510781, 48.921365 ], [ 5.7516728, 48.9216375 ], [ 5.751963, 48.9216245 ], [ 5.7523561, 48.9214688 ], [ 5.7526912, 48.9216078 ], [ 5.7525762, 48.921911 ], [ 5.7527183, 48.9220175 ], [ 5.7526484, 48.922191899999987 ], [ 5.7533472, 48.9223665 ], [ 5.7537018, 48.9226175 ], [ 5.754272, 48.9226323 ], [ 5.754338, 48.9228225 ], [ 5.7550927, 48.9230976 ], [ 5.7558475, 48.9230406 ], [ 5.7563458, 48.9232703 ], [ 5.7565728, 48.9228646 ], [ 5.756901, 48.922669 ], [ 5.7570982, 48.9222659 ], [ 5.7578869, 48.9222045 ], [ 5.7582683, 48.9219312 ], [ 5.7585795, 48.921953699999989 ], [ 5.7592761, 48.9222679 ], [ 5.7608587, 48.9226534 ], [ 5.7622677, 48.9227289 ], [ 5.7632855, 48.9228674 ], [ 5.7635925, 48.9228378 ], [ 5.7643332, 48.9225661 ], [ 5.7655718, 48.9224664 ], [ 5.7658347, 48.9225566 ], [ 5.7664289, 48.9231008 ], [ 5.766899, 48.9231592 ], [ 5.7671881, 48.923382 ], [ 5.7689021, 48.9236447 ], [ 5.769174, 48.9237761 ], [ 5.7697173, 48.9238499 ], [ 5.7700237, 48.924066 ], [ 5.7702072, 48.9240762 ], [ 5.770544, 48.9238623 ], [ 5.7711011, 48.9237585 ], [ 5.7715727, 48.9238205 ], [ 5.7719304, 48.9234856 ], [ 5.7721554, 48.923428199999989 ], [ 5.7727336, 48.9237208 ], [ 5.7738057, 48.9239812 ], [ 5.7735494, 48.9241167 ], [ 5.773596, 48.9241723 ], [ 5.7742865, 48.92424 ], [ 5.7756905, 48.9240923 ], [ 5.7759737, 48.9245104 ], [ 5.7763424, 48.9247422 ], [ 5.7773255, 48.9249704 ], [ 5.7787876, 48.925193 ], [ 5.7792297, 48.9255705 ], [ 5.7824429, 48.9276393 ], [ 5.7829709, 48.9281912 ], [ 5.7841774, 48.9290468 ], [ 5.7825528, 48.930536 ], [ 5.7811835, 48.9304688 ], [ 5.7782977, 48.9314113 ], [ 5.7770769, 48.9312596 ], [ 5.7767808, 48.9315976 ], [ 5.779828, 48.934338 ], [ 5.7806755, 48.9340699 ], [ 5.7813459, 48.9340409 ], [ 5.7825904, 48.9338428 ], [ 5.7849044, 48.9333148 ], [ 5.7851751, 48.933141199999987 ], [ 5.7857092, 48.9324539 ], [ 5.7861766, 48.9322568 ], [ 5.7863687, 48.9323495 ], [ 5.7863682, 48.9324431 ], [ 5.7861037, 48.932757 ], [ 5.786352, 48.9327782 ], [ 5.7864769, 48.9328914 ], [ 5.7867765, 48.9328484 ], [ 5.7869506, 48.9327085 ], [ 5.7872224, 48.9327849 ], [ 5.7874509, 48.9329965 ], [ 5.7872928, 48.9331819 ], [ 5.7873763, 48.9334391 ], [ 5.7874936, 48.9335129 ], [ 5.7877194, 48.933343 ], [ 5.7879905, 48.9334833 ], [ 5.7884825, 48.9339479 ], [ 5.7885271, 48.9342456 ], [ 5.7887632, 48.9345478 ], [ 5.7886563, 48.9347195 ], [ 5.7881118, 48.9349571 ], [ 5.7876168, 48.9353015 ], [ 5.7876887, 48.9357003 ], [ 5.7880058, 48.9358315 ], [ 5.787995, 48.9361404 ], [ 5.7885588, 48.936695 ], [ 5.7885962, 48.937113499999988 ], [ 5.7881988, 48.9372919 ], [ 5.7880499, 48.9378523 ], [ 5.7882591, 48.9390793 ], [ 5.7884349, 48.9391229 ], [ 5.7887193, 48.9390011 ], [ 5.7889683, 48.9390079 ], [ 5.7896424, 48.9396329 ], [ 5.7903025, 48.9404022 ], [ 5.7908063, 48.9408313 ], [ 5.7922534, 48.9425451 ], [ 5.792344, 48.9431899 ], [ 5.792488, 48.9433269 ], [ 5.7930132, 48.9433912 ], [ 5.7951771, 48.9448407 ], [ 5.7960464, 48.9451813 ], [ 5.7971907, 48.945375 ], [ 5.7990592, 48.9459783 ], [ 5.8002413, 48.946748 ], [ 5.8016097, 48.945979 ], [ 5.8036815, 48.9471336 ], [ 5.8039542, 48.9471254 ], [ 5.8094068, 48.9441246 ], [ 5.8105908, 48.9442696 ], [ 5.8112008, 48.9442067 ], [ 5.8122608, 48.9437265 ], [ 5.8123972, 48.9437224 ], [ 5.8126142, 48.9438955 ], [ 5.8131498, 48.9437452 ], [ 5.8132026, 48.9435101 ], [ 5.8152197, 48.9430461 ], [ 5.8162426, 48.9430166 ], [ 5.8165947, 48.943186499999989 ], [ 5.8170338, 48.9425922 ], [ 5.8173397, 48.942693 ], [ 5.8184021, 48.9427868 ], [ 5.8188232, 48.9428948 ], [ 5.8246357, 48.9435749 ], [ 5.827547, 48.9447858 ], [ 5.82925, 48.9438467 ], [ 5.8317795, 48.9438895 ], [ 5.8334905, 48.9444043 ], [ 5.8342197, 48.9445247 ], [ 5.8341782, 48.945241 ], [ 5.8346559, 48.9451074 ], [ 5.8349574, 48.9448258 ], [ 5.8355527, 48.9461965 ], [ 5.834667, 48.9495207 ], [ 5.8345386, 48.9506495 ], [ 5.8364154, 48.9519431 ], [ 5.836755, 48.9519332 ], [ 5.8382463, 48.9514705 ], [ 5.8389548, 48.9515347 ], [ 5.840652, 48.9519903 ], [ 5.8421699, 48.9522153 ], [ 5.8434088, 48.952284 ], [ 5.8462603, 48.9518599 ], [ 5.8472582, 48.95182 ], [ 5.8476299, 48.9523952 ], [ 5.8479463, 48.953508 ], [ 5.8488121, 48.9532003 ], [ 5.8492137, 48.9540204 ], [ 5.8481065, 48.9542861 ], [ 5.8482666, 48.9555124 ], [ 5.8479564, 48.9555611 ], [ 5.8486948, 48.9557208 ], [ 5.8477827, 48.9562311 ], [ 5.8490469, 48.9567356 ], [ 5.850012, 48.9575171 ], [ 5.8501693, 48.9574935 ], [ 5.8505567, 48.9576823 ], [ 5.8504151, 48.9580402 ], [ 5.8496265, 48.9589093 ], [ 5.8505314, 48.9595131 ], [ 5.8498708, 48.9598501 ], [ 5.8485668, 48.9607665 ], [ 5.8492979, 48.9613151 ], [ 5.8472297, 48.962525 ], [ 5.8432448, 48.964197 ], [ 5.8432919, 48.9642346 ], [ 5.8415573, 48.9653528 ], [ 5.8393295, 48.9666491 ], [ 5.8374223, 48.968187 ], [ 5.8341302, 48.9701473 ], [ 5.8323566, 48.9698041 ], [ 5.8322321, 48.9699258 ], [ 5.8317085, 48.9708524 ], [ 5.831562, 48.971851 ], [ 5.8341732, 48.9731147 ], [ 5.8349708, 48.974406 ], [ 5.8345351, 48.9756661 ], [ 5.8321278, 48.975912 ], [ 5.8277385, 48.9773905 ], [ 5.8258744, 48.9777997 ], [ 5.8241894, 48.9775803 ], [ 5.8201516, 48.9768781 ], [ 5.8168522, 48.9785222 ], [ 5.81677, 48.9786708 ], [ 5.8177267, 48.9803552 ], [ 5.8159362, 48.9800086 ], [ 5.8145545, 48.980266 ], [ 5.8128663, 48.9808221 ], [ 5.8122701, 48.9809458 ], [ 5.8099043, 48.9817634 ], [ 5.8095571, 48.9823456 ], [ 5.8087926, 48.9825929 ], [ 5.8063652, 48.9826273 ], [ 5.8058952, 48.9826563 ], [ 5.8055282, 48.982771 ], [ 5.8050683, 48.9829887 ], [ 5.8047603, 48.9836654 ], [ 5.8045149, 48.9839555 ], [ 5.8037999, 48.9834233 ], [ 5.8036542, 48.9832063 ], [ 5.8044498, 48.9805225 ], [ 5.8027579, 48.977995899999989 ], [ 5.802823, 48.9776578 ], [ 5.8034379, 48.976615 ], [ 5.8060511, 48.9735711 ], [ 5.805436, 48.9723806 ], [ 5.80158, 48.9728577 ], [ 5.7975556, 48.9735572 ], [ 5.7927258, 48.972803299999988 ], [ 5.773479, 48.9740365 ], [ 5.7715543, 48.9718289 ], [ 5.759895, 48.968362899999988 ], [ 5.7592329, 48.9670122 ], [ 5.7576879, 48.9652977 ], [ 5.7547708, 48.9613905 ], [ 5.7546538, 48.9607543 ], [ 5.7545044, 48.960513899999988 ], [ 5.7543234, 48.960321 ], [ 5.7530004, 48.9596451 ], [ 5.7499541, 48.9589376 ], [ 5.7489114, 48.9587797 ], [ 5.7475086, 48.958685 ], [ 5.7463693, 48.9588974 ], [ 5.7440287, 48.959131 ], [ 5.7415299, 48.9590334 ], [ 5.7408735, 48.9588945 ], [ 5.7392071, 48.9589056 ], [ 5.7388269, 48.9587955 ], [ 5.737844, 48.9587874 ], [ 5.7374359, 48.9588471 ], [ 5.7370171, 48.9590411 ], [ 5.7355116, 48.9594354 ], [ 5.7330557, 48.9596867 ], [ 5.7325271, 48.9596897 ], [ 5.7314786, 48.9595508 ], [ 5.7312698, 48.9593747 ], [ 5.730734, 48.9592924 ], [ 5.7296378, 48.959312 ], [ 5.7278998, 48.9587676 ], [ 5.7269745, 48.9589956 ], [ 5.7268595, 48.9589649 ], [ 5.7276737, 48.958259 ], [ 5.726433, 48.9583898 ], [ 5.7248541, 48.9543353 ], [ 5.7256477, 48.9543569 ], [ 5.7264347, 48.9538117 ], [ 5.7277255, 48.9538309 ], [ 5.7284503, 48.9536362 ], [ 5.729396, 48.9535103 ], [ 5.7296336, 48.9534554 ], [ 5.7302856, 48.9530978 ], [ 5.7308546, 48.9529534 ], [ 5.731373, 48.9521849 ], [ 5.7315892, 48.9511524 ], [ 5.7319303, 48.9508576 ], [ 5.7309704, 48.9508408 ], [ 5.7296109, 48.9460777 ], [ 5.7272736, 48.942952899999987 ], [ 5.7256837, 48.937872 ], [ 5.7297793, 48.9358343 ], [ 5.7291357, 48.9351255 ], [ 5.7303875, 48.9284799 ], [ 5.727202, 48.9231501 ], [ 5.7281113, 48.9214035 ], [ 5.728002, 48.9207771 ], [ 5.7275555, 48.9202051 ], [ 5.7251672, 48.9181143 ], [ 5.7246913, 48.917318 ], [ 5.7243509, 48.9162928 ], [ 5.7240409, 48.9157176 ], [ 5.7240946, 48.9154906 ], [ 5.724814, 48.9150207 ], [ 5.7282127, 48.9133138 ], [ 5.7312073, 48.9126255 ], [ 5.7320703, 48.9122414 ], [ 5.7325698, 48.9116928 ], [ 5.7326433, 48.9110892 ], [ 5.732095, 48.9107346 ], [ 5.7313897, 48.9096781 ], [ 5.7343128, 48.907998 ], [ 5.7335558, 48.9067357 ], [ 5.7334305, 48.9053124 ], [ 5.7337506, 48.9049883 ], [ 5.7343741, 48.90493 ], [ 5.7352409, 48.9050092 ], [ 5.7367393, 48.9050019 ], [ 5.7365142, 48.9027206 ], [ 5.7349097, 48.9001361 ] ] ] ] } },
{ "type": "Feature", "properties": { "code_departement": 55.0, "code_rne": "0542349K", "multisecteur": 0.0 }, "geometry": { "type": "MultiPolygon", "coordinates": [ [ [ [ 5.4474752, 49.4041544 ], [ 5.4550237, 49.40571 ], [ 5.4570833, 49.4041934 ], [ 5.4573819, 49.404128 ], [ 5.4624293, 49.4060802 ], [ 5.46408, 49.4064791 ], [ 5.4661583, 49.4073738 ], [ 5.4679146, 49.4079324 ], [ 5.4731214, 49.4107487 ], [ 5.4750124, 49.4091732 ], [ 5.4755184, 49.4084317 ], [ 5.4760737, 49.4080579 ], [ 5.4755569, 49.4053338 ], [ 5.476033, 49.4034851 ], [ 5.4815596, 49.4039851 ], [ 5.4861376, 49.4046159 ], [ 5.4871479, 49.4048479 ], [ 5.4910535, 49.4063331 ], [ 5.4944059, 49.407148 ], [ 5.4971112, 49.4076318 ], [ 5.4983926, 49.4083077 ], [ 5.4993211, 49.4090952 ], [ 5.4978519, 49.4106857 ], [ 5.5007244, 49.4123386 ], [ 5.5005522, 49.4125373 ], [ 5.498877, 49.413634 ], [ 5.5000744, 49.4145922 ], [ 5.5014754, 49.4160245 ], [ 5.5022011, 49.4169178 ], [ 5.5021744, 49.4182394 ], [ 5.501666, 49.4184153 ], [ 5.5024858, 49.4188049 ], [ 5.5027223, 49.4187928 ], [ 5.5066701, 49.4195555 ], [ 5.5067196, 49.4197802 ], [ 5.5065777, 49.4199513 ], [ 5.5066066, 49.4201773 ], [ 5.5069826, 49.4205661 ], [ 5.5077936, 49.4209998 ], [ 5.5079768, 49.4211948 ], [ 5.5079961, 49.4214219 ], [ 5.5078011, 49.4219187 ], [ 5.507516, 49.4221225 ], [ 5.5065292, 49.4224388 ], [ 5.5059652, 49.4227733 ], [ 5.5051406, 49.4234504 ], [ 5.5044012, 49.4237229 ], [ 5.5036643, 49.4238497 ], [ 5.5028753, 49.4244649 ], [ 5.5015406, 49.4246867 ], [ 5.5007354, 49.4244579 ], [ 5.4993525, 49.4243983 ], [ 5.4981656, 49.4241441 ], [ 5.4973587, 49.4241913 ], [ 5.4965784, 49.4235078 ], [ 5.4956369, 49.4229409 ], [ 5.4951867, 49.4223845 ], [ 5.4950322, 49.4220127 ], [ 5.4947734, 49.4218481 ], [ 5.4924895, 49.4212297 ], [ 5.491895, 49.4211934 ], [ 5.4913629, 49.4212511 ], [ 5.4906793, 49.4214819 ], [ 5.4901756, 49.4217557 ], [ 5.4897011, 49.4226045 ], [ 5.4897828, 49.4232107 ], [ 5.4896554, 49.4247097 ], [ 5.4895297, 49.4252177 ], [ 5.489189, 49.4257283 ], [ 5.4892049, 49.426683 ], [ 5.4879442, 49.4266136 ], [ 5.4875295, 49.4271904 ], [ 5.4833398, 49.4261614 ], [ 5.4831935, 49.4258722 ], [ 5.479889, 49.4251018 ], [ 5.4790266, 49.4256869 ], [ 5.4785188, 49.4261919 ], [ 5.4779727, 49.427105 ], [ 5.4773767, 49.4275552 ], [ 5.4766117, 49.42773 ], [ 5.4757551, 49.4278087 ], [ 5.4730771, 49.4275361 ], [ 5.471706, 49.4270902 ], [ 5.4712443, 49.4280708 ], [ 5.4708613, 49.4279905 ], [ 5.4678172, 49.426523 ], [ 5.4648074, 49.4255097 ], [ 5.4653802, 49.4247472 ], [ 5.4665122, 49.4236567 ], [ 5.4672399, 49.4231068 ], [ 5.4678715, 49.4227666 ], [ 5.4681885, 49.4221046 ], [ 5.468957, 49.4213138 ], [ 5.4697439, 49.4207905 ], [ 5.4715474, 49.4198805 ], [ 5.4715451, 49.4187124 ], [ 5.471166, 49.4181374 ], [ 5.4708026, 49.4178319 ], [ 5.4707124, 49.417475 ], [ 5.4706373, 49.4153641 ], [ 5.4690974, 49.4149549 ], [ 5.4691527, 49.414729 ], [ 5.4708065, 49.413546 ], [ 5.4712194, 49.412846 ], [ 5.4691841, 49.412134 ], [ 5.4670134, 49.411502 ], [ 5.4637133, 49.4103381 ], [ 5.4633282, 49.4103838 ], [ 5.4633325, 49.4102713 ], [ 5.4625696, 49.4099388 ], [ 5.4595239, 49.4088434 ], [ 5.4586133, 49.4085903 ], [ 5.4556425, 49.4079942 ], [ 5.452446, 49.4071706 ], [ 5.4525394, 49.4067595 ], [ 5.4517201, 49.4065702 ], [ 5.4511054, 49.4059603 ], [ 5.4498359, 49.4052891 ], [ 5.4489221, 49.4049668 ], [ 5.4473, 49.404586 ], [ 5.4474752, 49.4041544 ] ] ], [ [ [ 5.5682317, 49.4197708 ], [ 5.5691337, 49.4184809 ], [ 5.5723989, 49.4159358 ], [ 5.5693887, 49.4141157 ], [ 5.5701419, 49.413356 ], [ 5.5709855, 49.412832599999987 ], [ 5.570887, 49.4127646 ], [ 5.5696852, 49.4129034 ], [ 5.5671245, 49.4128256 ], [ 5.565428, 49.4124704 ], [ 5.5637908, 49.4122263 ], [ 5.5629976, 49.4120174 ], [ 5.5621745, 49.4114863 ], [ 5.559285, 49.4070095 ], [ 5.5577601, 49.4063304 ], [ 5.5572068, 49.4059006 ], [ 5.5562263, 49.4042756 ], [ 5.5559622, 49.4040366 ], [ 5.5560405, 49.4037264 ], [ 5.5552902, 49.4027674 ], [ 5.5556867, 49.40226 ], [ 5.5556838, 49.4013409 ], [ 5.5558608, 49.4007706 ], [ 5.5549656, 49.3989199 ], [ 5.5547931, 49.3982751 ], [ 5.5542258, 49.3972259 ], [ 5.5542475, 49.3960527 ], [ 5.5547977, 49.395256 ], [ 5.55483, 49.3948237 ], [ 5.5549832, 49.3946343 ], [ 5.5558613, 49.3940312 ], [ 5.5565522, 49.393905 ], [ 5.5603039, 49.3946791 ], [ 5.5611043, 49.3950093 ], [ 5.5624456, 49.3953002 ], [ 5.563372, 49.3953381 ], [ 5.5643263, 49.3951038 ], [ 5.5645301, 49.3950186 ], [ 5.5630515, 49.3919419 ], [ 5.5648849, 49.3916017 ], [ 5.5680438, 49.3914294 ], [ 5.5688533, 49.3912513 ], [ 5.5708121, 49.3903616 ], [ 5.5726928, 49.3890652 ], [ 5.5742117, 49.3883359 ], [ 5.5747917, 49.3887211 ], [ 5.5764685, 49.3886143 ], [ 5.5769024, 49.3887777 ], [ 5.5818238, 49.3888382 ], [ 5.5819464, 49.3891414 ], [ 5.5823065, 49.3891238 ], [ 5.5820689, 49.3878743 ], [ 5.5836436, 49.3869953 ], [ 5.5855584, 49.3860865 ], [ 5.5880923, 49.3831607 ], [ 5.5881281, 49.3825025 ], [ 5.5887366, 49.3817548 ], [ 5.5893316, 49.3813409 ], [ 5.5902314, 49.3804151 ], [ 5.5909885, 49.380049 ], [ 5.591906, 49.3799143 ], [ 5.5930284, 49.3805944 ], [ 5.5936994, 49.3822123 ], [ 5.5932953, 49.3825042 ], [ 5.5933026, 49.3827865 ], [ 5.5936168, 49.3834461 ], [ 5.5939917, 49.3837511 ], [ 5.5946919, 49.3837046 ], [ 5.5953852, 49.3840126 ], [ 5.5956638, 49.3837997 ], [ 5.59583, 49.3831342 ], [ 5.59728, 49.382604 ], [ 5.5980681, 49.3826608 ], [ 5.5988168, 49.3828129 ], [ 5.59915, 49.3830278 ], [ 5.5995739, 49.3835925 ], [ 5.6000752, 49.3839172 ], [ 5.6013135, 49.3841613 ], [ 5.6019336, 49.3840553 ], [ 5.6025311, 49.3838581 ], [ 5.6031807, 49.3833548 ], [ 5.60416, 49.3829434 ], [ 5.604436, 49.3825157 ], [ 5.6051031, 49.3809158 ], [ 5.6049774, 49.3799004 ], [ 5.6050344, 49.3794207 ], [ 5.6048663, 49.3791195 ], [ 5.6051457, 49.3787618 ], [ 5.6057568, 49.3782072 ], [ 5.6085523, 49.3771604 ], [ 5.6096168, 49.3765303 ], [ 5.609662, 49.376389 ], [ 5.6095282, 49.376086199999989 ], [ 5.6097019, 49.3757344 ], [ 5.6107893, 49.3744428 ], [ 5.6116405, 49.3737643 ], [ 5.6122156, 49.3736421 ], [ 5.6126027, 49.3736446 ], [ 5.6129387, 49.3735339 ], [ 5.614443, 49.3724536 ], [ 5.6150612, 49.3721245 ], [ 5.6179021, 49.3734175 ], [ 5.6186197, 49.3736349 ], [ 5.618878, 49.3736239 ], [ 5.6198979, 49.3731764 ], [ 5.6201525, 49.3729011 ], [ 5.6213322, 49.3721299 ], [ 5.621579, 49.3720823 ], [ 5.6220216, 49.3721464 ], [ 5.622609, 49.3718621 ], [ 5.6233334, 49.3709137 ], [ 5.6234661, 49.3701113 ], [ 5.6233071, 49.3699898 ], [ 5.6232613, 49.3697407 ], [ 5.6251522, 49.3680637 ], [ 5.6247817, 49.3676832 ], [ 5.6246655, 49.3669708 ], [ 5.6221729, 49.3654276 ], [ 5.6202459, 49.3648218 ], [ 5.6194859, 49.3647718 ], [ 5.6185559, 49.3645185 ], [ 5.6183153, 49.364443699999988 ], [ 5.6185853, 49.3642292 ], [ 5.6125907, 49.3625395 ], [ 5.6123139, 49.3625113 ], [ 5.612167, 49.3626827 ], [ 5.6118984, 49.3638217 ], [ 5.6117217, 49.3641394 ], [ 5.6111971, 49.3638152 ], [ 5.6086353, 49.3628255 ], [ 5.6078596, 49.3625436 ], [ 5.6063735, 49.3621836 ], [ 5.6059668, 49.3615745 ], [ 5.6051725, 49.3612247 ], [ 5.6019374, 49.3618124 ], [ 5.5924102, 49.3626647 ], [ 5.5907023, 49.3535305 ], [ 5.5901694, 49.3478273 ], [ 5.5913519, 49.347829 ], [ 5.6037861, 49.3487416 ], [ 5.6051022, 49.3487429 ], [ 5.6074969, 49.3496284 ], [ 5.6108061, 49.3503835 ], [ 5.6130556, 49.3496774 ], [ 5.613602, 49.3491862 ], [ 5.6135993, 49.3489165 ], [ 5.6159798, 49.3490304 ], [ 5.6213396, 49.3509631 ], [ 5.621357, 49.3502207 ], [ 5.6215912, 49.3494394 ], [ 5.6287428, 49.3509218 ], [ 5.6280664, 49.3522092 ], [ 5.6308108, 49.3531648 ], [ 5.6322427, 49.3534359 ], [ 5.6338762, 49.3535568 ], [ 5.6340462, 49.3527886 ], [ 5.6363397, 49.3530542 ], [ 5.6373374, 49.353394 ], [ 5.6373449, 49.3525448 ], [ 5.637032, 49.3511099 ], [ 5.6357923, 49.3499138 ], [ 5.6356689, 49.3492771 ], [ 5.6353749, 49.3487762 ], [ 5.6363621, 49.3480514 ], [ 5.6363908, 49.347887 ], [ 5.6361206, 49.3473677 ], [ 5.6362996, 49.3472343 ], [ 5.6365649, 49.3472267 ], [ 5.6368199, 49.3470979 ], [ 5.6368353, 49.346969 ], [ 5.6365945, 49.3466199 ], [ 5.6369087, 49.346302699999988 ], [ 5.6378298, 49.3464949 ], [ 5.6387849, 49.3457635 ], [ 5.639088, 49.3456345 ], [ 5.6392255, 49.3456306 ], [ 5.6395057, 49.345888 ], [ 5.6399423, 49.345865 ], [ 5.6400857, 49.345467 ], [ 5.6406517, 49.3454718 ], [ 5.6408986, 49.3451588 ], [ 5.6419712, 49.3448403 ], [ 5.6424438, 49.3444999 ], [ 5.6424281, 49.3438716 ], [ 5.6421439, 49.343402 ], [ 5.642415, 49.3424877 ], [ 5.6439558, 49.3416643 ], [ 5.6451106, 49.3414223 ], [ 5.6454658, 49.3408074 ], [ 5.6459369, 49.3402502 ], [ 5.6456419, 49.3399203 ], [ 5.6456805, 49.3396263 ], [ 5.6454627, 49.3390563 ], [ 5.6447936, 49.338409 ], [ 5.6448176, 49.3382313 ], [ 5.645111, 49.3378867 ], [ 5.6457186, 49.3374965 ], [ 5.655096, 49.3412725 ], [ 5.6540865, 49.3423577 ], [ 5.659067, 49.3443951 ], [ 5.6606202, 49.3441369 ], [ 5.6655825, 49.344426 ], [ 5.6665518, 49.3454677 ], [ 5.6670083, 49.3458048 ], [ 5.667431, 49.346604 ], [ 5.6676099, 49.3466828 ], [ 5.6699704, 49.3471802 ], [ 5.6719931, 49.347774 ], [ 5.6761871, 49.3491679 ], [ 5.6795861, 49.3501476 ], [ 5.6805472, 49.350361 ], [ 5.6831175, 49.350626 ], [ 5.6832156, 49.3561353 ], [ 5.685181, 49.3564649 ], [ 5.6870389, 49.3563157 ], [ 5.6880705, 49.3564537 ], [ 5.6892223, 49.3567843 ], [ 5.69294, 49.3583924 ], [ 5.6942425, 49.3566005 ], [ 5.6940201, 49.3564022 ], [ 5.6964111, 49.3533089 ], [ 5.6991157, 49.3534508 ], [ 5.6997297, 49.3536593 ], [ 5.7000772, 49.353933 ], [ 5.6994242, 49.3553462 ], [ 5.7007402, 49.3557611 ], [ 5.7020329, 49.3549425 ], [ 5.7024206, 49.354932 ], [ 5.7044172, 49.3543576 ], [ 5.7067137, 49.3539626 ], [ 5.7080153, 49.3539452 ], [ 5.7083859, 49.3541329 ], [ 5.7082519, 49.3547026 ], [ 5.7111574, 49.3551006 ], [ 5.7110423, 49.3579129 ], [ 5.7105857, 49.3585528 ], [ 5.7099998, 49.3590633 ], [ 5.7100438, 49.3595336 ], [ 5.7110691, 49.3598631 ], [ 5.7117811, 49.3602582 ], [ 5.7121751, 49.3607845 ], [ 5.7129136, 49.3614991 ], [ 5.7124973, 49.3622757 ], [ 5.71223, 49.3634518 ], [ 5.7104862, 49.3660893 ], [ 5.7111572, 49.3668019 ], [ 5.7130768, 49.3678714 ], [ 5.7142494, 49.368668 ], [ 5.7148937, 49.3699693 ], [ 5.715324, 49.3702951 ], [ 5.716032, 49.3705832 ], [ 5.7159443, 49.3713497 ], [ 5.7154824, 49.3720472 ], [ 5.7140992, 49.3729282 ], [ 5.7136681, 49.3738966 ], [ 5.7139148, 49.3740575 ], [ 5.7137287, 49.3744979 ], [ 5.7120044, 49.375418 ], [ 5.7093908, 49.3746195 ], [ 5.7081493, 49.3764973 ], [ 5.70984, 49.3771897 ], [ 5.708989, 49.3784275 ], [ 5.7082023, 49.3793418 ], [ 5.7084129, 49.3814093 ], [ 5.708599, 49.3817523 ], [ 5.7080007, 49.3835015 ], [ 5.7074544, 49.383618 ], [ 5.7076311, 49.3840701 ], [ 5.7074115, 49.3840858 ], [ 5.7072145, 49.384217 ], [ 5.7056951, 49.3854526 ], [ 5.7049947, 49.387017 ], [ 5.7041971, 49.3878848 ], [ 5.703626, 49.3882123 ], [ 5.7029415, 49.3884525 ], [ 5.7012167, 49.3889812 ], [ 5.6997951, 49.3893277 ], [ 5.698591, 49.3895398 ], [ 5.6963247, 49.3895688 ], [ 5.6942349, 49.3902333 ], [ 5.6932327, 49.3904346 ], [ 5.6917696, 49.3913323 ], [ 5.6900895, 49.3921144 ], [ 5.6890129, 49.3916302 ], [ 5.6886398, 49.3920576 ], [ 5.6880442, 49.3930547 ], [ 5.6868877, 49.3937325 ], [ 5.6894577, 49.3947393 ], [ 5.6905607, 49.3953066 ], [ 5.6927495, 49.3962157 ], [ 5.6946218, 49.3982632 ], [ 5.6945569, 49.3988663 ], [ 5.6932212, 49.4004151 ], [ 5.6929608, 49.4009947 ], [ 5.6929406, 49.401479 ], [ 5.6919479, 49.4020758 ], [ 5.6920734, 49.4026854 ], [ 5.6918312, 49.4049599 ], [ 5.6918852, 49.4087351 ], [ 5.6922555, 49.4150277 ], [ 5.6926761, 49.4155328 ], [ 5.6921204, 49.4161099 ], [ 5.6914373, 49.4165172 ], [ 5.6907374, 49.4161812 ], [ 5.6901321, 49.4157306 ], [ 5.6889733, 49.4152113 ], [ 5.6883357, 49.4150384 ], [ 5.6879787, 49.4150383 ], [ 5.6878917, 49.4153271 ], [ 5.6877534, 49.4153697 ], [ 5.6863515, 49.4150258 ], [ 5.6854849, 49.4149551 ], [ 5.685119, 49.41476 ], [ 5.6841459, 49.4147609 ], [ 5.6833379, 49.4142806 ], [ 5.6820645, 49.4144168 ], [ 5.680948, 49.4142329 ], [ 5.6804674, 49.4143748 ], [ 5.6796005, 49.4144822 ], [ 5.678775, 49.4148305 ], [ 5.6781241, 49.4153557 ], [ 5.6774197, 49.4154873 ], [ 5.6770961, 49.4157859 ], [ 5.6772121, 49.4160288 ], [ 5.6767673, 49.4165405 ], [ 5.6763195, 49.4174201 ], [ 5.6763755, 49.418445 ], [ 5.6766265, 49.4188981 ], [ 5.6766367, 49.4196515 ], [ 5.6763739, 49.4199784 ], [ 5.6759873, 49.4201533 ], [ 5.6755793, 49.4207109 ], [ 5.6753255, 49.4208946 ], [ 5.6751466, 49.4213788 ], [ 5.6746834, 49.4214844 ], [ 5.674151, 49.4214539 ], [ 5.6735721, 49.4216151 ], [ 5.6729503, 49.4214013 ], [ 5.6727683, 49.4214017 ], [ 5.6716967, 49.4220567 ], [ 5.6705448, 49.4221757 ], [ 5.6697236, 49.4220526 ], [ 5.6690871, 49.4224866 ], [ 5.6688061, 49.4230234 ], [ 5.6677602, 49.4234584 ], [ 5.6671529, 49.4241633 ], [ 5.666368, 49.4242886 ], [ 5.6658844, 49.424694 ], [ 5.6652749, 49.4246652 ], [ 5.6647589, 49.4247647 ], [ 5.663904, 49.4252152 ], [ 5.6630782, 49.4250823 ], [ 5.6624266, 49.4251991 ], [ 5.6619617, 49.4254612 ], [ 5.6618204, 49.4259022 ], [ 5.6614534, 49.426003799999989 ], [ 5.6610114, 49.4260145 ], [ 5.6605323, 49.4262939 ], [ 5.6593692, 49.4266261 ], [ 5.6588334, 49.4266352 ], [ 5.6585795, 49.4262856 ], [ 5.6583508, 49.4262087 ], [ 5.6574069, 49.4264057 ], [ 5.6565971, 49.4263965 ], [ 5.6557752, 49.426554 ], [ 5.6550942, 49.4265824 ], [ 5.6539235, 49.4269265 ], [ 5.6528621, 49.4271179 ], [ 5.6522427, 49.4274597 ], [ 5.6522318, 49.4277307 ], [ 5.6519022, 49.4279969 ], [ 5.6506597, 49.4282327 ], [ 5.6493117, 49.4282155 ], [ 5.6492378, 49.4283062 ], [ 5.649473, 49.4286706 ], [ 5.6494418, 49.4289204 ], [ 5.6471, 49.4293386 ], [ 5.6462953, 49.429885 ], [ 5.646335, 49.4305514 ], [ 5.6461952, 49.431077 ], [ 5.6463964, 49.4316382 ], [ 5.646931, 49.4323532 ], [ 5.6468382, 49.4331763 ], [ 5.6453724, 49.4337398 ], [ 5.6443908, 49.4337442 ], [ 5.643916, 49.4332518 ], [ 5.6434089, 49.4332584 ], [ 5.6426837, 49.4333957 ], [ 5.6414965, 49.4333685 ], [ 5.6402278, 49.4334745 ], [ 5.6388034, 49.43318 ], [ 5.6375734, 49.4332338 ], [ 5.6367743, 49.4335147 ], [ 5.6360742, 49.4343852 ], [ 5.6353555, 49.4350249 ], [ 5.6351671, 49.4353852 ], [ 5.6348968, 49.4368128 ], [ 5.6347838, 49.4369772 ], [ 5.6340516, 49.4377314 ], [ 5.6336845, 49.4378339 ], [ 5.6330744, 49.4377698 ], [ 5.632471, 49.4373773 ], [ 5.6316484, 49.4372019 ], [ 5.6313595, 49.4370526 ], [ 5.6309948, 49.4365812 ], [ 5.630905, 49.4362009 ], [ 5.6303613, 49.4357892 ], [ 5.6303963, 49.4354745 ], [ 5.6307571, 49.4352761 ], [ 5.6308891, 49.4351077 ], [ 5.630398, 49.4346984 ], [ 5.6294632, 49.4342151 ], [ 5.6283155, 49.433883 ], [ 5.6269057, 49.4338453 ], [ 5.6261899, 49.4339238 ], [ 5.6238196, 49.4335732 ], [ 5.6228679, 49.4335147 ], [ 5.6225988, 49.4316688 ], [ 5.62243, 49.431360399999988 ], [ 5.620896, 49.4316716 ], [ 5.6196668, 49.4316316 ], [ 5.6179512, 49.431327 ], [ 5.6173495, 49.4312897 ], [ 5.6169398, 49.4313678 ], [ 5.6161501, 49.4317545 ], [ 5.6158112, 49.4304578 ], [ 5.6159775, 49.4298247 ], [ 5.6164179, 49.429183 ], [ 5.6168354, 49.4281739 ], [ 5.617111, 49.427087 ], [ 5.6175587, 49.4265359 ], [ 5.6176014, 49.4261294 ], [ 5.6172911, 49.4247449 ], [ 5.6168237, 49.4239033 ], [ 5.616467, 49.4234749 ], [ 5.6171282, 49.4208346 ], [ 5.6169586, 49.4208338 ], [ 5.6141578, 49.4221192 ], [ 5.6156924, 49.4243748 ], [ 5.6162072, 49.4245228 ], [ 5.6148035, 49.4257115 ], [ 5.6136915, 49.4255619 ], [ 5.612224, 49.425251 ], [ 5.6110779, 49.4245634 ], [ 5.6105641, 49.4240826 ], [ 5.6103014, 49.4234156 ], [ 5.6097248, 49.4230269 ], [ 5.608524, 49.4225645 ], [ 5.606578, 49.4223034 ], [ 5.606398, 49.4216337 ], [ 5.6058355, 49.4214695 ], [ 5.6059449, 49.421016599999987 ], [ 5.6067704, 49.42014 ], [ 5.6082957, 49.4181116 ], [ 5.6082802, 49.4178871 ], [ 5.6078627, 49.4178088 ], [ 5.6066994, 49.4190093 ], [ 5.6065617, 49.4190132 ], [ 5.6065703, 49.4191569 ], [ 5.6057311, 49.4200338 ], [ 5.6037711, 49.4212936 ], [ 5.603031, 49.4222242 ], [ 5.6023502, 49.4223386 ], [ 5.6017859, 49.4226556 ], [ 5.6010943, 49.4234025 ], [ 5.6005471, 49.4237875 ], [ 5.5997319, 49.4239705 ], [ 5.5987172, 49.4238331 ], [ 5.5964352, 49.4229783 ], [ 5.5947028, 49.4225784 ], [ 5.5943403, 49.4224153 ], [ 5.5937562, 49.4219575 ], [ 5.5941144, 49.4215712 ], [ 5.5940338, 49.4213931 ], [ 5.5926478, 49.4203967 ], [ 5.5920083, 49.4200992 ], [ 5.5907802, 49.4191974 ], [ 5.590499, 49.4191153 ], [ 5.5888216, 49.4198347 ], [ 5.5874147, 49.4193783 ], [ 5.5837213, 49.41786 ], [ 5.583446, 49.4178677 ], [ 5.583299, 49.4187854 ], [ 5.5815919, 49.4192427 ], [ 5.5795783, 49.4195798 ], [ 5.5790571, 49.420018 ], [ 5.5789487, 49.420166 ], [ 5.5797928, 49.4209718 ], [ 5.5800341, 49.421964 ], [ 5.5784378, 49.422186 ], [ 5.5774392, 49.4224231 ], [ 5.5723887, 49.4228498 ], [ 5.5704455, 49.423276 ], [ 5.5703715, 49.4233693 ], [ 5.5697451, 49.4218673 ], [ 5.5686684, 49.4204845 ], [ 5.5682317, 49.4197708 ] ] ] ] } },
{ "type": "Feature", "properties": { "code_departement": 55.0, "code_rne": "0550006H", "multisecteur": 0.0 }, "geometry": { "type": "MultiPolygon", "coordinates": [ [ [ [ 5.5841821, 49.2549067 ], [ 5.5935875, 49.2557176 ], [ 5.5972404, 49.2564646 ], [ 5.598721, 49.2562582 ], [ 5.5994987, 49.2558727 ], [ 5.6002252, 49.2557563 ], [ 5.6006946, 49.255444 ], [ 5.6012363, 49.2554503 ], [ 5.6021543, 49.2556427 ], [ 5.6019129, 49.2566347 ], [ 5.6053494, 49.257146 ], [ 5.6047414, 49.2582772 ], [ 5.6068764, 49.2589488 ], [ 5.6072748, 49.2582647 ], [ 5.6082921, 49.2572101 ], [ 5.6096363, 49.2569166 ], [ 5.6098113, 49.2570333 ], [ 5.6102031, 49.2569277 ], [ 5.6106342, 49.2570011 ], [ 5.6111395, 49.2568319 ], [ 5.6114779, 49.2568102 ], [ 5.6120555, 49.2565485 ], [ 5.6121525, 49.2563458 ], [ 5.6125653, 49.2563018 ], [ 5.61283, 49.2559939 ], [ 5.6130942, 49.2558928 ], [ 5.6132034, 49.2557141 ], [ 5.6139242, 49.2553216 ], [ 5.6142665, 49.255325 ], [ 5.6146077, 49.2555775 ], [ 5.615073, 49.2554577 ], [ 5.6152857, 49.2552894 ], [ 5.6155322, 49.2548379 ], [ 5.6160432, 49.2546442 ], [ 5.6163548, 49.2543937 ], [ 5.6164782, 49.2539269 ], [ 5.6169095, 49.2537071 ], [ 5.6168212, 49.2532647 ], [ 5.6170833, 49.2529864 ], [ 5.6185419, 49.2524853 ], [ 5.6188437, 49.2527198 ], [ 5.62253, 49.2503847 ], [ 5.6225778, 49.2501354 ], [ 5.621977, 49.2494774 ], [ 5.6215482, 49.2491773 ], [ 5.6192421, 49.2480024 ], [ 5.6187782, 49.2476598 ], [ 5.6206782, 49.246979 ], [ 5.6212621, 49.2441609 ], [ 5.6220171, 49.2416574 ], [ 5.626182, 49.2426497 ], [ 5.6289504, 49.2434088 ], [ 5.6359466, 49.2432047 ], [ 5.6361974, 49.2428692 ], [ 5.6373773, 49.2427831 ], [ 5.6378339, 49.2426849 ], [ 5.6385886, 49.243395199999988 ], [ 5.6405745, 49.2447531 ], [ 5.641381, 49.2442965 ], [ 5.643622, 49.2449994 ], [ 5.6445191, 49.2449986 ], [ 5.6460585, 49.2452239 ], [ 5.646656, 49.2451424 ], [ 5.6477632, 49.2455408 ], [ 5.6484985, 49.2458944 ], [ 5.6490491, 49.2460487 ], [ 5.6512777, 49.246318099999989 ], [ 5.6536539, 49.2463576 ], [ 5.6547986, 49.2469503 ], [ 5.6563852, 49.2471583 ], [ 5.657227, 49.2470695 ], [ 5.6589514, 49.2465359 ], [ 5.659531, 49.246186699999988 ], [ 5.6599342, 49.2457713 ], [ 5.6604323, 49.2449057 ], [ 5.66044, 49.2446546 ], [ 5.6614559, 49.2434655 ], [ 5.6615742, 49.2432021 ], [ 5.661531, 49.2427092 ], [ 5.6621056, 49.2419158 ], [ 5.6624491, 49.2417031 ], [ 5.6627466, 49.2413709 ], [ 5.6636018, 49.239759 ], [ 5.6646009, 49.2391801 ], [ 5.665664, 49.2375771 ], [ 5.6682079, 49.2363227 ], [ 5.6692411, 49.2352105 ], [ 5.6701956, 49.2356319 ], [ 5.6725438, 49.2337305 ], [ 5.6739623, 49.2344132 ], [ 5.6725496, 49.2359674 ], [ 5.6739117, 49.2365948 ], [ 5.672967, 49.2375854 ], [ 5.6769719, 49.2391327 ], [ 5.6786792, 49.2371392 ], [ 5.6802218, 49.2375898 ], [ 5.6809868, 49.2370295 ], [ 5.6835235, 49.2380255 ], [ 5.6838773, 49.2378548 ], [ 5.6875866, 49.2389685 ], [ 5.6870047, 49.2419912 ], [ 5.6879138, 49.2422489 ], [ 5.6888325, 49.2415808 ], [ 5.6931479, 49.2403717 ], [ 5.694439, 49.2401558 ], [ 5.6955716, 49.2402204 ], [ 5.6964033, 49.240388 ], [ 5.6973853, 49.2407259 ], [ 5.7004891, 49.2424149 ], [ 5.7020774, 49.242812 ], [ 5.703707, 49.2441274 ], [ 5.7043386, 49.2437274 ], [ 5.7048044, 49.2440947 ], [ 5.7060857, 49.2447928 ], [ 5.7075869, 49.2452817 ], [ 5.7099002, 49.2457721 ], [ 5.710546, 49.2459816 ], [ 5.7124957, 49.246821 ], [ 5.7148422, 49.2480186 ], [ 5.7187044, 49.2488517 ], [ 5.7191173, 49.2488127 ], [ 5.7199353, 49.2484813 ], [ 5.7209603, 49.2477754 ], [ 5.7220269, 49.2489819 ], [ 5.7226147, 49.2498645 ], [ 5.7233591, 49.2512905 ], [ 5.723784, 49.2525222 ], [ 5.7250444, 49.253414 ], [ 5.7260808, 49.2536802 ], [ 5.7279792, 49.2548633 ], [ 5.728829, 49.2555493 ], [ 5.7302398, 49.2570753 ], [ 5.7290036, 49.2579965 ], [ 5.7270713, 49.259948099999988 ], [ 5.7270798, 49.2600828 ], [ 5.7283624, 49.2607662 ], [ 5.7283022, 49.2609025 ], [ 5.7269065, 49.2616168 ], [ 5.7228073, 49.2644178 ], [ 5.7241464, 49.265390499999988 ], [ 5.7263539, 49.267396 ], [ 5.7265828, 49.2677497 ], [ 5.7266775, 49.2681622 ], [ 5.7252876, 49.268889 ], [ 5.7248615, 49.2688617 ], [ 5.7247025, 49.2689229 ], [ 5.7248101, 49.2693216 ], [ 5.7251027, 49.2697342 ], [ 5.726418, 49.2694175 ], [ 5.727077, 49.2700287 ], [ 5.7273478, 49.2699758 ], [ 5.7290747, 49.2690732 ], [ 5.7307031, 49.269791 ], [ 5.7339473, 49.2708599 ], [ 5.7397642, 49.2734147 ], [ 5.7406362, 49.2723083 ], [ 5.7418835, 49.2733261 ], [ 5.7427223, 49.2733313 ], [ 5.743303, 49.2749732 ], [ 5.7465545, 49.2747958 ], [ 5.746671, 49.2755649 ], [ 5.7472015, 49.2755105 ], [ 5.7472563, 49.2750145 ], [ 5.7475142, 49.2746696 ], [ 5.748579, 49.2751742 ], [ 5.7491871, 49.2756209 ], [ 5.7484289, 49.2761761 ], [ 5.7484479, 49.2766893 ], [ 5.7476674, 49.2773412 ], [ 5.7475774, 49.2775627 ], [ 5.7496565, 49.2784733 ], [ 5.752249, 49.2799083 ], [ 5.7535099, 49.2802465 ], [ 5.7540313, 49.2803299 ], [ 5.7555918, 49.2785007 ], [ 5.7566496, 49.2784082 ], [ 5.7570851, 49.2781958 ], [ 5.7575248, 49.2778305 ], [ 5.7618248, 49.2789006 ], [ 5.7611808, 49.2797384 ], [ 5.7609865, 49.2796789 ], [ 5.7605684, 49.2802174 ], [ 5.7615603, 49.280845 ], [ 5.7621244, 49.281829699999989 ], [ 5.7614727, 49.2821639 ], [ 5.7622138, 49.2831148 ], [ 5.7639403, 49.2846719 ], [ 5.7644612, 49.284463 ], [ 5.765383, 49.2856031 ], [ 5.7632045, 49.2870086 ], [ 5.7640515, 49.2878032 ], [ 5.7634726, 49.2879838 ], [ 5.7655346, 49.289794 ], [ 5.7656264, 49.28971 ], [ 5.7678175, 49.2904891 ], [ 5.767038, 49.291236499999989 ], [ 5.7676301, 49.2915071 ], [ 5.7669832, 49.292318 ], [ 5.7659772, 49.293921499999989 ], [ 5.7651063, 49.2948913 ], [ 5.7632182, 49.2946386 ], [ 5.7628604, 49.2950453 ], [ 5.7638009, 49.2952972 ], [ 5.763915, 49.2951678 ], [ 5.7668327, 49.2957962 ], [ 5.7668824, 49.2957231 ], [ 5.7686412, 49.2961046 ], [ 5.7681785, 49.2969914 ], [ 5.7684296, 49.297055799999988 ], [ 5.7674781, 49.2978305 ], [ 5.7673355, 49.2977627 ], [ 5.7666708, 49.2980873 ], [ 5.7681835, 49.2995206 ], [ 5.7679833, 49.299608 ], [ 5.7681116, 49.2996671 ], [ 5.7679566, 49.3004451 ], [ 5.7665471, 49.3011691 ], [ 5.7669048, 49.3013759 ], [ 5.7675435, 49.3022571 ], [ 5.7685508, 49.3027278 ], [ 5.7681871, 49.3030492 ], [ 5.7691175, 49.3036251 ], [ 5.7676641, 49.3045328 ], [ 5.7683283, 49.3048881 ], [ 5.7685285, 49.3051057 ], [ 5.768192, 49.3052186 ], [ 5.7674738, 49.3057028 ], [ 5.7657367, 49.3074022 ], [ 5.7643422, 49.3100804 ], [ 5.7631129, 49.3132774 ], [ 5.7629693, 49.3147576 ], [ 5.7631754, 49.3168594 ], [ 5.760505, 49.3155515 ], [ 5.7581296, 49.3147909 ], [ 5.7572405, 49.3145801 ], [ 5.7576787, 49.3137425 ], [ 5.7551276, 49.3129103 ], [ 5.7554057, 49.3125802 ], [ 5.7503295, 49.3102368 ], [ 5.7494122, 49.3097009 ], [ 5.7462232, 49.3092581 ], [ 5.7454913, 49.3092567 ], [ 5.7453966, 49.3093129 ], [ 5.7437838, 49.310804 ], [ 5.7399986, 49.3094175 ], [ 5.738429, 49.3105343 ], [ 5.7374497, 49.3117555 ], [ 5.7372159, 49.3119137 ], [ 5.7336025, 49.3101076 ], [ 5.7334626, 49.3101153 ], [ 5.732721, 49.3111268 ], [ 5.7325355, 49.3111814 ], [ 5.728737, 49.3101376 ], [ 5.7292309, 49.3096452 ], [ 5.7261419, 49.3088255 ], [ 5.725168, 49.3084346 ], [ 5.7227122, 49.3076733 ], [ 5.7203396, 49.3071323 ], [ 5.7198028, 49.3079341 ], [ 5.717962, 49.3078262 ], [ 5.7176324, 49.3091424 ], [ 5.7168296, 49.3100419 ], [ 5.7157431, 49.3108839 ], [ 5.7155941, 49.3109017 ], [ 5.7140932, 49.3102204 ], [ 5.7129924, 49.3112885 ], [ 5.7118131, 49.3128539 ], [ 5.7097474, 49.3124992 ], [ 5.7091527, 49.3134623 ], [ 5.7086918, 49.3133036 ], [ 5.7071199, 49.3131311 ], [ 5.7046879, 49.3125865 ], [ 5.7040878, 49.3121862 ], [ 5.7038336, 49.311878 ], [ 5.7036942, 49.3112389 ], [ 5.7038338, 49.3109633 ], [ 5.6956455, 49.307849 ], [ 5.6961, 49.3073073 ], [ 5.6936512, 49.3063267 ], [ 5.6932391, 49.3067595 ], [ 5.6894043, 49.3062631 ], [ 5.6890035, 49.3078119 ], [ 5.6884701, 49.3077383 ], [ 5.6886859, 49.3069438 ], [ 5.6868522, 49.306677 ], [ 5.6865782, 49.3066723 ], [ 5.6864195, 49.3077192 ], [ 5.6849345, 49.3075741 ], [ 5.6838228, 49.3072256 ], [ 5.683937, 49.3058496 ], [ 5.6831678, 49.3027483 ], [ 5.682849, 49.3023308 ], [ 5.6828187, 49.3021193 ], [ 5.6830997, 49.3017038 ], [ 5.6845752, 49.3007985 ], [ 5.6830546, 49.2999625 ], [ 5.6809688, 49.2984132 ], [ 5.6816588, 49.2980597 ], [ 5.6794701, 49.2965136 ], [ 5.6805547, 49.2960272 ], [ 5.6811018, 49.2958621 ], [ 5.6828239, 49.2957096 ], [ 5.6830105, 49.2952764 ], [ 5.684782, 49.2951489 ], [ 5.6834787, 49.2932252 ], [ 5.6829497, 49.2927845 ], [ 5.6843131, 49.2915786 ], [ 5.6851794, 49.2905735 ], [ 5.6844138, 49.2902892 ], [ 5.6867322, 49.2872496 ], [ 5.6848616, 49.2867363 ], [ 5.6834242, 49.2865676 ], [ 5.68317, 49.286889 ], [ 5.6823462, 49.2869127 ], [ 5.6796618, 49.2868518 ], [ 5.678272, 49.286621 ], [ 5.6773628, 49.2863767 ], [ 5.6769369, 49.286092 ], [ 5.6759046, 49.2859908 ], [ 5.6751692, 49.285811 ], [ 5.6744787, 49.2855664 ], [ 5.67445, 49.2851182 ], [ 5.6731749, 49.2848172 ], [ 5.6728546, 49.2854818 ], [ 5.6728864, 49.285671799999989 ], [ 5.6723586, 49.286287 ], [ 5.6713981, 49.2867769 ], [ 5.6701828, 49.2869414 ], [ 5.6700122, 49.2873644 ], [ 5.6667648, 49.2870539 ], [ 5.6663919, 49.286781499999989 ], [ 5.6653943, 49.2869538 ], [ 5.6656557, 49.2873042 ], [ 5.6653848, 49.2873569 ], [ 5.6612017, 49.2878576 ], [ 5.6598588, 49.2877343 ], [ 5.6594888, 49.2893084 ], [ 5.6586756, 49.289270599999988 ], [ 5.6562559, 49.2903753 ], [ 5.6535099, 49.2908054 ], [ 5.6526093, 49.2925468 ], [ 5.6523009, 49.2924321 ], [ 5.650778, 49.2951252 ], [ 5.6477157, 49.2941131 ], [ 5.6474484, 49.2972131 ], [ 5.6466444, 49.2981625 ], [ 5.6464325, 49.2987239 ], [ 5.6463039, 49.2994355 ], [ 5.6463766, 49.3007732 ], [ 5.6462511, 49.3019731 ], [ 5.6446353, 49.3016847 ], [ 5.6436777, 49.3015977 ], [ 5.6425391, 49.301629 ], [ 5.6414234, 49.3017856 ], [ 5.6394152, 49.3024295 ], [ 5.6381054, 49.3036858 ], [ 5.6374582, 49.3048566 ], [ 5.6372157, 49.305790099999989 ], [ 5.6343273, 49.3060628 ], [ 5.6332144, 49.3060601 ], [ 5.6326549, 49.305958 ], [ 5.6318257, 49.3056667 ], [ 5.6310397, 49.3053322 ], [ 5.6298032, 49.3046315 ], [ 5.6292837, 49.3045304 ], [ 5.6286979, 49.3045881 ], [ 5.627931, 49.3045463 ], [ 5.62606, 49.3039719 ], [ 5.6258385, 49.3045379 ], [ 5.6251397, 49.3054301 ], [ 5.6248521, 49.3051287 ], [ 5.6245762, 49.3049791 ], [ 5.6230156, 49.3026619 ], [ 5.6218459, 49.3014578 ], [ 5.6206278, 49.3003843 ], [ 5.6187906, 49.3018542 ], [ 5.6183673, 49.3020235 ], [ 5.6171365, 49.3022976 ], [ 5.6164364, 49.3027031 ], [ 5.615755, 49.3021494 ], [ 5.616309, 49.3015474 ], [ 5.6162644, 49.3008297 ], [ 5.6164775, 49.2998798 ], [ 5.6132814, 49.2982248 ], [ 5.6118508, 49.2972952 ], [ 5.6106702, 49.2963593 ], [ 5.6097392, 49.2959783 ], [ 5.6087222, 49.3002923 ], [ 5.6085718, 49.3007435 ], [ 5.6081012, 49.3011746 ], [ 5.6081038, 49.3013895 ], [ 5.6057257, 49.3017691 ], [ 5.6025783, 49.3016239 ], [ 5.6010552, 49.3016657 ], [ 5.5994383, 49.3013497 ], [ 5.5965988, 49.3004863 ], [ 5.5954402, 49.3007765 ], [ 5.5943703, 49.3009164 ], [ 5.5935557, 49.3009348 ], [ 5.5933241, 49.3007599 ], [ 5.5931976, 49.3005144 ], [ 5.59279, 49.2994097 ], [ 5.5940078, 49.298684699999988 ], [ 5.5947502, 49.2975849 ], [ 5.5954785, 49.2970521 ], [ 5.5939688, 49.2962921 ], [ 5.5955362, 49.2944524 ], [ 5.593496, 49.2936697 ], [ 5.595027, 49.291873 ], [ 5.5944673, 49.2914902 ], [ 5.5938271, 49.2907637 ], [ 5.5935207, 49.2898646 ], [ 5.5938522, 49.2894842 ], [ 5.5938013, 49.2893468 ], [ 5.5923275, 49.2887489 ], [ 5.5915723, 49.2883037 ], [ 5.5910527, 49.2878138 ], [ 5.590966, 49.2873732 ], [ 5.5911999, 49.2866927 ], [ 5.5916428, 49.2861201 ], [ 5.5914323, 49.2858162 ], [ 5.591121, 49.2855854 ], [ 5.5916359, 49.2851048 ], [ 5.5916554, 49.2848085 ], [ 5.5922025, 49.2842328 ], [ 5.5925258, 49.2820996 ], [ 5.593289, 49.2808438 ], [ 5.5927532, 49.2808517 ], [ 5.5923004, 49.2812797 ], [ 5.5918367, 49.2814632 ], [ 5.5912934, 49.2814857 ], [ 5.5903167, 49.2813106 ], [ 5.5898686, 49.2813391 ], [ 5.5884041, 49.281196 ], [ 5.5876538, 49.2813686 ], [ 5.586108, 49.2819351 ], [ 5.584604, 49.2827885 ], [ 5.5829868, 49.2829734 ], [ 5.582301, 49.2828693 ], [ 5.5820327, 49.2827545 ], [ 5.5806505, 49.2830467 ], [ 5.5805575, 49.2831126 ], [ 5.5805893, 49.2845186 ], [ 5.5803958, 49.2849949 ], [ 5.5795761, 49.2863094 ], [ 5.5784151, 49.2860509 ], [ 5.5765467, 49.2858615 ], [ 5.5736161, 49.2863459 ], [ 5.5729694, 49.2863102 ], [ 5.5720765, 49.2860774 ], [ 5.5765778, 49.2794308 ], [ 5.5794226, 49.2744843 ], [ 5.5830349, 49.2676081 ], [ 5.5849061, 49.2644056 ], [ 5.5834021, 49.2642606 ], [ 5.5825634, 49.2640888 ], [ 5.5814671, 49.2640691 ], [ 5.5798907, 49.2637116 ], [ 5.5785219, 49.2636023 ], [ 5.5744413, 49.2646195 ], [ 5.5731667, 49.2652979 ], [ 5.5715036, 49.2658766 ], [ 5.5708121, 49.2652932 ], [ 5.5730704, 49.2642764 ], [ 5.5720992, 49.2636774 ], [ 5.5724562, 49.2632569 ], [ 5.5740667, 49.263666 ], [ 5.5751255, 49.2632647 ], [ 5.5760848, 49.263210099999988 ], [ 5.576948, 49.2628255 ], [ 5.5777538, 49.2626968 ], [ 5.579221, 49.2626313 ], [ 5.5803621, 49.2601891 ], [ 5.5816352, 49.2565704 ], [ 5.5841821, 49.2549067 ] ] ] ] } },
{ "type": "Feature", "properties": { "code_departement": 55.0, "code_rne": "0550007J", "multisecteur": 0.0 }, "geometry": { "type": "MultiPolygon", "coordinates": [ [ [ [ 5.1586289, 49.2991439 ], [ 5.1583945, 49.2999197 ], [ 5.1578006, 49.2997244 ], [ 5.1564533, 49.3011477 ], [ 5.1545206, 49.3025824 ], [ 5.1524851, 49.3042572 ], [ 5.1513949, 49.3048935 ], [ 5.1514198, 49.3050603 ], [ 5.1503597, 49.3053625 ], [ 5.1503703, 49.3055511 ], [ 5.1495676, 49.305926 ], [ 5.1483584, 49.3067101 ], [ 5.1445636, 49.3082218 ], [ 5.1439208, 49.3078123 ], [ 5.1429589, 49.3087584 ], [ 5.1424148, 49.3089389 ], [ 5.1400127, 49.309316 ], [ 5.140042, 49.3095601 ], [ 5.1371625, 49.3093053 ], [ 5.1370109, 49.3094312 ], [ 5.1329909, 49.3092343 ], [ 5.1324876, 49.3105993 ], [ 5.1317708, 49.310594 ], [ 5.131313, 49.3112 ], [ 5.1307729, 49.3112428 ], [ 5.1309556, 49.310504 ], [ 5.1294107, 49.3100619 ], [ 5.1278036, 49.3110785 ], [ 5.1279245, 49.3115422 ], [ 5.1278526, 49.3116999 ], [ 5.1273313, 49.3120013 ], [ 5.1276606, 49.3128157 ], [ 5.1275878, 49.3132189 ], [ 5.1284932, 49.313327 ], [ 5.1304207, 49.3133722 ], [ 5.1329904, 49.3132819 ], [ 5.1329721, 49.3135376 ], [ 5.1352435, 49.3139839 ], [ 5.1342613, 49.3160093 ], [ 5.1352695, 49.316207299999988 ], [ 5.1350135, 49.3167361 ], [ 5.1382064, 49.3175069 ], [ 5.1371658, 49.3182195 ], [ 5.1368072, 49.3188625 ], [ 5.136181, 49.3186884 ], [ 5.1358489, 49.3189739 ], [ 5.1327193, 49.3182379 ], [ 5.1313383, 49.3183054 ], [ 5.1297359, 49.3182429 ], [ 5.1290307, 49.318286799999989 ], [ 5.1270942, 49.318695 ], [ 5.1261714, 49.3187337 ], [ 5.1260222, 49.3190871 ], [ 5.1223984, 49.3190744 ], [ 5.1218648, 49.3189435 ], [ 5.1214703, 49.3189837 ], [ 5.1209959, 49.3189228 ], [ 5.1210924, 49.3182233 ], [ 5.12081, 49.3180133 ], [ 5.1209225, 49.3172353 ], [ 5.1204796, 49.317304199999988 ], [ 5.1171135, 49.3163615 ], [ 5.1175248, 49.3159586 ], [ 5.1169646, 49.3154127 ], [ 5.1155781, 49.3157832 ], [ 5.1111759, 49.316675 ], [ 5.1112572, 49.3170144 ], [ 5.1097765, 49.3172354 ], [ 5.1094483, 49.3170811 ], [ 5.1090651, 49.3172631 ], [ 5.1052374, 49.3160926 ], [ 5.104668, 49.3157572 ], [ 5.1040509, 49.3155323 ], [ 5.1032861, 49.315498899999987 ], [ 5.1005878, 49.3148993 ], [ 5.100491, 49.3150898 ], [ 5.0987071, 49.3146191 ], [ 5.0965138, 49.3138191 ], [ 5.0950374, 49.3131298 ], [ 5.0942586, 49.3125112 ], [ 5.0938895, 49.3126336 ], [ 5.0931127, 49.3113521 ], [ 5.0936933, 49.3112899 ], [ 5.0934825, 49.3108062 ], [ 5.092778, 49.3109011 ], [ 5.0903644, 49.3110068 ], [ 5.0886069, 49.3110102 ], [ 5.0870459, 49.310843 ], [ 5.0868208, 49.3106481 ], [ 5.0823703, 49.3103797 ], [ 5.0792709, 49.3106327 ], [ 5.0772731, 49.3104773 ], [ 5.0770264, 49.3111812 ], [ 5.0745107, 49.3113144 ], [ 5.0704242, 49.3124033 ], [ 5.0659448, 49.3133712 ], [ 5.0643647, 49.3143073 ], [ 5.0633806, 49.3151838 ], [ 5.0632467, 49.3155863 ], [ 5.060799, 49.316084 ], [ 5.0604464, 49.3159344 ], [ 5.0598418, 49.3161902 ], [ 5.0577456, 49.3168482 ], [ 5.057383, 49.3168256 ], [ 5.0557699, 49.3160402 ], [ 5.0531909, 49.3156614 ], [ 5.0520186, 49.3153388 ], [ 5.0504998, 49.3157476 ], [ 5.049116, 49.3162315 ], [ 5.0476602, 49.3177759 ], [ 5.0464669, 49.3185569 ], [ 5.045995, 49.3187285 ], [ 5.0433413, 49.3180954 ], [ 5.0426971, 49.3177368 ], [ 5.0417874, 49.3174104 ], [ 5.0362428, 49.3154961 ], [ 5.0346535, 49.3150265 ], [ 5.0340801, 49.3142278 ], [ 5.0322818, 49.3133732 ], [ 5.0317474, 49.3130055 ], [ 5.0310502, 49.3121683 ], [ 5.0303181, 49.3116681 ], [ 5.0294213, 49.3112461 ], [ 5.0286679, 49.3110097 ], [ 5.0274458, 49.3109538 ], [ 5.0264521, 49.3110074 ], [ 5.0254252, 49.310491399999989 ], [ 5.0274736, 49.3087206 ], [ 5.0284273, 49.3088781 ], [ 5.0291093, 49.3087686 ], [ 5.0348616, 49.3073967 ], [ 5.035181, 49.3075793 ], [ 5.0357726, 49.307376 ], [ 5.0354413, 49.306646 ], [ 5.0358496, 49.306574399999988 ], [ 5.0355104, 49.305644 ], [ 5.0381991, 49.3044989 ], [ 5.0379411, 49.3039214 ], [ 5.0379067, 49.3032584 ], [ 5.0383968, 49.3030999 ], [ 5.040793, 49.3009606 ], [ 5.0420832, 49.2990244 ], [ 5.0423901, 49.2989967 ], [ 5.0426707, 49.2984425 ], [ 5.0428764, 49.2984273 ], [ 5.0428511, 49.2981706 ], [ 5.0417624, 49.2981431 ], [ 5.0415644, 49.2982139 ], [ 5.0407733, 49.2982354 ], [ 5.0401971, 49.2981642 ], [ 5.039081, 49.297827 ], [ 5.0383399, 49.2977918 ], [ 5.0386166, 49.2968259 ], [ 5.0381472, 49.2967421 ], [ 5.039134, 49.2955816 ], [ 5.0397382, 49.2952845 ], [ 5.0411677, 49.295031 ], [ 5.0431929, 49.294995 ], [ 5.0451028, 49.2947216 ], [ 5.0477513, 49.2947667 ], [ 5.048596, 49.2947083 ], [ 5.0506963, 49.2943138 ], [ 5.0533251, 49.2935533 ], [ 5.05425, 49.2949961 ], [ 5.0555505, 49.2943337 ], [ 5.056665, 49.2939425 ], [ 5.0566405, 49.2929825 ], [ 5.0569115, 49.2916398 ], [ 5.0592816, 49.2900167 ], [ 5.0587365, 49.2891016 ], [ 5.0581956, 49.2886396 ], [ 5.0570365, 49.2881495 ], [ 5.055638, 49.2877273 ], [ 5.0547499, 49.2874843 ], [ 5.0532862, 49.2874229 ], [ 5.0522311, 49.2872673 ], [ 5.0519162, 49.2865056 ], [ 5.0512626, 49.2864888 ], [ 5.0512684, 49.2862882 ], [ 5.0498076, 49.2862681 ], [ 5.0493713, 49.2858043 ], [ 5.0489028, 49.2857412 ], [ 5.0505906, 49.2809914 ], [ 5.0503846, 49.2806496 ], [ 5.0506197, 49.2802338 ], [ 5.0508325, 49.2782212 ], [ 5.0508526, 49.2776885 ], [ 5.0507156, 49.2774921 ], [ 5.0507499, 49.2739592 ], [ 5.0474318, 49.2729077 ], [ 5.0437087, 49.2723179 ], [ 5.0419996, 49.2718082 ], [ 5.0357446, 49.2711666 ], [ 5.0340982, 49.2708869 ], [ 5.0335363, 49.2706472 ], [ 5.030481, 49.2716537 ], [ 5.0290445, 49.2724117 ], [ 5.0299945, 49.2735072 ], [ 5.0272383, 49.2746443 ], [ 5.0263852, 49.2740939 ], [ 5.0260182, 49.2743033 ], [ 5.0235498, 49.2727567 ], [ 5.0240417, 49.2723347 ], [ 5.0214185, 49.2714642 ], [ 5.0179301, 49.2710999 ], [ 5.0180875, 49.2704858 ], [ 5.0173566, 49.2702804 ], [ 5.0165194, 49.2710471 ], [ 5.0150021, 49.2705859 ], [ 5.0152971, 49.2703265 ], [ 5.0147383, 49.270129 ], [ 5.0136516, 49.270068 ], [ 5.0130288, 49.2699552 ], [ 5.0123548, 49.269550099999989 ], [ 5.0120989, 49.2692594 ], [ 5.0110603, 49.2694098 ], [ 5.011196, 49.2686954 ], [ 5.0101065, 49.268772 ], [ 5.0093223, 49.268714 ], [ 5.0081151, 49.2684481 ], [ 5.004756, 49.2670868 ], [ 5.0024783, 49.2663243 ], [ 5.0010088, 49.2656014 ], [ 4.9975743, 49.2642357 ], [ 4.9973733, 49.2644027 ], [ 4.9970987, 49.2642651 ], [ 4.9966014, 49.2642329 ], [ 4.9964398, 49.2640341 ], [ 4.9966935, 49.2634526 ], [ 4.9970717, 49.2631406 ], [ 4.9976714, 49.2629787 ], [ 4.9982049, 49.261924 ], [ 4.99962, 49.2614231 ], [ 4.9997446, 49.261305 ], [ 4.9997056, 49.2608641 ], [ 5.0000113, 49.2607044 ], [ 4.9995474, 49.2601869 ], [ 4.9994134, 49.2594212 ], [ 4.9991261, 49.2592407 ], [ 4.9980004, 49.2588367 ], [ 4.9957563, 49.2584332 ], [ 4.994909, 49.2580893 ], [ 4.9944382, 49.2576376 ], [ 4.9935441, 49.2570759 ], [ 4.9912625, 49.2568384 ], [ 4.9897378, 49.2565228 ], [ 4.9886831, 49.2560348 ], [ 4.9876189, 49.2553716 ], [ 4.9873183, 49.2550915 ], [ 4.9851863, 49.2547399 ], [ 4.9839657, 49.2540055 ], [ 4.9829932, 49.2536528 ], [ 4.9820127, 49.2531249 ], [ 4.9808293, 49.2527513 ], [ 4.9789562, 49.251944 ], [ 4.9778845, 49.2518671 ], [ 4.976447, 49.2519959 ], [ 4.9745187, 49.251613 ], [ 4.9731675, 49.2509067 ], [ 4.9719664, 49.2505333 ], [ 4.9690655, 49.2497858 ], [ 4.9679507, 49.2495855 ], [ 4.967337, 49.249162 ], [ 4.96705, 49.2487683 ], [ 4.9662366, 49.2481494 ], [ 4.964325, 49.2476914 ], [ 4.964158, 49.24666 ], [ 4.9643142, 49.2459632 ], [ 4.9634059, 49.2438899 ], [ 4.9608972, 49.240723 ], [ 4.9594834, 49.2395131 ], [ 4.9584199, 49.2388497 ], [ 4.9575102, 49.2385821 ], [ 4.9537797, 49.2375895 ], [ 4.9508246, 49.2369791 ], [ 4.9513222, 49.2367013 ], [ 4.9527078, 49.236553 ], [ 4.9556319, 49.2364156 ], [ 4.9571363, 49.2362141 ], [ 4.9583979, 49.2363833 ], [ 4.9602199, 49.2364454 ], [ 4.9604743, 49.2365276 ], [ 4.9639849, 49.2367547 ], [ 4.9657944, 49.2366299 ], [ 4.9683105, 49.2367426 ], [ 4.9708541, 49.2360284 ], [ 4.971837, 49.2315177 ], [ 4.9726978, 49.2266547 ], [ 4.9741037, 49.2256083 ], [ 4.9747083, 49.2240013 ], [ 4.97595, 49.2224351 ], [ 4.9780324, 49.2189081 ], [ 4.9821073, 49.2178384 ], [ 4.9825072, 49.2176717 ], [ 4.9837342, 49.2163017 ], [ 4.9851508, 49.2154771 ], [ 4.985963, 49.2148567 ], [ 4.9876879, 49.214304 ], [ 4.9885528, 49.213876899999988 ], [ 4.9899628, 49.2129903 ], [ 4.9904265, 49.2125564 ], [ 4.9914154, 49.2110023 ], [ 4.9925286, 49.2104668 ], [ 4.9935204, 49.210128399999988 ], [ 4.9926208, 49.209155 ], [ 4.9917629, 49.2087267 ], [ 4.9913097, 49.2080777 ], [ 4.9904098, 49.2071645 ], [ 4.9899113, 49.2064434 ], [ 4.9883315, 49.2060845 ], [ 4.9862634, 49.2052715 ], [ 4.983656, 49.2047434 ], [ 4.9826655, 49.2043253 ], [ 4.981404, 49.2036401 ], [ 4.9809947, 49.2032377 ], [ 4.9798512, 49.2015442 ], [ 4.9789237, 49.2006197 ], [ 4.9776755, 49.1997031 ], [ 4.9759008, 49.1992655 ], [ 4.9757005, 49.1990142 ], [ 4.9753945, 49.1988727 ], [ 4.9742984, 49.1987378 ], [ 4.9729025, 49.1989477 ], [ 4.971031, 49.1990287 ], [ 4.970132, 49.1989535 ], [ 4.9691148, 49.1991985 ], [ 4.9682548, 49.1991019 ], [ 4.9676954, 49.1992244 ], [ 4.9673143, 49.1990894 ], [ 4.9660243, 49.1989099 ], [ 4.9653253, 49.1986435 ], [ 4.9645206, 49.1986296 ], [ 4.9642756, 49.1983926 ], [ 4.9633638, 49.198126 ], [ 4.962911, 49.1978006 ], [ 4.9621398, 49.1976927 ], [ 4.9619164, 49.1978456 ], [ 4.9617386, 49.1978629 ], [ 4.9612582, 49.1974246 ], [ 4.9609095, 49.197312499999988 ], [ 4.9607434, 49.197165 ], [ 4.9601932, 49.1970229 ], [ 4.9598605, 49.1967163 ], [ 4.9588328, 49.1963211 ], [ 4.9584567, 49.1960664 ], [ 4.9571091, 49.1957367 ], [ 4.9553538, 49.1946788 ], [ 4.9537267, 49.1940352 ], [ 4.9533781, 49.1938502 ], [ 4.9531176, 49.1934938 ], [ 4.9521982, 49.193236299999988 ], [ 4.9505175, 49.1929145 ], [ 4.9502511, 49.1925106 ], [ 4.9495205, 49.1922391 ], [ 4.9494547, 49.1919479 ], [ 4.9488583, 49.1917426 ], [ 4.9484154, 49.1913127 ], [ 4.9480042, 49.1904866 ], [ 4.9473141, 49.1901228 ], [ 4.9471983, 49.1896354 ], [ 4.9461797, 49.1892193 ], [ 4.945363, 49.1890652 ], [ 4.944968, 49.1888135 ], [ 4.9439855, 49.1884094 ], [ 4.9432267, 49.1877849 ], [ 4.9427065, 49.1871602 ], [ 4.9423083, 49.1864571 ], [ 4.941418, 49.1859831 ], [ 4.9408877, 49.1855618 ], [ 4.9400851, 49.1853418 ], [ 4.9397017, 49.1851069 ], [ 4.9403426, 49.1845633 ], [ 4.942244, 49.1839032 ], [ 4.943546, 49.1832472 ], [ 4.9439069, 49.1828826 ], [ 4.9444948, 49.1819891 ], [ 4.9449331, 49.1817536 ], [ 4.94505, 49.1814684 ], [ 4.9458761, 49.1806367 ], [ 4.9466299, 49.1794851 ], [ 4.947042, 49.1792086 ], [ 4.947276, 49.1788667 ], [ 4.9483496, 49.1780507 ], [ 4.9491985, 49.1772438 ], [ 4.9492478, 49.1770235 ], [ 4.9500663, 49.1768286 ], [ 4.9506633, 49.1762182 ], [ 4.951336, 49.1750319 ], [ 4.9520513, 49.1742127 ], [ 4.9519523, 49.1736603 ], [ 4.9524298, 49.1734826 ], [ 4.9528624, 49.1723721 ], [ 4.9534139, 49.1719747 ], [ 4.9541326, 49.17023 ], [ 4.9542451, 49.1691409 ], [ 4.9551288, 49.1681355 ], [ 4.9551214, 49.1676131 ], [ 4.9554429, 49.1675179 ], [ 4.9558428, 49.1676122 ], [ 4.9560038, 49.1675178 ], [ 4.9559453, 49.1667687 ], [ 4.9564267, 49.1664767 ], [ 4.9569865, 49.16583 ], [ 4.9571246, 49.165347499999989 ], [ 4.9568495, 49.1647476 ], [ 4.9569798, 49.1643831 ], [ 4.9574573, 49.1640641 ], [ 4.9577378, 49.1637214 ], [ 4.958109, 49.1631281 ], [ 4.9583633, 49.162347 ], [ 4.9591434, 49.1615078 ], [ 4.9596552, 49.1610813 ], [ 4.9602364, 49.1608209 ], [ 4.9606473, 49.1602647 ], [ 4.9612996, 49.1600014 ], [ 4.9624768, 49.1581718 ], [ 4.9630572, 49.1567351 ], [ 4.9637135, 49.1559249 ], [ 4.9642593, 49.1556389 ], [ 4.9644281, 49.1554617 ], [ 4.9645146, 49.1543082 ], [ 4.9650739, 49.1529672 ], [ 4.965286, 49.1511147 ], [ 4.9654251, 49.1506609 ], [ 4.965365, 49.1502689 ], [ 4.965749, 49.1487562 ], [ 4.9659981, 49.1483474 ], [ 4.9663178, 49.1480661 ], [ 4.9664198, 49.1474313 ], [ 4.9668234, 49.1465784 ], [ 4.9679166, 49.1447888 ], [ 4.9682724, 49.1444107 ], [ 4.968826, 49.1440805 ], [ 4.9690203, 49.1437455 ], [ 4.969504, 49.1433814 ], [ 4.9698723, 49.1427926 ], [ 4.970118, 49.1425844 ], [ 4.9700508, 49.1422941 ], [ 4.9702143, 49.1419803 ], [ 4.9706251, 49.1416435 ], [ 4.9711932, 49.1414435 ], [ 4.9713715, 49.1413021 ], [ 4.9713412, 49.1407936 ], [ 4.9715285, 49.1401331 ], [ 4.9712854, 49.1399392 ], [ 4.9712567, 49.1396168 ], [ 4.9718804, 49.1366666 ], [ 4.9729296, 49.1353147 ], [ 4.9734665, 49.1349452 ], [ 4.973518, 49.1347483 ], [ 4.9746626, 49.1336737 ], [ 4.9748474, 49.1333451 ], [ 4.9752168, 49.1330746 ], [ 4.9756041, 49.132450399999989 ], [ 4.9762592, 49.131873 ], [ 4.976446, 49.1315966 ], [ 4.9765147, 49.131242 ], [ 4.9769392, 49.1309094 ], [ 4.9778458, 49.1298504 ], [ 4.9782503, 49.1296054 ], [ 4.9782066, 49.129392 ], [ 4.978497, 49.1292452 ], [ 4.9788005, 49.1289029 ], [ 4.9793994, 49.1280054 ], [ 4.9801336, 49.1274941 ], [ 4.9808294, 49.1268046 ], [ 4.9808641, 49.1262779 ], [ 4.9814959, 49.1258133 ], [ 4.9820101, 49.1252112 ], [ 4.9848582, 49.1226829 ], [ 4.9853119, 49.1221861 ], [ 4.9857108, 49.1220113 ], [ 4.9860674, 49.1216259 ], [ 4.987069, 49.1209465 ], [ 4.9881373, 49.1199315 ], [ 4.9889208, 49.1189607 ], [ 4.990213, 49.1177854 ], [ 4.9914635, 49.1162402 ], [ 4.9926308, 49.1143861 ], [ 4.9940843, 49.1117826 ], [ 4.9942766, 49.1112604 ], [ 4.9947315, 49.1106206 ], [ 4.995278, 49.1094091 ], [ 4.9958836, 49.1085203 ], [ 4.9960293, 49.1078919 ], [ 4.9963214, 49.1074751 ], [ 4.9963463, 49.107195 ], [ 4.9972501, 49.10516 ], [ 4.9975316, 49.1033286 ], [ 4.9974838, 49.1004549 ], [ 4.9982026, 49.0950807 ], [ 4.9981983, 49.0935482 ], [ 4.997697, 49.0915194 ], [ 4.9974978, 49.0912205 ], [ 4.9968578, 49.0893594 ], [ 4.9966726, 49.0883201 ], [ 4.9967461, 49.0876668 ], [ 4.9973234, 49.0862307 ], [ 4.9986329, 49.0846053 ], [ 4.9989881, 49.0835894 ], [ 4.9989928, 49.0821142 ], [ 4.9984005, 49.0786109 ], [ 4.9987147, 49.0781308 ], [ 4.9991765, 49.0760814 ], [ 4.9997281, 49.0747996 ], [ 5.0003792, 49.0738264 ], [ 5.0020215, 49.072288 ], [ 5.0024974, 49.0719553 ], [ 5.0034587, 49.0701908 ], [ 5.0037213, 49.0691206 ], [ 5.0037767, 49.0679675 ], [ 5.0040199, 49.0671783 ], [ 5.0040091, 49.0664004 ], [ 5.0038933, 49.0659544 ], [ 5.0040305, 49.0657147 ], [ 5.0038648, 49.0656779 ], [ 5.0039308, 49.0634525 ], [ 5.0042967, 49.062225 ], [ 5.0057401, 49.0598731 ], [ 5.0063027, 49.0600877 ], [ 5.0059763, 49.0609908 ], [ 5.0065043, 49.0611942 ], [ 5.0067124, 49.0615505 ], [ 5.0080837, 49.0620403 ], [ 5.0077626, 49.0626564 ], [ 5.007856, 49.0636901 ], [ 5.0077601, 49.06436 ], [ 5.0049152, 49.065905 ], [ 5.0054913, 49.0665016 ], [ 5.0066622, 49.0686038 ], [ 5.0076068, 49.0693121 ], [ 5.0081833, 49.0699528 ], [ 5.008753, 49.0698884 ], [ 5.0094001, 49.0706205 ], [ 5.0089491, 49.0707818 ], [ 5.0090825, 49.0709379 ], [ 5.0094653, 49.0711024 ], [ 5.0091488, 49.0713415 ], [ 5.0089706, 49.0716197 ], [ 5.0093592, 49.0718264 ], [ 5.0127759, 49.0726651 ], [ 5.0152768, 49.07308 ], [ 5.0153281, 49.0739786 ], [ 5.0155124, 49.07407 ], [ 5.015906, 49.0739123 ], [ 5.0159779, 49.073683499999987 ], [ 5.0161589, 49.073586 ], [ 5.0174569, 49.0731676 ], [ 5.0178956, 49.0729012 ], [ 5.0182108, 49.0729445 ], [ 5.0188056, 49.0733833 ], [ 5.0191869, 49.073403 ], [ 5.019395, 49.0733329 ], [ 5.0199072, 49.07288 ], [ 5.020219, 49.0729062 ], [ 5.0204242, 49.0730071 ], [ 5.0207444, 49.0729675 ], [ 5.0210984, 49.0728123 ], [ 5.0213638, 49.072422 ], [ 5.0217434, 49.0722905 ], [ 5.0220298, 49.0725457 ], [ 5.0227426, 49.0723583 ], [ 5.0232255, 49.0721019 ], [ 5.0241571, 49.0713127 ], [ 5.0246908, 49.0710627 ], [ 5.0265902, 49.0704487 ], [ 5.0269068, 49.070107 ], [ 5.0278295, 49.0694069 ], [ 5.0284874, 49.0691134 ], [ 5.0295234, 49.0684771 ], [ 5.0300494, 49.0683108 ], [ 5.0303226, 49.0680507 ], [ 5.0310757, 49.067707 ], [ 5.0313138, 49.0674961 ], [ 5.0313424, 49.0673158 ], [ 5.0309657, 49.0670307 ], [ 5.0308778, 49.066533 ], [ 5.0305495, 49.0662255 ], [ 5.0306503, 49.0661069 ], [ 5.0316377, 49.0658735 ], [ 5.0323683, 49.0652 ], [ 5.0340359, 49.0653859 ], [ 5.0354792, 49.0653299 ], [ 5.0361419, 49.065057 ], [ 5.0365149, 49.0650371 ], [ 5.0374073, 49.0646883 ], [ 5.0395765, 49.0628697 ], [ 5.0405823, 49.0624452 ], [ 5.0413218, 49.0615853 ], [ 5.0417575, 49.0613873 ], [ 5.0429098, 49.0612444 ], [ 5.0433997, 49.0610688 ], [ 5.0444988, 49.0602703 ], [ 5.0450015, 49.0600009 ], [ 5.045738, 49.0597626 ], [ 5.04648, 49.0596285 ], [ 5.0473195, 49.0593282 ], [ 5.0479124, 49.0589187 ], [ 5.0486865, 49.0585943 ], [ 5.0492095, 49.0580772 ], [ 5.05046, 49.0576862 ], [ 5.052009, 49.0580249 ], [ 5.0530134, 49.0580545 ], [ 5.0548645, 49.0589367 ], [ 5.0560314, 49.0591992 ], [ 5.0575097, 49.0596857 ], [ 5.0580388, 49.0597728 ], [ 5.0615009, 49.0615817 ], [ 5.0621033, 49.0617935 ], [ 5.0628335, 49.0622568 ], [ 5.0639543, 49.0628015 ], [ 5.0671157, 49.0631689 ], [ 5.0677927, 49.0631888 ], [ 5.0692417, 49.0630388 ], [ 5.0705578, 49.0630206 ], [ 5.0735065, 49.0633385 ], [ 5.0762348, 49.0638248 ], [ 5.0775527, 49.0638524 ], [ 5.0794589, 49.0641801 ], [ 5.0848906, 49.0645609 ], [ 5.0843413, 49.0644499 ], [ 5.0832364, 49.0638286 ], [ 5.082327, 49.0632031 ], [ 5.0812308, 49.0622866 ], [ 5.0805521, 49.060586699999988 ], [ 5.0805223, 49.0600125 ], [ 5.0806566, 49.0594714 ], [ 5.0810428, 49.0589313 ], [ 5.0821985, 49.058126 ], [ 5.082299, 49.0556526 ], [ 5.0824509, 49.0554125 ], [ 5.0841119, 49.0541739 ], [ 5.0847164, 49.0538234 ], [ 5.0851462, 49.0532816 ], [ 5.0851275, 49.0527144 ], [ 5.0859292, 49.0506992 ], [ 5.0870821, 49.05017 ], [ 5.0876431, 49.04959 ], [ 5.0884461, 49.0492774 ], [ 5.0890525, 49.0491482 ], [ 5.0904035, 49.0490887 ], [ 5.0912517, 49.0488104 ], [ 5.0935254, 49.0486277 ], [ 5.0947669, 49.0487365 ], [ 5.0972879, 49.048679 ], [ 5.0986953, 49.0487624 ], [ 5.0993218, 49.0489277 ], [ 5.1007691, 49.0490499 ], [ 5.1041572, 49.049721 ], [ 5.1087968, 49.0511157 ], [ 5.1109238, 49.051126 ], [ 5.1111135, 49.0510804 ], [ 5.1117317, 49.0506 ], [ 5.1120897, 49.0507223 ], [ 5.1138475, 49.0510404 ], [ 5.1183113, 49.0514384 ], [ 5.1196202, 49.0514531 ], [ 5.1198373, 49.0511408 ], [ 5.1202609, 49.0509561 ], [ 5.1218295, 49.0509653 ], [ 5.1223881, 49.0510373 ], [ 5.1239041, 49.051498 ], [ 5.1263359, 49.0524345 ], [ 5.127652, 49.0524903 ], [ 5.1289902, 49.0530855 ], [ 5.1291341, 49.0541569 ], [ 5.1311133, 49.0541965 ], [ 5.1316707, 49.0544069 ], [ 5.1316477, 49.0548445 ], [ 5.1322134, 49.0550234 ], [ 5.1321783, 49.0552012 ], [ 5.131669, 49.055731 ], [ 5.1322408, 49.0562228 ], [ 5.1323108, 49.0568934 ], [ 5.1321605, 49.057067 ], [ 5.1298676, 49.058089 ], [ 5.129914, 49.0583526 ], [ 5.1305829, 49.058777 ], [ 5.1313094, 49.0586706 ], [ 5.1331059, 49.0581557 ], [ 5.134625, 49.0568568 ], [ 5.1407652, 49.0581616 ], [ 5.1406272, 49.0585643 ], [ 5.1441226, 49.0585928 ], [ 5.1507187, 49.0599545 ], [ 5.1521737, 49.060944 ], [ 5.1535646, 49.0615118 ], [ 5.1598982, 49.0628004 ], [ 5.160798, 49.0630739 ], [ 5.1609055, 49.0628282 ], [ 5.1603166, 49.0625257 ], [ 5.1600675, 49.0622972 ], [ 5.1601623, 49.0620752 ], [ 5.160405, 49.061953 ], [ 5.1600894, 49.0603243 ], [ 5.1586438, 49.0598582 ], [ 5.1577316, 49.0597442 ], [ 5.1583502, 49.0588561 ], [ 5.1602696, 49.0595565 ], [ 5.1611947, 49.0596505 ], [ 5.1615659, 49.0590996 ], [ 5.1638737, 49.0593648 ], [ 5.1640585, 49.0587093 ], [ 5.1643043, 49.0586302 ], [ 5.1682356, 49.0590316 ], [ 5.1694342, 49.0589569 ], [ 5.1694806, 49.0574476 ], [ 5.1682349, 49.0573783 ], [ 5.1678491, 49.0572836 ], [ 5.1689184, 49.0552297 ], [ 5.1693618, 49.0548367 ], [ 5.1684802, 49.0546017 ], [ 5.1686989, 49.0542352 ], [ 5.1692038, 49.0537089 ], [ 5.1718751, 49.0545232 ], [ 5.1723238, 49.053209 ], [ 5.1745355, 49.0537024 ], [ 5.1746108, 49.052592 ], [ 5.1751308, 49.0525925 ], [ 5.1752633, 49.0522599 ], [ 5.1748052, 49.0519417 ], [ 5.1757957, 49.0482124 ], [ 5.1768875, 49.0483708 ], [ 5.1772893, 49.0474775 ], [ 5.1807217, 49.047846899999989 ], [ 5.1811772, 49.0472882 ], [ 5.1821296, 49.0474832 ], [ 5.1825286, 49.0470783 ], [ 5.1827877, 49.0470583 ], [ 5.1839934, 49.0447517 ], [ 5.1864653, 49.0450917 ], [ 5.1863283, 49.0454126 ], [ 5.1874271, 49.0457047 ], [ 5.1875551, 49.0455621 ], [ 5.189852, 49.0461301 ], [ 5.1900663, 49.0457942 ], [ 5.1912059, 49.0461108 ], [ 5.1910595, 49.0465983 ], [ 5.1920214, 49.0468551 ], [ 5.1919893, 49.0469708 ], [ 5.1931292, 49.0472612 ], [ 5.1928029, 49.048414 ], [ 5.1965275, 49.0485673 ], [ 5.1969171, 49.048427 ], [ 5.1971551, 49.0484577 ], [ 5.1979514, 49.0483586 ], [ 5.1987899, 49.0491231 ], [ 5.2030164, 49.0492364 ], [ 5.2048581, 49.0493582 ], [ 5.205489, 49.0492953 ], [ 5.2061278, 49.049352 ], [ 5.207658, 49.0497448 ], [ 5.2141737, 49.0524466 ], [ 5.2147392, 49.0525172 ], [ 5.2153912, 49.0524656 ], [ 5.2164194, 49.0526679 ], [ 5.2175265, 49.0526645 ], [ 5.2175705, 49.053118 ], [ 5.2169161, 49.0537543 ], [ 5.2171017, 49.0572644 ], [ 5.2170228, 49.0574691 ], [ 5.2166691, 49.0576456 ], [ 5.2164287, 49.0579136 ], [ 5.2163898, 49.0581887 ], [ 5.2164401, 49.0584387 ], [ 5.2167187, 49.0585514 ], [ 5.2181526, 49.0588272 ], [ 5.2182998, 49.0590682 ], [ 5.2182048, 49.0591833 ], [ 5.2177768, 49.059354 ], [ 5.2170801, 49.0594173 ], [ 5.2152781, 49.0593678 ], [ 5.215162, 49.0593105 ], [ 5.2137647, 49.0595711 ], [ 5.2128599, 49.0606618 ], [ 5.2131177, 49.0607362 ], [ 5.2122216, 49.0621595 ], [ 5.2119466, 49.0620665 ], [ 5.2118833, 49.0622503 ], [ 5.2120724, 49.0623187 ], [ 5.2096997, 49.0657769 ], [ 5.2102016, 49.0658297 ], [ 5.2092398, 49.067033 ], [ 5.2115229, 49.0681162 ], [ 5.2117299, 49.0678992 ], [ 5.2135781, 49.0695698 ], [ 5.2132808, 49.0697245 ], [ 5.2132617, 49.0699183 ], [ 5.216086, 49.0715204 ], [ 5.2153735, 49.0730771 ], [ 5.2144519, 49.0740673 ], [ 5.2151907, 49.0741823 ], [ 5.2161733, 49.0744601 ], [ 5.2183425, 49.0745352 ], [ 5.217884, 49.0756276 ], [ 5.2171469, 49.076994 ], [ 5.2168891, 49.0769529 ], [ 5.2158698, 49.0761694 ], [ 5.2149869, 49.075663 ], [ 5.2128606, 49.0751176 ], [ 5.2103149, 49.0743369 ], [ 5.2093066, 49.0750291 ], [ 5.2103538, 49.0752168 ], [ 5.2112178, 49.0752171 ], [ 5.2128838, 49.0757243 ], [ 5.2130244, 49.0758746 ], [ 5.2122649, 49.076655 ], [ 5.2105319, 49.0762155 ], [ 5.2099753, 49.0768095 ], [ 5.2119501, 49.0773974 ], [ 5.2120065, 49.0783337 ], [ 5.2092832, 49.07763 ], [ 5.2094008, 49.080326299999989 ], [ 5.208157, 49.0804751 ], [ 5.2041101, 49.0813301 ], [ 5.2066116, 49.0829644 ], [ 5.2093455, 49.0840089 ], [ 5.206686, 49.0868686 ], [ 5.204244, 49.0865096 ], [ 5.2047847, 49.0907227 ], [ 5.2005124, 49.0901596 ], [ 5.1990875, 49.0938915 ], [ 5.1972921, 49.093024 ], [ 5.19665, 49.0935152 ], [ 5.1951385, 49.0950818 ], [ 5.1959326, 49.095884 ], [ 5.1952349, 49.0961621 ], [ 5.1946628, 49.0974659 ], [ 5.1951583, 49.097912 ], [ 5.1954538, 49.0980002 ], [ 5.1955846, 49.0982415 ], [ 5.1947749, 49.0994985 ], [ 5.1970776, 49.1001805 ], [ 5.1966357, 49.101679 ], [ 5.1959527, 49.102921 ], [ 5.1958525, 49.1040822 ], [ 5.1956716, 49.1047592 ], [ 5.1953278, 49.1054716 ], [ 5.1948209, 49.105989 ], [ 5.1961682, 49.1067479 ], [ 5.1962042, 49.1069811 ], [ 5.1957824, 49.1083757 ], [ 5.1955633, 49.1084769 ], [ 5.1949588, 49.1093748 ], [ 5.1956232, 49.1098259 ], [ 5.197217, 49.1104489 ], [ 5.1960438, 49.1125076 ], [ 5.1965206, 49.113025 ], [ 5.1941787, 49.1155431 ], [ 5.1932811, 49.1174168 ], [ 5.194571, 49.1180436 ], [ 5.1971323, 49.1197291 ], [ 5.2022998, 49.122597399999989 ], [ 5.2025944, 49.1223078 ], [ 5.2050756, 49.1230655 ], [ 5.2054367, 49.1231147 ], [ 5.2078742, 49.1230385 ], [ 5.2096458, 49.123479 ], [ 5.2134372, 49.1240111 ], [ 5.2137515, 49.1236689 ], [ 5.2142987, 49.1238054 ], [ 5.2148118, 49.1238185 ], [ 5.2164566, 49.1238259 ], [ 5.2165064, 49.1237081 ], [ 5.2191976, 49.1236998 ], [ 5.219285, 49.1237882 ], [ 5.2215653, 49.1237848 ], [ 5.2235035, 49.1239522 ], [ 5.2248304, 49.1235778 ], [ 5.2253343, 49.1235343 ], [ 5.2261923, 49.1237604 ], [ 5.2297713, 49.1252429 ], [ 5.2326587, 49.12581 ], [ 5.2378186, 49.1261881 ], [ 5.2436638, 49.1286877 ], [ 5.2451996, 49.1294316 ], [ 5.245199, 49.1300496 ], [ 5.2462473, 49.1302971 ], [ 5.2449485, 49.1323334 ], [ 5.2454253, 49.1324873 ], [ 5.2439512, 49.1354794 ], [ 5.2434163, 49.1354094 ], [ 5.2425628, 49.137288 ], [ 5.2430795, 49.1384252 ], [ 5.2422456, 49.1397152 ], [ 5.2428274, 49.1398231 ], [ 5.2415397, 49.1410155 ], [ 5.2411826, 49.1409376 ], [ 5.2399605, 49.1420334 ], [ 5.2395609, 49.1424294 ], [ 5.2387183, 49.1436152 ], [ 5.2386767, 49.1438265 ], [ 5.2380525, 49.1439127 ], [ 5.2364015, 49.1447313 ], [ 5.23672, 49.1454063 ], [ 5.2362785, 49.1463265 ], [ 5.2362289, 49.1468608 ], [ 5.2363203, 49.148121 ], [ 5.2365822, 49.1481539 ], [ 5.2366093, 49.1484637 ], [ 5.2358636, 49.1487519 ], [ 5.234499, 49.1491271 ], [ 5.2332638, 49.149670799999988 ], [ 5.2333189, 49.1499325 ], [ 5.2327238, 49.1502169 ], [ 5.2327103, 49.1507316 ], [ 5.2322776, 49.1509672 ], [ 5.2260576, 49.1530648 ], [ 5.2238438, 49.1530185 ], [ 5.2236243, 49.1535577 ], [ 5.2231775, 49.1555114 ], [ 5.2208754, 49.1551662 ], [ 5.2208716, 49.1548218 ], [ 5.2189056, 49.1546395 ], [ 5.2178779, 49.1546585 ], [ 5.2165337, 49.1545528 ], [ 5.2164509, 49.1548925 ], [ 5.2161447, 49.155141 ], [ 5.2159841, 49.155488399999989 ], [ 5.2158072, 49.156321 ], [ 5.2172672, 49.1568238 ], [ 5.2167811, 49.1570972 ], [ 5.2171679, 49.157323899999987 ], [ 5.2175742, 49.1578111 ], [ 5.2176306, 49.158008 ], [ 5.2174485, 49.158175 ], [ 5.2166313, 49.1581793 ], [ 5.2156384, 49.1580492 ], [ 5.2148657, 49.1580679 ], [ 5.2133477, 49.1577801 ], [ 5.2129082, 49.1581488 ], [ 5.2123487, 49.1591764 ], [ 5.2123098, 49.1594865 ], [ 5.2127143, 49.1600934 ], [ 5.2128264, 49.1605032 ], [ 5.2127366, 49.1614187 ], [ 5.2118768, 49.1615478 ], [ 5.2104574, 49.161582 ], [ 5.2077027, 49.1619158 ], [ 5.2068625, 49.1618314 ], [ 5.2058681, 49.1615393 ], [ 5.2057512, 49.1617564 ], [ 5.205288, 49.1616696 ], [ 5.2046929, 49.1617039 ], [ 5.2039909, 49.1615782 ], [ 5.2032255, 49.1615761 ], [ 5.2010527, 49.161113 ], [ 5.1994889, 49.1613629 ], [ 5.1977258, 49.1612808 ], [ 5.1973724, 49.1613548 ], [ 5.1957096, 49.1623106 ], [ 5.1939074, 49.1631808 ], [ 5.1909918, 49.1643851 ], [ 5.1889147, 49.1650183 ], [ 5.1868309, 49.1650742 ], [ 5.1857895, 49.1652253 ], [ 5.1838733, 49.165806 ], [ 5.1835359, 49.1658068 ], [ 5.1832742, 49.1664312 ], [ 5.1835759, 49.1665264 ], [ 5.1841932, 49.1677987 ], [ 5.1874307, 49.1694002 ], [ 5.1886494, 49.1709412 ], [ 5.1886216, 49.1715164 ], [ 5.18832, 49.171942799999989 ], [ 5.1877871, 49.1724445 ], [ 5.1867236, 49.1727597 ], [ 5.1858394, 49.1729044 ], [ 5.1851428, 49.1732669 ], [ 5.1832143, 49.175321 ], [ 5.1800159, 49.1773531 ], [ 5.1787352, 49.1785086 ], [ 5.1781292, 49.1799532 ], [ 5.1774933, 49.1807193 ], [ 5.177322, 49.1811145 ], [ 5.1773881, 49.181838199999987 ], [ 5.177319, 49.1821507 ], [ 5.1771746, 49.1822747 ], [ 5.1762185, 49.18205 ], [ 5.1748697, 49.1818496 ], [ 5.1738477, 49.1811665 ], [ 5.1720585, 49.1806735 ], [ 5.1714434, 49.1805947 ], [ 5.1699846, 49.1807154 ], [ 5.1685794, 49.1806094 ], [ 5.1678119, 49.1803984 ], [ 5.1668241, 49.1798082 ], [ 5.1665005, 49.1798131 ], [ 5.1659788, 49.1801967 ], [ 5.1651696, 49.179843399999989 ], [ 5.1650105, 49.1799757 ], [ 5.1641921, 49.1799572 ], [ 5.162848, 49.1795055 ], [ 5.1618738, 49.1789124 ], [ 5.1613805, 49.1788268 ], [ 5.1607484, 49.1788354 ], [ 5.1601642, 49.17838 ], [ 5.1595804, 49.1782313 ], [ 5.1593839, 49.178421 ], [ 5.1574502, 49.1791923 ], [ 5.1561462, 49.1798344 ], [ 5.1534796, 49.1806016 ], [ 5.1528365, 49.180873 ], [ 5.1521222, 49.1813139 ], [ 5.1518815, 49.1813317 ], [ 5.1516573, 49.1818142 ], [ 5.1518847, 49.1831583 ], [ 5.1517102, 49.1838431 ], [ 5.151375, 49.1843941 ], [ 5.1513164, 49.1847351 ], [ 5.1514344, 49.1856585 ], [ 5.1525925, 49.186221499999988 ], [ 5.1535646, 49.1865351 ], [ 5.1536901, 49.1867469 ], [ 5.1536591, 49.1874858 ], [ 5.1537898, 49.1877902 ], [ 5.1553864, 49.1880413 ], [ 5.1559879, 49.1882176 ], [ 5.1550419, 49.1893911 ], [ 5.1547139, 49.1901129 ], [ 5.1550056, 49.1913191 ], [ 5.1554166, 49.1920933 ], [ 5.1556774, 49.1922595 ], [ 5.1560541, 49.1923436 ], [ 5.1577849, 49.1924853 ], [ 5.1594056, 49.192848399999988 ], [ 5.1599925, 49.192870199999987 ], [ 5.1606769, 49.1928292 ], [ 5.1633269, 49.1922762 ], [ 5.1643863, 49.192276 ], [ 5.1653774, 49.1923823 ], [ 5.1671144, 49.1921469 ], [ 5.1693901, 49.1921285 ], [ 5.1714512, 49.1912108 ], [ 5.1759296, 49.1902531 ], [ 5.1767401, 49.1900145 ], [ 5.1780179, 49.1893043 ], [ 5.1793068, 49.188727 ], [ 5.1804801, 49.1883397 ], [ 5.1810962, 49.1879166 ], [ 5.1816566, 49.1877032 ], [ 5.1819289, 49.1874887 ], [ 5.1824673, 49.1867532 ], [ 5.1832422, 49.186615 ], [ 5.1849444, 49.1864708 ], [ 5.1856522, 49.1866621 ], [ 5.1866899, 49.186735899999988 ], [ 5.1870836, 49.1868304 ], [ 5.1877991, 49.1872041 ], [ 5.188651, 49.1878488 ], [ 5.1902614, 49.189523 ], [ 5.1910419, 49.1899036 ], [ 5.192293, 49.1901884 ], [ 5.1949174, 49.1904977 ], [ 5.1958743, 49.1907033 ], [ 5.1990937, 49.1901247 ], [ 5.2001148, 49.1908067 ], [ 5.2015033, 49.1919316 ], [ 5.2036225, 49.1926187 ], [ 5.2049537, 49.193232 ], [ 5.2056803, 49.193475 ], [ 5.207485, 49.194764 ], [ 5.20735, 49.1950084 ], [ 5.2081139, 49.1959298 ], [ 5.2120199, 49.198728 ], [ 5.2150997, 49.2010386 ], [ 5.2152601, 49.2011931 ], [ 5.2152195, 49.2012721 ], [ 5.2163308, 49.2020305 ], [ 5.2195319, 49.20287 ], [ 5.2210105, 49.2026233 ], [ 5.2219032, 49.2026365 ], [ 5.2227367, 49.2028352 ], [ 5.2237045, 49.2029028 ], [ 5.2268198, 49.2050622 ], [ 5.2273189, 49.2053048 ], [ 5.2280104, 49.2054584 ], [ 5.2301174, 49.2056182 ], [ 5.2323757, 49.206071 ], [ 5.2331262, 49.206318 ], [ 5.2337726, 49.2066324 ], [ 5.2344073, 49.2057861 ], [ 5.2353106, 49.2058529 ], [ 5.2354904, 49.2056311 ], [ 5.2369958, 49.2058109 ], [ 5.2384623, 49.206174 ], [ 5.2397133, 49.2052648 ], [ 5.2400345, 49.205266 ], [ 5.2420328, 49.2063063 ], [ 5.2404686, 49.208823099999989 ], [ 5.2414612, 49.2089854 ], [ 5.2413345, 49.2095139 ], [ 5.242506, 49.2096855 ], [ 5.2417794, 49.2114492 ], [ 5.2395745, 49.2131882 ], [ 5.2394557, 49.2133604 ], [ 5.2395726, 49.2138718 ], [ 5.2401282, 49.2149092 ], [ 5.2405374, 49.2170017 ], [ 5.2404157, 49.2173304 ], [ 5.2385179, 49.2196366 ], [ 5.236324, 49.2214823 ], [ 5.235249, 49.2221193 ], [ 5.2348868, 49.2222213 ], [ 5.2341937, 49.2225768 ], [ 5.233278, 49.2233124 ], [ 5.2328169, 49.2238911 ], [ 5.2325521, 49.225103 ], [ 5.2323137, 49.2256245 ], [ 5.2311605, 49.2266487 ], [ 5.229754, 49.2282656 ], [ 5.2286556, 49.2290324 ], [ 5.2279112, 49.2296991 ], [ 5.2275937, 49.2303004 ], [ 5.2274684, 49.2314718 ], [ 5.2269109, 49.2314732 ], [ 5.2261857, 49.2331611 ], [ 5.2244196, 49.2329374 ], [ 5.2249566, 49.2307682 ], [ 5.2240046, 49.230506 ], [ 5.2238242, 49.2306856 ], [ 5.2212442, 49.2297376 ], [ 5.2204627, 49.2304364 ], [ 5.2179116, 49.2294878 ], [ 5.2151556, 49.2302904 ], [ 5.2146703, 49.2296068 ], [ 5.2141549, 49.2297871 ], [ 5.2135143, 49.2291963 ], [ 5.212985, 49.2276744 ], [ 5.2106495, 49.2277452 ], [ 5.2098565, 49.2291429 ], [ 5.2099658, 49.2296131 ], [ 5.2108405, 49.2303165 ], [ 5.2091873, 49.2304188 ], [ 5.2098904, 49.2317027 ], [ 5.21009, 49.2323889 ], [ 5.2098348, 49.2332623 ], [ 5.2085092, 49.2340592 ], [ 5.2122851, 49.2363156 ], [ 5.213038, 49.2370591 ], [ 5.2120029, 49.2377445 ], [ 5.2113227, 49.2386698 ], [ 5.2102708, 49.2398295 ], [ 5.2081052, 49.2409969 ], [ 5.2067079, 49.2401843 ], [ 5.2053675, 49.2410884 ], [ 5.2045218, 49.2415508 ], [ 5.2049588, 49.2420042 ], [ 5.2020846, 49.2437637 ], [ 5.201957, 49.2442822 ], [ 5.200732, 49.2453208 ], [ 5.2003826, 49.245213 ], [ 5.1951864, 49.2503637 ], [ 5.1965935, 49.2512105 ], [ 5.1962857, 49.2515974 ], [ 5.1949859, 49.251045499999989 ], [ 5.1944815, 49.2513955 ], [ 5.1939058, 49.2512962 ], [ 5.1933889, 49.2518713 ], [ 5.191966, 49.251426 ], [ 5.1910941, 49.2530912 ], [ 5.1896782, 49.2528129 ], [ 5.1893103, 49.2533691 ], [ 5.1873897, 49.2529174 ], [ 5.1871488, 49.2533283 ], [ 5.1893512, 49.2538486 ], [ 5.1916543, 49.2546368 ], [ 5.1899482, 49.2566877 ], [ 5.1889314, 49.2568141 ], [ 5.1896226, 49.2568815 ], [ 5.1928056, 49.2578094 ], [ 5.1931197, 49.2577641 ], [ 5.1960238, 49.2586259 ], [ 5.1971657, 49.2587885 ], [ 5.1952244, 49.260636 ], [ 5.2007531, 49.2615596 ], [ 5.2009107, 49.2609676 ], [ 5.2033278, 49.2617446 ], [ 5.2038875, 49.2625599 ], [ 5.2063426, 49.261872 ], [ 5.2066761, 49.2623147 ], [ 5.2062104, 49.2624779 ], [ 5.2089578, 49.2650617 ], [ 5.2102602, 49.2648283 ], [ 5.2101436, 49.2658602 ], [ 5.2107687, 49.2665637 ], [ 5.2112048, 49.2662859 ], [ 5.2124338, 49.2675161 ], [ 5.2127528, 49.2673277 ], [ 5.2129522, 49.267458 ], [ 5.2132693, 49.267353299999989 ], [ 5.2137768, 49.267811599999987 ], [ 5.209994, 49.2691751 ], [ 5.2075292, 49.2697382 ], [ 5.2067375, 49.2701223 ], [ 5.2072474, 49.2709593 ], [ 5.2055487, 49.2722458 ], [ 5.2061637, 49.2724872 ], [ 5.2043405, 49.2746897 ], [ 5.2041108, 49.2752982 ], [ 5.2035098, 49.2759999 ], [ 5.2047452, 49.276475499999989 ], [ 5.2026706, 49.2787851 ], [ 5.2016332, 49.2795045 ], [ 5.2007393, 49.2806863 ], [ 5.2010649, 49.2807793 ], [ 5.1998737, 49.2825043 ], [ 5.2029074, 49.2840479 ], [ 5.2023451, 49.2845618 ], [ 5.2030067, 49.2847638 ], [ 5.2008641, 49.2872921 ], [ 5.2021572, 49.2874097 ], [ 5.2026128, 49.2866793 ], [ 5.2037231, 49.2868946 ], [ 5.2028003, 49.2892379 ], [ 5.2021826, 49.2897762 ], [ 5.2014364, 49.2902368 ], [ 5.2011535, 49.2903399 ], [ 5.2006037, 49.2901503 ], [ 5.1998072, 49.291851 ], [ 5.1983983, 49.291311 ], [ 5.1977735, 49.2909726 ], [ 5.1970128, 49.2920629 ], [ 5.1955236, 49.2918004 ], [ 5.1951967, 49.2920986 ], [ 5.1941798, 49.2918527 ], [ 5.1926948, 49.291332 ], [ 5.1927599, 49.2911492 ], [ 5.1917775, 49.2909036 ], [ 5.1914387, 49.2912478 ], [ 5.1904176, 49.2910631 ], [ 5.1894127, 49.2907747 ], [ 5.1889324, 49.2907313 ], [ 5.1884339, 49.2918806 ], [ 5.187662, 49.2921572 ], [ 5.1871491, 49.2934552 ], [ 5.1865786, 49.2968009 ], [ 5.1864651, 49.298473 ], [ 5.1865597, 49.2996025 ], [ 5.1828437, 49.2994612 ], [ 5.1823446, 49.2998191 ], [ 5.1818728, 49.3004355 ], [ 5.1806774, 49.3005561 ], [ 5.1769556, 49.3005063 ], [ 5.1733228, 49.3010682 ], [ 5.1712929, 49.301521099999988 ], [ 5.1707315, 49.3026885 ], [ 5.1707003, 49.3030254 ], [ 5.1704746, 49.3032507 ], [ 5.1704367, 49.3034286 ], [ 5.1708093, 49.3049983 ], [ 5.1702158, 49.3049127 ], [ 5.1694368, 49.3045391 ], [ 5.1668966, 49.3023735 ], [ 5.1638414, 49.3009714 ], [ 5.1634017, 49.3015387 ], [ 5.1607572, 49.3005815 ], [ 5.161113, 49.2999511 ], [ 5.1586289, 49.2991439 ] ] ] ] } },
{ "type": "Feature", "properties": { "code_departement": 55.0, "code_rne": "0550009L", "multisecteur": 0.0 }, "geometry": { "type": "MultiPolygon", "coordinates": [ [ [ [ 5.3879242, 49.4040587 ], [ 5.3846074, 49.4034056 ], [ 5.3821581, 49.4024971 ], [ 5.3802112, 49.4037233 ], [ 5.3778286, 49.402228 ], [ 5.3764564, 49.4023224 ], [ 5.3759918, 49.402497 ], [ 5.3753961, 49.4025464 ], [ 5.3748101, 49.402748599999988 ], [ 5.3735984, 49.402856899999989 ], [ 5.3713617, 49.4037497 ], [ 5.3697215, 49.4039796 ], [ 5.3662256, 49.4040103 ], [ 5.36422, 49.4041179 ], [ 5.3626736, 49.4044403 ], [ 5.3603645, 49.405381 ], [ 5.360301, 49.4063112 ], [ 5.3598637, 49.4065131 ], [ 5.3597548, 49.4068722 ], [ 5.3593742, 49.4070469 ], [ 5.3591779, 49.4073339 ], [ 5.3589139, 49.4074974 ], [ 5.3584895, 49.4081306 ], [ 5.3581866, 49.4083775 ], [ 5.3580826, 49.4088453 ], [ 5.3578164, 49.409141 ], [ 5.3578506, 49.4094973 ], [ 5.3573753, 49.4100731 ], [ 5.357304, 49.4104719 ], [ 5.3570776, 49.4106445 ], [ 5.3570213, 49.4111015 ], [ 5.3568609, 49.4111802 ], [ 5.35629, 49.4124367 ], [ 5.3548489, 49.4122373 ], [ 5.3466568, 49.4115071 ], [ 5.3453556, 49.4112617 ], [ 5.3450612, 49.4112728 ], [ 5.3447971, 49.4110423 ], [ 5.3446722, 49.411113899999989 ], [ 5.3446493, 49.411519 ], [ 5.3444347, 49.4115268 ], [ 5.344374, 49.4116772 ], [ 5.3437581, 49.411771 ], [ 5.3427555, 49.4113939 ], [ 5.3419483, 49.4114023 ], [ 5.3396411, 49.4111268 ], [ 5.3393174, 49.4112203 ], [ 5.3372774, 49.4112435 ], [ 5.3365957, 49.4110409 ], [ 5.3363235, 49.4111181 ], [ 5.3359573, 49.4109426 ], [ 5.3350947, 49.4111292 ], [ 5.3350574, 49.4112477 ], [ 5.3345843, 49.4114214 ], [ 5.3338438, 49.4111399 ], [ 5.3319533, 49.4116637 ], [ 5.3310932, 49.4120876 ], [ 5.3296251, 49.4125053 ], [ 5.3289125, 49.41284 ], [ 5.3276895, 49.4131639 ], [ 5.3265458, 49.4132902 ], [ 5.3254705, 49.4132524 ], [ 5.3235147, 49.4133116 ], [ 5.3227487, 49.4132247 ], [ 5.3203079, 49.4148154 ], [ 5.3186556, 49.4155566 ], [ 5.3170296, 49.4147677 ], [ 5.3114135, 49.4115165 ], [ 5.3077838, 49.4092784 ], [ 5.3036768, 49.4079468 ], [ 5.302443, 49.4076609 ], [ 5.3013766, 49.4076021 ], [ 5.2988327, 49.4078177 ], [ 5.2974321, 49.4077148 ], [ 5.2950921, 49.4073726 ], [ 5.2930184, 49.4065415 ], [ 5.2894045, 49.4062448 ], [ 5.2873413, 49.4062677 ], [ 5.2870198, 49.4057936 ], [ 5.2853915, 49.4048406 ], [ 5.2852028, 49.4046248 ], [ 5.2857214, 49.4044198 ], [ 5.2864891, 49.4039269 ], [ 5.2880914, 49.4025568 ], [ 5.2889984, 49.4020676 ], [ 5.2904636, 49.4017692 ], [ 5.2915449, 49.3997165 ], [ 5.2913973, 49.3995268 ], [ 5.2924932, 49.3987975 ], [ 5.2918546, 49.3975732 ], [ 5.2884041, 49.392628 ], [ 5.2873961, 49.3908064 ], [ 5.2864988, 49.388872 ], [ 5.2861252, 49.388523 ], [ 5.2854016, 49.3882651 ], [ 5.2822847, 49.3866262 ], [ 5.280897, 49.3861156 ], [ 5.2794134, 49.3856778 ], [ 5.2785333, 49.3852438 ], [ 5.2787641, 49.3840759 ], [ 5.2787379, 49.3827374 ], [ 5.2785249, 49.3818143 ], [ 5.2781712, 49.381196 ], [ 5.2776307, 49.3805597 ], [ 5.2760219, 49.3778437 ], [ 5.2742546, 49.3755884 ], [ 5.2736409, 49.3749462 ], [ 5.2725541, 49.374098 ], [ 5.2768167, 49.3700216 ], [ 5.2734679, 49.3692132 ], [ 5.2738241, 49.3629271 ], [ 5.2589901, 49.359343 ], [ 5.2529541, 49.3577588 ], [ 5.2497738, 49.3568082 ], [ 5.2464033, 49.3560706 ], [ 5.2463305, 49.3565503 ], [ 5.246045, 49.3570116 ], [ 5.2442049, 49.3567688 ], [ 5.242085, 49.3563288 ], [ 5.2404987, 49.3562881 ], [ 5.2372261, 49.3564396 ], [ 5.2365334, 49.3565297 ], [ 5.2360442, 49.3567393 ], [ 5.2340654, 49.3572354 ], [ 5.2335032, 49.3570336 ], [ 5.2335598, 49.3562736 ], [ 5.2338769, 49.3558082 ], [ 5.2338677, 49.3554361 ], [ 5.2340069, 49.3554713 ], [ 5.2340469, 49.3547421 ], [ 5.2339491, 49.3542008 ], [ 5.2324289, 49.353237899999989 ], [ 5.2319505, 49.3523934 ], [ 5.2318432, 49.3518226 ], [ 5.2330865, 49.3517654 ], [ 5.2334126, 49.351825 ], [ 5.2341964, 49.3516478 ], [ 5.2370178, 49.3508132 ], [ 5.2392623, 49.3497222 ], [ 5.2404561, 49.3496354 ], [ 5.2412057, 49.3496862 ], [ 5.2422004, 49.349898 ], [ 5.2427918, 49.3499176 ], [ 5.2442596, 49.3498346 ], [ 5.2415757, 49.3454043 ], [ 5.2412051, 49.344511 ], [ 5.2399553, 49.3454263 ], [ 5.2368809, 49.3465776 ], [ 5.2336125, 49.3486227 ], [ 5.2317575, 49.3494924 ], [ 5.231079, 49.3476489 ], [ 5.2307706, 49.3472652 ], [ 5.2287295, 49.3458973 ], [ 5.2241929, 49.3434361 ], [ 5.2233912, 49.3426226 ], [ 5.2228965, 49.3429599 ], [ 5.2224128, 49.3427836 ], [ 5.2216325, 49.3429131 ], [ 5.2208341, 49.3425572 ], [ 5.2178457, 49.3400817 ], [ 5.2170193, 49.340033 ], [ 5.2160138, 49.3401099 ], [ 5.2153327, 49.3400486 ], [ 5.2150647, 49.3396714 ], [ 5.2148277, 49.3396011 ], [ 5.2138592, 49.338903 ], [ 5.2133951, 49.3383504 ], [ 5.2120461, 49.3385343 ], [ 5.2101152, 49.3364105 ], [ 5.205361, 49.3346108 ], [ 5.2046537, 49.3345463 ], [ 5.2045887, 49.3343146 ], [ 5.2040229, 49.3338564 ], [ 5.2013651, 49.3348086 ], [ 5.2008202, 49.3342916 ], [ 5.2024101, 49.3339524 ], [ 5.2041594, 49.3334448 ], [ 5.2051581, 49.3331172 ], [ 5.2058807, 49.3327344 ], [ 5.2064395, 49.3325444 ], [ 5.2121175, 49.3313731 ], [ 5.2123348, 49.3312108 ], [ 5.2123339, 49.3306111 ], [ 5.2124993, 49.3303625 ], [ 5.2129522, 49.3300152 ], [ 5.213868, 49.3295839 ], [ 5.2150913, 49.3292989 ], [ 5.2162271, 49.3291854 ], [ 5.2173471, 49.3288348 ], [ 5.2182742, 49.328316 ], [ 5.2190863, 49.3280682 ], [ 5.2200524, 49.3281682 ], [ 5.2215443, 49.3281471 ], [ 5.221426, 49.3255594 ], [ 5.2185746, 49.3245192 ], [ 5.2168865, 49.3245187 ], [ 5.2156852, 49.3248663 ], [ 5.2151087, 49.3239344 ], [ 5.2144099, 49.3240651 ], [ 5.2116537, 49.3248557 ], [ 5.2102899, 49.3254238 ], [ 5.2100669, 49.3250034 ], [ 5.2090936, 49.3247317 ], [ 5.2072668, 49.3238694 ], [ 5.2058824, 49.3235071 ], [ 5.2051042, 49.3231301 ], [ 5.2039051, 49.3215666 ], [ 5.2020514, 49.3204862 ], [ 5.2003733, 49.3193613 ], [ 5.1973814, 49.3170066 ], [ 5.1968096, 49.3168543 ], [ 5.193212, 49.3148055 ], [ 5.1922265, 49.3138836 ], [ 5.1917855, 49.3132145 ], [ 5.1917244, 49.3114845 ], [ 5.1887928, 49.310919 ], [ 5.1878147, 49.3106553 ], [ 5.1861887, 49.3099662 ], [ 5.186967, 49.3082417 ], [ 5.1858094, 49.3078319 ], [ 5.1837869, 49.3068379 ], [ 5.1825086, 49.3065931 ], [ 5.1803749, 49.3063843 ], [ 5.1755846, 49.3048449 ], [ 5.1751703, 49.3048703 ], [ 5.1743068, 49.3051026 ], [ 5.1722241, 49.304989 ], [ 5.1708093, 49.3049983 ], [ 5.1704367, 49.3034286 ], [ 5.1704746, 49.3032507 ], [ 5.1707003, 49.3030254 ], [ 5.1707315, 49.3026885 ], [ 5.1712929, 49.301521099999988 ], [ 5.1733228, 49.3010682 ], [ 5.1769556, 49.3005063 ], [ 5.1806774, 49.3005561 ], [ 5.1818728, 49.3004355 ], [ 5.1823446, 49.2998191 ], [ 5.1828437, 49.2994612 ], [ 5.1865597, 49.2996025 ], [ 5.1864651, 49.298473 ], [ 5.1865786, 49.2968009 ], [ 5.1871491, 49.2934552 ], [ 5.187662, 49.2921572 ], [ 5.1884339, 49.2918806 ], [ 5.1889324, 49.2907313 ], [ 5.1894127, 49.2907747 ], [ 5.1904176, 49.2910631 ], [ 5.1914387, 49.2912478 ], [ 5.1917775, 49.2909036 ], [ 5.1927599, 49.2911492 ], [ 5.1926948, 49.291332 ], [ 5.1941798, 49.2918527 ], [ 5.1951967, 49.2920986 ], [ 5.1955236, 49.2918004 ], [ 5.1970128, 49.2920629 ], [ 5.1977735, 49.2909726 ], [ 5.1983983, 49.291311 ], [ 5.1998072, 49.291851 ], [ 5.2006037, 49.2901503 ], [ 5.2011535, 49.2903399 ], [ 5.2019267, 49.2908375 ], [ 5.202342, 49.2910008 ], [ 5.2025962, 49.2912875 ], [ 5.202521, 49.2915551 ], [ 5.2030389, 49.291641 ], [ 5.2026688, 49.2920533 ], [ 5.2030154, 49.2922835 ], [ 5.2037362, 49.2925159 ], [ 5.2042528, 49.2927978 ], [ 5.2046283, 49.2931228 ], [ 5.2078882, 49.2940218 ], [ 5.2136317, 49.2950524 ], [ 5.2164095, 49.2949655 ], [ 5.2175859, 49.2947901 ], [ 5.2184472, 49.2945162 ], [ 5.2195071, 49.293806 ], [ 5.2205195, 49.2927298 ], [ 5.222295, 49.2935704 ], [ 5.2321567, 49.2972716 ], [ 5.2337236, 49.2984953 ], [ 5.2373954, 49.2967888 ], [ 5.2381607, 49.297155 ], [ 5.238912, 49.2966914 ], [ 5.2391004, 49.2968192 ], [ 5.2392205, 49.2967981 ], [ 5.2425801, 49.2953184 ], [ 5.2436674, 49.2946768 ], [ 5.2455387, 49.2971429 ], [ 5.2470545, 49.2964906 ], [ 5.2482323, 49.2964444 ], [ 5.2505229, 49.2956175 ], [ 5.2541944, 49.2945211 ], [ 5.2558624, 49.2936743 ], [ 5.2564328, 49.2935746 ], [ 5.2566206, 49.29334 ], [ 5.2582759, 49.2923314 ], [ 5.2585858, 49.2919983 ], [ 5.2598103, 49.2911993 ], [ 5.2629281, 49.2922533 ], [ 5.2646258, 49.292717 ], [ 5.2653467, 49.2930398 ], [ 5.2655764, 49.2927909 ], [ 5.2684813, 49.2937831 ], [ 5.270416, 49.2942234 ], [ 5.2707784, 49.2936455 ], [ 5.2714678, 49.2931262 ], [ 5.2731828, 49.2925426 ], [ 5.273289, 49.2941756 ], [ 5.2735318, 49.2955353 ], [ 5.2731764, 49.296051 ], [ 5.2738588, 49.2965597 ], [ 5.2727344, 49.2974127 ], [ 5.2813944, 49.3010454 ], [ 5.281512, 49.300937 ], [ 5.2826182, 49.3013235 ], [ 5.2845589, 49.3023246 ], [ 5.2860898, 49.3028909 ], [ 5.2861604, 49.3030236 ], [ 5.288963, 49.3043231 ], [ 5.290658, 49.3046479 ], [ 5.298395, 49.3051025 ], [ 5.3023757, 49.3060096 ], [ 5.3051346, 49.3068734 ], [ 5.3072072, 49.3077628 ], [ 5.308115, 49.3080098 ], [ 5.311434, 49.3095201 ], [ 5.3117908, 49.3093487 ], [ 5.3126862, 49.3096859 ], [ 5.3132805, 49.3102401 ], [ 5.3145755, 49.3110841 ], [ 5.3187846, 49.3125888 ], [ 5.3206892, 49.3130045 ], [ 5.3225874, 49.3132486 ], [ 5.3241349, 49.31328 ], [ 5.3251692, 49.3134912 ], [ 5.3256817, 49.3144247 ], [ 5.325978, 49.3157194 ], [ 5.325759, 49.3178505 ], [ 5.326444, 49.3195271 ], [ 5.3318275, 49.3189259 ], [ 5.3330001, 49.3187243 ], [ 5.3343257, 49.3180134 ], [ 5.3352899, 49.3171881 ], [ 5.3355637, 49.3165515 ], [ 5.3328046, 49.3158 ], [ 5.3329537, 49.3155686 ], [ 5.3337126, 49.31492 ], [ 5.3338642, 49.3138621 ], [ 5.3354107, 49.3136272 ], [ 5.3349744, 49.3134387 ], [ 5.3362017, 49.3132944 ], [ 5.3373369, 49.3132725 ], [ 5.3385211, 49.3128439 ], [ 5.3390623, 49.3127669 ], [ 5.3406779, 49.3126295 ], [ 5.3431736, 49.3126422 ], [ 5.3435036, 49.3124272 ], [ 5.3444848, 49.3122238 ], [ 5.3453362, 49.3121632 ], [ 5.3473207, 49.3123962 ], [ 5.3472181, 49.3115618 ], [ 5.3475169, 49.310420199999989 ], [ 5.3472657, 49.3098873 ], [ 5.3463916, 49.3090544 ], [ 5.3458638, 49.3081554 ], [ 5.3470748, 49.3076849 ], [ 5.3491217, 49.3066649 ], [ 5.3511951, 49.3061371 ], [ 5.3525585, 49.3054522 ], [ 5.353039, 49.3050696 ], [ 5.3536686, 49.3042794 ], [ 5.3548415, 49.3021953 ], [ 5.3523103, 49.3000664 ], [ 5.3503253, 49.2991455 ], [ 5.3498266, 49.2986741 ], [ 5.3495307, 49.2981546 ], [ 5.3495578, 49.2971792 ], [ 5.3498407, 49.2962339 ], [ 5.350111, 49.2960713 ], [ 5.350063, 49.2972216 ], [ 5.3501814, 49.2981303 ], [ 5.3505062, 49.2985889 ], [ 5.3511979, 49.2991321 ], [ 5.3530219, 49.2998071 ], [ 5.3552009, 49.3000946 ], [ 5.3572529, 49.3008523 ], [ 5.3585764, 49.301134 ], [ 5.3589846, 49.3008571 ], [ 5.3604865, 49.3014339 ], [ 5.3613625, 49.301372699999988 ], [ 5.3628258, 49.3003224 ], [ 5.3657046, 49.2984728 ], [ 5.3669852, 49.2968585 ], [ 5.3678553, 49.2955329 ], [ 5.3682976, 49.2937229 ], [ 5.3682779, 49.2924848 ], [ 5.3671086, 49.2901029 ], [ 5.3667358, 49.2896183 ], [ 5.3667968, 49.2894813 ], [ 5.3676806, 49.2893246 ], [ 5.3677973, 49.2889616 ], [ 5.3684861, 49.2889895 ], [ 5.3694384, 49.2876613 ], [ 5.3703251, 49.2872401 ], [ 5.3700096, 49.2867751 ], [ 5.3717081, 49.2862488 ], [ 5.3728216, 49.2860966 ], [ 5.373127, 49.2863702 ], [ 5.3753711, 49.2858404 ], [ 5.3757792, 49.2859538 ], [ 5.3761275, 49.2853363 ], [ 5.3778129, 49.283961299999987 ], [ 5.3785666, 49.2830731 ], [ 5.378752, 49.2830083 ], [ 5.3789098, 49.2827624 ], [ 5.3798897, 49.2818923 ], [ 5.3815755, 49.2810649 ], [ 5.3838118, 49.280223 ], [ 5.384583, 49.2798075 ], [ 5.3849523, 49.2788748 ], [ 5.3847029, 49.2773121 ], [ 5.3850552, 49.2752672 ], [ 5.3850934, 49.2744291 ], [ 5.386207, 49.2750277 ], [ 5.3883389, 49.2758606 ], [ 5.3887114, 49.2758604 ], [ 5.3891907, 49.2754345 ], [ 5.3898299, 49.2752267 ], [ 5.3907186, 49.2751551 ], [ 5.3916131, 49.2752957 ], [ 5.3923775, 49.2755962 ], [ 5.3936116, 49.276391 ], [ 5.3950024, 49.276948 ], [ 5.3969412, 49.2774635 ], [ 5.3986672, 49.27769 ], [ 5.3994285, 49.2778908 ], [ 5.4020512, 49.2777118 ], [ 5.40327, 49.2774069 ], [ 5.4050004, 49.276455 ], [ 5.4062047, 49.2759292 ], [ 5.4075953, 49.2773323 ], [ 5.409187, 49.2786856 ], [ 5.4104893, 49.2795509 ], [ 5.4125557, 49.2805861 ], [ 5.4165116, 49.2777854 ], [ 5.4193936, 49.2793277 ], [ 5.4199318, 49.2797225 ], [ 5.420161, 49.2800093 ], [ 5.4213563, 49.2796121 ], [ 5.420239, 49.2779464 ], [ 5.4202784, 49.2774392 ], [ 5.420628, 49.2770383 ], [ 5.4212274, 49.2768041 ], [ 5.4233612, 49.2766956 ], [ 5.4245615, 49.2765249 ], [ 5.4258017, 49.2759477 ], [ 5.4265636, 49.2758092 ], [ 5.427738, 49.2758198 ], [ 5.4272721, 49.2750305 ], [ 5.4266143, 49.2735516 ], [ 5.4249768, 49.273134 ], [ 5.4233573, 49.2728634 ], [ 5.4206417, 49.272783 ], [ 5.4199023, 49.2725802 ], [ 5.4194808, 49.2723845 ], [ 5.419722, 49.2721638 ], [ 5.4213828, 49.2716161 ], [ 5.4226666, 49.2710605 ], [ 5.4238928, 49.2702148 ], [ 5.4252172, 49.2694417 ], [ 5.4267832, 49.2679325 ], [ 5.4277864, 49.2663222 ], [ 5.4287556, 49.2652459 ], [ 5.4291615, 49.2642322 ], [ 5.4290935, 49.2636058 ], [ 5.4292263, 49.2632739 ], [ 5.4311372, 49.2615644 ], [ 5.432884, 49.2618592 ], [ 5.4328708, 49.2619305 ], [ 5.4339115, 49.2621713 ], [ 5.4365775, 49.262202 ], [ 5.4375806, 49.2622869 ], [ 5.4385783, 49.2625186 ], [ 5.4414534, 49.2634237 ], [ 5.4419227, 49.2664047 ], [ 5.4431861, 49.266791 ], [ 5.444478, 49.2679799 ], [ 5.4482801, 49.2710948 ], [ 5.4504863, 49.2714169 ], [ 5.4518883, 49.2715054 ], [ 5.4534664, 49.271739499999988 ], [ 5.4566536, 49.2725443 ], [ 5.4570892, 49.2727423 ], [ 5.4571274, 49.2723332 ], [ 5.457299, 49.2720113 ], [ 5.4611588, 49.2661288 ], [ 5.4615093, 49.2650334 ], [ 5.4614423, 49.2639753 ], [ 5.4616164, 49.263504 ], [ 5.4620457, 49.2629376 ], [ 5.4622087, 49.2618604 ], [ 5.4652051, 49.2624468 ], [ 5.4650496, 49.2631623 ], [ 5.4655767, 49.2632361 ], [ 5.4659684, 49.2625742 ], [ 5.4676518, 49.2629184 ], [ 5.4686335, 49.2632167 ], [ 5.4692944, 49.262552 ], [ 5.4703413, 49.2629209 ], [ 5.4712063, 49.2633349 ], [ 5.4717777, 49.2638728 ], [ 5.4729705, 49.2659385 ], [ 5.4775644, 49.2650672 ], [ 5.4794922, 49.2649169 ], [ 5.480232, 49.2647821 ], [ 5.4811936, 49.2644574 ], [ 5.4826245, 49.2638344 ], [ 5.4836276, 49.2636311 ], [ 5.4871685, 49.2635312 ], [ 5.4872248, 49.2648441 ], [ 5.4880372, 49.264961299999989 ], [ 5.4884547, 49.2650966 ], [ 5.4902704, 49.2669254 ], [ 5.4904505, 49.2670134 ], [ 5.4928571, 49.2676113 ], [ 5.4938165, 49.2680403 ], [ 5.4973751, 49.2691539 ], [ 5.4999762, 49.2698762 ], [ 5.5006918, 49.271143 ], [ 5.5056237, 49.2726767 ], [ 5.5072358, 49.2730399 ], [ 5.5097793, 49.2734466 ], [ 5.5119083, 49.2741506 ], [ 5.5127965, 49.2747482 ], [ 5.513612, 49.2757151 ], [ 5.5154463, 49.2765736 ], [ 5.5199229, 49.2791802 ], [ 5.5213393, 49.2796103 ], [ 5.5224317, 49.2798249 ], [ 5.5262672, 49.2804426 ], [ 5.5313759, 49.2810874 ], [ 5.5317885, 49.2810643 ], [ 5.5320474, 49.2801478 ], [ 5.5324238, 49.2793008 ], [ 5.5328725, 49.2789738 ], [ 5.5344288, 49.2783053 ], [ 5.534936, 49.2775742 ], [ 5.5351045, 49.2774798 ], [ 5.5354653, 49.2774353 ], [ 5.5368527, 49.2777219 ], [ 5.5372533, 49.2777063 ], [ 5.5377337, 49.2775235 ], [ 5.5379458, 49.2772789 ], [ 5.5380039, 49.2770078 ], [ 5.5378863, 49.2764329 ], [ 5.5374156, 49.276056 ], [ 5.5367131, 49.2757209 ], [ 5.5365334, 49.2752525 ], [ 5.5367768, 49.2748624 ], [ 5.5373874, 49.2745042 ], [ 5.537711, 49.273732 ], [ 5.5393138, 49.2731172 ], [ 5.5406822, 49.2724327 ], [ 5.5409811, 49.2721656 ], [ 5.5412193, 49.2704427 ], [ 5.5409734, 49.2680977 ], [ 5.5465649, 49.2687443 ], [ 5.5469591, 49.268878 ], [ 5.5475795, 49.2693066 ], [ 5.5494616, 49.2695924 ], [ 5.5507913, 49.2697154 ], [ 5.5523327, 49.2697287 ], [ 5.5555676, 49.2693535 ], [ 5.5555653, 49.2709725 ], [ 5.5548332, 49.2709844 ], [ 5.5509685, 49.271774 ], [ 5.5501158, 49.2721249 ], [ 5.5492592, 49.2725945 ], [ 5.5473956, 49.2737698 ], [ 5.5470282, 49.2743757 ], [ 5.5467069, 49.2760293 ], [ 5.5524003, 49.2764091 ], [ 5.5536257, 49.2766422 ], [ 5.5542961, 49.2768564 ], [ 5.5577299, 49.2771021 ], [ 5.5625457, 49.2771888 ], [ 5.5641231, 49.2771463 ], [ 5.5657616, 49.2769217 ], [ 5.5668701, 49.2779279 ], [ 5.5697472, 49.277979099999989 ], [ 5.5695917, 49.2790267 ], [ 5.5696279, 49.2794225 ], [ 5.5695073, 49.2796518 ], [ 5.569688, 49.2801885 ], [ 5.5694816, 49.280405099999989 ], [ 5.5678563, 49.2811188 ], [ 5.5668933, 49.2816304 ], [ 5.5660833, 49.2822349 ], [ 5.5655256, 49.2829375 ], [ 5.5652842, 49.2839725 ], [ 5.5639744, 49.2859746 ], [ 5.562072, 49.2855149 ], [ 5.5592014, 49.2849642 ], [ 5.5587028, 49.2864175 ], [ 5.5585307, 49.2865794 ], [ 5.5561288, 49.2875819 ], [ 5.5554996, 49.288063799999989 ], [ 5.5531209, 49.2907621 ], [ 5.5525203, 49.2910752 ], [ 5.5514763, 49.291290599999989 ], [ 5.5488382, 49.2916099 ], [ 5.5474154, 49.2916462 ], [ 5.5460983, 49.2914276 ], [ 5.5431063, 49.2957305 ], [ 5.5239513, 49.3016629 ], [ 5.5202334, 49.3028379 ], [ 5.5186525, 49.3034177 ], [ 5.5166646, 49.3038882 ], [ 5.5168991, 49.3055382 ], [ 5.5173526, 49.3139604 ], [ 5.5151974, 49.3138866 ], [ 5.5158368, 49.3179438 ], [ 5.5171441, 49.318092 ], [ 5.517651, 49.3179069 ], [ 5.5185083, 49.3172334 ], [ 5.5194289, 49.3170991 ], [ 5.5199405, 49.3172908 ], [ 5.5207382, 49.3185252 ], [ 5.5208888, 49.3190176 ], [ 5.52079, 49.3199244 ], [ 5.52043, 49.3214267 ], [ 5.5204437, 49.3216503 ], [ 5.5209414, 49.3224611 ], [ 5.521296, 49.3224797 ], [ 5.5218679, 49.3228653 ], [ 5.5222961, 49.3228429 ], [ 5.5228453, 49.3233827 ], [ 5.5236963, 49.3238173 ], [ 5.5244485, 49.3240633 ], [ 5.5251607, 49.3244729 ], [ 5.5255145, 49.324899 ], [ 5.5259345, 49.3250458 ], [ 5.5261311, 49.3254366 ], [ 5.5263496, 49.325628 ], [ 5.5263508, 49.325932 ], [ 5.5267469, 49.3261261 ], [ 5.5267939, 49.3263275 ], [ 5.5266404, 49.3265915 ], [ 5.5268993, 49.3269062 ], [ 5.529055, 49.3280186 ], [ 5.5299608, 49.3283621 ], [ 5.5310123, 49.3290398 ], [ 5.5312894, 49.3308165 ], [ 5.5334982, 49.3328657 ], [ 5.5341568, 49.3331343 ], [ 5.5370317, 49.333779 ], [ 5.5406344, 49.3368754 ], [ 5.5397849, 49.3377917 ], [ 5.5402912, 49.3382083 ], [ 5.5409068, 49.3385227 ], [ 5.543507, 49.339281899999989 ], [ 5.5450153, 49.3396422 ], [ 5.5455059, 49.3396256 ], [ 5.5478611, 49.3401336 ], [ 5.5496818, 49.3406572 ], [ 5.5507511, 49.3402641 ], [ 5.5518224, 49.340023 ], [ 5.5528253, 49.339930699999989 ], [ 5.5532051, 49.3400405 ], [ 5.5535351, 49.3402278 ], [ 5.5533902, 49.3406653 ], [ 5.5536807, 49.3417788 ], [ 5.5535266, 49.3421409 ], [ 5.5529084, 49.3426118 ], [ 5.5528833, 49.3433561 ], [ 5.5538554, 49.3431395 ], [ 5.5544767, 49.3435382 ], [ 5.5549053, 49.343549 ], [ 5.5550317, 49.3435175 ], [ 5.555173, 49.3431728 ], [ 5.5553188, 49.3431166 ], [ 5.5555851, 49.3431569 ], [ 5.5557109, 49.3430013 ], [ 5.5565105, 49.3432479 ], [ 5.5569439, 49.3432162 ], [ 5.5588834, 49.3452437 ], [ 5.5646814, 49.3475158 ], [ 5.5650863, 49.3479074 ], [ 5.5649925, 49.3481252 ], [ 5.565061, 49.3485887 ], [ 5.5659594, 49.3490203 ], [ 5.5655909, 49.3498312 ], [ 5.5686292, 49.3506067 ], [ 5.5693407, 49.3505466 ], [ 5.5710055, 49.3506371 ], [ 5.574338, 49.3509339 ], [ 5.5753504, 49.3508899 ], [ 5.5760787, 49.3507251 ], [ 5.5778487, 49.3511577 ], [ 5.5782574, 49.3513459 ], [ 5.5789452, 49.3508123 ], [ 5.5804225, 49.3514472 ], [ 5.5795941, 49.352116 ], [ 5.5806628, 49.3528658 ], [ 5.5819858, 49.352370699999987 ], [ 5.5822885, 49.3520918 ], [ 5.5825203, 49.3515238 ], [ 5.5835608, 49.350613 ], [ 5.5838003, 49.3501986 ], [ 5.5838442, 49.3498389 ], [ 5.5837916, 49.3493669 ], [ 5.5835775, 49.3489677 ], [ 5.5844761, 49.3471479 ], [ 5.5850712, 49.3471019 ], [ 5.586297, 49.3471683 ], [ 5.5878194, 49.3475791 ], [ 5.5901694, 49.3478273 ], [ 5.5907023, 49.3535305 ], [ 5.5924102, 49.3626647 ], [ 5.6019374, 49.3618124 ], [ 5.6051725, 49.3612247 ], [ 5.6059668, 49.3615745 ], [ 5.6063735, 49.3621836 ], [ 5.6078596, 49.3625436 ], [ 5.6086353, 49.3628255 ], [ 5.6111971, 49.3638152 ], [ 5.6117217, 49.3641394 ], [ 5.6118984, 49.3638217 ], [ 5.612167, 49.3626827 ], [ 5.6123139, 49.3625113 ], [ 5.6125907, 49.3625395 ], [ 5.6185853, 49.3642292 ], [ 5.6183153, 49.364443699999988 ], [ 5.6185559, 49.3645185 ], [ 5.6194859, 49.3647718 ], [ 5.6202459, 49.3648218 ], [ 5.6221729, 49.3654276 ], [ 5.6246655, 49.3669708 ], [ 5.6247817, 49.3676832 ], [ 5.6251522, 49.3680637 ], [ 5.6232613, 49.3697407 ], [ 5.6233071, 49.3699898 ], [ 5.6234661, 49.3701113 ], [ 5.6233334, 49.3709137 ], [ 5.622609, 49.3718621 ], [ 5.6220216, 49.3721464 ], [ 5.621579, 49.3720823 ], [ 5.6213322, 49.3721299 ], [ 5.6201525, 49.3729011 ], [ 5.6198979, 49.3731764 ], [ 5.618878, 49.3736239 ], [ 5.6186197, 49.3736349 ], [ 5.6179021, 49.3734175 ], [ 5.6150612, 49.3721245 ], [ 5.614443, 49.3724536 ], [ 5.6129387, 49.3735339 ], [ 5.6126027, 49.3736446 ], [ 5.6122156, 49.3736421 ], [ 5.6116405, 49.3737643 ], [ 5.6107893, 49.3744428 ], [ 5.6097019, 49.3757344 ], [ 5.6095282, 49.376086199999989 ], [ 5.609662, 49.376389 ], [ 5.6096168, 49.3765303 ], [ 5.6085523, 49.3771604 ], [ 5.6057568, 49.3782072 ], [ 5.6051457, 49.3787618 ], [ 5.6048663, 49.3791195 ], [ 5.6050344, 49.3794207 ], [ 5.6049774, 49.3799004 ], [ 5.6051031, 49.3809158 ], [ 5.604436, 49.3825157 ], [ 5.60416, 49.3829434 ], [ 5.6031807, 49.3833548 ], [ 5.6025311, 49.3838581 ], [ 5.6019336, 49.3840553 ], [ 5.6013135, 49.3841613 ], [ 5.6000752, 49.3839172 ], [ 5.5995739, 49.3835925 ], [ 5.59915, 49.3830278 ], [ 5.5988168, 49.3828129 ], [ 5.5980681, 49.3826608 ], [ 5.59728, 49.382604 ], [ 5.59583, 49.3831342 ], [ 5.5956638, 49.3837997 ], [ 5.5953852, 49.3840126 ], [ 5.5946919, 49.3837046 ], [ 5.5939917, 49.3837511 ], [ 5.5936168, 49.3834461 ], [ 5.5933026, 49.3827865 ], [ 5.5932953, 49.3825042 ], [ 5.5936994, 49.3822123 ], [ 5.5930284, 49.3805944 ], [ 5.591906, 49.3799143 ], [ 5.5909885, 49.380049 ], [ 5.5902314, 49.3804151 ], [ 5.5893316, 49.3813409 ], [ 5.5887366, 49.3817548 ], [ 5.5881281, 49.3825025 ], [ 5.5880923, 49.3831607 ], [ 5.5855584, 49.3860865 ], [ 5.5836436, 49.3869953 ], [ 5.5820689, 49.3878743 ], [ 5.5823065, 49.3891238 ], [ 5.5819464, 49.3891414 ], [ 5.5818238, 49.3888382 ], [ 5.5769024, 49.3887777 ], [ 5.5764685, 49.3886143 ], [ 5.5747917, 49.3887211 ], [ 5.5742117, 49.3883359 ], [ 5.5726928, 49.3890652 ], [ 5.5708121, 49.3903616 ], [ 5.5688533, 49.3912513 ], [ 5.5680438, 49.3914294 ], [ 5.5648849, 49.3916017 ], [ 5.5630515, 49.3919419 ], [ 5.5645301, 49.3950186 ], [ 5.5643263, 49.3951038 ], [ 5.563372, 49.3953381 ], [ 5.5624456, 49.3953002 ], [ 5.5611043, 49.3950093 ], [ 5.5603039, 49.3946791 ], [ 5.5565522, 49.393905 ], [ 5.5558613, 49.3940312 ], [ 5.5549832, 49.3946343 ], [ 5.55483, 49.3948237 ], [ 5.5547977, 49.395256 ], [ 5.5542475, 49.3960527 ], [ 5.5542258, 49.3972259 ], [ 5.5547931, 49.3982751 ], [ 5.5549656, 49.3989199 ], [ 5.5558608, 49.4007706 ], [ 5.5556838, 49.4013409 ], [ 5.5556867, 49.40226 ], [ 5.5552902, 49.4027674 ], [ 5.5560405, 49.4037264 ], [ 5.5559622, 49.4040366 ], [ 5.5562263, 49.4042756 ], [ 5.5572068, 49.4059006 ], [ 5.5577601, 49.4063304 ], [ 5.559285, 49.4070095 ], [ 5.5621745, 49.4114863 ], [ 5.5629976, 49.4120174 ], [ 5.5637908, 49.4122263 ], [ 5.565428, 49.4124704 ], [ 5.5671245, 49.4128256 ], [ 5.5696852, 49.4129034 ], [ 5.570887, 49.4127646 ], [ 5.5709855, 49.412832599999987 ], [ 5.5701419, 49.413356 ], [ 5.5693887, 49.4141157 ], [ 5.5723989, 49.4159358 ], [ 5.5691337, 49.4184809 ], [ 5.5682527, 49.4198324 ], [ 5.5674212, 49.4203257 ], [ 5.5663939, 49.4198502 ], [ 5.5660567, 49.4199716 ], [ 5.5653699, 49.4199088 ], [ 5.5632008, 49.4190645 ], [ 5.5625162, 49.41949 ], [ 5.5621356, 49.419598699999987 ], [ 5.5594743, 49.4193889 ], [ 5.5578806, 49.4190521 ], [ 5.557414, 49.4193722 ], [ 5.5551378, 49.4190606 ], [ 5.5537658, 49.4187739 ], [ 5.5531596, 49.4187795 ], [ 5.5527867, 49.418683 ], [ 5.5506967, 49.4175931 ], [ 5.5493709, 49.417041 ], [ 5.5481026, 49.4159787 ], [ 5.5476214, 49.4148611 ], [ 5.5469762, 49.414442099999988 ], [ 5.5466427, 49.4141074 ], [ 5.5438483, 49.41248 ], [ 5.5426072, 49.4119081 ], [ 5.5408418, 49.4113822 ], [ 5.5391346, 49.4111384 ], [ 5.5365597, 49.4113857 ], [ 5.5345678, 49.4112108 ], [ 5.5344085, 49.4103265 ], [ 5.5340338, 49.4099387 ], [ 5.533898, 49.409642 ], [ 5.5336967, 49.4095006 ], [ 5.5327166, 49.4096362 ], [ 5.5316048, 49.4088897 ], [ 5.5329831, 49.4086657 ], [ 5.5331676, 49.4082706 ], [ 5.5327913, 49.4076526 ], [ 5.5322737, 49.4076374 ], [ 5.5317676, 49.408106599999989 ], [ 5.5309502, 49.4077388 ], [ 5.5307251, 49.4075331 ], [ 5.5308517, 49.4072489 ], [ 5.5302107, 49.4066302 ], [ 5.5296242, 49.4063034 ], [ 5.5295503, 49.4061179 ], [ 5.5291219, 49.4061781 ], [ 5.5283043, 49.4065369 ], [ 5.5283415, 49.4067888 ], [ 5.529115, 49.4074705 ], [ 5.5284441, 49.4077552 ], [ 5.5273843, 49.4083736 ], [ 5.5263286, 49.407643 ], [ 5.5253321, 49.4071916 ], [ 5.5248297, 49.4074296 ], [ 5.5234823, 49.4072401 ], [ 5.5234713, 49.4070443 ], [ 5.520765, 49.4071925 ], [ 5.5206691, 49.4074013 ], [ 5.5186003, 49.407314 ], [ 5.5170643, 49.407185 ], [ 5.5146647, 49.4067853 ], [ 5.5145084, 49.4070556 ], [ 5.5136895, 49.4070214 ], [ 5.5117765, 49.4067068 ], [ 5.5105523, 49.4064156 ], [ 5.5105763, 49.4067946 ], [ 5.5085585, 49.4064507 ], [ 5.5084323, 49.4066341 ], [ 5.5071621, 49.4066424 ], [ 5.5053271, 49.4060887 ], [ 5.5035776, 49.4083435 ], [ 5.5019158, 49.4082079 ], [ 5.5008083, 49.4089286 ], [ 5.499636, 49.4087694 ], [ 5.4954467, 49.4062732 ], [ 5.4942713, 49.4051931 ], [ 5.493858, 49.4046557 ], [ 5.4939389, 49.4039643 ], [ 5.4979076, 49.4019724 ], [ 5.4978886, 49.4014673 ], [ 5.4982491, 49.4008025 ], [ 5.498083, 49.399395 ], [ 5.4970642, 49.398702 ], [ 5.4971271, 49.3982384 ], [ 5.4975905, 49.3977361 ], [ 5.4974689, 49.396279 ], [ 5.4972162, 49.3953292 ], [ 5.4966429, 49.3938761 ], [ 5.4957136, 49.3918997 ], [ 5.4944978, 49.3905192 ], [ 5.4937493, 49.3898862 ], [ 5.4927629, 49.3892582 ], [ 5.4908335, 49.3883051 ], [ 5.4875407, 49.3874421 ], [ 5.4869091, 49.3871431 ], [ 5.4850994, 49.385182 ], [ 5.48501, 49.3831856 ], [ 5.4842054, 49.3832966 ], [ 5.4831312, 49.3828726 ], [ 5.4807031, 49.3823658 ], [ 5.4803981, 49.382497 ], [ 5.4792863, 49.3834668 ], [ 5.4783062, 49.3845688 ], [ 5.4778335, 49.3855092 ], [ 5.4770666, 49.3863775 ], [ 5.476551, 49.3867136 ], [ 5.475912, 49.3873777 ], [ 5.4749568, 49.387739 ], [ 5.4744073, 49.3882584 ], [ 5.4738886, 49.3889327 ], [ 5.4738712, 49.3891722 ], [ 5.4757957, 49.3916086 ], [ 5.4764865, 49.3937401 ], [ 5.4768551, 49.3938135 ], [ 5.4779017, 49.3936608 ], [ 5.478845, 49.3938789 ], [ 5.4786281, 49.3944112 ], [ 5.478427, 49.394641 ], [ 5.476486, 49.3954506 ], [ 5.4763272, 49.3956724 ], [ 5.4759414, 49.396904199999987 ], [ 5.4745606, 49.396642899999989 ], [ 5.4743988, 49.3968018 ], [ 5.4745731, 49.3971903 ], [ 5.4743873, 49.3973946 ], [ 5.4744753, 49.3977067 ], [ 5.4713307, 49.3962638 ], [ 5.4705339, 49.3962558 ], [ 5.468975, 49.3961006 ], [ 5.4671585, 49.3956853 ], [ 5.4661411, 49.3953275 ], [ 5.4638398, 49.3963294 ], [ 5.4622639, 49.3972293 ], [ 5.4609325, 49.3983454 ], [ 5.4598096, 49.3982621 ], [ 5.459087, 49.3984216 ], [ 5.4573991, 49.3989712 ], [ 5.4574566, 49.3992227 ], [ 5.4580534, 49.399689 ], [ 5.4576561, 49.3999687 ], [ 5.4573866, 49.4000659 ], [ 5.4563893, 49.3993496 ], [ 5.4561168, 49.3995593 ], [ 5.4555356, 49.3991323 ], [ 5.4537545, 49.3999229 ], [ 5.4525133, 49.4007412 ], [ 5.4516162, 49.4015796 ], [ 5.4512749, 49.401617 ], [ 5.4503812, 49.4015146 ], [ 5.4492115, 49.4015455 ], [ 5.448668, 49.401649199999987 ], [ 5.4479932, 49.4018912 ], [ 5.4474731, 49.4023991 ], [ 5.4468114, 49.4039898 ], [ 5.4474752, 49.4041544 ], [ 5.4473, 49.404586 ], [ 5.4489221, 49.4049668 ], [ 5.4498359, 49.4052891 ], [ 5.4511054, 49.4059603 ], [ 5.4516421, 49.4065232 ], [ 5.4514976, 49.4071952 ], [ 5.4517957, 49.4087952 ], [ 5.4515782, 49.4116971 ], [ 5.4522132, 49.4119504 ], [ 5.4523056, 49.4124143 ], [ 5.4517679, 49.412525 ], [ 5.4512282, 49.4127401 ], [ 5.4505681, 49.4132058 ], [ 5.4503057, 49.4139764 ], [ 5.4502597, 49.4151239 ], [ 5.4508901, 49.4159762 ], [ 5.452218, 49.4183035 ], [ 5.4535463, 49.4220831 ], [ 5.4538187, 49.4225911 ], [ 5.450726, 49.4225486 ], [ 5.4491351, 49.4226347 ], [ 5.4465566, 49.4231419 ], [ 5.4460056, 49.4231791 ], [ 5.4450217, 49.4230425 ], [ 5.4447567, 49.4229184 ], [ 5.4447309, 49.4230736 ], [ 5.4445608, 49.4231777 ], [ 5.4405625, 49.4238933 ], [ 5.4338669, 49.4265182 ], [ 5.429627, 49.4283155 ], [ 5.4172279, 49.4214553 ], [ 5.4166427, 49.4210579 ], [ 5.4153788, 49.4204743 ], [ 5.4078411, 49.4162506 ], [ 5.406342, 49.4158776 ], [ 5.4043831, 49.4151036 ], [ 5.4029158, 49.4143774 ], [ 5.3969974, 49.4109986 ], [ 5.3966236, 49.4112587 ], [ 5.3944658, 49.4099354 ], [ 5.392622, 49.4081878 ], [ 5.3905034, 49.4066632 ], [ 5.3879319, 49.4056529 ], [ 5.3879529, 49.4054511 ], [ 5.3876554, 49.4048005 ], [ 5.3876116, 49.4044497 ], [ 5.3876767, 49.4042201 ], [ 5.3879242, 49.4040587 ] ] ] ] } },
{ "type": "Feature", "properties": { "code_departement": 55.0, "code_rne": "0550011N", "multisecteur": 0.0 }, "geometry": { "type": "MultiPolygon", "coordinates": [ [ [ [ 5.4828526, 49.1880827 ], [ 5.4825693, 49.1876415 ], [ 5.4822065, 49.187345 ], [ 5.4816121, 49.1871675 ], [ 5.4801925, 49.1869251 ], [ 5.4780747, 49.1867447 ], [ 5.4747688, 49.1868567 ], [ 5.4707804, 49.1873605 ], [ 5.4700043, 49.1867684 ], [ 5.4678635, 49.1873717 ], [ 5.4646267, 49.1873211 ], [ 5.4636189, 49.1871087 ], [ 5.4625788, 49.1865615 ], [ 5.4605985, 49.1852321 ], [ 5.4584655, 49.1845552 ], [ 5.4556892, 49.1819152 ], [ 5.4547611, 49.1812955 ], [ 5.4537066, 49.1803834 ], [ 5.4534989, 49.1801699 ], [ 5.453334, 49.1795293 ], [ 5.4522296, 49.1784013 ], [ 5.4482668, 49.1772326 ], [ 5.4438222, 49.1755599 ], [ 5.4403098, 49.1743917 ], [ 5.4401415, 49.1737906 ], [ 5.4390481, 49.1728872 ], [ 5.4373886, 49.1717902 ], [ 5.4323765, 49.1693802 ], [ 5.4311359, 49.1686389 ], [ 5.4301648, 49.1677635 ], [ 5.4297526, 49.166697 ], [ 5.4293888, 49.1661934 ], [ 5.428928, 49.165787099999989 ], [ 5.4283107, 49.1654056 ], [ 5.4284307, 49.1651855 ], [ 5.429422, 49.1650315 ], [ 5.4317958, 49.1644061 ], [ 5.4319272, 49.1643126 ], [ 5.4321164, 49.1638743 ], [ 5.4323669, 49.1636579 ], [ 5.4326182, 49.1636069 ], [ 5.4383528, 49.1637482 ], [ 5.4395215, 49.1635176 ], [ 5.441216, 49.1630353 ], [ 5.4421024, 49.1629265 ], [ 5.4446158, 49.1629969 ], [ 5.4462923, 49.163239 ], [ 5.4469793, 49.1607388 ], [ 5.4497034, 49.1611781 ], [ 5.4514077, 49.1599489 ], [ 5.4519174, 49.1587521 ], [ 5.4526846, 49.1586186 ], [ 5.4535614, 49.1583093 ], [ 5.4543688, 49.1582703 ], [ 5.4569657, 49.1586041 ], [ 5.4607985, 49.1587363 ], [ 5.4614337, 49.1586532 ], [ 5.4617513, 49.1584965 ], [ 5.4626734, 49.157642 ], [ 5.4651045, 49.1563059 ], [ 5.4661812, 49.1553286 ], [ 5.4672716, 49.1545551 ], [ 5.4700294, 49.1513044 ], [ 5.4710679, 49.1504241 ], [ 5.4715518, 49.1502189 ], [ 5.473263, 49.1499562 ], [ 5.4738229, 49.1500805 ], [ 5.4754288, 49.15126 ], [ 5.4769647, 49.1528367 ], [ 5.477853, 49.1540895 ], [ 5.4787884, 49.1539776 ], [ 5.4800464, 49.1536449 ], [ 5.4844211, 49.1521856 ], [ 5.4836491, 49.1506148 ], [ 5.4836647, 49.1502547 ], [ 5.4844674, 49.1486352 ], [ 5.4847035, 49.1478126 ], [ 5.4846381, 49.1467067 ], [ 5.4852858, 49.1458307 ], [ 5.4855268, 49.1447966 ], [ 5.4860072, 49.1441777 ], [ 5.4862067, 49.1432201 ], [ 5.4838723, 49.1422042 ], [ 5.4815438, 49.1410217 ], [ 5.4812726, 49.1405137 ], [ 5.4807517, 49.1402006 ], [ 5.4798321, 49.1398066 ], [ 5.4773438, 49.1390061 ], [ 5.474846, 49.1383783 ], [ 5.4803068, 49.1316265 ], [ 5.4813135, 49.1302636 ], [ 5.4875172, 49.1327396 ], [ 5.4878781, 49.1327762 ], [ 5.4897245, 49.1334001 ], [ 5.4906763, 49.1342358 ], [ 5.4924079, 49.1348953 ], [ 5.4930734, 49.1338839 ], [ 5.4954464, 49.1316929 ], [ 5.496667, 49.1317342 ], [ 5.4975376, 49.1326174 ], [ 5.4983665, 49.1329501 ], [ 5.4991941, 49.1335941 ], [ 5.5007932, 49.1341762 ], [ 5.5019521, 49.1337617 ], [ 5.5015534, 49.13317 ], [ 5.4996834, 49.1310652 ], [ 5.4982111, 49.1302952 ], [ 5.4985146, 49.129881399999988 ], [ 5.4957015, 49.1266889 ], [ 5.492933, 49.1238453 ], [ 5.4918557, 49.1218508 ], [ 5.4923798, 49.121777 ], [ 5.4924819, 49.1216769 ], [ 5.4987728, 49.1211118 ], [ 5.5080727, 49.1210442 ], [ 5.5106925, 49.122359499999988 ], [ 5.5112643, 49.1228459 ], [ 5.5155444, 49.1245907 ], [ 5.5169613, 49.1250081 ], [ 5.5173423, 49.1245846 ], [ 5.5270614, 49.1236557 ], [ 5.531443, 49.125165699999989 ], [ 5.5294574, 49.128713 ], [ 5.5371157, 49.1328812 ], [ 5.5370553, 49.1330201 ], [ 5.5344639, 49.1338781 ], [ 5.5331498, 49.134675799999989 ], [ 5.5311869, 49.1361672 ], [ 5.531365, 49.1368372 ], [ 5.5312648, 49.137424 ], [ 5.5305132, 49.1383438 ], [ 5.5292049, 49.1395434 ], [ 5.5278312, 49.1403306 ], [ 5.5277952, 49.1407173 ], [ 5.528079, 49.1410532 ], [ 5.5294764, 49.1420708 ], [ 5.5291188, 49.1422448 ], [ 5.5314946, 49.143948 ], [ 5.5329065, 49.1447819 ], [ 5.5347044, 49.145711899999988 ], [ 5.5363503, 49.1462529 ], [ 5.5393762, 49.1475051 ], [ 5.5389343, 49.1481126 ], [ 5.538411, 49.1484871 ], [ 5.5401263, 49.149238 ], [ 5.5496983, 49.1527821 ], [ 5.5513281, 49.151374 ], [ 5.5528171, 49.1520081 ], [ 5.5538398, 49.1519729 ], [ 5.5542998, 49.151707699999989 ], [ 5.5556893, 49.152047 ], [ 5.5594727, 49.1507657 ], [ 5.5653584, 49.1489375 ], [ 5.5662576, 49.1485414 ], [ 5.5665062, 49.1479136 ], [ 5.5668717, 49.1476252 ], [ 5.5680773, 49.1475734 ], [ 5.568923, 49.1472908 ], [ 5.5693691, 49.146911599999989 ], [ 5.5700025, 49.1455568 ], [ 5.5706012, 49.1450214 ], [ 5.571339, 49.1445262 ], [ 5.5732421, 49.1433916 ], [ 5.5743244, 49.1441457 ], [ 5.5754032, 49.144746 ], [ 5.5783381, 49.1460514 ], [ 5.5739418, 49.1479527 ], [ 5.5732118, 49.1481365 ], [ 5.5726385, 49.1484915 ], [ 5.5720345, 49.1487284 ], [ 5.5696315, 49.1494652 ], [ 5.5692601, 49.1497448 ], [ 5.5686967, 49.1509937 ], [ 5.5682448, 49.1515314 ], [ 5.5709725, 49.1528575 ], [ 5.5733602, 49.1537429 ], [ 5.5741877, 49.1541957 ], [ 5.5750325, 49.1551869 ], [ 5.5783078, 49.1575887 ], [ 5.5814428, 49.1595068 ], [ 5.5824122, 49.1600231 ], [ 5.5848869, 49.1604413 ], [ 5.5838822, 49.1630104 ], [ 5.5825744, 49.1657766 ], [ 5.5843766, 49.1662102 ], [ 5.5853521, 49.1663224 ], [ 5.5868978, 49.1666751 ], [ 5.5881734, 49.1665055 ], [ 5.5885082, 49.1663706 ], [ 5.5889985, 49.1658617 ], [ 5.5896744, 49.1658814 ], [ 5.5899229, 49.1657483 ], [ 5.591368, 49.1657064 ], [ 5.592618, 49.1648636 ], [ 5.5938525, 49.1637953 ], [ 5.5953715, 49.1620004 ], [ 5.5962719, 49.1599884 ], [ 5.5972243, 49.158794 ], [ 5.5985395, 49.1578625 ], [ 5.6011124, 49.1564674 ], [ 5.6022774, 49.1561787 ], [ 5.6033706, 49.1557997 ], [ 5.6088773, 49.1573527 ], [ 5.6116782, 49.1598044 ], [ 5.6111741, 49.1604703 ], [ 5.6126115, 49.1611209 ], [ 5.6128057, 49.1617878 ], [ 5.6159171, 49.1627745 ], [ 5.6200406, 49.1636725 ], [ 5.6207217, 49.163904099999989 ], [ 5.6221357, 49.1646569 ], [ 5.6263322, 49.1664472 ], [ 5.6269729, 49.1665304 ], [ 5.627837, 49.1668516 ], [ 5.6293541, 49.1669849 ], [ 5.6310814, 49.1676074 ], [ 5.633642, 49.1678384 ], [ 5.6346785, 49.1680424 ], [ 5.6368878, 49.1693199 ], [ 5.6379901, 49.1701414 ], [ 5.6386799, 49.1683865 ], [ 5.6389255, 49.1681463 ], [ 5.6394269, 49.1679437 ], [ 5.6399473, 49.1671182 ], [ 5.6402283, 49.1670077 ], [ 5.6418529, 49.1671484 ], [ 5.6427688, 49.16714 ], [ 5.6441111, 49.1666409 ], [ 5.6450922, 49.1666464 ], [ 5.6456054, 49.1665145 ], [ 5.6459345, 49.1651175 ], [ 5.6463753, 49.1644547 ], [ 5.6463057, 49.1636583 ], [ 5.6464095, 49.1632458 ], [ 5.6470869, 49.1624096 ], [ 5.6478397, 49.1607964 ], [ 5.6480683, 49.1582671 ], [ 5.6489827, 49.1572647 ], [ 5.6474095, 49.1560048 ], [ 5.6474661, 49.1558237 ], [ 5.6488921, 49.1542891 ], [ 5.6514064, 49.1522879 ], [ 5.6522066, 49.1517639 ], [ 5.6529986, 49.1497178 ], [ 5.6558886, 49.1479899 ], [ 5.656762, 49.146543799999989 ], [ 5.65967, 49.1468799 ], [ 5.6639544, 49.1477153 ], [ 5.6639014, 49.1495903 ], [ 5.6648091, 49.1497474 ], [ 5.6649992, 49.1478469 ], [ 5.6672637, 49.148254599999987 ], [ 5.6682676, 49.148361 ], [ 5.6693631, 49.1483304 ], [ 5.6697225, 49.1496898 ], [ 5.6708149, 49.1499705 ], [ 5.6704494, 49.1483351 ], [ 5.6724731, 49.1483279 ], [ 5.673487, 49.1480976 ], [ 5.6735651, 49.1483352 ], [ 5.6727484, 49.1488517 ], [ 5.6756892, 49.150456 ], [ 5.6767688, 49.1498256 ], [ 5.6761602, 49.1492742 ], [ 5.6763324, 49.1489169 ], [ 5.6768376, 49.148662699999988 ], [ 5.6768823, 49.1481481 ], [ 5.6756271, 49.1472629 ], [ 5.6762576, 49.1463565 ], [ 5.6757341, 49.1460973 ], [ 5.676514, 49.1454539 ], [ 5.6771976, 49.1452291 ], [ 5.6771436, 49.1436002 ], [ 5.6773521, 49.1432034 ], [ 5.6782821, 49.1428921 ], [ 5.6789152, 49.1429634 ], [ 5.6807427, 49.1425341 ], [ 5.6815151, 49.142489 ], [ 5.6845385, 49.1426978 ], [ 5.6873795, 49.1425102 ], [ 5.6890854, 49.1429633 ], [ 5.6901959, 49.1431435 ], [ 5.6913765, 49.1436182 ], [ 5.692486, 49.143937 ], [ 5.6935744, 49.1444587 ], [ 5.6950423, 49.1448667 ], [ 5.6980908, 49.145527 ], [ 5.6988813, 49.1454877 ], [ 5.7001424, 49.1455836 ], [ 5.7013809, 49.145876 ], [ 5.7031889, 49.1465452 ], [ 5.704984, 49.1431862 ], [ 5.7055503, 49.1418726 ], [ 5.707829, 49.1428658 ], [ 5.7084836, 49.1421944 ], [ 5.7109401, 49.1401896 ], [ 5.7110152, 49.1397651 ], [ 5.710713, 49.1388111 ], [ 5.711659, 49.1381295 ], [ 5.7132253, 49.1372755 ], [ 5.7142746, 49.1364989 ], [ 5.7142932, 49.1362771 ], [ 5.7137161, 49.135835 ], [ 5.7158721, 49.1340716 ], [ 5.7171621, 49.1333642 ], [ 5.7175828, 49.1330461 ], [ 5.7187069, 49.133305 ], [ 5.7210699, 49.1347305 ], [ 5.7216031, 49.1349623 ], [ 5.7223347, 49.1354225 ], [ 5.7229252, 49.1356484 ], [ 5.7220874, 49.1368738 ], [ 5.7215637, 49.1381793 ], [ 5.7214797, 49.138667 ], [ 5.7222828, 49.1388944 ], [ 5.7244202, 49.1357378 ], [ 5.7253155, 49.1360243 ], [ 5.7265175, 49.1368508 ], [ 5.7280437, 49.1375314 ], [ 5.7277721, 49.1378138 ], [ 5.7302359, 49.1387762 ], [ 5.7306941, 49.1383385 ], [ 5.7315278, 49.1386255 ], [ 5.7323454, 49.1386843 ], [ 5.7330297, 49.1385824 ], [ 5.7336311, 49.1381576 ], [ 5.733797, 49.1380009 ], [ 5.7340219, 49.1374056 ], [ 5.7344625, 49.136998 ], [ 5.734819, 49.1368954 ], [ 5.7356333, 49.1368931 ], [ 5.7360181, 49.1366756 ], [ 5.737729, 49.1346242 ], [ 5.7380951, 49.1345196 ], [ 5.7383985, 49.134295 ], [ 5.7403772, 49.1341195 ], [ 5.7407667, 49.1342006 ], [ 5.7423033, 49.1347899 ], [ 5.7437254, 49.1350544 ], [ 5.7469899, 49.1359092 ], [ 5.7488369, 49.1365066 ], [ 5.7519565, 49.1378558 ], [ 5.7546358, 49.1396117 ], [ 5.7551352, 49.1403119 ], [ 5.7556875, 49.1415956 ], [ 5.7560898, 49.1428414 ], [ 5.756247, 49.1439407 ], [ 5.7568104, 49.1460752 ], [ 5.7577305, 49.1462026 ], [ 5.7594307, 49.1468662 ], [ 5.7592919, 49.1475558 ], [ 5.7595362, 49.1494385 ], [ 5.7595511, 49.1505933 ], [ 5.7597213, 49.1519586 ], [ 5.7599412, 49.1519931 ], [ 5.7598089, 49.1528562 ], [ 5.7578071, 49.1532286 ], [ 5.7571867, 49.1526527 ], [ 5.7554296, 49.1521847 ], [ 5.7548029, 49.1523412 ], [ 5.7540036, 49.1523729 ], [ 5.7532518, 49.1528328 ], [ 5.7523936, 49.1529936 ], [ 5.7520932, 49.1533037 ], [ 5.751046, 49.1533411 ], [ 5.7506308, 49.1536052 ], [ 5.7504037, 49.1535132 ], [ 5.7505645, 49.1533134 ], [ 5.7504856, 49.153195599999989 ], [ 5.7502551, 49.1531685 ], [ 5.7497902, 49.1532736 ], [ 5.7495575, 49.1533841 ], [ 5.7495159, 49.153505599999988 ], [ 5.7498072, 49.1537482 ], [ 5.7499508, 49.1541542 ], [ 5.7496272, 49.154567299999989 ], [ 5.7494536, 49.154735 ], [ 5.7492631, 49.1547889 ], [ 5.7488419, 49.1544503 ], [ 5.7479882, 49.1547487 ], [ 5.7479413, 49.1549252 ], [ 5.7481192, 49.155227 ], [ 5.7474747, 49.1556187 ], [ 5.7470492, 49.1557669 ], [ 5.7465272, 49.1562943 ], [ 5.7466614, 49.1566781 ], [ 5.74653, 49.1567611 ], [ 5.7463436, 49.1568158 ], [ 5.7460876, 49.1566705 ], [ 5.7457005, 49.156664 ], [ 5.7453623, 49.1564936 ], [ 5.7446514, 49.1566151 ], [ 5.7443952, 49.1564914 ], [ 5.744374, 49.1566088 ], [ 5.7449413, 49.1579444 ], [ 5.7458302, 49.1596001 ], [ 5.7463575, 49.1604912 ], [ 5.7466648, 49.1607766 ], [ 5.7465367, 49.1635575 ], [ 5.7471933, 49.1649711 ], [ 5.7487019, 49.1668231 ], [ 5.7498097, 49.1678683 ], [ 5.7513798, 49.1687833 ], [ 5.7535196, 49.1701945 ], [ 5.7560983, 49.1711619 ], [ 5.7558063, 49.1716031 ], [ 5.7553292, 49.1716617 ], [ 5.7551749, 49.1732215 ], [ 5.7553845, 49.1775717 ], [ 5.7561354, 49.1779116 ], [ 5.7553749, 49.1791696 ], [ 5.7566497, 49.1794777 ], [ 5.7578217, 49.1804341 ], [ 5.7579845, 49.182638 ], [ 5.7584337, 49.1828013 ], [ 5.758433, 49.1837666 ], [ 5.7586941, 49.1839271 ], [ 5.7593014, 49.1854847 ], [ 5.759279, 49.1872772 ], [ 5.7593903, 49.1876417 ], [ 5.7604332, 49.1894386 ], [ 5.7607658, 49.1897296 ], [ 5.7619396, 49.1904565 ], [ 5.7626681, 49.1907331 ], [ 5.7639783, 49.1919804 ], [ 5.7648266, 49.1942162 ], [ 5.764919, 49.1952 ], [ 5.7657154, 49.1976439 ], [ 5.7654471, 49.1982492 ], [ 5.7651687, 49.1985884 ], [ 5.7628884, 49.199765199999987 ], [ 5.7619019, 49.2004193 ], [ 5.7609419, 49.2016189 ], [ 5.7593143, 49.2015258 ], [ 5.7582091, 49.2011912 ], [ 5.7571571, 49.2006927 ], [ 5.7566495, 49.2005963 ], [ 5.7545354, 49.199307 ], [ 5.7533704, 49.1988767 ], [ 5.7530468, 49.198858 ], [ 5.7521387, 49.1990515 ], [ 5.7494859, 49.1983402 ], [ 5.7491381, 49.1984345 ], [ 5.7475907, 49.1994612 ], [ 5.7431004, 49.1970546 ], [ 5.7416149, 49.1964524 ], [ 5.7411394, 49.1971163 ], [ 5.7403455, 49.1978586 ], [ 5.7389134, 49.1973847 ], [ 5.7377572, 49.1971168 ], [ 5.7358452, 49.196419 ], [ 5.7319686, 49.1946746 ], [ 5.7260026, 49.1953918 ], [ 5.7251277, 49.195641 ], [ 5.7250131, 49.1968013 ], [ 5.7245339, 49.1976847 ], [ 5.723186, 49.199302 ], [ 5.7241897, 49.1996203 ], [ 5.7245549, 49.1999601 ], [ 5.7243938, 49.2001059 ], [ 5.7256456, 49.2008854 ], [ 5.7269237, 49.2020583 ], [ 5.7268306, 49.2022709 ], [ 5.7256272, 49.2032193 ], [ 5.7248425, 49.2039855 ], [ 5.725595, 49.2044056 ], [ 5.7249631, 49.2052322 ], [ 5.7244489, 49.2051917 ], [ 5.7235583, 49.2049914 ], [ 5.7225984, 49.2068374 ], [ 5.7209025, 49.2093099 ], [ 5.723259, 49.2099179 ], [ 5.7222787, 49.2106758 ], [ 5.720793, 49.2115613 ], [ 5.7213156, 49.212333 ], [ 5.7209191, 49.2128619 ], [ 5.7211618, 49.2132216 ], [ 5.7211495, 49.2134819 ], [ 5.7211043, 49.2136421 ], [ 5.7208137, 49.2138861 ], [ 5.7217627, 49.2145682 ], [ 5.7203063, 49.2152559 ], [ 5.7191458, 49.2158794 ], [ 5.7187402, 49.2161827 ], [ 5.7193757, 49.2168286 ], [ 5.719449, 49.2174144 ], [ 5.7226287, 49.2202445 ], [ 5.7224994, 49.2206045 ], [ 5.7228807, 49.2207794 ], [ 5.7244594, 49.2212115 ], [ 5.7252054, 49.2216327 ], [ 5.7257066, 49.2224912 ], [ 5.7260539, 49.2234009 ], [ 5.7266133, 49.2240341 ], [ 5.7283567, 49.224669299999988 ], [ 5.7287203, 49.2249741 ], [ 5.7329963, 49.2261024 ], [ 5.7347938, 49.2262766 ], [ 5.736322, 49.2267619 ], [ 5.7387842, 49.2273248 ], [ 5.7393043, 49.2277313 ], [ 5.7405606, 49.2301837 ], [ 5.7401379, 49.2302158 ], [ 5.7383035, 49.2311111 ], [ 5.7366299, 49.2327332 ], [ 5.7364498, 49.2332501 ], [ 5.736613, 49.2343348 ], [ 5.736581, 49.2349751 ], [ 5.7363142, 49.2354894 ], [ 5.7362511, 49.2361655 ], [ 5.7351501, 49.2363865 ], [ 5.7335274, 49.2365097 ], [ 5.7324154, 49.236731 ], [ 5.7319628, 49.2370309 ], [ 5.7308077, 49.2381527 ], [ 5.729465, 49.2387669 ], [ 5.7287609, 49.2393001 ], [ 5.7284336, 49.2398922 ], [ 5.7281011, 49.2425713 ], [ 5.7273531, 49.2437576 ], [ 5.726888, 49.2447603 ], [ 5.725676, 49.244755299999987 ], [ 5.7247576, 49.2450055 ], [ 5.7229345, 49.2451906 ], [ 5.7229489, 49.2456463 ], [ 5.7209603, 49.2477754 ], [ 5.720384, 49.2482094 ], [ 5.7195828, 49.2486493 ], [ 5.7191173, 49.2488127 ], [ 5.7183284, 49.2488071 ], [ 5.7148422, 49.2480186 ], [ 5.7124957, 49.246821 ], [ 5.710546, 49.2459816 ], [ 5.7099002, 49.2457721 ], [ 5.7075869, 49.2452817 ], [ 5.7060857, 49.2447928 ], [ 5.7048044, 49.2440947 ], [ 5.7043386, 49.2437274 ], [ 5.703707, 49.2441274 ], [ 5.7020774, 49.242812 ], [ 5.7004891, 49.2424149 ], [ 5.6973853, 49.2407259 ], [ 5.6964033, 49.240388 ], [ 5.6955716, 49.2402204 ], [ 5.694439, 49.2401558 ], [ 5.6931479, 49.2403717 ], [ 5.6888325, 49.2415808 ], [ 5.6879138, 49.2422489 ], [ 5.6870047, 49.2419912 ], [ 5.6875866, 49.2389685 ], [ 5.6838773, 49.2378548 ], [ 5.6835235, 49.2380255 ], [ 5.6809868, 49.2370295 ], [ 5.6802218, 49.2375898 ], [ 5.6786792, 49.2371392 ], [ 5.6769719, 49.2391327 ], [ 5.672967, 49.2375854 ], [ 5.6739117, 49.2365948 ], [ 5.6725496, 49.2359674 ], [ 5.6739623, 49.2344132 ], [ 5.6725438, 49.2337305 ], [ 5.6701956, 49.2356319 ], [ 5.6692411, 49.2352105 ], [ 5.6682079, 49.2363227 ], [ 5.665664, 49.2375771 ], [ 5.6646009, 49.2391801 ], [ 5.6636018, 49.239759 ], [ 5.6627466, 49.2413709 ], [ 5.6624491, 49.2417031 ], [ 5.6621056, 49.2419158 ], [ 5.661531, 49.2427092 ], [ 5.6615742, 49.2432021 ], [ 5.6614559, 49.2434655 ], [ 5.66044, 49.2446546 ], [ 5.6604323, 49.2449057 ], [ 5.6599342, 49.2457713 ], [ 5.659531, 49.246186699999988 ], [ 5.6589514, 49.2465359 ], [ 5.6580243, 49.246837 ], [ 5.657227, 49.2470695 ], [ 5.6563852, 49.2471583 ], [ 5.6547986, 49.2469503 ], [ 5.6536539, 49.2463576 ], [ 5.6512777, 49.246318099999989 ], [ 5.6490491, 49.2460487 ], [ 5.6484985, 49.2458944 ], [ 5.6477632, 49.2455408 ], [ 5.646656, 49.2451424 ], [ 5.6460585, 49.2452239 ], [ 5.6445191, 49.2449986 ], [ 5.643622, 49.2449994 ], [ 5.641381, 49.2442965 ], [ 5.6405745, 49.2447531 ], [ 5.6385886, 49.243395199999988 ], [ 5.6378339, 49.2426849 ], [ 5.6373773, 49.2427831 ], [ 5.6361974, 49.2428692 ], [ 5.6359466, 49.2432047 ], [ 5.6289504, 49.2434088 ], [ 5.626182, 49.2426497 ], [ 5.6220171, 49.2416574 ], [ 5.6212621, 49.2441609 ], [ 5.6206782, 49.246979 ], [ 5.6187782, 49.2476598 ], [ 5.6192421, 49.2480024 ], [ 5.6215482, 49.2491773 ], [ 5.621977, 49.2494774 ], [ 5.6225778, 49.2501354 ], [ 5.62253, 49.2503847 ], [ 5.6188437, 49.2527198 ], [ 5.6185419, 49.2524853 ], [ 5.6170833, 49.2529864 ], [ 5.6168212, 49.2532647 ], [ 5.6169095, 49.2537071 ], [ 5.6164782, 49.2539269 ], [ 5.6163548, 49.2543937 ], [ 5.6160432, 49.2546442 ], [ 5.6155322, 49.2548379 ], [ 5.6152857, 49.2552894 ], [ 5.615073, 49.2554577 ], [ 5.6146077, 49.2555775 ], [ 5.6142665, 49.255325 ], [ 5.6139242, 49.2553216 ], [ 5.6132034, 49.2557141 ], [ 5.6130942, 49.2558928 ], [ 5.61283, 49.2559939 ], [ 5.6125653, 49.2563018 ], [ 5.6121525, 49.2563458 ], [ 5.6120555, 49.2565485 ], [ 5.6114779, 49.2568102 ], [ 5.6111395, 49.2568319 ], [ 5.6106342, 49.2570011 ], [ 5.6102031, 49.2569277 ], [ 5.6098113, 49.2570333 ], [ 5.6096363, 49.2569166 ], [ 5.6082921, 49.2572101 ], [ 5.6072748, 49.2582647 ], [ 5.6068764, 49.2589488 ], [ 5.6047414, 49.2582772 ], [ 5.6053494, 49.257146 ], [ 5.6019129, 49.2566347 ], [ 5.6021543, 49.2556427 ], [ 5.6012363, 49.2554503 ], [ 5.6006946, 49.255444 ], [ 5.6002252, 49.2557563 ], [ 5.5994987, 49.2558727 ], [ 5.598721, 49.2562582 ], [ 5.5972404, 49.2564646 ], [ 5.5935875, 49.2557176 ], [ 5.5841821, 49.2549067 ], [ 5.5816352, 49.2565704 ], [ 5.5803621, 49.2601891 ], [ 5.579221, 49.2626313 ], [ 5.5777538, 49.2626968 ], [ 5.576948, 49.2628255 ], [ 5.5760848, 49.263210099999988 ], [ 5.5751255, 49.2632647 ], [ 5.5740667, 49.263666 ], [ 5.5724562, 49.2632569 ], [ 5.5720992, 49.2636774 ], [ 5.5730704, 49.2642764 ], [ 5.5708121, 49.2652932 ], [ 5.5715036, 49.2658766 ], [ 5.5731667, 49.2652979 ], [ 5.5744413, 49.2646195 ], [ 5.5785219, 49.2636023 ], [ 5.5798907, 49.2637116 ], [ 5.5814671, 49.2640691 ], [ 5.5825634, 49.2640888 ], [ 5.5834021, 49.2642606 ], [ 5.5849061, 49.2644056 ], [ 5.5830349, 49.2676081 ], [ 5.5794226, 49.2744843 ], [ 5.5765778, 49.2794308 ], [ 5.5720765, 49.2860774 ], [ 5.5729694, 49.2863102 ], [ 5.5736161, 49.2863459 ], [ 5.5765467, 49.2858615 ], [ 5.5784151, 49.2860509 ], [ 5.5795761, 49.2863094 ], [ 5.5803958, 49.2849949 ], [ 5.5805893, 49.2845186 ], [ 5.5805575, 49.2831126 ], [ 5.5806505, 49.2830467 ], [ 5.5820327, 49.2827545 ], [ 5.582301, 49.2828693 ], [ 5.5829868, 49.2829734 ], [ 5.584604, 49.2827885 ], [ 5.586108, 49.2819351 ], [ 5.5876538, 49.2813686 ], [ 5.5884041, 49.281196 ], [ 5.5898686, 49.2813391 ], [ 5.5903167, 49.2813106 ], [ 5.5912934, 49.2814857 ], [ 5.5918367, 49.2814632 ], [ 5.5923004, 49.2812797 ], [ 5.5927532, 49.2808517 ], [ 5.593289, 49.2808438 ], [ 5.5925258, 49.2820996 ], [ 5.5922025, 49.2842328 ], [ 5.5916554, 49.2848085 ], [ 5.5916359, 49.2851048 ], [ 5.591121, 49.2855854 ], [ 5.5914323, 49.2858162 ], [ 5.5916428, 49.2861201 ], [ 5.5911999, 49.2866927 ], [ 5.590966, 49.2873732 ], [ 5.5910527, 49.2878138 ], [ 5.5915723, 49.2883037 ], [ 5.5923275, 49.2887489 ], [ 5.5938013, 49.2893468 ], [ 5.5938522, 49.2894842 ], [ 5.5935207, 49.2898646 ], [ 5.5938271, 49.2907637 ], [ 5.5944673, 49.2914902 ], [ 5.595027, 49.291873 ], [ 5.593496, 49.2936697 ], [ 5.5955362, 49.2944524 ], [ 5.5939688, 49.2962921 ], [ 5.5954785, 49.2970521 ], [ 5.5947502, 49.2975849 ], [ 5.5940078, 49.298684699999988 ], [ 5.59279, 49.2994097 ], [ 5.5931976, 49.3005144 ], [ 5.5933241, 49.3007599 ], [ 5.5935557, 49.3009348 ], [ 5.5943703, 49.3009164 ], [ 5.5954402, 49.3007765 ], [ 5.5965988, 49.3004863 ], [ 5.5994383, 49.3013497 ], [ 5.6010552, 49.3016657 ], [ 5.6025783, 49.3016239 ], [ 5.6057257, 49.3017691 ], [ 5.6081038, 49.3013895 ], [ 5.6081012, 49.3011746 ], [ 5.6085718, 49.3007435 ], [ 5.6087222, 49.3002923 ], [ 5.6097392, 49.2959783 ], [ 5.6106702, 49.2963593 ], [ 5.6118508, 49.2972952 ], [ 5.6132814, 49.2982248 ], [ 5.6164775, 49.2998798 ], [ 5.6162644, 49.3008297 ], [ 5.616309, 49.3015474 ], [ 5.615755, 49.3021494 ], [ 5.6164364, 49.3027031 ], [ 5.6171365, 49.3022976 ], [ 5.6183673, 49.3020235 ], [ 5.6187906, 49.3018542 ], [ 5.6206278, 49.3003843 ], [ 5.6218459, 49.3014578 ], [ 5.6230156, 49.3026619 ], [ 5.6245762, 49.3049791 ], [ 5.6248521, 49.3051287 ], [ 5.6251397, 49.3054301 ], [ 5.6258385, 49.3045379 ], [ 5.62606, 49.3039719 ], [ 5.627931, 49.3045463 ], [ 5.6286979, 49.3045881 ], [ 5.6292837, 49.3045304 ], [ 5.6298032, 49.3046315 ], [ 5.6310397, 49.3053322 ], [ 5.6318257, 49.3056667 ], [ 5.6326549, 49.305958 ], [ 5.6332144, 49.3060601 ], [ 5.6343273, 49.3060628 ], [ 5.6372157, 49.305790099999989 ], [ 5.6374582, 49.3048566 ], [ 5.6381054, 49.3036858 ], [ 5.6394152, 49.3024295 ], [ 5.6414234, 49.3017856 ], [ 5.6425391, 49.301629 ], [ 5.6436777, 49.3015977 ], [ 5.6446353, 49.3016847 ], [ 5.6462511, 49.3019731 ], [ 5.6463766, 49.3007732 ], [ 5.6463039, 49.2994355 ], [ 5.6464325, 49.2987239 ], [ 5.6466444, 49.2981625 ], [ 5.6474484, 49.2972131 ], [ 5.6477157, 49.2941131 ], [ 5.650778, 49.2951252 ], [ 5.6523009, 49.2924321 ], [ 5.6526093, 49.2925468 ], [ 5.6535099, 49.2908054 ], [ 5.6562559, 49.2903753 ], [ 5.6586756, 49.289270599999988 ], [ 5.6594888, 49.2893084 ], [ 5.6598588, 49.2877343 ], [ 5.6612017, 49.2878576 ], [ 5.6653848, 49.2873569 ], [ 5.6656557, 49.2873042 ], [ 5.6653943, 49.2869538 ], [ 5.6663919, 49.286781499999989 ], [ 5.6667648, 49.2870539 ], [ 5.6700122, 49.2873644 ], [ 5.6701828, 49.2869414 ], [ 5.6713981, 49.2867769 ], [ 5.6723586, 49.286287 ], [ 5.6728864, 49.285671799999989 ], [ 5.6728546, 49.2854818 ], [ 5.6731749, 49.2848172 ], [ 5.67445, 49.2851182 ], [ 5.6744787, 49.2855664 ], [ 5.6751692, 49.285811 ], [ 5.6759046, 49.2859908 ], [ 5.6769369, 49.286092 ], [ 5.6773628, 49.2863767 ], [ 5.678272, 49.286621 ], [ 5.6796618, 49.2868518 ], [ 5.6823462, 49.2869127 ], [ 5.68317, 49.286889 ], [ 5.6834242, 49.2865676 ], [ 5.6848616, 49.2867363 ], [ 5.6867322, 49.2872496 ], [ 5.6844138, 49.2902892 ], [ 5.6851794, 49.2905735 ], [ 5.6843131, 49.2915786 ], [ 5.6829497, 49.2927845 ], [ 5.6834787, 49.2932252 ], [ 5.684782, 49.2951489 ], [ 5.6830105, 49.2952764 ], [ 5.6828239, 49.2957096 ], [ 5.6811018, 49.2958621 ], [ 5.6805547, 49.2960272 ], [ 5.6794701, 49.2965136 ], [ 5.6816588, 49.2980597 ], [ 5.6809688, 49.2984132 ], [ 5.6830546, 49.2999625 ], [ 5.6845752, 49.3007985 ], [ 5.6830997, 49.3017038 ], [ 5.6828187, 49.3021193 ], [ 5.682849, 49.3023308 ], [ 5.6831678, 49.3027483 ], [ 5.683937, 49.3058496 ], [ 5.6838228, 49.3072256 ], [ 5.6849345, 49.3075741 ], [ 5.6864195, 49.3077192 ], [ 5.6865782, 49.3066723 ], [ 5.6868522, 49.306677 ], [ 5.6886859, 49.3069438 ], [ 5.6884701, 49.3077383 ], [ 5.6890035, 49.3078119 ], [ 5.6894043, 49.3062631 ], [ 5.6932391, 49.3067595 ], [ 5.6936512, 49.3063267 ], [ 5.6961, 49.3073073 ], [ 5.6956455, 49.307849 ], [ 5.7038338, 49.3109633 ], [ 5.7036942, 49.3112389 ], [ 5.7038336, 49.311878 ], [ 5.7040878, 49.3121862 ], [ 5.7046879, 49.3125865 ], [ 5.7071199, 49.3131311 ], [ 5.7086918, 49.3133036 ], [ 5.7091527, 49.3134623 ], [ 5.7097474, 49.3124992 ], [ 5.7118131, 49.3128539 ], [ 5.7129924, 49.3112885 ], [ 5.7140932, 49.3102204 ], [ 5.7155941, 49.3109017 ], [ 5.7157431, 49.3108839 ], [ 5.7168296, 49.3100419 ], [ 5.7176324, 49.3091424 ], [ 5.717962, 49.3078262 ], [ 5.7198028, 49.3079341 ], [ 5.7203396, 49.3071323 ], [ 5.7227122, 49.3076733 ], [ 5.725168, 49.3084346 ], [ 5.7261419, 49.3088255 ], [ 5.7292309, 49.3096452 ], [ 5.728737, 49.3101376 ], [ 5.7319717, 49.3110305 ], [ 5.731024, 49.3123076 ], [ 5.7304148, 49.312468 ], [ 5.7299524, 49.3127509 ], [ 5.728216, 49.316442 ], [ 5.7283384, 49.3172478 ], [ 5.7278364, 49.3179814 ], [ 5.7284594, 49.3180537 ], [ 5.7290235, 49.3182622 ], [ 5.7288762, 49.3210179 ], [ 5.7292258, 49.3210981 ], [ 5.7291277, 49.3216625 ], [ 5.7262434, 49.3217627 ], [ 5.72533, 49.3216628 ], [ 5.7242479, 49.3213392 ], [ 5.7240918, 49.3216926 ], [ 5.7234431, 49.3214976 ], [ 5.7226503, 49.3232658 ], [ 5.7214145, 49.3243343 ], [ 5.7210692, 49.3249618 ], [ 5.7211189, 49.3256425 ], [ 5.7223798, 49.325937 ], [ 5.7223585, 49.3266291 ], [ 5.7216404, 49.3266597 ], [ 5.7214944, 49.3271262 ], [ 5.7211884, 49.32717 ], [ 5.7203703, 49.3283568 ], [ 5.7206295, 49.3284175 ], [ 5.7207777, 49.3285932 ], [ 5.7196826, 49.330557 ], [ 5.7202733, 49.331606 ], [ 5.7205647, 49.3313386 ], [ 5.7207577, 49.3312919 ], [ 5.7251396, 49.333377 ], [ 5.7286341, 49.3354594 ], [ 5.7294186, 49.3359796 ], [ 5.7300203, 49.3365038 ], [ 5.7310817, 49.337105799999989 ], [ 5.7331147, 49.3376778 ], [ 5.7364841, 49.3384811 ], [ 5.7370684, 49.3387539 ], [ 5.7372378, 49.3389102 ], [ 5.7372236, 49.3396031 ], [ 5.7374196, 49.3400277 ], [ 5.7368252, 49.3406033 ], [ 5.7368143, 49.3406836 ], [ 5.7369698, 49.3407592 ], [ 5.7360209, 49.3418663 ], [ 5.7359754, 49.342228 ], [ 5.7365888, 49.3440085 ], [ 5.7368722, 49.3441352 ], [ 5.7370992, 49.3444439 ], [ 5.7386737, 49.3453437 ], [ 5.7393263, 49.345864 ], [ 5.7379817, 49.3482043 ], [ 5.7378086, 49.3487038 ], [ 5.7382834, 49.3496347 ], [ 5.7378108, 49.349783 ], [ 5.7385177, 49.3519211 ], [ 5.7381887, 49.3521552 ], [ 5.7375198, 49.3524438 ], [ 5.7374595, 49.3525801 ], [ 5.7378989, 49.3529722 ], [ 5.7387507, 49.3533531 ], [ 5.738974, 49.3536161 ], [ 5.7391593, 49.3543305 ], [ 5.7375136, 49.3554651 ], [ 5.7370029, 49.356064 ], [ 5.7370421, 49.3566478 ], [ 5.7353537, 49.3571348 ], [ 5.7351285, 49.3573027 ], [ 5.7328893, 49.3594013 ], [ 5.7320763, 49.3605854 ], [ 5.7315254, 49.3611554 ], [ 5.7304613, 49.361032 ], [ 5.7289368, 49.3614721 ], [ 5.7282198, 49.3615836 ], [ 5.7287583, 49.3619492 ], [ 5.7259907, 49.3619037 ], [ 5.7251985, 49.3617399 ], [ 5.7243054, 49.361412 ], [ 5.7239008, 49.3616522 ], [ 5.7240471, 49.3621013 ], [ 5.7228414, 49.3633121 ], [ 5.7213185, 49.3655842 ], [ 5.71223, 49.3634518 ], [ 5.7124973, 49.3622757 ], [ 5.7129136, 49.3614991 ], [ 5.7121751, 49.3607845 ], [ 5.7117811, 49.3602582 ], [ 5.7110691, 49.3598631 ], [ 5.7100438, 49.3595336 ], [ 5.7099998, 49.3590633 ], [ 5.7105857, 49.3585528 ], [ 5.7110423, 49.3579129 ], [ 5.7111574, 49.3551006 ], [ 5.7082519, 49.3547026 ], [ 5.7083859, 49.3541329 ], [ 5.7080153, 49.3539452 ], [ 5.7067137, 49.3539626 ], [ 5.7044172, 49.3543576 ], [ 5.7024206, 49.354932 ], [ 5.7020329, 49.3549425 ], [ 5.7007402, 49.3557611 ], [ 5.6994242, 49.3553462 ], [ 5.7000772, 49.353933 ], [ 5.6997297, 49.3536593 ], [ 5.6991157, 49.3534508 ], [ 5.6964111, 49.3533089 ], [ 5.6940201, 49.3564022 ], [ 5.6942425, 49.3566005 ], [ 5.69294, 49.3583924 ], [ 5.6892223, 49.3567843 ], [ 5.6880705, 49.3564537 ], [ 5.6870389, 49.3563157 ], [ 5.685181, 49.3564649 ], [ 5.6832156, 49.3561353 ], [ 5.6831175, 49.350626 ], [ 5.6805472, 49.350361 ], [ 5.6795861, 49.3501476 ], [ 5.6761871, 49.3491679 ], [ 5.6719931, 49.347774 ], [ 5.6699704, 49.3471802 ], [ 5.6676099, 49.3466828 ], [ 5.667431, 49.346604 ], [ 5.6670083, 49.3458048 ], [ 5.6665518, 49.3454677 ], [ 5.6655825, 49.344426 ], [ 5.6606202, 49.3441369 ], [ 5.659067, 49.3443951 ], [ 5.6540865, 49.3423577 ], [ 5.655096, 49.3412725 ], [ 5.6457186, 49.3374965 ], [ 5.645111, 49.3378867 ], [ 5.6448176, 49.3382313 ], [ 5.6447936, 49.338409 ], [ 5.6454627, 49.3390563 ], [ 5.6456805, 49.3396263 ], [ 5.6456419, 49.3399203 ], [ 5.6459369, 49.3402502 ], [ 5.6454658, 49.3408074 ], [ 5.6451106, 49.3414223 ], [ 5.6439558, 49.3416643 ], [ 5.642415, 49.3424877 ], [ 5.6421439, 49.343402 ], [ 5.6424281, 49.3438716 ], [ 5.6424438, 49.3444999 ], [ 5.6419712, 49.3448403 ], [ 5.6408986, 49.3451588 ], [ 5.6406517, 49.3454718 ], [ 5.6400857, 49.345467 ], [ 5.6399423, 49.345865 ], [ 5.6395057, 49.345888 ], [ 5.6392255, 49.3456306 ], [ 5.639088, 49.3456345 ], [ 5.6387849, 49.3457635 ], [ 5.6378298, 49.3464949 ], [ 5.6369087, 49.346302699999988 ], [ 5.6365945, 49.3466199 ], [ 5.6368353, 49.346969 ], [ 5.6368199, 49.3470979 ], [ 5.6365649, 49.3472267 ], [ 5.6362996, 49.3472343 ], [ 5.6361206, 49.3473677 ], [ 5.6363908, 49.347887 ], [ 5.6363621, 49.3480514 ], [ 5.6353749, 49.3487762 ], [ 5.6356689, 49.3492771 ], [ 5.6357923, 49.3499138 ], [ 5.637032, 49.3511099 ], [ 5.6373449, 49.3525448 ], [ 5.6373374, 49.353394 ], [ 5.6363397, 49.3530542 ], [ 5.6340462, 49.3527886 ], [ 5.6338762, 49.3535568 ], [ 5.6322427, 49.3534359 ], [ 5.6308108, 49.3531648 ], [ 5.6280664, 49.3522092 ], [ 5.6287428, 49.3509218 ], [ 5.6215912, 49.3494394 ], [ 5.621357, 49.3502207 ], [ 5.6213396, 49.3509631 ], [ 5.6159798, 49.3490304 ], [ 5.6135993, 49.3489165 ], [ 5.613602, 49.3491862 ], [ 5.6130556, 49.3496774 ], [ 5.6108061, 49.3503835 ], [ 5.6074969, 49.3496284 ], [ 5.6051022, 49.3487429 ], [ 5.6037861, 49.3487416 ], [ 5.5913519, 49.347829 ], [ 5.5901694, 49.3478273 ], [ 5.5878194, 49.3475791 ], [ 5.586297, 49.3471683 ], [ 5.5850712, 49.3471019 ], [ 5.5844761, 49.3471479 ], [ 5.5835775, 49.3489677 ], [ 5.5837916, 49.3493669 ], [ 5.5838442, 49.3498389 ], [ 5.5838003, 49.3501986 ], [ 5.5835608, 49.350613 ], [ 5.5825203, 49.3515238 ], [ 5.5822885, 49.3520918 ], [ 5.5819858, 49.352370699999987 ], [ 5.5806628, 49.3528658 ], [ 5.5795941, 49.352116 ], [ 5.5804225, 49.3514472 ], [ 5.5789452, 49.3508123 ], [ 5.5782574, 49.3513459 ], [ 5.5778487, 49.3511577 ], [ 5.5760787, 49.3507251 ], [ 5.5753504, 49.3508899 ], [ 5.574338, 49.3509339 ], [ 5.5710055, 49.3506371 ], [ 5.5693407, 49.3505466 ], [ 5.5686292, 49.3506067 ], [ 5.5655909, 49.3498312 ], [ 5.5659594, 49.3490203 ], [ 5.565061, 49.3485887 ], [ 5.5649925, 49.3481252 ], [ 5.5650863, 49.3479074 ], [ 5.5646814, 49.3475158 ], [ 5.5588834, 49.3452437 ], [ 5.5569439, 49.3432162 ], [ 5.5565105, 49.3432479 ], [ 5.5557109, 49.3430013 ], [ 5.5555851, 49.3431569 ], [ 5.5553188, 49.3431166 ], [ 5.555173, 49.3431728 ], [ 5.5550317, 49.3435175 ], [ 5.5549053, 49.343549 ], [ 5.5544767, 49.3435382 ], [ 5.5538554, 49.3431395 ], [ 5.5528833, 49.3433561 ], [ 5.5529084, 49.3426118 ], [ 5.5535266, 49.3421409 ], [ 5.5536807, 49.3417788 ], [ 5.5533902, 49.3406653 ], [ 5.5535351, 49.3402278 ], [ 5.5532051, 49.3400405 ], [ 5.5528253, 49.339930699999989 ], [ 5.5518224, 49.340023 ], [ 5.5507511, 49.3402641 ], [ 5.5496818, 49.3406572 ], [ 5.5478611, 49.3401336 ], [ 5.5455059, 49.3396256 ], [ 5.5450153, 49.3396422 ], [ 5.543507, 49.339281899999989 ], [ 5.5409068, 49.3385227 ], [ 5.5402912, 49.3382083 ], [ 5.5397849, 49.3377917 ], [ 5.5406344, 49.3368754 ], [ 5.5370317, 49.333779 ], [ 5.5341568, 49.3331343 ], [ 5.5334982, 49.3328657 ], [ 5.5312894, 49.3308165 ], [ 5.5310123, 49.3290398 ], [ 5.5299608, 49.3283621 ], [ 5.529055, 49.3280186 ], [ 5.5268993, 49.3269062 ], [ 5.5266404, 49.3265915 ], [ 5.5267939, 49.3263275 ], [ 5.5267469, 49.3261261 ], [ 5.5263508, 49.325932 ], [ 5.5263496, 49.325628 ], [ 5.5261311, 49.3254366 ], [ 5.5259345, 49.3250458 ], [ 5.5255145, 49.324899 ], [ 5.5251607, 49.3244729 ], [ 5.5244485, 49.3240633 ], [ 5.5236963, 49.3238173 ], [ 5.5228453, 49.3233827 ], [ 5.5222961, 49.3228429 ], [ 5.5218679, 49.3228653 ], [ 5.521296, 49.3224797 ], [ 5.5209414, 49.3224611 ], [ 5.5204437, 49.3216503 ], [ 5.52043, 49.3214267 ], [ 5.52079, 49.3199244 ], [ 5.5208888, 49.3190176 ], [ 5.5207382, 49.3185252 ], [ 5.5199405, 49.3172908 ], [ 5.5194289, 49.3170991 ], [ 5.5185083, 49.3172334 ], [ 5.517651, 49.3179069 ], [ 5.5171441, 49.318092 ], [ 5.5158368, 49.3179438 ], [ 5.5151974, 49.3138866 ], [ 5.5173526, 49.3139604 ], [ 5.5168991, 49.3055382 ], [ 5.5166646, 49.3038882 ], [ 5.5186525, 49.3034177 ], [ 5.5202334, 49.3028379 ], [ 5.5239513, 49.3016629 ], [ 5.5431063, 49.2957305 ], [ 5.5460983, 49.2914276 ], [ 5.5474154, 49.2916462 ], [ 5.5488382, 49.2916099 ], [ 5.5514763, 49.291290599999989 ], [ 5.5525203, 49.2910752 ], [ 5.5531209, 49.2907621 ], [ 5.5554996, 49.288063799999989 ], [ 5.5561288, 49.2875819 ], [ 5.5585307, 49.2865794 ], [ 5.5587028, 49.2864175 ], [ 5.5592014, 49.2849642 ], [ 5.562072, 49.2855149 ], [ 5.5639744, 49.2859746 ], [ 5.5652842, 49.2839725 ], [ 5.5655256, 49.2829375 ], [ 5.5660833, 49.2822349 ], [ 5.5668933, 49.2816304 ], [ 5.5678563, 49.2811188 ], [ 5.5694816, 49.280405099999989 ], [ 5.569688, 49.2801885 ], [ 5.5695073, 49.2796518 ], [ 5.5696279, 49.2794225 ], [ 5.5695917, 49.2790267 ], [ 5.5697472, 49.277979099999989 ], [ 5.5668701, 49.2779279 ], [ 5.5657616, 49.2769217 ], [ 5.5641231, 49.2771463 ], [ 5.5625457, 49.2771888 ], [ 5.5577299, 49.2771021 ], [ 5.5542961, 49.2768564 ], [ 5.5536257, 49.2766422 ], [ 5.5524003, 49.2764091 ], [ 5.5467069, 49.2760293 ], [ 5.5470282, 49.2743757 ], [ 5.5473956, 49.2737698 ], [ 5.5492592, 49.2725945 ], [ 5.5501158, 49.2721249 ], [ 5.5509685, 49.271774 ], [ 5.5548332, 49.2709844 ], [ 5.5555653, 49.2709725 ], [ 5.5555676, 49.2693535 ], [ 5.5523327, 49.2697287 ], [ 5.5507913, 49.2697154 ], [ 5.5494616, 49.2695924 ], [ 5.5475795, 49.2693066 ], [ 5.5469591, 49.268878 ], [ 5.5465649, 49.2687443 ], [ 5.5386785, 49.2678833 ], [ 5.5359744, 49.2678143 ], [ 5.5356686, 49.2677452 ], [ 5.5343725, 49.2669881 ], [ 5.5335901, 49.2666736 ], [ 5.5325093, 49.2663824 ], [ 5.5315774, 49.2659045 ], [ 5.52941, 49.2652026 ], [ 5.5260155, 49.2649814 ], [ 5.5239709, 49.2647094 ], [ 5.523087, 49.2645076 ], [ 5.5193722, 49.26262 ], [ 5.5183606, 49.2622516 ], [ 5.5170225, 49.2620646 ], [ 5.5163708, 49.2618884 ], [ 5.5146765, 49.2616656 ], [ 5.5121635, 49.2616496 ], [ 5.5123936, 49.2600214 ], [ 5.5096416, 49.2588168 ], [ 5.5092887, 49.2585957 ], [ 5.5090899, 49.2583516 ], [ 5.5090594, 49.2578359 ], [ 5.5095604, 49.2572859 ], [ 5.5095068, 49.2570612 ], [ 5.5087527, 49.2568961 ], [ 5.5071432, 49.2561804 ], [ 5.5069631, 49.2560096 ], [ 5.5069467, 49.2556718 ], [ 5.5063301, 49.255480399999989 ], [ 5.5060781, 49.2552995 ], [ 5.5056373, 49.2551908 ], [ 5.5049713, 49.255201 ], [ 5.5039443, 49.255387 ], [ 5.5035198, 49.2553616 ], [ 5.5023318, 49.2550049 ], [ 5.5014012, 49.2546276 ], [ 5.4987763, 49.2541082 ], [ 5.4956663, 49.253158 ], [ 5.4956934, 49.2512444 ], [ 5.4949281, 49.2491106 ], [ 5.4917172, 49.2484241 ], [ 5.4906868, 49.2480254 ], [ 5.4889781, 49.2470947 ], [ 5.4885268, 49.2469646 ], [ 5.4867356, 49.2466867 ], [ 5.4845927, 49.2461508 ], [ 5.4830717, 49.2459465 ], [ 5.4814706, 49.2451906 ], [ 5.4829633, 49.2442047 ], [ 5.4843971, 49.2428818 ], [ 5.4876631, 49.2430933 ], [ 5.4921128, 49.2442075 ], [ 5.4956003, 49.2456455 ], [ 5.4969687, 49.2445685 ], [ 5.4985209, 49.2423183 ], [ 5.5014212, 49.2422114 ], [ 5.5025667, 49.2418665 ], [ 5.5052662, 49.2408489 ], [ 5.5071014, 49.2407074 ], [ 5.508628, 49.2406873 ], [ 5.5084424, 49.240344 ], [ 5.5081321, 49.2379687 ], [ 5.5082786, 49.2377903 ], [ 5.5043041, 49.2377775 ], [ 5.5040982, 49.2373843 ], [ 5.5037606, 49.2361141 ], [ 5.5017576, 49.2364183 ], [ 5.5013552, 49.2364212 ], [ 5.5004238, 49.2362202 ], [ 5.4990628, 49.2357402 ], [ 5.4972206, 49.2351956 ], [ 5.4969141, 49.2351624 ], [ 5.497627, 49.2335439 ], [ 5.4955436, 49.2319267 ], [ 5.4948916, 49.2319051 ], [ 5.4942534, 49.2317735 ], [ 5.4917929, 49.2309618 ], [ 5.4885503, 49.2300511 ], [ 5.4887198, 49.2294629 ], [ 5.4882974, 49.229048 ], [ 5.4865, 49.2283979 ], [ 5.4879254, 49.2263412 ], [ 5.4804835, 49.2230794 ], [ 5.480039, 49.2228016 ], [ 5.4806336, 49.222141699999987 ], [ 5.4789179, 49.221444 ], [ 5.4790632, 49.2206081 ], [ 5.4834528, 49.2217995 ], [ 5.4837675, 49.2212335 ], [ 5.4790284, 49.2200539 ], [ 5.4786346, 49.2192579 ], [ 5.4786782, 49.2187353 ], [ 5.4794815, 49.2176466 ], [ 5.4816784, 49.2160157 ], [ 5.4830121, 49.2153963 ], [ 5.4865681, 49.2120256 ], [ 5.4870879, 49.2118134 ], [ 5.4880841, 49.2110031 ], [ 5.489106, 49.2097875 ], [ 5.4913306, 49.2065214 ], [ 5.4909586, 49.206494 ], [ 5.4897467, 49.2078962 ], [ 5.4893918, 49.2077677 ], [ 5.4902673, 49.2064202 ], [ 5.4899055, 49.2063188 ], [ 5.4887911, 49.2077504 ], [ 5.4882528, 49.2075484 ], [ 5.4893146, 49.2061349 ], [ 5.4885724, 49.2057455 ], [ 5.4879392, 49.2063657 ], [ 5.4851572, 49.2045775 ], [ 5.4855219, 49.2041984 ], [ 5.4849129, 49.204122 ], [ 5.4843575, 49.2039616 ], [ 5.4808881, 49.2024914 ], [ 5.4806786, 49.2025884 ], [ 5.4799226, 49.2025653 ], [ 5.4781421, 49.2023905 ], [ 5.4767857, 49.2017573 ], [ 5.4761922, 49.2016319 ], [ 5.4749307, 49.2011712 ], [ 5.4688118, 49.2001707 ], [ 5.4686313, 49.2000979 ], [ 5.4686735, 49.1999486 ], [ 5.469363, 49.1994407 ], [ 5.4687248, 49.1989231 ], [ 5.4683691, 49.1991193 ], [ 5.4661969, 49.1982121 ], [ 5.4647099, 49.1985754 ], [ 5.463755, 49.198496 ], [ 5.4635119, 49.1982913 ], [ 5.4632391, 49.197174399999987 ], [ 5.4630454, 49.1949792 ], [ 5.463176, 49.1934852 ], [ 5.4628689, 49.1924544 ], [ 5.4623757, 49.1922423 ], [ 5.4626209, 49.1917417 ], [ 5.4603289, 49.1907298 ], [ 5.4630825, 49.1908004 ], [ 5.4645583, 49.1898608 ], [ 5.465936, 49.1896581 ], [ 5.4667131, 49.1895792 ], [ 5.4689622, 49.1896051 ], [ 5.4703653, 49.189445 ], [ 5.4709773, 49.1894441 ], [ 5.4780606, 49.1886276 ], [ 5.4801552, 49.188293 ], [ 5.4816847, 49.1883389 ], [ 5.4828526, 49.1880827 ] ] ] ] } },
{ "type": "Feature", "properties": { "code_departement": 55.0, "code_rne": "0550012P", "multisecteur": 0.0 }, "geometry": { "type": "MultiPolygon", "coordinates": [ [ [ [ 5.5743244, 49.1441457 ], [ 5.5732421, 49.1433916 ], [ 5.5723143, 49.1438981 ], [ 5.5706012, 49.1450214 ], [ 5.5700025, 49.1455568 ], [ 5.5693691, 49.146911599999989 ], [ 5.5691613, 49.1471193 ], [ 5.5683993, 49.1475143 ], [ 5.5668717, 49.1476252 ], [ 5.5665062, 49.1479136 ], [ 5.5662576, 49.1485414 ], [ 5.5653584, 49.1489375 ], [ 5.5594727, 49.1507657 ], [ 5.5556893, 49.152047 ], [ 5.5542998, 49.151707699999989 ], [ 5.5538398, 49.1519729 ], [ 5.5528171, 49.1520081 ], [ 5.5513281, 49.151374 ], [ 5.5496983, 49.1527821 ], [ 5.5401263, 49.149238 ], [ 5.538411, 49.1484871 ], [ 5.5389343, 49.1481126 ], [ 5.5393762, 49.1475051 ], [ 5.5363503, 49.1462529 ], [ 5.5347044, 49.145711899999988 ], [ 5.5329065, 49.1447819 ], [ 5.5314946, 49.143948 ], [ 5.5291188, 49.1422448 ], [ 5.5294764, 49.1420708 ], [ 5.528079, 49.1410532 ], [ 5.5277952, 49.1407173 ], [ 5.5278312, 49.1403306 ], [ 5.5292049, 49.1395434 ], [ 5.5305132, 49.1383438 ], [ 5.5312648, 49.137424 ], [ 5.531365, 49.1368372 ], [ 5.5311869, 49.1361672 ], [ 5.5331498, 49.134675799999989 ], [ 5.5344639, 49.1338781 ], [ 5.5370553, 49.1330201 ], [ 5.5371157, 49.1328812 ], [ 5.5294574, 49.128713 ], [ 5.531443, 49.125165699999989 ], [ 5.5270614, 49.1236557 ], [ 5.5173423, 49.1245846 ], [ 5.5169613, 49.1250081 ], [ 5.5155444, 49.1245907 ], [ 5.5112643, 49.1228459 ], [ 5.5106925, 49.122359499999988 ], [ 5.5080727, 49.1210442 ], [ 5.4989822, 49.1211057 ], [ 5.4956456, 49.1213747 ], [ 5.4962517, 49.1196449 ], [ 5.5004027, 49.1165739 ], [ 5.5020623, 49.1173706 ], [ 5.5033973, 49.1179131 ], [ 5.5047834, 49.1188603 ], [ 5.5059205, 49.1187961 ], [ 5.5068879, 49.1185951 ], [ 5.5072524, 49.1185938 ], [ 5.5081909, 49.1180498 ], [ 5.5087546, 49.1178608 ], [ 5.5155485, 49.1095464 ], [ 5.5193689, 49.1071267 ], [ 5.5212089, 49.1058557 ], [ 5.5217924, 49.1053181 ], [ 5.5221438, 49.1039227 ], [ 5.5219632, 49.102632 ], [ 5.5221004, 49.1023547 ], [ 5.5228697, 49.1016099 ], [ 5.5231474, 49.101095 ], [ 5.5232495, 49.1004064 ], [ 5.5231983, 49.0999181 ], [ 5.522984, 49.0994549 ], [ 5.5223123, 49.0984335 ], [ 5.5222673, 49.0977049 ], [ 5.5213545, 49.0956128 ], [ 5.5213644, 49.094323499999987 ], [ 5.5214959, 49.0944637 ], [ 5.5223232, 49.0948845 ], [ 5.5240114, 49.0953186 ], [ 5.5255315, 49.0954207 ], [ 5.5261061, 49.0955472 ], [ 5.5300622, 49.0971732 ], [ 5.5313034, 49.0949296 ], [ 5.5314732, 49.0944519 ], [ 5.5313442, 49.0934642 ], [ 5.5315077, 49.0925216 ], [ 5.532001, 49.0919076 ], [ 5.5326312, 49.0913222 ], [ 5.5339523, 49.0908023 ], [ 5.5349463, 49.0902901 ], [ 5.5358385, 49.0894869 ], [ 5.5359751, 49.0891988 ], [ 5.534238, 49.0888019 ], [ 5.5305869, 49.0875771 ], [ 5.5289027, 49.086911799999989 ], [ 5.5243189, 49.0855418 ], [ 5.5243591, 49.0852981 ], [ 5.5239687, 49.0837491 ], [ 5.524415, 49.0824524 ], [ 5.5287584, 49.0830268 ], [ 5.5302193, 49.083104 ], [ 5.5298161, 49.0826708 ], [ 5.5220127, 49.0777467 ], [ 5.5226946, 49.0772394 ], [ 5.5223912, 49.0757596 ], [ 5.5223291, 49.0749333 ], [ 5.5222785, 49.0733016 ], [ 5.5225352, 49.0728644 ], [ 5.5230953, 49.072697 ], [ 5.5248721, 49.0727703 ], [ 5.5268008, 49.0733208 ], [ 5.5270918, 49.0729144 ], [ 5.5264475, 49.0726743 ], [ 5.5258999, 49.0723394 ], [ 5.5250485, 49.0716412 ], [ 5.5250104, 49.0713641 ], [ 5.5251204, 49.0711503 ], [ 5.5256682, 49.0708995 ], [ 5.5268261, 49.0706638 ], [ 5.528446, 49.0704138 ], [ 5.5296771, 49.0703627 ], [ 5.5311305, 49.0705714 ], [ 5.5329281, 49.0711578 ], [ 5.5337315, 49.0704779 ], [ 5.5332939, 49.07004 ], [ 5.5321535, 49.0695396 ], [ 5.5313479, 49.0690231 ], [ 5.53005, 49.0684081 ], [ 5.5261927, 49.0678362 ], [ 5.5250624, 49.067483 ], [ 5.5223127, 49.0662345 ], [ 5.5212582, 49.0653265 ], [ 5.5206155, 49.0657646 ], [ 5.520292, 49.065757 ], [ 5.5194063, 49.0649416 ], [ 5.5191866, 49.0645891 ], [ 5.5191597, 49.0638664 ], [ 5.5156481, 49.0629063 ], [ 5.5151147, 49.0630011 ], [ 5.5140999, 49.0627687 ], [ 5.5140563, 49.0627147 ], [ 5.5155748, 49.0620712 ], [ 5.5164195, 49.0615641 ], [ 5.5177428, 49.0596364 ], [ 5.5183304, 49.0589953 ], [ 5.5199367, 49.0579927 ], [ 5.519964, 49.0575396 ], [ 5.5197952, 49.057025 ], [ 5.5188129, 49.0547246 ], [ 5.5179348, 49.0548213 ], [ 5.5167925, 49.0551178 ], [ 5.5161489, 49.0551961 ], [ 5.5153251, 49.0551728 ], [ 5.5137159, 49.0549564 ], [ 5.511066, 49.0542805 ], [ 5.5075268, 49.0534953 ], [ 5.5043133, 49.0524819 ], [ 5.502778, 49.0518662 ], [ 5.5029832, 49.0491397 ], [ 5.5032665, 49.0484582 ], [ 5.5044664, 49.0465503 ], [ 5.5067853, 49.0444949 ], [ 5.5076649, 49.0432125 ], [ 5.5082049, 49.0419841 ], [ 5.508246, 49.0415334 ], [ 5.5106897, 49.041243 ], [ 5.5136341, 49.041291199999989 ], [ 5.5146727, 49.041488 ], [ 5.5188029, 49.0428175 ], [ 5.5197868, 49.0432403 ], [ 5.5216614, 49.043685 ], [ 5.5282975, 49.0438324 ], [ 5.5313406, 49.0436253 ], [ 5.5327047, 49.0433122 ], [ 5.5354483, 49.0422153 ], [ 5.5357272, 49.0419854 ], [ 5.5361784, 49.041194 ], [ 5.5366918, 49.041113 ], [ 5.5403222, 49.0411964 ], [ 5.5416885, 49.0413492 ], [ 5.5427877, 49.0416075 ], [ 5.5454143, 49.0418407 ], [ 5.5458632, 49.0417583 ], [ 5.5460326, 49.0416125 ], [ 5.5493504, 49.0412651 ], [ 5.5524944, 49.0415563 ], [ 5.5531942, 49.041483 ], [ 5.5553743, 49.0410147 ], [ 5.5563781, 49.0408907 ], [ 5.5597223, 49.0375826 ], [ 5.5627988, 49.0360406 ], [ 5.5703522, 49.0296077 ], [ 5.5709475, 49.0288662 ], [ 5.5713334, 49.0285638 ], [ 5.5733543, 49.026471 ], [ 5.5761233, 49.0252574 ], [ 5.5795328, 49.0240263 ], [ 5.5816342, 49.0235052 ], [ 5.5819471, 49.0233617 ], [ 5.5785956, 49.0213789 ], [ 5.5765212, 49.0199058 ], [ 5.5757704, 49.0192219 ], [ 5.5753798, 49.0179924 ], [ 5.5741908, 49.0170202 ], [ 5.5712077, 49.0141503 ], [ 5.5761844, 49.0125681 ], [ 5.5789587, 49.0130483 ], [ 5.5808752, 49.0135226 ], [ 5.5831441, 49.013849 ], [ 5.5840306, 49.0139081 ], [ 5.5840807, 49.0131289 ], [ 5.584583, 49.0123119 ], [ 5.5856234, 49.0114519 ], [ 5.5862808, 49.011193899999988 ], [ 5.5869068, 49.0111589 ], [ 5.5897198, 49.0118395 ], [ 5.5912344, 49.0123151 ], [ 5.5917576, 49.0125503 ], [ 5.5939066, 49.01409 ], [ 5.5964327, 49.0150988 ], [ 5.59778, 49.0157282 ], [ 5.601359, 49.0164811 ], [ 5.6012614, 49.0132237 ], [ 5.6011694, 49.0128613 ], [ 5.6021099, 49.0123335 ], [ 5.6088432, 49.0092309 ], [ 5.609422, 49.0085013 ], [ 5.6096786, 49.007266699999988 ], [ 5.6102559, 49.0065075 ], [ 5.6111304, 49.0059504 ], [ 5.6125753, 49.0052586 ], [ 5.6130785, 49.0047672 ], [ 5.6138576, 49.0030489 ], [ 5.6137982, 49.002657 ], [ 5.6144173, 49.0029746 ], [ 5.6158052, 49.0033528 ], [ 5.617123, 49.0035886 ], [ 5.6181583, 49.0035903 ], [ 5.6186386, 49.003516 ], [ 5.6190408, 49.0033011 ], [ 5.6204813, 49.0037177 ], [ 5.6230642, 49.0042821 ], [ 5.624697, 49.0046062 ], [ 5.6279446, 49.0050876 ], [ 5.6297216, 49.0019645 ], [ 5.6330469, 48.9956746 ], [ 5.6332626, 48.9955862 ], [ 5.6334092, 48.9948641 ], [ 5.6348277, 48.9923426 ], [ 5.6352475, 48.992022 ], [ 5.6371362, 48.9891239 ], [ 5.6387363, 48.9900245 ], [ 5.6403965, 48.991297 ], [ 5.6421932, 48.9921895 ], [ 5.6432558, 48.9918458 ], [ 5.6438468, 48.9913146 ], [ 5.6443039, 48.9911632 ], [ 5.6495556, 48.9903923 ], [ 5.6533089, 48.990241 ], [ 5.657612, 48.9896113 ], [ 5.6575905, 48.9893509 ], [ 5.6582336, 48.9874524 ], [ 5.6623338, 48.9866021 ], [ 5.6638204, 48.985567 ], [ 5.6658046, 48.9854158 ], [ 5.6664336, 48.9852057 ], [ 5.6666664, 48.9848667 ], [ 5.6661829, 48.9839221 ], [ 5.6666381, 48.9836051 ], [ 5.6701334, 48.9676857 ], [ 5.6701159, 48.9671612 ], [ 5.6699172, 48.9666489 ], [ 5.6699947, 48.9660596 ], [ 5.6698572, 48.9656685 ], [ 5.670076, 48.9653975 ], [ 5.6705805, 48.9652742 ], [ 5.6706267, 48.9650312 ], [ 5.6704421, 48.9647745 ], [ 5.6706252, 48.9643176 ], [ 5.6704676, 48.9641026 ], [ 5.6702983, 48.963378 ], [ 5.670087, 48.9632763 ], [ 5.66982, 48.9633089 ], [ 5.6694436, 48.9634441 ], [ 5.6695266, 48.9637746 ], [ 5.6693109, 48.9638359 ], [ 5.6689114, 48.9638048 ], [ 5.6690969, 48.9643042 ], [ 5.6689483, 48.9644391 ], [ 5.6685596, 48.9643891 ], [ 5.6680983, 48.9640353 ], [ 5.6676157, 48.9639273 ], [ 5.6677136, 48.9643152 ], [ 5.6682704, 48.9645707 ], [ 5.6685652, 48.9648479 ], [ 5.6682534, 48.9654138 ], [ 5.6673785, 48.9656951 ], [ 5.6650058, 48.9661099 ], [ 5.6613823, 48.9669468 ], [ 5.6429589, 48.9732465 ], [ 5.6436328, 48.972442199999989 ], [ 5.6444809, 48.9720016 ], [ 5.6434991, 48.9720169 ], [ 5.6426392, 48.9702382 ], [ 5.6421624, 48.9697305 ], [ 5.6414896, 48.9681897 ], [ 5.641595, 48.9677357 ], [ 5.6419169, 48.9674029 ], [ 5.6408241, 48.9625963 ], [ 5.642452, 48.9624992 ], [ 5.6432402, 48.9626024 ], [ 5.6482421, 48.9637435 ], [ 5.6492074, 48.9636214 ], [ 5.6501626, 48.963621 ], [ 5.6547868, 48.9638381 ], [ 5.6550193, 48.9633606 ], [ 5.6544671, 48.9631686 ], [ 5.6545663, 48.9629181 ], [ 5.6553848, 48.963106 ], [ 5.6554312, 48.9626497 ], [ 5.6549397, 48.9624437 ], [ 5.6548237, 48.961991 ], [ 5.6543424, 48.9619594 ], [ 5.6543223, 48.9616449 ], [ 5.6545209, 48.9610395 ], [ 5.6549789, 48.9605014 ], [ 5.6628002, 48.9616645 ], [ 5.6663177, 48.9618043 ], [ 5.6668315, 48.9619024 ], [ 5.667564, 48.9622245 ], [ 5.6682678, 48.9609749 ], [ 5.6697027, 48.9605008 ], [ 5.6676764, 48.9622928 ], [ 5.6682748, 48.9626246 ], [ 5.6690863, 48.9626284 ], [ 5.6699451, 48.962860899999988 ], [ 5.6708582, 48.9609077 ], [ 5.6719702, 48.9593667 ], [ 5.6786652, 48.9544118 ], [ 5.6808793, 48.9551407 ], [ 5.6837258, 48.95584 ], [ 5.6848393, 48.956184 ], [ 5.6857602, 48.956158 ], [ 5.6880649, 48.9565238 ], [ 5.6902171, 48.9564598 ], [ 5.6838823, 48.9660838 ], [ 5.6827754, 48.9676115 ], [ 5.6788066, 48.9762629 ], [ 5.6902682, 48.9761462 ], [ 5.6926876, 48.9756644 ], [ 5.6949185, 48.9750788 ], [ 5.6973292, 48.9734842 ], [ 5.7001693, 48.971343499999989 ], [ 5.7028948, 48.9670615 ], [ 5.6918285, 48.9564915 ], [ 5.6921168, 48.9565399 ], [ 5.6940299, 48.9564663 ], [ 5.6952971, 48.9566376 ], [ 5.6955408, 48.953510799999989 ], [ 5.7002255, 48.9540622 ], [ 5.7017336, 48.9534002 ], [ 5.7024163, 48.9525516 ], [ 5.7041146, 48.9510566 ], [ 5.7046261, 48.9508579 ], [ 5.7319303, 48.9508576 ], [ 5.7315892, 48.9511524 ], [ 5.731373, 48.9521849 ], [ 5.7308546, 48.9529534 ], [ 5.7302856, 48.9530978 ], [ 5.7296336, 48.9534554 ], [ 5.729396, 48.9535103 ], [ 5.7284503, 48.9536362 ], [ 5.7277255, 48.9538309 ], [ 5.7264347, 48.9538117 ], [ 5.7256477, 48.9543569 ], [ 5.7248541, 48.9543353 ], [ 5.726433, 48.9583898 ], [ 5.7276737, 48.958259 ], [ 5.7268595, 48.9589649 ], [ 5.7269745, 48.9589956 ], [ 5.7278998, 48.9587676 ], [ 5.7296378, 48.959312 ], [ 5.730734, 48.9592924 ], [ 5.7312698, 48.9593747 ], [ 5.7314786, 48.9595508 ], [ 5.7325271, 48.9596897 ], [ 5.7330557, 48.9596867 ], [ 5.7355116, 48.9594354 ], [ 5.7370171, 48.9590411 ], [ 5.7374359, 48.9588471 ], [ 5.737844, 48.9587874 ], [ 5.7388269, 48.9587955 ], [ 5.7392071, 48.9589056 ], [ 5.7408735, 48.9588945 ], [ 5.7415299, 48.9590334 ], [ 5.7440287, 48.959131 ], [ 5.7463693, 48.9588974 ], [ 5.7475086, 48.958685 ], [ 5.7489114, 48.9587797 ], [ 5.7499541, 48.9589376 ], [ 5.7530004, 48.9596451 ], [ 5.7543234, 48.960321 ], [ 5.7545044, 48.960513899999988 ], [ 5.7546538, 48.9607543 ], [ 5.7547708, 48.9613905 ], [ 5.7576879, 48.9652977 ], [ 5.7592329, 48.9670122 ], [ 5.759895, 48.968362899999988 ], [ 5.7715543, 48.9718289 ], [ 5.773479, 48.9740365 ], [ 5.7927258, 48.972803299999988 ], [ 5.7975556, 48.9735572 ], [ 5.80158, 48.9728577 ], [ 5.805436, 48.9723806 ], [ 5.8060511, 48.9735711 ], [ 5.8034379, 48.976615 ], [ 5.802823, 48.9776578 ], [ 5.8027579, 48.977995899999989 ], [ 5.8044498, 48.9805225 ], [ 5.8036542, 48.9832063 ], [ 5.8037999, 48.9834233 ], [ 5.8045149, 48.9839555 ], [ 5.800583, 48.9862347 ], [ 5.8014299, 48.9873118 ], [ 5.802265, 48.9877133 ], [ 5.8051449, 48.9883317 ], [ 5.8060999, 48.9886485 ], [ 5.8072979, 48.9897668 ], [ 5.8081936, 48.990175 ], [ 5.8095543, 48.991773599999988 ], [ 5.8115948, 48.9935001 ], [ 5.8139924, 48.9960596 ], [ 5.8151742, 48.9969001 ], [ 5.8157613, 48.9978167 ], [ 5.8160791, 48.9987585 ], [ 5.8170489, 48.9997471 ], [ 5.8170772, 49.0000415 ], [ 5.8168639, 49.0004451 ], [ 5.8161058, 49.0007896 ], [ 5.8164029, 49.0011488 ], [ 5.8163689, 49.0012531 ], [ 5.8169938, 49.0015047 ], [ 5.8179167, 49.0024341 ], [ 5.8184392, 49.002082599999987 ], [ 5.8230611, 49.0039588 ], [ 5.8220834, 49.0043643 ], [ 5.8202238, 49.0046995 ], [ 5.820411, 49.0053258 ], [ 5.8217033, 49.0050471 ], [ 5.82419, 49.005102 ], [ 5.8282758, 49.0064949 ], [ 5.8276188, 49.0073642 ], [ 5.8246603, 49.0068086 ], [ 5.823702, 49.0081511 ], [ 5.8192262, 49.007712 ], [ 5.8177714, 49.0079711 ], [ 5.8157241, 49.008479 ], [ 5.8152763, 49.0071578 ], [ 5.8146064, 49.0057762 ], [ 5.8145874, 49.0050217 ], [ 5.8142977, 49.0048243 ], [ 5.8134725, 49.0049147 ], [ 5.8137488, 49.005420199999989 ], [ 5.8139929, 49.0055584 ], [ 5.8139218, 49.0057365 ], [ 5.8135833, 49.0059504 ], [ 5.8136144, 49.0062223 ], [ 5.8140696, 49.006747 ], [ 5.8144923, 49.006875699999988 ], [ 5.8146832, 49.0070656 ], [ 5.8145526, 49.0072549 ], [ 5.8148495, 49.0078885 ], [ 5.8145698, 49.0083297 ], [ 5.8146134, 49.0085032 ], [ 5.81494, 49.0086989 ], [ 5.8151191, 49.0092031 ], [ 5.8154845, 49.0093331 ], [ 5.8153598, 49.0096311 ], [ 5.8155701, 49.0097512 ], [ 5.8163409, 49.0107742 ], [ 5.8162912, 49.0111433 ], [ 5.8165134, 49.0113307 ], [ 5.8178665, 49.0119926 ], [ 5.8185366, 49.0125446 ], [ 5.8194018, 49.0127592 ], [ 5.8198093, 49.0130591 ], [ 5.8209553, 49.0135324 ], [ 5.8209023, 49.0137145 ], [ 5.8211018, 49.0138124 ], [ 5.8210888, 49.0139504 ], [ 5.8212804, 49.0140772 ], [ 5.8213727, 49.0144422 ], [ 5.8216038, 49.0145672 ], [ 5.8215128, 49.0147808 ], [ 5.8217863, 49.0153817 ], [ 5.8214922, 49.0168669 ], [ 5.8213606, 49.017139 ], [ 5.8209826, 49.0174089 ], [ 5.8208634, 49.0177824 ], [ 5.8210198, 49.0180423 ], [ 5.821341, 49.0182894 ], [ 5.8213487, 49.0184305 ], [ 5.8212323, 49.0186807 ], [ 5.8205569, 49.0185877 ], [ 5.8204805, 49.0191194 ], [ 5.8200177, 49.0200193 ], [ 5.8200491, 49.0205215 ], [ 5.8208587, 49.0209442 ], [ 5.8208335, 49.0220164 ], [ 5.8210796, 49.0223409 ], [ 5.8236654, 49.023196899999988 ], [ 5.8240541, 49.023527 ], [ 5.8245912, 49.0236412 ], [ 5.8251321, 49.023525 ], [ 5.825846, 49.0239212 ], [ 5.8262978, 49.0238772 ], [ 5.8265559, 49.02407 ], [ 5.8268469, 49.0239615 ], [ 5.8271465, 49.024237 ], [ 5.8273866, 49.0242745 ], [ 5.8278469, 49.0245111 ], [ 5.8287672, 49.0271896 ], [ 5.8294785, 49.0272853 ], [ 5.8290861, 49.028295899999989 ], [ 5.8288606, 49.0284254 ], [ 5.8288801, 49.0284816 ], [ 5.8296162, 49.0284571 ], [ 5.8289198, 49.0296882 ], [ 5.8295373, 49.0307992 ], [ 5.8296153, 49.031276 ], [ 5.829497, 49.0316666 ], [ 5.8309295, 49.0316634 ], [ 5.8305204, 49.0325917 ], [ 5.8322447, 49.0330459 ], [ 5.832302, 49.0328916 ], [ 5.8337847, 49.0331805 ], [ 5.836084, 49.0338136 ], [ 5.8384917, 49.0345764 ], [ 5.8403611, 49.035378 ], [ 5.840662, 49.0351252 ], [ 5.844127, 49.0360509 ], [ 5.8442998, 49.0358327 ], [ 5.8455094, 49.036754099999989 ], [ 5.84837, 49.0376337 ], [ 5.8493092, 49.0381891 ], [ 5.8499143, 49.0380443 ], [ 5.8516383, 49.0395059 ], [ 5.8535971, 49.040683 ], [ 5.854071, 49.0419827 ], [ 5.8542109, 49.0420388 ], [ 5.853981, 49.0431347 ], [ 5.8522481, 49.0428079 ], [ 5.85194, 49.0434775 ], [ 5.8525488, 49.043696 ], [ 5.8518911, 49.0446042 ], [ 5.849219, 49.0441242 ], [ 5.8490698, 49.0442735 ], [ 5.8483971, 49.0441113 ], [ 5.8482151, 49.0443613 ], [ 5.8476422, 49.0442219 ], [ 5.8465443, 49.0457163 ], [ 5.8462339, 49.045622 ], [ 5.845395, 49.0466217 ], [ 5.8454242, 49.0470799 ], [ 5.8462451, 49.048769 ], [ 5.8458389, 49.0492249 ], [ 5.8454842, 49.0494223 ], [ 5.8448731, 49.0482617 ], [ 5.8434623, 49.0486955 ], [ 5.8433454, 49.0486101 ], [ 5.8428637, 49.0487367 ], [ 5.8410371, 49.0497255 ], [ 5.840858, 49.0496056 ], [ 5.8404901, 49.0498105 ], [ 5.839369, 49.0522618 ], [ 5.8373442, 49.0541352 ], [ 5.836362, 49.0548746 ], [ 5.8363142, 49.0549774 ], [ 5.8366863, 49.0556722 ], [ 5.8368876, 49.0556243 ], [ 5.8371622, 49.0563645 ], [ 5.8363046, 49.0562786 ], [ 5.8366342, 49.0564229 ], [ 5.8367453, 49.0580533 ], [ 5.8362751, 49.058669 ], [ 5.8344363, 49.0583651 ], [ 5.8335504, 49.0601423 ], [ 5.834799, 49.0608938 ], [ 5.8341934, 49.0612608 ], [ 5.8349189, 49.0617592 ], [ 5.83386, 49.0625022 ], [ 5.837422, 49.0651182 ], [ 5.836063, 49.0660572 ], [ 5.8329095, 49.064827 ], [ 5.8307339, 49.064127 ], [ 5.8300775, 49.0647192 ], [ 5.8287089, 49.0643547 ], [ 5.8270283, 49.06349 ], [ 5.8245599, 49.0624127 ], [ 5.8238941, 49.0630104 ], [ 5.8247208, 49.0639348 ], [ 5.8236009, 49.0653197 ], [ 5.8183414, 49.0645606 ], [ 5.8165506, 49.0637812 ], [ 5.8163885, 49.0640477 ], [ 5.8147803, 49.0634034 ], [ 5.8148292, 49.0633213 ], [ 5.8118084, 49.0618481 ], [ 5.8071447, 49.0609558 ], [ 5.806695, 49.0620325 ], [ 5.8071673, 49.0628924 ], [ 5.8071344, 49.0636246 ], [ 5.8061715, 49.0635167 ], [ 5.805695, 49.0639201 ], [ 5.8059543, 49.0640058 ], [ 5.8050698, 49.064892 ], [ 5.8061218, 49.0656591 ], [ 5.8060549, 49.0667017 ], [ 5.8055794, 49.0667955 ], [ 5.8056297, 49.0673207 ], [ 5.805853, 49.0675746 ], [ 5.8069081, 49.0682985 ], [ 5.8071367, 49.0687511 ], [ 5.8068167, 49.0704555 ], [ 5.8069143, 49.0709417 ], [ 5.8074032, 49.0719038 ], [ 5.8073992, 49.0735755 ], [ 5.8081888, 49.073818 ], [ 5.8082561, 49.0745038 ], [ 5.8084682, 49.0750827 ], [ 5.8084345, 49.0754461 ], [ 5.8081984, 49.0758403 ], [ 5.8096536, 49.0763866 ], [ 5.810855, 49.0770486 ], [ 5.8109774, 49.0771852 ], [ 5.8108403, 49.0774349 ], [ 5.8105795, 49.0776263 ], [ 5.8089451, 49.078172 ], [ 5.8090959, 49.0783016 ], [ 5.8090535, 49.0785302 ], [ 5.8095458, 49.0791998 ], [ 5.809827, 49.0793831 ], [ 5.8107165, 49.0796726 ], [ 5.8111588, 49.0800258 ], [ 5.8119818, 49.0810574 ], [ 5.8122316, 49.0816489 ], [ 5.8127496, 49.0824357 ], [ 5.8128966, 49.0830495 ], [ 5.8130552, 49.0829684 ], [ 5.8159807, 49.0854883 ], [ 5.8155154, 49.0859995 ], [ 5.8159864, 49.0862988 ], [ 5.8164982, 49.086492 ], [ 5.8184168, 49.086027699999988 ], [ 5.8189545, 49.0861681 ], [ 5.8193948, 49.0864564 ], [ 5.8221482, 49.0877926 ], [ 5.8231098, 49.0880687 ], [ 5.8237709, 49.0885615 ], [ 5.8253987, 49.089423 ], [ 5.8268261, 49.0899499 ], [ 5.8246636, 49.0915698 ], [ 5.8230578, 49.0908356 ], [ 5.8209475, 49.0933162 ], [ 5.8194844, 49.0930158 ], [ 5.8182178, 49.0946146 ], [ 5.8181115, 49.0949023 ], [ 5.8189165, 49.0949923 ], [ 5.8206307, 49.0956268 ], [ 5.8197246, 49.096397499999988 ], [ 5.8199117, 49.0964876 ], [ 5.8178468, 49.0983741 ], [ 5.8183078, 49.0985612 ], [ 5.8186284, 49.0990656 ], [ 5.819343, 49.0998604 ], [ 5.8176609, 49.0996173 ], [ 5.815969, 49.1027735 ], [ 5.8157468, 49.1028948 ], [ 5.8169262, 49.1045019 ], [ 5.8176027, 49.1048225 ], [ 5.8181763, 49.10524 ], [ 5.8220651, 49.1084344 ], [ 5.8218901, 49.1087426 ], [ 5.8181982, 49.1110847 ], [ 5.8164602, 49.1112811 ], [ 5.8114854, 49.1114821 ], [ 5.8078191, 49.1114769 ], [ 5.8065559, 49.1114065 ], [ 5.8063993, 49.1117808 ], [ 5.8047785, 49.1123198 ], [ 5.8032162, 49.1123202 ], [ 5.8013076, 49.1119994 ], [ 5.7998527, 49.1114764 ], [ 5.7986228, 49.1114907 ], [ 5.7982269, 49.1116204 ], [ 5.7970553, 49.1116234 ], [ 5.7968922, 49.1115732 ], [ 5.7967206, 49.1113127 ], [ 5.7963484, 49.1113232 ], [ 5.7961759, 49.1112498 ], [ 5.7955267, 49.1113585 ], [ 5.7940604, 49.1112342 ], [ 5.7934578, 49.1112671 ], [ 5.7924607, 49.1110483 ], [ 5.7919432, 49.1110333 ], [ 5.7917579, 49.111129399999989 ], [ 5.7912525, 49.11116 ], [ 5.7909139, 49.1113604 ], [ 5.7906373, 49.1114163 ], [ 5.7903015, 49.1113908 ], [ 5.7899927, 49.111254 ], [ 5.7896902, 49.1112871 ], [ 5.7895832, 49.1116926 ], [ 5.7898729, 49.1120332 ], [ 5.7892645, 49.1120338 ], [ 5.7890239, 49.1121213 ], [ 5.7870264, 49.1117762 ], [ 5.7869646, 49.1118766 ], [ 5.7864592, 49.1117291 ], [ 5.7865009, 49.112097 ], [ 5.7848824, 49.1118664 ], [ 5.784457, 49.1128776 ], [ 5.7774939, 49.111834 ], [ 5.777979, 49.1111174 ], [ 5.7784561, 49.1096903 ], [ 5.7788914, 49.1092466 ], [ 5.778295, 49.1091381 ], [ 5.7756395, 49.1071491 ], [ 5.775462, 49.1071865 ], [ 5.7746844, 49.1067906 ], [ 5.7724835, 49.1054801 ], [ 5.7711039, 49.106381899999988 ], [ 5.7705558, 49.1066141 ], [ 5.7698917, 49.1068273 ], [ 5.767665, 49.1072142 ], [ 5.7672856, 49.1073704 ], [ 5.7657832, 49.1067186 ], [ 5.7649621, 49.1075346 ], [ 5.7650806, 49.1075732 ], [ 5.7650461, 49.1078259 ], [ 5.7649344, 49.1078636 ], [ 5.7645031, 49.1077682 ], [ 5.7645136, 49.1080424 ], [ 5.76422, 49.1083694 ], [ 5.7635408, 49.1081214 ], [ 5.7626745, 49.1082196 ], [ 5.762193, 49.1080813 ], [ 5.7616128, 49.1082251 ], [ 5.7611942, 49.1081367 ], [ 5.7610682, 49.108369 ], [ 5.7608061, 49.1083111 ], [ 5.7606725, 49.1085292 ], [ 5.760273, 49.108542 ], [ 5.7603192, 49.1087649 ], [ 5.7609114, 49.1091805 ], [ 5.7591932, 49.1101879 ], [ 5.7585139, 49.1106857 ], [ 5.7569861, 49.1123375 ], [ 5.7566349, 49.1122025 ], [ 5.7550558, 49.1142566 ], [ 5.7556926, 49.1145317 ], [ 5.7556624, 49.1148922 ], [ 5.7543249, 49.1164145 ], [ 5.7542919, 49.116955 ], [ 5.7544936, 49.1179391 ], [ 5.7544559, 49.1183898 ], [ 5.7541261, 49.1185791 ], [ 5.7530195, 49.1184398 ], [ 5.7514861, 49.1180341 ], [ 5.7511464, 49.1180886 ], [ 5.7484599, 49.1209533 ], [ 5.7480399, 49.1218734 ], [ 5.7479474, 49.1223253 ], [ 5.7467596, 49.124844499999988 ], [ 5.7517773, 49.1262007 ], [ 5.7523486, 49.1265546 ], [ 5.7530872, 49.1273753 ], [ 5.7535127, 49.1276948 ], [ 5.753877, 49.1278943 ], [ 5.7548519, 49.1279493 ], [ 5.7551003, 49.1280318 ], [ 5.7553027, 49.1282296 ], [ 5.7549391, 49.1287642 ], [ 5.7549874, 49.1314251 ], [ 5.7537693, 49.1339387 ], [ 5.7565613, 49.1338217 ], [ 5.7577369, 49.1338604 ], [ 5.7600241, 49.134202 ], [ 5.7636378, 49.1355566 ], [ 5.7673222, 49.1375402 ], [ 5.7681118, 49.1377676 ], [ 5.7687949, 49.1381316 ], [ 5.7697223, 49.1383207 ], [ 5.7711522, 49.138779 ], [ 5.7720615, 49.1392169 ], [ 5.7720887, 49.1394447 ], [ 5.7719141, 49.139922 ], [ 5.772262, 49.1400435 ], [ 5.7684074, 49.1402708 ], [ 5.7668737, 49.140155 ], [ 5.764712, 49.1416558 ], [ 5.7643975, 49.1417502 ], [ 5.7629228, 49.1420468 ], [ 5.7598807, 49.1421112 ], [ 5.755998, 49.1425349 ], [ 5.7551352, 49.1403119 ], [ 5.7546358, 49.1396117 ], [ 5.7519565, 49.1378558 ], [ 5.7480914, 49.1362295 ], [ 5.7437254, 49.1350544 ], [ 5.7423033, 49.1347899 ], [ 5.7407667, 49.1342006 ], [ 5.7403772, 49.1341195 ], [ 5.7383985, 49.134295 ], [ 5.7380951, 49.1345196 ], [ 5.737729, 49.1346242 ], [ 5.7360181, 49.1366756 ], [ 5.7356333, 49.1368931 ], [ 5.734819, 49.1368954 ], [ 5.7344625, 49.136998 ], [ 5.7340219, 49.1374056 ], [ 5.733797, 49.1380009 ], [ 5.7336311, 49.1381576 ], [ 5.7330297, 49.1385824 ], [ 5.7323454, 49.1386843 ], [ 5.7315278, 49.1386255 ], [ 5.7306941, 49.1383385 ], [ 5.7302359, 49.1387762 ], [ 5.7277721, 49.1378138 ], [ 5.7280437, 49.1375314 ], [ 5.7265175, 49.1368508 ], [ 5.7253155, 49.1360243 ], [ 5.7244202, 49.1357378 ], [ 5.7222828, 49.1388944 ], [ 5.7214797, 49.138667 ], [ 5.7215637, 49.1381793 ], [ 5.7220874, 49.1368738 ], [ 5.7229252, 49.1356484 ], [ 5.7223347, 49.1354225 ], [ 5.7216031, 49.1349623 ], [ 5.7210699, 49.1347305 ], [ 5.7187069, 49.133305 ], [ 5.7175828, 49.1330461 ], [ 5.7171621, 49.1333642 ], [ 5.7158721, 49.1340716 ], [ 5.7137161, 49.135835 ], [ 5.7142932, 49.1362771 ], [ 5.7142746, 49.1364989 ], [ 5.7132253, 49.1372755 ], [ 5.711659, 49.1381295 ], [ 5.710713, 49.1388111 ], [ 5.7110152, 49.1397651 ], [ 5.7109401, 49.1401896 ], [ 5.7084836, 49.1421944 ], [ 5.707829, 49.1428658 ], [ 5.7055503, 49.1418726 ], [ 5.704984, 49.1431862 ], [ 5.7031889, 49.1465452 ], [ 5.7013809, 49.145876 ], [ 5.7001424, 49.1455836 ], [ 5.6988813, 49.1454877 ], [ 5.6980908, 49.145527 ], [ 5.6950423, 49.1448667 ], [ 5.6935744, 49.1444587 ], [ 5.692486, 49.143937 ], [ 5.6913765, 49.1436182 ], [ 5.6901959, 49.1431435 ], [ 5.6890854, 49.1429633 ], [ 5.6873795, 49.1425102 ], [ 5.6845385, 49.1426978 ], [ 5.6815151, 49.142489 ], [ 5.6807427, 49.1425341 ], [ 5.6789152, 49.1429634 ], [ 5.6782821, 49.1428921 ], [ 5.6773521, 49.1432034 ], [ 5.6771436, 49.1436002 ], [ 5.6771976, 49.1452291 ], [ 5.676514, 49.1454539 ], [ 5.6757341, 49.1460973 ], [ 5.6762576, 49.1463565 ], [ 5.6756271, 49.1472629 ], [ 5.6768823, 49.1481481 ], [ 5.6768376, 49.148662699999988 ], [ 5.6763324, 49.1489169 ], [ 5.6761602, 49.1492742 ], [ 5.6767688, 49.1498256 ], [ 5.6756892, 49.150456 ], [ 5.6727484, 49.1488517 ], [ 5.6735651, 49.1483352 ], [ 5.673487, 49.1480976 ], [ 5.6724731, 49.1483279 ], [ 5.6704494, 49.1483351 ], [ 5.6708149, 49.1499705 ], [ 5.6697225, 49.1496898 ], [ 5.6693631, 49.1483304 ], [ 5.6682676, 49.148361 ], [ 5.6672637, 49.148254599999987 ], [ 5.6649992, 49.1478469 ], [ 5.6648091, 49.1497474 ], [ 5.6639014, 49.1495903 ], [ 5.6639544, 49.1477153 ], [ 5.65967, 49.1468799 ], [ 5.656762, 49.146543799999989 ], [ 5.6558886, 49.1479899 ], [ 5.6529986, 49.1497178 ], [ 5.6522066, 49.1517639 ], [ 5.6514064, 49.1522879 ], [ 5.6488921, 49.1542891 ], [ 5.6474661, 49.1558237 ], [ 5.6474095, 49.1560048 ], [ 5.6489827, 49.1572647 ], [ 5.6480683, 49.1582671 ], [ 5.6478397, 49.1607964 ], [ 5.6470869, 49.1624096 ], [ 5.6464095, 49.1632458 ], [ 5.6463057, 49.1636583 ], [ 5.6463753, 49.1644547 ], [ 5.6459345, 49.1651175 ], [ 5.6456054, 49.1665145 ], [ 5.6450922, 49.1666464 ], [ 5.6441111, 49.1666409 ], [ 5.6427688, 49.16714 ], [ 5.6418529, 49.1671484 ], [ 5.6402283, 49.1670077 ], [ 5.6399473, 49.1671182 ], [ 5.6394269, 49.1679437 ], [ 5.6389255, 49.1681463 ], [ 5.6386799, 49.1683865 ], [ 5.6379901, 49.1701414 ], [ 5.6368878, 49.1693199 ], [ 5.6346785, 49.1680424 ], [ 5.633642, 49.1678384 ], [ 5.6310814, 49.1676074 ], [ 5.6293541, 49.1669849 ], [ 5.627837, 49.1668516 ], [ 5.6269729, 49.1665304 ], [ 5.6263322, 49.1664472 ], [ 5.6221357, 49.1646569 ], [ 5.6207217, 49.163904099999989 ], [ 5.6200406, 49.1636725 ], [ 5.6159171, 49.1627745 ], [ 5.6128057, 49.1617878 ], [ 5.6126115, 49.1611209 ], [ 5.6111741, 49.1604703 ], [ 5.6116782, 49.1598044 ], [ 5.6088773, 49.1573527 ], [ 5.6033706, 49.1557997 ], [ 5.6022774, 49.1561787 ], [ 5.6011124, 49.1564674 ], [ 5.5985395, 49.1578625 ], [ 5.5972243, 49.158794 ], [ 5.5962719, 49.1599884 ], [ 5.5953715, 49.1620004 ], [ 5.5938525, 49.1637953 ], [ 5.592618, 49.1648636 ], [ 5.591368, 49.1657064 ], [ 5.5899229, 49.1657483 ], [ 5.5896744, 49.1658814 ], [ 5.5889985, 49.1658617 ], [ 5.5885082, 49.1663706 ], [ 5.5881734, 49.1665055 ], [ 5.5868978, 49.1666751 ], [ 5.5853521, 49.1663224 ], [ 5.5843766, 49.1662102 ], [ 5.5825744, 49.1657766 ], [ 5.5838822, 49.1630104 ], [ 5.5848869, 49.1604413 ], [ 5.5824122, 49.1600231 ], [ 5.5814428, 49.1595068 ], [ 5.5783078, 49.1575887 ], [ 5.5750325, 49.1551869 ], [ 5.5741877, 49.1541957 ], [ 5.5733602, 49.1537429 ], [ 5.5709725, 49.1528575 ], [ 5.5682448, 49.1515314 ], [ 5.5686967, 49.1509937 ], [ 5.5692601, 49.1497448 ], [ 5.5696315, 49.1494652 ], [ 5.5720345, 49.1487284 ], [ 5.5726385, 49.1484915 ], [ 5.5732118, 49.1481365 ], [ 5.5739418, 49.1479527 ], [ 5.5783381, 49.1460514 ], [ 5.5754032, 49.144746 ], [ 5.5743244, 49.1441457 ] ], [ [ 5.6712149, 48.9654781 ], [ 5.6709261, 48.9654462 ], [ 5.6708437, 48.9655281 ], [ 5.6710078, 48.9657176 ], [ 5.6712052, 48.9656722 ], [ 5.6712149, 48.9654781 ] ], [ [ 5.7034647, 48.9790301 ], [ 5.7040986, 48.979435 ], [ 5.7048992, 48.9794026 ], [ 5.7061078, 48.9772966 ], [ 5.7052136, 48.977413 ], [ 5.7042309, 48.9773317 ], [ 5.7026579, 48.9774309 ], [ 5.7028022, 48.9777273 ], [ 5.7022536, 48.9777957 ], [ 5.7024484, 48.9780962 ], [ 5.7021218, 48.9781378 ], [ 5.7023311, 48.9782952 ], [ 5.7020696, 48.9784472 ], [ 5.7025162, 48.9784878 ], [ 5.7027049, 48.9783743 ], [ 5.7032836, 48.9787525 ], [ 5.7034647, 48.9790301 ] ], [ [ 5.702075, 48.9813707 ], [ 5.7019729, 48.9815416 ], [ 5.7023145, 48.9815041 ], [ 5.7022217, 48.9813442 ], [ 5.702075, 48.9813707 ] ], [ [ 5.7024444, 48.9817728 ], [ 5.7022838, 48.9816142 ], [ 5.7019571, 48.9815583 ], [ 5.7015675, 48.9817749 ], [ 5.7024444, 48.9817728 ] ], [ [ 5.7073588, 48.9823757 ], [ 5.7071034, 48.9815336 ], [ 5.707188, 48.9812313 ], [ 5.7068602, 48.9811446 ], [ 5.7061072, 48.9813702 ], [ 5.7059719, 48.9815958 ], [ 5.7062942, 48.9818315 ], [ 5.706485, 48.9827014 ], [ 5.707817, 48.9832383 ], [ 5.7073588, 48.9823757 ] ], [ [ 5.7013499, 48.9929892 ], [ 5.7021346, 48.9921154 ], [ 5.7023582, 48.9920585 ], [ 5.7025638, 48.9914146 ], [ 5.7021735, 48.9919481 ], [ 5.7020791, 48.9919661 ], [ 5.7017939, 48.9917337 ], [ 5.7027551, 48.9896117 ], [ 5.7029356, 48.9920077 ], [ 5.7026932, 48.9919704 ], [ 5.7026597, 48.9920296 ], [ 5.7029077, 48.992160899999988 ], [ 5.7029512, 48.9920162 ], [ 5.7030856, 48.9919706 ], [ 5.7035784, 48.9906475 ], [ 5.7039736, 48.9886149 ], [ 5.7051252, 48.9885394 ], [ 5.7068836, 48.9864318 ], [ 5.7074135, 48.985599 ], [ 5.7057132, 48.9847395 ], [ 5.7046449, 48.9834412 ], [ 5.7048072, 48.9826911 ], [ 5.7044283, 48.9825563 ], [ 5.7040129, 48.9820661 ], [ 5.7036841, 48.9820475 ], [ 5.7035995, 48.981583 ], [ 5.7033829, 48.9814924 ], [ 5.7032959, 48.9813112 ], [ 5.7030067, 48.981145 ], [ 5.7027985, 48.981269 ], [ 5.7026581, 48.9812364 ], [ 5.702505, 48.9813164 ], [ 5.7026337, 48.9817218 ], [ 5.7029503, 48.981735 ], [ 5.7031378, 48.9818658 ], [ 5.7031517, 48.9819764 ], [ 5.7035106, 48.9821279 ], [ 5.7029379, 48.982554099999987 ], [ 5.7030624, 48.9827396 ], [ 5.7029917, 48.9828169 ], [ 5.7030954, 48.9832324 ], [ 5.7026701, 48.9835646 ], [ 5.7017525, 48.9837348 ], [ 5.7014502, 48.9839177 ], [ 5.7014109, 48.9841376 ], [ 5.699103, 48.987347 ], [ 5.701012, 48.9881292 ], [ 5.6999002, 48.9900307 ], [ 5.6994053, 48.9912271 ], [ 5.6998475, 48.9912929 ], [ 5.6998685, 48.9914166 ], [ 5.7001055, 48.9915639 ], [ 5.7000227, 48.9917357 ], [ 5.7007814, 48.9917982 ], [ 5.7009043, 48.9919784 ], [ 5.7004956, 48.9950398 ], [ 5.7013499, 48.9929892 ] ], [ [ 5.7875299, 48.9858729 ], [ 5.7832617, 48.9866234 ], [ 5.7624435, 48.9877379 ], [ 5.7616452, 48.9893407 ], [ 5.7784758, 48.9932084 ], [ 5.7881454, 48.9957014 ], [ 5.7940919, 48.9890532 ], [ 5.7946759, 48.9865722 ], [ 5.7875299, 48.9858729 ] ] ], [ [ [ 5.661587, 48.9521798 ], [ 5.6672932, 48.9608564 ], [ 5.6666152, 48.9603966 ], [ 5.6602962, 48.954628 ], [ 5.6608766, 48.9538716 ], [ 5.6607539, 48.9534487 ], [ 5.661587, 48.9521798 ] ] ] ] } },
{ "type": "Feature", "properties": { "code_departement": 55.0, "code_rne": "0550013R", "multisecteur": 0.0 }, "geometry": { "type": "MultiPolygon", "coordinates": [ [ [ [ 5.3501272, 48.5857795 ], [ 5.3499672, 48.5857809 ], [ 5.3490329, 48.5863015 ], [ 5.3464232, 48.5856079 ], [ 5.3460012, 48.5864513 ], [ 5.3444783, 48.5870069 ], [ 5.3438315, 48.5882543 ], [ 5.3382425, 48.5866994 ], [ 5.337598, 48.5875166 ], [ 5.3349178, 48.5864857 ], [ 5.3350229, 48.5861975 ], [ 5.3334712, 48.585499 ], [ 5.3338025, 48.585263 ], [ 5.3324473, 48.5843141 ], [ 5.3331092, 48.5839177 ], [ 5.3314139, 48.5826119 ], [ 5.3318845, 48.5818503 ], [ 5.3305909, 48.580578 ], [ 5.3305771, 48.5803272 ], [ 5.3306586, 48.5799656 ], [ 5.3315857, 48.5787622 ], [ 5.3303949, 48.5779702 ], [ 5.3292841, 48.5770534 ], [ 5.3286794, 48.5770283 ], [ 5.3272656, 48.5766159 ], [ 5.3252883, 48.5764638 ], [ 5.32538, 48.5759949 ], [ 5.325799, 48.5751687 ], [ 5.3237393, 48.5749606 ], [ 5.3253038, 48.5736044 ], [ 5.327115, 48.5727078 ], [ 5.3268318, 48.5722246 ], [ 5.3294215, 48.571544 ], [ 5.328997, 48.5709935 ], [ 5.3277973, 48.5713382 ], [ 5.3273266, 48.5713951 ], [ 5.3270927, 48.5708615 ], [ 5.3269342, 48.5707135 ], [ 5.3258896, 48.5711614 ], [ 5.3251078, 48.5713584 ], [ 5.3243855, 48.5705752 ], [ 5.3238364, 48.5697508 ], [ 5.3221952, 48.5703237 ], [ 5.3211276, 48.5696714 ], [ 5.3191126, 48.5705305 ], [ 5.3177092, 48.5715118 ], [ 5.317508, 48.5715616 ], [ 5.3149847, 48.5700962 ], [ 5.314019, 48.5698144 ], [ 5.3126069, 48.5696205 ], [ 5.3131973, 48.5687109 ], [ 5.3129191, 48.5685831 ], [ 5.3128441, 48.5684496 ], [ 5.3131673, 48.5678772 ], [ 5.3134902, 48.5667154 ], [ 5.3139581, 48.5642297 ], [ 5.3121039, 48.5634145 ], [ 5.3075837, 48.5685913 ], [ 5.3077362, 48.5694982 ], [ 5.3020716, 48.569392 ], [ 5.3011981, 48.5663293 ], [ 5.2990405, 48.5666932 ], [ 5.3008898, 48.5688191 ], [ 5.2956838, 48.5717176 ], [ 5.2899286, 48.5740432 ], [ 5.2893264, 48.5741025 ], [ 5.2851046, 48.5738489 ], [ 5.2806914, 48.5730274 ], [ 5.2780069, 48.5720097 ], [ 5.2775462, 48.5723002 ], [ 5.2764496, 48.5736522 ], [ 5.2765016, 48.5741614 ], [ 5.2763714, 48.5742548 ], [ 5.2758315, 48.5743128 ], [ 5.2749399, 48.5741103 ], [ 5.2722876, 48.5739603 ], [ 5.2706915, 48.5737721 ], [ 5.2694049, 48.5733116 ], [ 5.2680359, 48.5730758 ], [ 5.2639261, 48.5720184 ], [ 5.260538, 48.5717832 ], [ 5.2598106, 48.5716431 ], [ 5.2578468, 48.5710073 ], [ 5.2560195, 48.5705488 ], [ 5.2548646, 48.570496 ], [ 5.2545023, 48.569828 ], [ 5.2540865, 48.5698394 ], [ 5.2535462, 48.5696688 ], [ 5.2533174, 48.5697703 ], [ 5.2528693, 48.5703548 ], [ 5.2523029, 48.5705545 ], [ 5.2500385, 48.5694508 ], [ 5.2489838, 48.5685718 ], [ 5.2472395, 48.5675474 ], [ 5.2405778, 48.5659614 ], [ 5.2388452, 48.5657439 ], [ 5.2387781, 48.5661402 ], [ 5.2364279, 48.5654303 ], [ 5.2328175, 48.5634949 ], [ 5.2309747, 48.5621526 ], [ 5.2306891, 48.56178 ], [ 5.2304156, 48.5611201 ], [ 5.2299616, 48.5605194 ], [ 5.2291174, 48.5599548 ], [ 5.2281541, 48.5595562 ], [ 5.226309, 48.5590445 ], [ 5.2223672, 48.5587061 ], [ 5.2217702, 48.5588216 ], [ 5.2208844, 48.5597039 ], [ 5.2203673, 48.5599142 ], [ 5.2197655, 48.5600469 ], [ 5.218861, 48.5601034 ], [ 5.2176958, 48.5606336 ], [ 5.2166476, 48.5596677 ], [ 5.2156792, 48.5584385 ], [ 5.2150416, 48.5580742 ], [ 5.2140052, 48.557577 ], [ 5.2128694, 48.5571671 ], [ 5.2115421, 48.5569056 ], [ 5.2104969, 48.5564886 ], [ 5.2088765, 48.5546433 ], [ 5.2081982, 48.5545038 ], [ 5.20683, 48.5545247 ], [ 5.205846, 48.5528844 ], [ 5.2047802, 48.5518459 ], [ 5.2033827, 48.5509431 ], [ 5.1991227, 48.5487839 ], [ 5.1984565, 48.548088 ], [ 5.1972495, 48.5472311 ], [ 5.1968821, 48.5466791 ], [ 5.1958388, 48.5440985 ], [ 5.1952485, 48.5432077 ], [ 5.1944382, 48.5423047 ], [ 5.1941779, 48.5418164 ], [ 5.1943275, 48.5399517 ], [ 5.1948977, 48.5377112 ], [ 5.195912, 48.5379841 ], [ 5.1994273, 48.5382781 ], [ 5.2066792, 48.5387737 ], [ 5.2085892, 48.5386914 ], [ 5.2069679, 48.5368452 ], [ 5.2068778, 48.5364428 ], [ 5.2065221, 48.5361371 ], [ 5.2065809, 48.535955199999989 ], [ 5.2087248, 48.5345448 ], [ 5.2102558, 48.5340583 ], [ 5.2109088, 48.5336375 ], [ 5.211388, 48.532501 ], [ 5.2117123, 48.5322232 ], [ 5.2121796, 48.5321218 ], [ 5.2113377, 48.530344 ], [ 5.2113152, 48.5299394 ], [ 5.2125805, 48.5295487 ], [ 5.2122545, 48.5287916 ], [ 5.2154078, 48.5282568 ], [ 5.2170029, 48.5277231 ], [ 5.2191549, 48.5274454 ], [ 5.2219456, 48.526478 ], [ 5.2220825, 48.5265106 ], [ 5.22555, 48.5307347 ], [ 5.225955, 48.5311474 ], [ 5.2271939, 48.5321141 ], [ 5.2306309, 48.5292338 ], [ 5.2328966, 48.528096 ], [ 5.237717, 48.5261191 ], [ 5.239249, 48.5256682 ], [ 5.2442535, 48.5249357 ], [ 5.2448285, 48.5249789 ], [ 5.2498876, 48.5233731 ], [ 5.2541771, 48.5225926 ], [ 5.2579074, 48.5217271 ], [ 5.2577512, 48.521371 ], [ 5.2578136, 48.5212798 ], [ 5.2583497, 48.521176 ], [ 5.258893, 48.521208 ], [ 5.2628897, 48.5200205 ], [ 5.2645465, 48.519395 ], [ 5.2648757, 48.5192069 ], [ 5.2647175, 48.5188059 ], [ 5.2674716, 48.5172081 ], [ 5.2691678, 48.5160868 ], [ 5.2697816, 48.5161525 ], [ 5.2711118, 48.5135559 ], [ 5.2739682, 48.5138 ], [ 5.2786243, 48.5136865 ], [ 5.2815939, 48.5143207 ], [ 5.281544, 48.5146367 ], [ 5.2857892, 48.515475699999989 ], [ 5.2861951, 48.5154652 ], [ 5.2869717, 48.5148527 ], [ 5.2873473, 48.5143028 ], [ 5.287839, 48.5122216 ], [ 5.2885714, 48.511034 ], [ 5.2891506, 48.5105251 ], [ 5.2920048, 48.5095089 ], [ 5.2929231, 48.5089818 ], [ 5.2957292, 48.5083274 ], [ 5.2962067, 48.5084054 ], [ 5.2977542, 48.5100009 ], [ 5.2982398, 48.510355 ], [ 5.3013743, 48.5119062 ], [ 5.3019946, 48.5123973 ], [ 5.303304, 48.5139306 ], [ 5.3044315, 48.5147124 ], [ 5.3054531, 48.515766299999989 ], [ 5.3060246, 48.5161629 ], [ 5.3086001, 48.5142031 ], [ 5.3113457, 48.5125703 ], [ 5.3132905, 48.5110592 ], [ 5.3152079, 48.5097889 ], [ 5.3168581, 48.5083276 ], [ 5.3173438, 48.5083154 ], [ 5.3193105, 48.5087144 ], [ 5.3218934, 48.5091121 ], [ 5.3240365, 48.5092133 ], [ 5.3252537, 48.5094469 ], [ 5.3275506, 48.5093794 ], [ 5.3285853, 48.5097138 ], [ 5.3287882, 48.509708 ], [ 5.3280355, 48.5088623 ], [ 5.3284334, 48.5084271 ], [ 5.327595, 48.5074508 ], [ 5.3285068, 48.5071513 ], [ 5.3272755, 48.5047985 ], [ 5.3288085, 48.5043995 ], [ 5.3287905, 48.5040858 ], [ 5.3289204, 48.5039923 ], [ 5.3284565, 48.5029691 ], [ 5.3285189, 48.5028779 ], [ 5.3298523, 48.5025296 ], [ 5.3307631, 48.5018763 ], [ 5.3320473, 48.5006658 ], [ 5.3324497, 48.5006102 ], [ 5.3339183, 48.4993133 ], [ 5.3338433, 48.4991807 ], [ 5.3334998, 48.4990992 ], [ 5.3336203, 48.498826 ], [ 5.3346342, 48.497630699999988 ], [ 5.3353146, 48.4977037 ], [ 5.3370945, 48.4956797 ], [ 5.3375772, 48.4958466 ], [ 5.3378444, 48.4957955 ], [ 5.3392803, 48.493681 ], [ 5.3394102, 48.4935875 ], [ 5.3399565, 48.4936632 ], [ 5.3409877, 48.4939525 ], [ 5.3411905, 48.4939467 ], [ 5.3415746, 48.4926323 ], [ 5.342589, 48.4926069 ], [ 5.3425347, 48.4916639 ], [ 5.3441898, 48.4910372 ], [ 5.3449063, 48.4905596 ], [ 5.3452082, 48.4899227 ], [ 5.345592, 48.4883914 ], [ 5.3455731, 48.4880291 ], [ 5.3468336, 48.4852142 ], [ 5.3472854, 48.4853259 ], [ 5.3478915, 48.4844085 ], [ 5.3473617, 48.4842174 ], [ 5.3479621, 48.4830211 ], [ 5.348632, 48.4832887 ], [ 5.3499574, 48.4820204 ], [ 5.3502662, 48.4821133 ], [ 5.3514115, 48.4812986 ], [ 5.3519762, 48.4807889 ], [ 5.3522688, 48.4809451 ], [ 5.3534834, 48.479985 ], [ 5.3537421, 48.480078 ], [ 5.3559, 48.4786645 ], [ 5.3571576, 48.4781832 ], [ 5.3578316, 48.4776676 ], [ 5.3581164, 48.4778293 ], [ 5.3592438, 48.4772237 ], [ 5.360525, 48.4778094 ], [ 5.3606818, 48.4775939 ], [ 5.3610275, 48.4777265 ], [ 5.3629222, 48.4764828 ], [ 5.3639301, 48.4771035 ], [ 5.365086, 48.4762588 ], [ 5.3656374, 48.4762388 ], [ 5.3663871, 48.4763544 ], [ 5.3677134, 48.4770398 ], [ 5.3679128, 48.47699 ], [ 5.3686822, 48.4762501 ], [ 5.3693751, 48.4765477 ], [ 5.3699599, 48.4760995 ], [ 5.3706573, 48.4757445 ], [ 5.3710915, 48.4751994 ], [ 5.3717786, 48.4746475 ], [ 5.3726345, 48.4741191 ], [ 5.3747819, 48.4725183 ], [ 5.3751554, 48.4723677 ], [ 5.3782031, 48.4716992 ], [ 5.3799527, 48.4714796 ], [ 5.3811706, 48.4711168 ], [ 5.3813396, 48.4711125 ], [ 5.386713, 48.4726318 ], [ 5.3869485, 48.4730474 ], [ 5.3875677, 48.4729125 ], [ 5.3883053, 48.4736852 ], [ 5.3887808, 48.4734858 ], [ 5.3894339, 48.4741242 ], [ 5.391992, 48.4732303 ], [ 5.3926901, 48.4740244 ], [ 5.3930398, 48.473976 ], [ 5.3943603, 48.4734571 ], [ 5.3951362, 48.4730193 ], [ 5.3952253, 48.4728078 ], [ 5.398169, 48.4739265 ], [ 5.4012079, 48.4705872 ], [ 5.4031064, 48.4687721 ], [ 5.403442, 48.4682982 ], [ 5.4064745, 48.4650092 ], [ 5.4042485, 48.4638042 ], [ 5.4047012, 48.4632874 ], [ 5.4040537, 48.4629477 ], [ 5.4052544, 48.4617443 ], [ 5.4060153, 48.4607794 ], [ 5.4043589, 48.4601271 ], [ 5.4054267, 48.4585349 ], [ 5.4038981, 48.4583976 ], [ 5.404039, 48.4575154 ], [ 5.4040206, 48.4551621 ], [ 5.4036302, 48.4552349 ], [ 5.4033171, 48.4542493 ], [ 5.4042442, 48.4534862 ], [ 5.4041667, 48.4533879 ], [ 5.4063693, 48.4517016 ], [ 5.4062471, 48.4516339 ], [ 5.4065353, 48.4513094 ], [ 5.4076159, 48.4495297 ], [ 5.4074164, 48.449486 ], [ 5.4077062, 48.4477224 ], [ 5.4074962, 48.447714 ], [ 5.4076265, 48.4471335 ], [ 5.4079535, 48.4472142 ], [ 5.4084488, 48.4466569 ], [ 5.4081607, 48.4464225 ], [ 5.408594, 48.4461932 ], [ 5.4089447, 48.4458179 ], [ 5.4093195, 48.4452289 ], [ 5.4094828, 48.4447485 ], [ 5.4102712, 48.4450079 ], [ 5.4147612, 48.4420347 ], [ 5.4179763, 48.4409962 ], [ 5.4188401, 48.4406015 ], [ 5.4190907, 48.4406099 ], [ 5.4196959, 48.4404445 ], [ 5.4201721, 48.4404744 ], [ 5.4203598, 48.4404085 ], [ 5.421084, 48.4399788 ], [ 5.421747, 48.4394549 ], [ 5.421815, 48.4394932 ], [ 5.4235021, 48.4379448 ], [ 5.4243758, 48.4369756 ], [ 5.4273337, 48.435241 ], [ 5.428301, 48.4343085 ], [ 5.4293109, 48.4338027 ], [ 5.4305986, 48.4334523 ], [ 5.4325591, 48.4327074 ], [ 5.4328805, 48.4325217 ], [ 5.4327941, 48.432086 ], [ 5.4328988, 48.4320704 ], [ 5.4333346, 48.4323674 ], [ 5.4338257, 48.4320207 ], [ 5.4355137, 48.4329267 ], [ 5.4362801, 48.4336157 ], [ 5.4366214, 48.4344988 ], [ 5.4366055, 48.4350896 ], [ 5.4362706, 48.4357724 ], [ 5.4365314, 48.4358544 ], [ 5.4364616, 48.4361294 ], [ 5.4378867, 48.4356798 ], [ 5.4386439, 48.4353528 ], [ 5.4397585, 48.434393 ], [ 5.4416693, 48.4320576 ], [ 5.4420401, 48.4320328 ], [ 5.4425189, 48.4304622 ], [ 5.4441993, 48.4280334 ], [ 5.4443777, 48.4276238 ], [ 5.4446784, 48.4258616 ], [ 5.4451602, 48.4250839 ], [ 5.4459409, 48.4245692 ], [ 5.4468022, 48.424276 ], [ 5.4486747, 48.4239484 ], [ 5.4498027, 48.4236029 ], [ 5.4504517, 48.4231367 ], [ 5.4507616, 48.4226785 ], [ 5.4515121, 48.4227935 ], [ 5.4525912, 48.4227649 ], [ 5.4546676, 48.4224312 ], [ 5.4554767, 48.4224099 ], [ 5.456163, 48.4225712 ], [ 5.4569665, 48.4224601 ], [ 5.457226, 48.4221109 ], [ 5.4599716, 48.422612 ], [ 5.4618193, 48.4242667 ], [ 5.4629994, 48.4247751 ], [ 5.464656, 48.4253518 ], [ 5.4648552, 48.4253018 ], [ 5.4653112, 48.4250196 ], [ 5.4666284, 48.4244449 ], [ 5.4673601, 48.4242452 ], [ 5.4683466, 48.4237692 ], [ 5.4687261, 48.4233545 ], [ 5.4689564, 48.4226737 ], [ 5.4688864, 48.421731 ], [ 5.4700682, 48.4208954 ], [ 5.4703869, 48.4208276 ], [ 5.4723625, 48.4199646 ], [ 5.472776, 48.4198732 ], [ 5.4781006, 48.4175991 ], [ 5.4820625, 48.4160536 ], [ 5.4823868, 48.41582 ], [ 5.485022, 48.4149313 ], [ 5.4862205, 48.4146289 ], [ 5.4878396, 48.414586 ], [ 5.4887272, 48.414742 ], [ 5.4897183, 48.4152558 ], [ 5.4911432, 48.416477 ], [ 5.4916981, 48.4167732 ], [ 5.4938549, 48.4160069 ], [ 5.4956592, 48.415761 ], [ 5.4962249, 48.4155736 ], [ 5.4984567, 48.4140828 ], [ 5.5000114, 48.4131968 ], [ 5.5004218, 48.4123033 ], [ 5.500911, 48.4116161 ], [ 5.501145, 48.411108 ], [ 5.5012441, 48.4105199 ], [ 5.5016878, 48.4100137 ], [ 5.5019276, 48.4095118 ], [ 5.5027196, 48.4091936 ], [ 5.5038059, 48.4090104 ], [ 5.5052737, 48.4089722 ], [ 5.5069134, 48.4092796 ], [ 5.5085683, 48.4098197 ], [ 5.5093209, 48.4099793 ], [ 5.5108538, 48.4101737 ], [ 5.5120164, 48.4101995 ], [ 5.5136378, 48.4108285 ], [ 5.5138988, 48.4108014 ], [ 5.5140147, 48.4114146 ], [ 5.513744, 48.4121728 ], [ 5.5112334, 48.4141838 ], [ 5.509639, 48.4150276 ], [ 5.5093534, 48.4155017 ], [ 5.509339, 48.4158242 ], [ 5.5096292, 48.4160107 ], [ 5.5095306, 48.4162972 ], [ 5.5097695, 48.4167404 ], [ 5.5101205, 48.4169562 ], [ 5.5113695, 48.4187867 ], [ 5.512018, 48.419566 ], [ 5.5117428, 48.4209652 ], [ 5.5116776, 48.4219791 ], [ 5.5115148, 48.4224191 ], [ 5.5115457, 48.4229252 ], [ 5.5132211, 48.4258052 ], [ 5.5139151, 48.426007399999989 ], [ 5.5146635, 48.4260761 ], [ 5.5144222, 48.426912 ], [ 5.5138923, 48.427566 ], [ 5.5139493, 48.4297196 ], [ 5.5147528, 48.4295792 ], [ 5.5152878, 48.4304437 ], [ 5.5158323, 48.4310532 ], [ 5.5165087, 48.4313377 ], [ 5.5173316, 48.4315182 ], [ 5.5178055, 48.4318106 ], [ 5.5202802, 48.4323944 ], [ 5.5215713, 48.4324948 ], [ 5.5219091, 48.4324858 ], [ 5.5219652, 48.4323037 ], [ 5.5236602, 48.4323928 ], [ 5.523605, 48.4329043 ], [ 5.5273106, 48.4329217 ], [ 5.52808, 48.432804499999989 ], [ 5.5298279, 48.4321948 ], [ 5.5301937, 48.4318701 ], [ 5.5303364, 48.4313504 ], [ 5.5322374, 48.4317293 ], [ 5.5338983, 48.4323185 ], [ 5.5334451, 48.4324551 ], [ 5.533451, 48.4325513 ], [ 5.5340102, 48.4328715 ], [ 5.5391845, 48.4341704 ], [ 5.5428207, 48.4342347 ], [ 5.5440139, 48.4344342 ], [ 5.5448806, 48.4347063 ], [ 5.5456164, 48.4352351 ], [ 5.5457011, 48.4355033 ], [ 5.5453458, 48.4363228 ], [ 5.5465954, 48.4368739 ], [ 5.5470932, 48.4372646 ], [ 5.5468516, 48.4377217 ], [ 5.5499525, 48.4395714 ], [ 5.55051, 48.4398258 ], [ 5.5609985, 48.4399725 ], [ 5.56082, 48.4414705 ], [ 5.5646514, 48.4410871 ], [ 5.5640506, 48.4401136 ], [ 5.5639924, 48.4398097 ], [ 5.5682008, 48.439779 ], [ 5.568338, 48.4381585 ], [ 5.5678078, 48.4369711 ], [ 5.5674407, 48.4358242 ], [ 5.5667973, 48.4348111 ], [ 5.5668989, 48.4330977 ], [ 5.5689736, 48.4329547 ], [ 5.5719683, 48.4325685 ], [ 5.5766907, 48.4322194 ], [ 5.5772877, 48.4332496 ], [ 5.5777792, 48.4338105 ], [ 5.5782387, 48.4347132 ], [ 5.5783129, 48.4357009 ], [ 5.5787069, 48.4365897 ], [ 5.5802627, 48.4387963 ], [ 5.58062, 48.4391017 ], [ 5.5822881, 48.4398206 ], [ 5.5839369, 48.4400359 ], [ 5.585043, 48.4404105 ], [ 5.5865748, 48.4411332 ], [ 5.5874863, 48.441648 ], [ 5.5878423, 48.4419535 ], [ 5.5886107, 48.4423373 ], [ 5.5890182, 48.4423707 ], [ 5.5905509, 48.4420132 ], [ 5.5910936, 48.4420437 ], [ 5.5938445, 48.4427684 ], [ 5.5951129, 48.4425085 ], [ 5.5968679, 48.4424602 ], [ 5.6002002, 48.4427643 ], [ 5.6009956, 48.4425174 ], [ 5.6047028, 48.4426863 ], [ 5.6079087, 48.442542 ], [ 5.6090615, 48.4425995 ], [ 5.6090302, 48.442106 ], [ 5.6093486, 48.4420072 ], [ 5.6099701, 48.4419899 ], [ 5.6099906, 48.4414494 ], [ 5.610794, 48.4413372 ], [ 5.6109012, 48.4408533 ], [ 5.6131116, 48.4405526 ], [ 5.6151688, 48.4405703 ], [ 5.6155181, 48.4404401 ], [ 5.6158372, 48.4396203 ], [ 5.6156332, 48.4384042 ], [ 5.6160104, 48.4371231 ], [ 5.6164224, 48.433662 ], [ 5.6162504, 48.4328431 ], [ 5.616032, 48.4326139 ], [ 5.6157388, 48.4325393 ], [ 5.6157872, 48.432396 ], [ 5.6164765, 48.4313277 ], [ 5.6183038, 48.42929 ], [ 5.6188993, 48.4287007 ], [ 5.6208858, 48.4271212 ], [ 5.6214855, 48.4259945 ], [ 5.6221337, 48.4263816 ], [ 5.6225619, 48.4288898 ], [ 5.621294, 48.4319423 ], [ 5.6195546, 48.4356857 ], [ 5.6190192, 48.4377255 ], [ 5.6187222, 48.4383631 ], [ 5.6183306, 48.4396787 ], [ 5.6181668, 48.4425798 ], [ 5.6184688, 48.4430214 ], [ 5.6202976, 48.4445329 ], [ 5.6245848, 48.4468549 ], [ 5.6256877, 48.4480493 ], [ 5.6259106, 48.4484224 ], [ 5.6269834, 48.4488775 ], [ 5.627059, 48.44901 ], [ 5.6282516, 48.4496965 ], [ 5.6284853, 48.4499604 ], [ 5.6293915, 48.450385 ], [ 5.6305283, 48.4512528 ], [ 5.6317128, 48.4518044 ], [ 5.632679, 48.4521286 ], [ 5.6355668, 48.4526442 ], [ 5.6362409, 48.4528389 ], [ 5.637767, 48.4536943 ], [ 5.6383093, 48.4539037 ], [ 5.6394611, 48.4540689 ], [ 5.6428955, 48.454015 ], [ 5.6429725, 48.4538791 ], [ 5.6433174, 48.453794 ], [ 5.6447169, 48.4537476 ], [ 5.6451538, 48.4537972 ], [ 5.6452614, 48.4541603 ], [ 5.6451873, 48.4543807 ], [ 5.6457388, 48.4543153 ], [ 5.6462995, 48.4544063 ], [ 5.6465095, 48.4543566 ], [ 5.6467638, 48.4544895 ], [ 5.6472942, 48.4544354 ], [ 5.6475039, 48.4545675 ], [ 5.6478835, 48.4545825 ], [ 5.6487264, 48.4549273 ], [ 5.6494638, 48.4550063 ], [ 5.6491406, 48.455252 ], [ 5.6487331, 48.455409599999989 ], [ 5.6485956, 48.455608 ], [ 5.6504574, 48.4568617 ], [ 5.6515056, 48.4577349 ], [ 5.6534713, 48.4586055 ], [ 5.6500883, 48.4612122 ], [ 5.6487116, 48.4630828 ], [ 5.6484855, 48.4632697 ], [ 5.6477979, 48.4635109 ], [ 5.6459184, 48.4639489 ], [ 5.6451045, 48.4644486 ], [ 5.6434422, 48.4671329 ], [ 5.6430586, 48.4675249 ], [ 5.6426254, 48.4677389 ], [ 5.6378212, 48.4694524 ], [ 5.6384516, 48.470118 ], [ 5.6404055, 48.4712339 ], [ 5.6422369, 48.4724443 ], [ 5.6429501, 48.472225 ], [ 5.6444009, 48.4719758 ], [ 5.6421926, 48.4745219 ], [ 5.6419612, 48.4758403 ], [ 5.6412975, 48.4780936 ], [ 5.6411002, 48.4815157 ], [ 5.6412624, 48.4819955 ], [ 5.6416557, 48.4846168 ], [ 5.6424298, 48.4850128 ], [ 5.6423143, 48.4855167 ], [ 5.6455207, 48.4859206 ], [ 5.6463075, 48.4861389 ], [ 5.645211, 48.4869491 ], [ 5.6417093, 48.4888281 ], [ 5.6402603, 48.4899306 ], [ 5.6385806, 48.4908329 ], [ 5.6366604, 48.4926119 ], [ 5.6361808, 48.4933075 ], [ 5.6355241, 48.4939836 ], [ 5.634601, 48.4945865 ], [ 5.633525, 48.4954357 ], [ 5.6327871, 48.495735599999989 ], [ 5.6311349, 48.4968155 ], [ 5.6292017, 48.4976134 ], [ 5.6290002, 48.4976728 ], [ 5.6286717, 48.4975775 ], [ 5.6281379, 48.497817 ], [ 5.6254859, 48.4991376 ], [ 5.6250437, 48.4995578 ], [ 5.6238375, 48.5004062 ], [ 5.6225637, 48.5005838 ], [ 5.6204116, 48.5007465 ], [ 5.6196658, 48.5009457 ], [ 5.618675, 48.5013915 ], [ 5.618654, 48.5015953 ], [ 5.6187633, 48.5017234 ], [ 5.6197512, 48.5026278 ], [ 5.6216866, 48.5041162 ], [ 5.6237576, 48.5055799 ], [ 5.6272815, 48.5076766 ], [ 5.6285083, 48.5095874 ], [ 5.629494, 48.5120363 ], [ 5.6320227, 48.5165347 ], [ 5.6340153, 48.5173915 ], [ 5.6354827, 48.5181492 ], [ 5.6365695, 48.5188803 ], [ 5.6377199, 48.5193948 ], [ 5.637909, 48.5195985 ], [ 5.6387517, 48.5218876 ], [ 5.6362587, 48.525095 ], [ 5.630446, 48.5305316 ], [ 5.6247033, 48.5304047 ], [ 5.6243218, 48.5303375 ], [ 5.6236467, 48.5301157 ], [ 5.6230653, 48.529737 ], [ 5.6204693, 48.5286062 ], [ 5.618739, 48.5277425 ], [ 5.6154807, 48.526397499999987 ], [ 5.6134642, 48.5251701 ], [ 5.6125036, 48.525797 ], [ 5.6113647, 48.5267086 ], [ 5.6094958, 48.5274103 ], [ 5.6082023, 48.5279958 ], [ 5.606724, 48.5291956 ], [ 5.6057206, 48.5293472 ], [ 5.6053101, 48.5303319 ], [ 5.6063112, 48.5320696 ], [ 5.6063171, 48.5330865 ], [ 5.6060965, 48.5333118 ], [ 5.6056819, 48.5335315 ], [ 5.603742, 48.5343382 ], [ 5.5991915, 48.5378715 ], [ 5.5992879, 48.5380125 ], [ 5.6003097, 48.5376815 ], [ 5.6026007, 48.5387834 ], [ 5.6039359, 48.539332 ], [ 5.6042028, 48.5393855 ], [ 5.6044296, 48.5393401 ], [ 5.6050884, 48.5390151 ], [ 5.6060602, 48.5392863 ], [ 5.6067678, 48.5396704 ], [ 5.6077768, 48.5404997 ], [ 5.6076879, 48.5414917 ], [ 5.6090763, 48.5423181 ], [ 5.6085317, 48.5434389 ], [ 5.6096812, 48.5435505 ], [ 5.6092104, 48.5453097 ], [ 5.6099325, 48.5448672 ], [ 5.6105977, 48.5440704 ], [ 5.6108988, 48.5439657 ], [ 5.6112486, 48.5440219 ], [ 5.6113218, 48.5444029 ], [ 5.6118191, 48.5452695 ], [ 5.6125785, 48.5479403 ], [ 5.6101148, 48.5501069 ], [ 5.6112495, 48.5506499 ], [ 5.6133887, 48.5514381 ], [ 5.6138274, 48.5516715 ], [ 5.6139785, 48.5520912 ], [ 5.616229, 48.5553242 ], [ 5.616335, 48.555302 ], [ 5.6169429, 48.5559088 ], [ 5.6173199, 48.556427 ], [ 5.6178566, 48.5576978 ], [ 5.6183135, 48.5579694 ], [ 5.6186808, 48.5583448 ], [ 5.619641, 48.5597871 ], [ 5.6203354, 48.5606052 ], [ 5.6231888, 48.5630795 ], [ 5.6214411, 48.5638138 ], [ 5.6199896, 48.5642643 ], [ 5.6148953, 48.5653296 ], [ 5.6032764, 48.56377 ], [ 5.5951496, 48.5629981 ], [ 5.5954812, 48.5625732 ], [ 5.5960682, 48.5622985 ], [ 5.5963412, 48.5620612 ], [ 5.5941594, 48.5613744 ], [ 5.5912768, 48.5602249 ], [ 5.5902984, 48.5618546 ], [ 5.5890498, 48.5644397 ], [ 5.5874723, 48.5644578 ], [ 5.5872353, 48.5646826 ], [ 5.584236, 48.5666118 ], [ 5.5832716, 48.5674868 ], [ 5.5820413, 48.5689662 ], [ 5.5813525, 48.568226 ], [ 5.5818415, 48.5675809 ], [ 5.5806579, 48.5667065 ], [ 5.5794614, 48.5669458 ], [ 5.5786951, 48.5664458 ], [ 5.5775714, 48.5668707 ], [ 5.5763775, 48.5666931 ], [ 5.5738264, 48.5665486 ], [ 5.5743408, 48.5682412 ], [ 5.573992, 48.5688418 ], [ 5.5741167, 48.5692541 ], [ 5.5744357, 48.5693984 ], [ 5.5747459, 48.5704402 ], [ 5.5752739, 48.5715529 ], [ 5.5759771, 48.5753726 ], [ 5.5761319, 48.5767832 ], [ 5.5753956, 48.578525299999988 ], [ 5.5759867, 48.5797321 ], [ 5.576097, 48.5804038 ], [ 5.5783999, 48.5825454 ], [ 5.5834633, 48.5863893 ], [ 5.5832458, 48.5864355 ], [ 5.5848367, 48.5874719 ], [ 5.5844665, 48.5878319 ], [ 5.5864094, 48.5885232 ], [ 5.5860475, 48.5890251 ], [ 5.5880325, 48.5896048 ], [ 5.5877498, 48.5900609 ], [ 5.5905489, 48.5916038 ], [ 5.5904275, 48.5917811 ], [ 5.5917393, 48.5923276 ], [ 5.5919587, 48.59306 ], [ 5.5935579, 48.5946658 ], [ 5.5941597, 48.5966804 ], [ 5.5943837, 48.5981075 ], [ 5.593821, 48.5994031 ], [ 5.5933614, 48.5999856 ], [ 5.5913288, 48.6016867 ], [ 5.5911221, 48.6027487 ], [ 5.5887166, 48.6042123 ], [ 5.5880039, 48.6047831 ], [ 5.5875539, 48.6053716 ], [ 5.5861789, 48.6066002 ], [ 5.5845398, 48.6077347 ], [ 5.5831962, 48.6083102 ], [ 5.5832504, 48.6084737 ], [ 5.5816492, 48.6086984 ], [ 5.5815672, 48.6086038 ], [ 5.5816678, 48.6084712 ], [ 5.581329, 48.6082886 ], [ 5.5815626, 48.6080721 ], [ 5.5814456, 48.6075418 ], [ 5.5815781, 48.6073679 ], [ 5.5815133, 48.607237 ], [ 5.5796282, 48.6062708 ], [ 5.5773608, 48.6045136 ], [ 5.5770992, 48.6044932 ], [ 5.5768583, 48.6042842 ], [ 5.5763356, 48.6040597 ], [ 5.5754849, 48.603512 ], [ 5.5751631, 48.6031482 ], [ 5.5747783, 48.6023321 ], [ 5.5744866, 48.6020586 ], [ 5.5736772, 48.6008035 ], [ 5.5728717, 48.6000406 ], [ 5.5723164, 48.5997025 ], [ 5.5719576, 48.599856 ], [ 5.5711224, 48.6005059 ], [ 5.5699893, 48.6010299 ], [ 5.5693174, 48.6009697 ], [ 5.5675338, 48.6018434 ], [ 5.5659301, 48.6023189 ], [ 5.5658552, 48.6026751 ], [ 5.5638846, 48.6034448 ], [ 5.562723, 48.6037506 ], [ 5.561931, 48.604203299999988 ], [ 5.5610872, 48.6049594 ], [ 5.5617372, 48.6052082 ], [ 5.5598555, 48.6060227 ], [ 5.5587924, 48.6074288 ], [ 5.5627469, 48.6090897 ], [ 5.558707, 48.6122897 ], [ 5.5582452, 48.612476 ], [ 5.5570122, 48.6127428 ], [ 5.5564762, 48.6129946 ], [ 5.5560331, 48.6133992 ], [ 5.5553255, 48.614723 ], [ 5.5548113, 48.61495 ], [ 5.5538991, 48.6150875 ], [ 5.5541833, 48.6162937 ], [ 5.5522363, 48.6166171 ], [ 5.5502968, 48.617260699999989 ], [ 5.5490245, 48.6178073 ], [ 5.5485004, 48.6179724 ], [ 5.5480774, 48.6179554 ], [ 5.547717, 48.6178848 ], [ 5.5469412, 48.6168934 ], [ 5.5452748, 48.6162316 ], [ 5.5452974, 48.6157469 ], [ 5.5442368, 48.6155131 ], [ 5.5406548, 48.6151765 ], [ 5.540142, 48.616217 ], [ 5.539679, 48.6164096 ], [ 5.5398782, 48.6174385 ], [ 5.539247, 48.61755 ], [ 5.5397206, 48.6187216 ], [ 5.5403365, 48.6198613 ], [ 5.538326, 48.6191581 ], [ 5.5364633, 48.6186191 ], [ 5.5322218, 48.6183162 ], [ 5.5309236, 48.6179964 ], [ 5.5291762, 48.6172289 ], [ 5.5274166, 48.6169387 ], [ 5.5270248, 48.6168075 ], [ 5.5259891, 48.6175927 ], [ 5.518974, 48.6152178 ], [ 5.5130951, 48.6134836 ], [ 5.513017, 48.613723799999988 ], [ 5.512433, 48.6135453 ], [ 5.5123008, 48.6138181 ], [ 5.5085132, 48.6135443 ], [ 5.5072036, 48.614029099999989 ], [ 5.5069078, 48.6146536 ], [ 5.5055293, 48.6156275 ], [ 5.5019813, 48.6135261 ], [ 5.5012495, 48.612925 ], [ 5.5006011, 48.6121925 ], [ 5.5001471, 48.6118664 ], [ 5.4985428, 48.6114096 ], [ 5.497583, 48.6113757 ], [ 5.4966019, 48.6111785 ], [ 5.4947724, 48.6106652 ], [ 5.4932103, 48.6100967 ], [ 5.4922326, 48.6094008 ], [ 5.4915212, 48.6086526 ], [ 5.4902711, 48.6087066 ], [ 5.4898217, 48.6088726 ], [ 5.4892527, 48.6092652 ], [ 5.4885626, 48.609906 ], [ 5.4889303, 48.6100774 ], [ 5.488755, 48.610527499999989 ], [ 5.4883245, 48.6108937 ], [ 5.4876546, 48.6112758 ], [ 5.480775, 48.6110459 ], [ 5.4807497, 48.611455 ], [ 5.4803491, 48.6115093 ], [ 5.4803417, 48.6122978 ], [ 5.4806029, 48.6146592 ], [ 5.4793265, 48.6141305 ], [ 5.4787273, 48.6157512 ], [ 5.4761307, 48.615376 ], [ 5.4681536, 48.615826 ], [ 5.4654652, 48.61569 ], [ 5.4651256, 48.6155981 ], [ 5.4623843, 48.6142797 ], [ 5.4609624, 48.614463 ], [ 5.460532, 48.6146906 ], [ 5.4591653, 48.6145766 ], [ 5.4583516, 48.6138663 ], [ 5.4565773, 48.6135123 ], [ 5.4553084, 48.6126736 ], [ 5.4542922, 48.6129133 ], [ 5.4533253, 48.6129008 ], [ 5.4531023, 48.6126894 ], [ 5.452792, 48.612757 ], [ 5.4521675, 48.6126961 ], [ 5.4431802, 48.611706399999989 ], [ 5.4428786, 48.6105085 ], [ 5.4429614, 48.6095781 ], [ 5.442651, 48.6092659 ], [ 5.442391, 48.6085512 ], [ 5.4427335, 48.6074274 ], [ 5.4433842, 48.6068021 ], [ 5.4453402, 48.6076276 ], [ 5.4455774, 48.6074464 ], [ 5.4438873, 48.6065623 ], [ 5.4443913, 48.605732 ], [ 5.4432709, 48.6051314 ], [ 5.443152, 48.6053741 ], [ 5.4427382, 48.6052899 ], [ 5.4436084, 48.6039599 ], [ 5.4438928, 48.603046 ], [ 5.4433647, 48.6023153 ], [ 5.4440406, 48.6019991 ], [ 5.4445572, 48.6015826 ], [ 5.4452038, 48.6005236 ], [ 5.4438963, 48.5999249 ], [ 5.4438819, 48.5996733 ], [ 5.4441196, 48.5991266 ], [ 5.4440442, 48.5989941 ], [ 5.442292, 48.5980509 ], [ 5.441349, 48.5976446 ], [ 5.4411852, 48.597215 ], [ 5.4399557, 48.5962782 ], [ 5.4376351, 48.5954213 ], [ 5.4361799, 48.5953764 ], [ 5.438537, 48.5932007 ], [ 5.4364239, 48.5919606 ], [ 5.4383608, 48.5905521 ], [ 5.4386808, 48.5902288 ], [ 5.4396267, 48.589799 ], [ 5.4391265, 48.5880021 ], [ 5.4392409, 48.5871097 ], [ 5.4388527, 48.5843656 ], [ 5.4387531, 48.5840923 ], [ 5.4381941, 48.5833891 ], [ 5.4381748, 48.5830899 ], [ 5.4384195, 48.5827528 ], [ 5.4388899, 48.582951 ], [ 5.4392002, 48.583148 ], [ 5.4402361, 48.5843327 ], [ 5.4406781, 48.584096 ], [ 5.4406929, 48.5839769 ], [ 5.4403226, 48.5835984 ], [ 5.4403514, 48.5831397 ], [ 5.4401897, 48.5824339 ], [ 5.4402486, 48.5820691 ], [ 5.4399333, 48.5818515 ], [ 5.4386284, 48.581529 ], [ 5.4364731, 48.5811511 ], [ 5.4361544, 48.5809461 ], [ 5.4358579, 48.5809297 ], [ 5.4346273, 48.5803375 ], [ 5.4336478, 48.5803036 ], [ 5.4331298, 48.58019 ], [ 5.4323193, 48.5797647 ], [ 5.4310716, 48.5788911 ], [ 5.4299301, 48.5766492 ], [ 5.4304466, 48.574072 ], [ 5.4301796, 48.5737831 ], [ 5.4295265, 48.5726859 ], [ 5.4291247, 48.5712731 ], [ 5.4288675, 48.5708743 ], [ 5.4282251, 48.5702088 ], [ 5.4279001, 48.5695171 ], [ 5.4254713, 48.5688421 ], [ 5.423581, 48.5669952 ], [ 5.4234137, 48.5670724 ], [ 5.4227231, 48.567973 ], [ 5.4220281, 48.5690428 ], [ 5.4216408, 48.5698454 ], [ 5.4213596, 48.5710075 ], [ 5.4211346, 48.5714792 ], [ 5.4206406, 48.5719113 ], [ 5.4191803, 48.5725917 ], [ 5.419203, 48.573466 ], [ 5.4188437, 48.574025 ], [ 5.4180905, 48.5746316 ], [ 5.4178678, 48.574507399999987 ], [ 5.4171178, 48.5705385 ], [ 5.4171068, 48.5700654 ], [ 5.417523, 48.5680356 ], [ 5.4187133, 48.5665606 ], [ 5.4176721, 48.5666241 ], [ 5.4156591, 48.5671087 ], [ 5.4148685, 48.5673425 ], [ 5.4134582, 48.567958 ], [ 5.4091713, 48.5666499 ], [ 5.4090133, 48.566663 ], [ 5.406863, 48.5644548 ], [ 5.4065323, 48.564222099999988 ], [ 5.4036694, 48.5628221 ], [ 5.3994603, 48.5617444 ], [ 5.3968312, 48.5606157 ], [ 5.398302, 48.5571752 ], [ 5.401895, 48.5528935 ], [ 5.4023449, 48.5524758 ], [ 5.404448, 48.552014 ], [ 5.4093861, 48.5511814 ], [ 5.4128745, 48.5503691 ], [ 5.3948902, 48.5513132 ], [ 5.3930817, 48.5510121 ], [ 5.3896794, 48.5508078 ], [ 5.3895104, 48.5512936 ], [ 5.3888964, 48.5512646 ], [ 5.3888173, 48.551582 ], [ 5.3892018, 48.5516607 ], [ 5.389139, 48.5519185 ], [ 5.3895238, 48.5519728 ], [ 5.3886115, 48.5545318 ], [ 5.388841, 48.55469 ], [ 5.3882984, 48.5550087 ], [ 5.382767, 48.556583 ], [ 5.3829678, 48.5571226 ], [ 5.3820295, 48.5574168 ], [ 5.3821048, 48.5577609 ], [ 5.3788549, 48.5588609 ], [ 5.3781527, 48.5593726 ], [ 5.3804419, 48.561565 ], [ 5.3813719, 48.5625777 ], [ 5.3811085, 48.5627189 ], [ 5.3781635, 48.5633439 ], [ 5.3777058, 48.5636257 ], [ 5.3770275, 48.5645428 ], [ 5.3761709, 48.5649694 ], [ 5.3745085, 48.5655066 ], [ 5.375047, 48.5666172 ], [ 5.3768144, 48.5711149 ], [ 5.3779424, 48.5730201 ], [ 5.3774685, 48.5742022 ], [ 5.3773338, 48.5751498 ], [ 5.3776396, 48.5768959 ], [ 5.3774473, 48.5770815 ], [ 5.3774676, 48.5774402 ], [ 5.3770987, 48.5779479 ], [ 5.3746873, 48.5806698 ], [ 5.3729702, 48.5823762 ], [ 5.371904, 48.5817756 ], [ 5.3700934, 48.5830365 ], [ 5.3690388, 48.5824212 ], [ 5.368121, 48.5829128 ], [ 5.3695823, 48.5838233 ], [ 5.370069, 48.584026 ], [ 5.3701442, 48.5841595 ], [ 5.3696279, 48.5843497 ], [ 5.3684153, 48.5839608 ], [ 5.3669301, 48.5838428 ], [ 5.3665642, 48.5841209 ], [ 5.3659355, 48.5839544 ], [ 5.3619588, 48.5832981 ], [ 5.3612831, 48.583325 ], [ 5.3595509, 48.5838634 ], [ 5.3576426, 48.5847111 ], [ 5.3567416, 48.584945 ], [ 5.3557186, 48.5850894 ], [ 5.3555334, 48.5852839 ], [ 5.3547028, 48.5855748 ], [ 5.3529232, 48.5875097 ], [ 5.3513768, 48.5864523 ], [ 5.3511203, 48.586569 ], [ 5.3501272, 48.5857795 ] ] ] ] } },
{ "type": "Feature", "properties": { "code_departement": 55.0, "code_rne": "0550014S", "multisecteur": 0.0 }, "geometry": { "type": "MultiPolygon", "coordinates": [ [ [ [ 5.3450504, 48.7367007 ], [ 5.3442713, 48.7366791 ], [ 5.3433209, 48.7369308 ], [ 5.342684, 48.7369262 ], [ 5.3400246, 48.7355324 ], [ 5.338123, 48.7349281 ], [ 5.3370068, 48.7347286 ], [ 5.3356212, 48.7347107 ], [ 5.334495, 48.7348335 ], [ 5.3321736, 48.7353063 ], [ 5.330538, 48.7352636 ], [ 5.3269737, 48.7344945 ], [ 5.3257647, 48.7343183 ], [ 5.3236073, 48.7335541 ], [ 5.3207559, 48.7331804 ], [ 5.3169191, 48.7322391 ], [ 5.3159457, 48.7319143 ], [ 5.3156343, 48.7316702 ], [ 5.3121928, 48.7306229 ], [ 5.3111109, 48.7318091 ], [ 5.3101276, 48.7314431 ], [ 5.308055, 48.7308344 ], [ 5.3074179, 48.7308224 ], [ 5.3068787, 48.7316733 ], [ 5.3064381, 48.7329379 ], [ 5.3054614, 48.7351541 ], [ 5.3036648, 48.7349468 ], [ 5.3025968, 48.7374112 ], [ 5.3016018, 48.7387855 ], [ 5.3012759, 48.7405293 ], [ 5.3008907, 48.7415418 ], [ 5.300839, 48.7433019 ], [ 5.3010058, 48.7442785 ], [ 5.3019295, 48.7454782 ], [ 5.3023541, 48.7464381 ], [ 5.3019765, 48.7472228 ], [ 5.3007038, 48.7476433 ], [ 5.3002751, 48.7476722 ], [ 5.2982647, 48.7473151 ], [ 5.2961196, 48.7473599 ], [ 5.2953665, 48.7473114 ], [ 5.293235, 48.7468908 ], [ 5.2920398, 48.7465053 ], [ 5.2913267, 48.7461303 ], [ 5.2904516, 48.7452257 ], [ 5.2903, 48.744623 ], [ 5.2900962, 48.7443192 ], [ 5.2898854, 48.7442288 ], [ 5.2895047, 48.7442649 ], [ 5.2886108, 48.7445735 ], [ 5.2883869, 48.7445886 ], [ 5.2879652, 48.7453039 ], [ 5.2875734, 48.7455841 ], [ 5.2858529, 48.7460022 ], [ 5.2842716, 48.7459317 ], [ 5.2830487, 48.7461548 ], [ 5.2823363, 48.7459804 ], [ 5.2814416, 48.745589 ], [ 5.2807191, 48.7446229 ], [ 5.2802762, 48.7435471 ], [ 5.2803275, 48.7427597 ], [ 5.2801758, 48.7424936 ], [ 5.2791993, 48.7423467 ], [ 5.2778652, 48.7424828 ], [ 5.2764932, 48.7424685 ], [ 5.2752017, 48.7423015 ], [ 5.2747815, 48.7420873 ], [ 5.2738392, 48.7409121 ], [ 5.2734153, 48.7407384 ], [ 5.2749934, 48.739894 ], [ 5.2762303, 48.7395258 ], [ 5.2754407, 48.7382965 ], [ 5.2765268, 48.7376846 ], [ 5.2760501, 48.7371088 ], [ 5.2765261, 48.7367012 ], [ 5.2758589, 48.7361245 ], [ 5.2737103, 48.7348905 ], [ 5.2746599, 48.734175 ], [ 5.2725259, 48.7327436 ], [ 5.2718369, 48.7321629 ], [ 5.2720974, 48.7319618 ], [ 5.271614, 48.7313546 ], [ 5.2719956, 48.7312475 ], [ 5.2691961, 48.7271716 ], [ 5.2671879, 48.7256819 ], [ 5.2661043, 48.7244986 ], [ 5.2687359, 48.7231529 ], [ 5.2673702, 48.7222052 ], [ 5.2669461, 48.7223663 ], [ 5.2656452, 48.7209063 ], [ 5.2626998, 48.7171111 ], [ 5.261859, 48.7154678 ], [ 5.2608726, 48.7126584 ], [ 5.2607017, 48.7118833 ], [ 5.2581146, 48.7114203 ], [ 5.256725, 48.7107583 ], [ 5.2567204, 48.7101168 ], [ 5.2563474, 48.709853 ], [ 5.2567611, 48.708982299999988 ], [ 5.2564121, 48.7079838 ], [ 5.2572481, 48.7076656 ], [ 5.2573558, 48.7071687 ], [ 5.2563324, 48.7066743 ], [ 5.2548769, 48.706529 ], [ 5.2547424, 48.7053978 ], [ 5.2539563, 48.7048854 ], [ 5.2518647, 48.7039846 ], [ 5.2515548, 48.7039869 ], [ 5.2516976, 48.7035154 ], [ 5.2491209, 48.703375 ], [ 5.2483341, 48.7036994 ], [ 5.2477392, 48.7036791 ], [ 5.2477386, 48.7025922 ], [ 5.2467241, 48.701823 ], [ 5.2461139, 48.7011012 ], [ 5.2451895, 48.7002449 ], [ 5.2448756, 48.6998693 ], [ 5.2447084, 48.6994261 ], [ 5.2438226, 48.6986465 ], [ 5.2427091, 48.6972475 ], [ 5.2370649, 48.6975227 ], [ 5.2344977, 48.6968024 ], [ 5.2333738, 48.6966147 ], [ 5.223777, 48.6953274 ], [ 5.2210738, 48.6947596 ], [ 5.2189084, 48.6931532 ], [ 5.2165597, 48.6918697 ], [ 5.215664, 48.6916758 ], [ 5.2145219, 48.6915369 ], [ 5.2123358, 48.6914911 ], [ 5.2081394, 48.6908274 ], [ 5.2084024, 48.6901369 ], [ 5.2081651, 48.6900198 ], [ 5.2075484, 48.69006 ], [ 5.2061207, 48.6888528 ], [ 5.2054262, 48.6879506 ], [ 5.2043744, 48.6855693 ], [ 5.2039358, 48.6849314 ], [ 5.2032658, 48.6840287 ], [ 5.202442, 48.6833438 ], [ 5.2022076, 48.6830377 ], [ 5.2023363, 48.6828995 ], [ 5.2010627, 48.6813753 ], [ 5.1996855, 48.6801644 ], [ 5.199927, 48.6798639 ], [ 5.1980978, 48.6788251 ], [ 5.1964435, 48.6791327 ], [ 5.1965943, 48.6781599 ], [ 5.1955683, 48.6781582 ], [ 5.1946901, 48.6779863 ], [ 5.1938804, 48.6791853 ], [ 5.1928657, 48.6796458 ], [ 5.1920722, 48.6796478 ], [ 5.1919537, 48.6797381 ], [ 5.1915387, 48.6794659 ], [ 5.1921533, 48.6791523 ], [ 5.1917871, 48.678908 ], [ 5.191096, 48.6790179 ], [ 5.1909328, 48.679434799999989 ], [ 5.1903168, 48.6794902 ], [ 5.1877327, 48.6785551 ], [ 5.187908, 48.6782648 ], [ 5.1867024, 48.6773448 ], [ 5.1863651, 48.677207 ], [ 5.186036, 48.6773948 ], [ 5.18415, 48.6764504 ], [ 5.1833503, 48.6764318 ], [ 5.1810866, 48.6752567 ], [ 5.1799429, 48.6744489 ], [ 5.1805344, 48.67407 ], [ 5.1802366, 48.6733475 ], [ 5.1802987, 48.6728821 ], [ 5.177335, 48.6712707 ], [ 5.1773915, 48.6713534 ], [ 5.1749242, 48.6700766 ], [ 5.1748102, 48.669101499999989 ], [ 5.1745557, 48.6685339 ], [ 5.1738029, 48.6676793 ], [ 5.1721174, 48.6664134 ], [ 5.1716357, 48.6653811 ], [ 5.170093, 48.6644734 ], [ 5.1697202, 48.6635444 ], [ 5.1691955, 48.6632399 ], [ 5.168819, 48.6626781 ], [ 5.1686359, 48.6617006 ], [ 5.1690141, 48.6610612 ], [ 5.1688266, 48.6609935 ], [ 5.1683271, 48.6602476 ], [ 5.1686278, 48.6601639 ], [ 5.168317, 48.6598087 ], [ 5.1679143, 48.6597602 ], [ 5.1669047, 48.6583083 ], [ 5.1667791, 48.6573748 ], [ 5.1668271, 48.6566316 ], [ 5.1667016, 48.6563225 ], [ 5.1664824, 48.6560152 ], [ 5.1652145, 48.6551456 ], [ 5.1658211, 48.6546073 ], [ 5.16477, 48.6539875 ], [ 5.1649162, 48.6538112 ], [ 5.1618979, 48.6518594 ], [ 5.1615984, 48.6519719 ], [ 5.1611429, 48.6515653 ], [ 5.1606261, 48.6516791 ], [ 5.1599112, 48.6506465 ], [ 5.1586863, 48.6491993 ], [ 5.1573924, 48.6496339 ], [ 5.1565808, 48.648558 ], [ 5.1558486, 48.6486847 ], [ 5.1547912, 48.6474431 ], [ 5.1546861, 48.6469025 ], [ 5.1541997, 48.6465648 ], [ 5.1541697, 48.6463971 ], [ 5.1539853, 48.6463716 ], [ 5.1539047, 48.6468878 ], [ 5.1526565, 48.6463867 ], [ 5.1525643, 48.6458277 ], [ 5.152172, 48.6456009 ], [ 5.152512, 48.6452177 ], [ 5.1521543, 48.6451369 ], [ 5.1516529, 48.6455239 ], [ 5.1508886, 48.6453316 ], [ 5.1511622, 48.6448516 ], [ 5.149646, 48.6445019 ], [ 5.1480521, 48.6442436 ], [ 5.149342, 48.6424576 ], [ 5.1486718, 48.6421071 ], [ 5.1484133, 48.641433299999989 ], [ 5.1487538, 48.640368 ], [ 5.1487336, 48.6388171 ], [ 5.1485557, 48.6380564 ], [ 5.1481162, 48.6374371 ], [ 5.147759, 48.6371367 ], [ 5.148334, 48.6362283 ], [ 5.1477201, 48.6356608 ], [ 5.1473518, 48.6348891 ], [ 5.1470286, 48.6331681 ], [ 5.1470382, 48.6328395 ], [ 5.147589, 48.6319703 ], [ 5.1478428, 48.6313727 ], [ 5.1475927, 48.6308022 ], [ 5.1477397, 48.6306133 ], [ 5.1484598, 48.6302332 ], [ 5.1485291, 48.629540899999988 ], [ 5.1483172, 48.6287753 ], [ 5.1477416, 48.6288424 ], [ 5.1477361, 48.628408799999988 ], [ 5.1474302, 48.6279014 ], [ 5.1471, 48.6279272 ], [ 5.1470027, 48.6272747 ], [ 5.1471765, 48.6267137 ], [ 5.1476454, 48.6264965 ], [ 5.1483022, 48.626329 ], [ 5.1489206, 48.6258499 ], [ 5.1488664, 48.6236049 ], [ 5.1479114, 48.6232559 ], [ 5.1481245, 48.6227913 ], [ 5.1480368, 48.6220433 ], [ 5.1476519, 48.6209993 ], [ 5.1483332, 48.6202059 ], [ 5.1486019, 48.619543299999989 ], [ 5.1491705, 48.6190453 ], [ 5.1495824, 48.6188642 ], [ 5.1508336, 48.6190927 ], [ 5.1515653, 48.6204499 ], [ 5.1535785, 48.6205242 ], [ 5.1561141, 48.6209606 ], [ 5.1578648, 48.6209883 ], [ 5.162714, 48.6215077 ], [ 5.1635371, 48.6215558 ], [ 5.1646116, 48.6213473 ], [ 5.165473, 48.6213343 ], [ 5.1658229, 48.6214926 ], [ 5.1661077, 48.621815 ], [ 5.1664508, 48.623415799999989 ], [ 5.1668106, 48.6241382 ], [ 5.1667644, 48.6245313 ], [ 5.1678779, 48.6238533 ], [ 5.1681849, 48.6235642 ], [ 5.1682738, 48.6233512 ], [ 5.1686967, 48.6233381 ], [ 5.1700973, 48.6238893 ], [ 5.1716335, 48.6238829 ], [ 5.1728045, 48.6237095 ], [ 5.1729303, 48.6242876 ], [ 5.1732999, 48.624396 ], [ 5.1745555, 48.6231889 ], [ 5.1741715, 48.6227991 ], [ 5.1706032, 48.6207712 ], [ 5.1696015, 48.621296 ], [ 5.1667281, 48.6204422 ], [ 5.1661172, 48.6197164 ], [ 5.1652977, 48.6194604 ], [ 5.1652828, 48.6191997 ], [ 5.1656614, 48.6186385 ], [ 5.1657033, 48.618339 ], [ 5.1660718, 48.6177339 ], [ 5.1669771, 48.6157027 ], [ 5.1601001, 48.6136518 ], [ 5.1583674, 48.6125081 ], [ 5.1573642, 48.6121033 ], [ 5.1564784, 48.6119142 ], [ 5.1577519, 48.6104478 ], [ 5.1588339, 48.6109213 ], [ 5.1595208, 48.6102357 ], [ 5.1635464, 48.6119299 ], [ 5.1680065, 48.6073325 ], [ 5.1698461, 48.6094847 ], [ 5.1702618, 48.6098541 ], [ 5.1711391, 48.6088582 ], [ 5.1718558, 48.6090917 ], [ 5.172092, 48.6093222 ], [ 5.1721226, 48.6088826 ], [ 5.1727543, 48.6077885 ], [ 5.17373, 48.6066477 ], [ 5.174498, 48.6053064 ], [ 5.1744676, 48.6042478 ], [ 5.17687, 48.6040392 ], [ 5.1760833, 48.6036531 ], [ 5.1798001, 48.5999506 ], [ 5.1807793, 48.5993549 ], [ 5.1834527, 48.5992087 ], [ 5.183315, 48.5998763 ], [ 5.1841005, 48.6002326 ], [ 5.1850736, 48.6003065 ], [ 5.1861647, 48.6002802 ], [ 5.1865698, 48.6007551 ], [ 5.1878273, 48.6027945 ], [ 5.1880834, 48.6033702 ], [ 5.188848, 48.6039734 ], [ 5.1901659, 48.6052468 ], [ 5.1904272, 48.605817 ], [ 5.1912621, 48.6068976 ], [ 5.1916337, 48.6077997 ], [ 5.1919021, 48.6079558 ], [ 5.1919858, 48.607654599999989 ], [ 5.1918057, 48.6064629 ], [ 5.1913227, 48.6059472 ], [ 5.190583, 48.6048054 ], [ 5.1901312, 48.603477399999989 ], [ 5.1899013, 48.6017773 ], [ 5.1896524, 48.6013409 ], [ 5.1881965, 48.599843299999989 ], [ 5.1873769, 48.5993869 ], [ 5.1865693, 48.598761 ], [ 5.1875239, 48.5949163 ], [ 5.1869031, 48.594116 ], [ 5.1848879, 48.5940361 ], [ 5.1786156, 48.595482 ], [ 5.1767504, 48.5946027 ], [ 5.1749847, 48.5930818 ], [ 5.1766878, 48.5920537 ], [ 5.1784765, 48.5907998 ], [ 5.1783588, 48.5903511 ], [ 5.1787378, 48.5895505 ], [ 5.1783768, 48.5889596 ], [ 5.177956, 48.5886586 ], [ 5.1765831, 48.5878361 ], [ 5.175211, 48.5872952 ], [ 5.1745571, 48.586706 ], [ 5.1743091, 48.5862867 ], [ 5.1742932, 48.5841372 ], [ 5.17674, 48.583225899999988 ], [ 5.1776434, 48.5831634 ], [ 5.1785054, 48.582821 ], [ 5.18105, 48.5814588 ], [ 5.1818253, 48.5807652 ], [ 5.1819975, 48.5804371 ], [ 5.1818073, 48.5794526 ], [ 5.1820439, 48.5788174 ], [ 5.1830368, 48.577129 ], [ 5.1849658, 48.5746063 ], [ 5.1840641, 48.5726575 ], [ 5.1839473, 48.5715789 ], [ 5.183529, 48.570945 ], [ 5.1826882, 48.5701946 ], [ 5.1811629, 48.569644 ], [ 5.1798559, 48.5693548 ], [ 5.176579, 48.5689072 ], [ 5.1752736, 48.5688159 ], [ 5.1747496, 48.5688669 ], [ 5.1740525, 48.5690596 ], [ 5.1733986, 48.5694108 ], [ 5.1688352, 48.5686393 ], [ 5.1647061, 48.5685984 ], [ 5.1612372, 48.5681269 ], [ 5.1614792, 48.5674512 ], [ 5.1617265, 48.567103 ], [ 5.1631827, 48.5656907 ], [ 5.1645715, 48.5655367 ], [ 5.1650733, 48.565344 ], [ 5.1671558, 48.5650154 ], [ 5.1680141, 48.5645903 ], [ 5.169052, 48.5637561 ], [ 5.1702063, 48.5625589 ], [ 5.1707594, 48.5615113 ], [ 5.1716926, 48.55897 ], [ 5.1726316, 48.5575536 ], [ 5.1731064, 48.5563183 ], [ 5.1737544, 48.5557629 ], [ 5.174682, 48.5553815 ], [ 5.1782337, 48.5546668 ], [ 5.1792309, 48.5543273 ], [ 5.180811, 48.5534713 ], [ 5.18181, 48.5531776 ], [ 5.1836247, 48.5529085 ], [ 5.1850415, 48.5527844 ], [ 5.1861688, 48.5523524 ], [ 5.1868862, 48.5518407 ], [ 5.1872581, 48.5512021 ], [ 5.1871637, 48.5497199 ], [ 5.1874137, 48.5493455 ], [ 5.1876117, 48.5492509 ], [ 5.1879451, 48.5491521 ], [ 5.1912005, 48.5492091 ], [ 5.1917287, 48.5489717 ], [ 5.1927098, 48.5483183 ], [ 5.1950258, 48.5473082 ], [ 5.1968821, 48.5466791 ], [ 5.1972495, 48.5472311 ], [ 5.1984565, 48.548088 ], [ 5.1991227, 48.5487839 ], [ 5.2033827, 48.5509431 ], [ 5.2047802, 48.5518459 ], [ 5.205846, 48.5528844 ], [ 5.20683, 48.5545247 ], [ 5.2081982, 48.5545038 ], [ 5.2088765, 48.5546433 ], [ 5.2104969, 48.5564886 ], [ 5.2115421, 48.5569056 ], [ 5.2128694, 48.5571671 ], [ 5.2140052, 48.557577 ], [ 5.2150416, 48.5580742 ], [ 5.2156792, 48.5584385 ], [ 5.2166476, 48.5596677 ], [ 5.2176958, 48.5606336 ], [ 5.218861, 48.5601034 ], [ 5.2197655, 48.5600469 ], [ 5.2203673, 48.5599142 ], [ 5.2208844, 48.5597039 ], [ 5.2217702, 48.5588216 ], [ 5.2223672, 48.5587061 ], [ 5.226309, 48.5590445 ], [ 5.227339, 48.5592925 ], [ 5.2291174, 48.5599548 ], [ 5.2299616, 48.5605194 ], [ 5.2304156, 48.5611201 ], [ 5.2306891, 48.56178 ], [ 5.2309747, 48.5621526 ], [ 5.2328175, 48.5634949 ], [ 5.2364279, 48.5654303 ], [ 5.2371825, 48.5657032 ], [ 5.2387781, 48.5661402 ], [ 5.2388452, 48.5657439 ], [ 5.2405778, 48.5659614 ], [ 5.2472395, 48.5675474 ], [ 5.2489838, 48.5685718 ], [ 5.2500385, 48.5694508 ], [ 5.2523029, 48.5705545 ], [ 5.2528693, 48.5703548 ], [ 5.2533174, 48.5697703 ], [ 5.2535018, 48.569675 ], [ 5.2540865, 48.5698394 ], [ 5.2545023, 48.569828 ], [ 5.2548646, 48.570496 ], [ 5.2560195, 48.5705488 ], [ 5.2578468, 48.5710073 ], [ 5.2590573, 48.5714379 ], [ 5.260538, 48.5717832 ], [ 5.2639261, 48.5720184 ], [ 5.2680359, 48.5730758 ], [ 5.2694049, 48.5733116 ], [ 5.2706915, 48.5737721 ], [ 5.2722876, 48.5739603 ], [ 5.2749399, 48.5741103 ], [ 5.2758315, 48.5743128 ], [ 5.2763714, 48.5742548 ], [ 5.2765016, 48.5741614 ], [ 5.2764496, 48.5736522 ], [ 5.2775462, 48.5723002 ], [ 5.2780069, 48.5720097 ], [ 5.2806914, 48.5730274 ], [ 5.2851046, 48.5738489 ], [ 5.2893264, 48.5741025 ], [ 5.2899286, 48.5740432 ], [ 5.2956838, 48.5717176 ], [ 5.3008898, 48.5688191 ], [ 5.2990405, 48.5666932 ], [ 5.3011981, 48.5663293 ], [ 5.3020716, 48.569392 ], [ 5.3077362, 48.5694982 ], [ 5.3075837, 48.5685913 ], [ 5.3121039, 48.5634145 ], [ 5.3139581, 48.5642297 ], [ 5.3134902, 48.5667154 ], [ 5.3131673, 48.5678772 ], [ 5.3128441, 48.5684496 ], [ 5.3129191, 48.5685831 ], [ 5.3131973, 48.5687109 ], [ 5.3126069, 48.5696205 ], [ 5.314019, 48.5698144 ], [ 5.3149847, 48.5700962 ], [ 5.317508, 48.5715616 ], [ 5.3177092, 48.5715118 ], [ 5.3191126, 48.5705305 ], [ 5.3211276, 48.5696714 ], [ 5.3221952, 48.5703237 ], [ 5.3238364, 48.5697508 ], [ 5.3243855, 48.5705752 ], [ 5.3251078, 48.5713584 ], [ 5.3258896, 48.5711614 ], [ 5.3269342, 48.5707135 ], [ 5.3270927, 48.5708615 ], [ 5.3273266, 48.5713951 ], [ 5.3277973, 48.5713382 ], [ 5.328997, 48.5709935 ], [ 5.3294215, 48.571544 ], [ 5.3268318, 48.5722246 ], [ 5.327115, 48.5727078 ], [ 5.3253038, 48.5736044 ], [ 5.3237393, 48.5749606 ], [ 5.325799, 48.5751687 ], [ 5.32538, 48.5759949 ], [ 5.3252883, 48.5764638 ], [ 5.3272656, 48.5766159 ], [ 5.3286794, 48.5770283 ], [ 5.3292841, 48.5770534 ], [ 5.3303949, 48.5779702 ], [ 5.3315857, 48.5787622 ], [ 5.3306586, 48.5799656 ], [ 5.3305771, 48.5803272 ], [ 5.3305909, 48.580578 ], [ 5.3318845, 48.5818503 ], [ 5.3314139, 48.5826119 ], [ 5.3331092, 48.5839177 ], [ 5.3324473, 48.5843141 ], [ 5.3338025, 48.585263 ], [ 5.3334712, 48.585499 ], [ 5.3350229, 48.5861975 ], [ 5.3349178, 48.5864857 ], [ 5.337598, 48.5875166 ], [ 5.3382425, 48.5866994 ], [ 5.3438315, 48.5882543 ], [ 5.3444783, 48.5870069 ], [ 5.3460012, 48.5864513 ], [ 5.3464232, 48.5856079 ], [ 5.3490329, 48.5863015 ], [ 5.3499672, 48.5857809 ], [ 5.3501272, 48.5857795 ], [ 5.3511203, 48.586569 ], [ 5.3513768, 48.5864523 ], [ 5.3529232, 48.5875097 ], [ 5.3547028, 48.5855748 ], [ 5.3555334, 48.5852839 ], [ 5.3557186, 48.5850894 ], [ 5.3567416, 48.584945 ], [ 5.3576426, 48.5847111 ], [ 5.3595509, 48.5838634 ], [ 5.3612831, 48.583325 ], [ 5.3619588, 48.5832981 ], [ 5.3659355, 48.5839544 ], [ 5.3665642, 48.5841209 ], [ 5.3669301, 48.5838428 ], [ 5.3684153, 48.5839608 ], [ 5.3696279, 48.5843497 ], [ 5.3701442, 48.5841595 ], [ 5.370069, 48.584026 ], [ 5.3695823, 48.5838233 ], [ 5.368121, 48.5829128 ], [ 5.3690388, 48.5824212 ], [ 5.3700934, 48.5830365 ], [ 5.371904, 48.5817756 ], [ 5.3729702, 48.5823762 ], [ 5.3746873, 48.5806698 ], [ 5.3770987, 48.5779479 ], [ 5.3774676, 48.5774402 ], [ 5.3774473, 48.5770815 ], [ 5.3776396, 48.5768959 ], [ 5.3773338, 48.5751498 ], [ 5.3774685, 48.5742022 ], [ 5.3779424, 48.5730201 ], [ 5.3768144, 48.5711149 ], [ 5.375047, 48.5666172 ], [ 5.3745085, 48.5655066 ], [ 5.3761709, 48.5649694 ], [ 5.3770275, 48.5645428 ], [ 5.3777058, 48.5636257 ], [ 5.3781635, 48.5633439 ], [ 5.3811085, 48.5627189 ], [ 5.3813719, 48.5625777 ], [ 5.3804419, 48.561565 ], [ 5.3781527, 48.5593726 ], [ 5.3788549, 48.5588609 ], [ 5.3821048, 48.5577609 ], [ 5.3820295, 48.5574168 ], [ 5.3829678, 48.5571226 ], [ 5.382767, 48.556583 ], [ 5.3882984, 48.5550087 ], [ 5.388841, 48.55469 ], [ 5.3886115, 48.5545318 ], [ 5.3895238, 48.5519728 ], [ 5.389139, 48.5519185 ], [ 5.3892018, 48.5516607 ], [ 5.3888173, 48.551582 ], [ 5.3888964, 48.5512646 ], [ 5.3895104, 48.5512936 ], [ 5.3896794, 48.5508078 ], [ 5.3930817, 48.5510121 ], [ 5.3948902, 48.5513132 ], [ 5.4128745, 48.5503691 ], [ 5.4093861, 48.5511814 ], [ 5.404448, 48.552014 ], [ 5.4023449, 48.5524758 ], [ 5.401895, 48.5528935 ], [ 5.398302, 48.5571752 ], [ 5.3968312, 48.5606157 ], [ 5.3994603, 48.5617444 ], [ 5.4036694, 48.5628221 ], [ 5.4065323, 48.564222099999988 ], [ 5.406863, 48.5644548 ], [ 5.4090133, 48.566663 ], [ 5.4091713, 48.5666499 ], [ 5.4134582, 48.567958 ], [ 5.4148685, 48.5673425 ], [ 5.4156591, 48.5671087 ], [ 5.4176721, 48.5666241 ], [ 5.4187133, 48.5665606 ], [ 5.417523, 48.5680356 ], [ 5.4171068, 48.5700654 ], [ 5.4171178, 48.5705385 ], [ 5.4178678, 48.574507399999987 ], [ 5.4180905, 48.5746316 ], [ 5.4188437, 48.574025 ], [ 5.419203, 48.573466 ], [ 5.4191803, 48.5725917 ], [ 5.4206406, 48.5719113 ], [ 5.4211346, 48.5714792 ], [ 5.4213596, 48.5710075 ], [ 5.4216408, 48.5698454 ], [ 5.4220281, 48.5690428 ], [ 5.4227231, 48.567973 ], [ 5.4234137, 48.5670724 ], [ 5.423581, 48.5669952 ], [ 5.4254713, 48.5688421 ], [ 5.4279001, 48.5695171 ], [ 5.4282251, 48.5702088 ], [ 5.4288675, 48.5708743 ], [ 5.4291247, 48.5712731 ], [ 5.4295265, 48.5726859 ], [ 5.4301796, 48.5737831 ], [ 5.4304466, 48.574072 ], [ 5.4299301, 48.5766492 ], [ 5.4310716, 48.5788911 ], [ 5.4323193, 48.5797647 ], [ 5.4331298, 48.58019 ], [ 5.4336478, 48.5803036 ], [ 5.4346273, 48.5803375 ], [ 5.4358579, 48.5809297 ], [ 5.4361544, 48.5809461 ], [ 5.4364731, 48.5811511 ], [ 5.4386284, 48.581529 ], [ 5.4399333, 48.5818515 ], [ 5.4402486, 48.5820691 ], [ 5.4401897, 48.5824339 ], [ 5.4403514, 48.5831397 ], [ 5.4403226, 48.5835984 ], [ 5.4406929, 48.5839769 ], [ 5.4406781, 48.584096 ], [ 5.4402361, 48.5843327 ], [ 5.4392002, 48.583148 ], [ 5.4388899, 48.582951 ], [ 5.4384195, 48.5827528 ], [ 5.4381748, 48.5830899 ], [ 5.4381941, 48.5833891 ], [ 5.4387531, 48.5840923 ], [ 5.4388527, 48.5843656 ], [ 5.4392409, 48.5871097 ], [ 5.4391265, 48.5880021 ], [ 5.4396267, 48.589799 ], [ 5.4386808, 48.5902288 ], [ 5.4383608, 48.5905521 ], [ 5.4364239, 48.5919606 ], [ 5.438537, 48.5932007 ], [ 5.4361799, 48.5953764 ], [ 5.4376351, 48.5954213 ], [ 5.4399557, 48.5962782 ], [ 5.4411852, 48.597215 ], [ 5.441349, 48.5976446 ], [ 5.442292, 48.5980509 ], [ 5.4440442, 48.5989941 ], [ 5.4441196, 48.5991266 ], [ 5.4438819, 48.5996733 ], [ 5.4438963, 48.5999249 ], [ 5.4452038, 48.6005236 ], [ 5.4445572, 48.6015826 ], [ 5.4440406, 48.6019991 ], [ 5.4433647, 48.6023153 ], [ 5.4438928, 48.603046 ], [ 5.4436084, 48.6039599 ], [ 5.4427382, 48.6052899 ], [ 5.443152, 48.6053741 ], [ 5.4432709, 48.6051314 ], [ 5.4443913, 48.605732 ], [ 5.4438873, 48.6065623 ], [ 5.4455774, 48.6074464 ], [ 5.4453402, 48.6076276 ], [ 5.4433842, 48.6068021 ], [ 5.4427335, 48.6074274 ], [ 5.442391, 48.6085512 ], [ 5.442651, 48.6092659 ], [ 5.4429614, 48.6095781 ], [ 5.4428786, 48.6105085 ], [ 5.4432331, 48.6120563 ], [ 5.4431644, 48.6139854 ], [ 5.4430082, 48.6139247 ], [ 5.4413454, 48.6150838 ], [ 5.4405241, 48.6153715 ], [ 5.4405357, 48.6157366 ], [ 5.4401056, 48.6158849 ], [ 5.4389059, 48.6160346 ], [ 5.4387621, 48.6161239 ], [ 5.438147, 48.6176034 ], [ 5.435862, 48.6203608 ], [ 5.4351602, 48.6217602 ], [ 5.4302013, 48.6238008 ], [ 5.4280297, 48.6253867 ], [ 5.4275848, 48.6255407 ], [ 5.4236339, 48.6263807 ], [ 5.420405, 48.6266866 ], [ 5.4195863, 48.6268329 ], [ 5.4196671, 48.6269653 ], [ 5.4216601, 48.6279363 ], [ 5.4220098, 48.6277186 ], [ 5.4235806, 48.6288628 ], [ 5.4243213, 48.6282646 ], [ 5.4252435, 48.6288596 ], [ 5.4255468, 48.6293412 ], [ 5.4259438, 48.6302321 ], [ 5.4259225, 48.6309147 ], [ 5.4294909, 48.631129 ], [ 5.4296893, 48.6310746 ], [ 5.4299947, 48.6307822 ], [ 5.4311246, 48.6309058 ], [ 5.432036, 48.6306523 ], [ 5.4346846, 48.6315521 ], [ 5.435131, 48.6318372 ], [ 5.4358683, 48.6327446 ], [ 5.4371006, 48.6339568 ], [ 5.4369032, 48.6345881 ], [ 5.436027, 48.6360944 ], [ 5.4344021, 48.6376782 ], [ 5.4327848, 48.6395723 ], [ 5.4324805, 48.6402706 ], [ 5.4324762, 48.640996 ], [ 5.4318383, 48.6410315 ], [ 5.4322407, 48.6415092 ], [ 5.4316278, 48.6416756 ], [ 5.4306327, 48.6421774 ], [ 5.4304838, 48.6431227 ], [ 5.4318061, 48.6430273 ], [ 5.4320956, 48.6434407 ], [ 5.4309122, 48.6438374 ], [ 5.4313613, 48.6444141 ], [ 5.4318606, 48.6443742 ], [ 5.4320131, 48.6447635 ], [ 5.4335606, 48.6442819 ], [ 5.4342295, 48.6459034 ], [ 5.4346289, 48.6458493 ], [ 5.4345642, 48.6462376 ], [ 5.4376401, 48.6477226 ], [ 5.4374721, 48.647906 ], [ 5.4381189, 48.6481465 ], [ 5.4375768, 48.6486373 ], [ 5.4411094, 48.6504737 ], [ 5.4430943, 48.6519988 ], [ 5.4450266, 48.6540821 ], [ 5.4439584, 48.6547672 ], [ 5.442997, 48.6557894 ], [ 5.439868, 48.654141 ], [ 5.4395146, 48.6544263 ], [ 5.4389254, 48.6541423 ], [ 5.4364937, 48.6563204 ], [ 5.4353303, 48.6546136 ], [ 5.4336876, 48.6553023 ], [ 5.434256, 48.6562212 ], [ 5.433214, 48.656508 ], [ 5.4329831, 48.655925 ], [ 5.4324596, 48.6560293 ], [ 5.4320419, 48.6552837 ], [ 5.4288571, 48.6561415 ], [ 5.4288961, 48.6568048 ], [ 5.4253649, 48.6573708 ], [ 5.4258449, 48.6585228 ], [ 5.4249065, 48.6588794 ], [ 5.4250408, 48.6592582 ], [ 5.423017, 48.6597592 ], [ 5.4204674, 48.6596149 ], [ 5.4179855, 48.6593494 ], [ 5.4179121, 48.6591412 ], [ 5.4171293, 48.6591913 ], [ 5.4173898, 48.6605376 ], [ 5.419074, 48.6621764 ], [ 5.4188623, 48.6622689 ], [ 5.4183363, 48.6621455 ], [ 5.4190084, 48.6633134 ], [ 5.4200885, 48.6644604 ], [ 5.4218151, 48.6657212 ], [ 5.4226443, 48.6668742 ], [ 5.4198704, 48.6666462 ], [ 5.4193719, 48.6675301 ], [ 5.4195476, 48.6688314 ], [ 5.4205599, 48.6701534 ], [ 5.4197773, 48.6704771 ], [ 5.4204655, 48.671696 ], [ 5.4198904, 48.671716599999989 ], [ 5.4197635, 48.6728792 ], [ 5.4200863, 48.672896 ], [ 5.4200032, 48.6733612 ], [ 5.4223602, 48.6730298 ], [ 5.4229031, 48.6730161 ], [ 5.4232994, 48.6732708 ], [ 5.4226183, 48.6737319 ], [ 5.422868, 48.6739293 ], [ 5.4237424, 48.6750885 ], [ 5.4248156, 48.6773092 ], [ 5.425268, 48.6778355 ], [ 5.4253269, 48.6781078 ], [ 5.425177, 48.6785392 ], [ 5.4262941, 48.6794776 ], [ 5.4268418, 48.6798291 ], [ 5.4285372, 48.6816906 ], [ 5.4269013, 48.6821073 ], [ 5.4256053, 48.6828194 ], [ 5.4260472, 48.6839955 ], [ 5.4271066, 48.6857386 ], [ 5.431398, 48.6904871 ], [ 5.4311487, 48.6906506 ], [ 5.4299973, 48.6909116 ], [ 5.4353799, 48.6945885 ], [ 5.4359012, 48.6942836 ], [ 5.4389108, 48.697314 ], [ 5.4424368, 48.6954484 ], [ 5.4431498, 48.6961033 ], [ 5.4461061, 48.6959806 ], [ 5.4464507, 48.6958485 ], [ 5.4470718, 48.6960787 ], [ 5.447866, 48.6969569 ], [ 5.4484919, 48.6967379 ], [ 5.4490387, 48.6971497 ], [ 5.4497882, 48.6964935 ], [ 5.4519946, 48.6978583 ], [ 5.4534516, 48.697157 ], [ 5.4560823, 48.6997386 ], [ 5.4569194, 48.6999625 ], [ 5.458313, 48.7012953 ], [ 5.4591915, 48.7018784 ], [ 5.4600115, 48.7023735 ], [ 5.4613315, 48.7028907 ], [ 5.459548, 48.7051484 ], [ 5.4586524, 48.7056762 ], [ 5.4576532, 48.7086555 ], [ 5.4668292, 48.7163049 ], [ 5.4680934, 48.7175017 ], [ 5.4713942, 48.7203246 ], [ 5.4801652, 48.7256597 ], [ 5.4825968, 48.7288577 ], [ 5.4833952, 48.729228 ], [ 5.4892272, 48.7302691 ], [ 5.4887397, 48.7311134 ], [ 5.4884335, 48.7326235 ], [ 5.488251, 48.7330188 ], [ 5.4896571, 48.7333521 ], [ 5.4884359, 48.7357865 ], [ 5.4881225, 48.7371167 ], [ 5.4878391, 48.7372234 ], [ 5.4874359, 48.737212 ], [ 5.4874663, 48.7377063 ], [ 5.4871751, 48.7388759 ], [ 5.4839505, 48.7369553 ], [ 5.4801267, 48.733412 ], [ 5.4788482, 48.7323848 ], [ 5.4767834, 48.7309258 ], [ 5.4747775, 48.7297877 ], [ 5.4731742, 48.7285917 ], [ 5.4717757, 48.7293064 ], [ 5.4721277, 48.729701299999988 ], [ 5.4736906, 48.7308487 ], [ 5.475676, 48.7320997 ], [ 5.4753207, 48.7330132 ], [ 5.4713959, 48.7324323 ], [ 5.4707542, 48.7336181 ], [ 5.4733997, 48.7345864 ], [ 5.4761156, 48.7357755 ], [ 5.4784334, 48.7373453 ], [ 5.4809662, 48.7394281 ], [ 5.4838736, 48.7416298 ], [ 5.4853636, 48.7432644 ], [ 5.4831056, 48.7421605 ], [ 5.4805583, 48.7411508 ], [ 5.4763628, 48.7400699 ], [ 5.4740239, 48.7387749 ], [ 5.472181, 48.7375515 ], [ 5.4681615, 48.7479245 ], [ 5.467455, 48.7468539 ], [ 5.4667687, 48.7469293 ], [ 5.4674064, 48.748732 ], [ 5.4667117, 48.7498405 ], [ 5.4658982, 48.7508526 ], [ 5.4678171, 48.7531012 ], [ 5.4688629, 48.755187 ], [ 5.4640792, 48.7548386 ], [ 5.4604082, 48.7539884 ], [ 5.4580459, 48.7531237 ], [ 5.4569086, 48.7528718 ], [ 5.455503, 48.7521521 ], [ 5.4537705, 48.751655 ], [ 5.4534047, 48.7514879 ], [ 5.4529323, 48.7512232 ], [ 5.4505146, 48.7494633 ], [ 5.4487377, 48.7487133 ], [ 5.4458837, 48.7469604 ], [ 5.4452442, 48.7466991 ], [ 5.4445827, 48.7465776 ], [ 5.4453374, 48.7468573 ], [ 5.4463081, 48.7475672 ], [ 5.4469647, 48.7484815 ], [ 5.4477215, 48.7491543 ], [ 5.4483431, 48.7503393 ], [ 5.449011, 48.750798 ], [ 5.4510368, 48.7526731 ], [ 5.4514614, 48.7535417 ], [ 5.4517732, 48.7539528 ], [ 5.4539192, 48.7561205 ], [ 5.4494866, 48.7573084 ], [ 5.4477268, 48.7585242 ], [ 5.4478168, 48.7591675 ], [ 5.448381, 48.7610681 ], [ 5.44853, 48.7631995 ], [ 5.4480752, 48.7646179 ], [ 5.4475299, 48.7658484 ], [ 5.4470722, 48.7661016 ], [ 5.4447509, 48.7669635 ], [ 5.4455059, 48.7674168 ], [ 5.4443141, 48.7675465 ], [ 5.4440697, 48.7676766 ], [ 5.4438626, 48.7675845 ], [ 5.4419036, 48.7672314 ], [ 5.4384975, 48.7670185 ], [ 5.4364632, 48.7669754 ], [ 5.434311, 48.767031 ], [ 5.4324353, 48.7671763 ], [ 5.4331209, 48.766496499999988 ], [ 5.4281925, 48.7656277 ], [ 5.4227947, 48.7636461 ], [ 5.421049, 48.7650088 ], [ 5.4177661, 48.7607211 ], [ 5.4136337, 48.7573017 ], [ 5.4122305, 48.7596543 ], [ 5.4090777, 48.7589297 ], [ 5.4084473, 48.758865 ], [ 5.4074923, 48.7589626 ], [ 5.4073438, 48.7583411 ], [ 5.4064658, 48.7582472 ], [ 5.4066016, 48.7573861 ], [ 5.4049355, 48.7570228 ], [ 5.4014828, 48.7557201 ], [ 5.4012356, 48.7559986 ], [ 5.3989914, 48.7550476 ], [ 5.3974384, 48.7544795 ], [ 5.3979064, 48.7540031 ], [ 5.3965265, 48.7535288 ], [ 5.396193, 48.7539719 ], [ 5.3941816, 48.7530791 ], [ 5.3918948, 48.7527083 ], [ 5.3922775, 48.7506671 ], [ 5.3916759, 48.750842 ], [ 5.3894913, 48.7504727 ], [ 5.3887575, 48.7501959 ], [ 5.3882991, 48.750556 ], [ 5.3862809, 48.7493024 ], [ 5.3859618, 48.7495553 ], [ 5.3853733, 48.7493601 ], [ 5.3851265, 48.7496773 ], [ 5.384447, 48.7496954 ], [ 5.3841256, 48.7500185 ], [ 5.3837858, 48.7500271 ], [ 5.3822553, 48.7494368 ], [ 5.3819135, 48.7494004 ], [ 5.38173, 48.7496434 ], [ 5.3811154, 48.7494739 ], [ 5.3809566, 48.7497812 ], [ 5.3800974, 48.7492927 ], [ 5.3799605, 48.7497201 ], [ 5.3789729, 48.7502941 ], [ 5.3785054, 48.7499786 ], [ 5.3777144, 48.7508662 ], [ 5.3772346, 48.7507885 ], [ 5.3772203, 48.7505639 ], [ 5.3770144, 48.7505239 ], [ 5.3742621, 48.7511338 ], [ 5.3729744, 48.7512125 ], [ 5.3718851, 48.7514384 ], [ 5.3691038, 48.752488799999988 ], [ 5.3672696, 48.7526404 ], [ 5.3664124, 48.752284 ], [ 5.3653493, 48.7522466 ], [ 5.3639454, 48.751865 ], [ 5.3625246, 48.750687299999989 ], [ 5.3616123, 48.7501034 ], [ 5.3609524, 48.7498636 ], [ 5.3594792, 48.7485799 ], [ 5.3588092, 48.7482656 ], [ 5.356695, 48.7475777 ], [ 5.3555507, 48.7470361 ], [ 5.3530036, 48.7441691 ], [ 5.3511877, 48.7422748 ], [ 5.3505647, 48.740797 ], [ 5.346742, 48.7405285 ], [ 5.3465167, 48.7384508 ], [ 5.3459257, 48.736562 ], [ 5.3450504, 48.7367007 ] ] ] ] } },
{ "type": "Feature", "properties": { "code_departement": 55.0, "code_rne": "0550016U", "multisecteur": 0.0 }, "geometry": { "type": "MultiPolygon", "coordinates": [ [ [ [ 5.4288591, 49.5902366 ], [ 5.4311347, 49.592526 ], [ 5.4303842, 49.5937044 ], [ 5.4284327, 49.5960738 ], [ 5.4272122, 49.5970548 ], [ 5.4256614, 49.5978995 ], [ 5.4250791, 49.5983391 ], [ 5.4243955, 49.5985091 ], [ 5.4230283, 49.5990813 ], [ 5.4182376, 49.5998043 ], [ 5.4179736, 49.6004245 ], [ 5.4173922, 49.6012974 ], [ 5.4166278, 49.6019257 ], [ 5.4133929, 49.6060565 ], [ 5.411184, 49.6082734 ], [ 5.4083615, 49.6093003 ], [ 5.4048979, 49.6099075 ], [ 5.4022549, 49.6098968 ], [ 5.400611, 49.6111026 ], [ 5.4000781, 49.6123107 ], [ 5.3994413, 49.6130721 ], [ 5.3981126, 49.6151347 ], [ 5.3980733, 49.6158331 ], [ 5.3979717, 49.6158801 ], [ 5.3974668, 49.6159719 ], [ 5.3970665, 49.6159618 ], [ 5.396573, 49.6161792 ], [ 5.3962771, 49.6161257 ], [ 5.3961345, 49.616213 ], [ 5.3958114, 49.6162275 ], [ 5.3957751, 49.6163388 ], [ 5.395954, 49.6164063 ], [ 5.3959158, 49.6165068 ], [ 5.3957104, 49.6165828 ], [ 5.3953707, 49.6165077 ], [ 5.3951506, 49.6168024 ], [ 5.394963, 49.6168439 ], [ 5.3947966, 49.616777 ], [ 5.3942451, 49.6167906 ], [ 5.393895, 49.6165826 ], [ 5.3934457, 49.6165016 ], [ 5.3924019, 49.6165212 ], [ 5.3913387, 49.6162437 ], [ 5.3903957, 49.615811799999989 ], [ 5.3895697, 49.615072 ], [ 5.3889493, 49.6147344 ], [ 5.3887405, 49.6144688 ], [ 5.3883747, 49.6142495 ], [ 5.3886329, 49.612841 ], [ 5.3888092, 49.6124087 ], [ 5.3885707, 49.6119225 ], [ 5.3887624, 49.6118198 ], [ 5.3888017, 49.6115637 ], [ 5.3886254, 49.6113146 ], [ 5.3886073, 49.61054 ], [ 5.388085, 49.6098697 ], [ 5.3876998, 49.6095311 ], [ 5.3876127, 49.6092946 ], [ 5.3873376, 49.6092101 ], [ 5.387105, 49.6089674 ], [ 5.3867204, 49.6087889 ], [ 5.3857116, 49.6085758 ], [ 5.3843268, 49.6073884 ], [ 5.3836877, 49.6071214 ], [ 5.3829329, 49.606657 ], [ 5.3814488, 49.6053213 ], [ 5.3814044, 49.6051406 ], [ 5.3815679, 49.6049971 ], [ 5.3808736, 49.603420299999989 ], [ 5.3808982, 49.6021028 ], [ 5.3825756, 49.6015853 ], [ 5.3818804, 49.6013876 ], [ 5.3796238, 49.6012287 ], [ 5.3804443, 49.6003702 ], [ 5.3811549, 49.5997944 ], [ 5.3805604, 49.599414 ], [ 5.3808483, 49.5991486 ], [ 5.3802091, 49.598580299999988 ], [ 5.379515, 49.5977209 ], [ 5.380043, 49.5974445 ], [ 5.3808414, 49.5973614 ], [ 5.3806043, 49.596841 ], [ 5.3799717, 49.5959669 ], [ 5.3794161, 49.5947533 ], [ 5.3788371, 49.5942855 ], [ 5.3788221, 49.5940223 ], [ 5.3779124, 49.5932553 ], [ 5.3776304, 49.5931673 ], [ 5.3773252, 49.5927013 ], [ 5.3768325, 49.5925446 ], [ 5.3767675, 49.5923355 ], [ 5.3761427, 49.5919827 ], [ 5.3753514, 49.5917707 ], [ 5.3746555, 49.5917043 ], [ 5.3732651, 49.5918439 ], [ 5.3724303, 49.5920652 ], [ 5.3721019, 49.5920527 ], [ 5.3716721, 49.5917896 ], [ 5.3713262, 49.5912182 ], [ 5.3704887, 49.5916509 ], [ 5.3689229, 49.5917956 ], [ 5.3685823, 49.591938 ], [ 5.368299, 49.5925405 ], [ 5.3677735, 49.5924222 ], [ 5.3677317, 49.5925965 ], [ 5.3674711, 49.5925827 ], [ 5.3674856, 49.5929564 ], [ 5.366727, 49.5930018 ], [ 5.3664624, 49.5923335 ], [ 5.3653451, 49.5919768 ], [ 5.3651568, 49.5921513 ], [ 5.3654725, 49.5923699 ], [ 5.3650812, 49.5927632 ], [ 5.3632098, 49.5923088 ], [ 5.3616548, 49.5921484 ], [ 5.3612637, 49.5917641 ], [ 5.3595815, 49.5905821 ], [ 5.3592773, 49.590553 ], [ 5.358633, 49.5901951 ], [ 5.3570286, 49.5892274 ], [ 5.3569488, 49.589086 ], [ 5.3540908, 49.5884357 ], [ 5.3519784, 49.5883912 ], [ 5.3496764, 49.589066 ], [ 5.3480615, 49.5896798 ], [ 5.3474031, 49.5897978 ], [ 5.3463152, 49.5902323 ], [ 5.3455184, 49.5906514 ], [ 5.344827, 49.5911377 ], [ 5.3442828, 49.5921524 ], [ 5.3441369, 49.5929239 ], [ 5.344207, 49.5935492 ], [ 5.3435922, 49.5945329 ], [ 5.3431488, 49.5949397 ], [ 5.3424528, 49.5951456 ], [ 5.3415199, 49.5951591 ], [ 5.3408719, 49.5950223 ], [ 5.3407312, 49.59482 ], [ 5.3399327, 49.5917158 ], [ 5.3393539, 49.5908503 ], [ 5.3362884, 49.5885251 ], [ 5.3342548, 49.5865935 ], [ 5.3335662, 49.5860466 ], [ 5.3339425, 49.585838 ], [ 5.3321312, 49.5844424 ], [ 5.3324304, 49.5842407 ], [ 5.3318901, 49.5834266 ], [ 5.3308455, 49.581983 ], [ 5.3293001, 49.580318 ], [ 5.3288251, 49.579571 ], [ 5.328556, 49.5794305 ], [ 5.3279101, 49.5793045 ], [ 5.327307, 49.5790238 ], [ 5.3229013, 49.57675 ], [ 5.3215322, 49.5754887 ], [ 5.3208173, 49.5750897 ], [ 5.3190609, 49.5743411 ], [ 5.3184137, 49.574215 ], [ 5.318126, 49.5731111 ], [ 5.3176817, 49.569117 ], [ 5.3172964, 49.5681471 ], [ 5.316271, 49.5668657 ], [ 5.3141656, 49.5653909 ], [ 5.3106432, 49.5636339 ], [ 5.3085469, 49.5626929 ], [ 5.3111743, 49.5603539 ], [ 5.3125008, 49.5593945 ], [ 5.3094374, 49.5581213 ], [ 5.3054119, 49.5572097 ], [ 5.3019888, 49.5562894 ], [ 5.3005706, 49.5559764 ], [ 5.2986299, 49.5558451 ], [ 5.2970123, 49.5556437 ], [ 5.2926514, 49.5548865 ], [ 5.2915059, 49.5547984 ], [ 5.2905981, 49.5543975 ], [ 5.2893894, 49.5541011 ], [ 5.2882992, 49.5540426 ], [ 5.2868775, 49.5536774 ], [ 5.2850997, 49.5533836 ], [ 5.2830344, 49.552002 ], [ 5.2817954, 49.550273 ], [ 5.2809934, 49.5478957 ], [ 5.2797674, 49.5460819 ], [ 5.2787284, 49.5451493 ], [ 5.2773604, 49.5441816 ], [ 5.2757856, 49.5425982 ], [ 5.2751569, 49.5421604 ], [ 5.274536, 49.541398 ], [ 5.273051, 49.5392186 ], [ 5.2723197, 49.5371159 ], [ 5.2723541, 49.5368931 ], [ 5.2718731, 49.5351085 ], [ 5.2719311, 49.5348566 ], [ 5.2748157, 49.5347351 ], [ 5.2747077, 49.53423 ], [ 5.2753526, 49.5336641 ], [ 5.2756168, 49.5324256 ], [ 5.2754253, 49.5322494 ], [ 5.2754329, 49.5320155 ], [ 5.2749261, 49.5316447 ], [ 5.2741055, 49.5317356 ], [ 5.2735812, 49.5315314 ], [ 5.2734684, 49.5312314 ], [ 5.273674, 49.5308823 ], [ 5.2747285, 49.53052 ], [ 5.274393, 49.5303366 ], [ 5.2742298, 49.530051099999987 ], [ 5.2742127, 49.5295713 ], [ 5.2744499, 49.5289384 ], [ 5.2744402, 49.5286562 ], [ 5.2741875, 49.5284407 ], [ 5.2732307, 49.5283247 ], [ 5.2731416, 49.5281825 ], [ 5.2732026, 49.5270961 ], [ 5.2739253, 49.5257915 ], [ 5.2742902, 49.5247993 ], [ 5.2748532, 49.5243517 ], [ 5.2748254, 49.5241293 ], [ 5.2744655, 49.5237045 ], [ 5.2741788, 49.5228449 ], [ 5.2747576, 49.5227532 ], [ 5.2741575, 49.5211137 ], [ 5.2745441, 49.5195825 ], [ 5.2746321, 49.5177332 ], [ 5.2754431, 49.5162434 ], [ 5.2760218, 49.5138149 ], [ 5.276565, 49.5128894 ], [ 5.2795675, 49.5091359 ], [ 5.2807179, 49.5073349 ], [ 5.2812482, 49.5069015 ], [ 5.2789817, 49.5042683 ], [ 5.2778589, 49.5037922 ], [ 5.2742241, 49.5024264 ], [ 5.2709871, 49.5016248 ], [ 5.2692082, 49.501294 ], [ 5.267412, 49.5006965 ], [ 5.2626152, 49.4994536 ], [ 5.2630642, 49.4990218 ], [ 5.2623274, 49.4989681 ], [ 5.2658998, 49.4967695 ], [ 5.2641124, 49.495457 ], [ 5.2649459, 49.4948884 ], [ 5.26645, 49.4934667 ], [ 5.2646723, 49.492813 ], [ 5.2652347, 49.492263 ], [ 5.2659529, 49.4925553 ], [ 5.2661513, 49.4913558 ], [ 5.26492, 49.4895688 ], [ 5.2656038, 49.4893313 ], [ 5.2637915, 49.4868827 ], [ 5.2726996, 49.4846794 ], [ 5.2787351, 49.4827255 ], [ 5.2830804, 49.4810055 ], [ 5.2862523, 49.4791267 ], [ 5.2863587, 49.4786949 ], [ 5.2870531, 49.4784535 ], [ 5.288127, 49.4776554 ], [ 5.288981, 49.4771538 ], [ 5.290061, 49.4759672 ], [ 5.2944358, 49.4734738 ], [ 5.298021, 49.4716642 ], [ 5.3006508, 49.4700587 ], [ 5.3004293, 49.4694236 ], [ 5.2998037, 49.4683934 ], [ 5.2991973, 49.4676964 ], [ 5.2988171, 49.4668467 ], [ 5.2981995, 49.4663009 ], [ 5.2978716, 49.4658791 ], [ 5.2975289, 49.4648462 ], [ 5.2969387, 49.4639259 ], [ 5.2956339, 49.4624463 ], [ 5.2953685, 49.4616313 ], [ 5.2958071, 49.4601142 ], [ 5.2963801, 49.459290499999987 ], [ 5.2974564, 49.4583098 ], [ 5.2977338, 49.4579116 ], [ 5.2978006, 49.4573376 ], [ 5.2961929, 49.4537966 ], [ 5.2958305, 49.4519512 ], [ 5.2952704, 49.4506805 ], [ 5.2945162, 49.447777 ], [ 5.2932841, 49.445071299999988 ], [ 5.2894968, 49.4403495 ], [ 5.2886983, 49.4391354 ], [ 5.2891253, 49.4387533 ], [ 5.2900611, 49.4387437 ], [ 5.2912901, 49.4385361 ], [ 5.2935414, 49.4381257 ], [ 5.294788, 49.4377577 ], [ 5.2955666, 49.4372834 ], [ 5.2964622, 49.4364356 ], [ 5.2979482, 49.4359317 ], [ 5.3005919, 49.4358833 ], [ 5.2995585, 49.4339239 ], [ 5.2984607, 49.4315367 ], [ 5.298367, 49.4310142 ], [ 5.2992898, 49.4300355 ], [ 5.3007191, 49.429351 ], [ 5.3024193, 49.4282172 ], [ 5.3027547, 49.4271156 ], [ 5.3035471, 49.4263083 ], [ 5.3043481, 49.4248624 ], [ 5.3042894, 49.4243519 ], [ 5.3045125, 49.4237632 ], [ 5.3048267, 49.4222519 ], [ 5.30563, 49.4216593 ], [ 5.3061822, 49.4193082 ], [ 5.3064935, 49.4187169 ], [ 5.3072763, 49.4179781 ], [ 5.3081452, 49.4174984 ], [ 5.3103935, 49.4167667 ], [ 5.3124569, 49.4158182 ], [ 5.3169268, 49.4156994 ], [ 5.3186556, 49.4155566 ], [ 5.3203079, 49.4148154 ], [ 5.3227487, 49.4132247 ], [ 5.3235147, 49.4133116 ], [ 5.3254705, 49.4132524 ], [ 5.3265458, 49.4132902 ], [ 5.3276895, 49.4131639 ], [ 5.3289125, 49.41284 ], [ 5.3296251, 49.4125053 ], [ 5.3310932, 49.4120876 ], [ 5.3319533, 49.4116637 ], [ 5.3338438, 49.4111399 ], [ 5.3345843, 49.4114214 ], [ 5.3350574, 49.4112477 ], [ 5.3350947, 49.4111292 ], [ 5.3359573, 49.4109426 ], [ 5.3363235, 49.4111181 ], [ 5.3365957, 49.4110409 ], [ 5.3372774, 49.4112435 ], [ 5.3393174, 49.4112203 ], [ 5.3396411, 49.4111268 ], [ 5.3419483, 49.4114023 ], [ 5.3427555, 49.4113939 ], [ 5.3437581, 49.411771 ], [ 5.344374, 49.4116772 ], [ 5.3444347, 49.4115268 ], [ 5.3446493, 49.411519 ], [ 5.3446722, 49.411113899999989 ], [ 5.3447971, 49.4110423 ], [ 5.3450612, 49.4112728 ], [ 5.3453556, 49.4112617 ], [ 5.3466568, 49.4115071 ], [ 5.3548489, 49.4122373 ], [ 5.35629, 49.4124367 ], [ 5.3568609, 49.4111802 ], [ 5.3570213, 49.4111015 ], [ 5.3570776, 49.4106445 ], [ 5.357304, 49.4104719 ], [ 5.3573753, 49.4100731 ], [ 5.3578506, 49.4094973 ], [ 5.3578164, 49.409141 ], [ 5.3580826, 49.4088453 ], [ 5.3581866, 49.4083775 ], [ 5.3584895, 49.4081306 ], [ 5.3589139, 49.4074974 ], [ 5.3591779, 49.4073339 ], [ 5.3593742, 49.4070469 ], [ 5.3597548, 49.4068722 ], [ 5.3598637, 49.4065131 ], [ 5.360301, 49.4063112 ], [ 5.3603645, 49.405381 ], [ 5.3626736, 49.4044403 ], [ 5.36422, 49.4041179 ], [ 5.3662256, 49.4040103 ], [ 5.3697215, 49.4039796 ], [ 5.3713617, 49.4037497 ], [ 5.3735984, 49.402856899999989 ], [ 5.3748101, 49.402748599999988 ], [ 5.3753961, 49.4025464 ], [ 5.3759918, 49.402497 ], [ 5.3764564, 49.4023224 ], [ 5.3769399, 49.4022589 ], [ 5.3775873, 49.4022849 ], [ 5.3778286, 49.402228 ], [ 5.3802112, 49.4037233 ], [ 5.3821581, 49.4024971 ], [ 5.3846074, 49.4034056 ], [ 5.3879242, 49.4040587 ], [ 5.3876767, 49.4042201 ], [ 5.3876116, 49.4044497 ], [ 5.3876554, 49.4048005 ], [ 5.3879529, 49.4054511 ], [ 5.3879319, 49.4056529 ], [ 5.3905034, 49.4066632 ], [ 5.392622, 49.4081878 ], [ 5.3944658, 49.4099354 ], [ 5.3966236, 49.4112587 ], [ 5.3969974, 49.4109986 ], [ 5.4029158, 49.4143774 ], [ 5.4043831, 49.4151036 ], [ 5.406342, 49.4158776 ], [ 5.4078411, 49.4162506 ], [ 5.4153788, 49.4204743 ], [ 5.4166427, 49.4210579 ], [ 5.4172279, 49.4214553 ], [ 5.429627, 49.4283155 ], [ 5.4338669, 49.4265182 ], [ 5.4405625, 49.4238933 ], [ 5.4445608, 49.4231777 ], [ 5.4447309, 49.4230736 ], [ 5.4447567, 49.4229184 ], [ 5.4450217, 49.4230425 ], [ 5.4460056, 49.4231791 ], [ 5.4465566, 49.4231419 ], [ 5.4491351, 49.4226347 ], [ 5.450726, 49.4225486 ], [ 5.4538187, 49.4225911 ], [ 5.4535463, 49.4220831 ], [ 5.452218, 49.4183035 ], [ 5.4508901, 49.4159762 ], [ 5.4502597, 49.4151239 ], [ 5.4503057, 49.4139764 ], [ 5.4505681, 49.4132058 ], [ 5.4512282, 49.4127401 ], [ 5.4517679, 49.412525 ], [ 5.4523056, 49.4124143 ], [ 5.4544749, 49.4127022 ], [ 5.4603505, 49.4135396 ], [ 5.4628226, 49.4141925 ], [ 5.463352, 49.4143967 ], [ 5.4639953, 49.4148782 ], [ 5.4644384, 49.4156111 ], [ 5.4678856, 49.4181136 ], [ 5.4694406, 49.4209622 ], [ 5.468957, 49.4213138 ], [ 5.4681885, 49.4221046 ], [ 5.4678715, 49.4227666 ], [ 5.4672399, 49.4231068 ], [ 5.4665122, 49.4236567 ], [ 5.4653802, 49.4247472 ], [ 5.4648074, 49.4255097 ], [ 5.4678172, 49.426523 ], [ 5.4706931, 49.4279319 ], [ 5.4712443, 49.4280708 ], [ 5.4711196, 49.4284897 ], [ 5.4731605, 49.4290425 ], [ 5.4769617, 49.4302776 ], [ 5.4769085, 49.4304613 ], [ 5.4783889, 49.4310838 ], [ 5.4783706, 49.4314772 ], [ 5.4793445, 49.4319158 ], [ 5.4801455, 49.4324309 ], [ 5.4801534, 49.4325656 ], [ 5.4799561, 49.4327063 ], [ 5.480782, 49.4335635 ], [ 5.4809545, 49.4339385 ], [ 5.4807512, 49.4342134 ], [ 5.4791728, 49.4343635 ], [ 5.4785184, 49.4346053 ], [ 5.477936, 49.4352809 ], [ 5.4777046, 49.4360877 ], [ 5.4778113, 49.4367591 ], [ 5.4797419, 49.4375613 ], [ 5.4798645, 49.4383905 ], [ 5.480581, 49.4403236 ], [ 5.4806686, 49.442427 ], [ 5.4811359, 49.44351 ], [ 5.4810602, 49.4440861 ], [ 5.4815222, 49.4444301 ], [ 5.4829386, 49.4448596 ], [ 5.4838851, 49.4447521 ], [ 5.485723, 49.4455713 ], [ 5.486571, 49.4465377 ], [ 5.4869665, 49.4468164 ], [ 5.4872259, 49.4473048 ], [ 5.4872448, 49.4479518 ], [ 5.4869081, 49.4482348 ], [ 5.4857999, 49.4486766 ], [ 5.4849567, 49.4487812 ], [ 5.4837296, 49.4484754 ], [ 5.4824767, 49.4482925 ], [ 5.4815639, 49.4477537 ], [ 5.4779883, 49.4472811 ], [ 5.4760755, 49.4475711 ], [ 5.475131, 49.4479501 ], [ 5.4734567, 49.4482379 ], [ 5.4728823, 49.4484241 ], [ 5.4719314, 49.4484129 ], [ 5.471455, 49.4487158 ], [ 5.4695866, 49.448611 ], [ 5.4689325, 49.448861699999988 ], [ 5.4676605, 49.4490855 ], [ 5.4671126, 49.4492504 ], [ 5.466534, 49.449237 ], [ 5.4657283, 49.4499233 ], [ 5.4646226, 49.4505088 ], [ 5.4639011, 49.4514569 ], [ 5.4633406, 49.4518486 ], [ 5.4630361, 49.4522874 ], [ 5.4626475, 49.4524688 ], [ 5.4615163, 49.4527247 ], [ 5.4609298, 49.4534407 ], [ 5.4609569, 49.453718 ], [ 5.461212, 49.4539188 ], [ 5.4616704, 49.453985 ], [ 5.4626226, 49.4543397 ], [ 5.4651671, 49.4545613 ], [ 5.4660546, 49.4551493 ], [ 5.4668321, 49.4559455 ], [ 5.4674079, 49.4571926 ], [ 5.4676022, 49.4578514 ], [ 5.4684903, 49.4593989 ], [ 5.4688919, 49.4597171 ], [ 5.4703573, 49.460270799999989 ], [ 5.4708272, 49.4606326 ], [ 5.4709722, 49.4609524 ], [ 5.4709059, 49.461294599999988 ], [ 5.4704796, 49.4618132 ], [ 5.4701306, 49.4625307 ], [ 5.4684074, 49.46276 ], [ 5.4660826, 49.4627561 ], [ 5.4654702, 49.4628738 ], [ 5.4653625, 49.4632177 ], [ 5.4654536, 49.4635638 ], [ 5.466604, 49.4636744 ], [ 5.4677237, 49.4641516 ], [ 5.4679522, 49.4643429 ], [ 5.4684625, 49.4650879 ], [ 5.4688054, 49.4662804 ], [ 5.4688183, 49.4668377 ], [ 5.4686449, 49.4672198 ], [ 5.4682846, 49.4675329 ], [ 5.4680132, 49.4676571 ], [ 5.4668678, 49.4678818 ], [ 5.4664145, 49.4680682 ], [ 5.4656083, 49.468492 ], [ 5.4650148, 49.468977 ], [ 5.4645935, 49.4693705 ], [ 5.4643152, 49.4698105 ], [ 5.4643707, 49.4703929 ], [ 5.4641904, 49.4707491 ], [ 5.4642419, 49.4710457 ], [ 5.4648327, 49.4710507 ], [ 5.4650079, 49.472172099999987 ], [ 5.465444, 49.4735839 ], [ 5.4660752, 49.4750368 ], [ 5.4665226, 49.4757902 ], [ 5.4673444, 49.4768408 ], [ 5.469076, 49.4783881 ], [ 5.4699022, 49.4792696 ], [ 5.4699445, 49.4799494 ], [ 5.4698366, 49.4803176 ], [ 5.4696597, 49.4805703 ], [ 5.4693349, 49.4807621 ], [ 5.4684061, 49.4810796 ], [ 5.4649456, 49.4814126 ], [ 5.4641665, 49.4816847 ], [ 5.463588, 49.4819968 ], [ 5.4650132, 49.4825335 ], [ 5.4680243, 49.4831016 ], [ 5.4703961, 49.4834606 ], [ 5.4716484, 49.4834998 ], [ 5.4725051, 49.4834059 ], [ 5.4733087, 49.4834704 ], [ 5.4738476, 49.4827086 ], [ 5.4750138, 49.4834554 ], [ 5.478523, 49.4868797 ], [ 5.4792264, 49.4879848 ], [ 5.4812937, 49.4920392 ], [ 5.4824917, 49.4937519 ], [ 5.4827433, 49.4945875 ], [ 5.4824328, 49.4945903 ], [ 5.4816904, 49.4947961 ], [ 5.4787519, 49.4959236 ], [ 5.4779913, 49.4961532 ], [ 5.4772965, 49.49626 ], [ 5.475825, 49.496291 ], [ 5.4738019, 49.4958755 ], [ 5.4722487, 49.4957867 ], [ 5.4711158, 49.4959114 ], [ 5.4706318, 49.4960948 ], [ 5.4701696, 49.4965331 ], [ 5.4700699, 49.4968715 ], [ 5.4705186, 49.4971294 ], [ 5.4705084, 49.4973193 ], [ 5.4699022, 49.4976617 ], [ 5.4679254, 49.4982972 ], [ 5.465958, 49.4987266 ], [ 5.465076, 49.4988165 ], [ 5.4649311, 49.4989912 ], [ 5.4649948, 49.4992839 ], [ 5.4660855, 49.5000602 ], [ 5.4663641, 49.5004295 ], [ 5.4663261, 49.5005579 ], [ 5.4658566, 49.5008444 ], [ 5.4649868, 49.5011319 ], [ 5.4644962, 49.50164 ], [ 5.4643882, 49.5018364 ], [ 5.464455, 49.5034302 ], [ 5.4642706, 49.5037612 ], [ 5.4643483, 49.5039979 ], [ 5.4648098, 49.5045523 ], [ 5.464556, 49.505249899999988 ], [ 5.4646977, 49.5054412 ], [ 5.4651479, 49.5056425 ], [ 5.4653127, 49.5058558 ], [ 5.4650429, 49.5063334 ], [ 5.4651155, 49.5066079 ], [ 5.465544, 49.5069643 ], [ 5.4655242, 49.5079915 ], [ 5.465919, 49.5086219 ], [ 5.465927, 49.5088465 ], [ 5.4648421, 49.5094594 ], [ 5.4633855, 49.5096373 ], [ 5.4631021, 49.5098022 ], [ 5.4617475, 49.510149 ], [ 5.461544, 49.5102547 ], [ 5.4612785, 49.5105928 ], [ 5.4615277, 49.510924 ], [ 5.4614759, 49.5111103 ], [ 5.4611023, 49.5112671 ], [ 5.4598159, 49.5114812 ], [ 5.4580906, 49.5119334 ], [ 5.4578644, 49.5122275 ], [ 5.4578861, 49.5125642 ], [ 5.4577681, 49.5126386 ], [ 5.4572032, 49.5126087 ], [ 5.4568859, 49.5127014 ], [ 5.4567777, 49.5129518 ], [ 5.4568869, 49.5131842 ], [ 5.4567068, 49.5132868 ], [ 5.4562995, 49.51326 ], [ 5.4558827, 49.512746 ], [ 5.4557646, 49.5122979 ], [ 5.4555152, 49.512280499999989 ], [ 5.4541393, 49.5126159 ], [ 5.4538934, 49.5128456 ], [ 5.4538125, 49.5133499 ], [ 5.454054, 49.5138665 ], [ 5.454357, 49.5142264 ], [ 5.4542944, 49.5144191 ], [ 5.4526128, 49.515006199999988 ], [ 5.4523136, 49.5149592 ], [ 5.4519179, 49.5147694 ], [ 5.4515514, 49.5150771 ], [ 5.4514022, 49.5154236 ], [ 5.4494097, 49.5159791 ], [ 5.4493748, 49.5160877 ], [ 5.4500251, 49.5163748 ], [ 5.450132, 49.5165588 ], [ 5.4498693, 49.516842 ], [ 5.449304, 49.517124 ], [ 5.4490116, 49.5171605 ], [ 5.4484921, 49.5169822 ], [ 5.4479237, 49.5170233 ], [ 5.4478196, 49.5170983 ], [ 5.4477969, 49.5175789 ], [ 5.4474965, 49.5179419 ], [ 5.4483618, 49.5181888 ], [ 5.4487774, 49.5184187 ], [ 5.4490807, 49.5187551 ], [ 5.4493309, 49.5187303 ], [ 5.4494517, 49.5183673 ], [ 5.4496825, 49.5183123 ], [ 5.450547, 49.519006 ], [ 5.4512082, 49.5192606 ], [ 5.4513681, 49.5191387 ], [ 5.4509714, 49.5189579 ], [ 5.4509301, 49.5187861 ], [ 5.4511081, 49.518638599999989 ], [ 5.4513146, 49.5185958 ], [ 5.4519618, 49.5187589 ], [ 5.4522702, 49.5189118 ], [ 5.452243, 49.5194708 ], [ 5.4524212, 49.5196443 ], [ 5.4528521, 49.519703 ], [ 5.4536491, 49.5195313 ], [ 5.4539353, 49.519942699999987 ], [ 5.4543074, 49.5202436 ], [ 5.4548123, 49.5199996 ], [ 5.4550563, 49.5200756 ], [ 5.4553386, 49.5204925 ], [ 5.4554859, 49.5213779 ], [ 5.4560189, 49.5217798 ], [ 5.4565553, 49.5216179 ], [ 5.4566597, 49.5216643 ], [ 5.4567657, 49.5218861 ], [ 5.4567698, 49.5224066 ], [ 5.4569178, 49.5225834 ], [ 5.457059, 49.5226768 ], [ 5.4573511, 49.5224317 ], [ 5.4576063, 49.5223663 ], [ 5.4580193, 49.5224244 ], [ 5.459126, 49.5230682 ], [ 5.4591947, 49.5232035 ], [ 5.458649, 49.5239816 ], [ 5.4587798, 49.5240877 ], [ 5.4596013, 49.5243111 ], [ 5.4600586, 49.5242848 ], [ 5.4602634, 49.5246394 ], [ 5.4607126, 49.5248766 ], [ 5.4607264, 49.5250202 ], [ 5.4603162, 49.5251355 ], [ 5.4601868, 49.5252595 ], [ 5.4602336, 49.5255463 ], [ 5.4604293, 49.5257671 ], [ 5.4611742, 49.5259471 ], [ 5.4616215, 49.525653899999988 ], [ 5.4619331, 49.5256134 ], [ 5.4636649, 49.525808499999989 ], [ 5.4643059, 49.5257244 ], [ 5.4652546, 49.5258058 ], [ 5.4658115, 49.5259536 ], [ 5.4660415, 49.5257386 ], [ 5.4663458, 49.5256892 ], [ 5.4666135, 49.5257125 ], [ 5.4670474, 49.525888 ], [ 5.4663013, 49.5289648 ], [ 5.4652951, 49.5323787 ], [ 5.4651636, 49.5338694 ], [ 5.4659609, 49.5340456 ], [ 5.4662428, 49.5362932 ], [ 5.4653386, 49.5389272 ], [ 5.4608596, 49.5410385 ], [ 5.4591264, 49.5415762 ], [ 5.456043, 49.5438434 ], [ 5.4554285, 49.5437353 ], [ 5.4549032, 49.5437603 ], [ 5.4548299, 49.5442492 ], [ 5.4517532, 49.5461717 ], [ 5.4491046, 49.5481799 ], [ 5.4472392, 49.548646399999988 ], [ 5.4471491, 49.5486122 ], [ 5.4466244, 49.5488224 ], [ 5.4452904, 49.5495686 ], [ 5.4434371, 49.5503208 ], [ 5.4427755, 49.550299 ], [ 5.4420899, 49.5509062 ], [ 5.4415984, 49.5515842 ], [ 5.4413895, 49.5522771 ], [ 5.442758, 49.5526038 ], [ 5.4449674, 49.552913599999989 ], [ 5.4466368, 49.5535516 ], [ 5.447539, 49.5542122 ], [ 5.4477724, 49.5547317 ], [ 5.4480767, 49.5565049 ], [ 5.4484164, 49.557107599999988 ], [ 5.4497744, 49.5580504 ], [ 5.4513739, 49.559881 ], [ 5.452828, 49.562080599999987 ], [ 5.45528, 49.564651 ], [ 5.4570269, 49.5669812 ], [ 5.4481705, 49.5670523 ], [ 5.4436166, 49.567599 ], [ 5.4376471, 49.5699218 ], [ 5.4360895, 49.5747965 ], [ 5.4347691, 49.5774196 ], [ 5.4330233, 49.5818646 ], [ 5.4293788, 49.5878643 ], [ 5.4288591, 49.5902366 ] ], [ [ 5.4557426, 49.4810546 ], [ 5.4547988, 49.4810297 ], [ 5.4544798, 49.4811126 ], [ 5.4538256, 49.4814873 ], [ 5.4525321, 49.4828398 ], [ 5.4509996, 49.4840452 ], [ 5.4503609, 49.4847468 ], [ 5.4451168, 49.4844985 ], [ 5.4443313, 49.4846106 ], [ 5.4428721, 49.4855922 ], [ 5.4430958, 49.4858557 ], [ 5.442523, 49.4862332 ], [ 5.4415582, 49.486669 ], [ 5.4407546, 49.4869243 ], [ 5.4404754, 49.4865946 ], [ 5.439485, 49.4869571 ], [ 5.4387473, 49.4870897 ], [ 5.4381342, 49.4859475 ], [ 5.4370078, 49.4869935 ], [ 5.4358765, 49.4862753 ], [ 5.434015, 49.4870707 ], [ 5.4336115, 49.4867992 ], [ 5.4332045, 49.4868028 ], [ 5.4329296, 49.4869432 ], [ 5.4311376, 49.4861753 ], [ 5.4301913, 49.4869155 ], [ 5.4265291, 49.4859404 ], [ 5.4261279, 49.486097699999988 ], [ 5.4265698, 49.4864234 ], [ 5.4321486, 49.4892833 ], [ 5.4354178, 49.4908415 ], [ 5.435434, 49.4912989 ], [ 5.4349658, 49.4923729 ], [ 5.4348656, 49.493463 ], [ 5.4350629, 49.4944805 ], [ 5.4347933, 49.4948518 ], [ 5.4346745, 49.4953155 ], [ 5.4347201, 49.4960762 ], [ 5.4346004, 49.4964922 ], [ 5.4341885, 49.4972396 ], [ 5.4358872, 49.4975453 ], [ 5.4366987, 49.4975974 ], [ 5.437586, 49.4980552 ], [ 5.4399779, 49.5003989 ], [ 5.4408649, 49.502477899999988 ], [ 5.4412633, 49.5029608 ], [ 5.4422327, 49.5038062 ], [ 5.4431261, 49.5031975 ], [ 5.4447058, 49.5023888 ], [ 5.4446354, 49.5014308 ], [ 5.4450933, 49.5010142 ], [ 5.447563, 49.4996471 ], [ 5.4500946, 49.4980745 ], [ 5.4524923, 49.4961575 ], [ 5.4525612, 49.4960114 ], [ 5.4523523, 49.4958861 ], [ 5.4530027, 49.495658 ], [ 5.4532094, 49.4952753 ], [ 5.4537567, 49.4948542 ], [ 5.4541671, 49.4946589 ], [ 5.4560206, 49.4941007 ], [ 5.4614749, 49.4916548 ], [ 5.4630185, 49.4906515 ], [ 5.4645161, 49.4903045 ], [ 5.4710347, 49.4868996 ], [ 5.4708117, 49.4867108 ], [ 5.4724822, 49.4857137 ], [ 5.4713761, 49.4851293 ], [ 5.4688069, 49.4870996 ], [ 5.468353, 49.4868733 ], [ 5.4654196, 49.4858585 ], [ 5.4648293, 49.4860989 ], [ 5.4650885, 49.4862932 ], [ 5.4638599, 49.4870097 ], [ 5.4627163, 49.4871966 ], [ 5.4621325, 49.487427 ], [ 5.460874, 49.48752 ], [ 5.4609239, 49.487813 ], [ 5.4601969, 49.4880238 ], [ 5.4600824, 49.4879964 ], [ 5.4587987, 49.4873032 ], [ 5.4587965, 49.487198 ], [ 5.4589247, 49.4871954 ], [ 5.4588579, 49.4870969 ], [ 5.4583653, 49.4866969 ], [ 5.4579451, 49.4865687 ], [ 5.4575078, 49.4866307 ], [ 5.4562633, 49.4852819 ], [ 5.4558105, 49.4846437 ], [ 5.4555825, 49.4842338 ], [ 5.4554966, 49.483590799999988 ], [ 5.4558337, 49.482558 ], [ 5.4557426, 49.4810546 ] ] ] ] } },
{ "type": "Feature", "properties": { "code_departement": 55.0, "code_rne": "0550018W", "multisecteur": 0.0 }, "geometry": { "type": "MultiPolygon", "coordinates": [ [ [ [ 5.0729341, 48.8438069 ], [ 5.0733543, 48.8438167 ], [ 5.0721563, 48.8445059 ], [ 5.0733341, 48.8455713 ], [ 5.0731793, 48.8457233 ], [ 5.0745425, 48.8464797 ], [ 5.0720622, 48.8483777 ], [ 5.071697, 48.848483 ], [ 5.0709871, 48.8490738 ], [ 5.0711567, 48.8495683 ], [ 5.071536, 48.8496113 ], [ 5.0715597, 48.8498987 ], [ 5.071401, 48.8498835 ], [ 5.071073, 48.8511666 ], [ 5.0702192, 48.8511544 ], [ 5.0700937, 48.8516343 ], [ 5.0695887, 48.8522026 ], [ 5.0670106, 48.8526079 ], [ 5.0664034, 48.8527669 ], [ 5.0654734, 48.8537563 ], [ 5.0648126, 48.854007 ], [ 5.0624754, 48.8543029 ], [ 5.0617012, 48.8548578 ], [ 5.0611746, 48.8544701 ], [ 5.0600399, 48.8549413 ], [ 5.0581947, 48.8561686 ], [ 5.0573197, 48.8565552 ], [ 5.0570198, 48.8569005 ], [ 5.0557826, 48.8575757 ], [ 5.0549174, 48.8579352 ], [ 5.0531669, 48.8584546 ], [ 5.0525061, 48.8585703 ], [ 5.0468476, 48.8585962 ], [ 5.0465025, 48.8585562 ], [ 5.0462047, 48.8584021 ], [ 5.0457345, 48.8577129 ], [ 5.045714, 48.857294 ], [ 5.04517, 48.8578152 ], [ 5.0452379, 48.8582953 ], [ 5.0428091, 48.8577575 ], [ 5.0421868, 48.8574982 ], [ 5.0396318, 48.856801399999988 ], [ 5.0392027, 48.8584829 ], [ 5.040325, 48.8590458 ], [ 5.0404016, 48.8595033 ], [ 5.0426243, 48.8597893 ], [ 5.0429398, 48.8592477 ], [ 5.0442224, 48.8597242 ], [ 5.0437049, 48.8603997 ], [ 5.0418352, 48.8610163 ], [ 5.0414767, 48.8615757 ], [ 5.0421479, 48.8616524 ], [ 5.0431337, 48.861514199999988 ], [ 5.0434731, 48.8617549 ], [ 5.0433721, 48.8618564 ], [ 5.0428644, 48.862054 ], [ 5.0425766, 48.862085 ], [ 5.0414881, 48.8621099 ], [ 5.0408641, 48.862018 ], [ 5.040547, 48.8623446 ], [ 5.0413292, 48.8626812 ], [ 5.0407005, 48.8630958 ], [ 5.0411415, 48.8636317 ], [ 5.0408324, 48.863923 ], [ 5.0399696, 48.864312 ], [ 5.0394847, 48.8642231 ], [ 5.0387616, 48.8647347 ], [ 5.0382344, 48.8651296 ], [ 5.0381713, 48.8652593 ], [ 5.0385207, 48.8655475 ], [ 5.0382481, 48.8657222 ], [ 5.0377521, 48.8655228 ], [ 5.0373388, 48.8656945 ], [ 5.0365645, 48.865526 ], [ 5.0365462, 48.8649874 ], [ 5.0358684, 48.8649846 ], [ 5.0359748, 48.866799099999987 ], [ 5.0343304, 48.8670474 ], [ 5.0326518, 48.8675348 ], [ 5.0311683, 48.867748 ], [ 5.0307096, 48.8678754 ], [ 5.0301038, 48.8683571 ], [ 5.0297035, 48.8684079 ], [ 5.0293461, 48.8681945 ], [ 5.029042, 48.8683688 ], [ 5.029316, 48.8686115 ], [ 5.0293107, 48.8688248 ], [ 5.0291094, 48.8690127 ], [ 5.0284701, 48.8690559 ], [ 5.0285417, 48.869492799999989 ], [ 5.0279419, 48.8696037 ], [ 5.0278557, 48.8702601 ], [ 5.0273423, 48.8703506 ], [ 5.0256932, 48.8702706 ], [ 5.0255045, 48.8706409 ], [ 5.0231083, 48.8707426 ], [ 5.0231765, 48.871094 ], [ 5.0241526, 48.8711909 ], [ 5.0255285, 48.8718198 ], [ 5.0259186, 48.8721362 ], [ 5.0264137, 48.8723833 ], [ 5.0270463, 48.8724499 ], [ 5.0279175, 48.872338 ], [ 5.0297018, 48.8717563 ], [ 5.0304539, 48.8717058 ], [ 5.0314463, 48.871868899999988 ], [ 5.0320449, 48.8717265 ], [ 5.0323206, 48.8714528 ], [ 5.0326984, 48.8700574 ], [ 5.0327979, 48.8700215 ], [ 5.0334648, 48.8702315 ], [ 5.0346595, 48.8702705 ], [ 5.0356059, 48.8705477 ], [ 5.0354643, 48.8706239 ], [ 5.0351014, 48.870586 ], [ 5.0350635, 48.8707333 ], [ 5.0347322, 48.8708738 ], [ 5.0342459, 48.8708191 ], [ 5.0338683, 48.8709974 ], [ 5.0338702, 48.8710792 ], [ 5.0340723, 48.8711918 ], [ 5.0346589, 48.8713366 ], [ 5.0364411, 48.8713674 ], [ 5.0370134, 48.8711454 ], [ 5.0374915, 48.8711301 ], [ 5.0377181, 48.8708581 ], [ 5.0378054, 48.8708593 ], [ 5.0375679, 48.8718287 ], [ 5.0372036, 48.8722433 ], [ 5.0345025, 48.8727084 ], [ 5.0261656, 48.8738952 ], [ 5.0201235, 48.8748997 ], [ 5.0181947, 48.8754882 ], [ 5.0175469, 48.8757708 ], [ 5.0171289, 48.8760711 ], [ 5.0164532, 48.8762318 ], [ 5.0145727, 48.8764479 ], [ 5.0140903, 48.876705199999989 ], [ 5.0107207, 48.878025799999989 ], [ 5.0103015, 48.8799211 ], [ 5.0104463, 48.881268 ], [ 5.009939, 48.8813773 ], [ 5.0095143, 48.8818945 ], [ 5.0094888, 48.8821162 ], [ 5.0085743, 48.8827712 ], [ 5.0059974, 48.8843572 ], [ 5.0053116, 48.8846844 ], [ 5.0049941, 48.8850118 ], [ 5.004075, 48.8855148 ], [ 5.0034268, 48.8861472 ], [ 5.0032092, 48.8864837 ], [ 4.9992126, 48.8909288 ], [ 4.997877, 48.8905391 ], [ 4.9979615, 48.8927039 ], [ 4.9975842, 48.8927201 ], [ 4.9977642, 48.8937138 ], [ 4.9971075, 48.8937355 ], [ 4.9972079, 48.8948233 ], [ 4.9974569, 48.8956962 ], [ 4.9974447, 48.8961597 ], [ 4.9972368, 48.8975683 ], [ 4.9968899, 48.8983774 ], [ 4.9969888, 48.89875 ], [ 4.9966708, 48.8989604 ], [ 4.9970103, 48.9001286 ], [ 4.9965654, 48.9001981 ], [ 4.9968995, 48.9015437 ], [ 4.9953112, 48.9016512 ], [ 4.9953469, 48.9019402 ], [ 4.9949123, 48.9020284 ], [ 4.9950767, 48.9025438 ], [ 4.9953759, 48.9029113 ], [ 4.9955975, 48.9029598 ], [ 4.9958832, 48.903295 ], [ 4.996265, 48.904567 ], [ 4.999503, 48.9053091 ], [ 5.0016052, 48.9064641 ], [ 5.0025584, 48.9070832 ], [ 5.0029933, 48.9070022 ], [ 5.0033699, 48.9070373 ], [ 5.0047324, 48.9082217 ], [ 5.0059771, 48.9091094 ], [ 5.0071448, 48.9114314 ], [ 5.0097661, 48.9107839 ], [ 5.0106759, 48.910631 ], [ 5.0113315, 48.9106101 ], [ 5.0124572, 48.9107108 ], [ 5.0140218, 48.9111145 ], [ 5.013505, 48.9135583 ], [ 5.0136009, 48.9140955 ], [ 5.0140473, 48.914805 ], [ 5.0146205, 48.9153315 ], [ 5.0155217, 48.9157301 ], [ 5.0159365, 48.9160785 ], [ 5.016162, 48.9164039 ], [ 5.0165422, 48.9167043 ], [ 5.0168103, 48.9172485 ], [ 5.0166456, 48.9178576 ], [ 5.0164577, 48.9197723 ], [ 5.0167379, 48.9205916 ], [ 5.0169093, 48.9206823 ], [ 5.0170454, 48.9211306 ], [ 5.0169968, 48.9211791 ], [ 5.0164386, 48.9210752 ], [ 5.016328, 48.9211814 ], [ 5.0163917, 48.921379099999989 ], [ 5.016079, 48.9214132 ], [ 5.0159103, 48.921568 ], [ 5.0155677, 48.9216035 ], [ 5.01542, 48.9217724 ], [ 5.0151549, 48.9216959 ], [ 5.0150122, 48.9217469 ], [ 5.0150237, 48.9219734 ], [ 5.0149336, 48.9220442 ], [ 5.0147787, 48.9220962 ], [ 5.0143034, 48.9219828 ], [ 5.0142184, 48.9221497 ], [ 5.0136025, 48.922356199999989 ], [ 5.0134968, 48.9225172 ], [ 5.0136447, 48.9227405 ], [ 5.0135066, 48.9231215 ], [ 5.0137977, 48.9232732 ], [ 5.0136672, 48.9233932 ], [ 5.0134899, 48.9233971 ], [ 5.0135339, 48.9238641 ], [ 5.0133447, 48.9240193 ], [ 5.0139134, 48.9241096 ], [ 5.013844, 48.9241872 ], [ 5.0135178, 48.9241531 ], [ 5.0127403, 48.9242391 ], [ 5.0124359, 48.9244511 ], [ 5.0115243, 48.9241749 ], [ 5.0112725, 48.9241603 ], [ 5.0109142, 48.924285 ], [ 5.0105102, 48.9241101 ], [ 5.0102048, 48.9243671 ], [ 5.0099095, 48.9244629 ], [ 5.0096909, 48.9248444 ], [ 5.0095197, 48.924903 ], [ 5.0096588, 48.9250392 ], [ 5.0093226, 48.925241 ], [ 5.0096323, 48.9253419 ], [ 5.0095419, 48.9254055 ], [ 5.0096164, 48.9256723 ], [ 5.0095151, 48.9258773 ], [ 5.0096307, 48.9260427 ], [ 5.0098051, 48.9262476 ], [ 5.0101997, 48.926285 ], [ 5.0102267, 48.9264177 ], [ 5.0099822, 48.9265918 ], [ 5.0100224, 48.9266406 ], [ 5.0102813, 48.9268414 ], [ 5.0105712, 48.9267484 ], [ 5.0107321, 48.9271316 ], [ 5.0110052, 48.9273438 ], [ 5.0113362, 48.9273958 ], [ 5.0114501, 48.9275171 ], [ 5.0109449, 48.927621 ], [ 5.0109159, 48.9276826 ], [ 5.011083, 48.9279443 ], [ 5.0113556, 48.9280396 ], [ 5.0114078, 48.928331 ], [ 5.0118515, 48.9283308 ], [ 5.0116275, 48.928787 ], [ 5.0120227, 48.9288398 ], [ 5.0122162, 48.9292188 ], [ 5.0116908, 48.9297179 ], [ 5.0109046, 48.9300055 ], [ 5.0107747, 48.9302469 ], [ 5.010181, 48.9303216 ], [ 5.0098486, 48.9305881 ], [ 5.0094461, 48.930701 ], [ 5.0095527, 48.9312686 ], [ 5.0102718, 48.9314697 ], [ 5.0107978, 48.9319044 ], [ 5.0102211, 48.9320301 ], [ 5.0103729, 48.9322138 ], [ 5.010218, 48.9322686 ], [ 5.0098525, 48.9321739 ], [ 5.0099292, 48.9324623 ], [ 5.0095617, 48.9326673 ], [ 5.0093466, 48.9327554 ], [ 5.0089498, 48.9326973 ], [ 5.0090634, 48.9332711 ], [ 5.00873, 48.9332992 ], [ 5.0090377, 48.9335225 ], [ 5.0093634, 48.9335791 ], [ 5.0103501, 48.9342022 ], [ 5.0109395, 48.9344747 ], [ 5.011597, 48.9350943 ], [ 5.0117765, 48.9353935 ], [ 5.0123565, 48.9358785 ], [ 5.012513, 48.9362879 ], [ 5.0129672, 48.9368416 ], [ 5.0128616, 48.936829 ], [ 5.0126523, 48.9371005 ], [ 5.0123479, 48.9372451 ], [ 5.0119668, 48.9372056 ], [ 5.0119424, 48.9371035 ], [ 5.0122862, 48.9367784 ], [ 5.0120833, 48.9366163 ], [ 5.0115094, 48.9370289 ], [ 5.0111787, 48.9370587 ], [ 5.0112253, 48.9367107 ], [ 5.0107108, 48.9362921 ], [ 5.0104883, 48.9364001 ], [ 5.0106156, 48.9367263 ], [ 5.0103929, 48.9368992 ], [ 5.0096733, 48.9364057 ], [ 5.0093139, 48.9364333 ], [ 5.0092209, 48.936676 ], [ 5.0089549, 48.936823499999988 ], [ 5.0082055, 48.9367578 ], [ 5.007828, 48.9366364 ], [ 5.0071966, 48.9371156 ], [ 5.0069015, 48.9370423 ], [ 5.0067161, 48.9367665 ], [ 5.0063859, 48.9366308 ], [ 5.006212, 48.9369 ], [ 5.0057165, 48.9367994 ], [ 5.0055709, 48.9369188 ], [ 5.0055793, 48.9372785 ], [ 5.0053996, 48.9373976 ], [ 5.0050396, 48.9372686 ], [ 5.0047262, 48.937533 ], [ 5.0045537, 48.9373442 ], [ 5.0041018, 48.9374516 ], [ 5.0036793, 48.9373661 ], [ 5.0034053, 48.9374147 ], [ 5.0033969, 48.9375498 ], [ 5.0039543, 48.937699699999989 ], [ 5.0040165, 48.9377886 ], [ 5.0037005, 48.9384829 ], [ 5.0035817, 48.9385551 ], [ 5.003384, 48.938562 ], [ 5.0031347, 48.9384348 ], [ 5.0027244, 48.9384192 ], [ 5.0025952, 48.938183 ], [ 5.0024176, 48.9381095 ], [ 5.0019825, 48.9382634 ], [ 5.0017006, 48.9381772 ], [ 5.0014275, 48.9382484 ], [ 5.001183, 48.9381391 ], [ 5.0004711, 48.9385171 ], [ 5.0002043, 48.9385036 ], [ 5.0000795, 48.938275399999988 ], [ 4.9997103, 48.9381925 ], [ 4.9997687, 48.9375438 ], [ 4.9991942, 48.9377315 ], [ 4.998722, 48.9379868 ], [ 4.9985583, 48.9379904 ], [ 4.998464, 48.9378453 ], [ 4.9985619, 48.9375855 ], [ 4.9977154, 48.9377301 ], [ 4.9974152, 48.9377009 ], [ 4.9973498, 48.9376327 ], [ 4.997933, 48.937175 ], [ 4.9979408, 48.9370922 ], [ 4.9976151, 48.936897 ], [ 4.9974375, 48.9369665 ], [ 4.9972992, 48.9368123 ], [ 4.9971308, 48.9368358 ], [ 4.9966475, 48.9374061 ], [ 4.9964729, 48.9374468 ], [ 4.9963656, 48.937355 ], [ 4.9963443, 48.9369425 ], [ 4.996226, 48.9368482 ], [ 4.9959741, 48.9368317 ], [ 4.9955943, 48.9369693 ], [ 4.9952161, 48.9368263 ], [ 4.995067, 48.9361424 ], [ 4.9946344, 48.9361128 ], [ 4.9944897, 48.9363275 ], [ 4.9941354, 48.9365259 ], [ 4.9940121, 48.936123099999989 ], [ 4.9937199, 48.9361946 ], [ 4.9930591, 48.9360895 ], [ 4.9931786, 48.9357502 ], [ 4.99237, 48.9349235 ], [ 4.9918259, 48.9348336 ], [ 4.9912986, 48.9344348 ], [ 4.9907105, 48.9343735 ], [ 4.9904902, 48.9340758 ], [ 4.9897641, 48.9335824 ], [ 4.9891295, 48.9334121 ], [ 4.9889409, 48.9332641 ], [ 4.988919, 48.9328345 ], [ 4.988806, 48.9326277 ], [ 4.9884925, 48.9327498 ], [ 4.9876015, 48.9322995 ], [ 4.9872296, 48.9319981 ], [ 4.9867546, 48.9322515 ], [ 4.9865584, 48.9321207 ], [ 4.9864313, 48.9317936 ], [ 4.9861185, 48.9318977 ], [ 4.9856391, 48.931571 ], [ 4.985094, 48.9318131 ], [ 4.9847175, 48.9315692 ], [ 4.9841187, 48.9316205 ], [ 4.984029, 48.931524 ], [ 4.9841869, 48.9309034 ], [ 4.9837958, 48.9309575 ], [ 4.9835657, 48.9308327 ], [ 4.9832581, 48.9308198 ], [ 4.982849, 48.9305117 ], [ 4.9824926, 48.9305095 ], [ 4.9822974, 48.9305811 ], [ 4.9823362, 48.9308827 ], [ 4.982139, 48.9310101 ], [ 4.9818329, 48.9310377 ], [ 4.981506, 48.9307372 ], [ 4.9811903, 48.930729 ], [ 4.9809193, 48.930603 ], [ 4.9802667, 48.930675 ], [ 4.9792491, 48.9302654 ], [ 4.979048, 48.9300402 ], [ 4.9785753, 48.930140699999988 ], [ 4.9783653, 48.9298581 ], [ 4.9778843, 48.929884 ], [ 4.9776171, 48.9297868 ], [ 4.9774048, 48.9300188 ], [ 4.977195, 48.9300312 ], [ 4.9769254, 48.929905299999987 ], [ 4.9766251, 48.9298706 ], [ 4.9763839, 48.9295966 ], [ 4.9758924, 48.9296299 ], [ 4.975553, 48.9293576 ], [ 4.9747878, 48.9293747 ], [ 4.9744458, 48.929285 ], [ 4.9740012, 48.928973 ], [ 4.9731074, 48.928985 ], [ 4.9727184, 48.9288439 ], [ 4.9721192, 48.9288097 ], [ 4.9716802, 48.928502 ], [ 4.9709445, 48.9281453 ], [ 4.9706323, 48.928156799999989 ], [ 4.9700167, 48.9280158 ], [ 4.9689046, 48.9282823 ], [ 4.9681131, 48.9287217 ], [ 4.9671435, 48.92911 ], [ 4.9667872, 48.929400099999988 ], [ 4.9666287, 48.9292525 ], [ 4.9660751, 48.9292715 ], [ 4.9657338, 48.929126 ], [ 4.9651555, 48.9285975 ], [ 4.9648351, 48.9284301 ], [ 4.9642884, 48.928305 ], [ 4.9638561, 48.9283886 ], [ 4.9603647, 48.9280086 ], [ 4.9617733, 48.9276401 ], [ 4.9629192, 48.9274747 ], [ 4.9624529, 48.927235 ], [ 4.9602765, 48.926466399999988 ], [ 4.9592718, 48.9258864 ], [ 4.9591384, 48.9259345 ], [ 4.9584382, 48.9271324 ], [ 4.9574249, 48.9277049 ], [ 4.955863, 48.9283538 ], [ 4.955468, 48.9286319 ], [ 4.954699, 48.9296375 ], [ 4.9537735, 48.9311315 ], [ 4.95169, 48.930802 ], [ 4.9506603, 48.9310491 ], [ 4.9459718, 48.9286696 ], [ 4.9433751, 48.9272428 ], [ 4.9406993, 48.9259593 ], [ 4.9393478, 48.9250772 ], [ 4.9370156, 48.9231548 ], [ 4.9359174, 48.9221453 ], [ 4.9363094, 48.9218592 ], [ 4.9367881, 48.9210401 ], [ 4.9374687, 48.9176189 ], [ 4.9363639, 48.9172347 ], [ 4.9328616, 48.9156928 ], [ 4.9325715, 48.9153395 ], [ 4.9326779, 48.9147521 ], [ 4.9331207, 48.9140685 ], [ 4.9337013, 48.9138631 ], [ 4.9336202, 48.9130026 ], [ 4.932275, 48.9122453 ], [ 4.9306078, 48.9115607 ], [ 4.9287074, 48.9106575 ], [ 4.9269413, 48.9094374 ], [ 4.9259316, 48.9083346 ], [ 4.9248869, 48.9079079 ], [ 4.9237787, 48.9075722 ], [ 4.9217405, 48.9066271 ], [ 4.9213144, 48.9062858 ], [ 4.9193137, 48.9058349 ], [ 4.9188238, 48.9055755 ], [ 4.9185871, 48.905153 ], [ 4.9181879, 48.9049453 ], [ 4.9180326, 48.9047678 ], [ 4.9172992, 48.9034905 ], [ 4.9162341, 48.9028779 ], [ 4.9164299, 48.9026364 ], [ 4.9160902, 48.9022685 ], [ 4.9146906, 48.900051 ], [ 4.915688, 48.8999037 ], [ 4.9124329, 48.8985767 ], [ 4.9124614, 48.897943 ], [ 4.9147514, 48.8972902 ], [ 4.9174173, 48.8960673 ], [ 4.9198824, 48.8947298 ], [ 4.9211749, 48.8938572 ], [ 4.9245577, 48.8912589 ], [ 4.9242195, 48.8908919 ], [ 4.9236406, 48.889918 ], [ 4.9235866, 48.8891947 ], [ 4.923355, 48.8887253 ], [ 4.9224975, 48.8875192 ], [ 4.922197, 48.8871768 ], [ 4.9205, 48.8861768 ], [ 4.9206212, 48.8859499 ], [ 4.9197219, 48.8853823 ], [ 4.9204048, 48.8846301 ], [ 4.921631, 48.8838161 ], [ 4.9217722, 48.8836133 ], [ 4.9217691, 48.883419 ], [ 4.9210662, 48.8827421 ], [ 4.9208874, 48.8820352 ], [ 4.9188388, 48.877411 ], [ 4.9188223, 48.877038 ], [ 4.9129962, 48.8726973 ], [ 4.9118766, 48.8694659 ], [ 4.9116932, 48.8686304 ], [ 4.9117103, 48.8680931 ], [ 4.9149933, 48.868673 ], [ 4.9152444, 48.8683802 ], [ 4.9155905, 48.8684853 ], [ 4.9169846, 48.8662033 ], [ 4.9180998, 48.8664193 ], [ 4.9181805, 48.866131 ], [ 4.9189281, 48.8663269 ], [ 4.9199057, 48.8658065 ], [ 4.9205439, 48.866067 ], [ 4.9215741, 48.8654577 ], [ 4.9207324, 48.8648181 ], [ 4.9211159, 48.864643699999988 ], [ 4.9214802, 48.8647233 ], [ 4.9215781, 48.8644213 ], [ 4.9220702, 48.8640482 ], [ 4.922907, 48.86448 ], [ 4.9232701, 48.8641971 ], [ 4.9244385, 48.8648206 ], [ 4.9246757, 48.8646342 ], [ 4.925259, 48.8640365 ], [ 4.9251381, 48.8636813 ], [ 4.9248506, 48.8636131 ], [ 4.9238685, 48.8621607 ], [ 4.9211458, 48.8606842 ], [ 4.9219012, 48.8598381 ], [ 4.9232652, 48.8576401 ], [ 4.9245021, 48.857354 ], [ 4.9245261, 48.856454 ], [ 4.9302664, 48.8561447 ], [ 4.9302528, 48.8559254 ], [ 4.9300119, 48.8555686 ], [ 4.9303603, 48.8551114 ], [ 4.9303016, 48.854703 ], [ 4.9293809, 48.8537688 ], [ 4.9283972, 48.8529372 ], [ 4.9282491, 48.8522496 ], [ 4.9282977, 48.851208 ], [ 4.9281077, 48.8500506 ], [ 4.9278966, 48.8497985 ], [ 4.9275398, 48.8496603 ], [ 4.928397, 48.8493604 ], [ 4.9289298, 48.849798 ], [ 4.9296426, 48.8496831 ], [ 4.9305683, 48.8496502 ], [ 4.9313583, 48.8497454 ], [ 4.9330954, 48.8490957 ], [ 4.9359535, 48.8487211 ], [ 4.9362233, 48.8481329 ], [ 4.9374098, 48.8482945 ], [ 4.9375142, 48.8480598 ], [ 4.9370419, 48.847418 ], [ 4.936148, 48.8469494 ], [ 4.9359065, 48.8451451 ], [ 4.937022, 48.8436211 ], [ 4.9369364, 48.8426743 ], [ 4.9355913, 48.8426412 ], [ 4.935758, 48.8412945 ], [ 4.9360297, 48.8408313 ], [ 4.9342658, 48.8405648 ], [ 4.9331194, 48.8403008 ], [ 4.9329196, 48.8402051 ], [ 4.9329422, 48.8400077 ], [ 4.9328225, 48.8399395 ], [ 4.9319673, 48.8397014 ], [ 4.9315537, 48.8397189 ], [ 4.9310313, 48.8396338 ], [ 4.9307509, 48.8395339 ], [ 4.9303666, 48.8392406 ], [ 4.9299449, 48.8392249 ], [ 4.929815, 48.8389544 ], [ 4.9290547, 48.8387741 ], [ 4.9287305, 48.838559 ], [ 4.9276837, 48.838369799999988 ], [ 4.9251556, 48.8381083 ], [ 4.9240631, 48.8375681 ], [ 4.9231369, 48.8369551 ], [ 4.9221096, 48.8364076 ], [ 4.9202019, 48.8357833 ], [ 4.919572, 48.8357007 ], [ 4.9184644, 48.8358553 ], [ 4.9178577, 48.835811899999989 ], [ 4.9145682, 48.8351476 ], [ 4.9143019, 48.8349468 ], [ 4.9138641, 48.8342332 ], [ 4.9125056, 48.8339014 ], [ 4.9051719, 48.8290643 ], [ 4.9037523, 48.8282836 ], [ 4.9026831, 48.8279219 ], [ 4.9036286, 48.8269866 ], [ 4.9024577, 48.8262252 ], [ 4.9017533, 48.8261528 ], [ 4.9016021, 48.8253689 ], [ 4.9008538, 48.825173 ], [ 4.9001164, 48.8247898 ], [ 4.8998068, 48.8242595 ], [ 4.8999071, 48.8240204 ], [ 4.8986916, 48.8234153 ], [ 4.8982324, 48.8230025 ], [ 4.8974865, 48.8232474 ], [ 4.8964428, 48.822795199999987 ], [ 4.896613, 48.8224174 ], [ 4.8953288, 48.822057199999989 ], [ 4.8949005, 48.8218166 ], [ 4.8946147, 48.8213749 ], [ 4.8952975, 48.8210466 ], [ 4.8945393, 48.8210262 ], [ 4.8947135, 48.8207221 ], [ 4.8935742, 48.8202219 ], [ 4.8938183, 48.8198168 ], [ 4.8931195, 48.8194447 ], [ 4.8928328, 48.8197632 ], [ 4.8927663, 48.8195078 ], [ 4.8921826, 48.8192274 ], [ 4.8926059, 48.818994 ], [ 4.890806, 48.8177837 ], [ 4.8904121, 48.818229 ], [ 4.8897756, 48.8179925 ], [ 4.8896368, 48.8178463 ], [ 4.8892184, 48.8178052 ], [ 4.8889426, 48.8175982 ], [ 4.888789, 48.8172318 ], [ 4.8901015, 48.8156727 ], [ 4.8892674, 48.8149833 ], [ 4.8898973, 48.8140593 ], [ 4.8904411, 48.8144825 ], [ 4.8908903, 48.8146221 ], [ 4.8931093, 48.8129352 ], [ 4.8917826, 48.8121097 ], [ 4.8923486, 48.8116033 ], [ 4.8939934, 48.8124489 ], [ 4.8952942, 48.8110996 ], [ 4.8951159, 48.810316199999988 ], [ 4.8952499, 48.8103302 ], [ 4.8970715, 48.8089231 ], [ 4.8946795, 48.8075639 ], [ 4.8939246, 48.8072179 ], [ 4.8926208, 48.8068328 ], [ 4.8926653, 48.8062203 ], [ 4.8906803, 48.8054511 ], [ 4.8925471, 48.8038247 ], [ 4.891463, 48.8032985 ], [ 4.8909713, 48.8032964 ], [ 4.8904666, 48.8031631 ], [ 4.8907767, 48.8028515 ], [ 4.8910241, 48.8027999 ], [ 4.89115, 48.8026287 ], [ 4.8912692, 48.8026134 ], [ 4.891602, 48.8021745 ], [ 4.8910971, 48.801246 ], [ 4.890707, 48.8010047 ], [ 4.8901673, 48.8008037 ], [ 4.8899301, 48.8005717 ], [ 4.8899786, 48.8011575 ], [ 4.8883888, 48.800767 ], [ 4.8892294, 48.7993107 ], [ 4.8894214, 48.7982956 ], [ 4.8904422, 48.7982057 ], [ 4.8905852, 48.7980577 ], [ 4.890383, 48.7978873 ], [ 4.890462, 48.7978527 ], [ 4.8913566, 48.7979249 ], [ 4.8918981, 48.7977616 ], [ 4.8926062, 48.7977621 ], [ 4.8930404, 48.7976824 ], [ 4.8934869, 48.7977886 ], [ 4.8941902, 48.7975067 ], [ 4.8956742, 48.7976874 ], [ 4.8960252, 48.7978636 ], [ 4.8966771, 48.7979288 ], [ 4.8965135, 48.7982229 ], [ 4.8993753, 48.7992911 ], [ 4.89935, 48.7995308 ], [ 4.8980197, 48.8012568 ], [ 4.9007172, 48.8021099 ], [ 4.902372, 48.7999101 ], [ 4.9035139, 48.8003786 ], [ 4.9067567, 48.8012796 ], [ 4.9105032, 48.8018036 ], [ 4.9143872, 48.8020995 ], [ 4.9140831, 48.8034979 ], [ 4.9194856, 48.8042336 ], [ 4.9188346, 48.8050474 ], [ 4.9288184, 48.8086786 ], [ 4.9300405, 48.8072519 ], [ 4.9320852, 48.8078504 ], [ 4.9352363, 48.8008218 ], [ 4.9298973, 48.7980842 ], [ 4.9278325, 48.7971522 ], [ 4.9293049, 48.7959104 ], [ 4.9245521, 48.7937577 ], [ 4.9248565, 48.7930412 ], [ 4.9248449, 48.7928012 ], [ 4.9243989, 48.7927427 ], [ 4.9249967, 48.7923021 ], [ 4.9257727, 48.7924075 ], [ 4.9265495, 48.7923905 ], [ 4.9266971, 48.7919266 ], [ 4.9262954, 48.7917396 ], [ 4.9262574, 48.7916341 ], [ 4.926789, 48.7914267 ], [ 4.9270199, 48.7912268 ], [ 4.9270603, 48.7905901 ], [ 4.9272773, 48.7903464 ], [ 4.9277334, 48.7903067 ], [ 4.9281868, 48.7904172 ], [ 4.9283896, 48.7906748 ], [ 4.9285805, 48.79127 ], [ 4.9288373, 48.7914035 ], [ 4.9292098, 48.7914614 ], [ 4.9303184, 48.7913211 ], [ 4.9308159, 48.7914093 ], [ 4.9312908, 48.7907755 ], [ 4.9319293, 48.7906626 ], [ 4.9325315, 48.7907123 ], [ 4.932737, 48.7908547 ], [ 4.932512, 48.7910671 ], [ 4.932583, 48.7915868 ], [ 4.9326488, 48.791745 ], [ 4.9328521, 48.7918316 ], [ 4.9330332, 48.7917585 ], [ 4.9330233, 48.7913422 ], [ 4.9331669, 48.7910673 ], [ 4.9333485, 48.7910058 ], [ 4.9339686, 48.7910228 ], [ 4.9340756, 48.7908609 ], [ 4.9340309, 48.7906826 ], [ 4.9347219, 48.7901514 ], [ 4.9347315, 48.789563799999989 ], [ 4.932478, 48.7894878 ], [ 4.9324892, 48.78935 ], [ 4.933466, 48.7892163 ], [ 4.9358954, 48.7894136 ], [ 4.9364867, 48.7899006 ], [ 4.936721, 48.7896836 ], [ 4.9368662, 48.789192799999988 ], [ 4.9377843, 48.7880695 ], [ 4.9383225, 48.7869434 ], [ 4.9378531, 48.7862916 ], [ 4.937264, 48.7860834 ], [ 4.9379756, 48.7851183 ], [ 4.9374726, 48.7848817 ], [ 4.9370937, 48.7845766 ], [ 4.9372255, 48.7844593 ], [ 4.9369687, 48.7842152 ], [ 4.9368007, 48.7843114 ], [ 4.9351799, 48.7838141 ], [ 4.9346682, 48.783709 ], [ 4.933802, 48.7836637 ], [ 4.933875, 48.783613 ], [ 4.9337542, 48.7835493 ], [ 4.9338017, 48.7832157 ], [ 4.9343224, 48.7834537 ], [ 4.9347818, 48.7834319 ], [ 4.9352302, 48.7832267 ], [ 4.9357283, 48.7831845 ], [ 4.9359616, 48.7829036 ], [ 4.936141, 48.7828233 ], [ 4.9367734, 48.7829534 ], [ 4.9378495, 48.7828235 ], [ 4.9380426, 48.7827061 ], [ 4.938456, 48.7819995 ], [ 4.9389204, 48.7818939 ], [ 4.939721, 48.7808364 ], [ 4.9400805, 48.7805831 ], [ 4.9402042, 48.7802851 ], [ 4.9407314, 48.7799275 ], [ 4.9416674, 48.7789254 ], [ 4.9420272, 48.7786433 ], [ 4.9427291, 48.7783755 ], [ 4.9426808, 48.778101899999989 ], [ 4.9432069, 48.7777533 ], [ 4.9431699, 48.777017099999988 ], [ 4.9435734, 48.7762287 ], [ 4.9439474, 48.7762199 ], [ 4.9445476, 48.775996 ], [ 4.9449661, 48.7755016 ], [ 4.9456236, 48.7750663 ], [ 4.946108, 48.7745492 ], [ 4.9469346, 48.773394 ], [ 4.9477666, 48.7716891 ], [ 4.948716, 48.7703943 ], [ 4.9491568, 48.7703178 ], [ 4.9495962, 48.769985 ], [ 4.9501336, 48.7688138 ], [ 4.9513639, 48.7683394 ], [ 4.9520739, 48.7683998 ], [ 4.9524819, 48.7683193 ], [ 4.952804, 48.7681242 ], [ 4.9541847, 48.7679973 ], [ 4.9543867, 48.7680498 ], [ 4.9544848, 48.7681975 ], [ 4.9550346, 48.7681606 ], [ 4.9555285, 48.7677549 ], [ 4.9560463, 48.7675907 ], [ 4.956658, 48.7672452 ], [ 4.9574003, 48.7666068 ], [ 4.9575238, 48.7663808 ], [ 4.9577081, 48.7651983 ], [ 4.9580449, 48.764635 ], [ 4.9584669, 48.7643492 ], [ 4.9591289, 48.7641116 ], [ 4.9597833, 48.7637077 ], [ 4.9602808, 48.7635088 ], [ 4.9606329, 48.7625592 ], [ 4.9614393, 48.7617111 ], [ 4.9629569, 48.7608495 ], [ 4.9630549, 48.7605609 ], [ 4.9640353, 48.75978 ], [ 4.9641053, 48.7591464 ], [ 4.9645238, 48.7586951 ], [ 4.9650599, 48.7585135 ], [ 4.9655071, 48.7586816 ], [ 4.9662517, 48.7587602 ], [ 4.9670898, 48.7587221 ], [ 4.968605, 48.7582725 ], [ 4.9704327, 48.7582054 ], [ 4.9722534, 48.7575924 ], [ 4.9736582, 48.7558076 ], [ 4.9741181, 48.7554833 ], [ 4.9745684, 48.7549783 ], [ 4.974965, 48.7547451 ], [ 4.9753681, 48.7546457 ], [ 4.9768379, 48.753432 ], [ 4.9776439, 48.7530849 ], [ 4.9786281, 48.7523812 ], [ 4.9789511, 48.7517497 ], [ 4.9790368, 48.7512103 ], [ 4.9793983, 48.7502299 ], [ 4.9800927, 48.7498144 ], [ 4.980218, 48.7496009 ], [ 4.9803214, 48.7484908 ], [ 4.9856641, 48.748778099999988 ], [ 4.9873188, 48.7489656 ], [ 4.9882171, 48.749261 ], [ 4.9886441, 48.7496111 ], [ 4.9886051, 48.7501966 ], [ 4.9882438, 48.7511041 ], [ 4.9879937, 48.7528626 ], [ 4.9925373, 48.7526267 ], [ 4.9932703, 48.7523311 ], [ 4.9939194, 48.7525821 ], [ 4.9945561, 48.7530789 ], [ 4.9959213, 48.7546584 ], [ 4.9963342, 48.754781 ], [ 4.9976243, 48.7547523 ], [ 4.99822, 48.7544238 ], [ 4.9984256, 48.7544645 ], [ 4.9998151, 48.755537 ], [ 4.9983983, 48.7559188 ], [ 4.9970305, 48.7560533 ], [ 4.998093, 48.757149299999988 ], [ 5.0019029, 48.7591332 ], [ 5.003551, 48.7600952 ], [ 5.0049592, 48.7607625 ], [ 5.0053065, 48.7606289 ], [ 5.0072346, 48.7616842 ], [ 5.0091138, 48.7620692 ], [ 5.0111593, 48.7618962 ], [ 5.0170161, 48.7610075 ], [ 5.0172082, 48.7603088 ], [ 5.0179833, 48.7603308 ], [ 5.0198523, 48.7599942 ], [ 5.0208643, 48.7600526 ], [ 5.0221149, 48.7595978 ], [ 5.0221128, 48.7601044 ], [ 5.0214223, 48.7624085 ], [ 5.0208462, 48.7653854 ], [ 5.0226323, 48.7653291 ], [ 5.0242205, 48.7656431 ], [ 5.0244207, 48.7654364 ], [ 5.024984, 48.7655033 ], [ 5.0251166, 48.7656226 ], [ 5.0254337, 48.7656586 ], [ 5.025622, 48.7653909 ], [ 5.0264042, 48.7653821 ], [ 5.0262699, 48.766024 ], [ 5.0291338, 48.7662102 ], [ 5.0308336, 48.7662074 ], [ 5.0318111, 48.7659731 ], [ 5.0320331, 48.7657309 ], [ 5.0332724, 48.7659617 ], [ 5.0348578, 48.765959 ], [ 5.0369757, 48.7661388 ], [ 5.0398788, 48.7671518 ], [ 5.0407178, 48.7668208 ], [ 5.0410429, 48.7669187 ], [ 5.0411135, 48.7671595 ], [ 5.0415881, 48.767393399999989 ], [ 5.0431023, 48.767794 ], [ 5.0429629, 48.7685098 ], [ 5.0433153, 48.7686117 ], [ 5.0435427, 48.7690658 ], [ 5.0443532, 48.7695342 ], [ 5.0464837, 48.7700312 ], [ 5.0479805, 48.7705408 ], [ 5.047109, 48.7715724 ], [ 5.0480802, 48.7719381 ], [ 5.0490133, 48.7724755 ], [ 5.0495862, 48.7721246 ], [ 5.0518486, 48.7734101 ], [ 5.0541517, 48.7745177 ], [ 5.0562502, 48.7753686 ], [ 5.0574244, 48.7757011 ], [ 5.0575813, 48.7771946 ], [ 5.0564051, 48.7783332 ], [ 5.0557926, 48.7794062 ], [ 5.0549185, 48.7799908 ], [ 5.0535686, 48.7800725 ], [ 5.0519784, 48.7806234 ], [ 5.0511646, 48.78108 ], [ 5.0497556, 48.7817061 ], [ 5.0484375, 48.782668 ], [ 5.0470324, 48.7833947 ], [ 5.0466533, 48.7835515 ], [ 5.0459714, 48.7836603 ], [ 5.0454184, 48.784000899999988 ], [ 5.0432546, 48.7847882 ], [ 5.0428198, 48.7848101 ], [ 5.0418396, 48.7853342 ], [ 5.0397682, 48.786191 ], [ 5.0434965, 48.7891565 ], [ 5.0425212, 48.7897382 ], [ 5.0428195, 48.7902261 ], [ 5.0444119, 48.7918084 ], [ 5.0447284, 48.7926559 ], [ 5.0451693, 48.7932754 ], [ 5.0456214, 48.794977 ], [ 5.0460539, 48.7958315 ], [ 5.0465892, 48.7956595 ], [ 5.0469813, 48.7953469 ], [ 5.0474663, 48.7952819 ], [ 5.0487838, 48.7951964 ], [ 5.050472, 48.7953266 ], [ 5.0470798, 48.7986533 ], [ 5.0508272, 48.8010694 ], [ 5.0523302, 48.8006046 ], [ 5.0528361, 48.8005194 ], [ 5.0531335, 48.8010505 ], [ 5.0524822, 48.8013523 ], [ 5.0529368, 48.8020373 ], [ 5.0533993, 48.8019546 ], [ 5.0550888, 48.8041847 ], [ 5.0565918, 48.803583 ], [ 5.0572441, 48.8035799 ], [ 5.0592824, 48.8053594 ], [ 5.0601181, 48.8058965 ], [ 5.0612163, 48.8062851 ], [ 5.0629398, 48.8067475 ], [ 5.0632704, 48.8062218 ], [ 5.069036, 48.8079053 ], [ 5.0751346, 48.8088441 ], [ 5.0751291, 48.8092535 ], [ 5.0772977, 48.809223 ], [ 5.0783047, 48.8114187 ], [ 5.0766215, 48.8113949 ], [ 5.0763271, 48.8127594 ], [ 5.0763015, 48.8133833 ], [ 5.0755099, 48.8137209 ], [ 5.0756295, 48.8146374 ], [ 5.0741994, 48.8217669 ], [ 5.0743325, 48.8222702 ], [ 5.0755097, 48.8242209 ], [ 5.0741272, 48.8258076 ], [ 5.0739193, 48.8262673 ], [ 5.07363, 48.8265638 ], [ 5.0744307, 48.8285391 ], [ 5.0729019, 48.8291234 ], [ 5.0733103, 48.8296957 ], [ 5.0739614, 48.8294487 ], [ 5.0751464, 48.8294371 ], [ 5.076565, 48.8299856 ], [ 5.0780802, 48.8307707 ], [ 5.0791344, 48.8316781 ], [ 5.0795357, 48.8326527 ], [ 5.079979, 48.8343696 ], [ 5.0799011, 48.835491 ], [ 5.0806617, 48.8354598 ], [ 5.0812898, 48.8352869 ], [ 5.0842184, 48.8360006 ], [ 5.0844286, 48.836077 ], [ 5.0847305, 48.8364361 ], [ 5.0842116, 48.836922 ], [ 5.0840451, 48.8373918 ], [ 5.083685, 48.8378605 ], [ 5.0843484, 48.838364399999989 ], [ 5.0822149, 48.8396791 ], [ 5.0818129, 48.839341499999989 ], [ 5.0800689, 48.84154 ], [ 5.0785785, 48.8425475 ], [ 5.078274, 48.8417476 ], [ 5.0769363, 48.8422449 ], [ 5.0743404, 48.8429773 ], [ 5.0729341, 48.8438069 ] ] ] ] } },
{ "type": "Feature", "properties": { "code_departement": 55.0, "code_rne": "0550020Y", "multisecteur": 0.0 }, "geometry": { "type": "MultiPolygon", "coordinates": [ [ [ [ 5.2630192, 49.5417815 ], [ 5.2612897, 49.5424485 ], [ 5.2603197, 49.5430114 ], [ 5.2602779, 49.543506699999988 ], [ 5.2587502, 49.5435153 ], [ 5.2585022, 49.5445988 ], [ 5.2591544, 49.5455739 ], [ 5.2584036, 49.5491445 ], [ 5.2565551, 49.5506309 ], [ 5.2556703, 49.5510303 ], [ 5.2549719, 49.5521833 ], [ 5.2547146, 49.5535295 ], [ 5.2545471, 49.5556013 ], [ 5.252861, 49.5557576 ], [ 5.252068, 49.5566138 ], [ 5.2498089, 49.557099 ], [ 5.2482378, 49.5567577 ], [ 5.2477131, 49.5571783 ], [ 5.24803, 49.5577244 ], [ 5.2453222, 49.557557 ], [ 5.2453374, 49.5586329 ], [ 5.2406808, 49.559066 ], [ 5.2398585, 49.5592897 ], [ 5.2400601, 49.5594739 ], [ 5.2385781, 49.5607329 ], [ 5.238273, 49.5612492 ], [ 5.2384039, 49.5618725 ], [ 5.235983, 49.5616969 ], [ 5.2349, 49.5620917 ], [ 5.2350379, 49.563133 ], [ 5.2347921, 49.5648214 ], [ 5.2350154, 49.5654727 ], [ 5.2357583, 49.5667905 ], [ 5.2357855, 49.5673824 ], [ 5.2356088, 49.5684681 ], [ 5.2359089, 49.5691378 ], [ 5.2325993, 49.5695134 ], [ 5.2279095, 49.569651699999987 ], [ 5.2277937, 49.5701357 ], [ 5.227073, 49.5700941 ], [ 5.2269808, 49.5696885 ], [ 5.2259247, 49.5696261 ], [ 5.2257387, 49.5713925 ], [ 5.2227864, 49.5715652 ], [ 5.2225871, 49.5718458 ], [ 5.2218622, 49.5716747 ], [ 5.2215923, 49.5719871 ], [ 5.2199733, 49.5716617 ], [ 5.2197066, 49.5720172 ], [ 5.2180591, 49.5715762 ], [ 5.2171636, 49.5735048 ], [ 5.2169489, 49.5734952 ], [ 5.2170361, 49.5725038 ], [ 5.2166771, 49.5724825 ], [ 5.2166559, 49.5721187 ], [ 5.216154, 49.5721162 ], [ 5.2161288, 49.5724952 ], [ 5.2144656, 49.5726523 ], [ 5.2143966, 49.5731336 ], [ 5.2121464, 49.5734641 ], [ 5.2084446, 49.5743101 ], [ 5.2092943, 49.5732706 ], [ 5.2066779, 49.5713521 ], [ 5.2061852, 49.5706652 ], [ 5.2056572, 49.5701821 ], [ 5.2045217, 49.5695258 ], [ 5.2025373, 49.5681881 ], [ 5.2017635, 49.5680322 ], [ 5.1992159, 49.5668692 ], [ 5.1976677, 49.5665134 ], [ 5.1958669, 49.5680707 ], [ 5.1943239, 49.5686452 ], [ 5.1928336, 49.5693213 ], [ 5.1907347, 49.5697934 ], [ 5.1888936, 49.5697646 ], [ 5.1856313, 49.5695051 ], [ 5.1839827, 49.5694853 ], [ 5.1795295, 49.5680029 ], [ 5.1760296, 49.5660474 ], [ 5.1745243, 49.5652958 ], [ 5.1734283, 49.5652327 ], [ 5.1721585, 49.5647529 ], [ 5.170372, 49.5639506 ], [ 5.169164, 49.5632656 ], [ 5.1681168, 49.5628824 ], [ 5.1671327, 49.5628173 ], [ 5.1665705, 49.5630206 ], [ 5.1658385, 49.5635911 ], [ 5.1651159, 49.5630403 ], [ 5.1640228, 49.5627164 ], [ 5.16262, 49.5619628 ], [ 5.1630612, 49.5634806 ], [ 5.1630564, 49.5642529 ], [ 5.1629286, 49.5645321 ], [ 5.1620097, 49.565194 ], [ 5.1608007, 49.5657621 ], [ 5.1596745, 49.5665589 ], [ 5.1617324, 49.5670787 ], [ 5.159945, 49.5710509 ], [ 5.1592796, 49.5715329 ], [ 5.1570549, 49.572342 ], [ 5.155169, 49.5736521 ], [ 5.1541541, 49.576021 ], [ 5.1539075, 49.5763032 ], [ 5.1527966, 49.5765179 ], [ 5.1527605, 49.5789207 ], [ 5.1530434, 49.5805887 ], [ 5.1513958, 49.5853161 ], [ 5.1506474, 49.5862337 ], [ 5.1474613, 49.5876484 ], [ 5.1460664, 49.5883509 ], [ 5.145856, 49.588775399999989 ], [ 5.1438341, 49.5894656 ], [ 5.1442287, 49.5909994 ], [ 5.138866, 49.5908045 ], [ 5.1366434, 49.5907978 ], [ 5.1339605, 49.5910922 ], [ 5.130719, 49.5912255 ], [ 5.1281374, 49.591198 ], [ 5.126646, 49.5914507 ], [ 5.1257416, 49.5920167 ], [ 5.1253792, 49.5923484 ], [ 5.1244142, 49.5917226 ], [ 5.118663, 49.5931346 ], [ 5.116106, 49.590485 ], [ 5.1149712, 49.5911376 ], [ 5.1143651, 49.5918656 ], [ 5.1138937, 49.5919358 ], [ 5.1130506, 49.5923182 ], [ 5.1129667, 49.5915222 ], [ 5.11259, 49.5902648 ], [ 5.1108316, 49.5871544 ], [ 5.1100566, 49.5864307 ], [ 5.1086162, 49.584186699999989 ], [ 5.1079612, 49.5843311 ], [ 5.1075815, 49.5847809 ], [ 5.1072854, 49.5838008 ], [ 5.1073141, 49.5821408 ], [ 5.1069056, 49.5815204 ], [ 5.1068185, 49.581521 ], [ 5.1065932, 49.5806115 ], [ 5.1056587, 49.5783911 ], [ 5.1051746, 49.5775437 ], [ 5.1047953, 49.5756417 ], [ 5.1068556, 49.5750144 ], [ 5.1089409, 49.5742527 ], [ 5.1098953, 49.5737947 ], [ 5.1103445, 49.5732889 ], [ 5.110477, 49.5722087 ], [ 5.1103997, 49.5707977 ], [ 5.1097382, 49.5704784 ], [ 5.1095707, 49.5700013 ], [ 5.1101503, 49.5697745 ], [ 5.1109344, 49.5696818 ], [ 5.1124001, 49.5688885 ], [ 5.111707, 49.5675638 ], [ 5.1105568, 49.564867899999989 ], [ 5.1095774, 49.5635356 ], [ 5.1080505, 49.5617947 ], [ 5.1089859, 49.5614521 ], [ 5.1107655, 49.5629845 ], [ 5.1121428, 49.5623987 ], [ 5.1127237, 49.5625756 ], [ 5.1134248, 49.5622829 ], [ 5.1125252, 49.56111 ], [ 5.1132893, 49.5606697 ], [ 5.1094917, 49.5571434 ], [ 5.1085473, 49.5553132 ], [ 5.1071405, 49.55602 ], [ 5.1064321, 49.5561672 ], [ 5.1056668, 49.5561418 ], [ 5.1043162, 49.5563324 ], [ 5.1038824, 49.5561341 ], [ 5.1034035, 49.5563509 ], [ 5.102671, 49.5563843 ], [ 5.1021317, 49.5565429 ], [ 5.1006165, 49.5572038 ], [ 5.100618, 49.5577135 ], [ 5.0999218, 49.5578577 ], [ 5.0996624, 49.5578344 ], [ 5.0995167, 49.5582243 ], [ 5.0993958, 49.5582426 ], [ 5.0992445, 49.5581571 ], [ 5.099031, 49.5577356 ], [ 5.0984701, 49.5578748 ], [ 5.0980062, 49.5580904 ], [ 5.0963267, 49.5578417 ], [ 5.0963819, 49.557638499999989 ], [ 5.0959328, 49.5540493 ], [ 5.0952528, 49.5517767 ], [ 5.0944271, 49.5497259 ], [ 5.094193, 49.5494063 ], [ 5.092938, 49.5489902 ], [ 5.0921133, 49.5493667 ], [ 5.09115, 49.5494309 ], [ 5.0909154, 49.5492669 ], [ 5.0905923, 49.5486953 ], [ 5.0907439, 49.5483124 ], [ 5.0915929, 49.5472756 ], [ 5.0900328, 49.5460492 ], [ 5.0887473, 49.5455949 ], [ 5.0884116, 49.545255499999989 ], [ 5.0882113, 49.5448472 ], [ 5.0884898, 49.5442913 ], [ 5.0887195, 49.5440949 ], [ 5.0895903, 49.543697 ], [ 5.0899266, 49.5432704 ], [ 5.090384, 49.5422547 ], [ 5.0907965, 49.5407112 ], [ 5.0908238, 49.5401615 ], [ 5.090728, 49.5399788 ], [ 5.0902649, 49.5395984 ], [ 5.0890935, 49.5389884 ], [ 5.0882342, 49.5379693 ], [ 5.0882725, 49.5371434 ], [ 5.0886637, 49.5363338 ], [ 5.0894042, 49.5353843 ], [ 5.0899805, 49.53495 ], [ 5.0903706, 49.5347949 ], [ 5.0911325, 49.5347126 ], [ 5.0920365, 49.5348291 ], [ 5.0924973, 49.5350181 ], [ 5.0937176, 49.5358799 ], [ 5.0944033, 49.536198 ], [ 5.0974455, 49.536647099999989 ], [ 5.1005411, 49.5373523 ], [ 5.1006097, 49.5366984 ], [ 5.1009642, 49.5365844 ], [ 5.1010791, 49.5367927 ], [ 5.1013373, 49.5367559 ], [ 5.1013411, 49.5365131 ], [ 5.1005843, 49.5362457 ], [ 5.1009966, 49.5361945 ], [ 5.1008297, 49.5359978 ], [ 5.1004737, 49.5358062 ], [ 5.099575, 49.5354478 ], [ 5.0989046, 49.5355052 ], [ 5.0987963, 49.5354235 ], [ 5.0993784, 49.5346933 ], [ 5.098854, 49.5345693 ], [ 5.0987338, 49.5342666 ], [ 5.0977403, 49.5340887 ], [ 5.0979866, 49.5338615 ], [ 5.0979286, 49.5337268 ], [ 5.0976595, 49.5335642 ], [ 5.0979604, 49.533052 ], [ 5.0978818, 49.5325472 ], [ 5.098139, 49.5325211 ], [ 5.0989058, 49.5326607 ], [ 5.0992308, 49.5326011 ], [ 5.099239, 49.532432 ], [ 5.0987301, 49.5323158 ], [ 5.0985615, 49.5320769 ], [ 5.0987987, 49.5319982 ], [ 5.0991149, 49.532097 ], [ 5.0994259, 49.5315288 ], [ 5.099169, 49.5310559 ], [ 5.0989214, 49.531079899999988 ], [ 5.0987991, 49.5313662 ], [ 5.0985616, 49.5310988 ], [ 5.0982184, 49.5311487 ], [ 5.0980751, 49.5310568 ], [ 5.0980664, 49.5308781 ], [ 5.0975616, 49.5311313 ], [ 5.0972515, 49.5308436 ], [ 5.0969328, 49.5303457 ], [ 5.0965537, 49.53006 ], [ 5.0959769, 49.5299037 ], [ 5.0956904, 49.5297207 ], [ 5.0954307, 49.5290743 ], [ 5.0954355, 49.5288207 ], [ 5.0964726, 49.5285448 ], [ 5.0962519, 49.5277053 ], [ 5.0953242, 49.5269715 ], [ 5.0943116, 49.5272039 ], [ 5.0931832, 49.5270679 ], [ 5.092781, 49.5268581 ], [ 5.0923564, 49.5268079 ], [ 5.0919703, 49.5265179 ], [ 5.0915989, 49.5264542 ], [ 5.0915786, 49.5260904 ], [ 5.0914636, 49.5259809 ], [ 5.0908525, 49.5258953 ], [ 5.0907873, 49.5253129 ], [ 5.0910548, 49.5250296 ], [ 5.091001, 49.524421 ], [ 5.0907068, 49.5236062 ], [ 5.0907678, 49.5233399 ], [ 5.0904742, 49.5231148 ], [ 5.0904515, 49.5228958 ], [ 5.0902452, 49.5227151 ], [ 5.0900864, 49.522342 ], [ 5.0900912, 49.521745 ], [ 5.0901807, 49.5216032 ], [ 5.0901169, 49.5214263 ], [ 5.0892113, 49.521129 ], [ 5.0884032, 49.5207168 ], [ 5.0871245, 49.5213295 ], [ 5.0867795, 49.5213372 ], [ 5.0863519, 49.5210776 ], [ 5.0855387, 49.5203328 ], [ 5.0865127, 49.5191868 ], [ 5.0858056, 49.5185373 ], [ 5.0857799, 49.5182788 ], [ 5.0859534, 49.518096 ], [ 5.0858912, 49.5179254 ], [ 5.0855093, 49.517735099999989 ], [ 5.0848301, 49.5176047 ], [ 5.084478, 49.5173338 ], [ 5.0844543, 49.5170888 ], [ 5.08517, 49.5166558 ], [ 5.0851327, 49.5163849 ], [ 5.0847668, 49.5160091 ], [ 5.0839474, 49.5159288 ], [ 5.0839718, 49.5155768 ], [ 5.0835945, 49.5152273 ], [ 5.083533, 49.5146988 ], [ 5.0833775, 49.5144048 ], [ 5.0824483, 49.5138957 ], [ 5.081797, 49.513871 ], [ 5.0815311, 49.5137838 ], [ 5.0815857, 49.5133927 ], [ 5.0810065, 49.512901 ], [ 5.0811034, 49.5124956 ], [ 5.0802787, 49.5124873 ], [ 5.0802235, 49.5122833 ], [ 5.0805987, 49.5117977 ], [ 5.0805833, 49.511076 ], [ 5.080053, 49.51073 ], [ 5.0800494, 49.5102329 ], [ 5.0792334, 49.5099933 ], [ 5.0790959, 49.5098707 ], [ 5.0786538, 49.5091123 ], [ 5.0783264, 49.509073 ], [ 5.0780719, 49.5091987 ], [ 5.0777281, 49.5092325 ], [ 5.0768803, 49.5090267 ], [ 5.0767543, 49.5087772 ], [ 5.076792, 49.5084457 ], [ 5.0766155, 49.5083831 ], [ 5.0765086, 49.508233 ], [ 5.0760551, 49.5082506 ], [ 5.0757955, 49.5086929 ], [ 5.0754651, 49.5087867 ], [ 5.0751159, 49.5085499 ], [ 5.0751149, 49.508113 ], [ 5.0748929, 49.5080511 ], [ 5.0746263, 49.5081168 ], [ 5.0741573, 49.5087101 ], [ 5.0738811, 49.5088093 ], [ 5.0736954, 49.5087936 ], [ 5.0735354, 49.5086246 ], [ 5.0733226, 49.5081068 ], [ 5.0730119, 49.5083791 ], [ 5.0726758, 49.5083992 ], [ 5.0723132, 49.5083083 ], [ 5.0716834, 49.5083029 ], [ 5.0712943, 49.5081387 ], [ 5.0707305, 49.5081583 ], [ 5.0694942, 49.5085902 ], [ 5.0691714, 49.5086308 ], [ 5.0689616, 49.5085634 ], [ 5.0688336, 49.5081952 ], [ 5.0685637, 49.5080083 ], [ 5.0675434, 49.5080059 ], [ 5.0670067, 49.5079116 ], [ 5.0668605, 49.5082261 ], [ 5.0666835, 49.5083559 ], [ 5.0663677, 49.5083298 ], [ 5.0661411, 49.5081889 ], [ 5.0660136, 49.5082118 ], [ 5.0658022, 49.5085148 ], [ 5.0651441, 49.508597 ], [ 5.0648301, 49.5088217 ], [ 5.0646038, 49.5088606 ], [ 5.0644778, 49.5083 ], [ 5.0639354, 49.5085115 ], [ 5.0628607, 49.508118 ], [ 5.0630792, 49.507716 ], [ 5.0628961, 49.5075546 ], [ 5.0624386, 49.5081279 ], [ 5.0618027, 49.507798 ], [ 5.0619935, 49.5073227 ], [ 5.0620251, 49.506905 ], [ 5.0619024, 49.5068406 ], [ 5.0616767, 49.5068597 ], [ 5.0610668, 49.5070382 ], [ 5.0606085, 49.506592 ], [ 5.060613, 49.5064652 ], [ 5.0609973, 49.5063382 ], [ 5.0610296, 49.5061452 ], [ 5.0606982, 49.5060403 ], [ 5.0604809, 49.5058201 ], [ 5.060003, 49.5062274 ], [ 5.0598505, 49.5062111 ], [ 5.0596665, 49.5060308 ], [ 5.0596389, 49.5058919 ], [ 5.060159, 49.5054695 ], [ 5.0600931, 49.505272 ], [ 5.0599478, 49.5051953 ], [ 5.060055, 49.5045642 ], [ 5.0604681, 49.5039512 ], [ 5.0596344, 49.5021619 ], [ 5.0594995, 49.5016544 ], [ 5.0590878, 49.5010609 ], [ 5.0590535, 49.5006173 ], [ 5.0595682, 49.5000961 ], [ 5.0605748, 49.5000331 ], [ 5.0621062, 49.4992573 ], [ 5.0626447, 49.499191499999988 ], [ 5.0629922, 49.4990112 ], [ 5.0634705, 49.4990273 ], [ 5.0634405, 49.4986574 ], [ 5.0636304, 49.498540899999988 ], [ 5.0637571, 49.4982924 ], [ 5.0640384, 49.4982858 ], [ 5.0642383, 49.4981421 ], [ 5.064254, 49.4978443 ], [ 5.0649821, 49.4978598 ], [ 5.0650865, 49.4977789 ], [ 5.0648673, 49.4975453 ], [ 5.0651675, 49.4974583 ], [ 5.0654052, 49.497261 ], [ 5.0659373, 49.4972429 ], [ 5.0661813, 49.497130899999988 ], [ 5.0666385, 49.4971734 ], [ 5.0669788, 49.4968476 ], [ 5.0670001, 49.4966224 ], [ 5.0674186, 49.4967322 ], [ 5.0677917, 49.4960219 ], [ 5.0679568, 49.4958725 ], [ 5.0682374, 49.4958129 ], [ 5.0682075, 49.4956875 ], [ 5.0683934, 49.4955045 ], [ 5.0684631, 49.4951779 ], [ 5.0688907, 49.4948631 ], [ 5.0690941, 49.4943948 ], [ 5.0693294, 49.494344 ], [ 5.0695725, 49.493833699999989 ], [ 5.0697652, 49.4937504 ], [ 5.0700946, 49.4938428 ], [ 5.0701847, 49.4937136 ], [ 5.0699771, 49.4936992 ], [ 5.0699505, 49.4935872 ], [ 5.0704973, 49.4934556 ], [ 5.0704814, 49.4933696 ], [ 5.0702705, 49.4933084 ], [ 5.0702552, 49.4932026 ], [ 5.0703835, 49.4931663 ], [ 5.070668, 49.4932396 ], [ 5.0707089, 49.492953 ], [ 5.0710069, 49.4928481 ], [ 5.0706611, 49.4926904 ], [ 5.0709058, 49.4925981 ], [ 5.0708724, 49.4923874 ], [ 5.0709693, 49.4923579 ], [ 5.0710126, 49.4925433 ], [ 5.0711858, 49.4925592 ], [ 5.0711634, 49.4921415 ], [ 5.0713114, 49.4922513 ], [ 5.071462, 49.4922209 ], [ 5.0714789, 49.4919554 ], [ 5.071238, 49.491902 ], [ 5.0712218, 49.4918096 ], [ 5.0718428, 49.491669599999987 ], [ 5.0716957, 49.4915471 ], [ 5.07174, 49.49138 ], [ 5.0714876, 49.4910742 ], [ 5.0716029, 49.4910254 ], [ 5.0716561, 49.4908052 ], [ 5.0720795, 49.4907961 ], [ 5.0720806, 49.4904122 ], [ 5.0717901, 49.4902598 ], [ 5.0718487, 49.4901384 ], [ 5.0720313, 49.4901146 ], [ 5.072002, 49.4899694 ], [ 5.0722688, 49.4896718 ], [ 5.0720388, 49.4894446 ], [ 5.0716909, 49.4894074 ], [ 5.0716879, 49.4889562 ], [ 5.0721704, 49.489045 ], [ 5.0722803, 49.4886907 ], [ 5.0719687, 49.4885594 ], [ 5.0719762, 49.4884729 ], [ 5.0721731, 49.488323 ], [ 5.0725791, 49.4881938 ], [ 5.0726784, 49.4880195 ], [ 5.0728642, 49.4880424 ], [ 5.0729521, 49.487861099999989 ], [ 5.0732528, 49.4878208 ], [ 5.0731344, 49.4874192 ], [ 5.0734577, 49.4873588 ], [ 5.0733049, 49.4871636 ], [ 5.0733117, 49.4868857 ], [ 5.0736651, 49.4866837 ], [ 5.0741408, 49.4866405 ], [ 5.079746, 49.486488699999988 ], [ 5.0819765, 49.4850307 ], [ 5.0833953, 49.4843878 ], [ 5.0839435, 49.4839882 ], [ 5.0841659, 49.4830727 ], [ 5.0844683, 49.4826692 ], [ 5.0841956, 49.4822064 ], [ 5.0842985, 49.4814763 ], [ 5.0847716, 49.480143 ], [ 5.0846055, 49.4796882 ], [ 5.0839037, 49.4789513 ], [ 5.083313, 49.4773486 ], [ 5.0830642, 49.4763495 ], [ 5.0830888, 49.4729361 ], [ 5.0828448, 49.4717823 ], [ 5.0830938, 49.4706398 ], [ 5.0848971, 49.4695551 ], [ 5.0870316, 49.4686093 ], [ 5.0881691, 49.4667565 ], [ 5.0885952, 49.466617 ], [ 5.0888628, 49.4664128 ], [ 5.0900569, 49.4648376 ], [ 5.0907026, 49.4647375 ], [ 5.0923559, 49.4630591 ], [ 5.0942954, 49.4607895 ], [ 5.0946136, 49.4608452 ], [ 5.095081, 49.4596548 ], [ 5.0969679, 49.4601283 ], [ 5.0982129, 49.4602155 ], [ 5.0999664, 49.4607651 ], [ 5.1003942, 49.4610076 ], [ 5.1006192, 49.4610441 ], [ 5.1008613, 49.4610606 ], [ 5.1022654, 49.4605534 ], [ 5.102616, 49.4603558 ], [ 5.1054647, 49.4617125 ], [ 5.1091533, 49.4592253 ], [ 5.1095928, 49.4587402 ], [ 5.1103632, 49.4583231 ], [ 5.1108294, 49.4583554 ], [ 5.1104614, 49.457924 ], [ 5.1117937, 49.4576193 ], [ 5.1114322, 49.457382 ], [ 5.1106777, 49.4571461 ], [ 5.10989, 49.455964 ], [ 5.1081497, 49.4545926 ], [ 5.1078342, 49.4544983 ], [ 5.1073803, 49.4544963 ], [ 5.1079917, 49.4537313 ], [ 5.1075611, 49.4535554 ], [ 5.1079214, 49.4530582 ], [ 5.1086199, 49.4532421 ], [ 5.1091033, 49.4526204 ], [ 5.1077673, 49.452124 ], [ 5.1083366, 49.4514793 ], [ 5.1080366, 49.4513596 ], [ 5.1084816, 49.4506748 ], [ 5.1079471, 49.4506562 ], [ 5.1079004, 49.4504251 ], [ 5.108622, 49.4503981 ], [ 5.1088808, 49.4478644 ], [ 5.1066777, 49.4450481 ], [ 5.1063015, 49.444784 ], [ 5.1056013, 49.4445885 ], [ 5.1053528, 49.4444472 ], [ 5.1052394, 49.4442711 ], [ 5.1003096, 49.4448413 ], [ 5.100262, 49.4432013 ], [ 5.1004757, 49.4424243 ], [ 5.1010603, 49.4412741 ], [ 5.1008862, 49.4410964 ], [ 5.1004873, 49.4409181 ], [ 5.1015076, 49.4389574 ], [ 5.1025046, 49.4371383 ], [ 5.1031465, 49.436246 ], [ 5.1040585, 49.4353166 ], [ 5.1054599, 49.4329069 ], [ 5.1054045, 49.4327658 ], [ 5.1054977, 49.4325493 ], [ 5.1062352, 49.4320095 ], [ 5.1062206, 49.4304714 ], [ 5.1063925, 49.4291826 ], [ 5.1063191, 49.4288036 ], [ 5.1057743, 49.4279193 ], [ 5.1062212, 49.4277578 ], [ 5.1063829, 49.4277667 ], [ 5.1049098, 49.4257567 ], [ 5.1052144, 49.425621 ], [ 5.1056088, 49.4252536 ], [ 5.1065701, 49.4252 ], [ 5.106835, 49.4250048 ], [ 5.1073304, 49.4248487 ], [ 5.1093303, 49.4245747 ], [ 5.1103882, 49.4241543 ], [ 5.1108488, 49.4240591 ], [ 5.1117674, 49.4233669 ], [ 5.112273, 49.4227898 ], [ 5.1127392, 49.422529 ], [ 5.1158552, 49.4219153 ], [ 5.1154234, 49.419354 ], [ 5.110938, 49.4161469 ], [ 5.1077839, 49.4153189 ], [ 5.1056349, 49.4149022 ], [ 5.1015964, 49.4144501 ], [ 5.0986052, 49.4144687 ], [ 5.0973615, 49.4147915 ], [ 5.0957871, 49.4110163 ], [ 5.095135, 49.4104341 ], [ 5.0949403, 49.4097119 ], [ 5.0945579, 49.4095944 ], [ 5.0942074, 49.4093784 ], [ 5.0926018, 49.4080152 ], [ 5.0910763, 49.4073672 ], [ 5.0902713, 49.4075996 ], [ 5.0902072, 49.4073085 ], [ 5.0876797, 49.4064512 ], [ 5.0836131, 49.4052131 ], [ 5.0832707, 49.405504 ], [ 5.0820806, 49.4052053 ], [ 5.0817693, 49.4047323 ], [ 5.0810613, 49.4041241 ], [ 5.0799632, 49.4038166 ], [ 5.0793368, 49.4040683 ], [ 5.0790418, 49.403893599999989 ], [ 5.0786883, 49.4041487 ], [ 5.0769382, 49.4033902 ], [ 5.0770723, 49.4028205 ], [ 5.0777756, 49.4028696 ], [ 5.0788924, 49.4015583 ], [ 5.0797583, 49.402221399999988 ], [ 5.0798803, 49.4025817 ], [ 5.0817278, 49.4017272 ], [ 5.0826077, 49.4025321 ], [ 5.0834379, 49.4030294 ], [ 5.0839992, 49.4025306 ], [ 5.085025, 49.4028555 ], [ 5.0853794, 49.4026228 ], [ 5.0865639, 49.4029881 ], [ 5.0873942, 49.4020899 ], [ 5.0881318, 49.4023415 ], [ 5.0898799, 49.401075 ], [ 5.0857661, 49.398801 ], [ 5.0887251, 49.3976728 ], [ 5.0910182, 49.396636 ], [ 5.0929591, 49.3960548 ], [ 5.0944779, 49.3959008 ], [ 5.096003, 49.3940051 ], [ 5.0976087, 49.3943315 ], [ 5.0981217, 49.3934981 ], [ 5.0984549, 49.3935265 ], [ 5.0990511, 49.3920316 ], [ 5.0997314, 49.3920962 ], [ 5.0999567, 49.39164 ], [ 5.1018005, 49.3919964 ], [ 5.1022594, 49.389603 ], [ 5.1039009, 49.3898954 ], [ 5.1044455, 49.3901782 ], [ 5.1039023, 49.3888497 ], [ 5.1035349, 49.3883867 ], [ 5.1025692, 49.387641 ], [ 5.1017365, 49.3872841 ], [ 5.1011547, 49.3868329 ], [ 5.0999083, 49.3855175 ], [ 5.0990086, 49.385071 ], [ 5.0990194, 49.384659 ], [ 5.0991852, 49.3842335 ], [ 5.0991444, 49.3837037 ], [ 5.0989944, 49.3835399 ], [ 5.0990732, 49.3830377 ], [ 5.0996542, 49.3823569 ], [ 5.0999436, 49.382226 ], [ 5.1003557, 49.3821657 ], [ 5.1004728, 49.3819308 ], [ 5.100725, 49.3817646 ], [ 5.1010584, 49.381329 ], [ 5.1012746, 49.380721 ], [ 5.1015476, 49.3805256 ], [ 5.1013584, 49.3798698 ], [ 5.1014543, 49.3796559 ], [ 5.1013176, 49.3791071 ], [ 5.1013299, 49.3788677 ], [ 5.1015756, 49.3783752 ], [ 5.0955142, 49.3762954 ], [ 5.0958032, 49.3759181 ], [ 5.0948254, 49.3754414 ], [ 5.0933894, 49.3750428 ], [ 5.0945755, 49.3738677 ], [ 5.0934745, 49.3732394 ], [ 5.0932761, 49.373303 ], [ 5.0926865, 49.3729239 ], [ 5.0931536, 49.3725579 ], [ 5.09118, 49.3711579 ], [ 5.0905423, 49.3714261 ], [ 5.089365, 49.3707469 ], [ 5.089923, 49.3703137 ], [ 5.089071, 49.3699472 ], [ 5.0888034, 49.3705489 ], [ 5.0886003, 49.3706666 ], [ 5.0876771, 49.3707185 ], [ 5.0850124, 49.3699292 ], [ 5.0830681, 49.3717332 ], [ 5.0779326, 49.3706211 ], [ 5.0771507, 49.371103 ], [ 5.0732528, 49.3696378 ], [ 5.07227, 49.3697832 ], [ 5.0705359, 49.3694964 ], [ 5.0698045, 49.3699333 ], [ 5.0686281, 49.3703671 ], [ 5.0659643, 49.3711392 ], [ 5.063346, 49.3716694 ], [ 5.0620493, 49.3720261 ], [ 5.0613436, 49.3719392 ], [ 5.0609872, 49.3716683 ], [ 5.060446, 49.3717702 ], [ 5.0578069, 49.3696796 ], [ 5.0543772, 49.3674054 ], [ 5.0548212, 49.367076 ], [ 5.0530884, 49.3659167 ], [ 5.0538341, 49.3652468 ], [ 5.0542576, 49.3651281 ], [ 5.0541406, 49.3649556 ], [ 5.0532452, 49.3647703 ], [ 5.0547178, 49.3632032 ], [ 5.0543134, 49.3630383 ], [ 5.0548677, 49.3624732 ], [ 5.0557164, 49.3622484 ], [ 5.0572007, 49.3610452 ], [ 5.0560859, 49.3591876 ], [ 5.0540809, 49.357410699999988 ], [ 5.0513472, 49.3551651 ], [ 5.0498253, 49.3537235 ], [ 5.0487856, 49.3532627 ], [ 5.0478188, 49.3522091 ], [ 5.0466496, 49.351256899999989 ], [ 5.0431685, 49.3491694 ], [ 5.0426426, 49.3494787 ], [ 5.0428813, 49.3485898 ], [ 5.0428739, 49.3481592 ], [ 5.0435283, 49.3474117 ], [ 5.0414918, 49.3460335 ], [ 5.0402566, 49.3447973 ], [ 5.0389653, 49.3438129 ], [ 5.0371267, 49.342211 ], [ 5.0359152, 49.3413961 ], [ 5.0346857, 49.3403342 ], [ 5.033622, 49.3398107 ], [ 5.031621, 49.339143 ], [ 5.0295785, 49.3382953 ], [ 5.0262425, 49.3364962 ], [ 5.0265744, 49.3359781 ], [ 5.0266046, 49.3355559 ], [ 5.0258827, 49.3342381 ], [ 5.0258972, 49.3334169 ], [ 5.0256802, 49.332934 ], [ 5.0261176, 49.3329663 ], [ 5.0284854, 49.3322279 ], [ 5.0288647, 49.3306074 ], [ 5.0288022, 49.3301733 ], [ 5.0270146, 49.3272215 ], [ 5.0298142, 49.3262042 ], [ 5.0303161, 49.3262686 ], [ 5.0309318, 49.3255524 ], [ 5.0321021, 49.3245985 ], [ 5.0326875, 49.3232901 ], [ 5.0328397, 49.3226132 ], [ 5.0345592, 49.3209728 ], [ 5.0346096, 49.320297599999989 ], [ 5.0348679, 49.3199758 ], [ 5.0364282, 49.3189406 ], [ 5.036764, 49.3176904 ], [ 5.0380463, 49.3161293 ], [ 5.0426971, 49.3177368 ], [ 5.0433413, 49.3180954 ], [ 5.045995, 49.3187285 ], [ 5.0464669, 49.3185569 ], [ 5.0476602, 49.3177759 ], [ 5.049116, 49.3162315 ], [ 5.0504998, 49.3157476 ], [ 5.0520186, 49.3153388 ], [ 5.0531909, 49.3156614 ], [ 5.0557699, 49.3160402 ], [ 5.057383, 49.3168256 ], [ 5.0577456, 49.3168482 ], [ 5.0598418, 49.3161902 ], [ 5.0604464, 49.3159344 ], [ 5.060799, 49.316084 ], [ 5.0632467, 49.3155863 ], [ 5.0633806, 49.3151838 ], [ 5.0643647, 49.3143073 ], [ 5.0659448, 49.3133712 ], [ 5.0704242, 49.3124033 ], [ 5.0745107, 49.3113144 ], [ 5.0770264, 49.3111812 ], [ 5.0772731, 49.3104773 ], [ 5.0792709, 49.3106327 ], [ 5.0823703, 49.3103797 ], [ 5.0868208, 49.3106481 ], [ 5.0870459, 49.310843 ], [ 5.0886069, 49.3110102 ], [ 5.0903644, 49.3110068 ], [ 5.092778, 49.3109011 ], [ 5.0934825, 49.3108062 ], [ 5.0936933, 49.3112899 ], [ 5.0931127, 49.3113521 ], [ 5.0938895, 49.3126336 ], [ 5.0942586, 49.3125112 ], [ 5.0950374, 49.3131298 ], [ 5.0965138, 49.3138191 ], [ 5.0987071, 49.3146191 ], [ 5.100491, 49.3150898 ], [ 5.1005878, 49.3148993 ], [ 5.1032861, 49.315498899999987 ], [ 5.1040509, 49.3155323 ], [ 5.104668, 49.3157572 ], [ 5.1052374, 49.3160926 ], [ 5.1090651, 49.3172631 ], [ 5.1094483, 49.3170811 ], [ 5.1097765, 49.3172354 ], [ 5.1112572, 49.3170144 ], [ 5.1111759, 49.316675 ], [ 5.1155781, 49.3157832 ], [ 5.1169646, 49.3154127 ], [ 5.1175248, 49.3159586 ], [ 5.1171135, 49.3163615 ], [ 5.1204796, 49.317304199999988 ], [ 5.1209225, 49.3172353 ], [ 5.12081, 49.3180133 ], [ 5.1210924, 49.3182233 ], [ 5.1209959, 49.3189228 ], [ 5.1214703, 49.3189837 ], [ 5.1218648, 49.3189435 ], [ 5.1223984, 49.3190744 ], [ 5.1260222, 49.3190871 ], [ 5.1261714, 49.3187337 ], [ 5.1270942, 49.318695 ], [ 5.1290307, 49.318286799999989 ], [ 5.1297359, 49.3182429 ], [ 5.1313383, 49.3183054 ], [ 5.1327193, 49.3182379 ], [ 5.1358489, 49.3189739 ], [ 5.136181, 49.3186884 ], [ 5.1368072, 49.3188625 ], [ 5.1371658, 49.3182195 ], [ 5.1382064, 49.3175069 ], [ 5.1350135, 49.3167361 ], [ 5.1352695, 49.316207299999988 ], [ 5.1342613, 49.3160093 ], [ 5.1352435, 49.3139839 ], [ 5.1329721, 49.3135376 ], [ 5.1329904, 49.3132819 ], [ 5.1304207, 49.3133722 ], [ 5.1284932, 49.313327 ], [ 5.1275878, 49.3132189 ], [ 5.1276606, 49.3128157 ], [ 5.1273313, 49.3120013 ], [ 5.1278526, 49.3116999 ], [ 5.1279245, 49.3115422 ], [ 5.1278036, 49.3110785 ], [ 5.1294107, 49.3100619 ], [ 5.1309556, 49.310504 ], [ 5.1307729, 49.3112428 ], [ 5.131313, 49.3112 ], [ 5.1317708, 49.310594 ], [ 5.1324876, 49.3105993 ], [ 5.1329909, 49.3092343 ], [ 5.1370109, 49.3094312 ], [ 5.1371625, 49.3093053 ], [ 5.140042, 49.3095601 ], [ 5.1400127, 49.309316 ], [ 5.1424148, 49.3089389 ], [ 5.1429589, 49.3087584 ], [ 5.1439208, 49.3078123 ], [ 5.1445636, 49.3082218 ], [ 5.1483584, 49.3067101 ], [ 5.1495676, 49.305926 ], [ 5.1503703, 49.3055511 ], [ 5.1503597, 49.3053625 ], [ 5.1514198, 49.3050603 ], [ 5.1513949, 49.3048935 ], [ 5.1524851, 49.3042572 ], [ 5.1545206, 49.3025824 ], [ 5.1564533, 49.3011477 ], [ 5.1578006, 49.2997244 ], [ 5.1583945, 49.2999197 ], [ 5.1586289, 49.2991439 ], [ 5.161113, 49.2999511 ], [ 5.1607572, 49.3005815 ], [ 5.1634017, 49.3015387 ], [ 5.1638414, 49.3009714 ], [ 5.1668966, 49.3023735 ], [ 5.1694368, 49.3045391 ], [ 5.1702158, 49.3049127 ], [ 5.1705907, 49.3049995 ], [ 5.1722241, 49.304989 ], [ 5.1743068, 49.3051026 ], [ 5.1751703, 49.3048703 ], [ 5.1755846, 49.3048449 ], [ 5.1803749, 49.3063843 ], [ 5.1825086, 49.3065931 ], [ 5.1837869, 49.3068379 ], [ 5.1858094, 49.3078319 ], [ 5.186967, 49.3082417 ], [ 5.1861887, 49.3099662 ], [ 5.1878147, 49.3106553 ], [ 5.1887928, 49.310919 ], [ 5.1917244, 49.3114845 ], [ 5.1917855, 49.3132145 ], [ 5.1922265, 49.3138836 ], [ 5.193212, 49.3148055 ], [ 5.1968096, 49.3168543 ], [ 5.1973814, 49.3170066 ], [ 5.2003733, 49.3193613 ], [ 5.2020514, 49.3204862 ], [ 5.2039051, 49.3215666 ], [ 5.2051042, 49.3231301 ], [ 5.2058824, 49.3235071 ], [ 5.2072668, 49.3238694 ], [ 5.2090936, 49.3247317 ], [ 5.2100669, 49.3250034 ], [ 5.2102899, 49.3254238 ], [ 5.2116537, 49.3248557 ], [ 5.2144099, 49.3240651 ], [ 5.2151087, 49.3239344 ], [ 5.2156852, 49.3248663 ], [ 5.2168865, 49.3245187 ], [ 5.2185746, 49.3245192 ], [ 5.221426, 49.3255594 ], [ 5.2215443, 49.3281471 ], [ 5.2200524, 49.3281682 ], [ 5.2190863, 49.3280682 ], [ 5.2182742, 49.328316 ], [ 5.2173471, 49.3288348 ], [ 5.2162271, 49.3291854 ], [ 5.2150913, 49.3292989 ], [ 5.213868, 49.3295839 ], [ 5.2129522, 49.3300152 ], [ 5.2124993, 49.3303625 ], [ 5.2123339, 49.3306111 ], [ 5.2123348, 49.3312108 ], [ 5.2121175, 49.3313731 ], [ 5.2064395, 49.3325444 ], [ 5.2058807, 49.3327344 ], [ 5.2051581, 49.3331172 ], [ 5.2041594, 49.3334448 ], [ 5.2024101, 49.3339524 ], [ 5.2008202, 49.3342916 ], [ 5.2013651, 49.3348086 ], [ 5.2040229, 49.3338564 ], [ 5.2045887, 49.3343146 ], [ 5.2046537, 49.3345463 ], [ 5.205361, 49.3346108 ], [ 5.2101152, 49.3364105 ], [ 5.2120461, 49.3385343 ], [ 5.2133951, 49.3383504 ], [ 5.2138592, 49.338903 ], [ 5.2148277, 49.3396011 ], [ 5.2150647, 49.3396714 ], [ 5.2153327, 49.3400486 ], [ 5.2160138, 49.3401099 ], [ 5.2170193, 49.340033 ], [ 5.2178457, 49.3400817 ], [ 5.2208341, 49.3425572 ], [ 5.2216325, 49.3429131 ], [ 5.2224128, 49.3427836 ], [ 5.2228965, 49.3429599 ], [ 5.2233912, 49.3426226 ], [ 5.2241929, 49.3434361 ], [ 5.2287295, 49.3458973 ], [ 5.2307706, 49.3472652 ], [ 5.231079, 49.3476489 ], [ 5.2317575, 49.3494924 ], [ 5.2336125, 49.3486227 ], [ 5.2368809, 49.3465776 ], [ 5.2399553, 49.3454263 ], [ 5.2412051, 49.344511 ], [ 5.2415757, 49.3454043 ], [ 5.2442596, 49.3498346 ], [ 5.2427918, 49.3499176 ], [ 5.2422004, 49.349898 ], [ 5.2412057, 49.3496862 ], [ 5.2404561, 49.3496354 ], [ 5.2392623, 49.3497222 ], [ 5.2370178, 49.3508132 ], [ 5.2341964, 49.3516478 ], [ 5.2334126, 49.351825 ], [ 5.2330865, 49.3517654 ], [ 5.2318432, 49.3518226 ], [ 5.2319505, 49.3523934 ], [ 5.2324289, 49.353237899999989 ], [ 5.2339491, 49.3542008 ], [ 5.2340469, 49.3547421 ], [ 5.2340069, 49.3554713 ], [ 5.2338677, 49.3554361 ], [ 5.2338769, 49.3558082 ], [ 5.2335598, 49.3562736 ], [ 5.2335032, 49.3570336 ], [ 5.2340654, 49.3572354 ], [ 5.2360442, 49.3567393 ], [ 5.2365334, 49.3565297 ], [ 5.2372261, 49.3564396 ], [ 5.2404987, 49.3562881 ], [ 5.242085, 49.3563288 ], [ 5.2442049, 49.3567688 ], [ 5.246045, 49.3570116 ], [ 5.2463305, 49.3565503 ], [ 5.2464033, 49.3560706 ], [ 5.2497738, 49.3568082 ], [ 5.2529541, 49.3577588 ], [ 5.2589901, 49.359343 ], [ 5.2738241, 49.3629271 ], [ 5.2734679, 49.3692132 ], [ 5.2768167, 49.3700216 ], [ 5.2725541, 49.374098 ], [ 5.2736409, 49.3749462 ], [ 5.2742546, 49.3755884 ], [ 5.2760219, 49.3778437 ], [ 5.2776307, 49.3805597 ], [ 5.2781712, 49.381196 ], [ 5.2785249, 49.3818143 ], [ 5.2787379, 49.3827374 ], [ 5.2787641, 49.3840759 ], [ 5.2785333, 49.3852438 ], [ 5.2794134, 49.3856778 ], [ 5.280897, 49.3861156 ], [ 5.2822847, 49.3866262 ], [ 5.2854016, 49.3882651 ], [ 5.2861252, 49.388523 ], [ 5.2864988, 49.388872 ], [ 5.2873961, 49.3908064 ], [ 5.2884041, 49.392628 ], [ 5.2918546, 49.3975732 ], [ 5.2924932, 49.3987975 ], [ 5.2913973, 49.3995268 ], [ 5.2915449, 49.3997165 ], [ 5.2904636, 49.4017692 ], [ 5.2889984, 49.4020676 ], [ 5.2880914, 49.4025568 ], [ 5.2864891, 49.4039269 ], [ 5.2857214, 49.4044198 ], [ 5.2852028, 49.4046248 ], [ 5.2853915, 49.4048406 ], [ 5.2870198, 49.4057936 ], [ 5.2873413, 49.4062677 ], [ 5.2894045, 49.4062448 ], [ 5.2930184, 49.4065415 ], [ 5.2950921, 49.4073726 ], [ 5.2974321, 49.4077148 ], [ 5.2988327, 49.4078177 ], [ 5.3013766, 49.4076021 ], [ 5.302443, 49.4076609 ], [ 5.3036768, 49.4079468 ], [ 5.3066799, 49.4088787 ], [ 5.3077838, 49.4092784 ], [ 5.3114135, 49.4115165 ], [ 5.3170296, 49.4147677 ], [ 5.3186556, 49.4155566 ], [ 5.3169268, 49.4156994 ], [ 5.3124569, 49.4158182 ], [ 5.3103935, 49.4167667 ], [ 5.3081452, 49.4174984 ], [ 5.3072763, 49.4179781 ], [ 5.3064935, 49.4187169 ], [ 5.3061822, 49.4193082 ], [ 5.30563, 49.4216593 ], [ 5.3048267, 49.4222519 ], [ 5.3045125, 49.4237632 ], [ 5.3042894, 49.4243519 ], [ 5.3043481, 49.4248624 ], [ 5.3035471, 49.4263083 ], [ 5.3027547, 49.4271156 ], [ 5.3024193, 49.4282172 ], [ 5.3007191, 49.429351 ], [ 5.2992898, 49.4300355 ], [ 5.298367, 49.4310142 ], [ 5.2984607, 49.4315367 ], [ 5.2995585, 49.4339239 ], [ 5.3005919, 49.4358833 ], [ 5.2979482, 49.4359317 ], [ 5.2964622, 49.4364356 ], [ 5.2955666, 49.4372834 ], [ 5.294788, 49.4377577 ], [ 5.2935414, 49.4381257 ], [ 5.2912901, 49.4385361 ], [ 5.2900611, 49.4387437 ], [ 5.2891253, 49.4387533 ], [ 5.2886983, 49.4391354 ], [ 5.2894968, 49.4403495 ], [ 5.2932841, 49.445071299999988 ], [ 5.2945162, 49.447777 ], [ 5.2952704, 49.4506805 ], [ 5.2958305, 49.4519512 ], [ 5.2961929, 49.4537966 ], [ 5.2978006, 49.4573376 ], [ 5.2977338, 49.4579116 ], [ 5.2974564, 49.4583098 ], [ 5.2963801, 49.459290499999987 ], [ 5.2958071, 49.4601142 ], [ 5.2953685, 49.4616313 ], [ 5.2956339, 49.4624463 ], [ 5.2969387, 49.4639259 ], [ 5.2975289, 49.4648462 ], [ 5.2978716, 49.4658791 ], [ 5.2981995, 49.4663009 ], [ 5.2988171, 49.4668467 ], [ 5.2991973, 49.4676964 ], [ 5.2998037, 49.4683934 ], [ 5.3004293, 49.4694236 ], [ 5.3006508, 49.4700587 ], [ 5.298021, 49.4716642 ], [ 5.2944358, 49.4734738 ], [ 5.290061, 49.4759672 ], [ 5.288981, 49.4771538 ], [ 5.288127, 49.4776554 ], [ 5.2870531, 49.4784535 ], [ 5.2863587, 49.4786949 ], [ 5.2862523, 49.4791267 ], [ 5.2830804, 49.4810055 ], [ 5.2787351, 49.4827255 ], [ 5.2726996, 49.4846794 ], [ 5.2637915, 49.4868827 ], [ 5.2656038, 49.4893313 ], [ 5.26492, 49.4895688 ], [ 5.2661513, 49.4913558 ], [ 5.2659529, 49.4925553 ], [ 5.2652347, 49.492263 ], [ 5.2646723, 49.492813 ], [ 5.26645, 49.4934667 ], [ 5.2649459, 49.4948884 ], [ 5.2641124, 49.495457 ], [ 5.2658998, 49.4967695 ], [ 5.2623274, 49.4989681 ], [ 5.2630642, 49.4990218 ], [ 5.2626152, 49.4994536 ], [ 5.267412, 49.5006965 ], [ 5.2692082, 49.501294 ], [ 5.2709871, 49.5016248 ], [ 5.2742241, 49.5024264 ], [ 5.2778589, 49.5037922 ], [ 5.2789817, 49.5042683 ], [ 5.2812482, 49.5069015 ], [ 5.2807179, 49.5073349 ], [ 5.2795675, 49.5091359 ], [ 5.276565, 49.5128894 ], [ 5.2760218, 49.5138149 ], [ 5.2754431, 49.5162434 ], [ 5.2746321, 49.5177332 ], [ 5.2745441, 49.5195825 ], [ 5.2741575, 49.5211137 ], [ 5.2747576, 49.5227532 ], [ 5.2741788, 49.5228449 ], [ 5.2744655, 49.5237045 ], [ 5.2748254, 49.5241293 ], [ 5.2748532, 49.5243517 ], [ 5.2742902, 49.5247993 ], [ 5.2739253, 49.5257915 ], [ 5.2732026, 49.5270961 ], [ 5.2731201, 49.5277909 ], [ 5.2732307, 49.5283247 ], [ 5.274105, 49.528418 ], [ 5.2744402, 49.5286562 ], [ 5.2744499, 49.5289384 ], [ 5.2742127, 49.5295713 ], [ 5.2742298, 49.530051099999987 ], [ 5.274393, 49.5303366 ], [ 5.2747285, 49.53052 ], [ 5.2737369, 49.5308362 ], [ 5.2734672, 49.5312971 ], [ 5.2735812, 49.5315314 ], [ 5.2738558, 49.5316809 ], [ 5.2743111, 49.5317326 ], [ 5.2748506, 49.5316245 ], [ 5.2754329, 49.5320155 ], [ 5.2754253, 49.5322494 ], [ 5.2756168, 49.5324256 ], [ 5.2753526, 49.5336641 ], [ 5.2747077, 49.53423 ], [ 5.2748157, 49.5347351 ], [ 5.2719751, 49.5348522 ], [ 5.2718653, 49.5350259 ], [ 5.2723541, 49.5368931 ], [ 5.2723197, 49.5371159 ], [ 5.273051, 49.5392186 ], [ 5.2751569, 49.5421604 ], [ 5.2762321, 49.5445039 ], [ 5.2684607, 49.5451152 ], [ 5.2682201, 49.5442332 ], [ 5.266878, 49.5443797 ], [ 5.2663513, 49.542933 ], [ 5.2652402, 49.5430527 ], [ 5.2654757, 49.5438188 ], [ 5.2649017, 49.5438034 ], [ 5.2646003, 49.543141 ], [ 5.2639962, 49.5434175 ], [ 5.2636362, 49.5421449 ], [ 5.2630192, 49.5417815 ] ] ] ] } },
{ "type": "Feature", "properties": { "code_departement": 55.0, "code_rne": "0550022A", "multisecteur": 0.0 }, "geometry": { "type": "MultiPolygon", "coordinates": [ [ [ [ 5.2059107, 48.8410395 ], [ 5.2062541, 48.8410701 ], [ 5.207557, 48.8409696 ], [ 5.2096384, 48.8407485 ], [ 5.2143268, 48.8399051 ], [ 5.2148398, 48.8398857 ], [ 5.2134797, 48.8394089 ], [ 5.2111543, 48.8381824 ], [ 5.2151607, 48.8368208 ], [ 5.2184117, 48.8356153 ], [ 5.2196039, 48.8353529 ], [ 5.2192573, 48.8350229 ], [ 5.2224508, 48.8343914 ], [ 5.2233463, 48.8344566 ], [ 5.2232032, 48.8340094 ], [ 5.2245819, 48.8344786 ], [ 5.224803, 48.8341029 ], [ 5.2283456, 48.8349771 ], [ 5.2286104, 48.834445 ], [ 5.2300663, 48.8349621 ], [ 5.2317176, 48.8353956 ], [ 5.2320191, 48.834672 ], [ 5.2334416, 48.8352356 ], [ 5.2344077, 48.8342153 ], [ 5.2354477, 48.8347267 ], [ 5.2366489, 48.8350884 ], [ 5.2381663, 48.8352589 ], [ 5.2382039, 48.8348983 ], [ 5.2389494, 48.8349302 ], [ 5.2385997, 48.8369089 ], [ 5.2408061, 48.8370016 ], [ 5.2408115, 48.8373155 ], [ 5.2397995, 48.8373327 ], [ 5.2398238, 48.8377695 ], [ 5.2402643, 48.8377441 ], [ 5.2399922, 48.8382 ], [ 5.2393426, 48.8388455 ], [ 5.2396327, 48.839254 ], [ 5.2400579, 48.8391587 ], [ 5.2428107, 48.8413645 ], [ 5.2436036, 48.8417985 ], [ 5.243741, 48.8420776 ], [ 5.2450971, 48.8415987 ], [ 5.2462678, 48.841058499999988 ], [ 5.2472102, 48.8413566 ], [ 5.2483977, 48.8419001 ], [ 5.2473723, 48.8431232 ], [ 5.2504061, 48.8439974 ], [ 5.2501971, 48.8448398 ], [ 5.250304, 48.8459561 ], [ 5.2509622, 48.8457629 ], [ 5.2527915, 48.8450051 ], [ 5.2534855, 48.8455435 ], [ 5.2530136, 48.8458547 ], [ 5.2535516, 48.8469476 ], [ 5.2526674, 48.8473691 ], [ 5.2532372, 48.8477471 ], [ 5.2542038, 48.8482516 ], [ 5.2548655, 48.8483894 ], [ 5.2554486, 48.8484143 ], [ 5.2585732, 48.8476608 ], [ 5.2591111, 48.8483083 ], [ 5.2559688, 48.8493771 ], [ 5.2557938, 48.8507183 ], [ 5.2568381, 48.850907299999989 ], [ 5.2580197, 48.8508994 ], [ 5.2565304, 48.8532145 ], [ 5.2555571, 48.8533129 ], [ 5.2557402, 48.8545501 ], [ 5.2567758, 48.85589 ], [ 5.2562814, 48.8561855 ], [ 5.2556343, 48.8563875 ], [ 5.2545109, 48.8565148 ], [ 5.2533398, 48.8587537 ], [ 5.2730314, 48.862471199999987 ], [ 5.2734581, 48.8626251 ], [ 5.2736024, 48.862338 ], [ 5.2746902, 48.8626736 ], [ 5.2754617, 48.8628227 ], [ 5.2754967, 48.863154 ], [ 5.2752107, 48.8635688 ], [ 5.2756065, 48.863671 ], [ 5.2763831, 48.8624687 ], [ 5.2789357, 48.8629968 ], [ 5.279003, 48.862883 ], [ 5.2793882, 48.8630233 ], [ 5.2794693, 48.8631324 ], [ 5.2863829, 48.864996 ], [ 5.2851723, 48.8668995 ], [ 5.2859395, 48.8717035 ], [ 5.2862263, 48.875066499999988 ], [ 5.2876158, 48.87512 ], [ 5.2900811, 48.8753841 ], [ 5.2919626, 48.8757386 ], [ 5.291988, 48.8758505 ], [ 5.292174, 48.8758929 ], [ 5.2913403, 48.8777145 ], [ 5.2906325, 48.8786466 ], [ 5.2911292, 48.8788683 ], [ 5.2894333, 48.8814037 ], [ 5.2878774, 48.8805473 ], [ 5.2861742, 48.8816144 ], [ 5.2851394, 48.8824979 ], [ 5.2850522, 48.8827488 ], [ 5.2851272, 48.8827797 ], [ 5.2842865, 48.8839842 ], [ 5.2840056, 48.8856036 ], [ 5.2837413, 48.8860783 ], [ 5.283539, 48.8861928 ], [ 5.2828933, 48.8864012 ], [ 5.2813611, 48.8865843 ], [ 5.2800655, 48.886905 ], [ 5.2796769, 48.8870653 ], [ 5.2786223, 48.8876261 ], [ 5.2771546, 48.8885978 ], [ 5.2766467, 48.8894019 ], [ 5.2764659, 48.8895088 ], [ 5.2757048, 48.8895142 ], [ 5.2743356, 48.8896518 ], [ 5.2712649, 48.8892225 ], [ 5.2708683, 48.8893875 ], [ 5.2685787, 48.8919166 ], [ 5.2684709, 48.8926681 ], [ 5.268208, 48.8933352 ], [ 5.2674419, 48.8966416 ], [ 5.2690135, 48.8965713 ], [ 5.2702485, 48.8966676 ], [ 5.2721496, 48.8966765 ], [ 5.2717975, 48.8972365 ], [ 5.272517, 48.8979336 ], [ 5.2722125, 48.898149 ], [ 5.2723403, 48.8983867 ], [ 5.2729506, 48.8989896 ], [ 5.2735547, 48.8993542 ], [ 5.2726406, 48.9000463 ], [ 5.2733883, 48.9004819 ], [ 5.2741195, 48.8999139 ], [ 5.2750188, 48.9005715 ], [ 5.2743099, 48.9009287 ], [ 5.2742541, 48.9011196 ], [ 5.2755783, 48.9021632 ], [ 5.2758297, 48.9024814 ], [ 5.2754711, 48.9026447 ], [ 5.2755496, 48.9027242 ], [ 5.2767289, 48.9038201 ], [ 5.2772729, 48.9036208 ], [ 5.2775243, 48.903689799999988 ], [ 5.277956, 48.9042304 ], [ 5.278329, 48.9049259 ], [ 5.2790684, 48.9047328 ], [ 5.2806555, 48.9085936 ], [ 5.2809603, 48.9095693 ], [ 5.2799608, 48.9103378 ], [ 5.2792537, 48.9107093 ], [ 5.2799754, 48.9117931 ], [ 5.2799468, 48.9119178 ], [ 5.2794148, 48.9122689 ], [ 5.2798744, 48.9127901 ], [ 5.2798026, 48.9129579 ], [ 5.2800165, 48.9129484 ], [ 5.2804293, 48.9133975 ], [ 5.2807362, 48.9134853 ], [ 5.2812169, 48.9142084 ], [ 5.2811805, 48.9143738 ], [ 5.280201, 48.9149151 ], [ 5.2800781, 48.9159421 ], [ 5.2824404, 48.9170496 ], [ 5.2840114, 48.9176071 ], [ 5.2851986, 48.9181252 ], [ 5.286192, 48.9179002 ], [ 5.2858181, 48.9185875 ], [ 5.2881847, 48.9197559 ], [ 5.2878838, 48.9200216 ], [ 5.2891939, 48.9207874 ], [ 5.2896045, 48.9211214 ], [ 5.28863, 48.9214684 ], [ 5.2899305, 48.9227283 ], [ 5.29055, 48.9223503 ], [ 5.2908234, 48.9225124 ], [ 5.2912384, 48.9230406 ], [ 5.2921755, 48.9235787 ], [ 5.2924579, 48.9242867 ], [ 5.2936471, 48.9243827 ], [ 5.29353, 48.9245747 ], [ 5.2937827, 48.9246401 ], [ 5.2945724, 48.9251476 ], [ 5.2936996, 48.9255719 ], [ 5.2955433, 48.9270723 ], [ 5.2951656, 48.9272999 ], [ 5.2956226, 48.927786 ], [ 5.2959525, 48.9277428 ], [ 5.296527, 48.9275203 ], [ 5.297496, 48.9278193 ], [ 5.2980571, 48.9278796 ], [ 5.3008251, 48.9275818 ], [ 5.3026938, 48.926864 ], [ 5.3032934, 48.9264368 ], [ 5.3042503, 48.9271732 ], [ 5.3051547, 48.9267537 ], [ 5.3055965, 48.9269566 ], [ 5.3059036, 48.9264937 ], [ 5.3072003, 48.9271929 ], [ 5.3069327, 48.927656 ], [ 5.3081821, 48.9283957 ], [ 5.3104288, 48.9293033 ], [ 5.3145955, 48.9307361 ], [ 5.314142, 48.9311002 ], [ 5.3136605, 48.9312337 ], [ 5.3131735, 48.9320744 ], [ 5.3125292, 48.9335829 ], [ 5.3126861, 48.9337328 ], [ 5.313056, 48.9338831 ], [ 5.3142338, 48.9341761 ], [ 5.314478, 48.9344791 ], [ 5.3146714, 48.9350799 ], [ 5.315538, 48.9361122 ], [ 5.3170894, 48.936084 ], [ 5.3171621, 48.9361518 ], [ 5.3168269, 48.9363535 ], [ 5.316771, 48.9365696 ], [ 5.3180921, 48.9367051 ], [ 5.318218, 48.9369258 ], [ 5.3188598, 48.9374757 ], [ 5.3199312, 48.9382592 ], [ 5.3211247, 48.9394524 ], [ 5.3214851, 48.9394184 ], [ 5.3220427, 48.9391512 ], [ 5.3231874, 48.939892799999988 ], [ 5.3235886, 48.9395495 ], [ 5.3249973, 48.9401456 ], [ 5.3254073, 48.9396636 ], [ 5.3263951, 48.9399179 ], [ 5.3266788, 48.9398179 ], [ 5.3271658, 48.940019 ], [ 5.3279149, 48.9401888 ], [ 5.3297938, 48.9404564 ], [ 5.3316796, 48.9402083 ], [ 5.3330159, 48.9399187 ], [ 5.3337977, 48.9396291 ], [ 5.333771, 48.9393984 ], [ 5.3325614, 48.9384332 ], [ 5.3338386, 48.9380764 ], [ 5.3317826, 48.9369928 ], [ 5.3306113, 48.936635 ], [ 5.3310236, 48.9361457 ], [ 5.3344137, 48.9376541 ], [ 5.3352571, 48.9381882 ], [ 5.3374836, 48.9398406 ], [ 5.338665, 48.9413011 ], [ 5.3391648, 48.9413912 ], [ 5.3374009, 48.941951 ], [ 5.3370537, 48.9419758 ], [ 5.3371506, 48.9434025 ], [ 5.3378073, 48.945826 ], [ 5.3382687, 48.946489 ], [ 5.3402075, 48.9481731 ], [ 5.3407072, 48.9488353 ], [ 5.3412303, 48.9496231 ], [ 5.3416273, 48.9505833 ], [ 5.3417255, 48.9510969 ], [ 5.341471, 48.9514195 ], [ 5.3411107, 48.9516703 ], [ 5.3410964, 48.952018699999989 ], [ 5.3413126, 48.9530887 ], [ 5.3422491, 48.9548355 ], [ 5.3411447, 48.9558224 ], [ 5.341427, 48.9559626 ], [ 5.3407691, 48.9568256 ], [ 5.3413091, 48.956986 ], [ 5.3415035, 48.957176499999989 ], [ 5.3414215, 48.9576315 ], [ 5.34151, 48.9577755 ], [ 5.3411961, 48.9597851 ], [ 5.3413262, 48.9601559 ], [ 5.3411184, 48.9605468 ], [ 5.3419145, 48.9627201 ], [ 5.3411258, 48.9644124 ], [ 5.3358528, 48.9688712 ], [ 5.335091, 48.9696463 ], [ 5.334561, 48.9704734 ], [ 5.3334735, 48.9712071 ], [ 5.3317576, 48.9727096 ], [ 5.3293789, 48.9721989 ], [ 5.3267516, 48.9720583 ], [ 5.3245568, 48.9708936 ], [ 5.3239481, 48.9708784 ], [ 5.3213783, 48.9698199 ], [ 5.319407, 48.9714224 ], [ 5.3182393, 48.9726325 ], [ 5.3174659, 48.9732772 ], [ 5.3161498, 48.9742562 ], [ 5.3128771, 48.9764083 ], [ 5.3118611, 48.9769487 ], [ 5.3112446, 48.977468 ], [ 5.3111706, 48.9778005 ], [ 5.3097983, 48.9785034 ], [ 5.3108394, 48.9791734 ], [ 5.3106116, 48.9793361 ], [ 5.3095552, 48.978631299999989 ], [ 5.3089753, 48.978898 ], [ 5.308189, 48.9785173 ], [ 5.3080194, 48.9787914 ], [ 5.308629, 48.9795326 ], [ 5.3085644, 48.981647 ], [ 5.3083141, 48.9825658 ], [ 5.3079409, 48.983209 ], [ 5.3076392, 48.9834937 ], [ 5.3049753, 48.9870066 ], [ 5.301334, 48.9861751 ], [ 5.3000129, 48.9859432 ], [ 5.2987052, 48.9858585 ], [ 5.2951503, 48.9858033 ], [ 5.2931655, 48.985428399999989 ], [ 5.2930546, 48.9854871 ], [ 5.2931999, 48.985837 ], [ 5.2931202, 48.9859816 ], [ 5.2937349, 48.9875207 ], [ 5.2921214, 48.9870136 ], [ 5.290628, 48.9863746 ], [ 5.2896473, 48.985894099999989 ], [ 5.2876668, 48.984685899999988 ], [ 5.2853922, 48.9865762 ], [ 5.2865028, 48.9870894 ], [ 5.2848935, 48.988383 ], [ 5.2829357, 48.9874416 ], [ 5.2806528, 48.9886527 ], [ 5.2772478, 48.9900227 ], [ 5.2764798, 48.9893122 ], [ 5.2749554, 48.9898979 ], [ 5.2741634, 48.9902926 ], [ 5.2727342, 48.9892438 ], [ 5.2718191, 48.9894176 ], [ 5.2701992, 48.9904162 ], [ 5.2695885, 48.9909253 ], [ 5.268387, 48.9916775 ], [ 5.2668199, 48.9933579 ], [ 5.2664297, 48.9936558 ], [ 5.2645728, 48.9929245 ], [ 5.2645398, 48.992514 ], [ 5.2652223, 48.9924912 ], [ 5.266196, 48.991934 ], [ 5.2645861, 48.9907535 ], [ 5.2647739, 48.9904828 ], [ 5.2646952, 48.9901191 ], [ 5.2643337, 48.9899478 ], [ 5.2634952, 48.9901237 ], [ 5.2626432, 48.9897071 ], [ 5.2630545, 48.9888879 ], [ 5.2628635, 48.9887701 ], [ 5.2629238, 48.9884289 ], [ 5.262843, 48.988174 ], [ 5.2623789, 48.9877816 ], [ 5.2618832, 48.9874788 ], [ 5.2607349, 48.9870048 ], [ 5.2598816, 48.9867438 ], [ 5.2594583, 48.987036 ], [ 5.2587874, 48.9877341 ], [ 5.2582729, 48.9878482 ], [ 5.258005, 48.9877525 ], [ 5.2581894, 48.9872146 ], [ 5.2578627, 48.987151499999989 ], [ 5.2571178, 48.9872474 ], [ 5.2568229, 48.9863741 ], [ 5.2551208, 48.9857674 ], [ 5.2543387, 48.9861077 ], [ 5.2526202, 48.9845549 ], [ 5.2530199, 48.9839996 ], [ 5.2502167, 48.9828342 ], [ 5.2491579, 48.9852127 ], [ 5.2498009, 48.9851008 ], [ 5.250165, 48.9853009 ], [ 5.2506918, 48.985945 ], [ 5.251145, 48.9869413 ], [ 5.2507556, 48.9885238 ], [ 5.2507041, 48.9902996 ], [ 5.250574, 48.9911774 ], [ 5.2449467, 48.99043 ], [ 5.2421106, 48.9922102 ], [ 5.2419426, 48.9922458 ], [ 5.2417958, 48.9926137 ], [ 5.2406576, 48.9924992 ], [ 5.2403462, 48.9925383 ], [ 5.237188, 48.9936389 ], [ 5.2357321, 48.9940502 ], [ 5.2349745, 48.994013 ], [ 5.2349113, 48.993783 ], [ 5.2347401, 48.993743 ], [ 5.2340882, 48.9937803 ], [ 5.2335926, 48.9934126 ], [ 5.2331051, 48.9937743 ], [ 5.2330575, 48.993938899999989 ], [ 5.2330492, 48.994128 ], [ 5.2333036, 48.9944813 ], [ 5.2328151, 48.9946613 ], [ 5.2325184, 48.9946596 ], [ 5.2322056, 48.9949848 ], [ 5.2313774, 48.9953726 ], [ 5.2308274, 48.9957427 ], [ 5.2296579, 48.9949314 ], [ 5.229323, 48.9948054 ], [ 5.2289046, 48.9943886 ], [ 5.2280928, 48.994043 ], [ 5.2270543, 48.9939273 ], [ 5.2257278, 48.9933087 ], [ 5.2260929, 48.9922279 ], [ 5.2219983, 48.992184099999989 ], [ 5.2222415, 48.9930126 ], [ 5.2215576, 48.9935138 ], [ 5.2213642, 48.9941695 ], [ 5.2211124, 48.9941967 ], [ 5.2208785, 48.9947039 ], [ 5.2208774, 48.9954451 ], [ 5.2204962, 48.995514299999989 ], [ 5.220382, 48.9974171 ], [ 5.2199348, 48.9999082 ], [ 5.220045, 49.0010468 ], [ 5.2199744, 49.0012496 ], [ 5.2171702, 49.0015371 ], [ 5.217906, 49.0023448 ], [ 5.2177534, 49.0025492 ], [ 5.2180129, 49.0032145 ], [ 5.217842, 49.0035037 ], [ 5.2168842, 49.0044147 ], [ 5.2166319, 49.0048475 ], [ 5.2162819, 49.0058723 ], [ 5.2167095, 49.0060569 ], [ 5.2164518, 49.007483 ], [ 5.2165178, 49.0080682 ], [ 5.2164345, 49.0084557 ], [ 5.2159039, 49.008936 ], [ 5.2150757, 49.0090088 ], [ 5.2141017, 49.0094829 ], [ 5.2135533, 49.0096405 ], [ 5.2117527, 49.0100965 ], [ 5.2094746, 49.010259 ], [ 5.2086231, 49.0120387 ], [ 5.2089533, 49.0120848 ], [ 5.2087344, 49.0130153 ], [ 5.2075643, 49.0128659 ], [ 5.2073735, 49.0129783 ], [ 5.2079948, 49.013244799999988 ], [ 5.2085801, 49.013342 ], [ 5.2088493, 49.0137221 ], [ 5.2092491, 49.0138631 ], [ 5.2092758, 49.015005 ], [ 5.2092271, 49.0151454 ], [ 5.2086638, 49.0156325 ], [ 5.2091116, 49.0160308 ], [ 5.2091886, 49.0162345 ], [ 5.208769, 49.0167874 ], [ 5.2101242, 49.0172014 ], [ 5.2112148, 49.0176329 ], [ 5.2123068, 49.0183846 ], [ 5.2123947, 49.0185557 ], [ 5.2122942, 49.0188597 ], [ 5.2124344, 49.0192629 ], [ 5.2134498, 49.0209757 ], [ 5.2137392, 49.0212196 ], [ 5.2143201, 49.0214985 ], [ 5.2157213, 49.0225377 ], [ 5.217616, 49.0235381 ], [ 5.2205327, 49.0244782 ], [ 5.220942, 49.0242619 ], [ 5.2208518, 49.0240729 ], [ 5.2221048, 49.0239138 ], [ 5.2222118, 49.0237293 ], [ 5.2230106, 49.0236668 ], [ 5.2238826, 49.0234905 ], [ 5.2242831, 49.024059699999988 ], [ 5.2251212, 49.0244966 ], [ 5.2251018, 49.0248433 ], [ 5.2261808, 49.0248692 ], [ 5.2281353, 49.0245793 ], [ 5.228034, 49.0251182 ], [ 5.2286224, 49.0250605 ], [ 5.2286567, 49.0251894 ], [ 5.2290091, 49.0251468 ], [ 5.2290987, 49.025576 ], [ 5.2287613, 49.0268291 ], [ 5.2288641, 49.0271204 ], [ 5.2292599, 49.0277373 ], [ 5.2304012, 49.0288298 ], [ 5.2309989, 49.028287 ], [ 5.2315752, 49.0279795 ], [ 5.2318448, 49.0280446 ], [ 5.2320626, 49.0282421 ], [ 5.2325464, 49.028201599999989 ], [ 5.2328425, 49.0284066 ], [ 5.2342144, 49.0298635 ], [ 5.2362096, 49.0303886 ], [ 5.2377131, 49.0309605 ], [ 5.2385424, 49.0318563 ], [ 5.239114, 49.0326741 ], [ 5.2390781, 49.0328574 ], [ 5.2388097, 49.0331377 ], [ 5.2365529, 49.0353395 ], [ 5.2338466, 49.0377835 ], [ 5.232454, 49.0389024 ], [ 5.2312982, 49.039611099999988 ], [ 5.2305801, 49.040156 ], [ 5.228266, 49.0427923 ], [ 5.2279895, 49.0429504 ], [ 5.2275667, 49.0427262 ], [ 5.2270225, 49.0441701 ], [ 5.2269799, 49.0443589 ], [ 5.2272166, 49.0447395 ], [ 5.2282082, 49.0458761 ], [ 5.2274569, 49.0459395 ], [ 5.2265045, 49.0461631 ], [ 5.2265345, 49.0484878 ], [ 5.2267549, 49.0499257 ], [ 5.2262769, 49.0499471 ], [ 5.2263702, 49.0503358 ], [ 5.2257304, 49.0504484 ], [ 5.225281, 49.0506276 ], [ 5.2254255, 49.0510279 ], [ 5.2259832, 49.0518101 ], [ 5.2272024, 49.053304 ], [ 5.2277129, 49.0537506 ], [ 5.2282052, 49.0547292 ], [ 5.231225, 49.057449 ], [ 5.2322573, 49.0578382 ], [ 5.2320637, 49.0580469 ], [ 5.2312047, 49.0596811 ], [ 5.2273452, 49.0598822 ], [ 5.226329, 49.0605388 ], [ 5.2248158, 49.0607782 ], [ 5.2181526, 49.0588272 ], [ 5.2167187, 49.0585514 ], [ 5.2164401, 49.0584387 ], [ 5.2163898, 49.0581887 ], [ 5.2164287, 49.0579136 ], [ 5.2166691, 49.0576456 ], [ 5.2170228, 49.0574691 ], [ 5.2171017, 49.0572644 ], [ 5.2169161, 49.0537543 ], [ 5.2175705, 49.053118 ], [ 5.2175265, 49.0526645 ], [ 5.2164194, 49.0526679 ], [ 5.2153912, 49.0524656 ], [ 5.2147392, 49.0525172 ], [ 5.2141737, 49.0524466 ], [ 5.207658, 49.0497448 ], [ 5.2061278, 49.049352 ], [ 5.205489, 49.0492953 ], [ 5.2048581, 49.0493582 ], [ 5.2030164, 49.0492364 ], [ 5.1987899, 49.0491231 ], [ 5.1979514, 49.0483586 ], [ 5.1971551, 49.0484577 ], [ 5.1969171, 49.048427 ], [ 5.1965275, 49.0485673 ], [ 5.1928029, 49.048414 ], [ 5.1931292, 49.0472612 ], [ 5.1919893, 49.0469708 ], [ 5.1920214, 49.0468551 ], [ 5.1910595, 49.0465983 ], [ 5.1912059, 49.0461108 ], [ 5.1900663, 49.0457942 ], [ 5.189852, 49.0461301 ], [ 5.1875551, 49.0455621 ], [ 5.1874271, 49.0457047 ], [ 5.1863283, 49.0454126 ], [ 5.1864653, 49.0450917 ], [ 5.1839934, 49.0447517 ], [ 5.1827877, 49.0470583 ], [ 5.1825286, 49.0470783 ], [ 5.1821296, 49.0474832 ], [ 5.1811772, 49.0472882 ], [ 5.1807217, 49.047846899999989 ], [ 5.1772893, 49.0474775 ], [ 5.1768875, 49.0483708 ], [ 5.1757957, 49.0482124 ], [ 5.1748052, 49.0519417 ], [ 5.1752633, 49.0522599 ], [ 5.1751308, 49.0525925 ], [ 5.1746108, 49.052592 ], [ 5.1745355, 49.0537024 ], [ 5.1723238, 49.053209 ], [ 5.1718751, 49.0545232 ], [ 5.1692038, 49.0537089 ], [ 5.1686989, 49.0542352 ], [ 5.1684802, 49.0546017 ], [ 5.1693618, 49.0548367 ], [ 5.1689184, 49.0552297 ], [ 5.1678491, 49.0572836 ], [ 5.1682349, 49.0573783 ], [ 5.1694806, 49.0574476 ], [ 5.1694342, 49.0589569 ], [ 5.1682356, 49.0590316 ], [ 5.1643043, 49.0586302 ], [ 5.1640585, 49.0587093 ], [ 5.1638737, 49.0593648 ], [ 5.1615659, 49.0590996 ], [ 5.1611947, 49.0596505 ], [ 5.1602696, 49.0595565 ], [ 5.1583502, 49.0588561 ], [ 5.1577316, 49.0597442 ], [ 5.1586438, 49.0598582 ], [ 5.1600894, 49.0603243 ], [ 5.160405, 49.061953 ], [ 5.1601623, 49.0620752 ], [ 5.1600675, 49.0622972 ], [ 5.1603166, 49.0625257 ], [ 5.1609055, 49.0628282 ], [ 5.160798, 49.0630739 ], [ 5.1598982, 49.0628004 ], [ 5.1535646, 49.0615118 ], [ 5.1521737, 49.060944 ], [ 5.1507187, 49.0599545 ], [ 5.1441226, 49.0585928 ], [ 5.1406272, 49.0585643 ], [ 5.1407652, 49.0581616 ], [ 5.134625, 49.0568568 ], [ 5.1331059, 49.0581557 ], [ 5.1313094, 49.0586706 ], [ 5.1305829, 49.058777 ], [ 5.129914, 49.0583526 ], [ 5.1298676, 49.058089 ], [ 5.1321605, 49.057067 ], [ 5.1323108, 49.0568934 ], [ 5.1322408, 49.0562228 ], [ 5.131669, 49.055731 ], [ 5.1321783, 49.0552012 ], [ 5.1322134, 49.0550234 ], [ 5.1316477, 49.0548445 ], [ 5.1316707, 49.0544069 ], [ 5.1311133, 49.0541965 ], [ 5.1291341, 49.0541569 ], [ 5.1289902, 49.0530855 ], [ 5.127652, 49.0524903 ], [ 5.1263359, 49.0524345 ], [ 5.1239041, 49.051498 ], [ 5.1223881, 49.0510373 ], [ 5.1218295, 49.0509653 ], [ 5.1202609, 49.0509561 ], [ 5.1198373, 49.0511408 ], [ 5.1196202, 49.0514531 ], [ 5.1183113, 49.0514384 ], [ 5.1138475, 49.0510404 ], [ 5.1120897, 49.0507223 ], [ 5.1117317, 49.0506 ], [ 5.1111135, 49.0510804 ], [ 5.1109238, 49.051126 ], [ 5.1087968, 49.0511157 ], [ 5.1041572, 49.049721 ], [ 5.1007691, 49.0490499 ], [ 5.0993218, 49.0489277 ], [ 5.0986953, 49.0487624 ], [ 5.0972879, 49.048679 ], [ 5.0947669, 49.0487365 ], [ 5.0935254, 49.0486277 ], [ 5.0923271, 49.0487062 ], [ 5.0912517, 49.0488104 ], [ 5.0904035, 49.0490887 ], [ 5.0890525, 49.0491482 ], [ 5.0884461, 49.0492774 ], [ 5.0876431, 49.04959 ], [ 5.0870821, 49.05017 ], [ 5.0859292, 49.0506992 ], [ 5.0851275, 49.0527144 ], [ 5.0851462, 49.0532816 ], [ 5.0847164, 49.0538234 ], [ 5.0841119, 49.0541739 ], [ 5.0824509, 49.0554125 ], [ 5.082299, 49.0556526 ], [ 5.0821985, 49.058126 ], [ 5.0810428, 49.0589313 ], [ 5.0806566, 49.0594714 ], [ 5.0805223, 49.0600125 ], [ 5.0805521, 49.060586699999988 ], [ 5.0812308, 49.0622866 ], [ 5.0816673, 49.0626937 ], [ 5.0832364, 49.0638286 ], [ 5.0843413, 49.0644499 ], [ 5.0848906, 49.0645609 ], [ 5.0794589, 49.0641801 ], [ 5.0775527, 49.0638524 ], [ 5.0762348, 49.0638248 ], [ 5.0735065, 49.0633385 ], [ 5.0705578, 49.0630206 ], [ 5.0692417, 49.0630388 ], [ 5.0677927, 49.0631888 ], [ 5.0671157, 49.0631689 ], [ 5.0639543, 49.0628015 ], [ 5.0628335, 49.0622568 ], [ 5.0621033, 49.0617935 ], [ 5.0615009, 49.0615817 ], [ 5.0580388, 49.0597728 ], [ 5.0575097, 49.0596857 ], [ 5.0560314, 49.0591992 ], [ 5.0548645, 49.0589367 ], [ 5.0530134, 49.0580545 ], [ 5.052009, 49.0580249 ], [ 5.05046, 49.0576862 ], [ 5.0492095, 49.0580772 ], [ 5.0486865, 49.0585943 ], [ 5.0479124, 49.0589187 ], [ 5.0473195, 49.0593282 ], [ 5.04648, 49.0596285 ], [ 5.045738, 49.0597626 ], [ 5.0450015, 49.0600009 ], [ 5.0444988, 49.0602703 ], [ 5.0433997, 49.0610688 ], [ 5.0429098, 49.0612444 ], [ 5.0417575, 49.0613873 ], [ 5.0413218, 49.0615853 ], [ 5.0405823, 49.0624452 ], [ 5.0395765, 49.0628697 ], [ 5.0374073, 49.0646883 ], [ 5.0365149, 49.0650371 ], [ 5.0361419, 49.065057 ], [ 5.0354792, 49.0653299 ], [ 5.0340359, 49.0653859 ], [ 5.0323683, 49.0652 ], [ 5.0316377, 49.0658735 ], [ 5.0306503, 49.0661069 ], [ 5.0305495, 49.0662255 ], [ 5.0308778, 49.066533 ], [ 5.0309657, 49.0670307 ], [ 5.0313424, 49.0673158 ], [ 5.0313138, 49.0674961 ], [ 5.0310757, 49.067707 ], [ 5.0303226, 49.0680507 ], [ 5.0300494, 49.0683108 ], [ 5.0295234, 49.0684771 ], [ 5.0284874, 49.0691134 ], [ 5.0278295, 49.0694069 ], [ 5.0269068, 49.070107 ], [ 5.0265902, 49.0704487 ], [ 5.0246908, 49.0710627 ], [ 5.0241571, 49.0713127 ], [ 5.0232255, 49.0721019 ], [ 5.0227426, 49.0723583 ], [ 5.0220298, 49.0725457 ], [ 5.0217434, 49.0722905 ], [ 5.0213638, 49.072422 ], [ 5.0210984, 49.0728123 ], [ 5.0207444, 49.0729675 ], [ 5.0204242, 49.0730071 ], [ 5.020219, 49.0729062 ], [ 5.0199072, 49.07288 ], [ 5.019395, 49.0733329 ], [ 5.0191869, 49.073403 ], [ 5.0188056, 49.0733833 ], [ 5.0182108, 49.0729445 ], [ 5.0178956, 49.0729012 ], [ 5.0174569, 49.0731676 ], [ 5.0161589, 49.073586 ], [ 5.0159779, 49.073683499999987 ], [ 5.015906, 49.0739123 ], [ 5.0155124, 49.07407 ], [ 5.0153281, 49.0739786 ], [ 5.0152768, 49.07308 ], [ 5.0127759, 49.0726651 ], [ 5.0093592, 49.0718264 ], [ 5.0089706, 49.0716197 ], [ 5.0091488, 49.0713415 ], [ 5.0094653, 49.0711024 ], [ 5.0090825, 49.0709379 ], [ 5.0089491, 49.0707818 ], [ 5.0094001, 49.0706205 ], [ 5.008753, 49.0698884 ], [ 5.0081833, 49.0699528 ], [ 5.0076068, 49.0693121 ], [ 5.0066622, 49.0686038 ], [ 5.0054913, 49.0665016 ], [ 5.0049152, 49.065905 ], [ 5.0077601, 49.06436 ], [ 5.007856, 49.0636901 ], [ 5.0077626, 49.0626564 ], [ 5.0080837, 49.0620403 ], [ 5.0067124, 49.0615505 ], [ 5.0065043, 49.0611942 ], [ 5.0059763, 49.0609908 ], [ 5.0063027, 49.0600877 ], [ 5.0057401, 49.0598731 ], [ 5.0061002, 49.0589209 ], [ 5.0054358, 49.059295399999989 ], [ 5.0052307, 49.0592997 ], [ 5.0044681, 49.0586891 ], [ 5.0024322, 49.0566858 ], [ 5.0004901, 49.0549436 ], [ 5.0034114, 49.0535475 ], [ 4.9758292, 49.029427 ], [ 4.9740553, 49.0277769 ], [ 4.9732711, 49.0275847 ], [ 4.9724061, 49.0272103 ], [ 4.9716455, 49.0270996 ], [ 4.9713326, 49.0269285 ], [ 4.970978, 49.0266671 ], [ 4.9708014, 49.0259064 ], [ 4.9699412, 49.0251164 ], [ 4.969438, 49.0249025 ], [ 4.9686782, 49.0247396 ], [ 4.9660699, 49.0222827 ], [ 4.9653216, 49.0217013 ], [ 4.9657245, 49.021325 ], [ 4.9660645, 49.021236699999989 ], [ 4.9666061, 49.0212395 ], [ 4.9669318, 49.0209536 ], [ 4.9673104, 49.0214897 ], [ 4.9686518, 49.0228547 ], [ 4.9698953, 49.0222856 ], [ 4.9707493, 49.0221196 ], [ 4.971414, 49.0217597 ], [ 4.9730633, 49.0223344 ], [ 4.9730447, 49.0232494 ], [ 4.9746638, 49.0238884 ], [ 4.976549, 49.024406 ], [ 4.9780153, 49.0250538 ], [ 4.9799027, 49.0255552 ], [ 4.983103, 49.026158 ], [ 4.98783, 49.0272276 ], [ 4.9883528, 49.027415 ], [ 4.9906193, 49.027952199999987 ], [ 4.9921889, 49.0281124 ], [ 4.9930726, 49.0283639 ], [ 4.993454, 49.0287147 ], [ 4.9935251, 49.0288925 ], [ 4.9944331, 49.029597 ], [ 4.997542, 49.0312966 ], [ 4.9995339, 49.0321898 ], [ 5.0015059, 49.0328873 ], [ 5.0033118, 49.0333879 ], [ 5.0050078, 49.034054 ], [ 5.0093104, 49.035334 ], [ 5.0153339, 49.0341033 ], [ 5.0195482, 49.0311362 ], [ 5.0201802, 49.0307864 ], [ 5.032949, 49.0260196 ], [ 5.0355017, 49.0243545 ], [ 5.0365233, 49.0244586 ], [ 5.0365263, 49.0238362 ], [ 5.0352713, 49.0225613 ], [ 5.0354683, 49.0224221 ], [ 5.0357203, 49.0220113 ], [ 5.0343955, 49.0215022 ], [ 5.0336209, 49.02107 ], [ 5.0334542, 49.0207589 ], [ 5.0335128, 49.0205781 ], [ 5.0341493, 49.020453 ], [ 5.0345411, 49.0206443 ], [ 5.0351513, 49.0207554 ], [ 5.0356398, 49.0206562 ], [ 5.0354221, 49.0191857 ], [ 5.0365203, 49.0193254 ], [ 5.0370055, 49.0195267 ], [ 5.0396523, 49.0196787 ], [ 5.0396805, 49.0182715 ], [ 5.0395726, 49.0175096 ], [ 5.0382424, 49.0177634 ], [ 5.0368989, 49.0178555 ], [ 5.0359272, 49.0177658 ], [ 5.0361119, 49.0166887 ], [ 5.0364478, 49.0161172 ], [ 5.0367516, 49.015773 ], [ 5.0374834, 49.0152199 ], [ 5.0373976, 49.0143228 ], [ 5.0374759, 49.0136343 ], [ 5.0385878, 49.0120017 ], [ 5.0383731, 49.0118273 ], [ 5.0384937, 49.0105812 ], [ 5.0380564, 49.0105868 ], [ 5.03736, 49.0097387 ], [ 5.0361677, 49.009079 ], [ 5.0357874, 49.0083748 ], [ 5.0353387, 49.0083357 ], [ 5.0348523, 49.0081361 ], [ 5.0345259, 49.0076577 ], [ 5.0341822, 49.007435099999988 ], [ 5.0339418, 49.0069525 ], [ 5.0330761, 49.0064572 ], [ 5.0329666, 49.0062108 ], [ 5.031855, 49.0060704 ], [ 5.0313508, 49.006114 ], [ 5.031571, 49.0056947 ], [ 5.0315678, 49.0016632 ], [ 5.0317942, 49.0007401 ], [ 5.0317897, 48.9996131 ], [ 5.0325759, 48.998533 ], [ 5.03344, 48.9977313 ], [ 5.0355271, 48.9981411 ], [ 5.0366178, 48.9981002 ], [ 5.036906, 48.9979909 ], [ 5.0390355, 48.998120299999989 ], [ 5.0392925, 48.9976688 ], [ 5.0393027, 48.9975787 ], [ 5.0380672, 48.9976573 ], [ 5.0351294, 48.9972034 ], [ 5.0349293, 48.9950597 ], [ 5.0346574, 48.9949932 ], [ 5.0344647, 48.9935978 ], [ 5.0326702, 48.9938846 ], [ 5.0303063, 48.9946091 ], [ 5.0297904, 48.9946646 ], [ 5.0260424, 48.9942827 ], [ 5.0226829, 48.9942593 ], [ 5.0217489, 48.9945665 ], [ 5.0207284, 48.9946521 ], [ 5.0196432, 48.9952883 ], [ 5.0193353, 48.9952449 ], [ 5.0189273, 48.9954047 ], [ 5.0183763, 48.9957891 ], [ 5.0177867, 48.9960589 ], [ 5.0170744, 48.9945795 ], [ 5.0138253, 48.9952521 ], [ 5.0138499, 48.994264 ], [ 5.0121217, 48.9942202 ], [ 5.0122146, 48.9936879 ], [ 5.010722, 48.9936212 ], [ 5.010566, 48.9933674 ], [ 5.0091768, 48.9932864 ], [ 5.0092237, 48.9930859 ], [ 5.0070463, 48.9928039 ], [ 5.0068111, 48.9928735 ], [ 5.0065111, 48.9933175 ], [ 5.004729, 48.9931485 ], [ 5.003746, 48.9910889 ], [ 5.0013802, 48.9902424 ], [ 5.0021424, 48.9880672 ], [ 5.0021751, 48.98707 ], [ 5.0006907, 48.9870327 ], [ 4.9988049, 48.9866135 ], [ 4.9951737, 48.9848048 ], [ 4.9936857, 48.9842053 ], [ 4.9953583, 48.9825989 ], [ 4.9957499, 48.9825132 ], [ 4.9973733, 48.9836807 ], [ 4.9983388, 48.9836619 ], [ 5.0006796, 48.9837974 ], [ 5.0009317, 48.9835297 ], [ 5.0016402, 48.9836878 ], [ 5.0036265, 48.9836295 ], [ 5.0041662, 48.9838031 ], [ 5.0051241, 48.9828093 ], [ 5.0058615, 48.9815898 ], [ 5.0057824, 48.9813825 ], [ 5.0059191, 48.980781099999987 ], [ 5.0061243, 48.9804692 ], [ 5.00618, 48.979893399999987 ], [ 5.0066748, 48.9799328 ], [ 5.0069144, 48.9795906 ], [ 5.0071645, 48.9794848 ], [ 5.0073373, 48.9789683 ], [ 5.0082907, 48.979241 ], [ 5.0096046, 48.9798928 ], [ 5.0103998, 48.9800674 ], [ 5.0142859, 48.9813947 ], [ 5.0159935, 48.981626 ], [ 5.0164861, 48.9818165 ], [ 5.0165524, 48.9800748 ], [ 5.0169558, 48.9799763 ], [ 5.0172471, 48.9775877 ], [ 5.0177181, 48.9776112 ], [ 5.0182119, 48.977835 ], [ 5.0188253, 48.9778651 ], [ 5.0194302, 48.978311 ], [ 5.0197264, 48.9783735 ], [ 5.0205417, 48.9782554 ], [ 5.0227779, 48.9783751 ], [ 5.0231399, 48.9785822 ], [ 5.023255, 48.9787656 ], [ 5.0240547, 48.9785623 ], [ 5.0244135, 48.9789322 ], [ 5.0246973, 48.9789562 ], [ 5.0249487, 48.9788503 ], [ 5.0253483, 48.9788643 ], [ 5.0257675, 48.9789948 ], [ 5.0272861, 48.97897 ], [ 5.0279606, 48.9796207 ], [ 5.0290645, 48.979647899999989 ], [ 5.0291411, 48.97958 ], [ 5.0290928, 48.9793937 ], [ 5.0293864, 48.9792476 ], [ 5.0297704, 48.9793535 ], [ 5.0306138, 48.9790451 ], [ 5.030886, 48.9791205 ], [ 5.0321985, 48.978823 ], [ 5.0334006, 48.9777277 ], [ 5.0333707, 48.9775915 ], [ 5.0343688, 48.9771869 ], [ 5.0352733, 48.9777418 ], [ 5.0363046, 48.9769984 ], [ 5.0362712, 48.9766347 ], [ 5.0366943, 48.9761004 ], [ 5.0369388, 48.9755736 ], [ 5.0372181, 48.9753089 ], [ 5.0377741, 48.9754803 ], [ 5.0379023, 48.9754394 ], [ 5.0379063, 48.9752621 ], [ 5.0380405, 48.9751294 ], [ 5.0381674, 48.9752991 ], [ 5.0386573, 48.975351 ], [ 5.0387743, 48.9752699 ], [ 5.0384637, 48.9751195 ], [ 5.0386831, 48.9749638 ], [ 5.0383882, 48.9747628 ], [ 5.0384084, 48.974686 ], [ 5.0394946, 48.9743347 ], [ 5.0391392, 48.9740178 ], [ 5.0390336, 48.9737624 ], [ 5.0385788, 48.9735947 ], [ 5.0384381, 48.973213 ], [ 5.0386534, 48.9731616 ], [ 5.0387202, 48.9730184 ], [ 5.0386495, 48.9729593 ], [ 5.0382949, 48.9730094 ], [ 5.0382853, 48.9729052 ], [ 5.0378465, 48.9726572 ], [ 5.0377265, 48.9724182 ], [ 5.0379687, 48.9720786 ], [ 5.0373037, 48.9718461 ], [ 5.0371911, 48.9716924 ], [ 5.0372246, 48.9712924 ], [ 5.0370359, 48.9711481 ], [ 5.0368145, 48.9703117 ], [ 5.0362725, 48.9696598 ], [ 5.036209, 48.9693982 ], [ 5.0354373, 48.9686377 ], [ 5.0350206, 48.968464 ], [ 5.035266, 48.9683456 ], [ 5.0350895, 48.96778 ], [ 5.03514, 48.9675696 ], [ 5.0347899, 48.9673857 ], [ 5.0347665, 48.9671388 ], [ 5.0344661, 48.9672455 ], [ 5.0342726, 48.9672236 ], [ 5.0333472, 48.9666204 ], [ 5.0331547, 48.966379 ], [ 5.0334521, 48.9662283 ], [ 5.0327719, 48.9654635 ], [ 5.0324848, 48.964829699999989 ], [ 5.032039, 48.9645737 ], [ 5.0315062, 48.9637354 ], [ 5.0315239, 48.9635237 ], [ 5.0318987, 48.9632223 ], [ 5.0306608, 48.9625875 ], [ 5.0316286, 48.961904499999989 ], [ 5.0313801, 48.9617675 ], [ 5.0315955, 48.9614068 ], [ 5.0311656, 48.961030799999989 ], [ 5.0311952, 48.9609143 ], [ 5.0315023, 48.9604899 ], [ 5.0316617, 48.960409 ], [ 5.0320501, 48.9604545 ], [ 5.0319028, 48.9597275 ], [ 5.0310798, 48.9588347 ], [ 5.0306892, 48.957895 ], [ 5.0320854, 48.9576879 ], [ 5.0318546, 48.957269 ], [ 5.0297974, 48.9571653 ], [ 5.029727, 48.9550814 ], [ 5.0309472, 48.9543222 ], [ 5.0292962, 48.9535613 ], [ 5.0274106, 48.9523176 ], [ 5.0266565, 48.9520344 ], [ 5.0259526, 48.9519879 ], [ 5.0251413, 48.9517065 ], [ 5.0244418, 48.9513855 ], [ 5.0241391, 48.9510137 ], [ 5.0232458, 48.9513616 ], [ 5.022023, 48.951177199999989 ], [ 5.0219757, 48.9506284 ], [ 5.0221679, 48.9499505 ], [ 5.0226137, 48.9490533 ], [ 5.0224969, 48.9485776 ], [ 5.0221636, 48.9484015 ], [ 5.0216577, 48.9477894 ], [ 5.0215665, 48.947128899999989 ], [ 5.0214289, 48.9470313 ], [ 5.0166139, 48.9466906 ], [ 5.0162398, 48.9464117 ], [ 5.0157797, 48.9463097 ], [ 5.0150779, 48.9463134 ], [ 5.0142056, 48.9458666 ], [ 5.0143656, 48.945729 ], [ 5.0141383, 48.9455727 ], [ 5.0148397, 48.9451363 ], [ 5.0140857, 48.9447091 ], [ 5.0140051, 48.9444964 ], [ 5.0140971, 48.944439 ], [ 5.0145779, 48.9445128 ], [ 5.0147134, 48.9443792 ], [ 5.014779, 48.9440642 ], [ 5.0153148, 48.9439688 ], [ 5.0146662, 48.9435137 ], [ 5.0144618, 48.9432068 ], [ 5.0144243, 48.9429448 ], [ 5.0147263, 48.942772399999988 ], [ 5.0150853, 48.9430173 ], [ 5.0153267, 48.9430799 ], [ 5.0162843, 48.9429468 ], [ 5.0161405, 48.9425822 ], [ 5.0157189, 48.9425578 ], [ 5.0155722, 48.9424721 ], [ 5.0158189, 48.9421082 ], [ 5.0154753, 48.9419439 ], [ 5.0150793, 48.9419101 ], [ 5.0150094, 48.9418339 ], [ 5.0151215, 48.9417313 ], [ 5.0150663, 48.9413985 ], [ 5.0152609, 48.9412756 ], [ 5.015244, 48.9408387 ], [ 5.0153927, 48.9406599 ], [ 5.0157179, 48.9406301 ], [ 5.015717, 48.9405348 ], [ 5.015316, 48.9401943 ], [ 5.0157281, 48.9401514 ], [ 5.015394, 48.9397765 ], [ 5.0156494, 48.9394259 ], [ 5.0155316, 48.9393109 ], [ 5.0154522, 48.9388481 ], [ 5.0149646, 48.9387726 ], [ 5.0147533, 48.9389237 ], [ 5.0143488, 48.9388801 ], [ 5.0143252, 48.9387645 ], [ 5.0145946, 48.9385621 ], [ 5.0142355, 48.9385294 ], [ 5.0140755, 48.9384179 ], [ 5.0140932, 48.9382754 ], [ 5.0143602, 48.9380452 ], [ 5.0141256, 48.9375238 ], [ 5.0139648, 48.9374977 ], [ 5.013617, 48.9376133 ], [ 5.0133713, 48.9374753 ], [ 5.0133192, 48.9373628 ], [ 5.013468, 48.9371147 ], [ 5.0129672, 48.9368416 ], [ 5.012513, 48.9362879 ], [ 5.0123565, 48.9358785 ], [ 5.0117765, 48.9353935 ], [ 5.011597, 48.9350943 ], [ 5.0109395, 48.9344747 ], [ 5.0103501, 48.9342022 ], [ 5.0093634, 48.9335791 ], [ 5.0090377, 48.9335225 ], [ 5.00873, 48.9332992 ], [ 5.0090634, 48.9332711 ], [ 5.0089498, 48.9326973 ], [ 5.0093466, 48.9327554 ], [ 5.0095617, 48.9326673 ], [ 5.0099292, 48.9324623 ], [ 5.0098525, 48.9321739 ], [ 5.010218, 48.9322686 ], [ 5.0103729, 48.9322138 ], [ 5.0102211, 48.9320301 ], [ 5.0107978, 48.9319044 ], [ 5.0102718, 48.9314697 ], [ 5.0095527, 48.9312686 ], [ 5.0094461, 48.930701 ], [ 5.0098486, 48.9305881 ], [ 5.010181, 48.9303216 ], [ 5.0107747, 48.9302469 ], [ 5.0109046, 48.9300055 ], [ 5.0116908, 48.9297179 ], [ 5.0122162, 48.9292188 ], [ 5.0120227, 48.9288398 ], [ 5.0116275, 48.928787 ], [ 5.0118515, 48.9283308 ], [ 5.0114078, 48.928331 ], [ 5.0113556, 48.9280396 ], [ 5.011083, 48.9279443 ], [ 5.0109159, 48.9276826 ], [ 5.0109449, 48.927621 ], [ 5.0114501, 48.9275171 ], [ 5.0113362, 48.9273958 ], [ 5.0110052, 48.9273438 ], [ 5.0107321, 48.9271316 ], [ 5.0105712, 48.9267484 ], [ 5.0102813, 48.9268414 ], [ 5.0100224, 48.9266406 ], [ 5.0099822, 48.9265918 ], [ 5.0102267, 48.9264177 ], [ 5.0101997, 48.926285 ], [ 5.0098051, 48.9262476 ], [ 5.0096307, 48.9260427 ], [ 5.0095151, 48.9258773 ], [ 5.0096164, 48.9256723 ], [ 5.0095419, 48.9254055 ], [ 5.0096323, 48.9253419 ], [ 5.0093226, 48.925241 ], [ 5.0096588, 48.9250392 ], [ 5.0095197, 48.924903 ], [ 5.0096909, 48.9248444 ], [ 5.0099095, 48.9244629 ], [ 5.0102048, 48.9243671 ], [ 5.0105102, 48.9241101 ], [ 5.0109142, 48.924285 ], [ 5.0112725, 48.9241603 ], [ 5.0115243, 48.9241749 ], [ 5.0124359, 48.9244511 ], [ 5.0127403, 48.9242391 ], [ 5.0135178, 48.9241531 ], [ 5.013844, 48.9241872 ], [ 5.0139134, 48.9241096 ], [ 5.0133447, 48.9240193 ], [ 5.0135339, 48.9238641 ], [ 5.0134899, 48.9233971 ], [ 5.0136672, 48.9233932 ], [ 5.0137977, 48.9232732 ], [ 5.0135066, 48.9231215 ], [ 5.0136447, 48.9227405 ], [ 5.0134968, 48.9225172 ], [ 5.0136025, 48.922356199999989 ], [ 5.0142184, 48.9221497 ], [ 5.0143034, 48.9219828 ], [ 5.0147787, 48.9220962 ], [ 5.0149336, 48.9220442 ], [ 5.0150237, 48.9219734 ], [ 5.0150122, 48.9217469 ], [ 5.0151549, 48.9216959 ], [ 5.01542, 48.9217724 ], [ 5.0155677, 48.9216035 ], [ 5.0159103, 48.921568 ], [ 5.016079, 48.9214132 ], [ 5.0163917, 48.921379099999989 ], [ 5.016328, 48.9211814 ], [ 5.0164386, 48.9210752 ], [ 5.0169968, 48.9211791 ], [ 5.0170454, 48.9211306 ], [ 5.0169093, 48.9206823 ], [ 5.0167379, 48.9205916 ], [ 5.0164577, 48.9197723 ], [ 5.0166456, 48.9178576 ], [ 5.0168103, 48.9172485 ], [ 5.0165422, 48.9167043 ], [ 5.016162, 48.9164039 ], [ 5.0159365, 48.9160785 ], [ 5.0155217, 48.9157301 ], [ 5.0146205, 48.9153315 ], [ 5.0140473, 48.914805 ], [ 5.0136009, 48.9140955 ], [ 5.013505, 48.9135583 ], [ 5.0140218, 48.9111145 ], [ 5.0124572, 48.9107108 ], [ 5.0113315, 48.9106101 ], [ 5.0106759, 48.910631 ], [ 5.0097661, 48.9107839 ], [ 5.0071448, 48.9114314 ], [ 5.0059771, 48.9091094 ], [ 5.0047324, 48.9082217 ], [ 5.0033699, 48.9070373 ], [ 5.0029933, 48.9070022 ], [ 5.0025584, 48.9070832 ], [ 5.0016052, 48.9064641 ], [ 4.999503, 48.9053091 ], [ 4.996265, 48.904567 ], [ 4.9958832, 48.903295 ], [ 4.9955975, 48.9029598 ], [ 4.9953759, 48.9029113 ], [ 4.9950767, 48.9025438 ], [ 4.9949123, 48.9020284 ], [ 4.9953469, 48.9019402 ], [ 4.9953112, 48.9016512 ], [ 4.9968995, 48.9015437 ], [ 4.9965654, 48.9001981 ], [ 4.9970103, 48.9001286 ], [ 4.9966708, 48.8989604 ], [ 4.9969888, 48.89875 ], [ 4.9968899, 48.8983774 ], [ 4.9972368, 48.8975683 ], [ 4.9974447, 48.8961597 ], [ 4.9974569, 48.8956962 ], [ 4.9972079, 48.8948233 ], [ 4.9971075, 48.8937355 ], [ 4.9977642, 48.8937138 ], [ 4.9975842, 48.8927201 ], [ 4.9979615, 48.8927039 ], [ 4.997877, 48.8905391 ], [ 4.9992126, 48.8909288 ], [ 5.0032092, 48.8864837 ], [ 5.0034268, 48.8861472 ], [ 5.004075, 48.8855148 ], [ 5.0049941, 48.8850118 ], [ 5.0053116, 48.8846844 ], [ 5.0059974, 48.8843572 ], [ 5.0085743, 48.8827712 ], [ 5.0094888, 48.8821162 ], [ 5.0095143, 48.8818945 ], [ 5.009939, 48.8813773 ], [ 5.0104463, 48.881268 ], [ 5.0103015, 48.8799211 ], [ 5.0107207, 48.878025799999989 ], [ 5.0140903, 48.876705199999989 ], [ 5.0145727, 48.8764479 ], [ 5.0164532, 48.8762318 ], [ 5.0171289, 48.8760711 ], [ 5.0175469, 48.8757708 ], [ 5.0181947, 48.8754882 ], [ 5.0201235, 48.8748997 ], [ 5.0261656, 48.8738952 ], [ 5.0345025, 48.8727084 ], [ 5.0372036, 48.8722433 ], [ 5.0375679, 48.8718287 ], [ 5.0378054, 48.8708593 ], [ 5.0377181, 48.8708581 ], [ 5.0374915, 48.8711301 ], [ 5.0370134, 48.8711454 ], [ 5.0364411, 48.8713674 ], [ 5.0346589, 48.8713366 ], [ 5.0340723, 48.8711918 ], [ 5.0338702, 48.8710792 ], [ 5.0338683, 48.8709974 ], [ 5.0342459, 48.8708191 ], [ 5.0347322, 48.8708738 ], [ 5.0350635, 48.8707333 ], [ 5.0351014, 48.870586 ], [ 5.0354643, 48.8706239 ], [ 5.0356059, 48.8705477 ], [ 5.0346595, 48.8702705 ], [ 5.0334648, 48.8702315 ], [ 5.0327979, 48.8700215 ], [ 5.0326984, 48.8700574 ], [ 5.0323206, 48.8714528 ], [ 5.0320449, 48.8717265 ], [ 5.0314463, 48.871868899999988 ], [ 5.0304539, 48.8717058 ], [ 5.0297018, 48.8717563 ], [ 5.0279175, 48.872338 ], [ 5.0270463, 48.8724499 ], [ 5.0264137, 48.8723833 ], [ 5.0259186, 48.8721362 ], [ 5.0255285, 48.8718198 ], [ 5.0241526, 48.8711909 ], [ 5.0231765, 48.871094 ], [ 5.0231083, 48.8707426 ], [ 5.0255045, 48.8706409 ], [ 5.0256932, 48.8702706 ], [ 5.0273423, 48.8703506 ], [ 5.0278557, 48.8702601 ], [ 5.0279419, 48.8696037 ], [ 5.0285417, 48.869492799999989 ], [ 5.0284701, 48.8690559 ], [ 5.0291094, 48.8690127 ], [ 5.0293107, 48.8688248 ], [ 5.029316, 48.8686115 ], [ 5.029042, 48.8683688 ], [ 5.0293461, 48.8681945 ], [ 5.0297035, 48.8684079 ], [ 5.0301038, 48.8683571 ], [ 5.0307096, 48.8678754 ], [ 5.0311683, 48.867748 ], [ 5.0326518, 48.8675348 ], [ 5.0343304, 48.8670474 ], [ 5.0359748, 48.866799099999987 ], [ 5.0358684, 48.8649846 ], [ 5.0365462, 48.8649874 ], [ 5.0365645, 48.865526 ], [ 5.0373388, 48.8656945 ], [ 5.0377521, 48.8655228 ], [ 5.0382481, 48.8657222 ], [ 5.0385207, 48.8655475 ], [ 5.0381713, 48.8652593 ], [ 5.0382344, 48.8651296 ], [ 5.0387616, 48.8647347 ], [ 5.0394847, 48.8642231 ], [ 5.0399696, 48.864312 ], [ 5.0408324, 48.863923 ], [ 5.0411415, 48.8636317 ], [ 5.0407005, 48.8630958 ], [ 5.0413292, 48.8626812 ], [ 5.040547, 48.8623446 ], [ 5.0408641, 48.862018 ], [ 5.0414881, 48.8621099 ], [ 5.0425766, 48.862085 ], [ 5.0428644, 48.862054 ], [ 5.0433721, 48.8618564 ], [ 5.0434731, 48.8617549 ], [ 5.0431337, 48.861514199999988 ], [ 5.0421479, 48.8616524 ], [ 5.0414767, 48.8615757 ], [ 5.0418352, 48.8610163 ], [ 5.0437049, 48.8603997 ], [ 5.0442224, 48.8597242 ], [ 5.0429398, 48.8592477 ], [ 5.0426243, 48.8597893 ], [ 5.0404016, 48.8595033 ], [ 5.040325, 48.8590458 ], [ 5.0392027, 48.8584829 ], [ 5.0396318, 48.856801399999988 ], [ 5.0421868, 48.8574982 ], [ 5.0428091, 48.8577575 ], [ 5.0452379, 48.8582953 ], [ 5.04517, 48.8578152 ], [ 5.045714, 48.857294 ], [ 5.0457345, 48.8577129 ], [ 5.045979, 48.8581405 ], [ 5.0462047, 48.8584021 ], [ 5.0465025, 48.8585562 ], [ 5.047353, 48.858619 ], [ 5.0525061, 48.8585703 ], [ 5.0531669, 48.8584546 ], [ 5.0549174, 48.8579352 ], [ 5.0557826, 48.8575757 ], [ 5.0570198, 48.8569005 ], [ 5.0573197, 48.8565552 ], [ 5.0581947, 48.8561686 ], [ 5.0600399, 48.8549413 ], [ 5.0611746, 48.8544701 ], [ 5.0617012, 48.8548578 ], [ 5.0624754, 48.8543029 ], [ 5.0644286, 48.8540883 ], [ 5.0654734, 48.8537563 ], [ 5.0664034, 48.8527669 ], [ 5.0670106, 48.8526079 ], [ 5.0695887, 48.8522026 ], [ 5.0700937, 48.8516343 ], [ 5.0702192, 48.8511544 ], [ 5.071073, 48.8511666 ], [ 5.071401, 48.8498835 ], [ 5.0715597, 48.8498987 ], [ 5.071536, 48.8496113 ], [ 5.0711567, 48.8495683 ], [ 5.0718091, 48.8493825 ], [ 5.0724363, 48.8493168 ], [ 5.0746394, 48.8506577 ], [ 5.0754916, 48.8508688 ], [ 5.0770141, 48.8517528 ], [ 5.0778467, 48.8520172 ], [ 5.0787572, 48.8521858 ], [ 5.0816552, 48.8515641 ], [ 5.0817161, 48.8519283 ], [ 5.08198, 48.8518814 ], [ 5.0821837, 48.852236 ], [ 5.0833582, 48.8517423 ], [ 5.0830276, 48.8494414 ], [ 5.084133, 48.8494041 ], [ 5.0842349, 48.8490893 ], [ 5.0864037, 48.8498711 ], [ 5.0883946, 48.8500252 ], [ 5.0892304, 48.8499612 ], [ 5.0896665, 48.8485312 ], [ 5.0912345, 48.8481314 ], [ 5.0909672, 48.8472454 ], [ 5.0900945, 48.8471356 ], [ 5.0903736, 48.8462113 ], [ 5.0926009, 48.8461417 ], [ 5.0950566, 48.8461626 ], [ 5.0956149, 48.8448259 ], [ 5.0940112, 48.8447064 ], [ 5.0940436, 48.8443586 ], [ 5.0944647, 48.8443575 ], [ 5.0946544, 48.8439889 ], [ 5.0945075, 48.8434553 ], [ 5.0963562, 48.8431611 ], [ 5.0979332, 48.8431946 ], [ 5.0991107, 48.8431236 ], [ 5.0998087, 48.843025 ], [ 5.0998326, 48.8427385 ], [ 5.1020218, 48.8429474 ], [ 5.1034962, 48.8415189 ], [ 5.1049419, 48.8398229 ], [ 5.1019744, 48.839069 ], [ 5.1026859, 48.8381253 ], [ 5.103772, 48.8382906 ], [ 5.1043468, 48.838249 ], [ 5.1069542, 48.8378136 ], [ 5.1062896, 48.8394456 ], [ 5.1081671, 48.8394629 ], [ 5.1083639, 48.8392066 ], [ 5.1096583, 48.8392323 ], [ 5.1096445, 48.8387225 ], [ 5.1134753, 48.8394214 ], [ 5.1133086, 48.8400145 ], [ 5.1163305, 48.8405242 ], [ 5.119343, 48.8411384 ], [ 5.1198906, 48.8401256 ], [ 5.1205454, 48.8401734 ], [ 5.1208613, 48.8400652 ], [ 5.1226335, 48.8404746 ], [ 5.1248721, 48.8407911 ], [ 5.1274591, 48.8413938 ], [ 5.1298013, 48.8423426 ], [ 5.1309749, 48.8426114 ], [ 5.1317002, 48.842648 ], [ 5.1325837, 48.8428535 ], [ 5.1336856, 48.8428681 ], [ 5.134893, 48.8429959 ], [ 5.1349428, 48.8428483 ], [ 5.1379899, 48.8433625 ], [ 5.1385451, 48.8435415 ], [ 5.1399502, 48.8437026 ], [ 5.1400611, 48.8434145 ], [ 5.1402571, 48.843276 ], [ 5.1421034, 48.8427293 ], [ 5.1436503, 48.840142 ], [ 5.1455604, 48.8374097 ], [ 5.1458569, 48.8372613 ], [ 5.1472175, 48.8376372 ], [ 5.1474068, 48.8374683 ], [ 5.1522591, 48.8384337 ], [ 5.1526131, 48.8377669 ], [ 5.1540157, 48.8381672 ], [ 5.1545422, 48.837384 ], [ 5.1560385, 48.8377439 ], [ 5.1565673, 48.8367897 ], [ 5.157673, 48.8370622 ], [ 5.1599933, 48.8379326 ], [ 5.1602277, 48.8369801 ], [ 5.1595424, 48.8367882 ], [ 5.1596936, 48.8365561 ], [ 5.160773, 48.8366868 ], [ 5.1608339, 48.8364455 ], [ 5.1619859, 48.8365866 ], [ 5.1620686, 48.8361164 ], [ 5.1628668, 48.8360732 ], [ 5.1639912, 48.834007 ], [ 5.1646016, 48.8341678 ], [ 5.1652954, 48.8335479 ], [ 5.1655909, 48.8335084 ], [ 5.1658768, 48.8332729 ], [ 5.166001, 48.8335073 ], [ 5.1666932, 48.8339302 ], [ 5.1667521, 48.8337411 ], [ 5.1677798, 48.8328273 ], [ 5.1686039, 48.8323598 ], [ 5.1680661, 48.8317802 ], [ 5.1688724, 48.8313446 ], [ 5.1699428, 48.8322104 ], [ 5.1703981, 48.8321482 ], [ 5.1710516, 48.8311539 ], [ 5.1725747, 48.8311433 ], [ 5.1738954, 48.8313109 ], [ 5.1745555, 48.8316165 ], [ 5.176841, 48.8331557 ], [ 5.1782535, 48.832583799999988 ], [ 5.1807981, 48.8337619 ], [ 5.1805466, 48.834202 ], [ 5.18141, 48.8346747 ], [ 5.1820802, 48.834667 ], [ 5.1827057, 48.8348607 ], [ 5.1855234, 48.8366986 ], [ 5.1859919, 48.8363661 ], [ 5.1872948, 48.8371763 ], [ 5.1884588, 48.8363687 ], [ 5.1886803, 48.8365797 ], [ 5.188663, 48.836978599999988 ], [ 5.1884468, 48.8373478 ], [ 5.1902598, 48.8381018 ], [ 5.1908271, 48.8375894 ], [ 5.1916962, 48.8378722 ], [ 5.191233, 48.8385239 ], [ 5.1920168, 48.8384628 ], [ 5.1923949, 48.8381841 ], [ 5.192834, 48.8382868 ], [ 5.1929927, 48.8380751 ], [ 5.1944482, 48.8385244 ], [ 5.1950281, 48.8380864 ], [ 5.1962916, 48.8386714 ], [ 5.1967996, 48.8383723 ], [ 5.1973044, 48.8399033 ], [ 5.1983198, 48.8395149 ], [ 5.1989869, 48.8401747 ], [ 5.2005391, 48.8395559 ], [ 5.2013086, 48.8404127 ], [ 5.2045969, 48.8398834 ], [ 5.2060667, 48.8395747 ], [ 5.2059107, 48.8410395 ] ] ] ] } },
{ "type": "Feature", "properties": { "code_departement": 55.0, "code_rne": "0550023B", "multisecteur": 0.0 }, "geometry": { "type": "MultiPolygon", "coordinates": [ [ [ [ 5.5403365, 48.6198613 ], [ 5.5397206, 48.6187216 ], [ 5.539247, 48.61755 ], [ 5.5398782, 48.6174385 ], [ 5.539679, 48.6164096 ], [ 5.540142, 48.616217 ], [ 5.5406548, 48.6151765 ], [ 5.5442368, 48.6155131 ], [ 5.5452974, 48.6157469 ], [ 5.5452748, 48.6162316 ], [ 5.5469412, 48.6168934 ], [ 5.547717, 48.6178848 ], [ 5.5480774, 48.6179554 ], [ 5.5485004, 48.6179724 ], [ 5.5490245, 48.6178073 ], [ 5.5502968, 48.617260699999989 ], [ 5.5522363, 48.6166171 ], [ 5.5541833, 48.6162937 ], [ 5.5538991, 48.6150875 ], [ 5.5548113, 48.61495 ], [ 5.5553255, 48.614723 ], [ 5.5560331, 48.6133992 ], [ 5.5564762, 48.6129946 ], [ 5.5570122, 48.6127428 ], [ 5.5582452, 48.612476 ], [ 5.558707, 48.6122897 ], [ 5.5627469, 48.6090897 ], [ 5.5587924, 48.6074288 ], [ 5.5598555, 48.6060227 ], [ 5.5617372, 48.6052082 ], [ 5.5610872, 48.6049594 ], [ 5.561931, 48.604203299999988 ], [ 5.562723, 48.6037506 ], [ 5.5638846, 48.6034448 ], [ 5.5658552, 48.6026751 ], [ 5.5659301, 48.6023189 ], [ 5.5675338, 48.6018434 ], [ 5.5693174, 48.6009697 ], [ 5.5699893, 48.6010299 ], [ 5.5711224, 48.6005059 ], [ 5.5719576, 48.599856 ], [ 5.5723164, 48.5997025 ], [ 5.5728717, 48.6000406 ], [ 5.5736772, 48.6008035 ], [ 5.5744866, 48.6020586 ], [ 5.5747783, 48.6023321 ], [ 5.5751631, 48.6031482 ], [ 5.5754849, 48.603512 ], [ 5.5763356, 48.6040597 ], [ 5.5768583, 48.6042842 ], [ 5.5770992, 48.6044932 ], [ 5.5773608, 48.6045136 ], [ 5.5796282, 48.6062708 ], [ 5.5815133, 48.607237 ], [ 5.5815781, 48.6073679 ], [ 5.5814456, 48.6075418 ], [ 5.5815626, 48.6080721 ], [ 5.581329, 48.6082886 ], [ 5.5816678, 48.6084712 ], [ 5.5815672, 48.6086038 ], [ 5.5816492, 48.6086984 ], [ 5.5832504, 48.6084737 ], [ 5.5831962, 48.6083102 ], [ 5.5845398, 48.6077347 ], [ 5.5855541, 48.6070845 ], [ 5.5874192, 48.6055005 ], [ 5.5882968, 48.604531 ], [ 5.5891263, 48.6039082 ], [ 5.5911221, 48.6027487 ], [ 5.5913288, 48.6016867 ], [ 5.5933614, 48.5999856 ], [ 5.593821, 48.5994031 ], [ 5.5943837, 48.5981075 ], [ 5.594329, 48.5974678 ], [ 5.5938074, 48.595348 ], [ 5.5935579, 48.5946658 ], [ 5.5933383, 48.5943691 ], [ 5.5919587, 48.59306 ], [ 5.5917393, 48.5923276 ], [ 5.5904275, 48.5917811 ], [ 5.5905489, 48.5916038 ], [ 5.5877498, 48.5900609 ], [ 5.5880325, 48.5896048 ], [ 5.5860475, 48.5890251 ], [ 5.5864094, 48.5885232 ], [ 5.5844665, 48.5878319 ], [ 5.5848367, 48.5874719 ], [ 5.5832458, 48.5864355 ], [ 5.5834633, 48.5863893 ], [ 5.5783999, 48.5825454 ], [ 5.576097, 48.5804038 ], [ 5.5759867, 48.5797321 ], [ 5.5753956, 48.578525299999988 ], [ 5.5761319, 48.5767832 ], [ 5.5759771, 48.5753726 ], [ 5.5752739, 48.5715529 ], [ 5.5747459, 48.5704402 ], [ 5.5744357, 48.5693984 ], [ 5.5741167, 48.5692541 ], [ 5.573992, 48.5688418 ], [ 5.5743408, 48.5682412 ], [ 5.5738264, 48.5665486 ], [ 5.5763775, 48.5666931 ], [ 5.5775714, 48.5668707 ], [ 5.5786951, 48.5664458 ], [ 5.5794614, 48.5669458 ], [ 5.5806579, 48.5667065 ], [ 5.5818415, 48.5675809 ], [ 5.5813525, 48.568226 ], [ 5.5820413, 48.5689662 ], [ 5.5832716, 48.5674868 ], [ 5.584236, 48.5666118 ], [ 5.5872353, 48.5646826 ], [ 5.5874723, 48.5644578 ], [ 5.5890498, 48.5644397 ], [ 5.5902984, 48.5618546 ], [ 5.5912768, 48.5602249 ], [ 5.5941594, 48.5613744 ], [ 5.5963412, 48.5620612 ], [ 5.5960682, 48.5622985 ], [ 5.5954812, 48.5625732 ], [ 5.5951496, 48.5629981 ], [ 5.6032764, 48.56377 ], [ 5.6148953, 48.5653296 ], [ 5.6199896, 48.5642643 ], [ 5.6214411, 48.5638138 ], [ 5.6231888, 48.5630795 ], [ 5.6203354, 48.5606052 ], [ 5.619641, 48.5597871 ], [ 5.6186808, 48.5583448 ], [ 5.6183135, 48.5579694 ], [ 5.6178566, 48.5576978 ], [ 5.6173199, 48.556427 ], [ 5.6169429, 48.5559088 ], [ 5.616335, 48.555302 ], [ 5.616229, 48.5553242 ], [ 5.6139785, 48.5520912 ], [ 5.6138274, 48.5516715 ], [ 5.6133887, 48.5514381 ], [ 5.6112495, 48.5506499 ], [ 5.6101148, 48.5501069 ], [ 5.6125785, 48.5479403 ], [ 5.6118191, 48.5452695 ], [ 5.6113218, 48.5444029 ], [ 5.6112486, 48.5440219 ], [ 5.6108988, 48.5439657 ], [ 5.6105977, 48.5440704 ], [ 5.6099325, 48.5448672 ], [ 5.6092104, 48.5453097 ], [ 5.6096812, 48.5435505 ], [ 5.6085317, 48.5434389 ], [ 5.6090763, 48.5423181 ], [ 5.6076879, 48.5414917 ], [ 5.6077768, 48.5404997 ], [ 5.6067678, 48.5396704 ], [ 5.6060602, 48.5392863 ], [ 5.6050884, 48.5390151 ], [ 5.6044296, 48.5393401 ], [ 5.6042028, 48.5393855 ], [ 5.6039359, 48.539332 ], [ 5.6026007, 48.5387834 ], [ 5.6003097, 48.5376815 ], [ 5.5992879, 48.5380125 ], [ 5.5991915, 48.5378715 ], [ 5.603742, 48.5343382 ], [ 5.6056819, 48.5335315 ], [ 5.6060965, 48.5333118 ], [ 5.6063171, 48.5330865 ], [ 5.6063112, 48.5320696 ], [ 5.6053101, 48.5303319 ], [ 5.6057206, 48.5293472 ], [ 5.606724, 48.5291956 ], [ 5.6082023, 48.5279958 ], [ 5.6094958, 48.5274103 ], [ 5.6113647, 48.5267086 ], [ 5.6125036, 48.525797 ], [ 5.6134642, 48.5251701 ], [ 5.6154807, 48.526397499999987 ], [ 5.618739, 48.5277425 ], [ 5.6204693, 48.5286062 ], [ 5.6230653, 48.529737 ], [ 5.6236467, 48.5301157 ], [ 5.6243218, 48.5303375 ], [ 5.6247033, 48.5304047 ], [ 5.630446, 48.5305316 ], [ 5.6362587, 48.525095 ], [ 5.6387517, 48.5218876 ], [ 5.637909, 48.5195985 ], [ 5.6377199, 48.5193948 ], [ 5.6365695, 48.5188803 ], [ 5.6354827, 48.5181492 ], [ 5.6340153, 48.5173915 ], [ 5.6320227, 48.5165347 ], [ 5.629494, 48.5120363 ], [ 5.6285083, 48.5095874 ], [ 5.6272815, 48.5076766 ], [ 5.6237576, 48.5055799 ], [ 5.6216866, 48.5041162 ], [ 5.6197512, 48.5026278 ], [ 5.6187633, 48.5017234 ], [ 5.618654, 48.5015953 ], [ 5.618675, 48.5013915 ], [ 5.6196658, 48.5009457 ], [ 5.6204116, 48.5007465 ], [ 5.6225637, 48.5005838 ], [ 5.6238375, 48.5004062 ], [ 5.6250437, 48.4995578 ], [ 5.6254859, 48.4991376 ], [ 5.6281379, 48.497817 ], [ 5.6286717, 48.4975775 ], [ 5.6290002, 48.4976728 ], [ 5.6292017, 48.4976134 ], [ 5.6311349, 48.4968155 ], [ 5.6327871, 48.495735599999989 ], [ 5.633525, 48.4954357 ], [ 5.634601, 48.4945865 ], [ 5.6355241, 48.4939836 ], [ 5.6361808, 48.4933075 ], [ 5.6366604, 48.4926119 ], [ 5.6385806, 48.4908329 ], [ 5.6402603, 48.4899306 ], [ 5.6417093, 48.4888281 ], [ 5.645211, 48.4869491 ], [ 5.6463075, 48.4861389 ], [ 5.6455207, 48.4859206 ], [ 5.6423143, 48.4855167 ], [ 5.6424298, 48.4850128 ], [ 5.6416557, 48.4846168 ], [ 5.6412624, 48.4819955 ], [ 5.6411002, 48.4815157 ], [ 5.6412975, 48.4780936 ], [ 5.6419612, 48.4758403 ], [ 5.6421926, 48.4745219 ], [ 5.6444009, 48.4719758 ], [ 5.6453675, 48.4717895 ], [ 5.6454209, 48.4716416 ], [ 5.6462168, 48.4712917 ], [ 5.6474662, 48.4708876 ], [ 5.6494091, 48.4704941 ], [ 5.6515618, 48.4696729 ], [ 5.6520215, 48.4693943 ], [ 5.6549417, 48.4684938 ], [ 5.6552183, 48.4696532 ], [ 5.6557175, 48.470824799999988 ], [ 5.655805, 48.472074 ], [ 5.6564377, 48.4721103 ], [ 5.6580513, 48.4716835 ], [ 5.6598209, 48.4714233 ], [ 5.6599736, 48.4715243 ], [ 5.6613254, 48.4711952 ], [ 5.6621273, 48.4712051 ], [ 5.663537, 48.4715641 ], [ 5.6647557, 48.471598 ], [ 5.6665067, 48.4719322 ], [ 5.6684006, 48.4720139 ], [ 5.6695302, 48.4722918 ], [ 5.6705034, 48.4723978 ], [ 5.6718146, 48.472361 ], [ 5.6739419, 48.4718685 ], [ 5.6753582, 48.4717961 ], [ 5.6762163, 48.4716597 ], [ 5.6781398, 48.4716847 ], [ 5.6781625, 48.4717598 ], [ 5.6819228, 48.4709071 ], [ 5.6825776, 48.4705287 ], [ 5.6826314, 48.4704428 ], [ 5.6821544, 48.4702736 ], [ 5.6805828, 48.4687357 ], [ 5.6816455, 48.4688719 ], [ 5.6821609, 48.4688125 ], [ 5.6825696, 48.4689428 ], [ 5.6832947, 48.468960599999988 ], [ 5.6855482, 48.4685055 ], [ 5.6875182, 48.4680397 ], [ 5.6885185, 48.4677227 ], [ 5.6895296, 48.4675368 ], [ 5.6894074, 48.4672138 ], [ 5.6907738, 48.4669361 ], [ 5.6901649, 48.4664117 ], [ 5.6894879, 48.4665908 ], [ 5.6893252, 48.4660841 ], [ 5.6903824, 48.4658225 ], [ 5.6905736, 48.4660937 ], [ 5.6916022, 48.4659335 ], [ 5.691619, 48.4657333 ], [ 5.6932095, 48.4653129 ], [ 5.6931505, 48.4651117 ], [ 5.6945681, 48.464832 ], [ 5.6942608, 48.4640126 ], [ 5.6950481, 48.4639002 ], [ 5.6948113, 48.463478 ], [ 5.7022148, 48.461928 ], [ 5.703888, 48.4616459 ], [ 5.706084, 48.461423 ], [ 5.7099531, 48.4608136 ], [ 5.7134075, 48.4603782 ], [ 5.7137876, 48.4615523 ], [ 5.7166648, 48.4609725 ], [ 5.7178427, 48.4606421 ], [ 5.7192096, 48.4601446 ], [ 5.7215069, 48.4619057 ], [ 5.7224319, 48.4624642 ], [ 5.7234576, 48.4629555 ], [ 5.7250582, 48.4635444 ], [ 5.72577, 48.463646 ], [ 5.7260923, 48.4638069 ], [ 5.729647, 48.4648558 ], [ 5.7315922, 48.4651711 ], [ 5.7321811, 48.4653286 ], [ 5.7327502, 48.4656008 ], [ 5.7339556, 48.4658746 ], [ 5.7370231, 48.4658813 ], [ 5.7390658, 48.4660926 ], [ 5.7402383, 48.4658657 ], [ 5.7396739, 48.4669805 ], [ 5.7397341, 48.4688091 ], [ 5.7399148, 48.4698059 ], [ 5.7403499, 48.4706996 ], [ 5.7408215, 48.4713827 ], [ 5.7407692, 48.4717305 ], [ 5.7422261, 48.4719165 ], [ 5.7429228, 48.4722191 ], [ 5.7426663, 48.4727498 ], [ 5.7415832, 48.4741997 ], [ 5.7424327, 48.4744979 ], [ 5.7466936, 48.4765255 ], [ 5.747183, 48.4759444 ], [ 5.7489982, 48.4767917 ], [ 5.7501297, 48.4805318 ], [ 5.7502786, 48.4815122 ], [ 5.7502186, 48.4822274 ], [ 5.7504457, 48.4836156 ], [ 5.7530036, 48.4880318 ], [ 5.7552749, 48.4915725 ], [ 5.755499, 48.4917906 ], [ 5.7568658, 48.4924942 ], [ 5.7651667, 48.4965409 ], [ 5.7648999, 48.4987768 ], [ 5.7648653, 48.4999433 ], [ 5.7658254, 48.5036907 ], [ 5.7659885, 48.5046771 ], [ 5.7634204, 48.5078937 ], [ 5.7621436, 48.5101692 ], [ 5.7616013, 48.5124267 ], [ 5.7626446, 48.514074 ], [ 5.762538, 48.5143916 ], [ 5.7616416, 48.5155844 ], [ 5.7623793, 48.5159831 ], [ 5.7635215, 48.5162401 ], [ 5.7628603, 48.5168315 ], [ 5.7622538, 48.517843 ], [ 5.7614604, 48.518884 ], [ 5.7609091, 48.520174 ], [ 5.760717, 48.521337 ], [ 5.7611874, 48.5240174 ], [ 5.762321, 48.5266815 ], [ 5.7646855, 48.529966 ], [ 5.7658328, 48.5320609 ], [ 5.7663143, 48.5352019 ], [ 5.7674852, 48.5353016 ], [ 5.7688691, 48.5349957 ], [ 5.7716338, 48.5347854 ], [ 5.7722574, 48.534815 ], [ 5.773094, 48.5350772 ], [ 5.7737591, 48.535122 ], [ 5.7743901, 48.5354673 ], [ 5.7753065, 48.5362902 ], [ 5.7765188, 48.5380667 ], [ 5.7763904, 48.5400436 ], [ 5.7765409, 48.5410438 ], [ 5.7757112, 48.5413728 ], [ 5.7728962, 48.5420479 ], [ 5.769463, 48.5424141 ], [ 5.7694827, 48.5424794 ], [ 5.7680017, 48.5427731 ], [ 5.7678577, 48.5441023 ], [ 5.7671659, 48.5442742 ], [ 5.7666929, 48.5442249 ], [ 5.7659731, 48.5444045 ], [ 5.7640026, 48.5446205 ], [ 5.7621459, 48.545246 ], [ 5.7629429, 48.5464012 ], [ 5.7623456, 48.5463872 ], [ 5.7597657, 48.546719 ], [ 5.7569579, 48.5466635 ], [ 5.7555276, 48.5468425 ], [ 5.7559389, 48.5474189 ], [ 5.7531639, 48.5479882 ], [ 5.7514575, 48.5494931 ], [ 5.7508243, 48.5498794 ], [ 5.7485425, 48.5507819 ], [ 5.7464652, 48.5521216 ], [ 5.7459268, 48.5521187 ], [ 5.744382, 48.5527043 ], [ 5.7433219, 48.5526289 ], [ 5.7405943, 48.5534119 ], [ 5.740343, 48.5529874 ], [ 5.7379204, 48.5533808 ], [ 5.7370454, 48.5529563 ], [ 5.7353655, 48.5531623 ], [ 5.7332708, 48.5532672 ], [ 5.7329145, 48.5527786 ], [ 5.7299056, 48.5532923 ], [ 5.7288994, 48.5536782 ], [ 5.7281612, 48.5541614 ], [ 5.7248135, 48.5560086 ], [ 5.7238164, 48.5567299 ], [ 5.7205186, 48.5588396 ], [ 5.7172303, 48.561138 ], [ 5.7167722, 48.5608811 ], [ 5.7153598, 48.5618333 ], [ 5.7134845, 48.5650822 ], [ 5.7137252, 48.5665339 ], [ 5.7136644, 48.5684506 ], [ 5.714143, 48.573238 ], [ 5.7127533, 48.5774379 ], [ 5.7130116, 48.5806957 ], [ 5.7154577, 48.5848612 ], [ 5.714827, 48.5854669 ], [ 5.7159181, 48.585892 ], [ 5.7160636, 48.5858716 ], [ 5.7163143, 48.5860234 ], [ 5.7152226, 48.5878376 ], [ 5.7152128, 48.5883545 ], [ 5.7149621, 48.5887526 ], [ 5.71614, 48.5893072 ], [ 5.7160258, 48.5894061 ], [ 5.7185772, 48.5904918 ], [ 5.7174216, 48.5915704 ], [ 5.7177894, 48.5916511 ], [ 5.7185232, 48.591439 ], [ 5.7191651, 48.5917016 ], [ 5.7196631, 48.5920169 ], [ 5.7197416, 48.5922221 ], [ 5.7207991, 48.5925724 ], [ 5.7211088, 48.5925788 ], [ 5.7214921, 48.5922532 ], [ 5.7226871, 48.5926894 ], [ 5.7229153, 48.5925366 ], [ 5.7248533, 48.592989 ], [ 5.7259123, 48.5923509 ], [ 5.7350258, 48.594527 ], [ 5.7357105, 48.5952961 ], [ 5.7370554, 48.596158 ], [ 5.7387513, 48.5966716 ], [ 5.7430562, 48.5971773 ], [ 5.7446616, 48.5978513 ], [ 5.7456074, 48.5983183 ], [ 5.7479125, 48.5998348 ], [ 5.7492662, 48.6018647 ], [ 5.7498497, 48.6030015 ], [ 5.7515178, 48.6051735 ], [ 5.7522096, 48.6065355 ], [ 5.7535396, 48.6062239 ], [ 5.7549132, 48.6060463 ], [ 5.755726, 48.6061454 ], [ 5.7563148, 48.6062199 ], [ 5.7583721, 48.6069355 ], [ 5.7611676, 48.6076502 ], [ 5.7621972, 48.6079989 ], [ 5.7614712, 48.6087475 ], [ 5.7611445, 48.6089621 ], [ 5.7619011, 48.6094873 ], [ 5.7634381, 48.6098071 ], [ 5.7636381, 48.6078358 ], [ 5.7645305, 48.6079267 ], [ 5.7658458, 48.6085712 ], [ 5.7673677, 48.6087069 ], [ 5.7699429, 48.6084327 ], [ 5.7733837, 48.6076938 ], [ 5.775289, 48.6074324 ], [ 5.7764881, 48.6071371 ], [ 5.778081, 48.607001 ], [ 5.7831852, 48.6070203 ], [ 5.7839149, 48.6075217 ], [ 5.784913, 48.6075056 ], [ 5.7873139, 48.607173 ], [ 5.7903596, 48.6074284 ], [ 5.7909152, 48.6075639 ], [ 5.7919691, 48.608315 ], [ 5.7921561, 48.6085393 ], [ 5.7941854, 48.6093035 ], [ 5.7946675, 48.609564 ], [ 5.7948614, 48.6098142 ], [ 5.7955307, 48.6115203 ], [ 5.7957898, 48.6118985 ], [ 5.7979674, 48.6134792 ], [ 5.7973809, 48.6155092 ], [ 5.7976536, 48.6167755 ], [ 5.7991274, 48.6191026 ], [ 5.7997525, 48.6203075 ], [ 5.801135, 48.6222173 ], [ 5.8018081, 48.6233284 ], [ 5.8036111, 48.625204 ], [ 5.8027501, 48.6258336 ], [ 5.7998335, 48.626769 ], [ 5.7985192, 48.6276828 ], [ 5.7970564, 48.6282068 ], [ 5.7962676, 48.6284126 ], [ 5.7952021, 48.628317 ], [ 5.7935142, 48.6287706 ], [ 5.7925409, 48.6288277 ], [ 5.7918295, 48.6285491 ], [ 5.7869851, 48.6271505 ], [ 5.785807, 48.6265985 ], [ 5.7827896, 48.6254143 ], [ 5.7814081, 48.6247104 ], [ 5.7799734, 48.6237979 ], [ 5.777541, 48.6225046 ], [ 5.774441, 48.6212394 ], [ 5.7721131, 48.6204521 ], [ 5.7703652, 48.6202335 ], [ 5.7692007, 48.6200077 ], [ 5.7673838, 48.6195108 ], [ 5.7658363, 48.618896 ], [ 5.7654674, 48.6188515 ], [ 5.7649743, 48.6189233 ], [ 5.76435, 48.6192339 ], [ 5.762051, 48.619992 ], [ 5.7612934, 48.6204803 ], [ 5.7605206, 48.620833 ], [ 5.7603649, 48.6210473 ], [ 5.7585421, 48.6211579 ], [ 5.7592861, 48.6246869 ], [ 5.7592167, 48.6253023 ], [ 5.7599812, 48.6264619 ], [ 5.76075, 48.6271893 ], [ 5.7613236, 48.6280238 ], [ 5.761032, 48.6283384 ], [ 5.76098, 48.6285628 ], [ 5.7611884, 48.6291934 ], [ 5.7611804, 48.6300955 ], [ 5.7614287, 48.6304272 ], [ 5.7610692, 48.6307929 ], [ 5.7608518, 48.6316395 ], [ 5.760667, 48.6319984 ], [ 5.759772, 48.6327931 ], [ 5.7582949, 48.6336221 ], [ 5.7580963, 48.6341046 ], [ 5.7574341, 48.6348616 ], [ 5.7574013, 48.6350883 ], [ 5.7564514, 48.6354361 ], [ 5.7562971, 48.6356782 ], [ 5.7562276, 48.6362153 ], [ 5.7563915, 48.6371097 ], [ 5.7556651, 48.6376792 ], [ 5.7550118, 48.6383729 ], [ 5.7537431, 48.640637 ], [ 5.7535004, 48.6417533 ], [ 5.7522368, 48.6416403 ], [ 5.751806, 48.6418411 ], [ 5.7519424, 48.6429882 ], [ 5.7517866, 48.6432033 ], [ 5.7502691, 48.6440204 ], [ 5.750009, 48.6442668 ], [ 5.7495166, 48.6461376 ], [ 5.748866, 48.6478429 ], [ 5.7481517, 48.6486217 ], [ 5.7480828, 48.6488357 ], [ 5.7483459, 48.6502759 ], [ 5.7483365, 48.6511051 ], [ 5.7478358, 48.6518646 ], [ 5.7471345, 48.6525044 ], [ 5.7466853, 48.653107 ], [ 5.7442717, 48.6515597 ], [ 5.7428551, 48.652598499999989 ], [ 5.7429522, 48.6527925 ], [ 5.7436442, 48.6533211 ], [ 5.7447491, 48.6539779 ], [ 5.7454078, 48.6546485 ], [ 5.7456209, 48.6550072 ], [ 5.7455839, 48.6553879 ], [ 5.7452788, 48.6559169 ], [ 5.744655, 48.6564551 ], [ 5.7444875, 48.6567839 ], [ 5.7446868, 48.6569836 ], [ 5.745407, 48.6572208 ], [ 5.7459578, 48.657542 ], [ 5.7466368, 48.658184299999988 ], [ 5.7473186, 48.6591622 ], [ 5.7489666, 48.6668382 ], [ 5.7484631, 48.6670838 ], [ 5.7482755, 48.6673141 ], [ 5.7471101, 48.6682022 ], [ 5.7452054, 48.6710551 ], [ 5.7447306, 48.6712505 ], [ 5.7457614, 48.6727397 ], [ 5.7469326, 48.6738746 ], [ 5.747457, 48.6751909 ], [ 5.7480871, 48.6760854 ], [ 5.7480929, 48.6763517 ], [ 5.7478226, 48.6765874 ], [ 5.7477548, 48.6774179 ], [ 5.7487823, 48.6778325 ], [ 5.7497621, 48.6791995 ], [ 5.7497277, 48.679347 ], [ 5.7494022, 48.6794625 ], [ 5.7502761, 48.6806258 ], [ 5.7515103, 48.6817386 ], [ 5.7515095, 48.6819294 ], [ 5.7519466, 48.6824341 ], [ 5.7537026, 48.683982 ], [ 5.753962, 48.6848293 ], [ 5.7544922, 48.6875134 ], [ 5.7545252, 48.6890418 ], [ 5.7550258, 48.6904666 ], [ 5.7562033, 48.692225 ], [ 5.7566485, 48.6932173 ], [ 5.7566488, 48.6936349 ], [ 5.7568554, 48.6936598 ], [ 5.7576999, 48.695519499999989 ], [ 5.7593623, 48.6968787 ], [ 5.7599507, 48.6975932 ], [ 5.7648671, 48.701477 ], [ 5.763567, 48.7015495 ], [ 5.7597462, 48.7029628 ], [ 5.7584766, 48.7035627 ], [ 5.7574955, 48.7044242 ], [ 5.7567267, 48.7055994 ], [ 5.7557681, 48.7064252 ], [ 5.753889, 48.7072534 ], [ 5.7531884, 48.7078915 ], [ 5.7529403, 48.7086298 ], [ 5.7528157, 48.7096452 ], [ 5.7529659, 48.7099918 ], [ 5.7540505, 48.7109873 ], [ 5.7541624, 48.7120521 ], [ 5.754674, 48.7130357 ], [ 5.7547981, 48.7136367 ], [ 5.7551778, 48.7145684 ], [ 5.7523057, 48.7141865 ], [ 5.7506864, 48.7140925 ], [ 5.7486828, 48.7143187 ], [ 5.7471334, 48.714673 ], [ 5.7446139, 48.7147877 ], [ 5.742386, 48.7151467 ], [ 5.7410737, 48.7152264 ], [ 5.7386071, 48.7156241 ], [ 5.7387421, 48.7157092 ], [ 5.7418664, 48.7159218 ], [ 5.7427311, 48.7161494 ], [ 5.7462599, 48.7168125 ], [ 5.7433635, 48.7193082 ], [ 5.7401236, 48.7209396 ], [ 5.7395898, 48.7208772 ], [ 5.7386423, 48.720368 ], [ 5.7384815, 48.7203887 ], [ 5.7223387, 48.7306569 ], [ 5.7190136, 48.7329511 ], [ 5.7178361, 48.7324685 ], [ 5.7136354, 48.7297257 ], [ 5.7123445, 48.7287588 ], [ 5.7109667, 48.7274807 ], [ 5.7056313, 48.7251134 ], [ 5.7036678, 48.723997 ], [ 5.7033577, 48.7236036 ], [ 5.7019856, 48.7223468 ], [ 5.7015132, 48.7221811 ], [ 5.6989237, 48.7206873 ], [ 5.6970155, 48.7193706 ], [ 5.696275, 48.7198068 ], [ 5.6927922, 48.7179694 ], [ 5.6914892, 48.7160405 ], [ 5.6911627, 48.7151956 ], [ 5.692682, 48.7145134 ], [ 5.6923133, 48.714114 ], [ 5.6918028, 48.7142623 ], [ 5.6902179, 48.7144898 ], [ 5.6887153, 48.7139117 ], [ 5.6876786, 48.7131638 ], [ 5.6857961, 48.7133673 ], [ 5.683725, 48.7137397 ], [ 5.6799764, 48.715001099999988 ], [ 5.6796708, 48.714558 ], [ 5.6802643, 48.7144367 ], [ 5.680733, 48.7141616 ], [ 5.6777426, 48.7118043 ], [ 5.6777447, 48.7105713 ], [ 5.6771606, 48.7106357 ], [ 5.6770921, 48.708849 ], [ 5.6762741, 48.7085416 ], [ 5.675662, 48.7081674 ], [ 5.675232, 48.7075507 ], [ 5.6749604, 48.7067613 ], [ 5.6747807, 48.7065448 ], [ 5.6709286, 48.7054558 ], [ 5.6683522, 48.7049807 ], [ 5.6678979, 48.7047659 ], [ 5.6674419, 48.7043819 ], [ 5.6670369, 48.7041723 ], [ 5.6668879, 48.7037841 ], [ 5.6665587, 48.7034081 ], [ 5.6662154, 48.7033159 ], [ 5.6656321, 48.7033424 ], [ 5.6654017, 48.7034367 ], [ 5.6652632, 48.7040004 ], [ 5.6654398, 48.7044501 ], [ 5.6656911, 48.7047117 ], [ 5.6666146, 48.705169 ], [ 5.666713, 48.7054727 ], [ 5.6666316, 48.7058219 ], [ 5.6664793, 48.706089 ], [ 5.6660713, 48.7062196 ], [ 5.6653466, 48.7061674 ], [ 5.6649824, 48.7060658 ], [ 5.6647062, 48.7057417 ], [ 5.664795, 48.7052429 ], [ 5.6644346, 48.7046291 ], [ 5.6644883, 48.7039223 ], [ 5.6641875, 48.7032226 ], [ 5.6641874, 48.7029535 ], [ 5.6643543, 48.7027878 ], [ 5.6648321, 48.7025584 ], [ 5.6654308, 48.7024083 ], [ 5.665873, 48.7021743 ], [ 5.6663623, 48.7016108 ], [ 5.6664076, 48.7012471 ], [ 5.6660393, 48.7009043 ], [ 5.6656705, 48.700711 ], [ 5.665327, 48.7005864 ], [ 5.6648615, 48.70055 ], [ 5.6632835, 48.7006662 ], [ 5.6620294, 48.7010542 ], [ 5.6613287, 48.7009655 ], [ 5.6612449, 48.700655 ], [ 5.6614166, 48.7004217 ], [ 5.6622846, 48.6999803 ], [ 5.6624764, 48.6997411 ], [ 5.6624433, 48.6981318 ], [ 5.66205, 48.6978301 ], [ 5.6618143, 48.697794 ], [ 5.6615744, 48.6978614 ], [ 5.661057, 48.6983535 ], [ 5.6606939, 48.6989124 ], [ 5.6600442, 48.699316599999989 ], [ 5.6596783, 48.699445399999988 ], [ 5.6586676, 48.6994607 ], [ 5.6580514, 48.6993475 ], [ 5.6578775, 48.6991642 ], [ 5.657873, 48.6986468 ], [ 5.6577093, 48.6984768 ], [ 5.6574469, 48.698423299999988 ], [ 5.6572258, 48.6984597 ], [ 5.6565683, 48.6988712 ], [ 5.6547067, 48.6992385 ], [ 5.6545873, 48.6993752 ], [ 5.6546112, 48.6995529 ], [ 5.6548724, 48.6997684 ], [ 5.65519, 48.699784799999989 ], [ 5.6559824, 48.6994593 ], [ 5.656445, 48.6995471 ], [ 5.6565851, 48.6997096 ], [ 5.6565891, 48.699894 ], [ 5.6561854, 48.7006994 ], [ 5.6557456, 48.7022374 ], [ 5.6557535, 48.702446 ], [ 5.6559679, 48.7026518 ], [ 5.6559617, 48.702957 ], [ 5.6557445, 48.7031787 ], [ 5.655256, 48.7032247 ], [ 5.6550111, 48.7031402 ], [ 5.6547213, 48.7028163 ], [ 5.6543863, 48.7022703 ], [ 5.6540189, 48.7013003 ], [ 5.6529086, 48.7000515 ], [ 5.6495133, 48.6971752 ], [ 5.6470541, 48.6947342 ], [ 5.6466504, 48.694440799999988 ], [ 5.6457748, 48.6940616 ], [ 5.6439537, 48.6936421 ], [ 5.6432937, 48.6936558 ], [ 5.643035, 48.6937551 ], [ 5.6428753, 48.6939567 ], [ 5.6429194, 48.6943454 ], [ 5.6430914, 48.6944406 ], [ 5.6438983, 48.6945631 ], [ 5.6442634, 48.6949536 ], [ 5.644281, 48.6953276 ], [ 5.6441573, 48.6955968 ], [ 5.6438608, 48.6958625 ], [ 5.6434387, 48.6960105 ], [ 5.6410356, 48.6955895 ], [ 5.6390065, 48.6950359 ], [ 5.6383576, 48.6950269 ], [ 5.6378426, 48.6951643 ], [ 5.6374862, 48.6951613 ], [ 5.6357471, 48.6946139 ], [ 5.6339203, 48.6948073 ], [ 5.6335131, 48.6947398 ], [ 5.632761, 48.6944369 ], [ 5.6323617, 48.694362 ], [ 5.6319913, 48.6944044 ], [ 5.6314887, 48.6946549 ], [ 5.6305475, 48.6962641 ], [ 5.6297684, 48.6967762 ], [ 5.6295235, 48.6973117 ], [ 5.6295422, 48.6983858 ], [ 5.6291886, 48.6991676 ], [ 5.6279455, 48.7006979 ], [ 5.6268336, 48.7013793 ], [ 5.6264993, 48.7017881 ], [ 5.62634, 48.7022163 ], [ 5.6259751, 48.7025565 ], [ 5.6259309, 48.7027869 ], [ 5.6259995, 48.7030698 ], [ 5.6262587, 48.7034376 ], [ 5.6270718, 48.7040883 ], [ 5.6275234, 48.7042529 ], [ 5.6285372, 48.7044061 ], [ 5.6305321, 48.7049777 ], [ 5.6306748, 48.7055172 ], [ 5.6313315, 48.7060022 ], [ 5.6314442, 48.7065117 ], [ 5.6270952, 48.7072295 ], [ 5.6262777, 48.7074941 ], [ 5.6271299, 48.7097593 ], [ 5.6257649, 48.7100891 ], [ 5.6248709, 48.7104282 ], [ 5.6227181, 48.7114529 ], [ 5.6218187, 48.7104396 ], [ 5.6205643, 48.7111331 ], [ 5.6198155, 48.7100291 ], [ 5.6191108, 48.7096441 ], [ 5.61856, 48.7095329 ], [ 5.6166258, 48.7105266 ], [ 5.6155286, 48.7097425 ], [ 5.6142648, 48.7084815 ], [ 5.6125446, 48.7083707 ], [ 5.6105591, 48.7080398 ], [ 5.6104756, 48.7077024 ], [ 5.6097132, 48.7074662 ], [ 5.6093428, 48.7074266 ], [ 5.6088343, 48.7071822 ], [ 5.6077043, 48.7065004 ], [ 5.6073517, 48.7064109 ], [ 5.606504, 48.7058526 ], [ 5.6063006, 48.7055916 ], [ 5.6048392, 48.7048883 ], [ 5.6034044, 48.7046901 ], [ 5.6027888, 48.7044237 ], [ 5.6021377, 48.7043173 ], [ 5.5992404, 48.7034724 ], [ 5.5981911, 48.7030966 ], [ 5.5972472, 48.702543 ], [ 5.5950677, 48.7020487 ], [ 5.5947629, 48.7021823 ], [ 5.593824, 48.7021658 ], [ 5.591065, 48.7017731 ], [ 5.5910273, 48.7016443 ], [ 5.5917619, 48.7013512 ], [ 5.5932603, 48.7013537 ], [ 5.5924341, 48.7005689 ], [ 5.5953375, 48.7009387 ], [ 5.5984688, 48.7003152 ], [ 5.5992139, 48.7000155 ], [ 5.5988764, 48.699491 ], [ 5.5983998, 48.699037 ], [ 5.5969241, 48.6979037 ], [ 5.5935979, 48.6964616 ], [ 5.59337, 48.6960039 ], [ 5.5935618, 48.6954319 ], [ 5.5954504, 48.6935784 ], [ 5.5957363, 48.6929026 ], [ 5.5967139, 48.6915404 ], [ 5.596824, 48.6911015 ], [ 5.5967137, 48.6908519 ], [ 5.594537, 48.6884335 ], [ 5.593958, 48.6869558 ], [ 5.5924357, 48.6868998 ], [ 5.5916822, 48.6871907 ], [ 5.5897803, 48.6874849 ], [ 5.5888415, 48.6875485 ], [ 5.5852335, 48.687535 ], [ 5.5835419, 48.6873818 ], [ 5.5786418, 48.6872413 ], [ 5.5777184, 48.6858528 ], [ 5.5766725, 48.684764 ], [ 5.5737946, 48.6851376 ], [ 5.5729502, 48.6851855 ], [ 5.5722212, 48.6851184 ], [ 5.5702573, 48.6852589 ], [ 5.5663659, 48.6859466 ], [ 5.5626632, 48.685911 ], [ 5.5613918, 48.6860383 ], [ 5.5607974, 48.6863057 ], [ 5.5605874, 48.6859871 ], [ 5.5601922, 48.6856888 ], [ 5.5575598, 48.6845817 ], [ 5.5559822, 48.683784 ], [ 5.5548166, 48.683377 ], [ 5.55346, 48.6831208 ], [ 5.5506979, 48.6828046 ], [ 5.5466075, 48.682506 ], [ 5.542609, 48.6826715 ], [ 5.5417552, 48.6826366 ], [ 5.5408822, 48.6825418 ], [ 5.5384031, 48.682034 ], [ 5.5376086, 48.6819348 ], [ 5.5325022, 48.6822324 ], [ 5.5255135, 48.6812638 ], [ 5.5246093, 48.6811984 ], [ 5.5241204, 48.6812339 ], [ 5.5191028, 48.6803277 ], [ 5.5179854, 48.6797861 ], [ 5.5222553, 48.676125 ], [ 5.519479, 48.6744037 ], [ 5.5197634, 48.6742987 ], [ 5.5176294, 48.6729876 ], [ 5.517465, 48.6727616 ], [ 5.5167211, 48.6706589 ], [ 5.5163567, 48.6705685 ], [ 5.5162029, 48.6707625 ], [ 5.5152159, 48.6706096 ], [ 5.5151033, 48.6697085 ], [ 5.5148575, 48.6691746 ], [ 5.5142499, 48.6679824 ], [ 5.5130912, 48.6662349 ], [ 5.5142576, 48.6653725 ], [ 5.5082562, 48.6625598 ], [ 5.5052162, 48.6605809 ], [ 5.503326, 48.6591511 ], [ 5.5024941, 48.6596212 ], [ 5.5004048, 48.6575754 ], [ 5.5000172, 48.6570256 ], [ 5.5004379, 48.656763 ], [ 5.4993927, 48.6554989 ], [ 5.4980531, 48.6542122 ], [ 5.497706, 48.6536292 ], [ 5.4974509, 48.6527814 ], [ 5.4969761, 48.652794 ], [ 5.4954375, 48.6508068 ], [ 5.4933378, 48.6514636 ], [ 5.492812, 48.6505765 ], [ 5.4922046, 48.6499161 ], [ 5.4900165, 48.6479451 ], [ 5.4882942, 48.6470559 ], [ 5.4886787, 48.6469174 ], [ 5.4881187, 48.6464495 ], [ 5.4878746, 48.6460586 ], [ 5.4878095, 48.6436607 ], [ 5.4882453, 48.6436021 ], [ 5.4880087, 48.6428817 ], [ 5.4883534, 48.6428466 ], [ 5.4877075, 48.6405455 ], [ 5.4840843, 48.6412268 ], [ 5.4829371, 48.641347 ], [ 5.4829125, 48.6409425 ], [ 5.4800559, 48.6409822 ], [ 5.4793349, 48.6414697 ], [ 5.4790272, 48.6415103 ], [ 5.478108, 48.6411695 ], [ 5.4773846, 48.641837 ], [ 5.4760864, 48.6416642 ], [ 5.4726283, 48.6415911 ], [ 5.4719641, 48.641559 ], [ 5.4716333, 48.6414561 ], [ 5.4702314, 48.6416174 ], [ 5.4694505, 48.6420764 ], [ 5.4662119, 48.6388831 ], [ 5.4658601, 48.639082 ], [ 5.4641837, 48.6380557 ], [ 5.4613786, 48.6399379 ], [ 5.4582414, 48.6383387 ], [ 5.4565665, 48.6375732 ], [ 5.4556812, 48.637515 ], [ 5.4552967, 48.6378856 ], [ 5.4550275, 48.637937 ], [ 5.4546787, 48.6377669 ], [ 5.4547899, 48.6373588 ], [ 5.4528627, 48.6369143 ], [ 5.4521523, 48.6366185 ], [ 5.4521467, 48.6361515 ], [ 5.4515817, 48.6352785 ], [ 5.4518586, 48.6348418 ], [ 5.4507337, 48.6344518 ], [ 5.4504114, 48.6347303 ], [ 5.4494051, 48.6360612 ], [ 5.449136, 48.6361127 ], [ 5.4489249, 48.6359838 ], [ 5.4486742, 48.6351808 ], [ 5.4490796, 48.6351698 ], [ 5.4489965, 48.6349024 ], [ 5.4493999, 48.6348465 ], [ 5.4493901, 48.6346667 ], [ 5.4503964, 48.6334536 ], [ 5.4496364, 48.632097699999989 ], [ 5.4490586, 48.631617299999988 ], [ 5.4492832, 48.6308469 ], [ 5.4490555, 48.6304475 ], [ 5.4478322, 48.6291407 ], [ 5.4485445, 48.6287265 ], [ 5.4486469, 48.6282439 ], [ 5.4485621, 48.6276229 ], [ 5.4479496, 48.6267751 ], [ 5.4503055, 48.6259167 ], [ 5.4489509, 48.6243274 ], [ 5.4481015, 48.6238994 ], [ 5.4468219, 48.6239392 ], [ 5.4460693, 48.623376 ], [ 5.4465622, 48.6227971 ], [ 5.446723, 48.6224635 ], [ 5.4471456, 48.6200052 ], [ 5.4479107, 48.6189492 ], [ 5.4480957, 48.6183496 ], [ 5.4480858, 48.617993399999989 ], [ 5.4479794, 48.617632099999987 ], [ 5.4478345, 48.6174955 ], [ 5.4462765, 48.6170056 ], [ 5.445186, 48.6164403 ], [ 5.4432212, 48.6142137 ], [ 5.4431802, 48.611706399999989 ], [ 5.4521675, 48.6126961 ], [ 5.452792, 48.612757 ], [ 5.4531023, 48.6126894 ], [ 5.4533253, 48.6129008 ], [ 5.4542922, 48.6129133 ], [ 5.4553084, 48.6126736 ], [ 5.4565773, 48.6135123 ], [ 5.4583516, 48.6138663 ], [ 5.4591653, 48.6145766 ], [ 5.460532, 48.6146906 ], [ 5.4609624, 48.614463 ], [ 5.4623843, 48.6142797 ], [ 5.4651256, 48.6155981 ], [ 5.4654652, 48.61569 ], [ 5.4681536, 48.615826 ], [ 5.4761307, 48.615376 ], [ 5.4787273, 48.6157512 ], [ 5.4793265, 48.6141305 ], [ 5.4806029, 48.6146592 ], [ 5.4803417, 48.6122978 ], [ 5.4803491, 48.6115093 ], [ 5.4807497, 48.611455 ], [ 5.480775, 48.6110459 ], [ 5.4876546, 48.6112758 ], [ 5.4883245, 48.6108937 ], [ 5.488755, 48.610527499999989 ], [ 5.4889303, 48.6100774 ], [ 5.4885626, 48.609906 ], [ 5.4892527, 48.6092652 ], [ 5.4898217, 48.6088726 ], [ 5.4902711, 48.6087066 ], [ 5.4915212, 48.6086526 ], [ 5.4922326, 48.6094008 ], [ 5.4932103, 48.6100967 ], [ 5.4947724, 48.6106652 ], [ 5.4966019, 48.6111785 ], [ 5.497583, 48.6113757 ], [ 5.4985428, 48.6114096 ], [ 5.5001471, 48.6118664 ], [ 5.5006011, 48.6121925 ], [ 5.5012495, 48.612925 ], [ 5.5019813, 48.6135261 ], [ 5.5055293, 48.6156275 ], [ 5.5069078, 48.6146536 ], [ 5.5072036, 48.614029099999989 ], [ 5.5085132, 48.6135443 ], [ 5.5123008, 48.6138181 ], [ 5.512433, 48.6135453 ], [ 5.513017, 48.613723799999988 ], [ 5.5130951, 48.6134836 ], [ 5.518974, 48.6152178 ], [ 5.5259891, 48.6175927 ], [ 5.5270248, 48.6168075 ], [ 5.5274166, 48.6169387 ], [ 5.5291762, 48.6172289 ], [ 5.5309236, 48.6179964 ], [ 5.5322218, 48.6183162 ], [ 5.5364633, 48.6186191 ], [ 5.538326, 48.6191581 ], [ 5.5403365, 48.6198613 ] ] ] ] } },
{ "type": "Feature", "properties": { "code_departement": 55.0, "code_rne": "0550024C", "multisecteur": 0.0 }, "geometry": { "type": "MultiPolygon", "coordinates": [ [ [ [ 5.3087667, 49.134495 ], [ 5.3060287, 49.133176 ], [ 5.3068258, 49.1332825 ], [ 5.3087602, 49.1343497 ], [ 5.3087667, 49.134495 ] ] ], [ [ [ 5.3523865, 49.1467189 ], [ 5.3522686, 49.1469131 ], [ 5.3499846, 49.1484368 ], [ 5.3490948, 49.1476771 ], [ 5.3511997, 49.1467737 ], [ 5.3523014, 49.1464027 ], [ 5.3523865, 49.1467189 ] ] ], [ [ [ 5.3950411, 49.1529944 ], [ 5.3939429, 49.1521519 ], [ 5.3941367, 49.1520564 ], [ 5.394743, 49.1521276 ], [ 5.3949688, 49.1524717 ], [ 5.3952849, 49.1526519 ], [ 5.3950411, 49.1529944 ] ] ], [ [ [ 5.3957896, 49.1523856 ], [ 5.396211, 49.1523566 ], [ 5.3961598, 49.1525798 ], [ 5.3958782, 49.1527605 ], [ 5.3954847, 49.1525816 ], [ 5.3957896, 49.1523856 ] ] ], [ [ [ 5.3999267, 49.152845 ], [ 5.4001067, 49.1525603 ], [ 5.4006275, 49.1525641 ], [ 5.4007853, 49.1526879 ], [ 5.4007854, 49.1533265 ], [ 5.4005204, 49.1535397 ], [ 5.3999456, 49.1535087 ], [ 5.3995821, 49.1531599 ], [ 5.3996559, 49.1528469 ], [ 5.3999267, 49.152845 ] ] ], [ [ [ 5.3988363, 49.1559012 ], [ 5.3986041, 49.155083 ], [ 5.3992526, 49.1548123 ], [ 5.3996188, 49.1548612 ], [ 5.3995427, 49.1553848 ], [ 5.3997785, 49.1555179 ], [ 5.4007374, 49.1556914 ], [ 5.4000451, 49.1562716 ], [ 5.4000699, 49.156681 ], [ 5.3997311, 49.1567592 ], [ 5.3995663, 49.1564361 ], [ 5.3988363, 49.1559012 ] ] ], [ [ [ 5.3685721, 49.1562551 ], [ 5.37005, 49.1571235 ], [ 5.3707728, 49.1564352 ], [ 5.3718588, 49.1558351 ], [ 5.3738626, 49.1550395 ], [ 5.3751732, 49.1548285 ], [ 5.375449, 49.1544882 ], [ 5.3753523, 49.1513747 ], [ 5.3771364, 49.151242 ], [ 5.3782309, 49.1510764 ], [ 5.3817458, 49.1524807 ], [ 5.3829332, 49.1533584 ], [ 5.3834888, 49.1532208 ], [ 5.3843041, 49.1531573 ], [ 5.384708, 49.1532069 ], [ 5.3859001, 49.1536308 ], [ 5.3863941, 49.1536989 ], [ 5.3869237, 49.1533734 ], [ 5.3878473, 49.1532041 ], [ 5.3881333, 49.1530243 ], [ 5.3891963, 49.1533579 ], [ 5.3889329, 49.1535752 ], [ 5.3888355, 49.1541462 ], [ 5.3890396, 49.15429 ], [ 5.3896074, 49.1544415 ], [ 5.3904111, 49.1541969 ], [ 5.390566, 49.154104599999989 ], [ 5.3907377, 49.1537791 ], [ 5.391298, 49.1535903 ], [ 5.3917528, 49.1533128 ], [ 5.3921693, 49.1527456 ], [ 5.3921886, 49.1523032 ], [ 5.3927003, 49.152244599999989 ], [ 5.3935924, 49.1522676 ], [ 5.3937939, 49.1528498 ], [ 5.3936657, 49.1536591 ], [ 5.3941557, 49.1538972 ], [ 5.3938596, 49.1547424 ], [ 5.3939754, 49.1551587 ], [ 5.3950544, 49.1551039 ], [ 5.3950719, 49.1549754 ], [ 5.395623, 49.1548296 ], [ 5.3958118, 49.1549197 ], [ 5.3959609, 49.1551262 ], [ 5.3956278, 49.1552356 ], [ 5.3956007, 49.1555272 ], [ 5.3963472, 49.155529799999989 ], [ 5.3970228, 49.1554086 ], [ 5.3971727, 49.1558644 ], [ 5.3970621, 49.156187 ], [ 5.3965741, 49.1564717 ], [ 5.3976216, 49.156939 ], [ 5.3976664, 49.156769 ], [ 5.3981241, 49.1565769 ], [ 5.3983646, 49.1566049 ], [ 5.3989155, 49.156837 ], [ 5.3982194, 49.1572404 ], [ 5.398248, 49.157298 ], [ 5.3988088, 49.1575217 ], [ 5.3994053, 49.1579476 ], [ 5.3998128, 49.1579642 ], [ 5.3998957, 49.1585507 ], [ 5.400314, 49.1587008 ], [ 5.4006698, 49.1590624 ], [ 5.400653, 49.1595521 ], [ 5.4013851, 49.1597656 ], [ 5.4021511, 49.1595927 ], [ 5.4043487, 49.159673 ], [ 5.404209, 49.1593908 ], [ 5.4024096, 49.158762 ], [ 5.4019153, 49.1590063 ], [ 5.4011634, 49.1587467 ], [ 5.4011193, 49.1578709 ], [ 5.399959, 49.1578632 ], [ 5.3998656, 49.157728 ], [ 5.3999057, 49.1573832 ], [ 5.4005185, 49.1571508 ], [ 5.4008136, 49.1567743 ], [ 5.4011403, 49.1566238 ], [ 5.4017041, 49.15665 ], [ 5.4026013, 49.1565552 ], [ 5.4027753, 49.1565924 ], [ 5.4033572, 49.1572285 ], [ 5.4036958, 49.1574545 ], [ 5.4038396, 49.1578207 ], [ 5.4042803, 49.1577517 ], [ 5.4047125, 49.1575436 ], [ 5.4049685, 49.1577419 ], [ 5.4050007, 49.1581907 ], [ 5.4048418, 49.1584495 ], [ 5.4054081, 49.158376 ], [ 5.4056269, 49.158232 ], [ 5.4060997, 49.1581015 ], [ 5.4061804, 49.1584782 ], [ 5.4066441, 49.1587129 ], [ 5.4070638, 49.1587296 ], [ 5.4071457, 49.1589533 ], [ 5.4075159, 49.1588954 ], [ 5.4076122, 49.1588097 ], [ 5.4082006, 49.1588596 ], [ 5.408447, 49.1593363 ], [ 5.4089084, 49.1592883 ], [ 5.4091304, 49.1595041 ], [ 5.409357, 49.159571 ], [ 5.4095442, 49.159819 ], [ 5.409616, 49.1599402 ], [ 5.4091009, 49.1603502 ], [ 5.4092526, 49.1603362 ], [ 5.4099549, 49.1601711 ], [ 5.4102766, 49.1598684 ], [ 5.4109192, 49.1595536 ], [ 5.4118565, 49.1592956 ], [ 5.411827, 49.1587837 ], [ 5.4119406, 49.1583024 ], [ 5.4136487, 49.1554403 ], [ 5.4174263, 49.1545955 ], [ 5.4246226, 49.1534041 ], [ 5.4318248, 49.1505708 ], [ 5.4342914, 49.1520218 ], [ 5.4335657, 49.1534757 ], [ 5.433402, 49.1540781 ], [ 5.4334111, 49.1555845 ], [ 5.4328786, 49.1556052 ], [ 5.4329508, 49.1571122 ], [ 5.4335576, 49.1572708 ], [ 5.4340624, 49.1573029 ], [ 5.4349097, 49.1608549 ], [ 5.4307478, 49.1615714 ], [ 5.4311102, 49.1630968 ], [ 5.4312549, 49.1645124 ], [ 5.429422, 49.1650315 ], [ 5.4284307, 49.1651855 ], [ 5.4283107, 49.1654056 ], [ 5.428928, 49.165787099999989 ], [ 5.4293888, 49.1661934 ], [ 5.4297526, 49.166697 ], [ 5.4301648, 49.1677635 ], [ 5.4311359, 49.1686389 ], [ 5.4323765, 49.1693802 ], [ 5.4373886, 49.1717902 ], [ 5.4390481, 49.1728872 ], [ 5.4401415, 49.1737906 ], [ 5.4403644, 49.1746181 ], [ 5.4407387, 49.1751079 ], [ 5.4405855, 49.1752055 ], [ 5.4385634, 49.1739548 ], [ 5.4370475, 49.1748895 ], [ 5.4354725, 49.1760547 ], [ 5.4348663, 49.1766714 ], [ 5.4348527, 49.177868 ], [ 5.4355294, 49.1800319 ], [ 5.4373373, 49.1817133 ], [ 5.4407672, 49.1839168 ], [ 5.4451293, 49.1855994 ], [ 5.4462589, 49.186708 ], [ 5.4461489, 49.1876043 ], [ 5.445162, 49.1884123 ], [ 5.4435761, 49.1880739 ], [ 5.4418552, 49.1879837 ], [ 5.4413656, 49.1878165 ], [ 5.4373672, 49.1859294 ], [ 5.4365616, 49.1856363 ], [ 5.4349976, 49.1847982 ], [ 5.4337761, 49.1839468 ], [ 5.4332476, 49.1838252 ], [ 5.431918, 49.1830947 ], [ 5.4313914, 49.1826916 ], [ 5.4258534, 49.1826009 ], [ 5.4233292, 49.1827588 ], [ 5.4214894, 49.1827625 ], [ 5.4202556, 49.1826704 ], [ 5.4180049, 49.1848033 ], [ 5.4144381, 49.1851447 ], [ 5.4143469, 49.185366 ], [ 5.4131125, 49.1852027 ], [ 5.4113047, 49.1864244 ], [ 5.4107641, 49.1870451 ], [ 5.4101434, 49.1871816 ], [ 5.4077532, 49.1874228 ], [ 5.4071734, 49.187644 ], [ 5.4069, 49.187931 ], [ 5.4067007, 49.1885727 ], [ 5.4064101, 49.1888753 ], [ 5.4058119, 49.1892021 ], [ 5.40507, 49.1893896 ], [ 5.4041505, 49.1893899 ], [ 5.4019161, 49.1890559 ], [ 5.3993432, 49.188527 ], [ 5.3983383, 49.1881926 ], [ 5.3968992, 49.1881718 ], [ 5.3952131, 49.1880318 ], [ 5.3920335, 49.1882362 ], [ 5.3912315, 49.188638 ], [ 5.3904241, 49.1888357 ], [ 5.3868694, 49.1889125 ], [ 5.3857227, 49.189044 ], [ 5.385636, 49.188918 ], [ 5.3828302, 49.189435 ], [ 5.3815339, 49.1894768 ], [ 5.3801899, 49.1892857 ], [ 5.3788729, 49.1889358 ], [ 5.3790448, 49.1885258 ], [ 5.3767038, 49.1882276 ], [ 5.3763388, 49.184583 ], [ 5.3746515, 49.1847422 ], [ 5.3729637, 49.1851901 ], [ 5.3733517, 49.1858706 ], [ 5.3713378, 49.18636 ], [ 5.3693769, 49.1870785 ], [ 5.3686152, 49.1861167 ], [ 5.3681413, 49.1862538 ], [ 5.3683103, 49.1865302 ], [ 5.3673064, 49.186961 ], [ 5.3678754, 49.1875812 ], [ 5.3632221, 49.1895011 ], [ 5.3618385, 49.1903054 ], [ 5.361568, 49.1903611 ], [ 5.3638381, 49.1915407 ], [ 5.3632856, 49.1919733 ], [ 5.3614578, 49.1909829 ], [ 5.3600326, 49.1903966 ], [ 5.3591726, 49.1899529 ], [ 5.3588084, 49.1898512 ], [ 5.3583913, 49.1898837 ], [ 5.3580781, 49.1900265 ], [ 5.357968, 49.1905908 ], [ 5.3577446, 49.1908074 ], [ 5.3572645, 49.1909329 ], [ 5.3568018, 49.1908987 ], [ 5.35617, 49.1901934 ], [ 5.3557728, 49.1895158 ], [ 5.3552846, 49.1882265 ], [ 5.3540669, 49.186617 ], [ 5.3533263, 49.1851779 ], [ 5.3522549, 49.183552 ], [ 5.3514244, 49.1829107 ], [ 5.3504903, 49.1826744 ], [ 5.3499433, 49.1824431 ], [ 5.3493211, 49.1819147 ], [ 5.3490706, 49.1814753 ], [ 5.3489467, 49.1807707 ], [ 5.3490539, 49.1802308 ], [ 5.3494494, 49.1797248 ], [ 5.3503108, 49.179206099999988 ], [ 5.35165, 49.178696 ], [ 5.3522417, 49.1785541 ], [ 5.3530972, 49.1784807 ], [ 5.3556458, 49.178528 ], [ 5.3589421, 49.1781567 ], [ 5.3613764, 49.1780155 ], [ 5.3622977, 49.1778508 ], [ 5.3631626, 49.1774713 ], [ 5.3636281, 49.1771213 ], [ 5.3646962, 49.1756046 ], [ 5.3652585, 49.174972 ], [ 5.3659813, 49.1745476 ], [ 5.3665477, 49.1744241 ], [ 5.3682493, 49.1742827 ], [ 5.3684894, 49.1748833 ], [ 5.3690709, 49.1751804 ], [ 5.3703082, 49.1762857 ], [ 5.3708224, 49.1764888 ], [ 5.3725601, 49.1764779 ], [ 5.3738651, 49.1761554 ], [ 5.3775182, 49.1758495 ], [ 5.3778931, 49.1752592 ], [ 5.3778371, 49.1750561 ], [ 5.3774322, 49.1747538 ], [ 5.3771242, 49.1746196 ], [ 5.3745463, 49.174048 ], [ 5.3728894, 49.1730976 ], [ 5.3741347, 49.1721925 ], [ 5.3746726, 49.1718967 ], [ 5.3753195, 49.1716438 ], [ 5.3758008, 49.1715516 ], [ 5.3768907, 49.171565099999988 ], [ 5.3783108, 49.1718996 ], [ 5.3804739, 49.1721042 ], [ 5.3802712, 49.1700529 ], [ 5.3795401, 49.1693388 ], [ 5.3792224, 49.1687829 ], [ 5.3790378, 49.1672431 ], [ 5.3787497, 49.1663772 ], [ 5.3770443, 49.1667257 ], [ 5.3770091, 49.1673335 ], [ 5.373011, 49.1673108 ], [ 5.3727865, 49.1672315 ], [ 5.3721748, 49.1673533 ], [ 5.3712024, 49.1637027 ], [ 5.3709743, 49.1637827 ], [ 5.3706923, 49.1637572 ], [ 5.3711723, 49.1634705 ], [ 5.3708404, 49.1628239 ], [ 5.3704706, 49.162678799999988 ], [ 5.36952, 49.1620888 ], [ 5.3687514, 49.1620539 ], [ 5.3679309, 49.161435 ], [ 5.3677706, 49.1608454 ], [ 5.368041, 49.1598873 ], [ 5.3669, 49.1579058 ], [ 5.3671674, 49.157651799999989 ], [ 5.3673185, 49.1572968 ], [ 5.3670905, 49.1562294 ], [ 5.3678667, 49.1561899 ], [ 5.3685721, 49.1562551 ] ], [ [ 5.3924621, 49.1534631 ], [ 5.3926736, 49.1534216 ], [ 5.3925599, 49.1532917 ], [ 5.3924621, 49.1534631 ] ], [ [ 5.3923162, 49.1539359 ], [ 5.3924967, 49.1539308 ], [ 5.3926972, 49.153752 ], [ 5.3922276, 49.1537201 ], [ 5.3923162, 49.1539359 ] ], [ [ 5.384238, 49.1644554 ], [ 5.3843782, 49.1647522 ], [ 5.3852344, 49.1647822 ], [ 5.386044, 49.1653618 ], [ 5.3867164, 49.1646751 ], [ 5.3867985, 49.1641563 ], [ 5.3853839, 49.1639963 ], [ 5.3849968, 49.1642787 ], [ 5.3848459, 49.1642609 ], [ 5.384238, 49.1644554 ] ] ], [ [ [ 5.4315769, 49.2605994 ], [ 5.4315775, 49.259736 ], [ 5.4308228, 49.2541228 ], [ 5.4305411, 49.2527793 ], [ 5.4298866, 49.2507518 ], [ 5.4255113, 49.2500637 ], [ 5.4258106, 49.2496196 ], [ 5.4263764, 49.2480343 ], [ 5.4274572, 49.2468856 ], [ 5.4274436, 49.2464209 ], [ 5.4271274, 49.246005399999987 ], [ 5.4255953, 49.244974 ], [ 5.4247358, 49.2441072 ], [ 5.4259501, 49.2424072 ], [ 5.4259984, 49.2421193 ], [ 5.4262108, 49.2418443 ], [ 5.4262332, 49.2394838 ], [ 5.4264645, 49.238354 ], [ 5.4257109, 49.2382765 ], [ 5.4230005, 49.2356624 ], [ 5.4220408, 49.2343812 ], [ 5.4224371, 49.2342212 ], [ 5.4252927, 49.2354526 ], [ 5.4260498, 49.2356641 ], [ 5.4257081, 49.2360514 ], [ 5.426349, 49.2363029 ], [ 5.4268175, 49.2358087 ], [ 5.4290121, 49.2361243 ], [ 5.4356611, 49.2366125 ], [ 5.4359964, 49.2357999 ], [ 5.4361291, 49.2357297 ], [ 5.4373132, 49.2355007 ], [ 5.4386242, 49.2354553 ], [ 5.4395838, 49.2355034 ], [ 5.4412249, 49.2358461 ], [ 5.4435028, 49.236613899999988 ], [ 5.4447464, 49.2371185 ], [ 5.4479109, 49.2386228 ], [ 5.4500731, 49.2385097 ], [ 5.4519994, 49.2379704 ], [ 5.4530983, 49.2379418 ], [ 5.4544056, 49.2381067 ], [ 5.4555019, 49.2384298 ], [ 5.4559918, 49.2386492 ], [ 5.4562644, 49.2385474 ], [ 5.4573215, 49.2389405 ], [ 5.4579218, 49.2395749 ], [ 5.4583647, 49.2403097 ], [ 5.4583983, 49.2413622 ], [ 5.4591561, 49.2413819 ], [ 5.4591204, 49.2410075 ], [ 5.4606319, 49.2405828 ], [ 5.4609822, 49.2409291 ], [ 5.4624578, 49.2411958 ], [ 5.4627845, 49.2408437 ], [ 5.4639596, 49.2411165 ], [ 5.463454, 49.2419498 ], [ 5.4648247, 49.2422042 ], [ 5.4647651, 49.2427406 ], [ 5.4658642, 49.2427415 ], [ 5.4654898, 49.2434174 ], [ 5.4688534, 49.243461 ], [ 5.4687793, 49.2440085 ], [ 5.4713102, 49.2443344 ], [ 5.4714537, 49.2439726 ], [ 5.4744153, 49.2443409 ], [ 5.4776459, 49.2453044 ], [ 5.4779355, 49.2451545 ], [ 5.4795215, 49.245282 ], [ 5.4799076, 49.244711 ], [ 5.4805804, 49.2449904 ], [ 5.4814706, 49.2451906 ], [ 5.4830717, 49.2459465 ], [ 5.4845927, 49.2461508 ], [ 5.4867356, 49.2466867 ], [ 5.4885268, 49.2469646 ], [ 5.4889781, 49.2470947 ], [ 5.4910985, 49.2482166 ], [ 5.4917172, 49.2484241 ], [ 5.4949281, 49.2491106 ], [ 5.4956934, 49.2512444 ], [ 5.4956663, 49.253158 ], [ 5.4987763, 49.2541082 ], [ 5.5014012, 49.2546276 ], [ 5.5023318, 49.2550049 ], [ 5.5035198, 49.2553616 ], [ 5.5039443, 49.255387 ], [ 5.5049713, 49.255201 ], [ 5.5059452, 49.255251 ], [ 5.5063301, 49.255480399999989 ], [ 5.5069467, 49.2556718 ], [ 5.5069631, 49.2560096 ], [ 5.5071432, 49.2561804 ], [ 5.5087527, 49.2568961 ], [ 5.5095068, 49.2570612 ], [ 5.5095604, 49.2572859 ], [ 5.5090594, 49.2578359 ], [ 5.5090899, 49.2583516 ], [ 5.5092887, 49.2585957 ], [ 5.5096416, 49.2588168 ], [ 5.5123936, 49.2600214 ], [ 5.5121635, 49.2616496 ], [ 5.5146765, 49.2616656 ], [ 5.5163708, 49.2618884 ], [ 5.5170225, 49.2620646 ], [ 5.5183606, 49.2622516 ], [ 5.5193722, 49.26262 ], [ 5.523087, 49.2645076 ], [ 5.5239709, 49.2647094 ], [ 5.5260155, 49.2649814 ], [ 5.52941, 49.2652026 ], [ 5.5315774, 49.2659045 ], [ 5.5325093, 49.2663824 ], [ 5.5335901, 49.2666736 ], [ 5.5343725, 49.2669881 ], [ 5.5356686, 49.2677452 ], [ 5.5359744, 49.2678143 ], [ 5.5386785, 49.2678833 ], [ 5.5409734, 49.2680977 ], [ 5.5412193, 49.2704427 ], [ 5.5409811, 49.2721656 ], [ 5.5406822, 49.2724327 ], [ 5.5393138, 49.2731172 ], [ 5.537711, 49.273732 ], [ 5.5373874, 49.2745042 ], [ 5.5367768, 49.2748624 ], [ 5.5365903, 49.2750957 ], [ 5.5365273, 49.2754073 ], [ 5.5367131, 49.2757209 ], [ 5.5374156, 49.276056 ], [ 5.5378863, 49.2764329 ], [ 5.5380039, 49.2770078 ], [ 5.5379458, 49.2772789 ], [ 5.5377337, 49.2775235 ], [ 5.5374333, 49.2776764 ], [ 5.5368527, 49.2777219 ], [ 5.5354653, 49.2774353 ], [ 5.5351045, 49.2774798 ], [ 5.534936, 49.2775742 ], [ 5.5344288, 49.2783053 ], [ 5.5328725, 49.2789738 ], [ 5.5323255, 49.2793991 ], [ 5.5317885, 49.2810643 ], [ 5.5309145, 49.2810431 ], [ 5.5262672, 49.2804426 ], [ 5.5224317, 49.2798249 ], [ 5.5213393, 49.2796103 ], [ 5.5199229, 49.2791802 ], [ 5.5154463, 49.2765736 ], [ 5.513612, 49.2757151 ], [ 5.5127965, 49.2747482 ], [ 5.5119083, 49.2741506 ], [ 5.5097793, 49.2734466 ], [ 5.5072358, 49.2730399 ], [ 5.5056237, 49.2726767 ], [ 5.5006918, 49.271143 ], [ 5.4999762, 49.2698762 ], [ 5.4973751, 49.2691539 ], [ 5.4938165, 49.2680403 ], [ 5.4928571, 49.2676113 ], [ 5.4904505, 49.2670134 ], [ 5.4902704, 49.2669254 ], [ 5.4884547, 49.2650966 ], [ 5.4880372, 49.264961299999989 ], [ 5.4872248, 49.2648441 ], [ 5.4871685, 49.2635312 ], [ 5.4836276, 49.2636311 ], [ 5.4826245, 49.2638344 ], [ 5.4811936, 49.2644574 ], [ 5.480232, 49.2647821 ], [ 5.4794922, 49.2649169 ], [ 5.4775644, 49.2650672 ], [ 5.4729705, 49.2659385 ], [ 5.4717777, 49.2638728 ], [ 5.4712063, 49.2633349 ], [ 5.4703413, 49.2629209 ], [ 5.4692944, 49.262552 ], [ 5.4686335, 49.2632167 ], [ 5.4676518, 49.2629184 ], [ 5.4659684, 49.2625742 ], [ 5.4655767, 49.2632361 ], [ 5.4650496, 49.2631623 ], [ 5.4652051, 49.2624468 ], [ 5.4622087, 49.2618604 ], [ 5.4620457, 49.2629376 ], [ 5.4616164, 49.263504 ], [ 5.4614423, 49.2639753 ], [ 5.4615093, 49.2650334 ], [ 5.4611588, 49.2661288 ], [ 5.457299, 49.2720113 ], [ 5.4571274, 49.2723332 ], [ 5.4570892, 49.2727423 ], [ 5.4566536, 49.2725443 ], [ 5.4534664, 49.271739499999988 ], [ 5.4518883, 49.2715054 ], [ 5.4504863, 49.2714169 ], [ 5.4482801, 49.2710948 ], [ 5.444478, 49.2679799 ], [ 5.4431861, 49.266791 ], [ 5.4419227, 49.2664047 ], [ 5.4414534, 49.2634237 ], [ 5.4385783, 49.2625186 ], [ 5.4375806, 49.2622869 ], [ 5.4365775, 49.262202 ], [ 5.4339115, 49.2621713 ], [ 5.4328708, 49.2619305 ], [ 5.432884, 49.2618592 ], [ 5.4311372, 49.2615644 ], [ 5.4315769, 49.2605994 ] ] ] ] } },
{ "type": "Feature", "properties": { "code_departement": 55.0, "code_rne": "0550701N", "multisecteur": 0.0 }, "geometry": { "type": "MultiPolygon", "coordinates": [ [ [ [ 5.3280754, 48.7923068 ], [ 5.3281052, 48.7932807 ], [ 5.3264132, 48.7937239 ], [ 5.3245676, 48.7939308 ], [ 5.3205573, 48.7938765 ], [ 5.3197891, 48.7937204 ], [ 5.3183662, 48.7930517 ], [ 5.3176982, 48.792943099999988 ], [ 5.315793, 48.7930341 ], [ 5.3146239, 48.792957799999989 ], [ 5.3132423, 48.7936791 ], [ 5.311151, 48.793258 ], [ 5.3105731, 48.7954916 ], [ 5.3086652, 48.7951245 ], [ 5.3082758, 48.7957411 ], [ 5.3087248, 48.7958863 ], [ 5.3083655, 48.7967534 ], [ 5.3079369, 48.7967014 ], [ 5.3077901, 48.7970768 ], [ 5.3074913, 48.7974343 ], [ 5.3064568, 48.7977539 ], [ 5.3053359, 48.7984 ], [ 5.3008924, 48.7960041 ], [ 5.3002177, 48.7959289 ], [ 5.2986667, 48.7961801 ], [ 5.296417, 48.7967416 ], [ 5.2960902, 48.7964645 ], [ 5.2953227, 48.7964459 ], [ 5.2953481, 48.7962196 ], [ 5.2907224, 48.7950541 ], [ 5.2879968, 48.7941103 ], [ 5.2875425, 48.7935954 ], [ 5.2872384, 48.7934627 ], [ 5.2850787, 48.7929992 ], [ 5.2844594, 48.7927888 ], [ 5.2827147, 48.7919107 ], [ 5.2802938, 48.7903932 ], [ 5.2807768, 48.7920962 ], [ 5.2813146, 48.7929974 ], [ 5.281911, 48.7937103 ], [ 5.2817155, 48.7938796 ], [ 5.2810947, 48.7940102 ], [ 5.2804898, 48.7940028 ], [ 5.2794458, 48.793890499999989 ], [ 5.2786573, 48.7937031 ], [ 5.2772098, 48.7931746 ], [ 5.2755349, 48.7922735 ], [ 5.2753567, 48.7920268 ], [ 5.2749485, 48.7922856 ], [ 5.2724684, 48.7913701 ], [ 5.2721948, 48.7915912 ], [ 5.2709532, 48.7931327 ], [ 5.2687798, 48.7946343 ], [ 5.2623145, 48.7924841 ], [ 5.2591396, 48.791244 ], [ 5.2586385, 48.7909305 ], [ 5.2578431, 48.7901709 ], [ 5.2546287, 48.7884843 ], [ 5.2512925, 48.7889224 ], [ 5.2499099, 48.7890357 ], [ 5.2481588, 48.789353 ], [ 5.2463156, 48.7894911 ], [ 5.2438391, 48.786842 ], [ 5.2438163, 48.7863107 ], [ 5.2434169, 48.7858576 ], [ 5.2423839, 48.7849169 ], [ 5.2415498, 48.7844863 ], [ 5.2410914, 48.7844337 ], [ 5.2391907, 48.7851631 ], [ 5.2391943, 48.7853106 ], [ 5.2381446, 48.785916899999989 ], [ 5.2378398, 48.7861754 ], [ 5.2380839, 48.7864048 ], [ 5.2378885, 48.7866747 ], [ 5.2372428, 48.7866994 ], [ 5.2327538, 48.787658 ], [ 5.2316789, 48.7863725 ], [ 5.2303097, 48.7850152 ], [ 5.2300696, 48.7851007 ], [ 5.2275811, 48.7835474 ], [ 5.2245864, 48.7829248 ], [ 5.2243972, 48.7833089 ], [ 5.2222462, 48.7828352 ], [ 5.2157785, 48.7818909 ], [ 5.2110392, 48.7813435 ], [ 5.2110426, 48.7810699 ], [ 5.2128198, 48.7813393 ], [ 5.213353, 48.7812629 ], [ 5.2136343, 48.7810588 ], [ 5.2136028, 48.7807346 ], [ 5.2124649, 48.7799684 ], [ 5.2120399, 48.7794185 ], [ 5.2123976, 48.7789926 ], [ 5.2128143, 48.7787707 ], [ 5.2134179, 48.778621 ], [ 5.2135974, 48.7781669 ], [ 5.2138642, 48.7780701 ], [ 5.2151496, 48.7779491 ], [ 5.2152611, 48.7774972 ], [ 5.2152162, 48.7774324 ], [ 5.2140381, 48.777293099999987 ], [ 5.2120439, 48.7767507 ], [ 5.2118613, 48.7764571 ], [ 5.2118775, 48.7762616 ], [ 5.2110026, 48.7742471 ], [ 5.2109023, 48.7736164 ], [ 5.2116207, 48.7734484 ], [ 5.2127574, 48.7733193 ], [ 5.2128264, 48.7726046 ], [ 5.2132291, 48.7720222 ], [ 5.2137716, 48.7719752 ], [ 5.2141252, 48.7717428 ], [ 5.2142219, 48.7712624 ], [ 5.2129445, 48.7705735 ], [ 5.2121365, 48.7698479 ], [ 5.2117033, 48.7691668 ], [ 5.211316, 48.7681851 ], [ 5.2108766, 48.7676111 ], [ 5.2108244, 48.7666682 ], [ 5.2104515, 48.7660921 ], [ 5.2091357, 48.764685 ], [ 5.2085678, 48.7642582 ], [ 5.20711, 48.7637084 ], [ 5.2061915, 48.763101 ], [ 5.2053669, 48.7629416 ], [ 5.2031966, 48.7618246 ], [ 5.2012341, 48.7610169 ], [ 5.2006171, 48.7609419 ], [ 5.1999535, 48.7606635 ], [ 5.1988402, 48.7597572 ], [ 5.1974953, 48.7588751 ], [ 5.19829, 48.7586166 ], [ 5.1986951, 48.7583158 ], [ 5.1978622, 48.7578606 ], [ 5.1965057, 48.7563803 ], [ 5.1962777, 48.7564582 ], [ 5.1958048, 48.7560531 ], [ 5.1959543, 48.7559531 ], [ 5.1945679, 48.7550834 ], [ 5.192757, 48.7541179 ], [ 5.1929312, 48.7537962 ], [ 5.192022, 48.7533369 ], [ 5.1932349, 48.7527343 ], [ 5.1929525, 48.7526181 ], [ 5.1907351, 48.7534092 ], [ 5.1904755, 48.7532214 ], [ 5.1913044, 48.7528391 ], [ 5.1904962, 48.7521593 ], [ 5.1907596, 48.7520483 ], [ 5.1900154, 48.751272 ], [ 5.1901435, 48.751212 ], [ 5.1892514, 48.7504447 ], [ 5.1887656, 48.7506381 ], [ 5.188486, 48.7503301 ], [ 5.1891163, 48.7500792 ], [ 5.1889868, 48.749845799999989 ], [ 5.1882914, 48.7498424 ], [ 5.1880514, 48.7497658 ], [ 5.1877929, 48.7492775 ], [ 5.1883793, 48.7491489 ], [ 5.1876203, 48.7479526 ], [ 5.1871101, 48.7473357 ], [ 5.1856275, 48.7463363 ], [ 5.185745, 48.7461209 ], [ 5.1868171, 48.7450494 ], [ 5.1865191, 48.7449514 ], [ 5.1859546, 48.7454413 ], [ 5.1855706, 48.7453035 ], [ 5.1848408, 48.744705 ], [ 5.1860083, 48.7426952 ], [ 5.183494, 48.7422328 ], [ 5.1832437, 48.7403794 ], [ 5.183719, 48.7392541 ], [ 5.182076, 48.7388046 ], [ 5.1822324, 48.738674 ], [ 5.1816088, 48.7384658 ], [ 5.1817647, 48.738095 ], [ 5.1803621, 48.7376033 ], [ 5.1810245, 48.7362325 ], [ 5.180271, 48.7359422 ], [ 5.179862, 48.7356266 ], [ 5.1798418, 48.7352401 ], [ 5.1790034, 48.7353274 ], [ 5.1785722, 48.7355233 ], [ 5.1784663, 48.7352004 ], [ 5.1775081, 48.7351531 ], [ 5.1768466, 48.735438699999989 ], [ 5.175553, 48.733903 ], [ 5.1745017, 48.7335479 ], [ 5.1698432, 48.7315542 ], [ 5.1672883, 48.7307531 ], [ 5.170308, 48.7288942 ], [ 5.1695691, 48.7284272 ], [ 5.1696287, 48.7282902 ], [ 5.170821, 48.727591 ], [ 5.1698747, 48.7269424 ], [ 5.17036, 48.7266106 ], [ 5.1695106, 48.7260025 ], [ 5.1690604, 48.7253466 ], [ 5.1690502, 48.7249041 ], [ 5.1697666, 48.7227038 ], [ 5.1699885, 48.7222849 ], [ 5.1702811, 48.7222904 ], [ 5.1706519, 48.720872799999988 ], [ 5.171428, 48.7200111 ], [ 5.1705359, 48.7199779 ], [ 5.1705151, 48.7188571 ], [ 5.1690882, 48.7186168 ], [ 5.1702148, 48.7156207 ], [ 5.1709829, 48.7158128 ], [ 5.1717595, 48.7161784 ], [ 5.1741891, 48.7168251 ], [ 5.1756831, 48.7173072 ], [ 5.1761541, 48.717385 ], [ 5.177706, 48.7179478 ], [ 5.1791032, 48.7185836 ], [ 5.1777514, 48.7161996 ], [ 5.1782864, 48.7160522 ], [ 5.1787154, 48.7166877 ], [ 5.1849241, 48.7149005 ], [ 5.1908595, 48.7143247 ], [ 5.190769, 48.7141752 ], [ 5.1898551, 48.7142352 ], [ 5.1896663, 48.7136241 ], [ 5.1924722, 48.7132567 ], [ 5.1932504, 48.7130733 ], [ 5.1924112, 48.712386 ], [ 5.1920978, 48.7118833 ], [ 5.1927623, 48.7114878 ], [ 5.1920325, 48.7109434 ], [ 5.1933303, 48.7101835 ], [ 5.1920693, 48.7091305 ], [ 5.1923215, 48.7090188 ], [ 5.1904854, 48.7073808 ], [ 5.1910768, 48.7070244 ], [ 5.1908346, 48.7068237 ], [ 5.1917097, 48.7062965 ], [ 5.191035, 48.7056386 ], [ 5.189892, 48.7047373 ], [ 5.191721, 48.7037787 ], [ 5.1930458, 48.7029203 ], [ 5.1933554, 48.7031071 ], [ 5.1939168, 48.7028152 ], [ 5.1935256, 48.7024984 ], [ 5.1935526, 48.7023639 ], [ 5.1945425, 48.7015943 ], [ 5.1939365, 48.7013094 ], [ 5.1958309, 48.700552 ], [ 5.1978287, 48.7003137 ], [ 5.1975684, 48.6996535 ], [ 5.1975563, 48.6993001 ], [ 5.1980432, 48.699275 ], [ 5.1980799, 48.6989504 ], [ 5.2008902, 48.699289099999987 ], [ 5.2006299, 48.697272 ], [ 5.2007241, 48.6965055 ], [ 5.2009277, 48.6964999 ], [ 5.2019479, 48.6971316 ], [ 5.2027351, 48.6960067 ], [ 5.2029304, 48.6958673 ], [ 5.203341, 48.6952901 ], [ 5.2030127, 48.6936612 ], [ 5.2034829, 48.6933043 ], [ 5.2042319, 48.6923727 ], [ 5.2044293, 48.6922521 ], [ 5.2041779, 48.6919931 ], [ 5.2041932, 48.6916473 ], [ 5.2048563, 48.6914838 ], [ 5.2065855, 48.6908175 ], [ 5.2075484, 48.69006 ], [ 5.2081651, 48.6900198 ], [ 5.2084024, 48.6901369 ], [ 5.2081394, 48.6908274 ], [ 5.2123358, 48.6914911 ], [ 5.2145219, 48.6915369 ], [ 5.215664, 48.6916758 ], [ 5.2165597, 48.6918697 ], [ 5.2189084, 48.6931532 ], [ 5.2210738, 48.6947596 ], [ 5.223777, 48.6953274 ], [ 5.2333738, 48.6966147 ], [ 5.2344977, 48.6968024 ], [ 5.2370649, 48.6975227 ], [ 5.2427091, 48.6972475 ], [ 5.2438226, 48.6986465 ], [ 5.2447084, 48.6994261 ], [ 5.2448756, 48.6998693 ], [ 5.2451895, 48.7002449 ], [ 5.2461139, 48.7011012 ], [ 5.2467241, 48.701823 ], [ 5.2477386, 48.7025922 ], [ 5.2477392, 48.7036791 ], [ 5.2483341, 48.7036994 ], [ 5.2491209, 48.703375 ], [ 5.2516976, 48.7035154 ], [ 5.2515548, 48.7039869 ], [ 5.2518647, 48.7039846 ], [ 5.2539563, 48.7048854 ], [ 5.2547424, 48.7053978 ], [ 5.2548769, 48.706529 ], [ 5.2563324, 48.7066743 ], [ 5.2573558, 48.7071687 ], [ 5.2572481, 48.7076656 ], [ 5.2564121, 48.7079838 ], [ 5.2567611, 48.708982299999988 ], [ 5.2563474, 48.709853 ], [ 5.2567204, 48.7101168 ], [ 5.256725, 48.7107583 ], [ 5.2581146, 48.7114203 ], [ 5.2607017, 48.7118833 ], [ 5.2608726, 48.7126584 ], [ 5.261859, 48.7154678 ], [ 5.2626998, 48.7171111 ], [ 5.2656452, 48.7209063 ], [ 5.2669461, 48.7223663 ], [ 5.2673702, 48.7222052 ], [ 5.2687359, 48.7231529 ], [ 5.2661043, 48.7244986 ], [ 5.2671879, 48.7256819 ], [ 5.2691961, 48.7271716 ], [ 5.2719956, 48.7312475 ], [ 5.271614, 48.7313546 ], [ 5.2720974, 48.7319618 ], [ 5.2718369, 48.7321629 ], [ 5.2725259, 48.7327436 ], [ 5.2746599, 48.734175 ], [ 5.2737103, 48.7348905 ], [ 5.2758589, 48.7361245 ], [ 5.2765261, 48.7367012 ], [ 5.2760501, 48.7371088 ], [ 5.2765268, 48.7376846 ], [ 5.2754407, 48.7382965 ], [ 5.2762303, 48.7395258 ], [ 5.2749934, 48.739894 ], [ 5.2734153, 48.7407384 ], [ 5.2738392, 48.7409121 ], [ 5.2747815, 48.7420873 ], [ 5.2752017, 48.7423015 ], [ 5.2764932, 48.7424685 ], [ 5.2778652, 48.7424828 ], [ 5.2791993, 48.7423467 ], [ 5.2801758, 48.7424936 ], [ 5.2803275, 48.7427597 ], [ 5.2802762, 48.7435471 ], [ 5.2807191, 48.7446229 ], [ 5.2814416, 48.745589 ], [ 5.2823363, 48.7459804 ], [ 5.2830487, 48.7461548 ], [ 5.2842716, 48.7459317 ], [ 5.2858529, 48.7460022 ], [ 5.2865481, 48.7458449 ], [ 5.2875734, 48.7455841 ], [ 5.2879652, 48.7453039 ], [ 5.2883869, 48.7445886 ], [ 5.2886108, 48.7445735 ], [ 5.2895047, 48.7442649 ], [ 5.2898854, 48.7442288 ], [ 5.2900962, 48.7443192 ], [ 5.2903, 48.744623 ], [ 5.2904516, 48.7452257 ], [ 5.2913267, 48.7461303 ], [ 5.2920398, 48.7465053 ], [ 5.293235, 48.7468908 ], [ 5.2953665, 48.7473114 ], [ 5.2961196, 48.7473599 ], [ 5.2982647, 48.7473151 ], [ 5.3002751, 48.7476722 ], [ 5.3007038, 48.7476433 ], [ 5.3019765, 48.7472228 ], [ 5.3023541, 48.7464381 ], [ 5.3019295, 48.7454782 ], [ 5.3010058, 48.7442785 ], [ 5.300839, 48.7433019 ], [ 5.3008907, 48.7415418 ], [ 5.3012759, 48.7405293 ], [ 5.3016018, 48.7387855 ], [ 5.3025968, 48.7374112 ], [ 5.3036648, 48.7349468 ], [ 5.3054614, 48.7351541 ], [ 5.3064381, 48.7329379 ], [ 5.3068787, 48.7316733 ], [ 5.3074179, 48.7308224 ], [ 5.308055, 48.7308344 ], [ 5.3101276, 48.7314431 ], [ 5.3111109, 48.7318091 ], [ 5.3121928, 48.7306229 ], [ 5.3156343, 48.7316702 ], [ 5.3159457, 48.7319143 ], [ 5.3169191, 48.7322391 ], [ 5.3207559, 48.7331804 ], [ 5.3236073, 48.7335541 ], [ 5.3257647, 48.7343183 ], [ 5.3269737, 48.7344945 ], [ 5.330538, 48.7352636 ], [ 5.3321736, 48.7353063 ], [ 5.334495, 48.7348335 ], [ 5.3356212, 48.7347107 ], [ 5.3366327, 48.7346963 ], [ 5.338123, 48.7349281 ], [ 5.3400246, 48.7355324 ], [ 5.342684, 48.7369262 ], [ 5.3430437, 48.7369686 ], [ 5.3441482, 48.7366923 ], [ 5.3450504, 48.7367007 ], [ 5.3459257, 48.736562 ], [ 5.3465167, 48.7384508 ], [ 5.346742, 48.7405285 ], [ 5.3505647, 48.740797 ], [ 5.3511877, 48.7422748 ], [ 5.3530036, 48.7441691 ], [ 5.3555507, 48.7470361 ], [ 5.356695, 48.7475777 ], [ 5.3588092, 48.7482656 ], [ 5.3594792, 48.7485799 ], [ 5.3610897, 48.7500112 ], [ 5.3613778, 48.7511455 ], [ 5.3615432, 48.7523966 ], [ 5.3619473, 48.753447699999988 ], [ 5.3618584, 48.7536789 ], [ 5.3602449, 48.7545305 ], [ 5.3595294, 48.7551376 ], [ 5.3590924, 48.7565796 ], [ 5.3588838, 48.7581971 ], [ 5.3590256, 48.7586541 ], [ 5.3600667, 48.7592256 ], [ 5.3602238, 48.7593908 ], [ 5.3602604, 48.7597185 ], [ 5.3598612, 48.7603103 ], [ 5.3582553, 48.7620283 ], [ 5.3579816, 48.7625664 ], [ 5.3566734, 48.7640984 ], [ 5.3563127, 48.7647012 ], [ 5.3560696, 48.7656472 ], [ 5.3556697, 48.7663479 ], [ 5.3557522, 48.7670598 ], [ 5.3556055, 48.7676377 ], [ 5.3557651, 48.76852 ], [ 5.3561449, 48.769576 ], [ 5.3562417, 48.7713575 ], [ 5.356604, 48.7719658 ], [ 5.3567795, 48.7725058 ], [ 5.3571161, 48.7729365 ], [ 5.3576329, 48.7733474 ], [ 5.3580469, 48.7735011 ], [ 5.359387, 48.7735728 ], [ 5.3597592, 48.7733756 ], [ 5.3602622, 48.773479 ], [ 5.3590986, 48.775324 ], [ 5.3588934, 48.7767777 ], [ 5.3584429, 48.7773219 ], [ 5.356532, 48.7779679 ], [ 5.3554251, 48.7786889 ], [ 5.354421, 48.7795194 ], [ 5.3536211, 48.779563 ], [ 5.3532904, 48.7796559 ], [ 5.3516773, 48.7810221 ], [ 5.3507952, 48.7816 ], [ 5.3495051, 48.7827915 ], [ 5.3490056, 48.7830694 ], [ 5.3458051, 48.7844424 ], [ 5.3453606, 48.7849451 ], [ 5.3449335, 48.7858029 ], [ 5.3444742, 48.786125899999988 ], [ 5.3441402, 48.7867236 ], [ 5.3438977, 48.7868112 ], [ 5.3435944, 48.7866983 ], [ 5.3407628, 48.7862869 ], [ 5.3393928, 48.7863452 ], [ 5.3381956, 48.7862454 ], [ 5.3382028, 48.7865889 ], [ 5.3347638, 48.7856584 ], [ 5.3342689, 48.7863141 ], [ 5.3334505, 48.7870724 ], [ 5.3333974, 48.7873478 ], [ 5.3337224, 48.7880991 ], [ 5.3339119, 48.7891067 ], [ 5.3348513, 48.7894069 ], [ 5.3354915, 48.7895024 ], [ 5.3354733, 48.7896449 ], [ 5.3338664, 48.7910421 ], [ 5.3289624, 48.7920439 ], [ 5.3280754, 48.7923068 ] ] ], [ [ [ 5.2533398, 48.8587537 ], [ 5.2545109, 48.8565148 ], [ 5.2556343, 48.8563875 ], [ 5.2562814, 48.8561855 ], [ 5.2567758, 48.85589 ], [ 5.2557402, 48.8545501 ], [ 5.2555571, 48.8533129 ], [ 5.2565304, 48.8532145 ], [ 5.2580197, 48.8508994 ], [ 5.2568381, 48.850907299999989 ], [ 5.2557938, 48.8507183 ], [ 5.2559688, 48.8493771 ], [ 5.2591111, 48.8483083 ], [ 5.2585732, 48.8476608 ], [ 5.2554486, 48.8484143 ], [ 5.2548655, 48.8483894 ], [ 5.2542038, 48.8482516 ], [ 5.2532372, 48.8477471 ], [ 5.2526674, 48.8473691 ], [ 5.2535516, 48.8469476 ], [ 5.2530136, 48.8458547 ], [ 5.2534855, 48.8455435 ], [ 5.2527915, 48.8450051 ], [ 5.2509622, 48.8457629 ], [ 5.250304, 48.8459561 ], [ 5.2501971, 48.8448398 ], [ 5.2504061, 48.8439974 ], [ 5.2473723, 48.8431232 ], [ 5.2483977, 48.8419001 ], [ 5.2472102, 48.8413566 ], [ 5.2462678, 48.841058499999988 ], [ 5.2450971, 48.8415987 ], [ 5.243741, 48.8420776 ], [ 5.2436036, 48.8417985 ], [ 5.2428107, 48.8413645 ], [ 5.2400579, 48.8391587 ], [ 5.2396327, 48.839254 ], [ 5.2393426, 48.8388455 ], [ 5.2399922, 48.8382 ], [ 5.2402643, 48.8377441 ], [ 5.2398238, 48.8377695 ], [ 5.2397995, 48.8373327 ], [ 5.2408115, 48.8373155 ], [ 5.2408061, 48.8370016 ], [ 5.2385997, 48.8369089 ], [ 5.2389494, 48.8349302 ], [ 5.2382039, 48.8348983 ], [ 5.2381663, 48.8352589 ], [ 5.2366489, 48.8350884 ], [ 5.2354477, 48.8347267 ], [ 5.2344077, 48.8342153 ], [ 5.2334416, 48.8352356 ], [ 5.2320191, 48.834672 ], [ 5.2317176, 48.8353956 ], [ 5.2300663, 48.8349621 ], [ 5.2286104, 48.834445 ], [ 5.2283456, 48.8349771 ], [ 5.224803, 48.8341029 ], [ 5.2245819, 48.8344786 ], [ 5.2232032, 48.8340094 ], [ 5.2233463, 48.8344566 ], [ 5.2224508, 48.8343914 ], [ 5.2192573, 48.8350229 ], [ 5.2196039, 48.8353529 ], [ 5.2184117, 48.8356153 ], [ 5.2151607, 48.8368208 ], [ 5.2111543, 48.8381824 ], [ 5.2134797, 48.8394089 ], [ 5.2148398, 48.8398857 ], [ 5.2143268, 48.8399051 ], [ 5.2096384, 48.8407485 ], [ 5.2062541, 48.8410701 ], [ 5.2059107, 48.8410395 ], [ 5.2060667, 48.8395747 ], [ 5.2045969, 48.8398834 ], [ 5.2013086, 48.8404127 ], [ 5.2005391, 48.8395559 ], [ 5.1989869, 48.8401747 ], [ 5.1983198, 48.8395149 ], [ 5.1973044, 48.8399033 ], [ 5.1967996, 48.8383723 ], [ 5.1962916, 48.8386714 ], [ 5.1950281, 48.8380864 ], [ 5.1944482, 48.8385244 ], [ 5.1929927, 48.8380751 ], [ 5.192834, 48.8382868 ], [ 5.1923949, 48.8381841 ], [ 5.1920168, 48.8384628 ], [ 5.191233, 48.8385239 ], [ 5.1916962, 48.8378722 ], [ 5.1908271, 48.8375894 ], [ 5.1902598, 48.8381018 ], [ 5.1884468, 48.8373478 ], [ 5.188663, 48.836978599999988 ], [ 5.1886803, 48.8365797 ], [ 5.1884588, 48.8363687 ], [ 5.1872948, 48.8371763 ], [ 5.1859919, 48.8363661 ], [ 5.1855234, 48.8366986 ], [ 5.1827057, 48.8348607 ], [ 5.1820802, 48.834667 ], [ 5.18141, 48.8346747 ], [ 5.1805466, 48.834202 ], [ 5.1807981, 48.8337619 ], [ 5.1792901, 48.8330616 ], [ 5.1782535, 48.832583799999988 ], [ 5.176841, 48.8331557 ], [ 5.1745555, 48.8316165 ], [ 5.1738954, 48.8313109 ], [ 5.1725747, 48.8311433 ], [ 5.1710516, 48.8311539 ], [ 5.1703981, 48.8321482 ], [ 5.1699428, 48.8322104 ], [ 5.1688724, 48.8313446 ], [ 5.1680661, 48.8317802 ], [ 5.1654159, 48.8292318 ], [ 5.1640645, 48.8266805 ], [ 5.1633469, 48.8259053 ], [ 5.1634556, 48.8255021 ], [ 5.1634151, 48.8248874 ], [ 5.1633186, 48.8245014 ], [ 5.1630099, 48.8242191 ], [ 5.1625171, 48.8240319 ], [ 5.1617428, 48.8239577 ], [ 5.1595863, 48.823375899999988 ], [ 5.1585192, 48.8226476 ], [ 5.1567133, 48.8221376 ], [ 5.1548847, 48.8211783 ], [ 5.1550392, 48.820929 ], [ 5.1547901, 48.820704 ], [ 5.1534842, 48.8197316 ], [ 5.1515187, 48.8185218 ], [ 5.1509692, 48.8179154 ], [ 5.1499741, 48.8171425 ], [ 5.1460477, 48.8145599 ], [ 5.1460161, 48.8137247 ], [ 5.1455208, 48.8132432 ], [ 5.1452021, 48.8127793 ], [ 5.1449976, 48.8123781 ], [ 5.1447211, 48.8111883 ], [ 5.1451112, 48.8109672 ], [ 5.1457286, 48.8104136 ], [ 5.1465828, 48.8099853 ], [ 5.1460568, 48.8095521 ], [ 5.1451583, 48.8090338 ], [ 5.1447569, 48.808978 ], [ 5.1446653, 48.8084722 ], [ 5.1442999, 48.8078022 ], [ 5.1441052, 48.807175 ], [ 5.1430084, 48.8061403 ], [ 5.1427238, 48.8056775 ], [ 5.1417996, 48.8052298 ], [ 5.140887, 48.8041009 ], [ 5.1407951, 48.80382 ], [ 5.1409465, 48.8027953 ], [ 5.1412505, 48.8024038 ], [ 5.1411595, 48.8019475 ], [ 5.1412704, 48.8014633 ], [ 5.1434659, 48.8011324 ], [ 5.1438226, 48.8008984 ], [ 5.1444235, 48.8007059 ], [ 5.1443127, 48.8002302 ], [ 5.1445133, 48.7996444 ], [ 5.147355, 48.7996303 ], [ 5.1503247, 48.7998144 ], [ 5.1514917, 48.7999752 ], [ 5.1523199, 48.7999782 ], [ 5.1529449, 48.8001082 ], [ 5.1534409, 48.7994209 ], [ 5.1567064, 48.7985253 ], [ 5.1573575, 48.7982643 ], [ 5.1582387, 48.7981 ], [ 5.1581774, 48.7966193 ], [ 5.1595405, 48.7948096 ], [ 5.1605729, 48.7930707 ], [ 5.1612684, 48.792997 ], [ 5.1620331, 48.7923902 ], [ 5.1629055, 48.7907693 ], [ 5.1634291, 48.7900312 ], [ 5.1622838, 48.789369 ], [ 5.1619909, 48.7887592 ], [ 5.1607302, 48.7877407 ], [ 5.1600492, 48.7872782 ], [ 5.1593153, 48.7869369 ], [ 5.159118, 48.7867474 ], [ 5.1589927, 48.7856559 ], [ 5.1591783, 48.7854612 ], [ 5.1594165, 48.7846698 ], [ 5.1604529, 48.7842279 ], [ 5.1609562, 48.784398599999989 ], [ 5.1611119, 48.7843224 ], [ 5.161114, 48.7837584 ], [ 5.1606698, 48.7838384 ], [ 5.1604193, 48.7839747 ], [ 5.1599324, 48.7837391 ], [ 5.1587032, 48.7835031 ], [ 5.158536, 48.7834 ], [ 5.1572462, 48.7835879 ], [ 5.1568322, 48.7837199 ], [ 5.1561746, 48.7835589 ], [ 5.1558356, 48.7832527 ], [ 5.1560439, 48.7829645 ], [ 5.1560112, 48.7827296 ], [ 5.1562262, 48.7821997 ], [ 5.1565264, 48.7821019 ], [ 5.1568161, 48.7818101 ], [ 5.1571223, 48.7812768 ], [ 5.1577244, 48.7811788 ], [ 5.1580587, 48.7808747 ], [ 5.1579446, 48.7804093 ], [ 5.1582687, 48.7800784 ], [ 5.1582635, 48.7797124 ], [ 5.1589236, 48.7796752 ], [ 5.159522, 48.7794272 ], [ 5.159837, 48.7798628 ], [ 5.1595567, 48.7802282 ], [ 5.159598, 48.7804656 ], [ 5.1600369, 48.7806013 ], [ 5.160447, 48.7808583 ], [ 5.1609825, 48.7806915 ], [ 5.1614857, 48.7808035 ], [ 5.162031, 48.7807323 ], [ 5.1625542, 48.7809334 ], [ 5.1628859, 48.781222799999988 ], [ 5.1634442, 48.7814535 ], [ 5.1642025, 48.7813947 ], [ 5.1649521, 48.7817269 ], [ 5.1655921, 48.7813971 ], [ 5.1652852, 48.7812155 ], [ 5.1644559, 48.7810137 ], [ 5.1644238, 48.7808228 ], [ 5.1635269, 48.7806941 ], [ 5.1633379, 48.7805308 ], [ 5.1628464, 48.7805332 ], [ 5.1621988, 48.7800852 ], [ 5.1618596, 48.7796502 ], [ 5.1627229, 48.7791277 ], [ 5.1628146, 48.7788428 ], [ 5.1631114, 48.778518 ], [ 5.1638994, 48.7780656 ], [ 5.1641907, 48.7780233 ], [ 5.1645288, 48.7778324 ], [ 5.1652773, 48.7771875 ], [ 5.1665428, 48.7773218 ], [ 5.1667785, 48.776795299999989 ], [ 5.1678933, 48.7763483 ], [ 5.1687931, 48.7761391 ], [ 5.1691671, 48.776214499999988 ], [ 5.1690608, 48.7771737 ], [ 5.170103, 48.7770152 ], [ 5.1701206, 48.7761353 ], [ 5.1707341, 48.7760752 ], [ 5.1711945, 48.776180599999989 ], [ 5.1719065, 48.7765703 ], [ 5.1728946, 48.7768572 ], [ 5.1743189, 48.7778108 ], [ 5.1746823, 48.7781555 ], [ 5.1749354, 48.7790526 ], [ 5.1758599, 48.7801008 ], [ 5.175821, 48.7806208 ], [ 5.1750887, 48.7813582 ], [ 5.1751627, 48.7822425 ], [ 5.1776267, 48.7820968 ], [ 5.1779678, 48.7834833 ], [ 5.1783236, 48.7840823 ], [ 5.1787181, 48.7843343 ], [ 5.1791831, 48.784220499999989 ], [ 5.1790661, 48.7840598 ], [ 5.1799608, 48.783608 ], [ 5.1802443, 48.7833221 ], [ 5.1806372, 48.7831782 ], [ 5.1808552, 48.7831823 ], [ 5.1815222, 48.7832772 ], [ 5.1818824, 48.7835549 ], [ 5.1824683, 48.7836648 ], [ 5.1823577, 48.7837865 ], [ 5.1830396, 48.7841078 ], [ 5.183774, 48.7846414 ], [ 5.1848731, 48.7840968 ], [ 5.1852992, 48.7839657 ], [ 5.1853354, 48.7840172 ], [ 5.1863596, 48.783797 ], [ 5.1867688, 48.7838156 ], [ 5.1871913, 48.7838573 ], [ 5.187268, 48.7840323 ], [ 5.1874375, 48.7839491 ], [ 5.1880881, 48.7842377 ], [ 5.189051, 48.784732 ], [ 5.189576, 48.7851065 ], [ 5.1904876, 48.7850592 ], [ 5.1911065, 48.7851756 ], [ 5.192216, 48.7827746 ], [ 5.1935137, 48.7830711 ], [ 5.1937103, 48.7830198 ], [ 5.1972066, 48.7846668 ], [ 5.1965085, 48.7852906 ], [ 5.196058, 48.7859089 ], [ 5.1965253, 48.7861423 ], [ 5.197283, 48.7854149 ], [ 5.1974785, 48.7857244 ], [ 5.1973485, 48.7868065 ], [ 5.1974323, 48.7876345 ], [ 5.1980259, 48.7879232 ], [ 5.1979767, 48.7881436 ], [ 5.1981788, 48.7882227 ], [ 5.1981088, 48.7884354 ], [ 5.1986469, 48.7885703 ], [ 5.1990358, 48.7890751 ], [ 5.1996029, 48.7894794 ], [ 5.1992233, 48.7900029 ], [ 5.1992991, 48.7902822 ], [ 5.1990997, 48.7904937 ], [ 5.1991419, 48.7909455 ], [ 5.1988295, 48.7916431 ], [ 5.1988167, 48.7925026 ], [ 5.1989467, 48.7933891 ], [ 5.1987552, 48.793853299999988 ], [ 5.1984759, 48.7941095 ], [ 5.1985935, 48.7949917 ], [ 5.1978206, 48.7963006 ], [ 5.1973731, 48.7968289 ], [ 5.1986219, 48.7972495 ], [ 5.1993844, 48.7981172 ], [ 5.1979288, 48.797638299999988 ], [ 5.1973646, 48.7982758 ], [ 5.1987388, 48.7989883 ], [ 5.1984081, 48.7993813 ], [ 5.1975441, 48.8000467 ], [ 5.1959375, 48.8016436 ], [ 5.1963486, 48.8018969 ], [ 5.1958081, 48.8026464 ], [ 5.1959987, 48.804553 ], [ 5.1963892, 48.8054815 ], [ 5.1945622, 48.8063428 ], [ 5.1938403, 48.8068293 ], [ 5.193077, 48.8075631 ], [ 5.192921, 48.8080644 ], [ 5.1959269, 48.8084438 ], [ 5.1951109, 48.8102537 ], [ 5.1955523, 48.8103526 ], [ 5.1958625, 48.8097936 ], [ 5.1961342, 48.8097428 ], [ 5.200339, 48.810351 ], [ 5.2002629, 48.8108373 ], [ 5.2037282, 48.8111883 ], [ 5.2063827, 48.8103071 ], [ 5.2069384, 48.8106612 ], [ 5.2077928, 48.8114057 ], [ 5.2083846, 48.8120956 ], [ 5.2085628, 48.8125071 ], [ 5.2110226, 48.8121125 ], [ 5.2111109, 48.811527 ], [ 5.2134937, 48.8107001 ], [ 5.2147267, 48.8103822 ], [ 5.2160986, 48.8120527 ], [ 5.21857, 48.8130208 ], [ 5.2219789, 48.8149495 ], [ 5.224199, 48.8129891 ], [ 5.2245283, 48.8140014 ], [ 5.224213, 48.8153281 ], [ 5.2241734, 48.8157085 ], [ 5.224275, 48.8159513 ], [ 5.2245076, 48.816198 ], [ 5.225344, 48.8167385 ], [ 5.2257183, 48.8173685 ], [ 5.2260852, 48.8183684 ], [ 5.2262884, 48.8185959 ], [ 5.2288416, 48.8198061 ], [ 5.2298472, 48.8204765 ], [ 5.2299996, 48.8210468 ], [ 5.2301271, 48.8212549 ], [ 5.2304599, 48.8214863 ], [ 5.2316874, 48.8218646 ], [ 5.234455, 48.8231454 ], [ 5.2350308, 48.8231949 ], [ 5.2355049, 48.8230979 ], [ 5.2380984, 48.8235235 ], [ 5.2442071, 48.8251454 ], [ 5.2472539, 48.8271665 ], [ 5.2471799, 48.8273164 ], [ 5.2464088, 48.8274154 ], [ 5.2463059, 48.8275883 ], [ 5.246484, 48.8282741 ], [ 5.2493462, 48.8281294 ], [ 5.2500887, 48.830587 ], [ 5.2511275, 48.8331505 ], [ 5.2538283, 48.8341523 ], [ 5.2557086, 48.835054299999989 ], [ 5.2560671, 48.8347731 ], [ 5.2595389, 48.8359807 ], [ 5.2628502, 48.837255 ], [ 5.2652461, 48.8382866 ], [ 5.2643494, 48.8386338 ], [ 5.2666327, 48.8392995 ], [ 5.2689349, 48.8397705 ], [ 5.2782296, 48.8421786 ], [ 5.2781712, 48.8414986 ], [ 5.2804516, 48.8408443 ], [ 5.2821558, 48.8406669 ], [ 5.2818649, 48.8401542 ], [ 5.2809909, 48.8390895 ], [ 5.2845458, 48.8379743 ], [ 5.2853559, 48.838514 ], [ 5.2866251, 48.8369674 ], [ 5.288007, 48.8370894 ], [ 5.2884621, 48.836558 ], [ 5.2930431, 48.8366547 ], [ 5.2987276, 48.8338995 ], [ 5.30342, 48.8335302 ], [ 5.3103743, 48.8320456 ], [ 5.3107355, 48.8323229 ], [ 5.3108382, 48.8324262 ], [ 5.3089023, 48.8336404 ], [ 5.3089296, 48.8339179 ], [ 5.3096703, 48.8347629 ], [ 5.3092522, 48.834986 ], [ 5.30945, 48.8353294 ], [ 5.3092335, 48.8361947 ], [ 5.3093816, 48.8362773 ], [ 5.309228, 48.8365619 ], [ 5.3090332, 48.8366259 ], [ 5.308613, 48.8374465 ], [ 5.3088003, 48.8375841 ], [ 5.3074503, 48.8395086 ], [ 5.3066294, 48.8415308 ], [ 5.3061769, 48.8419939 ], [ 5.3058349, 48.842521399999988 ], [ 5.3048672, 48.845205 ], [ 5.3028495, 48.8476056 ], [ 5.3013396, 48.850240199999988 ], [ 5.3005502, 48.8519999 ], [ 5.3002128, 48.8525103 ], [ 5.2992872, 48.8535942 ], [ 5.2965367, 48.8551882 ], [ 5.2931536, 48.8567592 ], [ 5.2924571, 48.8573844 ], [ 5.2927027, 48.8585331 ], [ 5.2929157, 48.8590355 ], [ 5.293311, 48.8595903 ], [ 5.2931571, 48.8601834 ], [ 5.2930051, 48.8603222 ], [ 5.2925773, 48.8603934 ], [ 5.2911307, 48.8615754 ], [ 5.2905512, 48.8613589 ], [ 5.2899016, 48.8618409 ], [ 5.2906474, 48.8622738 ], [ 5.2905495, 48.8626212 ], [ 5.2891147, 48.8624597 ], [ 5.2890169, 48.862655 ], [ 5.2882607, 48.8625444 ], [ 5.2879993, 48.8631738 ], [ 5.2873981, 48.8631169 ], [ 5.2863829, 48.864996 ], [ 5.2794693, 48.8631324 ], [ 5.2793882, 48.8630233 ], [ 5.279003, 48.862883 ], [ 5.2789357, 48.8629968 ], [ 5.2763831, 48.8624687 ], [ 5.2756065, 48.863671 ], [ 5.2752107, 48.8635688 ], [ 5.2754967, 48.863154 ], [ 5.2754617, 48.8628227 ], [ 5.2746902, 48.8626736 ], [ 5.2736024, 48.862338 ], [ 5.2734581, 48.8626251 ], [ 5.2730314, 48.862471199999987 ], [ 5.2533398, 48.8587537 ] ], [ [ 5.164621, 48.7833918 ], [ 5.164934, 48.7835983 ], [ 5.1650775, 48.7835518 ], [ 5.1656673, 48.783174 ], [ 5.1656777, 48.7830057 ], [ 5.1649622, 48.7829528 ], [ 5.1645373, 48.7832018 ], [ 5.164621, 48.7833918 ] ] ] ] } },
{ "type": "Feature", "properties": { "code_departement": 55.0, "code_rne": "0550703R", "multisecteur": 0.0 }, "geometry": { "type": "MultiPolygon", "coordinates": [ [ [ [ 5.1462049, 48.770305 ], [ 5.1471805, 48.7709379 ], [ 5.1475617, 48.7714847 ], [ 5.1479807, 48.7715497 ], [ 5.1485232, 48.7713794 ], [ 5.1488392, 48.771489 ], [ 5.1490418, 48.7719026 ], [ 5.1490208, 48.773075 ], [ 5.1502932, 48.7724131 ], [ 5.1515931, 48.7725492 ], [ 5.1522815, 48.7720745 ], [ 5.1527729, 48.7731481 ], [ 5.1518736, 48.7746787 ], [ 5.1512921, 48.7746743 ], [ 5.1498273, 48.7750157 ], [ 5.1484886, 48.7736122 ], [ 5.1473099, 48.7730415 ], [ 5.1467288, 48.7730104 ], [ 5.1452197, 48.7732379 ], [ 5.1445467, 48.7731968 ], [ 5.144086, 48.7729891 ], [ 5.143842, 48.7729917 ], [ 5.1434601, 48.7726564 ], [ 5.1441335, 48.7724188 ], [ 5.1442489, 48.7722624 ], [ 5.1445596, 48.7721072 ], [ 5.1449803, 48.770381 ], [ 5.1459381, 48.7703686 ], [ 5.1462049, 48.770305 ] ] ], [ [ [ 5.1541421, 48.7735555 ], [ 5.1540506, 48.7736354 ], [ 5.1535907, 48.7729246 ], [ 5.1537503, 48.7728971 ], [ 5.1541421, 48.7735555 ] ] ], [ [ [ 5.1537943, 48.7738681 ], [ 5.1535649, 48.7740443 ], [ 5.1530517, 48.7731973 ], [ 5.153133, 48.7730666 ], [ 5.153232, 48.773061 ], [ 5.1537943, 48.7738681 ] ] ], [ [ [ 5.1569575, 48.7758086 ], [ 5.1565136, 48.7756974 ], [ 5.1564353, 48.775568799999988 ], [ 5.1566696, 48.7753785 ], [ 5.1566715, 48.7750143 ], [ 5.15709, 48.7749597 ], [ 5.1575206, 48.7751369 ], [ 5.1575646, 48.7752066 ], [ 5.1573511, 48.7754134 ], [ 5.1575284, 48.7755863 ], [ 5.1573425, 48.7757809 ], [ 5.1569575, 48.7758086 ] ] ], [ [ [ 5.1570377, 48.7763889 ], [ 5.1579406, 48.7764304 ], [ 5.1577127, 48.7767436 ], [ 5.1576292, 48.7771718 ], [ 5.1568997, 48.7770967 ], [ 5.1566014, 48.7769865 ], [ 5.1565358, 48.776711 ], [ 5.156664, 48.7762862 ], [ 5.1570377, 48.7763889 ] ] ], [ [ [ 5.153842, 48.7780569 ], [ 5.1539875, 48.7780922 ], [ 5.1534559, 48.7784239 ], [ 5.153436, 48.7782488 ], [ 5.153842, 48.7780569 ] ] ], [ [ [ 5.1565996, 48.779298 ], [ 5.1564546, 48.7794021 ], [ 5.1551622, 48.7787731 ], [ 5.1551501, 48.778675 ], [ 5.155255, 48.7786655 ], [ 5.1565996, 48.779298 ] ] ], [ [ [ 5.1524261, 48.7831438 ], [ 5.1520348, 48.7827466 ], [ 5.1526058, 48.7825666 ], [ 5.1522136, 48.7820482 ], [ 5.1518256, 48.7821178 ], [ 5.1518872, 48.7814015 ], [ 5.1521372, 48.7810029 ], [ 5.1519475, 48.7808423 ], [ 5.1522719, 48.7807294 ], [ 5.1524816, 48.7805324 ], [ 5.1529298, 48.7807163 ], [ 5.1529338, 48.780891 ], [ 5.1526262, 48.781065 ], [ 5.1525854, 48.7812075 ], [ 5.1522938, 48.7812634 ], [ 5.1522813, 48.7815794 ], [ 5.1526155, 48.7819146 ], [ 5.1527946, 48.7819025 ], [ 5.1533725, 48.7822507 ], [ 5.1538537, 48.7819479 ], [ 5.1535437, 48.781761 ], [ 5.1536851, 48.7815791 ], [ 5.1535656, 48.7814847 ], [ 5.153776, 48.7811009 ], [ 5.1532077, 48.7808876 ], [ 5.1532599, 48.7807598 ], [ 5.1536234, 48.7806973 ], [ 5.1539129, 48.7807356 ], [ 5.1539477, 48.7806274 ], [ 5.1537095, 48.780389 ], [ 5.1536517, 48.7796795 ], [ 5.1541088, 48.7797335 ], [ 5.1545171, 48.7796609 ], [ 5.1544262, 48.7794709 ], [ 5.1546118, 48.7793607 ], [ 5.1545563, 48.7791432 ], [ 5.1541305, 48.7787603 ], [ 5.1542552, 48.7787142 ], [ 5.1548549, 48.7789684 ], [ 5.1550846, 48.7789015 ], [ 5.1563659, 48.7794723 ], [ 5.1562206, 48.779652 ], [ 5.1553944, 48.780132 ], [ 5.1553247, 48.7808446 ], [ 5.1542023, 48.7810754 ], [ 5.1544993, 48.7817868 ], [ 5.1548422, 48.7819196 ], [ 5.1548355, 48.7820178 ], [ 5.1544962, 48.7826851 ], [ 5.1541281, 48.7828844 ], [ 5.1541129, 48.7833248 ], [ 5.1538543, 48.783619099999989 ], [ 5.1532891, 48.7837596 ], [ 5.1528394, 48.7843167 ], [ 5.1523168, 48.7846471 ], [ 5.1521347, 48.7849789 ], [ 5.1516761, 48.785197 ], [ 5.1512492, 48.7856183 ], [ 5.1508696, 48.7858527 ], [ 5.149913, 48.7860163 ], [ 5.1496245, 48.7866524 ], [ 5.1486167, 48.787033 ], [ 5.1482599, 48.7871259 ], [ 5.1471931, 48.7863032 ], [ 5.1462996, 48.7863939 ], [ 5.1460293, 48.7858621 ], [ 5.1467579, 48.7853088 ], [ 5.1475133, 48.7848982 ], [ 5.1478194, 48.784548 ], [ 5.1481741, 48.7843469 ], [ 5.14879, 48.7840895 ], [ 5.1502236, 48.7843157 ], [ 5.1510081, 48.7841405 ], [ 5.1511536, 48.7842204 ], [ 5.1517722, 48.7841996 ], [ 5.1520082, 48.7838595 ], [ 5.151151, 48.7837939 ], [ 5.151159, 48.7837145 ], [ 5.1516011, 48.7835391 ], [ 5.1513573, 48.7832754 ], [ 5.1513721, 48.7831131 ], [ 5.152101, 48.7834237 ], [ 5.1524261, 48.7831438 ] ], [ [ 5.153511, 48.782666 ], [ 5.1533152, 48.7823563 ], [ 5.1526159, 48.7825667 ], [ 5.1528227, 48.7829158 ], [ 5.153511, 48.782666 ] ] ], [ [ [ 5.1605101, 48.7721653 ], [ 5.1606976, 48.7721253 ], [ 5.1608138, 48.7721374 ], [ 5.1605661, 48.7723015 ], [ 5.1605101, 48.7721653 ] ] ], [ [ [ 5.1615067, 48.7723676 ], [ 5.1614566, 48.7726476 ], [ 5.1616003, 48.7727623 ], [ 5.1614325, 48.7728356 ], [ 5.1611778, 48.7727641 ], [ 5.1608611, 48.772871 ], [ 5.1608935, 48.7725874 ], [ 5.1611826, 48.7723854 ], [ 5.1615067, 48.7723676 ] ] ], [ [ [ 5.1560598, 48.7735533 ], [ 5.1559262, 48.7733676 ], [ 5.1559985, 48.773279 ], [ 5.1564155, 48.7732395 ], [ 5.1569562, 48.7732654 ], [ 5.1570486, 48.7734519 ], [ 5.1573655, 48.7736485 ], [ 5.1579016, 48.7735234 ], [ 5.1578102, 48.7733063 ], [ 5.1576532, 48.7732175 ], [ 5.157171, 48.7731357 ], [ 5.1573524, 48.7727905 ], [ 5.1579827, 48.7726723 ], [ 5.1583981, 48.772878 ], [ 5.1583104, 48.773184 ], [ 5.1583996, 48.7735239 ], [ 5.1580555, 48.7736097 ], [ 5.1580646, 48.7740193 ], [ 5.1582611, 48.7740801 ], [ 5.1586388, 48.7740466 ], [ 5.159079, 48.77432 ], [ 5.1590757, 48.7744488 ], [ 5.1594841, 48.7744138 ], [ 5.1597807, 48.7746026 ], [ 5.1599315, 48.7748393 ], [ 5.1593858, 48.7748788 ], [ 5.1592482, 48.7745675 ], [ 5.1591699, 48.7746422 ], [ 5.1583524, 48.7744584 ], [ 5.1580824, 48.774335699999988 ], [ 5.1579341, 48.7741184 ], [ 5.1575226, 48.7741087 ], [ 5.1570893, 48.7739411 ], [ 5.1569915, 48.7737803 ], [ 5.1566628, 48.7737714 ], [ 5.1560598, 48.7735533 ] ] ], [ [ [ 5.1599787, 48.7767136 ], [ 5.1595176, 48.7771125 ], [ 5.1592428, 48.777201 ], [ 5.1587318, 48.7772006 ], [ 5.1579538, 48.7764268 ], [ 5.1581883, 48.7763004 ], [ 5.1590259, 48.7763489 ], [ 5.1596294, 48.776136 ], [ 5.1599787, 48.7767136 ] ] ], [ [ [ 5.1556573, 48.7782556 ], [ 5.1557982, 48.7781709 ], [ 5.1555133, 48.7778133 ], [ 5.1557826, 48.7777537 ], [ 5.1559825, 48.7775699 ], [ 5.1564618, 48.7778034 ], [ 5.1565679, 48.7777126 ], [ 5.1560479, 48.7774855 ], [ 5.1561003, 48.7773843 ], [ 5.156633, 48.7776576 ], [ 5.1569406, 48.7774859 ], [ 5.1576992, 48.7778991 ], [ 5.1577301, 48.7782666 ], [ 5.1582708, 48.7783311 ], [ 5.1589353, 48.7785217 ], [ 5.1591212, 48.7787972 ], [ 5.1599145, 48.7787063 ], [ 5.1602866, 48.7789729 ], [ 5.1597959, 48.7793518 ], [ 5.1594273, 48.7794324 ], [ 5.1589236, 48.7796752 ], [ 5.1582635, 48.7797124 ], [ 5.1575918, 48.7793421 ], [ 5.1568992, 48.779111 ], [ 5.1567448, 48.7792038 ], [ 5.1553225, 48.7785707 ], [ 5.1552605, 48.7783286 ], [ 5.1551426, 48.778248 ], [ 5.1556573, 48.7782556 ] ] ], [ [ [ 5.1656673, 48.783174 ], [ 5.164934, 48.7835983 ], [ 5.164621, 48.7833918 ], [ 5.1645373, 48.7832018 ], [ 5.1649622, 48.7829528 ], [ 5.1656777, 48.7830057 ], [ 5.1656673, 48.783174 ] ] ], [ [ [ 5.2472539, 48.8271665 ], [ 5.2442071, 48.8251454 ], [ 5.2380984, 48.8235235 ], [ 5.2355049, 48.8230979 ], [ 5.2350308, 48.8231949 ], [ 5.234455, 48.8231454 ], [ 5.2316874, 48.8218646 ], [ 5.2304599, 48.8214863 ], [ 5.2301271, 48.8212549 ], [ 5.2299996, 48.8210468 ], [ 5.2298472, 48.8204765 ], [ 5.2288416, 48.8198061 ], [ 5.2262884, 48.8185959 ], [ 5.2260852, 48.8183684 ], [ 5.2257183, 48.8173685 ], [ 5.225344, 48.8167385 ], [ 5.2245076, 48.816198 ], [ 5.224275, 48.8159513 ], [ 5.2241734, 48.8157085 ], [ 5.224213, 48.8153281 ], [ 5.2245283, 48.8140014 ], [ 5.224199, 48.8129891 ], [ 5.2219789, 48.8149495 ], [ 5.21857, 48.8130208 ], [ 5.2160986, 48.8120527 ], [ 5.2147267, 48.8103822 ], [ 5.2134937, 48.8107001 ], [ 5.2111109, 48.811527 ], [ 5.2110226, 48.8121125 ], [ 5.2085628, 48.8125071 ], [ 5.2083846, 48.8120956 ], [ 5.2077928, 48.8114057 ], [ 5.2069384, 48.8106612 ], [ 5.2063827, 48.8103071 ], [ 5.2037282, 48.8111883 ], [ 5.2002629, 48.8108373 ], [ 5.200339, 48.810351 ], [ 5.1961342, 48.8097428 ], [ 5.1958625, 48.8097936 ], [ 5.1955523, 48.8103526 ], [ 5.1951109, 48.8102537 ], [ 5.1959269, 48.8084438 ], [ 5.192921, 48.8080644 ], [ 5.193077, 48.8075631 ], [ 5.1938403, 48.8068293 ], [ 5.1945622, 48.8063428 ], [ 5.1963892, 48.8054815 ], [ 5.1959987, 48.804553 ], [ 5.1958081, 48.8026464 ], [ 5.1963486, 48.8018969 ], [ 5.1959375, 48.8016436 ], [ 5.1975441, 48.8000467 ], [ 5.1984081, 48.7993813 ], [ 5.1987388, 48.7989883 ], [ 5.1973646, 48.7982758 ], [ 5.1979288, 48.797638299999988 ], [ 5.1993844, 48.7981172 ], [ 5.1986219, 48.7972495 ], [ 5.1973731, 48.7968289 ], [ 5.1978206, 48.7963006 ], [ 5.1985935, 48.7949917 ], [ 5.1984759, 48.7941095 ], [ 5.1987552, 48.793853299999988 ], [ 5.1989467, 48.7933891 ], [ 5.1988167, 48.7925026 ], [ 5.1988295, 48.7916431 ], [ 5.1991419, 48.7909455 ], [ 5.1990997, 48.7904937 ], [ 5.1992991, 48.7902822 ], [ 5.1992233, 48.7900029 ], [ 5.1996029, 48.7894794 ], [ 5.1990358, 48.7890751 ], [ 5.1986469, 48.7885703 ], [ 5.1981088, 48.7884354 ], [ 5.1981788, 48.7882227 ], [ 5.1979767, 48.7881436 ], [ 5.1980259, 48.7879232 ], [ 5.1974323, 48.7876345 ], [ 5.1973485, 48.7868065 ], [ 5.1974785, 48.7857244 ], [ 5.197283, 48.7854149 ], [ 5.1965253, 48.7861423 ], [ 5.196058, 48.7859089 ], [ 5.1965085, 48.7852906 ], [ 5.1972066, 48.7846668 ], [ 5.1937103, 48.7830198 ], [ 5.1935137, 48.7830711 ], [ 5.192216, 48.7827746 ], [ 5.1911065, 48.7851756 ], [ 5.1904876, 48.7850592 ], [ 5.189576, 48.7851065 ], [ 5.189051, 48.784732 ], [ 5.1880881, 48.7842377 ], [ 5.1874375, 48.7839491 ], [ 5.187268, 48.7840323 ], [ 5.1871913, 48.7838573 ], [ 5.1867688, 48.7838156 ], [ 5.1863596, 48.783797 ], [ 5.1853354, 48.7840172 ], [ 5.1852992, 48.7839657 ], [ 5.1848731, 48.7840968 ], [ 5.183774, 48.7846414 ], [ 5.1830396, 48.7841078 ], [ 5.1823577, 48.7837865 ], [ 5.1824683, 48.7836648 ], [ 5.1818824, 48.7835549 ], [ 5.1815222, 48.7832772 ], [ 5.1808552, 48.7831823 ], [ 5.1806372, 48.7831782 ], [ 5.1802443, 48.7833221 ], [ 5.1799608, 48.783608 ], [ 5.1790661, 48.7840598 ], [ 5.1791831, 48.784220499999989 ], [ 5.1787181, 48.7843343 ], [ 5.1783236, 48.7840823 ], [ 5.1779678, 48.7834833 ], [ 5.1776267, 48.7820968 ], [ 5.1751627, 48.7822425 ], [ 5.1750887, 48.7813582 ], [ 5.175821, 48.7806208 ], [ 5.1758599, 48.7801008 ], [ 5.1749354, 48.7790526 ], [ 5.1746823, 48.7781555 ], [ 5.1743189, 48.7778108 ], [ 5.1728946, 48.7768572 ], [ 5.1719065, 48.7765703 ], [ 5.1711945, 48.776180599999989 ], [ 5.1704537, 48.7760794 ], [ 5.1701206, 48.7761353 ], [ 5.170103, 48.7770152 ], [ 5.1690608, 48.7771737 ], [ 5.1691671, 48.776214499999988 ], [ 5.1687931, 48.7761391 ], [ 5.1678933, 48.7763483 ], [ 5.1667785, 48.776795299999989 ], [ 5.1665428, 48.7773218 ], [ 5.1652773, 48.7771875 ], [ 5.1640778, 48.7767553 ], [ 5.1647511, 48.7757718 ], [ 5.165004, 48.7756073 ], [ 5.165361, 48.7751401 ], [ 5.1654911, 48.7748445 ], [ 5.1652118, 48.7747461 ], [ 5.1646746, 48.7747348 ], [ 5.1640196, 48.7752235 ], [ 5.1640349, 48.7755407 ], [ 5.1637673, 48.7755785 ], [ 5.1634317, 48.7757783 ], [ 5.1626475, 48.7755464 ], [ 5.1619604, 48.7758386 ], [ 5.1613951, 48.7758639 ], [ 5.1614007, 48.775625 ], [ 5.1617416, 48.775375 ], [ 5.1616801, 48.7752534 ], [ 5.161894, 48.774894 ], [ 5.1618127, 48.7748391 ], [ 5.1612258, 48.7750171 ], [ 5.1606288, 48.7755405 ], [ 5.1601527, 48.7756779 ], [ 5.1604981, 48.7752337 ], [ 5.1607286, 48.7751185 ], [ 5.1606492, 48.7749616 ], [ 5.1609664, 48.774858 ], [ 5.1611721, 48.7745883 ], [ 5.1615465, 48.77458 ], [ 5.1614881, 48.7742261 ], [ 5.1611349, 48.7738862 ], [ 5.1611225, 48.7737257 ], [ 5.1613292, 48.773599 ], [ 5.1618887, 48.7735356 ], [ 5.1626039, 48.7729874 ], [ 5.1621694, 48.7726861 ], [ 5.1620473, 48.7728517 ], [ 5.161937, 48.772684 ], [ 5.1628574, 48.7718702 ], [ 5.1623577, 48.7715811 ], [ 5.1620045, 48.7716181 ], [ 5.1617983, 48.771376 ], [ 5.1614285, 48.7713531 ], [ 5.1612807, 48.771252499999989 ], [ 5.1611658, 48.7714971 ], [ 5.1593707, 48.7725093 ], [ 5.1589919, 48.7724576 ], [ 5.1589624, 48.7720993 ], [ 5.1583467, 48.7720922 ], [ 5.157967, 48.7722707 ], [ 5.1578152, 48.772157 ], [ 5.1573185, 48.772068 ], [ 5.1563547, 48.7723067 ], [ 5.1556549, 48.7721014 ], [ 5.1555207, 48.7720023 ], [ 5.1555284, 48.7718841 ], [ 5.1558481, 48.7716096 ], [ 5.1557987, 48.7715148 ], [ 5.1565048, 48.771282799999987 ], [ 5.1567416, 48.7709355 ], [ 5.1566194, 48.770761799999988 ], [ 5.1563749, 48.7706859 ], [ 5.1563013, 48.7704922 ], [ 5.1567984, 48.7705928 ], [ 5.1572052, 48.7703381 ], [ 5.1572733, 48.769874 ], [ 5.1571832, 48.7696891 ], [ 5.1565908, 48.7694249 ], [ 5.1566563, 48.7693186 ], [ 5.1565362, 48.7692922 ], [ 5.1565441, 48.7691844 ], [ 5.1563795, 48.7692154 ], [ 5.1565425, 48.768921 ], [ 5.1560566, 48.7689434 ], [ 5.1555001, 48.7674948 ], [ 5.1550266, 48.7674161 ], [ 5.1533634, 48.7668109 ], [ 5.1523278, 48.7661219 ], [ 5.1508729, 48.7658692 ], [ 5.1507109, 48.7658092 ], [ 5.1501918, 48.7653163 ], [ 5.148845, 48.7648338 ], [ 5.1481914, 48.7647158 ], [ 5.1471987, 48.7646681 ], [ 5.147592, 48.7662251 ], [ 5.1488781, 48.7668279 ], [ 5.1489655, 48.7671215 ], [ 5.1492578, 48.7674078 ], [ 5.1498153, 48.7676465 ], [ 5.1503214, 48.7676497 ], [ 5.1508074, 48.7675042 ], [ 5.1511728, 48.7675914 ], [ 5.1517202, 48.7680054 ], [ 5.1523581, 48.7687517 ], [ 5.1508709, 48.7691637 ], [ 5.1505633, 48.7690899 ], [ 5.1483212, 48.7698755 ], [ 5.1475306, 48.7697764 ], [ 5.1471003, 48.7698768 ], [ 5.1466328, 48.7701023 ], [ 5.145286, 48.7678301 ], [ 5.1450625, 48.7677024 ], [ 5.1432312, 48.7672441 ], [ 5.1361917, 48.766617 ], [ 5.1436508, 48.7645146 ], [ 5.1445917, 48.7624608 ], [ 5.144471, 48.7619501 ], [ 5.1441994, 48.7617633 ], [ 5.1441497, 48.7614633 ], [ 5.1404022, 48.7601626 ], [ 5.1272683, 48.7573644 ], [ 5.1277183, 48.7569475 ], [ 5.1304724, 48.7553095 ], [ 5.1307883, 48.7550159 ], [ 5.1302588, 48.7543776 ], [ 5.1299083, 48.7536587 ], [ 5.1298713, 48.7529845 ], [ 5.1305463, 48.7516202 ], [ 5.1311918, 48.7509663 ], [ 5.1319161, 48.7505448 ], [ 5.1331905, 48.7502 ], [ 5.135064, 48.7499991 ], [ 5.1354688, 48.747954 ], [ 5.1355251, 48.7471675 ], [ 5.1347783, 48.7454084 ], [ 5.13607, 48.7451576 ], [ 5.1366991, 48.7447379 ], [ 5.1373971, 48.7439759 ], [ 5.1368026, 48.7430454 ], [ 5.1365356, 48.7421073 ], [ 5.1361638, 48.7415318 ], [ 5.1361061, 48.7404541 ], [ 5.1344428, 48.739863 ], [ 5.1343597, 48.7395955 ], [ 5.1348424, 48.738459399999989 ], [ 5.1366997, 48.7353131 ], [ 5.1359896, 48.7347455 ], [ 5.1360475, 48.7345645 ], [ 5.1363703, 48.734242 ], [ 5.1359237, 48.7335329 ], [ 5.1355672, 48.7319674 ], [ 5.1339756, 48.7304303 ], [ 5.1333047, 48.7293221 ], [ 5.1330218, 48.7276905 ], [ 5.133377, 48.727363 ], [ 5.1344168, 48.7270808 ], [ 5.1340072, 48.7259778 ], [ 5.132583, 48.7241372 ], [ 5.1276582, 48.7226901 ], [ 5.1243407, 48.7221023 ], [ 5.1246907, 48.722016 ], [ 5.1249733, 48.7215755 ], [ 5.1254223, 48.7201773 ], [ 5.1260201, 48.7194298 ], [ 5.1268802, 48.7186119 ], [ 5.1276809, 48.7174387 ], [ 5.1285174, 48.7155415 ], [ 5.1293796, 48.714278199999988 ], [ 5.1303766, 48.7135531 ], [ 5.1313447, 48.7132218 ], [ 5.1319589, 48.7134448 ], [ 5.1325431, 48.7138024 ], [ 5.1330816, 48.7142372 ], [ 5.1345264, 48.7157212 ], [ 5.1364071, 48.7168563 ], [ 5.1366978, 48.7161511 ], [ 5.1380693, 48.7148785 ], [ 5.1383486, 48.7148924 ], [ 5.1394599, 48.7153341 ], [ 5.1417682, 48.7159198 ], [ 5.1423272, 48.7158909 ], [ 5.144499, 48.7166931 ], [ 5.1447703, 48.7165443 ], [ 5.1459579, 48.7170538 ], [ 5.1487098, 48.716917 ], [ 5.1495103, 48.7175351 ], [ 5.1524466, 48.71778 ], [ 5.153617, 48.7180675 ], [ 5.155424, 48.7187888 ], [ 5.156124, 48.7191775 ], [ 5.1563938, 48.7191258 ], [ 5.1570528, 48.7187504 ], [ 5.1575526, 48.7180791 ], [ 5.1580378, 48.7171508 ], [ 5.1580211, 48.7163845 ], [ 5.1577877, 48.7160657 ], [ 5.1569394, 48.7156752 ], [ 5.1554865, 48.7147684 ], [ 5.1554251, 48.7145644 ], [ 5.1598306, 48.7154556 ], [ 5.159909, 48.7152796 ], [ 5.1613484, 48.7155307 ], [ 5.1621773, 48.7127263 ], [ 5.1617666, 48.7102918 ], [ 5.1619276, 48.7097805 ], [ 5.1624788, 48.7090381 ], [ 5.161922, 48.7085938 ], [ 5.1614626, 48.7074459 ], [ 5.1608278, 48.7066584 ], [ 5.1601488, 48.7060535 ], [ 5.1594873, 48.7050136 ], [ 5.1578007, 48.7029837 ], [ 5.1573916, 48.702624 ], [ 5.156634, 48.7025153 ], [ 5.1555444, 48.7026277 ], [ 5.1540861, 48.7025046 ], [ 5.1523097, 48.7022146 ], [ 5.1510599, 48.7017045 ], [ 5.1502821, 48.7011381 ], [ 5.149564, 48.7004358 ], [ 5.148895, 48.6993726 ], [ 5.1485195, 48.6985705 ], [ 5.1497554, 48.6981145 ], [ 5.14895, 48.697106 ], [ 5.1488067, 48.6965642 ], [ 5.1488452, 48.6949214 ], [ 5.1485404, 48.691706499999988 ], [ 5.1482947, 48.6911504 ], [ 5.148288, 48.6905585 ], [ 5.149047, 48.6891537 ], [ 5.1489665, 48.6885163 ], [ 5.148266, 48.6872792 ], [ 5.1486951, 48.6871724 ], [ 5.1482967, 48.6864724 ], [ 5.1487849, 48.6863133 ], [ 5.1491037, 48.6860691 ], [ 5.1488221, 48.6856333 ], [ 5.1485048, 48.6853511 ], [ 5.1481421, 48.6845955 ], [ 5.1495468, 48.6834617 ], [ 5.1500587, 48.6827578 ], [ 5.1516795, 48.6812637 ], [ 5.1523757, 48.6805178 ], [ 5.1527222, 48.6797593 ], [ 5.1526037, 48.6789606 ], [ 5.152329, 48.6784599 ], [ 5.151886, 48.6777967 ], [ 5.1509476, 48.6767842 ], [ 5.1498215, 48.6749752 ], [ 5.1497796, 48.6743183 ], [ 5.1499643, 48.6737229 ], [ 5.1504448, 48.6730501 ], [ 5.1507512, 48.6723095 ], [ 5.1553284, 48.6703336 ], [ 5.1575605, 48.6692801 ], [ 5.1569966, 48.6683563 ], [ 5.1569644, 48.667772899999989 ], [ 5.1572797, 48.6673155 ], [ 5.1577919, 48.6669886 ], [ 5.158084, 48.6669878 ], [ 5.1587191, 48.6675314 ], [ 5.1599143, 48.6670005 ], [ 5.1603291, 48.667505 ], [ 5.1618224, 48.667019 ], [ 5.1651571, 48.6656357 ], [ 5.165219, 48.6652927 ], [ 5.1670076, 48.6645925 ], [ 5.1691955, 48.6632399 ], [ 5.1697202, 48.6635444 ], [ 5.170093, 48.6644734 ], [ 5.1716357, 48.6653811 ], [ 5.1721174, 48.6664134 ], [ 5.1738029, 48.6676793 ], [ 5.1745557, 48.6685339 ], [ 5.1748102, 48.669101499999989 ], [ 5.1749242, 48.6700766 ], [ 5.1773915, 48.6713534 ], [ 5.177335, 48.6712707 ], [ 5.1802987, 48.6728821 ], [ 5.1802366, 48.6733475 ], [ 5.1805344, 48.67407 ], [ 5.1799429, 48.6744489 ], [ 5.1804773, 48.6748845 ], [ 5.1813482, 48.6754049 ], [ 5.1833503, 48.6764318 ], [ 5.18415, 48.6764504 ], [ 5.186036, 48.6773948 ], [ 5.1863651, 48.677207 ], [ 5.1867024, 48.6773448 ], [ 5.187908, 48.6782648 ], [ 5.1877327, 48.6785551 ], [ 5.1903168, 48.6794902 ], [ 5.1909328, 48.679434799999989 ], [ 5.191096, 48.6790179 ], [ 5.1917871, 48.678908 ], [ 5.1921533, 48.6791523 ], [ 5.1915387, 48.6794659 ], [ 5.1919537, 48.6797381 ], [ 5.1920722, 48.6796478 ], [ 5.1928657, 48.6796458 ], [ 5.1938804, 48.6791853 ], [ 5.1946901, 48.6779863 ], [ 5.1955683, 48.6781582 ], [ 5.1965943, 48.6781599 ], [ 5.1964435, 48.6791327 ], [ 5.1980978, 48.6788251 ], [ 5.199927, 48.6798639 ], [ 5.1996855, 48.6801644 ], [ 5.2010627, 48.6813753 ], [ 5.2023363, 48.6828995 ], [ 5.2022076, 48.6830377 ], [ 5.202442, 48.6833438 ], [ 5.2032658, 48.6840287 ], [ 5.2043744, 48.6855693 ], [ 5.2054262, 48.6879506 ], [ 5.2061207, 48.6888528 ], [ 5.2075484, 48.69006 ], [ 5.2065855, 48.6908175 ], [ 5.2048563, 48.6914838 ], [ 5.2041932, 48.6916473 ], [ 5.2041779, 48.6919931 ], [ 5.2044293, 48.6922521 ], [ 5.2042319, 48.6923727 ], [ 5.2034829, 48.6933043 ], [ 5.2030127, 48.6936612 ], [ 5.203341, 48.6952901 ], [ 5.2029304, 48.6958673 ], [ 5.2027351, 48.6960067 ], [ 5.2019479, 48.6971316 ], [ 5.2009277, 48.6964999 ], [ 5.2007241, 48.6965055 ], [ 5.2006299, 48.697272 ], [ 5.2008902, 48.699289099999987 ], [ 5.1980799, 48.6989504 ], [ 5.1980432, 48.699275 ], [ 5.1975563, 48.6993001 ], [ 5.1975684, 48.6996535 ], [ 5.1978287, 48.7003137 ], [ 5.1958309, 48.700552 ], [ 5.1939365, 48.7013094 ], [ 5.1945425, 48.7015943 ], [ 5.1935526, 48.7023639 ], [ 5.1935256, 48.7024984 ], [ 5.1939168, 48.7028152 ], [ 5.1933554, 48.7031071 ], [ 5.1930458, 48.7029203 ], [ 5.191721, 48.7037787 ], [ 5.189892, 48.7047373 ], [ 5.191035, 48.7056386 ], [ 5.1917097, 48.7062965 ], [ 5.1908346, 48.7068237 ], [ 5.1910768, 48.7070244 ], [ 5.1904854, 48.7073808 ], [ 5.1923215, 48.7090188 ], [ 5.1920693, 48.7091305 ], [ 5.1933303, 48.7101835 ], [ 5.1920325, 48.7109434 ], [ 5.1927623, 48.7114878 ], [ 5.1920978, 48.7118833 ], [ 5.1924112, 48.712386 ], [ 5.1932504, 48.7130733 ], [ 5.1924722, 48.7132567 ], [ 5.1896663, 48.7136241 ], [ 5.1898551, 48.7142352 ], [ 5.190769, 48.7141752 ], [ 5.1908595, 48.7143247 ], [ 5.1849241, 48.7149005 ], [ 5.1787154, 48.7166877 ], [ 5.1782864, 48.7160522 ], [ 5.1777514, 48.7161996 ], [ 5.1791032, 48.7185836 ], [ 5.177706, 48.7179478 ], [ 5.1761541, 48.717385 ], [ 5.1756831, 48.7173072 ], [ 5.1741891, 48.7168251 ], [ 5.1717595, 48.7161784 ], [ 5.1709829, 48.7158128 ], [ 5.1702148, 48.7156207 ], [ 5.1690882, 48.7186168 ], [ 5.1705151, 48.7188571 ], [ 5.1705359, 48.7199779 ], [ 5.171428, 48.7200111 ], [ 5.1706519, 48.720872799999988 ], [ 5.1702811, 48.7222904 ], [ 5.1699885, 48.7222849 ], [ 5.1697666, 48.7227038 ], [ 5.1690502, 48.7249041 ], [ 5.1690604, 48.7253466 ], [ 5.1695106, 48.7260025 ], [ 5.17036, 48.7266106 ], [ 5.1698747, 48.7269424 ], [ 5.170821, 48.727591 ], [ 5.1696287, 48.7282902 ], [ 5.1695691, 48.7284272 ], [ 5.170308, 48.7288942 ], [ 5.1672883, 48.7307531 ], [ 5.1698432, 48.7315542 ], [ 5.1745017, 48.7335479 ], [ 5.175553, 48.733903 ], [ 5.1768466, 48.735438699999989 ], [ 5.1775081, 48.7351531 ], [ 5.1784663, 48.7352004 ], [ 5.1785722, 48.7355233 ], [ 5.1790034, 48.7353274 ], [ 5.1798418, 48.7352401 ], [ 5.179862, 48.7356266 ], [ 5.180271, 48.7359422 ], [ 5.1810245, 48.7362325 ], [ 5.1803621, 48.7376033 ], [ 5.1817647, 48.738095 ], [ 5.1816088, 48.7384658 ], [ 5.1822324, 48.738674 ], [ 5.182076, 48.7388046 ], [ 5.183719, 48.7392541 ], [ 5.1832437, 48.7403794 ], [ 5.183494, 48.7422328 ], [ 5.1860083, 48.7426952 ], [ 5.1848408, 48.744705 ], [ 5.1855706, 48.7453035 ], [ 5.1859546, 48.7454413 ], [ 5.1865191, 48.7449514 ], [ 5.1868171, 48.7450494 ], [ 5.185745, 48.7461209 ], [ 5.1856275, 48.7463363 ], [ 5.1871101, 48.7473357 ], [ 5.1876203, 48.7479526 ], [ 5.1883793, 48.7491489 ], [ 5.1877929, 48.7492775 ], [ 5.1880514, 48.7497658 ], [ 5.1882914, 48.7498424 ], [ 5.1889868, 48.749845799999989 ], [ 5.1891163, 48.7500792 ], [ 5.188486, 48.7503301 ], [ 5.1887656, 48.7506381 ], [ 5.1892514, 48.7504447 ], [ 5.1901435, 48.751212 ], [ 5.1900154, 48.751272 ], [ 5.1907596, 48.7520483 ], [ 5.1904962, 48.7521593 ], [ 5.1913044, 48.7528391 ], [ 5.1904755, 48.7532214 ], [ 5.1907351, 48.7534092 ], [ 5.1929525, 48.7526181 ], [ 5.1932349, 48.7527343 ], [ 5.192022, 48.7533369 ], [ 5.1929312, 48.7537962 ], [ 5.192757, 48.7541179 ], [ 5.1945679, 48.7550834 ], [ 5.1959543, 48.7559531 ], [ 5.1958048, 48.7560531 ], [ 5.1962777, 48.7564582 ], [ 5.1965057, 48.7563803 ], [ 5.1978622, 48.7578606 ], [ 5.1986951, 48.7583158 ], [ 5.19829, 48.7586166 ], [ 5.1974953, 48.7588751 ], [ 5.1988402, 48.7597572 ], [ 5.1999535, 48.7606635 ], [ 5.2006171, 48.7609419 ], [ 5.2012341, 48.7610169 ], [ 5.2031966, 48.7618246 ], [ 5.2053669, 48.7629416 ], [ 5.2061915, 48.763101 ], [ 5.20711, 48.7637084 ], [ 5.2085678, 48.7642582 ], [ 5.2091357, 48.764685 ], [ 5.2104515, 48.7660921 ], [ 5.2108244, 48.7666682 ], [ 5.2108766, 48.7676111 ], [ 5.211316, 48.7681851 ], [ 5.2117033, 48.7691668 ], [ 5.2121365, 48.7698479 ], [ 5.2129445, 48.7705735 ], [ 5.2142219, 48.7712624 ], [ 5.2141252, 48.7717428 ], [ 5.2137716, 48.7719752 ], [ 5.2132291, 48.7720222 ], [ 5.2128264, 48.7726046 ], [ 5.2127574, 48.7733193 ], [ 5.2116207, 48.7734484 ], [ 5.2109023, 48.7736164 ], [ 5.2110026, 48.7742471 ], [ 5.2118775, 48.7762616 ], [ 5.2118613, 48.7764571 ], [ 5.2120439, 48.7767507 ], [ 5.2140381, 48.777293099999987 ], [ 5.2152162, 48.7774324 ], [ 5.2152611, 48.7774972 ], [ 5.2151496, 48.7779491 ], [ 5.2138642, 48.7780701 ], [ 5.2135974, 48.7781669 ], [ 5.2134179, 48.778621 ], [ 5.2128143, 48.7787707 ], [ 5.2123976, 48.7789926 ], [ 5.2120399, 48.7794185 ], [ 5.2124649, 48.7799684 ], [ 5.2136028, 48.7807346 ], [ 5.2136343, 48.7810588 ], [ 5.213353, 48.7812629 ], [ 5.2128198, 48.7813393 ], [ 5.2110426, 48.7810699 ], [ 5.2110392, 48.7813435 ], [ 5.2157785, 48.7818909 ], [ 5.2222462, 48.7828352 ], [ 5.2243972, 48.7833089 ], [ 5.2245864, 48.7829248 ], [ 5.2275811, 48.7835474 ], [ 5.2300696, 48.7851007 ], [ 5.2303097, 48.7850152 ], [ 5.2316789, 48.7863725 ], [ 5.2327538, 48.787658 ], [ 5.2372428, 48.7866994 ], [ 5.2378885, 48.7866747 ], [ 5.2380839, 48.7864048 ], [ 5.2378398, 48.7861754 ], [ 5.2381446, 48.785916899999989 ], [ 5.2391943, 48.7853106 ], [ 5.2391907, 48.7851631 ], [ 5.2410914, 48.7844337 ], [ 5.2415498, 48.7844863 ], [ 5.2423839, 48.7849169 ], [ 5.2434169, 48.7858576 ], [ 5.2438163, 48.7863107 ], [ 5.2438391, 48.786842 ], [ 5.2463156, 48.7894911 ], [ 5.2481588, 48.789353 ], [ 5.2499099, 48.7890357 ], [ 5.2512925, 48.7889224 ], [ 5.2546287, 48.7884843 ], [ 5.2578431, 48.7901709 ], [ 5.2586385, 48.7909305 ], [ 5.2591396, 48.791244 ], [ 5.2623145, 48.7924841 ], [ 5.2687798, 48.7946343 ], [ 5.2709532, 48.7931327 ], [ 5.2721948, 48.7915912 ], [ 5.2724684, 48.7913701 ], [ 5.2749485, 48.7922856 ], [ 5.2753567, 48.7920268 ], [ 5.2755349, 48.7922735 ], [ 5.2772098, 48.7931746 ], [ 5.2786573, 48.7937031 ], [ 5.2794458, 48.793890499999989 ], [ 5.2804898, 48.7940028 ], [ 5.2810947, 48.7940102 ], [ 5.2817155, 48.7938796 ], [ 5.281911, 48.7937103 ], [ 5.2813146, 48.7929974 ], [ 5.2807768, 48.7920962 ], [ 5.2802938, 48.7903932 ], [ 5.2827147, 48.7919107 ], [ 5.2844594, 48.7927888 ], [ 5.2850787, 48.7929992 ], [ 5.2872384, 48.7934627 ], [ 5.2875425, 48.7935954 ], [ 5.2879968, 48.7941103 ], [ 5.2907224, 48.7950541 ], [ 5.2953481, 48.7962196 ], [ 5.2953227, 48.7964459 ], [ 5.2960902, 48.7964645 ], [ 5.296417, 48.7967416 ], [ 5.2986667, 48.7961801 ], [ 5.3002177, 48.7959289 ], [ 5.3008924, 48.7960041 ], [ 5.3053359, 48.7984 ], [ 5.3064568, 48.7977539 ], [ 5.3074913, 48.7974343 ], [ 5.3077901, 48.7970768 ], [ 5.3079369, 48.7967014 ], [ 5.3083655, 48.7967534 ], [ 5.3087248, 48.7958863 ], [ 5.3082758, 48.7957411 ], [ 5.3086652, 48.7951245 ], [ 5.3105731, 48.7954916 ], [ 5.311151, 48.793258 ], [ 5.3132423, 48.7936791 ], [ 5.3146239, 48.792957799999989 ], [ 5.315793, 48.7930341 ], [ 5.3176982, 48.792943099999988 ], [ 5.3183662, 48.7930517 ], [ 5.3197891, 48.7937204 ], [ 5.3205573, 48.7938765 ], [ 5.3247862, 48.7939166 ], [ 5.3264132, 48.7937239 ], [ 5.3281052, 48.7932807 ], [ 5.3280754, 48.7923068 ], [ 5.3289624, 48.7920439 ], [ 5.3338664, 48.7910421 ], [ 5.3354733, 48.7896449 ], [ 5.3354915, 48.7895024 ], [ 5.3348513, 48.7894069 ], [ 5.3339119, 48.7891067 ], [ 5.3337224, 48.7880991 ], [ 5.3333974, 48.7873478 ], [ 5.3334505, 48.7870724 ], [ 5.3342689, 48.7863141 ], [ 5.3347638, 48.7856584 ], [ 5.3382028, 48.7865889 ], [ 5.3381124, 48.7880061 ], [ 5.3379976, 48.788361 ], [ 5.337353, 48.7893508 ], [ 5.3373284, 48.7895924 ], [ 5.3380745, 48.7898936 ], [ 5.3393771, 48.7912781 ], [ 5.3400958, 48.7925749 ], [ 5.3413572, 48.7930388 ], [ 5.3422357, 48.7936487 ], [ 5.3429167, 48.7944065 ], [ 5.344899, 48.795333 ], [ 5.3483441, 48.7966537 ], [ 5.3505267, 48.7973072 ], [ 5.354446, 48.7989873 ], [ 5.3566802, 48.7987579 ], [ 5.3586553, 48.798823299999988 ], [ 5.3599173, 48.7987804 ], [ 5.3591937, 48.7999473 ], [ 5.3582254, 48.8011829 ], [ 5.356774, 48.802100499999987 ], [ 5.3568979, 48.8023392 ], [ 5.3549655, 48.8033733 ], [ 5.3574054, 48.8050096 ], [ 5.3578991, 48.8050214 ], [ 5.359073, 48.8057397 ], [ 5.3593643, 48.8056745 ], [ 5.3605486, 48.806379 ], [ 5.3607154, 48.8063632 ], [ 5.3614599, 48.806649 ], [ 5.3626953, 48.8072481 ], [ 5.3629697, 48.8078932 ], [ 5.3637409, 48.8079877 ], [ 5.3646905, 48.8077791 ], [ 5.3653419, 48.8077257 ], [ 5.3673693, 48.8079159 ], [ 5.3673833, 48.8107742 ], [ 5.367525, 48.8107741 ], [ 5.3673231, 48.8113071 ], [ 5.3671817, 48.8129934 ], [ 5.3676707, 48.8144332 ], [ 5.367415, 48.8148926 ], [ 5.3669334, 48.8146367 ], [ 5.3670395, 48.8150233 ], [ 5.3668455, 48.8153106 ], [ 5.36708, 48.815494 ], [ 5.3693064, 48.8166682 ], [ 5.3723852, 48.8179181 ], [ 5.3728162, 48.8183765 ], [ 5.3752562, 48.819298 ], [ 5.3770391, 48.8197637 ], [ 5.3779359, 48.8203667 ], [ 5.3785313, 48.819528 ], [ 5.3849325, 48.8214942 ], [ 5.3904387, 48.8222965 ], [ 5.3918448, 48.8225617 ], [ 5.3937654, 48.8227527 ], [ 5.3959157, 48.8234079 ], [ 5.3961538, 48.8236361 ], [ 5.3961911, 48.8239143 ], [ 5.3956136, 48.8252242 ], [ 5.3955729, 48.8257631 ], [ 5.3957817, 48.8263015 ], [ 5.3967307, 48.8276177 ], [ 5.396479, 48.828249 ], [ 5.3954524, 48.8281814 ], [ 5.3942, 48.8274984 ], [ 5.3923364, 48.8270372 ], [ 5.3909917, 48.8264208 ], [ 5.3898907, 48.8261252 ], [ 5.3888236, 48.8256777 ], [ 5.385622, 48.8249778 ], [ 5.3833103, 48.8242195 ], [ 5.3775463, 48.8208756 ], [ 5.3767292, 48.8219014 ], [ 5.3762413, 48.8228252 ], [ 5.3729767, 48.8224717 ], [ 5.3711727, 48.8282245 ], [ 5.3694733, 48.8279838 ], [ 5.3688582, 48.8278232 ], [ 5.3681324, 48.8291557 ], [ 5.366841, 48.8288367 ], [ 5.3667821, 48.8289494 ], [ 5.367316, 48.8290918 ], [ 5.3672032, 48.8294899 ], [ 5.3675987, 48.8296153 ], [ 5.3673315, 48.8298239 ], [ 5.3671707, 48.829765 ], [ 5.3663609, 48.8304774 ], [ 5.3648694, 48.8296855 ], [ 5.3619417, 48.8342456 ], [ 5.3608715, 48.8333373 ], [ 5.3594616, 48.8332914 ], [ 5.3589814, 48.8355691 ], [ 5.3557694, 48.8353976 ], [ 5.3555155, 48.8359937 ], [ 5.3540161, 48.83599 ], [ 5.3545221, 48.8348517 ], [ 5.3547936, 48.8346161 ], [ 5.3496164, 48.833236 ], [ 5.346981, 48.8369065 ], [ 5.3462669, 48.8377258 ], [ 5.3442467, 48.8369341 ], [ 5.3431737, 48.8378053 ], [ 5.3420634, 48.8389095 ], [ 5.337338, 48.8376055 ], [ 5.3366781, 48.8378146 ], [ 5.3359809, 48.838862899999988 ], [ 5.3343396, 48.8384613 ], [ 5.3341451, 48.8386243 ], [ 5.3332186, 48.8385101 ], [ 5.3315601, 48.8381196 ], [ 5.3300648, 48.837904 ], [ 5.3272311, 48.8370496 ], [ 5.3260293, 48.8373618 ], [ 5.3234192, 48.8364147 ], [ 5.3229219, 48.8366313 ], [ 5.3221794, 48.8362409 ], [ 5.3219734, 48.8363582 ], [ 5.3217038, 48.8363041 ], [ 5.3200119, 48.8358034 ], [ 5.3189676, 48.8353972 ], [ 5.3169538, 48.8340632 ], [ 5.3163667, 48.8343454 ], [ 5.3155205, 48.8337959 ], [ 5.3143424, 48.8338151 ], [ 5.3106469, 48.8318919 ], [ 5.3103743, 48.8320456 ], [ 5.30342, 48.8335302 ], [ 5.2987276, 48.8338995 ], [ 5.2930431, 48.8366547 ], [ 5.2884621, 48.836558 ], [ 5.288007, 48.8370894 ], [ 5.2866251, 48.8369674 ], [ 5.2853559, 48.838514 ], [ 5.2845458, 48.8379743 ], [ 5.2809909, 48.8390895 ], [ 5.2818649, 48.8401542 ], [ 5.2821558, 48.8406669 ], [ 5.2804516, 48.8408443 ], [ 5.2781712, 48.8414986 ], [ 5.2782296, 48.8421786 ], [ 5.2689349, 48.8397705 ], [ 5.2666327, 48.8392995 ], [ 5.2648323, 48.8387992 ], [ 5.2643494, 48.8386338 ], [ 5.2652461, 48.8382866 ], [ 5.2628502, 48.837255 ], [ 5.2595389, 48.8359807 ], [ 5.2560671, 48.8347731 ], [ 5.2557086, 48.835054299999989 ], [ 5.2538283, 48.8341523 ], [ 5.2511275, 48.8331505 ], [ 5.2500887, 48.830587 ], [ 5.2493462, 48.8281294 ], [ 5.246484, 48.8282741 ], [ 5.2463059, 48.8275883 ], [ 5.2464088, 48.8274154 ], [ 5.2471799, 48.8273164 ], [ 5.2472539, 48.8271665 ] ], [ [ 5.1483301, 48.7582038 ], [ 5.1498309, 48.75785 ], [ 5.1506613, 48.757365899999989 ], [ 5.1508802, 48.7569421 ], [ 5.1512497, 48.7566684 ], [ 5.1506192, 48.7560266 ], [ 5.1512032, 48.7555636 ], [ 5.150525, 48.755108 ], [ 5.1503055, 48.7547203 ], [ 5.1502302, 48.7543286 ], [ 5.1490989, 48.7551097 ], [ 5.1488673, 48.7548054 ], [ 5.1484163, 48.7547849 ], [ 5.1482541, 48.7548409 ], [ 5.147527, 48.7555155 ], [ 5.1475311, 48.7558558 ], [ 5.147294, 48.7563177 ], [ 5.1462988, 48.7565118 ], [ 5.1434274, 48.7574454 ], [ 5.1462718, 48.7585236 ], [ 5.1471167, 48.7583592 ], [ 5.1476808, 48.757465 ], [ 5.1479213, 48.7567976 ], [ 5.1479488, 48.7564709 ], [ 5.147578, 48.7563098 ], [ 5.1480817, 48.7559433 ], [ 5.1492145, 48.7556508 ], [ 5.1500083, 48.7557886 ], [ 5.1504412, 48.7560278 ], [ 5.1500017, 48.7563777 ], [ 5.1496596, 48.756497599999989 ], [ 5.1496887, 48.7567505 ], [ 5.1495921, 48.75691 ], [ 5.1493548, 48.757018099999989 ], [ 5.1483301, 48.7582038 ] ], [ [ 5.147474, 48.7672984 ], [ 5.1471362, 48.7670707 ], [ 5.1466981, 48.7674095 ], [ 5.1458337, 48.7676562 ], [ 5.1474357, 48.767827 ], [ 5.1476306, 48.7677362 ], [ 5.147474, 48.7672984 ] ], [ [ 5.1669344, 48.7703832 ], [ 5.166645, 48.7702203 ], [ 5.1664096, 48.7702396 ], [ 5.1663031, 48.7703233 ], [ 5.1667904, 48.7705757 ], [ 5.1669344, 48.7703832 ] ], [ [ 5.1710777, 48.7715332 ], [ 5.1709797, 48.7714352 ], [ 5.1706732, 48.7714871 ], [ 5.1705319, 48.7713188 ], [ 5.1703136, 48.771404399999987 ], [ 5.1703154, 48.7714959 ], [ 5.1706083, 48.7716055 ], [ 5.1707025, 48.7717302 ], [ 5.1711108, 48.7718626 ], [ 5.1713186, 48.7718192 ], [ 5.1713709, 48.7716775 ], [ 5.1712358, 48.7715408 ], [ 5.1710777, 48.7715332 ] ], [ [ 5.1882634, 48.771314 ], [ 5.1875618, 48.7710845 ], [ 5.1869732, 48.7710128 ], [ 5.1862735, 48.770985 ], [ 5.1860444, 48.7710666 ], [ 5.1862119, 48.7722651 ], [ 5.1866645, 48.771988 ], [ 5.1868374, 48.7720998 ], [ 5.1874236, 48.7720518 ], [ 5.1882634, 48.771314 ] ], [ [ 5.1882729, 48.7718676 ], [ 5.1877565, 48.7723514 ], [ 5.1874272, 48.7724288 ], [ 5.1872833, 48.7722747 ], [ 5.1870238, 48.7723341 ], [ 5.1872672, 48.772622 ], [ 5.187597, 48.7726383 ], [ 5.1883321, 48.7724789 ], [ 5.1882729, 48.7718676 ] ], [ [ 5.186234, 48.772287 ], [ 5.1862052, 48.7723982 ], [ 5.186518, 48.77264 ], [ 5.1868384, 48.772749 ], [ 5.1869059, 48.7723682 ], [ 5.186234, 48.772287 ] ] ] ] } },
{ "type": "Feature", "properties": { "code_departement": 55.0, "code_rne": "0550758A", "multisecteur": 0.0 }, "geometry": { "type": "MultiPolygon", "coordinates": [ [ [ [ 5.4625675, 49.1348856 ], [ 5.4631586, 49.1348906 ], [ 5.4649166, 49.135190099999988 ], [ 5.4654908, 49.1353015 ], [ 5.4663649, 49.1356066 ], [ 5.4680406, 49.1359329 ], [ 5.4696499, 49.1366789 ], [ 5.4714316, 49.1373862 ], [ 5.4740845, 49.1382204 ], [ 5.4773438, 49.1390061 ], [ 5.4794483, 49.1396652 ], [ 5.4807517, 49.1402006 ], [ 5.4812726, 49.1405137 ], [ 5.4815438, 49.1410217 ], [ 5.4819235, 49.1412216 ], [ 5.4838723, 49.1422042 ], [ 5.4862067, 49.1432201 ], [ 5.4860072, 49.1441777 ], [ 5.4855268, 49.1447966 ], [ 5.4852858, 49.1458307 ], [ 5.4846381, 49.1467067 ], [ 5.4847035, 49.1478126 ], [ 5.4844674, 49.1486352 ], [ 5.4836647, 49.1502547 ], [ 5.4836491, 49.1506148 ], [ 5.4844211, 49.1521856 ], [ 5.4800464, 49.1536449 ], [ 5.4787884, 49.1539776 ], [ 5.477853, 49.1540895 ], [ 5.4769647, 49.1528367 ], [ 5.4754288, 49.15126 ], [ 5.4738229, 49.1500805 ], [ 5.473263, 49.1499562 ], [ 5.4715518, 49.1502189 ], [ 5.4710679, 49.1504241 ], [ 5.4700294, 49.1513044 ], [ 5.4672716, 49.1545551 ], [ 5.4661812, 49.1553286 ], [ 5.4651045, 49.1563059 ], [ 5.4626734, 49.157642 ], [ 5.4616045, 49.1585822 ], [ 5.4613121, 49.1586925 ], [ 5.4607985, 49.1587363 ], [ 5.4569657, 49.1586041 ], [ 5.4540741, 49.1582467 ], [ 5.4535614, 49.1583093 ], [ 5.4526846, 49.1586186 ], [ 5.4519174, 49.1587521 ], [ 5.4514077, 49.1599489 ], [ 5.4497034, 49.1611781 ], [ 5.4469793, 49.1607388 ], [ 5.4462923, 49.163239 ], [ 5.4446158, 49.1629969 ], [ 5.4421024, 49.1629265 ], [ 5.441216, 49.1630353 ], [ 5.4395215, 49.1635176 ], [ 5.4383528, 49.1637482 ], [ 5.4326182, 49.1636069 ], [ 5.4323669, 49.1636579 ], [ 5.4321164, 49.1638743 ], [ 5.4319272, 49.1643126 ], [ 5.4317958, 49.1644061 ], [ 5.4312549, 49.1645124 ], [ 5.4311102, 49.1630968 ], [ 5.4307478, 49.1615714 ], [ 5.4349097, 49.1608549 ], [ 5.4340624, 49.1573029 ], [ 5.4335576, 49.1572708 ], [ 5.4329508, 49.1571122 ], [ 5.4328786, 49.1556052 ], [ 5.4334111, 49.1555845 ], [ 5.433402, 49.1540781 ], [ 5.4335657, 49.1534757 ], [ 5.4342914, 49.1520218 ], [ 5.4318248, 49.1505708 ], [ 5.4246226, 49.1534041 ], [ 5.4174263, 49.1545955 ], [ 5.4136487, 49.1554403 ], [ 5.4119406, 49.1583024 ], [ 5.411827, 49.1587837 ], [ 5.4118565, 49.1592956 ], [ 5.4109192, 49.1595536 ], [ 5.4102766, 49.1598684 ], [ 5.4099549, 49.1601711 ], [ 5.4092526, 49.1603362 ], [ 5.4091009, 49.1603502 ], [ 5.409616, 49.1599402 ], [ 5.4095442, 49.159819 ], [ 5.409357, 49.159571 ], [ 5.4091304, 49.1595041 ], [ 5.4089084, 49.1592883 ], [ 5.408447, 49.1593363 ], [ 5.4082006, 49.1588596 ], [ 5.4076122, 49.1588097 ], [ 5.4075159, 49.1588954 ], [ 5.4071457, 49.1589533 ], [ 5.4070638, 49.1587296 ], [ 5.4066441, 49.1587129 ], [ 5.4061804, 49.1584782 ], [ 5.4060997, 49.1581015 ], [ 5.4056269, 49.158232 ], [ 5.4054081, 49.158376 ], [ 5.4048418, 49.1584495 ], [ 5.4050172, 49.1579728 ], [ 5.4049685, 49.1577419 ], [ 5.4047125, 49.1575436 ], [ 5.4042803, 49.1577517 ], [ 5.4038396, 49.1578207 ], [ 5.4036958, 49.1574545 ], [ 5.4033572, 49.1572285 ], [ 5.4027753, 49.1565924 ], [ 5.4023867, 49.1565391 ], [ 5.4018252, 49.156642 ], [ 5.4011403, 49.1566238 ], [ 5.4008136, 49.1567743 ], [ 5.4005185, 49.1571508 ], [ 5.3999057, 49.1573832 ], [ 5.3998656, 49.157728 ], [ 5.399959, 49.1578632 ], [ 5.4011193, 49.1578709 ], [ 5.4011634, 49.1587467 ], [ 5.4019153, 49.1590063 ], [ 5.4024096, 49.158762 ], [ 5.404209, 49.1593908 ], [ 5.4043487, 49.159673 ], [ 5.4021511, 49.1595927 ], [ 5.4013299, 49.1597576 ], [ 5.400653, 49.1595521 ], [ 5.4006698, 49.1590624 ], [ 5.400314, 49.1587008 ], [ 5.3998957, 49.1585507 ], [ 5.3998128, 49.1579642 ], [ 5.3994053, 49.1579476 ], [ 5.3988088, 49.1575217 ], [ 5.398248, 49.157298 ], [ 5.3982194, 49.1572404 ], [ 5.3989155, 49.156837 ], [ 5.3983646, 49.1566049 ], [ 5.3981241, 49.1565769 ], [ 5.3976664, 49.156769 ], [ 5.3976216, 49.156939 ], [ 5.3965741, 49.1564717 ], [ 5.3970621, 49.156187 ], [ 5.3971727, 49.1558644 ], [ 5.3970228, 49.1554086 ], [ 5.3963472, 49.155529799999989 ], [ 5.3956007, 49.1555272 ], [ 5.3953657, 49.1556912 ], [ 5.395094, 49.1557306 ], [ 5.3948318, 49.1554134 ], [ 5.3939091, 49.155265799999988 ], [ 5.3939754, 49.1551587 ], [ 5.3938596, 49.1547424 ], [ 5.3941557, 49.1538972 ], [ 5.3936657, 49.1536591 ], [ 5.3937939, 49.1528498 ], [ 5.3935924, 49.1522676 ], [ 5.3927003, 49.152244599999989 ], [ 5.3921886, 49.1523032 ], [ 5.3921693, 49.1527456 ], [ 5.3917528, 49.1533128 ], [ 5.391298, 49.1535903 ], [ 5.3907377, 49.1537791 ], [ 5.390566, 49.154104599999989 ], [ 5.3904111, 49.1541969 ], [ 5.3896074, 49.1544415 ], [ 5.3890396, 49.15429 ], [ 5.3888355, 49.1541462 ], [ 5.3889329, 49.1535752 ], [ 5.3891963, 49.1533579 ], [ 5.3881333, 49.1530243 ], [ 5.3878473, 49.1532041 ], [ 5.3869237, 49.1533734 ], [ 5.3863941, 49.1536989 ], [ 5.3859001, 49.1536308 ], [ 5.384708, 49.1532069 ], [ 5.3843041, 49.1531573 ], [ 5.3834888, 49.1532208 ], [ 5.3829332, 49.1533584 ], [ 5.3817458, 49.1524807 ], [ 5.3782309, 49.1510764 ], [ 5.3771364, 49.151242 ], [ 5.3753523, 49.1513747 ], [ 5.37356, 49.1503547 ], [ 5.3688516, 49.1482818 ], [ 5.3683431, 49.1472323 ], [ 5.3681495, 49.1463795 ], [ 5.3680466, 49.1437123 ], [ 5.3683714, 49.1419978 ], [ 5.3694245, 49.1380576 ], [ 5.3667123, 49.1360818 ], [ 5.3657982, 49.1346156 ], [ 5.3653785, 49.1347624 ], [ 5.3624958, 49.1338035 ], [ 5.3573004, 49.134282299999988 ], [ 5.3569069, 49.1325639 ], [ 5.35842, 49.1323472 ], [ 5.3583345, 49.1313127 ], [ 5.3561387, 49.1316453 ], [ 5.3552771, 49.1319302 ], [ 5.3542163, 49.1320239 ], [ 5.3535197, 49.1320483 ], [ 5.3526625, 49.1315245 ], [ 5.3521278, 49.1307973 ], [ 5.3517756, 49.1297419 ], [ 5.3515743, 49.1286305 ], [ 5.3514373, 49.1254301 ], [ 5.3500639, 49.1242201 ], [ 5.347605, 49.1222794 ], [ 5.3469808, 49.1218733 ], [ 5.3444656, 49.1204409 ], [ 5.3433187, 49.1198372 ], [ 5.3424588, 49.1194905 ], [ 5.3420721, 49.1191518 ], [ 5.3409235, 49.118448199999989 ], [ 5.3401727, 49.1182398 ], [ 5.3392699, 49.1182151 ], [ 5.3377932, 49.1183499 ], [ 5.3370533, 49.1185334 ], [ 5.3370415, 49.1183322 ], [ 5.3382221, 49.1180448 ], [ 5.3402873, 49.1176826 ], [ 5.3402052, 49.1174431 ], [ 5.336362, 49.1127154 ], [ 5.3371769, 49.1126447 ], [ 5.337138, 49.112999 ], [ 5.3378043, 49.1137362 ], [ 5.3383576, 49.1142462 ], [ 5.3396819, 49.1151398 ], [ 5.3411791, 49.1167045 ], [ 5.3417998, 49.1175218 ], [ 5.3426261, 49.1180364 ], [ 5.3431459, 49.1180479 ], [ 5.3450869, 49.1191497 ], [ 5.3463905, 49.119672099999988 ], [ 5.3467769, 49.119912799999987 ], [ 5.3474116, 49.1201585 ], [ 5.348004, 49.1202279 ], [ 5.3491709, 49.1206063 ], [ 5.3509417, 49.1214847 ], [ 5.3518297, 49.1221492 ], [ 5.3543787, 49.1232327 ], [ 5.356148, 49.1234436 ], [ 5.357333, 49.1248775 ], [ 5.3585968, 49.1251829 ], [ 5.358481, 49.1271838 ], [ 5.3588198, 49.1269496 ], [ 5.3633071, 49.1284806 ], [ 5.3653004, 49.129779 ], [ 5.3660985, 49.1302076 ], [ 5.3671456, 49.1304758 ], [ 5.3690294, 49.1300348 ], [ 5.3699938, 49.1299618 ], [ 5.3710868, 49.1307526 ], [ 5.3725616, 49.1314988 ], [ 5.3728196, 49.1319561 ], [ 5.3725029, 49.1321036 ], [ 5.3722416, 49.1323534 ], [ 5.3735372, 49.1331383 ], [ 5.3773243, 49.130651 ], [ 5.3777266, 49.1302473 ], [ 5.3793741, 49.1295896 ], [ 5.3797252, 49.1298012 ], [ 5.3804283, 49.1298296 ], [ 5.3808504, 49.129501 ], [ 5.3804781, 49.129154 ], [ 5.3817471, 49.1280171 ], [ 5.3830413, 49.1275462 ], [ 5.3864812, 49.126645 ], [ 5.3879265, 49.1259462 ], [ 5.3881913, 49.1260111 ], [ 5.3899249, 49.1253237 ], [ 5.3892321, 49.1249524 ], [ 5.3912848, 49.124112 ], [ 5.3925814, 49.1245881 ], [ 5.394539, 49.126081 ], [ 5.3948845, 49.1257863 ], [ 5.3953127, 49.1263022 ], [ 5.3962695, 49.1258019 ], [ 5.3967264, 49.1265825 ], [ 5.3992004, 49.1257543 ], [ 5.3997061, 49.1264935 ], [ 5.4031647, 49.1254997 ], [ 5.4070164, 49.1242677 ], [ 5.4076443, 49.1242435 ], [ 5.4082742, 49.124113 ], [ 5.4090034, 49.1235839 ], [ 5.4097132, 49.1234042 ], [ 5.4097524, 49.1231272 ], [ 5.409608, 49.1228216 ], [ 5.4075562, 49.1211671 ], [ 5.4070665, 49.1204492 ], [ 5.4060701, 49.1198574 ], [ 5.4059317, 49.1194446 ], [ 5.4059738, 49.1192018 ], [ 5.4063247, 49.1189375 ], [ 5.4088217, 49.1176705 ], [ 5.4108463, 49.117388 ], [ 5.4129361, 49.1172408 ], [ 5.4134495, 49.1169364 ], [ 5.413595, 49.116588 ], [ 5.4133597, 49.1163013 ], [ 5.4129033, 49.1160658 ], [ 5.4110653, 49.115616 ], [ 5.409515, 49.1153988 ], [ 5.4086705, 49.1155102 ], [ 5.4080603, 49.1154424 ], [ 5.4074414, 49.115157 ], [ 5.406905, 49.1146433 ], [ 5.4067643, 49.114209 ], [ 5.4069355, 49.1137063 ], [ 5.4081411, 49.1128465 ], [ 5.4088242, 49.1122131 ], [ 5.4098215, 49.1116192 ], [ 5.4098979, 49.1113469 ], [ 5.4095891, 49.1109222 ], [ 5.4089458, 49.111026 ], [ 5.408645, 49.1109816 ], [ 5.4079562, 49.1106365 ], [ 5.4076861, 49.1103667 ], [ 5.4072487, 49.1095047 ], [ 5.4071292, 49.1088801 ], [ 5.4073289, 49.1086359 ], [ 5.4077024, 49.1084773 ], [ 5.4079487, 49.108234 ], [ 5.4076898, 49.1075277 ], [ 5.4073881, 49.1073727 ], [ 5.4058837, 49.1073138 ], [ 5.4054725, 49.1061598 ], [ 5.4068887, 49.1061485 ], [ 5.4072583, 49.1062617 ], [ 5.4076401, 49.1065743 ], [ 5.4085652, 49.1063453 ], [ 5.4085353, 49.1057315 ], [ 5.4088873, 49.1056705 ], [ 5.4092324, 49.106403799999988 ], [ 5.4136572, 49.1061568 ], [ 5.4153643, 49.1059489 ], [ 5.4165511, 49.1059862 ], [ 5.4178869, 49.1059252 ], [ 5.419303, 49.1057096 ], [ 5.4198833, 49.1054892 ], [ 5.4212786, 49.1051508 ], [ 5.424869, 49.1046997 ], [ 5.4261383, 49.1046534 ], [ 5.4304758, 49.1040396 ], [ 5.4343199, 49.1051708 ], [ 5.4351182, 49.1054254 ], [ 5.4354884, 49.1056347 ], [ 5.4356416, 49.1058924 ], [ 5.4353449, 49.1060514 ], [ 5.4342941, 49.1070145 ], [ 5.4335527, 49.1078867 ], [ 5.433166, 49.1081707 ], [ 5.4365002, 49.1099032 ], [ 5.4387331, 49.1106216 ], [ 5.4418871, 49.1122451 ], [ 5.4425382, 49.1124514 ], [ 5.4449101, 49.1127702 ], [ 5.4460203, 49.1156504 ], [ 5.4459385, 49.1160659 ], [ 5.4468289, 49.118409 ], [ 5.4470173, 49.118684 ], [ 5.4551301, 49.1176974 ], [ 5.4560118, 49.1186635 ], [ 5.4570179, 49.1194462 ], [ 5.4580811, 49.1200479 ], [ 5.4588292, 49.1206506 ], [ 5.4582358, 49.1211431 ], [ 5.4563355, 49.1206332 ], [ 5.4557517, 49.1204031 ], [ 5.455391, 49.1207442 ], [ 5.4533155, 49.1202118 ], [ 5.4529185, 49.1203377 ], [ 5.4517773, 49.1213594 ], [ 5.4483409, 49.1241325 ], [ 5.4479436, 49.1243682 ], [ 5.4474052, 49.1245168 ], [ 5.4449998, 49.1246332 ], [ 5.4442616, 49.1248767 ], [ 5.4430295, 49.1258084 ], [ 5.4420652, 49.1268678 ], [ 5.4417775, 49.127774099999989 ], [ 5.4415227, 49.1280959 ], [ 5.4415967, 49.1281834 ], [ 5.4492739, 49.1306468 ], [ 5.4516272, 49.1329583 ], [ 5.4521069, 49.1333038 ], [ 5.4571163, 49.1346696 ], [ 5.4591511, 49.1345354 ], [ 5.4616116, 49.1347342 ], [ 5.4624047, 49.1346325 ], [ 5.4625675, 49.1348856 ] ], [ [ 5.3952849, 49.1526519 ], [ 5.3949688, 49.1524717 ], [ 5.394743, 49.1521276 ], [ 5.3941585, 49.1520479 ], [ 5.3939429, 49.1521519 ], [ 5.3950411, 49.1529944 ], [ 5.3952849, 49.1526519 ] ], [ [ 5.3958538, 49.1527466 ], [ 5.3961598, 49.1525798 ], [ 5.396211, 49.1523566 ], [ 5.3957896, 49.1523856 ], [ 5.3954847, 49.1525816 ], [ 5.3958538, 49.1527466 ] ], [ [ 5.3996559, 49.1528469 ], [ 5.3995821, 49.1531599 ], [ 5.3999456, 49.1535087 ], [ 5.4005204, 49.1535397 ], [ 5.4007854, 49.1533265 ], [ 5.4007853, 49.1526879 ], [ 5.4006275, 49.1525641 ], [ 5.4001067, 49.1525603 ], [ 5.3999267, 49.152845 ], [ 5.3996559, 49.1528469 ] ], [ [ 5.3956282, 49.1552377 ], [ 5.3959609, 49.1551262 ], [ 5.3958118, 49.1549197 ], [ 5.395623, 49.1548296 ], [ 5.3950719, 49.1549754 ], [ 5.3950544, 49.1551039 ], [ 5.3952379, 49.1553075 ], [ 5.3955843, 49.1554517 ], [ 5.3956282, 49.1552377 ] ], [ [ 5.3990548, 49.1559964 ], [ 5.3995663, 49.1564361 ], [ 5.3997311, 49.1567592 ], [ 5.4000699, 49.156681 ], [ 5.4000451, 49.1562716 ], [ 5.4007183, 49.1557497 ], [ 5.4007374, 49.1556914 ], [ 5.3997785, 49.1555179 ], [ 5.3995427, 49.1553848 ], [ 5.3996188, 49.1548612 ], [ 5.3992526, 49.1548123 ], [ 5.3986041, 49.155083 ], [ 5.3987863, 49.1558793 ], [ 5.3990548, 49.1559964 ] ] ], [ [ [ 5.3924825, 49.1553351 ], [ 5.391968, 49.1546211 ], [ 5.3920075, 49.1546046 ], [ 5.3925522, 49.1553009 ], [ 5.3924825, 49.1553351 ] ] ], [ [ [ 5.3920552, 49.155247 ], [ 5.3917572, 49.1547293 ], [ 5.3918401, 49.1546881 ], [ 5.3923053, 49.1552573 ], [ 5.3920552, 49.155247 ] ] ], [ [ [ 5.3844257, 49.1599354 ], [ 5.3844375, 49.1598687 ], [ 5.3848402, 49.159946 ], [ 5.3850374, 49.1604164 ], [ 5.3847921, 49.1607167 ], [ 5.3850114, 49.1609642 ], [ 5.3848013, 49.1611759 ], [ 5.3844223, 49.1612055 ], [ 5.3846007, 49.1613702 ], [ 5.3848968, 49.1613974 ], [ 5.3851853, 49.1616101 ], [ 5.3847259, 49.161887199999988 ], [ 5.3845844, 49.1617249 ], [ 5.3841436, 49.1617193 ], [ 5.3841201, 49.1615176 ], [ 5.3839018, 49.161264 ], [ 5.3841824, 49.1608926 ], [ 5.3840843, 49.1606455 ], [ 5.3841941, 49.1604205 ], [ 5.3841417, 49.1600351 ], [ 5.3844257, 49.1599354 ] ] ], [ [ [ 5.3841864, 49.161738199999988 ], [ 5.3845457, 49.1618095 ], [ 5.3844098, 49.1618206 ], [ 5.3841864, 49.161738199999988 ] ] ], [ [ [ 5.3848888, 49.1699429 ], [ 5.383902, 49.1696668 ], [ 5.3844703, 49.169589 ], [ 5.3850993, 49.1696737 ], [ 5.3848888, 49.1699429 ] ] ], [ [ [ 5.3847261, 49.1701412 ], [ 5.3843185, 49.1706133 ], [ 5.3829804, 49.169581 ], [ 5.3835449, 49.1696855 ], [ 5.3847261, 49.1701412 ] ] ], [ [ [ 5.3793201, 49.1689539 ], [ 5.3799524, 49.1686894 ], [ 5.3815397, 49.1695821 ], [ 5.3838106, 49.1710155 ], [ 5.3826099, 49.1717183 ], [ 5.3818332, 49.1719523 ], [ 5.3804739, 49.1721042 ], [ 5.3802712, 49.1700529 ], [ 5.3795401, 49.1693388 ], [ 5.3793201, 49.1689539 ] ] ], [ [ [ 5.3926736, 49.1534216 ], [ 5.3924621, 49.1534631 ], [ 5.3925599, 49.1532917 ], [ 5.3926736, 49.1534216 ] ] ], [ [ [ 5.3924967, 49.1539308 ], [ 5.3922723, 49.1539146 ], [ 5.3922276, 49.1537201 ], [ 5.3926972, 49.153752 ], [ 5.3924967, 49.1539308 ] ] ], [ [ [ 5.3934605, 49.1544784 ], [ 5.3938572, 49.154742 ], [ 5.3931486, 49.1546669 ], [ 5.3934605, 49.1544784 ] ] ], [ [ [ 5.3920983, 49.1546103 ], [ 5.3926566, 49.154625 ], [ 5.3928264, 49.1550821 ], [ 5.3924076, 49.1548828 ], [ 5.3920983, 49.1546103 ] ] ], [ [ [ 5.3926594, 49.1552455 ], [ 5.3926805, 49.1551317 ], [ 5.3927531, 49.1551478 ], [ 5.3926594, 49.1552455 ] ] ] ] } },
{ "type": "Feature", "properties": { "code_departement": 55.0, "code_rne": "0550759B", "multisecteur": 0.0 }, "geometry": { "type": "MultiPolygon", "coordinates": [ [ [ [ 5.3910691, 49.1581882 ], [ 5.3905668, 49.1580623 ], [ 5.390484, 49.1580013 ], [ 5.3907342, 49.1580062 ], [ 5.3910727, 49.1581266 ], [ 5.3910691, 49.1581882 ] ] ], [ [ [ 5.3909642, 49.1585293 ], [ 5.3905084, 49.1583612 ], [ 5.3906898, 49.1582029 ], [ 5.3909611, 49.1583007 ], [ 5.3909642, 49.1585293 ] ] ], [ [ [ 5.3907328, 49.1586657 ], [ 5.3905874, 49.1587148 ], [ 5.3903001, 49.1585889 ], [ 5.3904345, 49.1585224 ], [ 5.3907328, 49.1586657 ] ] ], [ [ [ 5.390012, 49.1589117 ], [ 5.389898, 49.1589492 ], [ 5.3893934, 49.158633 ], [ 5.3895822, 49.1584305 ], [ 5.3898505, 49.158557099999989 ], [ 5.390012, 49.1589117 ] ] ], [ [ [ 5.389366, 49.159334099999988 ], [ 5.3894538, 49.1592674 ], [ 5.389639, 49.1593841 ], [ 5.3895962, 49.1594791 ], [ 5.389366, 49.159334099999988 ] ] ], [ [ [ 5.3851179, 49.1619377 ], [ 5.3849584, 49.161932899999989 ], [ 5.3849808, 49.1617349 ], [ 5.3851853, 49.1616101 ], [ 5.3851179, 49.1619377 ] ] ], [ [ [ 5.3867985, 49.1641563 ], [ 5.3867164, 49.1646751 ], [ 5.386044, 49.1653618 ], [ 5.3852344, 49.1647822 ], [ 5.3843782, 49.1647522 ], [ 5.384238, 49.1644554 ], [ 5.3848459, 49.1642609 ], [ 5.3849968, 49.1642787 ], [ 5.3853839, 49.1639963 ], [ 5.3867985, 49.1641563 ] ] ], [ [ [ 5.3836326, 49.1651035 ], [ 5.3833687, 49.1656293 ], [ 5.3829025, 49.1654661 ], [ 5.3828454, 49.1653215 ], [ 5.3830913, 49.1650274 ], [ 5.3832565, 49.1649915 ], [ 5.3836326, 49.1651035 ] ] ], [ [ [ 5.3917901, 49.1671474 ], [ 5.3919451, 49.1671355 ], [ 5.3919894, 49.1676982 ], [ 5.3918441, 49.1676777 ], [ 5.3917901, 49.1671474 ] ] ], [ [ [ 5.3914858, 49.167686599999989 ], [ 5.3910018, 49.1677031 ], [ 5.391214, 49.1673919 ], [ 5.3915033, 49.1673321 ], [ 5.3914858, 49.167686599999989 ] ] ], [ [ [ 5.3929216, 49.1679459 ], [ 5.3929621, 49.1675832 ], [ 5.393501, 49.1676868 ], [ 5.3937495, 49.1675712 ], [ 5.3937366, 49.1673987 ], [ 5.3939859, 49.1673903 ], [ 5.3943386, 49.1675267 ], [ 5.3946721, 49.1673833 ], [ 5.3951795, 49.1669917 ], [ 5.3952597, 49.1682596 ], [ 5.3944423, 49.167783199999988 ], [ 5.3943397, 49.1675612 ], [ 5.39353, 49.1681075 ], [ 5.3929216, 49.1679459 ] ] ], [ [ [ 5.3832172, 49.1713795 ], [ 5.3794617, 49.168904 ], [ 5.3798399, 49.1687409 ], [ 5.383741, 49.1710633 ], [ 5.3832172, 49.1713795 ] ] ], [ [ [ 5.4015114, 49.1481953 ], [ 5.4019285, 49.1484601 ], [ 5.4018704, 49.1485895 ], [ 5.4017477, 49.1487149 ], [ 5.4011151, 49.1489598 ], [ 5.4010281, 49.1487375 ], [ 5.4015114, 49.1481953 ] ] ], [ [ [ 5.3983387, 49.1571625 ], [ 5.3982194, 49.1572404 ], [ 5.397684, 49.157086 ], [ 5.3981985, 49.1567201 ], [ 5.3983387, 49.1571625 ] ] ], [ [ [ 5.3998016, 49.1582473 ], [ 5.400056, 49.158055 ], [ 5.3999479, 49.1578756 ], [ 5.3998128, 49.1579642 ], [ 5.3994053, 49.1579476 ], [ 5.3993153, 49.1578192 ], [ 5.3998936, 49.1574267 ], [ 5.3998656, 49.157728 ], [ 5.399959, 49.1578632 ], [ 5.401044, 49.1578682 ], [ 5.4000317, 49.1585751 ], [ 5.3998942, 49.1585027 ], [ 5.4002914, 49.158175 ], [ 5.4001352, 49.1581718 ], [ 5.399872, 49.1583416 ], [ 5.3998016, 49.1582473 ] ] ], [ [ [ 5.400653, 49.1595521 ], [ 5.4006698, 49.1590624 ], [ 5.400314, 49.1587008 ], [ 5.4006471, 49.1585285 ], [ 5.400652, 49.1584029 ], [ 5.4005044, 49.1583561 ], [ 5.4011147, 49.1579331 ], [ 5.4011111, 49.1583481 ], [ 5.4007706, 49.1585285 ], [ 5.4008205, 49.1586058 ], [ 5.4011638, 49.1584831 ], [ 5.4011634, 49.1587467 ], [ 5.4019153, 49.1590063 ], [ 5.4024096, 49.158762 ], [ 5.404209, 49.1593908 ], [ 5.4043487, 49.159673 ], [ 5.4021511, 49.1595927 ], [ 5.4013851, 49.1597656 ], [ 5.400653, 49.1595521 ] ] ], [ [ [ 5.4284307, 49.1651855 ], [ 5.4283587, 49.1653181 ], [ 5.4249802, 49.1659044 ], [ 5.4244366, 49.1655138 ], [ 5.4227575, 49.1635335 ], [ 5.4329017, 49.1560875 ], [ 5.4329508, 49.1571122 ], [ 5.4335576, 49.1572708 ], [ 5.4340624, 49.1573029 ], [ 5.4349097, 49.1608549 ], [ 5.4307478, 49.1615714 ], [ 5.4311102, 49.1630968 ], [ 5.4312549, 49.1645124 ], [ 5.429422, 49.1650315 ], [ 5.4284307, 49.1651855 ] ] ], [ [ [ 5.4057826, 49.1634129 ], [ 5.4070738, 49.1635158 ], [ 5.4074966, 49.1621441 ], [ 5.4078474, 49.1625011 ], [ 5.4077606, 49.1635543 ], [ 5.4090194, 49.163658899999987 ], [ 5.4090967, 49.1631635 ], [ 5.4094311, 49.1631635 ], [ 5.409346, 49.1636715 ], [ 5.4091709, 49.1636735 ], [ 5.40915, 49.164351 ], [ 5.4081144, 49.1646606 ], [ 5.4076817, 49.1646593 ], [ 5.4076832, 49.1641913 ], [ 5.4075418, 49.1641406 ], [ 5.407458, 49.1641666 ], [ 5.407448, 49.1645138 ], [ 5.4071788, 49.1644318 ], [ 5.4071887, 49.1642049 ], [ 5.4070452, 49.1641258 ], [ 5.4069314, 49.1641541 ], [ 5.4068953, 49.1644534 ], [ 5.4065127, 49.1645861 ], [ 5.4061041, 49.1644662 ], [ 5.4050263, 49.1645526 ], [ 5.4051009, 49.1633054 ], [ 5.4055185, 49.163367 ], [ 5.4055696, 49.1641241 ], [ 5.4057465, 49.1641101 ], [ 5.4057826, 49.1634129 ] ] ], [ [ [ 5.4094572, 49.1636891 ], [ 5.4096223, 49.1636896 ], [ 5.4096473, 49.1642816 ], [ 5.4094175, 49.1642874 ], [ 5.4094572, 49.1636891 ] ] ], [ [ [ 5.4108662, 49.1637382 ], [ 5.4103185, 49.1641909 ], [ 5.4098035, 49.1642576 ], [ 5.4098035, 49.1636962 ], [ 5.4108662, 49.1637382 ] ] ], [ [ [ 5.4114627, 49.1636813 ], [ 5.4116588, 49.1636077 ], [ 5.4127008, 49.1642599 ], [ 5.4127373, 49.1645337 ], [ 5.4126168, 49.164655 ], [ 5.4122046, 49.1646596 ], [ 5.4115775, 49.1642063 ], [ 5.4114627, 49.1636813 ] ] ], [ [ [ 5.4185868, 49.1637146 ], [ 5.4179725, 49.1642881 ], [ 5.4161293, 49.1651887 ], [ 5.4152285, 49.1644136 ], [ 5.4152899, 49.1642143 ], [ 5.4158779, 49.1637081 ], [ 5.4162299, 49.1635377 ], [ 5.4167324, 49.1634958 ], [ 5.4185868, 49.1637146 ] ] ], [ [ [ 5.4141648, 49.1640227 ], [ 5.414663, 49.1645109 ], [ 5.4143039, 49.1647653 ], [ 5.4138649, 49.1649187 ], [ 5.4136132, 49.1647102 ], [ 5.4130348, 49.1645355 ], [ 5.413652, 49.1641793 ], [ 5.4137555, 49.1640089 ], [ 5.4141648, 49.1640227 ] ] ], [ [ [ 5.3961113, 49.1670982 ], [ 5.3973629, 49.1670532 ], [ 5.3976893, 49.1678355 ], [ 5.3973678, 49.1688458 ], [ 5.396951, 49.1692992 ], [ 5.3959457, 49.1688656 ], [ 5.3954313, 49.1683811 ], [ 5.3953672, 49.1669471 ], [ 5.3961113, 49.1670982 ] ] ], [ [ [ 5.3632856, 49.1919733 ], [ 5.3638381, 49.1915407 ], [ 5.361568, 49.1903611 ], [ 5.3618385, 49.1903054 ], [ 5.3632221, 49.1895011 ], [ 5.3678754, 49.1875812 ], [ 5.3673064, 49.186961 ], [ 5.3683103, 49.1865302 ], [ 5.3681413, 49.1862538 ], [ 5.3686152, 49.1861167 ], [ 5.3693769, 49.1870785 ], [ 5.3713378, 49.18636 ], [ 5.3733517, 49.1858706 ], [ 5.3729637, 49.1851901 ], [ 5.3746515, 49.1847422 ], [ 5.3763388, 49.184583 ], [ 5.3767038, 49.1882276 ], [ 5.3790448, 49.1885258 ], [ 5.3788729, 49.1889358 ], [ 5.3801899, 49.1892857 ], [ 5.3815339, 49.1894768 ], [ 5.3828302, 49.189435 ], [ 5.385636, 49.188918 ], [ 5.3857227, 49.189044 ], [ 5.3868694, 49.1889125 ], [ 5.3904241, 49.1888357 ], [ 5.3912315, 49.188638 ], [ 5.3920335, 49.1882362 ], [ 5.3952131, 49.1880318 ], [ 5.3968992, 49.1881718 ], [ 5.3983383, 49.1881926 ], [ 5.3993432, 49.188527 ], [ 5.4007545, 49.1888353 ], [ 5.4041505, 49.1893899 ], [ 5.4046595, 49.1894149 ], [ 5.4054582, 49.1893279 ], [ 5.4064101, 49.1888753 ], [ 5.4067007, 49.1885727 ], [ 5.4069907, 49.1877862 ], [ 5.4074055, 49.1875305 ], [ 5.4077532, 49.1874228 ], [ 5.4101434, 49.1871816 ], [ 5.4107641, 49.1870451 ], [ 5.4113047, 49.1864244 ], [ 5.4131125, 49.1852027 ], [ 5.4143469, 49.185366 ], [ 5.4144381, 49.1851447 ], [ 5.4180049, 49.1848033 ], [ 5.4202556, 49.1826704 ], [ 5.4214894, 49.1827625 ], [ 5.4233292, 49.1827588 ], [ 5.4258534, 49.1826009 ], [ 5.4313914, 49.1826916 ], [ 5.431918, 49.1830947 ], [ 5.4332476, 49.1838252 ], [ 5.4337761, 49.1839468 ], [ 5.4349976, 49.1847982 ], [ 5.4365616, 49.1856363 ], [ 5.4386793, 49.1865172 ], [ 5.4413656, 49.1878165 ], [ 5.4418552, 49.1879837 ], [ 5.4435761, 49.1880739 ], [ 5.445162, 49.1884123 ], [ 5.4461489, 49.1876043 ], [ 5.4462589, 49.186708 ], [ 5.4451293, 49.1855994 ], [ 5.4407672, 49.1839168 ], [ 5.4373373, 49.1817133 ], [ 5.4355294, 49.1800319 ], [ 5.4348527, 49.177868 ], [ 5.4348663, 49.1766714 ], [ 5.4354725, 49.1760547 ], [ 5.4370475, 49.1748895 ], [ 5.4385634, 49.1739548 ], [ 5.4405855, 49.1752055 ], [ 5.4407387, 49.1751079 ], [ 5.4403644, 49.1746181 ], [ 5.4403098, 49.1743917 ], [ 5.4438222, 49.1755599 ], [ 5.4482668, 49.1772326 ], [ 5.4522296, 49.1784013 ], [ 5.453334, 49.1795293 ], [ 5.4534989, 49.1801699 ], [ 5.4537066, 49.1803834 ], [ 5.4547611, 49.1812955 ], [ 5.4556892, 49.1819152 ], [ 5.4584655, 49.1845552 ], [ 5.4605985, 49.1852321 ], [ 5.4625788, 49.1865615 ], [ 5.4636189, 49.1871087 ], [ 5.4646267, 49.1873211 ], [ 5.4678635, 49.1873717 ], [ 5.4700043, 49.1867684 ], [ 5.4707804, 49.1873605 ], [ 5.4747688, 49.1868567 ], [ 5.4780747, 49.1867447 ], [ 5.4801925, 49.1869251 ], [ 5.4816121, 49.1871675 ], [ 5.4822065, 49.187345 ], [ 5.4825693, 49.1876415 ], [ 5.4828526, 49.1880827 ], [ 5.4816847, 49.1883389 ], [ 5.4801552, 49.188293 ], [ 5.4780606, 49.1886276 ], [ 5.4709773, 49.1894441 ], [ 5.4703653, 49.189445 ], [ 5.4689622, 49.1896051 ], [ 5.4665216, 49.1895921 ], [ 5.4645583, 49.1898608 ], [ 5.4630825, 49.1908004 ], [ 5.4603289, 49.1907298 ], [ 5.4626209, 49.1917417 ], [ 5.4623757, 49.1922423 ], [ 5.4628689, 49.1924544 ], [ 5.463176, 49.1934852 ], [ 5.4630454, 49.1949792 ], [ 5.4632391, 49.197174399999987 ], [ 5.4635119, 49.1982913 ], [ 5.463755, 49.198496 ], [ 5.4647099, 49.1985754 ], [ 5.4661969, 49.1982121 ], [ 5.4683691, 49.1991193 ], [ 5.4687248, 49.1989231 ], [ 5.469363, 49.1994407 ], [ 5.4686735, 49.1999486 ], [ 5.4686313, 49.2000979 ], [ 5.4688118, 49.2001707 ], [ 5.4749307, 49.2011712 ], [ 5.4761922, 49.2016319 ], [ 5.4767857, 49.2017573 ], [ 5.4781421, 49.2023905 ], [ 5.4799226, 49.2025653 ], [ 5.4806786, 49.2025884 ], [ 5.4808881, 49.2024914 ], [ 5.4843575, 49.2039616 ], [ 5.4849129, 49.204122 ], [ 5.4855219, 49.2041984 ], [ 5.4851572, 49.2045775 ], [ 5.4879392, 49.2063657 ], [ 5.4885724, 49.2057455 ], [ 5.4893146, 49.2061349 ], [ 5.4882528, 49.2075484 ], [ 5.4887911, 49.2077504 ], [ 5.4899055, 49.2063188 ], [ 5.4902673, 49.2064202 ], [ 5.4893918, 49.2077677 ], [ 5.4897467, 49.2078962 ], [ 5.4909586, 49.206494 ], [ 5.4913306, 49.2065214 ], [ 5.489106, 49.2097875 ], [ 5.4880841, 49.2110031 ], [ 5.4870879, 49.2118134 ], [ 5.4865681, 49.2120256 ], [ 5.4830121, 49.2153963 ], [ 5.4816784, 49.2160157 ], [ 5.4794815, 49.2176466 ], [ 5.4786782, 49.2187353 ], [ 5.4786346, 49.2192579 ], [ 5.4790284, 49.2200539 ], [ 5.4837675, 49.2212335 ], [ 5.4834528, 49.2217995 ], [ 5.4790632, 49.2206081 ], [ 5.4789179, 49.221444 ], [ 5.4806336, 49.222141699999987 ], [ 5.480039, 49.2228016 ], [ 5.4804835, 49.2230794 ], [ 5.4879254, 49.2263412 ], [ 5.4865, 49.2283979 ], [ 5.4882974, 49.229048 ], [ 5.4887198, 49.2294629 ], [ 5.4885503, 49.2300511 ], [ 5.4917929, 49.2309618 ], [ 5.4942534, 49.2317735 ], [ 5.4948916, 49.2319051 ], [ 5.4955436, 49.2319267 ], [ 5.497627, 49.2335439 ], [ 5.4969141, 49.2351624 ], [ 5.4972206, 49.2351956 ], [ 5.4990628, 49.2357402 ], [ 5.5004238, 49.2362202 ], [ 5.5013552, 49.2364212 ], [ 5.5017576, 49.2364183 ], [ 5.5037606, 49.2361141 ], [ 5.5040982, 49.2373843 ], [ 5.5043041, 49.2377775 ], [ 5.5082786, 49.2377903 ], [ 5.5081321, 49.2379687 ], [ 5.5084424, 49.240344 ], [ 5.508628, 49.2406873 ], [ 5.5071014, 49.2407074 ], [ 5.5052662, 49.2408489 ], [ 5.5025667, 49.2418665 ], [ 5.5014212, 49.2422114 ], [ 5.4985209, 49.2423183 ], [ 5.4969687, 49.2445685 ], [ 5.4956003, 49.2456455 ], [ 5.4921128, 49.2442075 ], [ 5.4876631, 49.2430933 ], [ 5.4843971, 49.2428818 ], [ 5.4829633, 49.2442047 ], [ 5.4814706, 49.2451906 ], [ 5.4805804, 49.2449904 ], [ 5.4799076, 49.244711 ], [ 5.4795215, 49.245282 ], [ 5.4779355, 49.2451545 ], [ 5.4776459, 49.2453044 ], [ 5.4744153, 49.2443409 ], [ 5.4714537, 49.2439726 ], [ 5.4713102, 49.2443344 ], [ 5.4687793, 49.2440085 ], [ 5.4688534, 49.243461 ], [ 5.4654898, 49.2434174 ], [ 5.4658642, 49.2427415 ], [ 5.4647651, 49.2427406 ], [ 5.4648247, 49.2422042 ], [ 5.463454, 49.2419498 ], [ 5.4639596, 49.2411165 ], [ 5.4627845, 49.2408437 ], [ 5.4624578, 49.2411958 ], [ 5.4609822, 49.2409291 ], [ 5.4606319, 49.2405828 ], [ 5.4591204, 49.2410075 ], [ 5.4591561, 49.2413819 ], [ 5.4583983, 49.2413622 ], [ 5.4583647, 49.2403097 ], [ 5.4579218, 49.2395749 ], [ 5.4573215, 49.2389405 ], [ 5.4562644, 49.2385474 ], [ 5.4559918, 49.2386492 ], [ 5.4555019, 49.2384298 ], [ 5.4544056, 49.2381067 ], [ 5.4530983, 49.2379418 ], [ 5.4519994, 49.2379704 ], [ 5.4500731, 49.2385097 ], [ 5.4479109, 49.2386228 ], [ 5.4447464, 49.2371185 ], [ 5.4435028, 49.236613899999988 ], [ 5.4412249, 49.2358461 ], [ 5.4395838, 49.2355034 ], [ 5.4386242, 49.2354553 ], [ 5.4373132, 49.2355007 ], [ 5.4361291, 49.2357297 ], [ 5.4359964, 49.2357999 ], [ 5.4356611, 49.2366125 ], [ 5.4290121, 49.2361243 ], [ 5.4268175, 49.2358087 ], [ 5.426349, 49.2363029 ], [ 5.4257081, 49.2360514 ], [ 5.4260498, 49.2356641 ], [ 5.4252927, 49.2354526 ], [ 5.4237122, 49.234818 ], [ 5.4226088, 49.2342798 ], [ 5.4223271, 49.2342486 ], [ 5.4220408, 49.2343812 ], [ 5.4230005, 49.2356624 ], [ 5.4257109, 49.2382765 ], [ 5.4264645, 49.238354 ], [ 5.4262332, 49.2394838 ], [ 5.4262108, 49.2418443 ], [ 5.4259984, 49.2421193 ], [ 5.4259501, 49.2424072 ], [ 5.4247358, 49.2441072 ], [ 5.4255953, 49.244974 ], [ 5.4271274, 49.246005399999987 ], [ 5.4274436, 49.2464209 ], [ 5.4274572, 49.2468856 ], [ 5.4263764, 49.2480343 ], [ 5.4258106, 49.2496196 ], [ 5.4255113, 49.2500637 ], [ 5.4298866, 49.2507518 ], [ 5.4305411, 49.2527793 ], [ 5.4308228, 49.2541228 ], [ 5.4315775, 49.259736 ], [ 5.4315769, 49.2605994 ], [ 5.4311372, 49.2615644 ], [ 5.4292263, 49.2632739 ], [ 5.4290935, 49.2636058 ], [ 5.4291615, 49.2642322 ], [ 5.4287556, 49.2652459 ], [ 5.4277864, 49.2663222 ], [ 5.4267832, 49.2679325 ], [ 5.4249293, 49.2696624 ], [ 5.4238928, 49.2702148 ], [ 5.4226666, 49.2710605 ], [ 5.4213828, 49.2716161 ], [ 5.419722, 49.2721638 ], [ 5.4194808, 49.2723845 ], [ 5.4199023, 49.2725802 ], [ 5.4206417, 49.272783 ], [ 5.4233573, 49.2728634 ], [ 5.4249768, 49.273134 ], [ 5.4266143, 49.2735516 ], [ 5.4272721, 49.2750305 ], [ 5.427738, 49.2758198 ], [ 5.4265636, 49.2758092 ], [ 5.4258017, 49.2759477 ], [ 5.4245615, 49.2765249 ], [ 5.4233612, 49.2766956 ], [ 5.4212274, 49.2768041 ], [ 5.420628, 49.2770383 ], [ 5.4202784, 49.2774392 ], [ 5.420239, 49.2779464 ], [ 5.4213563, 49.2796121 ], [ 5.420161, 49.2800093 ], [ 5.4199318, 49.2797225 ], [ 5.4193936, 49.2793277 ], [ 5.4165116, 49.2777854 ], [ 5.4125557, 49.2805861 ], [ 5.4104893, 49.2795509 ], [ 5.409187, 49.2786856 ], [ 5.4075953, 49.2773323 ], [ 5.4062047, 49.2759292 ], [ 5.4050004, 49.276455 ], [ 5.40327, 49.2774069 ], [ 5.4020512, 49.2777118 ], [ 5.3994285, 49.2778908 ], [ 5.3986672, 49.27769 ], [ 5.3969412, 49.2774635 ], [ 5.3950024, 49.276948 ], [ 5.3936116, 49.276391 ], [ 5.3923775, 49.2755962 ], [ 5.3916131, 49.2752957 ], [ 5.3907186, 49.2751551 ], [ 5.3898299, 49.2752267 ], [ 5.3891907, 49.2754345 ], [ 5.3887114, 49.2758604 ], [ 5.3883389, 49.2758606 ], [ 5.386207, 49.2750277 ], [ 5.3850934, 49.2744291 ], [ 5.3850552, 49.2752672 ], [ 5.3847029, 49.2773121 ], [ 5.3849523, 49.2788748 ], [ 5.384583, 49.2798075 ], [ 5.3838118, 49.280223 ], [ 5.3815755, 49.2810649 ], [ 5.3798897, 49.2818923 ], [ 5.3789098, 49.2827624 ], [ 5.378752, 49.2830083 ], [ 5.3785666, 49.2830731 ], [ 5.3778129, 49.283961299999987 ], [ 5.3761275, 49.2853363 ], [ 5.3757792, 49.2859538 ], [ 5.3753711, 49.2858404 ], [ 5.373127, 49.2863702 ], [ 5.3728216, 49.2860966 ], [ 5.3717081, 49.2862488 ], [ 5.3700096, 49.2867751 ], [ 5.3703251, 49.2872401 ], [ 5.3694384, 49.2876613 ], [ 5.3684861, 49.2889895 ], [ 5.3677973, 49.2889616 ], [ 5.3676806, 49.2893246 ], [ 5.3667968, 49.2894813 ], [ 5.3667358, 49.2896183 ], [ 5.3671086, 49.2901029 ], [ 5.3682779, 49.2924848 ], [ 5.3682976, 49.2937229 ], [ 5.3678553, 49.2955329 ], [ 5.3669852, 49.2968585 ], [ 5.3657046, 49.2984728 ], [ 5.3628258, 49.3003224 ], [ 5.3613625, 49.301372699999988 ], [ 5.3604865, 49.3014339 ], [ 5.3589846, 49.3008571 ], [ 5.3585764, 49.301134 ], [ 5.3572529, 49.3008523 ], [ 5.3552009, 49.3000946 ], [ 5.3530219, 49.2998071 ], [ 5.3511979, 49.2991321 ], [ 5.3505062, 49.2985889 ], [ 5.3501814, 49.2981303 ], [ 5.350063, 49.2972216 ], [ 5.350111, 49.2960713 ], [ 5.3498407, 49.2962339 ], [ 5.3495578, 49.2971792 ], [ 5.3495307, 49.2981546 ], [ 5.3498266, 49.2986741 ], [ 5.3503253, 49.2991455 ], [ 5.3523103, 49.3000664 ], [ 5.3548415, 49.3021953 ], [ 5.3536686, 49.3042794 ], [ 5.353039, 49.3050696 ], [ 5.3525585, 49.3054522 ], [ 5.3511951, 49.3061371 ], [ 5.3491217, 49.3066649 ], [ 5.3470748, 49.3076849 ], [ 5.3458638, 49.3081554 ], [ 5.3463916, 49.3090544 ], [ 5.3472657, 49.3098873 ], [ 5.3475169, 49.310420199999989 ], [ 5.3472181, 49.3115618 ], [ 5.3473207, 49.3123962 ], [ 5.3453362, 49.3121632 ], [ 5.3440034, 49.3123159 ], [ 5.3435036, 49.3124272 ], [ 5.3431736, 49.3126422 ], [ 5.3427779, 49.3126823 ], [ 5.3406779, 49.3126295 ], [ 5.3390623, 49.3127669 ], [ 5.3385211, 49.3128439 ], [ 5.3373369, 49.3132725 ], [ 5.3362017, 49.3132944 ], [ 5.3349744, 49.3134387 ], [ 5.3354107, 49.3136272 ], [ 5.3338642, 49.3138621 ], [ 5.3337126, 49.31492 ], [ 5.3329537, 49.3155686 ], [ 5.3328046, 49.3158 ], [ 5.3355637, 49.3165515 ], [ 5.3352899, 49.3171881 ], [ 5.3343257, 49.3180134 ], [ 5.3330001, 49.3187243 ], [ 5.3318275, 49.3189259 ], [ 5.326444, 49.3195271 ], [ 5.325759, 49.3178505 ], [ 5.325978, 49.3157194 ], [ 5.3256817, 49.3144247 ], [ 5.3251692, 49.3134912 ], [ 5.3241349, 49.31328 ], [ 5.3225874, 49.3132486 ], [ 5.3206892, 49.3130045 ], [ 5.3187846, 49.3125888 ], [ 5.3145755, 49.3110841 ], [ 5.3132805, 49.3102401 ], [ 5.3126862, 49.3096859 ], [ 5.3117908, 49.3093487 ], [ 5.311434, 49.3095201 ], [ 5.308115, 49.3080098 ], [ 5.3072072, 49.3077628 ], [ 5.3051346, 49.3068734 ], [ 5.3023757, 49.3060096 ], [ 5.298395, 49.3051025 ], [ 5.290658, 49.3046479 ], [ 5.288963, 49.3043231 ], [ 5.2861604, 49.3030236 ], [ 5.2860898, 49.3028909 ], [ 5.2845589, 49.3023246 ], [ 5.2826182, 49.3013235 ], [ 5.281512, 49.300937 ], [ 5.2813944, 49.3010454 ], [ 5.2732892, 49.2976757 ], [ 5.2727344, 49.2974127 ], [ 5.2738588, 49.2965597 ], [ 5.2731764, 49.296051 ], [ 5.2735318, 49.2955353 ], [ 5.273289, 49.2941756 ], [ 5.2731828, 49.2925426 ], [ 5.2714678, 49.2931262 ], [ 5.2707784, 49.2936455 ], [ 5.270416, 49.2942234 ], [ 5.2684813, 49.2937831 ], [ 5.2655764, 49.2927909 ], [ 5.2653467, 49.2930398 ], [ 5.2646258, 49.292717 ], [ 5.2629281, 49.2922533 ], [ 5.2598103, 49.2911993 ], [ 5.2585858, 49.2919983 ], [ 5.2582759, 49.2923314 ], [ 5.2566206, 49.29334 ], [ 5.2564328, 49.2935746 ], [ 5.2558624, 49.2936743 ], [ 5.2541944, 49.2945211 ], [ 5.2505229, 49.2956175 ], [ 5.2482323, 49.2964444 ], [ 5.2470545, 49.2964906 ], [ 5.2455387, 49.2971429 ], [ 5.2436674, 49.2946768 ], [ 5.2425801, 49.2953184 ], [ 5.2392205, 49.2967981 ], [ 5.2391004, 49.2968192 ], [ 5.238912, 49.2966914 ], [ 5.2381607, 49.297155 ], [ 5.2373954, 49.2967888 ], [ 5.2337236, 49.2984953 ], [ 5.2321567, 49.2972716 ], [ 5.222295, 49.2935704 ], [ 5.2205195, 49.2927298 ], [ 5.2195071, 49.293806 ], [ 5.2184472, 49.2945162 ], [ 5.2175859, 49.2947901 ], [ 5.2164095, 49.2949655 ], [ 5.2136317, 49.2950524 ], [ 5.2078882, 49.2940218 ], [ 5.2046283, 49.2931228 ], [ 5.2042528, 49.2927978 ], [ 5.2037362, 49.2925159 ], [ 5.2030154, 49.2922835 ], [ 5.2026688, 49.2920533 ], [ 5.2030389, 49.291641 ], [ 5.202521, 49.2915551 ], [ 5.2025962, 49.2912875 ], [ 5.202342, 49.2910008 ], [ 5.2019267, 49.2908375 ], [ 5.2011535, 49.2903399 ], [ 5.2021826, 49.2897762 ], [ 5.2028003, 49.2892379 ], [ 5.2037231, 49.2868946 ], [ 5.2026128, 49.2866793 ], [ 5.2021572, 49.2874097 ], [ 5.2008641, 49.2872921 ], [ 5.2030067, 49.2847638 ], [ 5.2023451, 49.2845618 ], [ 5.2029074, 49.2840479 ], [ 5.1998737, 49.2825043 ], [ 5.2010649, 49.2807793 ], [ 5.2007393, 49.2806863 ], [ 5.2014908, 49.2796789 ], [ 5.2020676, 49.2791495 ], [ 5.2026706, 49.2787851 ], [ 5.2047452, 49.276475499999989 ], [ 5.2035098, 49.2759999 ], [ 5.2041108, 49.2752982 ], [ 5.2043405, 49.2746897 ], [ 5.2061637, 49.2724872 ], [ 5.2055487, 49.2722458 ], [ 5.2072474, 49.2709593 ], [ 5.2067375, 49.2701223 ], [ 5.2075292, 49.2697382 ], [ 5.209994, 49.2691751 ], [ 5.2137768, 49.267811599999987 ], [ 5.2132693, 49.267353299999989 ], [ 5.2129522, 49.267458 ], [ 5.2127528, 49.2673277 ], [ 5.2124338, 49.2675161 ], [ 5.2112048, 49.2662859 ], [ 5.2107687, 49.2665637 ], [ 5.2101436, 49.2658602 ], [ 5.2102602, 49.2648283 ], [ 5.2089578, 49.2650617 ], [ 5.2062104, 49.2624779 ], [ 5.2066761, 49.2623147 ], [ 5.2063426, 49.261872 ], [ 5.2038875, 49.2625599 ], [ 5.2033278, 49.2617446 ], [ 5.2009107, 49.2609676 ], [ 5.2007531, 49.2615596 ], [ 5.1952244, 49.260636 ], [ 5.1971657, 49.2587885 ], [ 5.1960238, 49.2586259 ], [ 5.1931197, 49.2577641 ], [ 5.1928056, 49.2578094 ], [ 5.1896226, 49.2568815 ], [ 5.1889314, 49.2568141 ], [ 5.1899482, 49.2566877 ], [ 5.1916543, 49.2546368 ], [ 5.1893512, 49.2538486 ], [ 5.1871488, 49.2533283 ], [ 5.1873897, 49.2529174 ], [ 5.1893103, 49.2533691 ], [ 5.1896782, 49.2528129 ], [ 5.1910941, 49.2530912 ], [ 5.191966, 49.251426 ], [ 5.1933889, 49.2518713 ], [ 5.1939058, 49.2512962 ], [ 5.1944815, 49.2513955 ], [ 5.1949859, 49.251045499999989 ], [ 5.1962857, 49.2515974 ], [ 5.1965935, 49.2512105 ], [ 5.1951864, 49.2503637 ], [ 5.2003826, 49.245213 ], [ 5.200732, 49.2453208 ], [ 5.201957, 49.2442822 ], [ 5.2020846, 49.2437637 ], [ 5.2049588, 49.2420042 ], [ 5.2045218, 49.2415508 ], [ 5.2053675, 49.2410884 ], [ 5.2067079, 49.2401843 ], [ 5.2081052, 49.2409969 ], [ 5.2102708, 49.2398295 ], [ 5.2113227, 49.2386698 ], [ 5.2120029, 49.2377445 ], [ 5.213038, 49.2370591 ], [ 5.2122851, 49.2363156 ], [ 5.2085092, 49.2340592 ], [ 5.2098348, 49.2332623 ], [ 5.21009, 49.2323889 ], [ 5.2098904, 49.2317027 ], [ 5.2091873, 49.2304188 ], [ 5.2108405, 49.2303165 ], [ 5.2099658, 49.2296131 ], [ 5.2098565, 49.2291429 ], [ 5.2106495, 49.2277452 ], [ 5.212985, 49.2276744 ], [ 5.2135143, 49.2291963 ], [ 5.2141549, 49.2297871 ], [ 5.2146703, 49.2296068 ], [ 5.2151556, 49.2302904 ], [ 5.2179116, 49.2294878 ], [ 5.2204627, 49.2304364 ], [ 5.2212442, 49.2297376 ], [ 5.2238242, 49.2306856 ], [ 5.2240046, 49.230506 ], [ 5.2249566, 49.2307682 ], [ 5.2244196, 49.2329374 ], [ 5.2261857, 49.2331611 ], [ 5.2269109, 49.2314732 ], [ 5.2274684, 49.2314718 ], [ 5.2275937, 49.2303004 ], [ 5.2279112, 49.2296991 ], [ 5.2286556, 49.2290324 ], [ 5.229754, 49.2282656 ], [ 5.2311605, 49.2266487 ], [ 5.2323137, 49.2256245 ], [ 5.2325521, 49.225103 ], [ 5.2328169, 49.2238911 ], [ 5.233278, 49.2233124 ], [ 5.2341937, 49.2225768 ], [ 5.2348868, 49.2222213 ], [ 5.235249, 49.2221193 ], [ 5.236324, 49.2214823 ], [ 5.2385179, 49.2196366 ], [ 5.2404157, 49.2173304 ], [ 5.2405374, 49.2170017 ], [ 5.2401282, 49.2149092 ], [ 5.2395726, 49.2138718 ], [ 5.2394557, 49.2133604 ], [ 5.2395745, 49.2131882 ], [ 5.2417794, 49.2114492 ], [ 5.242506, 49.2096855 ], [ 5.2413345, 49.2095139 ], [ 5.2414612, 49.2089854 ], [ 5.2404686, 49.208823099999989 ], [ 5.2420328, 49.2063063 ], [ 5.2400345, 49.205266 ], [ 5.2397133, 49.2052648 ], [ 5.2384623, 49.206174 ], [ 5.2369958, 49.2058109 ], [ 5.2354904, 49.2056311 ], [ 5.2353106, 49.2058529 ], [ 5.2344073, 49.2057861 ], [ 5.2337726, 49.2066324 ], [ 5.2331262, 49.206318 ], [ 5.2323757, 49.206071 ], [ 5.2301174, 49.2056182 ], [ 5.2280104, 49.2054584 ], [ 5.2273189, 49.2053048 ], [ 5.2268198, 49.2050622 ], [ 5.2237045, 49.2029028 ], [ 5.2227367, 49.2028352 ], [ 5.2219032, 49.2026365 ], [ 5.2210105, 49.2026233 ], [ 5.2195319, 49.20287 ], [ 5.2163308, 49.2020305 ], [ 5.2152195, 49.2012721 ], [ 5.2152601, 49.2011931 ], [ 5.2150997, 49.2010386 ], [ 5.2120199, 49.198728 ], [ 5.2081139, 49.1959298 ], [ 5.20735, 49.1950084 ], [ 5.207485, 49.194764 ], [ 5.2056803, 49.193475 ], [ 5.2049537, 49.193232 ], [ 5.2036225, 49.1926187 ], [ 5.2015033, 49.1919316 ], [ 5.2001148, 49.1908067 ], [ 5.1990937, 49.1901247 ], [ 5.1958743, 49.1907033 ], [ 5.1949174, 49.1904977 ], [ 5.192293, 49.1901884 ], [ 5.1910419, 49.1899036 ], [ 5.1902614, 49.189523 ], [ 5.188651, 49.1878488 ], [ 5.1877991, 49.1872041 ], [ 5.1870836, 49.1868304 ], [ 5.1866899, 49.186735899999988 ], [ 5.1856522, 49.1866621 ], [ 5.1849444, 49.1864708 ], [ 5.1832422, 49.186615 ], [ 5.1824673, 49.1867532 ], [ 5.1819289, 49.1874887 ], [ 5.1816566, 49.1877032 ], [ 5.1810962, 49.1879166 ], [ 5.1804801, 49.1883397 ], [ 5.1793068, 49.188727 ], [ 5.1780179, 49.1893043 ], [ 5.1767401, 49.1900145 ], [ 5.1759296, 49.1902531 ], [ 5.1714512, 49.1912108 ], [ 5.1693901, 49.1921285 ], [ 5.1671144, 49.1921469 ], [ 5.1653774, 49.1923823 ], [ 5.1643863, 49.192276 ], [ 5.1633269, 49.1922762 ], [ 5.1606769, 49.1928292 ], [ 5.1599925, 49.192870199999987 ], [ 5.1594056, 49.192848399999988 ], [ 5.1577849, 49.1924853 ], [ 5.1565875, 49.1924312 ], [ 5.1556774, 49.1922595 ], [ 5.1554166, 49.1920933 ], [ 5.1552162, 49.1917965 ], [ 5.1547139, 49.1901129 ], [ 5.1550419, 49.1893911 ], [ 5.1559879, 49.1882176 ], [ 5.1553864, 49.1880413 ], [ 5.1537898, 49.1877902 ], [ 5.1536591, 49.1874858 ], [ 5.1536901, 49.1867469 ], [ 5.1535646, 49.1865351 ], [ 5.1525925, 49.186221499999988 ], [ 5.1514344, 49.1856585 ], [ 5.1513164, 49.1847351 ], [ 5.151375, 49.1843941 ], [ 5.1517102, 49.1838431 ], [ 5.1518847, 49.1831583 ], [ 5.1516573, 49.1818142 ], [ 5.1518815, 49.1813317 ], [ 5.1521222, 49.1813139 ], [ 5.1528365, 49.180873 ], [ 5.154026, 49.1804138 ], [ 5.1561462, 49.1798344 ], [ 5.1574502, 49.1791923 ], [ 5.1593839, 49.178421 ], [ 5.1595804, 49.1782313 ], [ 5.1601642, 49.17838 ], [ 5.1607484, 49.1788354 ], [ 5.1613805, 49.1788268 ], [ 5.1618738, 49.1789124 ], [ 5.162848, 49.1795055 ], [ 5.1641921, 49.1799572 ], [ 5.1650105, 49.1799757 ], [ 5.1651696, 49.179843399999989 ], [ 5.1659788, 49.1801967 ], [ 5.1665005, 49.1798131 ], [ 5.1668241, 49.1798082 ], [ 5.1678119, 49.1803984 ], [ 5.1685794, 49.1806094 ], [ 5.1699846, 49.1807154 ], [ 5.1714434, 49.1805947 ], [ 5.1720585, 49.1806735 ], [ 5.1738477, 49.1811665 ], [ 5.1748697, 49.1818496 ], [ 5.1762185, 49.18205 ], [ 5.1771746, 49.1822747 ], [ 5.177319, 49.1821507 ], [ 5.1773881, 49.181838199999987 ], [ 5.177322, 49.1811145 ], [ 5.1774933, 49.1807193 ], [ 5.1781292, 49.1799532 ], [ 5.1787352, 49.1785086 ], [ 5.1800159, 49.1773531 ], [ 5.1832143, 49.175321 ], [ 5.1851428, 49.1732669 ], [ 5.1858394, 49.1729044 ], [ 5.1867236, 49.1727597 ], [ 5.1877871, 49.1724445 ], [ 5.18832, 49.171942799999989 ], [ 5.1886216, 49.1715164 ], [ 5.1886494, 49.1709412 ], [ 5.1874307, 49.1694002 ], [ 5.1841932, 49.1677987 ], [ 5.1835759, 49.1665264 ], [ 5.1832742, 49.1664312 ], [ 5.1835359, 49.1658068 ], [ 5.1838733, 49.165806 ], [ 5.1857895, 49.1652253 ], [ 5.1868309, 49.1650742 ], [ 5.1889147, 49.1650183 ], [ 5.1909918, 49.1643851 ], [ 5.1939074, 49.1631808 ], [ 5.1957096, 49.1623106 ], [ 5.1973724, 49.1613548 ], [ 5.1977258, 49.1612808 ], [ 5.1994889, 49.1613629 ], [ 5.2010527, 49.161113 ], [ 5.2032255, 49.1615761 ], [ 5.2039909, 49.1615782 ], [ 5.2046929, 49.1617039 ], [ 5.205288, 49.1616696 ], [ 5.2057512, 49.1617564 ], [ 5.2058681, 49.1615393 ], [ 5.2068625, 49.1618314 ], [ 5.2077027, 49.1619158 ], [ 5.2104574, 49.161582 ], [ 5.2118768, 49.1615478 ], [ 5.2127366, 49.1614187 ], [ 5.2128264, 49.1605032 ], [ 5.2127143, 49.1600934 ], [ 5.2123098, 49.1594865 ], [ 5.2123487, 49.1591764 ], [ 5.2129082, 49.1581488 ], [ 5.2133477, 49.1577801 ], [ 5.2148657, 49.1580679 ], [ 5.2156384, 49.1580492 ], [ 5.2166313, 49.1581793 ], [ 5.2174485, 49.158175 ], [ 5.2176306, 49.158008 ], [ 5.2175742, 49.1578111 ], [ 5.2171679, 49.157323899999987 ], [ 5.2167811, 49.1570972 ], [ 5.2172672, 49.1568238 ], [ 5.2158072, 49.156321 ], [ 5.2159841, 49.155488399999989 ], [ 5.2161447, 49.155141 ], [ 5.2164509, 49.1548925 ], [ 5.2165337, 49.1545528 ], [ 5.2178779, 49.1546585 ], [ 5.2189056, 49.1546395 ], [ 5.2208716, 49.1548218 ], [ 5.2208754, 49.1551662 ], [ 5.2231775, 49.1555114 ], [ 5.2236243, 49.1535577 ], [ 5.2238438, 49.1530185 ], [ 5.2260576, 49.1530648 ], [ 5.2322776, 49.1509672 ], [ 5.2327103, 49.1507316 ], [ 5.2327238, 49.1502169 ], [ 5.2333189, 49.1499325 ], [ 5.2332638, 49.149670799999988 ], [ 5.234499, 49.1491271 ], [ 5.2358636, 49.1487519 ], [ 5.2366093, 49.1484637 ], [ 5.2365822, 49.1481539 ], [ 5.2363203, 49.148121 ], [ 5.2362289, 49.1468608 ], [ 5.2362785, 49.1463265 ], [ 5.23672, 49.1454063 ], [ 5.2364015, 49.1447313 ], [ 5.2380525, 49.1439127 ], [ 5.2386767, 49.1438265 ], [ 5.2387183, 49.1436152 ], [ 5.2395609, 49.1424294 ], [ 5.2399605, 49.1420334 ], [ 5.2411826, 49.1409376 ], [ 5.2415397, 49.1410155 ], [ 5.2428274, 49.1398231 ], [ 5.2422456, 49.1397152 ], [ 5.2430795, 49.1384252 ], [ 5.2425628, 49.137288 ], [ 5.2434163, 49.1354094 ], [ 5.2439512, 49.1354794 ], [ 5.2454253, 49.1324873 ], [ 5.2449485, 49.1323334 ], [ 5.2462473, 49.1302971 ], [ 5.245199, 49.1300496 ], [ 5.2451996, 49.1294316 ], [ 5.2449398, 49.1292872 ], [ 5.2423639, 49.1281039 ], [ 5.2378186, 49.1261881 ], [ 5.2326587, 49.12581 ], [ 5.2297713, 49.1252429 ], [ 5.2261923, 49.1237604 ], [ 5.2253343, 49.1235343 ], [ 5.2248304, 49.1235778 ], [ 5.2235035, 49.1239522 ], [ 5.2215653, 49.1237848 ], [ 5.219285, 49.1237882 ], [ 5.2191976, 49.1236998 ], [ 5.2165064, 49.1237081 ], [ 5.2164566, 49.1238259 ], [ 5.2148118, 49.1238185 ], [ 5.2142987, 49.1238054 ], [ 5.2137515, 49.1236689 ], [ 5.2134372, 49.1240111 ], [ 5.2096458, 49.123479 ], [ 5.2078742, 49.1230385 ], [ 5.2054367, 49.1231147 ], [ 5.2050756, 49.1230655 ], [ 5.2025944, 49.1223078 ], [ 5.2022998, 49.122597399999989 ], [ 5.1971323, 49.1197291 ], [ 5.194571, 49.1180436 ], [ 5.1932811, 49.1174168 ], [ 5.1941787, 49.1155431 ], [ 5.1965206, 49.113025 ], [ 5.1960438, 49.1125076 ], [ 5.197217, 49.1104489 ], [ 5.1981424, 49.110754 ], [ 5.1988461, 49.1112583 ], [ 5.1995824, 49.1116586 ], [ 5.2034237, 49.1134834 ], [ 5.2042092, 49.1140707 ], [ 5.204477, 49.1144391 ], [ 5.2073724, 49.1144121 ], [ 5.2081594, 49.1148096 ], [ 5.2095923, 49.1153472 ], [ 5.2111389, 49.1158216 ], [ 5.2110942, 49.1154806 ], [ 5.2128473, 49.1159421 ], [ 5.2131925, 49.115361899999989 ], [ 5.214379, 49.1149758 ], [ 5.2148868, 49.1145779 ], [ 5.2153505, 49.1140468 ], [ 5.2158631, 49.1141453 ], [ 5.2164462, 49.1129454 ], [ 5.2168272, 49.1129483 ], [ 5.2170612, 49.1132624 ], [ 5.2173917, 49.1134281 ], [ 5.2183146, 49.1134147 ], [ 5.2184654, 49.1138634 ], [ 5.2189137, 49.1137751 ], [ 5.2188659, 49.1120167 ], [ 5.2191947, 49.1112487 ], [ 5.2216932, 49.1078152 ], [ 5.2226022, 49.1081195 ], [ 5.2231621, 49.1080759 ], [ 5.2236882, 49.1078215 ], [ 5.2237226, 49.1068036 ], [ 5.2243552, 49.105198 ], [ 5.2248203, 49.1042558 ], [ 5.2251056, 49.1044556 ], [ 5.225137, 49.103432299999987 ], [ 5.2255623, 49.1031933 ], [ 5.227418, 49.1029556 ], [ 5.2274754, 49.1027621 ], [ 5.2315569, 49.1026792 ], [ 5.2316465, 49.1014192 ], [ 5.2331829, 49.101056 ], [ 5.233982, 49.1009719 ], [ 5.2350993, 49.1013101 ], [ 5.2365182, 49.1016201 ], [ 5.2382076, 49.1014078 ], [ 5.2403811, 49.101585 ], [ 5.241119, 49.1001492 ], [ 5.2447906, 49.1008866 ], [ 5.2489127, 49.1012692 ], [ 5.2493542, 49.1006475 ], [ 5.2532988, 49.1010441 ], [ 5.2534002, 49.1007615 ], [ 5.2548403, 49.1008955 ], [ 5.2550804, 49.1007795 ], [ 5.2553173, 49.1001787 ], [ 5.2565003, 49.10026 ], [ 5.2565337, 49.099707 ], [ 5.2589122, 49.0999043 ], [ 5.2592258, 49.0992751 ], [ 5.2606759, 49.0974723 ], [ 5.2618738, 49.0955725 ], [ 5.2624786, 49.0948361 ], [ 5.2632596, 49.0941207 ], [ 5.2674369, 49.0950233 ], [ 5.2681321, 49.0948213 ], [ 5.2706983, 49.0937448 ], [ 5.2710605, 49.0936633 ], [ 5.2714029, 49.0940706 ], [ 5.2727601, 49.0950352 ], [ 5.2732651, 49.0954943 ], [ 5.2741073, 49.0951771 ], [ 5.2747503, 49.0958467 ], [ 5.2760971, 49.0951997 ], [ 5.2761709, 49.0953827 ], [ 5.2766299, 49.0956978 ], [ 5.2770453, 49.0957988 ], [ 5.277735, 49.0961275 ], [ 5.2789147, 49.0964461 ], [ 5.2891573, 49.0974919 ], [ 5.2897723, 49.0969009 ], [ 5.2909456, 49.0970413 ], [ 5.2912486, 49.0968943 ], [ 5.2928071, 49.0970733 ], [ 5.2934244, 49.0963491 ], [ 5.2945853, 49.09621 ], [ 5.2960727, 49.0952489 ], [ 5.2976882, 49.0945811 ], [ 5.2980372, 49.0954398 ], [ 5.2980002, 49.0956573 ], [ 5.2981183, 49.0959114 ], [ 5.2980833, 49.0966667 ], [ 5.2978935, 49.0969573 ], [ 5.3019714, 49.0988087 ], [ 5.3038184, 49.0999912 ], [ 5.3066985, 49.1023763 ], [ 5.308507, 49.1051481 ], [ 5.3089113, 49.1056125 ], [ 5.3091505, 49.1069851 ], [ 5.3100463, 49.1082703 ], [ 5.3108918, 49.1092579 ], [ 5.3117185, 49.1100363 ], [ 5.3120431, 49.1108944 ], [ 5.3123585, 49.1109927 ], [ 5.3127816, 49.1115693 ], [ 5.3123217, 49.111856 ], [ 5.3127988, 49.1128138 ], [ 5.3132796, 49.114161 ], [ 5.313448, 49.1143116 ], [ 5.3141262, 49.1144937 ], [ 5.3138975, 49.1153256 ], [ 5.3132355, 49.116398 ], [ 5.3132916, 49.1177461 ], [ 5.3151889, 49.1172095 ], [ 5.316758, 49.1179169 ], [ 5.3177212, 49.1185252 ], [ 5.3199116, 49.119029 ], [ 5.3205058, 49.1189852 ], [ 5.3220026, 49.1179542 ], [ 5.3227238, 49.1176255 ], [ 5.3237379, 49.1167109 ], [ 5.3256633, 49.1161025 ], [ 5.3264992, 49.1162554 ], [ 5.3271174, 49.1161688 ], [ 5.327387, 49.1159783 ], [ 5.3275748, 49.1151858 ], [ 5.3277754, 49.1148932 ], [ 5.3302029, 49.1136903 ], [ 5.330883, 49.1135171 ], [ 5.3320483, 49.113561 ], [ 5.332644, 49.1134325 ], [ 5.3335245, 49.1134802 ], [ 5.3340794, 49.1133273 ], [ 5.3348469, 49.1132396 ], [ 5.3353939, 49.1129717 ], [ 5.336362, 49.1127154 ], [ 5.3402052, 49.1174431 ], [ 5.3402873, 49.1176826 ], [ 5.3382221, 49.1180448 ], [ 5.3370415, 49.1183322 ], [ 5.3370533, 49.1185334 ], [ 5.3377932, 49.1183499 ], [ 5.3392699, 49.1182151 ], [ 5.3401727, 49.1182398 ], [ 5.3409235, 49.118448199999989 ], [ 5.3420721, 49.1191518 ], [ 5.3424588, 49.1194905 ], [ 5.3433187, 49.1198372 ], [ 5.3444656, 49.1204409 ], [ 5.3469808, 49.1218733 ], [ 5.347605, 49.1222794 ], [ 5.3500639, 49.1242201 ], [ 5.3514373, 49.1254301 ], [ 5.3515743, 49.1286305 ], [ 5.3517756, 49.1297419 ], [ 5.3521278, 49.1307973 ], [ 5.3526625, 49.1315245 ], [ 5.3535197, 49.1320483 ], [ 5.3542163, 49.1320239 ], [ 5.3552771, 49.1319302 ], [ 5.3561387, 49.1316453 ], [ 5.3583345, 49.1313127 ], [ 5.35842, 49.1323472 ], [ 5.3569069, 49.1325639 ], [ 5.3573004, 49.134282299999988 ], [ 5.3624958, 49.1338035 ], [ 5.3653785, 49.1347624 ], [ 5.3657982, 49.1346156 ], [ 5.3667123, 49.1360818 ], [ 5.3694245, 49.1380576 ], [ 5.3683714, 49.1419978 ], [ 5.3680466, 49.1437123 ], [ 5.3681495, 49.1463795 ], [ 5.3685072, 49.1476197 ], [ 5.3688516, 49.1482818 ], [ 5.37356, 49.1503547 ], [ 5.3753523, 49.1513747 ], [ 5.375449, 49.1544882 ], [ 5.3751732, 49.1548285 ], [ 5.3738626, 49.1550395 ], [ 5.3718588, 49.1558351 ], [ 5.3707728, 49.1564352 ], [ 5.37005, 49.1571235 ], [ 5.3685721, 49.1562551 ], [ 5.3671375, 49.1561929 ], [ 5.3670672, 49.1563045 ], [ 5.3673185, 49.1572968 ], [ 5.3671674, 49.157651799999989 ], [ 5.3669, 49.1579058 ], [ 5.368041, 49.1598873 ], [ 5.3677706, 49.1608454 ], [ 5.3679309, 49.161435 ], [ 5.3687514, 49.1620539 ], [ 5.36952, 49.1620888 ], [ 5.3704706, 49.162678799999988 ], [ 5.3708404, 49.1628239 ], [ 5.3710377, 49.1631271 ], [ 5.3711723, 49.1634705 ], [ 5.3706923, 49.1637572 ], [ 5.3709743, 49.1637827 ], [ 5.3712024, 49.1637027 ], [ 5.3721748, 49.1673533 ], [ 5.3727865, 49.1672315 ], [ 5.373011, 49.1673108 ], [ 5.3770091, 49.1673335 ], [ 5.3770443, 49.1667257 ], [ 5.3787497, 49.1663772 ], [ 5.3790378, 49.1672431 ], [ 5.3792224, 49.1687829 ], [ 5.3795401, 49.1693388 ], [ 5.3802712, 49.1700529 ], [ 5.3804739, 49.1721042 ], [ 5.3783108, 49.1718996 ], [ 5.3768907, 49.171565099999988 ], [ 5.3758008, 49.1715516 ], [ 5.3753195, 49.1716438 ], [ 5.3746726, 49.1718967 ], [ 5.3741347, 49.1721925 ], [ 5.3728894, 49.1730976 ], [ 5.3745463, 49.174048 ], [ 5.3771242, 49.1746196 ], [ 5.3774322, 49.1747538 ], [ 5.3778371, 49.1750561 ], [ 5.3778931, 49.1752592 ], [ 5.3776621, 49.1757261 ], [ 5.3775182, 49.1758495 ], [ 5.3771467, 49.1759161 ], [ 5.3738651, 49.1761554 ], [ 5.3725601, 49.1764779 ], [ 5.3708224, 49.1764888 ], [ 5.3703082, 49.1762857 ], [ 5.3690709, 49.1751804 ], [ 5.3684894, 49.1748833 ], [ 5.3682493, 49.1742827 ], [ 5.3663352, 49.174457 ], [ 5.3656052, 49.1747232 ], [ 5.3650571, 49.1751576 ], [ 5.3635097, 49.1772316 ], [ 5.3629722, 49.1775686 ], [ 5.3622977, 49.1778508 ], [ 5.3613764, 49.1780155 ], [ 5.3589421, 49.1781567 ], [ 5.3556458, 49.178528 ], [ 5.3530972, 49.1784807 ], [ 5.3522417, 49.1785541 ], [ 5.35165, 49.178696 ], [ 5.3500772, 49.1793204 ], [ 5.3494494, 49.1797248 ], [ 5.3490539, 49.1802308 ], [ 5.3489597, 49.1809971 ], [ 5.3490706, 49.1814753 ], [ 5.3493211, 49.1819147 ], [ 5.3501614, 49.182563 ], [ 5.3514244, 49.1829107 ], [ 5.3519269, 49.183249 ], [ 5.3523753, 49.1836972 ], [ 5.3533263, 49.1851779 ], [ 5.3540669, 49.186617 ], [ 5.3552846, 49.1882265 ], [ 5.3557728, 49.1895158 ], [ 5.35617, 49.1901934 ], [ 5.3566985, 49.190829699999988 ], [ 5.3571019, 49.1909486 ], [ 5.3577446, 49.1908074 ], [ 5.357968, 49.1905908 ], [ 5.3580781, 49.1900265 ], [ 5.3585724, 49.1898513 ], [ 5.358937, 49.189873 ], [ 5.3614578, 49.1909829 ], [ 5.3632856, 49.1919733 ] ] ] ] } },
{ "type": "Feature", "properties": { "code_departement": 55.0, "code_rne": "0550804A", "multisecteur": 0.0 }, "geometry": { "type": "MultiPolygon", "coordinates": [ [ [ [ 5.6232993, 48.8409105 ], [ 5.6223668, 48.8411778 ], [ 5.6222414, 48.8411588 ], [ 5.6224487, 48.8408534 ], [ 5.6229048, 48.8406705 ], [ 5.6232993, 48.8409105 ] ] ], [ [ [ 5.6213467, 48.8422868 ], [ 5.6221722, 48.8422541 ], [ 5.6227055, 48.8419874 ], [ 5.6224575, 48.8418271 ], [ 5.6225969, 48.8416548 ], [ 5.623019, 48.841636 ], [ 5.6233878, 48.8417545 ], [ 5.6231415, 48.8420032 ], [ 5.6230353, 48.8423136 ], [ 5.6232374, 48.8425758 ], [ 5.6229842, 48.8428012 ], [ 5.6228617, 48.8430769 ], [ 5.6223738, 48.8431855 ], [ 5.6220312, 48.8433785 ], [ 5.6220279, 48.8431538 ], [ 5.6221268, 48.8430986 ], [ 5.622058, 48.8429478 ], [ 5.6226587, 48.8429481 ], [ 5.6213467, 48.8422868 ] ] ], [ [ [ 5.7031098, 48.9786068 ], [ 5.7027049, 48.9783743 ], [ 5.7025162, 48.9784878 ], [ 5.7020696, 48.9784472 ], [ 5.7023311, 48.9782952 ], [ 5.7021218, 48.9781378 ], [ 5.7024484, 48.9780962 ], [ 5.7022536, 48.9777957 ], [ 5.7028022, 48.9777273 ], [ 5.7026579, 48.9774309 ], [ 5.7042309, 48.9773317 ], [ 5.7052136, 48.977413 ], [ 5.7061078, 48.9772966 ], [ 5.7048992, 48.9794026 ], [ 5.7040986, 48.979435 ], [ 5.7036036, 48.9791584 ], [ 5.7031098, 48.9786068 ] ] ], [ [ [ 5.7062942, 48.9818315 ], [ 5.7059719, 48.9815958 ], [ 5.7061072, 48.9813702 ], [ 5.7068602, 48.9811446 ], [ 5.707188, 48.9812313 ], [ 5.7071034, 48.9815336 ], [ 5.7073588, 48.9823757 ], [ 5.707817, 48.9832383 ], [ 5.706485, 48.9827014 ], [ 5.7062942, 48.9818315 ] ] ], [ [ [ 5.6994053, 48.9912271 ], [ 5.6999002, 48.9900307 ], [ 5.701012, 48.9881292 ], [ 5.699103, 48.987347 ], [ 5.7014109, 48.9841376 ], [ 5.7014502, 48.9839177 ], [ 5.7017525, 48.9837348 ], [ 5.7026701, 48.9835646 ], [ 5.7030954, 48.9832324 ], [ 5.7029917, 48.9828169 ], [ 5.7030624, 48.9827396 ], [ 5.7029379, 48.982554099999987 ], [ 5.7035106, 48.9821279 ], [ 5.7031517, 48.9819764 ], [ 5.7031378, 48.9818658 ], [ 5.7029503, 48.981735 ], [ 5.7026337, 48.9817218 ], [ 5.7022233, 48.9819426 ], [ 5.7016575, 48.9819829 ], [ 5.7014838, 48.9818315 ], [ 5.7019571, 48.9815583 ], [ 5.702075, 48.9813707 ], [ 5.7026581, 48.9812364 ], [ 5.7027985, 48.981269 ], [ 5.7030067, 48.981145 ], [ 5.7032959, 48.9813112 ], [ 5.7033829, 48.9814924 ], [ 5.7035995, 48.981583 ], [ 5.7036841, 48.9820475 ], [ 5.7040129, 48.9820661 ], [ 5.7044283, 48.9825563 ], [ 5.7048072, 48.9826911 ], [ 5.7046449, 48.9834412 ], [ 5.7057132, 48.9847395 ], [ 5.7074135, 48.985599 ], [ 5.7068836, 48.9864318 ], [ 5.7051252, 48.9885394 ], [ 5.7047004, 48.9920927 ], [ 5.7040765, 48.9923487 ], [ 5.7038298, 48.9921115 ], [ 5.7034503, 48.9922325 ], [ 5.7029077, 48.992160899999988 ], [ 5.7026597, 48.9920296 ], [ 5.7021346, 48.9921154 ], [ 5.7013499, 48.9929892 ], [ 5.7004956, 48.9950398 ], [ 5.7009043, 48.9919784 ], [ 5.7007814, 48.9917982 ], [ 5.7000227, 48.9917357 ], [ 5.7001055, 48.9915639 ], [ 5.6998685, 48.9914166 ], [ 5.6998475, 48.9912929 ], [ 5.6994053, 48.9912271 ] ] ], [ [ [ 5.7832617, 48.9866234 ], [ 5.7875299, 48.9858729 ], [ 5.7946759, 48.9865722 ], [ 5.7940919, 48.9890532 ], [ 5.7881454, 48.9957014 ], [ 5.7784758, 48.9932084 ], [ 5.7616452, 48.9893407 ], [ 5.7624435, 48.9877379 ], [ 5.7832617, 48.9866234 ] ] ], [ [ [ 5.3901579, 48.9707149 ], [ 5.3896983, 48.972517 ], [ 5.3881092, 48.9724929 ], [ 5.3872516, 48.9722968 ], [ 5.3870466, 48.9723252 ], [ 5.3868349, 48.9722403 ], [ 5.3863317, 48.9722026 ], [ 5.3843647, 48.9715643 ], [ 5.3821439, 48.9716805 ], [ 5.3805956, 48.9715592 ], [ 5.3793735, 48.97182 ], [ 5.3779513, 48.9717376 ], [ 5.3759937, 48.971421899999989 ], [ 5.3752496, 48.9709275 ], [ 5.3740537, 48.9704744 ], [ 5.372505, 48.970344 ], [ 5.3718321, 48.9701234 ], [ 5.3696262, 48.9702642 ], [ 5.3680712, 48.9700241 ], [ 5.3667348, 48.9699938 ], [ 5.3651072, 48.9696607 ], [ 5.3613896, 48.9686517 ], [ 5.359937, 48.9678068 ], [ 5.3584729, 48.967401 ], [ 5.3569648, 48.9671995 ], [ 5.3546691, 48.966772299999988 ], [ 5.3529894, 48.9663717 ], [ 5.351527, 48.9656078 ], [ 5.3496821, 48.9642702 ], [ 5.3479075, 48.9631274 ], [ 5.347637, 48.9630661 ], [ 5.347274, 48.9628348 ], [ 5.3462888, 48.9618636 ], [ 5.345325, 48.9616674 ], [ 5.3440293, 48.9612331 ], [ 5.342818, 48.9605775 ], [ 5.3414642, 48.9604591 ], [ 5.3411929, 48.9598653 ], [ 5.34151, 48.9577755 ], [ 5.3414215, 48.9576315 ], [ 5.3415035, 48.957176499999989 ], [ 5.3413091, 48.956986 ], [ 5.3407691, 48.9568256 ], [ 5.341427, 48.9559626 ], [ 5.3411447, 48.9558224 ], [ 5.3422491, 48.9548355 ], [ 5.3413126, 48.9530887 ], [ 5.3410964, 48.952018699999989 ], [ 5.3411107, 48.9516703 ], [ 5.341471, 48.9514195 ], [ 5.3417255, 48.9510969 ], [ 5.3416273, 48.9505833 ], [ 5.3412303, 48.9496231 ], [ 5.3402075, 48.9481731 ], [ 5.3382687, 48.946489 ], [ 5.3378073, 48.945826 ], [ 5.3371506, 48.9434025 ], [ 5.3370537, 48.9419758 ], [ 5.3374009, 48.941951 ], [ 5.3391648, 48.9413912 ], [ 5.338665, 48.9413011 ], [ 5.3374836, 48.9398406 ], [ 5.3352571, 48.9381882 ], [ 5.3344137, 48.9376541 ], [ 5.3310236, 48.9361457 ], [ 5.3306113, 48.936635 ], [ 5.3317826, 48.9369928 ], [ 5.3338386, 48.9380764 ], [ 5.3325614, 48.9384332 ], [ 5.333771, 48.9393984 ], [ 5.3337977, 48.9396291 ], [ 5.3330159, 48.9399187 ], [ 5.3316796, 48.9402083 ], [ 5.3297938, 48.9404564 ], [ 5.3279149, 48.9401888 ], [ 5.3271658, 48.940019 ], [ 5.3266788, 48.9398179 ], [ 5.3263951, 48.9399179 ], [ 5.3254073, 48.9396636 ], [ 5.3249973, 48.9401456 ], [ 5.3235886, 48.9395495 ], [ 5.3231874, 48.939892799999988 ], [ 5.3220427, 48.9391512 ], [ 5.3214851, 48.9394184 ], [ 5.3211247, 48.9394524 ], [ 5.3199312, 48.9382592 ], [ 5.3188598, 48.9374757 ], [ 5.318218, 48.9369258 ], [ 5.3180921, 48.9367051 ], [ 5.316771, 48.9365696 ], [ 5.3168269, 48.9363535 ], [ 5.3171621, 48.9361518 ], [ 5.3170894, 48.936084 ], [ 5.315538, 48.9361122 ], [ 5.3146714, 48.9350799 ], [ 5.314478, 48.9344791 ], [ 5.3142338, 48.9341761 ], [ 5.313056, 48.9338831 ], [ 5.3126861, 48.9337328 ], [ 5.3125292, 48.9335829 ], [ 5.3131735, 48.9320744 ], [ 5.3136605, 48.9312337 ], [ 5.314142, 48.9311002 ], [ 5.3145955, 48.9307361 ], [ 5.3104288, 48.9293033 ], [ 5.3081821, 48.9283957 ], [ 5.3069327, 48.927656 ], [ 5.3072003, 48.9271929 ], [ 5.3059036, 48.9264937 ], [ 5.3055965, 48.9269566 ], [ 5.3051547, 48.9267537 ], [ 5.3042503, 48.9271732 ], [ 5.3032934, 48.9264368 ], [ 5.3026938, 48.926864 ], [ 5.3008251, 48.9275818 ], [ 5.2980571, 48.9278796 ], [ 5.297496, 48.9278193 ], [ 5.296527, 48.9275203 ], [ 5.2959525, 48.9277428 ], [ 5.2956226, 48.927786 ], [ 5.2951656, 48.9272999 ], [ 5.2955433, 48.9270723 ], [ 5.2936996, 48.9255719 ], [ 5.2945724, 48.9251476 ], [ 5.2937827, 48.9246401 ], [ 5.29353, 48.9245747 ], [ 5.2936471, 48.9243827 ], [ 5.2924579, 48.9242867 ], [ 5.2921755, 48.9235787 ], [ 5.2912384, 48.9230406 ], [ 5.2908234, 48.9225124 ], [ 5.29055, 48.9223503 ], [ 5.2899305, 48.9227283 ], [ 5.28863, 48.9214684 ], [ 5.2896045, 48.9211214 ], [ 5.2891939, 48.9207874 ], [ 5.2878838, 48.9200216 ], [ 5.2881847, 48.9197559 ], [ 5.2858181, 48.9185875 ], [ 5.286192, 48.9179002 ], [ 5.2851986, 48.9181252 ], [ 5.2840114, 48.9176071 ], [ 5.2824404, 48.9170496 ], [ 5.2800781, 48.9159421 ], [ 5.280201, 48.9149151 ], [ 5.2811805, 48.9143738 ], [ 5.2812169, 48.9142084 ], [ 5.2807362, 48.9134853 ], [ 5.2804293, 48.9133975 ], [ 5.2800165, 48.9129484 ], [ 5.2798026, 48.9129579 ], [ 5.2798744, 48.9127901 ], [ 5.2794148, 48.9122689 ], [ 5.2799468, 48.9119178 ], [ 5.2799754, 48.9117931 ], [ 5.2792537, 48.9107093 ], [ 5.2799608, 48.9103378 ], [ 5.2809603, 48.9095693 ], [ 5.2806555, 48.9085936 ], [ 5.2790684, 48.9047328 ], [ 5.278329, 48.9049259 ], [ 5.277956, 48.9042304 ], [ 5.2775243, 48.903689799999988 ], [ 5.2772729, 48.9036208 ], [ 5.2767289, 48.9038201 ], [ 5.2755496, 48.9027242 ], [ 5.2754711, 48.9026447 ], [ 5.2758297, 48.9024814 ], [ 5.2755783, 48.9021632 ], [ 5.2742541, 48.9011196 ], [ 5.2743099, 48.9009287 ], [ 5.2750188, 48.9005715 ], [ 5.2741195, 48.8999139 ], [ 5.2733883, 48.9004819 ], [ 5.2726406, 48.9000463 ], [ 5.2735547, 48.8993542 ], [ 5.2729506, 48.8989896 ], [ 5.2723403, 48.8983867 ], [ 5.2722125, 48.898149 ], [ 5.272517, 48.8979336 ], [ 5.2717975, 48.8972365 ], [ 5.2721496, 48.8966765 ], [ 5.2702485, 48.8966676 ], [ 5.2690135, 48.8965713 ], [ 5.2674419, 48.8966416 ], [ 5.268208, 48.8933352 ], [ 5.2684709, 48.8926681 ], [ 5.2685787, 48.8919166 ], [ 5.2708683, 48.8893875 ], [ 5.2712649, 48.8892225 ], [ 5.2743356, 48.8896518 ], [ 5.2757048, 48.8895142 ], [ 5.2764659, 48.8895088 ], [ 5.2766467, 48.8894019 ], [ 5.2771546, 48.8885978 ], [ 5.2786223, 48.8876261 ], [ 5.2796769, 48.8870653 ], [ 5.2800655, 48.886905 ], [ 5.2813611, 48.8865843 ], [ 5.2828933, 48.8864012 ], [ 5.283539, 48.8861928 ], [ 5.2837413, 48.8860783 ], [ 5.2840056, 48.8856036 ], [ 5.2842865, 48.8839842 ], [ 5.2851272, 48.8827797 ], [ 5.2850522, 48.8827488 ], [ 5.2851394, 48.8824979 ], [ 5.2861742, 48.8816144 ], [ 5.2878774, 48.8805473 ], [ 5.2894333, 48.8814037 ], [ 5.2906016, 48.8796818 ], [ 5.2911292, 48.8788683 ], [ 5.2906325, 48.8786466 ], [ 5.2913403, 48.8777145 ], [ 5.292174, 48.8758929 ], [ 5.291988, 48.8758505 ], [ 5.2919626, 48.8757386 ], [ 5.2900811, 48.8753841 ], [ 5.2876158, 48.87512 ], [ 5.2862263, 48.875066499999988 ], [ 5.2859395, 48.8717035 ], [ 5.2851723, 48.8668995 ], [ 5.2863829, 48.864996 ], [ 5.2873981, 48.8631169 ], [ 5.2879993, 48.8631738 ], [ 5.2882607, 48.8625444 ], [ 5.2890169, 48.862655 ], [ 5.2891147, 48.8624597 ], [ 5.2905495, 48.8626212 ], [ 5.2906474, 48.8622738 ], [ 5.2899016, 48.8618409 ], [ 5.2905512, 48.8613589 ], [ 5.2911307, 48.8615754 ], [ 5.2925773, 48.8603934 ], [ 5.2930051, 48.8603222 ], [ 5.2931571, 48.8601834 ], [ 5.293311, 48.8595903 ], [ 5.2929157, 48.8590355 ], [ 5.2927027, 48.8585331 ], [ 5.2924571, 48.8573844 ], [ 5.2931536, 48.8567592 ], [ 5.2965367, 48.8551882 ], [ 5.2992872, 48.8535942 ], [ 5.3003106, 48.852377 ], [ 5.3012439, 48.8504193 ], [ 5.3028495, 48.8476056 ], [ 5.3048672, 48.845205 ], [ 5.3058349, 48.842521399999988 ], [ 5.3061769, 48.8419939 ], [ 5.3066294, 48.8415308 ], [ 5.3074503, 48.8395086 ], [ 5.3088003, 48.8375841 ], [ 5.308613, 48.8374465 ], [ 5.3090332, 48.8366259 ], [ 5.309228, 48.8365619 ], [ 5.3093816, 48.8362773 ], [ 5.3092335, 48.8361947 ], [ 5.30945, 48.8353294 ], [ 5.3092522, 48.834986 ], [ 5.3096703, 48.8347629 ], [ 5.3089296, 48.8339179 ], [ 5.3089023, 48.8336404 ], [ 5.3108382, 48.8324262 ], [ 5.3103743, 48.8320456 ], [ 5.3106469, 48.8318919 ], [ 5.3143424, 48.8338151 ], [ 5.3155205, 48.8337959 ], [ 5.3163667, 48.8343454 ], [ 5.3169538, 48.8340632 ], [ 5.3189676, 48.8353972 ], [ 5.3200119, 48.8358034 ], [ 5.3217038, 48.8363041 ], [ 5.3219734, 48.8363582 ], [ 5.3221794, 48.8362409 ], [ 5.3229219, 48.8366313 ], [ 5.3234192, 48.8364147 ], [ 5.3260293, 48.8373618 ], [ 5.3272311, 48.8370496 ], [ 5.3300648, 48.837904 ], [ 5.3315601, 48.8381196 ], [ 5.3332186, 48.8385101 ], [ 5.3341451, 48.8386243 ], [ 5.3343396, 48.8384613 ], [ 5.3359809, 48.838862899999988 ], [ 5.3366781, 48.8378146 ], [ 5.337338, 48.8376055 ], [ 5.3420634, 48.8389095 ], [ 5.3431737, 48.8378053 ], [ 5.3442467, 48.8369341 ], [ 5.3462669, 48.8377258 ], [ 5.346981, 48.8369065 ], [ 5.3496164, 48.833236 ], [ 5.3547936, 48.8346161 ], [ 5.3545221, 48.8348517 ], [ 5.3540161, 48.83599 ], [ 5.3555155, 48.8359937 ], [ 5.3557694, 48.8353976 ], [ 5.3589814, 48.8355691 ], [ 5.3594616, 48.8332914 ], [ 5.3608715, 48.8333373 ], [ 5.3619417, 48.8342456 ], [ 5.3648694, 48.8296855 ], [ 5.3663609, 48.8304774 ], [ 5.3671707, 48.829765 ], [ 5.3673315, 48.8298239 ], [ 5.3675987, 48.8296153 ], [ 5.3672032, 48.8294899 ], [ 5.367316, 48.8290918 ], [ 5.3667821, 48.8289494 ], [ 5.366841, 48.8288367 ], [ 5.3681324, 48.8291557 ], [ 5.3688582, 48.8278232 ], [ 5.3694733, 48.8279838 ], [ 5.3711727, 48.8282245 ], [ 5.3729767, 48.8224717 ], [ 5.3762413, 48.8228252 ], [ 5.3767292, 48.8219014 ], [ 5.3775463, 48.8208756 ], [ 5.3833103, 48.8242195 ], [ 5.385622, 48.8249778 ], [ 5.3888236, 48.8256777 ], [ 5.3898907, 48.8261252 ], [ 5.3909917, 48.8264208 ], [ 5.3923364, 48.8270372 ], [ 5.3942, 48.8274984 ], [ 5.3954524, 48.8281814 ], [ 5.396479, 48.828249 ], [ 5.3967307, 48.8276177 ], [ 5.3957817, 48.8263015 ], [ 5.3978388, 48.8263196 ], [ 5.3976328, 48.8257209 ], [ 5.3975717, 48.8249556 ], [ 5.3978021, 48.8243364 ], [ 5.3983524, 48.8239169 ], [ 5.4000096, 48.8234769 ], [ 5.400592, 48.8231935 ], [ 5.4009377, 48.8229184 ], [ 5.4013292, 48.8224247 ], [ 5.4014498, 48.8221136 ], [ 5.4014591, 48.8213702 ], [ 5.4048338, 48.8211521 ], [ 5.4124752, 48.821772 ], [ 5.4147215, 48.8221099 ], [ 5.4170449, 48.8229942 ], [ 5.4193251, 48.8191601 ], [ 5.4204636, 48.817737 ], [ 5.4223437, 48.8148322 ], [ 5.4218461, 48.8145912 ], [ 5.4209112, 48.8142908 ], [ 5.4209563, 48.8141765 ], [ 5.4214856, 48.8136349 ], [ 5.4219879, 48.813362 ], [ 5.4225439, 48.8131582 ], [ 5.4235113, 48.8129568 ], [ 5.4234337, 48.8121648 ], [ 5.4248588, 48.8128692 ], [ 5.4250861, 48.8125442 ], [ 5.4256102, 48.8126812 ], [ 5.4261002, 48.8118227 ], [ 5.4270781, 48.812314 ], [ 5.427335, 48.8126228 ], [ 5.4297641, 48.8138214 ], [ 5.4327946, 48.8150275 ], [ 5.4360557, 48.8161812 ], [ 5.4450507, 48.8187941 ], [ 5.447416, 48.8157746 ], [ 5.4462318, 48.8117633 ], [ 5.4467239, 48.808083 ], [ 5.4497576, 48.8080217 ], [ 5.4528117, 48.8078466 ], [ 5.4572308, 48.8089715 ], [ 5.45956, 48.809225 ], [ 5.4651757, 48.8095178 ], [ 5.4667685, 48.8097243 ], [ 5.4680598, 48.8088581 ], [ 5.4681595, 48.808488 ], [ 5.4672344, 48.8082273 ], [ 5.4670409, 48.8081116 ], [ 5.4669301, 48.808186799999987 ], [ 5.4664139, 48.8081317 ], [ 5.4662086, 48.8079965 ], [ 5.4655374, 48.8078331 ], [ 5.4631863, 48.8076926 ], [ 5.46175, 48.8060099 ], [ 5.460228, 48.8047014 ], [ 5.4588822, 48.803836499999989 ], [ 5.4565633, 48.8012514 ], [ 5.4524108, 48.7980192 ], [ 5.4579496, 48.7963334 ], [ 5.4591158, 48.7953295 ], [ 5.4601905, 48.795679 ], [ 5.461992, 48.7961044 ], [ 5.4674803, 48.7971312 ], [ 5.4728292, 48.7982291 ], [ 5.479663, 48.7997863 ], [ 5.4855198, 48.799813099999987 ], [ 5.4874913, 48.800452299999989 ], [ 5.4896213, 48.8013312 ], [ 5.4915802, 48.8023035 ], [ 5.4940347, 48.8031566 ], [ 5.4952505, 48.8043955 ], [ 5.4967358, 48.8034953 ], [ 5.4984791, 48.8020119 ], [ 5.4974462, 48.8013766 ], [ 5.496177, 48.8008138 ], [ 5.4965802, 48.8004445 ], [ 5.4982608, 48.8012354 ], [ 5.501557, 48.8030219 ], [ 5.5027073, 48.8035755 ], [ 5.5035973, 48.803897 ], [ 5.5055952, 48.804314 ], [ 5.5071567, 48.8044639 ], [ 5.5072093, 48.8047931 ], [ 5.5112887, 48.806085 ], [ 5.5117207, 48.8056908 ], [ 5.5167528, 48.8062562 ], [ 5.5156631, 48.8076982 ], [ 5.5182541, 48.808315799999988 ], [ 5.5186346, 48.8081269 ], [ 5.5225107, 48.8097107 ], [ 5.5233649, 48.8099923 ], [ 5.5236333, 48.8100496 ], [ 5.524171, 48.808774 ], [ 5.5245914, 48.8081155 ], [ 5.525062, 48.8082954 ], [ 5.5253359, 48.8085505 ], [ 5.5262016, 48.808957 ], [ 5.5260418, 48.8092573 ], [ 5.5260104, 48.8097627 ], [ 5.5270435, 48.8107829 ], [ 5.5275552, 48.8111374 ], [ 5.5276597, 48.811325 ], [ 5.5275227, 48.8116483 ], [ 5.5269561, 48.8121849 ], [ 5.5262754, 48.812308099999989 ], [ 5.5257538, 48.8121716 ], [ 5.5252311, 48.8124346 ], [ 5.5251012, 48.812763 ], [ 5.5251066, 48.8131265 ], [ 5.5252491, 48.8135383 ], [ 5.5254243, 48.813611 ], [ 5.5264902, 48.8136749 ], [ 5.5275322, 48.8135305 ], [ 5.5281874, 48.8135256 ], [ 5.528452, 48.8135893 ], [ 5.5286727, 48.8137565 ], [ 5.5287512, 48.8141382 ], [ 5.5285333, 48.8143668 ], [ 5.528375, 48.8144161 ], [ 5.5275345, 48.8143367 ], [ 5.5273443, 48.8144037 ], [ 5.5269551, 48.8148339 ], [ 5.5266354, 48.8153779 ], [ 5.5267794, 48.8160731 ], [ 5.5262452, 48.8167736 ], [ 5.5245367, 48.817535 ], [ 5.5247531, 48.8189656 ], [ 5.5247022, 48.8192924 ], [ 5.5242379, 48.8201732 ], [ 5.5229907, 48.8206711 ], [ 5.5220479, 48.8208709 ], [ 5.523938, 48.8242215 ], [ 5.527139, 48.8281562 ], [ 5.5267769, 48.8285013 ], [ 5.5264802, 48.8289602 ], [ 5.526294, 48.8300394 ], [ 5.5260869, 48.8304613 ], [ 5.5255509, 48.8309324 ], [ 5.5241271, 48.8313629 ], [ 5.5194835, 48.832036699999989 ], [ 5.5170438, 48.8329672 ], [ 5.5163729, 48.8332989 ], [ 5.5158958, 48.833722 ], [ 5.5163925, 48.8339878 ], [ 5.517197, 48.8339942 ], [ 5.518294, 48.8334537 ], [ 5.5186404, 48.8335427 ], [ 5.5192739, 48.8333107 ], [ 5.519392, 48.8337239 ], [ 5.5234944, 48.8326521 ], [ 5.524755, 48.8338592 ], [ 5.525865, 48.8335325 ], [ 5.5265237, 48.8340458 ], [ 5.5282955, 48.8347183 ], [ 5.528576, 48.834348 ], [ 5.5346912, 48.8372211 ], [ 5.5354578, 48.8364752 ], [ 5.5341562, 48.8361419 ], [ 5.5343364, 48.8356711 ], [ 5.5350208, 48.8357862 ], [ 5.5349391, 48.8360129 ], [ 5.5356905, 48.8362435 ], [ 5.5359247, 48.8358759 ], [ 5.5381985, 48.8361318 ], [ 5.5414741, 48.8357158 ], [ 5.5416207, 48.835871 ], [ 5.5422038, 48.8375143 ], [ 5.5428175, 48.8383587 ], [ 5.5431912, 48.839731099999987 ], [ 5.5434753, 48.8401056 ], [ 5.5460594, 48.8411007 ], [ 5.5474331, 48.8419569 ], [ 5.548384, 48.842167 ], [ 5.5493988, 48.8422902 ], [ 5.5511472, 48.8423618 ], [ 5.5520672, 48.842496 ], [ 5.5543858, 48.8432141 ], [ 5.5554324, 48.8436236 ], [ 5.5559435, 48.8439546 ], [ 5.5570521, 48.8451546 ], [ 5.5608049, 48.847255499999989 ], [ 5.5611272, 48.8476256 ], [ 5.5649268, 48.8498387 ], [ 5.565349, 48.8502453 ], [ 5.5664001, 48.8499663 ], [ 5.5681002, 48.8496878 ], [ 5.5716119, 48.8484894 ], [ 5.5721346, 48.848114599999988 ], [ 5.5699918, 48.8475983 ], [ 5.5743637, 48.8459611 ], [ 5.5739295, 48.8473004 ], [ 5.5720464, 48.8505244 ], [ 5.5712218, 48.852851 ], [ 5.5696254, 48.8553436 ], [ 5.5690867, 48.8564484 ], [ 5.5698428, 48.8565995 ], [ 5.5713148, 48.8570826 ], [ 5.5742249, 48.8583274 ], [ 5.5756043, 48.8592794 ], [ 5.5786565, 48.8606893 ], [ 5.5803505, 48.8610802 ], [ 5.5854497, 48.8626509 ], [ 5.587302, 48.8630679 ], [ 5.5881766, 48.8633494 ], [ 5.5934353, 48.8543574 ], [ 5.5947836, 48.851864899999988 ], [ 5.6197879, 48.844649399999987 ], [ 5.6209173, 48.8445633 ], [ 5.6217254, 48.8440333 ], [ 5.6226513, 48.8441175 ], [ 5.6231546, 48.8444071 ], [ 5.6239138, 48.844669 ], [ 5.6256127, 48.8469835 ], [ 5.6292697, 48.8491536 ], [ 5.6313362, 48.8477439 ], [ 5.6354047, 48.8452835 ], [ 5.6406018, 48.84199 ], [ 5.6446945, 48.8385202 ], [ 5.6440513, 48.8379213 ], [ 5.6451691, 48.8313028 ], [ 5.6326393, 48.8260873 ], [ 5.6323882, 48.8269096 ], [ 5.6351015, 48.8309677 ], [ 5.6332439, 48.8292276 ], [ 5.6303884, 48.8271537 ], [ 5.6297461, 48.8260813 ], [ 5.6295777, 48.8271213 ], [ 5.6300399, 48.8273445 ], [ 5.6302272, 48.8278318 ], [ 5.6347682, 48.8356718 ], [ 5.6232342, 48.833298 ], [ 5.6260073, 48.828105 ], [ 5.6261721, 48.8267543 ], [ 5.6258436, 48.8259299 ], [ 5.6253198, 48.8255042 ], [ 5.6246638, 48.8252537 ], [ 5.6233858, 48.8249293 ], [ 5.6150096, 48.8239658 ], [ 5.615545, 48.823072 ], [ 5.6162905, 48.8232096 ], [ 5.6179912, 48.823940799999988 ], [ 5.6190357, 48.8228687 ], [ 5.6199444, 48.8233239 ], [ 5.6205712, 48.8227271 ], [ 5.6225421, 48.8204856 ], [ 5.62513, 48.8189188 ], [ 5.6257908, 48.8194046 ], [ 5.6273294, 48.8179751 ], [ 5.6314571, 48.8196813 ], [ 5.6334852, 48.8199057 ], [ 5.6348487, 48.8198127 ], [ 5.6347408, 48.8191618 ], [ 5.6347785, 48.8185058 ], [ 5.6383513, 48.8195537 ], [ 5.6389993, 48.8196491 ], [ 5.6401774, 48.8196636 ], [ 5.6482365, 48.8213849 ], [ 5.6493599, 48.8199995 ], [ 5.6493411, 48.8191738 ], [ 5.6514467, 48.8190731 ], [ 5.6538549, 48.8196676 ], [ 5.6544062, 48.8190155 ], [ 5.6549225, 48.8191453 ], [ 5.6551281, 48.8193567 ], [ 5.6553531, 48.819439 ], [ 5.6555985, 48.8197638 ], [ 5.6567201, 48.8202203 ], [ 5.6574852, 48.8204193 ], [ 5.657844, 48.8203474 ], [ 5.6580187, 48.8201654 ], [ 5.6578727, 48.8200534 ], [ 5.6579348, 48.8199891 ], [ 5.6583144, 48.8198717 ], [ 5.6589917, 48.8201923 ], [ 5.6593616, 48.8199897 ], [ 5.6594581, 48.819157 ], [ 5.6605174, 48.8192198 ], [ 5.662811, 48.8197581 ], [ 5.6651241, 48.820197 ], [ 5.668078, 48.8205865 ], [ 5.6677119, 48.8231781 ], [ 5.6697209, 48.8239279 ], [ 5.6735966, 48.8240581 ], [ 5.6773895, 48.82828 ], [ 5.677511, 48.8287875 ], [ 5.6783099, 48.8301985 ], [ 5.6785282, 48.8300965 ], [ 5.6793123, 48.8308456 ], [ 5.6797421, 48.8309601 ], [ 5.6829705, 48.8312684 ], [ 5.6828558, 48.8320322 ], [ 5.6824149, 48.8324956 ], [ 5.68152, 48.8329845 ], [ 5.6812905, 48.8332129 ], [ 5.6797021, 48.834052 ], [ 5.6777149, 48.835302399999989 ], [ 5.6750368, 48.8366914 ], [ 5.6738463, 48.8367621 ], [ 5.6721949, 48.8364049 ], [ 5.6720694, 48.8373588 ], [ 5.6722286, 48.8379645 ], [ 5.6728511, 48.8389116 ], [ 5.6758291, 48.8406789 ], [ 5.6772011, 48.8414059 ], [ 5.6772621, 48.8415062 ], [ 5.6769244, 48.8473511 ], [ 5.6783543, 48.8507655 ], [ 5.6783625, 48.8510316 ], [ 5.6799324, 48.8509083 ], [ 5.6840411, 48.8502015 ], [ 5.6850413, 48.8518825 ], [ 5.6858132, 48.8534723 ], [ 5.6872386, 48.8531091 ], [ 5.6873617, 48.8533295 ], [ 5.6893867, 48.8537519 ], [ 5.6913401, 48.8540301 ], [ 5.6916872, 48.8541762 ], [ 5.6893694, 48.8542625 ], [ 5.6891323, 48.855138 ], [ 5.6892761, 48.8561003 ], [ 5.6891328, 48.8564149 ], [ 5.6888538, 48.8569548 ], [ 5.6879956, 48.8570505 ], [ 5.6876697, 48.8574223 ], [ 5.6873373, 48.8574802 ], [ 5.6874406, 48.8586629 ], [ 5.6871036, 48.8591636 ], [ 5.6895858, 48.859484 ], [ 5.6926821, 48.8601279 ], [ 5.6944059, 48.8605759 ], [ 5.6944602, 48.8606241 ], [ 5.6942076, 48.8610402 ], [ 5.6952418, 48.8616288 ], [ 5.6957429, 48.8617452 ], [ 5.6969684, 48.861759 ], [ 5.6976502, 48.8618372 ], [ 5.6976467, 48.8628217 ], [ 5.6958651, 48.8648964 ], [ 5.6934046, 48.867479499999988 ], [ 5.6939852, 48.8681818 ], [ 5.6948412, 48.8686979 ], [ 5.6952689, 48.8688448 ], [ 5.6956102, 48.8688516 ], [ 5.6959562, 48.8690273 ], [ 5.6959094, 48.8691508 ], [ 5.6962956, 48.8693373 ], [ 5.6969066, 48.8694945 ], [ 5.6964362, 48.8699199 ], [ 5.6955771, 48.8713988 ], [ 5.6952388, 48.8718465 ], [ 5.6950909, 48.8717832 ], [ 5.6944822, 48.8728047 ], [ 5.6947137, 48.8731145 ], [ 5.6955261, 48.87334 ], [ 5.698151, 48.8744254 ], [ 5.699941, 48.876349399999988 ], [ 5.7009004, 48.877224 ], [ 5.7018067, 48.8776273 ], [ 5.7036611, 48.8776889 ], [ 5.7040922, 48.8778988 ], [ 5.7051131, 48.8786423 ], [ 5.7026604, 48.8789362 ], [ 5.7024803, 48.8790933 ], [ 5.7058227, 48.8796431 ], [ 5.7067125, 48.8803825 ], [ 5.7065383, 48.8809947 ], [ 5.7063518, 48.8812652 ], [ 5.7044442, 48.8819427 ], [ 5.7041158, 48.8821616 ], [ 5.7049408, 48.884227 ], [ 5.7056828, 48.8847213 ], [ 5.7048073, 48.8869889 ], [ 5.7038377, 48.8879448 ], [ 5.7027374, 48.8886697 ], [ 5.7010423, 48.8900568 ], [ 5.7027434, 48.8907302 ], [ 5.7026175, 48.8908824 ], [ 5.7042978, 48.8914419 ], [ 5.7026317, 48.8931253 ], [ 5.701791, 48.8942286 ], [ 5.7022253, 48.8959698 ], [ 5.701661, 48.8965341 ], [ 5.7009585, 48.8975146 ], [ 5.7015972, 48.8976711 ], [ 5.7017717, 48.8981162 ], [ 5.7033168, 48.8995111 ], [ 5.7037621, 48.8998079 ], [ 5.704316, 48.8999349 ], [ 5.7053107, 48.9003767 ], [ 5.7080281, 48.9011899 ], [ 5.709591, 48.9017943 ], [ 5.7100598, 48.9013626 ], [ 5.7108496, 48.8998861 ], [ 5.7124692, 48.8975207 ], [ 5.7164209, 48.8987367 ], [ 5.7187649, 48.8984612 ], [ 5.7189511, 48.8981862 ], [ 5.7209276, 48.8981655 ], [ 5.722233, 48.8983086 ], [ 5.7232976, 48.898728 ], [ 5.7249377, 48.8987717 ], [ 5.7255654, 48.8989788 ], [ 5.7268899, 48.8991988 ], [ 5.7294922, 48.8993464 ], [ 5.7302123, 48.8999365 ], [ 5.7311434, 48.9003319 ], [ 5.7332959, 48.9006706 ], [ 5.7349097, 48.9001361 ], [ 5.7365142, 48.9027206 ], [ 5.7366609, 48.9035388 ], [ 5.7367393, 48.9050019 ], [ 5.7352409, 48.9050092 ], [ 5.7343741, 48.90493 ], [ 5.7337506, 48.9049883 ], [ 5.7334305, 48.9053124 ], [ 5.7335558, 48.9067357 ], [ 5.7343128, 48.907998 ], [ 5.7313897, 48.9096781 ], [ 5.732095, 48.9107346 ], [ 5.7326433, 48.9110892 ], [ 5.7325698, 48.9116928 ], [ 5.7320703, 48.9122414 ], [ 5.7312073, 48.9126255 ], [ 5.7282127, 48.9133138 ], [ 5.724814, 48.9150207 ], [ 5.7240946, 48.9154906 ], [ 5.7240409, 48.9157176 ], [ 5.7243509, 48.9162928 ], [ 5.7246913, 48.917318 ], [ 5.7251672, 48.9181143 ], [ 5.7275555, 48.9202051 ], [ 5.728002, 48.9207771 ], [ 5.7281113, 48.9214035 ], [ 5.727202, 48.9231501 ], [ 5.7303875, 48.9284799 ], [ 5.7291357, 48.9351255 ], [ 5.7297793, 48.9358343 ], [ 5.7256837, 48.937872 ], [ 5.7272736, 48.942952899999987 ], [ 5.7296109, 48.9460777 ], [ 5.7309704, 48.9508408 ], [ 5.712716, 48.9509 ], [ 5.7046261, 48.9508579 ], [ 5.7041146, 48.9510566 ], [ 5.7024163, 48.9525516 ], [ 5.7017336, 48.9534002 ], [ 5.7002255, 48.9540622 ], [ 5.6955408, 48.953510799999989 ], [ 5.6952971, 48.9566376 ], [ 5.6940299, 48.9564663 ], [ 5.6921168, 48.9565399 ], [ 5.6918285, 48.9564915 ], [ 5.7028948, 48.9670615 ], [ 5.7001693, 48.971343499999989 ], [ 5.6973292, 48.9734842 ], [ 5.6949185, 48.9750788 ], [ 5.6926876, 48.9756644 ], [ 5.6902682, 48.9761462 ], [ 5.6788066, 48.9762629 ], [ 5.6827754, 48.9676115 ], [ 5.6745215, 48.9660681 ], [ 5.6730497, 48.9658538 ], [ 5.672048, 48.965008 ], [ 5.6714411, 48.9654788 ], [ 5.6712209, 48.9654815 ], [ 5.6712052, 48.9656722 ], [ 5.6710078, 48.9657176 ], [ 5.6708437, 48.9655281 ], [ 5.6709272, 48.9651852 ], [ 5.6706267, 48.9650312 ], [ 5.6705805, 48.9652742 ], [ 5.670076, 48.9653975 ], [ 5.6698572, 48.9656685 ], [ 5.6699947, 48.9660596 ], [ 5.6699172, 48.9666489 ], [ 5.6701159, 48.9671612 ], [ 5.6701334, 48.9676857 ], [ 5.6666381, 48.9836051 ], [ 5.6661829, 48.9839221 ], [ 5.6666664, 48.9848667 ], [ 5.6664336, 48.9852057 ], [ 5.6658046, 48.9854158 ], [ 5.6638204, 48.985567 ], [ 5.6623338, 48.9866021 ], [ 5.6582336, 48.9874524 ], [ 5.6575905, 48.9893509 ], [ 5.657612, 48.9896113 ], [ 5.6533089, 48.990241 ], [ 5.6495556, 48.9903923 ], [ 5.6443039, 48.9911632 ], [ 5.6438468, 48.9913146 ], [ 5.6432558, 48.9918458 ], [ 5.6421932, 48.9921895 ], [ 5.6403965, 48.991297 ], [ 5.6387363, 48.9900245 ], [ 5.6371362, 48.9891239 ], [ 5.6352475, 48.992022 ], [ 5.6348277, 48.9923426 ], [ 5.6334092, 48.9948641 ], [ 5.6332626, 48.9955862 ], [ 5.6330469, 48.9956746 ], [ 5.6297216, 49.0019645 ], [ 5.6279446, 49.0050876 ], [ 5.624697, 49.0046062 ], [ 5.6230642, 49.0042821 ], [ 5.6204813, 49.0037177 ], [ 5.6190408, 49.0033011 ], [ 5.6186386, 49.003516 ], [ 5.6181583, 49.0035903 ], [ 5.617123, 49.0035886 ], [ 5.6158052, 49.0033528 ], [ 5.6144173, 49.0029746 ], [ 5.6137982, 49.002657 ], [ 5.6138576, 49.0030489 ], [ 5.6130785, 49.0047672 ], [ 5.6125753, 49.0052586 ], [ 5.6111304, 49.0059504 ], [ 5.6102559, 49.0065075 ], [ 5.6096786, 49.007266699999988 ], [ 5.609422, 49.0085013 ], [ 5.6088432, 49.0092309 ], [ 5.6021099, 49.0123335 ], [ 5.6011694, 49.0128613 ], [ 5.6012614, 49.0132237 ], [ 5.601359, 49.0164811 ], [ 5.59778, 49.0157282 ], [ 5.5964327, 49.0150988 ], [ 5.5939066, 49.01409 ], [ 5.5917576, 49.0125503 ], [ 5.5912344, 49.0123151 ], [ 5.5897198, 49.0118395 ], [ 5.5869068, 49.0111589 ], [ 5.5862808, 49.011193899999988 ], [ 5.5856234, 49.0114519 ], [ 5.584583, 49.0123119 ], [ 5.5840807, 49.0131289 ], [ 5.5840306, 49.0139081 ], [ 5.5831441, 49.013849 ], [ 5.5808752, 49.0135226 ], [ 5.5789587, 49.0130483 ], [ 5.5761844, 49.0125681 ], [ 5.5712077, 49.0141503 ], [ 5.5741908, 49.0170202 ], [ 5.5753798, 49.0179924 ], [ 5.5757704, 49.0192219 ], [ 5.5765212, 49.0199058 ], [ 5.5785956, 49.0213789 ], [ 5.5819471, 49.0233617 ], [ 5.5816342, 49.0235052 ], [ 5.5795328, 49.0240263 ], [ 5.5761233, 49.0252574 ], [ 5.5733543, 49.026471 ], [ 5.5713334, 49.0285638 ], [ 5.5709475, 49.0288662 ], [ 5.5703522, 49.0296077 ], [ 5.5627988, 49.0360406 ], [ 5.5597223, 49.0375826 ], [ 5.5563781, 49.0408907 ], [ 5.5553743, 49.0410147 ], [ 5.5531942, 49.041483 ], [ 5.5524944, 49.0415563 ], [ 5.5493504, 49.0412651 ], [ 5.5460326, 49.0416125 ], [ 5.5458632, 49.0417583 ], [ 5.5454143, 49.0418407 ], [ 5.5427877, 49.0416075 ], [ 5.5416885, 49.0413492 ], [ 5.5403222, 49.0411964 ], [ 5.5366918, 49.041113 ], [ 5.5361784, 49.041194 ], [ 5.5357272, 49.0419854 ], [ 5.5354483, 49.0422153 ], [ 5.5327047, 49.0433122 ], [ 5.5313406, 49.0436253 ], [ 5.5282975, 49.0438324 ], [ 5.5216614, 49.043685 ], [ 5.5197868, 49.0432403 ], [ 5.5188029, 49.0428175 ], [ 5.5146727, 49.041488 ], [ 5.5136341, 49.041291199999989 ], [ 5.5106897, 49.041243 ], [ 5.508246, 49.0415334 ], [ 5.5054457, 49.0416072 ], [ 5.5045394, 49.0415415 ], [ 5.5028819, 49.0412801 ], [ 5.4996465, 49.0402473 ], [ 5.4988956, 49.0398563 ], [ 5.4985517, 49.0398202 ], [ 5.4951972, 49.0402058 ], [ 5.4880826, 49.0413115 ], [ 5.4864763, 49.0416866 ], [ 5.4854772, 49.0417694 ], [ 5.4840124, 49.0417007 ], [ 5.4830452, 49.0415066 ], [ 5.4822779, 49.0412571 ], [ 5.4810815, 49.0407043 ], [ 5.4789429, 49.0392767 ], [ 5.4773292, 49.0380056 ], [ 5.4771551, 49.0370529 ], [ 5.4768217, 49.037407 ], [ 5.4766682, 49.0379175 ], [ 5.4751165, 49.037372 ], [ 5.4749196, 49.0371745 ], [ 5.4744199, 49.0371111 ], [ 5.4738314, 49.0373661 ], [ 5.472861, 49.0373321 ], [ 5.4722875, 49.0368977 ], [ 5.4717479, 49.0363133 ], [ 5.4712118, 49.0344504 ], [ 5.4708904, 49.0342231 ], [ 5.470492, 49.0341027 ], [ 5.4702924, 49.0338468 ], [ 5.4698793, 49.0336763 ], [ 5.4701773, 49.0332968 ], [ 5.4688254, 49.032518599999989 ], [ 5.4692333, 49.0322061 ], [ 5.4703593, 49.0316027 ], [ 5.4727272, 49.0307623 ], [ 5.4742138, 49.030003 ], [ 5.4765074, 49.0291289 ], [ 5.4768936, 49.0289365 ], [ 5.4774552, 49.0284913 ], [ 5.4779227, 49.0283989 ], [ 5.4790778, 49.0279774 ], [ 5.4796582, 49.0272682 ], [ 5.480022, 49.0264646 ], [ 5.4801094, 49.0258033 ], [ 5.4795533, 49.0238122 ], [ 5.4787463, 49.0231281 ], [ 5.4781037, 49.0223029 ], [ 5.4768447, 49.0200556 ], [ 5.4765701, 49.019746399999988 ], [ 5.4753773, 49.0196306 ], [ 5.4742508, 49.0193273 ], [ 5.4736898, 49.018979 ], [ 5.4729577, 49.0180837 ], [ 5.473106, 49.0173204 ], [ 5.4734657, 49.016659 ], [ 5.4716455, 49.0159471 ], [ 5.4715607, 49.0161189 ], [ 5.4692428, 49.0157824 ], [ 5.4690898, 49.0160735 ], [ 5.4684295, 49.0162544 ], [ 5.4681859, 49.0161065 ], [ 5.4681873, 49.0159634 ], [ 5.4679396, 49.0159613 ], [ 5.4669174, 49.0156332 ], [ 5.4628909, 49.0146256 ], [ 5.4610894, 49.0135533 ], [ 5.4581583, 49.012335 ], [ 5.4574525, 49.0119572 ], [ 5.4566524, 49.0118423 ], [ 5.4556288, 49.0115385 ], [ 5.4553899, 49.0118951 ], [ 5.4554305, 49.0122613 ], [ 5.4550179, 49.0128491 ], [ 5.454445, 49.0134033 ], [ 5.4538636, 49.0137472 ], [ 5.4528673, 49.0140509 ], [ 5.4525792, 49.014207 ], [ 5.4521009, 49.0141862 ], [ 5.4517222, 49.0142767 ], [ 5.4512138, 49.0141387 ], [ 5.449913, 49.0144558 ], [ 5.4495761, 49.014881 ], [ 5.4484051, 49.015397 ], [ 5.4477196, 49.0155945 ], [ 5.4457386, 49.0158436 ], [ 5.4448505, 49.0155729 ], [ 5.4444821, 49.0157954 ], [ 5.4442021, 49.016384099999989 ], [ 5.4438828, 49.016459 ], [ 5.4436289, 49.0159172 ], [ 5.4436634, 49.0156898 ], [ 5.4439628, 49.0152519 ], [ 5.4444125, 49.0150421 ], [ 5.4447528, 49.0146591 ], [ 5.4450673, 49.0145429 ], [ 5.4449329, 49.0141274 ], [ 5.4449442, 49.0137295 ], [ 5.4454658, 49.0137405 ], [ 5.4457055, 49.0136312 ], [ 5.4460719, 49.0129616 ], [ 5.4460577, 49.0128333 ], [ 5.4452472, 49.0124387 ], [ 5.4447456, 49.0122987 ], [ 5.445117, 49.0117639 ], [ 5.4452261, 49.0111472 ], [ 5.4457045, 49.0106769 ], [ 5.4467036, 49.010607 ], [ 5.4469528, 49.0104976 ], [ 5.4470512, 49.0102338 ], [ 5.4469836, 49.0100759 ], [ 5.4463945, 49.0099962 ], [ 5.4461151, 49.009813 ], [ 5.4460764, 49.0096878 ], [ 5.4467331, 49.008997 ], [ 5.447334, 49.0089524 ], [ 5.4478647, 49.0086932 ], [ 5.4474727, 49.007368 ], [ 5.4476675, 49.006655099999989 ], [ 5.4477565, 49.0065417 ], [ 5.4486919, 49.0060782 ], [ 5.4487541, 49.0059762 ], [ 5.4485986, 49.0053191 ], [ 5.4482831, 49.0052679 ], [ 5.4477472, 49.0053877 ], [ 5.4473515, 49.0050872 ], [ 5.4473334, 49.004761 ], [ 5.448057, 49.0043009 ], [ 5.4484458, 49.0043677 ], [ 5.4494643, 49.0043343 ], [ 5.4516843, 49.0035099 ], [ 5.451954, 49.0032839 ], [ 5.4520473, 49.0030013 ], [ 5.4517624, 49.002295599999989 ], [ 5.4519717, 49.0020943 ], [ 5.4523276, 49.001988 ], [ 5.4528061, 49.0020151 ], [ 5.4531419, 49.0021189 ], [ 5.4531867, 49.0022565 ], [ 5.4528929, 49.0026089 ], [ 5.4529222, 49.00288 ], [ 5.4530932, 49.0030564 ], [ 5.4537108, 49.0032786 ], [ 5.4545335, 49.0033266 ], [ 5.4554436, 49.0030236 ], [ 5.4563275, 49.0030074 ], [ 5.4569691, 49.0028395 ], [ 5.4570744, 49.0026961 ], [ 5.4569717, 49.0024337 ], [ 5.4559679, 49.0018506 ], [ 5.455346, 49.0010464 ], [ 5.4546206, 49.0004819 ], [ 5.4545966, 49.0002062 ], [ 5.4550215, 48.9998521 ], [ 5.4554363, 48.9997752 ], [ 5.4559686, 49.000045 ], [ 5.4562944, 49.0001112 ], [ 5.4573495, 49.000245199999988 ], [ 5.4578385, 49.0001758 ], [ 5.4580307, 48.9998471 ], [ 5.4577175, 48.9988918 ], [ 5.457724, 48.9981612 ], [ 5.4581898, 48.997431 ], [ 5.4589496, 48.9968145 ], [ 5.4588047, 48.9957469 ], [ 5.4592422, 48.9951982 ], [ 5.4600867, 48.9946114 ], [ 5.4603298, 48.9942888 ], [ 5.460397, 48.9939474 ], [ 5.4601211, 48.9933755 ], [ 5.4602942, 48.9928447 ], [ 5.4605707, 48.9927374 ], [ 5.4609141, 48.992742 ], [ 5.4623145, 48.9932126 ], [ 5.4627852, 48.9932227 ], [ 5.4630511, 48.9930913 ], [ 5.4632766, 48.992830299999987 ], [ 5.4641739, 48.9923809 ], [ 5.4643183, 48.9920226 ], [ 5.4649522, 48.9913807 ], [ 5.4640805, 48.9909875 ], [ 5.4637608, 48.9906459 ], [ 5.4631836, 48.9904373 ], [ 5.4630453, 48.9900875 ], [ 5.4627183, 48.989908 ], [ 5.4621339, 48.9898354 ], [ 5.4613987, 48.990043 ], [ 5.4611391, 48.9900457 ], [ 5.4606915, 48.9899775 ], [ 5.4599875, 48.9896878 ], [ 5.4597898, 48.9894985 ], [ 5.4597617, 48.9893074 ], [ 5.4599708, 48.9888155 ], [ 5.4600162, 48.9883612 ], [ 5.4602473, 48.9881891 ], [ 5.4611415, 48.9880772 ], [ 5.4545572, 48.9847323 ], [ 5.4535066, 48.9843102 ], [ 5.4515149, 48.9832939 ], [ 5.4507616, 48.9825068 ], [ 5.4461651, 48.9790272 ], [ 5.4363091, 48.9730446 ], [ 5.434791, 48.9720273 ], [ 5.4335926, 48.9708614 ], [ 5.4327953, 48.9697107 ], [ 5.4325331, 48.9694794 ], [ 5.4275138, 48.9676613 ], [ 5.4267727, 48.9672139 ], [ 5.4261096, 48.9669421 ], [ 5.4258062, 48.9669411 ], [ 5.4219928, 48.9675624 ], [ 5.4197384, 48.9673318 ], [ 5.4186837, 48.9664849 ], [ 5.4151418, 48.9649801 ], [ 5.4149554, 48.964821 ], [ 5.4141192, 48.9649692 ], [ 5.4133812, 48.9664064 ], [ 5.4129778, 48.9667537 ], [ 5.4107422, 48.9672512 ], [ 5.40948, 48.9678496 ], [ 5.4092965, 48.9676347 ], [ 5.4060877, 48.968687 ], [ 5.4055656, 48.9690096 ], [ 5.4046188, 48.9700173 ], [ 5.4039126, 48.9705263 ], [ 5.4030101, 48.9709267 ], [ 5.4015034, 48.9714409 ], [ 5.4006704, 48.9712462 ], [ 5.399938, 48.971188 ], [ 5.3966518, 48.9712249 ], [ 5.3944095, 48.9706939 ], [ 5.393155, 48.9702773 ], [ 5.3928151, 48.9702859 ], [ 5.3911765, 48.9693595 ], [ 5.3906041, 48.9699575 ], [ 5.3901579, 48.9707149 ] ], [ [ 5.6862659, 48.9562392 ], [ 5.6857602, 48.956158 ], [ 5.6848393, 48.956184 ], [ 5.6837258, 48.95584 ], [ 5.6808793, 48.9551407 ], [ 5.6786652, 48.9544118 ], [ 5.6719702, 48.9593667 ], [ 5.6708582, 48.9609077 ], [ 5.6699451, 48.962860899999988 ], [ 5.6690863, 48.9626284 ], [ 5.6682748, 48.9626246 ], [ 5.6676764, 48.9622928 ], [ 5.6697027, 48.9605008 ], [ 5.6682678, 48.9609749 ], [ 5.667564, 48.9622245 ], [ 5.6668315, 48.9619024 ], [ 5.6663177, 48.9618043 ], [ 5.6628002, 48.9616645 ], [ 5.6549789, 48.9605014 ], [ 5.6545209, 48.9610395 ], [ 5.6543223, 48.9616449 ], [ 5.6543424, 48.9619594 ], [ 5.6548237, 48.961991 ], [ 5.6549397, 48.9624437 ], [ 5.6554312, 48.9626497 ], [ 5.6553848, 48.963106 ], [ 5.6545663, 48.9629181 ], [ 5.6544671, 48.9631686 ], [ 5.6550193, 48.9633606 ], [ 5.6547868, 48.9638381 ], [ 5.6501626, 48.963621 ], [ 5.6492074, 48.9636214 ], [ 5.6482421, 48.9637435 ], [ 5.6432402, 48.9626024 ], [ 5.642452, 48.9624992 ], [ 5.6408241, 48.9625963 ], [ 5.6419169, 48.9674029 ], [ 5.641595, 48.9677357 ], [ 5.6414896, 48.9681897 ], [ 5.6421624, 48.9697305 ], [ 5.6426392, 48.9702382 ], [ 5.6434991, 48.9720169 ], [ 5.6444809, 48.9720016 ], [ 5.6436328, 48.972442199999989 ], [ 5.6429589, 48.9732465 ], [ 5.6613823, 48.9669468 ], [ 5.6650058, 48.9661099 ], [ 5.6673785, 48.9656951 ], [ 5.6682534, 48.9654138 ], [ 5.6685652, 48.9648479 ], [ 5.6682704, 48.9645707 ], [ 5.6677136, 48.9643152 ], [ 5.6676157, 48.9639273 ], [ 5.6680983, 48.9640353 ], [ 5.6685596, 48.9643891 ], [ 5.6689483, 48.9644391 ], [ 5.6690969, 48.9643042 ], [ 5.6689114, 48.9638048 ], [ 5.6693109, 48.9638359 ], [ 5.6695266, 48.9637746 ], [ 5.6694436, 48.9634441 ], [ 5.670087, 48.9632763 ], [ 5.6702983, 48.963378 ], [ 5.6725019, 48.962445599999988 ], [ 5.6862659, 48.9562392 ] ], [ [ 5.661587, 48.9521798 ], [ 5.6607539, 48.9534487 ], [ 5.6608766, 48.9538716 ], [ 5.6602962, 48.954628 ], [ 5.6666152, 48.9603966 ], [ 5.6672932, 48.9608564 ], [ 5.661587, 48.9521798 ] ] ] ] } },
{ "type": "Feature", "properties": { "code_departement": 55.0, "code_rne": "0550840P", "multisecteur": 0.0 }, "geometry": { "type": "MultiPolygon", "coordinates": [ [ [ [ 5.4892272, 48.7302691 ], [ 5.4833952, 48.729228 ], [ 5.4825968, 48.7288577 ], [ 5.4801652, 48.7256597 ], [ 5.4713942, 48.7203246 ], [ 5.4680934, 48.7175017 ], [ 5.4668292, 48.7163049 ], [ 5.4576532, 48.7086555 ], [ 5.4586524, 48.7056762 ], [ 5.459548, 48.7051484 ], [ 5.4613315, 48.7028907 ], [ 5.4600115, 48.7023735 ], [ 5.4591915, 48.7018784 ], [ 5.458313, 48.7012953 ], [ 5.4569194, 48.6999625 ], [ 5.4560823, 48.6997386 ], [ 5.4534516, 48.697157 ], [ 5.4519946, 48.6978583 ], [ 5.4497882, 48.6964935 ], [ 5.4490387, 48.6971497 ], [ 5.4484919, 48.6967379 ], [ 5.447866, 48.6969569 ], [ 5.4470718, 48.6960787 ], [ 5.4464507, 48.6958485 ], [ 5.4461061, 48.6959806 ], [ 5.4431498, 48.6961033 ], [ 5.4424368, 48.6954484 ], [ 5.4389108, 48.697314 ], [ 5.4359012, 48.6942836 ], [ 5.4353799, 48.6945885 ], [ 5.4299973, 48.6909116 ], [ 5.4311487, 48.6906506 ], [ 5.431398, 48.6904871 ], [ 5.4271066, 48.6857386 ], [ 5.4260472, 48.6839955 ], [ 5.4256053, 48.6828194 ], [ 5.4269013, 48.6821073 ], [ 5.4285372, 48.6816906 ], [ 5.4268418, 48.6798291 ], [ 5.4262941, 48.6794776 ], [ 5.425177, 48.6785392 ], [ 5.4253269, 48.6781078 ], [ 5.425268, 48.6778355 ], [ 5.4248156, 48.6773092 ], [ 5.4237424, 48.6750885 ], [ 5.422868, 48.6739293 ], [ 5.4226183, 48.6737319 ], [ 5.4232994, 48.6732708 ], [ 5.4229031, 48.6730161 ], [ 5.4223602, 48.6730298 ], [ 5.4200032, 48.6733612 ], [ 5.4200863, 48.672896 ], [ 5.4197635, 48.6728792 ], [ 5.4198904, 48.671716599999989 ], [ 5.4204655, 48.671696 ], [ 5.4197773, 48.6704771 ], [ 5.4205599, 48.6701534 ], [ 5.4195476, 48.6688314 ], [ 5.4193719, 48.6675301 ], [ 5.4198704, 48.6666462 ], [ 5.4226443, 48.6668742 ], [ 5.4218151, 48.6657212 ], [ 5.4200885, 48.6644604 ], [ 5.4190084, 48.6633134 ], [ 5.4183363, 48.6621455 ], [ 5.4188623, 48.6622689 ], [ 5.419074, 48.6621764 ], [ 5.4173898, 48.6605376 ], [ 5.4171293, 48.6591913 ], [ 5.4179121, 48.6591412 ], [ 5.4179855, 48.6593494 ], [ 5.4204674, 48.6596149 ], [ 5.423017, 48.6597592 ], [ 5.4250408, 48.6592582 ], [ 5.4249065, 48.6588794 ], [ 5.4258449, 48.6585228 ], [ 5.4253649, 48.6573708 ], [ 5.4288961, 48.6568048 ], [ 5.4288571, 48.6561415 ], [ 5.4320419, 48.6552837 ], [ 5.4324596, 48.6560293 ], [ 5.4329831, 48.655925 ], [ 5.433214, 48.656508 ], [ 5.434256, 48.6562212 ], [ 5.4336876, 48.6553023 ], [ 5.4353303, 48.6546136 ], [ 5.4364937, 48.6563204 ], [ 5.4389254, 48.6541423 ], [ 5.4395146, 48.6544263 ], [ 5.439868, 48.654141 ], [ 5.442997, 48.6557894 ], [ 5.4439584, 48.6547672 ], [ 5.4450266, 48.6540821 ], [ 5.4430943, 48.6519988 ], [ 5.4411094, 48.6504737 ], [ 5.4375768, 48.6486373 ], [ 5.4381189, 48.6481465 ], [ 5.4374721, 48.647906 ], [ 5.4376401, 48.6477226 ], [ 5.4345642, 48.6462376 ], [ 5.4346289, 48.6458493 ], [ 5.4342295, 48.6459034 ], [ 5.4335606, 48.6442819 ], [ 5.4320131, 48.6447635 ], [ 5.4318606, 48.6443742 ], [ 5.4313613, 48.6444141 ], [ 5.4309122, 48.6438374 ], [ 5.4320956, 48.6434407 ], [ 5.4318061, 48.6430273 ], [ 5.4304838, 48.6431227 ], [ 5.4306327, 48.6421774 ], [ 5.4316278, 48.6416756 ], [ 5.4322407, 48.6415092 ], [ 5.4318383, 48.6410315 ], [ 5.4324762, 48.640996 ], [ 5.4324805, 48.6402706 ], [ 5.4327848, 48.6395723 ], [ 5.4344021, 48.6376782 ], [ 5.436027, 48.6360944 ], [ 5.4369032, 48.6345881 ], [ 5.4371006, 48.6339568 ], [ 5.4358683, 48.6327446 ], [ 5.435131, 48.6318372 ], [ 5.4346846, 48.6315521 ], [ 5.432036, 48.6306523 ], [ 5.4311246, 48.6309058 ], [ 5.4299947, 48.6307822 ], [ 5.4296893, 48.6310746 ], [ 5.4294909, 48.631129 ], [ 5.4259225, 48.6309147 ], [ 5.4259438, 48.6302321 ], [ 5.4255468, 48.6293412 ], [ 5.4252435, 48.6288596 ], [ 5.4243213, 48.6282646 ], [ 5.4235806, 48.6288628 ], [ 5.4220098, 48.6277186 ], [ 5.4216601, 48.6279363 ], [ 5.4196671, 48.6269653 ], [ 5.4195863, 48.6268329 ], [ 5.420405, 48.6266866 ], [ 5.4236339, 48.6263807 ], [ 5.4275848, 48.6255407 ], [ 5.4280297, 48.6253867 ], [ 5.4302013, 48.6238008 ], [ 5.4351602, 48.6217602 ], [ 5.435862, 48.6203608 ], [ 5.438147, 48.6176034 ], [ 5.4387621, 48.6161239 ], [ 5.4389059, 48.6160346 ], [ 5.4401056, 48.6158849 ], [ 5.4405357, 48.6157366 ], [ 5.4405241, 48.6153715 ], [ 5.4413454, 48.6150838 ], [ 5.4430082, 48.6139247 ], [ 5.4431644, 48.6139854 ], [ 5.4432212, 48.6142137 ], [ 5.445186, 48.6164403 ], [ 5.4462765, 48.6170056 ], [ 5.4476595, 48.6174091 ], [ 5.4479794, 48.617632099999987 ], [ 5.4480858, 48.617993399999989 ], [ 5.4480308, 48.6186731 ], [ 5.4471456, 48.6200052 ], [ 5.446723, 48.6224635 ], [ 5.4465622, 48.6227971 ], [ 5.4460693, 48.623376 ], [ 5.4468219, 48.6239392 ], [ 5.4481015, 48.6238994 ], [ 5.4489509, 48.6243274 ], [ 5.4503055, 48.6259167 ], [ 5.4479496, 48.6267751 ], [ 5.4485621, 48.6276229 ], [ 5.4486469, 48.6282439 ], [ 5.4485445, 48.6287265 ], [ 5.4478322, 48.6291407 ], [ 5.4490555, 48.6304475 ], [ 5.4492832, 48.6308469 ], [ 5.4490586, 48.631617299999988 ], [ 5.4496364, 48.632097699999989 ], [ 5.4503964, 48.6334536 ], [ 5.4493901, 48.6346667 ], [ 5.4493999, 48.6348465 ], [ 5.4489965, 48.6349024 ], [ 5.4490796, 48.6351698 ], [ 5.4486742, 48.6351808 ], [ 5.4489249, 48.6359838 ], [ 5.449136, 48.6361127 ], [ 5.4494051, 48.6360612 ], [ 5.4504114, 48.6347303 ], [ 5.4507337, 48.6344518 ], [ 5.4518586, 48.6348418 ], [ 5.4515817, 48.6352785 ], [ 5.4521467, 48.6361515 ], [ 5.4521523, 48.6366185 ], [ 5.4528627, 48.6369143 ], [ 5.4547899, 48.6373588 ], [ 5.4546787, 48.6377669 ], [ 5.4550275, 48.637937 ], [ 5.4552967, 48.6378856 ], [ 5.4556812, 48.637515 ], [ 5.4565665, 48.6375732 ], [ 5.4582414, 48.6383387 ], [ 5.4613786, 48.6399379 ], [ 5.4641837, 48.6380557 ], [ 5.4658601, 48.639082 ], [ 5.4662119, 48.6388831 ], [ 5.4694505, 48.6420764 ], [ 5.4702314, 48.6416174 ], [ 5.4716333, 48.6414561 ], [ 5.4719641, 48.641559 ], [ 5.4726283, 48.6415911 ], [ 5.4760864, 48.6416642 ], [ 5.4773846, 48.641837 ], [ 5.478108, 48.6411695 ], [ 5.4790272, 48.6415103 ], [ 5.4793349, 48.6414697 ], [ 5.4800559, 48.6409822 ], [ 5.4829125, 48.6409425 ], [ 5.4829371, 48.641347 ], [ 5.4840843, 48.6412268 ], [ 5.4877075, 48.6405455 ], [ 5.4883534, 48.6428466 ], [ 5.4880087, 48.6428817 ], [ 5.4882453, 48.6436021 ], [ 5.4878095, 48.6436607 ], [ 5.4878746, 48.6460586 ], [ 5.4881187, 48.6464495 ], [ 5.4886787, 48.6469174 ], [ 5.4882942, 48.6470559 ], [ 5.4900165, 48.6479451 ], [ 5.4922046, 48.6499161 ], [ 5.492812, 48.6505765 ], [ 5.4933378, 48.6514636 ], [ 5.4954375, 48.6508068 ], [ 5.4969761, 48.652794 ], [ 5.4974509, 48.6527814 ], [ 5.497706, 48.6536292 ], [ 5.4980531, 48.6542122 ], [ 5.4993927, 48.6554989 ], [ 5.5004379, 48.656763 ], [ 5.5000172, 48.6570256 ], [ 5.5004048, 48.6575754 ], [ 5.5024941, 48.6596212 ], [ 5.503326, 48.6591511 ], [ 5.5052162, 48.6605809 ], [ 5.5082562, 48.6625598 ], [ 5.5142576, 48.6653725 ], [ 5.5130912, 48.6662349 ], [ 5.5142499, 48.6679824 ], [ 5.5148575, 48.6691746 ], [ 5.5151033, 48.6697085 ], [ 5.5152159, 48.6706096 ], [ 5.5162029, 48.6707625 ], [ 5.5163567, 48.6705685 ], [ 5.5167211, 48.6706589 ], [ 5.517465, 48.6727616 ], [ 5.5176294, 48.6729876 ], [ 5.5197634, 48.6742987 ], [ 5.519479, 48.6744037 ], [ 5.5222553, 48.676125 ], [ 5.5179854, 48.6797861 ], [ 5.5191028, 48.6803277 ], [ 5.5241204, 48.6812339 ], [ 5.5246093, 48.6811984 ], [ 5.5255135, 48.6812638 ], [ 5.5325022, 48.6822324 ], [ 5.5376086, 48.6819348 ], [ 5.5384031, 48.682034 ], [ 5.5408822, 48.6825418 ], [ 5.5417552, 48.6826366 ], [ 5.542609, 48.6826715 ], [ 5.5466075, 48.682506 ], [ 5.5506979, 48.6828046 ], [ 5.55346, 48.6831208 ], [ 5.5548166, 48.683377 ], [ 5.5559822, 48.683784 ], [ 5.5575598, 48.6845817 ], [ 5.5601922, 48.6856888 ], [ 5.5605874, 48.6859871 ], [ 5.5607974, 48.6863057 ], [ 5.5613918, 48.6860383 ], [ 5.5626632, 48.685911 ], [ 5.5663659, 48.6859466 ], [ 5.5702573, 48.6852589 ], [ 5.5722212, 48.6851184 ], [ 5.5729502, 48.6851855 ], [ 5.5737946, 48.6851376 ], [ 5.5766725, 48.684764 ], [ 5.5777184, 48.6858528 ], [ 5.5786418, 48.6872413 ], [ 5.5835419, 48.6873818 ], [ 5.5852335, 48.687535 ], [ 5.5888415, 48.6875485 ], [ 5.5897803, 48.6874849 ], [ 5.5916822, 48.6871907 ], [ 5.5924357, 48.6868998 ], [ 5.593958, 48.6869558 ], [ 5.594537, 48.6884335 ], [ 5.5967137, 48.6908519 ], [ 5.596824, 48.6911015 ], [ 5.5967139, 48.6915404 ], [ 5.5957363, 48.6929026 ], [ 5.5954504, 48.6935784 ], [ 5.5935618, 48.6954319 ], [ 5.59337, 48.6960039 ], [ 5.5935979, 48.6964616 ], [ 5.5969241, 48.6979037 ], [ 5.5983998, 48.699037 ], [ 5.5988764, 48.699491 ], [ 5.5992139, 48.7000155 ], [ 5.5984688, 48.7003152 ], [ 5.5953375, 48.7009387 ], [ 5.5924341, 48.7005689 ], [ 5.5932603, 48.7013537 ], [ 5.5917619, 48.7013512 ], [ 5.5910273, 48.7016443 ], [ 5.591065, 48.7017731 ], [ 5.593824, 48.7021658 ], [ 5.5947629, 48.7021823 ], [ 5.5950677, 48.7020487 ], [ 5.5972472, 48.702543 ], [ 5.5981911, 48.7030966 ], [ 5.5992404, 48.7034724 ], [ 5.6021377, 48.7043173 ], [ 5.6027888, 48.7044237 ], [ 5.6034044, 48.7046901 ], [ 5.6048392, 48.7048883 ], [ 5.6063006, 48.7055916 ], [ 5.606504, 48.7058526 ], [ 5.6073517, 48.7064109 ], [ 5.6077043, 48.7065004 ], [ 5.6088343, 48.7071822 ], [ 5.6093428, 48.7074266 ], [ 5.6097132, 48.7074662 ], [ 5.6104756, 48.7077024 ], [ 5.6105591, 48.7080398 ], [ 5.6125446, 48.7083707 ], [ 5.6142648, 48.7084815 ], [ 5.6155286, 48.7097425 ], [ 5.6166258, 48.7105266 ], [ 5.61856, 48.7095329 ], [ 5.6191108, 48.7096441 ], [ 5.6198155, 48.7100291 ], [ 5.6205643, 48.7111331 ], [ 5.6218187, 48.7104396 ], [ 5.6227181, 48.7114529 ], [ 5.6248709, 48.7104282 ], [ 5.6257649, 48.7100891 ], [ 5.6271299, 48.7097593 ], [ 5.6262777, 48.7074941 ], [ 5.6270952, 48.7072295 ], [ 5.6314442, 48.7065117 ], [ 5.6313315, 48.7060022 ], [ 5.6306748, 48.7055172 ], [ 5.6305321, 48.7049777 ], [ 5.6285372, 48.7044061 ], [ 5.6275234, 48.7042529 ], [ 5.6270718, 48.7040883 ], [ 5.6262587, 48.7034376 ], [ 5.6259995, 48.7030698 ], [ 5.6259309, 48.7027869 ], [ 5.6259751, 48.7025565 ], [ 5.62634, 48.7022163 ], [ 5.6264993, 48.7017881 ], [ 5.6268336, 48.7013793 ], [ 5.6279455, 48.7006979 ], [ 5.6291886, 48.6991676 ], [ 5.6295422, 48.6983858 ], [ 5.6295235, 48.6973117 ], [ 5.6297684, 48.6967762 ], [ 5.6305475, 48.6962641 ], [ 5.6314887, 48.6946549 ], [ 5.6319913, 48.6944044 ], [ 5.6323617, 48.694362 ], [ 5.632761, 48.6944369 ], [ 5.6335131, 48.6947398 ], [ 5.6339203, 48.6948073 ], [ 5.6357471, 48.6946139 ], [ 5.6374862, 48.6951613 ], [ 5.6378426, 48.6951643 ], [ 5.6383576, 48.6950269 ], [ 5.6390065, 48.6950359 ], [ 5.6410356, 48.6955895 ], [ 5.6434387, 48.6960105 ], [ 5.6438608, 48.6958625 ], [ 5.6441573, 48.6955968 ], [ 5.644281, 48.6953276 ], [ 5.6442634, 48.6949536 ], [ 5.6438983, 48.6945631 ], [ 5.6430914, 48.6944406 ], [ 5.6429194, 48.6943454 ], [ 5.6428753, 48.6939567 ], [ 5.643035, 48.6937551 ], [ 5.6432937, 48.6936558 ], [ 5.6439537, 48.6936421 ], [ 5.6457748, 48.6940616 ], [ 5.6466504, 48.694440799999988 ], [ 5.6470541, 48.6947342 ], [ 5.6495133, 48.6971752 ], [ 5.6529086, 48.7000515 ], [ 5.6540189, 48.7013003 ], [ 5.6543863, 48.7022703 ], [ 5.6547213, 48.7028163 ], [ 5.6550111, 48.7031402 ], [ 5.655256, 48.7032247 ], [ 5.6557445, 48.7031787 ], [ 5.6559617, 48.702957 ], [ 5.6559679, 48.7026518 ], [ 5.6557535, 48.702446 ], [ 5.6557456, 48.7022374 ], [ 5.6561854, 48.7006994 ], [ 5.6565891, 48.699894 ], [ 5.6565851, 48.6997096 ], [ 5.656445, 48.6995471 ], [ 5.6559824, 48.6994593 ], [ 5.65519, 48.699784799999989 ], [ 5.6548724, 48.6997684 ], [ 5.6546112, 48.6995529 ], [ 5.6545873, 48.6993752 ], [ 5.6547067, 48.6992385 ], [ 5.6565683, 48.6988712 ], [ 5.6572258, 48.6984597 ], [ 5.6574469, 48.698423299999988 ], [ 5.6577093, 48.6984768 ], [ 5.657873, 48.6986468 ], [ 5.6578775, 48.6991642 ], [ 5.6580514, 48.6993475 ], [ 5.6586676, 48.6994607 ], [ 5.6596783, 48.699445399999988 ], [ 5.6600442, 48.699316599999989 ], [ 5.6606939, 48.6989124 ], [ 5.661057, 48.6983535 ], [ 5.6615744, 48.6978614 ], [ 5.6618143, 48.697794 ], [ 5.66205, 48.6978301 ], [ 5.6624433, 48.6981318 ], [ 5.6624764, 48.6997411 ], [ 5.6622846, 48.6999803 ], [ 5.6614166, 48.7004217 ], [ 5.6612449, 48.700655 ], [ 5.6613287, 48.7009655 ], [ 5.6620294, 48.7010542 ], [ 5.6632835, 48.7006662 ], [ 5.6648615, 48.70055 ], [ 5.665327, 48.7005864 ], [ 5.6656705, 48.700711 ], [ 5.6660393, 48.7009043 ], [ 5.6664076, 48.7012471 ], [ 5.6663623, 48.7016108 ], [ 5.665873, 48.7021743 ], [ 5.6654308, 48.7024083 ], [ 5.6648321, 48.7025584 ], [ 5.6643543, 48.7027878 ], [ 5.6641874, 48.7029535 ], [ 5.6641875, 48.7032226 ], [ 5.6644883, 48.7039223 ], [ 5.6644346, 48.7046291 ], [ 5.664795, 48.7052429 ], [ 5.6647062, 48.7057417 ], [ 5.6649824, 48.7060658 ], [ 5.6653466, 48.7061674 ], [ 5.6660713, 48.7062196 ], [ 5.6664793, 48.706089 ], [ 5.6666316, 48.7058219 ], [ 5.666713, 48.7054727 ], [ 5.6666146, 48.705169 ], [ 5.6656911, 48.7047117 ], [ 5.6654398, 48.7044501 ], [ 5.6652632, 48.7040004 ], [ 5.6654017, 48.7034367 ], [ 5.6656321, 48.7033424 ], [ 5.6662154, 48.7033159 ], [ 5.6665587, 48.7034081 ], [ 5.6668879, 48.7037841 ], [ 5.6670369, 48.7041723 ], [ 5.6674419, 48.7043819 ], [ 5.6678979, 48.7047659 ], [ 5.6683522, 48.7049807 ], [ 5.6709286, 48.7054558 ], [ 5.6747807, 48.7065448 ], [ 5.6749604, 48.7067613 ], [ 5.675232, 48.7075507 ], [ 5.675662, 48.7081674 ], [ 5.6762741, 48.7085416 ], [ 5.6770921, 48.708849 ], [ 5.6771606, 48.7106357 ], [ 5.6777447, 48.7105713 ], [ 5.6777426, 48.7118043 ], [ 5.680733, 48.7141616 ], [ 5.6802643, 48.7144367 ], [ 5.6796708, 48.714558 ], [ 5.6799764, 48.715001099999988 ], [ 5.683725, 48.7137397 ], [ 5.6857961, 48.7133673 ], [ 5.6876786, 48.7131638 ], [ 5.6887153, 48.7139117 ], [ 5.6902179, 48.7144898 ], [ 5.6918028, 48.7142623 ], [ 5.6923133, 48.714114 ], [ 5.692682, 48.7145134 ], [ 5.6911627, 48.7151956 ], [ 5.6914892, 48.7160405 ], [ 5.6927922, 48.7179694 ], [ 5.696275, 48.7198068 ], [ 5.6970155, 48.7193706 ], [ 5.6989237, 48.7206873 ], [ 5.7015132, 48.7221811 ], [ 5.7019856, 48.7223468 ], [ 5.7033577, 48.7236036 ], [ 5.7036678, 48.723997 ], [ 5.7048001, 48.7246904 ], [ 5.7109667, 48.7274807 ], [ 5.7123445, 48.7287588 ], [ 5.7136354, 48.7297257 ], [ 5.7178361, 48.7324685 ], [ 5.7190136, 48.7329511 ], [ 5.7258493, 48.7373948 ], [ 5.7219596, 48.7399314 ], [ 5.7139441, 48.7445381 ], [ 5.7256242, 48.7528646 ], [ 5.7325727, 48.7485615 ], [ 5.7365198, 48.7510629 ], [ 5.736948, 48.7511071 ], [ 5.7385624, 48.7517351 ], [ 5.7388586, 48.7523736 ], [ 5.7390835, 48.7532108 ], [ 5.739037, 48.7538022 ], [ 5.738729, 48.7549351 ], [ 5.7419918, 48.7528173 ], [ 5.7456013, 48.7592364 ], [ 5.7448563, 48.7595398 ], [ 5.7413958, 48.7605939 ], [ 5.7410373, 48.759677 ], [ 5.7388401, 48.7605275 ], [ 5.7365471, 48.7612397 ], [ 5.7343135, 48.7615285 ], [ 5.7351392, 48.764401 ], [ 5.7376103, 48.7683779 ], [ 5.7368154, 48.7705092 ], [ 5.750592, 48.779263 ], [ 5.7676056, 48.7902847 ], [ 5.7683771, 48.7906043 ], [ 5.7715963, 48.7894147 ], [ 5.7745457, 48.7912198 ], [ 5.7763116, 48.7902618 ], [ 5.7775482, 48.7957577 ], [ 5.7779109, 48.798219599999989 ], [ 5.7779097, 48.7994507 ], [ 5.7781978, 48.7998454 ], [ 5.7753743, 48.7990605 ], [ 5.7673206, 48.7964891 ], [ 5.7657361, 48.795867 ], [ 5.7642621, 48.7951191 ], [ 5.7625556, 48.7940697 ], [ 5.7585676, 48.7965187 ], [ 5.7571101, 48.8003833 ], [ 5.7571964, 48.800726 ], [ 5.7578874, 48.8011969 ], [ 5.7677805, 48.8042294 ], [ 5.768899, 48.8043331 ], [ 5.7689644, 48.8048716 ], [ 5.7699491, 48.806866299999989 ], [ 5.7709226, 48.8076744 ], [ 5.7729292, 48.8109476 ], [ 5.7759164, 48.8151799 ], [ 5.7744851, 48.8186525 ], [ 5.7742385, 48.8189867 ], [ 5.7729012, 48.8221035 ], [ 5.7799638, 48.8244358 ], [ 5.7799275, 48.8252889 ], [ 5.7806642, 48.8267575 ], [ 5.7816845, 48.8282537 ], [ 5.7813043, 48.8283831 ], [ 5.7812911, 48.8296676 ], [ 5.7809235, 48.830289 ], [ 5.7806158, 48.8304482 ], [ 5.7800342, 48.8313256 ], [ 5.7818952, 48.8321759 ], [ 5.7820617, 48.83246 ], [ 5.7819836, 48.8329118 ], [ 5.7807842, 48.8355962 ], [ 5.7782212, 48.8370758 ], [ 5.7778578, 48.837367699999987 ], [ 5.7782856, 48.837720399999988 ], [ 5.7788595, 48.8380266 ], [ 5.7788974, 48.8382786 ], [ 5.7785099, 48.8394988 ], [ 5.7789914, 48.839682 ], [ 5.7788141, 48.8408821 ], [ 5.7785288, 48.841668 ], [ 5.776634, 48.8433345 ], [ 5.7785103, 48.8446435 ], [ 5.7778697, 48.8449292 ], [ 5.7767058, 48.8456798 ], [ 5.7769736, 48.8458688 ], [ 5.7755625, 48.8467673 ], [ 5.7755335, 48.8469641 ], [ 5.7753176, 48.8472373 ], [ 5.7755469, 48.8474983 ], [ 5.7748638, 48.8478553 ], [ 5.7748042, 48.8479916 ], [ 5.7757842, 48.8483684 ], [ 5.7744312, 48.8502293 ], [ 5.7734677, 48.851776 ], [ 5.7759648, 48.8521671 ], [ 5.7759717, 48.8526025 ], [ 5.7762284, 48.8526092 ], [ 5.7764489, 48.8527291 ], [ 5.7764628, 48.8529394 ], [ 5.7757993, 48.8532571 ], [ 5.7769545, 48.8546935 ], [ 5.777664, 48.8552377 ], [ 5.7758353, 48.8568756 ], [ 5.7751537, 48.8573666 ], [ 5.7740914, 48.8575478 ], [ 5.7726594, 48.8580336 ], [ 5.7710162, 48.8583174 ], [ 5.7695445, 48.8596482 ], [ 5.7692225, 48.8597987 ], [ 5.7682831, 48.8612152 ], [ 5.7687288, 48.861312 ], [ 5.7682895, 48.8624119 ], [ 5.7680289, 48.8624107 ], [ 5.7673244, 48.8643213 ], [ 5.7687333, 48.8647827 ], [ 5.768748, 48.8650073 ], [ 5.7678827, 48.8669989 ], [ 5.768751, 48.8671165 ], [ 5.7682337, 48.8693944 ], [ 5.7674118, 48.8693279 ], [ 5.767216, 48.8694683 ], [ 5.7646022, 48.8723669 ], [ 5.7644664, 48.8723268 ], [ 5.7641196, 48.8727587 ], [ 5.7653528, 48.8731945 ], [ 5.7632881, 48.8744912 ], [ 5.7642371, 48.8752027 ], [ 5.7608642, 48.8772755 ], [ 5.7600187, 48.8770503 ], [ 5.7596696, 48.8773355 ], [ 5.7564817, 48.8769833 ], [ 5.7532061, 48.8771631 ], [ 5.751996, 48.8773169 ], [ 5.7506029, 48.8771591 ], [ 5.7493773, 48.8779242 ], [ 5.7502177, 48.8782595 ], [ 5.749058, 48.8799382 ], [ 5.7472994, 48.8793442 ], [ 5.7467802, 48.8798717 ], [ 5.7457041, 48.8794915 ], [ 5.7454192, 48.8799354 ], [ 5.7451491, 48.8799884 ], [ 5.7422739, 48.8795108 ], [ 5.7410069, 48.878922499999987 ], [ 5.7401031, 48.879403 ], [ 5.7395025, 48.880304 ], [ 5.7391901, 48.8806171 ], [ 5.7375313, 48.88018 ], [ 5.7378868, 48.8791829 ], [ 5.7375339, 48.8791136 ], [ 5.7363033, 48.8807479 ], [ 5.7343019, 48.8801269 ], [ 5.7335922, 48.8811086 ], [ 5.731595, 48.880438 ], [ 5.7313269, 48.8809696 ], [ 5.7309368, 48.8808165 ], [ 5.7307529, 48.8810817 ], [ 5.7312162, 48.881279 ], [ 5.7291698, 48.8837795 ], [ 5.7286025, 48.8841758 ], [ 5.7283439, 48.884188 ], [ 5.7270213, 48.884803 ], [ 5.7267742, 48.8847223 ], [ 5.7263276, 48.8849493 ], [ 5.7260724, 48.8847922 ], [ 5.7258138, 48.8848035 ], [ 5.725279, 48.8844396 ], [ 5.7243822, 48.8848235 ], [ 5.722481, 48.8851781 ], [ 5.7220611, 48.8843238 ], [ 5.7209467, 48.8832865 ], [ 5.7196057, 48.8825863 ], [ 5.7194966, 48.8823782 ], [ 5.7195311, 48.8817574 ], [ 5.7196417, 48.881682 ], [ 5.7193583, 48.8802532 ], [ 5.7197194, 48.8793029 ], [ 5.7192148, 48.8790453 ], [ 5.7187129, 48.8786059 ], [ 5.7181705, 48.878615499999988 ], [ 5.7174377, 48.8788733 ], [ 5.7151841, 48.8789812 ], [ 5.7125105, 48.8797482 ], [ 5.7096871, 48.8797104 ], [ 5.7090746, 48.879763 ], [ 5.7078634, 48.880189 ], [ 5.7068821, 48.8803912 ], [ 5.7067125, 48.8803825 ], [ 5.7058227, 48.8796431 ], [ 5.7024803, 48.8790933 ], [ 5.7026604, 48.8789362 ], [ 5.7051131, 48.8786423 ], [ 5.7040922, 48.8778988 ], [ 5.7036611, 48.8776889 ], [ 5.7018067, 48.8776273 ], [ 5.7009004, 48.877224 ], [ 5.699941, 48.876349399999988 ], [ 5.698151, 48.8744254 ], [ 5.6955261, 48.87334 ], [ 5.6947137, 48.8731145 ], [ 5.6944822, 48.8728047 ], [ 5.6950909, 48.8717832 ], [ 5.6952388, 48.8718465 ], [ 5.6955771, 48.8713988 ], [ 5.6964362, 48.8699199 ], [ 5.6969066, 48.8694945 ], [ 5.6962956, 48.8693373 ], [ 5.6959094, 48.8691508 ], [ 5.6959562, 48.8690273 ], [ 5.6956102, 48.8688516 ], [ 5.6952689, 48.8688448 ], [ 5.6948412, 48.8686979 ], [ 5.6939852, 48.8681818 ], [ 5.6934046, 48.867479499999988 ], [ 5.6958651, 48.8648964 ], [ 5.6976467, 48.8628217 ], [ 5.6976502, 48.8618372 ], [ 5.6969684, 48.861759 ], [ 5.6957429, 48.8617452 ], [ 5.6952418, 48.8616288 ], [ 5.6942076, 48.8610402 ], [ 5.6944602, 48.8606241 ], [ 5.6944059, 48.8605759 ], [ 5.6926821, 48.8601279 ], [ 5.6895858, 48.859484 ], [ 5.6871036, 48.8591636 ], [ 5.6874406, 48.8586629 ], [ 5.6873373, 48.8574802 ], [ 5.6876697, 48.8574223 ], [ 5.6879956, 48.8570505 ], [ 5.6888538, 48.8569548 ], [ 5.6891328, 48.8564149 ], [ 5.6892761, 48.8561003 ], [ 5.6891323, 48.855138 ], [ 5.6893694, 48.8542625 ], [ 5.6916872, 48.8541762 ], [ 5.6913401, 48.8540301 ], [ 5.6893867, 48.8537519 ], [ 5.6873617, 48.8533295 ], [ 5.6872386, 48.8531091 ], [ 5.6858132, 48.8534723 ], [ 5.6850413, 48.8518825 ], [ 5.6840411, 48.8502015 ], [ 5.6799324, 48.8509083 ], [ 5.6783625, 48.8510316 ], [ 5.6783543, 48.8507655 ], [ 5.6769244, 48.8473511 ], [ 5.6772621, 48.8415062 ], [ 5.6772011, 48.8414059 ], [ 5.6758291, 48.8406789 ], [ 5.6728511, 48.8389116 ], [ 5.6722286, 48.8379645 ], [ 5.6720694, 48.8373588 ], [ 5.6721949, 48.8364049 ], [ 5.6738463, 48.8367621 ], [ 5.6750368, 48.8366914 ], [ 5.6777149, 48.835302399999989 ], [ 5.6797021, 48.834052 ], [ 5.6812905, 48.8332129 ], [ 5.68152, 48.8329845 ], [ 5.6824149, 48.8324956 ], [ 5.6828558, 48.8320322 ], [ 5.6829705, 48.8312684 ], [ 5.6797421, 48.8309601 ], [ 5.6793123, 48.8308456 ], [ 5.6785282, 48.8300965 ], [ 5.6783099, 48.8301985 ], [ 5.677511, 48.8287875 ], [ 5.6773895, 48.82828 ], [ 5.6735966, 48.8240581 ], [ 5.6697209, 48.8239279 ], [ 5.6677119, 48.8231781 ], [ 5.668078, 48.8205865 ], [ 5.6651241, 48.820197 ], [ 5.662811, 48.8197581 ], [ 5.6605174, 48.8192198 ], [ 5.6594581, 48.819157 ], [ 5.6593616, 48.8199897 ], [ 5.6589917, 48.8201923 ], [ 5.6583144, 48.8198717 ], [ 5.6579348, 48.8199891 ], [ 5.6578727, 48.8200534 ], [ 5.6580187, 48.8201654 ], [ 5.657844, 48.8203474 ], [ 5.6575986, 48.8204249 ], [ 5.6567201, 48.8202203 ], [ 5.6555985, 48.8197638 ], [ 5.6553531, 48.819439 ], [ 5.6551281, 48.8193567 ], [ 5.6549225, 48.8191453 ], [ 5.6544062, 48.8190155 ], [ 5.6538549, 48.8196676 ], [ 5.6514467, 48.8190731 ], [ 5.6493411, 48.8191738 ], [ 5.6493599, 48.8199995 ], [ 5.6482365, 48.8213849 ], [ 5.6401774, 48.8196636 ], [ 5.6389993, 48.8196491 ], [ 5.6383513, 48.8195537 ], [ 5.6347785, 48.8185058 ], [ 5.6347408, 48.8191618 ], [ 5.6348487, 48.8198127 ], [ 5.6334852, 48.8199057 ], [ 5.6323801, 48.819796 ], [ 5.6305135, 48.8229021 ], [ 5.6303256, 48.824838 ], [ 5.6297461, 48.8260813 ], [ 5.6303884, 48.8271537 ], [ 5.6332439, 48.8292276 ], [ 5.6351015, 48.8309677 ], [ 5.6323882, 48.8269096 ], [ 5.6326393, 48.8260873 ], [ 5.6451691, 48.8313028 ], [ 5.6440513, 48.8379213 ], [ 5.6446945, 48.8385202 ], [ 5.6406018, 48.84199 ], [ 5.6354047, 48.8452835 ], [ 5.6313362, 48.8477439 ], [ 5.6292697, 48.8491536 ], [ 5.6256127, 48.8469835 ], [ 5.6239138, 48.844669 ], [ 5.6231546, 48.8444071 ], [ 5.6226513, 48.8441175 ], [ 5.6217254, 48.8440333 ], [ 5.6209173, 48.8445633 ], [ 5.6197879, 48.844649399999987 ], [ 5.5947836, 48.851864899999988 ], [ 5.5934353, 48.8543574 ], [ 5.5881766, 48.8633495 ], [ 5.587302, 48.8630679 ], [ 5.5854497, 48.8626509 ], [ 5.5803505, 48.8610802 ], [ 5.5786565, 48.8606893 ], [ 5.5756043, 48.8592794 ], [ 5.5742249, 48.8583274 ], [ 5.5713148, 48.8570826 ], [ 5.5698428, 48.8565995 ], [ 5.5690867, 48.8564484 ], [ 5.5696254, 48.8553436 ], [ 5.5712218, 48.852851 ], [ 5.5720464, 48.8505244 ], [ 5.5739295, 48.8473004 ], [ 5.5743637, 48.8459611 ], [ 5.5699918, 48.8475983 ], [ 5.5721346, 48.848114599999988 ], [ 5.5716119, 48.8484894 ], [ 5.5681002, 48.8496878 ], [ 5.5664001, 48.8499663 ], [ 5.565349, 48.8502453 ], [ 5.5649268, 48.8498387 ], [ 5.5611272, 48.8476256 ], [ 5.5608049, 48.847255499999989 ], [ 5.5570521, 48.8451546 ], [ 5.5559435, 48.8439546 ], [ 5.5554324, 48.8436236 ], [ 5.5543858, 48.8432141 ], [ 5.5520672, 48.842496 ], [ 5.5511472, 48.8423618 ], [ 5.5493988, 48.8422902 ], [ 5.548384, 48.842167 ], [ 5.5474331, 48.8419569 ], [ 5.5460594, 48.8411007 ], [ 5.5434753, 48.8401056 ], [ 5.5431912, 48.839731099999987 ], [ 5.5428175, 48.8383587 ], [ 5.5422038, 48.8375143 ], [ 5.5416207, 48.835871 ], [ 5.5414741, 48.8357158 ], [ 5.5381985, 48.8361318 ], [ 5.5359247, 48.8358759 ], [ 5.5356905, 48.8362435 ], [ 5.5349391, 48.8360129 ], [ 5.5350208, 48.8357862 ], [ 5.5343364, 48.8356711 ], [ 5.5341562, 48.8361419 ], [ 5.5354578, 48.8364752 ], [ 5.5346912, 48.8372211 ], [ 5.528576, 48.834348 ], [ 5.5282955, 48.8347183 ], [ 5.5265237, 48.8340458 ], [ 5.525865, 48.8335325 ], [ 5.524755, 48.8338592 ], [ 5.5234944, 48.8326521 ], [ 5.519392, 48.8337239 ], [ 5.5192739, 48.8333107 ], [ 5.5186404, 48.8335427 ], [ 5.518294, 48.8334537 ], [ 5.517197, 48.8339942 ], [ 5.5163925, 48.8339878 ], [ 5.5158958, 48.833722 ], [ 5.5163729, 48.8332989 ], [ 5.5170438, 48.8329672 ], [ 5.5194835, 48.832036699999989 ], [ 5.5241271, 48.8313629 ], [ 5.5253209, 48.8310236 ], [ 5.5257976, 48.8307625 ], [ 5.5262217, 48.8302065 ], [ 5.5264802, 48.8289602 ], [ 5.5267769, 48.8285013 ], [ 5.527139, 48.8281562 ], [ 5.523938, 48.8242215 ], [ 5.5220479, 48.8208709 ], [ 5.5229907, 48.8206711 ], [ 5.5242379, 48.8201732 ], [ 5.5247022, 48.8192924 ], [ 5.5247531, 48.8189656 ], [ 5.5245367, 48.817535 ], [ 5.5262452, 48.8167736 ], [ 5.5267794, 48.8160731 ], [ 5.5266354, 48.8153779 ], [ 5.5269551, 48.8148339 ], [ 5.5273443, 48.8144037 ], [ 5.5275345, 48.8143367 ], [ 5.528375, 48.8144161 ], [ 5.5285333, 48.8143668 ], [ 5.5287512, 48.8141382 ], [ 5.5286727, 48.8137565 ], [ 5.5283415, 48.8135584 ], [ 5.5278205, 48.8135181 ], [ 5.5264902, 48.8136749 ], [ 5.5259047, 48.8136558 ], [ 5.5253249, 48.8135835 ], [ 5.5251585, 48.8133548 ], [ 5.5251012, 48.812763 ], [ 5.5252311, 48.8124346 ], [ 5.5257538, 48.8121716 ], [ 5.5262754, 48.812308099999989 ], [ 5.5269561, 48.8121849 ], [ 5.5275995, 48.811545 ], [ 5.5276229, 48.8112125 ], [ 5.5270435, 48.8107829 ], [ 5.5260104, 48.8097627 ], [ 5.5260418, 48.8092573 ], [ 5.5262016, 48.808957 ], [ 5.5253359, 48.8085505 ], [ 5.525062, 48.8082954 ], [ 5.5245914, 48.8081155 ], [ 5.524171, 48.808774 ], [ 5.5236333, 48.8100496 ], [ 5.5233649, 48.8099923 ], [ 5.5225107, 48.8097107 ], [ 5.5186346, 48.8081269 ], [ 5.5182541, 48.808315799999988 ], [ 5.5156631, 48.8076982 ], [ 5.5167528, 48.8062562 ], [ 5.5117207, 48.8056908 ], [ 5.5112887, 48.806085 ], [ 5.5072093, 48.8047931 ], [ 5.5071567, 48.8044639 ], [ 5.5055952, 48.804314 ], [ 5.5035973, 48.803897 ], [ 5.5027073, 48.8035755 ], [ 5.501557, 48.8030219 ], [ 5.4982608, 48.8012354 ], [ 5.4965802, 48.8004445 ], [ 5.496177, 48.8008138 ], [ 5.4974462, 48.8013766 ], [ 5.4984791, 48.8020119 ], [ 5.4967358, 48.8034953 ], [ 5.4952505, 48.8043955 ], [ 5.4940347, 48.8031566 ], [ 5.4915802, 48.8023035 ], [ 5.4896213, 48.8013312 ], [ 5.4874913, 48.800452299999989 ], [ 5.4855198, 48.799813099999987 ], [ 5.479663, 48.7997863 ], [ 5.4728292, 48.7982291 ], [ 5.4674803, 48.7971312 ], [ 5.461992, 48.7961044 ], [ 5.4601905, 48.795679 ], [ 5.4591158, 48.7953295 ], [ 5.4579496, 48.7963334 ], [ 5.4524108, 48.7980192 ], [ 5.4565633, 48.8012514 ], [ 5.4588822, 48.803836499999989 ], [ 5.460228, 48.8047014 ], [ 5.46175, 48.8060099 ], [ 5.4631863, 48.8076926 ], [ 5.4655374, 48.8078331 ], [ 5.4662086, 48.8079965 ], [ 5.4664139, 48.8081317 ], [ 5.4669301, 48.808186799999987 ], [ 5.4670409, 48.8081116 ], [ 5.4672344, 48.8082273 ], [ 5.4681595, 48.808488 ], [ 5.4680598, 48.8088581 ], [ 5.4667685, 48.8097243 ], [ 5.4651757, 48.8095178 ], [ 5.45956, 48.809225 ], [ 5.4572308, 48.8089715 ], [ 5.4528117, 48.8078466 ], [ 5.4497576, 48.8080217 ], [ 5.4467239, 48.808083 ], [ 5.4462318, 48.8117633 ], [ 5.447416, 48.8157746 ], [ 5.4450507, 48.8187941 ], [ 5.4360557, 48.8161812 ], [ 5.4327946, 48.8150275 ], [ 5.4297641, 48.8138214 ], [ 5.427335, 48.8126228 ], [ 5.4270781, 48.812314 ], [ 5.4261002, 48.8118227 ], [ 5.4256102, 48.8126812 ], [ 5.4250861, 48.8125442 ], [ 5.4248588, 48.8128692 ], [ 5.4234337, 48.8121648 ], [ 5.4235113, 48.8129568 ], [ 5.4225439, 48.8131582 ], [ 5.4219879, 48.813362 ], [ 5.4214856, 48.8136349 ], [ 5.4209563, 48.8141765 ], [ 5.4209112, 48.8142908 ], [ 5.4218461, 48.8145912 ], [ 5.4223437, 48.8148322 ], [ 5.4204636, 48.817737 ], [ 5.4193251, 48.8191601 ], [ 5.4170449, 48.8229942 ], [ 5.4147215, 48.8221099 ], [ 5.4124752, 48.821772 ], [ 5.4048338, 48.8211521 ], [ 5.4014591, 48.8213702 ], [ 5.4014498, 48.8221136 ], [ 5.4013292, 48.8224247 ], [ 5.4009377, 48.8229184 ], [ 5.400592, 48.8231935 ], [ 5.4000096, 48.8234769 ], [ 5.3983524, 48.8239169 ], [ 5.3978021, 48.8243364 ], [ 5.3975717, 48.8249556 ], [ 5.3976328, 48.8257209 ], [ 5.3978388, 48.8263196 ], [ 5.3957817, 48.8263015 ], [ 5.3955729, 48.8257631 ], [ 5.3956136, 48.8252242 ], [ 5.3961911, 48.8239143 ], [ 5.3961538, 48.8236361 ], [ 5.3959157, 48.8234079 ], [ 5.3937654, 48.8227527 ], [ 5.3918448, 48.8225617 ], [ 5.3904387, 48.8222965 ], [ 5.3849325, 48.8214942 ], [ 5.3785313, 48.819528 ], [ 5.3779359, 48.8203667 ], [ 5.3770391, 48.8197637 ], [ 5.3752562, 48.819298 ], [ 5.3728162, 48.8183765 ], [ 5.3723852, 48.8179181 ], [ 5.3693064, 48.8166682 ], [ 5.3673399, 48.8156688 ], [ 5.3668455, 48.8153106 ], [ 5.3670395, 48.8150233 ], [ 5.3669334, 48.8146367 ], [ 5.367415, 48.8148926 ], [ 5.3676707, 48.8144332 ], [ 5.3671817, 48.8129934 ], [ 5.3673231, 48.8113071 ], [ 5.367525, 48.8107741 ], [ 5.3673833, 48.8107742 ], [ 5.3673693, 48.8079159 ], [ 5.3653419, 48.8077257 ], [ 5.3646905, 48.8077791 ], [ 5.3637409, 48.8079877 ], [ 5.3629697, 48.8078932 ], [ 5.3626953, 48.8072481 ], [ 5.3614599, 48.806649 ], [ 5.3607154, 48.8063632 ], [ 5.3605486, 48.806379 ], [ 5.3593643, 48.8056745 ], [ 5.359073, 48.8057397 ], [ 5.3578991, 48.8050214 ], [ 5.3574054, 48.8050096 ], [ 5.3549655, 48.8033733 ], [ 5.3568979, 48.8023392 ], [ 5.356774, 48.802100499999987 ], [ 5.3582254, 48.8011829 ], [ 5.3591937, 48.7999473 ], [ 5.3599173, 48.7987804 ], [ 5.3586553, 48.798823299999988 ], [ 5.3566802, 48.7987579 ], [ 5.354446, 48.7989873 ], [ 5.3505267, 48.7973072 ], [ 5.3483441, 48.7966537 ], [ 5.344899, 48.795333 ], [ 5.3429167, 48.7944065 ], [ 5.3422357, 48.7936487 ], [ 5.3413572, 48.7930388 ], [ 5.3400958, 48.7925749 ], [ 5.3393771, 48.7912781 ], [ 5.3380745, 48.7898936 ], [ 5.3373284, 48.7895924 ], [ 5.337353, 48.7893508 ], [ 5.3379976, 48.788361 ], [ 5.3381124, 48.7880061 ], [ 5.3381956, 48.7862454 ], [ 5.3393928, 48.7863452 ], [ 5.3407628, 48.7862869 ], [ 5.3435944, 48.7866983 ], [ 5.3438977, 48.7868112 ], [ 5.3441402, 48.7867236 ], [ 5.3444742, 48.786125899999988 ], [ 5.3449335, 48.7858029 ], [ 5.3453606, 48.7849451 ], [ 5.3458051, 48.7844424 ], [ 5.3490056, 48.7830694 ], [ 5.3495051, 48.7827915 ], [ 5.3507952, 48.7816 ], [ 5.3516773, 48.7810221 ], [ 5.3532904, 48.7796559 ], [ 5.3536211, 48.779563 ], [ 5.354421, 48.7795194 ], [ 5.3561101, 48.7782111 ], [ 5.356532, 48.7779679 ], [ 5.3583567, 48.777374 ], [ 5.3587145, 48.7770673 ], [ 5.3588934, 48.7767777 ], [ 5.3590986, 48.775324 ], [ 5.3602622, 48.773479 ], [ 5.3597592, 48.7733756 ], [ 5.359387, 48.7735728 ], [ 5.3578473, 48.7734529 ], [ 5.3574061, 48.7732088 ], [ 5.3567795, 48.7725058 ], [ 5.3561931, 48.771156 ], [ 5.3561449, 48.769576 ], [ 5.3556252, 48.7679837 ], [ 5.3557522, 48.7670598 ], [ 5.3556697, 48.7663479 ], [ 5.3560696, 48.7656472 ], [ 5.3563127, 48.7647012 ], [ 5.3566734, 48.7640984 ], [ 5.3578957, 48.7626841 ], [ 5.3582553, 48.7620283 ], [ 5.3598612, 48.7603103 ], [ 5.3602604, 48.7597185 ], [ 5.3602238, 48.7593908 ], [ 5.3600667, 48.7592256 ], [ 5.3590256, 48.7586541 ], [ 5.3588838, 48.7581971 ], [ 5.3590924, 48.7565796 ], [ 5.3595294, 48.7551376 ], [ 5.3602449, 48.7545305 ], [ 5.3618584, 48.7536789 ], [ 5.3619473, 48.753447699999988 ], [ 5.3615432, 48.7523966 ], [ 5.3612309, 48.7503953 ], [ 5.3609524, 48.7498636 ], [ 5.3616123, 48.7501034 ], [ 5.3625246, 48.750687299999989 ], [ 5.3639454, 48.751865 ], [ 5.3653493, 48.7522466 ], [ 5.3664124, 48.752284 ], [ 5.3672696, 48.7526404 ], [ 5.3691038, 48.752488799999988 ], [ 5.3718851, 48.7514384 ], [ 5.3729744, 48.7512125 ], [ 5.3742621, 48.7511338 ], [ 5.3770144, 48.7505239 ], [ 5.3772203, 48.7505639 ], [ 5.3772346, 48.7507885 ], [ 5.3777144, 48.7508662 ], [ 5.3785054, 48.7499786 ], [ 5.3789729, 48.7502941 ], [ 5.3799605, 48.7497201 ], [ 5.3800974, 48.7492927 ], [ 5.3809566, 48.7497812 ], [ 5.3811154, 48.7494739 ], [ 5.38173, 48.7496434 ], [ 5.3819135, 48.7494004 ], [ 5.3822553, 48.7494368 ], [ 5.3837858, 48.7500271 ], [ 5.3841256, 48.7500185 ], [ 5.384447, 48.7496954 ], [ 5.3851265, 48.7496773 ], [ 5.3853733, 48.7493601 ], [ 5.3859618, 48.7495553 ], [ 5.3862809, 48.7493024 ], [ 5.3882991, 48.750556 ], [ 5.3887575, 48.7501959 ], [ 5.3894913, 48.7504727 ], [ 5.3916759, 48.750842 ], [ 5.3922775, 48.7506671 ], [ 5.3918948, 48.7527083 ], [ 5.3941816, 48.7530791 ], [ 5.396193, 48.7539719 ], [ 5.3965265, 48.7535288 ], [ 5.3979064, 48.7540031 ], [ 5.3974384, 48.7544795 ], [ 5.3989914, 48.7550476 ], [ 5.4012356, 48.7559986 ], [ 5.4014828, 48.7557201 ], [ 5.4049355, 48.7570228 ], [ 5.4066016, 48.7573861 ], [ 5.4064658, 48.7582472 ], [ 5.4073438, 48.7583411 ], [ 5.4074923, 48.7589626 ], [ 5.4084473, 48.758865 ], [ 5.4090777, 48.7589297 ], [ 5.4122305, 48.7596543 ], [ 5.4136337, 48.7573017 ], [ 5.4177661, 48.7607211 ], [ 5.421049, 48.7650088 ], [ 5.4227947, 48.7636461 ], [ 5.4281925, 48.7656277 ], [ 5.4331209, 48.766496499999988 ], [ 5.4324353, 48.7671763 ], [ 5.434311, 48.767031 ], [ 5.4364632, 48.7669754 ], [ 5.4384975, 48.7670185 ], [ 5.4419036, 48.7672314 ], [ 5.4438626, 48.7675845 ], [ 5.4440697, 48.7676766 ], [ 5.4443141, 48.7675465 ], [ 5.4455059, 48.7674168 ], [ 5.4447509, 48.7669635 ], [ 5.4470722, 48.7661016 ], [ 5.4475299, 48.7658484 ], [ 5.4480752, 48.7646179 ], [ 5.44853, 48.7631995 ], [ 5.44851, 48.7626285 ], [ 5.448381, 48.7610681 ], [ 5.4478168, 48.7591675 ], [ 5.4477268, 48.7585242 ], [ 5.4494866, 48.7573084 ], [ 5.4539192, 48.7561205 ], [ 5.4517732, 48.7539528 ], [ 5.4514614, 48.7535417 ], [ 5.4510368, 48.7526731 ], [ 5.449011, 48.750798 ], [ 5.4483431, 48.7503393 ], [ 5.4477215, 48.7491543 ], [ 5.4469647, 48.7484815 ], [ 5.4463081, 48.7475672 ], [ 5.4453374, 48.7468573 ], [ 5.4445827, 48.7465776 ], [ 5.4452442, 48.7466991 ], [ 5.4458837, 48.7469604 ], [ 5.4487377, 48.7487133 ], [ 5.4505146, 48.7494633 ], [ 5.4529323, 48.7512232 ], [ 5.4534047, 48.7514879 ], [ 5.4537705, 48.751655 ], [ 5.455503, 48.7521521 ], [ 5.4569086, 48.7528718 ], [ 5.4580459, 48.7531237 ], [ 5.4604082, 48.7539884 ], [ 5.4640792, 48.7548386 ], [ 5.4688629, 48.755187 ], [ 5.4678171, 48.7531012 ], [ 5.4658982, 48.7508526 ], [ 5.4667117, 48.7498405 ], [ 5.4674064, 48.748732 ], [ 5.4667687, 48.7469293 ], [ 5.467455, 48.7468539 ], [ 5.4681615, 48.7479245 ], [ 5.472181, 48.7375515 ], [ 5.4740239, 48.7387749 ], [ 5.4763628, 48.7400699 ], [ 5.4805583, 48.7411508 ], [ 5.4831056, 48.7421605 ], [ 5.4853636, 48.7432644 ], [ 5.4838736, 48.7416298 ], [ 5.4809662, 48.7394281 ], [ 5.4784334, 48.7373453 ], [ 5.4761156, 48.7357755 ], [ 5.4733997, 48.7345864 ], [ 5.4707542, 48.7336181 ], [ 5.4713959, 48.7324323 ], [ 5.4753207, 48.7330132 ], [ 5.475676, 48.7320997 ], [ 5.4736906, 48.7308487 ], [ 5.4721277, 48.729701299999988 ], [ 5.4717757, 48.7293064 ], [ 5.4731742, 48.7285917 ], [ 5.4747775, 48.7297877 ], [ 5.4767834, 48.7309258 ], [ 5.4788482, 48.7323848 ], [ 5.4801267, 48.733412 ], [ 5.4839505, 48.7369553 ], [ 5.4871751, 48.7388759 ], [ 5.4874663, 48.7377063 ], [ 5.4874359, 48.737212 ], [ 5.4878391, 48.7372234 ], [ 5.4881225, 48.7371167 ], [ 5.4884359, 48.7357865 ], [ 5.4896571, 48.7333521 ], [ 5.488251, 48.7330188 ], [ 5.4884335, 48.7326235 ], [ 5.4887397, 48.7311134 ], [ 5.4892272, 48.7302691 ] ], [ [ 5.6295656, 48.8271597 ], [ 5.6282368, 48.8283788 ], [ 5.6242612, 48.8334781 ], [ 5.6347682, 48.8356718 ], [ 5.6302272, 48.8278318 ], [ 5.6300399, 48.8273445 ], [ 5.6295656, 48.8271597 ] ] ], [ [ [ 5.6467503, 48.8595478 ], [ 5.6444397, 48.8583217 ], [ 5.6439246, 48.8578375 ], [ 5.6432907, 48.8564574 ], [ 5.6435212, 48.8560547 ], [ 5.6449747, 48.854829 ], [ 5.6503494, 48.8600563 ], [ 5.6498719, 48.8605736 ], [ 5.6497988, 48.8608525 ], [ 5.6467503, 48.8595478 ] ] ] ] } },
{ "type": "Feature", "properties": { "code_departement": 55.0, "code_rne": "0550848Y", "multisecteur": 0.0 }, "geometry": { "type": "MultiPolygon", "coordinates": [ [ [ [ 5.0844361, 48.7286229 ], [ 5.0843681, 48.7282498 ], [ 5.0840233, 48.7279922 ], [ 5.0826276, 48.7275064 ], [ 5.0803998, 48.7265808 ], [ 5.0781212, 48.7259151 ], [ 5.0761387, 48.7255465 ], [ 5.0721086, 48.7260115 ], [ 5.0696412, 48.7267544 ], [ 5.0688611, 48.7270765 ], [ 5.068529, 48.7274133 ], [ 5.0675295, 48.726521 ], [ 5.0671698, 48.7258534 ], [ 5.0666684, 48.7255534 ], [ 5.0656824, 48.7255867 ], [ 5.0657503, 48.7247578 ], [ 5.060959, 48.7239913 ], [ 5.0618015, 48.7251482 ], [ 5.0598126, 48.7258528 ], [ 5.0590503, 48.7262151 ], [ 5.0577509, 48.7278903 ], [ 5.0579899, 48.7285718 ], [ 5.0580037, 48.7293345 ], [ 5.0562419, 48.7294603 ], [ 5.0562029, 48.7296085 ], [ 5.0549187, 48.7296351 ], [ 5.0500556, 48.7300939 ], [ 5.0500366, 48.7303732 ], [ 5.0474771, 48.7305836 ], [ 5.0461004, 48.7305055 ], [ 5.0458867, 48.7307089 ], [ 5.0442689, 48.7306916 ], [ 5.0420828, 48.7305401 ], [ 5.0411402, 48.7301208 ], [ 5.03934, 48.7302029 ], [ 5.0364052, 48.7296852 ], [ 5.0360146, 48.7296775 ], [ 5.0353248, 48.729844 ], [ 5.0348342, 48.7295411 ], [ 5.0343547, 48.7289627 ], [ 5.0332066, 48.7289561 ], [ 5.0331765, 48.728532 ], [ 5.0332748, 48.7283666 ], [ 5.0332007, 48.7282787 ], [ 5.0330244, 48.7281864 ], [ 5.0328173, 48.7283537 ], [ 5.0312535, 48.7276938 ], [ 5.0280599, 48.725757 ], [ 5.0250639, 48.7243171 ], [ 5.0242343, 48.7237877 ], [ 5.0217511, 48.7215724 ], [ 5.0211238, 48.7197683 ], [ 5.0211872, 48.7183511 ], [ 5.0207473, 48.713832 ], [ 5.0205613, 48.7133475 ], [ 5.0203667, 48.7112697 ], [ 5.0199253, 48.7107526 ], [ 5.0200848, 48.7088299 ], [ 5.019169, 48.7088787 ], [ 5.0156568, 48.7096345 ], [ 5.0124782, 48.7069872 ], [ 5.0117843, 48.7066876 ], [ 5.0086471, 48.7077931 ], [ 5.0054597, 48.7092225 ], [ 5.0017593, 48.7112838 ], [ 5.001489, 48.7112901 ], [ 5.0003135, 48.7109122 ], [ 4.9972573, 48.7095958 ], [ 4.9979199, 48.7082225 ], [ 4.9987592, 48.7073492 ], [ 4.9998075, 48.7066065 ], [ 5.0009345, 48.706041399999989 ], [ 5.0020489, 48.7052517 ], [ 5.0026313, 48.7046994 ], [ 5.0056382, 48.6999909 ], [ 5.0064064, 48.6990747 ], [ 5.006395, 48.6988499 ], [ 5.0061913, 48.6988542 ], [ 5.0054265, 48.6985117 ], [ 5.0052115, 48.6982922 ], [ 5.0048253, 48.6974007 ], [ 5.003839, 48.6967038 ], [ 5.0032522, 48.6958625 ], [ 5.002086, 48.6945847 ], [ 5.0016042, 48.6944605 ], [ 5.0001116, 48.6937055 ], [ 4.9997701, 48.6941584 ], [ 4.9987712, 48.6932349 ], [ 4.9980143, 48.6932026 ], [ 4.9967917, 48.6927525 ], [ 4.9961082, 48.6923645 ], [ 4.995199, 48.6913333 ], [ 4.9937606, 48.691675 ], [ 4.9919306, 48.6927592 ], [ 4.9905652, 48.693305599999988 ], [ 4.9894287, 48.6929413 ], [ 4.9893718, 48.692837 ], [ 4.9903046, 48.6921727 ], [ 4.9903399, 48.6915306 ], [ 4.9901759, 48.690648 ], [ 4.9902544, 48.6898558 ], [ 4.9901141, 48.6897754 ], [ 4.9905466, 48.6892481 ], [ 4.9902196, 48.6891924 ], [ 4.990458, 48.6888501 ], [ 4.9902641, 48.6887175 ], [ 4.9905219, 48.688458499999989 ], [ 4.9904328, 48.6883656 ], [ 4.9906303, 48.6882345 ], [ 4.9907401, 48.6880131 ], [ 4.9901617, 48.6873849 ], [ 4.9911508, 48.6868798 ], [ 4.990333, 48.6863869 ], [ 4.9897284, 48.6862107 ], [ 4.9896397, 48.6854537 ], [ 4.9886907, 48.684831699999989 ], [ 4.9884305, 48.6844221 ], [ 4.9885598, 48.6842841 ], [ 4.990364, 48.6837042 ], [ 4.99092, 48.6839613 ], [ 4.9914583, 48.6838596 ], [ 4.994004, 48.6831639 ], [ 4.9979467, 48.6819066 ], [ 4.9990202, 48.6816574 ], [ 5.0014947, 48.6822313 ], [ 5.0025339, 48.6826493 ], [ 5.00314, 48.6825455 ], [ 5.0045997, 48.6818831 ], [ 5.0074268, 48.6800657 ], [ 5.00834, 48.679326 ], [ 5.0085875, 48.6788702 ], [ 5.0090464, 48.6785448 ], [ 5.0089024, 48.6783682 ], [ 5.0090916, 48.6780942 ], [ 5.0090868, 48.6780043 ], [ 5.0081914, 48.6777549 ], [ 5.0082238, 48.6770795 ], [ 5.008853, 48.6750328 ], [ 5.0084393, 48.6749075 ], [ 5.008496, 48.6733769 ], [ 5.0080757, 48.6731168 ], [ 5.0083345, 48.6702332 ], [ 5.0082956, 48.6694691 ], [ 5.0085956, 48.668968199999988 ], [ 5.0089485, 48.6689596 ], [ 5.0091902, 48.6686397 ], [ 5.0099223, 48.6683538 ], [ 5.0101114, 48.6680798 ], [ 5.0107948, 48.6681538 ], [ 5.0110488, 48.6678337 ], [ 5.0095879, 48.6671466 ], [ 5.0076551, 48.6665161 ], [ 5.0036643, 48.6650293 ], [ 5.0004371, 48.6637195 ], [ 4.9993223, 48.6631597 ], [ 4.9992479, 48.6630259 ], [ 5.0001383, 48.6631865 ], [ 5.000752, 48.6632175 ], [ 5.0006715, 48.662994 ], [ 4.9976547, 48.6623877 ], [ 4.9979652, 48.661840899999987 ], [ 4.9962476, 48.6614297 ], [ 4.9948598, 48.6608312 ], [ 4.9950442, 48.6604673 ], [ 4.9959494, 48.6595929 ], [ 4.9942392, 48.6595864 ], [ 4.9939582, 48.6594121 ], [ 4.9935916, 48.658881 ], [ 4.9928145, 48.6582687 ], [ 4.9935239, 48.6575334 ], [ 4.9935132, 48.6560049 ], [ 4.9936185, 48.6554174 ], [ 4.9950747, 48.6533613 ], [ 4.9956122, 48.6521799 ], [ 4.9956996, 48.6512337 ], [ 4.9955463, 48.6495645 ], [ 4.9946808, 48.6461662 ], [ 4.9955595, 48.646102 ], [ 4.9973041, 48.6457029 ], [ 4.9976193, 48.645246 ], [ 4.9987633, 48.6423871 ], [ 4.9987281, 48.6417137 ], [ 4.9988316, 48.6410813 ], [ 4.9989576, 48.6408983 ], [ 5.0007694, 48.6404891 ], [ 5.0019615, 48.6399229 ], [ 5.0024106, 48.6394178 ], [ 5.0038587, 48.6388004 ], [ 5.0038539, 48.6387114 ], [ 5.0031417, 48.6380522 ], [ 5.0033339, 48.6378231 ], [ 5.0029721, 48.637382 ], [ 5.0042289, 48.6367688 ], [ 5.003938, 48.6363706 ], [ 5.0028416, 48.6361704 ], [ 5.0028998, 48.6359895 ], [ 5.0036458, 48.6359724 ], [ 5.0050557, 48.6356707 ], [ 5.0051964, 48.6344536 ], [ 5.0047086, 48.6341946 ], [ 5.0047038, 48.6341047 ], [ 5.0059215, 48.6340329 ], [ 5.0061732, 48.6336579 ], [ 5.0061635, 48.6334781 ], [ 5.0041301, 48.6324542 ], [ 5.0052963, 48.6314646 ], [ 5.0030859, 48.6301404 ], [ 5.0019024, 48.6295422 ], [ 5.0003349, 48.6289099 ], [ 5.0004996, 48.6285328 ], [ 4.9981987, 48.6277814 ], [ 4.9983627, 48.6275627 ], [ 4.9996373, 48.626745 ], [ 4.996313, 48.6253548 ], [ 4.998694, 48.6234784 ], [ 4.9975833, 48.6227529 ], [ 4.9963337, 48.6221962 ], [ 4.994787, 48.6218532 ], [ 4.9951089, 48.6207204 ], [ 4.9957212, 48.6193388 ], [ 4.9966985, 48.6177397 ], [ 4.9976055, 48.6168283 ], [ 4.9995071, 48.6145982 ], [ 5.0008558, 48.6136352 ], [ 5.0022651, 48.6128035 ], [ 5.0039805, 48.6120629 ], [ 5.0053976, 48.6115802 ], [ 5.0074179, 48.6111133 ], [ 5.0111654, 48.6107171 ], [ 5.0130687, 48.6102117 ], [ 5.0139628, 48.6101714 ], [ 5.0149859, 48.6104186 ], [ 5.017846, 48.6117136 ], [ 5.0189184, 48.6120778 ], [ 5.019509, 48.6120858 ], [ 5.02184, 48.6116908 ], [ 5.0227891, 48.6116369 ], [ 5.0273257, 48.6120303 ], [ 5.0287594, 48.6126088 ], [ 5.0294051, 48.612779499999988 ], [ 5.0327078, 48.6133323 ], [ 5.0328363, 48.6134966 ], [ 5.0327308, 48.614274 ], [ 5.0331148, 48.6150071 ], [ 5.0351005, 48.6162365 ], [ 5.0366254, 48.6191213 ], [ 5.0387932, 48.6205608 ], [ 5.0388078, 48.6208305 ], [ 5.0383773, 48.6216945 ], [ 5.0386679, 48.6220476 ], [ 5.0417739, 48.6242547 ], [ 5.0437341, 48.6253054 ], [ 5.0459124, 48.6280438 ], [ 5.0500431, 48.6315468 ], [ 5.0507607, 48.6322948 ], [ 5.0520341, 48.633300399999989 ], [ 5.0531502, 48.6338949 ], [ 5.0536945, 48.6339278 ], [ 5.0540221, 48.6336954 ], [ 5.0541975, 48.6331516 ], [ 5.0559992, 48.6325707 ], [ 5.0565289, 48.6323339 ], [ 5.0570173, 48.6324649 ], [ 5.0578265, 48.6300854 ], [ 5.0580628, 48.629743 ], [ 5.0582246, 48.6287837 ], [ 5.058294, 48.6260273 ], [ 5.0586426, 48.6229844 ], [ 5.059367, 48.621112 ], [ 5.0593054, 48.620754 ], [ 5.0595268, 48.620518 ], [ 5.0594784, 48.6164949 ], [ 5.059104, 48.6162224 ], [ 5.0595152, 48.6159814 ], [ 5.0590135, 48.6155078 ], [ 5.0596049, 48.6140857 ], [ 5.0596747, 48.6128248 ], [ 5.0595886, 48.6124663 ], [ 5.0602518, 48.6121813 ], [ 5.0612291, 48.6114301 ], [ 5.0632316, 48.6107998 ], [ 5.0638417, 48.6107856 ], [ 5.0637727, 48.609483 ], [ 5.064732, 48.608382 ], [ 5.0651582, 48.6076971 ], [ 5.06519, 48.6057178 ], [ 5.0658965, 48.6036774 ], [ 5.0668175, 48.6018491 ], [ 5.0681682, 48.5999108 ], [ 5.0684889, 48.5997541 ], [ 5.068781, 48.5992838 ], [ 5.0704853, 48.5961687 ], [ 5.0703195, 48.5959907 ], [ 5.0709646, 48.5957338 ], [ 5.073524, 48.5961337 ], [ 5.073809, 48.5955223 ], [ 5.0756656, 48.5957464 ], [ 5.075827, 48.5956086 ], [ 5.0780173, 48.5958691 ], [ 5.0799367, 48.5962747 ], [ 5.0801548, 48.596539899999989 ], [ 5.0804971, 48.5966212 ], [ 5.0808413, 48.5965774 ], [ 5.0808979, 48.5960563 ], [ 5.0824409, 48.5955578 ], [ 5.083241, 48.5954826 ], [ 5.0841143, 48.5951668 ], [ 5.0853726, 48.5945059 ], [ 5.0867569, 48.5942486 ], [ 5.0886079, 48.5935862 ], [ 5.0885134, 48.5930534 ], [ 5.0899297, 48.592921399999987 ], [ 5.0948379, 48.592863 ], [ 5.097013, 48.5931163 ], [ 5.0977336, 48.593055 ], [ 5.1015635, 48.5936758 ], [ 5.1042234, 48.5939734 ], [ 5.1045476, 48.5940739 ], [ 5.1045514, 48.5947757 ], [ 5.1092474, 48.5939925 ], [ 5.1098431, 48.5940629 ], [ 5.1099124, 48.5945386 ], [ 5.1102518, 48.5945451 ], [ 5.1120067, 48.5940956 ], [ 5.1127781, 48.5946542 ], [ 5.1130749, 48.5946471 ], [ 5.1140092, 48.5943021 ], [ 5.1154714, 48.5948709 ], [ 5.119449, 48.5957126 ], [ 5.1200185, 48.5940296 ], [ 5.1214998, 48.5926903 ], [ 5.1203197, 48.5917863 ], [ 5.1184888, 48.5901182 ], [ 5.1179676, 48.5894058 ], [ 5.1173873, 48.5883039 ], [ 5.1169826, 48.5878576 ], [ 5.1177659, 48.5875377 ], [ 5.1178835, 48.5852131 ], [ 5.1182804, 48.584497 ], [ 5.1199951, 48.5836017 ], [ 5.1215181, 48.5829275 ], [ 5.1225902, 48.5826771 ], [ 5.1226144, 48.5818677 ], [ 5.1234921, 48.581071 ], [ 5.1254515, 48.5820654 ], [ 5.1270615, 48.5800984 ], [ 5.1260844, 48.5795822 ], [ 5.1251223, 48.5793349 ], [ 5.1250496, 48.5792462 ], [ 5.1252428, 48.5790618 ], [ 5.1259749, 48.5777854 ], [ 5.127056, 48.5764558 ], [ 5.1307304, 48.5729418 ], [ 5.131645, 48.572291 ], [ 5.1343988, 48.5708225 ], [ 5.1344597, 48.5706865 ], [ 5.1347934, 48.5705887 ], [ 5.1372086, 48.5688671 ], [ 5.1397904, 48.5662821 ], [ 5.1411399, 48.5653966 ], [ 5.1435898, 48.5634061 ], [ 5.1438742, 48.5632669 ], [ 5.1442145, 48.5634668 ], [ 5.1444907, 48.5634231 ], [ 5.1450105, 48.5630061 ], [ 5.1447259, 48.5627431 ], [ 5.1456351, 48.562002299999989 ], [ 5.1461802, 48.5612104 ], [ 5.146287, 48.5602771 ], [ 5.1472395, 48.5602635 ], [ 5.1475722, 48.5599462 ], [ 5.1483875, 48.559927 ], [ 5.148896, 48.5596667 ], [ 5.1518145, 48.560782 ], [ 5.1520375, 48.5607986 ], [ 5.1531276, 48.5602408 ], [ 5.1539717, 48.5609202 ], [ 5.1555072, 48.5619308 ], [ 5.155834, 48.5624253 ], [ 5.1559389, 48.5630974 ], [ 5.1566976, 48.563349099999989 ], [ 5.1571008, 48.563295 ], [ 5.1588142, 48.5636499 ], [ 5.1608817, 48.5642747 ], [ 5.1650733, 48.565344 ], [ 5.1645715, 48.5655367 ], [ 5.163307, 48.565647 ], [ 5.1630624, 48.5657667 ], [ 5.1625978, 48.5663348 ], [ 5.1617265, 48.567103 ], [ 5.1614792, 48.5674512 ], [ 5.1612372, 48.5681269 ], [ 5.1647061, 48.5685984 ], [ 5.1688352, 48.5686393 ], [ 5.1733986, 48.5694108 ], [ 5.1740525, 48.5690596 ], [ 5.1747496, 48.5688669 ], [ 5.1752736, 48.5688159 ], [ 5.176579, 48.5689072 ], [ 5.1798559, 48.5693548 ], [ 5.1811629, 48.569644 ], [ 5.1826882, 48.5701946 ], [ 5.183529, 48.570945 ], [ 5.1839473, 48.5715789 ], [ 5.1840641, 48.5726575 ], [ 5.1849658, 48.5746063 ], [ 5.1830368, 48.577129 ], [ 5.1820439, 48.5788174 ], [ 5.1818073, 48.5794526 ], [ 5.1819975, 48.5804371 ], [ 5.1818253, 48.5807652 ], [ 5.18105, 48.5814588 ], [ 5.1785054, 48.582821 ], [ 5.1776434, 48.5831634 ], [ 5.17674, 48.583225899999988 ], [ 5.1742932, 48.5841372 ], [ 5.1743091, 48.5862867 ], [ 5.1745571, 48.586706 ], [ 5.175211, 48.5872952 ], [ 5.1765831, 48.5878361 ], [ 5.177956, 48.5886586 ], [ 5.1783768, 48.5889596 ], [ 5.1787378, 48.5895505 ], [ 5.1783588, 48.5903511 ], [ 5.1784765, 48.5907998 ], [ 5.1766878, 48.5920537 ], [ 5.1749847, 48.5930818 ], [ 5.1767504, 48.5946027 ], [ 5.1786156, 48.595482 ], [ 5.1848879, 48.5940361 ], [ 5.1869031, 48.594116 ], [ 5.1875239, 48.5949163 ], [ 5.1865693, 48.598761 ], [ 5.1873769, 48.5993869 ], [ 5.1881965, 48.599843299999989 ], [ 5.1896524, 48.6013409 ], [ 5.1899013, 48.6017773 ], [ 5.1901312, 48.603477399999989 ], [ 5.1903788, 48.6043043 ], [ 5.190583, 48.6048054 ], [ 5.1913227, 48.6059472 ], [ 5.1918057, 48.6064629 ], [ 5.1919858, 48.607654599999989 ], [ 5.1919021, 48.6079558 ], [ 5.1916337, 48.6077997 ], [ 5.1912621, 48.6068976 ], [ 5.1904272, 48.605817 ], [ 5.1901659, 48.6052468 ], [ 5.188848, 48.6039734 ], [ 5.1880834, 48.6033702 ], [ 5.1878273, 48.6027945 ], [ 5.1865698, 48.6007551 ], [ 5.1861647, 48.6002802 ], [ 5.1850736, 48.6003065 ], [ 5.1841005, 48.6002326 ], [ 5.183315, 48.5998763 ], [ 5.1834527, 48.5992087 ], [ 5.1807793, 48.5993549 ], [ 5.1798001, 48.5999506 ], [ 5.1760833, 48.6036531 ], [ 5.17687, 48.6040392 ], [ 5.1744676, 48.6042478 ], [ 5.174498, 48.6053064 ], [ 5.17373, 48.6066477 ], [ 5.1727543, 48.6077885 ], [ 5.1721226, 48.6088826 ], [ 5.172092, 48.6093222 ], [ 5.1718558, 48.6090917 ], [ 5.1711391, 48.6088582 ], [ 5.1702618, 48.6098541 ], [ 5.1698461, 48.6094847 ], [ 5.1680065, 48.6073325 ], [ 5.1635464, 48.6119299 ], [ 5.1595208, 48.6102357 ], [ 5.1588339, 48.6109213 ], [ 5.1577519, 48.6104478 ], [ 5.1564784, 48.6119142 ], [ 5.1573642, 48.6121033 ], [ 5.1583674, 48.6125081 ], [ 5.1601001, 48.6136518 ], [ 5.1669771, 48.6157027 ], [ 5.1660718, 48.6177339 ], [ 5.1657033, 48.618339 ], [ 5.1656614, 48.6186385 ], [ 5.1652828, 48.6191997 ], [ 5.1652977, 48.6194604 ], [ 5.1661172, 48.6197164 ], [ 5.1667281, 48.6204422 ], [ 5.1696015, 48.621296 ], [ 5.1706032, 48.6207712 ], [ 5.1741715, 48.6227991 ], [ 5.1745555, 48.6231889 ], [ 5.1732999, 48.624396 ], [ 5.1729303, 48.6242876 ], [ 5.1728045, 48.6237095 ], [ 5.1716335, 48.6238829 ], [ 5.1700973, 48.6238893 ], [ 5.1686967, 48.6233381 ], [ 5.1682738, 48.6233512 ], [ 5.1681849, 48.6235642 ], [ 5.1678779, 48.6238533 ], [ 5.1667644, 48.6245313 ], [ 5.1668106, 48.6241382 ], [ 5.1664508, 48.623415799999989 ], [ 5.1661077, 48.621815 ], [ 5.1658229, 48.6214926 ], [ 5.165473, 48.6213343 ], [ 5.1646116, 48.6213473 ], [ 5.1635371, 48.6215558 ], [ 5.162714, 48.6215077 ], [ 5.1578648, 48.6209883 ], [ 5.1561141, 48.6209606 ], [ 5.1535785, 48.6205242 ], [ 5.1515653, 48.6204499 ], [ 5.1508336, 48.6190927 ], [ 5.1495824, 48.6188642 ], [ 5.1491705, 48.6190453 ], [ 5.1486019, 48.619543299999989 ], [ 5.1483332, 48.6202059 ], [ 5.1476519, 48.6209993 ], [ 5.1480368, 48.6220433 ], [ 5.1481245, 48.6227913 ], [ 5.1479114, 48.6232559 ], [ 5.1488664, 48.6236049 ], [ 5.1489206, 48.6258499 ], [ 5.1483022, 48.626329 ], [ 5.1476454, 48.6264965 ], [ 5.1471765, 48.6267137 ], [ 5.1470027, 48.6272747 ], [ 5.1471, 48.6279272 ], [ 5.1474302, 48.6279014 ], [ 5.1477361, 48.628408799999988 ], [ 5.1477416, 48.6288424 ], [ 5.1483172, 48.6287753 ], [ 5.1485291, 48.629540899999988 ], [ 5.1484598, 48.6302332 ], [ 5.1477397, 48.6306133 ], [ 5.1475927, 48.6308022 ], [ 5.1478428, 48.6313727 ], [ 5.147589, 48.6319703 ], [ 5.1470382, 48.6328395 ], [ 5.1470286, 48.6331681 ], [ 5.1473518, 48.6348891 ], [ 5.1477201, 48.6356608 ], [ 5.148334, 48.6362283 ], [ 5.147759, 48.6371367 ], [ 5.1481162, 48.6374371 ], [ 5.1485557, 48.6380564 ], [ 5.1487336, 48.6388171 ], [ 5.1487538, 48.640368 ], [ 5.1484133, 48.641433299999989 ], [ 5.1486718, 48.6421071 ], [ 5.149342, 48.6424576 ], [ 5.1480521, 48.6442436 ], [ 5.149646, 48.6445019 ], [ 5.1511622, 48.6448516 ], [ 5.1508886, 48.6453316 ], [ 5.1516529, 48.6455239 ], [ 5.1521543, 48.6451369 ], [ 5.152512, 48.6452177 ], [ 5.152172, 48.6456009 ], [ 5.1525643, 48.6458277 ], [ 5.1526565, 48.6463867 ], [ 5.1539047, 48.6468878 ], [ 5.1539853, 48.6463716 ], [ 5.1541697, 48.6463971 ], [ 5.1541997, 48.6465648 ], [ 5.1546861, 48.6469025 ], [ 5.1547912, 48.6474431 ], [ 5.1558486, 48.6486847 ], [ 5.1565808, 48.648558 ], [ 5.1573924, 48.6496339 ], [ 5.1586863, 48.6491993 ], [ 5.1599112, 48.6506465 ], [ 5.1606261, 48.6516791 ], [ 5.1611429, 48.6515653 ], [ 5.1615984, 48.6519719 ], [ 5.1618979, 48.6518594 ], [ 5.1649162, 48.6538112 ], [ 5.16477, 48.6539875 ], [ 5.1658211, 48.6546073 ], [ 5.1652145, 48.6551456 ], [ 5.1664824, 48.6560152 ], [ 5.1667016, 48.6563225 ], [ 5.1668271, 48.6566316 ], [ 5.1667791, 48.6573748 ], [ 5.1669047, 48.6583083 ], [ 5.1679143, 48.6597602 ], [ 5.168317, 48.6598087 ], [ 5.1686278, 48.6601639 ], [ 5.1683271, 48.6602476 ], [ 5.1688266, 48.6609935 ], [ 5.1690141, 48.6610612 ], [ 5.1686359, 48.6617006 ], [ 5.168819, 48.6626781 ], [ 5.1691955, 48.6632399 ], [ 5.1670076, 48.6645925 ], [ 5.165219, 48.6652927 ], [ 5.1651571, 48.6656357 ], [ 5.163074, 48.6665374 ], [ 5.1603291, 48.667505 ], [ 5.1599143, 48.6670005 ], [ 5.1587191, 48.6675314 ], [ 5.158084, 48.6669878 ], [ 5.1577919, 48.6669886 ], [ 5.1572797, 48.6673155 ], [ 5.1569644, 48.667772899999989 ], [ 5.1569966, 48.6683563 ], [ 5.1575605, 48.6692801 ], [ 5.1553284, 48.6703336 ], [ 5.1507512, 48.6723095 ], [ 5.1504448, 48.6730501 ], [ 5.1499643, 48.6737229 ], [ 5.1497796, 48.6743183 ], [ 5.1498215, 48.6749752 ], [ 5.1509476, 48.6767842 ], [ 5.151886, 48.6777967 ], [ 5.152329, 48.6784599 ], [ 5.1526037, 48.6789606 ], [ 5.1527222, 48.6797593 ], [ 5.1523757, 48.6805178 ], [ 5.1516795, 48.6812637 ], [ 5.1500587, 48.6827578 ], [ 5.1495468, 48.6834617 ], [ 5.1481421, 48.6845955 ], [ 5.1485048, 48.6853511 ], [ 5.1488221, 48.6856333 ], [ 5.1491037, 48.6860691 ], [ 5.1487849, 48.6863133 ], [ 5.1482967, 48.6864724 ], [ 5.1486951, 48.6871724 ], [ 5.148266, 48.6872792 ], [ 5.1489665, 48.6885163 ], [ 5.149047, 48.6891537 ], [ 5.148288, 48.6905585 ], [ 5.1482947, 48.6911504 ], [ 5.1485404, 48.691706499999988 ], [ 5.1488452, 48.6949214 ], [ 5.1488067, 48.6965642 ], [ 5.14895, 48.697106 ], [ 5.1497554, 48.6981145 ], [ 5.1485195, 48.6985705 ], [ 5.148895, 48.6993726 ], [ 5.149564, 48.7004358 ], [ 5.1502821, 48.7011381 ], [ 5.1510599, 48.7017045 ], [ 5.1523097, 48.7022146 ], [ 5.1540861, 48.7025046 ], [ 5.1555444, 48.7026277 ], [ 5.156634, 48.7025153 ], [ 5.1573916, 48.702624 ], [ 5.1578007, 48.7029837 ], [ 5.1594873, 48.7050136 ], [ 5.1601488, 48.7060535 ], [ 5.1608278, 48.7066584 ], [ 5.1614626, 48.7074459 ], [ 5.161922, 48.7085938 ], [ 5.1624788, 48.7090381 ], [ 5.1619276, 48.7097805 ], [ 5.1617666, 48.7102918 ], [ 5.1621773, 48.7127263 ], [ 5.1613484, 48.7155307 ], [ 5.159909, 48.7152796 ], [ 5.1598306, 48.7154556 ], [ 5.1554251, 48.7145644 ], [ 5.1554865, 48.7147684 ], [ 5.1569394, 48.7156752 ], [ 5.1577877, 48.7160657 ], [ 5.1580211, 48.7163845 ], [ 5.1580378, 48.7171508 ], [ 5.1575526, 48.7180791 ], [ 5.1570528, 48.7187504 ], [ 5.1563938, 48.7191258 ], [ 5.156124, 48.7191775 ], [ 5.155424, 48.7187888 ], [ 5.153617, 48.7180675 ], [ 5.1524466, 48.71778 ], [ 5.1495103, 48.7175351 ], [ 5.1487098, 48.716917 ], [ 5.1459579, 48.7170538 ], [ 5.1447703, 48.7165443 ], [ 5.144499, 48.7166931 ], [ 5.1423272, 48.7158909 ], [ 5.1417682, 48.7159198 ], [ 5.1404104, 48.715569 ], [ 5.140939, 48.7138346 ], [ 5.1404177, 48.7129919 ], [ 5.1403209, 48.7124547 ], [ 5.1404891, 48.7120459 ], [ 5.1411958, 48.711309799999988 ], [ 5.1417034, 48.7106231 ], [ 5.1415957, 48.7082956 ], [ 5.1420214, 48.7074385 ], [ 5.1417763, 48.7061014 ], [ 5.1418008, 48.7054063 ], [ 5.1408305, 48.7051817 ], [ 5.140725, 48.7054265 ], [ 5.1400653, 48.7044558 ], [ 5.13979, 48.7043726 ], [ 5.1382364, 48.7045444 ], [ 5.1368203, 48.703356 ], [ 5.1355962, 48.7027094 ], [ 5.1347019, 48.7024807 ], [ 5.1324459, 48.7021926 ], [ 5.1315191, 48.7018331 ], [ 5.130118, 48.7015108 ], [ 5.1293196, 48.7014648 ], [ 5.1278287, 48.7015724 ], [ 5.1259191, 48.7015794 ], [ 5.1250587, 48.7015462 ], [ 5.1238509, 48.7013607 ], [ 5.1220078, 48.7014322 ], [ 5.1217992, 48.7010814 ], [ 5.1205975, 48.7002102 ], [ 5.1194319, 48.6997568 ], [ 5.1183754, 48.7002533 ], [ 5.1186422, 48.7006976 ], [ 5.1154011, 48.7020948 ], [ 5.1152506, 48.7032807 ], [ 5.1123884, 48.7041358 ], [ 5.1097836, 48.7047038 ], [ 5.109234, 48.7040873 ], [ 5.1089165, 48.704135199999989 ], [ 5.1074283, 48.704651 ], [ 5.1058903, 48.7045701 ], [ 5.1049701, 48.7046746 ], [ 5.1039648, 48.7046572 ], [ 5.1030208, 48.7036283 ], [ 5.1019004, 48.7029472 ], [ 5.1008207, 48.7035465 ], [ 5.0999678, 48.7037343 ], [ 5.0986427, 48.703844 ], [ 5.0976056, 48.7037786 ], [ 5.0962256, 48.7033656 ], [ 5.0962236, 48.7029445 ], [ 5.0955788, 48.7027957 ], [ 5.0911596, 48.7036803 ], [ 5.0915134, 48.7041654 ], [ 5.0901447, 48.7046456 ], [ 5.0898439, 48.7043656 ], [ 5.0890261, 48.704684099999987 ], [ 5.0867366, 48.7030452 ], [ 5.0855887, 48.7043564 ], [ 5.0842392, 48.7037187 ], [ 5.0837762, 48.70421 ], [ 5.0840476, 48.7044697 ], [ 5.0831542, 48.7053158 ], [ 5.0827649, 48.7054054 ], [ 5.082196, 48.7065823 ], [ 5.0824988, 48.7066769 ], [ 5.0824615, 48.7068665 ], [ 5.081862, 48.7066952 ], [ 5.0816849, 48.706961 ], [ 5.0818525, 48.7070373 ], [ 5.0804306, 48.7085413 ], [ 5.0798988, 48.7082635 ], [ 5.0778724, 48.7068089 ], [ 5.0774126, 48.7069716 ], [ 5.0765695, 48.7064519 ], [ 5.0762456, 48.7066149 ], [ 5.0743934, 48.7057771 ], [ 5.0739967, 48.7057138 ], [ 5.0737661, 48.7065159 ], [ 5.0747718, 48.7068853 ], [ 5.0752973, 48.7074511 ], [ 5.0765804, 48.7082647 ], [ 5.0753456, 48.7090095 ], [ 5.0763735, 48.7098329 ], [ 5.0765185, 48.7101291 ], [ 5.0773447, 48.7108363 ], [ 5.0786832, 48.7116057 ], [ 5.079305, 48.7120636 ], [ 5.0798484, 48.712325 ], [ 5.0800061, 48.7128702 ], [ 5.0808988, 48.7133 ], [ 5.080473, 48.7136016 ], [ 5.0815606, 48.7142467 ], [ 5.0818979, 48.7139439 ], [ 5.0825171, 48.7142291 ], [ 5.0852333, 48.7158569 ], [ 5.084177, 48.7168156 ], [ 5.0850108, 48.7174003 ], [ 5.0839128, 48.718303 ], [ 5.0846932, 48.7188113 ], [ 5.0837137, 48.7193799 ], [ 5.0901736, 48.7224628 ], [ 5.0899884, 48.7246641 ], [ 5.0854881, 48.7260529 ], [ 5.0858565, 48.7281941 ], [ 5.0844361, 48.7286229 ] ] ] ] } },
{ "type": "Feature", "properties": { "code_departement": 55.0, "code_rne": "0550859K", "multisecteur": 0.0 }, "geometry": { "type": "MultiPolygon", "coordinates": [ [ [ [ 5.2328425, 49.0284066 ], [ 5.2325464, 49.028201599999989 ], [ 5.2320626, 49.0282421 ], [ 5.2318448, 49.0280446 ], [ 5.2315752, 49.0279795 ], [ 5.2309989, 49.028287 ], [ 5.2304012, 49.0288298 ], [ 5.2292599, 49.0277373 ], [ 5.2288641, 49.0271204 ], [ 5.2287613, 49.0268291 ], [ 5.2290987, 49.025576 ], [ 5.2290091, 49.0251468 ], [ 5.2286567, 49.0251894 ], [ 5.2286224, 49.0250605 ], [ 5.228034, 49.0251182 ], [ 5.2281353, 49.0245793 ], [ 5.2261808, 49.0248692 ], [ 5.2251018, 49.0248433 ], [ 5.2251212, 49.0244966 ], [ 5.2242831, 49.024059699999988 ], [ 5.2238826, 49.0234905 ], [ 5.2230106, 49.0236668 ], [ 5.2222118, 49.0237293 ], [ 5.2221048, 49.0239138 ], [ 5.2208518, 49.0240729 ], [ 5.220942, 49.0242619 ], [ 5.2205327, 49.0244782 ], [ 5.217616, 49.0235381 ], [ 5.2157213, 49.0225377 ], [ 5.2143201, 49.0214985 ], [ 5.2137392, 49.0212196 ], [ 5.2134498, 49.0209757 ], [ 5.2124344, 49.0192629 ], [ 5.2122942, 49.0188597 ], [ 5.2123947, 49.0185557 ], [ 5.2123068, 49.0183846 ], [ 5.2112148, 49.0176329 ], [ 5.2101242, 49.0172014 ], [ 5.208769, 49.0167874 ], [ 5.2091886, 49.0162345 ], [ 5.2091116, 49.0160308 ], [ 5.2086638, 49.0156325 ], [ 5.2092271, 49.0151454 ], [ 5.2092758, 49.015005 ], [ 5.2092491, 49.0138631 ], [ 5.2088493, 49.0137221 ], [ 5.2085801, 49.013342 ], [ 5.2079948, 49.013244799999988 ], [ 5.2073735, 49.0129783 ], [ 5.2075643, 49.0128659 ], [ 5.2087344, 49.0130153 ], [ 5.2089533, 49.0120848 ], [ 5.2086231, 49.0120387 ], [ 5.2094746, 49.010259 ], [ 5.2117527, 49.0100965 ], [ 5.2135533, 49.0096405 ], [ 5.2141017, 49.0094829 ], [ 5.2150757, 49.0090088 ], [ 5.2159039, 49.008936 ], [ 5.2164345, 49.0084557 ], [ 5.2165178, 49.0080682 ], [ 5.2164518, 49.007483 ], [ 5.2167095, 49.0060569 ], [ 5.2162819, 49.0058723 ], [ 5.2166319, 49.0048475 ], [ 5.2168842, 49.0044147 ], [ 5.217842, 49.0035037 ], [ 5.2180129, 49.0032145 ], [ 5.2177534, 49.0025492 ], [ 5.217906, 49.0023448 ], [ 5.2171702, 49.0015371 ], [ 5.2199744, 49.0012496 ], [ 5.220045, 49.0010468 ], [ 5.2199348, 48.9999082 ], [ 5.220382, 48.9974171 ], [ 5.2204962, 48.995514299999989 ], [ 5.2208774, 48.9954451 ], [ 5.2208785, 48.9947039 ], [ 5.2211124, 48.9941967 ], [ 5.2213642, 48.9941695 ], [ 5.2215576, 48.9935138 ], [ 5.2222415, 48.9930126 ], [ 5.2219983, 48.992184099999989 ], [ 5.2260929, 48.9922279 ], [ 5.2257278, 48.9933087 ], [ 5.2270543, 48.9939273 ], [ 5.2280928, 48.994043 ], [ 5.2289046, 48.9943886 ], [ 5.229323, 48.9948054 ], [ 5.2296579, 48.9949314 ], [ 5.2308274, 48.9957427 ], [ 5.2313774, 48.9953726 ], [ 5.2322056, 48.9949848 ], [ 5.2325184, 48.9946596 ], [ 5.2328151, 48.9946613 ], [ 5.2333036, 48.9944813 ], [ 5.2330492, 48.994128 ], [ 5.2330575, 48.993938899999989 ], [ 5.2331051, 48.9937743 ], [ 5.2335926, 48.9934126 ], [ 5.2340882, 48.9937803 ], [ 5.2347401, 48.993743 ], [ 5.2349113, 48.993783 ], [ 5.2349745, 48.994013 ], [ 5.2357321, 48.9940502 ], [ 5.237188, 48.9936389 ], [ 5.2403462, 48.9925383 ], [ 5.2406576, 48.9924992 ], [ 5.2417958, 48.9926137 ], [ 5.2419426, 48.9922458 ], [ 5.2421106, 48.9922102 ], [ 5.2449467, 48.99043 ], [ 5.250574, 48.9911774 ], [ 5.2507041, 48.9902996 ], [ 5.2507556, 48.9885238 ], [ 5.251145, 48.9869413 ], [ 5.2506918, 48.985945 ], [ 5.250165, 48.9853009 ], [ 5.2498009, 48.9851008 ], [ 5.2491579, 48.9852127 ], [ 5.2502167, 48.9828342 ], [ 5.2530199, 48.9839996 ], [ 5.2526202, 48.9845549 ], [ 5.2543387, 48.9861077 ], [ 5.2551208, 48.9857674 ], [ 5.2568229, 48.9863741 ], [ 5.2571178, 48.9872474 ], [ 5.2578627, 48.987151499999989 ], [ 5.2581894, 48.9872146 ], [ 5.258005, 48.9877525 ], [ 5.2582729, 48.9878482 ], [ 5.2587874, 48.9877341 ], [ 5.2594583, 48.987036 ], [ 5.2598816, 48.9867438 ], [ 5.2607349, 48.9870048 ], [ 5.2618832, 48.9874788 ], [ 5.2623789, 48.9877816 ], [ 5.262843, 48.988174 ], [ 5.2629238, 48.9884289 ], [ 5.2628635, 48.9887701 ], [ 5.2630545, 48.9888879 ], [ 5.2626432, 48.9897071 ], [ 5.2634952, 48.9901237 ], [ 5.2643337, 48.9899478 ], [ 5.2646952, 48.9901191 ], [ 5.2647739, 48.9904828 ], [ 5.2645861, 48.9907535 ], [ 5.266196, 48.991934 ], [ 5.2652223, 48.9924912 ], [ 5.2645398, 48.992514 ], [ 5.2645728, 48.9929245 ], [ 5.2664297, 48.9936558 ], [ 5.2668199, 48.9933579 ], [ 5.268387, 48.9916775 ], [ 5.2695885, 48.9909253 ], [ 5.2701992, 48.9904162 ], [ 5.2718191, 48.9894176 ], [ 5.2727342, 48.9892438 ], [ 5.2741634, 48.9902926 ], [ 5.2749554, 48.9898979 ], [ 5.2764798, 48.9893122 ], [ 5.2772478, 48.9900227 ], [ 5.2806528, 48.9886527 ], [ 5.2829357, 48.9874416 ], [ 5.2848935, 48.988383 ], [ 5.2865028, 48.9870894 ], [ 5.2853922, 48.9865762 ], [ 5.2876668, 48.984685899999988 ], [ 5.2896473, 48.985894099999989 ], [ 5.290628, 48.9863746 ], [ 5.2921214, 48.9870136 ], [ 5.2937349, 48.9875207 ], [ 5.2931202, 48.9859816 ], [ 5.2931999, 48.985837 ], [ 5.2930546, 48.9854871 ], [ 5.2931655, 48.985428399999989 ], [ 5.2951503, 48.9858033 ], [ 5.2987052, 48.9858585 ], [ 5.3000129, 48.9859432 ], [ 5.301334, 48.9861751 ], [ 5.3049753, 48.9870066 ], [ 5.3076392, 48.9834937 ], [ 5.3079409, 48.983209 ], [ 5.3083141, 48.9825658 ], [ 5.3085644, 48.981647 ], [ 5.308629, 48.9795326 ], [ 5.3080194, 48.9787914 ], [ 5.308189, 48.9785173 ], [ 5.3089753, 48.978898 ], [ 5.3095552, 48.978631299999989 ], [ 5.3106116, 48.9793361 ], [ 5.3108394, 48.9791734 ], [ 5.3097983, 48.9785034 ], [ 5.3111706, 48.9778005 ], [ 5.3112446, 48.977468 ], [ 5.3118611, 48.9769487 ], [ 5.3128771, 48.9764083 ], [ 5.3161498, 48.9742562 ], [ 5.3174659, 48.9732772 ], [ 5.3182393, 48.9726325 ], [ 5.319407, 48.9714224 ], [ 5.3213783, 48.9698199 ], [ 5.3239481, 48.9708784 ], [ 5.3245568, 48.9708936 ], [ 5.3267516, 48.9720583 ], [ 5.3293789, 48.9721989 ], [ 5.3317576, 48.9727096 ], [ 5.3334735, 48.9712071 ], [ 5.334561, 48.9704734 ], [ 5.335091, 48.9696463 ], [ 5.3358528, 48.9688712 ], [ 5.3411258, 48.9644124 ], [ 5.3419145, 48.9627201 ], [ 5.3411184, 48.9605468 ], [ 5.3413262, 48.9601559 ], [ 5.3414642, 48.9604591 ], [ 5.342818, 48.9605775 ], [ 5.3440293, 48.9612331 ], [ 5.345325, 48.9616674 ], [ 5.3462888, 48.9618636 ], [ 5.347274, 48.9628348 ], [ 5.347637, 48.9630661 ], [ 5.3479075, 48.9631274 ], [ 5.3496821, 48.9642702 ], [ 5.351527, 48.9656078 ], [ 5.3529894, 48.9663717 ], [ 5.3546691, 48.966772299999988 ], [ 5.3569648, 48.9671995 ], [ 5.3584729, 48.967401 ], [ 5.359937, 48.9678068 ], [ 5.3613896, 48.9686517 ], [ 5.3657876, 48.9698092 ], [ 5.3667348, 48.9699938 ], [ 5.3680712, 48.9700241 ], [ 5.3696262, 48.9702642 ], [ 5.3718321, 48.9701234 ], [ 5.372505, 48.970344 ], [ 5.3740537, 48.9704744 ], [ 5.3752496, 48.9709275 ], [ 5.3759937, 48.971421899999989 ], [ 5.3779513, 48.9717376 ], [ 5.3793735, 48.97182 ], [ 5.3805956, 48.9715592 ], [ 5.3821439, 48.9716805 ], [ 5.3843647, 48.9715643 ], [ 5.3863317, 48.9722026 ], [ 5.3868349, 48.9722403 ], [ 5.3870466, 48.9723252 ], [ 5.3872516, 48.9722968 ], [ 5.3881092, 48.9724929 ], [ 5.3896983, 48.972517 ], [ 5.3901579, 48.9707149 ], [ 5.3906041, 48.9699575 ], [ 5.3911765, 48.9693595 ], [ 5.3928151, 48.9702859 ], [ 5.393155, 48.9702773 ], [ 5.3944095, 48.9706939 ], [ 5.3966518, 48.9712249 ], [ 5.399938, 48.971188 ], [ 5.4006704, 48.9712462 ], [ 5.4015034, 48.9714409 ], [ 5.4030101, 48.9709267 ], [ 5.4039126, 48.9705263 ], [ 5.4046188, 48.9700173 ], [ 5.4055656, 48.9690096 ], [ 5.4060877, 48.968687 ], [ 5.4092965, 48.9676347 ], [ 5.40948, 48.9678496 ], [ 5.4107422, 48.9672512 ], [ 5.4129778, 48.9667537 ], [ 5.4133812, 48.9664064 ], [ 5.4141192, 48.9649692 ], [ 5.4149554, 48.964821 ], [ 5.4151418, 48.9649801 ], [ 5.4186837, 48.9664849 ], [ 5.4197384, 48.9673318 ], [ 5.4219928, 48.9675624 ], [ 5.4258062, 48.9669411 ], [ 5.4261096, 48.9669421 ], [ 5.4267727, 48.9672139 ], [ 5.4275138, 48.9676613 ], [ 5.4325331, 48.9694794 ], [ 5.4327953, 48.9697107 ], [ 5.4335926, 48.9708614 ], [ 5.434791, 48.9720273 ], [ 5.4363091, 48.9730446 ], [ 5.4461651, 48.9790272 ], [ 5.4507616, 48.9825068 ], [ 5.4515149, 48.9832939 ], [ 5.4535066, 48.9843102 ], [ 5.4545572, 48.9847323 ], [ 5.4611415, 48.9880772 ], [ 5.4602473, 48.9881891 ], [ 5.4600162, 48.9883612 ], [ 5.4599708, 48.9888155 ], [ 5.4597617, 48.9893074 ], [ 5.4597898, 48.9894985 ], [ 5.4599875, 48.9896878 ], [ 5.4606915, 48.9899775 ], [ 5.4611391, 48.9900457 ], [ 5.4613987, 48.990043 ], [ 5.4621339, 48.9898354 ], [ 5.4627183, 48.989908 ], [ 5.4630453, 48.9900875 ], [ 5.4631836, 48.9904373 ], [ 5.4637608, 48.9906459 ], [ 5.4640805, 48.9909875 ], [ 5.4649412, 48.9913495 ], [ 5.4643183, 48.9920226 ], [ 5.4641739, 48.9923809 ], [ 5.4632766, 48.992830299999987 ], [ 5.4630511, 48.9930913 ], [ 5.4627852, 48.9932227 ], [ 5.4623145, 48.9932126 ], [ 5.4609141, 48.992742 ], [ 5.4605707, 48.9927374 ], [ 5.4602942, 48.9928447 ], [ 5.4601211, 48.9933755 ], [ 5.460397, 48.9939474 ], [ 5.4603298, 48.9942888 ], [ 5.4600867, 48.9946114 ], [ 5.4592422, 48.9951982 ], [ 5.4588047, 48.9957469 ], [ 5.4589496, 48.9968145 ], [ 5.4581898, 48.997431 ], [ 5.457724, 48.9981612 ], [ 5.4577175, 48.9988918 ], [ 5.4580307, 48.9998471 ], [ 5.4578385, 49.0001758 ], [ 5.4573495, 49.000245199999988 ], [ 5.4562944, 49.0001112 ], [ 5.4559686, 49.000045 ], [ 5.4554363, 48.9997752 ], [ 5.4550215, 48.9998521 ], [ 5.4545966, 49.0002062 ], [ 5.4546206, 49.0004819 ], [ 5.455346, 49.0010464 ], [ 5.4559679, 49.0018506 ], [ 5.4569717, 49.0024337 ], [ 5.4570744, 49.0026961 ], [ 5.4569691, 49.0028395 ], [ 5.4563275, 49.0030074 ], [ 5.4554436, 49.0030236 ], [ 5.4545335, 49.0033266 ], [ 5.4537108, 49.0032786 ], [ 5.4530932, 49.0030564 ], [ 5.4529222, 49.00288 ], [ 5.4528929, 49.0026089 ], [ 5.4531867, 49.0022565 ], [ 5.4531419, 49.0021189 ], [ 5.4528061, 49.0020151 ], [ 5.4523276, 49.001988 ], [ 5.4519717, 49.0020943 ], [ 5.4517624, 49.002295599999989 ], [ 5.4520473, 49.0030013 ], [ 5.451954, 49.0032839 ], [ 5.4516843, 49.0035099 ], [ 5.4494643, 49.0043343 ], [ 5.4484458, 49.0043677 ], [ 5.448057, 49.0043009 ], [ 5.4473334, 49.004761 ], [ 5.4473515, 49.0050872 ], [ 5.4477472, 49.0053877 ], [ 5.4482831, 49.0052679 ], [ 5.4485986, 49.0053191 ], [ 5.4487541, 49.0059762 ], [ 5.4486919, 49.0060782 ], [ 5.4477565, 49.0065417 ], [ 5.4476675, 49.006655099999989 ], [ 5.4474727, 49.007368 ], [ 5.4478647, 49.0086932 ], [ 5.447334, 49.0089524 ], [ 5.4467331, 49.008997 ], [ 5.4460764, 49.0096878 ], [ 5.4461151, 49.009813 ], [ 5.4463945, 49.0099962 ], [ 5.4469836, 49.0100759 ], [ 5.4470512, 49.0102338 ], [ 5.4469528, 49.0104976 ], [ 5.4467036, 49.010607 ], [ 5.4457045, 49.0106769 ], [ 5.4452261, 49.0111472 ], [ 5.445117, 49.0117639 ], [ 5.4447456, 49.0122987 ], [ 5.4452472, 49.0124387 ], [ 5.4460577, 49.0128333 ], [ 5.4460719, 49.0129616 ], [ 5.4457055, 49.0136312 ], [ 5.4454658, 49.0137405 ], [ 5.4449442, 49.0137295 ], [ 5.4449329, 49.0141274 ], [ 5.4450673, 49.0145429 ], [ 5.4447528, 49.0146591 ], [ 5.4444125, 49.0150421 ], [ 5.4439628, 49.0152519 ], [ 5.4436634, 49.0156898 ], [ 5.4436289, 49.0159172 ], [ 5.4438828, 49.016459 ], [ 5.4442021, 49.016384099999989 ], [ 5.4444821, 49.0157954 ], [ 5.4448505, 49.0155729 ], [ 5.4457386, 49.0158436 ], [ 5.4477196, 49.0155945 ], [ 5.4484051, 49.015397 ], [ 5.4495761, 49.014881 ], [ 5.449913, 49.0144558 ], [ 5.4512138, 49.0141387 ], [ 5.4517222, 49.0142767 ], [ 5.4521009, 49.0141862 ], [ 5.4525792, 49.014207 ], [ 5.4528673, 49.0140509 ], [ 5.4538636, 49.0137472 ], [ 5.454445, 49.0134033 ], [ 5.4550179, 49.0128491 ], [ 5.4554305, 49.0122613 ], [ 5.4553899, 49.0118951 ], [ 5.4556288, 49.0115385 ], [ 5.4566524, 49.0118423 ], [ 5.4574525, 49.0119572 ], [ 5.4581583, 49.012335 ], [ 5.4610894, 49.0135533 ], [ 5.4628909, 49.0146256 ], [ 5.4669174, 49.0156332 ], [ 5.4679396, 49.0159613 ], [ 5.4681873, 49.0159634 ], [ 5.4681859, 49.0161065 ], [ 5.4684295, 49.0162544 ], [ 5.4690898, 49.0160735 ], [ 5.4692428, 49.0157824 ], [ 5.4715607, 49.0161189 ], [ 5.4716455, 49.0159471 ], [ 5.4725327, 49.0162536 ], [ 5.4734657, 49.016659 ], [ 5.473106, 49.0173204 ], [ 5.4729577, 49.0180837 ], [ 5.4736898, 49.018979 ], [ 5.4746561, 49.0194809 ], [ 5.4757973, 49.0196912 ], [ 5.4765701, 49.019746399999988 ], [ 5.4768447, 49.0200556 ], [ 5.4781037, 49.0223029 ], [ 5.4787463, 49.0231281 ], [ 5.4795533, 49.0238122 ], [ 5.4801256, 49.0259424 ], [ 5.480022, 49.0264646 ], [ 5.4796582, 49.0272682 ], [ 5.4790778, 49.0279774 ], [ 5.4779227, 49.0283989 ], [ 5.4774552, 49.0284913 ], [ 5.4768936, 49.0289365 ], [ 5.4765074, 49.0291289 ], [ 5.4742138, 49.030003 ], [ 5.4727272, 49.0307623 ], [ 5.4703593, 49.0316027 ], [ 5.4692333, 49.0322061 ], [ 5.4688254, 49.032518599999989 ], [ 5.4701773, 49.0332968 ], [ 5.4698793, 49.0336763 ], [ 5.4702924, 49.0338468 ], [ 5.470492, 49.0341027 ], [ 5.4708904, 49.0342231 ], [ 5.4712118, 49.0344504 ], [ 5.4717479, 49.0363133 ], [ 5.4722875, 49.0368977 ], [ 5.472861, 49.0373321 ], [ 5.4738314, 49.0373661 ], [ 5.4744199, 49.0371111 ], [ 5.4749196, 49.0371745 ], [ 5.4751165, 49.037372 ], [ 5.4766682, 49.0379175 ], [ 5.4768217, 49.037407 ], [ 5.4771551, 49.0370529 ], [ 5.4773292, 49.0380056 ], [ 5.4789429, 49.0392767 ], [ 5.4810815, 49.0407043 ], [ 5.4822779, 49.0412571 ], [ 5.4830452, 49.0415066 ], [ 5.4840124, 49.0417007 ], [ 5.4854772, 49.0417694 ], [ 5.4864763, 49.0416866 ], [ 5.4880826, 49.0413115 ], [ 5.4951972, 49.0402058 ], [ 5.4985517, 49.0398202 ], [ 5.4988956, 49.0398563 ], [ 5.4996465, 49.0402473 ], [ 5.5028819, 49.0412801 ], [ 5.5045394, 49.0415415 ], [ 5.5054457, 49.0416072 ], [ 5.508246, 49.0415334 ], [ 5.5082049, 49.0419841 ], [ 5.5076649, 49.0432125 ], [ 5.5067853, 49.0444949 ], [ 5.5044664, 49.0465503 ], [ 5.5032665, 49.0484582 ], [ 5.5029832, 49.0491397 ], [ 5.502778, 49.0518662 ], [ 5.5043133, 49.0524819 ], [ 5.5075268, 49.0534953 ], [ 5.511066, 49.0542805 ], [ 5.5137159, 49.0549564 ], [ 5.5153251, 49.0551728 ], [ 5.5161489, 49.0551961 ], [ 5.5167925, 49.0551178 ], [ 5.5179348, 49.0548213 ], [ 5.5188129, 49.0547246 ], [ 5.5197952, 49.057025 ], [ 5.519964, 49.0575396 ], [ 5.5199367, 49.0579927 ], [ 5.5183304, 49.0589953 ], [ 5.5177428, 49.0596364 ], [ 5.5164195, 49.0615641 ], [ 5.5155748, 49.0620712 ], [ 5.5140563, 49.0627147 ], [ 5.5140999, 49.0627687 ], [ 5.5151147, 49.0630011 ], [ 5.5156481, 49.0629063 ], [ 5.5191597, 49.0638664 ], [ 5.5191866, 49.0645891 ], [ 5.5194063, 49.0649416 ], [ 5.520292, 49.065757 ], [ 5.5206155, 49.0657646 ], [ 5.5212582, 49.0653265 ], [ 5.5223127, 49.0662345 ], [ 5.5250624, 49.067483 ], [ 5.5261927, 49.0678362 ], [ 5.53005, 49.0684081 ], [ 5.5313479, 49.0690231 ], [ 5.5321535, 49.0695396 ], [ 5.5332939, 49.07004 ], [ 5.5337315, 49.0704779 ], [ 5.5329281, 49.0711578 ], [ 5.5311305, 49.0705714 ], [ 5.5296771, 49.0703627 ], [ 5.528446, 49.0704138 ], [ 5.5268261, 49.0706638 ], [ 5.5256682, 49.0708995 ], [ 5.5251204, 49.0711503 ], [ 5.5250104, 49.0713641 ], [ 5.5250485, 49.0716412 ], [ 5.5258999, 49.0723394 ], [ 5.5264475, 49.0726743 ], [ 5.5270918, 49.0729144 ], [ 5.5268008, 49.0733208 ], [ 5.5248721, 49.0727703 ], [ 5.5230953, 49.072697 ], [ 5.5225352, 49.0728644 ], [ 5.5222785, 49.0733016 ], [ 5.5223291, 49.0749333 ], [ 5.5223912, 49.0757596 ], [ 5.5226946, 49.0772394 ], [ 5.5220127, 49.0777467 ], [ 5.5298161, 49.0826708 ], [ 5.5302193, 49.083104 ], [ 5.5287584, 49.0830268 ], [ 5.524415, 49.0824524 ], [ 5.5239687, 49.0837491 ], [ 5.5243591, 49.0852981 ], [ 5.5243189, 49.0855418 ], [ 5.5289027, 49.086911799999989 ], [ 5.5305869, 49.0875771 ], [ 5.534238, 49.0888019 ], [ 5.5359751, 49.0891988 ], [ 5.5358385, 49.0894869 ], [ 5.5349463, 49.0902901 ], [ 5.5339523, 49.0908023 ], [ 5.5326312, 49.0913222 ], [ 5.532001, 49.0919076 ], [ 5.5315077, 49.0925216 ], [ 5.5313442, 49.0934642 ], [ 5.5314732, 49.0944519 ], [ 5.5313034, 49.0949296 ], [ 5.5300622, 49.0971732 ], [ 5.5261061, 49.0955472 ], [ 5.5255315, 49.0954207 ], [ 5.5240114, 49.0953186 ], [ 5.5223232, 49.0948845 ], [ 5.5214959, 49.0944637 ], [ 5.5213644, 49.094323499999987 ], [ 5.5213545, 49.0956128 ], [ 5.5222673, 49.0977049 ], [ 5.5223123, 49.0984335 ], [ 5.522984, 49.0994549 ], [ 5.5231983, 49.0999181 ], [ 5.5232495, 49.1004064 ], [ 5.5231474, 49.101095 ], [ 5.5228697, 49.1016099 ], [ 5.5221004, 49.1023547 ], [ 5.5219632, 49.102632 ], [ 5.5221438, 49.1039227 ], [ 5.5217924, 49.1053181 ], [ 5.5212089, 49.1058557 ], [ 5.5193689, 49.1071267 ], [ 5.5155485, 49.1095464 ], [ 5.5087546, 49.1178608 ], [ 5.5081909, 49.1180498 ], [ 5.5072524, 49.1185938 ], [ 5.5068879, 49.1185951 ], [ 5.5059205, 49.1187961 ], [ 5.5047834, 49.1188603 ], [ 5.5033973, 49.1179131 ], [ 5.5020623, 49.1173706 ], [ 5.5004027, 49.1165739 ], [ 5.4962517, 49.1196449 ], [ 5.4956456, 49.1213747 ], [ 5.4924819, 49.1216769 ], [ 5.4923798, 49.121777 ], [ 5.4918557, 49.1218508 ], [ 5.492933, 49.1238453 ], [ 5.4957015, 49.1266889 ], [ 5.4985146, 49.129881399999988 ], [ 5.4982111, 49.1302952 ], [ 5.4996834, 49.1310652 ], [ 5.5015534, 49.13317 ], [ 5.5019521, 49.1337617 ], [ 5.5007932, 49.1341762 ], [ 5.4991941, 49.1335941 ], [ 5.4983665, 49.1329501 ], [ 5.4975376, 49.1326174 ], [ 5.496667, 49.1317342 ], [ 5.4954464, 49.1316929 ], [ 5.4930734, 49.1338839 ], [ 5.4924079, 49.1348953 ], [ 5.4906763, 49.1342358 ], [ 5.4897245, 49.1334001 ], [ 5.4878781, 49.1327762 ], [ 5.4875172, 49.1327396 ], [ 5.4813135, 49.1302636 ], [ 5.4803068, 49.1316265 ], [ 5.474846, 49.1383783 ], [ 5.4740845, 49.1382204 ], [ 5.4714316, 49.1373862 ], [ 5.4696499, 49.1366789 ], [ 5.4680406, 49.1359329 ], [ 5.4663649, 49.1356066 ], [ 5.4654908, 49.1353015 ], [ 5.4631586, 49.1348906 ], [ 5.4625675, 49.1348856 ], [ 5.4624047, 49.1346325 ], [ 5.4616116, 49.1347342 ], [ 5.4591511, 49.1345354 ], [ 5.4571163, 49.1346696 ], [ 5.4525924, 49.1334531 ], [ 5.4521069, 49.1333038 ], [ 5.4516272, 49.1329583 ], [ 5.4492739, 49.1306468 ], [ 5.4415967, 49.1281834 ], [ 5.4415227, 49.1280959 ], [ 5.4417775, 49.127774099999989 ], [ 5.4420652, 49.1268678 ], [ 5.4430295, 49.1258084 ], [ 5.4442616, 49.1248767 ], [ 5.4449998, 49.1246332 ], [ 5.4474052, 49.1245168 ], [ 5.4479436, 49.1243682 ], [ 5.4483409, 49.1241325 ], [ 5.4517773, 49.1213594 ], [ 5.4529185, 49.1203377 ], [ 5.4533155, 49.1202118 ], [ 5.455391, 49.1207442 ], [ 5.4557517, 49.1204031 ], [ 5.4563355, 49.1206332 ], [ 5.4582358, 49.1211431 ], [ 5.4588292, 49.1206506 ], [ 5.4580811, 49.1200479 ], [ 5.4570179, 49.1194462 ], [ 5.4560118, 49.1186635 ], [ 5.4551301, 49.1176974 ], [ 5.4470173, 49.118684 ], [ 5.4468289, 49.118409 ], [ 5.4459385, 49.1160659 ], [ 5.4460203, 49.1156504 ], [ 5.4449101, 49.1127702 ], [ 5.4425382, 49.1124514 ], [ 5.4418871, 49.1122451 ], [ 5.4387331, 49.1106216 ], [ 5.4365002, 49.1099032 ], [ 5.433166, 49.1081707 ], [ 5.4335527, 49.1078867 ], [ 5.4342941, 49.1070145 ], [ 5.4353449, 49.1060514 ], [ 5.4356416, 49.1058924 ], [ 5.4354884, 49.1056347 ], [ 5.4351182, 49.1054254 ], [ 5.4343199, 49.1051708 ], [ 5.4303379, 49.1040199 ], [ 5.4261383, 49.1046534 ], [ 5.424869, 49.1046997 ], [ 5.4212786, 49.1051508 ], [ 5.4198833, 49.1054892 ], [ 5.419303, 49.1057096 ], [ 5.4178869, 49.1059252 ], [ 5.4165511, 49.1059862 ], [ 5.4153643, 49.1059489 ], [ 5.4136572, 49.1061568 ], [ 5.4092324, 49.106403799999988 ], [ 5.4088873, 49.1056705 ], [ 5.4085353, 49.1057315 ], [ 5.4085652, 49.1063453 ], [ 5.4076401, 49.1065743 ], [ 5.4072583, 49.1062617 ], [ 5.4068887, 49.1061485 ], [ 5.4054725, 49.1061598 ], [ 5.4058837, 49.1073138 ], [ 5.4073881, 49.1073727 ], [ 5.4076898, 49.1075277 ], [ 5.4079487, 49.108234 ], [ 5.4077024, 49.1084773 ], [ 5.4073289, 49.1086359 ], [ 5.4071292, 49.1088801 ], [ 5.4072487, 49.1095047 ], [ 5.4076861, 49.1103667 ], [ 5.4079562, 49.1106365 ], [ 5.408645, 49.1109816 ], [ 5.4089458, 49.111026 ], [ 5.4095891, 49.1109222 ], [ 5.4098979, 49.1113469 ], [ 5.4098215, 49.1116192 ], [ 5.4088242, 49.1122131 ], [ 5.4081411, 49.1128465 ], [ 5.4069355, 49.1137063 ], [ 5.4067643, 49.114209 ], [ 5.406905, 49.1146433 ], [ 5.4074414, 49.115157 ], [ 5.4080603, 49.1154424 ], [ 5.4086705, 49.1155102 ], [ 5.409515, 49.1153988 ], [ 5.4110653, 49.115616 ], [ 5.4129033, 49.1160658 ], [ 5.4133597, 49.1163013 ], [ 5.413595, 49.116588 ], [ 5.4134495, 49.1169364 ], [ 5.4129361, 49.1172408 ], [ 5.4108463, 49.117388 ], [ 5.4088217, 49.1176705 ], [ 5.4063247, 49.1189375 ], [ 5.4059738, 49.1192018 ], [ 5.4059317, 49.1194446 ], [ 5.4060701, 49.1198574 ], [ 5.4070665, 49.1204492 ], [ 5.4075562, 49.1211671 ], [ 5.409608, 49.1228216 ], [ 5.4097524, 49.1231272 ], [ 5.4097132, 49.1234042 ], [ 5.4090034, 49.1235839 ], [ 5.4082742, 49.124113 ], [ 5.4076443, 49.1242435 ], [ 5.4070164, 49.1242677 ], [ 5.4031647, 49.1254997 ], [ 5.3997061, 49.1264935 ], [ 5.3992004, 49.1257543 ], [ 5.3967264, 49.1265825 ], [ 5.3962695, 49.1258019 ], [ 5.3953127, 49.1263022 ], [ 5.3948845, 49.1257863 ], [ 5.394539, 49.126081 ], [ 5.3925814, 49.1245881 ], [ 5.3912848, 49.124112 ], [ 5.3892321, 49.1249524 ], [ 5.3899249, 49.1253237 ], [ 5.3881913, 49.1260111 ], [ 5.3879265, 49.1259462 ], [ 5.3864812, 49.126645 ], [ 5.3830413, 49.1275462 ], [ 5.3817471, 49.1280171 ], [ 5.3804781, 49.129154 ], [ 5.3808504, 49.129501 ], [ 5.3804283, 49.1298296 ], [ 5.3797252, 49.1298012 ], [ 5.3793741, 49.1295896 ], [ 5.3777266, 49.1302473 ], [ 5.3773243, 49.130651 ], [ 5.3735372, 49.1331383 ], [ 5.3722416, 49.1323534 ], [ 5.3725029, 49.1321036 ], [ 5.3728196, 49.1319561 ], [ 5.3725616, 49.1314988 ], [ 5.3710868, 49.1307526 ], [ 5.3699938, 49.1299618 ], [ 5.3690294, 49.1300348 ], [ 5.3671456, 49.1304758 ], [ 5.3660985, 49.1302076 ], [ 5.3653004, 49.129779 ], [ 5.3633071, 49.1284806 ], [ 5.3588198, 49.1269496 ], [ 5.358481, 49.1271838 ], [ 5.3585968, 49.1251829 ], [ 5.357333, 49.1248775 ], [ 5.356148, 49.1234436 ], [ 5.3543787, 49.1232327 ], [ 5.3518297, 49.1221492 ], [ 5.3509417, 49.1214847 ], [ 5.3491709, 49.1206063 ], [ 5.348004, 49.1202279 ], [ 5.3474116, 49.1201585 ], [ 5.3467769, 49.119912799999987 ], [ 5.3463905, 49.119672099999988 ], [ 5.3450869, 49.1191497 ], [ 5.3431459, 49.1180479 ], [ 5.3426261, 49.1180364 ], [ 5.3419866, 49.1176828 ], [ 5.3396819, 49.1151398 ], [ 5.3383576, 49.1142462 ], [ 5.3378043, 49.1137362 ], [ 5.337138, 49.112999 ], [ 5.3371769, 49.1126447 ], [ 5.3363266, 49.1127188 ], [ 5.3353939, 49.1129717 ], [ 5.3348469, 49.1132396 ], [ 5.3340794, 49.1133273 ], [ 5.3335245, 49.1134802 ], [ 5.332644, 49.1134325 ], [ 5.3320483, 49.113561 ], [ 5.330883, 49.1135171 ], [ 5.3302029, 49.1136903 ], [ 5.3277754, 49.1148932 ], [ 5.3275748, 49.1151858 ], [ 5.327387, 49.1159783 ], [ 5.3271174, 49.1161688 ], [ 5.3264992, 49.1162554 ], [ 5.3256633, 49.1161025 ], [ 5.3237379, 49.1167109 ], [ 5.3227238, 49.1176255 ], [ 5.3220026, 49.1179542 ], [ 5.3205058, 49.1189852 ], [ 5.3199116, 49.119029 ], [ 5.3177212, 49.1185252 ], [ 5.316758, 49.1179169 ], [ 5.3151889, 49.1172095 ], [ 5.3132916, 49.1177461 ], [ 5.3132355, 49.116398 ], [ 5.3138975, 49.1153256 ], [ 5.3141262, 49.1144937 ], [ 5.313448, 49.1143116 ], [ 5.3132796, 49.114161 ], [ 5.3127988, 49.1128138 ], [ 5.3123217, 49.111856 ], [ 5.3127816, 49.1115693 ], [ 5.3123585, 49.1109927 ], [ 5.3120431, 49.1108944 ], [ 5.3117185, 49.1100363 ], [ 5.3108918, 49.1092579 ], [ 5.3100463, 49.1082703 ], [ 5.3091505, 49.1069851 ], [ 5.3089113, 49.1056125 ], [ 5.308507, 49.1051481 ], [ 5.3066985, 49.1023763 ], [ 5.3038184, 49.0999912 ], [ 5.3019714, 49.0988087 ], [ 5.2978935, 49.0969573 ], [ 5.2980833, 49.0966667 ], [ 5.2981183, 49.0959114 ], [ 5.2980002, 49.0956573 ], [ 5.2980372, 49.0954398 ], [ 5.2976882, 49.0945811 ], [ 5.2960727, 49.0952489 ], [ 5.2945853, 49.09621 ], [ 5.2934244, 49.0963491 ], [ 5.2928071, 49.0970733 ], [ 5.2912486, 49.0968943 ], [ 5.2909456, 49.0970413 ], [ 5.2897723, 49.0969009 ], [ 5.2891573, 49.0974919 ], [ 5.2789147, 49.0964461 ], [ 5.277735, 49.0961275 ], [ 5.2770453, 49.0957988 ], [ 5.2766299, 49.0956978 ], [ 5.2761709, 49.0953827 ], [ 5.2760971, 49.0951997 ], [ 5.2747503, 49.0958467 ], [ 5.2741073, 49.0951771 ], [ 5.2732651, 49.0954943 ], [ 5.2727601, 49.0950352 ], [ 5.2714029, 49.0940706 ], [ 5.2710605, 49.0936633 ], [ 5.2706983, 49.0937448 ], [ 5.2681321, 49.0948213 ], [ 5.2674369, 49.0950233 ], [ 5.2632596, 49.0941207 ], [ 5.2624786, 49.0948361 ], [ 5.2618738, 49.0955725 ], [ 5.2606759, 49.0974723 ], [ 5.2592258, 49.0992751 ], [ 5.2589122, 49.0999043 ], [ 5.2565337, 49.099707 ], [ 5.2565003, 49.10026 ], [ 5.2553173, 49.1001787 ], [ 5.2550804, 49.1007795 ], [ 5.2548403, 49.1008955 ], [ 5.2534002, 49.1007615 ], [ 5.2532988, 49.1010441 ], [ 5.2493542, 49.1006475 ], [ 5.2489127, 49.1012692 ], [ 5.2447906, 49.1008866 ], [ 5.241119, 49.1001492 ], [ 5.2403811, 49.101585 ], [ 5.2382076, 49.1014078 ], [ 5.2365182, 49.1016201 ], [ 5.2350993, 49.1013101 ], [ 5.233982, 49.1009719 ], [ 5.23237, 49.1012348 ], [ 5.2316465, 49.1014192 ], [ 5.2315569, 49.1026792 ], [ 5.2274754, 49.1027621 ], [ 5.227418, 49.1029556 ], [ 5.2255623, 49.1031933 ], [ 5.225137, 49.103432299999987 ], [ 5.2251056, 49.1044556 ], [ 5.2248203, 49.1042558 ], [ 5.2243552, 49.105198 ], [ 5.2237226, 49.1068036 ], [ 5.2236882, 49.1078215 ], [ 5.2231621, 49.1080759 ], [ 5.2226022, 49.1081195 ], [ 5.2216932, 49.1078152 ], [ 5.2191947, 49.1112487 ], [ 5.2188659, 49.1120167 ], [ 5.2189137, 49.1137751 ], [ 5.2184654, 49.1138634 ], [ 5.2183146, 49.1134147 ], [ 5.2173917, 49.1134281 ], [ 5.2170612, 49.1132624 ], [ 5.2168272, 49.1129483 ], [ 5.2164462, 49.1129454 ], [ 5.2158631, 49.1141453 ], [ 5.2153505, 49.1140468 ], [ 5.2148868, 49.1145779 ], [ 5.214379, 49.1149758 ], [ 5.2131925, 49.115361899999989 ], [ 5.2128473, 49.1159421 ], [ 5.2110942, 49.1154806 ], [ 5.2111389, 49.1158216 ], [ 5.2095923, 49.1153472 ], [ 5.2081594, 49.1148096 ], [ 5.2073724, 49.1144121 ], [ 5.204477, 49.1144391 ], [ 5.2042092, 49.1140707 ], [ 5.2034237, 49.1134834 ], [ 5.1995824, 49.1116586 ], [ 5.1988461, 49.1112583 ], [ 5.1981424, 49.110754 ], [ 5.1956232, 49.1098259 ], [ 5.1949769, 49.1094131 ], [ 5.1949955, 49.1092392 ], [ 5.1955633, 49.1084769 ], [ 5.1957824, 49.1083757 ], [ 5.1962042, 49.1069811 ], [ 5.1961682, 49.1067479 ], [ 5.1948209, 49.105989 ], [ 5.1953278, 49.1054716 ], [ 5.1956716, 49.1047592 ], [ 5.1958525, 49.1040822 ], [ 5.1959527, 49.102921 ], [ 5.1966357, 49.101679 ], [ 5.1970776, 49.1001805 ], [ 5.1947749, 49.0994985 ], [ 5.1955846, 49.0982415 ], [ 5.1954538, 49.0980002 ], [ 5.1951583, 49.097912 ], [ 5.1946628, 49.0974659 ], [ 5.1952349, 49.0961621 ], [ 5.1959326, 49.095884 ], [ 5.1951385, 49.0950818 ], [ 5.19665, 49.0935152 ], [ 5.1972921, 49.093024 ], [ 5.1990875, 49.0938915 ], [ 5.2005124, 49.0901596 ], [ 5.2047847, 49.0907227 ], [ 5.204244, 49.0865096 ], [ 5.206686, 49.0868686 ], [ 5.2093455, 49.0840089 ], [ 5.2066116, 49.0829644 ], [ 5.2041101, 49.0813301 ], [ 5.208157, 49.0804751 ], [ 5.2094008, 49.080326299999989 ], [ 5.2092832, 49.07763 ], [ 5.2120065, 49.0783337 ], [ 5.2119501, 49.0773974 ], [ 5.2099753, 49.0768095 ], [ 5.2105319, 49.0762155 ], [ 5.2122649, 49.076655 ], [ 5.2130244, 49.0758746 ], [ 5.2128838, 49.0757243 ], [ 5.2112178, 49.0752171 ], [ 5.2103538, 49.0752168 ], [ 5.2093066, 49.0750291 ], [ 5.2103149, 49.0743369 ], [ 5.2128606, 49.0751176 ], [ 5.2149869, 49.075663 ], [ 5.2158698, 49.0761694 ], [ 5.2168891, 49.0769529 ], [ 5.2171469, 49.076994 ], [ 5.2172433, 49.0769113 ], [ 5.2183425, 49.0745352 ], [ 5.2161733, 49.0744601 ], [ 5.2151907, 49.0741823 ], [ 5.2144519, 49.0740673 ], [ 5.2153735, 49.0730771 ], [ 5.216086, 49.0715204 ], [ 5.2132617, 49.0699183 ], [ 5.2132808, 49.0697245 ], [ 5.2135781, 49.0695698 ], [ 5.2117299, 49.0678992 ], [ 5.2115229, 49.0681162 ], [ 5.2092398, 49.067033 ], [ 5.2102016, 49.0658297 ], [ 5.2096997, 49.0657769 ], [ 5.2120724, 49.0623187 ], [ 5.2118833, 49.0622503 ], [ 5.2119466, 49.0620665 ], [ 5.2122216, 49.0621595 ], [ 5.2131177, 49.0607362 ], [ 5.2128599, 49.0606618 ], [ 5.2137647, 49.0595711 ], [ 5.215162, 49.0593105 ], [ 5.2152781, 49.0593678 ], [ 5.2170801, 49.0594173 ], [ 5.2177768, 49.059354 ], [ 5.2182048, 49.0591833 ], [ 5.2182998, 49.0590682 ], [ 5.2181526, 49.0588272 ], [ 5.2248158, 49.0607782 ], [ 5.226329, 49.0605388 ], [ 5.2273452, 49.0598822 ], [ 5.2312047, 49.0596811 ], [ 5.2320637, 49.0580469 ], [ 5.2322573, 49.0578382 ], [ 5.231225, 49.057449 ], [ 5.2282052, 49.0547292 ], [ 5.2277129, 49.0537506 ], [ 5.2272024, 49.053304 ], [ 5.2259832, 49.0518101 ], [ 5.2254255, 49.0510279 ], [ 5.225281, 49.0506276 ], [ 5.2257304, 49.0504484 ], [ 5.2263702, 49.0503358 ], [ 5.2262769, 49.0499471 ], [ 5.2267549, 49.0499257 ], [ 5.2265345, 49.0484878 ], [ 5.2265045, 49.0461631 ], [ 5.2274569, 49.0459395 ], [ 5.2282082, 49.0458761 ], [ 5.2276755, 49.0453264 ], [ 5.2269799, 49.0443589 ], [ 5.2275667, 49.0427262 ], [ 5.2279895, 49.0429504 ], [ 5.228266, 49.0427923 ], [ 5.2305801, 49.040156 ], [ 5.2312982, 49.039611099999988 ], [ 5.232454, 49.0389024 ], [ 5.2338466, 49.0377835 ], [ 5.2365529, 49.0353395 ], [ 5.2390781, 49.0328574 ], [ 5.239114, 49.0326741 ], [ 5.2385424, 49.0318563 ], [ 5.2377131, 49.0309605 ], [ 5.2362096, 49.0303886 ], [ 5.2342144, 49.0298635 ], [ 5.2328425, 49.0284066 ] ] ] ] } },
{ "type": "Feature", "properties": { "code_departement": 55.0, "code_rne": "0550890U", "multisecteur": 0.0 }, "geometry": { "type": "MultiPolygon", "coordinates": [ [ [ [ 5.1471167, 48.7583592 ], [ 5.1462718, 48.7585236 ], [ 5.1434274, 48.7574454 ], [ 5.1462988, 48.7565118 ], [ 5.147294, 48.7563177 ], [ 5.1475311, 48.7558558 ], [ 5.147527, 48.7555155 ], [ 5.1482541, 48.7548409 ], [ 5.1484163, 48.7547849 ], [ 5.1488673, 48.7548054 ], [ 5.1490989, 48.7551097 ], [ 5.1502302, 48.7543286 ], [ 5.1503055, 48.7547203 ], [ 5.150525, 48.755108 ], [ 5.1512032, 48.7555636 ], [ 5.1506192, 48.7560266 ], [ 5.1512497, 48.7566684 ], [ 5.1508802, 48.7569421 ], [ 5.1506613, 48.757365899999989 ], [ 5.1498309, 48.75785 ], [ 5.1483301, 48.7582038 ], [ 5.1493548, 48.757018099999989 ], [ 5.1495921, 48.75691 ], [ 5.1496887, 48.7567505 ], [ 5.1496596, 48.756497599999989 ], [ 5.1500017, 48.7563777 ], [ 5.1504412, 48.7560278 ], [ 5.1500083, 48.7557886 ], [ 5.1492145, 48.7556508 ], [ 5.1480817, 48.7559433 ], [ 5.147578, 48.7563098 ], [ 5.1479488, 48.7564709 ], [ 5.1479213, 48.7567976 ], [ 5.1476808, 48.757465 ], [ 5.1471167, 48.7583592 ] ] ], [ [ [ 5.1458337, 48.7676562 ], [ 5.1466981, 48.7674095 ], [ 5.1471362, 48.7670707 ], [ 5.147474, 48.7672984 ], [ 5.1476306, 48.7677362 ], [ 5.1474357, 48.767827 ], [ 5.1458337, 48.7676562 ] ] ], [ [ [ 5.1663031, 48.7703233 ], [ 5.1664096, 48.7702396 ], [ 5.166645, 48.7702203 ], [ 5.1669344, 48.7703832 ], [ 5.1667904, 48.7705757 ], [ 5.1663031, 48.7703233 ] ] ], [ [ [ 5.1709123, 48.7714423 ], [ 5.1712358, 48.7715408 ], [ 5.1713709, 48.7716775 ], [ 5.1713186, 48.7718192 ], [ 5.1711108, 48.7718626 ], [ 5.1707025, 48.7717302 ], [ 5.1706083, 48.7716055 ], [ 5.1703154, 48.7714959 ], [ 5.1703136, 48.771404399999987 ], [ 5.1705319, 48.7713188 ], [ 5.1706732, 48.7714871 ], [ 5.1709123, 48.7714423 ] ] ], [ [ [ 5.1862303, 48.7722813 ], [ 5.1860444, 48.7710666 ], [ 5.1862735, 48.770985 ], [ 5.1869732, 48.7710128 ], [ 5.1875618, 48.7710845 ], [ 5.1882634, 48.771314 ], [ 5.1874236, 48.7720518 ], [ 5.1868374, 48.7720998 ], [ 5.1866645, 48.771988 ], [ 5.1862303, 48.7722813 ] ] ], [ [ [ 5.1872672, 48.772622 ], [ 5.1870238, 48.7723341 ], [ 5.1872833, 48.7722747 ], [ 5.1874272, 48.7724288 ], [ 5.1877565, 48.7723514 ], [ 5.1882729, 48.7718676 ], [ 5.1883321, 48.7724789 ], [ 5.187597, 48.7726383 ], [ 5.1872672, 48.772622 ] ] ], [ [ [ 5.186234, 48.772287 ], [ 5.1869059, 48.7723682 ], [ 5.1868384, 48.772749 ], [ 5.186518, 48.77264 ], [ 5.1862052, 48.7723982 ], [ 5.186234, 48.772287 ] ] ], [ [ [ 5.0844361, 48.7286229 ], [ 5.0858565, 48.7281941 ], [ 5.0854881, 48.7260529 ], [ 5.0899884, 48.7246641 ], [ 5.0901736, 48.7224628 ], [ 5.0837137, 48.7193799 ], [ 5.0846932, 48.7188113 ], [ 5.0839128, 48.718303 ], [ 5.0850108, 48.7174003 ], [ 5.084177, 48.7168156 ], [ 5.0852333, 48.7158569 ], [ 5.0825171, 48.7142291 ], [ 5.0818979, 48.7139439 ], [ 5.0815606, 48.7142467 ], [ 5.080473, 48.7136016 ], [ 5.0808988, 48.7133 ], [ 5.0800061, 48.7128702 ], [ 5.0798484, 48.712325 ], [ 5.079305, 48.7120636 ], [ 5.0786832, 48.7116057 ], [ 5.0773447, 48.7108363 ], [ 5.0765185, 48.7101291 ], [ 5.0763735, 48.7098329 ], [ 5.0753456, 48.7090095 ], [ 5.0765804, 48.7082647 ], [ 5.0752973, 48.7074511 ], [ 5.0747718, 48.7068853 ], [ 5.0737661, 48.7065159 ], [ 5.0739967, 48.7057138 ], [ 5.0743934, 48.7057771 ], [ 5.0762456, 48.7066149 ], [ 5.0765695, 48.7064519 ], [ 5.0774126, 48.7069716 ], [ 5.0778724, 48.7068089 ], [ 5.0798988, 48.7082635 ], [ 5.0804306, 48.7085413 ], [ 5.0818525, 48.7070373 ], [ 5.0816849, 48.706961 ], [ 5.081862, 48.7066952 ], [ 5.0824615, 48.7068665 ], [ 5.0824988, 48.7066769 ], [ 5.082196, 48.7065823 ], [ 5.0827649, 48.7054054 ], [ 5.0831542, 48.7053158 ], [ 5.0840476, 48.7044697 ], [ 5.0837762, 48.70421 ], [ 5.0842392, 48.7037187 ], [ 5.0855887, 48.7043564 ], [ 5.0867366, 48.7030452 ], [ 5.0890261, 48.704684099999987 ], [ 5.0898439, 48.7043656 ], [ 5.0901447, 48.7046456 ], [ 5.0915134, 48.7041654 ], [ 5.0911596, 48.7036803 ], [ 5.0955788, 48.7027957 ], [ 5.0962236, 48.7029445 ], [ 5.0962256, 48.7033656 ], [ 5.0976056, 48.7037786 ], [ 5.0986427, 48.703844 ], [ 5.0999678, 48.7037343 ], [ 5.1008207, 48.7035465 ], [ 5.1019004, 48.7029472 ], [ 5.1030208, 48.7036283 ], [ 5.1039648, 48.7046572 ], [ 5.1049701, 48.7046746 ], [ 5.1058903, 48.7045701 ], [ 5.1074283, 48.704651 ], [ 5.1089165, 48.704135199999989 ], [ 5.109234, 48.7040873 ], [ 5.1097836, 48.7047038 ], [ 5.1123884, 48.7041358 ], [ 5.1152506, 48.7032807 ], [ 5.1154011, 48.7020948 ], [ 5.1186422, 48.7006976 ], [ 5.1183754, 48.7002533 ], [ 5.1194319, 48.6997568 ], [ 5.1205975, 48.7002102 ], [ 5.1217992, 48.7010814 ], [ 5.1220078, 48.7014322 ], [ 5.1238509, 48.7013607 ], [ 5.1252223, 48.7015594 ], [ 5.1269716, 48.7015867 ], [ 5.1298612, 48.7014794 ], [ 5.1313856, 48.7017941 ], [ 5.1324459, 48.7021926 ], [ 5.1350379, 48.702552 ], [ 5.1358173, 48.7027963 ], [ 5.1368203, 48.703356 ], [ 5.1382364, 48.7045444 ], [ 5.13979, 48.7043726 ], [ 5.1400653, 48.7044558 ], [ 5.140725, 48.7054265 ], [ 5.1408305, 48.7051817 ], [ 5.1418008, 48.7054063 ], [ 5.1417763, 48.7061014 ], [ 5.1420214, 48.7074385 ], [ 5.1415957, 48.7082956 ], [ 5.1417034, 48.7106231 ], [ 5.1411958, 48.711309799999988 ], [ 5.1404891, 48.7120459 ], [ 5.1403209, 48.7124547 ], [ 5.1404177, 48.7129919 ], [ 5.140939, 48.7138346 ], [ 5.1404104, 48.715569 ], [ 5.1394599, 48.7153341 ], [ 5.1383486, 48.7148924 ], [ 5.1380693, 48.7148785 ], [ 5.1366978, 48.7161511 ], [ 5.1364071, 48.7168563 ], [ 5.1345264, 48.7157212 ], [ 5.1330816, 48.7142372 ], [ 5.1321255, 48.7135291 ], [ 5.1313447, 48.7132218 ], [ 5.1303766, 48.7135531 ], [ 5.1293796, 48.714278199999988 ], [ 5.1285174, 48.7155415 ], [ 5.1276809, 48.7174387 ], [ 5.1268802, 48.7186119 ], [ 5.1260201, 48.7194298 ], [ 5.1254223, 48.7201773 ], [ 5.1249733, 48.7215755 ], [ 5.1246907, 48.722016 ], [ 5.1243407, 48.7221023 ], [ 5.1276582, 48.7226901 ], [ 5.132583, 48.7241372 ], [ 5.1340072, 48.7259778 ], [ 5.1344168, 48.7270808 ], [ 5.133377, 48.727363 ], [ 5.1330218, 48.7276905 ], [ 5.1333047, 48.7293221 ], [ 5.1339756, 48.7304303 ], [ 5.1355672, 48.7319674 ], [ 5.1359237, 48.7335329 ], [ 5.1363703, 48.734242 ], [ 5.1360475, 48.7345645 ], [ 5.1359896, 48.7347455 ], [ 5.1366997, 48.7353131 ], [ 5.1348424, 48.738459399999989 ], [ 5.1343597, 48.7395955 ], [ 5.1344428, 48.739863 ], [ 5.1361061, 48.7404541 ], [ 5.1361638, 48.7415318 ], [ 5.1365356, 48.7421073 ], [ 5.1368026, 48.7430454 ], [ 5.1373971, 48.7439759 ], [ 5.1366991, 48.7447379 ], [ 5.13607, 48.7451576 ], [ 5.1347783, 48.7454084 ], [ 5.1355251, 48.7471675 ], [ 5.1354688, 48.747954 ], [ 5.135064, 48.7499991 ], [ 5.1331905, 48.7502 ], [ 5.1319161, 48.7505448 ], [ 5.1311918, 48.7509663 ], [ 5.1305463, 48.7516202 ], [ 5.1298713, 48.7529845 ], [ 5.1299083, 48.7536587 ], [ 5.1302588, 48.7543776 ], [ 5.1307883, 48.7550159 ], [ 5.1304724, 48.7553095 ], [ 5.1277183, 48.7569475 ], [ 5.1272683, 48.7573644 ], [ 5.1404022, 48.7601626 ], [ 5.1441497, 48.7614633 ], [ 5.1441994, 48.7617633 ], [ 5.144471, 48.7619501 ], [ 5.1445917, 48.7624608 ], [ 5.1436508, 48.7645146 ], [ 5.1361917, 48.766617 ], [ 5.1432312, 48.7672441 ], [ 5.1450625, 48.7677024 ], [ 5.145286, 48.7678301 ], [ 5.1466328, 48.7701023 ], [ 5.1471003, 48.7698768 ], [ 5.1475306, 48.7697764 ], [ 5.1483212, 48.7698755 ], [ 5.1505633, 48.7690899 ], [ 5.1508709, 48.7691637 ], [ 5.1523581, 48.7687517 ], [ 5.1517202, 48.7680054 ], [ 5.1511728, 48.7675914 ], [ 5.1508074, 48.7675042 ], [ 5.1503214, 48.7676497 ], [ 5.1498153, 48.7676465 ], [ 5.1492578, 48.7674078 ], [ 5.1489655, 48.7671215 ], [ 5.1488781, 48.7668279 ], [ 5.147592, 48.7662251 ], [ 5.1471987, 48.7646681 ], [ 5.1481914, 48.7647158 ], [ 5.148845, 48.7648338 ], [ 5.1501918, 48.7653163 ], [ 5.1507109, 48.7658092 ], [ 5.1515429, 48.766017 ], [ 5.1523278, 48.7661219 ], [ 5.1533634, 48.7668109 ], [ 5.1550266, 48.7674161 ], [ 5.1555001, 48.7674948 ], [ 5.1560566, 48.7689434 ], [ 5.1565425, 48.768921 ], [ 5.1563795, 48.7692154 ], [ 5.1565441, 48.7691844 ], [ 5.1565362, 48.7692922 ], [ 5.1566563, 48.7693186 ], [ 5.1565908, 48.7694249 ], [ 5.1569489, 48.7695317 ], [ 5.1571832, 48.7696891 ], [ 5.1572733, 48.769874 ], [ 5.1572052, 48.7703381 ], [ 5.1569273, 48.7705313 ], [ 5.1567172, 48.7705886 ], [ 5.1563013, 48.7704922 ], [ 5.1563749, 48.7706859 ], [ 5.1566194, 48.770761799999988 ], [ 5.1567416, 48.7709355 ], [ 5.1565048, 48.771282799999987 ], [ 5.1557987, 48.7715148 ], [ 5.1558481, 48.7716096 ], [ 5.1555284, 48.7718841 ], [ 5.1555207, 48.7720023 ], [ 5.1557582, 48.7721564 ], [ 5.1563547, 48.7723067 ], [ 5.1573185, 48.772068 ], [ 5.1579898, 48.7721407 ], [ 5.1581232, 48.7722436 ], [ 5.1583467, 48.7720922 ], [ 5.1589624, 48.7720993 ], [ 5.1589919, 48.7724576 ], [ 5.1593707, 48.7725093 ], [ 5.1611658, 48.7714971 ], [ 5.1612807, 48.771252499999989 ], [ 5.1614285, 48.7713531 ], [ 5.1617983, 48.771376 ], [ 5.1620045, 48.7716181 ], [ 5.1623577, 48.7715811 ], [ 5.1628574, 48.7718702 ], [ 5.161937, 48.772684 ], [ 5.1620473, 48.7728517 ], [ 5.1621694, 48.7726861 ], [ 5.1626039, 48.7729874 ], [ 5.1618887, 48.7735356 ], [ 5.1613292, 48.773599 ], [ 5.1611225, 48.7737257 ], [ 5.1611349, 48.7738862 ], [ 5.1614881, 48.7742261 ], [ 5.1615465, 48.77458 ], [ 5.1611721, 48.7745883 ], [ 5.1609664, 48.774858 ], [ 5.1606492, 48.7749616 ], [ 5.1607286, 48.7751185 ], [ 5.1604981, 48.7752337 ], [ 5.1601527, 48.7756779 ], [ 5.1606288, 48.7755405 ], [ 5.1612258, 48.7750171 ], [ 5.1618127, 48.7748391 ], [ 5.161894, 48.774894 ], [ 5.1616801, 48.7752534 ], [ 5.1617416, 48.775375 ], [ 5.1614007, 48.775625 ], [ 5.1613951, 48.7758639 ], [ 5.1619604, 48.7758386 ], [ 5.1626475, 48.7755464 ], [ 5.1634317, 48.7757783 ], [ 5.1637673, 48.7755785 ], [ 5.1640349, 48.7755407 ], [ 5.1640196, 48.7752235 ], [ 5.1646746, 48.7747348 ], [ 5.1652118, 48.7747461 ], [ 5.1654911, 48.7748445 ], [ 5.165361, 48.7751401 ], [ 5.165004, 48.7756073 ], [ 5.1647511, 48.7757718 ], [ 5.1640778, 48.7767553 ], [ 5.1652773, 48.7771875 ], [ 5.1645288, 48.7778324 ], [ 5.1641907, 48.7780233 ], [ 5.1638994, 48.7780656 ], [ 5.1631114, 48.778518 ], [ 5.1628146, 48.7788428 ], [ 5.1627229, 48.7791277 ], [ 5.1618596, 48.7796502 ], [ 5.1621988, 48.7800852 ], [ 5.1628464, 48.7805332 ], [ 5.1633379, 48.7805308 ], [ 5.1635269, 48.7806941 ], [ 5.1644238, 48.7808228 ], [ 5.1644559, 48.7810137 ], [ 5.1652852, 48.7812155 ], [ 5.1655921, 48.7813971 ], [ 5.1649521, 48.7817269 ], [ 5.1642025, 48.7813947 ], [ 5.1634442, 48.7814535 ], [ 5.1628859, 48.781222799999988 ], [ 5.1625542, 48.7809334 ], [ 5.162031, 48.7807323 ], [ 5.1614857, 48.7808035 ], [ 5.1609825, 48.7806915 ], [ 5.160447, 48.7808583 ], [ 5.1600369, 48.7806013 ], [ 5.159598, 48.7804656 ], [ 5.1595567, 48.7802282 ], [ 5.159837, 48.7798628 ], [ 5.159522, 48.7794272 ], [ 5.1601192, 48.7791554 ], [ 5.1602866, 48.7789729 ], [ 5.1601697, 48.7788729 ], [ 5.1599145, 48.7787063 ], [ 5.1591212, 48.7787972 ], [ 5.1589353, 48.7785217 ], [ 5.1582708, 48.7783311 ], [ 5.1577301, 48.7782666 ], [ 5.1576992, 48.7778991 ], [ 5.1569406, 48.7774859 ], [ 5.1563037, 48.7779687 ], [ 5.1569864, 48.7788837 ], [ 5.1568992, 48.779111 ], [ 5.157788, 48.7794271 ], [ 5.1582635, 48.7797124 ], [ 5.1582687, 48.7800784 ], [ 5.1579446, 48.7804093 ], [ 5.1580587, 48.7808747 ], [ 5.1577244, 48.7811788 ], [ 5.1571223, 48.7812768 ], [ 5.1568161, 48.7818101 ], [ 5.1565264, 48.7821019 ], [ 5.1562262, 48.7821997 ], [ 5.1560112, 48.7827296 ], [ 5.1560439, 48.7829645 ], [ 5.155839, 48.7832587 ], [ 5.1561746, 48.7835589 ], [ 5.1568322, 48.7837199 ], [ 5.1572462, 48.7835879 ], [ 5.158536, 48.7834 ], [ 5.1587032, 48.7835031 ], [ 5.1599324, 48.7837391 ], [ 5.1604193, 48.7839747 ], [ 5.1606698, 48.7838384 ], [ 5.161114, 48.7837584 ], [ 5.1611119, 48.7843224 ], [ 5.1609562, 48.784398599999989 ], [ 5.1604529, 48.7842279 ], [ 5.1594165, 48.7846698 ], [ 5.1591783, 48.7854612 ], [ 5.1589927, 48.7856559 ], [ 5.159118, 48.7867474 ], [ 5.1593153, 48.7869369 ], [ 5.1600492, 48.7872782 ], [ 5.1607302, 48.7877407 ], [ 5.1619909, 48.7887592 ], [ 5.1622838, 48.789369 ], [ 5.1634291, 48.7900312 ], [ 5.1629055, 48.7907693 ], [ 5.1620331, 48.7923902 ], [ 5.1612684, 48.792997 ], [ 5.1605729, 48.7930707 ], [ 5.1595405, 48.7948096 ], [ 5.1581774, 48.7966193 ], [ 5.1582387, 48.7981 ], [ 5.1573575, 48.7982643 ], [ 5.1567064, 48.7985253 ], [ 5.1534409, 48.7994209 ], [ 5.1529449, 48.8001082 ], [ 5.1523199, 48.7999782 ], [ 5.1514917, 48.7999752 ], [ 5.1503247, 48.7998144 ], [ 5.147355, 48.7996303 ], [ 5.1445133, 48.7996444 ], [ 5.1443127, 48.8002302 ], [ 5.1444235, 48.8007059 ], [ 5.1438226, 48.8008984 ], [ 5.1434659, 48.8011324 ], [ 5.1412704, 48.8014633 ], [ 5.1411595, 48.8019475 ], [ 5.1412505, 48.8024038 ], [ 5.1409465, 48.8027953 ], [ 5.1407951, 48.80382 ], [ 5.1410469, 48.8043445 ], [ 5.1417996, 48.8052298 ], [ 5.1427238, 48.8056775 ], [ 5.1430084, 48.8061403 ], [ 5.1441052, 48.807175 ], [ 5.1442999, 48.8078022 ], [ 5.1446653, 48.8084722 ], [ 5.1447569, 48.808978 ], [ 5.1451583, 48.8090338 ], [ 5.1460568, 48.8095521 ], [ 5.1465828, 48.8099853 ], [ 5.1457286, 48.8104136 ], [ 5.1451112, 48.8109672 ], [ 5.1447211, 48.8111883 ], [ 5.1449976, 48.8123781 ], [ 5.1452021, 48.8127793 ], [ 5.1455208, 48.8132432 ], [ 5.1460161, 48.8137247 ], [ 5.1460477, 48.8145599 ], [ 5.1499741, 48.8171425 ], [ 5.1509692, 48.8179154 ], [ 5.1515187, 48.8185218 ], [ 5.1534842, 48.8197316 ], [ 5.1547901, 48.820704 ], [ 5.1550392, 48.820929 ], [ 5.1548847, 48.8211783 ], [ 5.1567133, 48.8221376 ], [ 5.1585192, 48.8226476 ], [ 5.1595863, 48.823375899999988 ], [ 5.1617428, 48.8239577 ], [ 5.1625171, 48.8240319 ], [ 5.1630099, 48.8242191 ], [ 5.1633186, 48.8245014 ], [ 5.1634151, 48.8248874 ], [ 5.1634556, 48.8255021 ], [ 5.1633469, 48.8259053 ], [ 5.1640645, 48.8266805 ], [ 5.1654159, 48.8292318 ], [ 5.1686039, 48.8323598 ], [ 5.1677798, 48.8328273 ], [ 5.1667521, 48.8337411 ], [ 5.1666932, 48.8339302 ], [ 5.166001, 48.8335073 ], [ 5.1658768, 48.8332729 ], [ 5.1655909, 48.8335084 ], [ 5.1652954, 48.8335479 ], [ 5.1646016, 48.8341678 ], [ 5.1639912, 48.834007 ], [ 5.1628668, 48.8360732 ], [ 5.1620686, 48.8361164 ], [ 5.1619859, 48.8365866 ], [ 5.1608339, 48.8364455 ], [ 5.160773, 48.8366868 ], [ 5.1596936, 48.8365561 ], [ 5.1595424, 48.8367882 ], [ 5.1602277, 48.8369801 ], [ 5.1599933, 48.8379326 ], [ 5.157673, 48.8370622 ], [ 5.1565673, 48.8367897 ], [ 5.1560385, 48.8377439 ], [ 5.1545422, 48.837384 ], [ 5.1540157, 48.8381672 ], [ 5.1526131, 48.8377669 ], [ 5.1522591, 48.8384337 ], [ 5.1474068, 48.8374683 ], [ 5.1472175, 48.8376372 ], [ 5.1458569, 48.8372613 ], [ 5.1455604, 48.8374097 ], [ 5.1436503, 48.840142 ], [ 5.1421034, 48.8427293 ], [ 5.1402571, 48.843276 ], [ 5.1400611, 48.8434145 ], [ 5.1399502, 48.8437026 ], [ 5.1385451, 48.8435415 ], [ 5.1379899, 48.8433625 ], [ 5.1349428, 48.8428483 ], [ 5.134893, 48.8429959 ], [ 5.1336856, 48.8428681 ], [ 5.1325837, 48.8428535 ], [ 5.1317002, 48.842648 ], [ 5.1309749, 48.8426114 ], [ 5.1298013, 48.8423426 ], [ 5.1274591, 48.8413938 ], [ 5.1248721, 48.8407911 ], [ 5.1226335, 48.8404746 ], [ 5.1208613, 48.8400652 ], [ 5.1205454, 48.8401734 ], [ 5.1198906, 48.8401256 ], [ 5.119343, 48.8411384 ], [ 5.1163305, 48.8405242 ], [ 5.1133086, 48.8400145 ], [ 5.1134753, 48.8394214 ], [ 5.1096445, 48.8387225 ], [ 5.1096583, 48.8392323 ], [ 5.1083639, 48.8392066 ], [ 5.1081671, 48.8394629 ], [ 5.1062896, 48.8394456 ], [ 5.1069542, 48.8378136 ], [ 5.1043468, 48.838249 ], [ 5.103772, 48.8382906 ], [ 5.1026859, 48.8381253 ], [ 5.1019744, 48.839069 ], [ 5.1049419, 48.8398229 ], [ 5.1034962, 48.8415189 ], [ 5.1020218, 48.8429474 ], [ 5.0998326, 48.8427385 ], [ 5.0998087, 48.843025 ], [ 5.0991107, 48.8431236 ], [ 5.0979332, 48.8431946 ], [ 5.0963562, 48.8431611 ], [ 5.0945075, 48.8434553 ], [ 5.0946544, 48.8439889 ], [ 5.0944647, 48.8443575 ], [ 5.0940436, 48.8443586 ], [ 5.0940112, 48.8447064 ], [ 5.0956149, 48.8448259 ], [ 5.0950566, 48.8461626 ], [ 5.0926009, 48.8461417 ], [ 5.0903736, 48.8462113 ], [ 5.0900945, 48.8471356 ], [ 5.0909672, 48.8472454 ], [ 5.0912345, 48.8481314 ], [ 5.0896665, 48.8485312 ], [ 5.0892304, 48.8499612 ], [ 5.0883946, 48.8500252 ], [ 5.0864037, 48.8498711 ], [ 5.0842349, 48.8490893 ], [ 5.084133, 48.8494041 ], [ 5.0830276, 48.8494414 ], [ 5.0833582, 48.8517423 ], [ 5.0821837, 48.852236 ], [ 5.08198, 48.8518814 ], [ 5.0817161, 48.8519283 ], [ 5.0816552, 48.8515641 ], [ 5.0787572, 48.8521858 ], [ 5.0778467, 48.8520172 ], [ 5.0770141, 48.8517528 ], [ 5.0754916, 48.8508688 ], [ 5.0746394, 48.8506577 ], [ 5.0724363, 48.8493168 ], [ 5.0718091, 48.8493825 ], [ 5.0711567, 48.8495683 ], [ 5.0709871, 48.8490738 ], [ 5.071697, 48.848483 ], [ 5.0720622, 48.8483777 ], [ 5.0745425, 48.8464797 ], [ 5.0731793, 48.8457233 ], [ 5.0733341, 48.8455713 ], [ 5.0721563, 48.8445059 ], [ 5.0733543, 48.8438167 ], [ 5.0729341, 48.8438069 ], [ 5.0743404, 48.8429773 ], [ 5.0769363, 48.8422449 ], [ 5.078274, 48.8417476 ], [ 5.0785785, 48.8425475 ], [ 5.0794187, 48.8420147 ], [ 5.0800689, 48.84154 ], [ 5.0818129, 48.839341499999989 ], [ 5.0822149, 48.8396791 ], [ 5.0843484, 48.838364399999989 ], [ 5.083685, 48.8378605 ], [ 5.0840451, 48.8373918 ], [ 5.0842116, 48.836922 ], [ 5.0847305, 48.8364361 ], [ 5.0844286, 48.836077 ], [ 5.0842184, 48.8360006 ], [ 5.0812898, 48.8352869 ], [ 5.0806617, 48.8354598 ], [ 5.0799011, 48.835491 ], [ 5.079979, 48.8343696 ], [ 5.0795357, 48.8326527 ], [ 5.0791344, 48.8316781 ], [ 5.0780802, 48.8307707 ], [ 5.076565, 48.8299856 ], [ 5.0751464, 48.8294371 ], [ 5.0739614, 48.8294487 ], [ 5.0733103, 48.8296957 ], [ 5.0729019, 48.8291234 ], [ 5.0744307, 48.8285391 ], [ 5.07363, 48.8265638 ], [ 5.0739193, 48.8262673 ], [ 5.0741272, 48.8258076 ], [ 5.0755097, 48.8242209 ], [ 5.0743325, 48.8222702 ], [ 5.0741994, 48.8217669 ], [ 5.0756295, 48.8146374 ], [ 5.0755099, 48.8137209 ], [ 5.0763015, 48.8133833 ], [ 5.0763271, 48.8127594 ], [ 5.0766215, 48.8113949 ], [ 5.0783047, 48.8114187 ], [ 5.0772977, 48.809223 ], [ 5.0751291, 48.8092535 ], [ 5.0751346, 48.8088441 ], [ 5.069036, 48.8079053 ], [ 5.0632704, 48.8062218 ], [ 5.0629398, 48.8067475 ], [ 5.0612163, 48.8062851 ], [ 5.0601181, 48.8058965 ], [ 5.0592824, 48.8053594 ], [ 5.0572441, 48.8035799 ], [ 5.0565918, 48.803583 ], [ 5.0550888, 48.8041847 ], [ 5.0533993, 48.8019546 ], [ 5.0529368, 48.8020373 ], [ 5.0524822, 48.8013523 ], [ 5.0531335, 48.8010505 ], [ 5.0528361, 48.8005194 ], [ 5.0523302, 48.8006046 ], [ 5.0508272, 48.8010694 ], [ 5.0470798, 48.7986533 ], [ 5.050472, 48.7953266 ], [ 5.0487838, 48.7951964 ], [ 5.0474663, 48.7952819 ], [ 5.0469813, 48.7953469 ], [ 5.0465892, 48.7956595 ], [ 5.0460539, 48.7958315 ], [ 5.0456214, 48.794977 ], [ 5.0451693, 48.7932754 ], [ 5.0447284, 48.7926559 ], [ 5.0444119, 48.7918084 ], [ 5.0428195, 48.7902261 ], [ 5.0425212, 48.7897382 ], [ 5.0434965, 48.7891565 ], [ 5.0397682, 48.786191 ], [ 5.0418396, 48.7853342 ], [ 5.0428198, 48.7848101 ], [ 5.0432546, 48.7847882 ], [ 5.0454184, 48.784000899999988 ], [ 5.0459714, 48.7836603 ], [ 5.0466533, 48.7835515 ], [ 5.0470324, 48.7833947 ], [ 5.0484375, 48.782668 ], [ 5.0497556, 48.7817061 ], [ 5.0511646, 48.78108 ], [ 5.0519784, 48.7806234 ], [ 5.0535686, 48.7800725 ], [ 5.0549185, 48.7799908 ], [ 5.0557926, 48.7794062 ], [ 5.0564051, 48.7783332 ], [ 5.0575813, 48.7771946 ], [ 5.0574244, 48.7757011 ], [ 5.0562502, 48.7753686 ], [ 5.0541517, 48.7745177 ], [ 5.0518486, 48.7734101 ], [ 5.0495862, 48.7721246 ], [ 5.0490133, 48.7724755 ], [ 5.0480802, 48.7719381 ], [ 5.047109, 48.7715724 ], [ 5.0479805, 48.7705408 ], [ 5.0464837, 48.7700312 ], [ 5.0443532, 48.7695342 ], [ 5.0435427, 48.7690658 ], [ 5.0433153, 48.7686117 ], [ 5.0429629, 48.7685098 ], [ 5.0431023, 48.767794 ], [ 5.0415881, 48.767393399999989 ], [ 5.0411135, 48.7671595 ], [ 5.0410429, 48.7669187 ], [ 5.0407178, 48.7668208 ], [ 5.0398788, 48.7671518 ], [ 5.0369757, 48.7661388 ], [ 5.0348578, 48.765959 ], [ 5.0332724, 48.7659617 ], [ 5.0320331, 48.7657309 ], [ 5.0318111, 48.7659731 ], [ 5.0308336, 48.7662074 ], [ 5.0291338, 48.7662102 ], [ 5.0262699, 48.766024 ], [ 5.0264042, 48.7653821 ], [ 5.025622, 48.7653909 ], [ 5.0254337, 48.7656586 ], [ 5.0251166, 48.7656226 ], [ 5.024984, 48.7655033 ], [ 5.0244207, 48.7654364 ], [ 5.0242205, 48.7656431 ], [ 5.0226323, 48.7653291 ], [ 5.0208462, 48.7653854 ], [ 5.0214223, 48.7624085 ], [ 5.0221128, 48.7601044 ], [ 5.0221149, 48.7595978 ], [ 5.0208643, 48.7600526 ], [ 5.0198523, 48.7599942 ], [ 5.0179833, 48.7603308 ], [ 5.0172082, 48.7603088 ], [ 5.0170161, 48.7610075 ], [ 5.0111593, 48.7618962 ], [ 5.0091138, 48.7620692 ], [ 5.0072346, 48.7616842 ], [ 5.0053065, 48.7606289 ], [ 5.0049592, 48.7607625 ], [ 5.003551, 48.7600952 ], [ 5.0019029, 48.7591332 ], [ 4.998093, 48.757149299999988 ], [ 4.9970305, 48.7560533 ], [ 4.9983983, 48.7559188 ], [ 4.9998151, 48.755537 ], [ 4.9984256, 48.7544645 ], [ 4.99822, 48.7544238 ], [ 4.9976243, 48.7547523 ], [ 4.9963342, 48.754781 ], [ 4.9959213, 48.7546584 ], [ 4.9945561, 48.7530789 ], [ 4.9939194, 48.7525821 ], [ 4.9932703, 48.7523311 ], [ 4.9925373, 48.7526267 ], [ 4.9879937, 48.7528626 ], [ 4.9882438, 48.7511041 ], [ 4.9886051, 48.7501966 ], [ 4.9886441, 48.7496111 ], [ 4.9882171, 48.749261 ], [ 4.9873188, 48.7489656 ], [ 4.9856641, 48.748778099999988 ], [ 4.9803214, 48.7484908 ], [ 4.9803388, 48.7473002 ], [ 4.9809018, 48.7463246 ], [ 4.9813881, 48.7462329 ], [ 4.9815209, 48.7455037 ], [ 4.982044, 48.7450911 ], [ 4.9840004, 48.7444153 ], [ 4.9866684, 48.7431347 ], [ 4.9877431, 48.7428856 ], [ 4.9886655, 48.7423169 ], [ 4.9901231, 48.7418347 ], [ 4.9913712, 48.7420316 ], [ 4.9921708, 48.7422369 ], [ 4.9930386, 48.7420209 ], [ 4.9934849, 48.7420962 ], [ 4.9940409, 48.7423361 ], [ 4.9944511, 48.7423904 ], [ 4.9956706, 48.7422999 ], [ 4.9962212, 48.7424346 ], [ 4.9975481, 48.7424475 ], [ 4.9994771, 48.7426276 ], [ 4.9998998, 48.741942099999989 ], [ 4.9999592, 48.7414346 ], [ 5.0027462, 48.7414256 ], [ 5.0039956, 48.7419022 ], [ 5.0075938, 48.7418012 ], [ 5.0092185, 48.7413888 ], [ 5.0092836, 48.740641 ], [ 5.0091405, 48.7387945 ], [ 5.008884, 48.7384209 ], [ 5.0054628, 48.7353358 ], [ 5.0054444, 48.7349987 ], [ 5.0059688, 48.7339552 ], [ 5.0074652, 48.7319813 ], [ 5.0093926, 48.7291562 ], [ 5.0090277, 48.7284389 ], [ 5.0084993, 48.7264388 ], [ 5.0075039, 48.7238239 ], [ 5.0072576, 48.7228284 ], [ 5.0062436, 48.7219547 ], [ 5.0041927, 48.7197138 ], [ 5.0043864, 48.718845 ], [ 5.005636, 48.7178892 ], [ 5.0069744, 48.7178991 ], [ 5.0080364, 48.7181134 ], [ 5.0095294, 48.7180792 ], [ 5.0100649, 48.7179326 ], [ 5.0111186, 48.7179661 ], [ 5.0118292, 48.7169284 ], [ 5.0126045, 48.7154884 ], [ 5.013629, 48.7109545 ], [ 5.0147243, 48.7098158 ], [ 5.018521, 48.7090651 ], [ 5.019169, 48.7088787 ], [ 5.0200848, 48.7088299 ], [ 5.0199253, 48.7107526 ], [ 5.0203667, 48.7112697 ], [ 5.0205613, 48.7133475 ], [ 5.0207473, 48.713832 ], [ 5.0211872, 48.7183511 ], [ 5.0211238, 48.7197683 ], [ 5.0217511, 48.7215724 ], [ 5.0242343, 48.7237877 ], [ 5.0250639, 48.7243171 ], [ 5.0280599, 48.725757 ], [ 5.0312535, 48.7276938 ], [ 5.0328173, 48.7283537 ], [ 5.0330244, 48.7281864 ], [ 5.0332007, 48.7282787 ], [ 5.0332748, 48.7283666 ], [ 5.0331765, 48.728532 ], [ 5.0332066, 48.7289561 ], [ 5.0343547, 48.7289627 ], [ 5.0348342, 48.7295411 ], [ 5.0353248, 48.729844 ], [ 5.0360146, 48.7296775 ], [ 5.0364052, 48.7296852 ], [ 5.03934, 48.7302029 ], [ 5.0411402, 48.7301208 ], [ 5.0420828, 48.7305401 ], [ 5.0442689, 48.7306916 ], [ 5.0458867, 48.7307089 ], [ 5.0461004, 48.7305055 ], [ 5.0474771, 48.7305836 ], [ 5.0500366, 48.7303732 ], [ 5.0500556, 48.7300939 ], [ 5.0549187, 48.7296351 ], [ 5.0562029, 48.7296085 ], [ 5.0562419, 48.7294603 ], [ 5.0580037, 48.7293345 ], [ 5.0579899, 48.7285718 ], [ 5.0577509, 48.7278903 ], [ 5.0590503, 48.7262151 ], [ 5.0598126, 48.7258528 ], [ 5.0618015, 48.7251482 ], [ 5.060959, 48.7239913 ], [ 5.0657503, 48.7247578 ], [ 5.0656824, 48.7255867 ], [ 5.0666684, 48.7255534 ], [ 5.0671698, 48.7258534 ], [ 5.0675295, 48.726521 ], [ 5.068529, 48.7274133 ], [ 5.0688611, 48.7270765 ], [ 5.0696412, 48.7267544 ], [ 5.0721086, 48.7260115 ], [ 5.0761387, 48.7255465 ], [ 5.0781212, 48.7259151 ], [ 5.0803998, 48.7265808 ], [ 5.0826276, 48.7275064 ], [ 5.0840233, 48.7279922 ], [ 5.0843681, 48.7282498 ], [ 5.0844361, 48.7286229 ] ], [ [ 5.1608014, 48.7721343 ], [ 5.1605101, 48.7721653 ], [ 5.1605661, 48.7723015 ], [ 5.1606675, 48.7722855 ], [ 5.1608014, 48.7721343 ] ], [ [ 5.1473099, 48.7730415 ], [ 5.1484886, 48.7736122 ], [ 5.1498273, 48.7750157 ], [ 5.1512921, 48.7746743 ], [ 5.1515931, 48.7725492 ], [ 5.1502932, 48.7724131 ], [ 5.1490208, 48.773075 ], [ 5.1490418, 48.7719026 ], [ 5.1488392, 48.771489 ], [ 5.1485232, 48.7713794 ], [ 5.1479807, 48.7715497 ], [ 5.1475617, 48.7714847 ], [ 5.1471805, 48.7709379 ], [ 5.1462049, 48.770305 ], [ 5.1459381, 48.7703686 ], [ 5.1449803, 48.770381 ], [ 5.1445596, 48.7721072 ], [ 5.1442489, 48.7722624 ], [ 5.1441335, 48.7724188 ], [ 5.1434601, 48.7726564 ], [ 5.143842, 48.7729917 ], [ 5.144086, 48.7729891 ], [ 5.1445467, 48.7731968 ], [ 5.145567, 48.773221 ], [ 5.1467288, 48.7730104 ], [ 5.1473099, 48.7730415 ] ], [ [ 5.1608542, 48.7726738 ], [ 5.1608611, 48.772871 ], [ 5.1611778, 48.7727641 ], [ 5.1614325, 48.7728356 ], [ 5.1616003, 48.7727623 ], [ 5.1614566, 48.7726476 ], [ 5.1615067, 48.7723676 ], [ 5.1611826, 48.7723854 ], [ 5.1608542, 48.7726738 ] ], [ [ 5.1560598, 48.7735533 ], [ 5.1566628, 48.7737714 ], [ 5.1569915, 48.7737803 ], [ 5.1570893, 48.7739411 ], [ 5.1575226, 48.7741087 ], [ 5.1579341, 48.7741184 ], [ 5.1580824, 48.774335699999988 ], [ 5.1583524, 48.7744584 ], [ 5.1591699, 48.7746422 ], [ 5.1592482, 48.7745675 ], [ 5.1593858, 48.7748788 ], [ 5.1599315, 48.7748393 ], [ 5.1597807, 48.7746026 ], [ 5.1594841, 48.7744138 ], [ 5.1590757, 48.7744488 ], [ 5.159079, 48.77432 ], [ 5.1586388, 48.7740466 ], [ 5.1582611, 48.7740801 ], [ 5.1580646, 48.7740193 ], [ 5.1580555, 48.7736097 ], [ 5.1583996, 48.7735239 ], [ 5.1583104, 48.773184 ], [ 5.1583981, 48.772878 ], [ 5.1579827, 48.7726723 ], [ 5.1573524, 48.7727905 ], [ 5.157171, 48.7731357 ], [ 5.1576532, 48.7732175 ], [ 5.1578102, 48.7733063 ], [ 5.1579016, 48.7735234 ], [ 5.1573655, 48.7736485 ], [ 5.1570486, 48.7734519 ], [ 5.1569562, 48.7732654 ], [ 5.1564155, 48.7732395 ], [ 5.1559985, 48.773279 ], [ 5.1559262, 48.7733676 ], [ 5.1560598, 48.7735533 ] ], [ [ 5.1566696, 48.7753785 ], [ 5.1564353, 48.775568799999988 ], [ 5.1565136, 48.7756974 ], [ 5.1569575, 48.7758086 ], [ 5.1573425, 48.7757809 ], [ 5.1575284, 48.7755863 ], [ 5.1573511, 48.7754134 ], [ 5.1575646, 48.7752066 ], [ 5.1573256, 48.7750053 ], [ 5.1568113, 48.7749843 ], [ 5.1566715, 48.7750143 ], [ 5.1566696, 48.7753785 ] ], [ [ 5.1587318, 48.7772006 ], [ 5.1592428, 48.777201 ], [ 5.1595176, 48.7771125 ], [ 5.1599787, 48.7767136 ], [ 5.1596294, 48.776136 ], [ 5.1590259, 48.7763489 ], [ 5.1581883, 48.7763004 ], [ 5.1579538, 48.7764268 ], [ 5.1584557, 48.7769878 ], [ 5.1587318, 48.7772006 ] ], [ [ 5.156664, 48.7762862 ], [ 5.1566014, 48.7769865 ], [ 5.1568997, 48.7770967 ], [ 5.1576292, 48.7771718 ], [ 5.1577127, 48.7767436 ], [ 5.1579406, 48.7764304 ], [ 5.1570377, 48.7763889 ], [ 5.156664, 48.7762862 ] ], [ [ 5.153436, 48.7782488 ], [ 5.1534559, 48.7784239 ], [ 5.1539875, 48.7780922 ], [ 5.153842, 48.7780569 ], [ 5.153436, 48.7782488 ] ], [ [ 5.1529338, 48.780891 ], [ 5.1529298, 48.7807163 ], [ 5.1524816, 48.7805324 ], [ 5.1522719, 48.7807294 ], [ 5.1519475, 48.7808423 ], [ 5.1521372, 48.7810029 ], [ 5.1518872, 48.7814015 ], [ 5.1518256, 48.7821178 ], [ 5.1526155, 48.7819146 ], [ 5.1522813, 48.7815794 ], [ 5.1522938, 48.7812634 ], [ 5.1525854, 48.7812075 ], [ 5.1526262, 48.781065 ], [ 5.1529338, 48.780891 ] ] ] ] } }
]
}
