{
"type": "FeatureCollection",
"name": "cartescolaire_53",
"crs": { "type": "name", "properties": { "name": "urn:ogc:def:crs:OGC:1.3:CRS84" } },
"features": [
{ "type": "Feature", "properties": { "code_departement": 53.0, "code_rne": "0530001N", "multisecteur": 0.0 }, "geometry": { "type": "MultiPolygon", "coordinates": [ [ [ [ -0.5942363, 48.3684053 ], [ -0.5934154, 48.3682006 ], [ -0.5929479, 48.3683021 ], [ -0.5915153, 48.3689769 ], [ -0.5910366, 48.3687356 ], [ -0.5897505, 48.3684477 ], [ -0.5889246, 48.368171 ], [ -0.5875015, 48.3678953 ], [ -0.5865591, 48.3678905 ], [ -0.5861643, 48.3677305 ], [ -0.5859462, 48.3675245 ], [ -0.5854713, 48.3673588 ], [ -0.5844906, 48.3673471 ], [ -0.5827785, 48.3676114 ], [ -0.5819804, 48.3679391 ], [ -0.5814078, 48.3680645 ], [ -0.5811868, 48.3682333 ], [ -0.5803627, 48.3694695 ], [ -0.5804179, 48.3696254 ], [ -0.5802363, 48.3696976 ], [ -0.5797669, 48.3697523 ], [ -0.5796378, 48.3696031 ], [ -0.5794758, 48.3695656 ], [ -0.5779933, 48.3697879 ], [ -0.5765169, 48.3697037 ], [ -0.5752639, 48.3701207 ], [ -0.5742362, 48.3702534 ], [ -0.5738097, 48.3702222 ], [ -0.573592, 48.3700423 ], [ -0.573302, 48.3701114 ], [ -0.5728901, 48.3700959 ], [ -0.5725619, 48.3702202 ], [ -0.5720835, 48.3709767 ], [ -0.5717127, 48.3724622 ], [ -0.5713741, 48.3729101 ], [ -0.5715653, 48.3738545 ], [ -0.5712505, 48.3744737 ], [ -0.5710265, 48.374539 ], [ -0.570305, 48.3752019 ], [ -0.5694619, 48.3757443 ], [ -0.568673, 48.3764696 ], [ -0.568018, 48.376719 ], [ -0.5666572, 48.3766267 ], [ -0.5647916, 48.3769639 ], [ -0.5632984, 48.3769728 ], [ -0.5624644, 48.3770933 ], [ -0.5611113, 48.3776726 ], [ -0.559852, 48.3784012 ], [ -0.558558, 48.3779177 ], [ -0.5584806, 48.3780326 ], [ -0.5581066, 48.3780997 ], [ -0.5580546, 48.37823 ], [ -0.5589637, 48.380057 ], [ -0.5602164, 48.3822438 ], [ -0.5605429, 48.3833526 ], [ -0.5610845, 48.3845611 ], [ -0.5619043, 48.3879001 ], [ -0.5638408, 48.3915937 ], [ -0.5642682, 48.3941466 ], [ -0.564705, 48.3958608 ], [ -0.5646809, 48.3965622 ], [ -0.5632834, 48.406087299999989 ], [ -0.562644, 48.4081868 ], [ -0.5621964, 48.4086479 ], [ -0.5614622, 48.4128234 ], [ -0.5606109, 48.4124572 ], [ -0.5599765, 48.4120386 ], [ -0.5591387, 48.4112136 ], [ -0.558499, 48.4108357 ], [ -0.5575169, 48.4105157 ], [ -0.556495, 48.4102861 ], [ -0.555867, 48.4100015 ], [ -0.5537396, 48.4094268 ], [ -0.5521488, 48.4088657 ], [ -0.5515608, 48.4088122 ], [ -0.5505029, 48.40887 ], [ -0.5499864, 48.4086522 ], [ -0.5495994, 48.4077299 ], [ -0.5495282, 48.4068765 ], [ -0.549261, 48.4067044 ], [ -0.5487933, 48.4065896 ], [ -0.5481985, 48.4061328 ], [ -0.5481719, 48.4057797 ], [ -0.5483613, 48.4051193 ], [ -0.548297, 48.4048475 ], [ -0.5476988, 48.4046627 ], [ -0.5472302, 48.4046732 ], [ -0.5469325, 48.4038698 ], [ -0.5472666, 48.4037697 ], [ -0.5471396, 48.4034709 ], [ -0.5469707, 48.4034337 ], [ -0.5469443, 48.4032435 ], [ -0.5461394, 48.4027795 ], [ -0.5457216, 48.4024399 ], [ -0.5452934, 48.402368 ], [ -0.5450567, 48.4018672 ], [ -0.5434631, 48.4018608 ], [ -0.5431563, 48.4008614 ], [ -0.543017, 48.4007007 ], [ -0.5426964, 48.4006194 ], [ -0.5418232, 48.4000844 ], [ -0.5401082, 48.3993999 ], [ -0.5393957, 48.3994626 ], [ -0.5385634, 48.3997162 ], [ -0.5356433, 48.3992891 ], [ -0.5337249, 48.3994805 ], [ -0.5330416, 48.3993748 ], [ -0.532316, 48.3991227 ], [ -0.5308424, 48.3991297 ], [ -0.5300855, 48.3988749 ], [ -0.5292315, 48.3987841 ], [ -0.5289353, 48.3986624 ], [ -0.5283889, 48.3989848 ], [ -0.5274342, 48.3990259 ], [ -0.526802, 48.3991365 ], [ -0.5248515, 48.39891 ], [ -0.5230198, 48.3990617 ], [ -0.5220562, 48.3994956 ], [ -0.522007, 48.3996493 ], [ -0.5212776, 48.3999447 ], [ -0.5208895, 48.4002084 ], [ -0.5205625, 48.4002722 ], [ -0.5194935, 48.4002022 ], [ -0.5188802, 48.4002339 ], [ -0.5160786, 48.3996146 ], [ -0.5144994, 48.3997623 ], [ -0.5131711, 48.3995766 ], [ -0.5125154, 48.3997005 ], [ -0.5120289, 48.3994429 ], [ -0.5114583, 48.3989591 ], [ -0.510404, 48.3967804 ], [ -0.5095649, 48.3961839 ], [ -0.5096987, 48.395292 ], [ -0.5095712, 48.3948203 ], [ -0.5092224, 48.3944569 ], [ -0.5065468, 48.3934905 ], [ -0.5053345, 48.3933796 ], [ -0.5026651, 48.3926877 ], [ -0.5023026, 48.3925228 ], [ -0.5011691, 48.3916647 ], [ -0.5001191, 48.3919182 ], [ -0.498876, 48.3924187 ], [ -0.497724, 48.3927247 ], [ -0.49754, 48.3928661 ], [ -0.4974497, 48.3937441 ], [ -0.4969902, 48.394642 ], [ -0.4972268, 48.3951492 ], [ -0.4972176, 48.3953962 ], [ -0.4969064, 48.395943 ], [ -0.4959775, 48.39688 ], [ -0.4957706, 48.3976723 ], [ -0.4961873, 48.3988532 ], [ -0.4972879, 48.3996438 ], [ -0.497699, 48.4000694 ], [ -0.4979775, 48.400941 ], [ -0.4984893, 48.4018651 ], [ -0.4985367, 48.4022924 ], [ -0.4990935, 48.4026713 ], [ -0.4994598, 48.4035628 ], [ -0.4999572, 48.4043091 ], [ -0.5003957, 48.4045366 ], [ -0.5014082, 48.4047525 ], [ -0.5015208, 48.4048789 ], [ -0.5017742, 48.4049669 ], [ -0.5023959, 48.4050214 ], [ -0.5035664, 48.4055371 ], [ -0.5045243, 48.4061103 ], [ -0.5055439, 48.4063908 ], [ -0.5061902, 48.4064276 ], [ -0.5073142, 48.4063069 ], [ -0.5084251, 48.4063128 ], [ -0.5100122, 48.4058975 ], [ -0.5106213, 48.4058425 ], [ -0.5119981, 48.405922399999987 ], [ -0.5125072, 48.4058506 ], [ -0.5130596, 48.4056568 ], [ -0.515076, 48.4058347 ], [ -0.5154827, 48.40601 ], [ -0.5156316, 48.4062748 ], [ -0.5163558, 48.4065875 ], [ -0.5159208, 48.4067571 ], [ -0.5155309, 48.4070748 ], [ -0.5149806, 48.4073199 ], [ -0.514828, 48.4077684 ], [ -0.5142455, 48.408443 ], [ -0.5140931, 48.4089546 ], [ -0.5143538, 48.4097177 ], [ -0.5147978, 48.4103088 ], [ -0.5156119, 48.4101046 ], [ -0.5160836, 48.410118499999989 ], [ -0.5179171, 48.4118859 ], [ -0.5186492, 48.4116885 ], [ -0.5189193, 48.4116814 ], [ -0.5191358, 48.4119461 ], [ -0.5190115, 48.4121299 ], [ -0.5186785, 48.4122271 ], [ -0.5162554, 48.4136354 ], [ -0.514868, 48.4142088 ], [ -0.5149495, 48.4144765 ], [ -0.5168072, 48.4163207 ], [ -0.5173169, 48.4169837 ], [ -0.5170791, 48.418564 ], [ -0.5171224, 48.4193723 ], [ -0.5174792, 48.4196291 ], [ -0.5182071, 48.4192662 ], [ -0.5189239, 48.4191621 ], [ -0.5205417, 48.4186134 ], [ -0.5214128, 48.4180859 ], [ -0.5222896, 48.4179671 ], [ -0.5240731, 48.4180141 ], [ -0.524702, 48.4179107 ], [ -0.5282884, 48.418071499999989 ], [ -0.532147, 48.4185581 ], [ -0.5328127, 48.418559 ], [ -0.5333168, 48.4187115 ], [ -0.5361381, 48.4199665 ], [ -0.540851, 48.4193935 ], [ -0.5435055, 48.418854 ], [ -0.5449309, 48.418725 ], [ -0.5460302, 48.4184363 ], [ -0.5463628, 48.4189946 ], [ -0.5471121, 48.4191109 ], [ -0.5478757, 48.4190592 ], [ -0.5489861, 48.4187144 ], [ -0.5496866, 48.4186493 ], [ -0.5506045, 48.4186993 ], [ -0.5510161, 48.4188634 ], [ -0.5515094, 48.4187766 ], [ -0.5529183, 48.4193243 ], [ -0.5537826, 48.4199405 ], [ -0.554123, 48.421373 ], [ -0.5543543, 48.4218514 ], [ -0.5560554, 48.4218779 ], [ -0.5560582, 48.4224983 ], [ -0.5557333, 48.4237751 ], [ -0.5558151, 48.4250424 ], [ -0.5553668, 48.4261762 ], [ -0.5550286, 48.4267563 ], [ -0.5571987, 48.4274919 ], [ -0.5579715, 48.4274741 ], [ -0.5582427, 48.4298794 ], [ -0.5575695, 48.4310676 ], [ -0.5574564, 48.4317555 ], [ -0.5578421, 48.4340331 ], [ -0.5577393, 48.435351 ], [ -0.5574445, 48.4357543 ], [ -0.5577269, 48.4359475 ], [ -0.559411, 48.4353963 ], [ -0.5594683, 48.4351433 ], [ -0.5598147, 48.4349627 ], [ -0.5598738, 48.4346971 ], [ -0.5603308, 48.434551899999988 ], [ -0.5611441, 48.4339322 ], [ -0.5626, 48.4335498 ], [ -0.5634268, 48.4336682 ], [ -0.5646608, 48.432907 ], [ -0.565249, 48.4323022 ], [ -0.5664301, 48.4319398 ], [ -0.5665783, 48.4317507 ], [ -0.5667743, 48.4317475 ], [ -0.5668962, 48.4317483 ], [ -0.5669729, 48.4320009 ], [ -0.5672669, 48.4322064 ], [ -0.5674838, 48.4326501 ], [ -0.5677778, 48.4327746 ], [ -0.5681943, 48.4331078 ], [ -0.5681437, 48.4334588 ], [ -0.5683819, 48.4336984 ], [ -0.5687998, 48.4338335 ], [ -0.56887, 48.4341105 ], [ -0.569069, 48.4343297 ], [ -0.5698624, 48.4346741 ], [ -0.5699739, 48.43494 ], [ -0.5706666, 48.435455 ], [ -0.5706845, 48.4355779 ], [ -0.5710402, 48.4358733 ], [ -0.5714073, 48.4366737 ], [ -0.5714116, 48.4368771 ], [ -0.571767, 48.4370879 ], [ -0.5719489, 48.4374931 ], [ -0.5723009, 48.4376752 ], [ -0.573036, 48.4377575 ], [ -0.5735958, 48.4376308 ], [ -0.573734, 48.4378518 ], [ -0.5738805, 48.437896 ], [ -0.5741841, 48.4374248 ], [ -0.5751939, 48.436791 ], [ -0.5758789, 48.4366551 ], [ -0.5761191, 48.4368442 ], [ -0.5764994, 48.4366454 ], [ -0.5770239, 48.4365359 ], [ -0.577633, 48.4365779 ], [ -0.5778641, 48.4364926 ], [ -0.5780901, 48.4365128 ], [ -0.579893, 48.4358811 ], [ -0.5812681, 48.4371319 ], [ -0.5813482, 48.4373141 ], [ -0.5812124, 48.4377639 ], [ -0.581295, 48.4383396 ], [ -0.5819732, 48.4389765 ], [ -0.5835834, 48.4400023 ], [ -0.5844159, 48.4402806 ], [ -0.5854455, 48.4402756 ], [ -0.5856093, 48.4403553 ], [ -0.5857457, 48.4406483 ], [ -0.5856332, 48.4414587 ], [ -0.5842495, 48.4426019 ], [ -0.5842016, 48.4428519 ], [ -0.5844729, 48.443376799999989 ], [ -0.5860967, 48.4453702 ], [ -0.586079, 48.4461416 ], [ -0.5862212, 48.4463813 ], [ -0.5864677, 48.4465414 ], [ -0.5865358, 48.446864399999988 ], [ -0.5863902, 48.4470508 ], [ -0.58568, 48.4475144 ], [ -0.5841606, 48.4482979 ], [ -0.583832, 48.448541 ], [ -0.582987, 48.4496076 ], [ -0.5827506, 48.4501704 ], [ -0.5828232, 48.4505599 ], [ -0.5833231, 48.4516174 ], [ -0.5830794, 48.4525487 ], [ -0.5830418, 48.4534459 ], [ -0.5848186, 48.456546 ], [ -0.5847934, 48.4577436 ], [ -0.585002, 48.4594888 ], [ -0.5852601, 48.460414 ], [ -0.5855577, 48.4607454 ], [ -0.5865215, 48.4613764 ], [ -0.5875148, 48.4624972 ], [ -0.5884202, 48.4631435 ], [ -0.5887977, 48.4636147 ], [ -0.5896907, 48.4651286 ], [ -0.5899715, 48.465374 ], [ -0.5911662, 48.4658548 ], [ -0.5940629, 48.4660553 ], [ -0.5943435, 48.4661386 ], [ -0.5946401, 48.4663962 ], [ -0.5946873, 48.4668477 ], [ -0.5945545, 48.4672012 ], [ -0.5948438, 48.4688548 ], [ -0.5947727, 48.4696747 ], [ -0.5944248, 48.4701121 ], [ -0.5932158, 48.4708493 ], [ -0.5935895, 48.4716386 ], [ -0.5932737, 48.4720507 ], [ -0.5935599, 48.472314 ], [ -0.59417, 48.4723432 ], [ -0.5942472, 48.4725219 ], [ -0.5949311, 48.4726399 ], [ -0.5953367, 48.4726294 ], [ -0.5971177, 48.4718207 ], [ -0.5997238, 48.4700505 ], [ -0.6026005, 48.467312 ], [ -0.6035271, 48.4666661 ], [ -0.6043641, 48.4658599 ], [ -0.6054304, 48.4653358 ], [ -0.60624, 48.4651563 ], [ -0.6080403, 48.464536 ], [ -0.6082415, 48.4645461 ], [ -0.6105246, 48.4632482 ], [ -0.6113765, 48.4626207 ], [ -0.6119809, 48.4618026 ], [ -0.6149829, 48.4592482 ], [ -0.6157388, 48.458819899999988 ], [ -0.617992, 48.4588818 ], [ -0.620707, 48.4588269 ], [ -0.6216421, 48.4586236 ], [ -0.6234173, 48.4577238 ], [ -0.6250154, 48.4572787 ], [ -0.6262823, 48.4566843 ], [ -0.6266631, 48.4566502 ], [ -0.626849, 48.4562653 ], [ -0.6272887, 48.4560051 ], [ -0.632063, 48.453976 ], [ -0.6328802, 48.453343 ], [ -0.6332175, 48.4533066 ], [ -0.6349376, 48.4526901 ], [ -0.6362935, 48.4524081 ], [ -0.6413036, 48.4490249 ], [ -0.6421434, 48.4483291 ], [ -0.6438048, 48.4478278 ], [ -0.6459172, 48.4469199 ], [ -0.6468955, 48.4463108 ], [ -0.6484617, 48.4455511 ], [ -0.6510751, 48.4439469 ], [ -0.6512778, 48.4439416 ], [ -0.6520356, 48.444192 ], [ -0.6535346, 48.4442575 ], [ -0.6540924, 48.444589799999989 ], [ -0.6538481, 48.444853099999989 ], [ -0.6536944, 48.4452901 ], [ -0.6542611, 48.4467019 ], [ -0.6546086, 48.4470658 ], [ -0.6550127, 48.4472506 ], [ -0.6555668, 48.4473542 ], [ -0.6557939, 48.4475444 ], [ -0.6557346, 48.4479749 ], [ -0.654656, 48.4487962 ], [ -0.654031, 48.4495422 ], [ -0.6538975, 48.4498994 ], [ -0.6537701, 48.4524646 ], [ -0.6538993, 48.4531144 ], [ -0.6537142, 48.4556481 ], [ -0.6538957, 48.4578273 ], [ -0.6535657, 48.4591757 ], [ -0.6535493, 48.4596211 ], [ -0.6540822, 48.4607395 ], [ -0.6545205, 48.4614149 ], [ -0.6548228, 48.4624305 ], [ -0.6563775, 48.4645899 ], [ -0.6566817, 48.465808 ], [ -0.6574557, 48.4664794 ], [ -0.6582252, 48.4676498 ], [ -0.6597612, 48.4691488 ], [ -0.6599187, 48.4694069 ], [ -0.6596716, 48.469845 ], [ -0.6569887, 48.4718261 ], [ -0.6566289, 48.472591 ], [ -0.6562881, 48.4727537 ], [ -0.6560425, 48.4730188 ], [ -0.6559083, 48.474164 ], [ -0.6556936, 48.4746587 ], [ -0.6557502, 48.4749848 ], [ -0.6567966, 48.4763574 ], [ -0.6571139, 48.4765944 ], [ -0.6576851, 48.4768416 ], [ -0.6586245, 48.4769693 ], [ -0.6599231, 48.4770031 ], [ -0.6604499, 48.4768851 ], [ -0.6618753, 48.4763296 ], [ -0.6626314, 48.4763927 ], [ -0.6629952, 48.4766175 ], [ -0.6631469, 48.4768883 ], [ -0.6629786, 48.4775239 ], [ -0.6625571, 48.4778305 ], [ -0.661907, 48.4781226 ], [ -0.6605799, 48.4784382 ], [ -0.6602028, 48.4787596 ], [ -0.6600721, 48.479023 ], [ -0.6602551, 48.4799954 ], [ -0.6604455, 48.4804911 ], [ -0.6609555, 48.4811806 ], [ -0.6619556, 48.4828941 ], [ -0.6622686, 48.4839228 ], [ -0.6625057, 48.4840983 ], [ -0.6639945, 48.4846999 ], [ -0.6649189, 48.4852117 ], [ -0.6653781, 48.4855793 ], [ -0.6660663, 48.4859084 ], [ -0.667496, 48.4863416 ], [ -0.6688001, 48.4865471 ], [ -0.6689764, 48.4860076 ], [ -0.6686403, 48.4835261 ], [ -0.669114, 48.4828622 ], [ -0.6700238, 48.482544 ], [ -0.6711029, 48.4825755 ], [ -0.6717452, 48.4827142 ], [ -0.6720959, 48.4828663 ], [ -0.6728004, 48.483429 ], [ -0.6730808, 48.4838733 ], [ -0.6736767, 48.4841232 ], [ -0.6740059, 48.484394 ], [ -0.6739593, 48.4848502 ], [ -0.6742202, 48.4851132 ], [ -0.6744585, 48.4851311 ], [ -0.6755991, 48.4845887 ], [ -0.6768022, 48.4841849 ], [ -0.6758579, 48.4834289 ], [ -0.6755542, 48.4833104 ], [ -0.6752588, 48.4806601 ], [ -0.6765353, 48.4804927 ], [ -0.6773453, 48.4792942 ], [ -0.6774576, 48.4788863 ], [ -0.6776555, 48.478791 ], [ -0.6806126, 48.4784454 ], [ -0.6838158, 48.4776895 ], [ -0.6842077, 48.477445 ], [ -0.6855669, 48.4772028 ], [ -0.6859119, 48.4757125 ], [ -0.6858927, 48.4752655 ], [ -0.6856254, 48.4745848 ], [ -0.6848793, 48.4737002 ], [ -0.6836062, 48.4727175 ], [ -0.6831156, 48.4719222 ], [ -0.6822996, 48.4713523 ], [ -0.6818187, 48.4713132 ], [ -0.6815103, 48.4708932 ], [ -0.6821756, 48.4709365 ], [ -0.6833258, 48.4706909 ], [ -0.6861881, 48.4703904 ], [ -0.6886566, 48.469305 ], [ -0.6908929, 48.468424 ], [ -0.6921889, 48.4680586 ], [ -0.694974, 48.468587 ], [ -0.6955423, 48.4686188 ], [ -0.696539, 48.4685221 ], [ -0.6982531, 48.4680346 ], [ -0.6984838, 48.467677 ], [ -0.699583, 48.4671898 ], [ -0.7017644, 48.4672235 ], [ -0.70272, 48.4677728 ], [ -0.7032529, 48.4682434 ], [ -0.7038483, 48.4695982 ], [ -0.70404, 48.4703955 ], [ -0.7037603, 48.4707879 ], [ -0.7022549, 48.471622 ], [ -0.701926, 48.4719133 ], [ -0.6999497, 48.4729854 ], [ -0.6996739, 48.4733578 ], [ -0.6997446, 48.4739383 ], [ -0.7002892, 48.4746499 ], [ -0.7006628, 48.4749148 ], [ -0.7020099, 48.4748682 ], [ -0.7032706, 48.4753053 ], [ -0.7047173, 48.475614099999987 ], [ -0.70532, 48.4756898 ], [ -0.7058591, 48.4755947 ], [ -0.7080265, 48.474812799999988 ], [ -0.708615, 48.4744378 ], [ -0.7098682, 48.4732359 ], [ -0.7102028, 48.4725095 ], [ -0.7113496, 48.4706841 ], [ -0.7113244, 48.4705003 ], [ -0.7134072, 48.46933 ], [ -0.7144263, 48.4691486 ], [ -0.7151806, 48.4691277 ], [ -0.7164368, 48.4695396 ], [ -0.7169113, 48.469776 ], [ -0.7197194, 48.470089699999988 ], [ -0.7201281, 48.4702957 ], [ -0.7219812, 48.4703772 ], [ -0.722702, 48.4711633 ], [ -0.7224491, 48.4714541 ], [ -0.7237455, 48.4724122 ], [ -0.7247026, 48.4733602 ], [ -0.7249391, 48.4734473 ], [ -0.7254264, 48.4734627 ], [ -0.7259325, 48.4733225 ], [ -0.726537, 48.4730423 ], [ -0.7276003, 48.472338 ], [ -0.7285544, 48.4720982 ], [ -0.7287823, 48.4722558 ], [ -0.730039, 48.4727107 ], [ -0.7308771, 48.4731635 ], [ -0.7310148, 48.4729286 ], [ -0.7310324, 48.4717852 ], [ -0.731203, 48.4712323 ], [ -0.7319168, 48.470719 ], [ -0.7319003, 48.4704493 ], [ -0.7328015, 48.468971 ], [ -0.7331845, 48.468986799999989 ], [ -0.7332636, 48.468861 ], [ -0.733056, 48.4687027 ], [ -0.7329463, 48.4683036 ], [ -0.7331187, 48.4678712 ], [ -0.7337381, 48.4670592 ], [ -0.7351858, 48.4670217 ], [ -0.7354058, 48.4665735 ], [ -0.7359245, 48.4662113 ], [ -0.7366427, 48.4655529 ], [ -0.7368314, 48.4652741 ], [ -0.7372617, 48.4651164 ], [ -0.7370797, 48.463797299999989 ], [ -0.7362413, 48.4624259 ], [ -0.7361883, 48.4618332 ], [ -0.7359761, 48.4613824 ], [ -0.733277, 48.4600452 ], [ -0.732885, 48.4599603 ], [ -0.7324137, 48.4601111 ], [ -0.7315681, 48.4601026 ], [ -0.7310578, 48.4600106 ], [ -0.7309272, 48.459831 ], [ -0.730715, 48.4597413 ], [ -0.7301742, 48.4598673 ], [ -0.729019, 48.4598838 ], [ -0.7284811, 48.4597458 ], [ -0.7276738, 48.4593604 ], [ -0.7270034, 48.4586538 ], [ -0.726433, 48.4582673 ], [ -0.7263678, 48.4580352 ], [ -0.7261499, 48.4579799 ], [ -0.7257949, 48.457729 ], [ -0.7253747, 48.4576837 ], [ -0.7250208, 48.4574669 ], [ -0.7250043, 48.4572351 ], [ -0.7255974, 48.456758 ], [ -0.7257232, 48.4565271 ], [ -0.7259897, 48.4564863 ], [ -0.726074, 48.4563198 ], [ -0.7260155, 48.45582 ], [ -0.7254519, 48.4554711 ], [ -0.7229226, 48.4554704 ], [ -0.7224729, 48.4556592 ], [ -0.7222162, 48.4556294 ], [ -0.7220884, 48.4556983 ], [ -0.7215249, 48.4555791 ], [ -0.7214008, 48.4554722 ], [ -0.7211231, 48.4555457 ], [ -0.7201597, 48.4547339 ], [ -0.7188157, 48.4541861 ], [ -0.718257, 48.4541172 ], [ -0.7176658, 48.4541042 ], [ -0.7154133, 48.4543594 ], [ -0.7150973, 48.4544854 ], [ -0.7150183, 48.4545942 ], [ -0.7148152, 48.4543637 ], [ -0.7148945, 48.4537821 ], [ -0.7142024, 48.4526123 ], [ -0.7145773, 48.451826 ], [ -0.714221, 48.450406 ], [ -0.71484, 48.4490907 ], [ -0.7152316, 48.4487704 ], [ -0.7156292, 48.448649 ], [ -0.7161232, 48.4483993 ], [ -0.7161823, 48.4482966 ], [ -0.71762, 48.4478382 ], [ -0.719191, 48.4471783 ], [ -0.7201722, 48.4469061 ], [ -0.7209363, 48.4469722 ], [ -0.7217235, 48.4468863 ], [ -0.7227595, 48.4465088 ], [ -0.7232417, 48.4465513 ], [ -0.7234449, 48.4464963 ], [ -0.724321, 48.4461743 ], [ -0.7253962, 48.445493 ], [ -0.7272837, 48.4447933 ], [ -0.7276215, 48.4447845 ], [ -0.7280351, 48.444908399999989 ], [ -0.7292599, 48.4450563 ], [ -0.7293357, 48.4451899 ], [ -0.7302323, 48.4454815 ], [ -0.7318467, 48.4453406 ], [ -0.7353073, 48.4456514 ], [ -0.7349928, 48.4451128 ], [ -0.7351316, 48.444913899999989 ], [ -0.735773, 48.4445487 ], [ -0.7364172, 48.4445645 ], [ -0.7370727, 48.4440746 ], [ -0.7380932, 48.4436912 ], [ -0.7386269, 48.4435447 ], [ -0.7400154, 48.4435387 ], [ -0.7409307, 48.4426308 ], [ -0.7409152, 48.4423179 ], [ -0.7410882, 48.4422187 ], [ -0.7424356, 48.4420357 ], [ -0.7431325, 48.4423182 ], [ -0.7447713, 48.4425015 ], [ -0.7456861, 48.4423447 ], [ -0.7460348, 48.4421671 ], [ -0.7464434, 48.4421073 ], [ -0.7474139, 48.4412535 ], [ -0.7473353, 48.4406633 ], [ -0.7474526, 48.4404867 ], [ -0.7476517, 48.4389709 ], [ -0.7478329, 48.4388553 ], [ -0.7489123, 48.4384654 ], [ -0.7493394, 48.4384186 ], [ -0.7498966, 48.4381281 ], [ -0.7505399, 48.4379817 ], [ -0.7511258, 48.437656 ], [ -0.751873, 48.4375243 ], [ -0.7521725, 48.4373977 ], [ -0.7529158, 48.4373058 ], [ -0.7531501, 48.437592 ], [ -0.7538974, 48.4376881 ], [ -0.754598, 48.437567699999988 ], [ -0.7550066, 48.4373756 ], [ -0.7554739, 48.4374184 ], [ -0.7559352, 48.43732 ], [ -0.7565422, 48.4370829 ], [ -0.7557147, 48.4364138 ], [ -0.7554757, 48.436061099999989 ], [ -0.7553069, 48.4354432 ], [ -0.7540814, 48.4328593 ], [ -0.7540628, 48.4327698 ], [ -0.7546717, 48.4327874 ], [ -0.7551915, 48.4327124 ], [ -0.7548096, 48.4317257 ], [ -0.7562249, 48.431246699999988 ], [ -0.7576689, 48.4308867 ], [ -0.7587826, 48.4309234 ], [ -0.7595952, 48.4307995 ], [ -0.759604, 48.4303164 ], [ -0.7611865, 48.4303599 ], [ -0.7618765, 48.4306406 ], [ -0.7649491, 48.4298541 ], [ -0.7645717, 48.4288943 ], [ -0.7646016, 48.42799 ], [ -0.7635681, 48.4255603 ], [ -0.7620669, 48.4231168 ], [ -0.761981, 48.422806 ], [ -0.7620816, 48.4223579 ], [ -0.7605961, 48.4222862 ], [ -0.7603648, 48.4217972 ], [ -0.7585646, 48.4213923 ], [ -0.7585641, 48.4208186 ], [ -0.7582683, 48.4209198 ], [ -0.7579894, 48.42088 ], [ -0.7572431, 48.4211721 ], [ -0.7546781, 48.4217091 ], [ -0.7538888, 48.4220061 ], [ -0.7532965, 48.4220879 ], [ -0.7529619, 48.4222714 ], [ -0.7518372, 48.4223259 ], [ -0.7516349, 48.4222216 ], [ -0.7509213, 48.4215128 ], [ -0.7507536, 48.4209651 ], [ -0.7504392, 48.4210534 ], [ -0.7498115, 48.420468 ], [ -0.74919, 48.4200446 ], [ -0.7495238, 48.419925 ], [ -0.7493328, 48.4194861 ], [ -0.7490424, 48.4191332 ], [ -0.7481684, 48.4192104 ], [ -0.7480375, 48.4181338 ], [ -0.7469704, 48.4183873 ], [ -0.7466757, 48.4171194 ], [ -0.7450451, 48.416908 ], [ -0.7446524, 48.4159729 ], [ -0.7443849, 48.4159984 ], [ -0.7441173, 48.416230299999988 ], [ -0.7435415, 48.4163142 ], [ -0.743265, 48.4159465 ], [ -0.7428305, 48.4156963 ], [ -0.7421772, 48.4160222 ], [ -0.7418995, 48.4164732 ], [ -0.7412805, 48.416844 ], [ -0.7406595, 48.4169384 ], [ -0.7395887, 48.4176909 ], [ -0.7383653, 48.4179907 ], [ -0.7370781, 48.4170342 ], [ -0.7363726, 48.4172348 ], [ -0.7364581, 48.415507399999989 ], [ -0.7354124, 48.4151485 ], [ -0.7354331, 48.4148489 ], [ -0.734583, 48.4149198 ], [ -0.7342927, 48.4154036 ], [ -0.7337306, 48.4156798 ], [ -0.7333095, 48.4157327 ], [ -0.7304783, 48.4175123 ], [ -0.7291475, 48.418034299999988 ], [ -0.7284369, 48.4185646 ], [ -0.7275055, 48.4186902 ], [ -0.7265214, 48.4189508 ], [ -0.726041, 48.4178248 ], [ -0.7261528, 48.4174169 ], [ -0.7261031, 48.4165638 ], [ -0.7262135, 48.4161559 ], [ -0.7266579, 48.4156502 ], [ -0.7272492, 48.4153641 ], [ -0.7276329, 48.4149945 ], [ -0.7281477, 48.4136318 ], [ -0.7287768, 48.4128509 ], [ -0.7298092, 48.4120142 ], [ -0.729837, 48.411338699999988 ], [ -0.7303217, 48.4103723 ], [ -0.7314959, 48.4096671 ], [ -0.7331774, 48.4095331 ], [ -0.7332708, 48.4088114 ], [ -0.7331276, 48.4086799 ], [ -0.7332861, 48.4085317 ], [ -0.7337147, 48.4084903 ], [ -0.7338841, 48.4078473 ], [ -0.7345068, 48.408062699999988 ], [ -0.734663, 48.4076904 ], [ -0.7349754, 48.4074616 ], [ -0.7351658, 48.4066378 ], [ -0.7358711, 48.4054475 ], [ -0.7366508, 48.4054166 ], [ -0.7363957, 48.4050634 ], [ -0.7364915, 48.4048127 ], [ -0.7363312, 48.4045944 ], [ -0.7358604, 48.4041553 ], [ -0.7355936, 48.4042079 ], [ -0.7350166, 48.4038352 ], [ -0.7350186, 48.4032164 ], [ -0.7348377, 48.4030888 ], [ -0.7347743, 48.4026539 ], [ -0.7341251, 48.4021412 ], [ -0.7333826, 48.40197 ], [ -0.7304243, 48.4019686 ], [ -0.7305013, 48.4013195 ], [ -0.7288703, 48.401379 ], [ -0.728395, 48.4014669 ], [ -0.7283613, 48.4009168 ], [ -0.7284271, 48.3999564 ], [ -0.7292737, 48.3985265 ], [ -0.7301747, 48.3975759 ], [ -0.7310863, 48.3971581 ], [ -0.7314524, 48.396771 ], [ -0.7319437, 48.3961277 ], [ -0.7322702, 48.3948033 ], [ -0.7331703, 48.3935951 ], [ -0.7339275, 48.3929651 ], [ -0.7346856, 48.391891 ], [ -0.7346709, 48.3914366 ], [ -0.7343319, 48.3904152 ], [ -0.7342214, 48.3896026 ], [ -0.7338289, 48.3889314 ], [ -0.7338777, 48.3885525 ], [ -0.7333965, 48.3873562 ], [ -0.735419, 48.385904499999988 ], [ -0.7357052, 48.385840599999987 ], [ -0.7364594, 48.3860455 ], [ -0.7370069, 48.3848637 ], [ -0.7375196, 48.3845062 ], [ -0.737759, 48.3844887 ], [ -0.7376222, 48.384067 ], [ -0.7380476, 48.3838122 ], [ -0.7386223, 48.3826151 ], [ -0.7385847, 48.3823523 ], [ -0.7375839, 48.382102 ], [ -0.7344852, 48.3815549 ], [ -0.7359009, 48.3802817 ], [ -0.7339786, 48.3796767 ], [ -0.7324955, 48.3797153 ], [ -0.7319094, 48.3794582 ], [ -0.7318372, 48.3793182 ], [ -0.7314953, 48.3791101 ], [ -0.7312343, 48.3784626 ], [ -0.731185, 48.3779012 ], [ -0.7302648, 48.376327 ], [ -0.7303254, 48.3758856 ], [ -0.7304539, 48.3756392 ], [ -0.7308184, 48.375326 ], [ -0.7307973, 48.3751817 ], [ -0.7311969, 48.3744494 ], [ -0.7325633, 48.3726924 ], [ -0.7326948, 48.371918099999988 ], [ -0.7322967, 48.3712795 ], [ -0.7323049, 48.3709 ], [ -0.732802, 48.3703242 ], [ -0.7328927, 48.3700979 ], [ -0.7325452, 48.3693919 ], [ -0.7326691, 48.368946699999988 ], [ -0.7325505, 48.368628 ], [ -0.7329818, 48.3677164 ], [ -0.7329251, 48.3671462 ], [ -0.7325949, 48.3666649 ], [ -0.7312688, 48.3656538 ], [ -0.7316225, 48.3653805 ], [ -0.7320058, 48.3652784 ], [ -0.7318391, 48.3652332 ], [ -0.7318088, 48.3651306 ], [ -0.7322094, 48.3646226 ], [ -0.7329185, 48.3644453 ], [ -0.733169, 48.3641086 ], [ -0.7339974, 48.3637826 ], [ -0.7343258, 48.3635534 ], [ -0.7336544, 48.3632917 ], [ -0.7333559, 48.363028199999988 ], [ -0.732749, 48.3627042 ], [ -0.7314394, 48.3625914 ], [ -0.7279799, 48.3627139 ], [ -0.7273983, 48.3625944 ], [ -0.7269507, 48.3623815 ], [ -0.7259652, 48.3623207 ], [ -0.7257128, 48.3621737 ], [ -0.7254817, 48.3616964 ], [ -0.7251052, 48.361629 ], [ -0.723432, 48.3616096 ], [ -0.7230516, 48.3614675 ], [ -0.7223594, 48.3609119 ], [ -0.7221047, 48.3608263 ], [ -0.7218245, 48.3608783 ], [ -0.7214307, 48.3610807 ], [ -0.7210494, 48.3615179 ], [ -0.7208097, 48.3616632 ], [ -0.7196239, 48.3616572 ], [ -0.7190924, 48.3617856 ], [ -0.7186102, 48.3620394 ], [ -0.717697, 48.3618727 ], [ -0.717765, 48.3615165 ], [ -0.7176501, 48.3611148 ], [ -0.7178534, 48.3605113 ], [ -0.7178032, 48.3600301 ], [ -0.7171729, 48.3597365 ], [ -0.716937, 48.3594394 ], [ -0.7166938, 48.3593831 ], [ -0.7165447, 48.3591284 ], [ -0.7166533, 48.3586188 ], [ -0.7169438, 48.3585034 ], [ -0.7172508, 48.3580858 ], [ -0.7169222, 48.3574323 ], [ -0.7160891, 48.3565253 ], [ -0.7157344, 48.3556358 ], [ -0.7154506, 48.3553114 ], [ -0.7152387, 48.3548371 ], [ -0.7148256, 48.3543835 ], [ -0.7147522, 48.3540138 ], [ -0.7146061, 48.3538392 ], [ -0.7141246, 48.353585 ], [ -0.713947, 48.3535959 ], [ -0.7122729, 48.352546 ], [ -0.7123222, 48.3522301 ], [ -0.7126924, 48.3516358 ], [ -0.7126426, 48.3510068 ], [ -0.7124203, 48.3506526 ], [ -0.7119251, 48.3502611 ], [ -0.7118051, 48.3493641 ], [ -0.7113692, 48.3488356 ], [ -0.7113297, 48.3481613 ], [ -0.7082732, 48.3434267 ], [ -0.7085206, 48.3413212 ], [ -0.7087767, 48.3411214 ], [ -0.7088011, 48.3409495 ], [ -0.7073046, 48.3402082 ], [ -0.70677, 48.3396008 ], [ -0.7055543, 48.3385869 ], [ -0.705236, 48.3379231 ], [ -0.7048169, 48.3373805 ], [ -0.7035238, 48.3362258 ], [ -0.7002031, 48.3350515 ], [ -0.6989715, 48.3347685 ], [ -0.6987049, 48.3348201 ], [ -0.698203, 48.3354626 ], [ -0.6977425, 48.3365993 ], [ -0.6973561, 48.3369248 ], [ -0.6956675, 48.3368866 ], [ -0.6955556, 48.3374089 ], [ -0.6947917, 48.3373616 ], [ -0.6941678, 48.337481 ], [ -0.6936714, 48.3376829 ], [ -0.6928072, 48.337766699999989 ], [ -0.6920191, 48.3379705 ], [ -0.690986, 48.3378604 ], [ -0.6905479, 48.33772 ], [ -0.689847, 48.3372997 ], [ -0.6892076, 48.3370809 ], [ -0.6879843, 48.3364931 ], [ -0.6852593, 48.3359691 ], [ -0.6822067, 48.335067 ], [ -0.6816478, 48.3347431 ], [ -0.680332, 48.3336609 ], [ -0.6778231, 48.332631 ], [ -0.676779, 48.3323996 ], [ -0.6756278, 48.3323173 ], [ -0.6738042, 48.3320461 ], [ -0.6732807, 48.3319002 ], [ -0.6720477, 48.3313801 ], [ -0.6684749, 48.3306046 ], [ -0.6653377, 48.3301659 ], [ -0.6647777, 48.3300185 ], [ -0.6639454, 48.3295101 ], [ -0.6636371, 48.3292144 ], [ -0.6623375, 48.3265138 ], [ -0.6612879, 48.3263761 ], [ -0.6608754, 48.326251 ], [ -0.6606089, 48.3263034 ], [ -0.6603432, 48.3275699 ], [ -0.6596693, 48.3287562 ], [ -0.6589126, 48.3294506 ], [ -0.6581325, 48.3299647 ], [ -0.6561948, 48.330284 ], [ -0.6560827, 48.3306918 ], [ -0.6544765, 48.3309216 ], [ -0.6537878, 48.331839 ], [ -0.6531412, 48.3323499 ], [ -0.6511746, 48.3333445 ], [ -0.6494475, 48.3350082 ], [ -0.6491465, 48.3354201 ], [ -0.6490135, 48.3366383 ], [ -0.6470443, 48.3387669 ], [ -0.6463829, 48.339008799999988 ], [ -0.6451705, 48.339039 ], [ -0.6420075, 48.3403784 ], [ -0.6400628, 48.3427313 ], [ -0.6352919, 48.345461 ], [ -0.6316198, 48.3473615 ], [ -0.6286978, 48.3434315 ], [ -0.6280809, 48.3430865 ], [ -0.6260492, 48.3406792 ], [ -0.6246271, 48.3383324 ], [ -0.6243338, 48.3374093 ], [ -0.6235904, 48.3367953 ], [ -0.622311, 48.3359878 ], [ -0.6221474, 48.3357704 ], [ -0.6222374, 48.3355271 ], [ -0.6201173, 48.3341636 ], [ -0.6195459, 48.333593799999989 ], [ -0.6194458, 48.3326881 ], [ -0.6189025, 48.3324093 ], [ -0.6182503, 48.3322149 ], [ -0.6162362, 48.332507 ], [ -0.6149979, 48.3324737 ], [ -0.6137403, 48.3325311 ], [ -0.6126405, 48.332743 ], [ -0.6121991, 48.3329041 ], [ -0.6118299, 48.3329172 ], [ -0.611211, 48.3327569 ], [ -0.6102658, 48.332112 ], [ -0.6099014, 48.3319979 ], [ -0.6093356, 48.3319801 ], [ -0.6084258, 48.3320484 ], [ -0.6083379, 48.3319871 ], [ -0.608138, 48.3320851 ], [ -0.6077879, 48.3320624 ], [ -0.6076451, 48.332146 ], [ -0.6070993, 48.3321843 ], [ -0.6070566, 48.3322702 ], [ -0.606081, 48.3325206 ], [ -0.6055693, 48.3327416 ], [ -0.6046741, 48.3327652 ], [ -0.6044212, 48.3328405 ], [ -0.6039587, 48.3326159 ], [ -0.6033084, 48.3335526 ], [ -0.6021321, 48.3348186 ], [ -0.6004306, 48.3371743 ], [ -0.5998605, 48.3383976 ], [ -0.5994621, 48.3397021 ], [ -0.5986847, 48.3412343 ], [ -0.5976213, 48.341843 ], [ -0.5962614, 48.3422653 ], [ -0.5953752, 48.3427606 ], [ -0.5947528, 48.3435972 ], [ -0.5941811, 48.3449773 ], [ -0.5984024, 48.3472186 ], [ -0.5979607, 48.3476553 ], [ -0.5998327, 48.348554 ], [ -0.5998406, 48.3486888 ], [ -0.5992024, 48.3493342 ], [ -0.5992151, 48.3495589 ], [ -0.6008715, 48.3502282 ], [ -0.6008229, 48.350544 ], [ -0.5996785, 48.3515713 ], [ -0.5995593, 48.3518442 ], [ -0.5997966, 48.3524683 ], [ -0.6001657, 48.3530443 ], [ -0.6013093, 48.3533265 ], [ -0.6026854, 48.3541619 ], [ -0.6034663, 48.3543768 ], [ -0.6060264, 48.3546843 ], [ -0.6071499, 48.3547122 ], [ -0.608516, 48.3545535 ], [ -0.6096342, 48.354269 ], [ -0.6107077, 48.3542183 ], [ -0.6119861, 48.3544756 ], [ -0.6126009, 48.354691 ], [ -0.6126895, 48.3547405 ], [ -0.6127875, 48.3552635 ], [ -0.612718, 48.3554115 ], [ -0.6113673, 48.3563453 ], [ -0.6107602, 48.3563602 ], [ -0.6103141, 48.3568304 ], [ -0.6095927, 48.3572082 ], [ -0.608969, 48.3574136 ], [ -0.6079794, 48.3579787 ], [ -0.6077768, 48.3581182 ], [ -0.6073692, 48.3586782 ], [ -0.6064204, 48.3592079 ], [ -0.6058176, 48.3597783 ], [ -0.603277, 48.361574 ], [ -0.6025627, 48.3622154 ], [ -0.6017074, 48.3632825 ], [ -0.6016199, 48.3636436 ], [ -0.6017696, 48.363895799999987 ], [ -0.601853, 48.3644021 ], [ -0.6017452, 48.3648025 ], [ -0.600118, 48.3670928 ], [ -0.5992535, 48.368541099999987 ], [ -0.598924, 48.3686844 ], [ -0.5983826, 48.3686531 ], [ -0.5981723, 48.3685235 ], [ -0.5976342, 48.3675924 ], [ -0.5968571, 48.366982 ], [ -0.5965119, 48.3668556 ], [ -0.5962999, 48.366681 ], [ -0.5961681, 48.3667291 ], [ -0.5948847, 48.3683199 ], [ -0.5942363, 48.3684053 ] ] ] ] } },
{ "type": "Feature", "properties": { "code_departement": 53.0, "code_rne": "0530002P", "multisecteur": 0.0 }, "geometry": { "type": "MultiPolygon", "coordinates": [ [ [ [ -0.6971988, 48.1596941 ], [ -0.6976505, 48.1589547 ], [ -0.6989777, 48.1560486 ], [ -0.6974353, 48.1561312 ], [ -0.696954, 48.1564868 ], [ -0.6954031, 48.1567948 ], [ -0.6951039, 48.1569447 ], [ -0.6948936, 48.1571711 ], [ -0.6946847, 48.1572065 ], [ -0.694007, 48.1569692 ], [ -0.6936509, 48.157074 ], [ -0.6930548, 48.1570404 ], [ -0.692913, 48.1571881 ], [ -0.6925629, 48.1571108 ], [ -0.6923447, 48.1569167 ], [ -0.6919204, 48.1568561 ], [ -0.6916449, 48.1566504 ], [ -0.6918872, 48.1559375 ], [ -0.6917018, 48.1550965 ], [ -0.6914728, 48.1550559 ], [ -0.6889349, 48.1532229 ], [ -0.6872245, 48.152152199999989 ], [ -0.6865869, 48.1520434 ], [ -0.6848403, 48.1520736 ], [ -0.682515, 48.1519895 ], [ -0.6816411, 48.1520438 ], [ -0.6806705, 48.1522372 ], [ -0.6770417, 48.1532107 ], [ -0.6768797, 48.1537832 ], [ -0.67657, 48.1541118 ], [ -0.6763268, 48.1545625 ], [ -0.6758663, 48.1547543 ], [ -0.6761999, 48.1554087 ], [ -0.6768748, 48.1554534 ], [ -0.6778291, 48.1553723 ], [ -0.6785548, 48.1554326 ], [ -0.6798677, 48.1557646 ], [ -0.6802711, 48.1562015 ], [ -0.6801232, 48.1567258 ], [ -0.6801727, 48.1576296 ], [ -0.6790425, 48.1580639 ], [ -0.6787813, 48.1582964 ], [ -0.6784703, 48.1589925 ], [ -0.6784761, 48.159848 ], [ -0.6781512, 48.1608472 ], [ -0.6780069, 48.1607662 ], [ -0.6777807, 48.1607849 ], [ -0.6769579, 48.1611313 ], [ -0.6765896, 48.161449 ], [ -0.6765928, 48.16163 ], [ -0.6770892, 48.161837 ], [ -0.6773738, 48.1621155 ], [ -0.6774529, 48.162322 ], [ -0.6772485, 48.163176 ], [ -0.6765812, 48.1636877 ], [ -0.6760462, 48.1638936 ], [ -0.6760135, 48.1641973 ], [ -0.6754842, 48.1645236 ], [ -0.6765595, 48.165 ], [ -0.6762621, 48.1656596 ], [ -0.6775422, 48.1658467 ], [ -0.6790958, 48.1662676 ], [ -0.6797602, 48.1663522 ], [ -0.6807508, 48.1660565 ], [ -0.68109, 48.1660927 ], [ -0.682201, 48.166694 ], [ -0.6838536, 48.1671433 ], [ -0.6827156, 48.1687813 ], [ -0.6787578, 48.1716963 ], [ -0.6767033, 48.1728639 ], [ -0.6768729, 48.1730946 ], [ -0.6765083, 48.1737563 ], [ -0.6766113, 48.1746935 ], [ -0.6765397, 48.175038 ], [ -0.6760337, 48.1764356 ], [ -0.6757203, 48.1770219 ], [ -0.6754089, 48.1774631 ], [ -0.6750958, 48.1777241 ], [ -0.676009, 48.1776669 ], [ -0.676256, 48.1787572 ], [ -0.6758477, 48.1788123 ], [ -0.6762842, 48.1798193 ], [ -0.6772337, 48.1811327 ], [ -0.6774892, 48.1820354 ], [ -0.677611, 48.182005499999988 ], [ -0.6777015, 48.1821054 ], [ -0.6770783, 48.1841029 ], [ -0.6763524, 48.1846651 ], [ -0.6769378, 48.1854882 ], [ -0.6767776, 48.1861472 ], [ -0.6778803, 48.185348 ], [ -0.6786106, 48.1851181 ], [ -0.678841, 48.1849073 ], [ -0.6807376, 48.1847527 ], [ -0.6830033, 48.1840776 ], [ -0.6856422, 48.1835394 ], [ -0.6864339, 48.1830733 ], [ -0.6867297, 48.1832766 ], [ -0.6874074, 48.183395 ], [ -0.6877105, 48.183627 ], [ -0.688043, 48.1837202 ], [ -0.6884707, 48.1837492 ], [ -0.6892987, 48.183571 ], [ -0.6901728, 48.1838392 ], [ -0.689913, 48.184131 ], [ -0.6898387, 48.1844171 ], [ -0.6896181, 48.1845366 ], [ -0.6894278, 48.184955099999989 ], [ -0.6890072, 48.1854123 ], [ -0.6888742, 48.1857255 ], [ -0.6886687, 48.1858499 ], [ -0.6887092, 48.1859666 ], [ -0.6879273, 48.1878854 ], [ -0.6874134, 48.1884347 ], [ -0.6866169, 48.1889505 ], [ -0.6859723, 48.189249 ], [ -0.6859259, 48.1899729 ], [ -0.6853224, 48.1905322 ], [ -0.68463, 48.191015 ], [ -0.6845638, 48.1911666 ], [ -0.6843965, 48.1917997 ], [ -0.6845514, 48.1920696 ], [ -0.6841271, 48.1926882 ], [ -0.6841512, 48.1930531 ], [ -0.6839694, 48.1933047 ], [ -0.6839413, 48.1937118 ], [ -0.6839586, 48.194694 ], [ -0.6843228, 48.1955105 ], [ -0.6843344, 48.1961776 ], [ -0.6838006, 48.196868 ], [ -0.6856398, 48.1985671 ], [ -0.6857861, 48.1986743 ], [ -0.6870431, 48.1980378 ], [ -0.6882041, 48.1971647 ], [ -0.6889004, 48.1964286 ], [ -0.6898213, 48.1965917 ], [ -0.691563, 48.1970876 ], [ -0.6923332, 48.1970032 ], [ -0.6930352, 48.1971776 ], [ -0.6933963, 48.1976004 ], [ -0.6936576, 48.1975995 ], [ -0.6951687, 48.1979566 ], [ -0.6959373, 48.1979848 ], [ -0.6967968, 48.197848 ], [ -0.6971414, 48.1977084 ], [ -0.6982259, 48.1970339 ], [ -0.6985971, 48.1966413 ], [ -0.6988348, 48.1965338 ], [ -0.6997698, 48.1964568 ], [ -0.7006663, 48.1960215 ], [ -0.7020115, 48.1955704 ], [ -0.70216, 48.1954009 ], [ -0.7027964, 48.1952359 ], [ -0.7038393, 48.1953716 ], [ -0.7028844, 48.195625 ], [ -0.7025099, 48.1958376 ], [ -0.7004869, 48.1979008 ], [ -0.6994145, 48.19969 ], [ -0.6989439, 48.1997417 ], [ -0.6990336, 48.2003866 ], [ -0.6985753, 48.201326 ], [ -0.6974712, 48.2022794 ], [ -0.6985471, 48.2024231 ], [ -0.6987847, 48.2025256 ], [ -0.6995113, 48.203164 ], [ -0.7008482, 48.2033977 ], [ -0.7013393, 48.2037129 ], [ -0.7029341, 48.2041259 ], [ -0.7054777, 48.2061143 ], [ -0.7069828, 48.2068786 ], [ -0.7077211, 48.207068 ], [ -0.7083605, 48.2070011 ], [ -0.7101984, 48.2070163 ], [ -0.7101178, 48.2073647 ], [ -0.7103516, 48.2080258 ], [ -0.7103304, 48.2084912 ], [ -0.7099719, 48.2096204 ], [ -0.7096769, 48.2100251 ], [ -0.7080528, 48.211402 ], [ -0.7073524, 48.2116006 ], [ -0.7065473, 48.2117078 ], [ -0.7058299, 48.2116439 ], [ -0.7045302, 48.2121558 ], [ -0.7032122, 48.2130394 ], [ -0.7025391, 48.2139324 ], [ -0.7014755, 48.214545 ], [ -0.699356, 48.215014 ], [ -0.6985121, 48.2155485 ], [ -0.6978918, 48.216294 ], [ -0.6973116, 48.2181119 ], [ -0.6972196, 48.2204522 ], [ -0.6978097, 48.2221578 ], [ -0.6982554, 48.2227663 ], [ -0.6988479, 48.2231999 ], [ -0.6989109, 48.2233475 ], [ -0.698952, 48.224011 ], [ -0.6997618, 48.2257538 ], [ -0.6997575, 48.2264421 ], [ -0.6995919, 48.2267518 ], [ -0.6973944, 48.2279618 ], [ -0.6956989, 48.2290643 ], [ -0.6954883, 48.2300023 ], [ -0.6952852, 48.2303554 ], [ -0.6948042, 48.2307641 ], [ -0.6940006, 48.231050499999988 ], [ -0.6931871, 48.2312362 ], [ -0.691372, 48.2318848 ], [ -0.6883144, 48.2325613 ], [ -0.6882666, 48.2328988 ], [ -0.6884255, 48.233089299999989 ], [ -0.6880552, 48.233481 ], [ -0.6880375, 48.233613 ], [ -0.6881945, 48.2337567 ], [ -0.6884917, 48.2338231 ], [ -0.6889445, 48.2340702 ], [ -0.6888298, 48.2348205 ], [ -0.6889441, 48.2355871 ], [ -0.6892265, 48.2361151 ], [ -0.6899031, 48.2364786 ], [ -0.689842, 48.2367804 ], [ -0.6901477, 48.2373717 ], [ -0.6905742, 48.2375322 ], [ -0.6916209, 48.2374211 ], [ -0.6921076, 48.2374978 ], [ -0.6923632, 48.2377393 ], [ -0.6924059, 48.2383685 ], [ -0.6932139, 48.2395088 ], [ -0.6937688, 48.2397104 ], [ -0.694128, 48.2396613 ], [ -0.6947571, 48.2399019 ], [ -0.6956374, 48.2410535 ], [ -0.6955415, 48.2412231 ], [ -0.694695, 48.2415171 ], [ -0.6934715, 48.2431461 ], [ -0.6933899, 48.243309 ], [ -0.6934579, 48.2435483 ], [ -0.6939994, 48.2437709 ], [ -0.6949325, 48.2438084 ], [ -0.6956585, 48.2439884 ], [ -0.6978407, 48.2454153 ], [ -0.6980224, 48.2456213 ], [ -0.6980033, 48.2457913 ], [ -0.6991097, 48.246202499999988 ], [ -0.6994297, 48.2463996 ], [ -0.7001278, 48.246566 ], [ -0.7007931, 48.24711 ], [ -0.7009249, 48.2473544 ], [ -0.7010585, 48.2476826 ], [ -0.7008401, 48.2485479 ], [ -0.7009797, 48.2486345 ], [ -0.7019302, 48.2487452 ], [ -0.7026543, 48.2484559 ], [ -0.7035822, 48.248207 ], [ -0.7045838, 48.2480468 ], [ -0.7050929, 48.2487082 ], [ -0.7059432, 48.2486798 ], [ -0.7059954, 48.249287 ], [ -0.7054492, 48.249959 ], [ -0.7055314, 48.2502267 ], [ -0.7059434, 48.2503507 ], [ -0.7060267, 48.2506525 ], [ -0.7093731, 48.251423 ], [ -0.7100955, 48.2522587 ], [ -0.7113661, 48.2528151 ], [ -0.7119008, 48.2528614 ], [ -0.7130999, 48.2519437 ], [ -0.7174928, 48.2492672 ], [ -0.7179064, 48.2492803 ], [ -0.7193281, 48.2487861 ], [ -0.7205993, 48.2484722 ], [ -0.7225144, 48.2482236 ], [ -0.723683, 48.2484237 ], [ -0.7245435, 48.2481768 ], [ -0.7253039, 48.2485167 ], [ -0.726534, 48.2484608 ], [ -0.7266154, 48.2482763 ], [ -0.7272134, 48.2480944 ], [ -0.7279663, 48.2481364 ], [ -0.7281681, 48.2480733 ], [ -0.7282923, 48.2479982 ], [ -0.7284404, 48.2476323 ], [ -0.7287666, 48.2474959 ], [ -0.728859, 48.2472399 ], [ -0.72984, 48.2469999 ], [ -0.731677, 48.246106 ], [ -0.7322675, 48.2463134 ], [ -0.7329123, 48.2463345 ], [ -0.7334309, 48.2464397 ], [ -0.7338007, 48.2470153 ], [ -0.7346097, 48.2475834 ], [ -0.7358779, 48.247609 ], [ -0.7376216, 48.2469413 ], [ -0.7395213, 48.2467254 ], [ -0.7398267, 48.2467337 ], [ -0.7405539, 48.2469656 ], [ -0.7411284, 48.247251 ], [ -0.7427353, 48.2475064 ], [ -0.7435389, 48.2474845 ], [ -0.7438488, 48.2475756 ], [ -0.7463364, 48.2466941 ], [ -0.746416, 48.2465997 ], [ -0.7471925, 48.2464057 ], [ -0.7483064, 48.2465172 ], [ -0.7486057, 48.2466681 ], [ -0.7496113, 48.2468514 ], [ -0.7496079, 48.2461021 ], [ -0.7518572, 48.2455109 ], [ -0.7520567, 48.2455478 ], [ -0.7521072, 48.2456705 ], [ -0.7531503, 48.2453753 ], [ -0.7534256, 48.2453593 ], [ -0.7533119, 48.2451828 ], [ -0.7547842, 48.2448757 ], [ -0.7561023, 48.2443906 ], [ -0.7560922, 48.2442108 ], [ -0.7546156, 48.2431705 ], [ -0.75372, 48.2407641 ], [ -0.7537016, 48.2404494 ], [ -0.7551343, 48.2399274 ], [ -0.7549378, 48.2395733 ], [ -0.7553455, 48.237593 ], [ -0.7568775, 48.237992 ], [ -0.7580105, 48.2386595 ], [ -0.7586403, 48.2382061 ], [ -0.7585955, 48.2380697 ], [ -0.7587432, 48.237947 ], [ -0.7586417, 48.2379043 ], [ -0.75871, 48.2374824 ], [ -0.7590916, 48.2371793 ], [ -0.7600416, 48.2372463 ], [ -0.7606033, 48.2371807 ], [ -0.7605223, 48.2368392 ], [ -0.7600772, 48.2360814 ], [ -0.7613837, 48.235684 ], [ -0.7615328, 48.2358269 ], [ -0.7617049, 48.2355746 ], [ -0.7618055, 48.2349625 ], [ -0.7616489, 48.2333911 ], [ -0.761781, 48.2333347 ], [ -0.7622663, 48.2333525 ], [ -0.7638435, 48.2327429 ], [ -0.7640615, 48.2327558 ], [ -0.7647175, 48.2329934 ], [ -0.7648755, 48.2331478 ], [ -0.7650485, 48.2336062 ], [ -0.7653334, 48.2337817 ], [ -0.7656986, 48.2332891 ], [ -0.7664673, 48.2335177 ], [ -0.7683175, 48.2335217 ], [ -0.7688799, 48.2334479 ], [ -0.7694644, 48.2331744 ], [ -0.769932, 48.2331333 ], [ -0.770363, 48.233297 ], [ -0.7705795, 48.2335522 ], [ -0.7707949, 48.2334535 ], [ -0.7710648, 48.2335511 ], [ -0.7709605, 48.2338643 ], [ -0.7713807, 48.234141 ], [ -0.7716491, 48.2341045 ], [ -0.7717553, 48.2339867 ], [ -0.7717409, 48.2338043 ], [ -0.7727067, 48.234168 ], [ -0.7725533, 48.2343603 ], [ -0.772759, 48.2345212 ], [ -0.7730078, 48.2344935 ], [ -0.7730597, 48.2346729 ], [ -0.7727742, 48.234791 ], [ -0.7728038, 48.2350161 ], [ -0.7731291, 48.2350589 ], [ -0.7731253, 48.2355707 ], [ -0.7726484, 48.2362921 ], [ -0.7720123, 48.2370124 ], [ -0.7718434, 48.2375916 ], [ -0.7714552, 48.23784 ], [ -0.7713834, 48.2383818 ], [ -0.7717285, 48.2398121 ], [ -0.7721891, 48.2401055 ], [ -0.7727364, 48.2403294 ], [ -0.772826, 48.2405436 ], [ -0.7727812, 48.2409729 ], [ -0.7733341, 48.2418209 ], [ -0.7735744, 48.2418619 ], [ -0.7736836, 48.2419944 ], [ -0.7734334, 48.2427375 ], [ -0.7734904, 48.2430996 ], [ -0.7739195, 48.2433858 ], [ -0.7740555, 48.2436841 ], [ -0.7745843, 48.2439501 ], [ -0.7747413, 48.244146 ], [ -0.7771013, 48.2446912 ], [ -0.7765114, 48.2453235 ], [ -0.7761027, 48.2461139 ], [ -0.77523, 48.2469777 ], [ -0.7742573, 48.2472178 ], [ -0.7741105, 48.2472774 ], [ -0.7741297, 48.2473381 ], [ -0.7743883, 48.2476532 ], [ -0.7747707, 48.2477392 ], [ -0.7750447, 48.2479862 ], [ -0.7757382, 48.2481037 ], [ -0.7767518, 48.2485658 ], [ -0.7784011, 48.248995 ], [ -0.7792354, 48.2494773 ], [ -0.7801805, 48.2498857 ], [ -0.7814285, 48.2510745 ], [ -0.7815034, 48.2513675 ], [ -0.7824226, 48.2522785 ], [ -0.7841274, 48.2525032 ], [ -0.7843747, 48.2522458 ], [ -0.7854189, 48.252024 ], [ -0.7860823, 48.2521145 ], [ -0.78709, 48.2520795 ], [ -0.7919561, 48.2498434 ], [ -0.7943311, 48.2492222 ], [ -0.7950668, 48.2489689 ], [ -0.7951986, 48.2488331 ], [ -0.7958204, 48.2487023 ], [ -0.7971161, 48.2482472 ], [ -0.7979629, 48.2482624 ], [ -0.7990293, 48.2484253 ], [ -0.8009601, 48.2485668 ], [ -0.8022765, 48.2482686 ], [ -0.8033193, 48.2479162 ], [ -0.8034924, 48.2476052 ], [ -0.8046266, 48.247398499999989 ], [ -0.8053397, 48.2471692 ], [ -0.8057153, 48.2472913 ], [ -0.8072778, 48.2466104 ], [ -0.8078575, 48.2464944 ], [ -0.8081209, 48.2465373 ], [ -0.8085364, 48.246408599999988 ], [ -0.8097101, 48.2454429 ], [ -0.8103884, 48.2449949 ], [ -0.8128704, 48.2439014 ], [ -0.8131396, 48.2438946 ], [ -0.8148301, 48.2451335 ], [ -0.814603, 48.2458345 ], [ -0.8146787, 48.245967199999988 ], [ -0.8157763, 48.2462984 ], [ -0.8165508, 48.2468625 ], [ -0.8172781, 48.2477425 ], [ -0.8181114, 48.2490614 ], [ -0.8212924, 48.2493864 ], [ -0.8216722, 48.2492111 ], [ -0.8222441, 48.2490818 ], [ -0.82282, 48.2490622 ], [ -0.8232454, 48.2492935 ], [ -0.8240594, 48.2492473 ], [ -0.8243899, 48.2491736 ], [ -0.8245366, 48.2490382 ], [ -0.8250796, 48.248827 ], [ -0.8277295, 48.2482087 ], [ -0.829686, 48.2471616 ], [ -0.8312921, 48.2460457 ], [ -0.8320921, 48.2457513 ], [ -0.8334633, 48.2454861 ], [ -0.8339759, 48.2453208 ], [ -0.8339888, 48.2450159 ], [ -0.8335115, 48.2432748 ], [ -0.8305881, 48.2411284 ], [ -0.8303098, 48.2404906 ], [ -0.8303255, 48.239928 ], [ -0.8295206, 48.2389839 ], [ -0.8290805, 48.2379929 ], [ -0.8291399, 48.2370478 ], [ -0.8284315, 48.2364654 ], [ -0.8283999, 48.2355845 ], [ -0.8282974, 48.2353437 ], [ -0.8281813, 48.2351556 ], [ -0.8272087, 48.2346295 ], [ -0.827104, 48.2341906 ], [ -0.8272874, 48.2335973 ], [ -0.8277695, 48.2330123 ], [ -0.828348, 48.2313243 ], [ -0.8291542, 48.2311739 ], [ -0.830057, 48.2312032 ], [ -0.8301841, 48.2306522 ], [ -0.8354395, 48.2333905 ], [ -0.8369468, 48.2329442 ], [ -0.8382822, 48.2322838 ], [ -0.8391492, 48.2320628 ], [ -0.8406942, 48.231246 ], [ -0.8415268, 48.2304586 ], [ -0.8422861, 48.2302213 ], [ -0.8430492, 48.2297767 ], [ -0.8436098, 48.2296062 ], [ -0.8444151, 48.2295745 ], [ -0.8460579, 48.2289544 ], [ -0.8469442, 48.2287211 ], [ -0.8473298, 48.2284437 ], [ -0.8478575, 48.228285 ], [ -0.8483951, 48.2282621 ], [ -0.8486589, 48.2275725 ], [ -0.8479912, 48.227051 ], [ -0.847927, 48.2268919 ], [ -0.8501958, 48.2242856 ], [ -0.8505091, 48.2236277 ], [ -0.8505166, 48.2230113 ], [ -0.8497282, 48.2214452 ], [ -0.849594, 48.2205118 ], [ -0.8494464, 48.2199482 ], [ -0.849288, 48.2197542 ], [ -0.8483108, 48.2195347 ], [ -0.8433416, 48.2179571 ], [ -0.8442978, 48.2176125 ], [ -0.8435268, 48.2164295 ], [ -0.8421117, 48.2148414 ], [ -0.8415541, 48.2145335 ], [ -0.8413763, 48.2142951 ], [ -0.8409726, 48.2134155 ], [ -0.8408016, 48.2127707 ], [ -0.8403736, 48.2120198 ], [ -0.843281, 48.2105243 ], [ -0.8424347, 48.2103591 ], [ -0.8423805, 48.2099294 ], [ -0.8437384, 48.2096608 ], [ -0.8431204, 48.2088558 ], [ -0.8441971, 48.2083181 ], [ -0.8449805, 48.2080826 ], [ -0.8453009, 48.2061372 ], [ -0.8442613, 48.2063692 ], [ -0.8443079, 48.2061028 ], [ -0.8446131, 48.2051875 ], [ -0.8449533, 48.2053251 ], [ -0.8460848, 48.2035991 ], [ -0.8458008, 48.2036039 ], [ -0.8459309, 48.2033735 ], [ -0.8469281, 48.2033726 ], [ -0.8480188, 48.2031758 ], [ -0.8490216, 48.2029205 ], [ -0.8497384, 48.2026233 ], [ -0.8518539, 48.2029516 ], [ -0.8528332, 48.202891699999988 ], [ -0.8532373, 48.2029433 ], [ -0.8546508, 48.2027945 ], [ -0.8563372, 48.2017151 ], [ -0.8570783, 48.2010134 ], [ -0.857648, 48.2008804 ], [ -0.8576053, 48.2006098 ], [ -0.8587504, 48.200384 ], [ -0.8589727, 48.2004011 ], [ -0.8595934, 48.1993448 ], [ -0.8596585, 48.1990193 ], [ -0.8595084, 48.198717 ], [ -0.8593513, 48.1985401 ], [ -0.8588392, 48.1982452 ], [ -0.8588173, 48.1980567 ], [ -0.8589774, 48.1977398 ], [ -0.8580696, 48.1967875 ], [ -0.8570387, 48.1952195 ], [ -0.8565549, 48.1949416 ], [ -0.8554549, 48.1947145 ], [ -0.8549429, 48.1944375 ], [ -0.8544551, 48.1938093 ], [ -0.8540373, 48.1934951 ], [ -0.8532129, 48.1934049 ], [ -0.8530641, 48.1931025 ], [ -0.8531041, 48.1925796 ], [ -0.8529471, 48.1923857 ], [ -0.8522283, 48.1919524 ], [ -0.8516953, 48.1917752 ], [ -0.8505124, 48.1906859 ], [ -0.8500888, 48.1905502 ], [ -0.8500904, 48.1904979 ], [ -0.8506541, 48.190357 ], [ -0.8505001, 48.1899827 ], [ -0.8505884, 48.1897339 ], [ -0.8509435, 48.189616 ], [ -0.851252, 48.1892096 ], [ -0.8516519, 48.188947 ], [ -0.8516813, 48.1886307 ], [ -0.8518291, 48.1884962 ], [ -0.8521733, 48.1882651 ], [ -0.8523781, 48.1882837 ], [ -0.8526327, 48.1878222 ], [ -0.8529203, 48.187757 ], [ -0.8529731, 48.1878715 ], [ -0.8531885, 48.1878869 ], [ -0.8551015, 48.1879055 ], [ -0.8558719, 48.1882335 ], [ -0.8561333, 48.1885853 ], [ -0.8570796, 48.1885742 ], [ -0.8570894, 48.1887811 ], [ -0.8584389, 48.1887018 ], [ -0.8584735, 48.1889349 ], [ -0.8587644, 48.1893948 ], [ -0.858672, 48.1898068 ], [ -0.8588035, 48.1900205 ], [ -0.8590078, 48.1900877 ], [ -0.8594626, 48.1900242 ], [ -0.8597166, 48.1900717 ], [ -0.8604227, 48.1904603 ], [ -0.8632015, 48.1911306 ], [ -0.8639667, 48.1915722 ], [ -0.8644542, 48.1917337 ], [ -0.8650238, 48.1918223 ], [ -0.8655936, 48.1918198 ], [ -0.8668051, 48.1924296 ], [ -0.8674263, 48.1930012 ], [ -0.8679364, 48.1931583 ], [ -0.8684476, 48.1930551 ], [ -0.8690026, 48.1932189 ], [ -0.8697575, 48.1935734 ], [ -0.8697802, 48.1938285 ], [ -0.870192, 48.1940969 ], [ -0.871638, 48.1945216 ], [ -0.8720892, 48.1945014 ], [ -0.873058, 48.195144299999988 ], [ -0.8738339, 48.1954711 ], [ -0.8743345, 48.1958844 ], [ -0.875069, 48.196308 ], [ -0.8770618, 48.1969669 ], [ -0.8773273, 48.1969852 ], [ -0.8787215, 48.1976024 ], [ -0.8798267, 48.1978444 ], [ -0.880636, 48.1977818 ], [ -0.8809828, 48.1978253 ], [ -0.8815229, 48.1977301 ], [ -0.8819965, 48.1974461 ], [ -0.8823351, 48.1970854 ], [ -0.8834309, 48.1974917 ], [ -0.8836362, 48.1979372 ], [ -0.8838561, 48.1980326 ], [ -0.8843311, 48.1981143 ], [ -0.8853291, 48.1980535 ], [ -0.8853071, 48.1992362 ], [ -0.8848881, 48.1998049 ], [ -0.8847276, 48.2004435 ], [ -0.8849464, 48.2014012 ], [ -0.8854623, 48.2014526 ], [ -0.8873091, 48.2010036 ], [ -0.8879994, 48.2006421 ], [ -0.8890903, 48.1989891 ], [ -0.8895836, 48.1974368 ], [ -0.8897676, 48.1972469 ], [ -0.8901304, 48.1970863 ], [ -0.8910111, 48.196933 ], [ -0.8909128, 48.1966957 ], [ -0.8930346, 48.1965248 ], [ -0.8949778, 48.1966544 ], [ -0.8956184, 48.1964981 ], [ -0.8962791, 48.1968691 ], [ -0.8976177, 48.1970041 ], [ -0.8981488, 48.1973154 ], [ -0.8999513, 48.1979847 ], [ -0.8999907, 48.1982257 ], [ -0.9002053, 48.1982304 ], [ -0.900763, 48.1980633 ], [ -0.9011227, 48.1982442 ], [ -0.9012248, 48.1984039 ], [ -0.9017184, 48.1981551 ], [ -0.9024279, 48.1968164 ], [ -0.9029913, 48.1972193 ], [ -0.9041138, 48.1965642 ], [ -0.9039746, 48.1964499 ], [ -0.905496, 48.195723 ], [ -0.908611, 48.194809 ], [ -0.9106717, 48.1938516 ], [ -0.9117782, 48.1936915 ], [ -0.913554, 48.1936542 ], [ -0.9164383, 48.1926117 ], [ -0.9189863, 48.1920505 ], [ -0.9199064, 48.1919397 ], [ -0.9212653, 48.1915865 ], [ -0.9222293, 48.1907986 ], [ -0.9229407, 48.1903993 ], [ -0.9244369, 48.1897918 ], [ -0.9262215, 48.1892946 ], [ -0.9261916, 48.1886938 ], [ -0.9266891, 48.1887529 ], [ -0.9271815, 48.1876942 ], [ -0.9311938, 48.1885624 ], [ -0.9316909, 48.188599 ], [ -0.9376453, 48.1876689 ], [ -0.9383528, 48.1872371 ], [ -0.9399217, 48.1856226 ], [ -0.9400178, 48.1856653 ], [ -0.940194, 48.1855891 ], [ -0.9400824, 48.1855199 ], [ -0.9416657, 48.1841345 ], [ -0.9422711, 48.1847729 ], [ -0.9423606, 48.185087 ], [ -0.9425098, 48.1852091 ], [ -0.9454989, 48.1839965 ], [ -0.948757, 48.184147 ], [ -0.9493844, 48.1838908 ], [ -0.95021, 48.1837434 ], [ -0.9503687, 48.183866 ], [ -0.951177, 48.1833254 ], [ -0.9515558, 48.1826631 ], [ -0.951305, 48.182103 ], [ -0.9507429, 48.1815939 ], [ -0.9505225, 48.1812779 ], [ -0.9506698, 48.1812657 ], [ -0.9506063, 48.1811733 ], [ -0.9495009, 48.179867 ], [ -0.9498326, 48.1796018 ], [ -0.9497625, 48.1794213 ], [ -0.9499335, 48.17933 ], [ -0.9498265, 48.1792867 ], [ -0.949947, 48.1790421 ], [ -0.9495304, 48.1786957 ], [ -0.9492894, 48.1787155 ], [ -0.9491804, 48.1786272 ], [ -0.949313, 48.1783651 ], [ -0.9492556, 48.1782274 ], [ -0.949053, 48.1781846 ], [ -0.9490373, 48.1773085 ], [ -0.9495068, 48.1764009 ], [ -0.950157, 48.175962899999988 ], [ -0.950767, 48.174846 ], [ -0.9510598, 48.1745101 ], [ -0.9514123, 48.1743073 ], [ -0.9514288, 48.1738977 ], [ -0.9516652, 48.1738528 ], [ -0.9518283, 48.1736564 ], [ -0.9522377, 48.173494 ], [ -0.9525873, 48.1731796 ], [ -0.9524287, 48.1729146 ], [ -0.9517695, 48.1723322 ], [ -0.951193, 48.171971299999989 ], [ -0.9488187, 48.1712201 ], [ -0.9482404, 48.1705467 ], [ -0.9479578, 48.1699021 ], [ -0.9474478, 48.1696741 ], [ -0.9474477, 48.169438 ], [ -0.9470656, 48.169335499999988 ], [ -0.946871, 48.1689663 ], [ -0.9462487, 48.1686781 ], [ -0.9464938, 48.1685339 ], [ -0.9463796, 48.1684476 ], [ -0.9459113, 48.1684705 ], [ -0.9457991, 48.1684112 ], [ -0.9458287, 48.1682489 ], [ -0.9456049, 48.1683177 ], [ -0.945611, 48.1684166 ], [ -0.9455002, 48.1683761 ], [ -0.9453841, 48.168444 ], [ -0.9445782, 48.1681133 ], [ -0.9444011, 48.1679057 ], [ -0.9445711, 48.1677838 ], [ -0.9445771, 48.1676664 ], [ -0.9444121, 48.1676206 ], [ -0.943804, 48.1676833 ], [ -0.9436144, 48.1676157 ], [ -0.9435546, 48.1674276 ], [ -0.9437826, 48.167379499999988 ], [ -0.9439075, 48.1670681 ], [ -0.9436745, 48.1669236 ], [ -0.9434216, 48.1670357 ], [ -0.9432186, 48.1666073 ], [ -0.9430873, 48.1665991 ], [ -0.9429709, 48.1666994 ], [ -0.942872, 48.1666378 ], [ -0.9426725, 48.1666715 ], [ -0.9423478, 48.1663995 ], [ -0.941917, 48.1665634 ], [ -0.9411924, 48.1655164 ], [ -0.9406948, 48.1650213 ], [ -0.9386351, 48.1644541 ], [ -0.9382901, 48.164107 ], [ -0.9387167, 48.1639946 ], [ -0.9385676, 48.1638014 ], [ -0.9382733, 48.1638103 ], [ -0.9382612, 48.1636485 ], [ -0.9379738, 48.1633698 ], [ -0.9375539, 48.1635172 ], [ -0.937523, 48.1634642 ], [ -0.9372368, 48.1634728 ], [ -0.9369414, 48.1631782 ], [ -0.9359981, 48.1628808 ], [ -0.9358127, 48.1625978 ], [ -0.9357324, 48.1614662 ], [ -0.9366461, 48.1602654 ], [ -0.9388485, 48.1600225 ], [ -0.9389035, 48.1602359 ], [ -0.9393207, 48.1602508 ], [ -0.9393911, 48.1601124 ], [ -0.9397513, 48.1600482 ], [ -0.9400071, 48.1602468 ], [ -0.9401946, 48.1602325 ], [ -0.9402416, 48.160339 ], [ -0.9404196, 48.1601988 ], [ -0.9408469, 48.160149399999987 ], [ -0.9407997, 48.1598609 ], [ -0.941211, 48.1597787 ], [ -0.9415852, 48.1599382 ], [ -0.9416893, 48.1598897 ], [ -0.9417343, 48.1595729 ], [ -0.942079, 48.1593019 ], [ -0.9421771, 48.1589571 ], [ -0.9418339, 48.1587245 ], [ -0.9416997, 48.1588208 ], [ -0.9416514, 48.1587324 ], [ -0.9417972, 48.1581788 ], [ -0.9421255, 48.1580138 ], [ -0.9422069, 48.1576426 ], [ -0.9434562, 48.1574233 ], [ -0.9441388, 48.1569707 ], [ -0.9443329, 48.1564696 ], [ -0.9441833, 48.1556557 ], [ -0.9435916, 48.1550709 ], [ -0.9429105, 48.1547495 ], [ -0.942445, 48.1546291 ], [ -0.939086, 48.1544711 ], [ -0.9375481, 48.1545945 ], [ -0.9359799, 48.1545099 ], [ -0.9347633, 48.1540838 ], [ -0.9331382, 48.1532344 ], [ -0.9325816, 48.1530476 ], [ -0.9300171, 48.153034 ], [ -0.9297141, 48.1530693 ], [ -0.929066, 48.1532981 ], [ -0.9287923, 48.1533288 ], [ -0.928352, 48.153257 ], [ -0.9268495, 48.1534386 ], [ -0.9255372, 48.1538066 ], [ -0.9249822, 48.1537666 ], [ -0.9245725, 48.1539063 ], [ -0.9229766, 48.1541009 ], [ -0.9227139, 48.1543168 ], [ -0.9224472, 48.154387 ], [ -0.9214318, 48.1543487 ], [ -0.9214544, 48.1544713 ], [ -0.9205638, 48.1544271 ], [ -0.9198604, 48.1545829 ], [ -0.9196637, 48.1544354 ], [ -0.9193036, 48.1544825 ], [ -0.9192561, 48.1543859 ], [ -0.9188683, 48.154604199999987 ], [ -0.9184091, 48.1543843 ], [ -0.9184242, 48.1542072 ], [ -0.9171769, 48.1539649 ], [ -0.9154587, 48.1527642 ], [ -0.9147048, 48.1523289 ], [ -0.9146212, 48.1526731 ], [ -0.9141558, 48.1526426 ], [ -0.9141198, 48.1525375 ], [ -0.9140069, 48.1525593 ], [ -0.9138517, 48.1524266 ], [ -0.9132023, 48.1523662 ], [ -0.9127335, 48.1521997 ], [ -0.9122821, 48.152303 ], [ -0.9114406, 48.152176 ], [ -0.9115403, 48.1518853 ], [ -0.9105196, 48.151484 ], [ -0.9093008, 48.1521514 ], [ -0.909223, 48.1523378 ], [ -0.9087751, 48.1523616 ], [ -0.9084102, 48.1529071 ], [ -0.9076253, 48.152634 ], [ -0.9071041, 48.1526864 ], [ -0.9064955, 48.1534327 ], [ -0.906352, 48.154077099999988 ], [ -0.9064659, 48.1547058 ], [ -0.9057167, 48.1547892 ], [ -0.9055092, 48.1546411 ], [ -0.9036413, 48.1548912 ], [ -0.9035109, 48.1553127 ], [ -0.9024268, 48.1551999 ], [ -0.9024252, 48.1554153 ], [ -0.9015503, 48.155401 ], [ -0.9016622, 48.1549847 ], [ -0.9002354, 48.1562292 ], [ -0.8994598, 48.1561368 ], [ -0.8985913, 48.1564286 ], [ -0.8971372, 48.1566668 ], [ -0.8959217, 48.1571087 ], [ -0.8946292, 48.156965 ], [ -0.8945682, 48.157397599999989 ], [ -0.8947964, 48.1577342 ], [ -0.893896, 48.1578495 ], [ -0.8922716, 48.1601068 ], [ -0.8881865, 48.1592884 ], [ -0.8859911, 48.1581463 ], [ -0.8855816, 48.1582914 ], [ -0.885085, 48.1582942 ], [ -0.8844661, 48.1585209 ], [ -0.8837273, 48.1585074 ], [ -0.882898, 48.1583275 ], [ -0.882335, 48.1583424 ], [ -0.8823165, 48.1582376 ], [ -0.8805855, 48.1584658 ], [ -0.8799025, 48.1577099 ], [ -0.8790623, 48.1577465 ], [ -0.8784619, 48.1578591 ], [ -0.8776386, 48.1576672 ], [ -0.8774815, 48.1577652 ], [ -0.8772863, 48.1577473 ], [ -0.8763727, 48.157389 ], [ -0.8755476, 48.1568053 ], [ -0.8744539, 48.1566359 ], [ -0.8728829, 48.1562172 ], [ -0.8718945, 48.1561983 ], [ -0.8713863, 48.1560429 ], [ -0.8700458, 48.1558302 ], [ -0.8695336, 48.1559317 ], [ -0.8674526, 48.1554621 ], [ -0.8653201, 48.1552627 ], [ -0.8650171, 48.1553176 ], [ -0.8645722, 48.1552169 ], [ -0.8625153, 48.155223 ], [ -0.8623469, 48.1553132 ], [ -0.8620766, 48.1552996 ], [ -0.8616347, 48.1555537 ], [ -0.860951, 48.1566427 ], [ -0.8605895, 48.1568735 ], [ -0.8603918, 48.1571709 ], [ -0.8597866, 48.1575124 ], [ -0.8595902, 48.1577729 ], [ -0.8594147, 48.1578218 ], [ -0.8588451, 48.1583369 ], [ -0.8586924, 48.1583482 ], [ -0.8585719, 48.1582647 ], [ -0.8581617, 48.1584376 ], [ -0.8582537, 48.1586085 ], [ -0.8581581, 48.1587017 ], [ -0.8583196, 48.1588108 ], [ -0.8580969, 48.1589325 ], [ -0.8579928, 48.1592026 ], [ -0.8580937, 48.1594038 ], [ -0.8578178, 48.1595723 ], [ -0.8577601, 48.1597408 ], [ -0.8568645, 48.1592404 ], [ -0.8558768, 48.1589169 ], [ -0.8553577, 48.1587789 ], [ -0.8528239, 48.158395 ], [ -0.852019, 48.1584907 ], [ -0.8510573, 48.1583761 ], [ -0.8506634, 48.1584025 ], [ -0.8481337, 48.1594968 ], [ -0.8476933, 48.1589787 ], [ -0.8477226, 48.1579021 ], [ -0.8473824, 48.1567817 ], [ -0.8465491, 48.1553801 ], [ -0.8457122, 48.1545921 ], [ -0.8443091, 48.1542568 ], [ -0.8429574, 48.1532774 ], [ -0.8415371, 48.1540003 ], [ -0.8396034, 48.154402 ], [ -0.8389591, 48.1547257 ], [ -0.8385275, 48.1547523 ], [ -0.8381899, 48.1550354 ], [ -0.8375309, 48.1550811 ], [ -0.8372225, 48.1550065 ], [ -0.8369707, 48.1550985 ], [ -0.8367249, 48.1550137 ], [ -0.8360892, 48.1550299 ], [ -0.8358896, 48.1551922 ], [ -0.8355859, 48.1551624 ], [ -0.8349641, 48.1552773 ], [ -0.8344739, 48.1551265 ], [ -0.8338867, 48.1553096 ], [ -0.833687, 48.155526 ], [ -0.8322645, 48.155702 ], [ -0.8315614, 48.1558843 ], [ -0.8311637, 48.1561179 ], [ -0.8303156, 48.1561932 ], [ -0.8299631, 48.1563461 ], [ -0.8295834, 48.1566611 ], [ -0.8288942, 48.1568673 ], [ -0.8276145, 48.15658 ], [ -0.8270003, 48.1565396 ], [ -0.8264436, 48.1567171 ], [ -0.8249339, 48.1568607 ], [ -0.8241234, 48.1571023 ], [ -0.8217212, 48.1568216 ], [ -0.8210707, 48.1568922 ], [ -0.8204828, 48.1571419 ], [ -0.8193503, 48.1572317 ], [ -0.8186244, 48.1574156 ], [ -0.8175581, 48.1574726 ], [ -0.8168899, 48.1577285 ], [ -0.8162597, 48.1578381 ], [ -0.8162082, 48.1580388 ], [ -0.8156368, 48.1577898 ], [ -0.8146249, 48.1575937 ], [ -0.8144591, 48.1574603 ], [ -0.8134713, 48.1573175 ], [ -0.8130885, 48.1573488 ], [ -0.8123522, 48.1571843 ], [ -0.8114896, 48.1575446 ], [ -0.810678, 48.1575294 ], [ -0.8100615, 48.1576061 ], [ -0.8075666, 48.1585965 ], [ -0.8071399, 48.1586166 ], [ -0.806862, 48.1585535 ], [ -0.8056849, 48.158605 ], [ -0.804975, 48.1583388 ], [ -0.8046727, 48.1583656 ], [ -0.8044961, 48.1582695 ], [ -0.804133, 48.1582389 ], [ -0.8032957, 48.1579425 ], [ -0.8025246, 48.1579475 ], [ -0.8018284, 48.1576466 ], [ -0.8011228, 48.1575522 ], [ -0.8010689, 48.1574576 ], [ -0.8007463, 48.1573536 ], [ -0.7999434, 48.1572164 ], [ -0.7996497, 48.1572511 ], [ -0.7995204, 48.1571381 ], [ -0.7992539, 48.1571953 ], [ -0.7992173, 48.1570614 ], [ -0.7987945, 48.1570795 ], [ -0.7985843, 48.1569277 ], [ -0.7981732, 48.1570149 ], [ -0.7972543, 48.1570237 ], [ -0.7960458, 48.156544599999989 ], [ -0.7956252, 48.1562195 ], [ -0.7944518, 48.1557969 ], [ -0.793022, 48.1558915 ], [ -0.7923358, 48.1557109 ], [ -0.7920972, 48.1557816 ], [ -0.7919137, 48.1553632 ], [ -0.7916365, 48.1554775 ], [ -0.7915784, 48.1553623 ], [ -0.7910369, 48.1553212 ], [ -0.7908693, 48.1551995 ], [ -0.7904142, 48.1552367 ], [ -0.7903925, 48.1553284 ], [ -0.7902714, 48.1553485 ], [ -0.7901332, 48.1552799 ], [ -0.7897979, 48.155279 ], [ -0.7897257, 48.1551912 ], [ -0.7895215, 48.15516 ], [ -0.7895138, 48.1550161 ], [ -0.789414, 48.1549193 ], [ -0.7893212, 48.154939399999989 ], [ -0.7892572, 48.1547424 ], [ -0.7885549, 48.1547865 ], [ -0.7883054, 48.1545549 ], [ -0.7882757, 48.1542532 ], [ -0.7881484, 48.1541501 ], [ -0.787831, 48.1541351 ], [ -0.7869758, 48.1536238 ], [ -0.7864904, 48.1534827 ], [ -0.7862663, 48.1529863 ], [ -0.7856554, 48.1528212 ], [ -0.7832259, 48.151683 ], [ -0.7807599, 48.1506343 ], [ -0.7796773, 48.1502546 ], [ -0.7778435, 48.1497242 ], [ -0.7772247, 48.1497494 ], [ -0.7766657, 48.1496511 ], [ -0.7764054, 48.1497757 ], [ -0.7761445, 48.149740799999989 ], [ -0.7755185, 48.1494969 ], [ -0.7754691, 48.1492381 ], [ -0.7753202, 48.1492456 ], [ -0.7751581, 48.1494075 ], [ -0.7749883, 48.1491787 ], [ -0.7747993, 48.1493226 ], [ -0.7744239, 48.1491364 ], [ -0.7743274, 48.1492179 ], [ -0.7740265, 48.1491519 ], [ -0.7739603, 48.1492612 ], [ -0.7733078, 48.1491532 ], [ -0.7730499, 48.1492363 ], [ -0.7729572, 48.1493518 ], [ -0.7727662, 48.1493553 ], [ -0.7726649, 48.1493315 ], [ -0.7726942, 48.1492134 ], [ -0.772206, 48.1491642 ], [ -0.7717859, 48.1496145 ], [ -0.7714741, 48.1496407 ], [ -0.7713751, 48.149461 ], [ -0.771199, 48.149445 ], [ -0.7714106, 48.1490338 ], [ -0.770661, 48.1486983 ], [ -0.7705608, 48.1484826 ], [ -0.7701851, 48.1484802 ], [ -0.7699608, 48.1483748 ], [ -0.7690109, 48.1494943 ], [ -0.7690113, 48.1497825 ], [ -0.7683573, 48.1506349 ], [ -0.7680456, 48.151398 ], [ -0.7680504, 48.1517483 ], [ -0.7683548, 48.1521646 ], [ -0.7684747, 48.1526383 ], [ -0.7683689, 48.152947 ], [ -0.7678539, 48.1534094 ], [ -0.7678669, 48.1548179 ], [ -0.7671257, 48.1556938 ], [ -0.7663301, 48.1563363 ], [ -0.76613, 48.1570615 ], [ -0.7656315, 48.1572639 ], [ -0.7649525, 48.1574081 ], [ -0.7644404, 48.1578362 ], [ -0.7638314, 48.1586988 ], [ -0.7637154, 48.1590169 ], [ -0.7637018, 48.1592416 ], [ -0.7643562, 48.1600351 ], [ -0.7647764, 48.1603208 ], [ -0.7658667, 48.1607688 ], [ -0.7674392, 48.1618798 ], [ -0.7681424, 48.1621672 ], [ -0.7695394, 48.1623279 ], [ -0.7697249, 48.1625121 ], [ -0.7697837, 48.1628255 ], [ -0.7695844, 48.1635417 ], [ -0.7695887, 48.164074 ], [ -0.7694888, 48.1642204 ], [ -0.7693774, 48.1643762 ], [ -0.7687725, 48.1646172 ], [ -0.7679345, 48.165216 ], [ -0.7678679, 48.1654703 ], [ -0.7675667, 48.165534 ], [ -0.7670471, 48.1655362 ], [ -0.7657639, 48.1653114 ], [ -0.7641171, 48.1654243 ], [ -0.7629994, 48.1653681 ], [ -0.7624525, 48.1652324 ], [ -0.7615139, 48.1655353 ], [ -0.7610061, 48.165834399999987 ], [ -0.7594239, 48.1655713 ], [ -0.7569404, 48.1658676 ], [ -0.7567913, 48.1656273 ], [ -0.7542184, 48.1637967 ], [ -0.7530851, 48.162705 ], [ -0.7496021, 48.162559 ], [ -0.748551, 48.1623384 ], [ -0.7465237, 48.1623262 ], [ -0.7460853, 48.1624483 ], [ -0.7441217, 48.1624034 ], [ -0.7423128, 48.1624915 ], [ -0.7418652, 48.1627867 ], [ -0.7414186, 48.1623559 ], [ -0.7408339, 48.1613826 ], [ -0.7402927, 48.1588946 ], [ -0.7403742, 48.1586767 ], [ -0.7405491, 48.1584649 ], [ -0.7419406, 48.1579045 ], [ -0.7435898, 48.1575991 ], [ -0.7444197, 48.1575313 ], [ -0.744453, 48.156976199999988 ], [ -0.7438157, 48.1571208 ], [ -0.7425441, 48.1569792 ], [ -0.7394794, 48.1568025 ], [ -0.7377882, 48.1568751 ], [ -0.7348849, 48.1567527 ], [ -0.7342387, 48.156677599999988 ], [ -0.7339016, 48.1564415 ], [ -0.7326333, 48.1559267 ], [ -0.7307425, 48.155537 ], [ -0.7291811, 48.1564755 ], [ -0.7279443, 48.1570164 ], [ -0.7275067, 48.1571302 ], [ -0.7257529, 48.1573649 ], [ -0.7249568, 48.1573396 ], [ -0.7235977, 48.1574456 ], [ -0.722248, 48.1578368 ], [ -0.7189658, 48.1581845 ], [ -0.7166306, 48.1587689 ], [ -0.7146352, 48.1588822 ], [ -0.7135363, 48.1587826 ], [ -0.7111734, 48.1590696 ], [ -0.7098913, 48.1594099 ], [ -0.7084275, 48.159673 ], [ -0.7042622, 48.1597363 ], [ -0.7025102, 48.1595013 ], [ -0.7002118, 48.1594807 ], [ -0.6971988, 48.1596941 ] ] ] ] } },
{ "type": "Feature", "properties": { "code_departement": 53.0, "code_rne": "0530003R", "multisecteur": 0.0 }, "geometry": { "type": "MultiPolygon", "coordinates": [ [ [ [ -0.4435463, 48.3529509 ], [ -0.4435311, 48.3533377 ], [ -0.4442455, 48.3534781 ], [ -0.4448796, 48.3539586 ], [ -0.4454973, 48.3541684 ], [ -0.4460581, 48.3545601 ], [ -0.4478954, 48.3564932 ], [ -0.4481165, 48.3568361 ], [ -0.4487979, 48.359355799999989 ], [ -0.4489078, 48.3594049 ], [ -0.4488021, 48.3597502 ], [ -0.4489329, 48.3599103 ], [ -0.4489893, 48.3605237 ], [ -0.4507165, 48.3604238 ], [ -0.4541961, 48.3598469 ], [ -0.4562023, 48.3600441 ], [ -0.4564438, 48.3602244 ], [ -0.456751, 48.3602505 ], [ -0.4570016, 48.3603639 ], [ -0.4609125, 48.3604883 ], [ -0.4630502, 48.3600773 ], [ -0.4647983, 48.359946 ], [ -0.4659999, 48.3596839 ], [ -0.4682299, 48.3587459 ], [ -0.4740184, 48.3581053 ], [ -0.4765663, 48.3576054 ], [ -0.4765178, 48.3572196 ], [ -0.478838, 48.3564445 ], [ -0.4795801, 48.3564272 ], [ -0.4804632, 48.3565408 ], [ -0.4811545, 48.3568393 ], [ -0.4835406, 48.3566935 ], [ -0.4828814, 48.3552278 ], [ -0.4820955, 48.3530914 ], [ -0.4821173, 48.3520326 ], [ -0.4819678, 48.3511634 ], [ -0.4819982, 48.3497036 ], [ -0.4818923, 48.349185299999988 ], [ -0.4819504, 48.3488594 ], [ -0.4836974, 48.3462089 ], [ -0.4844027, 48.3455983 ], [ -0.4850723, 48.3447348 ], [ -0.4860318, 48.3428225 ], [ -0.486172, 48.3416764 ], [ -0.4864493, 48.3410307 ], [ -0.4902369, 48.3373428 ], [ -0.4915457, 48.3352644 ], [ -0.4932303, 48.334007 ], [ -0.4942389, 48.3334729 ], [ -0.4954755, 48.3330167 ], [ -0.4961694, 48.3328287 ], [ -0.4967793, 48.3327593 ], [ -0.4977591, 48.3328484 ], [ -0.4984536, 48.3327918 ], [ -0.4993838, 48.3328877 ], [ -0.4998685, 48.3328445 ], [ -0.5005432, 48.3330182 ], [ -0.5007875, 48.3332181 ], [ -0.5008074, 48.3337606 ], [ -0.500971, 48.3340683 ], [ -0.5020327, 48.3344133 ], [ -0.502752, 48.3339372 ], [ -0.5034226, 48.3338669 ], [ -0.5049857, 48.3340548 ], [ -0.5053535, 48.333371199999988 ], [ -0.5052754, 48.3331925 ], [ -0.5041183, 48.3329962 ], [ -0.504106, 48.3327714 ], [ -0.5054578, 48.3328286 ], [ -0.5088873, 48.3331962 ], [ -0.5095147, 48.3335504 ], [ -0.512081, 48.3342794 ], [ -0.5134674, 48.3348741 ], [ -0.5161485, 48.3346306 ], [ -0.5167493, 48.3345263 ], [ -0.5177407, 48.334142 ], [ -0.519146, 48.3339282 ], [ -0.5210679, 48.3339872 ], [ -0.5217472, 48.3321279 ], [ -0.52111, 48.3300746 ], [ -0.5208335, 48.3296767 ], [ -0.5194614, 48.3283044 ], [ -0.5187365, 48.3280072 ], [ -0.5176238, 48.3273819 ], [ -0.5169372, 48.3268701 ], [ -0.5164788, 48.3258912 ], [ -0.5156535, 48.3249782 ], [ -0.5157536, 48.3245574 ], [ -0.5147471, 48.3230139 ], [ -0.5147424, 48.322924 ], [ -0.516601, 48.3223843 ], [ -0.5173623, 48.3215106 ], [ -0.5184652, 48.3210608 ], [ -0.5184444, 48.3204877 ], [ -0.5186345, 48.3197958 ], [ -0.5195538, 48.3188624 ], [ -0.5209322, 48.3165177 ], [ -0.5210776, 48.3158856 ], [ -0.5210475, 48.3149508 ], [ -0.5214335, 48.3146268 ], [ -0.5210665, 48.3143873 ], [ -0.5209181, 48.3138649 ], [ -0.5206992, 48.3137012 ], [ -0.5205013, 48.3115294 ], [ -0.5205194, 48.3106291 ], [ -0.5201515, 48.3100529 ], [ -0.5188675, 48.3087798 ], [ -0.5184965, 48.3081586 ], [ -0.518472, 48.3077099 ], [ -0.5190966, 48.3058054 ], [ -0.5191206, 48.3039629 ], [ -0.5188719, 48.3039181 ], [ -0.518439, 48.3039643 ], [ -0.5182283, 48.3038022 ], [ -0.5171835, 48.3033784 ], [ -0.5169098, 48.3030389 ], [ -0.5173143, 48.3027891 ], [ -0.5174367, 48.3025612 ], [ -0.5178715, 48.3008867 ], [ -0.5177214, 48.30062 ], [ -0.5158756, 48.2989124 ], [ -0.5152781, 48.2989806 ], [ -0.5148242, 48.2992382 ], [ -0.5140084, 48.2988463 ], [ -0.5118525, 48.2980719 ], [ -0.511174, 48.2979984 ], [ -0.5106915, 48.2977857 ], [ -0.5107817, 48.2969734 ], [ -0.5098169, 48.2965923 ], [ -0.5069897, 48.2966599 ], [ -0.5068339, 48.2965294 ], [ -0.5064463, 48.2955935 ], [ -0.5066286, 48.2946226 ], [ -0.5067768, 48.2944561 ], [ -0.5073049, 48.2945431 ], [ -0.507842, 48.2917461 ], [ -0.5087472, 48.2909906 ], [ -0.5091663, 48.2907593 ], [ -0.5136621, 48.2889435 ], [ -0.5135319, 48.2885303 ], [ -0.5131829, 48.2883146 ], [ -0.512777, 48.288279 ], [ -0.51218, 48.2884732 ], [ -0.5114425, 48.2885456 ], [ -0.5110304, 48.2871609 ], [ -0.5116948, 48.2869647 ], [ -0.5124581, 48.286127799999988 ], [ -0.5125071, 48.2858112 ], [ -0.5123462, 48.2853206 ], [ -0.5114024, 48.2841391 ], [ -0.5117476, 48.2834876 ], [ -0.5117502, 48.2818258 ], [ -0.5118337, 48.2815208 ], [ -0.5130497, 48.2799049 ], [ -0.5138994, 48.2794348 ], [ -0.5145438, 48.2788797 ], [ -0.5147171, 48.278626 ], [ -0.5143365, 48.2781393 ], [ -0.5140118, 48.2779643 ], [ -0.5146509, 48.2764205 ], [ -0.5161254, 48.2758516 ], [ -0.5164385, 48.2755496 ], [ -0.5163854, 48.2743308 ], [ -0.5165699, 48.2738408 ], [ -0.5158247, 48.2733081 ], [ -0.5157294, 48.2730732 ], [ -0.5175951, 48.2722828 ], [ -0.5179816, 48.2719488 ], [ -0.5185314, 48.2721612 ], [ -0.5188007, 48.2721541 ], [ -0.5193197, 48.2718451 ], [ -0.5214962, 48.2736266 ], [ -0.5224249, 48.2746824 ], [ -0.5250474, 48.276714399999989 ], [ -0.5276831, 48.2785577 ], [ -0.5280077, 48.2783067 ], [ -0.5287201, 48.2770776 ], [ -0.5302678, 48.2770395 ], [ -0.5303245, 48.2768586 ], [ -0.5321323, 48.2766344 ], [ -0.5338728, 48.2762933 ], [ -0.5342567, 48.2753388 ], [ -0.5345988, 48.2748467 ], [ -0.5356915, 48.2738603 ], [ -0.5368502, 48.2735554 ], [ -0.5378484, 48.2733914 ], [ -0.5389338, 48.2734813 ], [ -0.5391494, 48.2735983 ], [ -0.5394818, 48.2735658 ], [ -0.539816, 48.2726371 ], [ -0.5403692, 48.2718145 ], [ -0.5402697, 48.2703341 ], [ -0.5399545, 48.2686143 ], [ -0.5399532, 48.2681325 ], [ -0.5398436, 48.2676665 ], [ -0.5395795, 48.2672691 ], [ -0.5395968, 48.2667841 ], [ -0.5397285, 48.2661145 ], [ -0.5400927, 48.2657118 ], [ -0.5406034, 48.265443499999989 ], [ -0.541063, 48.2649749 ], [ -0.5413532, 48.2645969 ], [ -0.5416533, 48.2638034 ], [ -0.5417826, 48.263079 ], [ -0.5414808, 48.2612174 ], [ -0.541338, 48.2610389 ], [ -0.5407372, 48.2608101 ], [ -0.5403363, 48.2604645 ], [ -0.5402478, 48.2602708 ], [ -0.5396957, 48.2601045 ], [ -0.5395005, 48.2598096 ], [ -0.5392042, 48.259695 ], [ -0.5390724, 48.2593585 ], [ -0.5388959, 48.2579768 ], [ -0.5386063, 48.257942299999989 ], [ -0.5380459, 48.25737 ], [ -0.536475, 48.2566713 ], [ -0.5353537, 48.2560618 ], [ -0.5338994, 48.2557747 ], [ -0.533376, 48.2553292 ], [ -0.5329586, 48.254596 ], [ -0.5321655, 48.2525428 ], [ -0.5322095, 48.2523136 ], [ -0.5330191, 48.2509924 ], [ -0.5329892, 48.2504259 ], [ -0.5326621, 48.2496494 ], [ -0.532746, 48.2496136 ], [ -0.5321554, 48.2494547 ], [ -0.5323913, 48.2481849 ], [ -0.5323205, 48.2480546 ], [ -0.5311688, 48.2479116 ], [ -0.5312868, 48.2476812 ], [ -0.5321166, 48.2468421 ], [ -0.5330925, 48.2462338 ], [ -0.5373721, 48.2444197 ], [ -0.5420547, 48.2409605 ], [ -0.5436151, 48.2402048 ], [ -0.5431325, 48.2398455 ], [ -0.5428355, 48.239278 ], [ -0.5419909, 48.2386071 ], [ -0.5417888, 48.2381277 ], [ -0.5418279, 48.2376267 ], [ -0.5422862, 48.2369824 ], [ -0.5425197, 48.2364449 ], [ -0.5424237, 48.2359182 ], [ -0.54074, 48.2332126 ], [ -0.5408288, 48.2331686 ], [ -0.5409929, 48.2302337 ], [ -0.5419077, 48.2260118 ], [ -0.5410492, 48.2259331 ], [ -0.5394344, 48.2259545 ], [ -0.5372117, 48.2263967 ], [ -0.5357766, 48.2264847 ], [ -0.5354668, 48.225623 ], [ -0.5354832, 48.2250632 ], [ -0.5358665, 48.2248509 ], [ -0.5371212, 48.2245251 ], [ -0.537371, 48.2240699 ], [ -0.5364762, 48.2235698 ], [ -0.5363293, 48.2233491 ], [ -0.5365844, 48.223073 ], [ -0.5366362, 48.2228013 ], [ -0.5363362, 48.2222068 ], [ -0.5353258, 48.2219128 ], [ -0.5340801, 48.2213448 ], [ -0.5326074, 48.2210494 ], [ -0.5320714, 48.2208753 ], [ -0.5287203, 48.2192976 ], [ -0.527989, 48.219568 ], [ -0.5275923, 48.2201041 ], [ -0.5276589, 48.2203543 ], [ -0.5265839, 48.2197379 ], [ -0.5260711, 48.2201117 ], [ -0.5248881, 48.2197138 ], [ -0.5241294, 48.2193725 ], [ -0.5208308, 48.2193629 ], [ -0.5206251, 48.219713 ], [ -0.5201445, 48.2192581 ], [ -0.51986, 48.2191351 ], [ -0.5187352, 48.2188597 ], [ -0.5172771, 48.2188221 ], [ -0.5164066, 48.2184805 ], [ -0.5160532, 48.218174 ], [ -0.5160299, 48.2176829 ], [ -0.5167306, 48.2168109 ], [ -0.5167572, 48.2154321 ], [ -0.5161739, 48.214284 ], [ -0.5157418, 48.214169 ], [ -0.5151674, 48.2141239 ], [ -0.5133047, 48.2143019 ], [ -0.5129571, 48.2132107 ], [ -0.5126558, 48.2126333 ], [ -0.5116083, 48.2119385 ], [ -0.5110423, 48.2114123 ], [ -0.510216, 48.2109009 ], [ -0.5098819, 48.2111261 ], [ -0.5089796, 48.210608 ], [ -0.5067816, 48.2098961 ], [ -0.5061538, 48.2102417 ], [ -0.5054373, 48.2103485 ], [ -0.5051121, 48.2105041 ], [ -0.5035803, 48.2108549 ], [ -0.5027033, 48.2107773 ], [ -0.5021883, 48.210956499999988 ], [ -0.5019106, 48.2109548 ], [ -0.5011675, 48.2112291 ], [ -0.5004243, 48.2109142 ], [ -0.5000389, 48.2110365 ], [ -0.4994833, 48.2114564 ], [ -0.4990059, 48.2116138 ], [ -0.4971409, 48.2118573 ], [ -0.4961771, 48.2118723 ], [ -0.4958048, 48.212111199999988 ], [ -0.4955144, 48.2125476 ], [ -0.494955, 48.2128515 ], [ -0.4927828, 48.2143577 ], [ -0.4924521, 48.2149205 ], [ -0.4915255, 48.2152127 ], [ -0.4901905, 48.2154251 ], [ -0.4890452, 48.2154076 ], [ -0.4887462, 48.2149823 ], [ -0.4882101, 48.2149856 ], [ -0.4877287, 48.2147773 ], [ -0.4870123, 48.2146841 ], [ -0.4858985, 48.2147548 ], [ -0.4852738, 48.2145598 ], [ -0.4843282, 48.214404 ], [ -0.4832577, 48.2145599 ], [ -0.480583, 48.2161365 ], [ -0.4792884, 48.2165728 ], [ -0.4789782, 48.2169566 ], [ -0.4773478, 48.2174928 ], [ -0.476752, 48.218084 ], [ -0.4766982, 48.2186161 ], [ -0.4761077, 48.2190631 ], [ -0.4763005, 48.2192889 ], [ -0.4759595, 48.2195349 ], [ -0.4759293, 48.2198132 ], [ -0.4756221, 48.2198754 ], [ -0.4752086, 48.2201451 ], [ -0.4742864, 48.220447 ], [ -0.4740507, 48.2208997 ], [ -0.4736592, 48.2209716 ], [ -0.4736447, 48.2212422 ], [ -0.4734844, 48.2213865 ], [ -0.4736191, 48.2214672 ], [ -0.4735151, 48.221627 ], [ -0.4737919, 48.2218197 ], [ -0.4736504, 48.2220652 ], [ -0.4736284, 48.22259 ], [ -0.4733083, 48.2227841 ], [ -0.4729031, 48.223304 ], [ -0.4730801, 48.2235356 ], [ -0.4730203, 48.224121 ], [ -0.4730979, 48.2245213 ], [ -0.4733376, 48.2247025 ], [ -0.4733205, 48.2250164 ], [ -0.4736753, 48.2254716 ], [ -0.4736376, 48.2256763 ], [ -0.4737715, 48.2259281 ], [ -0.4736272, 48.2266025 ], [ -0.4733966, 48.2269497 ], [ -0.4734392, 48.2280661 ], [ -0.4731873, 48.2285185 ], [ -0.4717537, 48.2299827 ], [ -0.4712157, 48.2304092 ], [ -0.4711433, 48.2308257 ], [ -0.4705585, 48.2309113 ], [ -0.4703321, 48.2310549 ], [ -0.4701399, 48.231002 ], [ -0.4697027, 48.2310364 ], [ -0.4693272, 48.2311474 ], [ -0.46922, 48.2312812 ], [ -0.4689128, 48.2314064 ], [ -0.4688066, 48.2315743 ], [ -0.4685387, 48.2315795 ], [ -0.4669059, 48.232211 ], [ -0.464825, 48.2325864 ], [ -0.4645319, 48.2327013 ], [ -0.4633347, 48.2318574 ], [ -0.460973, 48.2314276 ], [ -0.4596238, 48.2308142 ], [ -0.4578564, 48.2297429 ], [ -0.4567927, 48.229248 ], [ -0.4542521, 48.2285109 ], [ -0.4528981, 48.2281929 ], [ -0.4499083, 48.2272437 ], [ -0.4493273, 48.2268725 ], [ -0.4489018, 48.2262608 ], [ -0.4485138, 48.2258929 ], [ -0.4459296, 48.224857 ], [ -0.4455294, 48.2248786 ], [ -0.4452115, 48.2247996 ], [ -0.4424912, 48.2238639 ], [ -0.4393137, 48.2231099 ], [ -0.4359978, 48.222195 ], [ -0.4304717, 48.2204301 ], [ -0.4292456, 48.2197921 ], [ -0.4285765, 48.2214209 ], [ -0.4281544, 48.2214377 ], [ -0.4273239, 48.221868 ], [ -0.42839, 48.2234446 ], [ -0.4282862, 48.2241285 ], [ -0.4286032, 48.2247542 ], [ -0.4290151, 48.22489 ], [ -0.4290208, 48.2256202 ], [ -0.4278789, 48.2260109 ], [ -0.4272588, 48.226051399999989 ], [ -0.4267008, 48.2262171 ], [ -0.4247936, 48.227255 ], [ -0.4240662, 48.2280516 ], [ -0.4236012, 48.228196499999989 ], [ -0.4231153, 48.228249299999987 ], [ -0.422737, 48.228381 ], [ -0.4226075, 48.228546 ], [ -0.4224773, 48.2285749 ], [ -0.4210996, 48.2286968 ], [ -0.4200595, 48.228518 ], [ -0.4188965, 48.2286264 ], [ -0.4180455, 48.2285556 ], [ -0.417469, 48.2286668 ], [ -0.4172216, 48.2288217 ], [ -0.4164521, 48.2289493 ], [ -0.4142534, 48.2288616 ], [ -0.4132367, 48.229335 ], [ -0.4127127, 48.229424 ], [ -0.4121108, 48.2293927 ], [ -0.4106792, 48.2291612 ], [ -0.4101131, 48.2292253 ], [ -0.4096357, 48.229158 ], [ -0.4086851, 48.2293422 ], [ -0.4078293, 48.2293227 ], [ -0.4073296, 48.229224599999988 ], [ -0.4064444, 48.2293348 ], [ -0.4058798, 48.2292952 ], [ -0.4054829, 48.229349 ], [ -0.4049975, 48.2292216 ], [ -0.4026384, 48.2289464 ], [ -0.4017377, 48.2289418 ], [ -0.399883, 48.229402199999988 ], [ -0.3991057, 48.2297434 ], [ -0.3986606, 48.2300327 ], [ -0.3972513, 48.2302939 ], [ -0.3971433, 48.2304375 ], [ -0.3975585, 48.2309614 ], [ -0.3968692, 48.2308696 ], [ -0.3956912, 48.2304315 ], [ -0.3942955, 48.2301096 ], [ -0.3934726, 48.2308943 ], [ -0.3917395, 48.2321364 ], [ -0.3902707, 48.2328577 ], [ -0.3897872, 48.2321727 ], [ -0.3895209, 48.2320137 ], [ -0.3888547, 48.2321355 ], [ -0.3858782, 48.2323217 ], [ -0.3848851, 48.2329788 ], [ -0.3842679, 48.2330865 ], [ -0.3821569, 48.2330236 ], [ -0.381402, 48.2328543 ], [ -0.381247, 48.2325814 ], [ -0.381715, 48.2319547 ], [ -0.381747, 48.2317187 ], [ -0.3816328, 48.2315346 ], [ -0.3812908, 48.2313724 ], [ -0.381078, 48.231166 ], [ -0.3807596, 48.2306149 ], [ -0.3802721, 48.2304749 ], [ -0.3796757, 48.2294562 ], [ -0.3796681, 48.2290854 ], [ -0.3793405, 48.229211 ], [ -0.3786619, 48.229306 ], [ -0.3780878, 48.2297277 ], [ -0.3775043, 48.2300038 ], [ -0.375977, 48.2311399 ], [ -0.3755537, 48.2313501 ], [ -0.3746315, 48.2316196 ], [ -0.3741842, 48.2319404 ], [ -0.3738633, 48.2326763 ], [ -0.3735681, 48.2329495 ], [ -0.3734562, 48.2332868 ], [ -0.3726231, 48.2340869 ], [ -0.3719441, 48.2342828 ], [ -0.371477, 48.2343349 ], [ -0.3710904, 48.234508 ], [ -0.3697866, 48.2346308 ], [ -0.3693749, 48.2351496 ], [ -0.3666522, 48.2348805 ], [ -0.3648554, 48.23444 ], [ -0.3644065, 48.2344401 ], [ -0.3635608, 48.2346011 ], [ -0.3619166, 48.2346083 ], [ -0.3609569, 48.2347356 ], [ -0.3595684, 48.2341014 ], [ -0.3601675, 48.233898 ], [ -0.3601712, 48.2331531 ], [ -0.3589182, 48.232507 ], [ -0.3581143, 48.232202 ], [ -0.3578831, 48.2321708 ], [ -0.3569179, 48.2324242 ], [ -0.3560873, 48.2314032 ], [ -0.3558077, 48.2314796 ], [ -0.3550728, 48.2314959 ], [ -0.3505459, 48.2327403 ], [ -0.350169, 48.2321331 ], [ -0.3495329, 48.2316685 ], [ -0.3492967, 48.231133 ], [ -0.3494483, 48.2308243 ], [ -0.3492476, 48.230700299999988 ], [ -0.3490106, 48.230237 ], [ -0.3487181, 48.2299399 ], [ -0.3481264, 48.2288355 ], [ -0.3483999, 48.2280496 ], [ -0.3483996, 48.2277471 ], [ -0.3487778, 48.2269951 ], [ -0.3487882, 48.2266706 ], [ -0.3491095, 48.2264463 ], [ -0.3492094, 48.226067 ], [ -0.345898, 48.224158 ], [ -0.3450075, 48.2231854 ], [ -0.344529, 48.222292 ], [ -0.344174, 48.221922 ], [ -0.3440598, 48.2219487 ], [ -0.3433617, 48.2210985 ], [ -0.3415278, 48.2197635 ], [ -0.3408017, 48.2188321 ], [ -0.3393478, 48.2159193 ], [ -0.3375806, 48.2146742 ], [ -0.3372521, 48.2142323 ], [ -0.3354867, 48.213079 ], [ -0.334882, 48.2125729 ], [ -0.3343087, 48.2120298 ], [ -0.3336556, 48.2109693 ], [ -0.3331783, 48.2104749 ], [ -0.3328976, 48.2103396 ], [ -0.3324161, 48.2102892 ], [ -0.3323678, 48.2098664 ], [ -0.3320799, 48.2093603 ], [ -0.3319485, 48.2085391 ], [ -0.3315397, 48.2078266 ], [ -0.331326, 48.2072166 ], [ -0.3305551, 48.2061675 ], [ -0.3301471, 48.2057657 ], [ -0.3297909, 48.2054371 ], [ -0.3288408, 48.2050271 ], [ -0.3285481, 48.2047003 ], [ -0.3280003, 48.2045816 ], [ -0.3274211, 48.2046042 ], [ -0.3266507, 48.2040099 ], [ -0.3265485, 48.2021117 ], [ -0.3262801, 48.2007386 ], [ -0.3250762, 48.1994415 ], [ -0.324555, 48.1984178 ], [ -0.3245123, 48.1966493 ], [ -0.3246141, 48.1961917 ], [ -0.3253228, 48.195852 ], [ -0.3261288, 48.1956248 ], [ -0.3263488, 48.1954187 ], [ -0.3269125, 48.1943824 ], [ -0.3269847, 48.1937536 ], [ -0.3274083, 48.1927177 ], [ -0.3273799, 48.1922241 ], [ -0.327185, 48.1917405 ], [ -0.3271913, 48.189832 ], [ -0.3273036, 48.1887931 ], [ -0.3278996, 48.187031 ], [ -0.3274562, 48.1871119 ], [ -0.3261886, 48.1875349 ], [ -0.3239978, 48.1884198 ], [ -0.3227979, 48.188613 ], [ -0.3223995, 48.1889808 ], [ -0.321607, 48.1900208 ], [ -0.3212317, 48.1903286 ], [ -0.3207063, 48.1910755 ], [ -0.3204451, 48.1911198 ], [ -0.3194827, 48.191922299999987 ], [ -0.3178968, 48.192491 ], [ -0.3172003, 48.19296 ], [ -0.3158816, 48.1922523 ], [ -0.3154288, 48.1922271 ], [ -0.3143977, 48.1930306 ], [ -0.3139631, 48.1931671 ], [ -0.3135197, 48.1931624 ], [ -0.3122829, 48.1925784 ], [ -0.3115041, 48.1925526 ], [ -0.3106185, 48.1926918 ], [ -0.3106832, 48.1929502 ], [ -0.3100697, 48.1939068 ], [ -0.309732, 48.1951798 ], [ -0.3092246, 48.1950778 ], [ -0.3085628, 48.195072 ], [ -0.3079651, 48.1951635 ], [ -0.3078455, 48.1955109 ], [ -0.3071536, 48.1959482 ], [ -0.3069545, 48.1959105 ], [ -0.3063443, 48.1969408 ], [ -0.3061143, 48.1975272 ], [ -0.3064893, 48.1982444 ], [ -0.3063225, 48.1987867 ], [ -0.3059392, 48.1988812 ], [ -0.3056039, 48.1991202 ], [ -0.3050804, 48.1989566 ], [ -0.3046973, 48.1993779 ], [ -0.3033337, 48.1992 ], [ -0.3012056, 48.1993568 ], [ -0.3006277, 48.1990334 ], [ -0.2989979, 48.1989925 ], [ -0.2985739, 48.1991494 ], [ -0.2951773, 48.1992262 ], [ -0.2943348, 48.1993236 ], [ -0.293616, 48.1996777 ], [ -0.293092, 48.2001526 ], [ -0.2919463, 48.2002079 ], [ -0.291029, 48.2001443 ], [ -0.2901693, 48.2002269 ], [ -0.2900338, 48.200019 ], [ -0.2893516, 48.1998156 ], [ -0.2895708, 48.1995933 ], [ -0.2885373, 48.1993078 ], [ -0.2872094, 48.1994637 ], [ -0.2860353, 48.199343299999988 ], [ -0.2855668, 48.1990231 ], [ -0.285457, 48.198709199999989 ], [ -0.2854381, 48.1979298 ], [ -0.2828746, 48.1977336 ], [ -0.2827344, 48.1978627 ], [ -0.2813195, 48.1976805 ], [ -0.2814574, 48.198426 ], [ -0.2812429, 48.1985499 ], [ -0.2807333, 48.1987172 ], [ -0.2800005, 48.1987825 ], [ -0.2789277, 48.1991852 ], [ -0.276848, 48.2002939 ], [ -0.2755459, 48.2005408 ], [ -0.2750802, 48.2007428 ], [ -0.2740139, 48.2014685 ], [ -0.2736456, 48.2012653 ], [ -0.2734099, 48.2008963 ], [ -0.2699642, 48.1990745 ], [ -0.2697369, 48.1992105 ], [ -0.2687592, 48.199433 ], [ -0.2680942, 48.1992875 ], [ -0.2689173, 48.1985496 ], [ -0.2690588, 48.1982233 ], [ -0.2689673, 48.1977684 ], [ -0.2686113, 48.1974801 ], [ -0.2689268, 48.1972895 ], [ -0.2685212, 48.1970684 ], [ -0.2684242, 48.1968081 ], [ -0.268086, 48.1964374 ], [ -0.2690086, 48.196565899999989 ], [ -0.2693074, 48.1966711 ], [ -0.2694039, 48.1969233 ], [ -0.270266, 48.1969246 ], [ -0.2702328, 48.1962573 ], [ -0.2705799, 48.195490299999989 ], [ -0.2712677, 48.1944401 ], [ -0.2727079, 48.1929466 ], [ -0.271967, 48.1924016 ], [ -0.2733467, 48.1919311 ], [ -0.2734558, 48.1914103 ], [ -0.2746209, 48.1914122 ], [ -0.2748115, 48.1906423 ], [ -0.2751283, 48.1902345 ], [ -0.2770665, 48.1886308 ], [ -0.2760875, 48.1886112 ], [ -0.2753742, 48.1884022 ], [ -0.2754674, 48.1881889 ], [ -0.2753198, 48.1879814 ], [ -0.2759967, 48.1873862 ], [ -0.2736273, 48.1849475 ], [ -0.2721146, 48.1837052 ], [ -0.2708464, 48.1843843 ], [ -0.2704842, 48.1838855 ], [ -0.2702259, 48.1839539 ], [ -0.2690341, 48.1826072 ], [ -0.2688325, 48.1826344 ], [ -0.2685737, 48.1821742 ], [ -0.267032, 48.1809597 ], [ -0.2669346, 48.180495 ], [ -0.2678886, 48.1804173 ], [ -0.2678465, 48.1801509 ], [ -0.2674631, 48.1800049 ], [ -0.2669221, 48.1800325 ], [ -0.2664876, 48.1797779 ], [ -0.2663862, 48.17938 ], [ -0.265619, 48.1797767 ], [ -0.265418, 48.1798147 ], [ -0.2649545, 48.1797231 ], [ -0.2645813, 48.1797847 ], [ -0.2629061, 48.1787171 ], [ -0.2627815, 48.1789222 ], [ -0.2621233, 48.1791232 ], [ -0.2611533, 48.1788313 ], [ -0.2602896, 48.1791064 ], [ -0.2601333, 48.1793656 ], [ -0.2597082, 48.1796781 ], [ -0.2590566, 48.1797889 ], [ -0.2588781, 48.1797335 ], [ -0.2589569, 48.1795259 ], [ -0.2588527, 48.1794307 ], [ -0.2588357, 48.1782622 ], [ -0.2590257, 48.1771727 ], [ -0.2577473, 48.1775565 ], [ -0.2578175, 48.1774077 ], [ -0.2576056, 48.176984 ], [ -0.2574816, 48.1769613 ], [ -0.2573708, 48.1766483 ], [ -0.2564969, 48.1754692 ], [ -0.2558835, 48.1756762 ], [ -0.2557307, 48.1753814 ], [ -0.2554607, 48.175152 ], [ -0.2524301, 48.1728383 ], [ -0.2525064, 48.1726137 ], [ -0.2494887, 48.1690622 ], [ -0.250939, 48.168959199999989 ], [ -0.2511045, 48.1685638 ], [ -0.2519544, 48.1685268 ], [ -0.2520035, 48.1682967 ], [ -0.2507311, 48.1682724 ], [ -0.2503933, 48.1681862 ], [ -0.2505137, 48.167955 ], [ -0.2503678, 48.167597 ], [ -0.2493386, 48.1673462 ], [ -0.2494957, 48.1662675 ], [ -0.2494554, 48.1656787 ], [ -0.2489584, 48.1649305 ], [ -0.2487742, 48.1648465 ], [ -0.2486013, 48.1644874 ], [ -0.2492975, 48.1639225 ], [ -0.2489707, 48.1638396 ], [ -0.2487585, 48.1635843 ], [ -0.2472034, 48.1626383 ], [ -0.2472504, 48.1618931 ], [ -0.2471071, 48.1611162 ], [ -0.2466398, 48.1601493 ], [ -0.2453174, 48.1606008 ], [ -0.2410699, 48.161729 ], [ -0.2415162, 48.1626191 ], [ -0.2416259, 48.1632438 ], [ -0.2391953, 48.165117099999989 ], [ -0.237924, 48.1653276 ], [ -0.2375831, 48.1654549 ], [ -0.2345473, 48.167034 ], [ -0.2320007, 48.168624 ], [ -0.2316876, 48.1687433 ], [ -0.2291633, 48.1693816 ], [ -0.2286577, 48.169698 ], [ -0.2268672, 48.1702495 ], [ -0.2261107, 48.170164 ], [ -0.2257419, 48.1702101 ], [ -0.2243925, 48.1705991 ], [ -0.2233901, 48.1711821 ], [ -0.2232029, 48.1715564 ], [ -0.2232243, 48.1720611 ], [ -0.2229139, 48.1721596 ], [ -0.2184608, 48.1724343 ], [ -0.217661, 48.1725867 ], [ -0.2169983, 48.1727812 ], [ -0.216064, 48.1729364 ], [ -0.2142941, 48.173874399999988 ], [ -0.2121427, 48.1746732 ], [ -0.2107809, 48.1750183 ], [ -0.2103696, 48.175206 ], [ -0.2093545, 48.1751859 ], [ -0.2082781, 48.1752647 ], [ -0.2077571, 48.1753752 ], [ -0.2077926, 48.1755615 ], [ -0.2076728, 48.1756512 ], [ -0.2050098, 48.1760307 ], [ -0.2043057, 48.1760102 ], [ -0.2035967, 48.1761744 ], [ -0.2024322, 48.1768878 ], [ -0.20109, 48.1775789 ], [ -0.1997184, 48.1784743 ], [ -0.1990878, 48.1787336 ], [ -0.1963109, 48.1796158 ], [ -0.194977, 48.1799581 ], [ -0.1940806, 48.1803435 ], [ -0.1931086, 48.1803905 ], [ -0.1900414, 48.181150599999988 ], [ -0.1890509, 48.1822518 ], [ -0.1881318, 48.182932199999989 ], [ -0.1870314, 48.1833509 ], [ -0.1866023, 48.1834481 ], [ -0.1857337, 48.1834922 ], [ -0.1874641, 48.1846738 ], [ -0.1771459, 48.1915818 ], [ -0.173281, 48.1940514 ], [ -0.172031, 48.1949459 ], [ -0.1698499, 48.1962832 ], [ -0.1666404, 48.198419 ], [ -0.1664588, 48.1986472 ], [ -0.1645474, 48.1998592 ], [ -0.1468081, 48.2051105 ], [ -0.1501293, 48.2102179 ], [ -0.1530297, 48.2120612 ], [ -0.1530087, 48.2131982 ], [ -0.15282, 48.213783199999988 ], [ -0.153261, 48.2144207 ], [ -0.1532852, 48.2150963 ], [ -0.1524348, 48.2160393 ], [ -0.1503209, 48.2191565 ], [ -0.1454115, 48.2219042 ], [ -0.1452903, 48.2221767 ], [ -0.144474, 48.2229278 ], [ -0.1447837, 48.2234203 ], [ -0.1447817, 48.2239975 ], [ -0.1446483, 48.2240884 ], [ -0.1452307, 48.2245448 ], [ -0.1456077, 48.2249679 ], [ -0.1460147, 48.225645 ], [ -0.14639, 48.2267183 ], [ -0.1475213, 48.227721 ], [ -0.1480645, 48.22858 ], [ -0.1489408, 48.2283378 ], [ -0.149779, 48.2298247 ], [ -0.1499773, 48.2300076 ], [ -0.1504999, 48.2303404 ], [ -0.1509979, 48.2304198 ], [ -0.151453, 48.2304806 ], [ -0.1525726, 48.2303373 ], [ -0.1530566, 48.2303622 ], [ -0.1535646, 48.2304288 ], [ -0.1544931, 48.2306976 ], [ -0.1550987, 48.2319214 ], [ -0.1559562, 48.2330061 ], [ -0.1567505, 48.2337556 ], [ -0.1572776, 48.2340045 ], [ -0.157569, 48.23527 ], [ -0.1580072, 48.239053 ], [ -0.15966, 48.2389871 ], [ -0.1604571, 48.2390622 ], [ -0.1614376, 48.2389801 ], [ -0.1629676, 48.2392949 ], [ -0.1647795, 48.2394787 ], [ -0.1659102, 48.2394511 ], [ -0.1674289, 48.239622 ], [ -0.1699553, 48.2396929 ], [ -0.1702918, 48.2397739 ], [ -0.1712714, 48.2396315 ], [ -0.1716814, 48.2399716 ], [ -0.1719804, 48.240594 ], [ -0.1720837, 48.2406542 ], [ -0.1724113, 48.2406085 ], [ -0.172889, 48.2413782 ], [ -0.1737736, 48.2418308 ], [ -0.1752128, 48.2422019 ], [ -0.1756069, 48.2422102 ], [ -0.1757978, 48.2422906 ], [ -0.1760354, 48.2422518 ], [ -0.1766309, 48.242469 ], [ -0.1773258, 48.2426133 ], [ -0.17785, 48.2428108 ], [ -0.1780683, 48.2430787 ], [ -0.179771, 48.2435921 ], [ -0.1804713, 48.2437146 ], [ -0.181598, 48.2437311 ], [ -0.1849711, 48.2435097 ], [ -0.1854779, 48.2436185 ], [ -0.1857756, 48.2437716 ], [ -0.1861421, 48.2438122 ], [ -0.186477, 48.243732 ], [ -0.186946, 48.2437293 ], [ -0.1893813, 48.2430926 ], [ -0.1895327, 48.2435451 ], [ -0.1898387, 48.2435666 ], [ -0.1901746, 48.2448632 ], [ -0.1920094, 48.2467984 ], [ -0.1940282, 48.2467618 ], [ -0.1940825, 48.2470134 ], [ -0.1979876, 48.2472463 ], [ -0.1989963, 48.2474496 ], [ -0.2022992, 48.2488207 ], [ -0.202514, 48.2490265 ], [ -0.2023106, 48.2494958 ], [ -0.2024102, 48.2506475 ], [ -0.2029877, 48.2514306 ], [ -0.2041746, 48.252434 ], [ -0.2045446, 48.2530426 ], [ -0.2049033, 48.2533742 ], [ -0.2051601, 48.2539174 ], [ -0.2049368, 48.2550347 ], [ -0.2040063, 48.2564314 ], [ -0.2035636, 48.2575105 ], [ -0.2029938, 48.2583652 ], [ -0.2030552, 48.2593748 ], [ -0.2031908, 48.2596538 ], [ -0.2033809, 48.261138099999989 ], [ -0.2044241, 48.2621265 ], [ -0.2029715, 48.2636562 ], [ -0.2010451, 48.265223 ], [ -0.2006056, 48.2659373 ], [ -0.2002086, 48.2663514 ], [ -0.2005218, 48.2688877 ], [ -0.2007185, 48.269194 ], [ -0.2001259, 48.2705193 ], [ -0.2001015, 48.2712269 ], [ -0.2002196, 48.2718621 ], [ -0.2008411, 48.2730772 ], [ -0.2012776, 48.2736462 ], [ -0.2017146, 48.2736226 ], [ -0.2020592, 48.2734989 ], [ -0.2022881, 48.2736485 ], [ -0.2026732, 48.2734373 ], [ -0.2027762, 48.2732454 ], [ -0.2030149, 48.2731777 ], [ -0.2031408, 48.2728753 ], [ -0.2038432, 48.2725141 ], [ -0.2039179, 48.2722995 ], [ -0.2041062, 48.2722242 ], [ -0.2043902, 48.2722813 ], [ -0.2051707, 48.272094499999987 ], [ -0.2050835, 48.2719042 ], [ -0.2052713, 48.2717541 ], [ -0.2050705, 48.2716902 ], [ -0.2051432, 48.2715766 ], [ -0.2054303, 48.2716399 ], [ -0.2061134, 48.2714269 ], [ -0.2064479, 48.2716492 ], [ -0.206804, 48.2714937 ], [ -0.2072357, 48.2715612 ], [ -0.2074734, 48.2714557 ], [ -0.2075304, 48.2716388 ], [ -0.2078069, 48.2716151 ], [ -0.2079276, 48.2714488 ], [ -0.2076114, 48.2712845 ], [ -0.2079109, 48.2710864 ], [ -0.208168, 48.2711667 ], [ -0.2082276, 48.2709481 ], [ -0.2085245, 48.2709517 ], [ -0.2085871, 48.2708501 ], [ -0.2089827, 48.2710113 ], [ -0.2091458, 48.2707206 ], [ -0.2094646, 48.2709505 ], [ -0.2098281, 48.2706291 ], [ -0.2096205, 48.2704096 ], [ -0.2101806, 48.270127 ], [ -0.2102962, 48.2699887 ], [ -0.2104851, 48.2699899 ], [ -0.2107746, 48.2701577 ], [ -0.2108761, 48.2701414 ], [ -0.2109256, 48.2700455 ], [ -0.2108228, 48.2699303 ], [ -0.21117, 48.2693203 ], [ -0.2116103, 48.2690643 ], [ -0.2116532, 48.268883 ], [ -0.2117768, 48.2688085 ], [ -0.2123768, 48.2688273 ], [ -0.2128846, 48.2684623 ], [ -0.2136015, 48.2683627 ], [ -0.2139243, 48.2684134 ], [ -0.2143345, 48.26835 ], [ -0.214845, 48.2683829 ], [ -0.2151578, 48.2682925 ], [ -0.2154564, 48.2683897 ], [ -0.2156565, 48.2683095 ], [ -0.2158946, 48.2683201 ], [ -0.216105, 48.2684756 ], [ -0.2166114, 48.268596 ], [ -0.2170923, 48.2689395 ], [ -0.217602, 48.2691796 ], [ -0.2186919, 48.2702836 ], [ -0.2195838, 48.2709518 ], [ -0.2198844, 48.2710139 ], [ -0.2200488, 48.2709022 ], [ -0.2210974, 48.2707557 ], [ -0.2219012, 48.2712399 ], [ -0.2226283, 48.2713939 ], [ -0.2233549, 48.2716955 ], [ -0.2236571, 48.2720052 ], [ -0.2237461, 48.2730194 ], [ -0.2243963, 48.2734159 ], [ -0.224773, 48.2734659 ], [ -0.2250992, 48.2733526 ], [ -0.2251762, 48.2734639 ], [ -0.2253633, 48.2734796 ], [ -0.2263358, 48.2733684 ], [ -0.2267093, 48.273541 ], [ -0.2269877, 48.2739017 ], [ -0.2273175, 48.2740016 ], [ -0.228286, 48.2738023 ], [ -0.2282433, 48.2736342 ], [ -0.2285109, 48.2735323 ], [ -0.2291688, 48.2735693 ], [ -0.2292917, 48.2736821 ], [ -0.229543, 48.2736896 ], [ -0.2307358, 48.2731672 ], [ -0.2312942, 48.273187 ], [ -0.2316555, 48.2730745 ], [ -0.2318765, 48.2731801 ], [ -0.2338022, 48.2731716 ], [ -0.2344394, 48.272323 ], [ -0.2349812, 48.2724036 ], [ -0.2354945, 48.272612 ], [ -0.2369031, 48.2736936 ], [ -0.2381561, 48.2742167 ], [ -0.2391893, 48.2757508 ], [ -0.2395558, 48.2765116 ], [ -0.2397472, 48.2766198 ], [ -0.2401698, 48.2766911 ], [ -0.241315, 48.2767335 ], [ -0.2416187, 48.2768225 ], [ -0.242037, 48.2771757 ], [ -0.2428202, 48.2782618 ], [ -0.2427204, 48.2786122 ], [ -0.243554, 48.27975 ], [ -0.2436806, 48.2808632 ], [ -0.2447658, 48.2806965 ], [ -0.2474429, 48.2806167 ], [ -0.2507091, 48.2796103 ], [ -0.2520355, 48.2789578 ], [ -0.2528081, 48.2786673 ], [ -0.2538177, 48.2785009 ], [ -0.2561778, 48.2782693 ], [ -0.2610234, 48.2783735 ], [ -0.2622388, 48.27872 ], [ -0.2635201, 48.2787368 ], [ -0.2647383, 48.2788446 ], [ -0.2667707, 48.278790199999989 ], [ -0.2678514, 48.2788567 ], [ -0.2703664, 48.279296 ], [ -0.2722568, 48.2793436 ], [ -0.2750357, 48.2796872 ], [ -0.2772624, 48.2797183 ], [ -0.2768239, 48.2827553 ], [ -0.2772035, 48.2842369 ], [ -0.2785161, 48.2845805 ], [ -0.2784228, 48.2848145 ], [ -0.2801732, 48.285581 ], [ -0.281271, 48.2850084 ], [ -0.2820836, 48.2863573 ], [ -0.2829491, 48.2863441 ], [ -0.283131, 48.2864048 ], [ -0.283428, 48.2868189 ], [ -0.284383, 48.2874416 ], [ -0.2846917, 48.2878473 ], [ -0.2849503, 48.288706399999988 ], [ -0.2844859, 48.2895469 ], [ -0.2843294, 48.2900654 ], [ -0.2836507, 48.2906507 ], [ -0.2833895, 48.2910281 ], [ -0.2829796, 48.291315 ], [ -0.2826392, 48.2920232 ], [ -0.2824847, 48.2925985 ], [ -0.2833272, 48.2935575 ], [ -0.2833093, 48.2939624 ], [ -0.2828845, 48.2948107 ], [ -0.2826664, 48.29495 ], [ -0.2824689, 48.294942 ], [ -0.2815789, 48.2952558 ], [ -0.2811609, 48.2953277 ], [ -0.2802914, 48.295970499999989 ], [ -0.2801991, 48.2962441 ], [ -0.2799537, 48.296377 ], [ -0.2795602, 48.2967976 ], [ -0.2791097, 48.2970406 ], [ -0.2788476, 48.2970146 ], [ -0.2777817, 48.2973008 ], [ -0.2761639, 48.2975878 ], [ -0.274953, 48.2979293 ], [ -0.2746645, 48.2980643 ], [ -0.2744123, 48.2983063 ], [ -0.2740366, 48.2984284 ], [ -0.2762523, 48.2998321 ], [ -0.2766703, 48.3002393 ], [ -0.2772892, 48.3002942 ], [ -0.2778885, 48.300491 ], [ -0.2780391, 48.3008281 ], [ -0.2802304, 48.3017723 ], [ -0.2833402, 48.3028351 ], [ -0.2844971, 48.3034 ], [ -0.2855533, 48.3035841 ], [ -0.2858479, 48.303331 ], [ -0.2863605, 48.3033474 ], [ -0.2872873, 48.303188299999988 ], [ -0.2874222, 48.3032305 ], [ -0.2874887, 48.3034529 ], [ -0.2878765, 48.303416 ], [ -0.2892592, 48.3030362 ], [ -0.2905928, 48.3024751 ], [ -0.2911277, 48.301964 ], [ -0.2917801, 48.30046 ], [ -0.2926821, 48.2997775 ], [ -0.2925155, 48.2995732 ], [ -0.2931624, 48.2994283 ], [ -0.2945118, 48.2999418 ], [ -0.2978886, 48.3004808 ], [ -0.2993735, 48.3005285 ], [ -0.3047719, 48.2997915 ], [ -0.306263, 48.2994437 ], [ -0.308848, 48.2986987 ], [ -0.3101211, 48.2984893 ], [ -0.3107812, 48.2988562 ], [ -0.3108641, 48.2990592 ], [ -0.312097, 48.3001216 ], [ -0.312166, 48.3003177 ], [ -0.3119818, 48.3007569 ], [ -0.3119185, 48.3013396 ], [ -0.3120532, 48.3014853 ], [ -0.3127518, 48.3017764 ], [ -0.3131205, 48.3020803 ], [ -0.3152702, 48.3016239 ], [ -0.3162959, 48.3012799 ], [ -0.316514, 48.3013774 ], [ -0.317198, 48.3013735 ], [ -0.317483, 48.3013124 ], [ -0.3180314, 48.301039499999987 ], [ -0.3202313, 48.3017882 ], [ -0.3213555, 48.3040539 ], [ -0.321986, 48.3051042 ], [ -0.3230568, 48.3055595 ], [ -0.3240539, 48.3057242 ], [ -0.3259143, 48.3063707 ], [ -0.3266775, 48.3085789 ], [ -0.3274573, 48.3081662 ], [ -0.3284784, 48.3083473 ], [ -0.3308942, 48.3090429 ], [ -0.3321156, 48.3092724 ], [ -0.3334099, 48.3093115 ], [ -0.3336938, 48.3091261 ], [ -0.3348626, 48.3091427 ], [ -0.3355405, 48.3086139 ], [ -0.3351862, 48.3081574 ], [ -0.3356517, 48.3078552 ], [ -0.3359137, 48.3079856 ], [ -0.3372241, 48.3078091 ], [ -0.3373918, 48.3081132 ], [ -0.3379112, 48.3083849 ], [ -0.3384551, 48.3083822 ], [ -0.339218, 48.3081518 ], [ -0.3394231, 48.308001 ], [ -0.3408014, 48.308406 ], [ -0.3411816, 48.3082071 ], [ -0.3450825, 48.3092216 ], [ -0.345595, 48.3092359 ], [ -0.3458347, 48.3088662 ], [ -0.3483143, 48.3091383 ], [ -0.3502338, 48.3094549 ], [ -0.35179, 48.3095991 ], [ -0.3539098, 48.3095633 ], [ -0.3552891, 48.3094296 ], [ -0.3556766, 48.3096636 ], [ -0.3573179, 48.309554 ], [ -0.357821, 48.309781 ], [ -0.3588099, 48.3093684 ], [ -0.3600365, 48.3091913 ], [ -0.3620518, 48.3090836 ], [ -0.364586, 48.3085829 ], [ -0.365887, 48.3080911 ], [ -0.3673358, 48.307759 ], [ -0.3677665, 48.307591 ], [ -0.3678658, 48.3076251 ], [ -0.3696179, 48.3068214 ], [ -0.369817, 48.3065573 ], [ -0.3702118, 48.3069693 ], [ -0.3702906, 48.3082846 ], [ -0.370872, 48.3092262 ], [ -0.3727128, 48.3102507 ], [ -0.3735003, 48.3102787 ], [ -0.3738969, 48.3105484 ], [ -0.3742662, 48.3111493 ], [ -0.3747499, 48.3115345 ], [ -0.3753056, 48.3118212 ], [ -0.3755467, 48.3117288 ], [ -0.3758699, 48.3117583 ], [ -0.3769969, 48.311627 ], [ -0.3788232, 48.3116028 ], [ -0.3795099, 48.3116795 ], [ -0.3804071, 48.3116287 ], [ -0.3806836, 48.3115406 ], [ -0.3806501, 48.3113552 ], [ -0.3807777, 48.3112606 ], [ -0.3819225, 48.3110297 ], [ -0.3826462, 48.3110739 ], [ -0.3833647, 48.3113505 ], [ -0.3840194, 48.3114129 ], [ -0.3844426, 48.3116547 ], [ -0.3849819, 48.312357 ], [ -0.3851895, 48.3131282 ], [ -0.3854104, 48.3133525 ], [ -0.3875217, 48.3137675 ], [ -0.3885138, 48.314184 ], [ -0.389556, 48.3144351 ], [ -0.3902126, 48.314736 ], [ -0.3914457, 48.3150572 ], [ -0.3922636, 48.3154507 ], [ -0.3926159, 48.3157216 ], [ -0.3932132, 48.3166095 ], [ -0.3938735, 48.3167158 ], [ -0.3942661, 48.3166685 ], [ -0.3945556, 48.3159875 ], [ -0.3952052, 48.315591499999989 ], [ -0.3958032, 48.3155698 ], [ -0.3969582, 48.315307 ], [ -0.397415, 48.3154812 ], [ -0.397845, 48.3150735 ], [ -0.397771, 48.3147857 ], [ -0.3979559, 48.3145543 ], [ -0.3981126, 48.3140536 ], [ -0.3982718, 48.3139464 ], [ -0.3981938, 48.3137838 ], [ -0.3983557, 48.3136369 ], [ -0.3999018, 48.3134736 ], [ -0.4004105, 48.313594099999989 ], [ -0.4008475, 48.3135662 ], [ -0.4011621, 48.3136715 ], [ -0.4019909, 48.3135432 ], [ -0.4022756, 48.3134585 ], [ -0.4027172, 48.3128965 ], [ -0.4043288, 48.3122638 ], [ -0.404579, 48.3124791 ], [ -0.4052706, 48.3146547 ], [ -0.4091065, 48.3181186 ], [ -0.4095563, 48.3184145 ], [ -0.4082207, 48.3199533 ], [ -0.4102393, 48.3204319 ], [ -0.4102553, 48.3214292 ], [ -0.41003, 48.3238708 ], [ -0.4107006, 48.325404899999988 ], [ -0.4120153, 48.3252499 ], [ -0.4133798, 48.3249882 ], [ -0.4147688, 48.3250003 ], [ -0.4145733, 48.3256291 ], [ -0.4145241, 48.3282845 ], [ -0.4140537, 48.3283404 ], [ -0.4139263, 48.3284782 ], [ -0.4140055, 48.3287011 ], [ -0.4145776, 48.3293177 ], [ -0.4153193, 48.3293008 ], [ -0.415595, 48.3294288 ], [ -0.4161443, 48.3309007 ], [ -0.416337, 48.3319758 ], [ -0.4184204, 48.3322578 ], [ -0.4191393, 48.3324514 ], [ -0.4197894, 48.3325208 ], [ -0.421369, 48.332158199999988 ], [ -0.4215057, 48.3320597 ], [ -0.4217606, 48.3320532 ], [ -0.4224455, 48.3320973 ], [ -0.422521, 48.3322203 ], [ -0.4230872, 48.3322661 ], [ -0.4246881, 48.332191 ], [ -0.4251842, 48.3322604 ], [ -0.4255078, 48.3324374 ], [ -0.4269402, 48.3325535 ], [ -0.4271812, 48.3326456 ], [ -0.427279, 48.3325086 ], [ -0.4271285, 48.332313 ], [ -0.4272681, 48.3322379 ], [ -0.4275123, 48.3322344 ], [ -0.4275994, 48.332348 ], [ -0.4278252, 48.3323721 ], [ -0.4285669, 48.3323551 ], [ -0.4293417, 48.3317068 ], [ -0.4301508, 48.3316878 ], [ -0.4313732, 48.3319793 ], [ -0.4315462, 48.3321049 ], [ -0.4316223, 48.3324449 ], [ -0.4324997, 48.3324789 ], [ -0.4326301, 48.3323859 ], [ -0.4337075, 48.3323601 ], [ -0.434175, 48.3322592 ], [ -0.4349528, 48.3319259 ], [ -0.4362835, 48.3315802 ], [ -0.4359718, 48.3307778 ], [ -0.4375276, 48.33024 ], [ -0.4391926, 48.3311877 ], [ -0.4401077, 48.3312196 ], [ -0.4416622, 48.3365057 ], [ -0.4417021, 48.3370323 ], [ -0.4414072, 48.3380378 ], [ -0.4405842, 48.3391055 ], [ -0.4390522, 48.3406728 ], [ -0.4390199, 48.341088 ], [ -0.438626, 48.3417569 ], [ -0.4385386, 48.3430868 ], [ -0.4397132, 48.3438407 ], [ -0.4397222, 48.3442268 ], [ -0.4398489, 48.3445113 ], [ -0.4411703, 48.3460011 ], [ -0.4434735, 48.3477325 ], [ -0.4441315, 48.3484563 ], [ -0.4442795, 48.3489825 ], [ -0.4442482, 48.3496606 ], [ -0.4429984, 48.353147 ], [ -0.4432592, 48.353106 ], [ -0.4435463, 48.3529509 ] ] ] ] } },
{ "type": "Feature", "properties": { "code_departement": 53.0, "code_rne": "0530005T", "multisecteur": 0.0 }, "geometry": { "type": "MultiPolygon", "coordinates": [ [ [ [ -1.0160785, 47.8355231 ], [ -1.0142761, 47.8355119 ], [ -1.0097261, 47.8350062 ], [ -1.0074751, 47.834903 ], [ -1.0057187, 47.8346305 ], [ -1.0027593, 47.8343613 ], [ -1.0015001, 47.8339564 ], [ -1.0004919, 47.8339863 ], [ -1.0006603, 47.8333615 ], [ -1.0013693, 47.8326281 ], [ -1.0014187, 47.8323245 ], [ -1.0008857, 47.8314136 ], [ -1.0000401, 47.8312748 ], [ -0.9993772, 47.8295618 ], [ -1.0005149, 47.8292806 ], [ -1.0007777, 47.8290382 ], [ -1.0012463, 47.8282941 ], [ -1.002548, 47.8274719 ], [ -1.0044635, 47.8268396 ], [ -1.0054049, 47.8263686 ], [ -1.0056176, 47.8260666 ], [ -1.0057821, 47.8260475 ], [ -1.0067893, 47.8248172 ], [ -1.0071498, 47.8245751 ], [ -1.0073818, 47.8234118 ], [ -1.0066392, 47.8224892 ], [ -1.0069421, 47.81987 ], [ -1.0076066, 47.817716 ], [ -1.0079375, 47.8156815 ], [ -1.0078339, 47.8145036 ], [ -1.0082247, 47.813654 ], [ -1.0087314, 47.8128688 ], [ -1.0090852, 47.8125395 ], [ -1.0107198, 47.8098593 ], [ -1.0109624, 47.808411799999988 ], [ -1.0104859, 47.8061752 ], [ -1.0111563, 47.8040858 ], [ -1.0116319, 47.8011011 ], [ -1.012989, 47.8013772 ], [ -1.013055, 47.8019679 ], [ -1.0135337, 47.8019839 ], [ -1.0155459, 47.8018492 ], [ -1.0155256, 47.801349699999989 ], [ -1.0171892, 47.8012566 ], [ -1.0174745, 47.8004835 ], [ -1.0184476, 47.7989704 ], [ -1.0187274, 47.7981073 ], [ -1.0187369, 47.7972067 ], [ -1.021243, 47.7931356 ], [ -1.0197929, 47.7927943 ], [ -1.0182403, 47.7927079 ], [ -1.0171013, 47.7929426 ], [ -1.0163129, 47.7929345 ], [ -1.0161329, 47.7929938 ], [ -1.0152664, 47.7928009 ], [ -1.0148194, 47.792956 ], [ -1.0146551, 47.7929409 ], [ -1.0142078, 47.7927561 ], [ -1.0130287, 47.7931165 ], [ -1.0122807, 47.793074499999989 ], [ -1.011783, 47.7929131 ], [ -1.0112554, 47.7929393 ], [ -1.0109775, 47.7928362 ], [ -1.0104283, 47.7927892 ], [ -1.0099098, 47.7928827 ], [ -1.0093784, 47.7927702 ], [ -1.0083044, 47.7927872 ], [ -1.0074701, 47.792364199999987 ], [ -1.0069896, 47.791666 ], [ -1.0063126, 47.7911647 ], [ -1.0054577, 47.790717199999989 ], [ -1.0044787, 47.7903425 ], [ -1.0042871, 47.7903193 ], [ -1.0038809, 47.7907333 ], [ -1.0036315, 47.7907067 ], [ -1.0032154, 47.7905083 ], [ -1.0027681, 47.7905533 ], [ -1.002442, 47.7904842 ], [ -1.0016954, 47.7902133 ], [ -1.0008992, 47.7902594 ], [ -1.0007929, 47.7901621 ], [ -1.0007216, 47.7897824 ], [ -1.000848, 47.7889752 ], [ -1.0012108, 47.7884824 ], [ -1.0016859, 47.7880787 ], [ -1.001656, 47.7878058 ], [ -1.0023715, 47.7875227 ], [ -1.0021239, 47.7872716 ], [ -1.0018551, 47.7864886 ], [ -1.0018975, 47.7861637 ], [ -1.0008963, 47.785476 ], [ -1.0008733, 47.7851164 ], [ -1.0013128, 47.7848805 ], [ -1.0012091, 47.7840703 ], [ -1.001008, 47.7839033 ], [ -1.0000587, 47.7836383 ], [ -0.9996401, 47.7832282 ], [ -0.9980631, 47.7824385 ], [ -0.9974932, 47.782380499999988 ], [ -0.9966034, 47.7824253 ], [ -0.9961982, 47.782531 ], [ -0.9959391, 47.7828021 ], [ -0.9955576, 47.7827782 ], [ -0.9951652, 47.7832683 ], [ -0.9949183, 47.7833813 ], [ -0.9946288, 47.783675 ], [ -0.9933166, 47.7844344 ], [ -0.9927806, 47.7845437 ], [ -0.9911583, 47.7845558 ], [ -0.9908521, 47.7845023 ], [ -0.9905894, 47.7842805 ], [ -0.9894697, 47.7840069 ], [ -0.9894225, 47.7834308 ], [ -0.9897478, 47.7832756 ], [ -0.98947, 47.7830129 ], [ -0.989055, 47.7830766 ], [ -0.9884608, 47.783515 ], [ -0.9876151, 47.7834537 ], [ -0.9871435, 47.7837257 ], [ -0.9861912, 47.7837941 ], [ -0.9856657, 47.7839355 ], [ -0.9851224, 47.784197299999988 ], [ -0.9847067, 47.7841998 ], [ -0.9840319, 47.784384 ], [ -0.9833223, 47.7841757 ], [ -0.9827965, 47.7835817 ], [ -0.9823644, 47.7835252 ], [ -0.9820258, 47.7835926 ], [ -0.9816996, 47.7835045 ], [ -0.9814029, 47.7828811 ], [ -0.9812558, 47.7827735 ], [ -0.980243, 47.7826042 ], [ -0.9800649, 47.7830113 ], [ -0.9797847, 47.7831623 ], [ -0.9793146, 47.7829377 ], [ -0.9787318, 47.7824033 ], [ -0.9784893, 47.7824151 ], [ -0.9780533, 47.7826102 ], [ -0.9778808, 47.7829315 ], [ -0.9774388, 47.7830825 ], [ -0.9760411, 47.783076 ], [ -0.975622, 47.7831929 ], [ -0.9753903, 47.7830629 ], [ -0.9751132, 47.7832381 ], [ -0.974714, 47.7831562 ], [ -0.9742885, 47.783277 ], [ -0.9735998, 47.7831507 ], [ -0.9728603, 47.7832741 ], [ -0.9724806, 47.783132 ], [ -0.9722022, 47.7832883 ], [ -0.9721926, 47.7841087 ], [ -0.970996, 47.7841646 ], [ -0.9704654, 47.7853676 ], [ -0.9710111, 47.7854762 ], [ -0.9708951, 47.7862867 ], [ -0.9707675, 47.7865469 ], [ -0.9698701, 47.7868675 ], [ -0.9690817, 47.7872692 ], [ -0.9680964, 47.7875224 ], [ -0.9668847, 47.78838 ], [ -0.9660269, 47.7891245 ], [ -0.9659349, 47.789325 ], [ -0.9655204, 47.7897022 ], [ -0.9646592, 47.7902757 ], [ -0.9636618, 47.7917126 ], [ -0.9632103, 47.7920964 ], [ -0.9627648, 47.7921836 ], [ -0.9624732, 47.7921646 ], [ -0.9616821, 47.7924059 ], [ -0.9620414, 47.792848799999987 ], [ -0.9624214, 47.7935875 ], [ -0.9620438, 47.793922 ], [ -0.961415, 47.7940442 ], [ -0.9612277, 47.7958195 ], [ -0.9610237, 47.7961697 ], [ -0.9605854, 47.7964973 ], [ -0.9604638, 47.7964266 ], [ -0.9597544, 47.796419 ], [ -0.9591827, 47.796177 ], [ -0.9587336, 47.795875 ], [ -0.9579785, 47.7957032 ], [ -0.9572676, 47.7953334 ], [ -0.9560857, 47.7950868 ], [ -0.955196, 47.7949916 ], [ -0.9548598, 47.7951111 ], [ -0.953053, 47.7964229 ], [ -0.9526697, 47.7965737 ], [ -0.9522551, 47.7965922 ], [ -0.9514079, 47.7963496 ], [ -0.9495849, 47.7954477 ], [ -0.948323, 47.7950947 ], [ -0.9477187, 47.7947195 ], [ -0.9474281, 47.7939218 ], [ -0.9474512, 47.7934218 ], [ -0.9472104, 47.7930974 ], [ -0.9454283, 47.7921311 ], [ -0.9445636, 47.7919043 ], [ -0.9435658, 47.7914864 ], [ -0.9432389, 47.7912073 ], [ -0.9429384, 47.7907082 ], [ -0.9426004, 47.7897563 ], [ -0.9425494, 47.789357 ], [ -0.9426594, 47.7888207 ], [ -0.9425428, 47.7886012 ], [ -0.9414769, 47.7882378 ], [ -0.9396487, 47.7879461 ], [ -0.9392091, 47.7880411 ], [ -0.9388484, 47.7885146 ], [ -0.9386563, 47.7886103 ], [ -0.9383351, 47.7885887 ], [ -0.9378511, 47.7883725 ], [ -0.9370669, 47.7884917 ], [ -0.9368206, 47.788469299999988 ], [ -0.9365397, 47.7882697 ], [ -0.9364626, 47.7880948 ], [ -0.9364971, 47.7871339 ], [ -0.9363068, 47.7870024 ], [ -0.9355141, 47.7869696 ], [ -0.9352742, 47.7868713 ], [ -0.9352361, 47.7866815 ], [ -0.9354164, 47.7859924 ], [ -0.9352488, 47.785534 ], [ -0.9338964, 47.7861588 ], [ -0.9334322, 47.7865718 ], [ -0.9325616, 47.7866065 ], [ -0.9321997, 47.7867025 ], [ -0.9321395, 47.787028 ], [ -0.9320002, 47.7871156 ], [ -0.9317833, 47.7871472 ], [ -0.9312936, 47.7870708 ], [ -0.9308208, 47.7871516 ], [ -0.9304153, 47.7876707 ], [ -0.9303659, 47.7879788 ], [ -0.9300642, 47.7882935 ], [ -0.9300946, 47.788506 ], [ -0.9306249, 47.7890947 ], [ -0.930755, 47.7895166 ], [ -0.9310219, 47.7896536 ], [ -0.9311203, 47.789863 ], [ -0.9313934, 47.789958299999988 ], [ -0.9313821, 47.790112799999989 ], [ -0.9311476, 47.7902865 ], [ -0.9314175, 47.790664 ], [ -0.9313876, 47.7910002 ], [ -0.9316015, 47.7911814 ], [ -0.9320761, 47.791252 ], [ -0.9325795, 47.7918208 ], [ -0.932459, 47.792143 ], [ -0.9325775, 47.7924445 ], [ -0.9320332, 47.7929503 ], [ -0.9321731, 47.793648399999988 ], [ -0.9321232, 47.793715 ], [ -0.9317105, 47.7936315 ], [ -0.9311948, 47.7934398 ], [ -0.9302723, 47.7928814 ], [ -0.9293362, 47.7920135 ], [ -0.9289051, 47.7915179 ], [ -0.9275668, 47.7894767 ], [ -0.9265445, 47.7886522 ], [ -0.9250593, 47.7877513 ], [ -0.92428, 47.7873746 ], [ -0.9231668, 47.7866406 ], [ -0.922156, 47.7854083 ], [ -0.9204908, 47.7844584 ], [ -0.9190106, 47.783369 ], [ -0.9162589, 47.782714 ], [ -0.914379, 47.7823876 ], [ -0.9101001, 47.781998 ], [ -0.9087963, 47.7816135 ], [ -0.9081145, 47.7813056 ], [ -0.9066376, 47.7803285 ], [ -0.904916, 47.7794596 ], [ -0.9023361, 47.7780074 ], [ -0.9003741, 47.7769572 ], [ -0.89914, 47.776409 ], [ -0.8982867, 47.7759111 ], [ -0.8977597, 47.7754871 ], [ -0.8975389, 47.7754116 ], [ -0.8968751, 47.7753832 ], [ -0.896557, 47.7752559 ], [ -0.8963292, 47.7749562 ], [ -0.896017, 47.7747648 ], [ -0.8952415, 47.7746347 ], [ -0.895211, 47.7741815 ], [ -0.8942734, 47.7705226 ], [ -0.8941953, 47.7705513 ], [ -0.8941325, 47.770113699999989 ], [ -0.893384, 47.7685445 ], [ -0.8933433, 47.7672942 ], [ -0.8935073, 47.765901 ], [ -0.8934892, 47.7635163 ], [ -0.8895919, 47.7639009 ], [ -0.8886516, 47.7639276 ], [ -0.8869378, 47.7642144 ], [ -0.8836956, 47.7637597 ], [ -0.8809557, 47.7635217 ], [ -0.8784732, 47.7630913 ], [ -0.8737997, 47.7619016 ], [ -0.8702819, 47.7613278 ], [ -0.8692856, 47.7608597 ], [ -0.8681709, 47.7605271 ], [ -0.8649854, 47.7592843 ], [ -0.8636605, 47.759037 ], [ -0.861268, 47.7584239 ], [ -0.8579036, 47.757841899999988 ], [ -0.8546744, 47.756931 ], [ -0.8520029, 47.7563557 ], [ -0.8470434, 47.7548149 ], [ -0.8436121, 47.7538743 ], [ -0.8410241, 47.752823 ], [ -0.8394807, 47.7523032 ], [ -0.8391837, 47.753151 ], [ -0.8391365, 47.7555702 ], [ -0.8389479, 47.7571056 ], [ -0.8386564, 47.7580847 ], [ -0.8385355, 47.7596864 ], [ -0.8397346, 47.762988299999989 ], [ -0.8397076, 47.764021 ], [ -0.8393916, 47.7648829 ], [ -0.8391768, 47.7665182 ], [ -0.8393699, 47.7670453 ], [ -0.8400601, 47.7682743 ], [ -0.8372973, 47.7694778 ], [ -0.8353696, 47.7697149 ], [ -0.8354357, 47.7735793 ], [ -0.8359745, 47.7736545 ], [ -0.8367308, 47.7762447 ], [ -0.8368212, 47.7777573 ], [ -0.8370958, 47.7777835 ], [ -0.8377587, 47.7780771 ], [ -0.8400059, 47.778818 ], [ -0.8423065, 47.7791669 ], [ -0.8437033, 47.7796635 ], [ -0.844156, 47.779546 ], [ -0.8446171, 47.7792668 ], [ -0.8452616, 47.7790104 ], [ -0.8456193, 47.7791311 ], [ -0.8456529, 47.7794112 ], [ -0.8453283, 47.7797291 ], [ -0.8453003, 47.7801554 ], [ -0.8453876, 47.7802345 ], [ -0.8458466, 47.7802969 ], [ -0.8458865, 47.7803857 ], [ -0.8454929, 47.7808213 ], [ -0.8456093, 47.7811004 ], [ -0.8452245, 47.7814734 ], [ -0.8453945, 47.7822897 ], [ -0.8453738, 47.7827616 ], [ -0.845872, 47.7839005 ], [ -0.8463837, 47.7846162 ], [ -0.845951, 47.7850116 ], [ -0.8458362, 47.785365899999988 ], [ -0.8460422, 47.7856628 ], [ -0.8463145, 47.7857494 ], [ -0.8466647, 47.7860064 ], [ -0.8467609, 47.7865601 ], [ -0.8466453, 47.7879002 ], [ -0.8468816, 47.7888936 ], [ -0.8455791, 47.789113 ], [ -0.8443929, 47.7891474 ], [ -0.8430168, 47.7889412 ], [ -0.8391338, 47.789422699999989 ], [ -0.8390642, 47.7897918 ], [ -0.8392199, 47.7903552 ], [ -0.8398006, 47.791176 ], [ -0.8398676, 47.7921776 ], [ -0.8404498, 47.7926109 ], [ -0.8408299, 47.7930408 ], [ -0.8416142, 47.7935873 ], [ -0.8419904, 47.7943337 ], [ -0.842274, 47.7946127 ], [ -0.839941, 47.7954714 ], [ -0.8396497, 47.7968254 ], [ -0.8405446, 47.7971249 ], [ -0.8408376, 47.7974974 ], [ -0.8405679, 47.7992624 ], [ -0.8400565, 47.8011616 ], [ -0.8410921, 47.8013718 ], [ -0.8415629, 47.8022601 ], [ -0.8416921, 47.8038445 ], [ -0.8424761, 47.8050695 ], [ -0.8438957, 47.8048715 ], [ -0.8441696, 47.8049238 ], [ -0.8446552, 47.8052025 ], [ -0.8459876, 47.8066663 ], [ -0.8462424, 47.807395 ], [ -0.8466757, 47.8078196 ], [ -0.8461733, 47.8090661 ], [ -0.8456701, 47.809635 ], [ -0.8452113, 47.8104493 ], [ -0.8502026, 47.8133923 ], [ -0.8509314, 47.813499 ], [ -0.8535475, 47.8133066 ], [ -0.852954, 47.8166349 ], [ -0.8520876, 47.8176384 ], [ -0.8528558, 47.8176789 ], [ -0.8532624, 47.8190433 ], [ -0.8549761, 47.8197609 ], [ -0.8561563, 47.8200942 ], [ -0.8563644, 47.8195701 ], [ -0.858935, 47.8200739 ], [ -0.8583624, 47.8216039 ], [ -0.8583789, 47.8235271 ], [ -0.8605298, 47.8238681 ], [ -0.8606398, 47.8252161 ], [ -0.8610406, 47.8257967 ], [ -0.8613084, 47.8269422 ], [ -0.8626893, 47.8271444 ], [ -0.8626952, 47.8277768 ], [ -0.8628119, 47.8279838 ], [ -0.8633487, 47.8283914 ], [ -0.8641582, 47.8287396 ], [ -0.8644139, 47.8301945 ], [ -0.8648321, 47.830204099999989 ], [ -0.8651073, 47.8314124 ], [ -0.8666414, 47.8311807 ], [ -0.8666428, 47.8336631 ], [ -0.8669268, 47.833925 ], [ -0.8688553, 47.8348624 ], [ -0.869138, 47.8351243 ], [ -0.8688754, 47.8363702 ], [ -0.8694947, 47.8368057 ], [ -0.8695436, 47.8369446 ], [ -0.8704482, 47.8368886 ], [ -0.8717295, 47.8370788 ], [ -0.8729773, 47.8374151 ], [ -0.8731118, 47.8379378 ], [ -0.873702, 47.8383418 ], [ -0.8740877, 47.8388589 ], [ -0.8741689, 47.8391833 ], [ -0.8738801, 47.8395731 ], [ -0.8743474, 47.8399784 ], [ -0.8741531, 47.8409112 ], [ -0.876877, 47.8414825 ], [ -0.8775691, 47.8418687 ], [ -0.8780627, 47.8423047 ], [ -0.879803, 47.8434266 ], [ -0.8809646, 47.843845 ], [ -0.8809462, 47.844453799999989 ], [ -0.882447, 47.8445132 ], [ -0.8823901, 47.845035 ], [ -0.8822703, 47.8452273 ], [ -0.8821083, 47.8453363 ], [ -0.8811949, 47.8454764 ], [ -0.8810462, 47.8459869 ], [ -0.8804035, 47.8464974 ], [ -0.8803132, 47.8468744 ], [ -0.8799122, 47.8472112 ], [ -0.8775784, 47.848194 ], [ -0.8765028, 47.8487522 ], [ -0.8740328, 47.8497043 ], [ -0.8723114, 47.8506055 ], [ -0.8721425, 47.8507868 ], [ -0.8717456, 47.8509422 ], [ -0.8718694, 47.8514103 ], [ -0.8720586, 47.8514347 ], [ -0.8722876, 47.8513073 ], [ -0.8725689, 47.8513097 ], [ -0.8727683, 47.8515293 ], [ -0.8727588, 47.8517477 ], [ -0.8724564, 47.852392 ], [ -0.8720101, 47.8525689 ], [ -0.8714912, 47.8532006 ], [ -0.870976, 47.853296 ], [ -0.8706092, 47.8543606 ], [ -0.8706771, 47.8545953 ], [ -0.8702779, 47.8548122 ], [ -0.8701027, 47.8551261 ], [ -0.8714219, 47.8560152 ], [ -0.8724128, 47.8560725 ], [ -0.8725081, 47.8567542 ], [ -0.8708475, 47.8587509 ], [ -0.8698655, 47.8595879 ], [ -0.8704825, 47.859952299999989 ], [ -0.8704824, 47.8603722 ], [ -0.8706207, 47.8605253 ], [ -0.8709616, 47.8607745 ], [ -0.8715894, 47.8609926 ], [ -0.8715014, 47.8613099 ], [ -0.8715381, 47.8630072 ], [ -0.8705658, 47.8630781 ], [ -0.8691095, 47.8633433 ], [ -0.8679115, 47.8634216 ], [ -0.8672151, 47.8637509 ], [ -0.8663204, 47.863821 ], [ -0.8652165, 47.8631338 ], [ -0.8638278, 47.8627453 ], [ -0.8634785, 47.8622873 ], [ -0.8631428, 47.8621083 ], [ -0.8629243, 47.8618478 ], [ -0.8618449, 47.8619915 ], [ -0.8612349, 47.8623126 ], [ -0.860642, 47.8622609 ], [ -0.8596043, 47.8627952 ], [ -0.8592981, 47.8630963 ], [ -0.8597115, 47.8634783 ], [ -0.8597263, 47.8636823 ], [ -0.8596094, 47.863861 ], [ -0.8599234, 47.8641083 ], [ -0.859951, 47.864230899999988 ], [ -0.8592118, 47.8643958 ], [ -0.8587434, 47.8643805 ], [ -0.8588742, 47.8647439 ], [ -0.8587976, 47.8648509 ], [ -0.8582612, 47.8648947 ], [ -0.857546, 47.8646894 ], [ -0.8573415, 47.8648979 ], [ -0.8572083, 47.8649257 ], [ -0.8566362, 47.8645706 ], [ -0.8561592, 47.8645854 ], [ -0.8558056, 47.8647133 ], [ -0.8555303, 47.8645917 ], [ -0.8550414, 47.8645708 ], [ -0.8549269, 47.864653 ], [ -0.8550474, 47.8648004 ], [ -0.8549833, 47.8649881 ], [ -0.8544979, 47.8649049 ], [ -0.85403, 47.8651366 ], [ -0.8541006, 47.8655379 ], [ -0.8536929, 47.8662857 ], [ -0.8538938, 47.8667837 ], [ -0.8542091, 47.8668472 ], [ -0.8539322, 47.8673122 ], [ -0.8541931, 47.8674568 ], [ -0.8546682, 47.8674899 ], [ -0.85487, 47.8676328 ], [ -0.8548845, 47.8681829 ], [ -0.8548026, 47.8682532 ], [ -0.8545275, 47.868264 ], [ -0.854249, 47.8686705 ], [ -0.8537723, 47.8685042 ], [ -0.8523534, 47.8684012 ], [ -0.8519037, 47.8682935 ], [ -0.8505669, 47.868399499999988 ], [ -0.8500625, 47.8687207 ], [ -0.8495222, 47.8688781 ], [ -0.8497102, 47.869199 ], [ -0.8491572, 47.8695136 ], [ -0.84866, 47.8695822 ], [ -0.8481713, 47.8692873 ], [ -0.8479923, 47.869331 ], [ -0.8479384, 47.8695292 ], [ -0.8477663, 47.8694466 ], [ -0.8475825, 47.8694779 ], [ -0.8472683, 47.869762099999988 ], [ -0.8471405, 47.8703646 ], [ -0.846737, 47.870303 ], [ -0.8465906, 47.8701682 ], [ -0.8463291, 47.8701623 ], [ -0.8462694, 47.8702814 ], [ -0.8464038, 47.8704176 ], [ -0.8464102, 47.8706913 ], [ -0.8466562, 47.8707589 ], [ -0.8466473, 47.871043 ], [ -0.8460441, 47.8714232 ], [ -0.8456946, 47.8713869 ], [ -0.8457272, 47.8710597 ], [ -0.8455013, 47.8713068 ], [ -0.8448789, 47.8712731 ], [ -0.8447998, 47.8711613 ], [ -0.8450782, 47.8710305 ], [ -0.8449369, 47.8707982 ], [ -0.8450342, 47.8706265 ], [ -0.8449343, 47.8705406 ], [ -0.8445109, 47.8705193 ], [ -0.8439454, 47.8700522 ], [ -0.8433951, 47.8697566 ], [ -0.8430261, 47.869821 ], [ -0.8425997, 47.8697205 ], [ -0.8423039, 47.8698708 ], [ -0.8420805, 47.870317799999988 ], [ -0.8417768, 47.8704332 ], [ -0.8407887, 47.8712873 ], [ -0.83965, 47.871394 ], [ -0.8391797, 47.8712229 ], [ -0.8387695, 47.8711994 ], [ -0.8370123, 47.8721408 ], [ -0.836304, 47.8726073 ], [ -0.8357397, 47.8727663 ], [ -0.8353292, 47.8731086 ], [ -0.8347707, 47.8732755 ], [ -0.8346761, 47.8734679 ], [ -0.8348171, 47.8736029 ], [ -0.8346709, 47.8737293 ], [ -0.8343692, 47.8737239 ], [ -0.8340122, 47.8734175 ], [ -0.833269, 47.8739554 ], [ -0.8326984, 47.8747705 ], [ -0.8316803, 47.8752687 ], [ -0.8316358, 47.8758207 ], [ -0.8309207, 47.8762856 ], [ -0.8308561, 47.8765229 ], [ -0.8309808, 47.8767288 ], [ -0.830608, 47.8769815 ], [ -0.8305867, 47.8772813 ], [ -0.8308215, 47.8774539 ], [ -0.8314362, 47.877415799999987 ], [ -0.8316675, 47.877856 ], [ -0.8316422, 47.878284 ], [ -0.8315577, 47.8786165 ], [ -0.8311612, 47.8792836 ], [ -0.830359, 47.8802496 ], [ -0.8308424, 47.8805266 ], [ -0.8304556, 47.8808646 ], [ -0.8302234, 47.8816569 ], [ -0.8303437, 47.8819314 ], [ -0.8308499, 47.8823933 ], [ -0.8313078, 47.8825766 ], [ -0.8318529, 47.8829472 ], [ -0.8335179, 47.8835217 ], [ -0.833552, 47.883735 ], [ -0.833979, 47.8840643 ], [ -0.8373637, 47.8863766 ], [ -0.8376091, 47.8866217 ], [ -0.838162, 47.8867649 ], [ -0.8385735, 47.8873425 ], [ -0.8392398, 47.8877379 ], [ -0.8408012, 47.8881382 ], [ -0.841499, 47.8885434 ], [ -0.8439017, 47.8890719 ], [ -0.8431962, 47.8899294 ], [ -0.8435908, 47.8920294 ], [ -0.8443461, 47.8925426 ], [ -0.844622, 47.8928742 ], [ -0.8445636, 47.8931968 ], [ -0.8441125, 47.8938315 ], [ -0.8441284, 47.8941238 ], [ -0.8443987, 47.8945448 ], [ -0.8442693, 47.8947563 ], [ -0.845104, 47.8950524 ], [ -0.846294, 47.8957036 ], [ -0.8470241, 47.8959049 ], [ -0.847399, 47.8962161 ], [ -0.8473984, 47.8969099 ], [ -0.8469588, 47.8977758 ], [ -0.8465293, 47.898376399999989 ], [ -0.8465015, 47.8990459 ], [ -0.846608, 47.8993686 ], [ -0.8471248, 47.9000103 ], [ -0.8473094, 47.9003935 ], [ -0.8475376, 47.9010285 ], [ -0.8474929, 47.9015021 ], [ -0.8483358, 47.902279 ], [ -0.850318, 47.9030223 ], [ -0.8514398, 47.9036531 ], [ -0.8527099, 47.9042034 ], [ -0.8530539, 47.9044561 ], [ -0.8542529, 47.9047654 ], [ -0.8542834, 47.9049644 ], [ -0.854589, 47.9050941 ], [ -0.8560798, 47.9050847 ], [ -0.8565177, 47.9037161 ], [ -0.8574172, 47.9039794 ], [ -0.8585973, 47.903991 ], [ -0.8588892, 47.9035282 ], [ -0.8604035, 47.9037865 ], [ -0.8607092, 47.9040279 ], [ -0.8613914, 47.9041406 ], [ -0.8615003, 47.9039622 ], [ -0.8617874, 47.9039482 ], [ -0.8623467, 47.9041208 ], [ -0.8635992, 47.9042427 ], [ -0.8638006, 47.9038802 ], [ -0.8646323, 47.9040402 ], [ -0.8653642, 47.902369899999989 ], [ -0.8665679, 47.9009967 ], [ -0.8674382, 47.9014654 ], [ -0.8702844, 47.9009525 ], [ -0.8705801, 47.9005049 ], [ -0.8709519, 47.9004773 ], [ -0.8711558, 47.9003705 ], [ -0.8719238, 47.8986837 ], [ -0.8730195, 47.8968986 ], [ -0.8732161, 47.896802 ], [ -0.8734146, 47.897209 ], [ -0.8744993, 47.8976228 ], [ -0.8754603, 47.897828 ], [ -0.8757896, 47.8977505 ], [ -0.8761427, 47.8974298 ], [ -0.8777292, 47.8977432 ], [ -0.8812248, 47.8991332 ], [ -0.881581, 47.8993494 ], [ -0.8823259, 47.9001366 ], [ -0.8833984, 47.9007481 ], [ -0.8855497, 47.9025132 ], [ -0.8878749, 47.903431 ], [ -0.8895175, 47.9041956 ], [ -0.8906649, 47.9045828 ], [ -0.8915683, 47.9032518 ], [ -0.8921604, 47.9025915 ], [ -0.8936288, 47.9035006 ], [ -0.8941048, 47.9032127 ], [ -0.8952915, 47.9020731 ], [ -0.895379, 47.9016593 ], [ -0.8959321, 47.9004506 ], [ -0.8971757, 47.8990469 ], [ -0.8961603, 47.8986319 ], [ -0.8961728, 47.8983819 ], [ -0.8965087, 47.8978103 ], [ -0.8946347, 47.8971246 ], [ -0.8949879, 47.8961127 ], [ -0.8958738, 47.8942181 ], [ -0.896724, 47.8945944 ], [ -0.8969544, 47.895013 ], [ -0.8971785, 47.8951821 ], [ -0.8973621, 47.8951643 ], [ -0.8989074, 47.892253 ], [ -0.8991389, 47.8923408 ], [ -0.8994917, 47.8915623 ], [ -0.8998778, 47.8916395 ], [ -0.901178, 47.8903727 ], [ -0.9022323, 47.8908809 ], [ -0.9031744, 47.8894097 ], [ -0.9041834, 47.8895401 ], [ -0.9042551, 47.8900955 ], [ -0.9053267, 47.8901112 ], [ -0.9054402, 47.8905435 ], [ -0.9058053, 47.890571 ], [ -0.9063949, 47.89081 ], [ -0.9067616, 47.8907131 ], [ -0.9075123, 47.8897735 ], [ -0.9085691, 47.8887696 ], [ -0.9090186, 47.8885068 ], [ -0.9112203, 47.8886966 ], [ -0.911253, 47.8879764 ], [ -0.9116897, 47.8879952 ], [ -0.9117519, 47.887639 ], [ -0.9124074, 47.8875712 ], [ -0.9125137, 47.8875054 ], [ -0.9126354, 47.8869211 ], [ -0.9136328, 47.8857498 ], [ -0.9136661, 47.8853666 ], [ -0.9141211, 47.8851415 ], [ -0.9148079, 47.8849545 ], [ -0.9156614, 47.8851747 ], [ -0.9173073, 47.8853676 ], [ -0.9183515, 47.8855949 ], [ -0.9189659, 47.8861691 ], [ -0.919455, 47.8862978 ], [ -0.9199364, 47.8865944 ], [ -0.9203619, 47.8866604 ], [ -0.922389, 47.8866089 ], [ -0.92226, 47.8875458 ], [ -0.9238209, 47.8872584 ], [ -0.9259802, 47.8875808 ], [ -0.9276225, 47.8880142 ], [ -0.9279351, 47.8883092 ], [ -0.9275228, 47.8902144 ], [ -0.9271584, 47.8906123 ], [ -0.9259169, 47.8914342 ], [ -0.925863, 47.8916108 ], [ -0.9262305, 47.8916886 ], [ -0.928573, 47.8916237 ], [ -0.9299643, 47.8918312 ], [ -0.9302737, 47.8921741 ], [ -0.9302532, 47.8922955 ], [ -0.9299723, 47.8924284 ], [ -0.9299381, 47.8926169 ], [ -0.9300851, 47.8927382 ], [ -0.9304835, 47.8927266 ], [ -0.9307914, 47.8925244 ], [ -0.9318361, 47.8930624 ], [ -0.9324019, 47.8937004 ], [ -0.9340789, 47.8939289 ], [ -0.9336453, 47.8949851 ], [ -0.9337186, 47.8955215 ], [ -0.9340275, 47.8956039 ], [ -0.9343573, 47.8954433 ], [ -0.9349764, 47.895409 ], [ -0.9351446, 47.8955809 ], [ -0.9353307, 47.8962108 ], [ -0.9366953, 47.8969589 ], [ -0.9367637, 47.8971044 ], [ -0.9366663, 47.8973626 ], [ -0.9360076, 47.8974424 ], [ -0.9357578, 47.8983194 ], [ -0.9358262, 47.8984478 ], [ -0.9364038, 47.8985203 ], [ -0.936472, 47.8988794 ], [ -0.9370597, 47.8997941 ], [ -0.9373096, 47.8997668 ], [ -0.9381476, 47.9000441 ], [ -0.9389956, 47.9000769 ], [ -0.9397262, 47.9012184 ], [ -0.9392966, 47.9015149 ], [ -0.9399161, 47.9018987 ], [ -0.9406682, 47.9014526 ], [ -0.941192, 47.9019558 ], [ -0.941892, 47.9024486 ], [ -0.9425101, 47.9025072 ], [ -0.9428047, 47.9049392 ], [ -0.9430387, 47.905563 ], [ -0.9435253, 47.9060873 ], [ -0.9435839, 47.9067314 ], [ -0.9438855, 47.9076161 ], [ -0.9428343, 47.9077893 ], [ -0.9427244, 47.9086364 ], [ -0.9425566, 47.9089033 ], [ -0.9421993, 47.909145099999989 ], [ -0.9417183, 47.9093271 ], [ -0.9410214, 47.9093279 ], [ -0.9434718, 47.9103972 ], [ -0.9441232, 47.9104168 ], [ -0.9441444, 47.9107197 ], [ -0.9438991, 47.910773 ], [ -0.9439002, 47.9109135 ], [ -0.9456364, 47.9111021 ], [ -0.9462411, 47.9110682 ], [ -0.9469504, 47.910838 ], [ -0.9480656, 47.910714 ], [ -0.9485597, 47.9104919 ], [ -0.9490495, 47.9104448 ], [ -0.9496103, 47.9101835 ], [ -0.9507797, 47.9098865 ], [ -0.9518047, 47.9100989 ], [ -0.9523524, 47.9103084 ], [ -0.9526156, 47.910459 ], [ -0.9529448, 47.9109201 ], [ -0.9540232, 47.9108946 ], [ -0.955571, 47.9106766 ], [ -0.9560341, 47.9109376 ], [ -0.9566084, 47.9109093 ], [ -0.9569415, 47.911099 ], [ -0.9571907, 47.9115105 ], [ -0.9576786, 47.9115652 ], [ -0.9579287, 47.9114144 ], [ -0.9586429, 47.9115381 ], [ -0.9588462, 47.9113708 ], [ -0.9590948, 47.9113255 ], [ -0.9596395, 47.9114225 ], [ -0.9606257, 47.9120109 ], [ -0.9620603, 47.9124653 ], [ -0.9625734, 47.9128751 ], [ -0.9650357, 47.9135218 ], [ -0.9664631, 47.9135565 ], [ -0.9664533, 47.9137848 ], [ -0.9660799, 47.9146697 ], [ -0.9655443, 47.9152158 ], [ -0.9649392, 47.916624 ], [ -0.9647497, 47.9176035 ], [ -0.9649067, 47.9188607 ], [ -0.9646656, 47.9195086 ], [ -0.9666664, 47.9196987 ], [ -0.9691038, 47.9201867 ], [ -0.9713117, 47.920169699999988 ], [ -0.9718555, 47.9202891 ], [ -0.9726094, 47.9205826 ], [ -0.9730303, 47.9209216 ], [ -0.9746766, 47.921639 ], [ -0.9766158, 47.9227574 ], [ -0.9777746, 47.9249258 ], [ -0.9812372, 47.9259762 ], [ -0.9830508, 47.9264175 ], [ -0.9840097, 47.9267778 ], [ -0.9857883, 47.9266472 ], [ -0.9862236, 47.9268018 ], [ -0.9873197, 47.9259013 ], [ -0.9871255, 47.9257448 ], [ -0.9870507, 47.9250706 ], [ -0.9862786, 47.9241795 ], [ -0.9863372, 47.9236405 ], [ -0.9866023, 47.9234756 ], [ -0.9883144, 47.9239401 ], [ -0.9886323, 47.9235148 ], [ -0.9883479, 47.9223359 ], [ -0.989665, 47.9224326 ], [ -0.9923272, 47.9222871 ], [ -0.9937132, 47.9221255 ], [ -0.9954688, 47.9218143 ], [ -0.9958068, 47.921674 ], [ -0.9971268, 47.9204414 ], [ -0.9970271, 47.9195455 ], [ -0.9975771, 47.9180201 ], [ -0.9989737, 47.9182131 ], [ -1.0007156, 47.9171733 ], [ -1.0022142, 47.9175809 ], [ -1.0058176, 47.9173877 ], [ -1.0083017, 47.9174966 ], [ -1.0093179, 47.9176926 ], [ -1.0105169, 47.9182499 ], [ -1.0103487, 47.9187207 ], [ -1.0110459, 47.9188636 ], [ -1.0114176, 47.9191176 ], [ -1.0116906, 47.9191993 ], [ -1.0121251, 47.9190069 ], [ -1.0129333, 47.9199786 ], [ -1.0139356, 47.9200624 ], [ -1.017602, 47.9212643 ], [ -1.0176735, 47.9213772 ], [ -1.018135, 47.9216119 ], [ -1.0183314, 47.9219386 ], [ -1.0184556, 47.9224281 ], [ -1.0184059, 47.9230804 ], [ -1.0204243, 47.9230906 ], [ -1.0205911, 47.9238049 ], [ -1.0216151, 47.9239077 ], [ -1.0228476, 47.9245855 ], [ -1.0228205, 47.9253235 ], [ -1.0251357, 47.9257623 ], [ -1.027808, 47.9261194 ], [ -1.028915, 47.9261129 ], [ -1.0299419, 47.925883 ], [ -1.0304482, 47.9256818 ], [ -1.0305854, 47.9257231 ], [ -1.0308872, 47.926254299999989 ], [ -1.0331509, 47.9271777 ], [ -1.0333404, 47.9267963 ], [ -1.03579, 47.9266905 ], [ -1.0357826, 47.927016 ], [ -1.0384824, 47.9267105 ], [ -1.0417338, 47.9269933 ], [ -1.0429099, 47.9272781 ], [ -1.0436933, 47.927353 ], [ -1.0446567, 47.9272927 ], [ -1.0457735, 47.9270109 ], [ -1.0465416, 47.9279577 ], [ -1.0465552, 47.9281888 ], [ -1.0467792, 47.9282063 ], [ -1.0480417, 47.9277086 ], [ -1.04877, 47.927588 ], [ -1.048896, 47.9277458 ], [ -1.0488873, 47.927948 ], [ -1.0483514, 47.9291127 ], [ -1.0484738, 47.9293987 ], [ -1.0489036, 47.9297596 ], [ -1.0494055, 47.9299054 ], [ -1.0507472, 47.9297239 ], [ -1.0513608, 47.9300506 ], [ -1.0516742, 47.9308706 ], [ -1.0520443, 47.9310642 ], [ -1.0528001, 47.931304 ], [ -1.056026, 47.9318432 ], [ -1.0566436, 47.9320642 ], [ -1.0569812, 47.9323752 ], [ -1.0569403, 47.9332957 ], [ -1.0562342, 47.9350557 ], [ -1.0564506, 47.9359215 ], [ -1.0571625, 47.936953 ], [ -1.0581229, 47.9372884 ], [ -1.0587293, 47.9374143 ], [ -1.0603762, 47.9374682 ], [ -1.0624317, 47.9382694 ], [ -1.0631198, 47.9384285 ], [ -1.0649252, 47.9386598 ], [ -1.0665423, 47.9390408 ], [ -1.0672404, 47.9393654 ], [ -1.0679181, 47.9394582 ], [ -1.0699079, 47.9388593 ], [ -1.0702752, 47.9386312 ], [ -1.0711144, 47.9386967 ], [ -1.0719085, 47.938507 ], [ -1.0733933, 47.9382996 ], [ -1.0756143, 47.9381973 ], [ -1.0763546, 47.9379887 ], [ -1.075661, 47.9362068 ], [ -1.0752301, 47.9347349 ], [ -1.0765019, 47.9347421 ], [ -1.078385, 47.9352868 ], [ -1.0793911, 47.9354654 ], [ -1.08214, 47.9356907 ], [ -1.0836092, 47.936101 ], [ -1.085928, 47.9365375 ], [ -1.0879673, 47.9367414 ], [ -1.089561, 47.9372698 ], [ -1.0920464, 47.9378312 ], [ -1.0936346, 47.9383039 ], [ -1.09498, 47.9384985 ], [ -1.096032, 47.9357646 ], [ -1.0971618, 47.9352178 ], [ -1.0972196, 47.9350806 ], [ -1.0966029, 47.9348742 ], [ -1.0965735, 47.9344246 ], [ -1.0955283, 47.9339664 ], [ -1.0959381, 47.9335763 ], [ -1.096186, 47.9335568 ], [ -1.0961917, 47.933006 ], [ -1.0952824, 47.9332126 ], [ -1.0944945, 47.931171 ], [ -1.0944941, 47.9308709 ], [ -1.0948508, 47.9305412 ], [ -1.0990659, 47.9281223 ], [ -1.1015988, 47.9267884 ], [ -1.1024304, 47.925267 ], [ -1.1040286, 47.9254743 ], [ -1.1045623, 47.9254583 ], [ -1.1049745, 47.9254313 ], [ -1.1051489, 47.925172 ], [ -1.1074933, 47.9256838 ], [ -1.1083822, 47.9255626 ], [ -1.1093947, 47.9252361 ], [ -1.1109277, 47.9253113 ], [ -1.111013, 47.9251145 ], [ -1.1111311, 47.9250644 ], [ -1.1113998, 47.9251577 ], [ -1.111627, 47.9251318 ], [ -1.1142408, 47.9239299 ], [ -1.1147759, 47.9238967 ], [ -1.115248, 47.9237432 ], [ -1.1167133, 47.9236729 ], [ -1.1168604, 47.9229252 ], [ -1.1185547, 47.9228342 ], [ -1.1193722, 47.9229164 ], [ -1.1214352, 47.9240497 ], [ -1.1232503, 47.9252008 ], [ -1.1238804, 47.925476 ], [ -1.1246055, 47.9256965 ], [ -1.125735, 47.9257722 ], [ -1.1277636, 47.9261334 ], [ -1.1278654, 47.9260983 ], [ -1.1291753, 47.9270445 ], [ -1.1306356, 47.9274761 ], [ -1.1311496, 47.9274986 ], [ -1.131253, 47.9276391 ], [ -1.1310694, 47.9290163 ], [ -1.1307764, 47.929920599999988 ], [ -1.1305454, 47.9311714 ], [ -1.1302321, 47.9319007 ], [ -1.1294102, 47.9330038 ], [ -1.1327674, 47.9341834 ], [ -1.1328581, 47.9348137 ], [ -1.1339698, 47.9375818 ], [ -1.1339221, 47.9379502 ], [ -1.1333464, 47.9394935 ], [ -1.1333934, 47.9399424 ], [ -1.1336305, 47.9403171 ], [ -1.1354501, 47.9397105 ], [ -1.1370873, 47.9393788 ], [ -1.1386594, 47.9391585 ], [ -1.1388014, 47.9384181 ], [ -1.1400757, 47.9384039 ], [ -1.1401082, 47.9383054 ], [ -1.1423761, 47.9380821 ], [ -1.143233, 47.9381149 ], [ -1.1460179, 47.9384672 ], [ -1.1472994, 47.9388194 ], [ -1.1526931, 47.9393794 ], [ -1.1538943, 47.9394577 ], [ -1.1557319, 47.9393233 ], [ -1.1566487, 47.9393503 ], [ -1.1579202, 47.9391638 ], [ -1.159953, 47.9393639 ], [ -1.1600036, 47.9391368 ], [ -1.1602201, 47.9390246 ], [ -1.1603016, 47.9388658 ], [ -1.1603793, 47.9384548 ], [ -1.162722, 47.9379906 ], [ -1.1639628, 47.9374987 ], [ -1.1657721, 47.936919 ], [ -1.1666707, 47.9363563 ], [ -1.167193, 47.9359557 ], [ -1.167414, 47.9356279 ], [ -1.1671992, 47.9345153 ], [ -1.1676412, 47.9331605 ], [ -1.1664808, 47.9312451 ], [ -1.1660408, 47.9309012 ], [ -1.1649418, 47.9305842 ], [ -1.1646137, 47.9304192 ], [ -1.1640992, 47.9299472 ], [ -1.1636028, 47.9290555 ], [ -1.1634162, 47.9276355 ], [ -1.1636204, 47.9272651 ], [ -1.1640702, 47.9268967 ], [ -1.1644084, 47.9264053 ], [ -1.1645699, 47.9259183 ], [ -1.1641989, 47.9258035 ], [ -1.1643206, 47.9255442 ], [ -1.165303, 47.9249244 ], [ -1.1655001, 47.9246678 ], [ -1.1657297, 47.9247741 ], [ -1.1659901, 47.9242998 ], [ -1.1658371, 47.9242476 ], [ -1.166702, 47.9228317 ], [ -1.168369, 47.9187604 ], [ -1.1685831, 47.9184662 ], [ -1.1685848, 47.9180786 ], [ -1.1682118, 47.9176133 ], [ -1.1680629, 47.9172202 ], [ -1.1682365, 47.9171951 ], [ -1.1682071, 47.9163085 ], [ -1.1688875, 47.9159941 ], [ -1.1697266, 47.9153272 ], [ -1.1717419, 47.912487 ], [ -1.1736543, 47.9121054 ], [ -1.1752694, 47.9119668 ], [ -1.17538, 47.9111067 ], [ -1.1755701, 47.9108819 ], [ -1.1754295, 47.9103047 ], [ -1.1756858, 47.9088275 ], [ -1.1760289, 47.9082484 ], [ -1.1767891, 47.9073994 ], [ -1.1766822, 47.9071653 ], [ -1.1764872, 47.9070208 ], [ -1.1761595, 47.9048678 ], [ -1.1766542, 47.9040517 ], [ -1.1764263, 47.9030135 ], [ -1.1764528, 47.9028386 ], [ -1.1766882, 47.9025941 ], [ -1.1766498, 47.9017321 ], [ -1.1770794, 47.9017753 ], [ -1.1769331, 47.9004107 ], [ -1.1767013, 47.8995601 ], [ -1.1768909, 47.8994668 ], [ -1.1767612, 47.898789199999989 ], [ -1.1762422, 47.8977298 ], [ -1.1760335, 47.89753 ], [ -1.1758037, 47.8976238 ], [ -1.1755153, 47.8976205 ], [ -1.1752545, 47.8977974 ], [ -1.1741308, 47.8980267 ], [ -1.1704024, 47.8985035 ], [ -1.1659563, 47.9001476 ], [ -1.1652269, 47.9002294 ], [ -1.1653407, 47.9005687 ], [ -1.1652434, 47.9010714 ], [ -1.1649897, 47.9011859 ], [ -1.1623619, 47.9013269 ], [ -1.1615987, 47.9019344 ], [ -1.1613327, 47.9019429 ], [ -1.1605155, 47.9017421 ], [ -1.1593957, 47.902537 ], [ -1.1589059, 47.9026319 ], [ -1.1584541, 47.902629 ], [ -1.1574299, 47.9030194 ], [ -1.1574956, 47.902234 ], [ -1.1578455, 47.9008319 ], [ -1.1578064, 47.9002475 ], [ -1.1571512, 47.8997877 ], [ -1.1569228, 47.8997462 ], [ -1.1571622, 47.8993988 ], [ -1.1572503, 47.8984882 ], [ -1.1572138, 47.8982786 ], [ -1.1569733, 47.8979627 ], [ -1.1580593, 47.8970455 ], [ -1.1584632, 47.8964535 ], [ -1.1589127, 47.8964268 ], [ -1.1589525, 47.8962163 ], [ -1.1585365, 47.8962094 ], [ -1.159057, 47.8950536 ], [ -1.1591258, 47.892872 ], [ -1.1590533, 47.8907847 ], [ -1.158783, 47.890806 ], [ -1.1590925, 47.8894215 ], [ -1.158472, 47.8894192 ], [ -1.1581241, 47.8877498 ], [ -1.1582987, 47.8862341 ], [ -1.1577894, 47.8855141 ], [ -1.1571873, 47.8856607 ], [ -1.156972, 47.8854439 ], [ -1.1561195, 47.8854561 ], [ -1.1560155, 47.8852228 ], [ -1.1555331, 47.885102 ], [ -1.1552368, 47.8846718 ], [ -1.1538748, 47.885415699999989 ], [ -1.1531459, 47.8856029 ], [ -1.1528221, 47.8855909 ], [ -1.152781, 47.8852887 ], [ -1.1525276, 47.8851156 ], [ -1.1500263, 47.885151 ], [ -1.1498951, 47.8854602 ], [ -1.1497005, 47.8854392 ], [ -1.1487343, 47.884683 ], [ -1.1482044, 47.8848459 ], [ -1.1475291, 47.884485 ], [ -1.1460564, 47.884841599999987 ], [ -1.1452715, 47.8848955 ], [ -1.1447058, 47.886864 ], [ -1.1431121, 47.8867878 ], [ -1.142528, 47.8868228 ], [ -1.1436772, 47.8886018 ], [ -1.1441757, 47.8888086 ], [ -1.1407025, 47.8881364 ], [ -1.1328725, 47.8869174 ], [ -1.1315403, 47.886877 ], [ -1.1276472, 47.8863832 ], [ -1.1204385, 47.885651599999989 ], [ -1.1169888, 47.8844633 ], [ -1.1168146, 47.8844803 ], [ -1.115687, 47.8837097 ], [ -1.1144093, 47.8834896 ], [ -1.1100447, 47.8819015 ], [ -1.1037424, 47.8808911 ], [ -1.1024255, 47.8812373 ], [ -1.1018541, 47.881297 ], [ -1.1010177, 47.8811532 ], [ -1.096407, 47.8817829 ], [ -1.0962462, 47.8805323 ], [ -1.0963448, 47.8803171 ], [ -1.0960174, 47.8785568 ], [ -1.0958637, 47.8770166 ], [ -1.0946788, 47.8741255 ], [ -1.0938509, 47.8741058 ], [ -1.0935065, 47.8740168 ], [ -1.0925931, 47.8735504 ], [ -1.0915905, 47.8724291 ], [ -1.0911631, 47.8684644 ], [ -1.0909311, 47.8673144 ], [ -1.0899365, 47.8675808 ], [ -1.0913082, 47.8650123 ], [ -1.0930659, 47.8596365 ], [ -1.0933394, 47.8584771 ], [ -1.0934719, 47.855749 ], [ -1.0961713, 47.8560612 ], [ -1.0969594, 47.8564689 ], [ -1.0979591, 47.8545018 ], [ -1.0997331, 47.8549687 ], [ -1.1021474, 47.8550735 ], [ -1.1023259, 47.8541607 ], [ -1.1027881, 47.8529152 ], [ -1.1039436, 47.8526378 ], [ -1.1056948, 47.8527053 ], [ -1.1074461, 47.8511479 ], [ -1.1058149, 47.8502769 ], [ -1.1046576, 47.8490052 ], [ -1.1044213, 47.8486332 ], [ -1.1042004, 47.8480786 ], [ -1.1043413, 47.8480304 ], [ -1.1043304, 47.8473359 ], [ -1.1046338, 47.8464628 ], [ -1.1045706, 47.8452989 ], [ -1.1052267, 47.844608099999988 ], [ -1.1053473, 47.8443146 ], [ -1.1043692, 47.8412198 ], [ -1.103246, 47.8393306 ], [ -1.1030607, 47.8392713 ], [ -1.1029316, 47.839091 ], [ -1.1016999, 47.8371118 ], [ -1.1007818, 47.8358652 ], [ -1.0990289, 47.8323514 ], [ -1.0985367, 47.8317486 ], [ -1.097245, 47.831088099999988 ], [ -1.0926566, 47.8294316 ], [ -1.0885108, 47.827646 ], [ -1.0847461, 47.8262524 ], [ -1.0815906, 47.8253999 ], [ -1.0794506, 47.8250148 ], [ -1.0762172, 47.8245759 ], [ -1.0738047, 47.8239514 ], [ -1.0712535, 47.8229479 ], [ -1.0655482, 47.820875 ], [ -1.0626592, 47.8194909 ], [ -1.0627149, 47.81938 ], [ -1.062395, 47.8190639 ], [ -1.0616297, 47.8177873 ], [ -1.0604276, 47.8164312 ], [ -1.0594324, 47.8155762 ], [ -1.058151, 47.8162992 ], [ -1.0563933, 47.818058 ], [ -1.0549566, 47.8191315 ], [ -1.0544213, 47.8194114 ], [ -1.0525165, 47.8198927 ], [ -1.0506193, 47.820983 ], [ -1.046026, 47.8228856 ], [ -1.0417363, 47.823313 ], [ -1.0405166, 47.8244834 ], [ -1.0392458, 47.8255104 ], [ -1.038392, 47.8267952 ], [ -1.0377008, 47.8274904 ], [ -1.0366124, 47.8282425 ], [ -1.0356409, 47.8287203 ], [ -1.0353646, 47.8296283 ], [ -1.0346357, 47.8297399 ], [ -1.0311964, 47.8324041 ], [ -1.0271199, 47.8344376 ], [ -1.0240595, 47.8343734 ], [ -1.0203199, 47.8346027 ], [ -1.0194994, 47.8345308 ], [ -1.0172257, 47.8353135 ], [ -1.0160785, 47.8355231 ] ] ] ] } },
{ "type": "Feature", "properties": { "code_departement": 53.0, "code_rne": "0530007V", "multisecteur": 0.0 }, "geometry": { "type": "MultiPolygon", "coordinates": [ [ [ [ -0.4875935, 48.1896644 ], [ -0.4885508, 48.1891686 ], [ -0.4888814, 48.1886086 ], [ -0.4893255, 48.1885819 ], [ -0.490273, 48.1887133 ], [ -0.490513, 48.1886152 ], [ -0.4913995, 48.1885971 ], [ -0.4932078, 48.1883428 ], [ -0.494585, 48.1880678 ], [ -0.4965485, 48.18729 ], [ -0.4969438, 48.1870765 ], [ -0.4973931, 48.1866615 ], [ -0.4994351, 48.1860939 ], [ -0.5003227, 48.1869665 ], [ -0.5009561, 48.1866883 ], [ -0.5025975, 48.1856866 ], [ -0.5030177, 48.1852391 ], [ -0.5031464, 48.184966 ], [ -0.5035468, 48.1849109 ], [ -0.5045718, 48.1844247 ], [ -0.5048354, 48.1840134 ], [ -0.5049392, 48.1835897 ], [ -0.5059898, 48.1820291 ], [ -0.5059851, 48.1813096 ], [ -0.5063739, 48.1808783 ], [ -0.5072397, 48.179497 ], [ -0.5069448, 48.1792554 ], [ -0.5059057, 48.1786963 ], [ -0.5054136, 48.1783029 ], [ -0.5051829, 48.1777685 ], [ -0.5043501, 48.1772942 ], [ -0.5039177, 48.1767648 ], [ -0.5031598, 48.1764235 ], [ -0.5026617, 48.1759402 ], [ -0.5021437, 48.1750531 ], [ -0.4986006, 48.1717193 ], [ -0.4964954, 48.1701056 ], [ -0.4962434, 48.1691673 ], [ -0.4955285, 48.1683743 ], [ -0.4947555, 48.1677631 ], [ -0.4938558, 48.1672898 ], [ -0.4926412, 48.1662909 ], [ -0.4924528, 48.1663334 ], [ -0.49121, 48.1646427 ], [ -0.490845, 48.1643139 ], [ -0.490113, 48.1637907 ], [ -0.4891854, 48.1636281 ], [ -0.4888956, 48.1635006 ], [ -0.4881871, 48.1622939 ], [ -0.4874165, 48.1618376 ], [ -0.4883099, 48.1605862 ], [ -0.4873146, 48.1594393 ], [ -0.4869009, 48.1592696 ], [ -0.4869494, 48.1581891 ], [ -0.4872048, 48.1578781 ], [ -0.4868529, 48.157748 ], [ -0.4866149, 48.1568948 ], [ -0.487289, 48.1567893 ], [ -0.48756, 48.1565093 ], [ -0.4878045, 48.1560535 ], [ -0.4876126, 48.1552891 ], [ -0.4879637, 48.1546735 ], [ -0.4879229, 48.1532615 ], [ -0.4865229, 48.1509556 ], [ -0.4865674, 48.1505499 ], [ -0.4858846, 48.1496271 ], [ -0.486347, 48.1491477 ], [ -0.4877091, 48.1487607 ], [ -0.4882658, 48.1484074 ], [ -0.4891172, 48.1476445 ], [ -0.4898333, 48.1472378 ], [ -0.4905666, 48.1463793 ], [ -0.4906799, 48.145732 ], [ -0.4903397, 48.1445765 ], [ -0.4905705, 48.1442391 ], [ -0.4904388, 48.1440998 ], [ -0.4900275, 48.143985 ], [ -0.4900892, 48.1437796 ], [ -0.4898648, 48.1434989 ], [ -0.4898763, 48.143123 ], [ -0.4894067, 48.1426974 ], [ -0.4893867, 48.1424151 ], [ -0.4891605, 48.142270499999988 ], [ -0.4893169, 48.1419281 ], [ -0.4890571, 48.1416827 ], [ -0.4890563, 48.1415692 ], [ -0.4894933, 48.1412582 ], [ -0.4931508, 48.1412742 ], [ -0.4934226, 48.1411715 ], [ -0.4935244, 48.1409001 ], [ -0.4937592, 48.1408076 ], [ -0.4946797, 48.1411946 ], [ -0.4948533, 48.1414795 ], [ -0.4964317, 48.1416606 ], [ -0.4966916, 48.1418051 ], [ -0.4967833, 48.142214 ], [ -0.4969926, 48.1424285 ], [ -0.4973867, 48.142506 ], [ -0.4976674, 48.1428831 ], [ -0.4980237, 48.1429806 ], [ -0.4981977, 48.1431484 ], [ -0.4984093, 48.1437015 ], [ -0.4980181, 48.1438095 ], [ -0.4994348, 48.1449203 ], [ -0.5001125, 48.1452164 ], [ -0.5005193, 48.1453025 ], [ -0.5010235, 48.1452947 ], [ -0.5014364, 48.1450059 ], [ -0.5023086, 48.1447242 ], [ -0.5029262, 48.1450869 ], [ -0.5034205, 48.1451938 ], [ -0.5037092, 48.1451231 ], [ -0.5041888, 48.1447044 ], [ -0.504471, 48.1447789 ], [ -0.5048988, 48.1447562 ], [ -0.5051117, 48.1448814 ], [ -0.5054064, 48.1447384 ], [ -0.5059526, 48.1446952 ], [ -0.5062707, 48.1442561 ], [ -0.5071868, 48.1439658 ], [ -0.5074474, 48.1439995 ], [ -0.5075765, 48.1444235 ], [ -0.5077291, 48.1444109 ], [ -0.5081691, 48.1441663 ], [ -0.5083028, 48.1447199 ], [ -0.5087937, 48.1446143 ], [ -0.5089394, 48.1440722 ], [ -0.5083344, 48.1437173 ], [ -0.5079906, 48.1426548 ], [ -0.5070056, 48.1406089 ], [ -0.5076407, 48.1399189 ], [ -0.5091768, 48.1397462 ], [ -0.5091018, 48.1383541 ], [ -0.5118517, 48.1382425 ], [ -0.5145221, 48.1379071 ], [ -0.5149146, 48.137718 ], [ -0.5156443, 48.1375206 ], [ -0.5175238, 48.1374744 ], [ -0.5228047, 48.1357261 ], [ -0.5221901, 48.1330891 ], [ -0.5266108, 48.1327534 ], [ -0.5259844, 48.1311499 ], [ -0.5251548, 48.1295056 ], [ -0.5262188, 48.1293 ], [ -0.5267249, 48.1286588 ], [ -0.5276627, 48.1290622 ], [ -0.5290054, 48.1287176 ], [ -0.5267603, 48.1250981 ], [ -0.5265969, 48.1239185 ], [ -0.5263532, 48.1233916 ], [ -0.524579, 48.1211172 ], [ -0.5235031, 48.1201748 ], [ -0.522213, 48.1193063 ], [ -0.5202213, 48.1177805 ], [ -0.518787, 48.1168866 ], [ -0.5183884, 48.1167174 ], [ -0.5173807, 48.1166349 ], [ -0.5162388, 48.1163321 ], [ -0.51515, 48.1157989 ], [ -0.5133447, 48.114481 ], [ -0.5111169, 48.1136664 ], [ -0.5089582, 48.1131002 ], [ -0.5070088, 48.1129529 ], [ -0.4993519, 48.1121456 ], [ -0.4940688, 48.1126564 ], [ -0.4938673, 48.1120706 ], [ -0.4926912, 48.1107994 ], [ -0.4915909, 48.1094142 ], [ -0.489771, 48.1075982 ], [ -0.4887273, 48.1069041 ], [ -0.4882117, 48.1060609 ], [ -0.4866223, 48.103985 ], [ -0.4862104, 48.1038152 ], [ -0.4858841, 48.1027431 ], [ -0.4858634, 48.1011242 ], [ -0.4855872, 48.1004424 ], [ -0.4853777, 48.0985706 ], [ -0.4902769, 48.0991903 ], [ -0.4926386, 48.0992184 ], [ -0.4927241, 48.0984152 ], [ -0.4922092, 48.0969316 ], [ -0.4922472, 48.0966927 ], [ -0.4930974, 48.0957217 ], [ -0.4940595, 48.0950419 ], [ -0.4944895, 48.0939996 ], [ -0.4959091, 48.0923704 ], [ -0.4962413, 48.0918624 ], [ -0.4963648, 48.0914534 ], [ -0.4961057, 48.0907892 ], [ -0.4960398, 48.089141 ], [ -0.496283, 48.0885699 ], [ -0.4966718, 48.0880665 ], [ -0.498344, 48.086782 ], [ -0.4992471, 48.0862093 ], [ -0.5003791, 48.0856811 ], [ -0.5030538, 48.0846991 ], [ -0.5049811, 48.084267 ], [ -0.5060309, 48.0837782 ], [ -0.5054217, 48.082701 ], [ -0.5050694, 48.0823944 ], [ -0.5048496, 48.0820398 ], [ -0.5050265, 48.081585 ], [ -0.5058319, 48.0803513 ], [ -0.5067271, 48.0795194 ], [ -0.5068444, 48.0792016 ], [ -0.5076386, 48.0784879 ], [ -0.5082078, 48.0773225 ], [ -0.5085801, 48.0769979 ], [ -0.5100932, 48.0762431 ], [ -0.5108723, 48.0760532 ], [ -0.5113709, 48.0758302 ], [ -0.5124112, 48.0757884 ], [ -0.5124529, 48.0756277 ], [ -0.5121414, 48.0750461 ], [ -0.5150761, 48.074528 ], [ -0.5161706, 48.0745755 ], [ -0.5171747, 48.0743131 ], [ -0.5177062, 48.0740801 ], [ -0.5186066, 48.0730678 ], [ -0.5186667, 48.0727994 ], [ -0.5191491, 48.0722535 ], [ -0.520432, 48.0717387 ], [ -0.5209483, 48.071398 ], [ -0.5207327, 48.0703605 ], [ -0.5211317, 48.0690461 ], [ -0.5211713, 48.0685504 ], [ -0.5210966, 48.068417499999988 ], [ -0.520148, 48.0682603 ], [ -0.5197346, 48.0680456 ], [ -0.519576, 48.0676 ], [ -0.5190207, 48.0672536 ], [ -0.5190297, 48.0669849 ], [ -0.5194391, 48.0667952 ], [ -0.5189705, 48.0663985 ], [ -0.5188423, 48.0664915 ], [ -0.5183774, 48.0665927 ], [ -0.5183727, 48.0665028 ], [ -0.5178782, 48.0662194 ], [ -0.5176991, 48.067003 ], [ -0.5175747, 48.0671329 ], [ -0.5172309, 48.0674386 ], [ -0.5164623, 48.0676426 ], [ -0.5163291, 48.0680853 ], [ -0.5167841, 48.0681365 ], [ -0.5170523, 48.0684519 ], [ -0.5166864, 48.0690519 ], [ -0.5133043, 48.0682918 ], [ -0.5143598, 48.0674099 ], [ -0.5145566, 48.0673383 ], [ -0.5151107, 48.0666174 ], [ -0.5155588, 48.0654528 ], [ -0.5161795, 48.0643588 ], [ -0.5131217, 48.0633376 ], [ -0.5132746, 48.0628484 ], [ -0.5130595, 48.0625837 ], [ -0.5124465, 48.0624182 ], [ -0.5106245, 48.0622375 ], [ -0.5103649, 48.0611202 ], [ -0.5097503, 48.0609097 ], [ -0.5097227, 48.0599269 ], [ -0.5094926, 48.0597599 ], [ -0.5093206, 48.0591732 ], [ -0.5095317, 48.0580815 ], [ -0.5111778, 48.0548437 ], [ -0.5111116, 48.0545746 ], [ -0.5114604, 48.0535751 ], [ -0.5116041, 48.0528061 ], [ -0.5124942, 48.0517436 ], [ -0.5126526, 48.0509921 ], [ -0.5126017, 48.050428 ], [ -0.5123723, 48.0499268 ], [ -0.5122875, 48.0486304 ], [ -0.5118113, 48.0478709 ], [ -0.5117385, 48.0475226 ], [ -0.5115143, 48.0474843 ], [ -0.5102128, 48.0450784 ], [ -0.5103224, 48.0447869 ], [ -0.5087636, 48.0445352 ], [ -0.5087105, 48.0443017 ], [ -0.506339, 48.043624699999988 ], [ -0.5039272, 48.0425598 ], [ -0.5030919, 48.0419956 ], [ -0.5023878, 48.0413824 ], [ -0.5000727, 48.0405991 ], [ -0.4994334, 48.0407839 ], [ -0.4985574, 48.0404956 ], [ -0.4953681, 48.0393473 ], [ -0.494062, 48.0387492 ], [ -0.4915742, 48.0379304 ], [ -0.4912747, 48.0376051 ], [ -0.4902072, 48.0371621 ], [ -0.4881452, 48.0365864 ], [ -0.4870895, 48.0360952 ], [ -0.4863956, 48.0359402 ], [ -0.4856303, 48.0356377 ], [ -0.4843509, 48.0352783 ], [ -0.4836063, 48.0357598 ], [ -0.482823, 48.0354082 ], [ -0.4831128, 48.0350988 ], [ -0.4830159, 48.034972 ], [ -0.4825655, 48.0347403 ], [ -0.4821291, 48.0347018 ], [ -0.4820215, 48.034596 ], [ -0.4819708, 48.0341327 ], [ -0.4822725, 48.0335942 ], [ -0.4825591, 48.0333776 ], [ -0.4840854, 48.0327559 ], [ -0.4844887, 48.0322927 ], [ -0.4847015, 48.031772 ], [ -0.4854353, 48.0309027 ], [ -0.4856239, 48.0305449 ], [ -0.4860554, 48.0302241 ], [ -0.4858777, 48.0299933 ], [ -0.4855098, 48.0298114 ], [ -0.4850806, 48.0297179 ], [ -0.4850347, 48.0294688 ], [ -0.4841858, 48.0294048 ], [ -0.4841731, 48.0287422 ], [ -0.4840638, 48.0285707 ], [ -0.4842436, 48.0283456 ], [ -0.4853022, 48.0277386 ], [ -0.4854536, 48.027529699999988 ], [ -0.4858849, 48.0264531 ], [ -0.4858387, 48.0256491 ], [ -0.485429, 48.0253415 ], [ -0.4855034, 48.0251456 ], [ -0.4854363, 48.0250242 ], [ -0.4847297, 48.0246731 ], [ -0.4845788, 48.0244812 ], [ -0.4839206, 48.0244575 ], [ -0.4834224, 48.0243146 ], [ -0.483378, 48.0239655 ], [ -0.4835677, 48.0237275 ], [ -0.483277, 48.0235731 ], [ -0.4831161, 48.0233319 ], [ -0.4833735, 48.0233054 ], [ -0.4837224, 48.0235671 ], [ -0.4840535, 48.0234978 ], [ -0.483982, 48.0224533 ], [ -0.485357, 48.0207191 ], [ -0.4852365, 48.0204191 ], [ -0.4852559, 48.0194294 ], [ -0.4856028, 48.0187427 ], [ -0.4859427, 48.0185218 ], [ -0.4860465, 48.0182017 ], [ -0.4859706, 48.0180274 ], [ -0.4852262, 48.0175099 ], [ -0.4845837, 48.0172533 ], [ -0.4844149, 48.017034 ], [ -0.4843791, 48.0166333 ], [ -0.4842117, 48.0164761 ], [ -0.4846952, 48.0162753 ], [ -0.4845108, 48.0159214 ], [ -0.4841173, 48.0157358 ], [ -0.4836921, 48.0157204 ], [ -0.4824963, 48.0152379 ], [ -0.4817074, 48.015041499999988 ], [ -0.4805871, 48.0150935 ], [ -0.4800389, 48.0148819 ], [ -0.4799323, 48.0145679 ], [ -0.4791177, 48.0139597 ], [ -0.4780867, 48.0134894 ], [ -0.4772047, 48.0132857 ], [ -0.4759997, 48.0133142 ], [ -0.4745149, 48.01354 ], [ -0.4714698, 48.0126129 ], [ -0.4704387, 48.0126109 ], [ -0.4695992, 48.0127483 ], [ -0.4691872, 48.012483 ], [ -0.46818, 48.0123146 ], [ -0.4674489, 48.0123424 ], [ -0.4656972, 48.0131876 ], [ -0.4641508, 48.0136404 ], [ -0.4630194, 48.0138502 ], [ -0.4614863, 48.0152474 ], [ -0.4611072, 48.0147469 ], [ -0.4611962, 48.014547 ], [ -0.4607029, 48.0137788 ], [ -0.4591323, 48.0155058 ], [ -0.4584486, 48.0167951 ], [ -0.4583116, 48.0176377 ], [ -0.4574962, 48.0185355 ], [ -0.4545801, 48.0172385 ], [ -0.4537546, 48.0178392 ], [ -0.451368, 48.0166932 ], [ -0.4505547, 48.0165324 ], [ -0.4499573, 48.0166364 ], [ -0.4477494, 48.0179649 ], [ -0.4472885, 48.0177947 ], [ -0.4461113, 48.0170347 ], [ -0.4451691, 48.0167714 ], [ -0.4449386, 48.016117 ], [ -0.4442844, 48.015553399999988 ], [ -0.4445835, 48.0152401 ], [ -0.4442428, 48.0148934 ], [ -0.4436895, 48.0150763 ], [ -0.443304, 48.0150317 ], [ -0.4430502, 48.0153607 ], [ -0.4429177, 48.0154087 ], [ -0.442422, 48.0161069 ], [ -0.4415385, 48.0168894 ], [ -0.4403352, 48.0175659 ], [ -0.4389076, 48.0181788 ], [ -0.4373062, 48.019465 ], [ -0.4369719, 48.0200242 ], [ -0.4352014, 48.0220576 ], [ -0.4331572, 48.0231036 ], [ -0.4322811, 48.0239849 ], [ -0.4314319, 48.024451 ], [ -0.431104, 48.0247794 ], [ -0.4305701, 48.025512 ], [ -0.4296821, 48.0263342 ], [ -0.4290539, 48.027292 ], [ -0.4285295, 48.029333 ], [ -0.4285139, 48.0305017 ], [ -0.4284063, 48.0308517 ], [ -0.4267361, 48.0297573 ], [ -0.4248111, 48.0290621 ], [ -0.4244454, 48.0287242 ], [ -0.4241618, 48.0282622 ], [ -0.4229486, 48.0275256 ], [ -0.4225061, 48.0268305 ], [ -0.4221181, 48.0267067 ], [ -0.4218143, 48.0264111 ], [ -0.4209553, 48.025856 ], [ -0.4187924, 48.0251532 ], [ -0.4171411, 48.024470699999988 ], [ -0.4163496, 48.0240244 ], [ -0.4155173, 48.023818 ], [ -0.4150509, 48.0238315 ], [ -0.4148547, 48.0239336 ], [ -0.4140354, 48.0240132 ], [ -0.4128759, 48.0238559 ], [ -0.4098068, 48.0228604 ], [ -0.4095908, 48.0228838 ], [ -0.4091047, 48.0226538 ], [ -0.4082246, 48.0228937 ], [ -0.4076999, 48.0227107 ], [ -0.4064537, 48.0220397 ], [ -0.404678, 48.0214651 ], [ -0.4040072, 48.0213062 ], [ -0.4021949, 48.0211632 ], [ -0.4011934, 48.0207264 ], [ -0.4005149, 48.020238 ], [ -0.4002745, 48.0199658 ], [ -0.4002258, 48.0196258 ], [ -0.3997966, 48.0191302 ], [ -0.3999457, 48.0186503 ], [ -0.3997197, 48.0179119 ], [ -0.3992581, 48.0175181 ], [ -0.3971455, 48.0163343 ], [ -0.3970568, 48.0163333 ], [ -0.3969263, 48.0165163 ], [ -0.3960475, 48.0161274 ], [ -0.3947819, 48.016762 ], [ -0.3943486, 48.0171222 ], [ -0.3938765, 48.017297 ], [ -0.3935254, 48.0172234 ], [ -0.3927965, 48.0165959 ], [ -0.3918537, 48.0167591 ], [ -0.3909644, 48.0166451 ], [ -0.3903621, 48.0166733 ], [ -0.3900274, 48.0168144 ], [ -0.3897581, 48.0170942 ], [ -0.3888573, 48.0176615 ], [ -0.3881798, 48.0182566 ], [ -0.3875237, 48.018452 ], [ -0.38736, 48.0187054 ], [ -0.3861576, 48.0188183 ], [ -0.3855315, 48.0192309 ], [ -0.3852559, 48.0192046 ], [ -0.3850653, 48.0188273 ], [ -0.3842663, 48.0185927 ], [ -0.383826, 48.0188881 ], [ -0.3833661, 48.0189185 ], [ -0.382269, 48.0192518 ], [ -0.381666, 48.0189539 ], [ -0.3814608, 48.0189787 ], [ -0.3808402, 48.0193091 ], [ -0.3802368, 48.0194057 ], [ -0.3798404, 48.0196522 ], [ -0.379054, 48.0197837 ], [ -0.3784043, 48.0200177 ], [ -0.3780886, 48.0200141 ], [ -0.3777088, 48.0196593 ], [ -0.3777899, 48.0191832 ], [ -0.3786323, 48.0171937 ], [ -0.3771449, 48.0167743 ], [ -0.3762709, 48.0190476 ], [ -0.3748544, 48.0192153 ], [ -0.3743692, 48.0185329 ], [ -0.3733195, 48.0179235 ], [ -0.3720068, 48.0169596 ], [ -0.3699226, 48.0157889 ], [ -0.369554, 48.0155022 ], [ -0.3673981, 48.0164124 ], [ -0.367441, 48.0174876 ], [ -0.3664722, 48.0192681 ], [ -0.3657855, 48.0217503 ], [ -0.3653128, 48.0217494 ], [ -0.3648974, 48.0219523 ], [ -0.3649062, 48.0222375 ], [ -0.3646329, 48.0229452 ], [ -0.3637541, 48.0234189 ], [ -0.3626762, 48.023719 ], [ -0.3620781, 48.0234767 ], [ -0.3615789, 48.0235874 ], [ -0.3610689, 48.0238235 ], [ -0.3600462, 48.0247183 ], [ -0.3593824, 48.0257046 ], [ -0.3590107, 48.0270627 ], [ -0.3578068, 48.0285103 ], [ -0.3577054, 48.0300876 ], [ -0.3578915, 48.0307344 ], [ -0.3557774, 48.0318297 ], [ -0.3553051, 48.03228 ], [ -0.3550992, 48.0322948 ], [ -0.3546357, 48.0321207 ], [ -0.3538067, 48.0331946 ], [ -0.3344909, 48.0324556 ], [ -0.334427, 48.0329339 ], [ -0.3349093, 48.0336182 ], [ -0.3364342, 48.0348864 ], [ -0.33713, 48.0359331 ], [ -0.3380571, 48.0367273 ], [ -0.337981, 48.03814 ], [ -0.3381056, 48.0389444 ], [ -0.3382965, 48.0393731 ], [ -0.3392543, 48.0406961 ], [ -0.3410543, 48.0423392 ], [ -0.3416432, 48.043242 ], [ -0.3395723, 48.0450968 ], [ -0.3385167, 48.0458671 ], [ -0.3371543, 48.0467542 ], [ -0.3346228, 48.0479987 ], [ -0.3342252, 48.0487026 ], [ -0.3338686, 48.048991 ], [ -0.332219, 48.0495871 ], [ -0.3309297, 48.0502748 ], [ -0.3303502, 48.0503299 ], [ -0.3300709, 48.0501181 ], [ -0.3287214, 48.0495933 ], [ -0.328345, 48.0495886 ], [ -0.3273204, 48.04985 ], [ -0.3269791, 48.0498281 ], [ -0.3264069, 48.0499785 ], [ -0.3262534, 48.0491596 ], [ -0.3261251, 48.0489993 ], [ -0.32627, 48.0488043 ], [ -0.3260839, 48.0485366 ], [ -0.3258489, 48.048346 ], [ -0.3253, 48.0481174 ], [ -0.3248315, 48.0475876 ], [ -0.3243812, 48.0473058 ], [ -0.3239894, 48.0471844 ], [ -0.3236205, 48.0469345 ], [ -0.3232109, 48.0469785 ], [ -0.3228883, 48.0466967 ], [ -0.3215171, 48.0462301 ], [ -0.3214102, 48.045746799999989 ], [ -0.3208776, 48.0454142 ], [ -0.3202089, 48.0454393 ], [ -0.3199245, 48.0453591 ], [ -0.3195779, 48.0454652 ], [ -0.3192896, 48.0454518 ], [ -0.3190701, 48.0453355 ], [ -0.3175278, 48.0450952 ], [ -0.3171804, 48.0447808 ], [ -0.316841, 48.0450885 ], [ -0.3163421, 48.0451854 ], [ -0.3146552, 48.0458958 ], [ -0.3141137, 48.0462578 ], [ -0.3088824, 48.0475759 ], [ -0.3066375, 48.048301 ], [ -0.3057883, 48.0487698 ], [ -0.3061564, 48.0494151 ], [ -0.3055413, 48.049954799999988 ], [ -0.3049165, 48.050683 ], [ -0.3044931, 48.051002 ], [ -0.3043866, 48.0512527 ], [ -0.3040317, 48.0513779 ], [ -0.3030481, 48.0513956 ], [ -0.3024728, 48.0515613 ], [ -0.3013535, 48.0515575 ], [ -0.2980296, 48.0518939 ], [ -0.2972712, 48.0518818 ], [ -0.2955581, 48.0520262 ], [ -0.2941263, 48.0524823 ], [ -0.2925784, 48.0528661 ], [ -0.2919941, 48.0528455 ], [ -0.2880197, 48.0539356 ], [ -0.2855087, 48.055164 ], [ -0.285373, 48.0551218 ], [ -0.2844546, 48.054198199999988 ], [ -0.2839222, 48.0542995 ], [ -0.2818094, 48.0549763 ], [ -0.2798809, 48.0553344 ], [ -0.2787701, 48.0559445 ], [ -0.2839964, 48.0584819 ], [ -0.2844031, 48.0585624 ], [ -0.2848727, 48.058552 ], [ -0.2854638, 48.0583139 ], [ -0.2864292, 48.0574827 ], [ -0.2866933, 48.0573871 ], [ -0.2868344, 48.0575182 ], [ -0.2860675, 48.0583007 ], [ -0.2860718, 48.0583906 ], [ -0.2847179, 48.0595002 ], [ -0.2842737, 48.0600053 ], [ -0.2836183, 48.0603343 ], [ -0.2828598, 48.0605166 ], [ -0.2819045, 48.0609711 ], [ -0.2805471, 48.0613548 ], [ -0.2795963, 48.0617739 ], [ -0.2778759, 48.0622623 ], [ -0.2768934, 48.0627345 ], [ -0.2767034, 48.0629632 ], [ -0.2754093, 48.0639368 ], [ -0.2734401, 48.0648355 ], [ -0.2721178, 48.0652244 ], [ -0.2714469, 48.0652394 ], [ -0.2693795, 48.0641611 ], [ -0.2684933, 48.063866 ], [ -0.2670047, 48.063629 ], [ -0.2647838, 48.0634988 ], [ -0.2609205, 48.0627295 ], [ -0.259513, 48.0627604 ], [ -0.2557882, 48.063103 ], [ -0.2517014, 48.0622136 ], [ -0.2502652, 48.0619966 ], [ -0.2483982, 48.0618301 ], [ -0.2470733, 48.0615434 ], [ -0.2446756, 48.0612888 ], [ -0.2432052, 48.0614113 ], [ -0.2416816, 48.0618045 ], [ -0.2391116, 48.062005 ], [ -0.238392, 48.061618599999989 ], [ -0.2349667, 48.0603564 ], [ -0.233745, 48.059492 ], [ -0.2331942, 48.0593603 ], [ -0.2321224, 48.0593429 ], [ -0.2317475, 48.0591893 ], [ -0.2308885, 48.0592012 ], [ -0.2305714, 48.0599268 ], [ -0.2305832, 48.0603408 ], [ -0.2297976, 48.0611603 ], [ -0.2291028, 48.0623465 ], [ -0.2289174, 48.0631172 ], [ -0.2292803, 48.0634711 ], [ -0.2290685, 48.064645899999988 ], [ -0.2285855, 48.0657354 ], [ -0.2283827, 48.0665731 ], [ -0.2278636, 48.0667432 ], [ -0.2276431, 48.0669158 ], [ -0.2269091, 48.0678789 ], [ -0.2265521, 48.0691865 ], [ -0.2262981, 48.0697149 ], [ -0.2260708, 48.0696887 ], [ -0.2257862, 48.070861 ], [ -0.2256465, 48.0710819 ], [ -0.2260413, 48.0719807 ], [ -0.2261021, 48.0723834 ], [ -0.2269448, 48.0728701 ], [ -0.2261977, 48.0733994 ], [ -0.2261327, 48.0736786 ], [ -0.2249605, 48.0740025 ], [ -0.224117, 48.0746056 ], [ -0.2228813, 48.0756967 ], [ -0.2222561, 48.0780077 ], [ -0.2222504, 48.0784212 ], [ -0.2230828, 48.0803258 ], [ -0.2232803, 48.080523 ], [ -0.223686, 48.0806965 ], [ -0.2245095, 48.080866699999987 ], [ -0.2274442, 48.0806584 ], [ -0.2281199, 48.0805426 ], [ -0.2291813, 48.0806027 ], [ -0.2302312, 48.0804523 ], [ -0.2314416, 48.0805308 ], [ -0.2322559, 48.0815613 ], [ -0.2325216, 48.0823456 ], [ -0.2328153, 48.0826438 ], [ -0.2339188, 48.0825333 ], [ -0.2351142, 48.082124 ], [ -0.235689, 48.082183 ], [ -0.2352184, 48.0829272 ], [ -0.2374344, 48.0829429 ], [ -0.2377974, 48.0839326 ], [ -0.2385268, 48.0851311 ], [ -0.238542, 48.0854459 ], [ -0.2353928, 48.0883045 ], [ -0.2338312, 48.0909907 ], [ -0.2336734, 48.0915111 ], [ -0.2338259, 48.0919374 ], [ -0.2350197, 48.0933663 ], [ -0.2357521, 48.0944819 ], [ -0.2365551, 48.0954334 ], [ -0.2368752, 48.095589399999987 ], [ -0.2370096, 48.0969285 ], [ -0.237723, 48.0969197 ], [ -0.2377242, 48.0972682 ], [ -0.2375851, 48.09739 ], [ -0.2376731, 48.0975317 ], [ -0.2374991, 48.0977418 ], [ -0.2371754, 48.0978129 ], [ -0.2370985, 48.0979194 ], [ -0.2357993, 48.0978669 ], [ -0.235723, 48.0981806 ], [ -0.2353093, 48.0981874 ], [ -0.234716, 48.0984001 ], [ -0.2332217, 48.0993354 ], [ -0.2289934, 48.10046 ], [ -0.2245965, 48.102261899999988 ], [ -0.2231703, 48.1026873 ], [ -0.2222849, 48.1028529 ], [ -0.2221924, 48.1029013 ], [ -0.2225246, 48.103257 ], [ -0.222517, 48.1037489 ], [ -0.2228446, 48.1042272 ], [ -0.219893, 48.1043115 ], [ -0.2193144, 48.1045263 ], [ -0.2200828, 48.1058598 ], [ -0.2201445, 48.1061229 ], [ -0.2200714, 48.1062465 ], [ -0.2192612, 48.1063461 ], [ -0.2176173, 48.1069737 ], [ -0.2173768, 48.1071315 ], [ -0.2152419, 48.1074267 ], [ -0.2153042, 48.1078104 ], [ -0.2162037, 48.110041 ], [ -0.2161525, 48.1104359 ], [ -0.2157119, 48.1115061 ], [ -0.2160224, 48.1125198 ], [ -0.2159836, 48.1131414 ], [ -0.2164161, 48.1137303 ], [ -0.2186042, 48.115740099999989 ], [ -0.2196662, 48.1161956 ], [ -0.2212618, 48.1166005 ], [ -0.222864, 48.1174897 ], [ -0.2235874, 48.1177068 ], [ -0.2227644, 48.1186128 ], [ -0.2238753, 48.1195821 ], [ -0.2230411, 48.1208567 ], [ -0.2229993, 48.1229931 ], [ -0.2255433, 48.123463 ], [ -0.2285579, 48.124128 ], [ -0.2295575, 48.1242402 ], [ -0.2301869, 48.124766 ], [ -0.2303322, 48.1249872 ], [ -0.235104, 48.1250184 ], [ -0.2365969, 48.1252998 ], [ -0.2370768, 48.1255145 ], [ -0.2385432, 48.1265045 ], [ -0.2390772, 48.1267456 ], [ -0.2392419, 48.1267113 ], [ -0.2404713, 48.1269504 ], [ -0.2441422, 48.1272547 ], [ -0.2456579, 48.1272499 ], [ -0.2461588, 48.1275198 ], [ -0.2468261, 48.1276735 ], [ -0.2468501, 48.1282843 ], [ -0.2466298, 48.1291207 ], [ -0.2458552, 48.1308775 ], [ -0.2460451, 48.1313406 ], [ -0.2460046, 48.131448 ], [ -0.2457731, 48.1315327 ], [ -0.2450544, 48.1325143 ], [ -0.2438535, 48.1335731 ], [ -0.2414472, 48.1343715 ], [ -0.2403896, 48.135094 ], [ -0.2390638, 48.1358311 ], [ -0.2403129, 48.1370234 ], [ -0.2407171, 48.1368358 ], [ -0.2416474, 48.1378099 ], [ -0.2423711, 48.1375441 ], [ -0.243911, 48.1367011 ], [ -0.2447687, 48.135922799999989 ], [ -0.2456443, 48.1355457 ], [ -0.24852, 48.1346578 ], [ -0.2486241, 48.1349062 ], [ -0.2501171, 48.1343309 ], [ -0.2512878, 48.1343788 ], [ -0.2523978, 48.1345328 ], [ -0.2536235, 48.1360408 ], [ -0.2539592, 48.1366413 ], [ -0.2529895, 48.13704 ], [ -0.2510986, 48.1380377 ], [ -0.2498359, 48.1388795 ], [ -0.2498898, 48.1390338 ], [ -0.2488912, 48.1395125 ], [ -0.248172, 48.1400268 ], [ -0.2480464, 48.1406309 ], [ -0.2480504, 48.1416368 ], [ -0.2482859, 48.1423372 ], [ -0.2481914, 48.1432521 ], [ -0.2486663, 48.143928 ], [ -0.2489529, 48.1448243 ], [ -0.2485608, 48.1448819 ], [ -0.247916, 48.1448132 ], [ -0.2454561, 48.1451629 ], [ -0.2451816, 48.1453388 ], [ -0.2442079, 48.1454998 ], [ -0.2418541, 48.1462652 ], [ -0.2404396, 48.1464157 ], [ -0.2388777, 48.1468621 ], [ -0.237297, 48.1471991 ], [ -0.2375255, 48.1484014 ], [ -0.2374439, 48.1502985 ], [ -0.2375781, 48.1511251 ], [ -0.2380389, 48.1520995 ], [ -0.2378091, 48.1531811 ], [ -0.2379919, 48.1532652 ], [ -0.2380869, 48.1534319 ], [ -0.2383487, 48.1534878 ], [ -0.2406804, 48.1531464 ], [ -0.242946, 48.152016 ], [ -0.2453804, 48.1515735 ], [ -0.2455191, 48.151684 ], [ -0.2460435, 48.1517867 ], [ -0.2469048, 48.1518071 ], [ -0.2481662, 48.1523821 ], [ -0.2483549, 48.1526705 ], [ -0.2482443, 48.1531913 ], [ -0.2483111, 48.1536209 ], [ -0.2480223, 48.1542223 ], [ -0.2479939, 48.1545257 ], [ -0.2485223, 48.1562889 ], [ -0.2494705, 48.1569778 ], [ -0.2503272, 48.1572073 ], [ -0.2518758, 48.1572628 ], [ -0.2525548, 48.1573827 ], [ -0.2525618, 48.1575176 ], [ -0.2504501, 48.1583287 ], [ -0.2481325, 48.1590545 ], [ -0.2467656, 48.1599846 ], [ -0.2466398, 48.1601493 ], [ -0.2471071, 48.1611162 ], [ -0.2472504, 48.1618931 ], [ -0.2472034, 48.1626383 ], [ -0.2487585, 48.1635843 ], [ -0.2489707, 48.1638396 ], [ -0.2492975, 48.1639225 ], [ -0.2486013, 48.1644874 ], [ -0.2487742, 48.1648465 ], [ -0.2489584, 48.1649305 ], [ -0.2494554, 48.1656787 ], [ -0.2494957, 48.1662675 ], [ -0.2493386, 48.1673462 ], [ -0.2503678, 48.167597 ], [ -0.2505137, 48.167955 ], [ -0.2503933, 48.1681862 ], [ -0.2507311, 48.1682724 ], [ -0.2520035, 48.1682967 ], [ -0.2519544, 48.1685268 ], [ -0.2511045, 48.1685638 ], [ -0.250939, 48.168959199999989 ], [ -0.2494887, 48.1690622 ], [ -0.2525064, 48.1726137 ], [ -0.2524301, 48.1728383 ], [ -0.2554607, 48.175152 ], [ -0.2557307, 48.1753814 ], [ -0.2558835, 48.1756762 ], [ -0.2564969, 48.1754692 ], [ -0.2573708, 48.1766483 ], [ -0.2574816, 48.1769613 ], [ -0.2576056, 48.176984 ], [ -0.2578175, 48.1774077 ], [ -0.2577473, 48.1775565 ], [ -0.2590257, 48.1771727 ], [ -0.2588357, 48.1782622 ], [ -0.2588527, 48.1794307 ], [ -0.2589569, 48.1795259 ], [ -0.2588781, 48.1797335 ], [ -0.2590566, 48.1797889 ], [ -0.2597082, 48.1796781 ], [ -0.2601333, 48.1793656 ], [ -0.2602896, 48.1791064 ], [ -0.2611533, 48.1788313 ], [ -0.2621233, 48.1791232 ], [ -0.2627815, 48.1789222 ], [ -0.2629061, 48.1787171 ], [ -0.2645813, 48.1797847 ], [ -0.2649545, 48.1797231 ], [ -0.265418, 48.1798147 ], [ -0.265619, 48.1797767 ], [ -0.2663862, 48.17938 ], [ -0.2664876, 48.1797779 ], [ -0.2669221, 48.1800325 ], [ -0.2674631, 48.1800049 ], [ -0.2678465, 48.1801509 ], [ -0.2678886, 48.1804173 ], [ -0.2669346, 48.180495 ], [ -0.267032, 48.1809597 ], [ -0.2685737, 48.1821742 ], [ -0.2688325, 48.1826344 ], [ -0.2690341, 48.1826072 ], [ -0.2702259, 48.1839539 ], [ -0.2704842, 48.1838855 ], [ -0.2708464, 48.1843843 ], [ -0.2721146, 48.1837052 ], [ -0.2736273, 48.1849475 ], [ -0.2759967, 48.1873862 ], [ -0.2753198, 48.1879814 ], [ -0.2754674, 48.1881889 ], [ -0.2753742, 48.1884022 ], [ -0.2760875, 48.1886112 ], [ -0.2770665, 48.1886308 ], [ -0.2751283, 48.1902345 ], [ -0.2748115, 48.1906423 ], [ -0.2746209, 48.1914122 ], [ -0.2734558, 48.1914103 ], [ -0.2733467, 48.1919311 ], [ -0.271967, 48.1924016 ], [ -0.2727079, 48.1929466 ], [ -0.2712677, 48.1944401 ], [ -0.2705799, 48.195490299999989 ], [ -0.2702328, 48.1962573 ], [ -0.270266, 48.1969246 ], [ -0.2694039, 48.1969233 ], [ -0.2693074, 48.1966711 ], [ -0.2690086, 48.196565899999989 ], [ -0.268086, 48.1964374 ], [ -0.2684242, 48.1968081 ], [ -0.2685212, 48.1970684 ], [ -0.2689268, 48.1972895 ], [ -0.2686113, 48.1974801 ], [ -0.2689673, 48.1977684 ], [ -0.2690588, 48.1982233 ], [ -0.2689173, 48.1985496 ], [ -0.2680942, 48.1992875 ], [ -0.2687592, 48.199433 ], [ -0.2697369, 48.1992105 ], [ -0.2699642, 48.1990745 ], [ -0.2734099, 48.2008963 ], [ -0.2736456, 48.2012653 ], [ -0.2740139, 48.2014685 ], [ -0.2750802, 48.2007428 ], [ -0.2755459, 48.2005408 ], [ -0.276848, 48.2002939 ], [ -0.2789277, 48.1991852 ], [ -0.2800005, 48.1987825 ], [ -0.2807333, 48.1987172 ], [ -0.2812429, 48.1985499 ], [ -0.2814574, 48.198426 ], [ -0.2813195, 48.1976805 ], [ -0.2827344, 48.1978627 ], [ -0.2828746, 48.1977336 ], [ -0.2854381, 48.1979298 ], [ -0.285457, 48.198709199999989 ], [ -0.2855668, 48.1990231 ], [ -0.2860353, 48.199343299999988 ], [ -0.2872094, 48.1994637 ], [ -0.2885373, 48.1993078 ], [ -0.2895708, 48.1995933 ], [ -0.2893516, 48.1998156 ], [ -0.2900338, 48.200019 ], [ -0.2901693, 48.2002269 ], [ -0.291029, 48.2001443 ], [ -0.2919463, 48.2002079 ], [ -0.293092, 48.2001526 ], [ -0.293616, 48.1996777 ], [ -0.2943348, 48.1993236 ], [ -0.2951773, 48.1992262 ], [ -0.2985739, 48.1991494 ], [ -0.2989979, 48.1989925 ], [ -0.3006277, 48.1990334 ], [ -0.3012056, 48.1993568 ], [ -0.3033337, 48.1992 ], [ -0.3046973, 48.1993779 ], [ -0.3050804, 48.1989566 ], [ -0.3056039, 48.1991202 ], [ -0.3059392, 48.1988812 ], [ -0.3063225, 48.1987867 ], [ -0.3064893, 48.1982444 ], [ -0.3061143, 48.1975272 ], [ -0.3063443, 48.1969408 ], [ -0.3069545, 48.1959105 ], [ -0.3071536, 48.1959482 ], [ -0.3078455, 48.1955109 ], [ -0.3079651, 48.1951635 ], [ -0.3085628, 48.195072 ], [ -0.3092246, 48.1950778 ], [ -0.309732, 48.1951798 ], [ -0.3100697, 48.1939068 ], [ -0.3106832, 48.1929502 ], [ -0.3106185, 48.1926918 ], [ -0.3115041, 48.1925526 ], [ -0.3122829, 48.1925784 ], [ -0.3135197, 48.1931624 ], [ -0.3139631, 48.1931671 ], [ -0.3143977, 48.1930306 ], [ -0.3154288, 48.1922271 ], [ -0.3158816, 48.1922523 ], [ -0.3172003, 48.19296 ], [ -0.3178968, 48.192491 ], [ -0.3194827, 48.191922299999987 ], [ -0.3204451, 48.1911198 ], [ -0.3207063, 48.1910755 ], [ -0.3212317, 48.1903286 ], [ -0.321607, 48.1900208 ], [ -0.3223995, 48.1889808 ], [ -0.3227979, 48.188613 ], [ -0.3239978, 48.1884198 ], [ -0.3261886, 48.1875349 ], [ -0.3274562, 48.1871119 ], [ -0.3278996, 48.187031 ], [ -0.3273036, 48.1887931 ], [ -0.3271913, 48.189832 ], [ -0.327185, 48.1917405 ], [ -0.3273799, 48.1922241 ], [ -0.3274083, 48.1927177 ], [ -0.3269847, 48.1937536 ], [ -0.3269125, 48.1943824 ], [ -0.3263488, 48.1954187 ], [ -0.3261288, 48.1956248 ], [ -0.3253228, 48.195852 ], [ -0.3246141, 48.1961917 ], [ -0.3245123, 48.1966493 ], [ -0.324555, 48.1984178 ], [ -0.3250762, 48.1994415 ], [ -0.3262801, 48.2007386 ], [ -0.3265485, 48.2021117 ], [ -0.3266507, 48.2040099 ], [ -0.3274211, 48.2046042 ], [ -0.3280003, 48.2045816 ], [ -0.3285481, 48.2047003 ], [ -0.3288408, 48.2050271 ], [ -0.3297909, 48.2054371 ], [ -0.3301471, 48.2057657 ], [ -0.3305551, 48.2061675 ], [ -0.331326, 48.2072166 ], [ -0.3315397, 48.2078266 ], [ -0.3319485, 48.2085391 ], [ -0.3320799, 48.2093603 ], [ -0.3323678, 48.2098664 ], [ -0.3324161, 48.2102892 ], [ -0.3328976, 48.2103396 ], [ -0.3331783, 48.2104749 ], [ -0.3336556, 48.2109693 ], [ -0.3343087, 48.2120298 ], [ -0.334882, 48.2125729 ], [ -0.3354867, 48.213079 ], [ -0.3372521, 48.2142323 ], [ -0.3375806, 48.2146742 ], [ -0.3393478, 48.2159193 ], [ -0.3408017, 48.2188321 ], [ -0.3415278, 48.2197635 ], [ -0.3433617, 48.2210985 ], [ -0.3440598, 48.2219487 ], [ -0.344174, 48.221922 ], [ -0.344529, 48.222292 ], [ -0.3450075, 48.2231854 ], [ -0.345898, 48.224158 ], [ -0.3492094, 48.226067 ], [ -0.3491095, 48.2264463 ], [ -0.3487882, 48.2266706 ], [ -0.3487778, 48.2269951 ], [ -0.3483996, 48.2277471 ], [ -0.3483999, 48.2280496 ], [ -0.3481264, 48.2288355 ], [ -0.3487181, 48.2299399 ], [ -0.3490106, 48.230237 ], [ -0.3492476, 48.230700299999988 ], [ -0.3494483, 48.2308243 ], [ -0.3492967, 48.231133 ], [ -0.3495329, 48.2316685 ], [ -0.350169, 48.2321331 ], [ -0.3505459, 48.2327403 ], [ -0.3550728, 48.2314959 ], [ -0.3558077, 48.2314796 ], [ -0.3560873, 48.2314032 ], [ -0.3569179, 48.2324242 ], [ -0.3578831, 48.2321708 ], [ -0.3581143, 48.232202 ], [ -0.3589182, 48.232507 ], [ -0.3601712, 48.2331531 ], [ -0.3601675, 48.233898 ], [ -0.3595684, 48.2341014 ], [ -0.3609569, 48.2347356 ], [ -0.3619166, 48.2346083 ], [ -0.3635608, 48.2346011 ], [ -0.3644065, 48.2344401 ], [ -0.3648554, 48.23444 ], [ -0.3666522, 48.2348805 ], [ -0.3693749, 48.2351496 ], [ -0.3697866, 48.2346308 ], [ -0.3710904, 48.234508 ], [ -0.371477, 48.2343349 ], [ -0.3719441, 48.2342828 ], [ -0.3726231, 48.2340869 ], [ -0.3734562, 48.2332868 ], [ -0.3735681, 48.2329495 ], [ -0.3738633, 48.2326763 ], [ -0.3741842, 48.2319404 ], [ -0.3746315, 48.2316196 ], [ -0.3755537, 48.2313501 ], [ -0.375977, 48.2311399 ], [ -0.3775043, 48.2300038 ], [ -0.3780878, 48.2297277 ], [ -0.3786619, 48.229306 ], [ -0.3793405, 48.229211 ], [ -0.3796681, 48.2290854 ], [ -0.3796757, 48.2294562 ], [ -0.3802721, 48.2304749 ], [ -0.3807596, 48.2306149 ], [ -0.381078, 48.231166 ], [ -0.3812908, 48.2313724 ], [ -0.3816328, 48.2315346 ], [ -0.381747, 48.2317187 ], [ -0.381715, 48.2319547 ], [ -0.381247, 48.2325814 ], [ -0.381402, 48.2328543 ], [ -0.3821569, 48.2330236 ], [ -0.3842679, 48.2330865 ], [ -0.3848851, 48.2329788 ], [ -0.3858782, 48.2323217 ], [ -0.3888547, 48.2321355 ], [ -0.3895209, 48.2320137 ], [ -0.3897872, 48.2321727 ], [ -0.3902707, 48.2328577 ], [ -0.3917395, 48.2321364 ], [ -0.3934726, 48.2308943 ], [ -0.3942955, 48.2301096 ], [ -0.3956912, 48.2304315 ], [ -0.3968692, 48.2308696 ], [ -0.3975585, 48.2309614 ], [ -0.3971433, 48.2304375 ], [ -0.3972513, 48.2302939 ], [ -0.3986606, 48.2300327 ], [ -0.3991057, 48.2297434 ], [ -0.399883, 48.229402199999988 ], [ -0.4017377, 48.2289418 ], [ -0.4026384, 48.2289464 ], [ -0.4049975, 48.2292216 ], [ -0.4054829, 48.229349 ], [ -0.4058798, 48.2292952 ], [ -0.4064444, 48.2293348 ], [ -0.4073296, 48.229224599999988 ], [ -0.4078293, 48.2293227 ], [ -0.4086851, 48.2293422 ], [ -0.4096357, 48.229158 ], [ -0.4101131, 48.2292253 ], [ -0.4106792, 48.2291612 ], [ -0.4121108, 48.2293927 ], [ -0.4127127, 48.229424 ], [ -0.4132367, 48.229335 ], [ -0.4142534, 48.2288616 ], [ -0.4164521, 48.2289493 ], [ -0.4172216, 48.2288217 ], [ -0.417469, 48.2286668 ], [ -0.4180455, 48.2285556 ], [ -0.4188965, 48.2286264 ], [ -0.4200595, 48.228518 ], [ -0.4210996, 48.2286968 ], [ -0.4224773, 48.2285749 ], [ -0.4226075, 48.228546 ], [ -0.422737, 48.228381 ], [ -0.4231153, 48.228249299999987 ], [ -0.4236012, 48.228196499999989 ], [ -0.4240662, 48.2280516 ], [ -0.4247936, 48.227255 ], [ -0.4267008, 48.2262171 ], [ -0.4272588, 48.226051399999989 ], [ -0.4278789, 48.2260109 ], [ -0.4290208, 48.2256202 ], [ -0.4290151, 48.22489 ], [ -0.4286032, 48.2247542 ], [ -0.4282862, 48.2241285 ], [ -0.42839, 48.2234446 ], [ -0.4273239, 48.221868 ], [ -0.4281544, 48.2214377 ], [ -0.4285765, 48.2214209 ], [ -0.4292456, 48.2197921 ], [ -0.4304717, 48.2204301 ], [ -0.4359978, 48.222195 ], [ -0.4393137, 48.2231099 ], [ -0.4424912, 48.2238639 ], [ -0.4452115, 48.2247996 ], [ -0.4455294, 48.2248786 ], [ -0.4459296, 48.224857 ], [ -0.4485138, 48.2258929 ], [ -0.4489018, 48.2262608 ], [ -0.4493273, 48.2268725 ], [ -0.4499083, 48.2272437 ], [ -0.4528981, 48.2281929 ], [ -0.4542521, 48.2285109 ], [ -0.4567927, 48.229248 ], [ -0.4578564, 48.2297429 ], [ -0.4596238, 48.2308142 ], [ -0.460973, 48.2314276 ], [ -0.4633347, 48.2318574 ], [ -0.4645319, 48.2327013 ], [ -0.464825, 48.2325864 ], [ -0.4669059, 48.232211 ], [ -0.4685387, 48.2315795 ], [ -0.4688066, 48.2315743 ], [ -0.4689128, 48.2314064 ], [ -0.46922, 48.2312812 ], [ -0.4693272, 48.2311474 ], [ -0.4697027, 48.2310364 ], [ -0.4701399, 48.231002 ], [ -0.4703321, 48.2310549 ], [ -0.4705585, 48.2309113 ], [ -0.4711433, 48.2308257 ], [ -0.4712157, 48.2304092 ], [ -0.4717537, 48.2299827 ], [ -0.4731873, 48.2285185 ], [ -0.4734392, 48.2280661 ], [ -0.4733966, 48.2269497 ], [ -0.4736272, 48.2266025 ], [ -0.4737715, 48.2259281 ], [ -0.4736376, 48.2256763 ], [ -0.4736753, 48.2254716 ], [ -0.4733205, 48.2250164 ], [ -0.4733376, 48.2247025 ], [ -0.4730979, 48.2245213 ], [ -0.4730203, 48.224121 ], [ -0.4730801, 48.2235356 ], [ -0.4729031, 48.223304 ], [ -0.4733083, 48.2227841 ], [ -0.4736284, 48.22259 ], [ -0.4736504, 48.2220652 ], [ -0.4737919, 48.2218197 ], [ -0.4735151, 48.221627 ], [ -0.4736191, 48.2214672 ], [ -0.4734844, 48.2213865 ], [ -0.4736447, 48.2212422 ], [ -0.4736592, 48.2209716 ], [ -0.4740507, 48.2208997 ], [ -0.4742864, 48.220447 ], [ -0.4752086, 48.2201451 ], [ -0.4756221, 48.2198754 ], [ -0.4759293, 48.2198132 ], [ -0.4759595, 48.2195349 ], [ -0.4763005, 48.2192889 ], [ -0.4761077, 48.2190631 ], [ -0.4766982, 48.2186161 ], [ -0.476752, 48.218084 ], [ -0.4772528, 48.2175442 ], [ -0.4789782, 48.2169566 ], [ -0.4792884, 48.2165728 ], [ -0.480583, 48.2161365 ], [ -0.4832577, 48.2145599 ], [ -0.4843282, 48.214404 ], [ -0.4852738, 48.2145598 ], [ -0.4858985, 48.2147548 ], [ -0.4870123, 48.2146841 ], [ -0.4877287, 48.2147773 ], [ -0.4882101, 48.2149856 ], [ -0.4887462, 48.2149823 ], [ -0.4890452, 48.2154076 ], [ -0.4901905, 48.2154251 ], [ -0.4915255, 48.2152127 ], [ -0.4924521, 48.2149205 ], [ -0.4927828, 48.2143577 ], [ -0.494955, 48.2128515 ], [ -0.4955144, 48.2125476 ], [ -0.4958048, 48.212111199999988 ], [ -0.4961771, 48.2118723 ], [ -0.4971409, 48.2118573 ], [ -0.4990059, 48.2116138 ], [ -0.4994833, 48.2114564 ], [ -0.5000389, 48.2110365 ], [ -0.5004243, 48.2109142 ], [ -0.5011675, 48.2112291 ], [ -0.5019106, 48.2109548 ], [ -0.5021883, 48.210956499999988 ], [ -0.5027033, 48.2107773 ], [ -0.5035803, 48.2108549 ], [ -0.5041633, 48.2107259 ], [ -0.5037017, 48.2101055 ], [ -0.5032918, 48.2099808 ], [ -0.5026192, 48.209997099999988 ], [ -0.5017645, 48.2103773 ], [ -0.5005642, 48.2105859 ], [ -0.5000934, 48.210598 ], [ -0.4996835, 48.2104724 ], [ -0.4979866, 48.2064642 ], [ -0.4980097, 48.2056547 ], [ -0.4977192, 48.2052562 ], [ -0.4971597, 48.2048648 ], [ -0.4964559, 48.2038823 ], [ -0.496027, 48.2037131 ], [ -0.492753, 48.2007216 ], [ -0.4923379, 48.2001917 ], [ -0.4919438, 48.1994477 ], [ -0.4914307, 48.1991449 ], [ -0.491124, 48.1967708 ], [ -0.4902537, 48.1955077 ], [ -0.4899076, 48.194592 ], [ -0.4887904, 48.1905315 ], [ -0.4883629, 48.1899533 ], [ -0.4875935, 48.1896644 ] ] ] ] } },
{ "type": "Feature", "properties": { "code_departement": 53.0, "code_rne": "0530015D", "multisecteur": 0.0 }, "geometry": { "type": "MultiPolygon", "coordinates": [ [ [ [ -0.7729974, 48.0569783 ], [ -0.7739515, 48.056051599999989 ], [ -0.7741123, 48.0555224 ], [ -0.773705, 48.0545483 ], [ -0.7741298, 48.0539894 ], [ -0.7754166, 48.0517336 ], [ -0.7763359, 48.0511092 ], [ -0.7801357, 48.0474205 ], [ -0.7819682, 48.0434392 ], [ -0.780988, 48.0390602 ], [ -0.7881065, 48.0378446 ], [ -0.7889808, 48.0374849 ], [ -0.790505, 48.0372349 ], [ -0.8002027, 48.0364869 ], [ -0.800398, 48.0363824 ], [ -0.8009584, 48.0352264 ], [ -0.8014974, 48.0352117 ], [ -0.8030261, 48.0323712 ], [ -0.7931987, 48.0300983 ], [ -0.7937499, 48.0294498 ], [ -0.7946989, 48.0279994 ], [ -0.7951816, 48.027463 ], [ -0.7955304, 48.0271022 ], [ -0.7971858, 48.0258767 ], [ -0.7984907, 48.0239597 ], [ -0.7961942, 48.0229671 ], [ -0.7931685, 48.0222377 ], [ -0.7953389, 48.0190558 ], [ -0.7910766, 48.0192428 ], [ -0.7908323, 48.0163191 ], [ -0.7910207, 48.0151994 ], [ -0.7913215, 48.0143564 ], [ -0.7901612, 48.0141109 ], [ -0.7891743, 48.0141102 ], [ -0.7886177, 48.0139696 ], [ -0.788134, 48.0139465 ], [ -0.7879182, 48.0132957 ], [ -0.7875143, 48.013543 ], [ -0.7867487, 48.0136703 ], [ -0.7861647, 48.0138603 ], [ -0.7850362, 48.0139264 ], [ -0.7848191, 48.0122603 ], [ -0.7845976, 48.0119792 ], [ -0.7841496, 48.0116665 ], [ -0.7836121, 48.0121676 ], [ -0.7828153, 48.0125167 ], [ -0.7815322, 48.0122796 ], [ -0.7818508, 48.0115522 ], [ -0.7824898, 48.0109118 ], [ -0.7836878, 48.0106156 ], [ -0.7837545, 48.009708 ], [ -0.7836151, 48.0093728 ], [ -0.7826237, 48.0092723 ], [ -0.7806626, 48.0094471 ], [ -0.7806637, 48.0082037 ], [ -0.780157, 48.0084029 ], [ -0.7793562, 48.0084692 ], [ -0.7794865, 48.0077371 ], [ -0.7781475, 48.0082387 ], [ -0.7769337, 48.0084434 ], [ -0.7740958, 48.0087499 ], [ -0.7718265, 48.0088975 ], [ -0.7715082, 48.0088383 ], [ -0.7713355, 48.0086952 ], [ -0.7711651, 48.0085088 ], [ -0.7709983, 48.0069014 ], [ -0.7707338, 48.0065811 ], [ -0.7700974, 48.0060898 ], [ -0.7699848, 48.0058663 ], [ -0.769991, 48.0054823 ], [ -0.7697939, 48.0051643 ], [ -0.769634, 48.0045028 ], [ -0.7696351, 48.0036315 ], [ -0.7698121, 48.0035916 ], [ -0.7698325, 48.0034441 ], [ -0.7691958, 48.0026474 ], [ -0.7684931, 48.0020537 ], [ -0.7682557, 48.0015856 ], [ -0.7684935, 48.0010221 ], [ -0.7682926, 48.0001042 ], [ -0.7688113, 47.9998659 ], [ -0.7688451, 47.9996243 ], [ -0.7691573, 47.9993332 ], [ -0.7691959, 47.9991409 ], [ -0.7688037, 47.9988165 ], [ -0.7683702, 47.9987422 ], [ -0.7676809, 47.9982228 ], [ -0.7677025, 47.9980365 ], [ -0.7675197, 47.9979378 ], [ -0.7675755, 47.9977415 ], [ -0.7673604, 47.9974727 ], [ -0.7675673, 47.9971174 ], [ -0.7675729, 47.9968938 ], [ -0.7672083, 47.9965045 ], [ -0.768203, 47.9958636 ], [ -0.7683372, 47.9951088 ], [ -0.7676952, 47.9952916 ], [ -0.7672587, 47.9952128 ], [ -0.7666939, 47.9947822 ], [ -0.7656679, 47.9947943 ], [ -0.7649939, 47.9944889 ], [ -0.7636075, 47.9944531 ], [ -0.763185, 47.9941738 ], [ -0.7629484, 47.9942264 ], [ -0.7628677, 47.9944308 ], [ -0.76266, 47.9944933 ], [ -0.762454, 47.9944459 ], [ -0.76203, 47.994127 ], [ -0.7606311, 47.9940276 ], [ -0.7601039, 47.9938625 ], [ -0.7588424, 47.9940164 ], [ -0.7586744, 47.9940695 ], [ -0.7584303, 47.9943178 ], [ -0.7579517, 47.9941944 ], [ -0.7574163, 47.9942151 ], [ -0.7570575, 47.9939815 ], [ -0.7570868, 47.9935815 ], [ -0.7563016, 47.9933345 ], [ -0.7554876, 47.9928335 ], [ -0.7555754, 47.992691 ], [ -0.7563155, 47.9925466 ], [ -0.756305, 47.9923235 ], [ -0.7556064, 47.9921621 ], [ -0.7554735, 47.9920105 ], [ -0.7549261, 47.9918622 ], [ -0.7529009, 47.9915791 ], [ -0.751003, 47.9905171 ], [ -0.7504855, 47.9905057 ], [ -0.7492767, 47.9890901 ], [ -0.7486624, 47.9882043 ], [ -0.7482337, 47.9885756 ], [ -0.7473608, 47.9888711 ], [ -0.7465451, 47.9893304 ], [ -0.7457016, 47.9894735 ], [ -0.7451433, 47.9890363 ], [ -0.7440815, 47.9886161 ], [ -0.7429373, 47.9882633 ], [ -0.7420093, 47.9881974 ], [ -0.7403914, 47.988548 ], [ -0.7404382, 47.9887735 ], [ -0.7412909, 47.989787 ], [ -0.7422952, 47.9913893 ], [ -0.7425038, 47.992061899999989 ], [ -0.7424504, 47.9929402 ], [ -0.7421592, 47.9937387 ], [ -0.741199, 47.9956882 ], [ -0.7401854, 47.9983071 ], [ -0.7397537, 47.9990559 ], [ -0.7389934, 47.9999234 ], [ -0.738311, 48.002255 ], [ -0.7381545, 48.0025483 ], [ -0.7378232, 48.0028372 ], [ -0.7377604, 48.0030509 ], [ -0.7378902, 48.0034261 ], [ -0.7388811, 48.0043604 ], [ -0.7391486, 48.0047636 ], [ -0.739212, 48.0053391 ], [ -0.7390363, 48.0064627 ], [ -0.7389376, 48.0084866 ], [ -0.7397008, 48.0100731 ], [ -0.7399249, 48.0107561 ], [ -0.7401281, 48.0123785 ], [ -0.7430972, 48.0158598 ], [ -0.7437327, 48.0170801 ], [ -0.7441785, 48.0186939 ], [ -0.7446344, 48.0195388 ], [ -0.746053, 48.0210648 ], [ -0.7469371, 48.0218115 ], [ -0.7481693, 48.0233578 ], [ -0.7495177, 48.0247617 ], [ -0.7505957, 48.0257039 ], [ -0.751534, 48.0263226 ], [ -0.7539144, 48.0273909 ], [ -0.7567418, 48.0293619 ], [ -0.7580611, 48.0301242 ], [ -0.7585665, 48.030527 ], [ -0.7587924, 48.0309649 ], [ -0.7588005, 48.0314196 ], [ -0.7579321, 48.0326005 ], [ -0.7573993, 48.0328346 ], [ -0.7569241, 48.0331606 ], [ -0.7567116, 48.0334971 ], [ -0.7566775, 48.0340946 ], [ -0.7575734, 48.0354183 ], [ -0.7584836, 48.0362442 ], [ -0.7618033, 48.0386867 ], [ -0.7620619, 48.0386776 ], [ -0.7625609, 48.0388751 ], [ -0.7632542, 48.0393494 ], [ -0.763962, 48.0407447 ], [ -0.7643501, 48.0412341 ], [ -0.7673633, 48.0400251 ], [ -0.7677561, 48.0399377 ], [ -0.768134, 48.039981499999989 ], [ -0.7686974, 48.0401769 ], [ -0.76979, 48.0407672 ], [ -0.7703328, 48.0408435 ], [ -0.7709115, 48.0407637 ], [ -0.7713196, 48.0405902 ], [ -0.7726256, 48.0402736 ], [ -0.7733365, 48.0402012 ], [ -0.7746235, 48.0402771 ], [ -0.7752417, 48.0400356 ], [ -0.7781344, 48.0395669 ], [ -0.772412, 48.0431946 ], [ -0.7606539, 48.0464747 ], [ -0.7588019, 48.0463736 ], [ -0.7572402, 48.0463978 ], [ -0.7568148, 48.0464881 ], [ -0.7563975, 48.0497917 ], [ -0.7567234, 48.0507295 ], [ -0.7596122, 48.0524206 ], [ -0.7601665, 48.0534084 ], [ -0.7601647, 48.0536471 ], [ -0.7598011, 48.054366 ], [ -0.7584027, 48.0555136 ], [ -0.7583667, 48.0562918 ], [ -0.7587149, 48.0573526 ], [ -0.7584879, 48.0578187 ], [ -0.7602276, 48.0592439 ], [ -0.7602895, 48.0594081 ], [ -0.761223, 48.0599022 ], [ -0.7613308, 48.0600798 ], [ -0.7607257, 48.0608753 ], [ -0.7606678, 48.0610745 ], [ -0.7594202, 48.0613211 ], [ -0.7591264, 48.0616652 ], [ -0.758486, 48.0621222 ], [ -0.7586098, 48.0622286 ], [ -0.7584065, 48.0631835 ], [ -0.7578426, 48.0641514 ], [ -0.7591593, 48.0639233 ], [ -0.76022, 48.064041 ], [ -0.760267, 48.0643265 ], [ -0.7605606, 48.0641821 ], [ -0.7605649, 48.0641118 ], [ -0.7606827, 48.0641198 ], [ -0.7606212, 48.0642191 ], [ -0.7607048, 48.064328 ], [ -0.7604094, 48.0644386 ], [ -0.7605645, 48.0650503 ], [ -0.7611108, 48.0658983 ], [ -0.7610385, 48.0661365 ], [ -0.7612785, 48.0661935 ], [ -0.7615249, 48.0665176 ], [ -0.7613049, 48.0665468 ], [ -0.7612194, 48.0663886 ], [ -0.7611117, 48.0664394 ], [ -0.7611691, 48.0665778 ], [ -0.7608492, 48.066531 ], [ -0.7609478, 48.0663355 ], [ -0.7611032, 48.0663777 ], [ -0.7611656, 48.0663091 ], [ -0.7608292, 48.0660503 ], [ -0.7608972, 48.0659672 ], [ -0.7607306, 48.0659621 ], [ -0.7606219, 48.0658113 ], [ -0.760528, 48.0658418 ], [ -0.760494, 48.0657175 ], [ -0.7602491, 48.0657475 ], [ -0.7605147, 48.0656046 ], [ -0.760272, 48.0655762 ], [ -0.7601934, 48.0654104 ], [ -0.7599827, 48.06535 ], [ -0.7600532, 48.0651811 ], [ -0.7599005, 48.0650818 ], [ -0.7596107, 48.0650577 ], [ -0.7598844, 48.0649673 ], [ -0.7598492, 48.0647676 ], [ -0.7602488, 48.0643617 ], [ -0.7599244, 48.0644109 ], [ -0.759845, 48.0645014 ], [ -0.7597493, 48.0644749 ], [ -0.7594972, 48.0647014 ], [ -0.7592348, 48.0647682 ], [ -0.7577818, 48.0641909 ], [ -0.7574231, 48.0643213 ], [ -0.756918, 48.0641859 ], [ -0.755034, 48.0639297 ], [ -0.7546541, 48.0642511 ], [ -0.754599, 48.0646931 ], [ -0.7550875, 48.0648695 ], [ -0.7551506, 48.065311 ], [ -0.7555387, 48.0655599 ], [ -0.7558344, 48.0656241 ], [ -0.7560598, 48.065962299999988 ], [ -0.756279, 48.066064 ], [ -0.7570649, 48.0661336 ], [ -0.7569254, 48.0663358 ], [ -0.7563126, 48.0665306 ], [ -0.7551391, 48.0660225 ], [ -0.7545869, 48.0658592 ], [ -0.7543691, 48.065869199999987 ], [ -0.754246, 48.0656944 ], [ -0.7539128, 48.0656805 ], [ -0.7537315, 48.0658583 ], [ -0.754186, 48.065965 ], [ -0.7540896, 48.0660734 ], [ -0.754261, 48.0662138 ], [ -0.7536347, 48.0664486 ], [ -0.7539205, 48.066775 ], [ -0.7538921, 48.0671626 ], [ -0.7544751, 48.0674192 ], [ -0.7543299, 48.0676149 ], [ -0.7544298, 48.0677252 ], [ -0.7543888, 48.0678908 ], [ -0.7550648, 48.0678754 ], [ -0.754899, 48.068218 ], [ -0.7552847, 48.068317699999987 ], [ -0.7555775, 48.0685033 ], [ -0.7554271, 48.0687387 ], [ -0.7554741, 48.068885 ], [ -0.7556727, 48.0689217 ], [ -0.7554908, 48.0690326 ], [ -0.7556698, 48.0690853 ], [ -0.7556734, 48.0692425 ], [ -0.7559355, 48.0693065 ], [ -0.7558391, 48.0694168 ], [ -0.7559017, 48.0695013 ], [ -0.7562434, 48.0694875 ], [ -0.7560537, 48.0697107 ], [ -0.7562269, 48.069933 ], [ -0.7563739, 48.0698882 ], [ -0.7568051, 48.0700693 ], [ -0.7571333, 48.0707523 ], [ -0.7573905, 48.0709081 ], [ -0.7575948, 48.0712243 ], [ -0.7577671, 48.0712812 ], [ -0.7577066, 48.0713443 ], [ -0.7578401, 48.0714236 ], [ -0.7578222, 48.0715178 ], [ -0.7579838, 48.0715173 ], [ -0.7580455, 48.0716487 ], [ -0.758135, 48.0716445 ], [ -0.7581088, 48.0718126 ], [ -0.7583707, 48.0717828 ], [ -0.758359, 48.071855 ], [ -0.7585372, 48.0719574 ], [ -0.758986, 48.0718189 ], [ -0.7590513, 48.0717261 ], [ -0.7594643, 48.0716743 ], [ -0.7598687, 48.0715287 ], [ -0.7601735, 48.0716781 ], [ -0.7604934, 48.0715713 ], [ -0.7610078, 48.0716598 ], [ -0.7614765, 48.0720036 ], [ -0.7623878, 48.0717299 ], [ -0.7625106, 48.0714012 ], [ -0.7627662, 48.0712646 ], [ -0.763143, 48.0713578 ], [ -0.7632444, 48.0714617 ], [ -0.7630303, 48.0717674 ], [ -0.7632969, 48.0719859 ], [ -0.7634102, 48.0722982 ], [ -0.7640976, 48.0722908 ], [ -0.7642732, 48.07214 ], [ -0.7641863, 48.0718209 ], [ -0.7642472, 48.0715482 ], [ -0.7648942, 48.0711689 ], [ -0.76523, 48.071157 ], [ -0.7656397, 48.0713453 ], [ -0.765786, 48.0713413 ], [ -0.7659578, 48.0711989 ], [ -0.7658003, 48.071018 ], [ -0.7658712, 48.0708675 ], [ -0.7661765, 48.0709709 ], [ -0.7661765, 48.0710712 ], [ -0.76634, 48.0710876 ], [ -0.76633, 48.0708302 ], [ -0.7664789, 48.0707165 ], [ -0.7665696, 48.0712755 ], [ -0.7667776, 48.0712216 ], [ -0.7668018, 48.0711057 ], [ -0.7665544, 48.0710594 ], [ -0.7665061, 48.0706905 ], [ -0.7666548, 48.0705567 ], [ -0.7668563, 48.0707313 ], [ -0.7668863, 48.0710456 ], [ -0.7669932, 48.0710429 ], [ -0.7670817, 48.0708243 ], [ -0.7673079, 48.0709899 ], [ -0.7675114, 48.0709625 ], [ -0.7678683, 48.0710892 ], [ -0.7686408, 48.0709376 ], [ -0.7688093, 48.0710164 ], [ -0.7692146, 48.0709641 ], [ -0.7694839, 48.0710078 ], [ -0.7709621, 48.0708449 ], [ -0.7705233, 48.0699565 ], [ -0.770264, 48.0697064 ], [ -0.7697369, 48.0687849 ], [ -0.769649, 48.0684791 ], [ -0.7684215, 48.0671075 ], [ -0.7681063, 48.0669532 ], [ -0.7679233, 48.0664858 ], [ -0.7670631, 48.0654417 ], [ -0.7669827, 48.0652309 ], [ -0.7658515, 48.063995299999988 ], [ -0.7656024, 48.0634704 ], [ -0.7651087, 48.0630906 ], [ -0.7640778, 48.0618208 ], [ -0.7633127, 48.0610834 ], [ -0.7635003, 48.0606346 ], [ -0.7632556, 48.060223 ], [ -0.7636786, 48.0600427 ], [ -0.7639163, 48.0602665 ], [ -0.764172, 48.060258 ], [ -0.7642772, 48.0603355 ], [ -0.7641346, 48.0605477 ], [ -0.7642003, 48.0607 ], [ -0.7643261, 48.0606189 ], [ -0.7644571, 48.060667 ], [ -0.7644704, 48.0605851 ], [ -0.7646349, 48.060584 ], [ -0.7650319, 48.0603772 ], [ -0.7650882, 48.0601353 ], [ -0.7653749, 48.06017 ], [ -0.7653443, 48.0598904 ], [ -0.7655765, 48.0597737 ], [ -0.7655831, 48.0596704 ], [ -0.7654138, 48.0594627 ], [ -0.7658257, 48.0591832 ], [ -0.7658598, 48.0589468 ], [ -0.7659898, 48.0588852 ], [ -0.7658914, 48.0587597 ], [ -0.7660055, 48.0586942 ], [ -0.7660465, 48.0584432 ], [ -0.7669394, 48.0583556 ], [ -0.7675614, 48.0580036 ], [ -0.7683735, 48.0582613 ], [ -0.7693923, 48.0581816 ], [ -0.7707932, 48.0575503 ], [ -0.7719584, 48.0573113 ], [ -0.7729974, 48.0569783 ] ], [ [ -0.7626651, 48.0533437 ], [ -0.7611331, 48.0534501 ], [ -0.7602656, 48.0534103 ], [ -0.7632002, 48.0527708 ], [ -0.7626651, 48.0533437 ] ], [ [ -0.7651753, 48.06767 ], [ -0.7650178, 48.0678562 ], [ -0.7655121, 48.0679572 ], [ -0.7649146, 48.067957 ], [ -0.7649303, 48.0678895 ], [ -0.7646918, 48.0677683 ], [ -0.7647962, 48.067645 ], [ -0.7649691, 48.0676883 ], [ -0.7649901, 48.067791799999988 ], [ -0.764989, 48.0676858 ], [ -0.7651753, 48.06767 ] ], [ [ -0.7655714, 48.0685129 ], [ -0.7652755, 48.0685821 ], [ -0.765217, 48.0684717 ], [ -0.7650321, 48.068446 ], [ -0.7650989, 48.0683318 ], [ -0.7652585, 48.0684178 ], [ -0.7652722, 48.0683006 ], [ -0.7650739, 48.0682657 ], [ -0.7651534, 48.0682085 ], [ -0.7650786, 48.0682042 ], [ -0.7651075, 48.0680793 ], [ -0.7655582, 48.0680686 ], [ -0.765672, 48.0683776 ], [ -0.7655714, 48.0685129 ] ], [ [ -0.7653704, 48.0687556 ], [ -0.7652802, 48.0687968 ], [ -0.7651946, 48.06874 ], [ -0.7652677, 48.0687109 ], [ -0.7653704, 48.0687556 ] ], [ [ -0.7638765, 48.0690879 ], [ -0.7636869, 48.0684665 ], [ -0.7643128, 48.0683098 ], [ -0.7649516, 48.0684557 ], [ -0.7651286, 48.0686601 ], [ -0.7651336, 48.0688783 ], [ -0.7649954, 48.068983 ], [ -0.7655629, 48.0689183 ], [ -0.7651586, 48.0690468 ], [ -0.7651165, 48.0692252 ], [ -0.7649326, 48.0692938 ], [ -0.7638765, 48.0690879 ] ], [ [ -0.7654743, 48.069169 ], [ -0.7653458, 48.0691855 ], [ -0.76538, 48.0691304 ], [ -0.765272, 48.0691435 ], [ -0.7652473, 48.069084 ], [ -0.765429, 48.0690584 ], [ -0.7654743, 48.069169 ] ], [ [ -0.7624914, 48.0518969 ], [ -0.761634, 48.0511066 ], [ -0.7599068, 48.0500767 ], [ -0.7621029, 48.0511679 ], [ -0.761972, 48.050922899999989 ], [ -0.7631277, 48.0513776 ], [ -0.7624914, 48.0518969 ] ], [ [ -0.7598103, 48.0523946 ], [ -0.7617119, 48.0512768 ], [ -0.7623438, 48.0520491 ], [ -0.7623213, 48.0520744 ], [ -0.7598103, 48.0523946 ] ], [ [ -0.760816, 48.0661149 ], [ -0.7610105, 48.0662542 ], [ -0.760942, 48.0663185 ], [ -0.76055, 48.0661284 ], [ -0.760816, 48.0661149 ] ], [ [ -0.761151, 48.0666328 ], [ -0.761091, 48.0667068 ], [ -0.7609858, 48.0665974 ], [ -0.761151, 48.0666328 ] ], [ [ -0.7612282, 48.070768 ], [ -0.7611444, 48.070771 ], [ -0.7610466, 48.0705295 ], [ -0.7612282, 48.070768 ] ] ], [ [ [ -0.7563969, 48.0629663 ], [ -0.7562288, 48.0627598 ], [ -0.7557003, 48.0625337 ], [ -0.7551967, 48.0626756 ], [ -0.7550762, 48.0631759 ], [ -0.7564687, 48.0636758 ], [ -0.7563969, 48.0629663 ] ] ], [ [ [ -0.7671053, 48.071204599999987 ], [ -0.7670907, 48.071045399999988 ], [ -0.767039, 48.071047 ], [ -0.767039, 48.0711828 ], [ -0.7671053, 48.071204599999987 ] ] ], [ [ [ -0.6877044, 48.1055361 ], [ -0.6890141, 48.1061095 ], [ -0.6895332, 48.1053762 ], [ -0.6904009, 48.1056301 ], [ -0.6914438, 48.105810899999987 ], [ -0.6918731, 48.1059686 ], [ -0.6960289, 48.1081561 ], [ -0.6983812, 48.105732 ], [ -0.6982183, 48.1056723 ], [ -0.698473, 48.105236399999988 ], [ -0.6986738, 48.1045887 ], [ -0.6995155, 48.1048731 ], [ -0.7007596, 48.1050079 ], [ -0.7011287, 48.1036711 ], [ -0.7011249, 48.1033289 ], [ -0.7008891, 48.1027274 ], [ -0.7009163, 48.1020401 ], [ -0.7024337, 48.0983791 ], [ -0.7038341, 48.0986351 ], [ -0.704236, 48.0989197 ], [ -0.7045312, 48.0990248 ], [ -0.7050214, 48.0990725 ], [ -0.7051336, 48.099005 ], [ -0.7058117, 48.0989891 ], [ -0.7061444, 48.099093 ], [ -0.7074984, 48.099108 ], [ -0.7089449, 48.099312 ], [ -0.7090618, 48.0997318 ], [ -0.7102173, 48.0999656 ], [ -0.7125891, 48.1007431 ], [ -0.7136559, 48.100957199999989 ], [ -0.7133156, 48.1015499 ], [ -0.7135474, 48.1017867 ], [ -0.7139879, 48.1017016 ], [ -0.714531, 48.1013728 ], [ -0.7151698, 48.1012383 ], [ -0.7156982, 48.1013702 ], [ -0.7158393, 48.1015018 ], [ -0.7159069, 48.1017943 ], [ -0.716095, 48.1018874 ], [ -0.7158799, 48.1022131 ], [ -0.7159877, 48.1022737 ], [ -0.7163932, 48.1022834 ], [ -0.7165563, 48.101944 ], [ -0.7170761, 48.1016475 ], [ -0.7173424, 48.1017427 ], [ -0.7175274, 48.1020017 ], [ -0.7181323, 48.1020357 ], [ -0.7191992, 48.1023084 ], [ -0.7205046, 48.102224799999988 ], [ -0.7207066, 48.102095 ], [ -0.7206789, 48.1018932 ], [ -0.7208737, 48.1017753 ], [ -0.72075, 48.1013738 ], [ -0.7200563, 48.1010147 ], [ -0.7188619, 48.1007074 ], [ -0.7185997, 48.1001923 ], [ -0.7178764, 48.1000809 ], [ -0.7177781, 48.0995435 ], [ -0.7176357, 48.0994119 ], [ -0.7174703, 48.0988766 ], [ -0.7177774, 48.098712 ], [ -0.7179267, 48.0984641 ], [ -0.7187506, 48.0982272 ], [ -0.7194015, 48.0984941 ], [ -0.7197861, 48.0983792 ], [ -0.7208986, 48.0988432 ], [ -0.7211445, 48.0990498 ], [ -0.7215073, 48.0990266 ], [ -0.7225231, 48.0985738 ], [ -0.7231948, 48.098049 ], [ -0.7233414, 48.0976867 ], [ -0.7229864, 48.0974773 ], [ -0.7233017, 48.0972178 ], [ -0.7236383, 48.0970711 ], [ -0.7237425, 48.0967552 ], [ -0.7239325, 48.0966465 ], [ -0.7239846, 48.0965079 ], [ -0.7238199, 48.0961176 ], [ -0.7239777, 48.0949397 ], [ -0.723818, 48.0945439 ], [ -0.7232243, 48.0940951 ], [ -0.7232958, 48.0939082 ], [ -0.7232167, 48.0936828 ], [ -0.7235087, 48.0932078 ], [ -0.7227949, 48.0929052 ], [ -0.7229446, 48.0923005 ], [ -0.7228849, 48.0921024 ], [ -0.7233096, 48.0918133 ], [ -0.7234007, 48.0915221 ], [ -0.7233262, 48.0913803 ], [ -0.7236534, 48.0911961 ], [ -0.7237663, 48.0909853 ], [ -0.7249339, 48.0906863 ], [ -0.7251148, 48.0907733 ], [ -0.7254796, 48.0902249 ], [ -0.7256827, 48.0901689 ], [ -0.7265173, 48.0902389 ], [ -0.7265099, 48.0901148 ], [ -0.7260738, 48.0898412 ], [ -0.7261857, 48.0897125 ], [ -0.7265455, 48.0895903 ], [ -0.7264181, 48.0894042 ], [ -0.7265653, 48.0892032 ], [ -0.7262219, 48.0891771 ], [ -0.7261889, 48.0890908 ], [ -0.7263252, 48.0887919 ], [ -0.726544, 48.0886147 ], [ -0.7264754, 48.0884052 ], [ -0.7268663, 48.0883613 ], [ -0.7270699, 48.088503499999987 ], [ -0.7273273, 48.0884737 ], [ -0.7274626, 48.0881415 ], [ -0.7271329, 48.0879664 ], [ -0.7271233, 48.0877721 ], [ -0.7273402, 48.0874733 ], [ -0.7276036, 48.0874146 ], [ -0.7278151, 48.0870763 ], [ -0.7279693, 48.0870715 ], [ -0.7281355, 48.0872347 ], [ -0.7283052, 48.0871635 ], [ -0.7282689, 48.0868584 ], [ -0.7279751, 48.0865425 ], [ -0.7283422, 48.0864489 ], [ -0.7282348, 48.086164 ], [ -0.7284902, 48.0859352 ], [ -0.7287005, 48.0858664 ], [ -0.7292061, 48.0849522 ], [ -0.7285807, 48.0845108 ], [ -0.7284792, 48.0843491 ], [ -0.7287664, 48.0840563 ], [ -0.7286557, 48.0838201 ], [ -0.7288245, 48.0833743 ], [ -0.7288057, 48.0830686 ], [ -0.7290942, 48.0827567 ], [ -0.7291211, 48.0825271 ], [ -0.7293075, 48.0824824 ], [ -0.7298319, 48.0825973 ], [ -0.7303509, 48.0824458 ], [ -0.7309692, 48.0824064 ], [ -0.7313158, 48.0822305 ], [ -0.7319994, 48.0820872 ], [ -0.7329938, 48.0809377 ], [ -0.7331647, 48.080826 ], [ -0.7351781, 48.0802289 ], [ -0.7356627, 48.0795153 ], [ -0.7357703, 48.0792876 ], [ -0.7357076, 48.0788752 ], [ -0.7354288, 48.0784498 ], [ -0.7352328, 48.0778056 ], [ -0.7354063, 48.0774451 ], [ -0.736515, 48.0764514 ], [ -0.7366254, 48.0760164 ], [ -0.7364378, 48.0752827 ], [ -0.7361351, 48.0746509 ], [ -0.7351655, 48.0731619 ], [ -0.7352848, 48.072870699999989 ], [ -0.7358264, 48.0724698 ], [ -0.7365451, 48.0722731 ], [ -0.7367384, 48.0723841 ], [ -0.7370946, 48.0724223 ], [ -0.7374756, 48.0726778 ], [ -0.737615, 48.0726526 ], [ -0.7377173, 48.0724647 ], [ -0.7382259, 48.0724531 ], [ -0.7382839, 48.0723233 ], [ -0.738677, 48.0721793 ], [ -0.7388184, 48.071955 ], [ -0.7388919, 48.0716058 ], [ -0.738632, 48.0713339 ], [ -0.7386165, 48.0711902 ], [ -0.7389562, 48.0709948 ], [ -0.7391377, 48.0707097 ], [ -0.7406591, 48.0705749 ], [ -0.7415605, 48.0706616 ], [ -0.742118, 48.0704673 ], [ -0.7425142, 48.0705196 ], [ -0.7426622, 48.0704464 ], [ -0.7426348, 48.0701356 ], [ -0.7427855, 48.0700037 ], [ -0.7428219, 48.0697972 ], [ -0.7426503, 48.0696702 ], [ -0.7422007, 48.0697178 ], [ -0.7419205, 48.0695763 ], [ -0.7419749, 48.0693764 ], [ -0.7421811, 48.0693275 ], [ -0.742476, 48.0694298 ], [ -0.742546, 48.0693366 ], [ -0.7420959, 48.068959 ], [ -0.7416361, 48.0687106 ], [ -0.7412618, 48.0679405 ], [ -0.7411028, 48.0683149 ], [ -0.7408934, 48.06849 ], [ -0.7404145, 48.0687314 ], [ -0.7399398, 48.0688041 ], [ -0.7398416, 48.068918 ], [ -0.7385119, 48.0695774 ], [ -0.7374293, 48.0696073 ], [ -0.7369635, 48.0694446 ], [ -0.7355752, 48.0693517 ], [ -0.7349624, 48.0691054 ], [ -0.7349982, 48.0688709 ], [ -0.7343713, 48.068463799999989 ], [ -0.7342461, 48.0679083 ], [ -0.7339023, 48.0674931 ], [ -0.7333529, 48.0672691 ], [ -0.7325197, 48.0662235 ], [ -0.7316091, 48.0656235 ], [ -0.7312259, 48.0654879 ], [ -0.7293832, 48.0652013 ], [ -0.72839, 48.0649724 ], [ -0.7275808, 48.0648944 ], [ -0.7270101, 48.0650161 ], [ -0.7265895, 48.0646934 ], [ -0.7260622, 48.0648776 ], [ -0.7251786, 48.0649254 ], [ -0.7247018, 48.0645865 ], [ -0.7240582, 48.0643411 ], [ -0.7223074, 48.0630866 ], [ -0.7217402, 48.0625505 ], [ -0.7200084, 48.0604746 ], [ -0.7193687, 48.059921 ], [ -0.7191859, 48.0595385 ], [ -0.7193151, 48.0594074 ], [ -0.719507, 48.0595365 ], [ -0.7194973, 48.0593413 ], [ -0.7190947, 48.0585279 ], [ -0.7182977, 48.0577234 ], [ -0.7184498, 48.0575546 ], [ -0.7181894, 48.0574818 ], [ -0.7174353, 48.0567903 ], [ -0.7176824, 48.055833 ], [ -0.720987, 48.0521691 ], [ -0.7215831, 48.0513215 ], [ -0.7220228, 48.0497409 ], [ -0.7221222, 48.048136 ], [ -0.723149, 48.0452775 ], [ -0.7242265, 48.0440371 ], [ -0.7244522, 48.0428345 ], [ -0.7247172, 48.0424 ], [ -0.7255941, 48.0414037 ], [ -0.7262106, 48.0403914 ], [ -0.7270356, 48.0381617 ], [ -0.7270607, 48.0378501 ], [ -0.7265919, 48.0366686 ], [ -0.7255309, 48.0356779 ], [ -0.7217749, 48.03514 ], [ -0.7204826, 48.0348521 ], [ -0.7195456, 48.0348601 ], [ -0.7192208, 48.0351883 ], [ -0.7186573, 48.0354836 ], [ -0.7170045, 48.0359728 ], [ -0.7156625, 48.0370422 ], [ -0.7154974, 48.0371015 ], [ -0.7152719, 48.0369518 ], [ -0.7147138, 48.0374397 ], [ -0.7147971, 48.0375542 ], [ -0.7147825, 48.0380736 ], [ -0.7141479, 48.0384864 ], [ -0.7113526, 48.0369566 ], [ -0.7103651, 48.0376427 ], [ -0.7085415, 48.0385903 ], [ -0.7085235, 48.0394458 ], [ -0.7076861, 48.0400523 ], [ -0.7070629, 48.0408783 ], [ -0.7039485, 48.0438844 ], [ -0.7004824, 48.044134 ], [ -0.6991292, 48.043418 ], [ -0.6984886, 48.0432084 ], [ -0.697976, 48.0428903 ], [ -0.6965395, 48.0423273 ], [ -0.6954947, 48.0431781 ], [ -0.6954777, 48.0436084 ], [ -0.6951765, 48.0442016 ], [ -0.6951334, 48.0445651 ], [ -0.6947153, 48.0443485 ], [ -0.6936227, 48.0440162 ], [ -0.6877057, 48.0426397 ], [ -0.687119, 48.04224 ], [ -0.6869971, 48.0422267 ], [ -0.6870027, 48.0425193 ], [ -0.6868252, 48.0425745 ], [ -0.6867445, 48.0427076 ], [ -0.686904, 48.0428188 ], [ -0.6866759, 48.0432467 ], [ -0.6863693, 48.0432428 ], [ -0.6858989, 48.0433548 ], [ -0.6854532, 48.0432625 ], [ -0.6847201, 48.0433458 ], [ -0.6846856, 48.0432162 ], [ -0.6841073, 48.0429569 ], [ -0.6837175, 48.0425105 ], [ -0.6828557, 48.0420177 ], [ -0.6827328, 48.0418531 ], [ -0.6822836, 48.04175 ], [ -0.682199, 48.0415959 ], [ -0.682295, 48.0414506 ], [ -0.6822496, 48.0412809 ], [ -0.6814309, 48.0406542 ], [ -0.681053, 48.0399724 ], [ -0.6804803, 48.039657 ], [ -0.6785884, 48.0390693 ], [ -0.6769428, 48.0387406 ], [ -0.6767539, 48.0386312 ], [ -0.6765221, 48.0381754 ], [ -0.6760787, 48.037865 ], [ -0.674212, 48.0378125 ], [ -0.6725433, 48.0372655 ], [ -0.6696911, 48.0361734 ], [ -0.6688823, 48.0360167 ], [ -0.6679618, 48.0359328 ], [ -0.6675676, 48.035982 ], [ -0.6664233, 48.036642 ], [ -0.6649222, 48.0370004 ], [ -0.663644, 48.0368925 ], [ -0.6632091, 48.0369169 ], [ -0.662664, 48.03725 ], [ -0.6619478, 48.0372264 ], [ -0.6614756, 48.0374104 ], [ -0.6602304, 48.0376438 ], [ -0.6591445, 48.038373 ], [ -0.6595787, 48.0388631 ], [ -0.6595453, 48.0394488 ], [ -0.6588355, 48.0411311 ], [ -0.6591319, 48.0413183 ], [ -0.6608445, 48.0415488 ], [ -0.6605344, 48.042562 ], [ -0.6612007, 48.0426007 ], [ -0.6604444, 48.0434747 ], [ -0.6605323, 48.0438323 ], [ -0.6615624, 48.044256 ], [ -0.6611299, 48.0448974 ], [ -0.6605601, 48.0454971 ], [ -0.65893, 48.048209799999988 ], [ -0.6588607, 48.0486453 ], [ -0.6577878, 48.0486723 ], [ -0.6578756, 48.0490299 ], [ -0.6583113, 48.0493073 ], [ -0.6577453, 48.0502933 ], [ -0.6576546, 48.0510601 ], [ -0.6572939, 48.0517893 ], [ -0.6564717, 48.052529199999988 ], [ -0.6573751, 48.0528669 ], [ -0.6602188, 48.0535559 ], [ -0.661934, 48.0537016 ], [ -0.6632493, 48.0540093 ], [ -0.6659377, 48.0556543 ], [ -0.6650648, 48.0562815 ], [ -0.6649265, 48.0564579 ], [ -0.6648236, 48.0569511 ], [ -0.6650344, 48.0572391 ], [ -0.6655398, 48.0573198 ], [ -0.6657119, 48.0574568 ], [ -0.6657163, 48.0578494 ], [ -0.6654396, 48.0588021 ], [ -0.6655745, 48.0591006 ], [ -0.6660693, 48.0594338 ], [ -0.6662101, 48.0597979 ], [ -0.6658441, 48.0617488 ], [ -0.6660886, 48.0628528 ], [ -0.6661833, 48.063948 ], [ -0.6659052, 48.0647251 ], [ -0.6652796, 48.0655292 ], [ -0.6649361, 48.0656732 ], [ -0.6640806, 48.0663421 ], [ -0.6635359, 48.066569 ], [ -0.6622069, 48.06665 ], [ -0.6610423, 48.0668339 ], [ -0.660246, 48.0667659 ], [ -0.6597429, 48.0665257 ], [ -0.6585442, 48.0667026 ], [ -0.658381, 48.0673743 ], [ -0.6575236, 48.0676676 ], [ -0.6571432, 48.0680361 ], [ -0.6572398, 48.0689664 ], [ -0.6584627, 48.0690798 ], [ -0.6598607, 48.0689859 ], [ -0.6602485, 48.0688405 ], [ -0.6606619, 48.0684448 ], [ -0.6610934, 48.0682512 ], [ -0.6621945, 48.0681791 ], [ -0.662902, 48.0680508 ], [ -0.6637626, 48.0678042 ], [ -0.664067, 48.0675614 ], [ -0.6656807, 48.0676913 ], [ -0.6667277, 48.0680011 ], [ -0.6707617, 48.0688419 ], [ -0.6726125, 48.0691139 ], [ -0.6727744, 48.0692584 ], [ -0.6725187, 48.0697763 ], [ -0.6724562, 48.0704241 ], [ -0.6735238, 48.0707791 ], [ -0.6741758, 48.0711677 ], [ -0.6734409, 48.0718104 ], [ -0.674082, 48.0721769 ], [ -0.6730459, 48.0733605 ], [ -0.6728956, 48.0737129 ], [ -0.6730668, 48.0738364 ], [ -0.6736055, 48.0739871 ], [ -0.6736316, 48.074362 ], [ -0.6739457, 48.0743945 ], [ -0.6750179, 48.0747745 ], [ -0.6756705, 48.0747839 ], [ -0.6764823, 48.0749369 ], [ -0.6781411, 48.0748229 ], [ -0.6787561, 48.0746974 ], [ -0.6786145, 48.076082 ], [ -0.6781756, 48.0772704 ], [ -0.6788629, 48.0774498 ], [ -0.6796538, 48.0775143 ], [ -0.6814687, 48.0774386 ], [ -0.6853038, 48.0769736 ], [ -0.6871857, 48.0788821 ], [ -0.6878078, 48.0800527 ], [ -0.6884602, 48.0802511 ], [ -0.6887838, 48.080207699999988 ], [ -0.6888263, 48.0804316 ], [ -0.6885953, 48.0814946 ], [ -0.6881088, 48.08248 ], [ -0.6878344, 48.082767 ], [ -0.6876658, 48.0833758 ], [ -0.6873462, 48.0838633 ], [ -0.6869332, 48.0856527 ], [ -0.6883004, 48.0856117 ], [ -0.6899841, 48.0857905 ], [ -0.6898977, 48.0869228 ], [ -0.6897251, 48.0874732 ], [ -0.6909445, 48.0876269 ], [ -0.6907751, 48.0889366 ], [ -0.6908808, 48.0904891 ], [ -0.6920827, 48.0906973 ], [ -0.6934737, 48.091651 ], [ -0.6935451, 48.0921721 ], [ -0.6934513, 48.0924273 ], [ -0.6919827, 48.0923076 ], [ -0.6915337, 48.0932531 ], [ -0.6908126, 48.0941721 ], [ -0.6904612, 48.0942632 ], [ -0.6897529, 48.0939981 ], [ -0.6894059, 48.0944792 ], [ -0.6893277, 48.0951888 ], [ -0.6890058, 48.0955853 ], [ -0.6882362, 48.0961391 ], [ -0.6876607, 48.0960815 ], [ -0.6864236, 48.0967192 ], [ -0.6853292, 48.0977057 ], [ -0.6848122, 48.0986425 ], [ -0.6838658, 48.0985316 ], [ -0.6833142, 48.0990506 ], [ -0.6828458, 48.0993148 ], [ -0.682322, 48.0999995 ], [ -0.6819815, 48.1000732 ], [ -0.6811915, 48.0998727 ], [ -0.6809307, 48.0999115 ], [ -0.6788697, 48.1022397 ], [ -0.6805927, 48.103247 ], [ -0.6823377, 48.1037384 ], [ -0.6829807, 48.1040687 ], [ -0.683295, 48.10414 ], [ -0.6841672, 48.1040911 ], [ -0.6853415, 48.1043435 ], [ -0.6854806, 48.1044293 ], [ -0.6851857, 48.1051573 ], [ -0.6873745, 48.1058203 ], [ -0.6877044, 48.1055361 ] ] ] ] } },
{ "type": "Feature", "properties": { "code_departement": 53.0, "code_rne": "0530021K", "multisecteur": 0.0 }, "geometry": { "type": "MultiPolygon", "coordinates": [ [ [ [ -1.0593689, 48.1257058 ], [ -1.0588872, 48.1249539 ], [ -1.0579598, 48.1240064 ], [ -1.0573458, 48.1227751 ], [ -1.0572044, 48.1227574 ], [ -1.056883, 48.1222162 ], [ -1.0566671, 48.121246 ], [ -1.0567986, 48.1203648 ], [ -1.0564663, 48.1193662 ], [ -1.0557208, 48.1184728 ], [ -1.0544836, 48.117693599999988 ], [ -1.0540158, 48.1169988 ], [ -1.0540789, 48.1159091 ], [ -1.054841, 48.1136375 ], [ -1.0547498, 48.1116421 ], [ -1.0545178, 48.1104779 ], [ -1.0548748, 48.1097123 ], [ -1.054718, 48.1093699 ], [ -1.0539517, 48.1088331 ], [ -1.0528349, 48.1076921 ], [ -1.0526823, 48.1072811 ], [ -1.0525522, 48.1062863 ], [ -1.0530817, 48.1061041 ], [ -1.0516837, 48.1051881 ], [ -1.051731, 48.1049108 ], [ -1.0506797, 48.1010589 ], [ -1.0507116, 48.0948947 ], [ -1.0506134, 48.0943674 ], [ -1.0500293, 48.0929936 ], [ -1.0499971, 48.0919414 ], [ -1.0497519, 48.0901279 ], [ -1.0496228, 48.0899008 ], [ -1.0488974, 48.0893851 ], [ -1.0472518, 48.0864403 ], [ -1.0456257, 48.0840129 ], [ -1.0446414, 48.0822915 ], [ -1.0442722, 48.0819473 ], [ -1.0435561, 48.081516 ], [ -1.0413058, 48.0788162 ], [ -1.0404675, 48.078086299999988 ], [ -1.037682, 48.0767727 ], [ -1.0357814, 48.076181899999987 ], [ -1.0349675, 48.0758232 ], [ -1.0339509, 48.0752228 ], [ -1.0325048, 48.0741191 ], [ -1.0286705, 48.0721275 ], [ -1.0256918, 48.0700155 ], [ -1.0231084, 48.068908199999989 ], [ -1.0213597, 48.0683994 ], [ -1.0256267, 48.0661757 ], [ -1.0266358, 48.0654997 ], [ -1.0270422, 48.0651163 ], [ -1.0283606, 48.0632421 ], [ -1.0282144, 48.0599285 ], [ -1.0279907, 48.0594622 ], [ -1.0280634, 48.0591642 ], [ -1.0293828, 48.0581171 ], [ -1.0307409, 48.0573128 ], [ -1.0319594, 48.0568827 ], [ -1.03357, 48.0530467 ], [ -1.0333847, 48.0521844 ], [ -1.0322504, 48.0510735 ], [ -1.0322138, 48.0507873 ], [ -1.0315311, 48.0497295 ], [ -1.0318539, 48.049450799999988 ], [ -1.0311164, 48.0490661 ], [ -1.0289182, 48.0481358 ], [ -1.0284037, 48.04782 ], [ -1.0279496, 48.0474337 ], [ -1.027957, 48.0469658 ], [ -1.0278402, 48.0467202 ], [ -1.0269703, 48.045885 ], [ -1.0265618, 48.0456025 ], [ -1.0272923, 48.0451189 ], [ -1.0278624, 48.0451056 ], [ -1.028321, 48.0447052 ], [ -1.0290201, 48.04441 ], [ -1.0301521, 48.0434468 ], [ -1.0301581, 48.0431033 ], [ -1.0299818, 48.0426759 ], [ -1.0288507, 48.041391 ], [ -1.0282046, 48.041305 ], [ -1.0279169, 48.0411626 ], [ -1.0277113, 48.0408623 ], [ -1.0271982, 48.0405645 ], [ -1.0271466, 48.0402041 ], [ -1.027138, 48.0397728 ], [ -1.0274519, 48.0393079 ], [ -1.0278889, 48.039082099999987 ], [ -1.0281229, 48.0390677 ], [ -1.0284757, 48.0389016 ], [ -1.0291498, 48.0384559 ], [ -1.0294182, 48.0381692 ], [ -1.0292635, 48.0367202 ], [ -1.0294224, 48.0364606 ], [ -1.0294568, 48.0360828 ], [ -1.029713, 48.0358659 ], [ -1.0307556, 48.0356013 ], [ -1.0313403, 48.0353407 ], [ -1.0320086, 48.03466 ], [ -1.031894, 48.0345495 ], [ -1.0326035, 48.0340935 ], [ -1.0329475, 48.0335123 ], [ -1.0338995, 48.0334706 ], [ -1.0349794, 48.0337318 ], [ -1.0349162, 48.0333961 ], [ -1.0328224, 48.03099 ], [ -1.031453, 48.029114 ], [ -1.030852, 48.028102 ], [ -1.0296502, 48.0267492 ], [ -1.0279941, 48.0244569 ], [ -1.0257184, 48.0222641 ], [ -1.0248892, 48.0203318 ], [ -1.0217208, 48.0178045 ], [ -1.0200427, 48.0169293 ], [ -1.019495, 48.016721 ], [ -1.0147329, 48.0157844 ], [ -1.0128622, 48.0155905 ], [ -1.0093567, 48.0147351 ], [ -1.0088065, 48.0144574 ], [ -1.0084352, 48.0141475 ], [ -1.0074563, 48.0128176 ], [ -1.0070659, 48.0124506 ], [ -1.0044636, 48.0106606 ], [ -1.0037845, 48.0115352 ], [ -1.0030256, 48.0107699 ], [ -1.0019938, 48.0104969 ], [ -1.000444, 48.010637 ], [ -1.000467, 48.0111363 ], [ -0.9966026, 48.0111587 ], [ -0.9966171, 48.0115466 ], [ -0.9959387, 48.0115958 ], [ -0.9943923, 48.0101084 ], [ -0.9917951, 48.0096082 ], [ -0.9907915, 48.0104028 ], [ -0.990004, 48.0113567 ], [ -0.9895061, 48.0118061 ], [ -0.987914, 48.0124016 ], [ -0.9867406, 48.0129758 ], [ -0.9842131, 48.0105646 ], [ -0.9842129, 48.0104186 ], [ -0.9840598, 48.0102941 ], [ -0.9833686, 48.0107275 ], [ -0.9849507, 48.011711 ], [ -0.9837735, 48.0122708 ], [ -0.9811272, 48.013903 ], [ -0.9812401, 48.014493 ], [ -0.985371, 48.0174013 ], [ -0.9851113, 48.0176083 ], [ -0.9834515, 48.0180745 ], [ -0.981514, 48.0180455 ], [ -0.9810066, 48.0193341 ], [ -0.9826226, 48.0199813 ], [ -0.9849082, 48.0211004 ], [ -0.984416, 48.0218956 ], [ -0.9843237, 48.0224898 ], [ -0.9835038, 48.0220175 ], [ -0.9834105, 48.0217954 ], [ -0.9831337, 48.021776 ], [ -0.9827829, 48.0218789 ], [ -0.9821053, 48.0218351 ], [ -0.9819014, 48.0217672 ], [ -0.9817232, 48.021576 ], [ -0.9814508, 48.0218113 ], [ -0.9810581, 48.0217688 ], [ -0.9806762, 48.0219952 ], [ -0.9794506, 48.0222358 ], [ -0.9783021, 48.022217 ], [ -0.9780933, 48.0220655 ], [ -0.9775116, 48.0221528 ], [ -0.9755014, 48.0221406 ], [ -0.9753681, 48.0221189 ], [ -0.9752758, 48.0219806 ], [ -0.9741043, 48.0219409 ], [ -0.9740355, 48.0218108 ], [ -0.9732791, 48.0218084 ], [ -0.9733838, 48.0228455 ], [ -0.9733308, 48.0244115 ], [ -0.9740659, 48.025668 ], [ -0.974023, 48.0258848 ], [ -0.9744184, 48.026767 ], [ -0.9744927, 48.0274349 ], [ -0.9732735, 48.031073 ], [ -0.9734062, 48.0321786 ], [ -0.9740431, 48.0334321 ], [ -0.9739183, 48.0350266 ], [ -0.9726715, 48.0343272 ], [ -0.9710882, 48.033762499999987 ], [ -0.9686281, 48.0324327 ], [ -0.9682029, 48.0322624 ], [ -0.9670247, 48.0320282 ], [ -0.9662903, 48.0317826 ], [ -0.9658491, 48.031434399999988 ], [ -0.9648933, 48.0309774 ], [ -0.9643572, 48.0304909 ], [ -0.9628736, 48.0296218 ], [ -0.9598849, 48.0286719 ], [ -0.9594969, 48.028621 ], [ -0.9577347, 48.0287487 ], [ -0.957314, 48.028908 ], [ -0.9565756, 48.0287868 ], [ -0.9547754, 48.0288023 ], [ -0.9536622, 48.0289145 ], [ -0.9530335, 48.0290582 ], [ -0.9517348, 48.0291514 ], [ -0.9514425, 48.0291225 ], [ -0.9509548, 48.0289046 ], [ -0.9500165, 48.0288055 ], [ -0.9485262, 48.0287969 ], [ -0.9446465, 48.027945 ], [ -0.9435203, 48.0275944 ], [ -0.9431659, 48.0275802 ], [ -0.9428133, 48.0280038 ], [ -0.9420668, 48.0282423 ], [ -0.9416872, 48.028665 ], [ -0.9413174, 48.0289108 ], [ -0.9412033, 48.0293813 ], [ -0.9415108, 48.0299927 ], [ -0.9417934, 48.0300724 ], [ -0.9415233, 48.0301608 ], [ -0.9415194, 48.030433 ], [ -0.9413172, 48.0304957 ], [ -0.940915, 48.0301632 ], [ -0.940263, 48.0298687 ], [ -0.9394913, 48.0299856 ], [ -0.9387459, 48.0299871 ], [ -0.9382754, 48.0306687 ], [ -0.9374225, 48.0306874 ], [ -0.9371952, 48.030558 ], [ -0.9369372, 48.0305378 ], [ -0.9354277, 48.0307235 ], [ -0.9348899, 48.0306451 ], [ -0.9337366, 48.030671 ], [ -0.9323079, 48.0302809 ], [ -0.9315435, 48.0310399 ], [ -0.9305253, 48.031455 ], [ -0.9289619, 48.0332318 ], [ -0.9287447, 48.0342509 ], [ -0.9280804, 48.034494699999989 ], [ -0.9277021, 48.034738 ], [ -0.9273277, 48.0347604 ], [ -0.9266682, 48.0344905 ], [ -0.9259388, 48.0343112 ], [ -0.9254564, 48.0340372 ], [ -0.9246682, 48.0337346 ], [ -0.923219, 48.0332126 ], [ -0.9228336, 48.0331606 ], [ -0.9223834, 48.0332486 ], [ -0.9220791, 48.0334561 ], [ -0.9223772, 48.0336173 ], [ -0.9214906, 48.0340352 ], [ -0.9199555, 48.0349288 ], [ -0.9188971, 48.0346776 ], [ -0.9180882, 48.0348739 ], [ -0.9178181, 48.0344009 ], [ -0.9177332, 48.0343974 ], [ -0.916213, 48.034985899999988 ], [ -0.9160934, 48.0347854 ], [ -0.9153324, 48.0341412 ], [ -0.9151275, 48.0338039 ], [ -0.915227, 48.03366 ], [ -0.9146314, 48.0334357 ], [ -0.9146082, 48.0330679 ], [ -0.9142787, 48.0329167 ], [ -0.9136704, 48.0322846 ], [ -0.9121219, 48.0331615 ], [ -0.9109376, 48.0334774 ], [ -0.9108935, 48.0337168 ], [ -0.9103617, 48.0340462 ], [ -0.9102006, 48.034539 ], [ -0.9096645, 48.035265 ], [ -0.9098468, 48.036969 ], [ -0.9096535, 48.037353 ], [ -0.9093492, 48.0375244 ], [ -0.9089538, 48.0379736 ], [ -0.9088489, 48.0380446 ], [ -0.9077447, 48.0377741 ], [ -0.9065144, 48.037942 ], [ -0.9057349, 48.0384102 ], [ -0.9053319, 48.0394129 ], [ -0.9049006, 48.0396309 ], [ -0.9046353, 48.0399136 ], [ -0.9037478, 48.0401025 ], [ -0.9026626, 48.040107 ], [ -0.9022054, 48.0404483 ], [ -0.9005033, 48.0421625 ], [ -0.9001712, 48.0430898 ], [ -0.8999033, 48.0434285 ], [ -0.8989579, 48.0437815 ], [ -0.8973095, 48.0446226 ], [ -0.8957866, 48.0451263 ], [ -0.8951655, 48.0452126 ], [ -0.8949266, 48.04518 ], [ -0.8942104, 48.045361299999989 ], [ -0.8940381, 48.0447364 ], [ -0.89113, 48.0450398 ], [ -0.8904591, 48.0449791 ], [ -0.8903156, 48.0450929 ], [ -0.8892914, 48.0465683 ], [ -0.8880907, 48.047618 ], [ -0.8876571, 48.0485008 ], [ -0.8870499, 48.0487957 ], [ -0.887289, 48.0492887 ], [ -0.8878895, 48.0496149 ], [ -0.888416, 48.0501425 ], [ -0.8885572, 48.05071 ], [ -0.8885318, 48.0519181 ], [ -0.8886722, 48.0526046 ], [ -0.8883175, 48.0527875 ], [ -0.8877619, 48.0529076 ], [ -0.886977, 48.0534003 ], [ -0.886449, 48.0539321 ], [ -0.8860574, 48.0548208 ], [ -0.8856417, 48.0552904 ], [ -0.885178, 48.0555454 ], [ -0.8848955, 48.0559259 ], [ -0.8844282, 48.056315299999987 ], [ -0.883103, 48.0571554 ], [ -0.8828784, 48.0575016 ], [ -0.8827843, 48.0590021 ], [ -0.8816175, 48.05931 ], [ -0.8810798, 48.0592539 ], [ -0.8806611, 48.0593181 ], [ -0.879717, 48.0592907 ], [ -0.8791732, 48.0595546 ], [ -0.8787737, 48.0596047 ], [ -0.8784184, 48.0598182 ], [ -0.8776961, 48.0598096 ], [ -0.8772124, 48.0595372 ], [ -0.8770206, 48.0595057 ], [ -0.8767398, 48.0598915 ], [ -0.8763823, 48.0599285 ], [ -0.8765438, 48.0601881 ], [ -0.8774696, 48.0607351 ], [ -0.8797074, 48.0634471 ], [ -0.8793283, 48.0641606 ], [ -0.8797435, 48.0643974 ], [ -0.880836, 48.0646506 ], [ -0.8831991, 48.0655303 ], [ -0.8838866, 48.0659428 ], [ -0.8850615, 48.0658338 ], [ -0.8856093, 48.0656427 ], [ -0.8877118, 48.066158 ], [ -0.8893764, 48.067061699999989 ], [ -0.8896448, 48.0670924 ], [ -0.890388, 48.0669994 ], [ -0.8904302, 48.0676827 ], [ -0.8912507, 48.0681097 ], [ -0.891484, 48.0686867 ], [ -0.8919566, 48.0690441 ], [ -0.8924346, 48.0696211 ], [ -0.8927217, 48.0705802 ], [ -0.8923527, 48.0713203 ], [ -0.8923679, 48.0715631 ], [ -0.8934731, 48.0729176 ], [ -0.8940602, 48.0734775 ], [ -0.8939834, 48.0744063 ], [ -0.8950974, 48.0765173 ], [ -0.8950256, 48.0766557 ], [ -0.8951994, 48.0772807 ], [ -0.8960044, 48.0795389 ], [ -0.8969798, 48.0805877 ], [ -0.8977532, 48.0807189 ], [ -0.8985268, 48.0805978 ], [ -0.8986522, 48.0806756 ], [ -0.8990061, 48.0805342 ], [ -0.9003748, 48.0805519 ], [ -0.9014575, 48.0806485 ], [ -0.9022681, 48.0809559 ], [ -0.9023781, 48.0806603 ], [ -0.9027581, 48.080636 ], [ -0.9050518, 48.0806708 ], [ -0.9065127, 48.0808268 ], [ -0.9070994, 48.0802506 ], [ -0.9070519, 48.079462 ], [ -0.9088316, 48.079984 ], [ -0.9092903, 48.0799319 ], [ -0.9102396, 48.0800598 ], [ -0.9112484, 48.0819922 ], [ -0.912492, 48.0825176 ], [ -0.9133708, 48.0825281 ], [ -0.9148894, 48.0822812 ], [ -0.9154128, 48.0821403 ], [ -0.9159981, 48.081819 ], [ -0.9168575, 48.0815868 ], [ -0.9175934, 48.081556 ], [ -0.9176386, 48.0814041 ], [ -0.9180049, 48.081738799999989 ], [ -0.9180904, 48.0819305 ], [ -0.9182765, 48.0830082 ], [ -0.918208, 48.0834628 ], [ -0.9184519, 48.0841592 ], [ -0.9165954, 48.0847454 ], [ -0.9153915, 48.0862107 ], [ -0.9161575, 48.0876385 ], [ -0.916168, 48.0878706 ], [ -0.9159799, 48.0880003 ], [ -0.9159246, 48.0881787 ], [ -0.9157177, 48.0898884 ], [ -0.9148015, 48.0916073 ], [ -0.9147896, 48.0920275 ], [ -0.9155826, 48.0924219 ], [ -0.9161846, 48.0922334 ], [ -0.9166511, 48.0924486 ], [ -0.9171314, 48.0923425 ], [ -0.9174022, 48.0924038 ], [ -0.9175738, 48.0925413 ], [ -0.9174529, 48.0927066 ], [ -0.9175363, 48.0929426 ], [ -0.9177215, 48.0930463 ], [ -0.9184877, 48.0930046 ], [ -0.9201467, 48.092762 ], [ -0.9206163, 48.0933627 ], [ -0.9211563, 48.0935537 ], [ -0.9217726, 48.0934863 ], [ -0.9222331, 48.0930412 ], [ -0.922552, 48.0929342 ], [ -0.9231965, 48.0932821 ], [ -0.923637, 48.0934197 ], [ -0.9238577, 48.0933304 ], [ -0.9237703, 48.0928594 ], [ -0.9243719, 48.0926114 ], [ -0.9253878, 48.0925289 ], [ -0.9257598, 48.0923039 ], [ -0.9260693, 48.092289 ], [ -0.9263501, 48.0924842 ], [ -0.9270665, 48.0924603 ], [ -0.927155, 48.0926195 ], [ -0.9277534, 48.0928365 ], [ -0.9278253, 48.0930801 ], [ -0.9282708, 48.0932662 ], [ -0.9283427, 48.0934367 ], [ -0.9282706, 48.0937148 ], [ -0.9280304, 48.093976 ], [ -0.9278011, 48.0940756 ], [ -0.927868, 48.0943968 ], [ -0.9281783, 48.0945369 ], [ -0.9285722, 48.0943165 ], [ -0.9292367, 48.0944277 ], [ -0.9294583, 48.0948753 ], [ -0.9299075, 48.0949288 ], [ -0.930086, 48.0950868 ], [ -0.9310483, 48.0953673 ], [ -0.9309151, 48.0957466 ], [ -0.931629, 48.0959237 ], [ -0.9324248, 48.0964251 ], [ -0.9333878, 48.0968587 ], [ -0.9330315, 48.0976374 ], [ -0.9328497, 48.0994598 ], [ -0.9332104, 48.1000406 ], [ -0.9357025, 48.1024206 ], [ -0.9356839, 48.1031645 ], [ -0.9353896, 48.103403199999988 ], [ -0.9332804, 48.1044512 ], [ -0.9328965, 48.1051127 ], [ -0.932316, 48.1058258 ], [ -0.9319763, 48.1061426 ], [ -0.9303577, 48.1072228 ], [ -0.9303477, 48.1073781 ], [ -0.9297821, 48.1079493 ], [ -0.9292862, 48.1081181 ], [ -0.9291586, 48.1085917 ], [ -0.9279986, 48.1096179 ], [ -0.9273535, 48.1096268 ], [ -0.9268705, 48.1098618 ], [ -0.9263479, 48.109799 ], [ -0.9262744, 48.1099501 ], [ -0.9257166, 48.109957 ], [ -0.9251475, 48.1102273 ], [ -0.9245388, 48.1103098 ], [ -0.924287, 48.1104695 ], [ -0.9242689, 48.1106422 ], [ -0.9241226, 48.1107381 ], [ -0.9236397, 48.1107749 ], [ -0.9235873, 48.1111929 ], [ -0.9234026, 48.1112603 ], [ -0.9227997, 48.1112209 ], [ -0.9228155, 48.111379 ], [ -0.9226946, 48.1114902 ], [ -0.9223203, 48.1114864 ], [ -0.9221258, 48.1116389 ], [ -0.9219284, 48.1116076 ], [ -0.9217916, 48.111831099999989 ], [ -0.92158, 48.1119534 ], [ -0.9206741, 48.1119106 ], [ -0.9203901, 48.1121985 ], [ -0.9196964, 48.1121873 ], [ -0.9195279, 48.1121281 ], [ -0.9191682, 48.1122481 ], [ -0.9188918, 48.1124402 ], [ -0.9190526, 48.1125943 ], [ -0.9190308, 48.1126996 ], [ -0.9188536, 48.1127415 ], [ -0.9186568, 48.1126453 ], [ -0.9184229, 48.1127757 ], [ -0.918404, 48.1130105 ], [ -0.9180632, 48.1134759 ], [ -0.9181161, 48.1136264 ], [ -0.9177667, 48.1138867 ], [ -0.9174143, 48.1139057 ], [ -0.9171213, 48.114055 ], [ -0.9167925, 48.1145741 ], [ -0.9164851, 48.1147294 ], [ -0.9161713, 48.1152507 ], [ -0.9147775, 48.115415899999988 ], [ -0.9142032, 48.1157089 ], [ -0.9142546, 48.1159306 ], [ -0.9140679, 48.1161701 ], [ -0.9138731, 48.1162289 ], [ -0.9138973, 48.1163191 ], [ -0.9129933, 48.116884299999988 ], [ -0.9130215, 48.1171203 ], [ -0.9128725, 48.1173784 ], [ -0.9129516, 48.1175028 ], [ -0.91236, 48.1179441 ], [ -0.9099188, 48.1218821 ], [ -0.9060153, 48.1222295 ], [ -0.9043821, 48.1220692 ], [ -0.9036111, 48.1219245 ], [ -0.9026294, 48.1219687 ], [ -0.9020159, 48.1221341 ], [ -0.9015548, 48.1223764 ], [ -0.9006021, 48.1231422 ], [ -0.9001955, 48.1229385 ], [ -0.8988236, 48.1225641 ], [ -0.8986869, 48.1226074 ], [ -0.8968778, 48.1242781 ], [ -0.8961769, 48.1246634 ], [ -0.8956909, 48.1250615 ], [ -0.8947169, 48.1262883 ], [ -0.8931949, 48.1284972 ], [ -0.892659, 48.1290402 ], [ -0.8921581, 48.1292369 ], [ -0.8920142, 48.1291291 ], [ -0.8914954, 48.1290471 ], [ -0.891364, 48.1292181 ], [ -0.8906028, 48.1292793 ], [ -0.8895613, 48.1290983 ], [ -0.8857031, 48.1278183 ], [ -0.8833015, 48.1272038 ], [ -0.8833669, 48.1271052 ], [ -0.8789476, 48.1260417 ], [ -0.8788394, 48.1260345 ], [ -0.8786589, 48.1261963 ], [ -0.8772658, 48.125568199999989 ], [ -0.8743185, 48.1245372 ], [ -0.8667447, 48.1220652 ], [ -0.8666278, 48.1229501 ], [ -0.8666567, 48.1236384 ], [ -0.864559, 48.1236766 ], [ -0.8631475, 48.1234373 ], [ -0.8628153, 48.1242869 ], [ -0.8626652, 48.1243873 ], [ -0.8595472, 48.123666 ], [ -0.8579756, 48.1232238 ], [ -0.8573145, 48.1253554 ], [ -0.8574777, 48.1254158 ], [ -0.8574877, 48.1255713 ], [ -0.8573311, 48.1266332 ], [ -0.8576709, 48.1273618 ], [ -0.8566366, 48.1282911 ], [ -0.8566858, 48.1287616 ], [ -0.8563678, 48.1289954 ], [ -0.8563913, 48.1295577 ], [ -0.8570564, 48.1305017 ], [ -0.8579239, 48.1305868 ], [ -0.8582806, 48.1307716 ], [ -0.8589238, 48.1318938 ], [ -0.8618998, 48.1340531 ], [ -0.8624757, 48.1352117 ], [ -0.8633246, 48.1373767 ], [ -0.8634338, 48.1382632 ], [ -0.8635737, 48.1386109 ], [ -0.8641264, 48.1394324 ], [ -0.8647707, 48.139905 ], [ -0.8629308, 48.1421689 ], [ -0.862804, 48.1425884 ], [ -0.862529, 48.1428415 ], [ -0.8624949, 48.1427616 ], [ -0.8620663, 48.1426242 ], [ -0.860842, 48.1425598 ], [ -0.8604371, 48.1423244 ], [ -0.8603564, 48.1419748 ], [ -0.860006, 48.1419323 ], [ -0.8598862, 48.1418218 ], [ -0.8587704, 48.1415105 ], [ -0.8572177, 48.1417947 ], [ -0.8554126, 48.1416655 ], [ -0.8544083, 48.1408515 ], [ -0.854074, 48.1407903 ], [ -0.8531049, 48.1408274 ], [ -0.8527131, 48.1407699 ], [ -0.8523792, 48.1405664 ], [ -0.8521311, 48.1405232 ], [ -0.8520873, 48.140403 ], [ -0.8514069, 48.1403748 ], [ -0.8507578, 48.1401861 ], [ -0.8504896, 48.1401813 ], [ -0.8502402, 48.1400651 ], [ -0.8493323, 48.1398714 ], [ -0.8479461, 48.1393752 ], [ -0.8476273, 48.1393775 ], [ -0.8474711, 48.1398015 ], [ -0.8475432, 48.1400154 ], [ -0.8476613, 48.1400295 ], [ -0.8469809, 48.1423661 ], [ -0.8456076, 48.1434154 ], [ -0.8452077, 48.1439132 ], [ -0.8448869, 48.1445723 ], [ -0.8447661, 48.1445591 ], [ -0.8447261, 48.1447865 ], [ -0.8445166, 48.1448114 ], [ -0.8443609, 48.1471849 ], [ -0.8435014, 48.147176 ], [ -0.8430351, 48.146984 ], [ -0.8425913, 48.1471192 ], [ -0.8420165, 48.147064 ], [ -0.8415851, 48.1469258 ], [ -0.840704, 48.1469527 ], [ -0.8411168, 48.1480573 ], [ -0.8412963, 48.149561299999988 ], [ -0.841747, 48.1507971 ], [ -0.8420985, 48.151409 ], [ -0.8421448, 48.1523598 ], [ -0.8426301, 48.152998 ], [ -0.843544, 48.1537529 ], [ -0.8443091, 48.1542568 ], [ -0.8457122, 48.1545921 ], [ -0.8465491, 48.1553801 ], [ -0.8473824, 48.1567817 ], [ -0.8477226, 48.1579021 ], [ -0.8476933, 48.1589787 ], [ -0.8481337, 48.1594968 ], [ -0.8506634, 48.1584025 ], [ -0.8510573, 48.1583761 ], [ -0.852019, 48.1584907 ], [ -0.8528239, 48.158395 ], [ -0.8553577, 48.1587789 ], [ -0.8558768, 48.1589169 ], [ -0.8568645, 48.1592404 ], [ -0.8577601, 48.1597408 ], [ -0.8578178, 48.1595723 ], [ -0.8580937, 48.1594038 ], [ -0.8579928, 48.1592026 ], [ -0.8580969, 48.1589325 ], [ -0.8583196, 48.1588108 ], [ -0.8581581, 48.1587017 ], [ -0.8582537, 48.1586085 ], [ -0.8581617, 48.1584376 ], [ -0.8585719, 48.1582647 ], [ -0.8586924, 48.1583482 ], [ -0.8588451, 48.1583369 ], [ -0.8594147, 48.1578218 ], [ -0.8595902, 48.1577729 ], [ -0.8597866, 48.1575124 ], [ -0.8603918, 48.1571709 ], [ -0.8605895, 48.1568735 ], [ -0.860951, 48.1566427 ], [ -0.8616347, 48.1555537 ], [ -0.8620766, 48.1552996 ], [ -0.8623469, 48.1553132 ], [ -0.8625153, 48.155223 ], [ -0.8645722, 48.1552169 ], [ -0.8650171, 48.1553176 ], [ -0.8653201, 48.1552627 ], [ -0.8674526, 48.1554621 ], [ -0.8695336, 48.1559317 ], [ -0.8700458, 48.1558302 ], [ -0.8713863, 48.1560429 ], [ -0.8718945, 48.1561983 ], [ -0.8728829, 48.1562172 ], [ -0.8744539, 48.1566359 ], [ -0.8755476, 48.1568053 ], [ -0.8763727, 48.157389 ], [ -0.8772863, 48.1577473 ], [ -0.8774815, 48.1577652 ], [ -0.8776386, 48.1576672 ], [ -0.8784619, 48.1578591 ], [ -0.8790623, 48.1577465 ], [ -0.8799025, 48.1577099 ], [ -0.8805855, 48.1584658 ], [ -0.8823165, 48.1582376 ], [ -0.882335, 48.1583424 ], [ -0.882898, 48.1583275 ], [ -0.8837273, 48.1585074 ], [ -0.8844661, 48.1585209 ], [ -0.885085, 48.1582942 ], [ -0.8855816, 48.1582914 ], [ -0.8859911, 48.1581463 ], [ -0.8881865, 48.1592884 ], [ -0.8922716, 48.1601068 ], [ -0.893896, 48.1578495 ], [ -0.8947964, 48.1577342 ], [ -0.8945682, 48.157397599999989 ], [ -0.8946292, 48.156965 ], [ -0.8959217, 48.1571087 ], [ -0.8971372, 48.1566668 ], [ -0.8985913, 48.1564286 ], [ -0.8994598, 48.1561368 ], [ -0.9002354, 48.1562292 ], [ -0.9016622, 48.1549847 ], [ -0.9015503, 48.155401 ], [ -0.9024252, 48.1554153 ], [ -0.9024268, 48.1551999 ], [ -0.9035109, 48.1553127 ], [ -0.9036413, 48.1548912 ], [ -0.9055092, 48.1546411 ], [ -0.9057167, 48.1547892 ], [ -0.9064659, 48.1547058 ], [ -0.906352, 48.154077099999988 ], [ -0.9064955, 48.1534327 ], [ -0.9071041, 48.1526864 ], [ -0.9076253, 48.152634 ], [ -0.9084102, 48.1529071 ], [ -0.9087751, 48.1523616 ], [ -0.909223, 48.1523378 ], [ -0.9093008, 48.1521514 ], [ -0.9105196, 48.151484 ], [ -0.9115403, 48.1518853 ], [ -0.9114406, 48.152176 ], [ -0.9122821, 48.152303 ], [ -0.9127335, 48.1521997 ], [ -0.9132023, 48.1523662 ], [ -0.9138517, 48.1524266 ], [ -0.9140069, 48.1525593 ], [ -0.9141198, 48.1525375 ], [ -0.9141558, 48.1526426 ], [ -0.9146212, 48.1526731 ], [ -0.9147048, 48.1523289 ], [ -0.9154587, 48.1527642 ], [ -0.9171769, 48.1539649 ], [ -0.9184242, 48.1542072 ], [ -0.9184091, 48.1543843 ], [ -0.9188683, 48.154604199999987 ], [ -0.9192561, 48.1543859 ], [ -0.9193036, 48.1544825 ], [ -0.9196637, 48.1544354 ], [ -0.9198604, 48.1545829 ], [ -0.9205638, 48.1544271 ], [ -0.9214544, 48.1544713 ], [ -0.9214318, 48.1543487 ], [ -0.9224472, 48.154387 ], [ -0.9227139, 48.1543168 ], [ -0.9229766, 48.1541009 ], [ -0.9245725, 48.1539063 ], [ -0.9249822, 48.1537666 ], [ -0.9255372, 48.1538066 ], [ -0.9268495, 48.1534386 ], [ -0.928352, 48.153257 ], [ -0.9288528, 48.1533277 ], [ -0.9300171, 48.153034 ], [ -0.9312751, 48.1530037 ], [ -0.9326737, 48.1530724 ], [ -0.9331382, 48.1532344 ], [ -0.9347633, 48.1540838 ], [ -0.9359799, 48.1545099 ], [ -0.9375481, 48.1545945 ], [ -0.938777, 48.1544805 ], [ -0.9401103, 48.1545035 ], [ -0.9420783, 48.1545864 ], [ -0.9429105, 48.1547495 ], [ -0.9435916, 48.1550709 ], [ -0.9440482, 48.1554521 ], [ -0.9442685, 48.1559321 ], [ -0.9442939, 48.1566682 ], [ -0.9441388, 48.1569707 ], [ -0.943692, 48.1573172 ], [ -0.943154, 48.1575046 ], [ -0.9422069, 48.1576426 ], [ -0.9421255, 48.1580138 ], [ -0.9417972, 48.1581788 ], [ -0.9416514, 48.1587324 ], [ -0.9416997, 48.1588208 ], [ -0.9418339, 48.1587245 ], [ -0.9421771, 48.1589571 ], [ -0.942079, 48.1593019 ], [ -0.9417343, 48.1595729 ], [ -0.9416893, 48.1598897 ], [ -0.9415852, 48.1599382 ], [ -0.941211, 48.1597787 ], [ -0.9407997, 48.1598609 ], [ -0.9408469, 48.160149399999987 ], [ -0.9404196, 48.1601988 ], [ -0.9402416, 48.160339 ], [ -0.9401946, 48.1602325 ], [ -0.9400071, 48.1602468 ], [ -0.9397513, 48.1600482 ], [ -0.9393911, 48.1601124 ], [ -0.9393207, 48.1602508 ], [ -0.9389035, 48.1602359 ], [ -0.9388485, 48.1600225 ], [ -0.9366461, 48.1602654 ], [ -0.9357324, 48.1614662 ], [ -0.9358474, 48.1627201 ], [ -0.9359981, 48.1628808 ], [ -0.9369414, 48.1631782 ], [ -0.9372368, 48.1634728 ], [ -0.937523, 48.1634642 ], [ -0.9375539, 48.1635172 ], [ -0.9379738, 48.1633698 ], [ -0.9382612, 48.1636485 ], [ -0.9382733, 48.1638103 ], [ -0.9385676, 48.1638014 ], [ -0.9387167, 48.1639946 ], [ -0.9382901, 48.164107 ], [ -0.9386351, 48.1644541 ], [ -0.9406948, 48.1650213 ], [ -0.9411924, 48.1655164 ], [ -0.941917, 48.1665634 ], [ -0.9423478, 48.1663995 ], [ -0.9426725, 48.1666715 ], [ -0.942872, 48.1666378 ], [ -0.9429709, 48.1666994 ], [ -0.9430873, 48.1665991 ], [ -0.9432186, 48.1666073 ], [ -0.9434216, 48.1670357 ], [ -0.9436745, 48.1669236 ], [ -0.9439075, 48.1670681 ], [ -0.9437826, 48.167379499999988 ], [ -0.9435546, 48.1674276 ], [ -0.9436144, 48.1676157 ], [ -0.943804, 48.1676833 ], [ -0.9444121, 48.1676206 ], [ -0.9445771, 48.1676664 ], [ -0.9445711, 48.1677838 ], [ -0.9444011, 48.1679057 ], [ -0.9445782, 48.1681133 ], [ -0.9453841, 48.168444 ], [ -0.9455002, 48.1683761 ], [ -0.945611, 48.1684166 ], [ -0.9456049, 48.1683177 ], [ -0.9458287, 48.1682489 ], [ -0.9457991, 48.1684112 ], [ -0.9459113, 48.1684705 ], [ -0.9463796, 48.1684476 ], [ -0.9464938, 48.1685339 ], [ -0.9462487, 48.1686781 ], [ -0.946871, 48.1689663 ], [ -0.9470656, 48.169335499999988 ], [ -0.9474477, 48.169438 ], [ -0.9474478, 48.1696741 ], [ -0.9479578, 48.1699021 ], [ -0.9482404, 48.1705467 ], [ -0.9488187, 48.1712201 ], [ -0.951193, 48.171971299999989 ], [ -0.9522579, 48.1727203 ], [ -0.9525409, 48.173082 ], [ -0.9525873, 48.1731796 ], [ -0.9522377, 48.173494 ], [ -0.9519681, 48.1735625 ], [ -0.9516652, 48.1738528 ], [ -0.9514288, 48.1738977 ], [ -0.9514123, 48.1743073 ], [ -0.9510598, 48.1745101 ], [ -0.950767, 48.174846 ], [ -0.950157, 48.175962899999988 ], [ -0.9495068, 48.1764009 ], [ -0.9490373, 48.1773085 ], [ -0.949053, 48.1781846 ], [ -0.9492556, 48.1782274 ], [ -0.949313, 48.1783651 ], [ -0.9491804, 48.1786272 ], [ -0.9492894, 48.1787155 ], [ -0.9495304, 48.1786957 ], [ -0.949947, 48.1790421 ], [ -0.9498265, 48.1792867 ], [ -0.9499335, 48.17933 ], [ -0.9497625, 48.1794213 ], [ -0.9498326, 48.1796018 ], [ -0.9495009, 48.179867 ], [ -0.9506063, 48.1811733 ], [ -0.9506698, 48.1812657 ], [ -0.9505225, 48.1812779 ], [ -0.9507429, 48.1815939 ], [ -0.951305, 48.182103 ], [ -0.9515558, 48.1826631 ], [ -0.951177, 48.1833254 ], [ -0.9503687, 48.183866 ], [ -0.9505199, 48.1839961 ], [ -0.9495914, 48.1847839 ], [ -0.9495248, 48.1858556 ], [ -0.94974, 48.1861745 ], [ -0.9498961, 48.1867125 ], [ -0.950332, 48.1870646 ], [ -0.9505076, 48.1870704 ], [ -0.9509436, 48.1875126 ], [ -0.9510879, 48.1875321 ], [ -0.951301, 48.1878952 ], [ -0.951357, 48.1880853 ], [ -0.951164, 48.1884953 ], [ -0.9511735, 48.1889455 ], [ -0.9514021, 48.1898207 ], [ -0.9524209, 48.1905965 ], [ -0.9535409, 48.1910149 ], [ -0.9538791, 48.1910333 ], [ -0.9543855, 48.191192 ], [ -0.954789, 48.1912001 ], [ -0.9548959, 48.191656 ], [ -0.9556605, 48.1915376 ], [ -0.9557785, 48.1924652 ], [ -0.9566479, 48.1926306 ], [ -0.9555015, 48.1946466 ], [ -0.9564428, 48.1951241 ], [ -0.9576636, 48.1949435 ], [ -0.9584844, 48.1950358 ], [ -0.9590059, 48.1949642 ], [ -0.9597459, 48.1951106 ], [ -0.9599457, 48.1957805 ], [ -0.9607708, 48.1966834 ], [ -0.9617442, 48.1971913 ], [ -0.9627575, 48.1975672 ], [ -0.9631007, 48.1979566 ], [ -0.963864, 48.1985733 ], [ -0.9643404, 48.1987798 ], [ -0.9656968, 48.198718 ], [ -0.9668103, 48.198795 ], [ -0.9680982, 48.1991662 ], [ -0.9688141, 48.199188 ], [ -0.969461, 48.1993492 ], [ -0.969945, 48.1993879 ], [ -0.9704663, 48.1991352 ], [ -0.9711556, 48.1992336 ], [ -0.9727047, 48.1990103 ], [ -0.9727173, 48.1989261 ], [ -0.973542, 48.1990154 ], [ -0.9751317, 48.1993313 ], [ -0.9769305, 48.1991301 ], [ -0.9777016, 48.1987951 ], [ -0.977785, 48.1986671 ], [ -0.9779506, 48.1986831 ], [ -0.9780532, 48.1989004 ], [ -0.9794836, 48.198444 ], [ -0.979698, 48.198195399999989 ], [ -0.9797484, 48.1978982 ], [ -0.9801105, 48.1975715 ], [ -0.9800436, 48.197435 ], [ -0.9803435, 48.1969447 ], [ -0.9810008, 48.1967631 ], [ -0.9814991, 48.1964553 ], [ -0.9820401, 48.1958748 ], [ -0.9830274, 48.1954226 ], [ -0.9834272, 48.1954523 ], [ -0.9837479, 48.1953631 ], [ -0.9841409, 48.1951787 ], [ -0.9849164, 48.195026299999988 ], [ -0.9868241, 48.1943439 ], [ -0.9871177, 48.1940925 ], [ -0.9871517, 48.1938292 ], [ -0.9877239, 48.1937332 ], [ -0.9891601, 48.1938027 ], [ -0.9898937, 48.1939698 ], [ -0.9917502, 48.1939827 ], [ -0.991995, 48.1941735 ], [ -0.991862, 48.194606 ], [ -0.9926417, 48.1947949 ], [ -0.9929398, 48.1950119 ], [ -0.9937957, 48.195282 ], [ -0.9940466, 48.1954465 ], [ -0.9942811, 48.1954467 ], [ -0.9951235, 48.1960714 ], [ -0.9953133, 48.1959974 ], [ -0.9957456, 48.1961368 ], [ -0.9957739, 48.1962259 ], [ -0.9961384, 48.1962514 ], [ -0.9963731, 48.1962191 ], [ -0.9965102, 48.1961082 ], [ -0.9975289, 48.1959467 ], [ -0.9982423, 48.1960973 ], [ -0.9984682, 48.1960545 ], [ -0.9991128, 48.196648 ], [ -0.9992912, 48.1966005 ], [ -1.0005454, 48.1969508 ], [ -1.0007511, 48.1973357 ], [ -1.0012079, 48.1975842 ], [ -1.0010615, 48.1977324 ], [ -1.0011072, 48.1978904 ], [ -1.0016518, 48.1979458 ], [ -1.002136, 48.1977212 ], [ -1.0028426, 48.1976027 ], [ -1.0030297, 48.1974224 ], [ -1.0033691, 48.1974731 ], [ -1.0034544, 48.1976918 ], [ -1.0037279, 48.1976366 ], [ -1.0041308, 48.1977437 ], [ -1.0050566, 48.198151 ], [ -1.0053193, 48.1983097 ], [ -1.0053655, 48.1986523 ], [ -1.0055993, 48.1988741 ], [ -1.0063415, 48.1992246 ], [ -1.0065917, 48.1995017 ], [ -1.0068048, 48.1995224 ], [ -1.0072237, 48.2000334 ], [ -1.0075678, 48.2000929 ], [ -1.0075538, 48.2002979 ], [ -1.0079138, 48.2000883 ], [ -1.0081481, 48.2001912 ], [ -1.0080663, 48.2004102 ], [ -1.0085565, 48.2008485 ], [ -1.0086937, 48.2008799 ], [ -1.0086962, 48.2010735 ], [ -1.0089362, 48.2013222 ], [ -1.0090234, 48.2018318 ], [ -1.009346, 48.2021389 ], [ -1.010435, 48.2021578 ], [ -1.0113826, 48.2023193 ], [ -1.0119039, 48.2026349 ], [ -1.0120423, 48.2029131 ], [ -1.0128814, 48.203454 ], [ -1.0136696, 48.2037885 ], [ -1.0150631, 48.204087 ], [ -1.0154906, 48.204268 ], [ -1.0159578, 48.2049873 ], [ -1.0157506, 48.2051871 ], [ -1.0156535, 48.2056643 ], [ -1.0154738, 48.2058353 ], [ -1.0159647, 48.2062466 ], [ -1.0164727, 48.2064041 ], [ -1.0173266, 48.2065011 ], [ -1.0177616, 48.2063025 ], [ -1.0181259, 48.2062361 ], [ -1.0199707, 48.2064264 ], [ -1.0214794, 48.2062201 ], [ -1.0218093, 48.2063214 ], [ -1.0223759, 48.2066472 ], [ -1.0225488, 48.206917 ], [ -1.0228525, 48.2070634 ], [ -1.0230439, 48.207311 ], [ -1.0235828, 48.2072548 ], [ -1.0237023, 48.2071435 ], [ -1.0242973, 48.2070979 ], [ -1.0250865, 48.2068422 ], [ -1.0256359, 48.2067649 ], [ -1.0267524, 48.206771 ], [ -1.0269866, 48.2069963 ], [ -1.0283902, 48.207425 ], [ -1.028055, 48.2078725 ], [ -1.0282347, 48.2083187 ], [ -1.0284901, 48.2084505 ], [ -1.0286268, 48.2084233 ], [ -1.0287075, 48.2085449 ], [ -1.0296, 48.2086883 ], [ -1.0298002, 48.2090329 ], [ -1.0304327, 48.2096014 ], [ -1.0307456, 48.2095511 ], [ -1.0307056, 48.2099795 ], [ -1.0309221, 48.2101667 ], [ -1.030716, 48.2105035 ], [ -1.0308751, 48.2107332 ], [ -1.0311177, 48.2108204 ], [ -1.0310936, 48.2109113 ], [ -1.0312966, 48.2109395 ], [ -1.0314347, 48.2110529 ], [ -1.0314342, 48.2112412 ], [ -1.031744, 48.2112369 ], [ -1.0315583, 48.2115415 ], [ -1.0321439, 48.2118134 ], [ -1.0332696, 48.2118154 ], [ -1.0335154, 48.2119098 ], [ -1.0339117, 48.211751199999988 ], [ -1.034009, 48.2118073 ], [ -1.0339341, 48.2119378 ], [ -1.0341268, 48.2119898 ], [ -1.0343724, 48.2119057 ], [ -1.0346676, 48.2119749 ], [ -1.0347327, 48.2118051 ], [ -1.0351231, 48.2119918 ], [ -1.035403, 48.2118443 ], [ -1.0357559, 48.2118584 ], [ -1.0360494, 48.2120475 ], [ -1.0362775, 48.2119802 ], [ -1.0365376, 48.212120899999988 ], [ -1.0368248, 48.2120867 ], [ -1.0373359, 48.2121954 ], [ -1.0374044, 48.2123327 ], [ -1.0373083, 48.2125567 ], [ -1.0376956, 48.2122452 ], [ -1.0378394, 48.2122214 ], [ -1.0383284, 48.2128327 ], [ -1.0388793, 48.2128976 ], [ -1.0399151, 48.2132388 ], [ -1.0401098, 48.2130528 ], [ -1.0404653, 48.213083 ], [ -1.0404901, 48.2132488 ], [ -1.0406778, 48.2132532 ], [ -1.0406962, 48.2133517 ], [ -1.0414287, 48.2136753 ], [ -1.0415449, 48.2136091 ], [ -1.0417516, 48.2136669 ], [ -1.041743, 48.2137663 ], [ -1.0420129, 48.2140165 ], [ -1.0429168, 48.2143946 ], [ -1.0430667, 48.2145391 ], [ -1.0429591, 48.2146301 ], [ -1.0430089, 48.214805 ], [ -1.0432125, 48.2148575 ], [ -1.0434663, 48.2148101 ], [ -1.044383, 48.215249 ], [ -1.0448935, 48.2152783 ], [ -1.0451628, 48.2151349 ], [ -1.0455351, 48.2151545 ], [ -1.0456711, 48.2150652 ], [ -1.0459424, 48.2151045 ], [ -1.0459776, 48.2151943 ], [ -1.0462034, 48.2152731 ], [ -1.0466264, 48.2150937 ], [ -1.0494837, 48.2148047 ], [ -1.0507955, 48.215139 ], [ -1.0510553, 48.2150292 ], [ -1.0513329, 48.2151683 ], [ -1.0516539, 48.2151005 ], [ -1.0526171, 48.2154945 ], [ -1.0529541, 48.2154767 ], [ -1.0530708, 48.2156096 ], [ -1.0536166, 48.2155188 ], [ -1.0537251, 48.2157385 ], [ -1.0539651, 48.2157384 ], [ -1.0540774, 48.2158489 ], [ -1.0542103, 48.2158245 ], [ -1.0544905, 48.2161366 ], [ -1.0554017, 48.2168188 ], [ -1.0558261, 48.2170439 ], [ -1.0561834, 48.2171136 ], [ -1.0574274, 48.2170051 ], [ -1.0578453, 48.2168997 ], [ -1.0593155, 48.2170141 ], [ -1.0594925, 48.2168782 ], [ -1.0620537, 48.2166127 ], [ -1.0627653, 48.216872 ], [ -1.0649211, 48.2169437 ], [ -1.0656849, 48.2170408 ], [ -1.0670581, 48.2179603 ], [ -1.0687884, 48.2188935 ], [ -1.0696441, 48.2191325 ], [ -1.0734889, 48.2204901 ], [ -1.0755004, 48.2203838 ], [ -1.0758963, 48.2204999 ], [ -1.0762192, 48.2204914 ], [ -1.0763976, 48.2207934 ], [ -1.0766065, 48.2209141 ], [ -1.0769182, 48.2207078 ], [ -1.0772191, 48.2207812 ], [ -1.0773487, 48.2209579 ], [ -1.0775995, 48.220852799999989 ], [ -1.0779146, 48.2209707 ], [ -1.0786193, 48.2210338 ], [ -1.07879, 48.2209576 ], [ -1.0788461, 48.2207764 ], [ -1.0792757, 48.2203345 ], [ -1.0801326, 48.220031 ], [ -1.0804056, 48.2198648 ], [ -1.080423, 48.2197236 ], [ -1.0806812, 48.2196291 ], [ -1.0805362, 48.2195314 ], [ -1.0806051, 48.2193416 ], [ -1.0804042, 48.2188719 ], [ -1.0805889, 48.218698 ], [ -1.080407, 48.2185241 ], [ -1.0805048, 48.2184648 ], [ -1.0805483, 48.2181723 ], [ -1.0806834, 48.2181586 ], [ -1.0808679, 48.2182784 ], [ -1.0810802, 48.2182521 ], [ -1.0813852, 48.2179947 ], [ -1.0814936, 48.218036 ], [ -1.0814963, 48.2181413 ], [ -1.0824209, 48.2175625 ], [ -1.0824078, 48.2173764 ], [ -1.0825076, 48.2173072 ], [ -1.0824017, 48.2164792 ], [ -1.082599, 48.2162931 ], [ -1.0825437, 48.2161716 ], [ -1.0826648, 48.2159422 ], [ -1.0828552, 48.2158239 ], [ -1.0825373, 48.2150969 ], [ -1.0830301, 48.2147402 ], [ -1.0833896, 48.2147864 ], [ -1.0833396, 48.2146286 ], [ -1.0834832, 48.2144461 ], [ -1.0840013, 48.2143129 ], [ -1.0842793, 48.2140204 ], [ -1.0847391, 48.2138125 ], [ -1.0848107, 48.2137101 ], [ -1.0846837, 48.213498199999989 ], [ -1.0841276, 48.213211099999988 ], [ -1.0842573, 48.2130228 ], [ -1.0847289, 48.2129849 ], [ -1.0847613, 48.2128982 ], [ -1.0845086, 48.2124726 ], [ -1.0842567, 48.2124057 ], [ -1.0842603, 48.2120524 ], [ -1.0843914, 48.211760399999989 ], [ -1.0848558, 48.2116479 ], [ -1.0852876, 48.2116357 ], [ -1.0854459, 48.2114167 ], [ -1.0857816, 48.2113483 ], [ -1.0861131, 48.2113819 ], [ -1.086215, 48.2113225 ], [ -1.0862723, 48.2109826 ], [ -1.0866876, 48.2108277 ], [ -1.0867267, 48.2105849 ], [ -1.0868678, 48.2104746 ], [ -1.0868044, 48.2103696 ], [ -1.0872501, 48.2101027 ], [ -1.087325, 48.2098515 ], [ -1.0873289, 48.209763 ], [ -1.0870286, 48.2095572 ], [ -1.0872428, 48.2092083 ], [ -1.0868313, 48.2091685 ], [ -1.086333, 48.2086181 ], [ -1.0863444, 48.2084691 ], [ -1.0861185, 48.2083715 ], [ -1.0860444, 48.2080425 ], [ -1.0856341, 48.208017899999987 ], [ -1.0855301, 48.208154 ], [ -1.0848493, 48.2080667 ], [ -1.0847226, 48.2076657 ], [ -1.0845903, 48.207663 ], [ -1.0844718, 48.2075437 ], [ -1.0835123, 48.2076156 ], [ -1.0834174, 48.2073648 ], [ -1.0828994, 48.207308 ], [ -1.0824644, 48.2070167 ], [ -1.0815992, 48.2067745 ], [ -1.0815723, 48.2063394 ], [ -1.0818345, 48.2058438 ], [ -1.0818392, 48.2054003 ], [ -1.0821228, 48.2051635 ], [ -1.0819403, 48.2051382 ], [ -1.0816841, 48.2049633 ], [ -1.0815143, 48.2045799 ], [ -1.0812106, 48.2044355 ], [ -1.0810942, 48.2042548 ], [ -1.0804114, 48.2039658 ], [ -1.0794604, 48.2040085 ], [ -1.0792622, 48.203955 ], [ -1.0791892, 48.2037782 ], [ -1.0786156, 48.2038729 ], [ -1.0782301, 48.203733 ], [ -1.0780102, 48.203591 ], [ -1.0773585, 48.2028144 ], [ -1.0768253, 48.2020192 ], [ -1.0756351, 48.2016864 ], [ -1.0752839, 48.2018166 ], [ -1.0749176, 48.2018022 ], [ -1.0745145, 48.2016792 ], [ -1.0743047, 48.2015449 ], [ -1.0741907, 48.2011515 ], [ -1.0738475, 48.2008778 ], [ -1.0737639, 48.2006851 ], [ -1.0738763, 48.2003957 ], [ -1.0737839, 48.2002114 ], [ -1.0739102, 48.2000494 ], [ -1.0736697, 48.1999721 ], [ -1.0736663, 48.1998227 ], [ -1.0738918, 48.1996545 ], [ -1.0740523, 48.1993066 ], [ -1.0738533, 48.1992432 ], [ -1.0748226, 48.1987232 ], [ -1.0748579, 48.1984652 ], [ -1.0750868, 48.1983753 ], [ -1.0751297, 48.1982332 ], [ -1.0755235, 48.1981322 ], [ -1.075607, 48.1976257 ], [ -1.0761243, 48.1974664 ], [ -1.0762563, 48.1973429 ], [ -1.0760906, 48.1972396 ], [ -1.0761004, 48.1971392 ], [ -1.0766791, 48.196763399999988 ], [ -1.0764962, 48.196175 ], [ -1.0767234, 48.1950698 ], [ -1.0769205, 48.1947602 ], [ -1.0767356, 48.1947909 ], [ -1.0765525, 48.1944279 ], [ -1.0770492, 48.1943332 ], [ -1.0775401, 48.1938324 ], [ -1.0775321, 48.1936417 ], [ -1.0772764, 48.1935064 ], [ -1.0771856, 48.1933257 ], [ -1.0772271, 48.1930954 ], [ -1.0769635, 48.1929802 ], [ -1.0771634, 48.1924975 ], [ -1.0773639, 48.1924068 ], [ -1.077157, 48.1921536 ], [ -1.0773725, 48.1920128 ], [ -1.0770493, 48.1918753 ], [ -1.0772686, 48.1916271 ], [ -1.0775838, 48.1914514 ], [ -1.0776816, 48.1912173 ], [ -1.0775862, 48.1909774 ], [ -1.0777742, 48.1908645 ], [ -1.0775385, 48.1908484 ], [ -1.0778639, 48.1906119 ], [ -1.0778016, 48.1905383 ], [ -1.0776075, 48.190555 ], [ -1.0777659, 48.1903558 ], [ -1.0776836, 48.1902325 ], [ -1.0786021, 48.1897385 ], [ -1.0785353, 48.1896588 ], [ -1.078052, 48.1895251 ], [ -1.0783712, 48.1893492 ], [ -1.0781747, 48.189264 ], [ -1.0781102, 48.1891095 ], [ -1.0781819, 48.189043899999987 ], [ -1.0780036, 48.1889339 ], [ -1.0780324, 48.188347199999988 ], [ -1.0778765, 48.188213 ], [ -1.0776823, 48.1882287 ], [ -1.0777799, 48.1880613 ], [ -1.0774616, 48.1879011 ], [ -1.0776739, 48.1875794 ], [ -1.0777029, 48.187309 ], [ -1.0775858, 48.1872761 ], [ -1.0773029, 48.1873814 ], [ -1.0771826, 48.1872891 ], [ -1.077485, 48.1871057 ], [ -1.0772588, 48.1866891 ], [ -1.0773847, 48.1866613 ], [ -1.0775617, 48.1867372 ], [ -1.0779395, 48.1866223 ], [ -1.0780259, 48.1863283 ], [ -1.0784282, 48.1862685 ], [ -1.0783688, 48.1861282 ], [ -1.0779317, 48.1860505 ], [ -1.0779752, 48.18583 ], [ -1.0776668, 48.1857091 ], [ -1.0776715, 48.185630599999989 ], [ -1.0777746, 48.1856577 ], [ -1.0780164, 48.185561 ], [ -1.078129, 48.1853616 ], [ -1.0780473, 48.1852455 ], [ -1.077815, 48.1852562 ], [ -1.0778621, 48.1850807 ], [ -1.0782327, 48.1851174 ], [ -1.0784306, 48.1850097 ], [ -1.0787054, 48.1850623 ], [ -1.0788896, 48.1850046 ], [ -1.0790619, 48.1847752 ], [ -1.0790806, 48.1844601 ], [ -1.078877, 48.1843014 ], [ -1.0793603, 48.1841396 ], [ -1.0795928, 48.184219 ], [ -1.0798569, 48.1841495 ], [ -1.0798617, 48.1839673 ], [ -1.0797009, 48.1838395 ], [ -1.079963, 48.1837097 ], [ -1.0799026, 48.1834856 ], [ -1.0795843, 48.1834291 ], [ -1.0792142, 48.183504 ], [ -1.0789918, 48.1832766 ], [ -1.0794476, 48.1829337 ], [ -1.0792939, 48.1828445 ], [ -1.0790276, 48.1829555 ], [ -1.0790615, 48.1826975 ], [ -1.079651, 48.1825843 ], [ -1.0799363, 48.1823366 ], [ -1.0797835, 48.1819635 ], [ -1.0794044, 48.182009 ], [ -1.0792382, 48.1818111 ], [ -1.0788206, 48.1818112 ], [ -1.0788254, 48.1816821 ], [ -1.0792819, 48.1815573 ], [ -1.0793855, 48.1813636 ], [ -1.0793399, 48.1812616 ], [ -1.0788043, 48.1810432 ], [ -1.0789678, 48.1803347 ], [ -1.0784321, 48.1797135 ], [ -1.0785701, 48.1795295 ], [ -1.0786057, 48.1792057 ], [ -1.0791026, 48.1789767 ], [ -1.0790474, 48.1786984 ], [ -1.0787263, 48.1782744 ], [ -1.0788447, 48.1779937 ], [ -1.079272, 48.1777518 ], [ -1.0803154, 48.1775869 ], [ -1.0804626, 48.1773484 ], [ -1.08012, 48.17668 ], [ -1.0801518, 48.1765167 ], [ -1.0803967, 48.1762866 ], [ -1.0802418, 48.1759037 ], [ -1.0807513, 48.175577 ], [ -1.0803302, 48.1749563 ], [ -1.0800627, 48.1747376 ], [ -1.0795814, 48.1747849 ], [ -1.0792424, 48.1749994 ], [ -1.0790945, 48.1750027 ], [ -1.0784914, 48.173963 ], [ -1.0778593, 48.1739588 ], [ -1.0775282, 48.1738053 ], [ -1.0773306, 48.1738806 ], [ -1.0770873, 48.1738692 ], [ -1.075775, 48.1734479 ], [ -1.0755259, 48.1732916 ], [ -1.0760504, 48.1730194 ], [ -1.0760278, 48.172849 ], [ -1.0761637, 48.1726028 ], [ -1.0757773, 48.1722909 ], [ -1.0752529, 48.1721468 ], [ -1.0750781, 48.1718718 ], [ -1.07503, 48.1717193 ], [ -1.0755222, 48.1714122 ], [ -1.0755736, 48.1712762 ], [ -1.0750549, 48.1708553 ], [ -1.0749956, 48.170506 ], [ -1.0752391, 48.1702579 ], [ -1.075454, 48.1702162 ], [ -1.0754726, 48.1700732 ], [ -1.0756531, 48.1699156 ], [ -1.076864, 48.1696368 ], [ -1.0773701, 48.1692832 ], [ -1.0777267, 48.1691402 ], [ -1.0782258, 48.1691834 ], [ -1.0784756, 48.1690702 ], [ -1.0785266, 48.1684747 ], [ -1.0782074, 48.1677433 ], [ -1.0776201, 48.1672023 ], [ -1.0772998, 48.1670313 ], [ -1.0760614, 48.1670228 ], [ -1.0752511, 48.1667859 ], [ -1.0749265, 48.1667683 ], [ -1.0737958, 48.1671614 ], [ -1.0733782, 48.1667416 ], [ -1.0728367, 48.1664783 ], [ -1.0727801, 48.1658495 ], [ -1.0728859, 48.1654061 ], [ -1.0730438, 48.1651313 ], [ -1.0734753, 48.1651551 ], [ -1.073294, 48.1646379 ], [ -1.0738107, 48.1640912 ], [ -1.0737861, 48.1639298 ], [ -1.0734341, 48.1636789 ], [ -1.0734016, 48.1629961 ], [ -1.0731357, 48.1621683 ], [ -1.072958, 48.1619771 ], [ -1.0727654, 48.1619072 ], [ -1.07276, 48.16161 ], [ -1.0733507, 48.1607652 ], [ -1.0741803, 48.1598761 ], [ -1.0744175, 48.1593201 ], [ -1.0737023, 48.159406 ], [ -1.0732868, 48.159379799999989 ], [ -1.0723884, 48.1590451 ], [ -1.0713801, 48.1595043 ], [ -1.0704893, 48.1596188 ], [ -1.06913, 48.1594197 ], [ -1.0682888, 48.1594082 ], [ -1.0674797, 48.1596911 ], [ -1.0656895, 48.1605241 ], [ -1.0650452, 48.1604995 ], [ -1.0649334, 48.1606043 ], [ -1.064745, 48.1605891 ], [ -1.0646233, 48.1607402 ], [ -1.0643208, 48.1608515 ], [ -1.0641673, 48.1608334 ], [ -1.0641318, 48.160758 ], [ -1.0640312, 48.1603605 ], [ -1.0640473, 48.1593455 ], [ -1.0636421, 48.1575105 ], [ -1.0637242, 48.1572653 ], [ -1.0630232, 48.1539837 ], [ -1.0625597, 48.1530878 ], [ -1.0614691, 48.151828 ], [ -1.0603196, 48.1502232 ], [ -1.0607362, 48.1454344 ], [ -1.0608047, 48.1394276 ], [ -1.0608801, 48.1384123 ], [ -1.0610931, 48.1375931 ], [ -1.0611284, 48.1367395 ], [ -1.0606543, 48.134934 ], [ -1.0600567, 48.1335328 ], [ -1.0583238, 48.1315985 ], [ -1.058113, 48.1311507 ], [ -1.0582488, 48.1301504 ], [ -1.0588227, 48.129509 ], [ -1.0592066, 48.1286731 ], [ -1.0594155, 48.127381 ], [ -1.0593689, 48.1257058 ] ] ] ] } },
{ "type": "Feature", "properties": { "code_departement": 53.0, "code_rne": "0530025P", "multisecteur": 0.0 }, "geometry": { "type": "MultiPolygon", "coordinates": [ [ [ [ -0.3071606, 48.3820872 ], [ -0.3079978, 48.3811274 ], [ -0.3083296, 48.3810299 ], [ -0.3120707, 48.3802266 ], [ -0.3148695, 48.3794882 ], [ -0.3159634, 48.3796224 ], [ -0.3161456, 48.3794687 ], [ -0.3172716, 48.3794048 ], [ -0.3193366, 48.379591 ], [ -0.3234522, 48.3794774 ], [ -0.3231006, 48.3778286 ], [ -0.3237635, 48.3777947 ], [ -0.3239128, 48.3767567 ], [ -0.3257955, 48.3765832 ], [ -0.3260981, 48.3767945 ], [ -0.3260238, 48.3773927 ], [ -0.3265984, 48.3786993 ], [ -0.3282457, 48.3801019 ], [ -0.3286937, 48.3803018 ], [ -0.3287762, 48.380751599999989 ], [ -0.3298636, 48.3811451 ], [ -0.3305045, 48.3815521 ], [ -0.331729, 48.3825523 ], [ -0.3323793, 48.3834066 ], [ -0.3328465, 48.3842723 ], [ -0.3341735, 48.3842431 ], [ -0.3341739, 48.3840999 ], [ -0.334963, 48.3840723 ], [ -0.3350235, 48.3842588 ], [ -0.3356892, 48.3843103 ], [ -0.3361387, 48.3846416 ], [ -0.3365538, 48.3853242 ], [ -0.3376677, 48.3858763 ], [ -0.3378514, 48.3860233 ], [ -0.3379033, 48.3862452 ], [ -0.3383026, 48.3863366 ], [ -0.3394914, 48.3877276 ], [ -0.3395425, 48.3878306 ], [ -0.3390713, 48.3881807 ], [ -0.3390534, 48.3885792 ], [ -0.3387926, 48.3887523 ], [ -0.3389495, 48.3890297 ], [ -0.3396801, 48.3893567 ], [ -0.3396274, 48.3897625 ], [ -0.3397547, 48.3899363 ], [ -0.3403332, 48.3899974 ], [ -0.3404041, 48.3908581 ], [ -0.34084, 48.3911853 ], [ -0.3406233, 48.3914345 ], [ -0.3407114, 48.3919903 ], [ -0.3403295, 48.3923847 ], [ -0.34047, 48.3928084 ], [ -0.340751, 48.3931661 ], [ -0.3415126, 48.3933851 ], [ -0.3417185, 48.393562 ], [ -0.3416571, 48.3937024 ], [ -0.3411071, 48.3937702 ], [ -0.340997, 48.394165 ], [ -0.3408302, 48.3943066 ], [ -0.3409164, 48.3945347 ], [ -0.3408563, 48.3947813 ], [ -0.3411597, 48.3951932 ], [ -0.3407597, 48.3955152 ], [ -0.3411357, 48.3956027 ], [ -0.3411697, 48.3957125 ], [ -0.3409561, 48.3958608 ], [ -0.3415188, 48.3959503 ], [ -0.3415743, 48.3961424 ], [ -0.3414581, 48.3963563 ], [ -0.3417583, 48.3963992 ], [ -0.3418278, 48.396173 ], [ -0.3422954, 48.3960203 ], [ -0.3425917, 48.3960875 ], [ -0.342749, 48.3962434 ], [ -0.3429984, 48.3961886 ], [ -0.3431896, 48.3962607 ], [ -0.3432993, 48.3959874 ], [ -0.343817, 48.3958369 ], [ -0.3442967, 48.3960007 ], [ -0.3445657, 48.39566 ], [ -0.3447052, 48.3957488 ], [ -0.345069, 48.395536799999988 ], [ -0.345265, 48.3957708 ], [ -0.3454032, 48.395775 ], [ -0.3455437, 48.3956242 ], [ -0.3457452, 48.3956888 ], [ -0.3458365, 48.3954656 ], [ -0.3456488, 48.3954277 ], [ -0.3455407, 48.3953002 ], [ -0.3459708, 48.3949837 ], [ -0.3462801, 48.394872299999989 ], [ -0.3466782, 48.395094199999988 ], [ -0.3469128, 48.3948292 ], [ -0.3472545, 48.3947799 ], [ -0.3472265, 48.3946168 ], [ -0.3474449, 48.394436 ], [ -0.3477016, 48.3944332 ], [ -0.3477787, 48.3945616 ], [ -0.3479591, 48.3945907 ], [ -0.3480499, 48.3944036 ], [ -0.3483588, 48.3943912 ], [ -0.3482191, 48.3942358 ], [ -0.348663, 48.3941791 ], [ -0.3485006, 48.3939433 ], [ -0.348661, 48.3938721 ], [ -0.3488624, 48.3939349 ], [ -0.3489409, 48.3937661 ], [ -0.349245, 48.393657499999989 ], [ -0.3506246, 48.3936653 ], [ -0.3515589, 48.393919 ], [ -0.3529362, 48.3936576 ], [ -0.3529654, 48.3937972 ], [ -0.3546529, 48.3939881 ], [ -0.3550451, 48.3938842 ], [ -0.3552965, 48.3940518 ], [ -0.3555857, 48.3939869 ], [ -0.3561537, 48.3935854 ], [ -0.3567288, 48.3935295 ], [ -0.3568947, 48.3935869 ], [ -0.3568559, 48.3936988 ], [ -0.3570991, 48.3938873 ], [ -0.3572036, 48.3942094 ], [ -0.3574207, 48.3942014 ], [ -0.357386, 48.3939332 ], [ -0.3575702, 48.3938532 ], [ -0.3577803, 48.394031 ], [ -0.3582726, 48.393927 ], [ -0.3585694, 48.3944661 ], [ -0.3589108, 48.3958521 ], [ -0.3586705, 48.3981425 ], [ -0.3583946, 48.3981206 ], [ -0.3574997, 48.4004116 ], [ -0.3576567, 48.4007736 ], [ -0.3580526, 48.4012334 ], [ -0.3580736, 48.4022188 ], [ -0.3623156, 48.4020868 ], [ -0.3634503, 48.4019835 ], [ -0.3644254, 48.40209 ], [ -0.3696163, 48.4032392 ], [ -0.3698278, 48.4033097 ], [ -0.3695071, 48.4036457 ], [ -0.371223, 48.4042318 ], [ -0.3725672, 48.4045888 ], [ -0.3739508, 48.4030105 ], [ -0.3741284, 48.4025111 ], [ -0.375382, 48.4019423 ], [ -0.3757006, 48.4015758 ], [ -0.3758591, 48.4007176 ], [ -0.376842, 48.3988418 ], [ -0.3771169, 48.3973112 ], [ -0.3815051, 48.3941839 ], [ -0.3810165, 48.393861 ], [ -0.3792105, 48.3937631 ], [ -0.3785978, 48.3927927 ], [ -0.3783092, 48.3926145 ], [ -0.3780887, 48.3923398 ], [ -0.3775924, 48.3922117 ], [ -0.3788711, 48.392101399999987 ], [ -0.3791842, 48.3918404 ], [ -0.3794501, 48.3917904 ], [ -0.3797702, 48.3915967 ], [ -0.3801211, 48.3912076 ], [ -0.3808633, 48.3911441 ], [ -0.3814294, 48.390506599999988 ], [ -0.3814661, 48.3903408 ], [ -0.3818749, 48.3902012 ], [ -0.3823881, 48.3895625 ], [ -0.3823228, 48.389367199999988 ], [ -0.3824772, 48.3891827 ], [ -0.3845277, 48.3884614 ], [ -0.3873711, 48.3877074 ], [ -0.3890884, 48.3870199 ], [ -0.3893307, 48.3868581 ], [ -0.3892389, 48.3866491 ], [ -0.3893084, 48.386512 ], [ -0.3906048, 48.385881499999989 ], [ -0.3915809, 48.3855456 ], [ -0.3925831, 48.3849234 ], [ -0.3947444, 48.3844572 ], [ -0.3955895, 48.3832254 ], [ -0.3960602, 48.3827473 ], [ -0.3967557, 48.3825067 ], [ -0.3983242, 48.3807561 ], [ -0.3986184, 48.3805388 ], [ -0.3995468, 48.3801159 ], [ -0.3999489, 48.379708199999989 ], [ -0.3999354, 48.379143 ], [ -0.3995927, 48.3786522 ], [ -0.3989476, 48.3782078 ], [ -0.3974084, 48.3775451 ], [ -0.3964778, 48.3769711 ], [ -0.3957925, 48.3766567 ], [ -0.3953608, 48.3762728 ], [ -0.394591, 48.3752989 ], [ -0.3946845, 48.3749883 ], [ -0.3944285, 48.3749173 ], [ -0.3947714, 48.3738647 ], [ -0.3951394, 48.3735975 ], [ -0.3952564, 48.3721245 ], [ -0.3956031, 48.3710889 ], [ -0.3951866, 48.3704146 ], [ -0.3950957, 48.370075 ], [ -0.3946776, 48.3696485 ], [ -0.3945801, 48.3691434 ], [ -0.3943034, 48.368772199999988 ], [ -0.3939191, 48.3686184 ], [ -0.3936111, 48.3677618 ], [ -0.3932187, 48.3674399 ], [ -0.393174, 48.3671035 ], [ -0.393281, 48.366814 ], [ -0.392237, 48.3654202 ], [ -0.3921746, 48.364789 ], [ -0.3919522, 48.3640857 ], [ -0.3916152, 48.3637847 ], [ -0.3911531, 48.3630937 ], [ -0.388348, 48.3619448 ], [ -0.387374, 48.3613828 ], [ -0.387151, 48.3609831 ], [ -0.3868738, 48.3608541 ], [ -0.3868218, 48.3606764 ], [ -0.402417, 48.358902 ], [ -0.4062344, 48.3583186 ], [ -0.4113285, 48.3576514 ], [ -0.4138683, 48.3571865 ], [ -0.4149865, 48.3570723 ], [ -0.4212481, 48.3573652 ], [ -0.4270619, 48.3575438 ], [ -0.4341573, 48.3568609 ], [ -0.4350283, 48.3571229 ], [ -0.4355274, 48.3571922 ], [ -0.4404216, 48.3572347 ], [ -0.4468679, 48.3584431 ], [ -0.4473576, 48.358617 ], [ -0.4487979, 48.359355799999989 ], [ -0.4481165, 48.3568361 ], [ -0.4475763, 48.3561197 ], [ -0.4466318, 48.3552323 ], [ -0.4460581, 48.3545601 ], [ -0.4454973, 48.3541684 ], [ -0.4448796, 48.3539586 ], [ -0.4442455, 48.3534781 ], [ -0.4435311, 48.3533377 ], [ -0.4435463, 48.3529509 ], [ -0.4432592, 48.353106 ], [ -0.4429984, 48.353147 ], [ -0.4442482, 48.3496606 ], [ -0.4442795, 48.3489825 ], [ -0.44409, 48.3483783 ], [ -0.4434735, 48.3477325 ], [ -0.4413173, 48.3461418 ], [ -0.4398489, 48.3445113 ], [ -0.4397222, 48.3442268 ], [ -0.4397132, 48.3438407 ], [ -0.4385386, 48.3430868 ], [ -0.438626, 48.3417569 ], [ -0.4390199, 48.341088 ], [ -0.4390522, 48.3406728 ], [ -0.4405842, 48.3391055 ], [ -0.4414072, 48.3380378 ], [ -0.4417021, 48.3370323 ], [ -0.4416622, 48.3365057 ], [ -0.4401077, 48.3312196 ], [ -0.4391926, 48.3311877 ], [ -0.4375276, 48.33024 ], [ -0.4359718, 48.3307778 ], [ -0.4362835, 48.3315802 ], [ -0.4349528, 48.3319259 ], [ -0.434175, 48.3322592 ], [ -0.4337075, 48.3323601 ], [ -0.4326301, 48.3323859 ], [ -0.4324997, 48.3324789 ], [ -0.4316223, 48.3324449 ], [ -0.4315462, 48.3321049 ], [ -0.4313732, 48.3319793 ], [ -0.4301508, 48.3316878 ], [ -0.4293417, 48.3317068 ], [ -0.4285669, 48.3323551 ], [ -0.4278252, 48.3323721 ], [ -0.4275994, 48.332348 ], [ -0.4275123, 48.3322344 ], [ -0.4272681, 48.3322379 ], [ -0.4271285, 48.332313 ], [ -0.427279, 48.3325086 ], [ -0.4271812, 48.3326456 ], [ -0.4269402, 48.3325535 ], [ -0.4255078, 48.3324374 ], [ -0.4251842, 48.3322604 ], [ -0.4246881, 48.332191 ], [ -0.4230872, 48.3322661 ], [ -0.422521, 48.3322203 ], [ -0.4224455, 48.3320973 ], [ -0.4217606, 48.3320532 ], [ -0.4215057, 48.3320597 ], [ -0.421369, 48.332158199999988 ], [ -0.4197894, 48.3325208 ], [ -0.4191393, 48.3324514 ], [ -0.4184204, 48.3322578 ], [ -0.416337, 48.3319758 ], [ -0.4161443, 48.3309007 ], [ -0.415595, 48.3294288 ], [ -0.4153193, 48.3293008 ], [ -0.4145776, 48.3293177 ], [ -0.4140055, 48.3287011 ], [ -0.4139263, 48.3284782 ], [ -0.4140537, 48.3283404 ], [ -0.4145241, 48.3282845 ], [ -0.4145733, 48.3256291 ], [ -0.4147688, 48.3250003 ], [ -0.4133798, 48.3249882 ], [ -0.4120153, 48.3252499 ], [ -0.4107006, 48.325404899999988 ], [ -0.41003, 48.3238708 ], [ -0.4102553, 48.3214292 ], [ -0.4102393, 48.3204319 ], [ -0.4082207, 48.3199533 ], [ -0.4095563, 48.3184145 ], [ -0.4091065, 48.3181186 ], [ -0.4052706, 48.3146547 ], [ -0.404579, 48.3124791 ], [ -0.4043288, 48.3122638 ], [ -0.4027172, 48.3128965 ], [ -0.4022756, 48.3134585 ], [ -0.4019909, 48.3135432 ], [ -0.4011621, 48.3136715 ], [ -0.4008475, 48.3135662 ], [ -0.4004105, 48.313594099999989 ], [ -0.3999018, 48.3134736 ], [ -0.3983557, 48.3136369 ], [ -0.3981938, 48.3137838 ], [ -0.3982718, 48.3139464 ], [ -0.3981126, 48.3140536 ], [ -0.3979559, 48.3145543 ], [ -0.397771, 48.3147857 ], [ -0.397845, 48.3150735 ], [ -0.397415, 48.3154812 ], [ -0.3969582, 48.315307 ], [ -0.3958032, 48.3155698 ], [ -0.3952052, 48.315591499999989 ], [ -0.3945556, 48.3159875 ], [ -0.3942661, 48.3166685 ], [ -0.3938735, 48.3167158 ], [ -0.3932132, 48.3166095 ], [ -0.3926159, 48.3157216 ], [ -0.3922636, 48.3154507 ], [ -0.3914457, 48.3150572 ], [ -0.3902126, 48.314736 ], [ -0.389556, 48.3144351 ], [ -0.3885138, 48.314184 ], [ -0.3875217, 48.3137675 ], [ -0.3854104, 48.3133525 ], [ -0.3851895, 48.3131282 ], [ -0.3849819, 48.312357 ], [ -0.3844426, 48.3116547 ], [ -0.3840194, 48.3114129 ], [ -0.3833647, 48.3113505 ], [ -0.3826462, 48.3110739 ], [ -0.3819225, 48.3110297 ], [ -0.3807777, 48.3112606 ], [ -0.3806501, 48.3113552 ], [ -0.3806836, 48.3115406 ], [ -0.3804071, 48.3116287 ], [ -0.3795099, 48.3116795 ], [ -0.3788232, 48.3116028 ], [ -0.3769969, 48.311627 ], [ -0.3758699, 48.3117583 ], [ -0.3755467, 48.3117288 ], [ -0.3753056, 48.3118212 ], [ -0.3747499, 48.3115345 ], [ -0.3742662, 48.3111493 ], [ -0.3738969, 48.3105484 ], [ -0.3735003, 48.3102787 ], [ -0.3727128, 48.3102507 ], [ -0.370872, 48.3092262 ], [ -0.3702906, 48.3082846 ], [ -0.3702118, 48.3069693 ], [ -0.369817, 48.3065573 ], [ -0.3696179, 48.3068214 ], [ -0.3678658, 48.3076251 ], [ -0.3677665, 48.307591 ], [ -0.3673358, 48.307759 ], [ -0.365887, 48.3080911 ], [ -0.364586, 48.3085829 ], [ -0.3620518, 48.3090836 ], [ -0.3600365, 48.3091913 ], [ -0.3588099, 48.3093684 ], [ -0.357821, 48.309781 ], [ -0.3573179, 48.309554 ], [ -0.3556766, 48.3096636 ], [ -0.3552891, 48.3094296 ], [ -0.3539098, 48.3095633 ], [ -0.35179, 48.3095991 ], [ -0.3502338, 48.3094549 ], [ -0.3483143, 48.3091383 ], [ -0.3458347, 48.3088662 ], [ -0.345595, 48.3092359 ], [ -0.3450825, 48.3092216 ], [ -0.3411816, 48.3082071 ], [ -0.3408014, 48.308406 ], [ -0.3394231, 48.308001 ], [ -0.339218, 48.3081518 ], [ -0.3384551, 48.3083822 ], [ -0.3379112, 48.3083849 ], [ -0.3373918, 48.3081132 ], [ -0.3372241, 48.3078091 ], [ -0.3359137, 48.3079856 ], [ -0.3356517, 48.3078552 ], [ -0.3351862, 48.3081574 ], [ -0.3355405, 48.3086139 ], [ -0.3348626, 48.3091427 ], [ -0.3336938, 48.3091261 ], [ -0.3334099, 48.3093115 ], [ -0.3321156, 48.3092724 ], [ -0.3308942, 48.3090429 ], [ -0.3284784, 48.3083473 ], [ -0.3274573, 48.3081662 ], [ -0.3266775, 48.3085789 ], [ -0.3259143, 48.3063707 ], [ -0.3240539, 48.3057242 ], [ -0.3230568, 48.3055595 ], [ -0.321986, 48.3051042 ], [ -0.3213555, 48.3040539 ], [ -0.3202313, 48.3017882 ], [ -0.3180314, 48.301039499999987 ], [ -0.317483, 48.3013124 ], [ -0.317198, 48.3013735 ], [ -0.316514, 48.3013774 ], [ -0.3162959, 48.3012799 ], [ -0.3152702, 48.3016239 ], [ -0.3131205, 48.3020803 ], [ -0.3127518, 48.3017764 ], [ -0.3120532, 48.3014853 ], [ -0.3119185, 48.3013396 ], [ -0.3119818, 48.3007569 ], [ -0.312166, 48.3003177 ], [ -0.312097, 48.3001216 ], [ -0.3108641, 48.2990592 ], [ -0.3107812, 48.2988562 ], [ -0.3101211, 48.2984893 ], [ -0.308848, 48.2986987 ], [ -0.306263, 48.2994437 ], [ -0.3047719, 48.2997915 ], [ -0.2993735, 48.3005285 ], [ -0.2978886, 48.3004808 ], [ -0.2945118, 48.2999418 ], [ -0.2931624, 48.2994283 ], [ -0.2925155, 48.2995732 ], [ -0.2926821, 48.2997775 ], [ -0.2917801, 48.30046 ], [ -0.2911277, 48.301964 ], [ -0.2905928, 48.3024751 ], [ -0.2892592, 48.3030362 ], [ -0.2878765, 48.303416 ], [ -0.2874887, 48.3034529 ], [ -0.2874222, 48.3032305 ], [ -0.2872873, 48.303188299999988 ], [ -0.2863605, 48.3033474 ], [ -0.2858479, 48.303331 ], [ -0.2855533, 48.3035841 ], [ -0.2844971, 48.3034 ], [ -0.2833402, 48.3028351 ], [ -0.2802304, 48.3017723 ], [ -0.2780391, 48.3008281 ], [ -0.2778885, 48.300491 ], [ -0.2772892, 48.3002942 ], [ -0.2766703, 48.3002393 ], [ -0.2762523, 48.2998321 ], [ -0.2740366, 48.2984284 ], [ -0.2744123, 48.2983063 ], [ -0.2746645, 48.2980643 ], [ -0.274953, 48.2979293 ], [ -0.2761639, 48.2975878 ], [ -0.2777817, 48.2973008 ], [ -0.2788476, 48.2970146 ], [ -0.2791097, 48.2970406 ], [ -0.2795602, 48.2967976 ], [ -0.2799537, 48.296377 ], [ -0.2801991, 48.2962441 ], [ -0.2802914, 48.295970499999989 ], [ -0.2811609, 48.2953277 ], [ -0.2815789, 48.2952558 ], [ -0.2824689, 48.294942 ], [ -0.2826664, 48.29495 ], [ -0.2828845, 48.2948107 ], [ -0.2833093, 48.2939624 ], [ -0.2833272, 48.2935575 ], [ -0.2824847, 48.2925985 ], [ -0.2826392, 48.2920232 ], [ -0.2829796, 48.291315 ], [ -0.2833895, 48.2910281 ], [ -0.2836507, 48.2906507 ], [ -0.2843294, 48.2900654 ], [ -0.2844859, 48.2895469 ], [ -0.2849503, 48.288706399999988 ], [ -0.2846917, 48.2878473 ], [ -0.284383, 48.2874416 ], [ -0.283428, 48.2868189 ], [ -0.283131, 48.2864048 ], [ -0.2829491, 48.2863441 ], [ -0.2820836, 48.2863573 ], [ -0.281271, 48.2850084 ], [ -0.2801732, 48.285581 ], [ -0.2784228, 48.2848145 ], [ -0.2785161, 48.2845805 ], [ -0.2772035, 48.2842369 ], [ -0.2768239, 48.2827553 ], [ -0.2772624, 48.2797183 ], [ -0.2750357, 48.2796872 ], [ -0.2722568, 48.2793436 ], [ -0.2703664, 48.279296 ], [ -0.2678514, 48.2788567 ], [ -0.2667707, 48.278790199999989 ], [ -0.2647383, 48.2788446 ], [ -0.2635201, 48.2787368 ], [ -0.2622388, 48.27872 ], [ -0.2610234, 48.2783735 ], [ -0.2561778, 48.2782693 ], [ -0.2538177, 48.2785009 ], [ -0.2528081, 48.2786673 ], [ -0.2520355, 48.2789578 ], [ -0.2507091, 48.2796103 ], [ -0.2474429, 48.2806167 ], [ -0.2447658, 48.2806965 ], [ -0.2436806, 48.2808632 ], [ -0.243554, 48.27975 ], [ -0.2427204, 48.2786122 ], [ -0.2428202, 48.2782618 ], [ -0.242037, 48.2771757 ], [ -0.2416187, 48.2768225 ], [ -0.241315, 48.2767335 ], [ -0.2401698, 48.2766911 ], [ -0.2397472, 48.2766198 ], [ -0.2395558, 48.2765116 ], [ -0.2391893, 48.2757508 ], [ -0.2381561, 48.2742167 ], [ -0.2369031, 48.2736936 ], [ -0.2354945, 48.272612 ], [ -0.2349812, 48.2724036 ], [ -0.2344394, 48.272323 ], [ -0.2338022, 48.2731716 ], [ -0.2318765, 48.2731801 ], [ -0.2316555, 48.2730745 ], [ -0.2312942, 48.273187 ], [ -0.2307358, 48.2731672 ], [ -0.229543, 48.2736896 ], [ -0.2292917, 48.2736821 ], [ -0.2291688, 48.2735693 ], [ -0.2285109, 48.2735323 ], [ -0.2282433, 48.2736342 ], [ -0.228286, 48.2738023 ], [ -0.2273175, 48.2740016 ], [ -0.2269877, 48.2739017 ], [ -0.2267093, 48.273541 ], [ -0.2263358, 48.2733684 ], [ -0.2253633, 48.2734796 ], [ -0.2251762, 48.2734639 ], [ -0.2250992, 48.2733526 ], [ -0.224773, 48.2734659 ], [ -0.2243963, 48.2734159 ], [ -0.2237461, 48.2730194 ], [ -0.2236571, 48.2720052 ], [ -0.2233549, 48.2716955 ], [ -0.2226283, 48.2713939 ], [ -0.2219012, 48.2712399 ], [ -0.2210974, 48.2707557 ], [ -0.2200488, 48.2709022 ], [ -0.2198844, 48.2710139 ], [ -0.2195838, 48.2709518 ], [ -0.2186919, 48.2702836 ], [ -0.217602, 48.2691796 ], [ -0.2170923, 48.2689395 ], [ -0.2166114, 48.268596 ], [ -0.216105, 48.2684756 ], [ -0.2158946, 48.2683201 ], [ -0.2156565, 48.2683095 ], [ -0.2154564, 48.2683897 ], [ -0.2151578, 48.2682925 ], [ -0.214845, 48.2683829 ], [ -0.2143345, 48.26835 ], [ -0.2139243, 48.2684134 ], [ -0.2136015, 48.2683627 ], [ -0.2128846, 48.2684623 ], [ -0.2123768, 48.2688273 ], [ -0.2117768, 48.2688085 ], [ -0.2116532, 48.268883 ], [ -0.2116103, 48.2690643 ], [ -0.21117, 48.2693203 ], [ -0.2108228, 48.2699303 ], [ -0.2109256, 48.2700455 ], [ -0.2108761, 48.2701414 ], [ -0.2107746, 48.2701577 ], [ -0.2104851, 48.2699899 ], [ -0.2102962, 48.2699887 ], [ -0.2101806, 48.270127 ], [ -0.2096205, 48.2704096 ], [ -0.2098281, 48.2706291 ], [ -0.2094646, 48.2709505 ], [ -0.2091458, 48.2707206 ], [ -0.2089827, 48.2710113 ], [ -0.2085871, 48.2708501 ], [ -0.2085245, 48.2709517 ], [ -0.2082276, 48.2709481 ], [ -0.208168, 48.2711667 ], [ -0.2079109, 48.2710864 ], [ -0.2076114, 48.2712845 ], [ -0.2079276, 48.2714488 ], [ -0.2078069, 48.2716151 ], [ -0.2075304, 48.2716388 ], [ -0.2074734, 48.2714557 ], [ -0.2072357, 48.2715612 ], [ -0.206804, 48.2714937 ], [ -0.2064479, 48.2716492 ], [ -0.2061134, 48.2714269 ], [ -0.2054303, 48.2716399 ], [ -0.2051432, 48.2715766 ], [ -0.2050705, 48.2716902 ], [ -0.2052713, 48.2717541 ], [ -0.2050835, 48.2719042 ], [ -0.2051707, 48.272094499999987 ], [ -0.2043902, 48.2722813 ], [ -0.2041062, 48.2722242 ], [ -0.2039179, 48.2722995 ], [ -0.2038432, 48.2725141 ], [ -0.2031408, 48.2728753 ], [ -0.2030149, 48.2731777 ], [ -0.2027762, 48.2732454 ], [ -0.2026732, 48.2734373 ], [ -0.2022881, 48.2736485 ], [ -0.2020592, 48.2734989 ], [ -0.2017146, 48.2736226 ], [ -0.2012776, 48.2736462 ], [ -0.2008411, 48.2730772 ], [ -0.2002196, 48.2718621 ], [ -0.2001015, 48.2712269 ], [ -0.2001259, 48.2705193 ], [ -0.2007185, 48.269194 ], [ -0.2005218, 48.2688877 ], [ -0.2002086, 48.2663514 ], [ -0.2006056, 48.2659373 ], [ -0.2010451, 48.265223 ], [ -0.2029715, 48.2636562 ], [ -0.2044241, 48.2621265 ], [ -0.2033809, 48.261138099999989 ], [ -0.2031908, 48.2596538 ], [ -0.2030552, 48.2593748 ], [ -0.2029938, 48.2583652 ], [ -0.2035636, 48.2575105 ], [ -0.2040063, 48.2564314 ], [ -0.2049368, 48.2550347 ], [ -0.2051601, 48.2539174 ], [ -0.2049033, 48.2533742 ], [ -0.2045446, 48.2530426 ], [ -0.2041746, 48.252434 ], [ -0.2029877, 48.2514306 ], [ -0.2024102, 48.2506475 ], [ -0.2023106, 48.2494958 ], [ -0.202514, 48.2490265 ], [ -0.2022992, 48.2488207 ], [ -0.1989963, 48.2474496 ], [ -0.1979876, 48.2472463 ], [ -0.1940825, 48.2470134 ], [ -0.1940282, 48.2467618 ], [ -0.1920094, 48.2467984 ], [ -0.1901746, 48.2448632 ], [ -0.1898387, 48.2435666 ], [ -0.1895327, 48.2435451 ], [ -0.1893813, 48.2430926 ], [ -0.186946, 48.2437293 ], [ -0.186477, 48.243732 ], [ -0.1861421, 48.2438122 ], [ -0.1857756, 48.2437716 ], [ -0.1854779, 48.2436185 ], [ -0.1849711, 48.2435097 ], [ -0.181598, 48.2437311 ], [ -0.1804713, 48.2437146 ], [ -0.179771, 48.2435921 ], [ -0.1780683, 48.2430787 ], [ -0.17785, 48.2428108 ], [ -0.1773258, 48.2426133 ], [ -0.1766309, 48.242469 ], [ -0.1760354, 48.2422518 ], [ -0.1757978, 48.2422906 ], [ -0.1756069, 48.2422102 ], [ -0.1752128, 48.2422019 ], [ -0.1737736, 48.2418308 ], [ -0.172889, 48.2413782 ], [ -0.1724113, 48.2406085 ], [ -0.1720837, 48.2406542 ], [ -0.1719804, 48.240594 ], [ -0.1716814, 48.2399716 ], [ -0.1712714, 48.2396315 ], [ -0.1702918, 48.2397739 ], [ -0.1699553, 48.2396929 ], [ -0.1674289, 48.239622 ], [ -0.1659102, 48.2394511 ], [ -0.1647795, 48.2394787 ], [ -0.1629676, 48.2392949 ], [ -0.1618546, 48.2390338 ], [ -0.1613192, 48.2389842 ], [ -0.1608892, 48.2399286 ], [ -0.1609813, 48.241285 ], [ -0.1614835, 48.2419496 ], [ -0.1620733, 48.2430162 ], [ -0.1623076, 48.2436862 ], [ -0.1622955, 48.2448553 ], [ -0.1620276, 48.2463006 ], [ -0.1621771, 48.2477365 ], [ -0.1624882, 48.2486295 ], [ -0.1630551, 48.2492024 ], [ -0.1634228, 48.2498697 ], [ -0.1647008, 48.2512366 ], [ -0.1651385, 48.2519471 ], [ -0.1659056, 48.2525064 ], [ -0.1657872, 48.2528239 ], [ -0.16507, 48.2533429 ], [ -0.1623409, 48.2542876 ], [ -0.163107, 48.2554809 ], [ -0.1628967, 48.2556621 ], [ -0.1627854, 48.2559875 ], [ -0.1629001, 48.2566391 ], [ -0.1627674, 48.2570352 ], [ -0.1629196, 48.257391399999989 ], [ -0.1634947, 48.2581441 ], [ -0.163985, 48.2585389 ], [ -0.1645332, 48.258752 ], [ -0.1649063, 48.2595083 ], [ -0.1654006, 48.259993 ], [ -0.1656377, 48.2604378 ], [ -0.1664782, 48.2610943 ], [ -0.1665861, 48.2619468 ], [ -0.1670198, 48.2625674 ], [ -0.167092, 48.2637234 ], [ -0.1667669, 48.2635421 ], [ -0.1658678, 48.2633249 ], [ -0.1649439, 48.2627616 ], [ -0.1638187, 48.262328 ], [ -0.1620902, 48.2623121 ], [ -0.1608053, 48.2622042 ], [ -0.1602032, 48.2623068 ], [ -0.1597035, 48.2624975 ], [ -0.1600663, 48.2630155 ], [ -0.1582226, 48.263036 ], [ -0.1560657, 48.2647387 ], [ -0.1556507, 48.2651955 ], [ -0.1553945, 48.2656022 ], [ -0.1553235, 48.2665109 ], [ -0.1550327, 48.2665871 ], [ -0.1550615, 48.2667745 ], [ -0.1546818, 48.2671016 ], [ -0.1545725, 48.2673485 ], [ -0.1534263, 48.2679158 ], [ -0.1530534, 48.270339 ], [ -0.1529886, 48.2718247 ], [ -0.1528039, 48.272188 ], [ -0.1523324, 48.2721979 ], [ -0.1519863, 48.2719802 ], [ -0.1514055, 48.2720812 ], [ -0.1526341, 48.2728661 ], [ -0.1527365, 48.2734721 ], [ -0.1518766, 48.2735751 ], [ -0.1512222, 48.2758257 ], [ -0.1500533, 48.2757695 ], [ -0.1499569, 48.2763232 ], [ -0.1500429, 48.2765433 ], [ -0.1511744, 48.2774847 ], [ -0.1506892, 48.2780794 ], [ -0.1485223, 48.2800127 ], [ -0.1482931, 48.2803322 ], [ -0.1482639, 48.2807454 ], [ -0.1487788, 48.2818671 ], [ -0.1489211, 48.2826675 ], [ -0.1494729, 48.2828707 ], [ -0.1493156, 48.2833314 ], [ -0.149524, 48.2834555 ], [ -0.1494962, 48.283712 ], [ -0.1499385, 48.2845196 ], [ -0.1499836, 48.2851613 ], [ -0.149671, 48.2860485 ], [ -0.149344, 48.2864021 ], [ -0.1482828, 48.2868409 ], [ -0.1477875, 48.2872449 ], [ -0.1470729, 48.2873882 ], [ -0.1457571, 48.2877906 ], [ -0.1443038, 48.2886 ], [ -0.144049, 48.2890336 ], [ -0.1439657, 48.2903505 ], [ -0.1436141, 48.2912864 ], [ -0.1435598, 48.2921181 ], [ -0.1422573, 48.2933557 ], [ -0.1419315, 48.2931428 ], [ -0.1414647, 48.2931885 ], [ -0.1409755, 48.2928594 ], [ -0.1402734, 48.2927402 ], [ -0.1382495, 48.2930587 ], [ -0.1385942, 48.2942237 ], [ -0.1384513, 48.2945211 ], [ -0.1385471, 48.2947913 ], [ -0.138513, 48.2952155 ], [ -0.1380158, 48.296474 ], [ -0.1390271, 48.2981355 ], [ -0.1400591, 48.298877 ], [ -0.1403372, 48.2991722 ], [ -0.1405104, 48.2996547 ], [ -0.1401252, 48.30037 ], [ -0.1396753, 48.3007682 ], [ -0.1395763, 48.3009879 ], [ -0.1397385, 48.3017615 ], [ -0.1401144, 48.3022261 ], [ -0.1403098, 48.3028089 ], [ -0.1401641, 48.303444 ], [ -0.1398504, 48.303953799999988 ], [ -0.1398983, 48.304645 ], [ -0.1404377, 48.3050215 ], [ -0.1419302, 48.3053798 ], [ -0.1424694, 48.3058428 ], [ -0.1425591, 48.3077304 ], [ -0.1417669, 48.3089985 ], [ -0.144075, 48.310558 ], [ -0.1453472, 48.3118793 ], [ -0.1456886, 48.3120125 ], [ -0.1465436, 48.3121339 ], [ -0.1468805, 48.31226 ], [ -0.1471586, 48.3125101 ], [ -0.1477078, 48.313522 ], [ -0.1479308, 48.3136385 ], [ -0.1484429, 48.3137383 ], [ -0.1484412, 48.3138896 ], [ -0.1490762, 48.3138755 ], [ -0.1496127, 48.3140665 ], [ -0.1498423, 48.314045 ], [ -0.1500499, 48.3139288 ], [ -0.1504564, 48.3141115 ], [ -0.1506959, 48.3140079 ], [ -0.1511256, 48.3140154 ], [ -0.151322, 48.3139363 ], [ -0.1532035, 48.3140438 ], [ -0.154975, 48.3140064 ], [ -0.1547605, 48.3142103 ], [ -0.1538315, 48.3145448 ], [ -0.1539124, 48.3148127 ], [ -0.1557741, 48.3171123 ], [ -0.1563606, 48.3180899 ], [ -0.1568984, 48.3194721 ], [ -0.1568386, 48.320276 ], [ -0.1574991, 48.3203934 ], [ -0.1579167, 48.3213908 ], [ -0.157989, 48.3217184 ], [ -0.1575601, 48.3228275 ], [ -0.1574302, 48.324241 ], [ -0.1576009, 48.3250838 ], [ -0.1579536, 48.3258766 ], [ -0.1580411, 48.3266145 ], [ -0.1581998, 48.3270307 ], [ -0.1583597, 48.3271525 ], [ -0.1584076, 48.327434 ], [ -0.1576451, 48.3294218 ], [ -0.1574872, 48.3300077 ], [ -0.157546, 48.3303347 ], [ -0.1571985, 48.331092299999987 ], [ -0.157141, 48.3320023 ], [ -0.1572282, 48.3326456 ], [ -0.1573119, 48.3326002 ], [ -0.1576136, 48.3329703 ], [ -0.1577037, 48.3334811 ], [ -0.157889, 48.3337328 ], [ -0.1578003, 48.3340098 ], [ -0.1579173, 48.3342498 ], [ -0.1576097, 48.3349747 ], [ -0.1570782, 48.3351654 ], [ -0.1559252, 48.33508 ], [ -0.155452, 48.335116 ], [ -0.1545233, 48.3349643 ], [ -0.1542354, 48.3351854 ], [ -0.1540401, 48.3351951 ], [ -0.1544794, 48.3361468 ], [ -0.1545006, 48.3363651 ], [ -0.1543276, 48.3365443 ], [ -0.1544672, 48.3377238 ], [ -0.1559451, 48.3389459 ], [ -0.1572682, 48.3398398 ], [ -0.1575713, 48.3402315 ], [ -0.1572857, 48.3406488 ], [ -0.1573132, 48.3411064 ], [ -0.1565158, 48.3411655 ], [ -0.1520751, 48.3435115 ], [ -0.1518228, 48.3435164 ], [ -0.1517486, 48.3433833 ], [ -0.1511352, 48.3431997 ], [ -0.1501201, 48.3430746 ], [ -0.148877, 48.3434048 ], [ -0.1485644, 48.3436427 ], [ -0.1481352, 48.3442349 ], [ -0.1440386, 48.3428797 ], [ -0.1378397, 48.3414846 ], [ -0.1353301, 48.3413467 ], [ -0.1310173, 48.340682 ], [ -0.1285427, 48.3398362 ], [ -0.1237809, 48.3385907 ], [ -0.1222519, 48.338269 ], [ -0.121836, 48.340341 ], [ -0.1253344, 48.3402343 ], [ -0.1259712, 48.3403373 ], [ -0.1280763, 48.341056 ], [ -0.129015, 48.3416705 ], [ -0.1316296, 48.3429826 ], [ -0.132094, 48.3434322 ], [ -0.1324213, 48.3441205 ], [ -0.1324108, 48.3452147 ], [ -0.1325195, 48.3455432 ], [ -0.1330735, 48.3468846 ], [ -0.1338405, 48.3479474 ], [ -0.1339478, 48.3482976 ], [ -0.1339525, 48.3491915 ], [ -0.1343776, 48.3504318 ], [ -0.135092, 48.3510855 ], [ -0.1352624, 48.351361 ], [ -0.1356526, 48.3532848 ], [ -0.1358569, 48.3536521 ], [ -0.1366984, 48.3546023 ], [ -0.137448, 48.3558223 ], [ -0.1385213, 48.3569644 ], [ -0.136926, 48.3575118 ], [ -0.1369783, 48.3586152 ], [ -0.1364563, 48.3590144 ], [ -0.1368059, 48.359461599999989 ], [ -0.1366041, 48.3596353 ], [ -0.1377438, 48.3605532 ], [ -0.1379849, 48.3613572 ], [ -0.1375527, 48.3617441 ], [ -0.1373147, 48.3622619 ], [ -0.1369916, 48.3637084 ], [ -0.136671, 48.3644498 ], [ -0.1333563, 48.3645825 ], [ -0.1311758, 48.3650868 ], [ -0.1303991, 48.3653414 ], [ -0.127493, 48.3654839 ], [ -0.1252415, 48.3657739 ], [ -0.1242286, 48.3659419 ], [ -0.1232666, 48.3663977 ], [ -0.1227184, 48.3664734 ], [ -0.1226122, 48.3667544 ], [ -0.1224197, 48.3668576 ], [ -0.1211892, 48.3669126 ], [ -0.1207759, 48.3670513 ], [ -0.1198838, 48.3670478 ], [ -0.1184278, 48.3674004 ], [ -0.1167608, 48.3683428 ], [ -0.1152275, 48.3699228 ], [ -0.1147905, 48.3707141 ], [ -0.1150211, 48.3713887 ], [ -0.1149644, 48.3715729 ], [ -0.1147468, 48.3717786 ], [ -0.1139301, 48.3720431 ], [ -0.113213, 48.3726229 ], [ -0.1127775, 48.3730954 ], [ -0.1123343, 48.3738507 ], [ -0.112305, 48.3742918 ], [ -0.1131079, 48.3744084 ], [ -0.1138808, 48.3742233 ], [ -0.1142587, 48.3743287 ], [ -0.1156849, 48.375180699999987 ], [ -0.1156768, 48.3755681 ], [ -0.1161005, 48.37599 ], [ -0.1171132, 48.3762263 ], [ -0.1174598, 48.3765098 ], [ -0.1185801, 48.376803599999988 ], [ -0.1201637, 48.3767754 ], [ -0.1218338, 48.3771338 ], [ -0.1226503, 48.3770673 ], [ -0.123217, 48.3770983 ], [ -0.1242401, 48.3774846 ], [ -0.1260518, 48.3777006 ], [ -0.1269514, 48.3775553 ], [ -0.1278136, 48.3776667 ], [ -0.1279422, 48.3777614 ], [ -0.1280962, 48.3781923 ], [ -0.1276032, 48.3792416 ], [ -0.1275797, 48.3800292 ], [ -0.128123, 48.3804821 ], [ -0.1288665, 48.3809163 ], [ -0.128907, 48.3810746 ], [ -0.1287194, 48.3815774 ], [ -0.1288544, 48.3818935 ], [ -0.1287877, 48.3821357 ], [ -0.1292579, 48.3827463 ], [ -0.1292459, 48.3833166 ], [ -0.1294639, 48.383526 ], [ -0.1303399, 48.383619 ], [ -0.1307697, 48.3837544 ], [ -0.1308686, 48.38385 ], [ -0.1307453, 48.3840036 ], [ -0.1308021, 48.3840714 ], [ -0.131505, 48.3840951 ], [ -0.1317593, 48.3837355 ], [ -0.1323857, 48.3836091 ], [ -0.1325325, 48.3837357 ], [ -0.132405, 48.3839543 ], [ -0.1326828, 48.3841261 ], [ -0.1330335, 48.3840682 ], [ -0.1333942, 48.3843369 ], [ -0.1336968, 48.384129 ], [ -0.1339666, 48.3842326 ], [ -0.1341514, 48.3840909 ], [ -0.1344139, 48.3840281 ], [ -0.1342684, 48.3838537 ], [ -0.1347258, 48.3837489 ], [ -0.1354951, 48.3832999 ], [ -0.1357095, 48.3833591 ], [ -0.1356982, 48.3835323 ], [ -0.1358642, 48.3836188 ], [ -0.13654, 48.383572099999988 ], [ -0.1370168, 48.3837242 ], [ -0.137494, 48.3834091 ], [ -0.1379507, 48.38327 ], [ -0.1380919, 48.3830538 ], [ -0.1383813, 48.383056 ], [ -0.1387609, 48.3828263 ], [ -0.1390227, 48.3827734 ], [ -0.1391644, 48.3828831 ], [ -0.1393838, 48.3828908 ], [ -0.1402469, 48.3828346 ], [ -0.1414298, 48.3832895 ], [ -0.1431566, 48.3842512 ], [ -0.1432514, 48.384436 ], [ -0.1430048, 48.3847415 ], [ -0.143546, 48.3848189 ], [ -0.1436184, 48.3850565 ], [ -0.1438319, 48.3850788 ], [ -0.1440522, 48.3852134 ], [ -0.1456525, 48.3853231 ], [ -0.1458609, 48.3851014 ], [ -0.1462506, 48.3850623 ], [ -0.1468939, 48.3851965 ], [ -0.1472219, 48.3850086 ], [ -0.1473337, 48.3847301 ], [ -0.1477262, 48.3846251 ], [ -0.1481714, 48.3847691 ], [ -0.1484313, 48.3844137 ], [ -0.1486615, 48.384331 ], [ -0.1492705, 48.3844337 ], [ -0.1495057, 48.3846363 ], [ -0.1503684, 48.3845504 ], [ -0.1506947, 48.3846732 ], [ -0.1510171, 48.384526799999989 ], [ -0.1512015, 48.384603 ], [ -0.1512374, 48.3847281 ], [ -0.1516596, 48.3847808 ], [ -0.1523855, 48.3844661 ], [ -0.1530529, 48.3845501 ], [ -0.1534271, 48.3845239 ], [ -0.1536109, 48.3847486 ], [ -0.1541263, 48.3849573 ], [ -0.1543795, 48.3846724 ], [ -0.15455, 48.3846534 ], [ -0.1556022, 48.3850675 ], [ -0.1557904, 48.3853659 ], [ -0.1563228, 48.3854976 ], [ -0.1562598, 48.3856406 ], [ -0.1570351, 48.3857217 ], [ -0.1571281, 48.3858957 ], [ -0.1573072, 48.3859756 ], [ -0.1580038, 48.3859822 ], [ -0.1581211, 48.3860898 ], [ -0.1580625, 48.3863516 ], [ -0.1582656, 48.3864705 ], [ -0.1585961, 48.3863689 ], [ -0.1588687, 48.3864283 ], [ -0.1590522, 48.386761 ], [ -0.1588716, 48.3870612 ], [ -0.1597231, 48.3873518 ], [ -0.1604641, 48.387287 ], [ -0.1608174, 48.3874307 ], [ -0.1612113, 48.3874616 ], [ -0.1615998, 48.3877402 ], [ -0.1622412, 48.387706 ], [ -0.1625354, 48.3877873 ], [ -0.1633713, 48.3874129 ], [ -0.1640445, 48.3874139 ], [ -0.1643047, 48.3874916 ], [ -0.1644142, 48.387829 ], [ -0.1645442, 48.3878993 ], [ -0.1657972, 48.3876507 ], [ -0.1665368, 48.3878101 ], [ -0.1668728, 48.3876651 ], [ -0.167483, 48.3877641 ], [ -0.1679681, 48.3877601 ], [ -0.1682391, 48.3880635 ], [ -0.1689625, 48.3883566 ], [ -0.1697614, 48.3883118 ], [ -0.1704706, 48.3887971 ], [ -0.1709214, 48.3889408 ], [ -0.1714461, 48.3892365 ], [ -0.1722939, 48.3893065 ], [ -0.1723687, 48.3894693 ], [ -0.1734844, 48.390103 ], [ -0.1736715, 48.3904491 ], [ -0.1731164, 48.3907701 ], [ -0.1722448, 48.3906881 ], [ -0.1719803, 48.3907844 ], [ -0.171911, 48.3910032 ], [ -0.1722677, 48.3912683 ], [ -0.1722145, 48.391574 ], [ -0.1724295, 48.3917772 ], [ -0.1725972, 48.392315599999989 ], [ -0.1724756, 48.3924503 ], [ -0.1718491, 48.3925986 ], [ -0.1720588, 48.3929369 ], [ -0.1725349, 48.3929413 ], [ -0.1726179, 48.393174 ], [ -0.1732653, 48.3936843 ], [ -0.1732064, 48.3939407 ], [ -0.1735161, 48.394659 ], [ -0.1739554, 48.3948364 ], [ -0.1745589, 48.394912 ], [ -0.1747644, 48.3956052 ], [ -0.1750461, 48.3958597 ], [ -0.176295, 48.3959658 ], [ -0.1764665, 48.3961854 ], [ -0.1764559, 48.3964351 ], [ -0.1776519, 48.3970531 ], [ -0.1785459, 48.3980403 ], [ -0.1791192, 48.3981969 ], [ -0.1794206, 48.398151 ], [ -0.1796017, 48.3984621 ], [ -0.1798315, 48.398528 ], [ -0.1798022, 48.398736799999988 ], [ -0.1799936, 48.3987938 ], [ -0.1802887, 48.3990452 ], [ -0.1808846, 48.3992624 ], [ -0.181384, 48.3999171 ], [ -0.1816114, 48.4000775 ], [ -0.1815357, 48.4003245 ], [ -0.1818516, 48.4008067 ], [ -0.1819909, 48.4008741 ], [ -0.1821107, 48.4007538 ], [ -0.182258, 48.4007517 ], [ -0.1824615, 48.4008534 ], [ -0.1824614, 48.4012747 ], [ -0.1822893, 48.4015144 ], [ -0.1823761, 48.4015859 ], [ -0.1826975, 48.4016016 ], [ -0.1826408, 48.4017814 ], [ -0.1823553, 48.4019574 ], [ -0.1827298, 48.402113 ], [ -0.1825537, 48.4028669 ], [ -0.182769, 48.4031402 ], [ -0.183468, 48.4032043 ], [ -0.1839256, 48.4033261 ], [ -0.1844247, 48.4041078 ], [ -0.185662, 48.4045319 ], [ -0.1888039, 48.4050534 ], [ -0.1892779, 48.4049542 ], [ -0.1894614, 48.4051699 ], [ -0.1903919, 48.405595 ], [ -0.1906468, 48.405562 ], [ -0.1909415, 48.4053371 ], [ -0.1915854, 48.4052973 ], [ -0.1926782, 48.405655 ], [ -0.1931476, 48.4056352 ], [ -0.1939466, 48.4057874 ], [ -0.1943932, 48.4057709 ], [ -0.1946014, 48.405948 ], [ -0.1953276, 48.40586 ], [ -0.1970983, 48.4060689 ], [ -0.1994946, 48.4058016 ], [ -0.1999723, 48.4059625 ], [ -0.2003445, 48.4059903 ], [ -0.201568, 48.4056286 ], [ -0.2020195, 48.4056704 ], [ -0.2028817, 48.4056174 ], [ -0.2037377, 48.4054169 ], [ -0.2049165, 48.4054553 ], [ -0.2060162, 48.4045513 ], [ -0.2066397, 48.4045299 ], [ -0.2070348, 48.4042248 ], [ -0.2076522, 48.4039929 ], [ -0.209422, 48.403899 ], [ -0.2153497, 48.4028055 ], [ -0.2161025, 48.4019811 ], [ -0.2171796, 48.4026127 ], [ -0.2174519, 48.4026423 ], [ -0.2180954, 48.401999 ], [ -0.2183613, 48.4019026 ], [ -0.2185309, 48.4026193 ], [ -0.2192078, 48.4042873 ], [ -0.2195351, 48.4042658 ], [ -0.2198068, 48.4052795 ], [ -0.2204853, 48.4063992 ], [ -0.2199315, 48.4077333 ], [ -0.2197138, 48.4088377 ], [ -0.2171443, 48.4098989 ], [ -0.2154064, 48.4127706 ], [ -0.2137444, 48.4144544 ], [ -0.213301, 48.4150552 ], [ -0.2127915, 48.4158812 ], [ -0.2124604, 48.4173227 ], [ -0.2117297, 48.4192216 ], [ -0.2117307, 48.4199239 ], [ -0.2113383, 48.4203865 ], [ -0.2144926, 48.4213563 ], [ -0.2143663, 48.4210833 ], [ -0.2153045, 48.4213829 ], [ -0.2169403, 48.4216753 ], [ -0.2176548, 48.4219224 ], [ -0.2191352, 48.4221298 ], [ -0.2197066, 48.422713099999989 ], [ -0.2201912, 48.4227612 ], [ -0.2215992, 48.4217208 ], [ -0.2222747, 48.4217069 ], [ -0.2222979, 48.4208068 ], [ -0.2232403, 48.4207325 ], [ -0.2235243, 48.4209958 ], [ -0.2246203, 48.420979499999987 ], [ -0.2248665, 48.4207369 ], [ -0.2249589, 48.4202374 ], [ -0.2255768, 48.4194832 ], [ -0.2257752, 48.4193445 ], [ -0.2266963, 48.419079 ], [ -0.2269509, 48.41882 ], [ -0.2273646, 48.418617 ], [ -0.2281013, 48.4178829 ], [ -0.2282045, 48.4172516 ], [ -0.2281694, 48.4166142 ], [ -0.2286263, 48.4165 ], [ -0.2322635, 48.4161037 ], [ -0.2327378, 48.4159656 ], [ -0.2335454, 48.4155267 ], [ -0.2348558, 48.4156774 ], [ -0.2354253, 48.4158536 ], [ -0.2359819, 48.4158861 ], [ -0.2377342, 48.4155466 ], [ -0.2399928, 48.4149941 ], [ -0.2417941, 48.4157571 ], [ -0.2441821, 48.4158988 ], [ -0.2446742, 48.4157863 ], [ -0.2452027, 48.4155387 ], [ -0.2457297, 48.4150704 ], [ -0.2459149, 48.4147196 ], [ -0.2468213, 48.4146786 ], [ -0.2471647, 48.4144999 ], [ -0.2476269, 48.4144287 ], [ -0.2488076, 48.4146899 ], [ -0.2500035, 48.4151532 ], [ -0.2506314, 48.415245 ], [ -0.2512472, 48.4155783 ], [ -0.2519507, 48.4157994 ], [ -0.2522418, 48.4157599 ], [ -0.2529308, 48.4158788 ], [ -0.2542625, 48.4158035 ], [ -0.2559578, 48.4163999 ], [ -0.2563573, 48.4163862 ], [ -0.2570913, 48.4161166 ], [ -0.2581033, 48.4159682 ], [ -0.2591096, 48.4160324 ], [ -0.2593602, 48.4161047 ], [ -0.2596916, 48.4163432 ], [ -0.2600514, 48.4163225 ], [ -0.2609343, 48.4161199 ], [ -0.261203, 48.4161342 ], [ -0.2627896, 48.415525 ], [ -0.2647497, 48.4153972 ], [ -0.2652358, 48.4154271 ], [ -0.2666948, 48.4152014 ], [ -0.2673774, 48.4153465 ], [ -0.2679742, 48.4152643 ], [ -0.26826, 48.4153581 ], [ -0.2683799, 48.4155016 ], [ -0.2684324, 48.415411 ], [ -0.2686535, 48.4153995 ], [ -0.2689368, 48.4152566 ], [ -0.2696402, 48.4151499 ], [ -0.2710604, 48.4151278 ], [ -0.2713787, 48.4152424 ], [ -0.2715832, 48.4151161 ], [ -0.2723562, 48.4150624 ], [ -0.2726747, 48.4149644 ], [ -0.2734091, 48.4143337 ], [ -0.2739895, 48.4140106 ], [ -0.2750495, 48.4140254 ], [ -0.2760724, 48.4142259 ], [ -0.2762998, 48.4141412 ], [ -0.2770219, 48.4141393 ], [ -0.2781455, 48.4144144 ], [ -0.2780801, 48.4145368 ], [ -0.2783375, 48.4145657 ], [ -0.2783982, 48.4146703 ], [ -0.2786464, 48.4145743 ], [ -0.2787162, 48.414413 ], [ -0.2790586, 48.4143297 ], [ -0.2792504, 48.4144126 ], [ -0.2797194, 48.4143853 ], [ -0.2797237, 48.4144752 ], [ -0.2805422, 48.4143265 ], [ -0.2806222, 48.4142441 ], [ -0.2809951, 48.4141942 ], [ -0.2813038, 48.4139812 ], [ -0.280958, 48.4137936 ], [ -0.2811074, 48.4137391 ], [ -0.2812234, 48.4135603 ], [ -0.2811501, 48.413384 ], [ -0.2814579, 48.4131792 ], [ -0.2814133, 48.4129202 ], [ -0.2815425, 48.412931 ], [ -0.2824719, 48.4125442 ], [ -0.2825642, 48.4123769 ], [ -0.2828654, 48.4123262 ], [ -0.283091, 48.4125172 ], [ -0.2834859, 48.4124738 ], [ -0.2839157, 48.4119063 ], [ -0.2842546, 48.411897 ], [ -0.2844803, 48.4115467 ], [ -0.2847392, 48.4114702 ], [ -0.284694, 48.4113968 ], [ -0.2848128, 48.411262 ], [ -0.2850772, 48.4112943 ], [ -0.2853357, 48.4110593 ], [ -0.2856161, 48.4110452 ], [ -0.2856126, 48.4109022 ], [ -0.2858874, 48.4108846 ], [ -0.2859542, 48.4107639 ], [ -0.2858797, 48.4106327 ], [ -0.2860156, 48.410448 ], [ -0.2867266, 48.4104841 ], [ -0.2869573, 48.4105623 ], [ -0.2872895, 48.4103379 ], [ -0.2876913, 48.409755 ], [ -0.2879535, 48.4097747 ], [ -0.2879791, 48.4096651 ], [ -0.2881902, 48.409688 ], [ -0.2882595, 48.4096285 ], [ -0.2883752, 48.4097477 ], [ -0.2884224, 48.4096159 ], [ -0.2886932, 48.4096426 ], [ -0.2888078, 48.4095728 ], [ -0.2898037, 48.4097738 ], [ -0.2901311, 48.4097981 ], [ -0.2905207, 48.4097125 ], [ -0.2909, 48.409982 ], [ -0.2912134, 48.4098896 ], [ -0.2924673, 48.4102798 ], [ -0.2932386, 48.4101791 ], [ -0.2942977, 48.4105468 ], [ -0.2945052, 48.410469 ], [ -0.2950111, 48.4104711 ], [ -0.2956231, 48.4107179 ], [ -0.296155, 48.4105951 ], [ -0.2963245, 48.4103869 ], [ -0.2967453, 48.4104328 ], [ -0.2970182, 48.4102766 ], [ -0.2973389, 48.4102569 ], [ -0.2972786, 48.4100731 ], [ -0.297449, 48.4100296 ], [ -0.2975889, 48.41006 ], [ -0.2976584, 48.4102201 ], [ -0.2979194, 48.4102191 ], [ -0.2980301, 48.4103025 ], [ -0.2981766, 48.4102228 ], [ -0.2982111, 48.410428 ], [ -0.298741, 48.4106816 ], [ -0.3003686, 48.4112495 ], [ -0.3007859, 48.41111 ], [ -0.3010467, 48.411128 ], [ -0.3018054, 48.4109988 ], [ -0.3018864, 48.4111469 ], [ -0.3020902, 48.4111394 ], [ -0.3021825, 48.411253 ], [ -0.3026506, 48.411276 ], [ -0.3028457, 48.4112174 ], [ -0.3028451, 48.4110563 ], [ -0.3033469, 48.411056699999989 ], [ -0.3034951, 48.4109625 ], [ -0.3040085, 48.410909499999988 ], [ -0.303506, 48.410684 ], [ -0.3034961, 48.4102674 ], [ -0.3038026, 48.4099148 ], [ -0.3030753, 48.408932 ], [ -0.3029377, 48.4085072 ], [ -0.3029353, 48.4080598 ], [ -0.3026922, 48.4076136 ], [ -0.3025386, 48.4075585 ], [ -0.3025577, 48.4073238 ], [ -0.3017333, 48.4065157 ], [ -0.3016333, 48.4061286 ], [ -0.2996134, 48.404782 ], [ -0.2994023, 48.40437 ], [ -0.2990063, 48.4041361 ], [ -0.2951268, 48.402784399999987 ], [ -0.2937149, 48.4024158 ], [ -0.2933591, 48.4021762 ], [ -0.2933369, 48.4017573 ], [ -0.2934284, 48.4013819 ], [ -0.2940225, 48.4002894 ], [ -0.2943956, 48.3999431 ], [ -0.2948488, 48.3997081 ], [ -0.295384, 48.3996617 ], [ -0.2956385, 48.3992342 ], [ -0.2971424, 48.3980749 ], [ -0.2978737, 48.3978339 ], [ -0.3020813, 48.397742 ], [ -0.3023471, 48.3975608 ], [ -0.3023758, 48.3973078 ], [ -0.3025435, 48.3970717 ], [ -0.3029803, 48.3969425 ], [ -0.3034271, 48.3970165 ], [ -0.3033626, 48.396786 ], [ -0.3037489, 48.396479 ], [ -0.3074348, 48.3944159 ], [ -0.3076089, 48.3945173 ], [ -0.3079272, 48.3943553 ], [ -0.3083317, 48.3944232 ], [ -0.3086952, 48.3941195 ], [ -0.3083968, 48.3933958 ], [ -0.3071778, 48.3919 ], [ -0.3061545, 48.390893 ], [ -0.3033563, 48.3856727 ], [ -0.3024264, 48.3847505 ], [ -0.3024826, 48.3846328 ], [ -0.3029273, 48.3843962 ], [ -0.3049267, 48.3838154 ], [ -0.3052515, 48.3834777 ], [ -0.3054858, 48.3834207 ], [ -0.306126, 48.3830031 ], [ -0.3071606, 48.3820872 ] ] ] ] } },
{ "type": "Feature", "properties": { "code_departement": 53.0, "code_rne": "0530030V", "multisecteur": 0.0 }, "geometry": { "type": "MultiPolygon", "coordinates": [ [ [ [ -0.84747, 47.901519 ], [ -0.8466661, 47.9020184 ], [ -0.8463982, 47.9023714 ], [ -0.8460041, 47.9025907 ], [ -0.8444497, 47.9030336 ], [ -0.8434411, 47.9031873 ], [ -0.842723, 47.9033938 ], [ -0.842078, 47.903405899999989 ], [ -0.8408277, 47.903145 ], [ -0.8402577, 47.9029528 ], [ -0.839681, 47.9030942 ], [ -0.8388863, 47.904278 ], [ -0.83851, 47.9052815 ], [ -0.8382853, 47.9055654 ], [ -0.8381468, 47.9054853 ], [ -0.8379495, 47.9055359 ], [ -0.8369363, 47.9068313 ], [ -0.8362467, 47.9064313 ], [ -0.8360269, 47.9062087 ], [ -0.8357241, 47.9052266 ], [ -0.8343989, 47.9038184 ], [ -0.8317251, 47.904331 ], [ -0.8289492, 47.904563 ], [ -0.8274538, 47.9042469 ], [ -0.8267547, 47.9042346 ], [ -0.825416, 47.9043828 ], [ -0.8244082, 47.9046228 ], [ -0.8237169, 47.904885 ], [ -0.8234775, 47.9048352 ], [ -0.8230483, 47.904532 ], [ -0.8223744, 47.9036782 ], [ -0.8217556, 47.9033469 ], [ -0.8206629, 47.903041 ], [ -0.8199848, 47.9026306 ], [ -0.819484, 47.9017603 ], [ -0.8171953, 47.9012572 ], [ -0.8160626, 47.9015292 ], [ -0.8154228, 47.9015951 ], [ -0.8143994, 47.9021203 ], [ -0.8136616, 47.9021092 ], [ -0.8114768, 47.9010178 ], [ -0.8105637, 47.9006925 ], [ -0.8087973, 47.8990442 ], [ -0.8059391, 47.8984045 ], [ -0.8059162, 47.8982169 ], [ -0.806066, 47.897950699999988 ], [ -0.8070151, 47.8970991 ], [ -0.8070492, 47.8967719 ], [ -0.8068487, 47.8962558 ], [ -0.806667, 47.8960752 ], [ -0.8061831, 47.8957169 ], [ -0.8056668, 47.8955237 ], [ -0.8056638, 47.8949021 ], [ -0.8065486, 47.8942562 ], [ -0.8069489, 47.8935999 ], [ -0.8074658, 47.8930173 ], [ -0.8065266, 47.8926423 ], [ -0.8052915, 47.8927563 ], [ -0.8041606, 47.8927542 ], [ -0.8033878, 47.8925135 ], [ -0.8028442, 47.891995 ], [ -0.8023888, 47.8919395 ], [ -0.8013598, 47.8916385 ], [ -0.7997324, 47.8912867 ], [ -0.7990753, 47.8913341 ], [ -0.7962399, 47.8919981 ], [ -0.7939589, 47.8920052 ], [ -0.7926854, 47.8921247 ], [ -0.79219, 47.8919407 ], [ -0.7908319, 47.8920396 ], [ -0.787396, 47.891819 ], [ -0.7863382, 47.8915819 ], [ -0.7867406, 47.8911761 ], [ -0.7862788, 47.8907504 ], [ -0.786081, 47.8902495 ], [ -0.785113, 47.8904069 ], [ -0.7845933, 47.8903705 ], [ -0.7841267, 47.889781899999988 ], [ -0.7837202, 47.8894923 ], [ -0.7831042, 47.8893445 ], [ -0.7832245, 47.8891163 ], [ -0.7837107, 47.888833 ], [ -0.7826588, 47.8877758 ], [ -0.7822259, 47.8875853 ], [ -0.7817447, 47.8874864 ], [ -0.780655, 47.8874025 ], [ -0.7798501, 47.8874609 ], [ -0.7781415, 47.8867177 ], [ -0.7760621, 47.8867486 ], [ -0.7754912, 47.886839 ], [ -0.7746689, 47.8870863 ], [ -0.773597, 47.8871766 ], [ -0.7725781, 47.8875409 ], [ -0.7725606, 47.8878794 ], [ -0.7723471, 47.8880601 ], [ -0.7722886, 47.8883116 ], [ -0.7720345, 47.8884306 ], [ -0.7719926, 47.8886329 ], [ -0.7702008, 47.8888292 ], [ -0.7698402, 47.888957 ], [ -0.7686957, 47.8900444 ], [ -0.7678899, 47.8912794 ], [ -0.7782258, 47.9010535 ], [ -0.7760554, 47.9006233 ], [ -0.7751027, 47.900699 ], [ -0.7738299, 47.9009445 ], [ -0.7706431, 47.9017281 ], [ -0.7701241, 47.9024755 ], [ -0.7702467, 47.9041636 ], [ -0.7678954, 47.9043382 ], [ -0.7664588, 47.9047132 ], [ -0.7665548, 47.9054048 ], [ -0.7642125, 47.9056493 ], [ -0.7635369, 47.906817 ], [ -0.7634162, 47.9072885 ], [ -0.7634589, 47.9076638 ], [ -0.7635828, 47.9078418 ], [ -0.7633542, 47.9082474 ], [ -0.7633099, 47.9089065 ], [ -0.7630566, 47.9098697 ], [ -0.7616943, 47.9094628 ], [ -0.7615221, 47.9096603 ], [ -0.761265, 47.910911 ], [ -0.761039, 47.910747 ], [ -0.7600294, 47.9103811 ], [ -0.7596738, 47.9117179 ], [ -0.759951, 47.9118468 ], [ -0.7602221, 47.9126463 ], [ -0.7604903, 47.9129513 ], [ -0.7596751, 47.9133621 ], [ -0.7592676, 47.9133608 ], [ -0.7596732, 47.9142614 ], [ -0.7592736, 47.9144859 ], [ -0.7595583, 47.9155715 ], [ -0.7598218, 47.9157531 ], [ -0.7598438, 47.9161389 ], [ -0.7593692, 47.9165524 ], [ -0.7600752, 47.9181173 ], [ -0.7605183, 47.9186392 ], [ -0.7609369, 47.9193637 ], [ -0.7614085, 47.919738699999989 ], [ -0.7631899, 47.9215917 ], [ -0.76275, 47.9218706 ], [ -0.7608636, 47.9234519 ], [ -0.7597244, 47.9239849 ], [ -0.7582528, 47.9252925 ], [ -0.7569089, 47.9262473 ], [ -0.7566344, 47.9266101 ], [ -0.7568545, 47.9266896 ], [ -0.7563837, 47.9276894 ], [ -0.7560539, 47.9280865 ], [ -0.7561456, 47.9283962 ], [ -0.7563602, 47.9285308 ], [ -0.7568372, 47.9292462 ], [ -0.7568972, 47.92962 ], [ -0.7559962, 47.9296569 ], [ -0.7556631, 47.929818 ], [ -0.7550307, 47.929065199999989 ], [ -0.7553439, 47.9289065 ], [ -0.7550875, 47.9288264 ], [ -0.7550192, 47.9285052 ], [ -0.7548136, 47.9283099 ], [ -0.7543112, 47.9281053 ], [ -0.7540628, 47.9281186 ], [ -0.7536442, 47.9279617 ], [ -0.7533984, 47.9279741 ], [ -0.7532975, 47.9280827 ], [ -0.7530795, 47.9280149 ], [ -0.752882, 47.9280645 ], [ -0.7523462, 47.9278618 ], [ -0.7521714, 47.9279124 ], [ -0.7521238, 47.9277689 ], [ -0.7519754, 47.9276988 ], [ -0.7517971, 47.9278316 ], [ -0.7511476, 47.9277838 ], [ -0.7506001, 47.9278527 ], [ -0.7506816, 47.9279618 ], [ -0.7506214, 47.9280205 ], [ -0.7498995, 47.9279544 ], [ -0.7496291, 47.9282062 ], [ -0.7493372, 47.9282867 ], [ -0.7491396, 47.9282597 ], [ -0.7489562, 47.9285106 ], [ -0.7486738, 47.9284782 ], [ -0.748563, 47.9286746 ], [ -0.7483922, 47.9287431 ], [ -0.7481758, 47.9286022 ], [ -0.7478486, 47.9285253 ], [ -0.7476496, 47.928592 ], [ -0.7474262, 47.9285424 ], [ -0.7470545, 47.9286506 ], [ -0.7468269, 47.9285219 ], [ -0.7463241, 47.9284262 ], [ -0.7464248, 47.9282572 ], [ -0.7461685, 47.9282158 ], [ -0.7459862, 47.9280072 ], [ -0.7457121, 47.9280556 ], [ -0.7452548, 47.927863 ], [ -0.7444024, 47.927828 ], [ -0.7437943, 47.9279294 ], [ -0.7439664, 47.9283735 ], [ -0.7420483, 47.9283382 ], [ -0.7419859, 47.9285564 ], [ -0.7420095, 47.9292512 ], [ -0.741718, 47.93063 ], [ -0.7423225, 47.9304765 ], [ -0.7441435, 47.9302941 ], [ -0.7444221, 47.9308591 ], [ -0.7447885, 47.9310745 ], [ -0.7452689, 47.931042 ], [ -0.7473488, 47.9337452 ], [ -0.7497749, 47.9359175 ], [ -0.7499397, 47.9361816 ], [ -0.7520307, 47.9417242 ], [ -0.7532402, 47.9435244 ], [ -0.755359, 47.9507003 ], [ -0.756209, 47.9521165 ], [ -0.7562462, 47.9524892 ], [ -0.7555756, 47.954609 ], [ -0.7565286, 47.958367 ], [ -0.756768, 47.9586792 ], [ -0.7571144, 47.9589105 ], [ -0.7614749, 47.9609305 ], [ -0.7616587, 47.960854399999988 ], [ -0.7617278, 47.9606188 ], [ -0.7623604, 47.9604418 ], [ -0.7627313, 47.960413699999989 ], [ -0.7636025, 47.9606489 ], [ -0.7651681, 47.9609356 ], [ -0.7662044, 47.9609835 ], [ -0.7669634, 47.9608294 ], [ -0.7690872, 47.9612496 ], [ -0.7718594, 47.9612246 ], [ -0.7736995, 47.9610691 ], [ -0.7752539, 47.9607273 ], [ -0.7766344, 47.9606162 ], [ -0.7791969, 47.9600959 ], [ -0.7798488, 47.9600966 ], [ -0.7804886, 47.9598138 ], [ -0.7810059, 47.9596945 ], [ -0.7827229, 47.9594698 ], [ -0.7836498, 47.9591507 ], [ -0.7845005, 47.9586656 ], [ -0.7860206, 47.9582383 ], [ -0.7867788, 47.9578489 ], [ -0.7874804, 47.9571181 ], [ -0.7879092, 47.9568313 ], [ -0.7881645, 47.9564249 ], [ -0.7890266, 47.9558754 ], [ -0.7899276, 47.9550832 ], [ -0.7899271, 47.9549075 ], [ -0.7892529, 47.9545761 ], [ -0.7893882, 47.9525662 ], [ -0.7906516, 47.9527723 ], [ -0.7925932, 47.9527853 ], [ -0.7957528, 47.9522192 ], [ -0.7956089, 47.9526257 ], [ -0.7947313, 47.9535001 ], [ -0.7948335, 47.9539716 ], [ -0.7943409, 47.9559156 ], [ -0.7943162, 47.9571813 ], [ -0.7945885, 47.9586429 ], [ -0.7945452, 47.958975 ], [ -0.7948924, 47.958916 ], [ -0.7954593, 47.9590211 ], [ -0.7957409, 47.9589634 ], [ -0.7960668, 47.9590186 ], [ -0.797053, 47.9598472 ], [ -0.7989087, 47.9609035 ], [ -0.7991503, 47.9611858 ], [ -0.7993388, 47.9622807 ], [ -0.7997771, 47.9622944 ], [ -0.800811, 47.9624953 ], [ -0.8004232, 47.962643799999988 ], [ -0.7995034, 47.9627988 ], [ -0.8005861, 47.9641666 ], [ -0.8008343, 47.9640541 ], [ -0.8016614, 47.9644949 ], [ -0.8017994, 47.9650905 ], [ -0.800926, 47.9654449 ], [ -0.8008874, 47.96573 ], [ -0.8009984, 47.9658561 ], [ -0.8021717, 47.9654001 ], [ -0.8026269, 47.9654061 ], [ -0.8028613, 47.9657373 ], [ -0.8038816, 47.965616 ], [ -0.8041322, 47.9663782 ], [ -0.80615, 47.9661191 ], [ -0.8067347, 47.965947 ], [ -0.8075978, 47.9649829 ], [ -0.8086304, 47.9659865 ], [ -0.8095867, 47.9667672 ], [ -0.8103154, 47.9672734 ], [ -0.8109091, 47.9674334 ], [ -0.8122663, 47.9689364 ], [ -0.8137244, 47.9698099 ], [ -0.8141248, 47.9706933 ], [ -0.813807, 47.9715902 ], [ -0.8137624, 47.9727224 ], [ -0.8137995, 47.9730338 ], [ -0.8139519, 47.9732487 ], [ -0.814836, 47.9730993 ], [ -0.8149807, 47.9731703 ], [ -0.8153474, 47.973698 ], [ -0.8158504, 47.9741989 ], [ -0.8165085, 47.9743 ], [ -0.8168466, 47.9746539 ], [ -0.8178242, 47.9746645 ], [ -0.8181545, 47.974743 ], [ -0.8187733, 47.975304 ], [ -0.8191328, 47.9752094 ], [ -0.8195262, 47.9762184 ], [ -0.8196892, 47.9778096 ], [ -0.8200087, 47.9791876 ], [ -0.8207055, 47.9804768 ], [ -0.8212668, 47.9811334 ], [ -0.8217929, 47.9814127 ], [ -0.8225031, 47.982068 ], [ -0.8229474, 47.982776099999988 ], [ -0.8233233, 47.9827414 ], [ -0.8238334, 47.9822419 ], [ -0.8260157, 47.9836385 ], [ -0.8277296, 47.9854793 ], [ -0.8282371, 47.9851844 ], [ -0.8283291, 47.9854553 ], [ -0.8297336, 47.9852978 ], [ -0.8304343, 47.985411 ], [ -0.8315116, 47.985387599999989 ], [ -0.832178, 47.9856199 ], [ -0.8328453, 47.9855874 ], [ -0.8330312, 47.9865796 ], [ -0.8333103, 47.987357 ], [ -0.8335255, 47.987623 ], [ -0.8348032, 47.9868272 ], [ -0.8363508, 47.9864028 ], [ -0.8361486, 47.9858346 ], [ -0.8368624, 47.985684199999987 ], [ -0.837202, 47.9864624 ], [ -0.8373512, 47.9866323 ], [ -0.8375406, 47.9866712 ], [ -0.8377025, 47.9864235 ], [ -0.8388214, 47.9855302 ], [ -0.8396528, 47.9861679 ], [ -0.8404445, 47.9858709 ], [ -0.8426492, 47.9852366 ], [ -0.8438743, 47.9851785 ], [ -0.8441428, 47.9857527 ], [ -0.8449807, 47.985610799999989 ], [ -0.8467267, 47.9856474 ], [ -0.8467501, 47.986044 ], [ -0.8470364, 47.9861418 ], [ -0.8477002, 47.9859309 ], [ -0.8496374, 47.9863828 ], [ -0.8493403, 47.9870214 ], [ -0.8493434, 47.987379 ], [ -0.8497149, 47.9878182 ], [ -0.8506335, 47.9882504 ], [ -0.8516612, 47.9879869 ], [ -0.8525927, 47.9874897 ], [ -0.8529417, 47.9869728 ], [ -0.8532367, 47.9870064 ], [ -0.8532441, 47.9866466 ], [ -0.854097, 47.9862141 ], [ -0.8543969, 47.9861475 ], [ -0.854795, 47.9856795 ], [ -0.8559195, 47.9851245 ], [ -0.8566709, 47.9850863 ], [ -0.8579838, 47.9838927 ], [ -0.8584607, 47.9840464 ], [ -0.8585974, 47.9841915 ], [ -0.858943, 47.9842198 ], [ -0.8592012, 47.9843555 ], [ -0.8595879, 47.9846347 ], [ -0.8598314, 47.9850483 ], [ -0.8604912, 47.9852429 ], [ -0.8612835, 47.9856359 ], [ -0.8630901, 47.9862829 ], [ -0.8633592, 47.9868074 ], [ -0.8634999, 47.987521799999989 ], [ -0.8638515, 47.9877598 ], [ -0.8663522, 47.9883155 ], [ -0.8669842, 47.9892326 ], [ -0.8670875, 47.9895265 ], [ -0.8669894, 47.9899649 ], [ -0.8663596, 47.9904398 ], [ -0.8660541, 47.9913472 ], [ -0.8652745, 47.9920135 ], [ -0.8646038, 47.9924049 ], [ -0.8639631, 47.9925828 ], [ -0.8634924, 47.9929019 ], [ -0.8628284, 47.9929084 ], [ -0.861753, 47.9930518 ], [ -0.8612401, 47.9974862 ], [ -0.8613688, 47.9976874 ], [ -0.8613576, 47.9983987 ], [ -0.8618607, 47.9985605 ], [ -0.8623119, 47.9989124 ], [ -0.8630379, 47.9999941 ], [ -0.8636246, 48.0017056 ], [ -0.8637547, 48.0026789 ], [ -0.8648472, 48.0029691 ], [ -0.8650641, 48.0031629 ], [ -0.8650402, 48.00337 ], [ -0.8644481, 48.0041788 ], [ -0.8649755, 48.0054255 ], [ -0.8661527, 48.0055139 ], [ -0.8672398, 48.0057655 ], [ -0.8697561, 48.0074234 ], [ -0.8716263, 48.0072195 ], [ -0.8717375, 48.0075105 ], [ -0.8726173, 48.0074419 ], [ -0.8743889, 48.007634 ], [ -0.8779179, 48.0077681 ], [ -0.8792485, 48.0080441 ], [ -0.8804289, 48.0079366 ], [ -0.8825075, 48.0080302 ], [ -0.8846546, 48.0078484 ], [ -0.8846992, 48.0081281 ], [ -0.8856329, 48.0081531 ], [ -0.8879066, 48.0080149 ], [ -0.8879674, 48.0077822 ], [ -0.8894491, 48.0077008 ], [ -0.8894768, 48.0076016 ], [ -0.8904327, 48.0075826 ], [ -0.8913202, 48.0068333 ], [ -0.8917291, 48.0070442 ], [ -0.8922066, 48.0074401 ], [ -0.8937238, 48.0076034 ], [ -0.8952627, 48.0075335 ], [ -0.896666, 48.0078096 ], [ -0.8969084, 48.0080016 ], [ -0.8969974, 48.0084455 ], [ -0.8974868, 48.0088735 ], [ -0.8983098, 48.0091273 ], [ -0.8988187, 48.0092014 ], [ -0.901418, 48.0089612 ], [ -0.9021636, 48.0090031 ], [ -0.9022585, 48.0093973 ], [ -0.9033038, 48.0094248 ], [ -0.9049499, 48.0093151 ], [ -0.9060272, 48.0090838 ], [ -0.9068592, 48.0087309 ], [ -0.9072217, 48.0084215 ], [ -0.9075001, 48.0083186 ], [ -0.9078218, 48.0082935 ], [ -0.9083455, 48.0083851 ], [ -0.9092043, 48.0087962 ], [ -0.9089794, 48.0093137 ], [ -0.9085217, 48.0098434 ], [ -0.9084247, 48.0101854 ], [ -0.9082579, 48.01029 ], [ -0.9079281, 48.0102605 ], [ -0.9076629, 48.0103422 ], [ -0.9073738, 48.0107005 ], [ -0.9067977, 48.0110278 ], [ -0.9059973, 48.0112635 ], [ -0.9056835, 48.0114325 ], [ -0.9053464, 48.011504 ], [ -0.9051333, 48.0114363 ], [ -0.904782, 48.0116444 ], [ -0.9047729, 48.0119754 ], [ -0.9052164, 48.0125823 ], [ -0.9049989, 48.0130554 ], [ -0.904146, 48.0135991 ], [ -0.9036491, 48.0136525 ], [ -0.9033955, 48.0137645 ], [ -0.9030678, 48.0141836 ], [ -0.9027329, 48.0143947 ], [ -0.9023236, 48.0158013 ], [ -0.9023292, 48.0160957 ], [ -0.9026909, 48.0164846 ], [ -0.9034045, 48.0166547 ], [ -0.904756, 48.016499 ], [ -0.9080641, 48.0170333 ], [ -0.9100392, 48.017046 ], [ -0.9125549, 48.0167434 ], [ -0.9176394, 48.0155479 ], [ -0.9203769, 48.0153395 ], [ -0.9205693, 48.0160882 ], [ -0.9213509, 48.01772 ], [ -0.9228396, 48.019994 ], [ -0.9239215, 48.0212365 ], [ -0.921166, 48.0231466 ], [ -0.9207425, 48.0236112 ], [ -0.920647, 48.0239901 ], [ -0.9213269, 48.0248099 ], [ -0.9235534, 48.0282108 ], [ -0.923793, 48.0284173 ], [ -0.9236459, 48.0310351 ], [ -0.9254959, 48.0332655 ], [ -0.9263692, 48.0339734 ], [ -0.9277021, 48.034738 ], [ -0.9280804, 48.034494699999989 ], [ -0.9287447, 48.0342509 ], [ -0.9289619, 48.0332318 ], [ -0.9305253, 48.031455 ], [ -0.9315435, 48.0310399 ], [ -0.9323079, 48.0302809 ], [ -0.9337366, 48.030671 ], [ -0.9348899, 48.0306451 ], [ -0.9354277, 48.0307235 ], [ -0.9369372, 48.0305378 ], [ -0.9371952, 48.030558 ], [ -0.9374225, 48.0306874 ], [ -0.9382754, 48.0306687 ], [ -0.9387459, 48.0299871 ], [ -0.9394913, 48.0299856 ], [ -0.940263, 48.0298687 ], [ -0.940915, 48.0301632 ], [ -0.9413172, 48.0304957 ], [ -0.9415194, 48.030433 ], [ -0.9415233, 48.0301608 ], [ -0.9417934, 48.0300724 ], [ -0.9415108, 48.0299927 ], [ -0.9412033, 48.0293813 ], [ -0.9413174, 48.0289108 ], [ -0.9416872, 48.028665 ], [ -0.9420668, 48.0282423 ], [ -0.9428133, 48.0280038 ], [ -0.9431659, 48.0275802 ], [ -0.9435203, 48.0275944 ], [ -0.9446465, 48.027945 ], [ -0.9485262, 48.0287969 ], [ -0.9500165, 48.0288055 ], [ -0.9509548, 48.0289046 ], [ -0.9514425, 48.0291225 ], [ -0.9517348, 48.0291514 ], [ -0.9530335, 48.0290582 ], [ -0.9536622, 48.0289145 ], [ -0.9547754, 48.0288023 ], [ -0.9565756, 48.0287868 ], [ -0.957314, 48.028908 ], [ -0.9577347, 48.0287487 ], [ -0.9594969, 48.028621 ], [ -0.9598849, 48.0286719 ], [ -0.9628736, 48.0296218 ], [ -0.9643572, 48.0304909 ], [ -0.9648933, 48.0309774 ], [ -0.9658491, 48.031434399999988 ], [ -0.9662903, 48.0317826 ], [ -0.9670247, 48.0320282 ], [ -0.9682029, 48.0322624 ], [ -0.9686281, 48.0324327 ], [ -0.9710882, 48.033762499999987 ], [ -0.9726715, 48.0343272 ], [ -0.9739183, 48.0350266 ], [ -0.9740431, 48.0334321 ], [ -0.9734062, 48.0321786 ], [ -0.9732735, 48.031073 ], [ -0.9744927, 48.0274349 ], [ -0.9744184, 48.026767 ], [ -0.974023, 48.0258848 ], [ -0.9740659, 48.025668 ], [ -0.9733308, 48.0244115 ], [ -0.9733838, 48.0228455 ], [ -0.9732791, 48.0218084 ], [ -0.9740355, 48.0218108 ], [ -0.9741043, 48.0219409 ], [ -0.9752758, 48.0219806 ], [ -0.9753681, 48.0221189 ], [ -0.9755014, 48.0221406 ], [ -0.9775116, 48.0221528 ], [ -0.9780933, 48.0220655 ], [ -0.9783021, 48.022217 ], [ -0.9794506, 48.0222358 ], [ -0.9806762, 48.0219952 ], [ -0.9810581, 48.0217688 ], [ -0.9814508, 48.0218113 ], [ -0.9817232, 48.021576 ], [ -0.9819014, 48.0217672 ], [ -0.9821053, 48.0218351 ], [ -0.9827829, 48.0218789 ], [ -0.9831337, 48.021776 ], [ -0.9834105, 48.0217954 ], [ -0.9835038, 48.0220175 ], [ -0.9843237, 48.0224898 ], [ -0.984416, 48.0218956 ], [ -0.9849082, 48.0211004 ], [ -0.9826226, 48.0199813 ], [ -0.9810066, 48.0193341 ], [ -0.981514, 48.0180455 ], [ -0.9834515, 48.0180745 ], [ -0.9851113, 48.0176083 ], [ -0.985371, 48.0174013 ], [ -0.9812401, 48.014493 ], [ -0.9811272, 48.013903 ], [ -0.9837735, 48.0122708 ], [ -0.9849507, 48.011711 ], [ -0.9833686, 48.0107275 ], [ -0.9840598, 48.0102941 ], [ -0.9842129, 48.0104186 ], [ -0.9842131, 48.0105646 ], [ -0.9867406, 48.0129758 ], [ -0.987914, 48.0124016 ], [ -0.9895061, 48.0118061 ], [ -0.990004, 48.0113567 ], [ -0.9907915, 48.0104028 ], [ -0.9917951, 48.0096082 ], [ -0.9943923, 48.0101084 ], [ -0.9959387, 48.0115958 ], [ -0.9966171, 48.0115466 ], [ -0.9966026, 48.0111587 ], [ -1.000467, 48.0111363 ], [ -1.000444, 48.010637 ], [ -1.0019938, 48.0104969 ], [ -1.0030256, 48.0107699 ], [ -1.0037845, 48.0115352 ], [ -1.0044636, 48.0106606 ], [ -1.0070659, 48.0124506 ], [ -1.0074563, 48.0128176 ], [ -1.0084352, 48.0141475 ], [ -1.0092126, 48.014677 ], [ -1.0128622, 48.0155905 ], [ -1.0147329, 48.0157844 ], [ -1.019495, 48.016721 ], [ -1.0213766, 48.0175874 ], [ -1.0196679, 48.0150355 ], [ -1.0193649, 48.0143169 ], [ -1.018309, 48.013004 ], [ -1.0182519, 48.0114904 ], [ -1.0183999, 48.0111754 ], [ -1.018705, 48.0108613 ], [ -1.0181365, 48.0107663 ], [ -1.017759, 48.0105161 ], [ -1.0174498, 48.0095039 ], [ -1.0168613, 48.0087563 ], [ -1.0166127, 48.008187199999988 ], [ -1.0166444, 48.0076851 ], [ -1.0170813, 48.0065403 ], [ -1.018611, 48.0055536 ], [ -1.0189443, 48.0051863 ], [ -1.018951, 48.0048499 ], [ -1.0186702, 48.0040693 ], [ -1.0181653, 48.0037865 ], [ -1.0156129, 48.003397 ], [ -1.0161424, 48.0026247 ], [ -1.0169474, 48.0021927 ], [ -1.0170246, 48.0019711 ], [ -1.01792, 48.0014917 ], [ -1.0180773, 48.0015296 ], [ -1.0186817, 48.0013377 ], [ -1.0197724, 48.0008841 ], [ -1.0201087, 48.0000445 ], [ -1.0201562, 47.9992022 ], [ -1.0198918, 47.9970982 ], [ -1.0199744, 47.9969846 ], [ -1.0202691, 47.9969051 ], [ -1.020584, 47.9964555 ], [ -1.0208644, 47.9953745 ], [ -1.0212846, 47.9950033 ], [ -1.0215246, 47.9949996 ], [ -1.0216128, 47.9948344 ], [ -1.0224083, 47.994809 ], [ -1.0225951, 47.9946701 ], [ -1.0226668, 47.9942189 ], [ -1.0239009, 47.994329 ], [ -1.0240224, 47.9939148 ], [ -1.024346, 47.9940038 ], [ -1.0247673, 47.9939479 ], [ -1.0255645, 47.9940161 ], [ -1.0257591, 47.9938734 ], [ -1.026061, 47.9939072 ], [ -1.0262021, 47.9938213 ], [ -1.0264539, 47.9939019 ], [ -1.0267958, 47.9938424 ], [ -1.026721, 47.993671 ], [ -1.0281313, 47.9936804 ], [ -1.0284958, 47.9934967 ], [ -1.0285796, 47.9932559 ], [ -1.0288419, 47.99321 ], [ -1.0290431, 47.993067 ], [ -1.0289097, 47.9929554 ], [ -1.0300368, 47.992613 ], [ -1.0308876, 47.9925208 ], [ -1.0313385, 47.9925711 ], [ -1.0338082, 47.992462 ], [ -1.035242, 47.9922344 ], [ -1.0367248, 47.991733 ], [ -1.0376788, 47.9916749 ], [ -1.038157, 47.9915729 ], [ -1.0397697, 47.9907173 ], [ -1.0409728, 47.9904408 ], [ -1.041717, 47.9901124 ], [ -1.0421208, 47.9898282 ], [ -1.0430462, 47.989448499999988 ], [ -1.0432326, 47.9891295 ], [ -1.0437607, 47.9888725 ], [ -1.0442415, 47.9883658 ], [ -1.0456059, 47.9879169 ], [ -1.0455617, 47.9874264 ], [ -1.0454665, 47.9873225 ], [ -1.0451714, 47.987238 ], [ -1.0450758, 47.986899799999989 ], [ -1.0454678, 47.9863375 ], [ -1.04532, 47.9859668 ], [ -1.0453672, 47.9858472 ], [ -1.0463194, 47.9855558 ], [ -1.0470973, 47.9854073 ], [ -1.0479517, 47.9848724 ], [ -1.0484902, 47.9848926 ], [ -1.0492596, 47.9845813 ], [ -1.050074, 47.984647 ], [ -1.0505924, 47.984457899999988 ], [ -1.0510288, 47.9844951 ], [ -1.0515227, 47.9844069 ], [ -1.0516324, 47.9844905 ], [ -1.0516367, 47.9848094 ], [ -1.0519161, 47.9848818 ], [ -1.0527431, 47.9843756 ], [ -1.0531876, 47.9844666 ], [ -1.053495, 47.9844497 ], [ -1.0538336, 47.9845939 ], [ -1.0539729, 47.9845035 ], [ -1.0542601, 47.9845378 ], [ -1.0542493, 47.9841155 ], [ -1.0548353, 47.9839863 ], [ -1.0551374, 47.9844435 ], [ -1.0554465, 47.9845014 ], [ -1.0557956, 47.9843451 ], [ -1.0559303, 47.9844207 ], [ -1.0558801, 47.9845891 ], [ -1.0560209, 47.9846221 ], [ -1.0562237, 47.9844142 ], [ -1.0566569, 47.9844091 ], [ -1.0571725, 47.9846923 ], [ -1.0575657, 47.9845156 ], [ -1.057678, 47.9847379 ], [ -1.0582831, 47.9845422 ], [ -1.0582114, 47.9844293 ], [ -1.0583147, 47.9844113 ], [ -1.0585345, 47.9844416 ], [ -1.0585696, 47.9846197 ], [ -1.0588886, 47.9844564 ], [ -1.0591958, 47.9844188 ], [ -1.0597772, 47.9846843 ], [ -1.0600928, 47.9847041 ], [ -1.0602249, 47.9846418 ], [ -1.060409, 47.984749 ], [ -1.0607647, 47.9846277 ], [ -1.0608248, 47.9843778 ], [ -1.0610574, 47.9844527 ], [ -1.0610735, 47.9845404 ], [ -1.0612329, 47.9843267 ], [ -1.061608, 47.9843516 ], [ -1.0618739, 47.9845109 ], [ -1.0616835, 47.9847059 ], [ -1.061896, 47.9847301 ], [ -1.061881, 47.9848144 ], [ -1.0620909, 47.9847675 ], [ -1.0621351, 47.9848894 ], [ -1.0622996, 47.9848116 ], [ -1.0623377, 47.9851509 ], [ -1.062769, 47.9850865 ], [ -1.0628629, 47.9851904 ], [ -1.0630296, 47.9851072 ], [ -1.0630811, 47.9854631 ], [ -1.063253, 47.9853941 ], [ -1.0632859, 47.985140699999988 ], [ -1.063434, 47.9851473 ], [ -1.0636719, 47.985413 ], [ -1.0635515, 47.9855415 ], [ -1.0636453, 47.9855914 ], [ -1.0639107, 47.9853948 ], [ -1.0639229, 47.9852033 ], [ -1.0641542, 47.985226 ], [ -1.0642191, 47.9853904 ], [ -1.064396, 47.9854042 ], [ -1.0644063, 47.9852227 ], [ -1.0641491, 47.9850901 ], [ -1.0641593, 47.9850131 ], [ -1.0643522, 47.9849028 ], [ -1.0644888, 47.9850036 ], [ -1.0650857, 47.9849108 ], [ -1.0654402, 47.9846507 ], [ -1.0655058, 47.984316 ], [ -1.065653, 47.9842235 ], [ -1.0659686, 47.9841026 ], [ -1.0662295, 47.9842152 ], [ -1.0665485, 47.9842258 ], [ -1.0667916, 47.9841237 ], [ -1.0668895, 47.9840176 ], [ -1.0667369, 47.9837787 ], [ -1.067044, 47.9836527 ], [ -1.0675994, 47.9836488 ], [ -1.0675907, 47.9833607 ], [ -1.0678964, 47.9832519 ], [ -1.0680648, 47.9830848 ], [ -1.0683995, 47.9831435 ], [ -1.0686106, 47.9830785 ], [ -1.0686715, 47.98298 ], [ -1.0688009, 47.9829872 ], [ -1.0689519, 47.9832064 ], [ -1.0691368, 47.9832018 ], [ -1.0695913, 47.9829157 ], [ -1.0696411, 47.9824977 ], [ -1.0697954, 47.9823932 ], [ -1.0700653, 47.9823938 ], [ -1.070271, 47.9827137 ], [ -1.0705142, 47.982717 ], [ -1.0706366, 47.9826155 ], [ -1.0707673, 47.9819063 ], [ -1.0713089, 47.9817749 ], [ -1.0718757, 47.9818859 ], [ -1.071971, 47.9821124 ], [ -1.072486, 47.9823162 ], [ -1.0730498, 47.9822822 ], [ -1.0731741, 47.9825906 ], [ -1.0743453, 47.982722099999989 ], [ -1.074375, 47.9830743 ], [ -1.0748597, 47.9830584 ], [ -1.0755149, 47.9832177 ], [ -1.0758754, 47.9832287 ], [ -1.076388, 47.9836281 ], [ -1.0766636, 47.983668099999988 ], [ -1.0771969, 47.9841795 ], [ -1.0774095, 47.9842036 ], [ -1.0782475, 47.98407 ], [ -1.0783378, 47.9842327 ], [ -1.0789731, 47.9844647 ], [ -1.0790652, 47.9844057 ], [ -1.0790459, 47.9841378 ], [ -1.0795012, 47.9839147 ], [ -1.0796528, 47.984105 ], [ -1.079626, 47.9842979 ], [ -1.0799174, 47.9844554 ], [ -1.0802451, 47.9843359 ], [ -1.0804947, 47.9844227 ], [ -1.0815242, 47.9844059 ], [ -1.0815579, 47.9845111 ], [ -1.0821664, 47.984744 ], [ -1.0821623, 47.9848478 ], [ -1.0817973, 47.9850056 ], [ -1.0818527, 47.9851145 ], [ -1.0819903, 47.9851755 ], [ -1.0825224, 47.9851137 ], [ -1.0825696, 47.9853257 ], [ -1.082879, 47.9856123 ], [ -1.0835525, 47.9856087 ], [ -1.0835041, 47.9857122 ], [ -1.0832211, 47.9858545 ], [ -1.0832771, 47.9859544 ], [ -1.0834913, 47.9860155 ], [ -1.083499, 47.9861855 ], [ -1.0841981, 47.9861819 ], [ -1.0844699, 47.986295 ], [ -1.0845336, 47.9864253 ], [ -1.0853927, 47.9866 ], [ -1.0854691, 47.9866856 ], [ -1.0852703, 47.9868223 ], [ -1.085313, 47.9868713 ], [ -1.086036, 47.9868651 ], [ -1.086091, 47.986673 ], [ -1.0862177, 47.9866272 ], [ -1.0867182, 47.9868513 ], [ -1.0868567, 47.98675 ], [ -1.0870957, 47.9867336 ], [ -1.0872028, 47.9868696 ], [ -1.0873686, 47.9869133 ], [ -1.0877698, 47.9867029 ], [ -1.0880529, 47.9866661 ], [ -1.0885346, 47.9862456 ], [ -1.0887207, 47.9869186 ], [ -1.089017, 47.9869137 ], [ -1.0892398, 47.9871916 ], [ -1.0896242, 47.9872151 ], [ -1.0897338, 47.9875051 ], [ -1.0903336, 47.9876753 ], [ -1.0908407, 47.9874801 ], [ -1.0912327, 47.9876377 ], [ -1.0914224, 47.9878518 ], [ -1.0917836, 47.9877654 ], [ -1.0920571, 47.9875873 ], [ -1.0924527, 47.9875303 ], [ -1.0929587, 47.9875649 ], [ -1.0930513, 47.9874599 ], [ -1.0929439, 47.987251 ], [ -1.0935507, 47.9870956 ], [ -1.0945208, 47.9869347 ], [ -1.095592, 47.9869001 ], [ -1.0960408, 47.9864717 ], [ -1.0977885, 47.9866117 ], [ -1.0981453, 47.9868859 ], [ -1.0982688, 47.987233 ], [ -1.0987537, 47.987305299999989 ], [ -1.0989476, 47.9874355 ], [ -1.0985432, 47.9877767 ], [ -1.0988407, 47.9879961 ], [ -1.0987167, 47.9882672 ], [ -1.098796, 47.9883383 ], [ -1.0987175, 47.9886069 ], [ -1.0998127, 47.9889868 ], [ -1.1000931, 47.9890194 ], [ -1.100355, 47.9889517 ], [ -1.1006973, 47.9886568 ], [ -1.1009307, 47.9889487 ], [ -1.1006611, 47.9891771 ], [ -1.1012543, 47.9893141 ], [ -1.1018054, 47.9891678 ], [ -1.1021451, 47.9888739 ], [ -1.1027672, 47.9890378 ], [ -1.1035517, 47.988941 ], [ -1.1039456, 47.9884452 ], [ -1.1039155, 47.9882831 ], [ -1.1045313, 47.9882958 ], [ -1.1044832, 47.9881597 ], [ -1.104255, 47.9881766 ], [ -1.1039207, 47.988073 ], [ -1.103907, 47.9878788 ], [ -1.1040756, 47.9878188 ], [ -1.1050655, 47.9881213 ], [ -1.1052003, 47.9882328 ], [ -1.1052078, 47.9884335 ], [ -1.1055961, 47.9882127 ], [ -1.1057618, 47.9882204 ], [ -1.105868, 47.9883438 ], [ -1.105646, 47.9885624 ], [ -1.105649, 47.9886875 ], [ -1.1057464, 47.9888698 ], [ -1.1059694, 47.989010699999987 ], [ -1.1062714, 47.9890623 ], [ -1.1067304, 47.9889048 ], [ -1.1067991, 47.9889943 ], [ -1.1070675, 47.9889759 ], [ -1.1071852, 47.9891439 ], [ -1.1075702, 47.9890367 ], [ -1.1080929, 47.9892861 ], [ -1.1084452, 47.9891377 ], [ -1.1087101, 47.9889005 ], [ -1.1086753, 47.9886953 ], [ -1.1083697, 47.988579 ], [ -1.1083976, 47.988454499999989 ], [ -1.1092066, 47.9884839 ], [ -1.1092542, 47.9887679 ], [ -1.1093571, 47.9888148 ], [ -1.1096305, 47.988497 ], [ -1.1099816, 47.9883505 ], [ -1.1100029, 47.9881587 ], [ -1.1097427, 47.987901 ], [ -1.1098245, 47.9877792 ], [ -1.1101075, 47.9878279 ], [ -1.1104853, 47.9881301 ], [ -1.1107033, 47.9880684 ], [ -1.1106003, 47.9874502 ], [ -1.1107756, 47.9874946 ], [ -1.111443, 47.9879641 ], [ -1.1116868, 47.9879583 ], [ -1.1120126, 47.9877459 ], [ -1.1121805, 47.9877464 ], [ -1.1119489, 47.988187 ], [ -1.1116202, 47.9883977 ], [ -1.1119011, 47.9886609 ], [ -1.1125274, 47.9885498 ], [ -1.1129595, 47.9885644 ], [ -1.1132419, 47.988623 ], [ -1.1134068, 47.9888452 ], [ -1.1135575, 47.9888841 ], [ -1.1140769, 47.9887794 ], [ -1.114452, 47.9883716 ], [ -1.114771, 47.9882964 ], [ -1.1148406, 47.988139 ], [ -1.1146972, 47.9880034 ], [ -1.1148894, 47.987867799999989 ], [ -1.1155362, 47.9879695 ], [ -1.1160712, 47.9875633 ], [ -1.1163939, 47.9876394 ], [ -1.1165671, 47.9876054 ], [ -1.1166624, 47.9871227 ], [ -1.1169578, 47.9869681 ], [ -1.1173713, 47.9870032 ], [ -1.1176457, 47.9872 ], [ -1.1176631, 47.9874237 ], [ -1.1174423, 47.9876225 ], [ -1.1175995, 47.9877459 ], [ -1.1180378, 47.9877891 ], [ -1.1184124, 47.987738099999987 ], [ -1.1185622, 47.9876617 ], [ -1.1185835, 47.9875222 ], [ -1.1188121, 47.9874583 ], [ -1.1192893, 47.987811 ], [ -1.119446, 47.9878064 ], [ -1.1197405, 47.987606 ], [ -1.119612, 47.9869211 ], [ -1.1199523, 47.9864982 ], [ -1.1196187, 47.9862648 ], [ -1.1195037, 47.9860634 ], [ -1.1195627, 47.9859252 ], [ -1.1197551, 47.9858446 ], [ -1.1214199, 47.9860214 ], [ -1.1221195, 47.9863168 ], [ -1.1225874, 47.9867239 ], [ -1.1237312, 47.9866568 ], [ -1.1244594, 47.9868538 ], [ -1.1250213, 47.9868133 ], [ -1.1257174, 47.9865303 ], [ -1.1260192, 47.9863034 ], [ -1.1259694, 47.9861628 ], [ -1.1255955, 47.9858434 ], [ -1.125877, 47.9856488 ], [ -1.1262068, 47.9856444 ], [ -1.1263879, 47.985556 ], [ -1.1264212, 47.9853115 ], [ -1.1262427, 47.9850366 ], [ -1.1263768, 47.9847598 ], [ -1.1261979, 47.9846516 ], [ -1.1260417, 47.9846616 ], [ -1.1252371, 47.9849476 ], [ -1.1250024, 47.9849162 ], [ -1.124873, 47.9846333 ], [ -1.1244835, 47.9843883 ], [ -1.1246822, 47.983527 ], [ -1.1252932, 47.9829964 ], [ -1.1257219, 47.9829345 ], [ -1.1258208, 47.9830671 ], [ -1.1259884, 47.9830991 ], [ -1.1262317, 47.9829995 ], [ -1.1261427, 47.9828224 ], [ -1.1264438, 47.9827073 ], [ -1.1266603, 47.9827295 ], [ -1.1268763, 47.9826426 ], [ -1.1273232, 47.9826936 ], [ -1.1277634, 47.9818662 ], [ -1.1282721, 47.9817447 ], [ -1.1283059, 47.9814902 ], [ -1.1280703, 47.980792 ], [ -1.1275323, 47.9802441 ], [ -1.1269809, 47.9800751 ], [ -1.1263012, 47.9799818 ], [ -1.1252335, 47.9802834 ], [ -1.125151, 47.9801196 ], [ -1.1253671, 47.9798092 ], [ -1.1253269, 47.9796898 ], [ -1.1250525, 47.9796301 ], [ -1.1247154, 47.9798519 ], [ -1.1245352, 47.979796 ], [ -1.1244917, 47.979547 ], [ -1.1246984, 47.978496199999988 ], [ -1.1249621, 47.978469 ], [ -1.1252782, 47.9787201 ], [ -1.1254008, 47.9786392 ], [ -1.1253036, 47.9777883 ], [ -1.124973, 47.9771448 ], [ -1.1250246, 47.9769799 ], [ -1.1257885, 47.976707 ], [ -1.1259273, 47.9764561 ], [ -1.1262965, 47.9763197 ], [ -1.126936, 47.9762937 ], [ -1.127252, 47.9764231 ], [ -1.1274239, 47.9763892 ], [ -1.127537, 47.9761869 ], [ -1.1273009, 47.9759474 ], [ -1.127301, 47.9758285 ], [ -1.1274825, 47.9755914 ], [ -1.1278259, 47.9756406 ], [ -1.1279522, 47.9755226 ], [ -1.1276544, 47.9751285 ], [ -1.1278096, 47.9747598 ], [ -1.1271363, 47.974214 ], [ -1.1270515, 47.9740043 ], [ -1.1267868, 47.9738622 ], [ -1.1268445, 47.9736033 ], [ -1.1261047, 47.9735644 ], [ -1.1258006, 47.9733138 ], [ -1.125693, 47.9730859 ], [ -1.1259301, 47.9729424 ], [ -1.1260052, 47.9727524 ], [ -1.1254665, 47.9725379 ], [ -1.1253964, 47.9723106 ], [ -1.1255448, 47.9719935 ], [ -1.1252351, 47.9717377 ], [ -1.1252689, 47.971586 ], [ -1.1257368, 47.9713911 ], [ -1.1266802, 47.9711679 ], [ -1.1274034, 47.9710965 ], [ -1.1280958, 47.9711821 ], [ -1.1281708, 47.9713867 ], [ -1.1284663, 47.9714421 ], [ -1.1290584, 47.9713087 ], [ -1.1290775, 47.9711224 ], [ -1.1295713, 47.9711915 ], [ -1.1302199, 47.9713345 ], [ -1.1302469, 47.9715949 ], [ -1.1308062, 47.9717636 ], [ -1.1311971, 47.9717165 ], [ -1.13237, 47.9713553 ], [ -1.1329711, 47.9708548 ], [ -1.1331683, 47.9700981 ], [ -1.1330653, 47.9699818 ], [ -1.132697, 47.9699741 ], [ -1.1326316, 47.9699088 ], [ -1.1327577, 47.9693925 ], [ -1.1324847, 47.9686109 ], [ -1.1328087, 47.9683949 ], [ -1.1331772, 47.9683369 ], [ -1.1331845, 47.9681384 ], [ -1.1333005, 47.9680595 ], [ -1.1336312, 47.968101 ], [ -1.1343218, 47.967855 ], [ -1.1346934, 47.9679222 ], [ -1.135173, 47.9678774 ], [ -1.136059, 47.968105699999988 ], [ -1.1362652, 47.9681002 ], [ -1.1361223, 47.9682287 ], [ -1.136189, 47.9684472 ], [ -1.1360915, 47.9687291 ], [ -1.1368689, 47.9689747 ], [ -1.1370529, 47.9692008 ], [ -1.1370495, 47.969346 ], [ -1.1374336, 47.9693496 ], [ -1.1373656, 47.9696475 ], [ -1.1371762, 47.9696966 ], [ -1.1373896, 47.9699198 ], [ -1.1377323, 47.9700293 ], [ -1.1377571, 47.9702438 ], [ -1.1380914, 47.9702807 ], [ -1.1385512, 47.9701546 ], [ -1.1387245, 47.969934 ], [ -1.1388462, 47.9699108 ], [ -1.1389565, 47.9700349 ], [ -1.1388214, 47.9703316 ], [ -1.1395971, 47.9705566 ], [ -1.139762, 47.970485 ], [ -1.1399953, 47.9701046 ], [ -1.1398074, 47.9698986 ], [ -1.139648, 47.9694392 ], [ -1.1401981, 47.9691278 ], [ -1.1399501, 47.9689428 ], [ -1.1399041, 47.9686975 ], [ -1.1406869, 47.9680337 ], [ -1.140702, 47.9679358 ], [ -1.1405227, 47.9677529 ], [ -1.1407548, 47.9675978 ], [ -1.1414603, 47.9674053 ], [ -1.1422279, 47.9674224 ], [ -1.1424376, 47.9672555 ], [ -1.1427826, 47.967429 ], [ -1.1431219, 47.9670485 ], [ -1.1432542, 47.9670591 ], [ -1.1435628, 47.9673159 ], [ -1.1437156, 47.9672456 ], [ -1.1438292, 47.9670514 ], [ -1.1440331, 47.9670163 ], [ -1.144471, 47.9673307 ], [ -1.1442922, 47.9676695 ], [ -1.1443319, 47.9677646 ], [ -1.1449401, 47.9680612 ], [ -1.145427, 47.9680576 ], [ -1.1457953, 47.9679121 ], [ -1.1460874, 47.9679748 ], [ -1.1464035, 47.9677446 ], [ -1.1471034, 47.9680461 ], [ -1.1476508, 47.9679592 ], [ -1.1478419, 47.9676911 ], [ -1.1480449, 47.9676452 ], [ -1.1481456, 47.9677832 ], [ -1.1479848, 47.9681286 ], [ -1.1482495, 47.968150799999989 ], [ -1.1487638, 47.9680001 ], [ -1.1490796, 47.9677493 ], [ -1.1491095, 47.96724 ], [ -1.1493579, 47.9671393 ], [ -1.1497839, 47.9671467 ], [ -1.1500535, 47.9667858 ], [ -1.1503308, 47.9666092 ], [ -1.1509774, 47.9665549 ], [ -1.1513032, 47.9662432 ], [ -1.151484, 47.9661873 ], [ -1.1528499, 47.9661012 ], [ -1.1532148, 47.9655863 ], [ -1.1538715, 47.9653702 ], [ -1.1547122, 47.9654829 ], [ -1.1551887, 47.9654669 ], [ -1.1554871, 47.9653708 ], [ -1.1554313, 47.9652583 ], [ -1.1556746, 47.9649901 ], [ -1.1557556, 47.9647061 ], [ -1.1560239, 47.9644308 ], [ -1.1565692, 47.9641637 ], [ -1.1566834, 47.9637892 ], [ -1.1566869, 47.9634061 ], [ -1.1565291, 47.9630206 ], [ -1.1560845, 47.9628435 ], [ -1.1564548, 47.9618165 ], [ -1.1570181, 47.961214399999989 ], [ -1.1584866, 47.9589149 ], [ -1.1604876, 47.9586836 ], [ -1.1604599, 47.9575779 ], [ -1.1590044, 47.955564 ], [ -1.158886, 47.9541921 ], [ -1.1590269, 47.95385 ], [ -1.1593307, 47.9536356 ], [ -1.1595406, 47.9535921 ], [ -1.1597707, 47.9534127 ], [ -1.1603265, 47.9535553 ], [ -1.1611662, 47.9531272 ], [ -1.161561, 47.9528248 ], [ -1.1616029, 47.9524863 ], [ -1.1615059, 47.9521392 ], [ -1.1616685, 47.9519216 ], [ -1.1614398, 47.9514341 ], [ -1.1613333, 47.9508124 ], [ -1.1611537, 47.9477908 ], [ -1.1616183, 47.9460026 ], [ -1.1622768, 47.9446527 ], [ -1.1621828, 47.9445992 ], [ -1.1617257, 47.9427761 ], [ -1.1605537, 47.9416515 ], [ -1.160167, 47.9397826 ], [ -1.1599561, 47.9395395 ], [ -1.159953, 47.9393639 ], [ -1.1579202, 47.9391638 ], [ -1.1566487, 47.9393503 ], [ -1.1557319, 47.9393233 ], [ -1.1538943, 47.9394577 ], [ -1.1526931, 47.9393794 ], [ -1.1472994, 47.9388194 ], [ -1.1460179, 47.9384672 ], [ -1.143233, 47.9381149 ], [ -1.1423761, 47.9380821 ], [ -1.1401082, 47.9383054 ], [ -1.1400757, 47.9384039 ], [ -1.1388014, 47.9384181 ], [ -1.1386594, 47.9391585 ], [ -1.1370873, 47.9393788 ], [ -1.1354501, 47.9397105 ], [ -1.1336305, 47.9403171 ], [ -1.1333934, 47.9399424 ], [ -1.1333464, 47.9394935 ], [ -1.1339221, 47.9379502 ], [ -1.1339698, 47.9375818 ], [ -1.1328581, 47.9348137 ], [ -1.1327674, 47.9341834 ], [ -1.1294102, 47.9330038 ], [ -1.1302321, 47.9319007 ], [ -1.1305454, 47.9311714 ], [ -1.1307764, 47.929920599999988 ], [ -1.1310694, 47.9290163 ], [ -1.131253, 47.9276391 ], [ -1.1311496, 47.9274986 ], [ -1.1306356, 47.9274761 ], [ -1.1291753, 47.9270445 ], [ -1.1278654, 47.9260983 ], [ -1.1277636, 47.9261334 ], [ -1.125735, 47.9257722 ], [ -1.1246055, 47.9256965 ], [ -1.1238804, 47.925476 ], [ -1.1232503, 47.9252008 ], [ -1.1214352, 47.9240497 ], [ -1.1193722, 47.9229164 ], [ -1.1184767, 47.9228315 ], [ -1.1168604, 47.9229252 ], [ -1.1167133, 47.9236729 ], [ -1.115248, 47.9237432 ], [ -1.1147759, 47.9238967 ], [ -1.1142408, 47.9239299 ], [ -1.111627, 47.9251318 ], [ -1.1113998, 47.9251577 ], [ -1.1111311, 47.9250644 ], [ -1.111013, 47.9251145 ], [ -1.1109277, 47.9253113 ], [ -1.1093947, 47.9252361 ], [ -1.1083822, 47.9255626 ], [ -1.1074933, 47.9256838 ], [ -1.1051489, 47.925172 ], [ -1.1049745, 47.9254313 ], [ -1.1045623, 47.9254583 ], [ -1.1040286, 47.9254743 ], [ -1.1024304, 47.925267 ], [ -1.1015988, 47.9267884 ], [ -1.0990659, 47.9281223 ], [ -1.0948508, 47.9305412 ], [ -1.0944941, 47.9308709 ], [ -1.0944945, 47.931171 ], [ -1.0952824, 47.9332126 ], [ -1.0961917, 47.933006 ], [ -1.096186, 47.9335568 ], [ -1.0959381, 47.9335763 ], [ -1.0955283, 47.9339664 ], [ -1.0965735, 47.9344246 ], [ -1.0966029, 47.9348742 ], [ -1.0972196, 47.9350806 ], [ -1.0971618, 47.9352178 ], [ -1.096032, 47.9357646 ], [ -1.09498, 47.9384985 ], [ -1.0936346, 47.9383039 ], [ -1.0920464, 47.9378312 ], [ -1.089561, 47.9372698 ], [ -1.0879673, 47.9367414 ], [ -1.085928, 47.9365375 ], [ -1.0836092, 47.936101 ], [ -1.08214, 47.9356907 ], [ -1.0793911, 47.9354654 ], [ -1.078385, 47.9352868 ], [ -1.0765019, 47.9347421 ], [ -1.0752301, 47.9347349 ], [ -1.075661, 47.9362068 ], [ -1.0763546, 47.9379887 ], [ -1.0756143, 47.9381973 ], [ -1.0733933, 47.9382996 ], [ -1.0719085, 47.938507 ], [ -1.0711144, 47.9386967 ], [ -1.0702752, 47.9386312 ], [ -1.0699079, 47.9388593 ], [ -1.0679181, 47.9394582 ], [ -1.0672404, 47.9393654 ], [ -1.0665423, 47.9390408 ], [ -1.0649252, 47.9386598 ], [ -1.0631198, 47.9384285 ], [ -1.0624317, 47.9382694 ], [ -1.0603762, 47.9374682 ], [ -1.0587293, 47.9374143 ], [ -1.0581229, 47.9372884 ], [ -1.0571625, 47.936953 ], [ -1.0564506, 47.9359215 ], [ -1.0562342, 47.9350557 ], [ -1.0569403, 47.9332957 ], [ -1.0569812, 47.9323752 ], [ -1.0566436, 47.9320642 ], [ -1.056026, 47.9318432 ], [ -1.0528001, 47.931304 ], [ -1.0520443, 47.9310642 ], [ -1.0516742, 47.9308706 ], [ -1.0513608, 47.9300506 ], [ -1.0507472, 47.9297239 ], [ -1.0494055, 47.9299054 ], [ -1.0489036, 47.9297596 ], [ -1.0484738, 47.9293987 ], [ -1.0483514, 47.9291127 ], [ -1.0488873, 47.927948 ], [ -1.048896, 47.9277458 ], [ -1.04877, 47.927588 ], [ -1.0480417, 47.9277086 ], [ -1.0467792, 47.9282063 ], [ -1.0465552, 47.9281888 ], [ -1.0465416, 47.9279577 ], [ -1.0457735, 47.9270109 ], [ -1.0446567, 47.9272927 ], [ -1.0436933, 47.927353 ], [ -1.0429099, 47.9272781 ], [ -1.0417338, 47.9269933 ], [ -1.0384824, 47.9267105 ], [ -1.0357826, 47.927016 ], [ -1.03579, 47.9266905 ], [ -1.0333404, 47.9267963 ], [ -1.0331509, 47.9271777 ], [ -1.0308872, 47.926254299999989 ], [ -1.0305854, 47.9257231 ], [ -1.0304482, 47.9256818 ], [ -1.0299419, 47.925883 ], [ -1.028915, 47.9261129 ], [ -1.027808, 47.9261194 ], [ -1.0251357, 47.9257623 ], [ -1.0228205, 47.9253235 ], [ -1.0228476, 47.9245855 ], [ -1.0216151, 47.9239077 ], [ -1.0205911, 47.9238049 ], [ -1.0204243, 47.9230906 ], [ -1.0184059, 47.9230804 ], [ -1.0184556, 47.9224281 ], [ -1.0183314, 47.9219386 ], [ -1.018135, 47.9216119 ], [ -1.0176735, 47.9213772 ], [ -1.017602, 47.9212643 ], [ -1.0139356, 47.9200624 ], [ -1.0129333, 47.9199786 ], [ -1.0121251, 47.9190069 ], [ -1.0116906, 47.9191993 ], [ -1.0114176, 47.9191176 ], [ -1.0110459, 47.9188636 ], [ -1.0103487, 47.9187207 ], [ -1.0105169, 47.9182499 ], [ -1.0093179, 47.9176926 ], [ -1.0083017, 47.9174966 ], [ -1.0058176, 47.9173877 ], [ -1.0022142, 47.9175809 ], [ -1.0007156, 47.9171733 ], [ -0.9989737, 47.9182131 ], [ -0.9975771, 47.9180201 ], [ -0.9970271, 47.9195455 ], [ -0.9971268, 47.9204414 ], [ -0.9958068, 47.921674 ], [ -0.9954688, 47.9218143 ], [ -0.9937132, 47.9221255 ], [ -0.9923272, 47.9222871 ], [ -0.989665, 47.9224326 ], [ -0.9883479, 47.9223359 ], [ -0.9886323, 47.9235148 ], [ -0.9883144, 47.9239401 ], [ -0.9866023, 47.9234756 ], [ -0.9863372, 47.9236405 ], [ -0.9862786, 47.9241795 ], [ -0.9870507, 47.9250706 ], [ -0.9871255, 47.9257448 ], [ -0.9873197, 47.9259013 ], [ -0.9862236, 47.9268018 ], [ -0.9857883, 47.9266472 ], [ -0.9840097, 47.9267778 ], [ -0.9830508, 47.9264175 ], [ -0.9812372, 47.9259762 ], [ -0.9777746, 47.9249258 ], [ -0.9766158, 47.9227574 ], [ -0.9746766, 47.921639 ], [ -0.9730303, 47.9209216 ], [ -0.9726094, 47.9205826 ], [ -0.9718555, 47.9202891 ], [ -0.9713117, 47.920169699999988 ], [ -0.9691038, 47.9201867 ], [ -0.9666664, 47.9196987 ], [ -0.9646656, 47.9195086 ], [ -0.9649067, 47.9188607 ], [ -0.9647497, 47.9176035 ], [ -0.9649392, 47.916624 ], [ -0.9655443, 47.9152158 ], [ -0.9660799, 47.9146697 ], [ -0.9664533, 47.9137848 ], [ -0.9664631, 47.9135565 ], [ -0.9650357, 47.9135218 ], [ -0.9625734, 47.9128751 ], [ -0.9620603, 47.9124653 ], [ -0.9606257, 47.9120109 ], [ -0.9596395, 47.9114225 ], [ -0.9590948, 47.9113255 ], [ -0.9588462, 47.9113708 ], [ -0.9586429, 47.9115381 ], [ -0.9579287, 47.9114144 ], [ -0.9576786, 47.9115652 ], [ -0.9571907, 47.9115105 ], [ -0.9569415, 47.911099 ], [ -0.9566084, 47.9109093 ], [ -0.9560341, 47.9109376 ], [ -0.955571, 47.9106766 ], [ -0.9540232, 47.9108946 ], [ -0.9529448, 47.9109201 ], [ -0.9526156, 47.910459 ], [ -0.9523524, 47.9103084 ], [ -0.9518047, 47.9100989 ], [ -0.9507797, 47.9098865 ], [ -0.9496103, 47.9101835 ], [ -0.9490495, 47.9104448 ], [ -0.9485597, 47.9104919 ], [ -0.9480656, 47.910714 ], [ -0.9469504, 47.910838 ], [ -0.9462411, 47.9110682 ], [ -0.9456364, 47.9111021 ], [ -0.9439002, 47.9109135 ], [ -0.9438991, 47.910773 ], [ -0.9441444, 47.9107197 ], [ -0.9441232, 47.9104168 ], [ -0.9434718, 47.9103972 ], [ -0.9410214, 47.9093279 ], [ -0.9417183, 47.9093271 ], [ -0.9421993, 47.909145099999989 ], [ -0.9425566, 47.9089033 ], [ -0.9427244, 47.9086364 ], [ -0.9428343, 47.9077893 ], [ -0.9438855, 47.9076161 ], [ -0.9435839, 47.9067314 ], [ -0.9435253, 47.9060873 ], [ -0.9430387, 47.905563 ], [ -0.9428047, 47.9049392 ], [ -0.9425101, 47.9025072 ], [ -0.941892, 47.9024486 ], [ -0.941192, 47.9019558 ], [ -0.9406682, 47.9014526 ], [ -0.9399161, 47.9018987 ], [ -0.9392966, 47.9015149 ], [ -0.9397262, 47.9012184 ], [ -0.9389956, 47.9000769 ], [ -0.9381476, 47.9000441 ], [ -0.9373096, 47.8997668 ], [ -0.9370597, 47.8997941 ], [ -0.936472, 47.8988794 ], [ -0.9364038, 47.8985203 ], [ -0.9358262, 47.8984478 ], [ -0.9357578, 47.8983194 ], [ -0.9360076, 47.8974424 ], [ -0.9366663, 47.8973626 ], [ -0.9367637, 47.8971044 ], [ -0.9366953, 47.8969589 ], [ -0.9353307, 47.8962108 ], [ -0.9351446, 47.8955809 ], [ -0.9349764, 47.895409 ], [ -0.9343573, 47.8954433 ], [ -0.9340275, 47.8956039 ], [ -0.9337186, 47.8955215 ], [ -0.9336453, 47.8949851 ], [ -0.9340789, 47.8939289 ], [ -0.9324019, 47.8937004 ], [ -0.9318361, 47.8930624 ], [ -0.9307914, 47.8925244 ], [ -0.9304835, 47.8927266 ], [ -0.9300851, 47.8927382 ], [ -0.9299381, 47.8926169 ], [ -0.9299723, 47.8924284 ], [ -0.9302532, 47.8922955 ], [ -0.9302737, 47.8921741 ], [ -0.9299643, 47.8918312 ], [ -0.928573, 47.8916237 ], [ -0.9262305, 47.8916886 ], [ -0.925863, 47.8916108 ], [ -0.9259169, 47.8914342 ], [ -0.9271584, 47.8906123 ], [ -0.9275228, 47.8902144 ], [ -0.9279351, 47.8883092 ], [ -0.9276225, 47.8880142 ], [ -0.9259802, 47.8875808 ], [ -0.9238209, 47.8872584 ], [ -0.92226, 47.8875458 ], [ -0.922389, 47.8866089 ], [ -0.9203619, 47.8866604 ], [ -0.9199364, 47.8865944 ], [ -0.919455, 47.8862978 ], [ -0.9189659, 47.8861691 ], [ -0.9183515, 47.8855949 ], [ -0.9178409, 47.8854651 ], [ -0.9156614, 47.8851747 ], [ -0.9148079, 47.8849545 ], [ -0.9141211, 47.8851415 ], [ -0.9136661, 47.8853666 ], [ -0.9136328, 47.8857498 ], [ -0.9126354, 47.8869211 ], [ -0.9125137, 47.8875054 ], [ -0.9124074, 47.8875712 ], [ -0.9117519, 47.887639 ], [ -0.9116897, 47.8879952 ], [ -0.911253, 47.8879764 ], [ -0.9112203, 47.8886966 ], [ -0.9090186, 47.8885068 ], [ -0.9085691, 47.8887696 ], [ -0.9075123, 47.8897735 ], [ -0.9067616, 47.8907131 ], [ -0.9063949, 47.89081 ], [ -0.9058053, 47.890571 ], [ -0.9054402, 47.8905435 ], [ -0.9053267, 47.8901112 ], [ -0.9042551, 47.8900955 ], [ -0.9041834, 47.8895401 ], [ -0.9031744, 47.8894097 ], [ -0.9022323, 47.8908809 ], [ -0.901178, 47.8903727 ], [ -0.8998778, 47.8916395 ], [ -0.8994917, 47.8915623 ], [ -0.8991389, 47.8923408 ], [ -0.8989074, 47.892253 ], [ -0.8973621, 47.8951643 ], [ -0.8971785, 47.8951821 ], [ -0.8969544, 47.895013 ], [ -0.896724, 47.8945944 ], [ -0.8958738, 47.8942181 ], [ -0.8949879, 47.8961127 ], [ -0.8946347, 47.8971246 ], [ -0.8965087, 47.8978103 ], [ -0.8961728, 47.8983819 ], [ -0.8961603, 47.8986319 ], [ -0.8971757, 47.8990469 ], [ -0.8959321, 47.9004506 ], [ -0.895379, 47.9016593 ], [ -0.8952915, 47.9020731 ], [ -0.8941048, 47.9032127 ], [ -0.8936288, 47.9035006 ], [ -0.8921604, 47.9025915 ], [ -0.8915683, 47.9032518 ], [ -0.8906649, 47.9045828 ], [ -0.8895175, 47.9041956 ], [ -0.8878749, 47.903431 ], [ -0.8855497, 47.9025132 ], [ -0.8833984, 47.9007481 ], [ -0.8823259, 47.9001366 ], [ -0.881581, 47.8993494 ], [ -0.8812248, 47.8991332 ], [ -0.8777292, 47.8977432 ], [ -0.8761427, 47.8974298 ], [ -0.8757896, 47.8977505 ], [ -0.8754603, 47.897828 ], [ -0.8744993, 47.8976228 ], [ -0.8734146, 47.897209 ], [ -0.8732161, 47.896802 ], [ -0.8730195, 47.8968986 ], [ -0.8719238, 47.8986837 ], [ -0.8711558, 47.9003705 ], [ -0.8709519, 47.9004773 ], [ -0.8705801, 47.9005049 ], [ -0.8702844, 47.9009525 ], [ -0.8674382, 47.9014654 ], [ -0.8665679, 47.9009967 ], [ -0.8653642, 47.902369899999989 ], [ -0.8646323, 47.9040402 ], [ -0.8638006, 47.9038802 ], [ -0.8635992, 47.9042427 ], [ -0.8623467, 47.9041208 ], [ -0.8617874, 47.9039482 ], [ -0.8615003, 47.9039622 ], [ -0.8613914, 47.9041406 ], [ -0.8607092, 47.9040279 ], [ -0.8604035, 47.9037865 ], [ -0.8588892, 47.9035282 ], [ -0.8585973, 47.903991 ], [ -0.8574172, 47.9039794 ], [ -0.8565177, 47.9037161 ], [ -0.8560798, 47.9050847 ], [ -0.854589, 47.9050941 ], [ -0.8542834, 47.9049644 ], [ -0.8542529, 47.9047654 ], [ -0.8530539, 47.9044561 ], [ -0.8527099, 47.9042034 ], [ -0.8514398, 47.9036531 ], [ -0.850318, 47.9030223 ], [ -0.8485016, 47.9023664 ], [ -0.84747, 47.901519 ] ] ] ] } },
{ "type": "Feature", "properties": { "code_departement": 53.0, "code_rne": "0530031W", "multisecteur": 0.0 }, "geometry": { "type": "MultiPolygon", "coordinates": [ [ [ [ -0.3911171, 47.8891722 ], [ -0.3912031, 47.8895535 ], [ -0.3911119, 47.8897624 ], [ -0.3909097, 47.8898664 ], [ -0.3903941, 47.8898885 ], [ -0.390247, 47.890018 ], [ -0.3905133, 47.8903913 ], [ -0.3906597, 47.8909438 ], [ -0.3913992, 47.8912602 ], [ -0.3915663, 47.8915491 ], [ -0.3917378, 47.8922845 ], [ -0.3921832, 47.8927347 ], [ -0.3928695, 47.8930166 ], [ -0.393644, 47.8930636 ], [ -0.3944599, 47.893757 ], [ -0.3946387, 47.8937897 ], [ -0.3952439, 47.8937019 ], [ -0.396052, 47.8938965 ], [ -0.3973298, 47.8936253 ], [ -0.3976844, 47.893661 ], [ -0.3986595, 47.8933274 ], [ -0.3997173, 47.8934264 ], [ -0.4000278, 47.8932769 ], [ -0.4003818, 47.8929063 ], [ -0.4008649, 47.8927951 ], [ -0.4015345, 47.8929405 ], [ -0.4026354, 47.892709499999988 ], [ -0.4035095, 47.8927013 ], [ -0.4040978, 47.8928517 ], [ -0.4044135, 47.8928038 ], [ -0.4048305, 47.8929782 ], [ -0.4055302, 47.8931119 ], [ -0.406042, 47.8933439 ], [ -0.4080644, 47.8938851 ], [ -0.4090688, 47.894382 ], [ -0.4099989, 47.8946198 ], [ -0.4109276, 47.895127 ], [ -0.4109866, 47.8953586 ], [ -0.4118788, 47.8959227 ], [ -0.4125507, 47.8959978 ], [ -0.4134334, 47.8962468 ], [ -0.414197, 47.8966029 ], [ -0.4147347, 47.895674799999988 ], [ -0.4148311, 47.8944045 ], [ -0.4155682, 47.8945362 ], [ -0.4166858, 47.8944604 ], [ -0.4169335, 47.895354 ], [ -0.417351, 47.895659 ], [ -0.4175694, 47.8960138 ], [ -0.4173884, 47.897655 ], [ -0.4177356, 47.8976791 ], [ -0.4188715, 47.8981153 ], [ -0.4202648, 47.8989287 ], [ -0.420645, 47.8992365 ], [ -0.4217076, 47.8983912 ], [ -0.4226798, 47.8977836 ], [ -0.4230412, 47.897010099999989 ], [ -0.4233086, 47.8970032 ], [ -0.424606, 47.897513 ], [ -0.4263878, 47.8983258 ], [ -0.4268588, 47.898359799999987 ], [ -0.4275723, 47.8979372 ], [ -0.4290141, 47.8973636 ], [ -0.4293619, 47.8976255 ], [ -0.4300306, 47.8976095 ], [ -0.4314263, 47.8974417 ], [ -0.431934, 47.8971107 ], [ -0.4327895, 47.8971244 ], [ -0.4330961, 47.896501 ], [ -0.4322943, 47.8961164 ], [ -0.4325041, 47.8950311 ], [ -0.433094, 47.8947922 ], [ -0.4334952, 47.8947823 ], [ -0.434314, 47.8950781 ], [ -0.4351497, 47.8955311 ], [ -0.4360338, 47.8955314 ], [ -0.4370802, 47.8957628 ], [ -0.4373383, 47.8956733 ], [ -0.4374767, 47.8955152 ], [ -0.4377259, 47.8957845 ], [ -0.4381351, 47.8955887 ], [ -0.4397458, 47.8958045 ], [ -0.4407793, 47.8954247 ], [ -0.4409268, 47.8955916 ], [ -0.4409597, 47.895996 ], [ -0.4413633, 47.8965183 ], [ -0.4441078, 47.8964954 ], [ -0.4443209, 47.8958163 ], [ -0.4469775, 47.8963382 ], [ -0.4493242, 47.8955315 ], [ -0.4493852, 47.8954396 ], [ -0.4489495, 47.894775 ], [ -0.4491857, 47.8941843 ], [ -0.4491619, 47.8937355 ], [ -0.4489239, 47.8930209 ], [ -0.4490502, 47.892883 ], [ -0.4493816, 47.89283 ], [ -0.450196, 47.8930358 ], [ -0.4514296, 47.8935913 ], [ -0.4523124, 47.8938401 ], [ -0.4531847, 47.8939271 ], [ -0.4535651, 47.8934952 ], [ -0.4536704, 47.8929525 ], [ -0.4533953, 47.8923894 ], [ -0.4538746, 47.8915628 ], [ -0.4547214, 47.8904352 ], [ -0.4567028, 47.890875 ], [ -0.4584649, 47.8914627 ], [ -0.4595058, 47.8916509 ], [ -0.4605495, 47.8921678 ], [ -0.4613609, 47.8918565 ], [ -0.4630806, 47.8920391 ], [ -0.4631135, 47.8927489 ], [ -0.4647134, 47.8931692 ], [ -0.4653491, 47.8945143 ], [ -0.46535, 47.8950611 ], [ -0.4655393, 47.8953762 ], [ -0.4666438, 47.8953868 ], [ -0.4672975, 47.8955729 ], [ -0.4677212, 47.8954964 ], [ -0.4700435, 47.8961259 ], [ -0.4714626, 47.8966659 ], [ -0.4715898, 47.896890899999988 ], [ -0.4743833, 47.8975127 ], [ -0.4755933, 47.8976012 ], [ -0.4758625, 47.8986021 ], [ -0.475716, 47.899127199999988 ], [ -0.4789803, 47.9005925 ], [ -0.4802576, 47.9010726 ], [ -0.4811399, 47.9012473 ], [ -0.4826842, 47.9013447 ], [ -0.4832284, 47.9015123 ], [ -0.4835279, 47.9019323 ], [ -0.483795, 47.9019189 ], [ -0.4847177, 47.9022609 ], [ -0.485167, 47.9022493 ], [ -0.4855552, 47.9024684 ], [ -0.4860708, 47.9025882 ], [ -0.486493, 47.9027955 ], [ -0.4874475, 47.9029059 ], [ -0.4886762, 47.9026639 ], [ -0.4898992, 47.9025204 ], [ -0.4906649, 47.9026535 ], [ -0.4913059, 47.9030299 ], [ -0.4917493, 47.9035175 ], [ -0.4927475, 47.9043535 ], [ -0.4928655, 47.9045987 ], [ -0.4929083, 47.9053514 ], [ -0.4936734, 47.906267299999989 ], [ -0.4947457, 47.9065795 ], [ -0.4953393, 47.9066015 ], [ -0.4955736, 47.9068224 ], [ -0.4961174, 47.9071044 ], [ -0.4978196, 47.9074798 ], [ -0.4984424, 47.9074765 ], [ -0.4990039, 47.9075796 ], [ -0.501304, 47.9083055 ], [ -0.5041804, 47.9096809 ], [ -0.5054551, 47.9099914 ], [ -0.5057216, 47.9103339 ], [ -0.507294, 47.9109734 ], [ -0.5077204, 47.9110597 ], [ -0.5081147, 47.911065 ], [ -0.5090873, 47.9108585 ], [ -0.5095917, 47.9110092 ], [ -0.5100396, 47.9107517 ], [ -0.5110708, 47.9104812 ], [ -0.5117087, 47.9104612 ], [ -0.5127632, 47.9102801 ], [ -0.5180958, 47.9104978 ], [ -0.5214655, 47.9102328 ], [ -0.5254828, 47.910114899999989 ], [ -0.5269439, 47.9105269 ], [ -0.5274108, 47.9105155 ], [ -0.527912, 47.9096915 ], [ -0.5300335, 47.9090935 ], [ -0.5309431, 47.9089896 ], [ -0.5309367, 47.9090753 ], [ -0.5314476, 47.9086987 ], [ -0.5330446, 47.9073282 ], [ -0.5357492, 47.9046063 ], [ -0.5356606, 47.904463 ], [ -0.5356774, 47.9039905 ], [ -0.536418, 47.904288 ], [ -0.537546, 47.9050098 ], [ -0.5379378, 47.9059421 ], [ -0.5382844, 47.906138 ], [ -0.540947, 47.9071261 ], [ -0.5427684, 47.907495399999988 ], [ -0.5440576, 47.9075997 ], [ -0.5444411, 47.9079251 ], [ -0.5466064, 47.9078065 ], [ -0.5478895, 47.9074777 ], [ -0.5499367, 47.9070761 ], [ -0.5513066, 47.9066239 ], [ -0.5518425, 47.9065833 ], [ -0.5523285, 47.9066776 ], [ -0.5548227, 47.9084489 ], [ -0.5552785, 47.9085918 ], [ -0.5557776, 47.9086425 ], [ -0.5567554, 47.9085966 ], [ -0.5577916, 47.9088832 ], [ -0.5579848, 47.9090675 ], [ -0.5581313, 47.9096927 ], [ -0.5590427, 47.9104561 ], [ -0.5616605, 47.911028 ], [ -0.5621818, 47.9113275 ], [ -0.5639445, 47.9103407 ], [ -0.5659507, 47.9097068 ], [ -0.5669326, 47.9094841 ], [ -0.5703894, 47.9082854 ], [ -0.5707238, 47.908277 ], [ -0.5721786, 47.908948 ], [ -0.5727277, 47.9094421 ], [ -0.5729952, 47.9094349 ], [ -0.5759644, 47.9082201 ], [ -0.5742528, 47.9068804 ], [ -0.5753136, 47.9049058 ], [ -0.575982, 47.9041278 ], [ -0.5767824, 47.9040764 ], [ -0.5782104, 47.904490499999987 ], [ -0.5785766, 47.9045162 ], [ -0.5808017, 47.900879 ], [ -0.5808834, 47.9005405 ], [ -0.5867832, 47.9009919 ], [ -0.588603, 47.9012164 ], [ -0.5895409, 47.9012373 ], [ -0.5901891, 47.9010165 ], [ -0.5909063, 47.9005288 ], [ -0.5914115, 47.8999755 ], [ -0.5920664, 47.8997348 ], [ -0.592455, 47.8994994 ], [ -0.5934766, 47.8986195 ], [ -0.5944001, 47.8981516 ], [ -0.5944365, 47.8975225 ], [ -0.5934754, 47.896188 ], [ -0.5933183, 47.8957874 ], [ -0.5935668, 47.8954213 ], [ -0.5943349, 47.8948166 ], [ -0.5966965, 47.8939848 ], [ -0.596619, 47.8938683 ], [ -0.5966915, 47.8937534 ], [ -0.5971459, 47.8936981 ], [ -0.5979268, 47.8937363 ], [ -0.5991168, 47.8936052 ], [ -0.600412, 47.8929519 ], [ -0.6005494, 47.8922315 ], [ -0.6003953, 47.8918759 ], [ -0.5998629, 47.891867 ], [ -0.5993716, 47.8914965 ], [ -0.599356, 47.8912267 ], [ -0.5997708, 47.8902716 ], [ -0.599843, 47.889145 ], [ -0.601916, 47.8891373 ], [ -0.6026822, 47.8892173 ], [ -0.6029189, 47.8891128 ], [ -0.6034214, 47.8891163 ], [ -0.6039971, 47.8888959 ], [ -0.6057237, 47.8888762 ], [ -0.6064965, 47.8883821 ], [ -0.6072999, 47.8882403 ], [ -0.6076597, 47.8880364 ], [ -0.607693, 47.8874624 ], [ -0.6085371, 47.8871121 ], [ -0.6117118, 47.8845387 ], [ -0.6131287, 47.8837302 ], [ -0.6135189, 47.8830479 ], [ -0.6138524, 47.8829494 ], [ -0.6141894, 47.8826471 ], [ -0.6145486, 47.8818837 ], [ -0.6148357, 47.8815965 ], [ -0.6157353, 47.8812174 ], [ -0.6163993, 47.8808195 ], [ -0.6173771, 47.880901 ], [ -0.6191729, 47.8804078 ], [ -0.6196637, 47.879671 ], [ -0.620041, 47.8795675 ], [ -0.6210764, 47.8788634 ], [ -0.6214433, 47.8789998 ], [ -0.621883, 47.8788691 ], [ -0.6234918, 47.8778942 ], [ -0.6238395, 47.8775339 ], [ -0.6243652, 47.8765447 ], [ -0.6257225, 47.8759676 ], [ -0.6266317, 47.8751628 ], [ -0.6267983, 47.8743874 ], [ -0.6254791, 47.8724624 ], [ -0.6262371, 47.8716218 ], [ -0.6262171, 47.8713089 ], [ -0.6263615, 47.8710512 ], [ -0.6269949, 47.8706398 ], [ -0.627257, 47.870165 ], [ -0.6270977, 47.8699501 ], [ -0.6265188, 47.869531 ], [ -0.6258093, 47.8692583 ], [ -0.6253287, 47.8691624 ], [ -0.6235245, 47.8676226 ], [ -0.623843, 47.8673452 ], [ -0.6242981, 47.8671086 ], [ -0.6254997, 47.8670778 ], [ -0.6261723, 47.8667705 ], [ -0.627308, 47.8657569 ], [ -0.6276761, 47.8650698 ], [ -0.6279808, 47.8647469 ], [ -0.6283365, 47.8647016 ], [ -0.6285589, 47.8643902 ], [ -0.6300324, 47.8632275 ], [ -0.6292153, 47.8627699 ], [ -0.6278964, 47.8614548 ], [ -0.6267531, 47.8608469 ], [ -0.6263065, 47.8604048 ], [ -0.627919, 47.8590423 ], [ -0.6284762, 47.8583799 ], [ -0.6288084, 47.8577958 ], [ -0.6300068, 47.8567226 ], [ -0.6291809, 47.8564094 ], [ -0.6282834, 47.8558921 ], [ -0.6250843, 47.8536784 ], [ -0.6249921, 47.8532307 ], [ -0.6252883, 47.8525486 ], [ -0.6253231, 47.8521574 ], [ -0.6255602, 47.8520419 ], [ -0.6282268, 47.8523198 ], [ -0.6283011, 47.8521734 ], [ -0.6301118, 47.8526182 ], [ -0.6303582, 47.8517196 ], [ -0.6294523, 47.8514882 ], [ -0.6295238, 47.850831 ], [ -0.6284549, 47.8505848 ], [ -0.62823, 47.8504268 ], [ -0.6260158, 47.8505008 ], [ -0.62608, 47.8497158 ], [ -0.6271523, 47.8495611 ], [ -0.6291488, 47.8494371 ], [ -0.6268624, 47.8465708 ], [ -0.6266374, 47.8455498 ], [ -0.6251075, 47.8448998 ], [ -0.62456, 47.8433094 ], [ -0.6253111, 47.8431763 ], [ -0.6250082, 47.8426018 ], [ -0.6244828, 47.8419234 ], [ -0.6239077, 47.8412997 ], [ -0.6233228, 47.8410052 ], [ -0.6237908, 47.8406655 ], [ -0.6229859, 47.840284 ], [ -0.6240545, 47.8388816 ], [ -0.620525, 47.8379095 ], [ -0.6193115, 47.8377155 ], [ -0.619105, 47.8376308 ], [ -0.6189387, 47.8374296 ], [ -0.6189318, 47.8369154 ], [ -0.6193835, 47.8361798 ], [ -0.6196605, 47.8348252 ], [ -0.6199277, 47.8343089 ], [ -0.6201631, 47.8322645 ], [ -0.6205166, 47.8318176 ], [ -0.6206453, 47.8302297 ], [ -0.6211579, 47.8287597 ], [ -0.621272, 47.8279012 ], [ -0.6210116, 47.8266335 ], [ -0.620715, 47.8261481 ], [ -0.6202931, 47.8258863 ], [ -0.6205654, 47.8254049 ], [ -0.621557, 47.8247607 ], [ -0.6212311, 47.8242779 ], [ -0.6209383, 47.8243402 ], [ -0.620226, 47.8241946 ], [ -0.6188213, 47.824056 ], [ -0.6177712, 47.824156 ], [ -0.6175871, 47.8238103 ], [ -0.6163796, 47.8235034 ], [ -0.6149487, 47.8233142 ], [ -0.6138116, 47.823434 ], [ -0.6101013, 47.8223807 ], [ -0.6091908, 47.8226448 ], [ -0.6082274, 47.8227006 ], [ -0.6071607, 47.8225551 ], [ -0.6064083, 47.8225467 ], [ -0.605722, 47.8226057 ], [ -0.6043908, 47.8230178 ], [ -0.6022385, 47.8234156 ], [ -0.6020177, 47.8230205 ], [ -0.6008792, 47.823197 ], [ -0.6008865, 47.8234427 ], [ -0.5984616, 47.8234307 ], [ -0.5985461, 47.8237507 ], [ -0.5991609, 47.824848 ], [ -0.5993528, 47.8261404 ], [ -0.5973105, 47.8252202 ], [ -0.5964243, 47.8251528 ], [ -0.5956089, 47.8236003 ], [ -0.5952695, 47.8236071 ], [ -0.5945459, 47.8238059 ], [ -0.5937614, 47.8238173 ], [ -0.5937358, 47.8236578 ], [ -0.5924826, 47.8238196 ], [ -0.5911462, 47.824236299999988 ], [ -0.5907545, 47.8241807 ], [ -0.5907328, 47.823721 ], [ -0.5912199, 47.8233277 ], [ -0.5902148, 47.8225296 ], [ -0.5908971, 47.8220348 ], [ -0.5898716, 47.8214482 ], [ -0.589552, 47.8216886 ], [ -0.5890655, 47.8213783 ], [ -0.5891818, 47.8210603 ], [ -0.5868052, 47.820354699999989 ], [ -0.5868143, 47.8196363 ], [ -0.5872874, 47.8179452 ], [ -0.5869751, 47.8173809 ], [ -0.5862226, 47.8165777 ], [ -0.5854803, 47.8170347 ], [ -0.5851557, 47.8170807 ], [ -0.5848049, 47.8172338 ], [ -0.5840098, 47.8172257 ], [ -0.5838273, 47.817297 ], [ -0.5835376, 47.8176023 ], [ -0.5827713, 47.8177437 ], [ -0.5818968, 47.8180453 ], [ -0.5817906, 47.8181575 ], [ -0.5821391, 47.8169171 ], [ -0.5811046, 47.8168307 ], [ -0.5803547, 47.8168779 ], [ -0.5806732, 47.817098 ], [ -0.5800969, 47.8174381 ], [ -0.5792849, 47.8172584 ], [ -0.5787507, 47.8172711 ], [ -0.5783997, 47.8169656 ], [ -0.5774136, 47.8172597 ], [ -0.5768282, 47.8175442 ], [ -0.5764771, 47.817873 ], [ -0.5780018, 47.8188634 ], [ -0.5789516, 47.8192614 ], [ -0.5781347, 47.8196261 ], [ -0.5757138, 47.8203657 ], [ -0.5746938, 47.8205149 ], [ -0.5734102, 47.8208811 ], [ -0.5720976, 47.8200013 ], [ -0.5702791, 47.8198333 ], [ -0.5689795, 47.8189656 ], [ -0.5666948, 47.8192055 ], [ -0.566242, 47.8193148 ], [ -0.5662807, 47.8173595 ], [ -0.5655287, 47.8173761 ], [ -0.5657613, 47.8164762 ], [ -0.5658372, 47.8155738 ], [ -0.5656708, 47.8129346 ], [ -0.5667358, 47.8117833 ], [ -0.5669598, 47.8112548 ], [ -0.5671624, 47.8112441 ], [ -0.5685568, 47.8104791 ], [ -0.5685227, 47.8103693 ], [ -0.5680636, 47.8101653 ], [ -0.5682472, 47.8100705 ], [ -0.5688634, 47.8093283 ], [ -0.5686058, 47.8089776 ], [ -0.5683527, 47.8081952 ], [ -0.5671202, 47.8069687 ], [ -0.5670168, 47.8067421 ], [ -0.5670011, 47.806548 ], [ -0.567905, 47.8043951 ], [ -0.5681088, 47.8036051 ], [ -0.5676724, 47.8022436 ], [ -0.5672011, 47.8015372 ], [ -0.5661648, 47.8006804 ], [ -0.5656056, 47.7996293 ], [ -0.5581954, 47.7997766 ], [ -0.557365, 47.7986623 ], [ -0.5589675, 47.7940684 ], [ -0.5619724, 47.7917264 ], [ -0.5684929, 47.7906858 ], [ -0.5738689, 47.7935476 ], [ -0.5755726, 47.7953987 ], [ -0.5757963, 47.7951229 ], [ -0.5757093, 47.7948495 ], [ -0.5754879, 47.79444 ], [ -0.5751131, 47.7940569 ], [ -0.575915, 47.793654 ], [ -0.5757564, 47.7933831 ], [ -0.5762737, 47.7930034 ], [ -0.5770547, 47.792848 ], [ -0.5775857, 47.7929176 ], [ -0.5823357, 47.7870627 ], [ -0.5828761, 47.7861307 ], [ -0.5811571, 47.7853403 ], [ -0.576993, 47.7844311 ], [ -0.5775146, 47.7815327 ], [ -0.5761928, 47.7810245 ], [ -0.5753548, 47.7766168 ], [ -0.578053, 47.7766595 ], [ -0.5825118, 47.7751034 ], [ -0.5840055, 47.7759828 ], [ -0.586505, 47.7760849 ], [ -0.591334, 47.7733958 ], [ -0.5946334, 47.7736656 ], [ -0.5978738, 47.7719758 ], [ -0.5988036, 47.770855 ], [ -0.5986863, 47.7708017 ], [ -0.5989819, 47.7706401 ], [ -0.6003224, 47.7690242 ], [ -0.6002987, 47.7689358 ], [ -0.5984249, 47.7686177 ], [ -0.5975348, 47.7683594 ], [ -0.5974676, 47.7686696 ], [ -0.5956621, 47.7679782 ], [ -0.595413, 47.7680093 ], [ -0.5946134, 47.7685762 ], [ -0.5941726, 47.7682636 ], [ -0.5955851, 47.767313 ], [ -0.5954467, 47.7670848 ], [ -0.5954156, 47.7661505 ], [ -0.595888, 47.7653693 ], [ -0.5954286, 47.7651563 ], [ -0.5951619, 47.7648672 ], [ -0.5951974, 47.7642661 ], [ -0.5924521, 47.7645945 ], [ -0.5918913, 47.764482 ], [ -0.5914083, 47.7642356 ], [ -0.5897334, 47.7641086 ], [ -0.5897911, 47.7636572 ], [ -0.5896737, 47.763422 ], [ -0.5894376, 47.7632509 ], [ -0.5890606, 47.7632075 ], [ -0.5884869, 47.7625277 ], [ -0.5868905, 47.7628713 ], [ -0.5859718, 47.7633562 ], [ -0.5856476, 47.7630274 ], [ -0.5854014, 47.7625061 ], [ -0.5851178, 47.7592893 ], [ -0.5840664, 47.7578241 ], [ -0.5826794, 47.7564331 ], [ -0.5825004, 47.7563548 ], [ -0.5809762, 47.756835699999989 ], [ -0.5799255, 47.7555164 ], [ -0.5790499, 47.7555892 ], [ -0.5789508, 47.754612 ], [ -0.5759481, 47.7534703 ], [ -0.574618, 47.7531803 ], [ -0.5729008, 47.753054399999989 ], [ -0.572925, 47.7534942 ], [ -0.5728154, 47.7537922 ], [ -0.5720991, 47.7543862 ], [ -0.5709665, 47.7550478 ], [ -0.5708088, 47.7561022 ], [ -0.570151, 47.7561358 ], [ -0.5699653, 47.7559964 ], [ -0.5673291, 47.7561543 ], [ -0.5672305, 47.7564375 ], [ -0.565522, 47.7562625 ], [ -0.5649733, 47.7571658 ], [ -0.563864, 47.7570816 ], [ -0.56319, 47.757631 ], [ -0.5609197, 47.7577875 ], [ -0.5603761, 47.757431 ], [ -0.5587446, 47.7567698 ], [ -0.5574817, 47.7564054 ], [ -0.5569432, 47.7563236 ], [ -0.5539052, 47.7550266 ], [ -0.5517588, 47.7535944 ], [ -0.5507816, 47.7539466 ], [ -0.550151, 47.7540874 ], [ -0.5470659, 47.7536413 ], [ -0.5467365, 47.7531702 ], [ -0.542768, 47.752418299999988 ], [ -0.5396379, 47.7521778 ], [ -0.5394661, 47.7520452 ], [ -0.5386054, 47.7517379 ], [ -0.5377684, 47.7516479 ], [ -0.536369, 47.7512947 ], [ -0.5356039, 47.7508592 ], [ -0.533939, 47.7507527 ], [ -0.5328589, 47.7508223 ], [ -0.5317979, 47.7518255 ], [ -0.5313463, 47.7519455 ], [ -0.5313858, 47.7523182 ], [ -0.5310814, 47.7526238 ], [ -0.5293563, 47.7538272 ], [ -0.5255856, 47.7568023 ], [ -0.5251716, 47.757249 ], [ -0.5242997, 47.7588312 ], [ -0.5235947, 47.7597056 ], [ -0.5195507, 47.7641157 ], [ -0.5176968, 47.7694833 ], [ -0.5179538, 47.7701774 ], [ -0.5178689, 47.7706106 ], [ -0.5189267, 47.7712879 ], [ -0.5187832, 47.7715228 ], [ -0.5187959, 47.7717558 ], [ -0.5188796, 47.7719298 ], [ -0.5193935, 47.7722225 ], [ -0.5195793, 47.773153 ], [ -0.5197629, 47.773261 ], [ -0.5198347, 47.773821 ], [ -0.5189725, 47.7742028 ], [ -0.5188487, 47.7744317 ], [ -0.5211797, 47.7745364 ], [ -0.5212731, 47.774776 ], [ -0.5212214, 47.7749433 ], [ -0.5211015, 47.7750307 ], [ -0.520623, 47.775049599999988 ], [ -0.5211806, 47.7753166 ], [ -0.5210756, 47.7760928 ], [ -0.5212695, 47.7763968 ], [ -0.5213103, 47.77671 ], [ -0.5204057, 47.7776832 ], [ -0.5207895, 47.7777879 ], [ -0.5216282, 47.7809465 ], [ -0.5227833, 47.7826659 ], [ -0.5222747, 47.783665 ], [ -0.5198378, 47.7865933 ], [ -0.5199084, 47.7866705 ], [ -0.5193047, 47.7875057 ], [ -0.5188424, 47.7873277 ], [ -0.5184345, 47.7870418 ], [ -0.5177961, 47.7861015 ], [ -0.516041, 47.7853758 ], [ -0.5143172, 47.7855258 ], [ -0.5131771, 47.7855086 ], [ -0.5115865, 47.7857329 ], [ -0.5111136, 47.7856976 ], [ -0.5107634, 47.7857594 ], [ -0.5105043, 47.7857023 ], [ -0.509787, 47.7862779 ], [ -0.5094277, 47.7863634 ], [ -0.5090726, 47.786329 ], [ -0.5080921, 47.785914299999988 ], [ -0.5064351, 47.7846666 ], [ -0.5036937, 47.7844072 ], [ -0.5018676, 47.7836951 ], [ -0.5004963, 47.7826812 ], [ -0.4980289, 47.7819919 ], [ -0.4972834, 47.7814493 ], [ -0.4955615, 47.7812827 ], [ -0.4945161, 47.7809751 ], [ -0.4941988, 47.781272 ], [ -0.4925794, 47.7803861 ], [ -0.4922462, 47.7784464 ], [ -0.489886, 47.7782862 ], [ -0.488373, 47.7780214 ], [ -0.4874911, 47.7780855 ], [ -0.484561, 47.7802025 ], [ -0.4842565, 47.7800629 ], [ -0.4829145, 47.7793479 ], [ -0.4798814, 47.776666 ], [ -0.4789261, 47.7759754 ], [ -0.4782734, 47.7749867 ], [ -0.4777693, 47.7746972 ], [ -0.4776106, 47.774191099999989 ], [ -0.4769568, 47.7742484 ], [ -0.4761881, 47.7737126 ], [ -0.4760844, 47.7734562 ], [ -0.4725968, 47.7707399 ], [ -0.4707985, 47.7695797 ], [ -0.4697265, 47.7690431 ], [ -0.469032, 47.7689258 ], [ -0.4678117, 47.7685124 ], [ -0.4664319, 47.7681938 ], [ -0.4661185, 47.7683058 ], [ -0.4657993, 47.7682882 ], [ -0.4657091, 47.768626 ], [ -0.4646102, 47.7689063 ], [ -0.4640096, 47.7680358 ], [ -0.4607433, 47.7653171 ], [ -0.4601034, 47.7649504 ], [ -0.4598269, 47.7642523 ], [ -0.4571024, 47.7604481 ], [ -0.4563511, 47.7591874 ], [ -0.4541889, 47.7571224 ], [ -0.4546148, 47.7564603 ], [ -0.4535545, 47.7563646 ], [ -0.453647, 47.7567393 ], [ -0.4535321, 47.7567391 ], [ -0.4529901, 47.7573425 ], [ -0.4523294, 47.7570854 ], [ -0.4503306, 47.7571029 ], [ -0.4500754, 47.7572068 ], [ -0.449079, 47.7583227 ], [ -0.4405163, 47.7646252 ], [ -0.4394591, 47.7637941 ], [ -0.4390558, 47.763714 ], [ -0.4388573, 47.763764 ], [ -0.4383887, 47.76373 ], [ -0.4380113, 47.7633889 ], [ -0.4353761, 47.7644608 ], [ -0.4334781, 47.7657345 ], [ -0.4324415, 47.7659676 ], [ -0.4321488, 47.7657591 ], [ -0.4315044, 47.7658987 ], [ -0.4307852, 47.7658946 ], [ -0.4306026, 47.7660666 ], [ -0.4310317, 47.7662558 ], [ -0.4309024, 47.7664064 ], [ -0.4310046, 47.7665818 ], [ -0.4306584, 47.7668073 ], [ -0.4307127, 47.7669453 ], [ -0.429614, 47.7675415 ], [ -0.4294901, 47.767692 ], [ -0.4288706, 47.7678254 ], [ -0.4248894, 47.7669663 ], [ -0.4241021, 47.7663813 ], [ -0.4238257, 47.7659695 ], [ -0.4231861, 47.7656639 ], [ -0.4190081, 47.7650239 ], [ -0.4131733, 47.7654672 ], [ -0.4114444, 47.765323 ], [ -0.4098898, 47.765334 ], [ -0.4102279, 47.765980899999988 ], [ -0.4101261, 47.7677703 ], [ -0.4107859, 47.7690367 ], [ -0.4116603, 47.7693148 ], [ -0.4119898, 47.769597 ], [ -0.4127552, 47.7722593 ], [ -0.4136986, 47.7737786 ], [ -0.4151061, 47.7765303 ], [ -0.4152171, 47.7768234 ], [ -0.4153287, 47.7780409 ], [ -0.4157504, 47.7796546 ], [ -0.4159521, 47.7800271 ], [ -0.4158421, 47.7809366 ], [ -0.4149923, 47.7804416 ], [ -0.4135275, 47.7799834 ], [ -0.4134922, 47.7798097 ], [ -0.4120545, 47.7793363 ], [ -0.4111491, 47.7791402 ], [ -0.410869, 47.779233 ], [ -0.4106967, 47.7792137 ], [ -0.4099159, 47.7789383 ], [ -0.408737, 47.7783735 ], [ -0.4080927, 47.7778292 ], [ -0.4072733, 47.777327 ], [ -0.4075649, 47.7763915 ], [ -0.4045418, 47.7759119 ], [ -0.4043114, 47.7754231 ], [ -0.4036189, 47.7752099 ], [ -0.4002525, 47.7736646 ], [ -0.399766, 47.7733075 ], [ -0.3980919, 47.7723715 ], [ -0.3975276, 47.7717185 ], [ -0.3972438, 47.771543 ], [ -0.3968018, 47.7710658 ], [ -0.3951361, 47.7704285 ], [ -0.3939924, 47.7702004 ], [ -0.3929637, 47.7695555 ], [ -0.3922302, 47.7696407 ], [ -0.3902818, 47.7701629 ], [ -0.3893211, 47.7702907 ], [ -0.3887892, 47.7702476 ], [ -0.3877503, 47.769966 ], [ -0.3874077, 47.7699777 ], [ -0.3869636, 47.7696977 ], [ -0.3866304, 47.7699218 ], [ -0.3852967, 47.768933399999987 ], [ -0.3849915, 47.7684837 ], [ -0.3844547, 47.7684055 ], [ -0.3836432, 47.7674119 ], [ -0.3836377, 47.7666742 ], [ -0.3834672, 47.7663675 ], [ -0.3824382, 47.7658405 ], [ -0.3818844, 47.7653673 ], [ -0.382014, 47.764296 ], [ -0.381431, 47.7637625 ], [ -0.3810596, 47.763175 ], [ -0.3823919, 47.7624843 ], [ -0.3824529, 47.7623717 ], [ -0.3823406, 47.7620561 ], [ -0.3824416, 47.7618369 ], [ -0.382313, 47.761242499999987 ], [ -0.3824518, 47.7610313 ], [ -0.3820947, 47.7605831 ], [ -0.381268, 47.7609871 ], [ -0.378889, 47.7623837 ], [ -0.3775361, 47.763593 ], [ -0.3764716, 47.7647777 ], [ -0.3759448, 47.7655307 ], [ -0.3755718, 47.7661387 ], [ -0.3753082, 47.7668697 ], [ -0.3752441, 47.7672067 ], [ -0.3753181, 47.7679099 ], [ -0.3758544, 47.7694547 ], [ -0.3763102, 47.7712892 ], [ -0.3766319, 47.7737888 ], [ -0.378166, 47.7771552 ], [ -0.3786211, 47.7784069 ], [ -0.3791464, 47.7804916 ], [ -0.3797849, 47.7822515 ], [ -0.3799446, 47.7823459 ], [ -0.3806606, 47.7833063 ], [ -0.3808596, 47.783851 ], [ -0.3810289, 47.7840335 ], [ -0.3812403, 47.7847517 ], [ -0.3813817, 47.7854196 ], [ -0.3813922, 47.7861526 ], [ -0.3812448, 47.7871766 ], [ -0.3806976, 47.7893355 ], [ -0.3806207, 47.7903125 ], [ -0.3814505, 47.793419 ], [ -0.3824892, 47.7957096 ], [ -0.3839609, 47.7984155 ], [ -0.3842459, 47.799427 ], [ -0.3849021, 47.8004305 ], [ -0.3851403, 47.8012101 ], [ -0.3859613, 47.8028493 ], [ -0.3864251, 47.803517 ], [ -0.3880065, 47.8051891 ], [ -0.3881847, 47.8055308 ], [ -0.3897479, 47.8052802 ], [ -0.390554, 47.8050461 ], [ -0.3907136, 47.8048442 ], [ -0.3910022, 47.8047556 ], [ -0.3912314, 47.8048274 ], [ -0.3917575, 47.8051932 ], [ -0.3921692, 47.8052957 ], [ -0.393103, 47.8053452 ], [ -0.3939241, 47.805262 ], [ -0.394849, 47.8053189 ], [ -0.3951579, 47.8054028 ], [ -0.3956433, 47.8057788 ], [ -0.3962768, 47.8056478 ], [ -0.396746, 47.805855799999989 ], [ -0.3981805, 47.805871 ], [ -0.400704, 47.805477 ], [ -0.4018986, 47.8050676 ], [ -0.4023315, 47.8050199 ], [ -0.402731, 47.8052236 ], [ -0.4030889, 47.8053005 ], [ -0.404345, 47.8051199 ], [ -0.4048493, 47.8049557 ], [ -0.4048904, 47.8046374 ], [ -0.4049862, 47.804568 ], [ -0.4082307, 47.8038043 ], [ -0.4089928, 47.8036776 ], [ -0.4097124, 47.803931399999989 ], [ -0.4100413, 47.803784 ], [ -0.4104256, 47.8038143 ], [ -0.41067, 47.8037468 ], [ -0.4110513, 47.8038123 ], [ -0.4119714, 47.803544 ], [ -0.4122633, 47.8032797 ], [ -0.412806, 47.8032765 ], [ -0.4134961, 47.8031113 ], [ -0.4138321, 47.8031808 ], [ -0.4146013, 47.802935 ], [ -0.4156627, 47.8028275 ], [ -0.4165533, 47.8025781 ], [ -0.4170211, 47.8025545 ], [ -0.4174958, 47.8027217 ], [ -0.4176701, 47.8029779 ], [ -0.4178785, 47.8031006 ], [ -0.4199321, 47.8038236 ], [ -0.4207481, 47.8043078 ], [ -0.4216813, 47.8046995 ], [ -0.4226557, 47.80488 ], [ -0.4233586, 47.8048937 ], [ -0.423611, 47.8050557 ], [ -0.4239011, 47.8049706 ], [ -0.4247376, 47.8051489 ], [ -0.4250784, 47.8052488 ], [ -0.4252465, 47.8054304 ], [ -0.4256705, 47.8056188 ], [ -0.4259615, 47.8058599 ], [ -0.4262912, 47.805934 ], [ -0.4266206, 47.8058577 ], [ -0.4275576, 47.805997 ], [ -0.4277983, 47.80608 ], [ -0.4278629, 47.8062105 ], [ -0.4283168, 47.8063432 ], [ -0.4288195, 47.8066321 ], [ -0.4290684, 47.8065734 ], [ -0.4293507, 47.8066796 ], [ -0.4309144, 47.807577 ], [ -0.4311114, 47.8079982 ], [ -0.4327565, 47.8082708 ], [ -0.4330451, 47.8084542 ], [ -0.4332409, 47.8088556 ], [ -0.4334543, 47.8090539 ], [ -0.4341239, 47.8092342 ], [ -0.4339029, 47.8099947 ], [ -0.4339637, 47.8105632 ], [ -0.4341413, 47.8109526 ], [ -0.4338227, 47.8110511 ], [ -0.4337006, 47.8112934 ], [ -0.4335203, 47.8120428 ], [ -0.4334587, 47.813677 ], [ -0.43324, 47.814287 ], [ -0.4344208, 47.8145127 ], [ -0.4349827, 47.8147016 ], [ -0.4361015, 47.8156652 ], [ -0.4364635, 47.816196 ], [ -0.4365483, 47.8165547 ], [ -0.4371017, 47.8169016 ], [ -0.437935, 47.8181221 ], [ -0.4383643, 47.8191761 ], [ -0.4382113, 47.819768 ], [ -0.4382721, 47.8209355 ], [ -0.4400809, 47.823503 ], [ -0.4397229, 47.823945 ], [ -0.4396311, 47.8243243 ], [ -0.4397523, 47.8259072 ], [ -0.4399067, 47.826226 ], [ -0.4406337, 47.8269389 ], [ -0.4412424, 47.8279309 ], [ -0.4431707, 47.8294453 ], [ -0.4440478, 47.8296241 ], [ -0.4451234, 47.8304077 ], [ -0.4461765, 47.8306993 ], [ -0.4470332, 47.8313047 ], [ -0.4480208, 47.8321954 ], [ -0.4480562, 47.83237 ], [ -0.4473901, 47.8328265 ], [ -0.4456441, 47.8336932 ], [ -0.4452197, 47.833976799999988 ], [ -0.4446308, 47.8342013 ], [ -0.4441942, 47.8345042 ], [ -0.4434949, 47.8352328 ], [ -0.4422724, 47.8362101 ], [ -0.4415421, 47.8373288 ], [ -0.4410786, 47.8378577 ], [ -0.4398803, 47.8381974 ], [ -0.4401825, 47.8386498 ], [ -0.4394941, 47.8388672 ], [ -0.4385491, 47.8389031 ], [ -0.4379818, 47.839130499999989 ], [ -0.4372882, 47.83964 ], [ -0.4368571, 47.839223 ], [ -0.4343014, 47.8402582 ], [ -0.432517, 47.8408059 ], [ -0.431828, 47.8414702 ], [ -0.4310401, 47.8416185 ], [ -0.4298286, 47.8420053 ], [ -0.4293221, 47.8428029 ], [ -0.4292132, 47.8436043 ], [ -0.4292531, 47.8437238 ], [ -0.4295138, 47.8438657 ], [ -0.4297135, 47.8443058 ], [ -0.4297939, 47.8450322 ], [ -0.4299746, 47.845344 ], [ -0.429938, 47.8455649 ], [ -0.4301836, 47.8461559 ], [ -0.4304736, 47.8465231 ], [ -0.4309111, 47.8467706 ], [ -0.4302825, 47.8474799 ], [ -0.429425, 47.8479203 ], [ -0.4285971, 47.8480742 ], [ -0.4268585, 47.8479882 ], [ -0.4265076, 47.8480462 ], [ -0.426387, 47.848147 ], [ -0.4270235, 47.8485337 ], [ -0.4275894, 47.849173 ], [ -0.4279419, 47.8499275 ], [ -0.4285032, 47.850621 ], [ -0.4279993, 47.8506105 ], [ -0.4272096, 47.8499237 ], [ -0.426768, 47.8499042 ], [ -0.4261707, 47.849628 ], [ -0.4255336, 47.8496682 ], [ -0.425202, 47.8494653 ], [ -0.4250451, 47.8497933 ], [ -0.4247769, 47.8498254 ], [ -0.4238615, 47.8493081 ], [ -0.4239026, 47.8491763 ], [ -0.4242595, 47.8490875 ], [ -0.4242927, 47.8487919 ], [ -0.4233852, 47.8485419 ], [ -0.4231562, 47.8486008 ], [ -0.4228815, 47.8488025 ], [ -0.4223107, 47.8487093 ], [ -0.4220353, 47.8487353 ], [ -0.4218994, 47.8486609 ], [ -0.4219092, 47.8484192 ], [ -0.421762, 47.8483361 ], [ -0.421261, 47.8485156 ], [ -0.4205822, 47.8479291 ], [ -0.4201375, 47.847943 ], [ -0.4192958, 47.8476955 ], [ -0.4190878, 47.8475403 ], [ -0.4191552, 47.8473816 ], [ -0.4190846, 47.8473044 ], [ -0.4184966, 47.8473369 ], [ -0.4179585, 47.8468994 ], [ -0.4172392, 47.8467015 ], [ -0.4168802, 47.8467588 ], [ -0.4158273, 47.8464913 ], [ -0.4153706, 47.8465073 ], [ -0.4147574, 47.8463774 ], [ -0.4133153, 47.8463852 ], [ -0.41299, 47.8464676 ], [ -0.4127459, 47.8467504 ], [ -0.4125566, 47.8467415 ], [ -0.4120989, 47.8465314 ], [ -0.411001, 47.8467534 ], [ -0.4111275, 47.8475975 ], [ -0.41087, 47.8482562 ], [ -0.4108504, 47.8489306 ], [ -0.4103552, 47.8498044 ], [ -0.4102356, 47.8498602 ], [ -0.4101663, 47.8501144 ], [ -0.4102177, 47.8511029 ], [ -0.4105246, 47.8518597 ], [ -0.4119136, 47.8528562 ], [ -0.4121327, 47.8532462 ], [ -0.4132783, 47.8535578 ], [ -0.4132153, 47.854056 ], [ -0.4128811, 47.854645 ], [ -0.4133005, 47.8556525 ], [ -0.413312, 47.8559359 ], [ -0.4131458, 47.8562227 ], [ -0.4125056, 47.8564675 ], [ -0.4124812, 47.8572753 ], [ -0.4121524, 47.8577191 ], [ -0.4064394, 47.8593013 ], [ -0.4053329, 47.8593082 ], [ -0.4040502, 47.858405 ], [ -0.4018393, 47.8572396 ], [ -0.400324, 47.856861 ], [ -0.3976176, 47.8564846 ], [ -0.3962189, 47.8574899 ], [ -0.3954091, 47.8577205 ], [ -0.3937917, 47.858675399999989 ], [ -0.3924335, 47.8593308 ], [ -0.3919807, 47.8594727 ], [ -0.391526, 47.8598552 ], [ -0.389635, 47.86049 ], [ -0.3891339, 47.8605874 ], [ -0.3875107, 47.8601136 ], [ -0.3864598, 47.8590828 ], [ -0.3861556, 47.8585727 ], [ -0.3852665, 47.858021 ], [ -0.3833907, 47.8576562 ], [ -0.3824349, 47.8572541 ], [ -0.3818361, 47.8567633 ], [ -0.3807813, 47.8564046 ], [ -0.3790087, 47.8556387 ], [ -0.3769278, 47.8546347 ], [ -0.3763184, 47.8546271 ], [ -0.375872, 47.8546796 ], [ -0.3756442, 47.8549492 ], [ -0.3760889, 47.8551444 ], [ -0.3768317, 47.8557545 ], [ -0.377549, 47.8564689 ], [ -0.3777031, 47.8567663 ], [ -0.3775517, 47.8569526 ], [ -0.3758822, 47.8571772 ], [ -0.3758514, 47.8574294 ], [ -0.3763901, 47.8577562 ], [ -0.3763702, 47.8580955 ], [ -0.375931, 47.8583244 ], [ -0.3755794, 47.8583732 ], [ -0.375178, 47.8583749 ], [ -0.3742872, 47.8581744 ], [ -0.3737805, 47.8584997 ], [ -0.3717478, 47.8586762 ], [ -0.3708492, 47.8588795 ], [ -0.370633, 47.8590163 ], [ -0.370608, 47.8593188 ], [ -0.3708403, 47.8600472 ], [ -0.3742629, 47.8607631 ], [ -0.3744354, 47.8609284 ], [ -0.3754817, 47.8611748 ], [ -0.3757025, 47.8613 ], [ -0.3761956, 47.8623398 ], [ -0.3768973, 47.8631231 ], [ -0.3765708, 47.8639657 ], [ -0.3766478, 47.8643977 ], [ -0.3769189, 47.8646205 ], [ -0.3782187, 47.8651028 ], [ -0.3801629, 47.8655522 ], [ -0.3804289, 47.8657346 ], [ -0.380084, 47.8661841 ], [ -0.380075, 47.8663582 ], [ -0.380222, 47.8666693 ], [ -0.3802209, 47.8673467 ], [ -0.3804628, 47.8678658 ], [ -0.379116, 47.8690009 ], [ -0.3786696, 47.8690138 ], [ -0.3784322, 47.8689422 ], [ -0.3781212, 47.8686629 ], [ -0.3773461, 47.8683276 ], [ -0.3769687, 47.8685394 ], [ -0.3762154, 47.8686088 ], [ -0.3756805, 47.868555699999987 ], [ -0.3748297, 47.8687135 ], [ -0.3740476, 47.868667599999988 ], [ -0.3734688, 47.8689761 ], [ -0.3730889, 47.8690861 ], [ -0.3723866, 47.8689478 ], [ -0.371014, 47.8688566 ], [ -0.370478, 47.8690819 ], [ -0.3700331, 47.8695181 ], [ -0.3691358, 47.8701663 ], [ -0.3691257, 47.8705765 ], [ -0.3692485, 47.8708882 ], [ -0.3696857, 47.8713423 ], [ -0.3716695, 47.8720122 ], [ -0.3720902, 47.8722487 ], [ -0.3720158, 47.8726157 ], [ -0.3706663, 47.8737138 ], [ -0.3719829, 47.8744164 ], [ -0.3711535, 47.8749555 ], [ -0.3695777, 47.8785437 ], [ -0.3709899, 47.8796327 ], [ -0.3717409, 47.8816532 ], [ -0.3718818, 47.8817843 ], [ -0.3732451, 47.8822928 ], [ -0.3739341, 47.8826819 ], [ -0.3740866, 47.8830387 ], [ -0.3740502, 47.8836244 ], [ -0.373806, 47.88408 ], [ -0.3731505, 47.8843646 ], [ -0.3731621, 47.8845895 ], [ -0.3762745, 47.8865718 ], [ -0.3775881, 47.8883797 ], [ -0.377924, 47.8884592 ], [ -0.3792872, 47.8891514 ], [ -0.3816387, 47.8897773 ], [ -0.3823172, 47.8892226 ], [ -0.3848812, 47.8885181 ], [ -0.3864068, 47.8882894 ], [ -0.3868866, 47.8882747 ], [ -0.3876873, 47.8885443 ], [ -0.3887875, 47.888681 ], [ -0.3892868, 47.888908 ], [ -0.3895326, 47.8894018 ], [ -0.3911171, 47.8891722 ] ], [ [ -0.5453154, 47.8118688 ], [ -0.5454316, 47.8120365 ], [ -0.5448617, 47.8124029 ], [ -0.5446067, 47.8124006 ], [ -0.5444055, 47.812358 ], [ -0.5443033, 47.812161 ], [ -0.5440064, 47.8120393 ], [ -0.5441929, 47.8118868 ], [ -0.5438854, 47.8118599 ], [ -0.5445624, 47.8115493 ], [ -0.5451978, 47.8116451 ], [ -0.54531, 47.81186 ], [ -0.5444779, 47.8118797 ], [ -0.5441792, 47.8119945 ], [ -0.5453154, 47.8118688 ] ] ], [ [ [ -0.5892028, 47.7800363 ], [ -0.5888206, 47.7798345 ], [ -0.5882903, 47.7798712 ], [ -0.5882456, 47.7797535 ], [ -0.5874976, 47.7794992 ], [ -0.5873072, 47.7800656 ], [ -0.5878759, 47.7801343 ], [ -0.5883113, 47.780358899999989 ], [ -0.588567, 47.7803363 ], [ -0.5891361, 47.780143699999989 ], [ -0.5892028, 47.7800363 ] ] ], [ [ [ -0.5904484, 47.7812682 ], [ -0.5895846, 47.7804779 ], [ -0.5892447, 47.7804064 ], [ -0.5888172, 47.7804827 ], [ -0.5887762, 47.7814536 ], [ -0.5904484, 47.7812682 ] ] ] ] } },
{ "type": "Feature", "properties": { "code_departement": 53.0, "code_rne": "0530041G", "multisecteur": 0.0 }, "geometry": { "type": "MultiPolygon", "coordinates": [ [ [ [ -0.7685706, 48.0741872 ], [ -0.7682001, 48.0739051 ], [ -0.7678001, 48.0737718 ], [ -0.7674245, 48.073917 ], [ -0.7672888, 48.0738929 ], [ -0.7677144, 48.0737392 ], [ -0.7674886, 48.0736403 ], [ -0.7672019, 48.0736454 ], [ -0.7668484, 48.0738811 ], [ -0.7672571, 48.0743547 ], [ -0.7675028, 48.0742407 ], [ -0.7672149, 48.0741499 ], [ -0.7673666, 48.0741243 ], [ -0.767682, 48.0742293 ], [ -0.7674211, 48.0743598 ], [ -0.7681871, 48.0746102 ], [ -0.7685934, 48.0744168 ], [ -0.7685706, 48.0741872 ] ] ], [ [ [ -0.7676613, 48.0749988 ], [ -0.7680838, 48.0746718 ], [ -0.7672346, 48.0744263 ], [ -0.7670187, 48.0746435 ], [ -0.767033, 48.0749487 ], [ -0.767262, 48.0751265 ], [ -0.7672105, 48.0752465 ], [ -0.7672869, 48.0751265 ], [ -0.7676613, 48.0749988 ] ] ], [ [ [ -0.8601491, 48.1113515 ], [ -0.8614085, 48.1118517 ], [ -0.8623519, 48.112428 ], [ -0.8633767, 48.112625 ], [ -0.8634879, 48.1127484 ], [ -0.863793, 48.1128546 ], [ -0.8639061, 48.113259899999989 ], [ -0.8640712, 48.1133842 ], [ -0.8649337, 48.1135514 ], [ -0.86516, 48.1147323 ], [ -0.8654696, 48.1152123 ], [ -0.8657469, 48.1161888 ], [ -0.8673501, 48.1170092 ], [ -0.8675811, 48.1171692 ], [ -0.8677464, 48.117516 ], [ -0.8674374, 48.1185694 ], [ -0.8671584, 48.118838 ], [ -0.867145, 48.1192439 ], [ -0.8674243, 48.1192915 ], [ -0.8670402, 48.1201095 ], [ -0.8670548, 48.1207865 ], [ -0.8676359, 48.121226 ], [ -0.8693108, 48.1220485 ], [ -0.8690958, 48.1228052 ], [ -0.8772658, 48.125568199999989 ], [ -0.8786589, 48.1261963 ], [ -0.8788394, 48.1260345 ], [ -0.8789476, 48.1260417 ], [ -0.8833669, 48.1271052 ], [ -0.8833015, 48.1272038 ], [ -0.8857031, 48.1278183 ], [ -0.8895613, 48.1290983 ], [ -0.8906028, 48.1292793 ], [ -0.891364, 48.1292181 ], [ -0.8914954, 48.1290471 ], [ -0.8920142, 48.1291291 ], [ -0.8921581, 48.1292369 ], [ -0.892659, 48.1290402 ], [ -0.8931949, 48.1284972 ], [ -0.8947169, 48.1262883 ], [ -0.8956909, 48.1250615 ], [ -0.8961769, 48.1246634 ], [ -0.8968778, 48.1242781 ], [ -0.8986869, 48.1226074 ], [ -0.8988236, 48.1225641 ], [ -0.9001955, 48.1229385 ], [ -0.9006021, 48.1231422 ], [ -0.9015548, 48.1223764 ], [ -0.9020159, 48.1221341 ], [ -0.9026294, 48.1219687 ], [ -0.9036111, 48.1219245 ], [ -0.9043821, 48.1220692 ], [ -0.9060153, 48.1222295 ], [ -0.9099188, 48.1218821 ], [ -0.91236, 48.1179441 ], [ -0.9129516, 48.1175028 ], [ -0.9128725, 48.1173784 ], [ -0.9130215, 48.1171203 ], [ -0.9129933, 48.116884299999988 ], [ -0.9138973, 48.1163191 ], [ -0.9138731, 48.1162289 ], [ -0.9140679, 48.1161701 ], [ -0.9142546, 48.1159306 ], [ -0.9142032, 48.1157089 ], [ -0.9147775, 48.115415899999988 ], [ -0.9161713, 48.1152507 ], [ -0.9164851, 48.1147294 ], [ -0.9167925, 48.1145741 ], [ -0.9171213, 48.114055 ], [ -0.9174143, 48.1139057 ], [ -0.9177667, 48.1138867 ], [ -0.9181161, 48.1136264 ], [ -0.9180632, 48.1134759 ], [ -0.918404, 48.1130105 ], [ -0.9184229, 48.1127757 ], [ -0.9186568, 48.1126453 ], [ -0.9188536, 48.1127415 ], [ -0.9190308, 48.1126996 ], [ -0.9190526, 48.1125943 ], [ -0.9188918, 48.1124402 ], [ -0.9191682, 48.1122481 ], [ -0.9195279, 48.1121281 ], [ -0.9196964, 48.1121873 ], [ -0.9203901, 48.1121985 ], [ -0.9206741, 48.1119106 ], [ -0.92158, 48.1119534 ], [ -0.9217916, 48.111831099999989 ], [ -0.9219284, 48.1116076 ], [ -0.9221258, 48.1116389 ], [ -0.9223203, 48.1114864 ], [ -0.9226946, 48.1114902 ], [ -0.9228155, 48.111379 ], [ -0.9227997, 48.1112209 ], [ -0.9234026, 48.1112603 ], [ -0.9235873, 48.1111929 ], [ -0.9236397, 48.1107749 ], [ -0.9241226, 48.1107381 ], [ -0.9242689, 48.1106422 ], [ -0.924287, 48.1104695 ], [ -0.9245388, 48.1103098 ], [ -0.9251475, 48.1102273 ], [ -0.9257166, 48.109957 ], [ -0.9262744, 48.1099501 ], [ -0.9263479, 48.109799 ], [ -0.9268705, 48.1098618 ], [ -0.9273535, 48.1096268 ], [ -0.9279986, 48.1096179 ], [ -0.9291586, 48.1085917 ], [ -0.9292862, 48.1081181 ], [ -0.9297821, 48.1079493 ], [ -0.9303477, 48.1073781 ], [ -0.9303577, 48.1072228 ], [ -0.9319763, 48.1061426 ], [ -0.932316, 48.1058258 ], [ -0.9328965, 48.1051127 ], [ -0.9332804, 48.1044512 ], [ -0.9353896, 48.103403199999988 ], [ -0.9356518, 48.1032034 ], [ -0.9357025, 48.1024206 ], [ -0.932975, 48.0997691 ], [ -0.9328265, 48.0993642 ], [ -0.9329551, 48.0981111 ], [ -0.9331158, 48.0973787 ], [ -0.9333878, 48.0968587 ], [ -0.9324248, 48.0964251 ], [ -0.931629, 48.0959237 ], [ -0.9309151, 48.0957466 ], [ -0.9310483, 48.0953673 ], [ -0.930086, 48.0950868 ], [ -0.9299075, 48.0949288 ], [ -0.9294583, 48.0948753 ], [ -0.9292367, 48.0944277 ], [ -0.9285722, 48.0943165 ], [ -0.9281783, 48.0945369 ], [ -0.927868, 48.0943968 ], [ -0.9278011, 48.0940756 ], [ -0.9280304, 48.093976 ], [ -0.9282706, 48.0937148 ], [ -0.9283427, 48.0934367 ], [ -0.9282708, 48.0932662 ], [ -0.9278253, 48.0930801 ], [ -0.9277534, 48.0928365 ], [ -0.927155, 48.0926195 ], [ -0.9270665, 48.0924603 ], [ -0.9263501, 48.0924842 ], [ -0.9260693, 48.092289 ], [ -0.9257598, 48.0923039 ], [ -0.9253878, 48.0925289 ], [ -0.9243719, 48.0926114 ], [ -0.9237703, 48.0928594 ], [ -0.9238577, 48.0933304 ], [ -0.923637, 48.0934197 ], [ -0.9231965, 48.0932821 ], [ -0.922552, 48.0929342 ], [ -0.9222331, 48.0930412 ], [ -0.9217726, 48.0934863 ], [ -0.9211563, 48.0935537 ], [ -0.9206163, 48.0933627 ], [ -0.9201467, 48.092762 ], [ -0.9184877, 48.0930046 ], [ -0.9177215, 48.0930463 ], [ -0.9175363, 48.0929426 ], [ -0.9174529, 48.0927066 ], [ -0.9175738, 48.0925413 ], [ -0.9174022, 48.0924038 ], [ -0.9171314, 48.0923425 ], [ -0.9166511, 48.0924486 ], [ -0.9161846, 48.0922334 ], [ -0.9155826, 48.0924219 ], [ -0.9147896, 48.0920275 ], [ -0.9148015, 48.0916073 ], [ -0.9157177, 48.0898884 ], [ -0.9159246, 48.0881787 ], [ -0.9159799, 48.0880003 ], [ -0.916168, 48.0878706 ], [ -0.9161575, 48.0876385 ], [ -0.9153915, 48.0862107 ], [ -0.9165954, 48.0847454 ], [ -0.9184519, 48.0841592 ], [ -0.918208, 48.0834628 ], [ -0.9182765, 48.0830082 ], [ -0.9180904, 48.0819305 ], [ -0.9180049, 48.081738799999989 ], [ -0.9176386, 48.0814041 ], [ -0.9175934, 48.081556 ], [ -0.9168575, 48.0815868 ], [ -0.9159981, 48.081819 ], [ -0.9154128, 48.0821403 ], [ -0.9148894, 48.0822812 ], [ -0.9133708, 48.0825281 ], [ -0.912492, 48.0825176 ], [ -0.9112484, 48.0819922 ], [ -0.9102396, 48.0800598 ], [ -0.9092903, 48.0799319 ], [ -0.9088316, 48.079984 ], [ -0.9070519, 48.079462 ], [ -0.9070994, 48.0802506 ], [ -0.9065127, 48.0808268 ], [ -0.9050518, 48.0806708 ], [ -0.9027581, 48.080636 ], [ -0.9023781, 48.0806603 ], [ -0.9022681, 48.0809559 ], [ -0.9014575, 48.0806485 ], [ -0.9003748, 48.0805519 ], [ -0.8990061, 48.0805342 ], [ -0.8986522, 48.0806756 ], [ -0.8985268, 48.0805978 ], [ -0.8977532, 48.0807189 ], [ -0.8969798, 48.0805877 ], [ -0.8960044, 48.0795389 ], [ -0.8951994, 48.0772807 ], [ -0.8950256, 48.0766557 ], [ -0.8950974, 48.0765173 ], [ -0.8939834, 48.0744063 ], [ -0.8940602, 48.0734775 ], [ -0.8934731, 48.0729176 ], [ -0.8923679, 48.0715631 ], [ -0.8923527, 48.0713203 ], [ -0.8927217, 48.0705802 ], [ -0.8924346, 48.0696211 ], [ -0.8919566, 48.0690441 ], [ -0.891484, 48.0686867 ], [ -0.8912507, 48.0681097 ], [ -0.8904302, 48.0676827 ], [ -0.890388, 48.0669994 ], [ -0.8896448, 48.0670924 ], [ -0.8893764, 48.067061699999989 ], [ -0.8877118, 48.066158 ], [ -0.8856093, 48.0656427 ], [ -0.8850615, 48.0658338 ], [ -0.8838866, 48.0659428 ], [ -0.8831991, 48.0655303 ], [ -0.8817292, 48.0649716 ], [ -0.880836, 48.0646506 ], [ -0.8797435, 48.0643974 ], [ -0.8793283, 48.0641606 ], [ -0.8797074, 48.0634471 ], [ -0.8774696, 48.0607351 ], [ -0.8765438, 48.0601881 ], [ -0.8763823, 48.0599285 ], [ -0.876124, 48.0600352 ], [ -0.8757344, 48.059945399999989 ], [ -0.8754749, 48.0600719 ], [ -0.8751488, 48.060061 ], [ -0.8750052, 48.0601919 ], [ -0.8745554, 48.059959 ], [ -0.874406, 48.0602125 ], [ -0.8742893, 48.0601614 ], [ -0.8741927, 48.059906 ], [ -0.873829, 48.0599874 ], [ -0.8738123, 48.0597771 ], [ -0.8736823, 48.0597273 ], [ -0.8732509, 48.0600208 ], [ -0.8727939, 48.0600935 ], [ -0.8724702, 48.0600051 ], [ -0.8715356, 48.059961 ], [ -0.8695396, 48.0602897 ], [ -0.8693599, 48.0602947 ], [ -0.8692348, 48.0601826 ], [ -0.8684723, 48.060269 ], [ -0.8682403, 48.0603676 ], [ -0.8680662, 48.0602841 ], [ -0.8677111, 48.059875 ], [ -0.8678973, 48.0596644 ], [ -0.867481, 48.0595961 ], [ -0.8675256, 48.0593234 ], [ -0.8673841, 48.0593362 ], [ -0.8671051, 48.0595463 ], [ -0.8667913, 48.0594647 ], [ -0.8667596, 48.0593423 ], [ -0.8670284, 48.0591956 ], [ -0.8670965, 48.0590618 ], [ -0.8668538, 48.0586455 ], [ -0.8673395, 48.0581943 ], [ -0.8672104, 48.0579544 ], [ -0.8673948, 48.0576087 ], [ -0.8667646, 48.0570582 ], [ -0.8662447, 48.056914 ], [ -0.8655603, 48.0568716 ], [ -0.8653758, 48.056665099999989 ], [ -0.8653637, 48.056333 ], [ -0.865238, 48.0561029 ], [ -0.8645869, 48.0552657 ], [ -0.8644443, 48.0548406 ], [ -0.8648275, 48.0544757 ], [ -0.8648091, 48.053488 ], [ -0.8649004, 48.0532661 ], [ -0.8645455, 48.0528606 ], [ -0.8641987, 48.0527846 ], [ -0.8635515, 48.0518724 ], [ -0.8635894, 48.0516919 ], [ -0.8632723, 48.0513978 ], [ -0.863245, 48.0511716 ], [ -0.8635808, 48.0511146 ], [ -0.8636317, 48.0509463 ], [ -0.8634215, 48.050791 ], [ -0.8628783, 48.0507314 ], [ -0.8627079, 48.0506243 ], [ -0.862853, 48.0503484 ], [ -0.8627302, 48.0502308 ], [ -0.8627913, 48.049963 ], [ -0.8625449, 48.049644 ], [ -0.8623688, 48.0489435 ], [ -0.8624279, 48.0486848 ], [ -0.8622683, 48.0477692 ], [ -0.8543865, 48.0479916 ], [ -0.8530632, 48.047553 ], [ -0.852211, 48.0488764 ], [ -0.8510967, 48.0485949 ], [ -0.8514076, 48.0480108 ], [ -0.8499941, 48.0476976 ], [ -0.8490347, 48.047364099999989 ], [ -0.8435347, 48.0444365 ], [ -0.842708, 48.0441337 ], [ -0.8424122, 48.043928 ], [ -0.841928, 48.0439015 ], [ -0.8402927, 48.0434729 ], [ -0.8390788, 48.0432981 ], [ -0.8385751, 48.0430776 ], [ -0.8384363, 48.0424965 ], [ -0.8384816, 48.0422878 ], [ -0.8379603, 48.0418435 ], [ -0.8378811, 48.0414181 ], [ -0.8371231, 48.0408221 ], [ -0.8357371, 48.0405312 ], [ -0.8353424, 48.0403864 ], [ -0.8349646, 48.0400861 ], [ -0.8347971, 48.0391654 ], [ -0.8350674, 48.0385394 ], [ -0.8350274, 48.0365046 ], [ -0.8336868, 48.0370807 ], [ -0.8311236, 48.0385076 ], [ -0.8295681, 48.0372671 ], [ -0.8275658, 48.0383161 ], [ -0.8260989, 48.0369431 ], [ -0.8235549, 48.0387691 ], [ -0.8227663, 48.0379505 ], [ -0.8220858, 48.0382934 ], [ -0.8219606, 48.0380668 ], [ -0.8216299, 48.0380262 ], [ -0.8206848, 48.0388723 ], [ -0.8201001, 48.0386453 ], [ -0.8185426, 48.0394562 ], [ -0.8184489, 48.0390151 ], [ -0.8178893, 48.0386513 ], [ -0.8159113, 48.038774 ], [ -0.8158717, 48.0389888 ], [ -0.8118653, 48.0396728 ], [ -0.8124769, 48.0409269 ], [ -0.8108878, 48.0412847 ], [ -0.8112574, 48.0420881 ], [ -0.8107226, 48.0421621 ], [ -0.8104758, 48.04228 ], [ -0.8096204, 48.043069 ], [ -0.8092546, 48.0436232 ], [ -0.8090454, 48.0437219 ], [ -0.8088103, 48.0437034 ], [ -0.808299, 48.043879399999987 ], [ -0.8060001, 48.0439898 ], [ -0.805664, 48.0441367 ], [ -0.8056302, 48.0445252 ], [ -0.8046261, 48.0461821 ], [ -0.8031228, 48.0476974 ], [ -0.8017658, 48.0493071 ], [ -0.7994765, 48.0512378 ], [ -0.7994287, 48.0513772 ], [ -0.7965144, 48.0539262 ], [ -0.7963026, 48.0539142 ], [ -0.796718, 48.0543287 ], [ -0.798914, 48.0550065 ], [ -0.8005116, 48.0556396 ], [ -0.8019989, 48.0563087 ], [ -0.8037188, 48.0572964 ], [ -0.8054041, 48.0578573 ], [ -0.8051803, 48.0581834 ], [ -0.8051442, 48.0585035 ], [ -0.8059315, 48.0594168 ], [ -0.806421, 48.0597947 ], [ -0.8055011, 48.0600281 ], [ -0.8057384, 48.0607294 ], [ -0.8060169, 48.0626204 ], [ -0.8061651, 48.0628868 ], [ -0.8061275, 48.0633358 ], [ -0.8044537, 48.0642809 ], [ -0.8035685, 48.0650546 ], [ -0.8035161, 48.0654284 ], [ -0.8031527, 48.0662248 ], [ -0.803273, 48.0668516 ], [ -0.8030959, 48.0678095 ], [ -0.802171, 48.0691441 ], [ -0.8019835, 48.0687498 ], [ -0.8016608, 48.0686364 ], [ -0.8013378, 48.0688062 ], [ -0.8012127, 48.0686918 ], [ -0.8008384, 48.0686702 ], [ -0.8006215, 48.068769 ], [ -0.8003388, 48.0685407 ], [ -0.7998981, 48.0686991 ], [ -0.799524, 48.0685728 ], [ -0.7993829, 48.0682805 ], [ -0.7987052, 48.0689567 ], [ -0.7985977, 48.0692307 ], [ -0.7980129, 48.0688563 ], [ -0.7978136, 48.0688347 ], [ -0.7972777, 48.0690956 ], [ -0.7967399, 48.0689585 ], [ -0.7964354, 48.0692375 ], [ -0.7961785, 48.0691486 ], [ -0.7958142, 48.0692933 ], [ -0.7941571, 48.0692328 ], [ -0.7929346, 48.0695139 ], [ -0.7928154, 48.0694345 ], [ -0.7921733, 48.0696869 ], [ -0.7918675, 48.0699945 ], [ -0.791644, 48.0699561 ], [ -0.7913204, 48.0700204 ], [ -0.7909987, 48.0703019 ], [ -0.7906643, 48.0701565 ], [ -0.7904778, 48.0701565 ], [ -0.7903005, 48.0702857 ], [ -0.7899693, 48.0701957 ], [ -0.7897513, 48.0702854 ], [ -0.7893317, 48.070294 ], [ -0.7889417, 48.0701625 ], [ -0.7883612, 48.0702336 ], [ -0.7882823, 48.0701838 ], [ -0.7881404, 48.0703449 ], [ -0.7879253, 48.0702135 ], [ -0.7878548, 48.0702763 ], [ -0.7877297, 48.0702051 ], [ -0.787668, 48.0703096 ], [ -0.7875143, 48.0702092 ], [ -0.7872655, 48.0702293 ], [ -0.7872059, 48.0701494 ], [ -0.787072, 48.070249 ], [ -0.7868472, 48.0702037 ], [ -0.7867108, 48.0703062 ], [ -0.7865244, 48.070211 ], [ -0.7864253, 48.0702978 ], [ -0.7859384, 48.0702976 ], [ -0.7857787, 48.0703586 ], [ -0.7853674, 48.070359 ], [ -0.7852335, 48.0702795 ], [ -0.7851943, 48.0704295 ], [ -0.7849331, 48.0704908 ], [ -0.7848761, 48.0703733 ], [ -0.7846653, 48.0703368 ], [ -0.784374, 48.0704535 ], [ -0.7842595, 48.0703824 ], [ -0.7840463, 48.0704872 ], [ -0.7838964, 48.0703911 ], [ -0.7837464, 48.0703972 ], [ -0.7836134, 48.0704189 ], [ -0.7835675, 48.0705509 ], [ -0.7834607, 48.0704556 ], [ -0.78322, 48.0705209 ], [ -0.7829118, 48.0703449 ], [ -0.7828669, 48.0704636 ], [ -0.7825493, 48.0704713 ], [ -0.7823595, 48.0701982 ], [ -0.7822704, 48.0704011 ], [ -0.7819604, 48.0705542 ], [ -0.7816933, 48.0704594 ], [ -0.7816261, 48.0705891 ], [ -0.7814742, 48.0705663 ], [ -0.7811904, 48.0707203 ], [ -0.7810197, 48.0704977 ], [ -0.7808221, 48.0705442 ], [ -0.7806112, 48.070432 ], [ -0.7805334, 48.0705779 ], [ -0.7803056, 48.0705559 ], [ -0.7802122, 48.070672 ], [ -0.7800842, 48.0705542 ], [ -0.7797568, 48.070497 ], [ -0.7795633, 48.070585 ], [ -0.7793669, 48.0705203 ], [ -0.7793326, 48.0706144 ], [ -0.7791313, 48.0706399 ], [ -0.7790346, 48.0705745 ], [ -0.7788371, 48.0706612 ], [ -0.7787248, 48.0706081 ], [ -0.7783478, 48.0706336 ], [ -0.7782486, 48.0705654 ], [ -0.77807, 48.070735 ], [ -0.7785873, 48.0707562 ], [ -0.778845, 48.070886 ], [ -0.7791454, 48.0712127 ], [ -0.7787662, 48.0713379 ], [ -0.7783612, 48.0713233 ], [ -0.7781531, 48.0712172 ], [ -0.778144, 48.0708894 ], [ -0.7777191, 48.070959599999988 ], [ -0.7776591, 48.0706736 ], [ -0.777224, 48.0706719 ], [ -0.7768676, 48.0707587 ], [ -0.7765902, 48.0706958 ], [ -0.7763403, 48.0707401 ], [ -0.7762449, 48.0706816 ], [ -0.776165, 48.0707424 ], [ -0.775524, 48.0707318 ], [ -0.7752274, 48.0708217 ], [ -0.7750047, 48.0707368 ], [ -0.7744589, 48.0709022 ], [ -0.7741841, 48.0706523 ], [ -0.7737197, 48.0708592 ], [ -0.7736814, 48.0709894 ], [ -0.7737271, 48.0710718 ], [ -0.7739732, 48.0710542 ], [ -0.7743652, 48.0712013 ], [ -0.774127, 48.071515 ], [ -0.7739116, 48.0714094 ], [ -0.773901, 48.0713102 ], [ -0.7736085, 48.0713159 ], [ -0.773509, 48.0711441 ], [ -0.7727727, 48.0710168 ], [ -0.772279, 48.0710642 ], [ -0.7711212, 48.0710186 ], [ -0.7709343, 48.0714327 ], [ -0.7709386, 48.07181 ], [ -0.7710275, 48.0720884 ], [ -0.7714239, 48.072443 ], [ -0.7706693, 48.0732644 ], [ -0.7707995, 48.0735218 ], [ -0.7707365, 48.0738638 ], [ -0.7713157, 48.0744296 ], [ -0.771185, 48.074752 ], [ -0.7706653, 48.0750993 ], [ -0.7707352, 48.0757917 ], [ -0.7705594, 48.0762088 ], [ -0.7705546, 48.0766132 ], [ -0.7700296, 48.0771263 ], [ -0.7703534, 48.0776858 ], [ -0.7703388, 48.0782384 ], [ -0.7706708, 48.078892599999989 ], [ -0.7705631, 48.0793037 ], [ -0.771012, 48.0797434 ], [ -0.770986, 48.0801163 ], [ -0.7713958, 48.0808863 ], [ -0.7713625, 48.0812424 ], [ -0.7715601, 48.0818586 ], [ -0.7713185, 48.082308 ], [ -0.7714029, 48.0825539 ], [ -0.7717292, 48.0829796 ], [ -0.7717997, 48.0835766 ], [ -0.7721349, 48.0840241 ], [ -0.7724113, 48.0848998 ], [ -0.7727136, 48.085308 ], [ -0.772959, 48.0858747 ], [ -0.7735103, 48.0864899 ], [ -0.7737314, 48.0872229 ], [ -0.7755156, 48.0874566 ], [ -0.7757336, 48.0879724 ], [ -0.7766308, 48.0887843 ], [ -0.7772572, 48.0897351 ], [ -0.7774142, 48.0898309 ], [ -0.7791645, 48.0889405 ], [ -0.7792657, 48.0890021 ], [ -0.7798875, 48.0886705 ], [ -0.7800531, 48.08873 ], [ -0.7802365, 48.088662 ], [ -0.7805881, 48.0883516 ], [ -0.781796, 48.0867975 ], [ -0.7822245, 48.0864729 ], [ -0.7826577, 48.0863446 ], [ -0.7834019, 48.086354 ], [ -0.7842321, 48.0861175 ], [ -0.7855001, 48.0861929 ], [ -0.7860386, 48.0865414 ], [ -0.7867415, 48.0867242 ], [ -0.7871712, 48.0867167 ], [ -0.7876127, 48.0869106 ], [ -0.7890551, 48.0868867 ], [ -0.7902581, 48.0871246 ], [ -0.7926372, 48.0869624 ], [ -0.7933297, 48.0867383 ], [ -0.7971239, 48.0864538 ], [ -0.7973921, 48.086556 ], [ -0.7977023, 48.0865135 ], [ -0.7978537, 48.0865997 ], [ -0.7982203, 48.0866113 ], [ -0.7993281, 48.0870953 ], [ -0.7997645, 48.0871245 ], [ -0.8006131, 48.0875575 ], [ -0.8025464, 48.087945499999989 ], [ -0.8046543, 48.0878081 ], [ -0.8053788, 48.0878234 ], [ -0.8066597, 48.0882081 ], [ -0.8072698, 48.0882767 ], [ -0.8076157, 48.0884691 ], [ -0.8084735, 48.0884486 ], [ -0.808904, 48.0870887 ], [ -0.8095097, 48.0860529 ], [ -0.8099876, 48.086341 ], [ -0.8110442, 48.0855906 ], [ -0.8124394, 48.0848572 ], [ -0.8135847, 48.0848165 ], [ -0.8144484, 48.0846362 ], [ -0.8142936, 48.0844286 ], [ -0.8148753, 48.0835098 ], [ -0.8158358, 48.0838886 ], [ -0.8168674, 48.0848065 ], [ -0.8171467, 48.0847641 ], [ -0.8168985, 48.085274 ], [ -0.817018, 48.0854025 ], [ -0.8210884, 48.0865976 ], [ -0.8239185, 48.0877265 ], [ -0.8277799, 48.0895407 ], [ -0.8289764, 48.089964 ], [ -0.8301772, 48.0907988 ], [ -0.8330674, 48.0922318 ], [ -0.8344677, 48.0930709 ], [ -0.8356047, 48.0941177 ], [ -0.8380859, 48.0955811 ], [ -0.8409126, 48.0981133 ], [ -0.8417829, 48.0985219 ], [ -0.8434443, 48.0990082 ], [ -0.8464789, 48.1008624 ], [ -0.8461274, 48.1010774 ], [ -0.8475127, 48.1019827 ], [ -0.8473596, 48.1020958 ], [ -0.8482277, 48.1030458 ], [ -0.8484074, 48.103112 ], [ -0.8479995, 48.1048812 ], [ -0.8482307, 48.1054142 ], [ -0.8486602, 48.1058813 ], [ -0.8510698, 48.1070512 ], [ -0.8515815, 48.1077228 ], [ -0.8518412, 48.1082585 ], [ -0.8521348, 48.1082822 ], [ -0.8536608, 48.109230499999988 ], [ -0.8547663, 48.109725 ], [ -0.8552044, 48.1101053 ], [ -0.8561137, 48.1105656 ], [ -0.8575337, 48.1109263 ], [ -0.8575935, 48.1110451 ], [ -0.8577599, 48.1109099 ], [ -0.8588186, 48.111223 ], [ -0.8601491, 48.1113515 ] ], [ [ -0.7867647, 48.07084 ], [ -0.7858592, 48.0709606 ], [ -0.7857518, 48.0710584 ], [ -0.7855504, 48.0710279 ], [ -0.7850476, 48.071172 ], [ -0.7849131, 48.0711307 ], [ -0.7850534, 48.0709757 ], [ -0.7852771, 48.0710667 ], [ -0.7857479, 48.0706712 ], [ -0.7866107, 48.0705749 ], [ -0.7867767, 48.0707358 ], [ -0.7867647, 48.07084 ] ], [ [ -0.7839072, 48.071091 ], [ -0.7841904, 48.0709074 ], [ -0.784455, 48.0708654 ], [ -0.7846178, 48.0710254 ], [ -0.7848985, 48.0711299 ], [ -0.7847866, 48.0712458 ], [ -0.7842023, 48.0712695 ], [ -0.7841078, 48.0713387 ], [ -0.7839072, 48.071091 ] ], [ [ -0.7865096, 48.071314 ], [ -0.786319, 48.0712025 ], [ -0.786319, 48.0709657 ], [ -0.7865411, 48.0709566 ], [ -0.7866126, 48.0710863 ], [ -0.7866879, 48.0709069 ], [ -0.78677, 48.0709124 ], [ -0.7868198, 48.0711561 ], [ -0.7865096, 48.071314 ] ], [ [ -0.7857419, 48.0712285 ], [ -0.7857715, 48.0711005 ], [ -0.7860089, 48.0711032 ], [ -0.7858441, 48.0712229 ], [ -0.7857419, 48.0712285 ] ], [ [ -0.7849184, 48.0713626 ], [ -0.7851578, 48.0712045 ], [ -0.7852932, 48.0713469 ], [ -0.7849787, 48.0715565 ], [ -0.7849184, 48.0713626 ] ], [ [ -0.7869874, 48.0728262 ], [ -0.7869832, 48.0727489 ], [ -0.7867681, 48.0727634 ], [ -0.7866791, 48.0725707 ], [ -0.7864137, 48.0727247 ], [ -0.7863064, 48.0726781 ], [ -0.7862167, 48.0724397 ], [ -0.7872856, 48.0726326 ], [ -0.7871001, 48.0728492 ], [ -0.7869874, 48.0728262 ] ], [ [ -0.7868943, 48.073089 ], [ -0.7864641, 48.0730772 ], [ -0.7868507, 48.0728745 ], [ -0.7868943, 48.073089 ] ], [ [ -0.7876825, 48.0731469 ], [ -0.7879267, 48.0731096 ], [ -0.7879544, 48.0732587 ], [ -0.7875548, 48.0732781 ], [ -0.7876825, 48.0731469 ] ], [ [ -0.7896348, 48.0734859 ], [ -0.7894362, 48.073525 ], [ -0.7891133, 48.0734527 ], [ -0.7892462, 48.0732928 ], [ -0.7894564, 48.0733535 ], [ -0.7896229, 48.0733115 ], [ -0.7896348, 48.0734859 ] ], [ [ -0.7872069, 48.0736446 ], [ -0.7871339, 48.0738315 ], [ -0.7869002, 48.0737142 ], [ -0.7869253, 48.0736665 ], [ -0.7872069, 48.0736446 ] ], [ [ -0.7913355, 48.0746793 ], [ -0.7903043, 48.0744953 ], [ -0.7900435, 48.0743669 ], [ -0.7901178, 48.074054499999988 ], [ -0.7918882, 48.0744663 ], [ -0.7922099, 48.0746992 ], [ -0.7913355, 48.0746793 ] ], [ [ -0.7903058, 48.0746233 ], [ -0.7906283, 48.0746785 ], [ -0.7906058, 48.0750687 ], [ -0.7900495, 48.0751596 ], [ -0.7903058, 48.0746233 ] ], [ [ -0.7852785, 48.0763999 ], [ -0.7850519, 48.0761415 ], [ -0.785512, 48.0761415 ], [ -0.7855217, 48.076217 ], [ -0.7852785, 48.0763999 ] ], [ [ -0.7899387, 48.0774602 ], [ -0.7894831, 48.0776561 ], [ -0.7891789, 48.0775566 ], [ -0.7895234, 48.0773695 ], [ -0.7899387, 48.0774602 ] ], [ [ -0.7902848, 48.0781992 ], [ -0.7898739, 48.0781332 ], [ -0.7900522, 48.0777768 ], [ -0.790257, 48.0779152 ], [ -0.7902848, 48.0781992 ] ], [ [ -0.8028658, 48.0815429 ], [ -0.8030941, 48.0815774 ], [ -0.8033463, 48.081731 ], [ -0.803248, 48.0817861 ], [ -0.8024952, 48.081772 ], [ -0.802469, 48.0816274 ], [ -0.8028658, 48.0815429 ] ], [ [ -0.7832995, 48.0709709 ], [ -0.7834879, 48.0711642 ], [ -0.7834307, 48.071256 ], [ -0.7833104, 48.0712109 ], [ -0.7831959, 48.071291599999988 ], [ -0.7831745, 48.0712162 ], [ -0.782961, 48.0711745 ], [ -0.783092, 48.0711872 ], [ -0.7832995, 48.0709709 ] ], [ [ -0.7804873, 48.0714123 ], [ -0.7801911, 48.0714747 ], [ -0.7801067, 48.0714434 ], [ -0.7804039, 48.0713276 ], [ -0.7804873, 48.0714123 ] ], [ [ -0.7817875, 48.0716682 ], [ -0.7812507, 48.0715812 ], [ -0.7810151, 48.0716638 ], [ -0.7809408, 48.071629 ], [ -0.7809143, 48.0714031 ], [ -0.7812379, 48.071531 ], [ -0.7815481, 48.0713127 ], [ -0.7814335, 48.071219299999989 ], [ -0.7814022, 48.0713099 ], [ -0.7810083, 48.0713399 ], [ -0.7808724, 48.071158 ], [ -0.7808856, 48.0713951 ], [ -0.7807857, 48.0714075 ], [ -0.7809225, 48.0716237 ], [ -0.7805106, 48.0716413 ], [ -0.7805596, 48.0714873 ], [ -0.780732, 48.0714881 ], [ -0.7807619, 48.0714119 ], [ -0.7806589, 48.0713546 ], [ -0.7807827, 48.0713361 ], [ -0.7808232, 48.0709547 ], [ -0.7815409, 48.0709571 ], [ -0.7819237, 48.07085 ], [ -0.7823807, 48.0708461 ], [ -0.782535, 48.0712059 ], [ -0.7826023, 48.071129199999987 ], [ -0.782826, 48.0711568 ], [ -0.7827142, 48.071161 ], [ -0.782656, 48.0713131 ], [ -0.7829155, 48.0713847 ], [ -0.783061, 48.0715687 ], [ -0.7828055, 48.071869 ], [ -0.782103, 48.0715268 ], [ -0.7817875, 48.0716682 ] ], [ [ -0.7836745, 48.0713228 ], [ -0.7838187, 48.0713846 ], [ -0.7837553, 48.0714778 ], [ -0.7836712, 48.0713282 ], [ -0.7833305, 48.0715501 ], [ -0.7833305, 48.0712889 ], [ -0.7834366, 48.0712993 ], [ -0.7834383, 48.071373 ], [ -0.7836449, 48.071311099999988 ], [ -0.7835689, 48.0712212 ], [ -0.7837888, 48.071158 ], [ -0.7836745, 48.0713228 ] ], [ [ -0.7845162, 48.0716765 ], [ -0.7840743, 48.071705699999988 ], [ -0.7841077, 48.0713409 ], [ -0.7844682, 48.0713876 ], [ -0.7845162, 48.0716765 ] ], [ [ -0.7738097, 48.0723305 ], [ -0.7741419, 48.072139899999989 ], [ -0.7744823, 48.0723139 ], [ -0.7738097, 48.0723305 ] ], [ [ -0.7741352, 48.0731319 ], [ -0.773989, 48.0731862 ], [ -0.7738111, 48.0729697 ], [ -0.7741352, 48.0731319 ] ], [ [ -0.773489, 48.0739315 ], [ -0.7736115, 48.0735164 ], [ -0.7742341, 48.0735607 ], [ -0.7741912, 48.0736874 ], [ -0.773489, 48.0739315 ] ], [ [ -0.7743897, 48.0745762 ], [ -0.7745499, 48.0745128 ], [ -0.7748703, 48.074522 ], [ -0.7743897, 48.0745762 ] ], [ [ -0.7742892, 48.0745047 ], [ -0.7744535, 48.0748287 ], [ -0.7741209, 48.074949 ], [ -0.7740012, 48.0745786 ], [ -0.77406, 48.0744768 ], [ -0.7742892, 48.0745047 ] ], [ [ -0.7753335, 48.0756095 ], [ -0.775073, 48.0755989 ], [ -0.7750819, 48.0754981 ], [ -0.7755919, 48.075236 ], [ -0.7756434, 48.0754517 ], [ -0.7753335, 48.0756095 ] ], [ [ -0.7747616, 48.075444 ], [ -0.7748651, 48.0754022 ], [ -0.774923, 48.0755251 ], [ -0.7748366, 48.0755227 ], [ -0.7747616, 48.075444 ] ], [ [ -0.7755481, 48.0760977 ], [ -0.7758325, 48.0758565 ], [ -0.7758378, 48.0758535 ], [ -0.7759289, 48.0760299 ], [ -0.7755481, 48.0760977 ] ], [ [ -0.7751431, 48.0767825 ], [ -0.7754157, 48.0765308 ], [ -0.7758696, 48.0765059 ], [ -0.7761796, 48.0768354 ], [ -0.7756677, 48.076884 ], [ -0.7751431, 48.0767825 ] ], [ [ -0.782897, 48.0769474 ], [ -0.7835626, 48.0766661 ], [ -0.7836423, 48.0767122 ], [ -0.782897, 48.0769474 ] ], [ [ -0.7814582, 48.0764994 ], [ -0.7810036, 48.0770031 ], [ -0.7809778, 48.0774095 ], [ -0.7807206, 48.0777051 ], [ -0.780216, 48.0775679 ], [ -0.7801483, 48.0772538 ], [ -0.7802275, 48.0768058 ], [ -0.7805088, 48.0763853 ], [ -0.7814582, 48.0764994 ] ] ], [ [ [ -0.7821449, 48.0712512 ], [ -0.7822426, 48.0714528 ], [ -0.7825714, 48.071536099999989 ], [ -0.7826128, 48.0713179 ], [ -0.7824052, 48.0711156 ], [ -0.7823392, 48.0712373 ], [ -0.7822827, 48.0711843 ], [ -0.7818917, 48.0711905 ], [ -0.781862, 48.0712551 ], [ -0.7817119, 48.0711805 ], [ -0.7816417, 48.0713026 ], [ -0.7817668, 48.0713614 ], [ -0.7821449, 48.0712512 ] ] ] ] } },
{ "type": "Feature", "properties": { "code_departement": 53.0, "code_rne": "0530077W", "multisecteur": 0.0 }, "geometry": { "type": "MultiPolygon", "coordinates": [ [ [ [ -1.0999913, 48.2684742 ], [ -1.0991318, 48.2681454 ], [ -1.0988532, 48.2675307 ], [ -1.0992493, 48.2672629 ], [ -1.1008704, 48.2664706 ], [ -1.1012074, 48.2662057 ], [ -1.1011388, 48.2647008 ], [ -1.1017064, 48.2637756 ], [ -1.102032, 48.2628624 ], [ -1.101832, 48.2622702 ], [ -1.101327, 48.261676 ], [ -1.0991124, 48.2603023 ], [ -1.0991636, 48.2601447 ], [ -1.1001064, 48.2592038 ], [ -1.0993208, 48.2583156 ], [ -1.1000474, 48.2581517 ], [ -1.0990991, 48.2566277 ], [ -1.0993654, 48.2564085 ], [ -1.0986974, 48.2557308 ], [ -1.0994167, 48.2550571 ], [ -1.0992078, 48.2550085 ], [ -1.0988901, 48.2540456 ], [ -1.0988401, 48.2532824 ], [ -1.0992811, 48.2512507 ], [ -1.0992281, 48.2510201 ], [ -1.0988674, 48.2509452 ], [ -1.0990215, 48.2504633 ], [ -1.0992957, 48.2501042 ], [ -1.0992668, 48.2498187 ], [ -1.0989961, 48.2492866 ], [ -1.0986554, 48.2489821 ], [ -1.0945225, 48.2462622 ], [ -1.0945532, 48.2453385 ], [ -1.0943689, 48.2448242 ], [ -1.0935388, 48.244088 ], [ -1.0928144, 48.2435833 ], [ -1.092538, 48.242855 ], [ -1.0925814, 48.242494 ], [ -1.0937663, 48.2412348 ], [ -1.0938805, 48.240916399999989 ], [ -1.0937313, 48.2406964 ], [ -1.0915385, 48.2393975 ], [ -1.0901739, 48.2391249 ], [ -1.0911109, 48.2374337 ], [ -1.0910786, 48.23707 ], [ -1.0908907, 48.236908 ], [ -1.0908103, 48.236672 ], [ -1.0906107, 48.2365843 ], [ -1.0904955, 48.2364207 ], [ -1.0902719, 48.235920299999989 ], [ -1.090341, 48.2354035 ], [ -1.0905232, 48.2350755 ], [ -1.0904424, 48.23499 ], [ -1.0906342, 48.2345941 ], [ -1.0907558, 48.2346485 ], [ -1.0909537, 48.234575 ], [ -1.0909102, 48.2343278 ], [ -1.0910602, 48.2342965 ], [ -1.0910286, 48.2340804 ], [ -1.0913216, 48.2339108 ], [ -1.0915436, 48.2334535 ], [ -1.0914315, 48.2332078 ], [ -1.091592, 48.2331383 ], [ -1.0914674, 48.2329399 ], [ -1.0914985, 48.2325586 ], [ -1.0913646, 48.232432599999989 ], [ -1.0912443, 48.232429599999989 ], [ -1.0912774, 48.2322131 ], [ -1.0911322, 48.2322181 ], [ -1.0911135, 48.232117 ], [ -1.0908069, 48.2319023 ], [ -1.0905737, 48.2318852 ], [ -1.0903644, 48.231587 ], [ -1.0901938, 48.2316479 ], [ -1.0900789, 48.2314356 ], [ -1.0896816, 48.2312854 ], [ -1.0896655, 48.231095 ], [ -1.0893894, 48.2309784 ], [ -1.0890929, 48.2309634 ], [ -1.0890337, 48.2308438 ], [ -1.0887517, 48.2309626 ], [ -1.0874709, 48.2308619 ], [ -1.0870777, 48.2309395 ], [ -1.0866944, 48.230796 ], [ -1.0863976, 48.2307774 ], [ -1.0862992, 48.2306556 ], [ -1.0863729, 48.2302323 ], [ -1.0862409, 48.2300783 ], [ -1.0857472, 48.2298845 ], [ -1.0857389, 48.2291685 ], [ -1.0859403, 48.2290697 ], [ -1.0859982, 48.2287731 ], [ -1.0858692, 48.2286919 ], [ -1.0860437, 48.2285949 ], [ -1.0858872, 48.2283507 ], [ -1.0860774, 48.228282 ], [ -1.0857212, 48.228088 ], [ -1.0859399, 48.2279687 ], [ -1.0858527, 48.2278879 ], [ -1.0853623, 48.2278941 ], [ -1.0851419, 48.227608 ], [ -1.0849305, 48.2274892 ], [ -1.084954, 48.2273055 ], [ -1.0843741, 48.2272354 ], [ -1.0841855, 48.2269239 ], [ -1.0843083, 48.2266115 ], [ -1.0845311, 48.2264425 ], [ -1.0840106, 48.2261461 ], [ -1.0844459, 48.2246642 ], [ -1.0844271, 48.224264 ], [ -1.0842644, 48.2239741 ], [ -1.0844022, 48.2238044 ], [ -1.0844782, 48.2230621 ], [ -1.0840336, 48.2226657 ], [ -1.0839456, 48.222348 ], [ -1.0840962, 48.2221338 ], [ -1.0840687, 48.2216392 ], [ -1.0842612, 48.2215316 ], [ -1.0841913, 48.2213079 ], [ -1.0845215, 48.2208369 ], [ -1.0838512, 48.2208511 ], [ -1.0829788, 48.2206065 ], [ -1.082234, 48.2206169 ], [ -1.0822944, 48.2205085 ], [ -1.0822184, 48.2204319 ], [ -1.0818693, 48.2203638 ], [ -1.0815732, 48.2200578 ], [ -1.081234, 48.2200118 ], [ -1.081245, 48.2198925 ], [ -1.0809755, 48.2198775 ], [ -1.0806812, 48.2196291 ], [ -1.080423, 48.2197236 ], [ -1.0804056, 48.2198648 ], [ -1.0801326, 48.220031 ], [ -1.0792757, 48.2203345 ], [ -1.0788461, 48.2207764 ], [ -1.07879, 48.2209576 ], [ -1.0786193, 48.2210338 ], [ -1.0779146, 48.2209707 ], [ -1.0775995, 48.220852799999989 ], [ -1.0773487, 48.2209579 ], [ -1.0772191, 48.2207812 ], [ -1.0769182, 48.2207078 ], [ -1.0766065, 48.2209141 ], [ -1.0763976, 48.2207934 ], [ -1.0762192, 48.2204914 ], [ -1.0758963, 48.2204999 ], [ -1.0755004, 48.2203838 ], [ -1.0734889, 48.2204901 ], [ -1.0696441, 48.2191325 ], [ -1.0687884, 48.2188935 ], [ -1.0670581, 48.2179603 ], [ -1.0656849, 48.2170408 ], [ -1.0649211, 48.2169437 ], [ -1.0627653, 48.216872 ], [ -1.0620537, 48.2166127 ], [ -1.0594925, 48.2168782 ], [ -1.0593155, 48.2170141 ], [ -1.0578453, 48.2168997 ], [ -1.0574274, 48.2170051 ], [ -1.0561834, 48.2171136 ], [ -1.0558261, 48.2170439 ], [ -1.0554017, 48.2168188 ], [ -1.0544905, 48.2161366 ], [ -1.0542103, 48.2158245 ], [ -1.0540774, 48.2158489 ], [ -1.0539651, 48.2157384 ], [ -1.0537251, 48.2157385 ], [ -1.0536166, 48.2155188 ], [ -1.0530708, 48.2156096 ], [ -1.0529541, 48.2154767 ], [ -1.0526171, 48.2154945 ], [ -1.0516539, 48.2151005 ], [ -1.0513329, 48.2151683 ], [ -1.0510553, 48.2150292 ], [ -1.0507955, 48.215139 ], [ -1.0494837, 48.2148047 ], [ -1.0466264, 48.2150937 ], [ -1.0462034, 48.2152731 ], [ -1.0459776, 48.2151943 ], [ -1.0459424, 48.2151045 ], [ -1.0456711, 48.2150652 ], [ -1.0455351, 48.2151545 ], [ -1.0451628, 48.2151349 ], [ -1.0448935, 48.2152783 ], [ -1.044383, 48.215249 ], [ -1.0434663, 48.2148101 ], [ -1.0432125, 48.2148575 ], [ -1.0430089, 48.214805 ], [ -1.0429591, 48.2146301 ], [ -1.0430667, 48.2145391 ], [ -1.0429168, 48.2143946 ], [ -1.0420129, 48.2140165 ], [ -1.041743, 48.2137663 ], [ -1.0417516, 48.2136669 ], [ -1.0415449, 48.2136091 ], [ -1.0414287, 48.2136753 ], [ -1.0406962, 48.2133517 ], [ -1.0406778, 48.2132532 ], [ -1.0404901, 48.2132488 ], [ -1.0404653, 48.213083 ], [ -1.0401098, 48.2130528 ], [ -1.0399151, 48.2132388 ], [ -1.0388793, 48.2128976 ], [ -1.0383284, 48.2128327 ], [ -1.0378394, 48.2122214 ], [ -1.0376956, 48.2122452 ], [ -1.0373083, 48.2125567 ], [ -1.0374044, 48.2123327 ], [ -1.0373359, 48.2121954 ], [ -1.0368248, 48.2120867 ], [ -1.0365376, 48.212120899999988 ], [ -1.0362775, 48.2119802 ], [ -1.0360494, 48.2120475 ], [ -1.0357559, 48.2118584 ], [ -1.035403, 48.2118443 ], [ -1.0351231, 48.2119918 ], [ -1.0347327, 48.2118051 ], [ -1.0346676, 48.2119749 ], [ -1.0343724, 48.2119057 ], [ -1.0341268, 48.2119898 ], [ -1.0339341, 48.2119378 ], [ -1.034009, 48.2118073 ], [ -1.0339117, 48.211751199999988 ], [ -1.0335154, 48.2119098 ], [ -1.0332696, 48.2118154 ], [ -1.0321439, 48.2118134 ], [ -1.0315583, 48.2115415 ], [ -1.031744, 48.2112369 ], [ -1.0314342, 48.2112412 ], [ -1.0314347, 48.2110529 ], [ -1.0312966, 48.2109395 ], [ -1.0310936, 48.2109113 ], [ -1.0311177, 48.2108204 ], [ -1.0308751, 48.2107332 ], [ -1.030716, 48.2105035 ], [ -1.0309221, 48.2101667 ], [ -1.0307056, 48.2099795 ], [ -1.0307456, 48.2095511 ], [ -1.0304327, 48.2096014 ], [ -1.0298002, 48.2090329 ], [ -1.0296, 48.2086883 ], [ -1.0287075, 48.2085449 ], [ -1.0286268, 48.2084233 ], [ -1.0284901, 48.2084505 ], [ -1.0282347, 48.2083187 ], [ -1.028055, 48.2078725 ], [ -1.0283902, 48.207425 ], [ -1.0269866, 48.2069963 ], [ -1.0267524, 48.206771 ], [ -1.0256359, 48.2067649 ], [ -1.0250865, 48.2068422 ], [ -1.0242973, 48.2070979 ], [ -1.0237023, 48.2071435 ], [ -1.0235828, 48.2072548 ], [ -1.0230439, 48.207311 ], [ -1.0228525, 48.2070634 ], [ -1.0225488, 48.206917 ], [ -1.0223759, 48.2066472 ], [ -1.0218093, 48.2063214 ], [ -1.0214794, 48.2062201 ], [ -1.0199707, 48.2064264 ], [ -1.0181259, 48.2062361 ], [ -1.0177616, 48.2063025 ], [ -1.0173266, 48.2065011 ], [ -1.0164727, 48.2064041 ], [ -1.0159647, 48.2062466 ], [ -1.0154738, 48.2058353 ], [ -1.0156535, 48.2056643 ], [ -1.0157506, 48.2051871 ], [ -1.0159578, 48.2049873 ], [ -1.0154906, 48.204268 ], [ -1.0150631, 48.204087 ], [ -1.0136696, 48.2037885 ], [ -1.0128814, 48.203454 ], [ -1.0120423, 48.2029131 ], [ -1.0119039, 48.2026349 ], [ -1.0113826, 48.2023193 ], [ -1.010435, 48.2021578 ], [ -1.009346, 48.2021389 ], [ -1.0090234, 48.2018318 ], [ -1.0089362, 48.2013222 ], [ -1.0086962, 48.2010735 ], [ -1.0086937, 48.2008799 ], [ -1.0085565, 48.2008485 ], [ -1.0080663, 48.2004102 ], [ -1.0081481, 48.2001912 ], [ -1.0079138, 48.2000883 ], [ -1.0075538, 48.2002979 ], [ -1.0075678, 48.2000929 ], [ -1.0072237, 48.2000334 ], [ -1.0068048, 48.1995224 ], [ -1.0065917, 48.1995017 ], [ -1.0063415, 48.1992246 ], [ -1.0055993, 48.1988741 ], [ -1.0053655, 48.1986523 ], [ -1.0053193, 48.1983097 ], [ -1.0050566, 48.198151 ], [ -1.0041308, 48.1977437 ], [ -1.0037279, 48.1976366 ], [ -1.0034544, 48.1976918 ], [ -1.0033691, 48.1974731 ], [ -1.0030297, 48.1974224 ], [ -1.0028426, 48.1976027 ], [ -1.002136, 48.1977212 ], [ -1.0016518, 48.1979458 ], [ -1.0011072, 48.1978904 ], [ -1.0010615, 48.1977324 ], [ -1.0012079, 48.1975842 ], [ -1.0007511, 48.1973357 ], [ -1.0005454, 48.1969508 ], [ -0.9992912, 48.1966005 ], [ -0.9991128, 48.196648 ], [ -0.9984682, 48.1960545 ], [ -0.9982423, 48.1960973 ], [ -0.9975289, 48.1959467 ], [ -0.9965102, 48.1961082 ], [ -0.9963731, 48.1962191 ], [ -0.9961384, 48.1962514 ], [ -0.9957739, 48.1962259 ], [ -0.9957456, 48.1961368 ], [ -0.9953133, 48.1959974 ], [ -0.9951235, 48.1960714 ], [ -0.9942811, 48.1954467 ], [ -0.9940466, 48.1954465 ], [ -0.9937957, 48.195282 ], [ -0.9929398, 48.1950119 ], [ -0.9926417, 48.1947949 ], [ -0.991862, 48.194606 ], [ -0.991995, 48.1941735 ], [ -0.9917502, 48.1939827 ], [ -0.9898937, 48.1939698 ], [ -0.9891601, 48.1938027 ], [ -0.9877239, 48.1937332 ], [ -0.9871517, 48.1938292 ], [ -0.9871177, 48.1940925 ], [ -0.9868241, 48.1943439 ], [ -0.9849164, 48.195026299999988 ], [ -0.9841409, 48.1951787 ], [ -0.9837479, 48.1953631 ], [ -0.9834272, 48.1954523 ], [ -0.9830274, 48.1954226 ], [ -0.9820401, 48.1958748 ], [ -0.9814991, 48.1964553 ], [ -0.9810008, 48.1967631 ], [ -0.9803435, 48.1969447 ], [ -0.9800436, 48.197435 ], [ -0.9801105, 48.1975715 ], [ -0.9797484, 48.1978982 ], [ -0.979698, 48.198195399999989 ], [ -0.9794836, 48.198444 ], [ -0.9780532, 48.1989004 ], [ -0.9779506, 48.1986831 ], [ -0.977785, 48.1986671 ], [ -0.9777016, 48.1987951 ], [ -0.9769305, 48.1991301 ], [ -0.9750792, 48.1993321 ], [ -0.9737222, 48.1990463 ], [ -0.9727173, 48.1989261 ], [ -0.9727047, 48.1990103 ], [ -0.9711556, 48.1992336 ], [ -0.9704663, 48.1991352 ], [ -0.969945, 48.1993879 ], [ -0.969461, 48.1993492 ], [ -0.9688141, 48.199188 ], [ -0.9680982, 48.1991662 ], [ -0.9668103, 48.198795 ], [ -0.9656968, 48.198718 ], [ -0.9643404, 48.1987798 ], [ -0.963864, 48.1985733 ], [ -0.9631007, 48.1979566 ], [ -0.9627575, 48.1975672 ], [ -0.9617442, 48.1971913 ], [ -0.9607708, 48.1966834 ], [ -0.9599457, 48.1957805 ], [ -0.9597459, 48.1951106 ], [ -0.9590059, 48.1949642 ], [ -0.9584844, 48.1950358 ], [ -0.9576636, 48.1949435 ], [ -0.9564428, 48.1951241 ], [ -0.9555015, 48.1946466 ], [ -0.9566479, 48.1926306 ], [ -0.9557785, 48.1924652 ], [ -0.9556605, 48.1915376 ], [ -0.9548959, 48.191656 ], [ -0.954789, 48.1912001 ], [ -0.9543855, 48.191192 ], [ -0.9538791, 48.1910333 ], [ -0.9535409, 48.1910149 ], [ -0.9524209, 48.1905965 ], [ -0.9514021, 48.1898207 ], [ -0.9511735, 48.1889455 ], [ -0.951164, 48.1884953 ], [ -0.951357, 48.1880853 ], [ -0.951301, 48.1878952 ], [ -0.9510879, 48.1875321 ], [ -0.9509436, 48.1875126 ], [ -0.9505076, 48.1870704 ], [ -0.950332, 48.1870646 ], [ -0.9498961, 48.1867125 ], [ -0.94974, 48.1861745 ], [ -0.9495248, 48.1858556 ], [ -0.9495914, 48.1847839 ], [ -0.9505199, 48.1839961 ], [ -0.95021, 48.1837434 ], [ -0.9493844, 48.1838908 ], [ -0.948757, 48.184147 ], [ -0.9454989, 48.1839965 ], [ -0.9425098, 48.1852091 ], [ -0.9423606, 48.185087 ], [ -0.9422711, 48.1847729 ], [ -0.9416657, 48.1841345 ], [ -0.9400824, 48.1855199 ], [ -0.940194, 48.1855891 ], [ -0.9400178, 48.1856653 ], [ -0.9399217, 48.1856226 ], [ -0.9383528, 48.1872371 ], [ -0.9376453, 48.1876689 ], [ -0.9316909, 48.188599 ], [ -0.9311938, 48.1885624 ], [ -0.9271815, 48.1876942 ], [ -0.9266891, 48.1887529 ], [ -0.9261916, 48.1886938 ], [ -0.9262215, 48.1892946 ], [ -0.9244369, 48.1897918 ], [ -0.9229407, 48.1903993 ], [ -0.9222293, 48.1907986 ], [ -0.9212653, 48.1915865 ], [ -0.9199064, 48.1919397 ], [ -0.9189863, 48.1920505 ], [ -0.9164383, 48.1926117 ], [ -0.913554, 48.1936542 ], [ -0.9117782, 48.1936915 ], [ -0.9106717, 48.1938516 ], [ -0.908611, 48.194809 ], [ -0.905496, 48.195723 ], [ -0.9039746, 48.1964499 ], [ -0.9041138, 48.1965642 ], [ -0.9029913, 48.1972193 ], [ -0.9024279, 48.1968164 ], [ -0.9017184, 48.1981551 ], [ -0.9012248, 48.1984039 ], [ -0.9011227, 48.1982442 ], [ -0.900763, 48.1980633 ], [ -0.9002053, 48.1982304 ], [ -0.8999907, 48.1982257 ], [ -0.8999513, 48.1979847 ], [ -0.8981488, 48.1973154 ], [ -0.8976177, 48.1970041 ], [ -0.8962791, 48.1968691 ], [ -0.8956184, 48.1964981 ], [ -0.8949778, 48.1966544 ], [ -0.8930346, 48.1965248 ], [ -0.8909128, 48.1966957 ], [ -0.8910111, 48.196933 ], [ -0.8901304, 48.1970863 ], [ -0.8897676, 48.1972469 ], [ -0.8895836, 48.1974368 ], [ -0.8890903, 48.1989891 ], [ -0.8879994, 48.2006421 ], [ -0.8873091, 48.2010036 ], [ -0.8854623, 48.2014526 ], [ -0.8849464, 48.2014012 ], [ -0.8847276, 48.2004435 ], [ -0.8848881, 48.1998049 ], [ -0.8853071, 48.1992362 ], [ -0.8853291, 48.1980535 ], [ -0.8843311, 48.1981143 ], [ -0.8838561, 48.1980326 ], [ -0.8836362, 48.1979372 ], [ -0.8834309, 48.1974917 ], [ -0.8823351, 48.1970854 ], [ -0.8819965, 48.1974461 ], [ -0.8815229, 48.1977301 ], [ -0.8809828, 48.1978253 ], [ -0.880636, 48.1977818 ], [ -0.8798267, 48.1978444 ], [ -0.8787215, 48.1976024 ], [ -0.8773273, 48.1969852 ], [ -0.8770618, 48.1969669 ], [ -0.875069, 48.196308 ], [ -0.8743345, 48.1958844 ], [ -0.8738339, 48.1954711 ], [ -0.873058, 48.195144299999988 ], [ -0.8720892, 48.1945014 ], [ -0.871638, 48.1945216 ], [ -0.870192, 48.1940969 ], [ -0.8697802, 48.1938285 ], [ -0.8697575, 48.1935734 ], [ -0.8690026, 48.1932189 ], [ -0.8684476, 48.1930551 ], [ -0.8679364, 48.1931583 ], [ -0.8674263, 48.1930012 ], [ -0.8668051, 48.1924296 ], [ -0.8655936, 48.1918198 ], [ -0.8650238, 48.1918223 ], [ -0.8644542, 48.1917337 ], [ -0.8639667, 48.1915722 ], [ -0.8632015, 48.1911306 ], [ -0.8604227, 48.1904603 ], [ -0.8597166, 48.1900717 ], [ -0.8594626, 48.1900242 ], [ -0.8590078, 48.1900877 ], [ -0.8588035, 48.1900205 ], [ -0.858672, 48.1898068 ], [ -0.8587644, 48.1893948 ], [ -0.8584735, 48.1889349 ], [ -0.8584389, 48.1887018 ], [ -0.8570894, 48.1887811 ], [ -0.8570796, 48.1885742 ], [ -0.8561333, 48.1885853 ], [ -0.8558719, 48.1882335 ], [ -0.855233, 48.1879346 ], [ -0.8533657, 48.1878974 ], [ -0.8529731, 48.1878715 ], [ -0.8529203, 48.187757 ], [ -0.8527036, 48.1877965 ], [ -0.8523781, 48.1882837 ], [ -0.8521733, 48.1882651 ], [ -0.8516813, 48.1886307 ], [ -0.8516519, 48.188947 ], [ -0.851252, 48.1892096 ], [ -0.8509435, 48.189616 ], [ -0.8505884, 48.1897339 ], [ -0.8505001, 48.1899827 ], [ -0.8506541, 48.190357 ], [ -0.8500904, 48.1904979 ], [ -0.8500888, 48.1905502 ], [ -0.8505124, 48.1906859 ], [ -0.8516953, 48.1917752 ], [ -0.8522283, 48.1919524 ], [ -0.8529471, 48.1923857 ], [ -0.8531041, 48.1925796 ], [ -0.8530641, 48.1931025 ], [ -0.8532129, 48.1934049 ], [ -0.8540373, 48.1934951 ], [ -0.8544551, 48.1938093 ], [ -0.8549429, 48.1944375 ], [ -0.8554549, 48.1947145 ], [ -0.8565549, 48.1949416 ], [ -0.8570387, 48.1952195 ], [ -0.8580696, 48.1967875 ], [ -0.8589774, 48.1977398 ], [ -0.8588173, 48.1980567 ], [ -0.8588392, 48.1982452 ], [ -0.8593513, 48.1985401 ], [ -0.8595084, 48.198717 ], [ -0.8596585, 48.1990193 ], [ -0.8595934, 48.1993448 ], [ -0.8589727, 48.2004011 ], [ -0.8587504, 48.200384 ], [ -0.8576053, 48.2006098 ], [ -0.857648, 48.2008804 ], [ -0.8570783, 48.2010134 ], [ -0.8563372, 48.2017151 ], [ -0.8546508, 48.2027945 ], [ -0.8532373, 48.2029433 ], [ -0.8528332, 48.202891699999988 ], [ -0.8518539, 48.2029516 ], [ -0.8497384, 48.2026233 ], [ -0.8490216, 48.2029205 ], [ -0.8480188, 48.2031758 ], [ -0.8469281, 48.2033726 ], [ -0.8459309, 48.2033735 ], [ -0.8458008, 48.2036039 ], [ -0.8460848, 48.2035991 ], [ -0.8449533, 48.2053251 ], [ -0.8446131, 48.2051875 ], [ -0.8443079, 48.2061028 ], [ -0.8442613, 48.2063692 ], [ -0.8453009, 48.2061372 ], [ -0.8449805, 48.2080826 ], [ -0.8441971, 48.2083181 ], [ -0.8431204, 48.2088558 ], [ -0.8437384, 48.2096608 ], [ -0.8423805, 48.2099294 ], [ -0.8424347, 48.2103591 ], [ -0.843281, 48.2105243 ], [ -0.8403736, 48.2120198 ], [ -0.8408016, 48.2127707 ], [ -0.8409726, 48.2134155 ], [ -0.8413763, 48.2142951 ], [ -0.8415541, 48.2145335 ], [ -0.8421117, 48.2148414 ], [ -0.8435268, 48.2164295 ], [ -0.8442978, 48.2176125 ], [ -0.8433416, 48.2179571 ], [ -0.8483108, 48.2195347 ], [ -0.8492181, 48.2197196 ], [ -0.8494464, 48.2199482 ], [ -0.8497282, 48.2214452 ], [ -0.8505166, 48.2230113 ], [ -0.8505472, 48.2233922 ], [ -0.8501958, 48.2242856 ], [ -0.847927, 48.2268919 ], [ -0.8479912, 48.227051 ], [ -0.8486589, 48.2275725 ], [ -0.8485193, 48.2280788 ], [ -0.8483951, 48.2282621 ], [ -0.8478575, 48.228285 ], [ -0.8473298, 48.2284437 ], [ -0.8469442, 48.2287211 ], [ -0.8460579, 48.2289544 ], [ -0.8444151, 48.2295745 ], [ -0.8436098, 48.2296062 ], [ -0.8430492, 48.2297767 ], [ -0.8422861, 48.2302213 ], [ -0.8415268, 48.2304586 ], [ -0.8406942, 48.231246 ], [ -0.8391492, 48.2320628 ], [ -0.8382822, 48.2322838 ], [ -0.8369468, 48.2329442 ], [ -0.8354395, 48.2333905 ], [ -0.8301841, 48.2306522 ], [ -0.830057, 48.2312032 ], [ -0.8291542, 48.2311739 ], [ -0.828348, 48.2313243 ], [ -0.8277695, 48.2330123 ], [ -0.8272874, 48.2335973 ], [ -0.827104, 48.2341906 ], [ -0.8272087, 48.2346295 ], [ -0.8281813, 48.2351556 ], [ -0.8282974, 48.2353437 ], [ -0.8283999, 48.2355845 ], [ -0.8284315, 48.2364654 ], [ -0.8291399, 48.2370478 ], [ -0.8290805, 48.2379929 ], [ -0.8295206, 48.2389839 ], [ -0.8303255, 48.239928 ], [ -0.8303098, 48.2404906 ], [ -0.8305881, 48.2411284 ], [ -0.8335115, 48.2432748 ], [ -0.8339888, 48.2450159 ], [ -0.8339759, 48.2453208 ], [ -0.8334633, 48.2454861 ], [ -0.8320921, 48.2457513 ], [ -0.8312921, 48.2460457 ], [ -0.829686, 48.2471616 ], [ -0.8279518, 48.2481304 ], [ -0.8250796, 48.248827 ], [ -0.8245366, 48.2490382 ], [ -0.8243899, 48.2491736 ], [ -0.8232454, 48.2492935 ], [ -0.82282, 48.2490622 ], [ -0.8222441, 48.2490818 ], [ -0.8216722, 48.2492111 ], [ -0.8212924, 48.2493864 ], [ -0.8181114, 48.2490614 ], [ -0.8184691, 48.2505362 ], [ -0.8189358, 48.2515588 ], [ -0.819436, 48.2520399 ], [ -0.8206249, 48.2527734 ], [ -0.821002, 48.2532126 ], [ -0.8212234, 48.2546467 ], [ -0.8216887, 48.2556694 ], [ -0.8225444, 48.256456 ], [ -0.8247025, 48.25755 ], [ -0.7982541, 48.279978 ], [ -0.7907775, 48.2863883 ], [ -0.7887901, 48.2881986 ], [ -0.7874064, 48.2892843 ], [ -0.7806937, 48.2950505 ], [ -0.7901101, 48.3002744 ], [ -0.7880026, 48.3013796 ], [ -0.7879468, 48.3015615 ], [ -0.7890034, 48.3032427 ], [ -0.7891767, 48.3038686 ], [ -0.7887927, 48.3040854 ], [ -0.7887662, 48.3049924 ], [ -0.7890862, 48.3054424 ], [ -0.7898386, 48.3061795 ], [ -0.790117, 48.3066335 ], [ -0.790532, 48.3088334 ], [ -0.790963, 48.3098501 ], [ -0.7910169, 48.3107482 ], [ -0.7906633, 48.3116125 ], [ -0.7907544, 48.312914799999987 ], [ -0.7904611, 48.313642099999988 ], [ -0.7900163, 48.3141041 ], [ -0.7900298, 48.3143288 ], [ -0.7902414, 48.3145481 ], [ -0.7914113, 48.314217 ], [ -0.7921841, 48.3138094 ], [ -0.7927483, 48.3133382 ], [ -0.7928504, 48.3129936 ], [ -0.7934335, 48.3122407 ], [ -0.794661, 48.3121662 ], [ -0.7951873, 48.312272799999988 ], [ -0.7952968, 48.312387199999989 ], [ -0.795365, 48.3128841 ], [ -0.7979384, 48.3130465 ], [ -0.7990244, 48.3133683 ], [ -0.7995553, 48.3136143 ], [ -0.8009147, 48.3146371 ], [ -0.8017626, 48.3146909 ], [ -0.802007, 48.3151389 ], [ -0.8018734, 48.3159439 ], [ -0.8015713, 48.3165481 ], [ -0.8019708, 48.3175351 ], [ -0.8019835, 48.3178608 ], [ -0.8019383, 48.3180577 ], [ -0.8015338, 48.318123 ], [ -0.8013821, 48.319089 ], [ -0.8018502, 48.3195477 ], [ -0.8023118, 48.3196572 ], [ -0.8030878, 48.3202087 ], [ -0.8027017, 48.3211831 ], [ -0.8027032, 48.3216155 ], [ -0.8028759, 48.322099 ], [ -0.802791, 48.3225692 ], [ -0.8062134, 48.3261712 ], [ -0.8065879, 48.3267915 ], [ -0.807226, 48.3270799 ], [ -0.8078398, 48.3271989 ], [ -0.8084619, 48.3274518 ], [ -0.8113238, 48.3283244 ], [ -0.8108277, 48.3291762 ], [ -0.8105099, 48.3295261 ], [ -0.8075683, 48.3313997 ], [ -0.8058309, 48.3322375 ], [ -0.8035789, 48.3328152 ], [ -0.8021632, 48.3335822 ], [ -0.8030389, 48.3346692 ], [ -0.8036391, 48.3345634 ], [ -0.8051593, 48.3340273 ], [ -0.805718, 48.3339814 ], [ -0.8063665, 48.3356629 ], [ -0.8063139, 48.3359808 ], [ -0.8061067, 48.3363297 ], [ -0.8031525, 48.3354384 ], [ -0.8024923, 48.3382844 ], [ -0.8023358, 48.3385119 ], [ -0.8024847, 48.3389647 ], [ -0.8029819, 48.3397684 ], [ -0.8034123, 48.3400022 ], [ -0.8032587, 48.3401765 ], [ -0.8032481, 48.3405534 ], [ -0.803394, 48.340927 ], [ -0.8037692, 48.3412023 ], [ -0.8044042, 48.3419115 ], [ -0.8042559, 48.3423081 ], [ -0.803312, 48.343885 ], [ -0.8027208, 48.3454451 ], [ -0.8012103, 48.3455783 ], [ -0.7996537, 48.3456148 ], [ -0.799014, 48.3463938 ], [ -0.7987212, 48.346604899999988 ], [ -0.7990176, 48.3467242 ], [ -0.7985, 48.3470597 ], [ -0.7985531, 48.3472147 ], [ -0.7989661, 48.3473384 ], [ -0.7999359, 48.347763 ], [ -0.8004973, 48.348108 ], [ -0.8021783, 48.3488007 ], [ -0.8029905, 48.3488206 ], [ -0.8036488, 48.3500559 ], [ -0.8051307, 48.3519359 ], [ -0.8068197, 48.3534624 ], [ -0.807169, 48.3539015 ], [ -0.8083632, 48.3560222 ], [ -0.808879, 48.3572837 ], [ -0.8087557, 48.3573922 ], [ -0.8095035, 48.3580878 ], [ -0.8097521, 48.3585536 ], [ -0.8098111, 48.3595533 ], [ -0.8095356, 48.3599486 ], [ -0.8088714, 48.3603141 ], [ -0.8086421, 48.3610483 ], [ -0.8078316, 48.3617265 ], [ -0.8072529, 48.3617803 ], [ -0.8063646, 48.362225 ], [ -0.8060361, 48.3621869 ], [ -0.8055939, 48.3622579 ], [ -0.8053439, 48.362464 ], [ -0.805245, 48.3627041 ], [ -0.805602, 48.3629494 ], [ -0.8052785, 48.3630174 ], [ -0.8047229, 48.3636324 ], [ -0.8040673, 48.3648659 ], [ -0.8039767, 48.3651642 ], [ -0.8040262, 48.3659607 ], [ -0.8040975, 48.3661989 ], [ -0.8043516, 48.36646 ], [ -0.80432, 48.3671627 ], [ -0.8037323, 48.367297799999989 ], [ -0.8030246, 48.3678294 ], [ -0.8028923, 48.3680192 ], [ -0.8028918, 48.369526199999989 ], [ -0.8025245, 48.3700541 ], [ -0.8022751, 48.3708863 ], [ -0.8023867, 48.3713078 ], [ -0.803307, 48.3717151 ], [ -0.8033381, 48.3719573 ], [ -0.8037057, 48.3725544 ], [ -0.8036056, 48.3730575 ], [ -0.8037232, 48.3742535 ], [ -0.8053011, 48.3741244 ], [ -0.8060582, 48.3741434 ], [ -0.8071504, 48.3742154 ], [ -0.8096586, 48.3745563 ], [ -0.8101267, 48.3744665 ], [ -0.8109235, 48.3740815 ], [ -0.8110402, 48.373939 ], [ -0.8126185, 48.3736297 ], [ -0.8129165, 48.3733949 ], [ -0.8133741, 48.3734784 ], [ -0.813896, 48.3732931 ], [ -0.8142099, 48.3730912 ], [ -0.815002, 48.3722703 ], [ -0.8161375, 48.3714861 ], [ -0.816405, 48.3709433 ], [ -0.8165324, 48.3708735 ], [ -0.8171073, 48.3708595 ], [ -0.8169568, 48.3693835 ], [ -0.8173385, 48.3679561 ], [ -0.8167844, 48.3674363 ], [ -0.8167569, 48.3672435 ], [ -0.816893, 48.3667725 ], [ -0.8172428, 48.3665262 ], [ -0.8172141, 48.366355 ], [ -0.8173893, 48.3662728 ], [ -0.8175635, 48.3660285 ], [ -0.8192709, 48.366068 ], [ -0.8197814, 48.3663209 ], [ -0.8210398, 48.3663199 ], [ -0.8224511, 48.3661357 ], [ -0.8236239, 48.3657564 ], [ -0.8258236, 48.3661141 ], [ -0.8278441, 48.3650697 ], [ -0.8302617, 48.3631306 ], [ -0.8328127, 48.3639326 ], [ -0.8330316, 48.3641354 ], [ -0.8329322, 48.3670741 ], [ -0.8339425, 48.3671549 ], [ -0.834078, 48.3667884 ], [ -0.8343187, 48.3667338 ], [ -0.8342727, 48.3665299 ], [ -0.8344718, 48.3665721 ], [ -0.8351239, 48.366469 ], [ -0.8353453, 48.3665564 ], [ -0.8354664, 48.3665119 ], [ -0.8362372, 48.3657376 ], [ -0.8366374, 48.3656282 ], [ -0.8372789, 48.3652678 ], [ -0.837703, 48.3652442 ], [ -0.8382443, 48.3649195 ], [ -0.8386373, 48.3648041 ], [ -0.8390626, 48.3645372 ], [ -0.8395074, 48.3640201 ], [ -0.8408324, 48.3636916 ], [ -0.8435308, 48.3635113 ], [ -0.8437704, 48.3641818 ], [ -0.8442874, 48.363931699999988 ], [ -0.8451713, 48.3651136 ], [ -0.8470394, 48.3668868 ], [ -0.8471042, 48.3671432 ], [ -0.8472941, 48.3673379 ], [ -0.847669, 48.3671961 ], [ -0.8482885, 48.3673299 ], [ -0.8483625, 48.3681193 ], [ -0.8491245, 48.3680585 ], [ -0.8514202, 48.3685973 ], [ -0.8518558, 48.3693028 ], [ -0.852147, 48.3694393 ], [ -0.8535546, 48.3693142 ], [ -0.8536747, 48.369458 ], [ -0.8534639, 48.3698288 ], [ -0.8540631, 48.3716396 ], [ -0.8549008, 48.3723708 ], [ -0.8562563, 48.3739858 ], [ -0.8563649, 48.3762405 ], [ -0.8566069, 48.376701 ], [ -0.8567193, 48.3773855 ], [ -0.8584585, 48.3768749 ], [ -0.8596332, 48.3766691 ], [ -0.8602233, 48.3764931 ], [ -0.8613946, 48.3757442 ], [ -0.8613821, 48.3755924 ], [ -0.8618013, 48.3752247 ], [ -0.8620958, 48.3750935 ], [ -0.8621884, 48.3748815 ], [ -0.8619732, 48.3741418 ], [ -0.861573, 48.3738108 ], [ -0.8614701, 48.3733484 ], [ -0.8617681, 48.3728965 ], [ -0.861806, 48.3725106 ], [ -0.8620931, 48.3720572 ], [ -0.8631199, 48.3712742 ], [ -0.8629315, 48.3710102 ], [ -0.8629385, 48.3708487 ], [ -0.8633172, 48.3705751 ], [ -0.8645322, 48.370054499999988 ], [ -0.8649603, 48.3700126 ], [ -0.8652456, 48.3697736 ], [ -0.8656542, 48.369612499999988 ], [ -0.8663967, 48.3688821 ], [ -0.8666687, 48.3687561 ], [ -0.8677163, 48.3675788 ], [ -0.8681931, 48.3675002 ], [ -0.868296, 48.3673734 ], [ -0.8685261, 48.3673046 ], [ -0.8694109, 48.366615499999988 ], [ -0.8701375, 48.365927 ], [ -0.870317, 48.3656292 ], [ -0.8716094, 48.3646763 ], [ -0.8729457, 48.3653838 ], [ -0.8749011, 48.3666953 ], [ -0.8760397, 48.3677453 ], [ -0.8767452, 48.3674691 ], [ -0.8779531, 48.367625 ], [ -0.8786937, 48.3674386 ], [ -0.8790329, 48.3674743 ], [ -0.8793719, 48.3673416 ], [ -0.8794026, 48.3672082 ], [ -0.8799093, 48.3670583 ], [ -0.8806458, 48.3665973 ], [ -0.8812908, 48.3663618 ], [ -0.8814068, 48.3661742 ], [ -0.8819811, 48.3662635 ], [ -0.884881, 48.3711505 ], [ -0.8858449, 48.3708766 ], [ -0.8879561, 48.3706866 ], [ -0.8889854, 48.370381699999989 ], [ -0.88959, 48.3700754 ], [ -0.8905827, 48.3701166 ], [ -0.8918239, 48.3703388 ], [ -0.8931375, 48.3703866 ], [ -0.8941401, 48.370215 ], [ -0.8951533, 48.370151 ], [ -0.8961101, 48.3699448 ], [ -0.8970969, 48.3695781 ], [ -0.8974409, 48.3695686 ], [ -0.8983432, 48.368975 ], [ -0.8996369, 48.3689009 ], [ -0.9005606, 48.3690155 ], [ -0.9015758, 48.3690325 ], [ -0.9021235, 48.3691982 ], [ -0.9022026, 48.3692983 ], [ -0.9067594, 48.3694741 ], [ -0.9071052, 48.3694708 ], [ -0.907704, 48.3692502 ], [ -0.9087646, 48.3700052 ], [ -0.9090505, 48.370159699999988 ], [ -0.9093015, 48.3701721 ], [ -0.909602, 48.3703585 ], [ -0.9098667, 48.3707002 ], [ -0.9097802, 48.3712273 ], [ -0.9106262, 48.3719497 ], [ -0.9107071, 48.372111 ], [ -0.9113758, 48.3724853 ], [ -0.9114118, 48.3727507 ], [ -0.9116391, 48.3729711 ], [ -0.9127504, 48.3733875 ], [ -0.9138303, 48.3745273 ], [ -0.9141378, 48.3747351 ], [ -0.9143594, 48.374750299999988 ], [ -0.9147144, 48.3744341 ], [ -0.9157621, 48.3738158 ], [ -0.9164003, 48.3737064 ], [ -0.9170737, 48.3732914 ], [ -0.9175932, 48.3732048 ], [ -0.9177691, 48.3727703 ], [ -0.9178809, 48.3727828 ], [ -0.9181918, 48.3724374 ], [ -0.9190331, 48.3719529 ], [ -0.9197482, 48.3717157 ], [ -0.9211282, 48.3716745 ], [ -0.9213743, 48.3717844 ], [ -0.9218119, 48.371596 ], [ -0.9224376, 48.3711943 ], [ -0.9225316, 48.3705696 ], [ -0.9227773, 48.370311 ], [ -0.9234282, 48.3701381 ], [ -0.9260277, 48.3699529 ], [ -0.9265218, 48.3692375 ], [ -0.9268371, 48.3690244 ], [ -0.9265794, 48.3683618 ], [ -0.9269721, 48.3681722 ], [ -0.9271827, 48.3679689 ], [ -0.9273702, 48.3675645 ], [ -0.9273183, 48.367178 ], [ -0.9275038, 48.3670376 ], [ -0.9280315, 48.3670426 ], [ -0.9294098, 48.3665834 ], [ -0.930595, 48.3664333 ], [ -0.931053, 48.3661406 ], [ -0.9315644, 48.3659471 ], [ -0.9320721, 48.3654501 ], [ -0.9324431, 48.3654225 ], [ -0.9328921, 48.3651355 ], [ -0.9347014, 48.3645836 ], [ -0.9348894, 48.3644224 ], [ -0.935031, 48.3645258 ], [ -0.9364632, 48.3645701 ], [ -0.9364674, 48.3646438 ], [ -0.9362061, 48.3647831 ], [ -0.9362979, 48.3648719 ], [ -0.9365143, 48.3647656 ], [ -0.9367258, 48.364791 ], [ -0.9370496, 48.3647109 ], [ -0.9373958, 48.3648931 ], [ -0.9374707, 48.3650987 ], [ -0.937587, 48.3651182 ], [ -0.9379107, 48.3648912 ], [ -0.9378865, 48.3646768 ], [ -0.9381624, 48.3646415 ], [ -0.9388635, 48.364274 ], [ -0.9392016, 48.3637529 ], [ -0.9395781, 48.3634738 ], [ -0.9397626, 48.363464 ], [ -0.93988, 48.3632809 ], [ -0.9400466, 48.3632132 ], [ -0.9404169, 48.3625991 ], [ -0.9403924, 48.3615505 ], [ -0.9407181, 48.3615315 ], [ -0.9410031, 48.3613851 ], [ -0.9413537, 48.3609762 ], [ -0.941455, 48.3609935 ], [ -0.9415472, 48.3607634 ], [ -0.9418405, 48.3605825 ], [ -0.9423569, 48.3607815 ], [ -0.9424491, 48.3610019 ], [ -0.9426515, 48.360996 ], [ -0.9428578, 48.360718899999988 ], [ -0.9435961, 48.3601457 ], [ -0.9438073, 48.3595198 ], [ -0.9446071, 48.3591175 ], [ -0.9445353, 48.3590614 ], [ -0.9441467, 48.3591248 ], [ -0.9440268, 48.3588603 ], [ -0.9436976, 48.3587055 ], [ -0.9435853, 48.3583625 ], [ -0.9437589, 48.3582621 ], [ -0.9435919, 48.3580172 ], [ -0.9430214, 48.3579263 ], [ -0.9426019, 48.3579917 ], [ -0.9426068, 48.3577681 ], [ -0.9428052, 48.3576201 ], [ -0.9427807, 48.3575461 ], [ -0.9424831, 48.3575794 ], [ -0.9423118, 48.3576915 ], [ -0.9421399, 48.357671 ], [ -0.942036, 48.357547499999988 ], [ -0.9418347, 48.3575128 ], [ -0.9415135, 48.3573019 ], [ -0.9417984, 48.3571176 ], [ -0.9414567, 48.3570317 ], [ -0.9413599, 48.3568403 ], [ -0.9411569, 48.3567822 ], [ -0.941205, 48.3566671 ], [ -0.9416361, 48.3565393 ], [ -0.9412659, 48.3562165 ], [ -0.9415107, 48.3558588 ], [ -0.9410868, 48.355900899999988 ], [ -0.9408708, 48.3556342 ], [ -0.941035, 48.3553009 ], [ -0.9412913, 48.3552401 ], [ -0.9415458, 48.35501 ], [ -0.9410897, 48.3546415 ], [ -0.9412013, 48.3543999 ], [ -0.9414332, 48.3543012 ], [ -0.9415979, 48.3540651 ], [ -0.9415508, 48.3539415 ], [ -0.9411824, 48.3538402 ], [ -0.9411721, 48.3536487 ], [ -0.9416649, 48.35339 ], [ -0.9419788, 48.353448 ], [ -0.9421984, 48.3532227 ], [ -0.9425187, 48.353150799999987 ], [ -0.9427495, 48.3531818 ], [ -0.9428818, 48.3529099 ], [ -0.9431656, 48.3528734 ], [ -0.9434889, 48.3526969 ], [ -0.9440262, 48.352779 ], [ -0.9448388, 48.3526753 ], [ -0.9455631, 48.3524034 ], [ -0.94603, 48.3523221 ], [ -0.9462633, 48.3521171 ], [ -0.9465985, 48.3523338 ], [ -0.9472437, 48.3525393 ], [ -0.9473184, 48.3528503 ], [ -0.9478067, 48.3536474 ], [ -0.9482089, 48.3536944 ], [ -0.9485811, 48.3546188 ], [ -0.9492201, 48.3551182 ], [ -0.9492971, 48.3573676 ], [ -0.9496181, 48.3575749 ], [ -0.9495918, 48.3583586 ], [ -0.9504708, 48.3592625 ], [ -0.9506772, 48.3595817 ], [ -0.9506682, 48.3599117 ], [ -0.9513644, 48.360415499999988 ], [ -0.9522922, 48.3608547 ], [ -0.9524318, 48.3613275 ], [ -0.9542464, 48.3638865 ], [ -0.9551147, 48.3645925 ], [ -0.95555, 48.3647906 ], [ -0.9555979, 48.3653016 ], [ -0.9554888, 48.3654502 ], [ -0.955682, 48.3658987 ], [ -0.9561661, 48.3663131 ], [ -0.9583677, 48.365873799999989 ], [ -0.9610137, 48.3650719 ], [ -0.9627148, 48.3649699 ], [ -0.9673867, 48.3642342 ], [ -0.9688436, 48.3642656 ], [ -0.9723737, 48.3648435 ], [ -0.9749375, 48.3645674 ], [ -0.9758277, 48.3640754 ], [ -0.9767816, 48.3641397 ], [ -0.9779034, 48.364102 ], [ -0.9780438, 48.3641883 ], [ -0.9782446, 48.3652166 ], [ -0.9783904, 48.3653928 ], [ -0.9784885, 48.3658849 ], [ -0.9792427, 48.3672937 ], [ -0.9793825, 48.3678899 ], [ -0.9790723, 48.3683111 ], [ -0.9790505, 48.3686127 ], [ -0.9796126, 48.3683226 ], [ -0.980604, 48.3682389 ], [ -0.98097, 48.3682878 ], [ -0.9811449, 48.3681504 ], [ -0.982111, 48.3684828 ], [ -0.9822548, 48.3686139 ], [ -0.9818221, 48.3692555 ], [ -0.9817844, 48.3695612 ], [ -0.9819219, 48.3696629 ], [ -0.9828625, 48.3696763 ], [ -0.9870431, 48.3692518 ], [ -0.9874657, 48.3696898 ], [ -0.9877232, 48.3697514 ], [ -0.987901, 48.3699022 ], [ -0.988463, 48.3697373 ], [ -0.9889042, 48.369743199999988 ], [ -0.9891217, 48.3699538 ], [ -0.9895427, 48.3700676 ], [ -0.9899864, 48.3703202 ], [ -0.9910486, 48.3702961 ], [ -0.9918898, 48.3701038 ], [ -0.9925094, 48.3716575 ], [ -0.9950186, 48.3711919 ], [ -0.997784, 48.3709139 ], [ -0.998346, 48.3707129 ], [ -0.999118, 48.3705526 ], [ -1.0003493, 48.3705651 ], [ -1.002901, 48.3703753 ], [ -1.0058225, 48.3697873 ], [ -1.0079969, 48.369757 ], [ -1.0080513, 48.3694587 ], [ -1.0086175, 48.3695089 ], [ -1.0112764, 48.3694306 ], [ -1.0124839, 48.3701239 ], [ -1.0126074, 48.3703071 ], [ -1.0119374, 48.3710946 ], [ -1.011632, 48.3720535 ], [ -1.0151658, 48.3730373 ], [ -1.0176184, 48.3733721 ], [ -1.0180737, 48.3735791 ], [ -1.0184231, 48.37387 ], [ -1.0180838, 48.3742427 ], [ -1.0178095, 48.3747583 ], [ -1.0173752, 48.375091 ], [ -1.0180025, 48.3750184 ], [ -1.0186514, 48.375282 ], [ -1.0190949, 48.3753354 ], [ -1.0196796, 48.3752543 ], [ -1.020533, 48.3752739 ], [ -1.0212378, 48.3755085 ], [ -1.021523, 48.3756835 ], [ -1.0223673, 48.3757431 ], [ -1.0228436, 48.3764197 ], [ -1.0230515, 48.3764505 ], [ -1.023169, 48.3765537 ], [ -1.0231072, 48.3766837 ], [ -1.0233115, 48.3769317 ], [ -1.0237593, 48.377199399999988 ], [ -1.0254395, 48.3774395 ], [ -1.0273811, 48.377542 ], [ -1.0275787, 48.3776326 ], [ -1.0279963, 48.3776652 ], [ -1.0285581, 48.3784316 ], [ -1.0293915, 48.378896 ], [ -1.0295071, 48.3790624 ], [ -1.0298262, 48.3790092 ], [ -1.0304847, 48.3791147 ], [ -1.0321047, 48.3792028 ], [ -1.0332842, 48.3789779 ], [ -1.0340654, 48.3791486 ], [ -1.0347082, 48.3789961 ], [ -1.0361504, 48.3788632 ], [ -1.0380185, 48.379576 ], [ -1.0391848, 48.3796191 ], [ -1.0408461, 48.3799273 ], [ -1.0419716, 48.3799321 ], [ -1.0432261, 48.3801722 ], [ -1.0434925, 48.3795577 ], [ -1.0465536, 48.379691 ], [ -1.0470333, 48.3796332 ], [ -1.0473596, 48.379586 ], [ -1.0476546, 48.3793777 ], [ -1.0478283, 48.3790168 ], [ -1.0480961, 48.3792464 ], [ -1.0492322, 48.3808102 ], [ -1.0503582, 48.380787 ], [ -1.0530231, 48.3809724 ], [ -1.0541157, 48.3809359 ], [ -1.0542339, 48.3791202 ], [ -1.0570744, 48.3791464 ], [ -1.0578857, 48.3772358 ], [ -1.0576934, 48.3767946 ], [ -1.0577432, 48.3766686 ], [ -1.0575312, 48.3764452 ], [ -1.0576146, 48.3758262 ], [ -1.0572428, 48.3755813 ], [ -1.0574141, 48.3753484 ], [ -1.0582862, 48.374542 ], [ -1.0586223, 48.374534 ], [ -1.0589881, 48.3739837 ], [ -1.0595332, 48.3737055 ], [ -1.0604263, 48.3734686 ], [ -1.061117, 48.3728008 ], [ -1.0623441, 48.372075 ], [ -1.062539, 48.3718331 ], [ -1.0633124, 48.3713084 ], [ -1.0640226, 48.370421 ], [ -1.0645324, 48.3700369 ], [ -1.0646762, 48.3697283 ], [ -1.0648808, 48.3677754 ], [ -1.0650825, 48.3673072 ], [ -1.0645328, 48.367 ], [ -1.0620694, 48.3670863 ], [ -1.0599469, 48.3670006 ], [ -1.0588849, 48.367044199999988 ], [ -1.0571383, 48.3656789 ], [ -1.0568452, 48.3655952 ], [ -1.0567154, 48.3653492 ], [ -1.0559061, 48.3648139 ], [ -1.0555423, 48.364321 ], [ -1.0553231, 48.3636348 ], [ -1.0553437, 48.3624648 ], [ -1.0554723, 48.3619244 ], [ -1.0557641, 48.3617288 ], [ -1.0561361, 48.3610827 ], [ -1.057025, 48.3608478 ], [ -1.0577344, 48.3605109 ], [ -1.0590129, 48.359404 ], [ -1.0599794, 48.3576177 ], [ -1.0595425, 48.3575435 ], [ -1.0601743, 48.3564832 ], [ -1.0605811, 48.3551341 ], [ -1.0598219, 48.3540376 ], [ -1.0597116, 48.3533612 ], [ -1.0597582, 48.3524597 ], [ -1.0600998, 48.3510363 ], [ -1.0599963, 48.3502218 ], [ -1.0602132, 48.3493018 ], [ -1.0601778, 48.3489318 ], [ -1.0593238, 48.3479359 ], [ -1.0583385, 48.3478301 ], [ -1.058294, 48.3469379 ], [ -1.0569071, 48.3449197 ], [ -1.0569497, 48.3440525 ], [ -1.056518, 48.3435538 ], [ -1.0561192, 48.3422197 ], [ -1.0559609, 48.3412711 ], [ -1.0559837, 48.3410947 ], [ -1.0561442, 48.3409495 ], [ -1.0560845, 48.3405966 ], [ -1.0550555, 48.3396941 ], [ -1.0542453, 48.3387903 ], [ -1.0535714, 48.3378476 ], [ -1.0529967, 48.3373863 ], [ -1.0517936, 48.3367131 ], [ -1.0512183, 48.3361201 ], [ -1.0504137, 48.3357441 ], [ -1.0499262, 48.3352563 ], [ -1.0482953, 48.3327446 ], [ -1.0458726, 48.3297383 ], [ -1.0451299, 48.3283907 ], [ -1.0450866, 48.3278093 ], [ -1.0454157, 48.3276098 ], [ -1.0465802, 48.3265195 ], [ -1.0476595, 48.3260087 ], [ -1.0486788, 48.3253693 ], [ -1.0494027, 48.3246644 ], [ -1.0505961, 48.3232334 ], [ -1.0512664, 48.3222186 ], [ -1.0532332, 48.3218684 ], [ -1.0536707, 48.3217263 ], [ -1.0539654, 48.3215009 ], [ -1.0546554, 48.3204448 ], [ -1.055278, 48.318498299999987 ], [ -1.0560984, 48.317244 ], [ -1.0575245, 48.3155942 ], [ -1.0578098, 48.31537 ], [ -1.0587091, 48.313931 ], [ -1.0593188, 48.313674899999988 ], [ -1.0596985, 48.3133808 ], [ -1.0599168, 48.3131463 ], [ -1.0598551, 48.312679 ], [ -1.061404, 48.3113979 ], [ -1.0613638, 48.311193 ], [ -1.0622028, 48.3108119 ], [ -1.0628492, 48.3106654 ], [ -1.0642687, 48.3099662 ], [ -1.0657089, 48.3094833 ], [ -1.0661466, 48.3094151 ], [ -1.0664124, 48.3092726 ], [ -1.0702657, 48.3059067 ], [ -1.0712335, 48.3054292 ], [ -1.0723201, 48.3044972 ], [ -1.0745823, 48.3029832 ], [ -1.0754398, 48.3026879 ], [ -1.0757585, 48.3024093 ], [ -1.0759366, 48.302023 ], [ -1.0782051, 48.3006285 ], [ -1.0792832, 48.2997994 ], [ -1.0799836, 48.2998987 ], [ -1.0801077, 48.2998448 ], [ -1.0821154, 48.2984836 ], [ -1.0828861, 48.2975921 ], [ -1.0833569, 48.2958812 ], [ -1.0841929, 48.2945099 ], [ -1.0844225, 48.2937974 ], [ -1.0842792, 48.2936727 ], [ -1.0836108, 48.2935678 ], [ -1.0840648, 48.2928233 ], [ -1.0846405, 48.2926043 ], [ -1.0851671, 48.2922915 ], [ -1.0855536, 48.291897 ], [ -1.0861492, 48.2918467 ], [ -1.0864307, 48.2916469 ], [ -1.0870281, 48.2909947 ], [ -1.0865496, 48.2907436 ], [ -1.0871955, 48.2900555 ], [ -1.0881914, 48.2894246 ], [ -1.0886446, 48.2899234 ], [ -1.0898978, 48.2895107 ], [ -1.0903939, 48.2894494 ], [ -1.0908646, 48.2870978 ], [ -1.0910945, 48.2868601 ], [ -1.0907804, 48.2852151 ], [ -1.092733, 48.2826005 ], [ -1.0929839, 48.2809665 ], [ -1.0932989, 48.2799654 ], [ -1.0933632, 48.2775973 ], [ -1.0931843, 48.2766854 ], [ -1.0926458, 48.2750535 ], [ -1.0936023, 48.2729293 ], [ -1.0941621, 48.2726306 ], [ -1.0944947, 48.2723091 ], [ -1.0950484, 48.272087299999988 ], [ -1.0956802, 48.2720203 ], [ -1.0977429, 48.2711262 ], [ -1.0981056, 48.2704794 ], [ -1.0984614, 48.2702832 ], [ -1.0986778, 48.2698559 ], [ -1.0987648, 48.2693781 ], [ -1.0989265, 48.2692193 ], [ -1.0993627, 48.2690672 ], [ -1.0995367, 48.2687702 ], [ -1.0999913, 48.2684742 ] ] ] ] } },
{ "type": "Feature", "properties": { "code_departement": 53.0, "code_rne": "0530078X", "multisecteur": 0.0 }, "geometry": { "type": "MultiPolygon", "coordinates": [ [ [ [ -0.6731134, 48.2353896 ], [ -0.6736659, 48.2348824 ], [ -0.6744629, 48.2344198 ], [ -0.6747982, 48.2337951 ], [ -0.6754288, 48.2331522 ], [ -0.6756949, 48.2330619 ], [ -0.676168, 48.2329634 ], [ -0.6773044, 48.2328839 ], [ -0.681079, 48.2327429 ], [ -0.6833227, 48.2331125 ], [ -0.6865506, 48.232865 ], [ -0.6875303, 48.2327227 ], [ -0.6909937, 48.2319885 ], [ -0.6918797, 48.2317419 ], [ -0.6931871, 48.2312362 ], [ -0.6943833, 48.2309331 ], [ -0.6948042, 48.2307641 ], [ -0.6952852, 48.2303554 ], [ -0.6954883, 48.2300023 ], [ -0.6956989, 48.2290643 ], [ -0.6973944, 48.2279618 ], [ -0.6995919, 48.2267518 ], [ -0.6997575, 48.2264421 ], [ -0.6997618, 48.2257538 ], [ -0.698952, 48.224011 ], [ -0.6989109, 48.2233475 ], [ -0.6988479, 48.2231999 ], [ -0.6982554, 48.2227663 ], [ -0.6978097, 48.2221578 ], [ -0.6972196, 48.2204522 ], [ -0.6973116, 48.2181119 ], [ -0.6978918, 48.216294 ], [ -0.6985121, 48.2155485 ], [ -0.699356, 48.215014 ], [ -0.7014755, 48.214545 ], [ -0.7025391, 48.2139324 ], [ -0.7032122, 48.2130394 ], [ -0.7045302, 48.2121558 ], [ -0.7058299, 48.2116439 ], [ -0.7065473, 48.2117078 ], [ -0.7073524, 48.2116006 ], [ -0.7080528, 48.211402 ], [ -0.7096769, 48.2100251 ], [ -0.7099719, 48.2096204 ], [ -0.7103304, 48.2084912 ], [ -0.7103516, 48.2080258 ], [ -0.7101178, 48.2073647 ], [ -0.7101984, 48.2070163 ], [ -0.7083605, 48.2070011 ], [ -0.7077211, 48.207068 ], [ -0.7069828, 48.2068786 ], [ -0.7054777, 48.2061143 ], [ -0.7029341, 48.2041259 ], [ -0.7013393, 48.2037129 ], [ -0.7008482, 48.2033977 ], [ -0.6995113, 48.203164 ], [ -0.6987847, 48.2025256 ], [ -0.6985471, 48.2024231 ], [ -0.6974712, 48.2022794 ], [ -0.6985753, 48.201326 ], [ -0.6990336, 48.2003866 ], [ -0.6989439, 48.1997417 ], [ -0.6994145, 48.19969 ], [ -0.7004869, 48.1979008 ], [ -0.7025099, 48.1958376 ], [ -0.7028844, 48.195625 ], [ -0.7038393, 48.1953716 ], [ -0.7027964, 48.1952359 ], [ -0.70216, 48.1954009 ], [ -0.7020115, 48.1955704 ], [ -0.7006663, 48.1960215 ], [ -0.6997698, 48.1964568 ], [ -0.6988348, 48.1965338 ], [ -0.6985971, 48.1966413 ], [ -0.6982259, 48.1970339 ], [ -0.6971414, 48.1977084 ], [ -0.6967968, 48.197848 ], [ -0.6959373, 48.1979848 ], [ -0.6951687, 48.1979566 ], [ -0.6936576, 48.1975995 ], [ -0.6933963, 48.1976004 ], [ -0.6930352, 48.1971776 ], [ -0.6923332, 48.1970032 ], [ -0.691563, 48.1970876 ], [ -0.6898213, 48.1965917 ], [ -0.6889004, 48.1964286 ], [ -0.6882041, 48.1971647 ], [ -0.6870431, 48.1980378 ], [ -0.6857861, 48.1986743 ], [ -0.6856398, 48.1985671 ], [ -0.6838006, 48.196868 ], [ -0.6843344, 48.1961776 ], [ -0.6843228, 48.1955105 ], [ -0.6839586, 48.194694 ], [ -0.6839413, 48.1937118 ], [ -0.6839694, 48.1933047 ], [ -0.6841512, 48.1930531 ], [ -0.6841271, 48.1926882 ], [ -0.6845514, 48.1920696 ], [ -0.6843965, 48.1917997 ], [ -0.6845638, 48.1911666 ], [ -0.68463, 48.191015 ], [ -0.6853224, 48.1905322 ], [ -0.6859259, 48.1899729 ], [ -0.6859723, 48.189249 ], [ -0.6866169, 48.1889505 ], [ -0.6874134, 48.1884347 ], [ -0.6879273, 48.1878854 ], [ -0.6887092, 48.1859666 ], [ -0.6886687, 48.1858499 ], [ -0.6888742, 48.1857255 ], [ -0.6890072, 48.1854123 ], [ -0.6894278, 48.184955099999989 ], [ -0.6896181, 48.1845366 ], [ -0.6898387, 48.1844171 ], [ -0.689913, 48.184131 ], [ -0.6901728, 48.1838392 ], [ -0.6892987, 48.183571 ], [ -0.6884707, 48.1837492 ], [ -0.688043, 48.1837202 ], [ -0.6877105, 48.183627 ], [ -0.6874074, 48.183395 ], [ -0.6867297, 48.1832766 ], [ -0.6864339, 48.1830733 ], [ -0.6856422, 48.1835394 ], [ -0.6830033, 48.1840776 ], [ -0.6807376, 48.1847527 ], [ -0.678841, 48.1849073 ], [ -0.6786106, 48.1851181 ], [ -0.6778803, 48.185348 ], [ -0.6767776, 48.1861472 ], [ -0.6769378, 48.1854882 ], [ -0.6763524, 48.1846651 ], [ -0.6770783, 48.1841029 ], [ -0.6777015, 48.1821054 ], [ -0.677611, 48.182005499999988 ], [ -0.6774892, 48.1820354 ], [ -0.6772337, 48.1811327 ], [ -0.6762842, 48.1798193 ], [ -0.6758477, 48.1788123 ], [ -0.676256, 48.1787572 ], [ -0.676009, 48.1776669 ], [ -0.6750958, 48.1777241 ], [ -0.6754089, 48.1774631 ], [ -0.6757203, 48.1770219 ], [ -0.6760337, 48.1764356 ], [ -0.6765397, 48.175038 ], [ -0.6766113, 48.1746935 ], [ -0.6765083, 48.1737563 ], [ -0.6768729, 48.1730946 ], [ -0.6767033, 48.1728639 ], [ -0.6734112, 48.1729484 ], [ -0.6723469, 48.1731563 ], [ -0.66955, 48.174263 ], [ -0.6695847, 48.1739295 ], [ -0.6663856, 48.1725625 ], [ -0.6650082, 48.171519 ], [ -0.6651138, 48.1714689 ], [ -0.6650869, 48.171353499999988 ], [ -0.6644152, 48.1710087 ], [ -0.6636402, 48.1708436 ], [ -0.6628605, 48.1704156 ], [ -0.6624659, 48.1704161 ], [ -0.6619301, 48.1697779 ], [ -0.66153, 48.1698336 ], [ -0.661274, 48.1700649 ], [ -0.6614243, 48.1704647 ], [ -0.6612499, 48.1705521 ], [ -0.6607979, 48.1711985 ], [ -0.6600708, 48.1716075 ], [ -0.6596159, 48.1721368 ], [ -0.6573804, 48.1713783 ], [ -0.6569625, 48.1711192 ], [ -0.6562623, 48.1688458 ], [ -0.6535928, 48.1692059 ], [ -0.6527905, 48.1673617 ], [ -0.6512463, 48.1678527 ], [ -0.651403, 48.1680154 ], [ -0.6502656, 48.1686253 ], [ -0.6493356, 48.1692359 ], [ -0.6486593, 48.1698153 ], [ -0.6484686, 48.1701347 ], [ -0.6474144, 48.1701178 ], [ -0.6475682, 48.1705895 ], [ -0.6471184, 48.1715447 ], [ -0.6423848, 48.1714451 ], [ -0.6414196, 48.17102 ], [ -0.640181, 48.1700674 ], [ -0.6396084, 48.1698878 ], [ -0.6388515, 48.1698273 ], [ -0.6369274, 48.169321 ], [ -0.6358015, 48.169182799999987 ], [ -0.6352687, 48.1691893 ], [ -0.6339201, 48.1684553 ], [ -0.6325432, 48.1686796 ], [ -0.6323912, 48.168369 ], [ -0.6319928, 48.1684687 ], [ -0.6310884, 48.1691217 ], [ -0.6310467, 48.1695724 ], [ -0.6314962, 48.1703711 ], [ -0.6308048, 48.1712436 ], [ -0.6308442, 48.174068 ], [ -0.6313945, 48.1766444 ], [ -0.6318537, 48.1778571 ], [ -0.6318404, 48.1783493 ], [ -0.6320285, 48.1789092 ], [ -0.6319714, 48.1798027 ], [ -0.6317649, 48.1802657 ], [ -0.6312087, 48.1805405 ], [ -0.6309667, 48.1807821 ], [ -0.6300729, 48.1813177 ], [ -0.6290839, 48.1818606 ], [ -0.6286017, 48.181997 ], [ -0.6283335, 48.1822098 ], [ -0.627684, 48.1833809 ], [ -0.6276799, 48.1835179 ], [ -0.6279883, 48.18383 ], [ -0.6277701, 48.184125 ], [ -0.6276137, 48.1845928 ], [ -0.6273919, 48.1846185 ], [ -0.6277246, 48.1867151 ], [ -0.62756, 48.1869075 ], [ -0.6268028, 48.1888638 ], [ -0.6274332, 48.1894119 ], [ -0.6277274, 48.1898118 ], [ -0.6278121, 48.1901236 ], [ -0.6277477, 48.1903625 ], [ -0.6265442, 48.1910399 ], [ -0.6253505, 48.1912144 ], [ -0.625052, 48.1913794 ], [ -0.6249052, 48.1916343 ], [ -0.6249458, 48.1923437 ], [ -0.6246835, 48.192682399999988 ], [ -0.6249485, 48.1940488 ], [ -0.6248009, 48.1942541 ], [ -0.6247508, 48.1946628 ], [ -0.6241344, 48.1951808 ], [ -0.6245047, 48.195550399999988 ], [ -0.6246325, 48.1961563 ], [ -0.6238267, 48.1963693 ], [ -0.6233053, 48.1967816 ], [ -0.6225541, 48.1976928 ], [ -0.6219146, 48.1982096 ], [ -0.6211106, 48.1993521 ], [ -0.6207519, 48.199682 ], [ -0.6193981, 48.2001766 ], [ -0.6217339, 48.2004643 ], [ -0.6216164, 48.2008913 ], [ -0.6216676, 48.2013239 ], [ -0.6217967, 48.201437 ], [ -0.6218885, 48.2018918 ], [ -0.622475, 48.2029366 ], [ -0.6224318, 48.2032685 ], [ -0.6217977, 48.2030808 ], [ -0.6209386, 48.2035594 ], [ -0.6206883, 48.2035652 ], [ -0.6199541, 48.2043327 ], [ -0.6164788, 48.2047616 ], [ -0.6158588, 48.2046617 ], [ -0.6157154, 48.2064415 ], [ -0.6152618, 48.2070976 ], [ -0.6151101, 48.2077751 ], [ -0.6139109, 48.2087404 ], [ -0.6133335, 48.2089662 ], [ -0.6125892, 48.2095501 ], [ -0.6118176, 48.2099322 ], [ -0.6122239, 48.2104927 ], [ -0.6118124, 48.2112925 ], [ -0.6115652, 48.2112847 ], [ -0.6113451, 48.2117508 ], [ -0.6107777, 48.2121834 ], [ -0.6105928, 48.2138329 ], [ -0.6103193, 48.214542 ], [ -0.6100542, 48.2148032 ], [ -0.6087493, 48.2156457 ], [ -0.6084903, 48.215977 ], [ -0.6068171, 48.2142933 ], [ -0.6067471, 48.2136442 ], [ -0.6061605, 48.2132244 ], [ -0.6059201, 48.2128435 ], [ -0.6049925, 48.2122449 ], [ -0.6039931, 48.2122736 ], [ -0.6035294, 48.212331 ], [ -0.6032963, 48.2124696 ], [ -0.6024802, 48.2124576 ], [ -0.6009408, 48.2126694 ], [ -0.5996907, 48.2127174 ], [ -0.5992797, 48.212639 ], [ -0.5973057, 48.2129982 ], [ -0.5968004, 48.2127227 ], [ -0.5962711, 48.2128667 ], [ -0.5938769, 48.2129333 ], [ -0.5921592, 48.2120722 ], [ -0.5916665, 48.2119611 ], [ -0.5872892, 48.2112836 ], [ -0.5856234, 48.211381 ], [ -0.5868472, 48.2145531 ], [ -0.5870316, 48.2148078 ], [ -0.5879583, 48.215593 ], [ -0.5879749, 48.2166292 ], [ -0.5883816, 48.2171194 ], [ -0.5882509, 48.2171991 ], [ -0.5891755, 48.2179924 ], [ -0.5891174, 48.2184058 ], [ -0.5887389, 48.2191415 ], [ -0.5887435, 48.2203186 ], [ -0.5882709, 48.2213165 ], [ -0.5876034, 48.222182499999988 ], [ -0.5867785, 48.2235704 ], [ -0.5838909, 48.2272131 ], [ -0.5801579, 48.231456 ], [ -0.5799382, 48.2314978 ], [ -0.5798804, 48.2316788 ], [ -0.5783905, 48.2315357 ], [ -0.5775045, 48.2313329 ], [ -0.5764982, 48.231403 ], [ -0.5763009, 48.2318341 ], [ -0.5722385, 48.2320246 ], [ -0.5709114, 48.2323953 ], [ -0.5699299, 48.2328915 ], [ -0.569037, 48.2331842 ], [ -0.5682967, 48.2332021 ], [ -0.5663168, 48.2327115 ], [ -0.5628845, 48.2315361 ], [ -0.5614007, 48.2314827 ], [ -0.5609737, 48.2312686 ], [ -0.5496126, 48.2370444 ], [ -0.5442044, 48.239926 ], [ -0.5420547, 48.2409605 ], [ -0.5373721, 48.2444197 ], [ -0.5330925, 48.2462338 ], [ -0.5321166, 48.2468421 ], [ -0.5312868, 48.2476812 ], [ -0.5311688, 48.2479116 ], [ -0.5312378, 48.2479555 ], [ -0.5323205, 48.2480546 ], [ -0.5323913, 48.2481849 ], [ -0.5321554, 48.2494547 ], [ -0.532746, 48.2496136 ], [ -0.5326621, 48.2496494 ], [ -0.5329892, 48.2504259 ], [ -0.5330191, 48.2509924 ], [ -0.5322095, 48.2523136 ], [ -0.5321655, 48.2525428 ], [ -0.5329586, 48.254596 ], [ -0.533376, 48.2553292 ], [ -0.5338994, 48.2557747 ], [ -0.5353537, 48.2560618 ], [ -0.536475, 48.2566713 ], [ -0.5380459, 48.25737 ], [ -0.5386063, 48.257942299999989 ], [ -0.5388959, 48.2579768 ], [ -0.5390724, 48.2593585 ], [ -0.5392042, 48.259695 ], [ -0.5395005, 48.2598096 ], [ -0.5396957, 48.2601045 ], [ -0.5402478, 48.2602708 ], [ -0.5403363, 48.2604645 ], [ -0.5407372, 48.2608101 ], [ -0.541338, 48.2610389 ], [ -0.5414808, 48.2612174 ], [ -0.5417826, 48.263079 ], [ -0.5416533, 48.2638034 ], [ -0.5413532, 48.2645969 ], [ -0.541063, 48.2649749 ], [ -0.5406034, 48.265443499999989 ], [ -0.5400927, 48.2657118 ], [ -0.5397285, 48.2661145 ], [ -0.5395968, 48.2667841 ], [ -0.5395795, 48.2672691 ], [ -0.5398436, 48.2676665 ], [ -0.5399532, 48.2681325 ], [ -0.5399545, 48.2686143 ], [ -0.5402697, 48.2703341 ], [ -0.5403692, 48.2718145 ], [ -0.539816, 48.2726371 ], [ -0.5395356, 48.2734624 ], [ -0.5394818, 48.2735658 ], [ -0.5391494, 48.2735983 ], [ -0.5389338, 48.2734813 ], [ -0.5378484, 48.2733914 ], [ -0.5368502, 48.2735554 ], [ -0.5356915, 48.2738603 ], [ -0.5345988, 48.2748467 ], [ -0.5342567, 48.2753388 ], [ -0.5338728, 48.2762933 ], [ -0.5321323, 48.2766344 ], [ -0.5303245, 48.2768586 ], [ -0.5302678, 48.2770395 ], [ -0.5287201, 48.2770776 ], [ -0.5280077, 48.2783067 ], [ -0.5276831, 48.2785577 ], [ -0.5250474, 48.276714399999989 ], [ -0.5224249, 48.2746824 ], [ -0.5214962, 48.2736266 ], [ -0.5193197, 48.2718451 ], [ -0.5188007, 48.2721541 ], [ -0.5185314, 48.2721612 ], [ -0.5179816, 48.2719488 ], [ -0.5175951, 48.2722828 ], [ -0.5157294, 48.2730732 ], [ -0.5158247, 48.2733081 ], [ -0.5165699, 48.2738408 ], [ -0.5163854, 48.2743308 ], [ -0.5164385, 48.2755496 ], [ -0.5161254, 48.2758516 ], [ -0.5146509, 48.2764205 ], [ -0.5140118, 48.2779643 ], [ -0.5143365, 48.2781393 ], [ -0.5147171, 48.278626 ], [ -0.5145438, 48.2788797 ], [ -0.5138994, 48.2794348 ], [ -0.5130497, 48.2799049 ], [ -0.5118337, 48.2815208 ], [ -0.5117502, 48.2818258 ], [ -0.5117476, 48.2834876 ], [ -0.5114024, 48.2841391 ], [ -0.5123462, 48.2853206 ], [ -0.5125071, 48.2858112 ], [ -0.5124581, 48.286127799999988 ], [ -0.5116948, 48.2869647 ], [ -0.5110304, 48.2871609 ], [ -0.5114425, 48.2885456 ], [ -0.51218, 48.2884732 ], [ -0.512777, 48.288279 ], [ -0.5131829, 48.2883146 ], [ -0.5135319, 48.2885303 ], [ -0.5136621, 48.2889435 ], [ -0.5091663, 48.2907593 ], [ -0.5087472, 48.2909906 ], [ -0.507842, 48.2917461 ], [ -0.5073049, 48.2945431 ], [ -0.5067768, 48.2944561 ], [ -0.5066286, 48.2946226 ], [ -0.5064463, 48.2955935 ], [ -0.5068339, 48.2965294 ], [ -0.5069897, 48.2966599 ], [ -0.5098169, 48.2965923 ], [ -0.5107817, 48.2969734 ], [ -0.5106915, 48.2977857 ], [ -0.511174, 48.2979984 ], [ -0.5118525, 48.2980719 ], [ -0.5140084, 48.2988463 ], [ -0.5148242, 48.2992382 ], [ -0.5152781, 48.2989806 ], [ -0.5158756, 48.2989124 ], [ -0.5177214, 48.30062 ], [ -0.5178715, 48.3008867 ], [ -0.5174367, 48.3025612 ], [ -0.5173143, 48.3027891 ], [ -0.5169098, 48.3030389 ], [ -0.5171835, 48.3033784 ], [ -0.5182283, 48.3038022 ], [ -0.518439, 48.3039643 ], [ -0.5188719, 48.3039181 ], [ -0.5191206, 48.3039629 ], [ -0.5190966, 48.3058054 ], [ -0.518472, 48.3077099 ], [ -0.5184965, 48.3081586 ], [ -0.5188675, 48.3087798 ], [ -0.5201515, 48.3100529 ], [ -0.5205194, 48.3106291 ], [ -0.5205013, 48.3115294 ], [ -0.5206992, 48.3137012 ], [ -0.5209181, 48.3138649 ], [ -0.5210665, 48.3143873 ], [ -0.5214335, 48.3146268 ], [ -0.5210475, 48.3149508 ], [ -0.5210776, 48.3158856 ], [ -0.5209322, 48.3165177 ], [ -0.5195538, 48.3188624 ], [ -0.5186345, 48.3197958 ], [ -0.5184444, 48.3204877 ], [ -0.5184652, 48.3210608 ], [ -0.5173623, 48.3215106 ], [ -0.516601, 48.3223843 ], [ -0.5147424, 48.322924 ], [ -0.5147471, 48.3230139 ], [ -0.5157536, 48.3245574 ], [ -0.5156535, 48.3249782 ], [ -0.5164788, 48.3258912 ], [ -0.5169372, 48.3268701 ], [ -0.5176238, 48.3273819 ], [ -0.5187365, 48.3280072 ], [ -0.5194614, 48.3283044 ], [ -0.5208335, 48.3296767 ], [ -0.52111, 48.3300746 ], [ -0.5217472, 48.3321279 ], [ -0.5210679, 48.3339872 ], [ -0.5220046, 48.3340575 ], [ -0.5242818, 48.3350029 ], [ -0.5250991, 48.3352064 ], [ -0.5254182, 48.3351717 ], [ -0.5267972, 48.336178 ], [ -0.5277637, 48.3365905 ], [ -0.5281783, 48.3369527 ], [ -0.5285641, 48.3374681 ], [ -0.5289388, 48.3377172 ], [ -0.5293659, 48.3378828 ], [ -0.5308772, 48.3387842 ], [ -0.5321745, 48.3392949 ], [ -0.5327839, 48.3393181 ], [ -0.5347489, 48.338929 ], [ -0.535739, 48.3385454 ], [ -0.5362784, 48.338532 ], [ -0.5384737, 48.3391977 ], [ -0.5421318, 48.3394593 ], [ -0.5450654, 48.339793 ], [ -0.5457289, 48.3398155 ], [ -0.5468723, 48.3396839 ], [ -0.5471035, 48.339768 ], [ -0.5482286, 48.3409663 ], [ -0.5485534, 48.3416365 ], [ -0.5486019, 48.3427563 ], [ -0.5489842, 48.343556299999989 ], [ -0.5514215, 48.3471406 ], [ -0.5515091, 48.3474982 ], [ -0.5510996, 48.3508373 ], [ -0.5518919, 48.3554066 ], [ -0.5518675, 48.3559468 ], [ -0.5521636, 48.3576491 ], [ -0.5519908, 48.3581928 ], [ -0.5511232, 48.359132 ], [ -0.5517793, 48.3595023 ], [ -0.551845, 48.3598345 ], [ -0.5509345, 48.3623222 ], [ -0.5508343, 48.3666012 ], [ -0.5511318, 48.3699056 ], [ -0.5522801, 48.3725973 ], [ -0.5527369, 48.372697 ], [ -0.5529717, 48.3726702 ], [ -0.5538644, 48.3723786 ], [ -0.5542213, 48.3720203 ], [ -0.5541222, 48.3718143 ], [ -0.5544421, 48.3717678 ], [ -0.5547782, 48.3714209 ], [ -0.5552235, 48.3711689 ], [ -0.5570306, 48.3707282 ], [ -0.5573146, 48.3705513 ], [ -0.5576002, 48.3706373 ], [ -0.5594328, 48.3700734 ], [ -0.5610003, 48.3697678 ], [ -0.5616835, 48.369777 ], [ -0.5632415, 48.3692915 ], [ -0.5640286, 48.3692984 ], [ -0.564495, 48.3691799 ], [ -0.5647331, 48.3689638 ], [ -0.5653357, 48.3687421 ], [ -0.5661906, 48.3685525 ], [ -0.5671945, 48.3687267 ], [ -0.5684478, 48.3691293 ], [ -0.5687005, 48.3692685 ], [ -0.5690224, 48.3696497 ], [ -0.5702321, 48.3701464 ], [ -0.5724006, 48.3704917 ], [ -0.5725619, 48.3702202 ], [ -0.5728901, 48.3700959 ], [ -0.573302, 48.3701114 ], [ -0.573592, 48.3700423 ], [ -0.5739031, 48.3702446 ], [ -0.5745213, 48.3702313 ], [ -0.5752639, 48.3701207 ], [ -0.5765169, 48.3697037 ], [ -0.5779933, 48.3697879 ], [ -0.5794758, 48.3695656 ], [ -0.5796378, 48.3696031 ], [ -0.5797669, 48.3697523 ], [ -0.5802363, 48.3696976 ], [ -0.5804179, 48.3696254 ], [ -0.5803627, 48.3694695 ], [ -0.5811868, 48.3682333 ], [ -0.5814078, 48.3680645 ], [ -0.5819804, 48.3679391 ], [ -0.5827785, 48.3676114 ], [ -0.5844906, 48.3673471 ], [ -0.5854713, 48.3673588 ], [ -0.5859462, 48.3675245 ], [ -0.5861643, 48.3677305 ], [ -0.5865591, 48.3678905 ], [ -0.5875015, 48.3678953 ], [ -0.5889246, 48.368171 ], [ -0.5897505, 48.3684477 ], [ -0.5910366, 48.3687356 ], [ -0.5915153, 48.3689769 ], [ -0.5929479, 48.3683021 ], [ -0.5934154, 48.3682006 ], [ -0.5942363, 48.3684053 ], [ -0.5948847, 48.3683199 ], [ -0.5961681, 48.3667291 ], [ -0.5962999, 48.366681 ], [ -0.5965119, 48.3668556 ], [ -0.5968571, 48.366982 ], [ -0.5976342, 48.3675924 ], [ -0.5981723, 48.3685235 ], [ -0.5983826, 48.3686531 ], [ -0.598924, 48.3686844 ], [ -0.5992535, 48.368541099999987 ], [ -0.600118, 48.3670928 ], [ -0.6017452, 48.3648025 ], [ -0.601853, 48.3644021 ], [ -0.6017696, 48.363895799999987 ], [ -0.6016199, 48.3636436 ], [ -0.6017074, 48.3632825 ], [ -0.6025627, 48.3622154 ], [ -0.603277, 48.361574 ], [ -0.6058176, 48.3597783 ], [ -0.6064204, 48.3592079 ], [ -0.6073692, 48.3586782 ], [ -0.6077768, 48.3581182 ], [ -0.6079794, 48.3579787 ], [ -0.608969, 48.3574136 ], [ -0.6095927, 48.3572082 ], [ -0.6103141, 48.3568304 ], [ -0.6107602, 48.3563602 ], [ -0.6113673, 48.3563453 ], [ -0.612718, 48.3554115 ], [ -0.6127875, 48.3552635 ], [ -0.6126895, 48.3547405 ], [ -0.6119861, 48.3544756 ], [ -0.6109626, 48.3542501 ], [ -0.6104069, 48.3542067 ], [ -0.6096342, 48.354269 ], [ -0.608516, 48.3545535 ], [ -0.6074247, 48.3547002 ], [ -0.6060264, 48.3546843 ], [ -0.602938, 48.3542595 ], [ -0.6013093, 48.3533265 ], [ -0.6001657, 48.3530443 ], [ -0.5997966, 48.3524683 ], [ -0.5995593, 48.3518442 ], [ -0.5996785, 48.3515713 ], [ -0.6008229, 48.350544 ], [ -0.6008715, 48.3502282 ], [ -0.5992151, 48.3495589 ], [ -0.5992024, 48.3493342 ], [ -0.5998406, 48.3486888 ], [ -0.5998327, 48.348554 ], [ -0.5979607, 48.3476553 ], [ -0.5984024, 48.3472186 ], [ -0.5941811, 48.3449773 ], [ -0.5947528, 48.3435972 ], [ -0.5953752, 48.3427606 ], [ -0.5962614, 48.3422653 ], [ -0.5976213, 48.341843 ], [ -0.5986847, 48.3412343 ], [ -0.5994621, 48.3397021 ], [ -0.6001716, 48.3376532 ], [ -0.6017173, 48.3354086 ], [ -0.6009991, 48.3351197 ], [ -0.6005938, 48.3347033 ], [ -0.6000914, 48.3344286 ], [ -0.59978, 48.3342994 ], [ -0.5994539, 48.3343705 ], [ -0.5991491, 48.3341213 ], [ -0.5986137, 48.3339526 ], [ -0.5988559, 48.3323433 ], [ -0.6007085, 48.330149399999989 ], [ -0.6142102, 48.3273936 ], [ -0.6155836, 48.3268003 ], [ -0.6094132, 48.3247281 ], [ -0.6083256, 48.3244912 ], [ -0.6040551, 48.3231908 ], [ -0.6066771, 48.3212496 ], [ -0.6072238, 48.3192048 ], [ -0.60606, 48.3171844 ], [ -0.6050975, 48.3147453 ], [ -0.6058014, 48.314009 ], [ -0.6115425, 48.3136338 ], [ -0.6123935, 48.3132496 ], [ -0.6125048, 48.3122502 ], [ -0.6131364, 48.3106489 ], [ -0.6128168, 48.3097843 ], [ -0.6129991, 48.3089013 ], [ -0.6129289, 48.3086406 ], [ -0.6118114, 48.3077311 ], [ -0.6114389, 48.307296 ], [ -0.6114181, 48.3064213 ], [ -0.6111946, 48.3057914 ], [ -0.611246, 48.305359 ], [ -0.6118146, 48.3046359 ], [ -0.6134206, 48.3045643 ], [ -0.6148678, 48.3047361 ], [ -0.6158733, 48.3042139 ], [ -0.6165654, 48.303179 ], [ -0.6173111, 48.3026772 ], [ -0.6173976, 48.302144 ], [ -0.6180849, 48.3013058 ], [ -0.6181727, 48.3010028 ], [ -0.6186589, 48.3006734 ], [ -0.6192399, 48.3000892 ], [ -0.6195048, 48.299638 ], [ -0.6197975, 48.2995159 ], [ -0.6200089, 48.2991292 ], [ -0.6202231, 48.2989698 ], [ -0.6212715, 48.2985319 ], [ -0.6216018, 48.2977987 ], [ -0.6220225, 48.2974496 ], [ -0.6225005, 48.2968621 ], [ -0.6226518, 48.2957567 ], [ -0.6230228, 48.2954663 ], [ -0.6205306, 48.2936488 ], [ -0.6204922, 48.2935259 ], [ -0.6204844, 48.2928489 ], [ -0.6213316, 48.2915096 ], [ -0.6222293, 48.2911022 ], [ -0.6303087, 48.2911277 ], [ -0.6317638, 48.2899808 ], [ -0.6321854, 48.2897496 ], [ -0.6379884, 48.2880306 ], [ -0.6374387, 48.2877835 ], [ -0.6371053, 48.2877235 ], [ -0.6370392, 48.2876076 ], [ -0.6364336, 48.2873389 ], [ -0.6364055, 48.2872253 ], [ -0.6370236, 48.2861498 ], [ -0.637065, 48.2850686 ], [ -0.6356403, 48.2842343 ], [ -0.6351833, 48.2850436 ], [ -0.6341128, 48.2864861 ], [ -0.6329904, 48.286082 ], [ -0.6326537, 48.2860905 ], [ -0.6325317, 48.2863185 ], [ -0.6321258, 48.2862842 ], [ -0.6293933, 48.2856421 ], [ -0.6294914, 48.2850095 ], [ -0.6291925, 48.2827679 ], [ -0.629138, 48.276807 ], [ -0.6292007, 48.2761106 ], [ -0.6297155, 48.2741052 ], [ -0.6303565, 48.2732064 ], [ -0.6308077, 48.2728035 ], [ -0.6324356, 48.2720698 ], [ -0.63396, 48.2709916 ], [ -0.6346681, 48.2706762 ], [ -0.6414479, 48.269000299999988 ], [ -0.6432351, 48.2688588 ], [ -0.645679, 48.2683222 ], [ -0.6484602, 48.2678842 ], [ -0.6493164, 48.2676425 ], [ -0.6496986, 48.2674155 ], [ -0.6507108, 48.2652991 ], [ -0.6518793, 48.2632391 ], [ -0.6530357, 48.2596644 ], [ -0.6528339, 48.2560335 ], [ -0.6525269, 48.2551846 ], [ -0.6517378, 48.2540363 ], [ -0.6515453, 48.2524255 ], [ -0.6515429, 48.2514563 ], [ -0.6516766, 48.2508163 ], [ -0.6515646, 48.2489481 ], [ -0.6515935, 48.2456667 ], [ -0.6516967, 48.2451312 ], [ -0.6519971, 48.2445238 ], [ -0.6522426, 48.2443109 ], [ -0.6528329, 48.2441305 ], [ -0.6542, 48.2439513 ], [ -0.6549949, 48.2439799 ], [ -0.6554756, 48.2440866 ], [ -0.6561505, 48.2445827 ], [ -0.6568862, 48.2449815 ], [ -0.6577043, 48.2451111 ], [ -0.6582978, 48.2449963 ], [ -0.6608973, 48.2440772 ], [ -0.6626477, 48.2431087 ], [ -0.6650857, 48.2421189 ], [ -0.6669911, 48.2411302 ], [ -0.6698768, 48.2389427 ], [ -0.6721063, 48.2369774 ], [ -0.6725456, 48.2364314 ], [ -0.6731134, 48.2353896 ] ], [ [ -0.5977978, 48.3053839 ], [ -0.5979302, 48.3049701 ], [ -0.5982135, 48.304933 ], [ -0.5984827, 48.3051535 ], [ -0.5982038, 48.3054111 ], [ -0.5977978, 48.3053839 ] ] ], [ [ [ -0.6352836, 48.2978958 ], [ -0.6348117, 48.298071 ], [ -0.6342603, 48.2981281 ], [ -0.6332543, 48.2986653 ], [ -0.6349821, 48.299593 ], [ -0.636069, 48.3000195 ], [ -0.6369043, 48.3002632 ], [ -0.6380546, 48.3001151 ], [ -0.6368856, 48.2992989 ], [ -0.6352836, 48.2978958 ] ] ] ] } },
{ "type": "Feature", "properties": { "code_departement": 53.0, "code_rne": "0530082B", "multisecteur": 0.0 }, "geometry": { "type": "MultiPolygon", "coordinates": [ [ [ [ -0.639852, 48.0356095 ], [ -0.6394894, 48.0357477 ], [ -0.6379475, 48.0360611 ], [ -0.6359779, 48.0368751 ], [ -0.6361433, 48.0372295 ], [ -0.6360203, 48.037844 ], [ -0.636454, 48.0380567 ], [ -0.6360388, 48.0392479 ], [ -0.6352894, 48.0391125 ], [ -0.6349893, 48.0412559 ], [ -0.6353635, 48.041324499999988 ], [ -0.6354371, 48.0414573 ], [ -0.6352604, 48.0419943 ], [ -0.634117, 48.0418945 ], [ -0.6338602, 48.0430257 ], [ -0.6306992, 48.0422991 ], [ -0.6310399, 48.040804 ], [ -0.6308291, 48.0406294 ], [ -0.6292596, 48.0402112 ], [ -0.6289638, 48.0406383 ], [ -0.6288668, 48.0411431 ], [ -0.628975, 48.0414469 ], [ -0.6293491, 48.0416912 ], [ -0.6275942, 48.0415661 ], [ -0.6275415, 48.041837 ], [ -0.6287629, 48.0420768 ], [ -0.6287292, 48.0426625 ], [ -0.6281687, 48.043441 ], [ -0.6275653, 48.0434569 ], [ -0.6275188, 48.0438178 ], [ -0.626447, 48.04384 ], [ -0.6257506, 48.0433813 ], [ -0.6252365, 48.0433674 ], [ -0.624924, 48.0441986 ], [ -0.6231684, 48.0440653 ], [ -0.622976, 48.0443748 ], [ -0.62278, 48.0444943 ], [ -0.6224602, 48.0443556 ], [ -0.6219963, 48.0443104 ], [ -0.6169548, 48.0444898 ], [ -0.6158358, 48.0443728 ], [ -0.6153497, 48.0441193 ], [ -0.6140696, 48.0437488 ], [ -0.6130941, 48.0432725 ], [ -0.6112818, 48.0427588 ], [ -0.6109673, 48.0428747 ], [ -0.6105726, 48.0443354 ], [ -0.6078121, 48.0441795 ], [ -0.6075993, 48.0449211 ], [ -0.6078065, 48.0452598 ], [ -0.607843, 48.0459334 ], [ -0.6073087, 48.0471613 ], [ -0.6067584, 48.0493357 ], [ -0.6069034, 48.0495114 ], [ -0.6081487, 48.0502002 ], [ -0.6097513, 48.0512401 ], [ -0.6107394, 48.0521152 ], [ -0.6111472, 48.0528729 ], [ -0.6123266, 48.0541681 ], [ -0.6122037, 48.0545124 ], [ -0.611581, 48.055153 ], [ -0.6106065, 48.0550298 ], [ -0.6108724, 48.0544965 ], [ -0.6092873, 48.0539109 ], [ -0.6100228, 48.0545099 ], [ -0.6098995, 48.0551055 ], [ -0.6096469, 48.0553817 ], [ -0.6091231, 48.0556203 ], [ -0.6074682, 48.0560214 ], [ -0.6064826, 48.0564066 ], [ -0.6059216, 48.0571849 ], [ -0.6047457, 48.0577542 ], [ -0.6047536, 48.0578891 ], [ -0.6061111, 48.05817 ], [ -0.6063903, 48.0583434 ], [ -0.6065048, 48.0591948 ], [ -0.6067844, 48.0594133 ], [ -0.6064341, 48.0598537 ], [ -0.6062955, 48.061683 ], [ -0.6049124, 48.0614028 ], [ -0.604741, 48.0622395 ], [ -0.6041924, 48.0629455 ], [ -0.6044712, 48.0632702 ], [ -0.6045285, 48.0635387 ], [ -0.6042806, 48.0639048 ], [ -0.603863, 48.0641068 ], [ -0.6035816, 48.0644739 ], [ -0.6038069, 48.0649012 ], [ -0.6038841, 48.0653826 ], [ -0.6048241, 48.0658258 ], [ -0.6049523, 48.0661687 ], [ -0.603784, 48.0666747 ], [ -0.6031166, 48.0676896 ], [ -0.6033833, 48.0678364 ], [ -0.6033735, 48.0680475 ], [ -0.604402, 48.0684268 ], [ -0.6044769, 48.0685596 ], [ -0.6034025, 48.070682399999988 ], [ -0.6055138, 48.0712708 ], [ -0.6071732, 48.0713425 ], [ -0.6078677, 48.0716906 ], [ -0.6087876, 48.0717389 ], [ -0.6097624, 48.0719009 ], [ -0.610081, 48.0718434 ], [ -0.6107023, 48.0719865 ], [ -0.6125701, 48.0726084 ], [ -0.6151734, 48.0736086 ], [ -0.6155809, 48.0728052 ], [ -0.6171885, 48.071628 ], [ -0.6183337, 48.0703515 ], [ -0.6189459, 48.0704002 ], [ -0.6205208, 48.0709454 ], [ -0.6211903, 48.0709284 ], [ -0.6264412, 48.0692561 ], [ -0.6272627, 48.0702803 ], [ -0.6298026, 48.0717433 ], [ -0.6300761, 48.0716745 ], [ -0.630001, 48.0708156 ], [ -0.6302111, 48.0688643 ], [ -0.6318654, 48.0673738 ], [ -0.6328623, 48.065999 ], [ -0.6335716, 48.0654861 ], [ -0.6350597, 48.06467 ], [ -0.6367986, 48.0642001 ], [ -0.6383629, 48.0640824 ], [ -0.6388576, 48.0639671 ], [ -0.6431883, 48.0643079 ], [ -0.6442514, 48.0641344 ], [ -0.6450563, 48.0642879 ], [ -0.6453092, 48.0644089 ], [ -0.6465965, 48.0645816 ], [ -0.6481774, 48.0652119 ], [ -0.6482309, 48.0655777 ], [ -0.6480584, 48.0656885 ], [ -0.6478712, 48.0668329 ], [ -0.6491969, 48.0668018 ], [ -0.6499564, 48.0670376 ], [ -0.6508879, 48.0676421 ], [ -0.6516343, 48.0684675 ], [ -0.6518683, 48.0686053 ], [ -0.6524052, 48.0688291 ], [ -0.6532042, 48.0688566 ], [ -0.6534478, 48.0689787 ], [ -0.6537657, 48.0693202 ], [ -0.6539513, 48.0697883 ], [ -0.6541629, 48.0698168 ], [ -0.6553639, 48.0694382 ], [ -0.6558545, 48.0690103 ], [ -0.6567364, 48.0687424 ], [ -0.6572357, 48.068499 ], [ -0.6571432, 48.0680361 ], [ -0.6575236, 48.0676676 ], [ -0.658381, 48.0673743 ], [ -0.6585442, 48.0667026 ], [ -0.6597429, 48.0665257 ], [ -0.660246, 48.0667659 ], [ -0.6610423, 48.0668339 ], [ -0.6622069, 48.06665 ], [ -0.6632978, 48.0666241 ], [ -0.6640806, 48.0663421 ], [ -0.6649361, 48.0656732 ], [ -0.6652796, 48.0655292 ], [ -0.6659052, 48.0647251 ], [ -0.6661833, 48.063948 ], [ -0.6660886, 48.0628528 ], [ -0.6658441, 48.0617488 ], [ -0.6662101, 48.0597979 ], [ -0.6660693, 48.0594338 ], [ -0.6655745, 48.0591006 ], [ -0.6654396, 48.0588021 ], [ -0.6657163, 48.0578494 ], [ -0.6657119, 48.0574568 ], [ -0.6655398, 48.0573198 ], [ -0.6650344, 48.0572391 ], [ -0.6648236, 48.0569511 ], [ -0.6649265, 48.0564579 ], [ -0.6650648, 48.0562815 ], [ -0.6659377, 48.0556543 ], [ -0.6632493, 48.0540093 ], [ -0.661934, 48.0537016 ], [ -0.6602188, 48.0535559 ], [ -0.6573751, 48.0528669 ], [ -0.6564717, 48.052529199999988 ], [ -0.6572939, 48.0517893 ], [ -0.6576546, 48.0510601 ], [ -0.6577453, 48.0502933 ], [ -0.6583113, 48.0493073 ], [ -0.6578756, 48.0490299 ], [ -0.6577878, 48.0486723 ], [ -0.6588607, 48.0486453 ], [ -0.65893, 48.048209799999988 ], [ -0.6605601, 48.0454971 ], [ -0.6611299, 48.0448974 ], [ -0.6615624, 48.044256 ], [ -0.6605323, 48.0438323 ], [ -0.6604444, 48.0434747 ], [ -0.6612007, 48.0426007 ], [ -0.6605344, 48.042562 ], [ -0.6608445, 48.0415488 ], [ -0.6591319, 48.0413183 ], [ -0.6588355, 48.0411311 ], [ -0.6595453, 48.0394488 ], [ -0.6595787, 48.0388631 ], [ -0.6591445, 48.038373 ], [ -0.6584843, 48.0387719 ], [ -0.6580603, 48.0388563 ], [ -0.656683, 48.0386549 ], [ -0.6558053, 48.0383552 ], [ -0.6555008, 48.0381088 ], [ -0.6549942, 48.0380291 ], [ -0.6535474, 48.0371119 ], [ -0.6530843, 48.0370002 ], [ -0.6528504, 48.0368615 ], [ -0.6500946, 48.0374326 ], [ -0.6489976, 48.0378089 ], [ -0.6468652, 48.0382678 ], [ -0.6464397, 48.0382531 ], [ -0.6463806, 48.0380576 ], [ -0.6454105, 48.0383264 ], [ -0.6450491, 48.0386763 ], [ -0.6407934, 48.0376766 ], [ -0.6407823, 48.0374968 ], [ -0.6410329, 48.0371755 ], [ -0.6401389, 48.0367933 ], [ -0.6402523, 48.0364304 ], [ -0.6404389, 48.0361561 ], [ -0.6417784, 48.0361219 ], [ -0.6416713, 48.0354045 ], [ -0.640252, 48.035216 ], [ -0.639852, 48.0356095 ] ] ], [ [ [ -0.6989777, 48.1560486 ], [ -0.6976505, 48.1589547 ], [ -0.6971988, 48.1596941 ], [ -0.7002118, 48.1594807 ], [ -0.7025102, 48.1595013 ], [ -0.7042622, 48.1597363 ], [ -0.7084275, 48.159673 ], [ -0.7098913, 48.1594099 ], [ -0.7111734, 48.1590696 ], [ -0.7135363, 48.1587826 ], [ -0.7146352, 48.1588822 ], [ -0.7166306, 48.1587689 ], [ -0.7189658, 48.1581845 ], [ -0.722248, 48.1578368 ], [ -0.7235977, 48.1574456 ], [ -0.7249568, 48.1573396 ], [ -0.7257529, 48.1573649 ], [ -0.7275067, 48.1571302 ], [ -0.7279443, 48.1570164 ], [ -0.7291811, 48.1564755 ], [ -0.7307425, 48.155537 ], [ -0.7326333, 48.1559267 ], [ -0.7339016, 48.1564415 ], [ -0.7342387, 48.156677599999988 ], [ -0.7348849, 48.1567527 ], [ -0.7377882, 48.1568751 ], [ -0.7394794, 48.1568025 ], [ -0.7425441, 48.1569792 ], [ -0.7438157, 48.1571208 ], [ -0.744453, 48.156976199999988 ], [ -0.7444197, 48.1575313 ], [ -0.7435898, 48.1575991 ], [ -0.7419406, 48.1579045 ], [ -0.7405491, 48.1584649 ], [ -0.7403742, 48.1586767 ], [ -0.7402927, 48.1588946 ], [ -0.7408339, 48.1613826 ], [ -0.7414186, 48.1623559 ], [ -0.7418652, 48.1627867 ], [ -0.7423128, 48.1624915 ], [ -0.7441217, 48.1624034 ], [ -0.7460853, 48.1624483 ], [ -0.7465237, 48.1623262 ], [ -0.748551, 48.1623384 ], [ -0.7496021, 48.162559 ], [ -0.7530851, 48.162705 ], [ -0.7542184, 48.1637967 ], [ -0.7567913, 48.1656273 ], [ -0.7569404, 48.1658676 ], [ -0.7594239, 48.1655713 ], [ -0.7608061, 48.1658443 ], [ -0.7610061, 48.165834399999987 ], [ -0.7615139, 48.1655353 ], [ -0.7624525, 48.1652324 ], [ -0.7629994, 48.1653681 ], [ -0.7641171, 48.1654243 ], [ -0.7657639, 48.1653114 ], [ -0.7670471, 48.1655362 ], [ -0.7675667, 48.165534 ], [ -0.7678679, 48.1654703 ], [ -0.7679345, 48.165216 ], [ -0.7687725, 48.1646172 ], [ -0.7693774, 48.1643762 ], [ -0.7695887, 48.164074 ], [ -0.7695844, 48.1635417 ], [ -0.7697837, 48.1628255 ], [ -0.7697249, 48.1625121 ], [ -0.7695394, 48.1623279 ], [ -0.7681424, 48.1621672 ], [ -0.7676203, 48.161983 ], [ -0.7658667, 48.1607688 ], [ -0.7647764, 48.1603208 ], [ -0.7643562, 48.1600351 ], [ -0.7637018, 48.1592416 ], [ -0.7638314, 48.1586988 ], [ -0.7644404, 48.1578362 ], [ -0.7649525, 48.1574081 ], [ -0.7660795, 48.1571073 ], [ -0.7663301, 48.1563363 ], [ -0.7671257, 48.1556938 ], [ -0.7678669, 48.1548179 ], [ -0.7678539, 48.1534094 ], [ -0.7683689, 48.152947 ], [ -0.7684747, 48.1526383 ], [ -0.7683548, 48.1521646 ], [ -0.7680504, 48.1517483 ], [ -0.7680456, 48.151398 ], [ -0.7683573, 48.1506349 ], [ -0.7690113, 48.1497825 ], [ -0.7690109, 48.1494943 ], [ -0.7699608, 48.1483748 ], [ -0.7701851, 48.1484802 ], [ -0.7705608, 48.1484826 ], [ -0.770661, 48.1486983 ], [ -0.7714106, 48.1490338 ], [ -0.771199, 48.149445 ], [ -0.7713751, 48.149461 ], [ -0.7714741, 48.1496407 ], [ -0.7717859, 48.1496145 ], [ -0.772206, 48.1491642 ], [ -0.7726942, 48.1492134 ], [ -0.7726649, 48.1493315 ], [ -0.7727662, 48.1493553 ], [ -0.7729572, 48.1493518 ], [ -0.7730499, 48.1492363 ], [ -0.7733078, 48.1491532 ], [ -0.7739603, 48.1492612 ], [ -0.7740265, 48.1491519 ], [ -0.7743274, 48.1492179 ], [ -0.7744239, 48.1491364 ], [ -0.7747993, 48.1493226 ], [ -0.7749883, 48.1491787 ], [ -0.7751581, 48.1494075 ], [ -0.7753202, 48.1492456 ], [ -0.7754691, 48.1492381 ], [ -0.7755185, 48.1494969 ], [ -0.7761445, 48.149740799999989 ], [ -0.7764054, 48.1497757 ], [ -0.7766657, 48.1496511 ], [ -0.7772247, 48.1497494 ], [ -0.7778435, 48.1497242 ], [ -0.7796773, 48.1502546 ], [ -0.7807599, 48.1506343 ], [ -0.7832259, 48.151683 ], [ -0.7856554, 48.1528212 ], [ -0.7862663, 48.1529863 ], [ -0.7864904, 48.1534827 ], [ -0.7869758, 48.1536238 ], [ -0.787831, 48.1541351 ], [ -0.7881484, 48.1541501 ], [ -0.7882757, 48.1542532 ], [ -0.7883054, 48.1545549 ], [ -0.7885549, 48.1547865 ], [ -0.7892572, 48.1547424 ], [ -0.7893212, 48.154939399999989 ], [ -0.789414, 48.1549193 ], [ -0.7895138, 48.1550161 ], [ -0.7895215, 48.15516 ], [ -0.7897257, 48.1551912 ], [ -0.7897979, 48.155279 ], [ -0.7901332, 48.1552799 ], [ -0.7902714, 48.1553485 ], [ -0.7903925, 48.1553284 ], [ -0.7904142, 48.1552367 ], [ -0.7908693, 48.1551995 ], [ -0.7910369, 48.1553212 ], [ -0.7915784, 48.1553623 ], [ -0.7916365, 48.1554775 ], [ -0.7919137, 48.1553632 ], [ -0.7920972, 48.1557816 ], [ -0.7923358, 48.1557109 ], [ -0.793022, 48.1558915 ], [ -0.7944518, 48.1557969 ], [ -0.7956252, 48.1562195 ], [ -0.7960458, 48.156544599999989 ], [ -0.7972543, 48.1570237 ], [ -0.7981732, 48.1570149 ], [ -0.7985843, 48.1569277 ], [ -0.7987945, 48.1570795 ], [ -0.7992173, 48.1570614 ], [ -0.7992539, 48.1571953 ], [ -0.7995204, 48.1571381 ], [ -0.7996497, 48.1572511 ], [ -0.7999434, 48.1572164 ], [ -0.8007463, 48.1573536 ], [ -0.8010689, 48.1574576 ], [ -0.8011228, 48.1575522 ], [ -0.8018284, 48.1576466 ], [ -0.8025246, 48.1579475 ], [ -0.8032957, 48.1579425 ], [ -0.804133, 48.1582389 ], [ -0.8044961, 48.1582695 ], [ -0.8046727, 48.1583656 ], [ -0.804975, 48.1583388 ], [ -0.8056849, 48.158605 ], [ -0.806862, 48.1585535 ], [ -0.8071399, 48.1586166 ], [ -0.8075666, 48.1585965 ], [ -0.8100615, 48.1576061 ], [ -0.810678, 48.1575294 ], [ -0.8114896, 48.1575446 ], [ -0.8123522, 48.1571843 ], [ -0.8130885, 48.1573488 ], [ -0.8134713, 48.1573175 ], [ -0.8144591, 48.1574603 ], [ -0.8146249, 48.1575937 ], [ -0.8156368, 48.1577898 ], [ -0.8162082, 48.1580388 ], [ -0.8162597, 48.1578381 ], [ -0.8168899, 48.1577285 ], [ -0.8175581, 48.1574726 ], [ -0.8186244, 48.1574156 ], [ -0.8193503, 48.1572317 ], [ -0.8204828, 48.1571419 ], [ -0.8210707, 48.1568922 ], [ -0.8217212, 48.1568216 ], [ -0.8241234, 48.1571023 ], [ -0.8249339, 48.1568607 ], [ -0.8264436, 48.1567171 ], [ -0.8270003, 48.1565396 ], [ -0.8276145, 48.15658 ], [ -0.8288942, 48.1568673 ], [ -0.8295834, 48.1566611 ], [ -0.8299631, 48.1563461 ], [ -0.8303156, 48.1561932 ], [ -0.8311637, 48.1561179 ], [ -0.8315614, 48.1558843 ], [ -0.8322645, 48.155702 ], [ -0.833687, 48.155526 ], [ -0.8338867, 48.1553096 ], [ -0.8344739, 48.1551265 ], [ -0.8349641, 48.1552773 ], [ -0.8355859, 48.1551624 ], [ -0.8358896, 48.1551922 ], [ -0.8360892, 48.1550299 ], [ -0.8367249, 48.1550137 ], [ -0.8369707, 48.1550985 ], [ -0.8372225, 48.1550065 ], [ -0.8375309, 48.1550811 ], [ -0.8378054, 48.1550245 ], [ -0.8380655, 48.1550646 ], [ -0.8383133, 48.1549917 ], [ -0.8385275, 48.1547523 ], [ -0.8389591, 48.1547257 ], [ -0.8396034, 48.154402 ], [ -0.8415371, 48.1540003 ], [ -0.8429574, 48.1532774 ], [ -0.8426301, 48.152998 ], [ -0.8421448, 48.1523598 ], [ -0.842148, 48.1515723 ], [ -0.8414196, 48.1499798 ], [ -0.8412151, 48.1492234 ], [ -0.8411168, 48.1480573 ], [ -0.840704, 48.1469527 ], [ -0.8415851, 48.1469258 ], [ -0.8420165, 48.147064 ], [ -0.8425913, 48.1471192 ], [ -0.8430351, 48.146984 ], [ -0.8435014, 48.147176 ], [ -0.8443609, 48.1471849 ], [ -0.8445166, 48.1448114 ], [ -0.8447261, 48.1447865 ], [ -0.8447661, 48.1445591 ], [ -0.8448869, 48.1445723 ], [ -0.8452077, 48.1439132 ], [ -0.8456076, 48.1434154 ], [ -0.8469809, 48.1423661 ], [ -0.8476613, 48.1400295 ], [ -0.8475432, 48.1400154 ], [ -0.8474711, 48.1398015 ], [ -0.8476273, 48.1393775 ], [ -0.8479461, 48.1393752 ], [ -0.8493323, 48.1398714 ], [ -0.8502402, 48.1400651 ], [ -0.8504896, 48.1401813 ], [ -0.8507578, 48.1401861 ], [ -0.8514069, 48.1403748 ], [ -0.8520873, 48.140403 ], [ -0.8521311, 48.1405232 ], [ -0.8523792, 48.1405664 ], [ -0.8527131, 48.1407699 ], [ -0.8531049, 48.1408274 ], [ -0.854074, 48.1407903 ], [ -0.8544083, 48.1408515 ], [ -0.8554126, 48.1416655 ], [ -0.8572177, 48.1417947 ], [ -0.8587704, 48.1415105 ], [ -0.8598862, 48.1418218 ], [ -0.860006, 48.1419323 ], [ -0.8603564, 48.1419748 ], [ -0.8604371, 48.1423244 ], [ -0.860842, 48.1425598 ], [ -0.8620663, 48.1426242 ], [ -0.8624949, 48.1427616 ], [ -0.862529, 48.1428415 ], [ -0.8627212, 48.1427262 ], [ -0.8629308, 48.1421689 ], [ -0.8647707, 48.139905 ], [ -0.8641264, 48.1394324 ], [ -0.8635737, 48.1386109 ], [ -0.8634338, 48.1382632 ], [ -0.8633246, 48.1373767 ], [ -0.8624757, 48.1352117 ], [ -0.8618998, 48.1340531 ], [ -0.8589238, 48.1318938 ], [ -0.8582806, 48.1307716 ], [ -0.8579239, 48.1305868 ], [ -0.8570564, 48.1305017 ], [ -0.8565069, 48.1297945 ], [ -0.856338, 48.1291405 ], [ -0.8563678, 48.1289954 ], [ -0.8566858, 48.1287616 ], [ -0.8566366, 48.1282911 ], [ -0.8576709, 48.1273618 ], [ -0.8573311, 48.1266332 ], [ -0.8574877, 48.1255713 ], [ -0.8574777, 48.1254158 ], [ -0.8573145, 48.1253554 ], [ -0.8579756, 48.1232238 ], [ -0.8595472, 48.123666 ], [ -0.8626652, 48.1243873 ], [ -0.8628153, 48.1242869 ], [ -0.8631475, 48.1234373 ], [ -0.864559, 48.1236766 ], [ -0.8666567, 48.1236384 ], [ -0.8666278, 48.1229501 ], [ -0.8667447, 48.1220652 ], [ -0.8690958, 48.1228052 ], [ -0.8693108, 48.1220485 ], [ -0.8676359, 48.121226 ], [ -0.8670548, 48.1207865 ], [ -0.8670402, 48.1201095 ], [ -0.8674243, 48.1192915 ], [ -0.867145, 48.1192439 ], [ -0.8671584, 48.118838 ], [ -0.8674374, 48.1185694 ], [ -0.8674619, 48.1183164 ], [ -0.8676686, 48.117996 ], [ -0.8677543, 48.1176239 ], [ -0.8676527, 48.117302 ], [ -0.8675811, 48.1171692 ], [ -0.8671041, 48.1168461 ], [ -0.8659785, 48.1163569 ], [ -0.8657469, 48.1161888 ], [ -0.8654696, 48.1152123 ], [ -0.86516, 48.1147323 ], [ -0.8649337, 48.1135514 ], [ -0.863984, 48.1133321 ], [ -0.863793, 48.1128546 ], [ -0.8632876, 48.1125847 ], [ -0.8623519, 48.112428 ], [ -0.8614085, 48.1118517 ], [ -0.8600677, 48.1113244 ], [ -0.8590245, 48.1112604 ], [ -0.8577599, 48.1109099 ], [ -0.8575935, 48.1110451 ], [ -0.8575337, 48.1109263 ], [ -0.8561137, 48.1105656 ], [ -0.8552044, 48.1101053 ], [ -0.8547663, 48.109725 ], [ -0.8536608, 48.109230499999988 ], [ -0.8521348, 48.1082822 ], [ -0.8518412, 48.1082585 ], [ -0.8515815, 48.1077228 ], [ -0.8510698, 48.1070512 ], [ -0.8486602, 48.1058813 ], [ -0.8482307, 48.1054142 ], [ -0.8479995, 48.1048812 ], [ -0.8484074, 48.103112 ], [ -0.8482277, 48.1030458 ], [ -0.8473596, 48.1020958 ], [ -0.8475127, 48.1019827 ], [ -0.8461274, 48.1010774 ], [ -0.8464789, 48.1008624 ], [ -0.8434443, 48.0990082 ], [ -0.8417829, 48.0985219 ], [ -0.8409126, 48.0981133 ], [ -0.8380859, 48.0955811 ], [ -0.8356047, 48.0941177 ], [ -0.8344677, 48.0930709 ], [ -0.8330674, 48.0922318 ], [ -0.8301772, 48.0907988 ], [ -0.8289764, 48.089964 ], [ -0.8277799, 48.0895407 ], [ -0.8239185, 48.0877265 ], [ -0.8210884, 48.0865976 ], [ -0.817018, 48.0854025 ], [ -0.8168985, 48.085274 ], [ -0.8171467, 48.0847641 ], [ -0.8168674, 48.0848065 ], [ -0.8158358, 48.0838886 ], [ -0.8148753, 48.0835098 ], [ -0.8142936, 48.0844286 ], [ -0.8144484, 48.0846362 ], [ -0.8135847, 48.0848165 ], [ -0.8124394, 48.0848572 ], [ -0.8110442, 48.0855906 ], [ -0.8099876, 48.086341 ], [ -0.8095097, 48.0860529 ], [ -0.808904, 48.0870887 ], [ -0.8084735, 48.0884486 ], [ -0.8076157, 48.0884691 ], [ -0.8072698, 48.0882767 ], [ -0.8066597, 48.0882081 ], [ -0.8053788, 48.0878234 ], [ -0.8046543, 48.0878081 ], [ -0.8025464, 48.087945499999989 ], [ -0.8006131, 48.0875575 ], [ -0.7997645, 48.0871245 ], [ -0.7993281, 48.0870953 ], [ -0.7982203, 48.0866113 ], [ -0.7978537, 48.0865997 ], [ -0.7977023, 48.0865135 ], [ -0.7973921, 48.086556 ], [ -0.7971239, 48.0864538 ], [ -0.7933297, 48.0867383 ], [ -0.7926372, 48.0869624 ], [ -0.7902581, 48.0871246 ], [ -0.7890551, 48.0868867 ], [ -0.7876127, 48.0869106 ], [ -0.7871712, 48.0867167 ], [ -0.7867415, 48.0867242 ], [ -0.7860386, 48.0865414 ], [ -0.7855001, 48.0861929 ], [ -0.7842321, 48.0861175 ], [ -0.7834019, 48.086354 ], [ -0.7826577, 48.0863446 ], [ -0.7822245, 48.0864729 ], [ -0.781796, 48.0867975 ], [ -0.7805881, 48.0883516 ], [ -0.7802365, 48.088662 ], [ -0.7800531, 48.08873 ], [ -0.7798875, 48.0886705 ], [ -0.7792657, 48.0890021 ], [ -0.7791645, 48.0889405 ], [ -0.7774142, 48.0898309 ], [ -0.7760245, 48.0885602 ], [ -0.7753591, 48.0888833 ], [ -0.7752893, 48.0890918 ], [ -0.774872, 48.0892917 ], [ -0.7746016, 48.0892715 ], [ -0.7734014, 48.0896226 ], [ -0.7733847, 48.088923 ], [ -0.7729649, 48.0876581 ], [ -0.7737314, 48.0872229 ], [ -0.7735103, 48.0864899 ], [ -0.772959, 48.0858747 ], [ -0.7727569, 48.0855045 ], [ -0.7706162, 48.0857367 ], [ -0.7698564, 48.0854247 ], [ -0.7697403, 48.0848658 ], [ -0.7707534, 48.0838817 ], [ -0.7705284, 48.0837317 ], [ -0.7706781, 48.0836097 ], [ -0.7704427, 48.0834822 ], [ -0.7705251, 48.0833144 ], [ -0.7703801, 48.0831863 ], [ -0.7704817, 48.0831003 ], [ -0.7704563, 48.0829286 ], [ -0.7703145, 48.0828046 ], [ -0.7699805, 48.0827911 ], [ -0.7702258, 48.0826097 ], [ -0.7699479, 48.0825227 ], [ -0.770299, 48.082224 ], [ -0.7700589, 48.0821913 ], [ -0.7698361, 48.0819629 ], [ -0.7693358, 48.0817551 ], [ -0.7689666, 48.0817895 ], [ -0.768412, 48.0814666 ], [ -0.7684311, 48.0817083 ], [ -0.7680674, 48.081688899999989 ], [ -0.76797, 48.081791 ], [ -0.7678771, 48.0817544 ], [ -0.7677943, 48.0818791 ], [ -0.7676339, 48.0817937 ], [ -0.7669721, 48.0821486 ], [ -0.7668367, 48.082018 ], [ -0.7666285, 48.0820618 ], [ -0.766361, 48.0819417 ], [ -0.7661152, 48.0819888 ], [ -0.7661811, 48.0818529 ], [ -0.7666119, 48.0817293 ], [ -0.7664898, 48.0816464 ], [ -0.7661916, 48.0817767 ], [ -0.7660212, 48.081526 ], [ -0.7661427, 48.0814522 ], [ -0.7660103, 48.0813563 ], [ -0.7660392, 48.081165 ], [ -0.7659127, 48.0811418 ], [ -0.765944, 48.0810215 ], [ -0.7658296, 48.0809052 ], [ -0.7659695, 48.0808289 ], [ -0.765939, 48.0807491 ], [ -0.7657291, 48.0807038 ], [ -0.7657964, 48.0805854 ], [ -0.7656283, 48.0805626 ], [ -0.7655971, 48.0803907 ], [ -0.7657323, 48.0803296 ], [ -0.7655485, 48.0801725 ], [ -0.7655511, 48.0799819 ], [ -0.7654056, 48.0798311 ], [ -0.7654843, 48.0797097 ], [ -0.7654, 48.0796997 ], [ -0.765308, 48.0794137 ], [ -0.7651899, 48.0794051 ], [ -0.7652946, 48.0791731 ], [ -0.7650896, 48.07916 ], [ -0.7651738, 48.0789142 ], [ -0.7649782, 48.0788867 ], [ -0.7650059, 48.0786407 ], [ -0.7648558, 48.0785129 ], [ -0.7650177, 48.0781612 ], [ -0.7650358, 48.0777496 ], [ -0.7652655, 48.0777552 ], [ -0.7648808, 48.0774921 ], [ -0.7650572, 48.0774616 ], [ -0.765226, 48.0768495 ], [ -0.7655515, 48.0766463 ], [ -0.7651918, 48.0765071 ], [ -0.7648044, 48.0764396 ], [ -0.7642699, 48.0764966 ], [ -0.7637767, 48.0763586 ], [ -0.763312, 48.0763894 ], [ -0.7625937, 48.0761861 ], [ -0.7619258, 48.0764299 ], [ -0.7602148, 48.076572 ], [ -0.7602531, 48.0770271 ], [ -0.7600589, 48.0771681 ], [ -0.7597926, 48.077211299999988 ], [ -0.7589248, 48.0765017 ], [ -0.7580366, 48.0766101 ], [ -0.7573581, 48.0765999 ], [ -0.756741, 48.0764638 ], [ -0.7559479, 48.07656 ], [ -0.7540916, 48.0762585 ], [ -0.7532246, 48.0759548 ], [ -0.7524161, 48.0759226 ], [ -0.7516719, 48.076027 ], [ -0.7512625, 48.0759645 ], [ -0.7498539, 48.0761618 ], [ -0.7496606, 48.0763059 ], [ -0.7484095, 48.0767956 ], [ -0.7474896, 48.076947 ], [ -0.7462642, 48.0772832 ], [ -0.7450268, 48.0773582 ], [ -0.744163, 48.0778696 ], [ -0.7437534, 48.0779994 ], [ -0.7434385, 48.0782717 ], [ -0.7418976, 48.0784367 ], [ -0.7414615, 48.078697 ], [ -0.7382704, 48.0792489 ], [ -0.7367089, 48.0789449 ], [ -0.7355493, 48.0786342 ], [ -0.7357076, 48.0788752 ], [ -0.7357703, 48.0792876 ], [ -0.7351781, 48.0802289 ], [ -0.7331647, 48.080826 ], [ -0.7319029, 48.0821299 ], [ -0.7313158, 48.0822305 ], [ -0.7309692, 48.0824064 ], [ -0.7303509, 48.0824458 ], [ -0.7298319, 48.0825973 ], [ -0.7293075, 48.0824824 ], [ -0.7291211, 48.0825271 ], [ -0.7290942, 48.0827567 ], [ -0.7288057, 48.0830686 ], [ -0.7288245, 48.0833743 ], [ -0.7286557, 48.0838201 ], [ -0.7287664, 48.0840563 ], [ -0.7284792, 48.0843491 ], [ -0.7285807, 48.0845108 ], [ -0.7292061, 48.0849522 ], [ -0.7287005, 48.0858664 ], [ -0.7284902, 48.0859352 ], [ -0.7282348, 48.086164 ], [ -0.7283422, 48.0864489 ], [ -0.7279751, 48.0865425 ], [ -0.7282689, 48.0868584 ], [ -0.7283052, 48.0871635 ], [ -0.7281355, 48.0872347 ], [ -0.7279693, 48.0870715 ], [ -0.7278151, 48.0870763 ], [ -0.7276036, 48.0874146 ], [ -0.7273402, 48.0874733 ], [ -0.7271233, 48.0877721 ], [ -0.7271329, 48.0879664 ], [ -0.7274626, 48.0881415 ], [ -0.7273273, 48.0884737 ], [ -0.7270699, 48.088503499999987 ], [ -0.7268663, 48.0883613 ], [ -0.7264754, 48.0884052 ], [ -0.726544, 48.0886147 ], [ -0.7263252, 48.0887919 ], [ -0.7261889, 48.0890908 ], [ -0.7262219, 48.0891771 ], [ -0.7265653, 48.0892032 ], [ -0.7264181, 48.0894042 ], [ -0.7265455, 48.0895903 ], [ -0.7261857, 48.0897125 ], [ -0.7260738, 48.0898412 ], [ -0.7265099, 48.0901148 ], [ -0.7265173, 48.0902389 ], [ -0.7256827, 48.0901689 ], [ -0.7254796, 48.0902249 ], [ -0.7254178, 48.090416 ], [ -0.7252499, 48.090515 ], [ -0.7252188, 48.0907223 ], [ -0.7251148, 48.0907733 ], [ -0.7249339, 48.0906863 ], [ -0.7239036, 48.0909306 ], [ -0.7237663, 48.0909853 ], [ -0.7236534, 48.0911961 ], [ -0.7233262, 48.0913803 ], [ -0.7234007, 48.0915221 ], [ -0.7233096, 48.0918133 ], [ -0.7228849, 48.0921024 ], [ -0.7229446, 48.0923005 ], [ -0.7227838, 48.0928434 ], [ -0.7228463, 48.0929486 ], [ -0.7234999, 48.0931585 ], [ -0.7235013, 48.0933315 ], [ -0.7232167, 48.0936828 ], [ -0.7232958, 48.0939082 ], [ -0.7232243, 48.0940951 ], [ -0.7237137, 48.0944382 ], [ -0.723956, 48.0948035 ], [ -0.7239433, 48.0956732 ], [ -0.7238199, 48.0961176 ], [ -0.7239846, 48.0965079 ], [ -0.7239325, 48.0966465 ], [ -0.7237425, 48.0967552 ], [ -0.7236383, 48.0970711 ], [ -0.7233017, 48.0972178 ], [ -0.7229864, 48.0974773 ], [ -0.7233414, 48.0976867 ], [ -0.7231948, 48.098049 ], [ -0.7225231, 48.0985738 ], [ -0.7215073, 48.0990266 ], [ -0.7211445, 48.0990498 ], [ -0.7208986, 48.0988432 ], [ -0.7197861, 48.0983792 ], [ -0.7194015, 48.0984941 ], [ -0.7187506, 48.0982272 ], [ -0.7179267, 48.0984641 ], [ -0.7177774, 48.098712 ], [ -0.7174703, 48.0988766 ], [ -0.7176357, 48.0994119 ], [ -0.7177781, 48.0995435 ], [ -0.7178764, 48.1000809 ], [ -0.7185997, 48.1001923 ], [ -0.7188619, 48.1007074 ], [ -0.7200563, 48.1010147 ], [ -0.72075, 48.1013738 ], [ -0.7208737, 48.1017753 ], [ -0.7206789, 48.1018932 ], [ -0.7207066, 48.102095 ], [ -0.7205046, 48.102224799999988 ], [ -0.7191992, 48.1023084 ], [ -0.7181323, 48.1020357 ], [ -0.7175274, 48.1020017 ], [ -0.7173424, 48.1017427 ], [ -0.7170761, 48.1016475 ], [ -0.7165563, 48.101944 ], [ -0.7163932, 48.1022834 ], [ -0.7159877, 48.1022737 ], [ -0.7158799, 48.1022131 ], [ -0.716095, 48.1018874 ], [ -0.7159069, 48.1017943 ], [ -0.7158393, 48.1015018 ], [ -0.7156982, 48.1013702 ], [ -0.7151698, 48.1012383 ], [ -0.714531, 48.1013728 ], [ -0.7139879, 48.1017016 ], [ -0.7135474, 48.1017867 ], [ -0.7133156, 48.1015499 ], [ -0.7136559, 48.100957199999989 ], [ -0.7125891, 48.1007431 ], [ -0.7102173, 48.0999656 ], [ -0.7090618, 48.0997318 ], [ -0.7089449, 48.099312 ], [ -0.7074984, 48.099108 ], [ -0.7061444, 48.099093 ], [ -0.7058117, 48.0989891 ], [ -0.7051336, 48.099005 ], [ -0.7050214, 48.0990725 ], [ -0.7045312, 48.0990248 ], [ -0.704236, 48.0989197 ], [ -0.7038341, 48.0986351 ], [ -0.7024337, 48.0983791 ], [ -0.7009163, 48.1020401 ], [ -0.7008891, 48.1027274 ], [ -0.7011249, 48.1033289 ], [ -0.7011287, 48.1036711 ], [ -0.7007596, 48.1050079 ], [ -0.6995155, 48.1048731 ], [ -0.6986738, 48.1045887 ], [ -0.698473, 48.105236399999988 ], [ -0.6982183, 48.1056723 ], [ -0.6983812, 48.105732 ], [ -0.6960289, 48.1081561 ], [ -0.6918731, 48.1059686 ], [ -0.6911293, 48.1057181 ], [ -0.6904009, 48.1056301 ], [ -0.6895332, 48.1053762 ], [ -0.6890141, 48.1061095 ], [ -0.6877044, 48.1055361 ], [ -0.6873745, 48.1058203 ], [ -0.6877871, 48.1059894 ], [ -0.6882768, 48.1063371 ], [ -0.6884339, 48.1067384 ], [ -0.6889889, 48.1070391 ], [ -0.6912977, 48.1074739 ], [ -0.6921753, 48.107541 ], [ -0.6923849, 48.1076714 ], [ -0.6924076, 48.1086129 ], [ -0.6928511, 48.1093773 ], [ -0.692199, 48.1109022 ], [ -0.6922917, 48.1114587 ], [ -0.6913702, 48.1125748 ], [ -0.6915596, 48.112995 ], [ -0.6911126, 48.1131612 ], [ -0.6904264, 48.1140845 ], [ -0.690595, 48.1146872 ], [ -0.6920739, 48.1160615 ], [ -0.6890014, 48.1175459 ], [ -0.689971, 48.1191407 ], [ -0.6893856, 48.1193301 ], [ -0.6895146, 48.1195018 ], [ -0.6894573, 48.1196062 ], [ -0.6886217, 48.1195657 ], [ -0.6877528, 48.1200307 ], [ -0.6874424, 48.1200549 ], [ -0.6874041, 48.1201425 ], [ -0.6876856, 48.1210337 ], [ -0.6878261, 48.1210608 ], [ -0.6878376, 48.1213226 ], [ -0.6883584, 48.1217297 ], [ -0.6888382, 48.1223767 ], [ -0.6891465, 48.1232472 ], [ -0.6894215, 48.1246024 ], [ -0.6896634, 48.1251579 ], [ -0.689712, 48.1256608 ], [ -0.6893789, 48.1274413 ], [ -0.6897318, 48.1281212 ], [ -0.6892353, 48.1288538 ], [ -0.689063, 48.1293538 ], [ -0.6885436, 48.1297385 ], [ -0.6879993, 48.1307311 ], [ -0.687912, 48.1315427 ], [ -0.6882245, 48.1322996 ], [ -0.6885931, 48.1328754 ], [ -0.6886401, 48.1336837 ], [ -0.6885497, 48.1344513 ], [ -0.688237, 48.1344827 ], [ -0.687902, 48.134368 ], [ -0.6877279, 48.1367129 ], [ -0.6849922, 48.1366399 ], [ -0.685069, 48.1381454 ], [ -0.6858617, 48.1384918 ], [ -0.6855067, 48.1393262 ], [ -0.6853848, 48.140202 ], [ -0.6850058, 48.1409813 ], [ -0.6843205, 48.1414604 ], [ -0.680131, 48.1490931 ], [ -0.6795914, 48.1495784 ], [ -0.6795533, 48.1497075 ], [ -0.6797142, 48.1497952 ], [ -0.6797338, 48.1504441 ], [ -0.6799645, 48.1511278 ], [ -0.6812645, 48.1518358 ], [ -0.6817097, 48.1518507 ], [ -0.6817455, 48.1520352 ], [ -0.682515, 48.1519895 ], [ -0.6848403, 48.1520736 ], [ -0.6865869, 48.1520434 ], [ -0.6870307, 48.1520943 ], [ -0.6874478, 48.1522651 ], [ -0.6904744, 48.1542936 ], [ -0.6905215, 48.1544272 ], [ -0.6914728, 48.1550559 ], [ -0.6917018, 48.1550965 ], [ -0.6918872, 48.1559375 ], [ -0.6916449, 48.1566504 ], [ -0.6919204, 48.1568561 ], [ -0.6923447, 48.1569167 ], [ -0.6925629, 48.1571108 ], [ -0.692913, 48.1571881 ], [ -0.6930548, 48.1570404 ], [ -0.6936509, 48.157074 ], [ -0.694007, 48.1569692 ], [ -0.6946847, 48.1572065 ], [ -0.6948936, 48.1571711 ], [ -0.6951039, 48.1569447 ], [ -0.6954031, 48.1567948 ], [ -0.696954, 48.1564868 ], [ -0.6974353, 48.1561312 ], [ -0.6989777, 48.1560486 ] ], [ [ -0.7604704, 48.0771154 ], [ -0.7602775, 48.0766608 ], [ -0.7608051, 48.0772733 ], [ -0.7604704, 48.0771154 ] ], [ [ -0.7591569, 48.0777668 ], [ -0.7594971, 48.0775251 ], [ -0.759715, 48.0774757 ], [ -0.7597988, 48.0776062 ], [ -0.7594814, 48.0777037 ], [ -0.759593, 48.0777492 ], [ -0.7594738, 48.0778398 ], [ -0.7595007, 48.0780106 ], [ -0.7592955, 48.0781028 ], [ -0.7592584, 48.0782262 ], [ -0.759102, 48.0781928 ], [ -0.7591569, 48.0777668 ] ], [ [ -0.7596495, 48.0782405 ], [ -0.7596342, 48.0784889 ], [ -0.7594135, 48.0784239 ], [ -0.7594651, 48.0782271 ], [ -0.7596495, 48.0782405 ] ], [ [ -0.7591545, 48.0785202 ], [ -0.7588855, 48.078650499999988 ], [ -0.7588691, 48.078842 ], [ -0.7586887, 48.078810399999988 ], [ -0.7586381, 48.0787387 ], [ -0.7588439, 48.0786359 ], [ -0.7590115, 48.0783053 ], [ -0.7591545, 48.0785202 ] ], [ [ -0.7596001, 48.0786078 ], [ -0.7596039, 48.0789882 ], [ -0.7597072, 48.0792776 ], [ -0.7589068, 48.0790416 ], [ -0.7589408, 48.0789609 ], [ -0.7591438, 48.0789571 ], [ -0.7592394, 48.0785947 ], [ -0.759342, 48.0785383 ], [ -0.7596001, 48.0786078 ] ], [ [ -0.7587275, 48.0790064 ], [ -0.758708, 48.0792171 ], [ -0.7585344, 48.0791559 ], [ -0.75854, 48.0790572 ], [ -0.7587275, 48.0790064 ] ], [ [ -0.7583539, 48.0796595 ], [ -0.7582711, 48.0794459 ], [ -0.7583919, 48.0793491 ], [ -0.7585226, 48.0793859 ], [ -0.7583539, 48.0796595 ] ], [ [ -0.7653432, 48.080535 ], [ -0.7653797, 48.0808288 ], [ -0.7651125, 48.0807037 ], [ -0.7647498, 48.08066 ], [ -0.764818, 48.0804763 ], [ -0.7649561, 48.0804276 ], [ -0.7648563, 48.080199 ], [ -0.7649891, 48.079981 ], [ -0.7651705, 48.0800636 ], [ -0.765284, 48.0802825 ], [ -0.7655838, 48.0803901 ], [ -0.7653432, 48.080535 ] ], [ [ -0.7656586, 48.0814477 ], [ -0.7654912, 48.0812324 ], [ -0.7654886, 48.0810859 ], [ -0.7658516, 48.0811554 ], [ -0.7658952, 48.0812575 ], [ -0.7656586, 48.0814477 ] ], [ [ -0.7703768, 48.0830691 ], [ -0.7703618, 48.083187 ], [ -0.7701671, 48.0832265 ], [ -0.7699589, 48.0830334 ], [ -0.7703768, 48.0830691 ] ], [ [ -0.7532958, 48.0793001 ], [ -0.7531132, 48.0795092 ], [ -0.7527918, 48.0795668 ], [ -0.7525081, 48.0794105 ], [ -0.7532427, 48.0789255 ], [ -0.7536286, 48.0790155 ], [ -0.7536334, 48.0792967 ], [ -0.7532958, 48.0793001 ] ], [ [ -0.7529121, 48.0798861 ], [ -0.7528102, 48.0795864 ], [ -0.7530123, 48.0796328 ], [ -0.7532732, 48.0798255 ], [ -0.7529121, 48.0798861 ] ], [ [ -0.7541938, 48.0795436 ], [ -0.7540823, 48.079777 ], [ -0.7541634, 48.0800297 ], [ -0.7545001, 48.0801737 ], [ -0.7540422, 48.0803405 ], [ -0.7539082, 48.0802708 ], [ -0.7538514, 48.0801209 ], [ -0.7539412, 48.0800866 ], [ -0.753689, 48.0798162 ], [ -0.7537962, 48.0795773 ], [ -0.7541161, 48.079493 ], [ -0.7541938, 48.0795436 ] ], [ [ -0.7553745, 48.0802863 ], [ -0.7552979, 48.0803543 ], [ -0.7551627, 48.0802116 ], [ -0.7551086, 48.0802601 ], [ -0.7547533, 48.0800873 ], [ -0.7551776, 48.0800033 ], [ -0.7555403, 48.0800777 ], [ -0.7558005, 48.0798174 ], [ -0.7561362, 48.0798543 ], [ -0.7557562, 48.08034 ], [ -0.755931, 48.0804733 ], [ -0.7554689, 48.0805566 ], [ -0.7555341, 48.0803808 ], [ -0.7553745, 48.0802863 ] ], [ [ -0.7580442, 48.0801845 ], [ -0.7579337, 48.080169 ], [ -0.7578677, 48.0805987 ], [ -0.7575963, 48.0806111 ], [ -0.7574589, 48.0804971 ], [ -0.7578735, 48.080142 ], [ -0.7579284, 48.0799992 ], [ -0.758093, 48.0799298 ], [ -0.7580442, 48.0801845 ] ], [ [ -0.7564114, 48.0805271 ], [ -0.7560577, 48.0810172 ], [ -0.7557084, 48.0808429 ], [ -0.7555788, 48.0808653 ], [ -0.7559489, 48.0804758 ], [ -0.7564114, 48.0805271 ] ], [ [ -0.7575068, 48.0810431 ], [ -0.7578562, 48.0811345 ], [ -0.7577897, 48.0817809 ], [ -0.7574454, 48.0814906 ], [ -0.7575068, 48.0810431 ] ], [ [ -0.756716, 48.0812131 ], [ -0.7563295, 48.0817308 ], [ -0.7558483, 48.0818839 ], [ -0.7562421, 48.0811767 ], [ -0.756716, 48.0812131 ] ], [ [ -0.7555349, 48.0819999 ], [ -0.7552445, 48.0821509 ], [ -0.7554399, 48.0811959 ], [ -0.7551715, 48.081091 ], [ -0.7552511, 48.0810332 ], [ -0.7555012, 48.0810847 ], [ -0.7555788, 48.0810025 ], [ -0.75578, 48.0810643 ], [ -0.7555349, 48.0819999 ] ] ], [ [ [ -0.7517442, 48.0751851 ], [ -0.7514247, 48.0748659 ], [ -0.7512244, 48.0747855 ], [ -0.7506261, 48.074892 ], [ -0.7509787, 48.0751357 ], [ -0.7511185, 48.0755506 ], [ -0.751289, 48.0756616 ], [ -0.7515988, 48.0754779 ], [ -0.7517442, 48.0751851 ] ] ], [ [ [ -0.7665654, 48.0783914 ], [ -0.7657536, 48.0781332 ], [ -0.7652226, 48.0783913 ], [ -0.7650559, 48.078632899999988 ], [ -0.7652929, 48.0786835 ], [ -0.765514, 48.0788355 ], [ -0.7664959, 48.0786609 ], [ -0.7665654, 48.0783914 ] ] ] ] } },
{ "type": "Feature", "properties": { "code_departement": 53.0, "code_rne": "0530484N", "multisecteur": 0.0 }, "geometry": { "type": "MultiPolygon", "coordinates": [ [ [ [ -0.6933468, 47.9751635 ], [ -0.6931308, 47.9747793 ], [ -0.691405, 47.974369499999987 ], [ -0.6912292, 47.9745994 ], [ -0.6907545, 47.9742566 ], [ -0.6883339, 47.9729236 ], [ -0.6852844, 47.9728265 ], [ -0.6834159, 47.9724662 ], [ -0.6834355, 47.972825 ], [ -0.6844144, 47.9746898 ], [ -0.684764, 47.9749509 ], [ -0.685535, 47.975061 ], [ -0.6861908, 47.9753458 ], [ -0.6857572, 47.9763639 ], [ -0.6842085, 47.9781152 ], [ -0.6835349, 47.9801985 ], [ -0.6828716, 47.9800382 ], [ -0.6826275, 47.9799035 ], [ -0.6827887, 47.9796552 ], [ -0.6820642, 47.9788076 ], [ -0.6812482, 47.9784963 ], [ -0.6808721, 47.9782387 ], [ -0.6799078, 47.9782644 ], [ -0.6792855, 47.9781514 ], [ -0.6784637, 47.978124 ], [ -0.6775816, 47.9783084 ], [ -0.6773795, 47.9784904 ], [ -0.6763735, 47.9784552 ], [ -0.6760263, 47.9787894 ], [ -0.6755702, 47.9788875 ], [ -0.6752772, 47.9790345 ], [ -0.6742239, 47.9791503 ], [ -0.6736248, 47.9793159 ], [ -0.6730864, 47.9790967 ], [ -0.6721684, 47.9793263 ], [ -0.6708733, 47.979264 ], [ -0.6705431, 47.9796302 ], [ -0.669289, 47.9800829 ], [ -0.6689227, 47.9802961 ], [ -0.667141, 47.9806869 ], [ -0.66668, 47.9810445 ], [ -0.6664768, 47.981385 ], [ -0.6650126, 47.9818262 ], [ -0.6648735, 47.9819305 ], [ -0.6646963, 47.9818703 ], [ -0.6641941, 47.9814391 ], [ -0.6631404, 47.9813954 ], [ -0.662399, 47.9815203 ], [ -0.6611565, 47.9814824 ], [ -0.6599089, 47.9815835 ], [ -0.6596741, 47.9821079 ], [ -0.6588557, 47.9819343 ], [ -0.6580914, 47.98204 ], [ -0.6594117, 47.9830485 ], [ -0.6595072, 47.983537399999989 ], [ -0.6591467, 47.9840693 ], [ -0.6591946, 47.9847039 ], [ -0.6570329, 47.9846865 ], [ -0.6559463, 47.9853139 ], [ -0.6538716, 47.9855451 ], [ -0.6532685, 47.9857711 ], [ -0.6529494, 47.9860864 ], [ -0.6526889, 47.9870179 ], [ -0.652173, 47.9877105 ], [ -0.6514847, 47.9881409 ], [ -0.6505424, 47.9885458 ], [ -0.6491396, 47.9889299 ], [ -0.6482067, 47.989277799999989 ], [ -0.6463679, 47.989624 ], [ -0.6452557, 47.9896882 ], [ -0.6451967, 47.9898252 ], [ -0.6446736, 47.990063 ], [ -0.6443594, 47.9904313 ], [ -0.6441435, 47.9917794 ], [ -0.6438426, 47.9922248 ], [ -0.6406291, 47.9921775 ], [ -0.6396391, 47.9919496 ], [ -0.6381708, 47.9917527 ], [ -0.6379533, 47.9919279 ], [ -0.6379394, 47.9925067 ], [ -0.6380781, 47.9926303 ], [ -0.6380853, 47.9928535 ], [ -0.6379649, 47.9940698 ], [ -0.63436, 47.9939732 ], [ -0.6338937, 47.9938471 ], [ -0.6317859, 47.9938564 ], [ -0.631185, 47.9941362 ], [ -0.6308057, 47.9944182 ], [ -0.6305368, 47.9947832 ], [ -0.6305699, 47.995246099999989 ], [ -0.6285981, 47.994871 ], [ -0.6279019, 47.9945637 ], [ -0.6275549, 47.9943176 ], [ -0.6271907, 47.9943496 ], [ -0.6247006, 47.9936751 ], [ -0.6238074, 47.9932927 ], [ -0.6236095, 47.9933421 ], [ -0.623204, 47.9944779 ], [ -0.6228975, 47.9949802 ], [ -0.623049, 47.9952917 ], [ -0.6237847, 47.9959429 ], [ -0.6228766, 47.9990905 ], [ -0.6227073, 48.0002065 ], [ -0.622654, 48.0022522 ], [ -0.623256, 48.0036741 ], [ -0.6233004, 48.0040097 ], [ -0.6232312, 48.0066855 ], [ -0.6228843, 48.0078745 ], [ -0.6249312, 48.008243 ], [ -0.6254319, 48.0082023 ], [ -0.6259452, 48.0083865 ], [ -0.6263519, 48.0086982 ], [ -0.6290279, 48.0095463 ], [ -0.6305306, 48.0098278 ], [ -0.6363601, 48.0114539 ], [ -0.6382808, 48.0118368 ], [ -0.6386422, 48.011822 ], [ -0.6404321, 48.0122549 ], [ -0.6434263, 48.0124531 ], [ -0.6460971, 48.0123605 ], [ -0.6487129, 48.012055 ], [ -0.6508008, 48.0116109 ], [ -0.6523995, 48.0116442 ], [ -0.6574242, 48.0120637 ], [ -0.6577503, 48.0121778 ], [ -0.6577533, 48.0127273 ], [ -0.6578424, 48.0128308 ], [ -0.6576284, 48.0127267 ], [ -0.6565082, 48.0126219 ], [ -0.6556033, 48.0121563 ], [ -0.654386, 48.0120653 ], [ -0.6537649, 48.012131499999988 ], [ -0.6528779, 48.0127401 ], [ -0.652721, 48.0133278 ], [ -0.652453, 48.0137235 ], [ -0.6527199, 48.0143621 ], [ -0.6529204, 48.0145639 ], [ -0.6534146, 48.0145837 ], [ -0.6541854, 48.0149949 ], [ -0.6542816, 48.0154739 ], [ -0.6544813, 48.0156433 ], [ -0.6549417, 48.0157975 ], [ -0.6552305, 48.015993 ], [ -0.6552655, 48.016345 ], [ -0.6554468, 48.016579 ], [ -0.6552769, 48.0169573 ], [ -0.6555381, 48.0171032 ], [ -0.6555526, 48.0174109 ], [ -0.6559985, 48.0175492 ], [ -0.6559886, 48.0178135 ], [ -0.6557881, 48.0181188 ], [ -0.6553982, 48.0183832 ], [ -0.6553077, 48.0186085 ], [ -0.6550062, 48.0187341 ], [ -0.6543857, 48.0187128 ], [ -0.6537355, 48.0190582 ], [ -0.6529471, 48.0191917 ], [ -0.6525389, 48.0191918 ], [ -0.6525818, 48.0190166 ], [ -0.6523728, 48.0188862 ], [ -0.6517376, 48.0189825 ], [ -0.6514527, 48.0191742 ], [ -0.6513155, 48.0195208 ], [ -0.6499228, 48.0203937 ], [ -0.6499168, 48.0205605 ], [ -0.6497503, 48.0207161 ], [ -0.649858, 48.0223172 ], [ -0.6494998, 48.0232184 ], [ -0.6496148, 48.0234446 ], [ -0.6481726, 48.0270504 ], [ -0.6467167, 48.0292711 ], [ -0.6457927, 48.0304204 ], [ -0.6452764, 48.0313102 ], [ -0.6447437, 48.0327411 ], [ -0.6443765, 48.0332407 ], [ -0.6424464, 48.0333365 ], [ -0.6416994, 48.0338407 ], [ -0.640252, 48.035216 ], [ -0.6416713, 48.0354045 ], [ -0.6417784, 48.0361219 ], [ -0.6404389, 48.0361561 ], [ -0.6402523, 48.0364304 ], [ -0.6401389, 48.0367933 ], [ -0.6410329, 48.0371755 ], [ -0.6407823, 48.0374968 ], [ -0.6407934, 48.0376766 ], [ -0.6450491, 48.0386763 ], [ -0.6454105, 48.0383264 ], [ -0.6463806, 48.0380576 ], [ -0.6464397, 48.0382531 ], [ -0.6468652, 48.0382678 ], [ -0.6489976, 48.0378089 ], [ -0.6500946, 48.0374326 ], [ -0.6528504, 48.0368615 ], [ -0.6530843, 48.0370002 ], [ -0.6535474, 48.0371119 ], [ -0.6549942, 48.0380291 ], [ -0.6556263, 48.0381563 ], [ -0.6559408, 48.038412199999989 ], [ -0.656683, 48.0386549 ], [ -0.6580603, 48.0388563 ], [ -0.6584843, 48.0387719 ], [ -0.6602304, 48.0376438 ], [ -0.6614756, 48.0374104 ], [ -0.6619478, 48.0372264 ], [ -0.662664, 48.03725 ], [ -0.6632091, 48.0369169 ], [ -0.663644, 48.0368925 ], [ -0.6646531, 48.0370142 ], [ -0.6657494, 48.0368422 ], [ -0.6666481, 48.036553 ], [ -0.6675676, 48.035982 ], [ -0.6683374, 48.0359454 ], [ -0.6696911, 48.0361734 ], [ -0.6725433, 48.0372655 ], [ -0.674212, 48.0378125 ], [ -0.6760787, 48.037865 ], [ -0.6765221, 48.0381754 ], [ -0.6767539, 48.0386312 ], [ -0.6769428, 48.0387406 ], [ -0.6785884, 48.0390693 ], [ -0.6804803, 48.039657 ], [ -0.681053, 48.0399724 ], [ -0.6814309, 48.0406542 ], [ -0.6822496, 48.0412809 ], [ -0.682295, 48.0414506 ], [ -0.682199, 48.0415959 ], [ -0.6822836, 48.04175 ], [ -0.6827328, 48.0418531 ], [ -0.6828557, 48.0420177 ], [ -0.6837175, 48.0425105 ], [ -0.6841073, 48.0429569 ], [ -0.6846856, 48.0432162 ], [ -0.6847201, 48.0433458 ], [ -0.6854532, 48.0432625 ], [ -0.6858989, 48.0433548 ], [ -0.6863693, 48.0432428 ], [ -0.6866759, 48.0432467 ], [ -0.686904, 48.0428188 ], [ -0.6867445, 48.0427076 ], [ -0.6868252, 48.0425745 ], [ -0.6870027, 48.0425193 ], [ -0.6869971, 48.0422267 ], [ -0.687119, 48.04224 ], [ -0.6877057, 48.0426397 ], [ -0.6936227, 48.0440162 ], [ -0.6947153, 48.0443485 ], [ -0.6951334, 48.0445651 ], [ -0.6951765, 48.0442016 ], [ -0.6954777, 48.0436084 ], [ -0.6954947, 48.0431781 ], [ -0.6965395, 48.0423273 ], [ -0.697976, 48.0428903 ], [ -0.6984886, 48.0432084 ], [ -0.6991292, 48.043418 ], [ -0.7004824, 48.044134 ], [ -0.7039485, 48.0438844 ], [ -0.7070629, 48.0408783 ], [ -0.7076861, 48.0400523 ], [ -0.7085235, 48.0394458 ], [ -0.7085415, 48.0385903 ], [ -0.7103651, 48.0376427 ], [ -0.7113526, 48.0369566 ], [ -0.7141479, 48.0384864 ], [ -0.7147825, 48.0380736 ], [ -0.7147971, 48.0375542 ], [ -0.7147138, 48.0374397 ], [ -0.7152719, 48.0369518 ], [ -0.7154974, 48.0371015 ], [ -0.7156625, 48.0370422 ], [ -0.7170045, 48.0359728 ], [ -0.7186573, 48.0354836 ], [ -0.7192208, 48.0351883 ], [ -0.7195456, 48.0348601 ], [ -0.7204826, 48.0348521 ], [ -0.7217749, 48.03514 ], [ -0.7256015, 48.035709 ], [ -0.7265919, 48.0366686 ], [ -0.7270607, 48.0378501 ], [ -0.7270356, 48.0381617 ], [ -0.7262106, 48.0403914 ], [ -0.7255941, 48.0414037 ], [ -0.7247172, 48.0424 ], [ -0.7244522, 48.0428345 ], [ -0.7242265, 48.0440371 ], [ -0.723149, 48.0452775 ], [ -0.7221222, 48.048136 ], [ -0.7220228, 48.0497409 ], [ -0.7215831, 48.0513215 ], [ -0.720987, 48.0521691 ], [ -0.7176824, 48.055833 ], [ -0.7174353, 48.0567903 ], [ -0.7181894, 48.0574818 ], [ -0.7184498, 48.0575546 ], [ -0.7182977, 48.0577234 ], [ -0.7190119, 48.0584008 ], [ -0.7194973, 48.0593413 ], [ -0.719507, 48.0595365 ], [ -0.7193151, 48.0594074 ], [ -0.7191859, 48.0595385 ], [ -0.7193687, 48.059921 ], [ -0.7200084, 48.0604746 ], [ -0.7217402, 48.0625505 ], [ -0.7223074, 48.0630866 ], [ -0.7235938, 48.064045 ], [ -0.7240582, 48.0643411 ], [ -0.7247018, 48.0645865 ], [ -0.7250681, 48.0648839 ], [ -0.7260622, 48.0648776 ], [ -0.7265895, 48.0646934 ], [ -0.7270101, 48.0650161 ], [ -0.7275808, 48.0648944 ], [ -0.72839, 48.0649724 ], [ -0.7314899, 48.0655724 ], [ -0.7325197, 48.0662235 ], [ -0.7333529, 48.0672691 ], [ -0.7339023, 48.0674931 ], [ -0.7342461, 48.0679083 ], [ -0.7343713, 48.068463799999989 ], [ -0.7349982, 48.0688709 ], [ -0.7349624, 48.0691054 ], [ -0.7355752, 48.0693517 ], [ -0.7369635, 48.0694446 ], [ -0.7374293, 48.0696073 ], [ -0.7385119, 48.0695774 ], [ -0.7398416, 48.068918 ], [ -0.7399398, 48.0688041 ], [ -0.7404145, 48.0687314 ], [ -0.7408934, 48.06849 ], [ -0.7411028, 48.0683149 ], [ -0.7412618, 48.0679405 ], [ -0.7416361, 48.0687106 ], [ -0.7420959, 48.068959 ], [ -0.742546, 48.0693366 ], [ -0.742476, 48.0694298 ], [ -0.7421811, 48.0693275 ], [ -0.7419749, 48.0693764 ], [ -0.7419205, 48.0695763 ], [ -0.7422007, 48.0697178 ], [ -0.7426503, 48.0696702 ], [ -0.7428219, 48.0697972 ], [ -0.7427855, 48.0700037 ], [ -0.7426348, 48.0701356 ], [ -0.7426622, 48.0704464 ], [ -0.7425142, 48.0705196 ], [ -0.742118, 48.0704673 ], [ -0.7415605, 48.0706616 ], [ -0.7406591, 48.0705749 ], [ -0.7391377, 48.0707097 ], [ -0.7389562, 48.0709948 ], [ -0.7386165, 48.0711902 ], [ -0.738632, 48.0713339 ], [ -0.7388919, 48.0716058 ], [ -0.7388184, 48.071955 ], [ -0.738677, 48.0721793 ], [ -0.7382839, 48.0723233 ], [ -0.7382259, 48.0724531 ], [ -0.7377173, 48.0724647 ], [ -0.737615, 48.0726526 ], [ -0.7374756, 48.0726778 ], [ -0.7370946, 48.0724223 ], [ -0.7367384, 48.0723841 ], [ -0.7365451, 48.0722731 ], [ -0.7358264, 48.0724698 ], [ -0.7352848, 48.072870699999989 ], [ -0.7351655, 48.0731619 ], [ -0.7361351, 48.0746509 ], [ -0.7365908, 48.0758776 ], [ -0.7403541, 48.0723673 ], [ -0.7403266, 48.072177499999988 ], [ -0.7436564, 48.07221 ], [ -0.744403, 48.0721496 ], [ -0.7445985, 48.0719998 ], [ -0.7455457, 48.0706512 ], [ -0.7460874, 48.0706666 ], [ -0.7474937, 48.071453 ], [ -0.7490388, 48.0707262 ], [ -0.7491148, 48.0697233 ], [ -0.750032, 48.0699044 ], [ -0.7505775, 48.0702523 ], [ -0.751025, 48.0702587 ], [ -0.7508255, 48.0695712 ], [ -0.751189, 48.0694619 ], [ -0.7517584, 48.0695764 ], [ -0.7524398, 48.0702454 ], [ -0.752482, 48.0693716 ], [ -0.7526701, 48.0688562 ], [ -0.7528556, 48.068936 ], [ -0.7530574, 48.0689147 ], [ -0.753663, 48.0687546 ], [ -0.7537733, 48.068654 ], [ -0.7541962, 48.0688274 ], [ -0.7543976, 48.0683434 ], [ -0.7546906, 48.0684323 ], [ -0.7550639, 48.0682608 ], [ -0.754899, 48.068218 ], [ -0.7550648, 48.0678754 ], [ -0.7543888, 48.0678908 ], [ -0.7544298, 48.0677252 ], [ -0.7543299, 48.0676149 ], [ -0.7544751, 48.0674192 ], [ -0.7538921, 48.0671626 ], [ -0.7539205, 48.066775 ], [ -0.7536347, 48.0664486 ], [ -0.754261, 48.0662138 ], [ -0.7540896, 48.0660734 ], [ -0.754186, 48.065965 ], [ -0.7537315, 48.0658583 ], [ -0.7539128, 48.0656805 ], [ -0.754246, 48.0656944 ], [ -0.7543691, 48.065869199999987 ], [ -0.7545869, 48.0658592 ], [ -0.7551391, 48.0660225 ], [ -0.7563126, 48.0665306 ], [ -0.7569254, 48.0663358 ], [ -0.7570649, 48.0661336 ], [ -0.756279, 48.066064 ], [ -0.7560598, 48.065962299999988 ], [ -0.7558344, 48.0656241 ], [ -0.7555387, 48.0655599 ], [ -0.7551506, 48.065311 ], [ -0.7550875, 48.0648695 ], [ -0.754599, 48.0646931 ], [ -0.7546541, 48.0642511 ], [ -0.755034, 48.0639297 ], [ -0.756918, 48.0641859 ], [ -0.7574231, 48.0643213 ], [ -0.7577818, 48.0641909 ], [ -0.7592348, 48.0647682 ], [ -0.7594972, 48.0647014 ], [ -0.7597493, 48.0644749 ], [ -0.759845, 48.0645014 ], [ -0.7599244, 48.0644109 ], [ -0.7602488, 48.0643617 ], [ -0.7598492, 48.0647676 ], [ -0.7598844, 48.0649673 ], [ -0.7596107, 48.0650577 ], [ -0.7599005, 48.0650818 ], [ -0.7600532, 48.0651811 ], [ -0.7599827, 48.06535 ], [ -0.7601934, 48.0654104 ], [ -0.760272, 48.0655762 ], [ -0.7605147, 48.0656046 ], [ -0.7602491, 48.0657475 ], [ -0.760494, 48.0657175 ], [ -0.760528, 48.0658418 ], [ -0.7606219, 48.0658113 ], [ -0.7607306, 48.0659621 ], [ -0.7608972, 48.0659672 ], [ -0.7608292, 48.0660503 ], [ -0.7611656, 48.0663091 ], [ -0.7611032, 48.0663777 ], [ -0.7609478, 48.0663355 ], [ -0.7608492, 48.066531 ], [ -0.7611691, 48.0665778 ], [ -0.7611117, 48.0664394 ], [ -0.7612194, 48.0663886 ], [ -0.7613049, 48.0665468 ], [ -0.7615249, 48.0665176 ], [ -0.7612785, 48.0661935 ], [ -0.7610385, 48.0661365 ], [ -0.7611108, 48.0658983 ], [ -0.7605645, 48.0650503 ], [ -0.7604094, 48.0644386 ], [ -0.7607048, 48.064328 ], [ -0.7606212, 48.0642191 ], [ -0.7606827, 48.0641198 ], [ -0.7605649, 48.0641118 ], [ -0.7605606, 48.0641821 ], [ -0.760267, 48.0643265 ], [ -0.76022, 48.064041 ], [ -0.7591593, 48.0639233 ], [ -0.7578426, 48.0641514 ], [ -0.7584065, 48.0631835 ], [ -0.7586098, 48.0622286 ], [ -0.758486, 48.0621222 ], [ -0.7591264, 48.0616652 ], [ -0.7594202, 48.0613211 ], [ -0.7606678, 48.0610745 ], [ -0.7607257, 48.0608753 ], [ -0.7613308, 48.0600798 ], [ -0.761223, 48.0599022 ], [ -0.7602895, 48.0594081 ], [ -0.7602276, 48.0592439 ], [ -0.7584879, 48.0578187 ], [ -0.7587149, 48.0573526 ], [ -0.7583667, 48.0562918 ], [ -0.7584027, 48.0555136 ], [ -0.7598011, 48.054366 ], [ -0.7601647, 48.0536471 ], [ -0.7601665, 48.0534084 ], [ -0.7596122, 48.0524206 ], [ -0.7567234, 48.0507295 ], [ -0.7563975, 48.0497917 ], [ -0.7568148, 48.0464881 ], [ -0.7572402, 48.0463978 ], [ -0.7588019, 48.0463736 ], [ -0.7606539, 48.0464747 ], [ -0.772412, 48.0431946 ], [ -0.7781344, 48.0395669 ], [ -0.7752417, 48.0400356 ], [ -0.7746235, 48.0402771 ], [ -0.7733365, 48.0402012 ], [ -0.7726256, 48.0402736 ], [ -0.7713196, 48.0405902 ], [ -0.7709115, 48.0407637 ], [ -0.7703328, 48.0408435 ], [ -0.76979, 48.0407672 ], [ -0.7686974, 48.0401769 ], [ -0.768134, 48.039981499999989 ], [ -0.7677561, 48.0399377 ], [ -0.7673633, 48.0400251 ], [ -0.7643501, 48.0412341 ], [ -0.763962, 48.0407447 ], [ -0.7632542, 48.0393494 ], [ -0.7625609, 48.0388751 ], [ -0.7620619, 48.0386776 ], [ -0.7618033, 48.0386867 ], [ -0.7584836, 48.0362442 ], [ -0.7575734, 48.0354183 ], [ -0.7566775, 48.0340946 ], [ -0.7567116, 48.0334971 ], [ -0.7569241, 48.0331606 ], [ -0.7573993, 48.0328346 ], [ -0.7579321, 48.0326005 ], [ -0.7588005, 48.0314196 ], [ -0.7587924, 48.0309649 ], [ -0.7585665, 48.030527 ], [ -0.7580611, 48.0301242 ], [ -0.7567418, 48.0293619 ], [ -0.7539144, 48.0273909 ], [ -0.751534, 48.0263226 ], [ -0.7505957, 48.0257039 ], [ -0.7495177, 48.0247617 ], [ -0.7481693, 48.0233578 ], [ -0.7469371, 48.0218115 ], [ -0.746053, 48.0210648 ], [ -0.7446344, 48.0195388 ], [ -0.7441785, 48.0186939 ], [ -0.7437327, 48.0170801 ], [ -0.7430972, 48.0158598 ], [ -0.7401281, 48.0123785 ], [ -0.7399249, 48.0107561 ], [ -0.7397008, 48.0100731 ], [ -0.7389376, 48.0084866 ], [ -0.7390363, 48.0064627 ], [ -0.739212, 48.0053391 ], [ -0.7391486, 48.0047636 ], [ -0.7388811, 48.0043604 ], [ -0.7378902, 48.0034261 ], [ -0.7377604, 48.0030509 ], [ -0.7378232, 48.0028372 ], [ -0.7381545, 48.0025483 ], [ -0.738311, 48.002255 ], [ -0.7389934, 47.9999234 ], [ -0.7400605, 47.9985732 ], [ -0.741199, 47.9956882 ], [ -0.7421592, 47.9937387 ], [ -0.7424504, 47.9929402 ], [ -0.7425038, 47.992061899999989 ], [ -0.7423988, 47.9916391 ], [ -0.7412909, 47.989787 ], [ -0.7404382, 47.9887735 ], [ -0.7401616, 47.9874408 ], [ -0.7398651, 47.9866629 ], [ -0.7395182, 47.9861973 ], [ -0.7388466, 47.9857133 ], [ -0.7381558, 47.9854334 ], [ -0.7374408, 47.9853796 ], [ -0.737048, 47.9854623 ], [ -0.736338, 47.985879499999989 ], [ -0.7355523, 47.9860604 ], [ -0.7350379, 47.9860731 ], [ -0.7337938, 47.9859388 ], [ -0.7323799, 47.9855476 ], [ -0.7311144, 47.9850328 ], [ -0.7297236, 47.9843391 ], [ -0.7287292, 47.9836716 ], [ -0.7285298, 47.9834319 ], [ -0.728529, 47.9832292 ], [ -0.7289504, 47.982715 ], [ -0.7293278, 47.9816723 ], [ -0.7292383, 47.9805905 ], [ -0.728671, 47.9798328 ], [ -0.7273251, 47.9788592 ], [ -0.726969, 47.9785092 ], [ -0.726337, 47.9777644 ], [ -0.7258284, 47.9769814 ], [ -0.7256801, 47.9761707 ], [ -0.725821, 47.9755023 ], [ -0.7258875, 47.9742344 ], [ -0.7257607, 47.9737285 ], [ -0.7253926, 47.973035599999989 ], [ -0.7251378, 47.972732 ], [ -0.7245591, 47.972362 ], [ -0.7235948, 47.9719674 ], [ -0.7220639, 47.9715645 ], [ -0.7210566, 47.9711865 ], [ -0.7203708, 47.9707424 ], [ -0.7201931, 47.9704859 ], [ -0.72017, 47.9701956 ], [ -0.7204712, 47.9697077 ], [ -0.7211813, 47.9693699 ], [ -0.7226474, 47.9681063 ], [ -0.7235191, 47.9676246 ], [ -0.7245613, 47.9673555 ], [ -0.7264774, 47.9665983 ], [ -0.7274664, 47.9660489 ], [ -0.728785, 47.9650764 ], [ -0.7293027, 47.9645599 ], [ -0.7296363, 47.9640773 ], [ -0.7298469, 47.9634291 ], [ -0.7299242, 47.962259 ], [ -0.7298387, 47.9611788 ], [ -0.7296151, 47.9605364 ], [ -0.7290647, 47.9599196 ], [ -0.7270683, 47.9584441 ], [ -0.725586, 47.9576398 ], [ -0.7243705, 47.9573305 ], [ -0.7227805, 47.9571881 ], [ -0.7213402, 47.9567905 ], [ -0.7203798, 47.956311 ], [ -0.7197169, 47.9557338 ], [ -0.7195308, 47.9551838 ], [ -0.7195047, 47.9542188 ], [ -0.7196565, 47.9533626 ], [ -0.7199302, 47.952772 ], [ -0.7200027, 47.9520282 ], [ -0.71986, 47.9501083 ], [ -0.7199728, 47.9486011 ], [ -0.7190371, 47.948606399999989 ], [ -0.7188274, 47.9483499 ], [ -0.718269, 47.948419 ], [ -0.7178618, 47.9485598 ], [ -0.7172789, 47.9484332 ], [ -0.7159151, 47.9484133 ], [ -0.7155461, 47.9486214 ], [ -0.7153103, 47.948988299999989 ], [ -0.7151863, 47.9490364 ], [ -0.710724, 47.9498892 ], [ -0.7101998, 47.9498346 ], [ -0.7097464, 47.9503111 ], [ -0.7091395, 47.9506645 ], [ -0.7081316, 47.9509999 ], [ -0.7074794, 47.9516647 ], [ -0.7062551, 47.9525682 ], [ -0.7057813, 47.9524471 ], [ -0.7040824, 47.9512043 ], [ -0.7025471, 47.9497869 ], [ -0.7017049, 47.9491332 ], [ -0.7013716, 47.9491419 ], [ -0.7010346, 47.9495399 ], [ -0.7006895, 47.9511662 ], [ -0.7004864, 47.9512347 ], [ -0.7002838, 47.9511952 ], [ -0.7001419, 47.9510636 ], [ -0.6998724, 47.9510261 ], [ -0.6976567, 47.9521185 ], [ -0.6968581, 47.9523211 ], [ -0.6962093, 47.9520568 ], [ -0.6951788, 47.95201 ], [ -0.693244, 47.9532294 ], [ -0.6928063, 47.9538963 ], [ -0.6922436, 47.955213099999987 ], [ -0.6919695, 47.955475799999988 ], [ -0.6918147, 47.9563726 ], [ -0.6921517, 47.9579945 ], [ -0.6924486, 47.9584059 ], [ -0.6943706, 47.9595608 ], [ -0.6948556, 47.9596482 ], [ -0.69645, 47.9596233 ], [ -0.696654, 47.9598178 ], [ -0.6972599, 47.9600041 ], [ -0.6974022, 47.9606024 ], [ -0.697116, 47.9610186 ], [ -0.6970697, 47.9613155 ], [ -0.6968858, 47.961506 ], [ -0.6969717, 47.9618538 ], [ -0.6967996, 47.9621745 ], [ -0.6969102, 47.9623945 ], [ -0.6965195, 47.9632743 ], [ -0.6962818, 47.9634043 ], [ -0.6959055, 47.9638558 ], [ -0.6955116, 47.9639979 ], [ -0.6952056, 47.9642256 ], [ -0.6944453, 47.9650964 ], [ -0.6935981, 47.9656618 ], [ -0.6936064, 47.9659543 ], [ -0.69348, 47.9660465 ], [ -0.6931292, 47.9660567 ], [ -0.6931123, 47.9662563 ], [ -0.6925526, 47.9664253 ], [ -0.6926279, 47.9666202 ], [ -0.692551, 47.9669415 ], [ -0.6920247, 47.9672626 ], [ -0.6922018, 47.967494 ], [ -0.6921497, 47.967555 ], [ -0.6918272, 47.967585 ], [ -0.6918527, 47.9678932 ], [ -0.6916228, 47.9681563 ], [ -0.6917212, 47.9683172 ], [ -0.6919553, 47.9684035 ], [ -0.6917951, 47.9687806 ], [ -0.6919763, 47.9689362 ], [ -0.6920181, 47.9691115 ], [ -0.6926576, 47.9694526 ], [ -0.6943156, 47.9700663 ], [ -0.6958592, 47.9709817 ], [ -0.6964898, 47.9711168 ], [ -0.6968136, 47.9714508 ], [ -0.6972361, 47.9716222 ], [ -0.6975062, 47.9718398 ], [ -0.6973432, 47.9719657 ], [ -0.6971126, 47.9720063 ], [ -0.6972022, 47.9723287 ], [ -0.6974166, 47.9723832 ], [ -0.6974302, 47.9725774 ], [ -0.6972581, 47.9728026 ], [ -0.6970191, 47.9729344 ], [ -0.6969816, 47.9731672 ], [ -0.696693, 47.9733564 ], [ -0.6966946, 47.9736879 ], [ -0.6964954, 47.974005899999987 ], [ -0.6964034, 47.9740709 ], [ -0.69619, 47.9739353 ], [ -0.6957624, 47.9739217 ], [ -0.6953634, 47.9737992 ], [ -0.6951792, 47.973832 ], [ -0.6950809, 47.9739423 ], [ -0.6952935, 47.9740662 ], [ -0.695404, 47.9744393 ], [ -0.6953425, 47.9745386 ], [ -0.6951593, 47.9745659 ], [ -0.6946266, 47.9744106 ], [ -0.6944065, 47.9749302 ], [ -0.6939819, 47.974921 ], [ -0.6938209, 47.9753053 ], [ -0.6936239, 47.9752899 ], [ -0.6935685, 47.9751304 ], [ -0.6933468, 47.9751635 ] ], [ [ -0.7382574, 48.0403304 ], [ -0.7370686, 48.0407058 ], [ -0.736829, 48.0406634 ], [ -0.7367733, 48.0403712 ], [ -0.7371911, 48.0400322 ], [ -0.7379929, 48.0400306 ], [ -0.7382574, 48.0403304 ] ], [ [ -0.7359846, 48.0409705 ], [ -0.7362626, 48.0413235 ], [ -0.7362459, 48.04148 ], [ -0.7358449, 48.0418242 ], [ -0.7351502, 48.0420329 ], [ -0.7348599, 48.0417774 ], [ -0.7351596, 48.0412398 ], [ -0.7357102, 48.0412534 ], [ -0.7355177, 48.0410064 ], [ -0.7351252, 48.041141 ], [ -0.7350605, 48.041075299999989 ], [ -0.7347992, 48.0412617 ], [ -0.7347821, 48.0417215 ], [ -0.7344526, 48.0413548 ], [ -0.733679, 48.0411539 ], [ -0.7346853, 48.0402356 ], [ -0.7351537, 48.0404361 ], [ -0.7359542, 48.0406025 ], [ -0.7359846, 48.0409705 ] ], [ [ -0.7477413, 48.0576419 ], [ -0.7473817, 48.057504 ], [ -0.7472772, 48.0575442 ], [ -0.7471626, 48.0574098 ], [ -0.747297, 48.0572796 ], [ -0.7474401, 48.057428 ], [ -0.7475996, 48.0574211 ], [ -0.7477413, 48.0576419 ] ], [ [ -0.7467055, 48.0575482 ], [ -0.746426, 48.0578495 ], [ -0.746268, 48.0576997 ], [ -0.7461961, 48.0574726 ], [ -0.7463626, 48.0573098 ], [ -0.7467055, 48.0575482 ] ], [ [ -0.7480839, 48.0577408 ], [ -0.7484626, 48.0579353 ], [ -0.7483127, 48.0580932 ], [ -0.7479786, 48.0579373 ], [ -0.7477213, 48.0580328 ], [ -0.7476725, 48.0578388 ], [ -0.7478774, 48.0577613 ], [ -0.7479577, 48.0578162 ], [ -0.7480839, 48.0577408 ] ], [ [ -0.7493143, 48.0582542 ], [ -0.7496848, 48.0579503 ], [ -0.7498355, 48.0580721 ], [ -0.7494975, 48.0583537 ], [ -0.7493143, 48.0582542 ] ], [ [ -0.7485205, 48.0582235 ], [ -0.7488826, 48.0582912 ], [ -0.7486852, 48.0584269 ], [ -0.7484637, 48.0584428 ], [ -0.7485205, 48.0582235 ] ], [ [ -0.7501151, 48.0588969 ], [ -0.749872, 48.0589976 ], [ -0.7497529, 48.0589698 ], [ -0.7498476, 48.0587608 ], [ -0.7500301, 48.0587513 ], [ -0.7501151, 48.0588969 ] ], [ [ -0.7564237, 48.0631261 ], [ -0.7564687, 48.0636758 ], [ -0.7550762, 48.0631759 ], [ -0.7551967, 48.0626756 ], [ -0.7557948, 48.0625576 ], [ -0.7562877, 48.0628016 ], [ -0.7564237, 48.0631261 ] ] ], [ [ [ -0.7632002, 48.0527708 ], [ -0.7602656, 48.0534103 ], [ -0.7611331, 48.0534501 ], [ -0.7626651, 48.0533437 ], [ -0.7632002, 48.0527708 ] ] ], [ [ [ -0.7915906, 48.0528711 ], [ -0.7915731, 48.0526983 ], [ -0.7890996, 48.0518596 ], [ -0.7882423, 48.0519779 ], [ -0.7881413, 48.0525533 ], [ -0.7882304, 48.0527294 ], [ -0.7886539, 48.0533048 ], [ -0.7890031, 48.0534656 ], [ -0.7905058, 48.0537555 ], [ -0.7908231, 48.0535953 ], [ -0.7915906, 48.0528711 ] ] ], [ [ [ -0.7656855, 48.0604277 ], [ -0.765772, 48.0602527 ], [ -0.765687, 48.0602263 ], [ -0.7655066, 48.060295 ], [ -0.7656855, 48.0604277 ] ] ], [ [ [ -0.7655823, 48.0605811 ], [ -0.7656506, 48.0605253 ], [ -0.7653482, 48.0602732 ], [ -0.7652352, 48.0604398 ], [ -0.7654279, 48.060447 ], [ -0.7653871, 48.0607006 ], [ -0.7657654, 48.0610867 ], [ -0.7659313, 48.0611172 ], [ -0.7662374, 48.0615557 ], [ -0.7661632, 48.0620912 ], [ -0.766272, 48.062175 ], [ -0.7667308, 48.0617704 ], [ -0.7668109, 48.0616086 ], [ -0.7666862, 48.0616067 ], [ -0.766592, 48.0613376 ], [ -0.766736, 48.06133 ], [ -0.766736, 48.0614833 ], [ -0.7669564, 48.0617822 ], [ -0.7669002, 48.0618321 ], [ -0.7672437, 48.0618827 ], [ -0.7671325, 48.0619673 ], [ -0.7673917, 48.0620912 ], [ -0.767411, 48.0623675 ], [ -0.767948, 48.0626574 ], [ -0.767948, 48.0628252 ], [ -0.7680676, 48.062750199999989 ], [ -0.7681539, 48.0629343 ], [ -0.7679031, 48.0630226 ], [ -0.7679449, 48.0628277 ], [ -0.7678206, 48.062718 ], [ -0.7674993, 48.0627227 ], [ -0.7668319, 48.0629113 ], [ -0.7668464, 48.0630458 ], [ -0.7672433, 48.063321599999988 ], [ -0.7678398, 48.0630724 ], [ -0.7682744, 48.0631301 ], [ -0.7682609, 48.0629542 ], [ -0.7684315, 48.0630216 ], [ -0.7684315, 48.0631461 ], [ -0.7686924, 48.0630663 ], [ -0.7686798, 48.0628682 ], [ -0.7682328, 48.0625423 ], [ -0.7682837, 48.0622213 ], [ -0.7672713, 48.061472 ], [ -0.7671363, 48.0609206 ], [ -0.7669063, 48.0607208 ], [ -0.7665524, 48.0605856 ], [ -0.7663858, 48.0606052 ], [ -0.7661987, 48.0608594 ], [ -0.7665351, 48.0610218 ], [ -0.7668011, 48.0609994 ], [ -0.7664943, 48.0612316 ], [ -0.7663031, 48.0610598 ], [ -0.765981, 48.0610908 ], [ -0.7660495, 48.0610115 ], [ -0.7659756, 48.0607209 ], [ -0.7659054, 48.0607543 ], [ -0.7657568, 48.0604997 ], [ -0.7655823, 48.0605811 ] ] ], [ [ [ -0.7702644, 48.0640957 ], [ -0.7700978, 48.0640271 ], [ -0.7702355, 48.06389 ], [ -0.7699851, 48.0635061 ], [ -0.7694268, 48.0631448 ], [ -0.7687949, 48.0631878 ], [ -0.7696829, 48.0636952 ], [ -0.7698237, 48.0636825 ], [ -0.7700275, 48.0638757 ], [ -0.7699247, 48.063916 ], [ -0.7697983, 48.0637326 ], [ -0.7696843, 48.0638011 ], [ -0.7691139, 48.0634733 ], [ -0.768875, 48.0635311 ], [ -0.7689189, 48.063426 ], [ -0.7686844, 48.0632504 ], [ -0.768473, 48.0633122 ], [ -0.7682091, 48.0638153 ], [ -0.7689733, 48.0647335 ], [ -0.7695271, 48.0649981 ], [ -0.7708566, 48.0646013 ], [ -0.7709989, 48.0644935 ], [ -0.7707196, 48.0643933 ], [ -0.7707508, 48.0642371 ], [ -0.7709466, 48.0644205 ], [ -0.7715034, 48.0639895 ], [ -0.7707392, 48.0638341 ], [ -0.7702644, 48.0640957 ] ], [ [ -0.7704559, 48.0641223 ], [ -0.77054, 48.0642168 ], [ -0.7704493, 48.0642763 ], [ -0.7704074, 48.0641671 ], [ -0.7704559, 48.0641223 ] ] ], [ [ [ -0.7872856, 48.0726326 ], [ -0.7870175, 48.0725519 ], [ -0.7862167, 48.0724397 ], [ -0.7863064, 48.0726781 ], [ -0.7864137, 48.0727247 ], [ -0.7866791, 48.0725707 ], [ -0.7867681, 48.0727634 ], [ -0.7869832, 48.0727489 ], [ -0.7869874, 48.0728262 ], [ -0.7871001, 48.0728492 ], [ -0.7872856, 48.0726326 ] ] ], [ [ [ -0.7864641, 48.0730772 ], [ -0.7868943, 48.073089 ], [ -0.7868624, 48.0728819 ], [ -0.7865008, 48.0730097 ], [ -0.7864641, 48.0730772 ] ] ], [ [ [ -0.7879267, 48.0731096 ], [ -0.7877044, 48.073117 ], [ -0.7875548, 48.0732781 ], [ -0.7879544, 48.0732587 ], [ -0.7879267, 48.0731096 ] ] ], [ [ [ -0.7894564, 48.0733535 ], [ -0.7892462, 48.0732928 ], [ -0.7891133, 48.0734527 ], [ -0.7896114, 48.0735035 ], [ -0.7896229, 48.0733115 ], [ -0.7894564, 48.0733535 ] ] ], [ [ [ -0.7852785, 48.0763999 ], [ -0.785512, 48.0761415 ], [ -0.7850519, 48.0761415 ], [ -0.7852785, 48.0763999 ] ] ], [ [ [ -0.782897, 48.0769474 ], [ -0.7836423, 48.0767122 ], [ -0.7835626, 48.0766661 ], [ -0.782897, 48.0769474 ] ] ], [ [ [ -0.7801918, 48.0769609 ], [ -0.780216, 48.0775679 ], [ -0.7807206, 48.0777051 ], [ -0.7809778, 48.0774095 ], [ -0.7810036, 48.0770031 ], [ -0.7814582, 48.0764994 ], [ -0.7805088, 48.0763853 ], [ -0.7801918, 48.0769609 ] ] ], [ [ [ -0.8030941, 48.0815774 ], [ -0.8025977, 48.0815784 ], [ -0.802469, 48.0816274 ], [ -0.8024952, 48.081772 ], [ -0.803248, 48.0817861 ], [ -0.8033463, 48.081731 ], [ -0.8030941, 48.0815774 ] ] ], [ [ [ -0.7700744, 48.0832161 ], [ -0.7703618, 48.083187 ], [ -0.7703768, 48.0830691 ], [ -0.7699589, 48.0830334 ], [ -0.7700744, 48.0832161 ] ] ], [ [ [ -0.7599068, 48.0500767 ], [ -0.761634, 48.0511066 ], [ -0.7624914, 48.0518969 ], [ -0.7631277, 48.0513776 ], [ -0.761972, 48.050922899999989 ], [ -0.7621029, 48.0511679 ], [ -0.7599068, 48.0500767 ] ] ], [ [ [ -0.7623213, 48.0520744 ], [ -0.7617119, 48.0512768 ], [ -0.7598103, 48.0523946 ], [ -0.7623213, 48.0520744 ] ] ], [ [ [ -0.76055, 48.0661284 ], [ -0.760942, 48.0663185 ], [ -0.7610105, 48.0662542 ], [ -0.7608555, 48.0662115 ], [ -0.760816, 48.0661149 ], [ -0.76055, 48.0661284 ] ] ], [ [ [ -0.761151, 48.0666328 ], [ -0.7609858, 48.0665974 ], [ -0.761091, 48.0667068 ], [ -0.761151, 48.0666328 ] ] ], [ [ [ -0.7532427, 48.0789255 ], [ -0.7525081, 48.0794105 ], [ -0.7527918, 48.0795668 ], [ -0.7531132, 48.0795092 ], [ -0.7532958, 48.0793001 ], [ -0.7536334, 48.0792967 ], [ -0.7536237, 48.0790021 ], [ -0.7532427, 48.0789255 ] ] ], [ [ [ -0.7599418, 48.0777887 ], [ -0.7608629, 48.0773167 ], [ -0.7602775, 48.0766608 ], [ -0.7604704, 48.0771154 ], [ -0.7602531, 48.0770271 ], [ -0.7600589, 48.0771681 ], [ -0.7597926, 48.077211299999988 ], [ -0.759715, 48.0774757 ], [ -0.7594971, 48.0775251 ], [ -0.7591013, 48.0778076 ], [ -0.759102, 48.0781928 ], [ -0.7592584, 48.0782262 ], [ -0.7592955, 48.0781028 ], [ -0.7595007, 48.0780106 ], [ -0.7595402, 48.0782035 ], [ -0.7594135, 48.0784239 ], [ -0.7592917, 48.0783944 ], [ -0.7592163, 48.0784904 ], [ -0.759342, 48.0785383 ], [ -0.7591506, 48.078755 ], [ -0.7591438, 48.0789571 ], [ -0.7589408, 48.0789609 ], [ -0.7588691, 48.078842 ], [ -0.7588855, 48.078650499999988 ], [ -0.7591353, 48.0785804 ], [ -0.7590921, 48.0783355 ], [ -0.7589187, 48.0783581 ], [ -0.7588439, 48.0786359 ], [ -0.7586381, 48.0787387 ], [ -0.7586553, 48.0789825 ], [ -0.7585344, 48.0791559 ], [ -0.758708, 48.0792171 ], [ -0.7587275, 48.0790064 ], [ -0.7589068, 48.0790416 ], [ -0.7587386, 48.0792317 ], [ -0.758801, 48.07942 ], [ -0.7590238, 48.079582 ], [ -0.7583735, 48.0796845 ], [ -0.7582546, 48.0798763 ], [ -0.7592444, 48.0806433 ], [ -0.7578677, 48.0805987 ], [ -0.7579337, 48.080169 ], [ -0.7580442, 48.0801845 ], [ -0.758093, 48.0799298 ], [ -0.7579284, 48.0799992 ], [ -0.7578735, 48.080142 ], [ -0.7574589, 48.0804971 ], [ -0.7575963, 48.0806111 ], [ -0.7574066, 48.0809545 ], [ -0.7575068, 48.0810431 ], [ -0.7574454, 48.0814906 ], [ -0.7577897, 48.0817809 ], [ -0.7578562, 48.0811345 ], [ -0.7599428, 48.0810439 ], [ -0.75986, 48.0808117 ], [ -0.760127, 48.0798138 ], [ -0.7597072, 48.0792776 ], [ -0.7595938, 48.0787033 ], [ -0.7596495, 48.0782405 ], [ -0.7600641, 48.078112399999988 ], [ -0.7598997, 48.0778753 ], [ -0.7594614, 48.0779891 ], [ -0.759593, 48.0777492 ], [ -0.7594814, 48.0777037 ], [ -0.7597988, 48.0776062 ], [ -0.7599418, 48.0777887 ] ] ], [ [ [ -0.7582711, 48.0794459 ], [ -0.7583539, 48.0796595 ], [ -0.7585226, 48.0793859 ], [ -0.7583919, 48.0793491 ], [ -0.7582711, 48.0794459 ] ] ], [ [ [ -0.7532732, 48.0798255 ], [ -0.7530123, 48.0796328 ], [ -0.7528102, 48.0795864 ], [ -0.7529121, 48.0798861 ], [ -0.7532732, 48.0798255 ] ] ], [ [ [ -0.7538514, 48.0801209 ], [ -0.7540422, 48.0803405 ], [ -0.7545001, 48.0801737 ], [ -0.7541634, 48.0800297 ], [ -0.7540823, 48.079777 ], [ -0.7542006, 48.0795776 ], [ -0.7541161, 48.079493 ], [ -0.7537962, 48.0795773 ], [ -0.7537271, 48.0796674 ], [ -0.753689, 48.0798162 ], [ -0.7539412, 48.0800866 ], [ -0.7538514, 48.0801209 ] ] ], [ [ [ -0.7551287, 48.0800048 ], [ -0.7547533, 48.0800873 ], [ -0.7551086, 48.0802601 ], [ -0.7551627, 48.0802116 ], [ -0.7552979, 48.0803543 ], [ -0.7553745, 48.0802863 ], [ -0.7555341, 48.0803808 ], [ -0.7554689, 48.0805566 ], [ -0.755931, 48.0804733 ], [ -0.7557562, 48.08034 ], [ -0.7561362, 48.0798543 ], [ -0.7558005, 48.0798174 ], [ -0.7555403, 48.0800777 ], [ -0.7551287, 48.0800048 ] ] ], [ [ [ -0.753478, 48.0809453 ], [ -0.7538508, 48.0814055 ], [ -0.7542852, 48.0809807 ], [ -0.7544251, 48.0805893 ], [ -0.7543163, 48.0805412 ], [ -0.7536909, 48.0811815 ], [ -0.7541556, 48.0805067 ], [ -0.7538445, 48.0803887 ], [ -0.753478, 48.0809453 ] ] ], [ [ [ -0.7538773, 48.0814491 ], [ -0.7544827, 48.0824398 ], [ -0.7548955, 48.0824173 ], [ -0.7555349, 48.0819999 ], [ -0.75578, 48.0810643 ], [ -0.7555788, 48.0810025 ], [ -0.7555864, 48.0808715 ], [ -0.7557084, 48.0808429 ], [ -0.7560577, 48.0810172 ], [ -0.7564114, 48.0805271 ], [ -0.7559489, 48.0804758 ], [ -0.7555788, 48.0808653 ], [ -0.755471, 48.080787 ], [ -0.7550615, 48.0807832 ], [ -0.754917, 48.0809878 ], [ -0.7547593, 48.0810257 ], [ -0.7549927, 48.0807437 ], [ -0.7548989, 48.0807221 ], [ -0.7546395, 48.0810716 ], [ -0.7538773, 48.0814491 ] ], [ [ -0.7552028, 48.080959 ], [ -0.7555738, 48.081006599999988 ], [ -0.7555012, 48.0810847 ], [ -0.7552511, 48.0810332 ], [ -0.7551715, 48.081091 ], [ -0.7552028, 48.080959 ] ] ], [ [ [ -0.7563295, 48.0817308 ], [ -0.756716, 48.0812131 ], [ -0.7562421, 48.0811767 ], [ -0.7558483, 48.0818839 ], [ -0.7563295, 48.0817308 ] ] ] ] } },
{ "type": "Feature", "properties": { "code_departement": 53.0, "code_rne": "0530583W", "multisecteur": 0.0 }, "geometry": { "type": "MultiPolygon", "coordinates": [ [ [ [ -0.3531565, 48.4837194 ], [ -0.3539343, 48.4837892 ], [ -0.3564761, 48.4835913 ], [ -0.357593, 48.4837741 ], [ -0.3582872, 48.4841452 ], [ -0.3595477, 48.484603 ], [ -0.3606954, 48.4851386 ], [ -0.3622858, 48.4862209 ], [ -0.3635463, 48.486657 ], [ -0.3638359, 48.4868847 ], [ -0.3641653, 48.4875651 ], [ -0.364427, 48.4877369 ], [ -0.3647149, 48.4878341 ], [ -0.3660591, 48.4879463 ], [ -0.3669259, 48.4878398 ], [ -0.3679679, 48.4878454 ], [ -0.3684575, 48.4879395 ], [ -0.3687505, 48.4880933 ], [ -0.3692458, 48.4885502 ], [ -0.3693668, 48.488788899999989 ], [ -0.3689595, 48.4926129 ], [ -0.3687311, 48.4929174 ], [ -0.3684398, 48.4931057 ], [ -0.3676928, 48.492991 ], [ -0.3673343, 48.4928508 ], [ -0.3671184, 48.4928641 ], [ -0.366914, 48.4930788 ], [ -0.3665516, 48.4938274 ], [ -0.3665041, 48.494016 ], [ -0.3665935, 48.4940999 ], [ -0.3671233, 48.4941434 ], [ -0.3686131, 48.4944974 ], [ -0.3692712, 48.4948929 ], [ -0.369573, 48.4948456 ], [ -0.3697717, 48.4945023 ], [ -0.3699076, 48.4944453 ], [ -0.3704295, 48.4945134 ], [ -0.370709, 48.4946675 ], [ -0.3707501, 48.4948014 ], [ -0.3704168, 48.4950324 ], [ -0.3704356, 48.4951147 ], [ -0.371924, 48.4959719 ], [ -0.3726006, 48.496149 ], [ -0.3733803, 48.4961818 ], [ -0.373659, 48.4961126 ], [ -0.3737052, 48.4959663 ], [ -0.3732876, 48.4956036 ], [ -0.373602, 48.4954146 ], [ -0.3738834, 48.4954309 ], [ -0.3743267, 48.4956038 ], [ -0.3747471, 48.496115 ], [ -0.3751936, 48.4962536 ], [ -0.3760262, 48.4961813 ], [ -0.3766812, 48.4957287 ], [ -0.377486, 48.4957931 ], [ -0.3778333, 48.495632 ], [ -0.378085, 48.4956068 ], [ -0.3782832, 48.4957398 ], [ -0.3780346, 48.4961071 ], [ -0.3780799, 48.4963066 ], [ -0.3796907, 48.496936 ], [ -0.3800677, 48.496963099999988 ], [ -0.3802606, 48.4968658 ], [ -0.3802157, 48.4966537 ], [ -0.3798922, 48.4964468 ], [ -0.3798957, 48.4963341 ], [ -0.3801324, 48.4962653 ], [ -0.3805474, 48.4963129 ], [ -0.3807687, 48.4965092 ], [ -0.3805556, 48.4969033 ], [ -0.3805994, 48.4970785 ], [ -0.381329, 48.4972361 ], [ -0.3824055, 48.4972702 ], [ -0.3826931, 48.496813599999989 ], [ -0.3828608, 48.4967458 ], [ -0.3830735, 48.4967677 ], [ -0.3840777, 48.4973802 ], [ -0.3850077, 48.4978309 ], [ -0.3856917, 48.4979545 ], [ -0.3861925, 48.4979258 ], [ -0.3864257, 48.4983478 ], [ -0.3872455, 48.4986855 ], [ -0.3882584, 48.4985521 ], [ -0.3886914, 48.4985641 ], [ -0.3893536, 48.4988522 ], [ -0.3895747, 48.4990872 ], [ -0.389619, 48.4997316 ], [ -0.3898033, 48.4998371 ], [ -0.3906681, 48.5000105 ], [ -0.3908352, 48.5007512 ], [ -0.3921389, 48.501112 ], [ -0.3930749, 48.501087 ], [ -0.393243, 48.5010246 ], [ -0.3932579, 48.5008999 ], [ -0.3930327, 48.5007902 ], [ -0.3927739, 48.5003717 ], [ -0.3923195, 48.5003838 ], [ -0.3923052, 48.5000997 ], [ -0.3920593, 48.499986 ], [ -0.392042, 48.4998641 ], [ -0.3926565, 48.4990595 ], [ -0.3926674, 48.4982642 ], [ -0.3928034, 48.4979586 ], [ -0.3929103, 48.4978925 ], [ -0.3930803, 48.497966 ], [ -0.3933881, 48.4979284 ], [ -0.3932949, 48.4974719 ], [ -0.3935008, 48.4973246 ], [ -0.3935135, 48.4971658 ], [ -0.3933905, 48.4970648 ], [ -0.3930786, 48.4970179 ], [ -0.3929694, 48.4967752 ], [ -0.392336, 48.4965961 ], [ -0.3920198, 48.4961694 ], [ -0.391949, 48.4959751 ], [ -0.3921359, 48.4952827 ], [ -0.3918719, 48.4950346 ], [ -0.3916188, 48.4945574 ], [ -0.3920417, 48.4941617 ], [ -0.3919519, 48.4940517 ], [ -0.3917689, 48.494092 ], [ -0.3916744, 48.493866 ], [ -0.3919689, 48.4934966 ], [ -0.3923134, 48.4932733 ], [ -0.3924529, 48.4930208 ], [ -0.3928747, 48.4927152 ], [ -0.3926741, 48.492567 ], [ -0.3927214, 48.4924594 ], [ -0.3929635, 48.492307499999988 ], [ -0.3933884, 48.4923845 ], [ -0.3937264, 48.4921641 ], [ -0.393901, 48.4921618 ], [ -0.3946846, 48.4917946 ], [ -0.3946263, 48.4916891 ], [ -0.3942327, 48.4916985 ], [ -0.3942494, 48.4915369 ], [ -0.3946813, 48.4913453 ], [ -0.3953898, 48.4908019 ], [ -0.3954517, 48.4905652 ], [ -0.3958537, 48.4906851 ], [ -0.3960855, 48.4906037 ], [ -0.3960831, 48.4899402 ], [ -0.3959336, 48.489849 ], [ -0.3957455, 48.4899354 ], [ -0.3956565, 48.4897534 ], [ -0.3956216, 48.4892349 ], [ -0.3957676, 48.488748 ], [ -0.3959676, 48.4886154 ], [ -0.3965031, 48.488456 ], [ -0.3964903, 48.4883627 ], [ -0.3962625, 48.4883377 ], [ -0.3964031, 48.4881248 ], [ -0.3966404, 48.4880442 ], [ -0.3968228, 48.488183 ], [ -0.3969624, 48.4881844 ], [ -0.3973689, 48.4878522 ], [ -0.3973596, 48.4876454 ], [ -0.3975873, 48.48771 ], [ -0.3977355, 48.487469 ], [ -0.3981992, 48.4873701 ], [ -0.3980032, 48.4870426 ], [ -0.3982453, 48.4868898 ], [ -0.3986687, 48.4867975 ], [ -0.3990215, 48.4864516 ], [ -0.3990118, 48.4863024 ], [ -0.3985508, 48.485897799999989 ], [ -0.3983539, 48.4853469 ], [ -0.3984052, 48.4852608 ], [ -0.3990812, 48.4850956 ], [ -0.3990917, 48.4850269 ], [ -0.3986851, 48.4842704 ], [ -0.3982059, 48.4837736 ], [ -0.3979465, 48.4831768 ], [ -0.3977181, 48.4829547 ], [ -0.3977576, 48.4828329 ], [ -0.3981679, 48.4827896 ], [ -0.3983103, 48.4826253 ], [ -0.397931, 48.4823093 ], [ -0.3978644, 48.4821185 ], [ -0.3978071, 48.4817563 ], [ -0.3979544, 48.4816459 ], [ -0.3980262, 48.4813755 ], [ -0.3976936, 48.4812382 ], [ -0.3976289, 48.4811176 ], [ -0.397848, 48.4806098 ], [ -0.3977168, 48.4801534 ], [ -0.397547, 48.480062 ], [ -0.3974781, 48.4798973 ], [ -0.3975537, 48.4796629 ], [ -0.3974025, 48.479398 ], [ -0.3974196, 48.4790346 ], [ -0.3979765, 48.4784118 ], [ -0.3977449, 48.4774909 ], [ -0.3973549, 48.4771365 ], [ -0.3976896, 48.4770351 ], [ -0.397725, 48.4769539 ], [ -0.3976096, 48.476824 ], [ -0.3967041, 48.4765392 ], [ -0.3963547, 48.4763097 ], [ -0.3962942, 48.475918 ], [ -0.3960496, 48.4756125 ], [ -0.3962625, 48.4755128 ], [ -0.3962686, 48.4753982 ], [ -0.3961713, 48.4752759 ], [ -0.3957895, 48.4751715 ], [ -0.3955929, 48.4750223 ], [ -0.395701, 48.4749138 ], [ -0.3956142, 48.4747443 ], [ -0.3958093, 48.4745371 ], [ -0.3956943, 48.4743504 ], [ -0.3962438, 48.4735503 ], [ -0.3963662, 48.4734955 ], [ -0.3971903, 48.4720843 ], [ -0.3975978, 48.4708697 ], [ -0.3980667, 48.4705834 ], [ -0.39863, 48.4700387 ], [ -0.3995637, 48.4697572 ], [ -0.3999268, 48.4692596 ], [ -0.3999799, 48.468888 ], [ -0.40024, 48.4688049 ], [ -0.4005491, 48.4682054 ], [ -0.4010917, 48.4676144 ], [ -0.4013413, 48.4665979 ], [ -0.4014736, 48.46655 ], [ -0.4014691, 48.46646 ], [ -0.401169, 48.4658825 ], [ -0.4005898, 48.465176 ], [ -0.4009835, 48.4649423 ], [ -0.4029143, 48.4643575 ], [ -0.4029745, 48.4642216 ], [ -0.4026142, 48.4637799 ], [ -0.4017793, 48.463349099999988 ], [ -0.4011338, 48.4626445 ], [ -0.4002901, 48.4620348 ], [ -0.4001043, 48.4613189 ], [ -0.3998205, 48.461056 ], [ -0.3981194, 48.4602303 ], [ -0.3974911, 48.46027 ], [ -0.3972998, 48.4602223 ], [ -0.3971584, 48.4602966 ], [ -0.3970567, 48.4602104 ], [ -0.3967787, 48.4603282 ], [ -0.3964693, 48.4602344 ], [ -0.3962422, 48.4602805 ], [ -0.3961685, 48.4603763 ], [ -0.3962871, 48.4604305 ], [ -0.3961599, 48.4605998 ], [ -0.3958694, 48.4605451 ], [ -0.3957007, 48.4606373 ], [ -0.3958612, 48.4607533 ], [ -0.3957623, 48.4609624 ], [ -0.3954983, 48.4611086 ], [ -0.3955971, 48.4612327 ], [ -0.3950799, 48.4613583 ], [ -0.395145, 48.4616959 ], [ -0.3947456, 48.4618001 ], [ -0.3949337, 48.4621747 ], [ -0.3946253, 48.4625572 ], [ -0.3940927, 48.4624644 ], [ -0.3939154, 48.462528 ], [ -0.3940608, 48.4627048 ], [ -0.3940011, 48.4628065 ], [ -0.393912, 48.4626442 ], [ -0.3936684, 48.4626449 ], [ -0.3937023, 48.4624998 ], [ -0.3938791, 48.4624065 ], [ -0.3935984, 48.4624218 ], [ -0.3935619, 48.462276 ], [ -0.3933732, 48.4621842 ], [ -0.3935642, 48.4621859 ], [ -0.3935481, 48.4620612 ], [ -0.3938682, 48.4619242 ], [ -0.3934193, 48.461829 ], [ -0.3935887, 48.4617476 ], [ -0.3936069, 48.4616516 ], [ -0.3935168, 48.4616407 ], [ -0.3934389, 48.461462 ], [ -0.393269, 48.4614929 ], [ -0.3932683, 48.4613993 ], [ -0.3935826, 48.4612769 ], [ -0.3935692, 48.4610899 ], [ -0.3936775, 48.4610904 ], [ -0.3936972, 48.4610178 ], [ -0.3933017, 48.4610364 ], [ -0.3934312, 48.460903 ], [ -0.3932791, 48.4608128 ], [ -0.3935534, 48.4607833 ], [ -0.393564, 48.4606741 ], [ -0.3933095, 48.4605706 ], [ -0.3932506, 48.4606848 ], [ -0.3930924, 48.4607299 ], [ -0.3929721, 48.4605451 ], [ -0.3931034, 48.4605243 ], [ -0.392955, 48.4604475 ], [ -0.393411, 48.4601724 ], [ -0.3933846, 48.4599931 ], [ -0.393134, 48.4600552 ], [ -0.392912, 48.4599508 ], [ -0.3929307, 48.4597584 ], [ -0.3933058, 48.459718 ], [ -0.3932844, 48.4595754 ], [ -0.3932133, 48.4594802 ], [ -0.3927403, 48.4593263 ], [ -0.3928781, 48.4593007 ], [ -0.3928547, 48.4591888 ], [ -0.3924273, 48.4590696 ], [ -0.3924004, 48.4588218 ], [ -0.3928546, 48.4588322 ], [ -0.3927828, 48.4586218 ], [ -0.3929197, 48.4586251 ], [ -0.3931457, 48.4583926 ], [ -0.3930612, 48.458196 ], [ -0.3927361, 48.4580243 ], [ -0.392768, 48.4579532 ], [ -0.3932536, 48.4577583 ], [ -0.3932913, 48.4576915 ], [ -0.3931411, 48.4575679 ], [ -0.3933316, 48.457289599999989 ], [ -0.393908, 48.4570327 ], [ -0.3938792, 48.4569237 ], [ -0.3937136, 48.4569158 ], [ -0.3936106, 48.4567891 ], [ -0.393336, 48.4567916 ], [ -0.3933159, 48.4567327 ], [ -0.3939193, 48.4560365 ], [ -0.3935024, 48.4559116 ], [ -0.3934842, 48.455441099999987 ], [ -0.3937156, 48.455376 ], [ -0.393473, 48.4550786 ], [ -0.3935199, 48.4547783 ], [ -0.3941003, 48.4545636 ], [ -0.3942228, 48.4539036 ], [ -0.3946001, 48.4537938 ], [ -0.3947317, 48.453673 ], [ -0.3947683, 48.4531929 ], [ -0.3945781, 48.4530984 ], [ -0.3946311, 48.4530167 ], [ -0.394512, 48.4528499 ], [ -0.394661, 48.4527268 ], [ -0.3946655, 48.4525862 ], [ -0.3945414, 48.4525096 ], [ -0.3946, 48.4524314 ], [ -0.3943541, 48.4520837 ], [ -0.3944947, 48.4516825 ], [ -0.3941569, 48.451106 ], [ -0.3941128, 48.4506543 ], [ -0.3938088, 48.4504739 ], [ -0.393733, 48.4503068 ], [ -0.3937602, 48.4500359 ], [ -0.3935138, 48.4498061 ], [ -0.3920251, 48.4497253 ], [ -0.3911743, 48.4497758 ], [ -0.3900649, 48.4495968 ], [ -0.3901529, 48.4486947 ], [ -0.3894109, 48.4487123 ], [ -0.3895107, 48.448035 ], [ -0.3897765, 48.4479392 ], [ -0.390124, 48.4468424 ], [ -0.3896698, 48.4459081 ], [ -0.3878354, 48.4457345 ], [ -0.3877806, 48.4449265 ], [ -0.3868815, 48.4445425 ], [ -0.3869417, 48.4444057 ], [ -0.3873984, 48.4440802 ], [ -0.3868388, 48.4437333 ], [ -0.3862893, 48.4435662 ], [ -0.3860866, 48.4435711 ], [ -0.3858942, 48.4437558 ], [ -0.3856914, 48.4437598 ], [ -0.3857237, 48.4430844 ], [ -0.3826189, 48.441907 ], [ -0.3825162, 48.4419522 ], [ -0.3825013, 48.4412161 ], [ -0.3818952, 48.4399376 ], [ -0.3824267, 48.4397423 ], [ -0.381986, 48.4390777 ], [ -0.3799604, 48.4391247 ], [ -0.3790823, 48.4390435 ], [ -0.3784099, 48.4388573 ], [ -0.3759826, 48.4386122 ], [ -0.3754769, 48.4387022 ], [ -0.3748859, 48.4390252 ], [ -0.3747934, 48.4385326 ], [ -0.3740414, 48.4383703 ], [ -0.3741546, 48.4379627 ], [ -0.3731146, 48.4374466 ], [ -0.3735025, 48.4371231 ], [ -0.3737225, 48.4359139 ], [ -0.3732778, 48.4357113 ], [ -0.3729186, 48.4356603 ], [ -0.3728164, 48.4345746 ], [ -0.3718692, 48.4332472 ], [ -0.3719809, 48.4327947 ], [ -0.3715756, 48.432804399999988 ], [ -0.3716579, 48.4317683 ], [ -0.3690484, 48.4296688 ], [ -0.3690115, 48.4292196 ], [ -0.3677839, 48.4290879 ], [ -0.36871, 48.4273255 ], [ -0.3691614, 48.425672 ], [ -0.3695906, 48.4249809 ], [ -0.3698317, 48.423826 ], [ -0.3694625, 48.4233646 ], [ -0.3687865, 48.4230128 ], [ -0.3679838, 48.4199245 ], [ -0.3680484, 48.418717 ], [ -0.3670076, 48.4158173 ], [ -0.3670974, 48.4149611 ], [ -0.367697, 48.4142903 ], [ -0.3673872, 48.4136994 ], [ -0.3675123, 48.4131817 ], [ -0.3673553, 48.411767 ], [ -0.3677031, 48.4108197 ], [ -0.3675529, 48.4103134 ], [ -0.3673922, 48.410231599999989 ], [ -0.3675548, 48.4096876 ], [ -0.3679024, 48.4093715 ], [ -0.3685385, 48.4091256 ], [ -0.3699951, 48.4091446 ], [ -0.3703582, 48.4076575 ], [ -0.3711083, 48.4062791 ], [ -0.3725672, 48.4045888 ], [ -0.371223, 48.4042318 ], [ -0.3695071, 48.4036457 ], [ -0.3698278, 48.4033097 ], [ -0.3696163, 48.4032392 ], [ -0.3644254, 48.40209 ], [ -0.3634503, 48.4019835 ], [ -0.3623156, 48.4020868 ], [ -0.3580736, 48.4022188 ], [ -0.3580526, 48.4012334 ], [ -0.3576567, 48.4007736 ], [ -0.3574997, 48.4004116 ], [ -0.3583946, 48.3981206 ], [ -0.3586705, 48.3981425 ], [ -0.3589108, 48.3958521 ], [ -0.3585694, 48.3944661 ], [ -0.3582726, 48.393927 ], [ -0.3577803, 48.394031 ], [ -0.3575702, 48.3938532 ], [ -0.357386, 48.3939332 ], [ -0.3574207, 48.3942014 ], [ -0.3572036, 48.3942094 ], [ -0.3570991, 48.3938873 ], [ -0.3568559, 48.3936988 ], [ -0.3568947, 48.3935869 ], [ -0.3567288, 48.3935295 ], [ -0.3561537, 48.3935854 ], [ -0.3555857, 48.3939869 ], [ -0.3552965, 48.3940518 ], [ -0.3550451, 48.3938842 ], [ -0.3546529, 48.3939881 ], [ -0.3529654, 48.3937972 ], [ -0.3529362, 48.3936576 ], [ -0.3515589, 48.393919 ], [ -0.3506246, 48.3936653 ], [ -0.349245, 48.393657499999989 ], [ -0.3489409, 48.3937661 ], [ -0.3488624, 48.3939349 ], [ -0.348661, 48.3938721 ], [ -0.3485006, 48.3939433 ], [ -0.348663, 48.3941791 ], [ -0.3482191, 48.3942358 ], [ -0.3483588, 48.3943912 ], [ -0.3480499, 48.3944036 ], [ -0.3479591, 48.3945907 ], [ -0.3477787, 48.3945616 ], [ -0.3477016, 48.3944332 ], [ -0.3474449, 48.394436 ], [ -0.3472265, 48.3946168 ], [ -0.3472545, 48.3947799 ], [ -0.3469128, 48.3948292 ], [ -0.3466782, 48.395094199999988 ], [ -0.3462801, 48.394872299999989 ], [ -0.3459708, 48.3949837 ], [ -0.3455407, 48.3953002 ], [ -0.3456488, 48.3954277 ], [ -0.3458365, 48.3954656 ], [ -0.3457452, 48.3956888 ], [ -0.3455437, 48.3956242 ], [ -0.3454032, 48.395775 ], [ -0.345265, 48.3957708 ], [ -0.345069, 48.395536799999988 ], [ -0.3447052, 48.3957488 ], [ -0.3445657, 48.39566 ], [ -0.3442967, 48.3960007 ], [ -0.343817, 48.3958369 ], [ -0.3432993, 48.3959874 ], [ -0.3431896, 48.3962607 ], [ -0.3429984, 48.3961886 ], [ -0.342749, 48.3962434 ], [ -0.3425917, 48.3960875 ], [ -0.3422954, 48.3960203 ], [ -0.3418278, 48.396173 ], [ -0.3417583, 48.3963992 ], [ -0.3414581, 48.3963563 ], [ -0.3415743, 48.3961424 ], [ -0.3415188, 48.3959503 ], [ -0.3409561, 48.3958608 ], [ -0.3411697, 48.3957125 ], [ -0.3411357, 48.3956027 ], [ -0.3407597, 48.3955152 ], [ -0.3411597, 48.3951932 ], [ -0.3408563, 48.3947813 ], [ -0.3409164, 48.3945347 ], [ -0.3408302, 48.3943066 ], [ -0.340997, 48.394165 ], [ -0.3411071, 48.3937702 ], [ -0.3416571, 48.3937024 ], [ -0.3417185, 48.393562 ], [ -0.3415126, 48.3933851 ], [ -0.340751, 48.3931661 ], [ -0.34047, 48.3928084 ], [ -0.3403295, 48.3923847 ], [ -0.3407114, 48.3919903 ], [ -0.3406233, 48.3914345 ], [ -0.34084, 48.3911853 ], [ -0.3404041, 48.3908581 ], [ -0.3403332, 48.3899974 ], [ -0.3397547, 48.3899363 ], [ -0.3396274, 48.3897625 ], [ -0.3396801, 48.3893567 ], [ -0.3389495, 48.3890297 ], [ -0.3387926, 48.3887523 ], [ -0.3390534, 48.3885792 ], [ -0.3390713, 48.3881807 ], [ -0.3395425, 48.3878306 ], [ -0.3394914, 48.3877276 ], [ -0.3383026, 48.3863366 ], [ -0.3379033, 48.3862452 ], [ -0.3378514, 48.3860233 ], [ -0.3376677, 48.3858763 ], [ -0.3365538, 48.3853242 ], [ -0.3361387, 48.3846416 ], [ -0.3356892, 48.3843103 ], [ -0.3350235, 48.3842588 ], [ -0.334963, 48.3840723 ], [ -0.3341739, 48.3840999 ], [ -0.3341735, 48.3842431 ], [ -0.3328465, 48.3842723 ], [ -0.3323793, 48.3834066 ], [ -0.331729, 48.3825523 ], [ -0.3305045, 48.3815521 ], [ -0.3298636, 48.3811451 ], [ -0.3287762, 48.380751599999989 ], [ -0.3286937, 48.3803018 ], [ -0.3282457, 48.3801019 ], [ -0.3265984, 48.3786993 ], [ -0.3260238, 48.3773927 ], [ -0.3260981, 48.3767945 ], [ -0.3257084, 48.3765533 ], [ -0.3239128, 48.3767567 ], [ -0.3237635, 48.3777947 ], [ -0.3231006, 48.3778286 ], [ -0.3234522, 48.3794774 ], [ -0.3193366, 48.379591 ], [ -0.3172716, 48.3794048 ], [ -0.3161456, 48.3794687 ], [ -0.3159634, 48.3796224 ], [ -0.3148695, 48.3794882 ], [ -0.3120707, 48.3802266 ], [ -0.3083296, 48.3810299 ], [ -0.3079978, 48.3811274 ], [ -0.3075351, 48.381722 ], [ -0.306126, 48.3830031 ], [ -0.3054858, 48.3834207 ], [ -0.3052515, 48.3834777 ], [ -0.3049267, 48.3838154 ], [ -0.3029273, 48.3843962 ], [ -0.3024324, 48.384694499999988 ], [ -0.3024379, 48.3848042 ], [ -0.3026493, 48.3849199 ], [ -0.3033563, 48.3856727 ], [ -0.3061545, 48.390893 ], [ -0.3071778, 48.3919 ], [ -0.3083968, 48.3933958 ], [ -0.3086952, 48.3941195 ], [ -0.3083317, 48.3944232 ], [ -0.3079272, 48.3943553 ], [ -0.3076089, 48.3945173 ], [ -0.3074348, 48.3944159 ], [ -0.3037489, 48.396479 ], [ -0.3033626, 48.396786 ], [ -0.3034271, 48.3970165 ], [ -0.3029803, 48.3969425 ], [ -0.3025435, 48.3970717 ], [ -0.3023758, 48.3973078 ], [ -0.3023471, 48.3975608 ], [ -0.3020813, 48.397742 ], [ -0.2978737, 48.3978339 ], [ -0.2971424, 48.3980749 ], [ -0.2956385, 48.3992342 ], [ -0.295384, 48.3996617 ], [ -0.2948488, 48.3997081 ], [ -0.2943956, 48.3999431 ], [ -0.2940225, 48.4002894 ], [ -0.2934284, 48.4013819 ], [ -0.2933591, 48.4021762 ], [ -0.2937149, 48.4024158 ], [ -0.2951268, 48.402784399999987 ], [ -0.2990063, 48.4041361 ], [ -0.2994023, 48.40437 ], [ -0.2996134, 48.404782 ], [ -0.3016333, 48.4061286 ], [ -0.3017333, 48.4065157 ], [ -0.3025577, 48.4073238 ], [ -0.3025386, 48.4075585 ], [ -0.3026922, 48.4076136 ], [ -0.3029353, 48.4080598 ], [ -0.3029377, 48.4085072 ], [ -0.3030753, 48.408932 ], [ -0.3038026, 48.4099148 ], [ -0.3034961, 48.4102674 ], [ -0.303506, 48.410684 ], [ -0.3040085, 48.410909499999988 ], [ -0.3034951, 48.4109625 ], [ -0.3033469, 48.411056699999989 ], [ -0.3028451, 48.4110563 ], [ -0.3028457, 48.4112174 ], [ -0.3026506, 48.411276 ], [ -0.3021825, 48.411253 ], [ -0.3020902, 48.4111394 ], [ -0.3018864, 48.4111469 ], [ -0.3018054, 48.4109988 ], [ -0.3010467, 48.411128 ], [ -0.3007859, 48.41111 ], [ -0.3003686, 48.4112495 ], [ -0.298741, 48.4106816 ], [ -0.2982111, 48.410428 ], [ -0.2981766, 48.4102228 ], [ -0.2980301, 48.4103025 ], [ -0.2979194, 48.4102191 ], [ -0.2976584, 48.4102201 ], [ -0.2975889, 48.41006 ], [ -0.297449, 48.4100296 ], [ -0.2972786, 48.4100731 ], [ -0.2973389, 48.4102569 ], [ -0.2970182, 48.4102766 ], [ -0.2967453, 48.4104328 ], [ -0.2963245, 48.4103869 ], [ -0.296155, 48.4105951 ], [ -0.2956231, 48.4107179 ], [ -0.2950111, 48.4104711 ], [ -0.2945052, 48.410469 ], [ -0.2942977, 48.4105468 ], [ -0.2932386, 48.4101791 ], [ -0.2924673, 48.4102798 ], [ -0.2912134, 48.4098896 ], [ -0.2909, 48.409982 ], [ -0.2905207, 48.4097125 ], [ -0.2901311, 48.4097981 ], [ -0.2898037, 48.4097738 ], [ -0.2888078, 48.4095728 ], [ -0.2886932, 48.4096426 ], [ -0.2884224, 48.4096159 ], [ -0.2883752, 48.4097477 ], [ -0.2882595, 48.4096285 ], [ -0.2881902, 48.409688 ], [ -0.2879791, 48.4096651 ], [ -0.2879535, 48.4097747 ], [ -0.2876913, 48.409755 ], [ -0.2872895, 48.4103379 ], [ -0.2869573, 48.4105623 ], [ -0.2867266, 48.4104841 ], [ -0.2860156, 48.410448 ], [ -0.2858797, 48.4106327 ], [ -0.2859542, 48.4107639 ], [ -0.2858874, 48.4108846 ], [ -0.2856126, 48.4109022 ], [ -0.2856161, 48.4110452 ], [ -0.2853357, 48.4110593 ], [ -0.2850772, 48.4112943 ], [ -0.2848128, 48.411262 ], [ -0.284694, 48.4113968 ], [ -0.2847392, 48.4114702 ], [ -0.2844803, 48.4115467 ], [ -0.2842546, 48.411897 ], [ -0.2839157, 48.4119063 ], [ -0.2834859, 48.4124738 ], [ -0.283091, 48.4125172 ], [ -0.2828654, 48.4123262 ], [ -0.2825642, 48.4123769 ], [ -0.2824719, 48.4125442 ], [ -0.2815425, 48.412931 ], [ -0.2814133, 48.4129202 ], [ -0.2814579, 48.4131792 ], [ -0.2811501, 48.413384 ], [ -0.2812234, 48.4135603 ], [ -0.2811074, 48.4137391 ], [ -0.280958, 48.4137936 ], [ -0.2813038, 48.4139812 ], [ -0.2809951, 48.4141942 ], [ -0.2806222, 48.4142441 ], [ -0.2805422, 48.4143265 ], [ -0.2797237, 48.4144752 ], [ -0.2797194, 48.4143853 ], [ -0.2792504, 48.4144126 ], [ -0.2790586, 48.4143297 ], [ -0.2787162, 48.414413 ], [ -0.2786464, 48.4145743 ], [ -0.2783982, 48.4146703 ], [ -0.2783375, 48.4145657 ], [ -0.2780801, 48.4145368 ], [ -0.2781455, 48.4144144 ], [ -0.2770219, 48.4141393 ], [ -0.2762998, 48.4141412 ], [ -0.2760724, 48.4142259 ], [ -0.2750495, 48.4140254 ], [ -0.2739895, 48.4140106 ], [ -0.2734091, 48.4143337 ], [ -0.2726747, 48.4149644 ], [ -0.2723562, 48.4150624 ], [ -0.2715832, 48.4151161 ], [ -0.2713787, 48.4152424 ], [ -0.2710604, 48.4151278 ], [ -0.2696402, 48.4151499 ], [ -0.2689368, 48.4152566 ], [ -0.2686535, 48.4153995 ], [ -0.2684324, 48.415411 ], [ -0.2683799, 48.4155016 ], [ -0.26826, 48.4153581 ], [ -0.2679742, 48.4152643 ], [ -0.2673774, 48.4153465 ], [ -0.2666948, 48.4152014 ], [ -0.2652358, 48.4154271 ], [ -0.2647497, 48.4153972 ], [ -0.2627896, 48.415525 ], [ -0.261203, 48.4161342 ], [ -0.2609343, 48.4161199 ], [ -0.2600514, 48.4163225 ], [ -0.2596916, 48.4163432 ], [ -0.2593602, 48.4161047 ], [ -0.2591096, 48.4160324 ], [ -0.2581033, 48.4159682 ], [ -0.2570913, 48.4161166 ], [ -0.2563573, 48.4163862 ], [ -0.2559578, 48.4163999 ], [ -0.2542625, 48.4158035 ], [ -0.2529308, 48.4158788 ], [ -0.2522418, 48.4157599 ], [ -0.2519507, 48.4157994 ], [ -0.2512472, 48.4155783 ], [ -0.2506314, 48.415245 ], [ -0.2500035, 48.4151532 ], [ -0.2488076, 48.4146899 ], [ -0.2476269, 48.4144287 ], [ -0.2471647, 48.4144999 ], [ -0.2468213, 48.4146786 ], [ -0.2459149, 48.4147196 ], [ -0.2457297, 48.4150704 ], [ -0.2452027, 48.4155387 ], [ -0.2446742, 48.4157863 ], [ -0.2441821, 48.4158988 ], [ -0.2417941, 48.4157571 ], [ -0.2399928, 48.4149941 ], [ -0.2377342, 48.4155466 ], [ -0.2359819, 48.4158861 ], [ -0.2354253, 48.4158536 ], [ -0.2348558, 48.4156774 ], [ -0.2335454, 48.4155267 ], [ -0.2327378, 48.4159656 ], [ -0.2322635, 48.4161037 ], [ -0.2286263, 48.4165 ], [ -0.2281694, 48.4166142 ], [ -0.2282045, 48.4172516 ], [ -0.2281013, 48.4178829 ], [ -0.2273646, 48.418617 ], [ -0.2269509, 48.41882 ], [ -0.2266963, 48.419079 ], [ -0.2257752, 48.4193445 ], [ -0.2255768, 48.4194832 ], [ -0.2249589, 48.4202374 ], [ -0.2248665, 48.4207369 ], [ -0.2246203, 48.420979499999987 ], [ -0.2235243, 48.4209958 ], [ -0.2232403, 48.4207325 ], [ -0.2222979, 48.4208068 ], [ -0.2222747, 48.4217069 ], [ -0.2215992, 48.4217208 ], [ -0.2201912, 48.4227612 ], [ -0.2197066, 48.422713099999989 ], [ -0.2191352, 48.4221298 ], [ -0.2176548, 48.4219224 ], [ -0.2169403, 48.4216753 ], [ -0.2153045, 48.4213829 ], [ -0.2143663, 48.4210833 ], [ -0.2144926, 48.4213563 ], [ -0.2113383, 48.4203865 ], [ -0.2117307, 48.4199239 ], [ -0.2117297, 48.4192216 ], [ -0.2124604, 48.4173227 ], [ -0.2127915, 48.4158812 ], [ -0.213301, 48.4150552 ], [ -0.2137444, 48.4144544 ], [ -0.2154064, 48.4127706 ], [ -0.2171443, 48.4098989 ], [ -0.2197138, 48.4088377 ], [ -0.2199315, 48.4077333 ], [ -0.2204853, 48.4063992 ], [ -0.2198068, 48.4052795 ], [ -0.2195351, 48.4042658 ], [ -0.2192078, 48.4042873 ], [ -0.2185309, 48.4026193 ], [ -0.2183613, 48.4019026 ], [ -0.2180954, 48.401999 ], [ -0.2174519, 48.4026423 ], [ -0.2171796, 48.4026127 ], [ -0.2161025, 48.4019811 ], [ -0.2153497, 48.4028055 ], [ -0.209422, 48.403899 ], [ -0.2076522, 48.4039929 ], [ -0.2070348, 48.4042248 ], [ -0.2066397, 48.4045299 ], [ -0.2060162, 48.4045513 ], [ -0.2049165, 48.4054553 ], [ -0.2037377, 48.4054169 ], [ -0.2028817, 48.4056174 ], [ -0.2020195, 48.4056704 ], [ -0.201568, 48.4056286 ], [ -0.2003445, 48.4059903 ], [ -0.1999723, 48.4059625 ], [ -0.1994946, 48.4058016 ], [ -0.1970983, 48.4060689 ], [ -0.1953276, 48.40586 ], [ -0.1946014, 48.405948 ], [ -0.1943932, 48.4057709 ], [ -0.1939466, 48.4057874 ], [ -0.1931476, 48.4056352 ], [ -0.1926782, 48.405655 ], [ -0.1915854, 48.4052973 ], [ -0.1909415, 48.4053371 ], [ -0.1906468, 48.405562 ], [ -0.1903919, 48.405595 ], [ -0.1894614, 48.4051699 ], [ -0.1892779, 48.4049542 ], [ -0.1888039, 48.4050534 ], [ -0.185662, 48.4045319 ], [ -0.1844247, 48.4041078 ], [ -0.1839256, 48.4033261 ], [ -0.183468, 48.4032043 ], [ -0.182769, 48.4031402 ], [ -0.1825537, 48.4028669 ], [ -0.1827298, 48.402113 ], [ -0.1823553, 48.4019574 ], [ -0.1826408, 48.4017814 ], [ -0.1826975, 48.4016016 ], [ -0.1823761, 48.4015859 ], [ -0.1822893, 48.4015144 ], [ -0.1824614, 48.4012747 ], [ -0.1824615, 48.4008534 ], [ -0.182258, 48.4007517 ], [ -0.1821107, 48.4007538 ], [ -0.1819909, 48.4008741 ], [ -0.1818516, 48.4008067 ], [ -0.1815357, 48.4003245 ], [ -0.1816114, 48.4000775 ], [ -0.181384, 48.3999171 ], [ -0.1808846, 48.3992624 ], [ -0.1802887, 48.3990452 ], [ -0.1799936, 48.3987938 ], [ -0.1798022, 48.398736799999988 ], [ -0.1798315, 48.398528 ], [ -0.1796017, 48.3984621 ], [ -0.1794206, 48.398151 ], [ -0.1791192, 48.3981969 ], [ -0.1785459, 48.3980403 ], [ -0.1776519, 48.3970531 ], [ -0.1764559, 48.3964351 ], [ -0.1764665, 48.3961854 ], [ -0.176295, 48.3959658 ], [ -0.1750461, 48.3958597 ], [ -0.1747644, 48.3956052 ], [ -0.1745589, 48.394912 ], [ -0.1739554, 48.3948364 ], [ -0.1735161, 48.394659 ], [ -0.1732064, 48.3939407 ], [ -0.1732653, 48.3936843 ], [ -0.1726179, 48.393174 ], [ -0.1725349, 48.3929413 ], [ -0.1720588, 48.3929369 ], [ -0.1718491, 48.3925986 ], [ -0.1724756, 48.3924503 ], [ -0.1725972, 48.392315599999989 ], [ -0.1724295, 48.3917772 ], [ -0.1722145, 48.391574 ], [ -0.1722677, 48.3912683 ], [ -0.171911, 48.3910032 ], [ -0.1719803, 48.3907844 ], [ -0.1722448, 48.3906881 ], [ -0.1731164, 48.3907701 ], [ -0.1736715, 48.3904491 ], [ -0.1734844, 48.390103 ], [ -0.1723687, 48.3894693 ], [ -0.1722939, 48.3893065 ], [ -0.1714461, 48.3892365 ], [ -0.1709214, 48.3889408 ], [ -0.1704706, 48.3887971 ], [ -0.1697614, 48.3883118 ], [ -0.1689625, 48.3883566 ], [ -0.1682391, 48.3880635 ], [ -0.1679681, 48.3877601 ], [ -0.167483, 48.3877641 ], [ -0.1668728, 48.3876651 ], [ -0.1665368, 48.3878101 ], [ -0.1657972, 48.3876507 ], [ -0.1645442, 48.3878993 ], [ -0.1644142, 48.387829 ], [ -0.1643047, 48.3874916 ], [ -0.1640445, 48.3874139 ], [ -0.1633713, 48.3874129 ], [ -0.1625354, 48.3877873 ], [ -0.1622412, 48.387706 ], [ -0.1615998, 48.3877402 ], [ -0.1612113, 48.3874616 ], [ -0.1608174, 48.3874307 ], [ -0.1604641, 48.387287 ], [ -0.1597231, 48.3873518 ], [ -0.1588716, 48.3870612 ], [ -0.1590522, 48.386761 ], [ -0.1588687, 48.3864283 ], [ -0.1585961, 48.3863689 ], [ -0.1582656, 48.3864705 ], [ -0.1580625, 48.3863516 ], [ -0.1581211, 48.3860898 ], [ -0.1580038, 48.3859822 ], [ -0.1573072, 48.3859756 ], [ -0.1571281, 48.3858957 ], [ -0.1570351, 48.3857217 ], [ -0.1562598, 48.3856406 ], [ -0.1563228, 48.3854976 ], [ -0.1557904, 48.3853659 ], [ -0.1556022, 48.3850675 ], [ -0.15455, 48.3846534 ], [ -0.1543795, 48.3846724 ], [ -0.1541263, 48.3849573 ], [ -0.1536109, 48.3847486 ], [ -0.1534271, 48.3845239 ], [ -0.1530529, 48.3845501 ], [ -0.1523855, 48.3844661 ], [ -0.1516596, 48.3847808 ], [ -0.1512374, 48.3847281 ], [ -0.1512015, 48.384603 ], [ -0.1510171, 48.384526799999989 ], [ -0.1506947, 48.3846732 ], [ -0.1503684, 48.3845504 ], [ -0.1495057, 48.3846363 ], [ -0.1492705, 48.3844337 ], [ -0.1486615, 48.384331 ], [ -0.1484313, 48.3844137 ], [ -0.1481714, 48.3847691 ], [ -0.1477262, 48.3846251 ], [ -0.1473337, 48.3847301 ], [ -0.1472219, 48.3850086 ], [ -0.1468939, 48.3851965 ], [ -0.1462506, 48.3850623 ], [ -0.1458609, 48.3851014 ], [ -0.1456525, 48.3853231 ], [ -0.1440522, 48.3852134 ], [ -0.1438319, 48.3850788 ], [ -0.1436184, 48.3850565 ], [ -0.143546, 48.3848189 ], [ -0.1430048, 48.3847415 ], [ -0.1432514, 48.384436 ], [ -0.1431566, 48.3842512 ], [ -0.1414298, 48.3832895 ], [ -0.1402469, 48.3828346 ], [ -0.1393838, 48.3828908 ], [ -0.1391644, 48.3828831 ], [ -0.1390227, 48.3827734 ], [ -0.1387609, 48.3828263 ], [ -0.1383813, 48.383056 ], [ -0.1380919, 48.3830538 ], [ -0.1379507, 48.38327 ], [ -0.137494, 48.3834091 ], [ -0.1370168, 48.3837242 ], [ -0.13654, 48.383572099999988 ], [ -0.1358642, 48.3836188 ], [ -0.1356982, 48.3835323 ], [ -0.1357095, 48.3833591 ], [ -0.1354951, 48.3832999 ], [ -0.1347258, 48.3837489 ], [ -0.1342684, 48.3838537 ], [ -0.1344139, 48.3840281 ], [ -0.1341514, 48.3840909 ], [ -0.1339666, 48.3842326 ], [ -0.1336968, 48.384129 ], [ -0.1333942, 48.3843369 ], [ -0.1330335, 48.3840682 ], [ -0.1326828, 48.3841261 ], [ -0.132405, 48.3839543 ], [ -0.1325325, 48.3837357 ], [ -0.1323857, 48.3836091 ], [ -0.1317593, 48.3837355 ], [ -0.131505, 48.3840951 ], [ -0.1308021, 48.3840714 ], [ -0.1307453, 48.3840036 ], [ -0.1308686, 48.38385 ], [ -0.1307697, 48.3837544 ], [ -0.1303399, 48.383619 ], [ -0.1294639, 48.383526 ], [ -0.1292459, 48.3833166 ], [ -0.1292579, 48.3827463 ], [ -0.1287877, 48.3821357 ], [ -0.1288544, 48.3818935 ], [ -0.1287194, 48.3815774 ], [ -0.128907, 48.3810746 ], [ -0.1288665, 48.3809163 ], [ -0.128123, 48.3804821 ], [ -0.1275797, 48.3800292 ], [ -0.1276032, 48.3792416 ], [ -0.1280962, 48.3781923 ], [ -0.1279422, 48.3777614 ], [ -0.1278136, 48.3776667 ], [ -0.1269514, 48.3775553 ], [ -0.1260518, 48.3777006 ], [ -0.1242401, 48.3774846 ], [ -0.123217, 48.3770983 ], [ -0.1226503, 48.3770673 ], [ -0.1218338, 48.3771338 ], [ -0.1201637, 48.3767754 ], [ -0.1185801, 48.376803599999988 ], [ -0.1174598, 48.3765098 ], [ -0.1171132, 48.3762263 ], [ -0.1161005, 48.37599 ], [ -0.1156768, 48.3755681 ], [ -0.1156849, 48.375180699999987 ], [ -0.1140428, 48.3742434 ], [ -0.1138808, 48.3742233 ], [ -0.1131079, 48.3744084 ], [ -0.112483, 48.3743303 ], [ -0.1116692, 48.3741203 ], [ -0.1108327, 48.3742818 ], [ -0.1101115, 48.3743116 ], [ -0.1069923, 48.3741287 ], [ -0.1062959, 48.3741893 ], [ -0.1055154, 48.3743835 ], [ -0.1043185, 48.3743456 ], [ -0.1033852, 48.3745843 ], [ -0.1026556, 48.3745863 ], [ -0.1002527, 48.3741504 ], [ -0.0980899, 48.3735227 ], [ -0.0967161, 48.373348 ], [ -0.0961377, 48.373418 ], [ -0.0944955, 48.3739192 ], [ -0.0921124, 48.3751735 ], [ -0.0918999, 48.3752133 ], [ -0.0913754, 48.3751414 ], [ -0.0910419, 48.3751924 ], [ -0.0900935, 48.3749453 ], [ -0.0893167, 48.3743524 ], [ -0.0887193, 48.3741663 ], [ -0.0878096, 48.373151 ], [ -0.0866769, 48.3721352 ], [ -0.0860332, 48.3718962 ], [ -0.0846608, 48.3717672 ], [ -0.0841813, 48.3715186 ], [ -0.0839121, 48.371215 ], [ -0.0838941, 48.3708382 ], [ -0.084093, 48.3706349 ], [ -0.0846995, 48.3704697 ], [ -0.0847915, 48.3702881 ], [ -0.0837933, 48.3696028 ], [ -0.0831892, 48.3694871 ], [ -0.0818172, 48.3696182 ], [ -0.0815772, 48.369511 ], [ -0.0807345, 48.3694501 ], [ -0.0794877, 48.369135 ], [ -0.0786223, 48.3691719 ], [ -0.0779283, 48.368927 ], [ -0.0757563, 48.3709525 ], [ -0.0738572, 48.372446 ], [ -0.0735536, 48.3728005 ], [ -0.0730624, 48.3737614 ], [ -0.0719183, 48.3770314 ], [ -0.0709132, 48.3789581 ], [ -0.0706281, 48.3793302 ], [ -0.0702345, 48.3796258 ], [ -0.0699302, 48.379784 ], [ -0.0694007, 48.3798356 ], [ -0.0689254, 48.3797984 ], [ -0.0685943, 48.3796368 ], [ -0.0677155, 48.3786583 ], [ -0.0675364, 48.3780894 ], [ -0.0672649, 48.3776526 ], [ -0.0662851, 48.376611 ], [ -0.0659265, 48.3763709 ], [ -0.0649145, 48.3759811 ], [ -0.0638527, 48.3757799 ], [ -0.0630751, 48.3757469 ], [ -0.0624816, 48.3758136 ], [ -0.0620396, 48.3759745 ], [ -0.0601824, 48.3771299 ], [ -0.0596093, 48.3777092 ], [ -0.0595365, 48.3786177 ], [ -0.0596282, 48.3790565 ], [ -0.0594377, 48.3801491 ], [ -0.0596288, 48.3805997 ], [ -0.0596114, 48.3809036 ], [ -0.0590609, 48.3812681 ], [ -0.0578391, 48.3818038 ], [ -0.0565934, 48.3817882 ], [ -0.0557979, 48.3820545 ], [ -0.0549206, 48.3821213 ], [ -0.0546405, 48.3825345 ], [ -0.054854, 48.3829297 ], [ -0.0552708, 48.3833106 ], [ -0.0558639, 48.3835384 ], [ -0.0564136, 48.3840194 ], [ -0.0570027, 48.3842707 ], [ -0.0572104, 48.3844733 ], [ -0.0576303, 48.3856726 ], [ -0.0578078, 48.386842 ], [ -0.0579705, 48.3871989 ], [ -0.0578209, 48.3880662 ], [ -0.0577187, 48.388239 ], [ -0.057111, 48.388504 ], [ -0.0557097, 48.3883961 ], [ -0.0541645, 48.3888825 ], [ -0.0539131, 48.3890223 ], [ -0.0534509, 48.3899318 ], [ -0.0532438, 48.390788 ], [ -0.0528299, 48.3915531 ], [ -0.0525156, 48.3924958 ], [ -0.052496, 48.3929969 ], [ -0.0526398, 48.3933533 ], [ -0.0543179, 48.393943 ], [ -0.0549232, 48.3950528 ], [ -0.0559466, 48.3953542 ], [ -0.0563342, 48.3956269 ], [ -0.0564337, 48.397082 ], [ -0.0567146, 48.397867 ], [ -0.0567522, 48.3990023 ], [ -0.0565601, 48.3994646 ], [ -0.0559298, 48.4000183 ], [ -0.0558925, 48.4004695 ], [ -0.055424, 48.401552 ], [ -0.0555961, 48.4023255 ], [ -0.0553064, 48.4028777 ], [ -0.0550662, 48.4037473 ], [ -0.0551629, 48.4042463 ], [ -0.0555323, 48.4048787 ], [ -0.055649, 48.4057706 ], [ -0.0555792, 48.4058957 ], [ -0.0551491, 48.406149 ], [ -0.0550749, 48.4069189 ], [ -0.0551566, 48.4072094 ], [ -0.0553028, 48.4072804 ], [ -0.0558873, 48.4074031 ], [ -0.0568708, 48.4077585 ], [ -0.0573978, 48.4080304 ], [ -0.0577014, 48.4083908 ], [ -0.0577781, 48.4086634 ], [ -0.0576592, 48.4088042 ], [ -0.0568539, 48.409211199999987 ], [ -0.0561601, 48.4092795 ], [ -0.0558815, 48.4098602 ], [ -0.0550158, 48.410206599999988 ], [ -0.0545831, 48.4105095 ], [ -0.0544379, 48.4107095 ], [ -0.0543824, 48.4111278 ], [ -0.0541383, 48.4114645 ], [ -0.0537068, 48.4116494 ], [ -0.0533321, 48.4122992 ], [ -0.0525276, 48.4129303 ], [ -0.0522878, 48.413296599999988 ], [ -0.05235, 48.4134823 ], [ -0.053132, 48.4138133 ], [ -0.0532813, 48.4146836 ], [ -0.0535968, 48.4154354 ], [ -0.0535598, 48.4165905 ], [ -0.0541098, 48.4169311 ], [ -0.0542298, 48.4174133 ], [ -0.0549107, 48.4176793 ], [ -0.0554051, 48.4185291 ], [ -0.0556035, 48.418614 ], [ -0.0560181, 48.4186277 ], [ -0.0569855, 48.4199343 ], [ -0.0575989, 48.4204344 ], [ -0.0577877, 48.4208193 ], [ -0.0576066, 48.4209609 ], [ -0.0558595, 48.4215965 ], [ -0.0553504, 48.4220067 ], [ -0.0549024, 48.422119 ], [ -0.0546952, 48.4223936 ], [ -0.0542726, 48.4226394 ], [ -0.0535158, 48.422814699999989 ], [ -0.0533731, 48.4233847 ], [ -0.0529846, 48.423636 ], [ -0.0530691, 48.4239957 ], [ -0.0525775, 48.4243109 ], [ -0.0527373, 48.4245237 ], [ -0.0526445, 48.424672 ], [ -0.0528051, 48.4248065 ], [ -0.0526167, 48.4249626 ], [ -0.0526444, 48.4250897 ], [ -0.0538068, 48.426260799999987 ], [ -0.054313, 48.4264513 ], [ -0.0544352, 48.4267614 ], [ -0.0553414, 48.4272251 ], [ -0.0552166, 48.4277307 ], [ -0.0553584, 48.427936 ], [ -0.0555699, 48.4280593 ], [ -0.0563527, 48.4280985 ], [ -0.0569381, 48.4285102 ], [ -0.0572837, 48.4286381 ], [ -0.0572745, 48.4291776 ], [ -0.057409, 48.4295811 ], [ -0.0573376, 48.4298197 ], [ -0.0568855, 48.4300249 ], [ -0.0570411, 48.4304189 ], [ -0.0571814, 48.4305053 ], [ -0.0571082, 48.4311311 ], [ -0.056972, 48.4313003 ], [ -0.0567804, 48.4313331 ], [ -0.0565924, 48.4312641 ], [ -0.0560313, 48.4307114 ], [ -0.055611, 48.4308582 ], [ -0.0554004, 48.4306349 ], [ -0.0550556, 48.4306366 ], [ -0.054973, 48.4307062 ], [ -0.055002, 48.4308784 ], [ -0.0548528, 48.431011 ], [ -0.0548033, 48.4312535 ], [ -0.0549864, 48.4316809 ], [ -0.0548104, 48.4321671 ], [ -0.0548118, 48.4325164 ], [ -0.0538274, 48.433642 ], [ -0.0537983, 48.4344917 ], [ -0.0534763, 48.4352364 ], [ -0.0535507, 48.4354911 ], [ -0.0532905, 48.4358336 ], [ -0.0532603, 48.4361972 ], [ -0.0530722, 48.4363362 ], [ -0.0527837, 48.4368901 ], [ -0.0529755, 48.4372795 ], [ -0.0524917, 48.4375693 ], [ -0.052416, 48.4377099 ], [ -0.0524754, 48.4384997 ], [ -0.0522768, 48.4388776 ], [ -0.0523408, 48.4391865 ], [ -0.0520665, 48.4392863 ], [ -0.052143, 48.4395787 ], [ -0.0516875, 48.4400514 ], [ -0.0515363, 48.4405712 ], [ -0.05151, 48.4411418 ], [ -0.0520159, 48.4414195 ], [ -0.0522553, 48.441859 ], [ -0.0522387, 48.4421331 ], [ -0.0520775, 48.4422921 ], [ -0.0522582, 48.4426314 ], [ -0.0519252, 48.4427453 ], [ -0.0517764, 48.4429085 ], [ -0.0513987, 48.443092 ], [ -0.0507199, 48.4433111 ], [ -0.0503144, 48.4436916 ], [ -0.0503062, 48.4438997 ], [ -0.0497756, 48.4444797 ], [ -0.049829, 48.4445602 ], [ -0.0504027, 48.4446058 ], [ -0.0503544, 48.4448447 ], [ -0.0506731, 48.4450679 ], [ -0.0509195, 48.4453722 ], [ -0.0509233, 48.4455071 ], [ -0.0507334, 48.445731699999989 ], [ -0.0500795, 48.4455882 ], [ -0.0502552, 48.4458169 ], [ -0.0499346, 48.4460979 ], [ -0.0498197, 48.4464493 ], [ -0.0502644, 48.4466512 ], [ -0.0503154, 48.4468057 ], [ -0.0499221, 48.4467456 ], [ -0.0498013, 48.4468549 ], [ -0.0499735, 48.4470945 ], [ -0.0499757, 48.4474347 ], [ -0.0498267, 48.447619499999988 ], [ -0.0495238, 48.4477155 ], [ -0.0497394, 48.4479324 ], [ -0.0497336, 48.4480657 ], [ -0.0491744, 48.4483403 ], [ -0.049363, 48.449071 ], [ -0.0491676, 48.4492264 ], [ -0.0491415, 48.4495223 ], [ -0.0493614, 48.4498129 ], [ -0.0498799, 48.4496771 ], [ -0.0503022, 48.4497473 ], [ -0.0500325, 48.4499496 ], [ -0.0500217, 48.4500669 ], [ -0.050335, 48.450148 ], [ -0.050685, 48.450419 ], [ -0.0511996, 48.4504949 ], [ -0.0512975, 48.4506193 ], [ -0.051305, 48.4507956 ], [ -0.0509869, 48.4511666 ], [ -0.0508598, 48.4514939 ], [ -0.051157, 48.4516718 ], [ -0.0509814, 48.4519103 ], [ -0.0515106, 48.4523523 ], [ -0.0513579, 48.4524742 ], [ -0.0513886, 48.4526516 ], [ -0.0510503, 48.4528161 ], [ -0.0510146, 48.45297 ], [ -0.0516519, 48.4533876 ], [ -0.0524301, 48.4535963 ], [ -0.0526303, 48.4538729 ], [ -0.0537948, 48.4539996 ], [ -0.0542643, 48.4547167 ], [ -0.0552326, 48.4543092 ], [ -0.0558236, 48.4544866 ], [ -0.0564274, 48.4545125 ], [ -0.0566652, 48.454574799999989 ], [ -0.0567101, 48.4547429 ], [ -0.0571109, 48.4548388 ], [ -0.0574022, 48.4550068 ], [ -0.0578639, 48.4553569 ], [ -0.0586374, 48.455625 ], [ -0.059237, 48.455741 ], [ -0.05929, 48.4558828 ], [ -0.0599652, 48.4558798 ], [ -0.0604849, 48.4562049 ], [ -0.0614313, 48.4562327 ], [ -0.0618762, 48.4563653 ], [ -0.0623568, 48.4566689 ], [ -0.0640902, 48.457194 ], [ -0.0661017, 48.4573581 ], [ -0.0672105, 48.4575239 ], [ -0.0687462, 48.4580235 ], [ -0.0692246, 48.4581039 ], [ -0.0695003, 48.4580724 ], [ -0.0706577, 48.4584224 ], [ -0.0709644, 48.4577419 ], [ -0.0712017, 48.4575872 ], [ -0.0719811, 48.4575833 ], [ -0.0723151, 48.457508 ], [ -0.0727136, 48.4571943 ], [ -0.0728078, 48.4569992 ], [ -0.0729008, 48.4550503 ], [ -0.0727534, 48.4544977 ], [ -0.0720889, 48.4535498 ], [ -0.0719094, 48.453143 ], [ -0.0719688, 48.4528156 ], [ -0.0724774, 48.4520714 ], [ -0.0728608, 48.450991 ], [ -0.0731227, 48.450586199999989 ], [ -0.0736685, 48.4504767 ], [ -0.0752573, 48.4503374 ], [ -0.0761714, 48.4501165 ], [ -0.0773492, 48.450031 ], [ -0.0794394, 48.4500173 ], [ -0.0797464, 48.4498986 ], [ -0.0824311, 48.4504222 ], [ -0.0829526, 48.4503375 ], [ -0.0838166, 48.4499324 ], [ -0.0845151, 48.4500052 ], [ -0.0852061, 48.450341 ], [ -0.0883826, 48.4503889 ], [ -0.0889995, 48.4503378 ], [ -0.0905273, 48.4496696 ], [ -0.0920105, 48.449277099999989 ], [ -0.0930055, 48.4488685 ], [ -0.0934422, 48.4485852 ], [ -0.1003384, 48.4484178 ], [ -0.1014394, 48.4482702 ], [ -0.1035908, 48.4481266 ], [ -0.1050046, 48.4478213 ], [ -0.1059209, 48.4473418 ], [ -0.1062626, 48.4470339 ], [ -0.1063512, 48.4477068 ], [ -0.1084495, 48.4479463 ], [ -0.1093945, 48.448387 ], [ -0.1104513, 48.4485681 ], [ -0.1117925, 48.4487274 ], [ -0.1137988, 48.448647799999989 ], [ -0.1147044, 48.448742 ], [ -0.1173929, 48.4488235 ], [ -0.117802, 48.4487146 ], [ -0.1182507, 48.4482941 ], [ -0.1186272, 48.4482986 ], [ -0.121866, 48.4490084 ], [ -0.1248902, 48.449432 ], [ -0.1294576, 48.4506982 ], [ -0.1308535, 48.4512069 ], [ -0.1315493, 48.4512543 ], [ -0.1324443, 48.4515107 ], [ -0.1331597, 48.4515458 ], [ -0.1349573, 48.4520709 ], [ -0.1360423, 48.4525158 ], [ -0.1378948, 48.4529395 ], [ -0.138619, 48.453258 ], [ -0.1393571, 48.4538318 ], [ -0.1409227, 48.4539614 ], [ -0.1433635, 48.4547593 ], [ -0.1467281, 48.4564258 ], [ -0.1474862, 48.4569468 ], [ -0.1480917, 48.4578337 ], [ -0.1486899, 48.4581708 ], [ -0.1490816, 48.4585638 ], [ -0.1498089, 48.4600354 ], [ -0.1499526, 48.4606942 ], [ -0.1499313, 48.463405699999988 ], [ -0.1504416, 48.4641944 ], [ -0.1505536, 48.465136699999988 ], [ -0.1500874, 48.4661647 ], [ -0.1494998, 48.4668636 ], [ -0.1492148, 48.469267 ], [ -0.1489591, 48.4696762 ], [ -0.1495757, 48.4698435 ], [ -0.1496469, 48.4702846 ], [ -0.149564, 48.4706865 ], [ -0.1476872, 48.4725334 ], [ -0.1472452, 48.4731105 ], [ -0.1476858, 48.4733221 ], [ -0.1476856, 48.4736354 ], [ -0.1480661, 48.4740422 ], [ -0.1484296, 48.4741658 ], [ -0.1492259, 48.4742572 ], [ -0.1494019, 48.4745055 ], [ -0.1499053, 48.4745687 ], [ -0.1508269, 48.4751916 ], [ -0.1508447, 48.4753072 ], [ -0.1511636, 48.4754986 ], [ -0.1518199, 48.4761682 ], [ -0.1522327, 48.4762553 ], [ -0.1528373, 48.4765589 ], [ -0.1528283, 48.4766573 ], [ -0.1525901, 48.4766816 ], [ -0.151205, 48.4772037 ], [ -0.1501774, 48.479732 ], [ -0.1495893, 48.4800871 ], [ -0.1491554, 48.480664 ], [ -0.1492335, 48.4811985 ], [ -0.149684, 48.4809426 ], [ -0.1503705, 48.4813475 ], [ -0.1509565, 48.4827166 ], [ -0.1517375, 48.4840392 ], [ -0.154022, 48.485681 ], [ -0.1550154, 48.4866387 ], [ -0.1554492, 48.4869368 ], [ -0.1555958, 48.4887444 ], [ -0.1553903, 48.4890199 ], [ -0.1553979, 48.4892592 ], [ -0.1560559, 48.492384699999988 ], [ -0.1562476, 48.4948285 ], [ -0.1561347, 48.4959911 ], [ -0.157244, 48.4965297 ], [ -0.1590663, 48.4967594 ], [ -0.1614957, 48.4984999 ], [ -0.1629093, 48.4992293 ], [ -0.1666726, 48.5020335 ], [ -0.1682659, 48.5039185 ], [ -0.1685606, 48.5034371 ], [ -0.1692986, 48.5028034 ], [ -0.1707713, 48.5017963 ], [ -0.172091, 48.5021346 ], [ -0.1723659, 48.5022678 ], [ -0.1709471, 48.5033815 ], [ -0.1708295, 48.5037439 ], [ -0.1712952, 48.5049937 ], [ -0.1713319, 48.5057571 ], [ -0.1707733, 48.5068038 ], [ -0.1715855, 48.5082253 ], [ -0.1714341, 48.509262 ], [ -0.1723095, 48.5098913 ], [ -0.1728474, 48.5097338 ], [ -0.1732553, 48.5097787 ], [ -0.1725369, 48.5105137 ], [ -0.1717926, 48.5109774 ], [ -0.171122, 48.5113374 ], [ -0.1701587, 48.5116764 ], [ -0.1690742, 48.5124751 ], [ -0.1678081, 48.5128258 ], [ -0.1674129, 48.5134162 ], [ -0.1660106, 48.5138245 ], [ -0.1675459, 48.5146532 ], [ -0.168113, 48.5153611 ], [ -0.1678158, 48.5153987 ], [ -0.1672612, 48.5152793 ], [ -0.1667867, 48.5155009 ], [ -0.1662088, 48.5155802 ], [ -0.1651583, 48.5158675 ], [ -0.1651562, 48.5160575 ], [ -0.1648077, 48.5161199 ], [ -0.1638733, 48.5168947 ], [ -0.1617869, 48.5181387 ], [ -0.1612551, 48.5180853 ], [ -0.1608444, 48.5183312 ], [ -0.1588679, 48.5187475 ], [ -0.157082, 48.5196071 ], [ -0.1558748, 48.5203774 ], [ -0.155772, 48.5206502 ], [ -0.1551131, 48.5207361 ], [ -0.1534279, 48.5202299 ], [ -0.1494331, 48.5186352 ], [ -0.1478308, 48.5195518 ], [ -0.1458661, 48.5203484 ], [ -0.145104, 48.5209052 ], [ -0.1448075, 48.5212263 ], [ -0.1450324, 48.5215652 ], [ -0.1454236, 48.5216701 ], [ -0.1450518, 48.5221589 ], [ -0.1454134, 48.5222447 ], [ -0.14491, 48.523116 ], [ -0.1449817, 48.5232042 ], [ -0.1453834, 48.5232592 ], [ -0.1451365, 48.5236394 ], [ -0.1450045, 48.5236294 ], [ -0.1444744, 48.5245086 ], [ -0.1446755, 48.5246293 ], [ -0.1463282, 48.5249322 ], [ -0.1459638, 48.5253424 ], [ -0.1459679, 48.5254324 ], [ -0.1461033, 48.5254297 ], [ -0.1459217, 48.5258828 ], [ -0.1447738, 48.5259519 ], [ -0.1448155, 48.5268052 ], [ -0.1443747, 48.5277271 ], [ -0.1468226, 48.5291495 ], [ -0.148937, 48.5298245 ], [ -0.1489892, 48.5299258 ], [ -0.1503101, 48.5304571 ], [ -0.153743, 48.5310097 ], [ -0.1541092, 48.5311269 ], [ -0.15406, 48.5314802 ], [ -0.1547313, 48.5315534 ], [ -0.1581185, 48.5323817 ], [ -0.158347, 48.5323486 ], [ -0.1588714, 48.532481399999988 ], [ -0.1588577, 48.532793299999987 ], [ -0.1601208, 48.5334412 ], [ -0.1617879, 48.5337065 ], [ -0.1625526, 48.5346981 ], [ -0.163189, 48.5352691 ], [ -0.1646313, 48.5358744 ], [ -0.166181, 48.536416499999987 ], [ -0.1685589, 48.5370454 ], [ -0.1702776, 48.5373102 ], [ -0.1700444, 48.5376675 ], [ -0.1706072, 48.5376255 ], [ -0.1713994, 48.5382157 ], [ -0.1720129, 48.5391239 ], [ -0.1722658, 48.5392927 ], [ -0.1724244, 48.5396288 ], [ -0.1725799, 48.5396885 ], [ -0.1728673, 48.5400698 ], [ -0.173455, 48.5414243 ], [ -0.1740414, 48.5415473 ], [ -0.1742825, 48.541477 ], [ -0.1750812, 48.5415682 ], [ -0.175321, 48.5415213 ], [ -0.1765273, 48.5416934 ], [ -0.1768296, 48.5416043 ], [ -0.1789169, 48.5414368 ], [ -0.1793803, 48.5409176 ], [ -0.1795388, 48.5411618 ], [ -0.1802041, 48.541758 ], [ -0.1811852, 48.543761 ], [ -0.1811255, 48.5440498 ], [ -0.1805829, 48.5449835 ], [ -0.1816143, 48.5452683 ], [ -0.1835506, 48.5461843 ], [ -0.1850647, 48.5465786 ], [ -0.1858599, 48.5468778 ], [ -0.1872241, 48.5475938 ], [ -0.1888548, 48.5483198 ], [ -0.1898711, 48.5489552 ], [ -0.1907557, 48.5498767 ], [ -0.1925225, 48.5527904 ], [ -0.1939854, 48.5547875 ], [ -0.1968931, 48.5564559 ], [ -0.1973331, 48.5567763 ], [ -0.1980623, 48.5575696 ], [ -0.198763, 48.5580496 ], [ -0.200619, 48.5585947 ], [ -0.2026061, 48.5590192 ], [ -0.2037121, 48.5594945 ], [ -0.2047432, 48.5601869 ], [ -0.2055385, 48.560928 ], [ -0.2061367, 48.5615718 ], [ -0.2061834, 48.5618461 ], [ -0.2072597, 48.5632989 ], [ -0.2082321, 48.5642261 ], [ -0.2094236, 48.5638374 ], [ -0.21239, 48.5631298 ], [ -0.2126373, 48.5629809 ], [ -0.2137628, 48.5619385 ], [ -0.2146368, 48.5609732 ], [ -0.2150558, 48.5601102 ], [ -0.2154074, 48.5598495 ], [ -0.2171526, 48.5580107 ], [ -0.2181162, 48.55864 ], [ -0.2203179, 48.5605458 ], [ -0.2205784, 48.5604154 ], [ -0.2215117, 48.5602406 ], [ -0.221742, 48.5599724 ], [ -0.2220356, 48.5598276 ], [ -0.2223117, 48.5603693 ], [ -0.2228301, 48.5608369 ], [ -0.2236392, 48.5610698 ], [ -0.2238344, 48.5610465 ], [ -0.2239422, 48.5609463 ], [ -0.2254914, 48.5614346 ], [ -0.2272408, 48.5617832 ], [ -0.2298537, 48.5613521 ], [ -0.2302682, 48.5613436 ], [ -0.2311498, 48.5616942 ], [ -0.2320755, 48.5617932 ], [ -0.2321528, 48.5619028 ], [ -0.2327602, 48.5618989 ], [ -0.2327132, 48.5617525 ], [ -0.2343336, 48.561812 ], [ -0.2343524, 48.5623363 ], [ -0.2376548, 48.5644594 ], [ -0.2385815, 48.565384 ], [ -0.2392379, 48.5654255 ], [ -0.239682, 48.5657195 ], [ -0.2406441, 48.5666692 ], [ -0.2426402, 48.5679941 ], [ -0.2427756, 48.5679904 ], [ -0.2432527, 48.5676118 ], [ -0.2434808, 48.5676371 ], [ -0.2440895, 48.5670182 ], [ -0.2445118, 48.5668275 ], [ -0.2446176, 48.5668715 ], [ -0.2461798, 48.5663814 ], [ -0.246186, 48.5659347 ], [ -0.2465696, 48.5657549 ], [ -0.2467324, 48.5655371 ], [ -0.2466299, 48.5650213 ], [ -0.246682, 48.5644167 ], [ -0.2472458, 48.5639502 ], [ -0.2488437, 48.5636446 ], [ -0.2489269, 48.5634776 ], [ -0.2483301, 48.5620111 ], [ -0.2478248, 48.5615846 ], [ -0.2471158, 48.5606713 ], [ -0.246861, 48.5600399 ], [ -0.2465293, 48.5595898 ], [ -0.2462291, 48.5582701 ], [ -0.2464687, 48.5579115 ], [ -0.247033, 48.5573451 ], [ -0.2475841, 48.5572418 ], [ -0.248261, 48.5569829 ], [ -0.2500072, 48.5556604 ], [ -0.251137, 48.5549191 ], [ -0.2518886, 48.5545294 ], [ -0.2532826, 48.5542437 ], [ -0.2535432, 48.5538755 ], [ -0.2549721, 48.5536267 ], [ -0.2559929, 48.5532071 ], [ -0.2561128, 48.5529751 ], [ -0.2577169, 48.5519462 ], [ -0.2583988, 48.5510272 ], [ -0.2594335, 48.5505045 ], [ -0.2605714, 48.5496135 ], [ -0.2621436, 48.5489249 ], [ -0.2623222, 48.5486571 ], [ -0.2627393, 48.5484088 ], [ -0.2592034, 48.5468042 ], [ -0.2553501, 48.545436 ], [ -0.2538467, 48.5449622 ], [ -0.2531369, 48.5449078 ], [ -0.2465597, 48.5428791 ], [ -0.2462121, 48.5426743 ], [ -0.2450224, 48.5414383 ], [ -0.2449681, 48.541502799999989 ], [ -0.2445786, 48.5408616 ], [ -0.2440656, 48.5403723 ], [ -0.2432213, 48.5396544 ], [ -0.243093, 48.5397065 ], [ -0.2427559, 48.5393196 ], [ -0.2422714, 48.5386764 ], [ -0.2418985, 48.5376449 ], [ -0.2421637, 48.5375495 ], [ -0.2418664, 48.5370165 ], [ -0.2414657, 48.5371148 ], [ -0.2408793, 48.5368616 ], [ -0.2413021, 48.5365952 ], [ -0.2421881, 48.5363001 ], [ -0.2427396, 48.5360113 ], [ -0.2431996, 48.5354262 ], [ -0.2442982, 48.5348218 ], [ -0.2439699, 48.5346417 ], [ -0.2441213, 48.5344818 ], [ -0.244347, 48.5344702 ], [ -0.245006, 48.5339255 ], [ -0.245003, 48.5334178 ], [ -0.2448999, 48.5332199 ], [ -0.2452304, 48.5332369 ], [ -0.2454323, 48.5331702 ], [ -0.2456778, 48.5329969 ], [ -0.2458119, 48.5326439 ], [ -0.2465205, 48.5321348 ], [ -0.2464956, 48.531842 ], [ -0.2467702, 48.5316796 ], [ -0.247198, 48.5312331 ], [ -0.24707, 48.5309179 ], [ -0.2474773, 48.5304025 ], [ -0.2477508, 48.5302222 ], [ -0.2478095, 48.5300108 ], [ -0.2481008, 48.529811099999989 ], [ -0.2481062, 48.5295489 ], [ -0.2484911, 48.5293277 ], [ -0.2487065, 48.5293047 ], [ -0.2486681, 48.528925 ], [ -0.2488104, 48.5289472 ], [ -0.2489523, 48.5287875 ], [ -0.2492016, 48.52885 ], [ -0.2493998, 48.5287024 ], [ -0.2492797, 48.5283617 ], [ -0.2493383, 48.5281918 ], [ -0.2499267, 48.5279533 ], [ -0.2510052, 48.5269172 ], [ -0.2512836, 48.5268178 ], [ -0.2519104, 48.5267601 ], [ -0.2522845, 48.5265203 ], [ -0.2523213, 48.5263275 ], [ -0.2525101, 48.5264646 ], [ -0.2530316, 48.5263269 ], [ -0.2531953, 48.5261694 ], [ -0.2532842, 48.5258554 ], [ -0.2534035, 48.5258549 ], [ -0.2537272, 48.5260918 ], [ -0.2542368, 48.526266 ], [ -0.2553549, 48.5263722 ], [ -0.2558453, 48.5265209 ], [ -0.2561326, 48.5264761 ], [ -0.2563437, 48.5266017 ], [ -0.2571735, 48.5265394 ], [ -0.2584092, 48.526815199999987 ], [ -0.2598367, 48.526993 ], [ -0.2607798, 48.526987899999988 ], [ -0.2611004, 48.5270655 ], [ -0.261611, 48.5260782 ], [ -0.2618113, 48.5260295 ], [ -0.2623612, 48.5261972 ], [ -0.2627673, 48.5261878 ], [ -0.2628195, 48.5258722 ], [ -0.2619903, 48.5255303 ], [ -0.2632891, 48.5230736 ], [ -0.2640039, 48.5224733 ], [ -0.2648005, 48.5221407 ], [ -0.2657888, 48.5220578 ], [ -0.2675086, 48.5214685 ], [ -0.2682962, 48.5209264 ], [ -0.2692665, 48.5204477 ], [ -0.2709088, 48.5190295 ], [ -0.2726486, 48.5185467 ], [ -0.2736229, 48.5181093 ], [ -0.2748426, 48.5179136 ], [ -0.2727419, 48.5174142 ], [ -0.268592, 48.5170846 ], [ -0.2678346, 48.5169569 ], [ -0.268415, 48.5148115 ], [ -0.2678723, 48.5147788 ], [ -0.2679075, 48.514148399999989 ], [ -0.2672261, 48.5137377 ], [ -0.2678707, 48.51334 ], [ -0.2686414, 48.512595 ], [ -0.2711267, 48.5094455 ], [ -0.2714129, 48.5089289 ], [ -0.2715574, 48.5084 ], [ -0.2714713, 48.5074111 ], [ -0.2739791, 48.5073204 ], [ -0.2740495, 48.507449 ], [ -0.2752085, 48.5074576 ], [ -0.2763553, 48.5070523 ], [ -0.2774156, 48.507215699999989 ], [ -0.278158, 48.507192499999988 ], [ -0.2781558, 48.5069621 ], [ -0.2792968, 48.5068559 ], [ -0.2799246, 48.5064514 ], [ -0.2803305, 48.5063555 ], [ -0.2827061, 48.506578 ], [ -0.28343, 48.5064959 ], [ -0.2843155, 48.5065083 ], [ -0.2851909, 48.506358 ], [ -0.2852749, 48.5067258 ], [ -0.2855292, 48.5067835 ], [ -0.2856401, 48.5069957 ], [ -0.2857957, 48.5080961 ], [ -0.2856644, 48.5090055 ], [ -0.2855034, 48.5093134 ], [ -0.2855334, 48.5098564 ], [ -0.2862638, 48.511392 ], [ -0.2863615, 48.5118701 ], [ -0.2862068, 48.5122768 ], [ -0.2859402, 48.514012 ], [ -0.2855338, 48.5147282 ], [ -0.2856123, 48.5152888 ], [ -0.2854694, 48.515561 ], [ -0.2850041, 48.5159214 ], [ -0.2848435, 48.5161699 ], [ -0.2848391, 48.516943399999988 ], [ -0.2849296, 48.5172623 ], [ -0.2853217, 48.5177881 ], [ -0.2859614, 48.5180909 ], [ -0.2880971, 48.5193635 ], [ -0.2885802, 48.5184651 ], [ -0.2888234, 48.5170925 ], [ -0.2903241, 48.5161929 ], [ -0.2916284, 48.5155769 ], [ -0.2926115, 48.5153048 ], [ -0.2935475, 48.5152338 ], [ -0.2961598, 48.5156988 ], [ -0.2979775, 48.5161148 ], [ -0.3024481, 48.5172286 ], [ -0.3049671, 48.5180391 ], [ -0.3082587, 48.5186344 ], [ -0.3084062, 48.5185457 ], [ -0.3089345, 48.5184986 ], [ -0.3100167, 48.5193247 ], [ -0.3121462, 48.520488 ], [ -0.3124148, 48.5205138 ], [ -0.3134762, 48.5209875 ], [ -0.3143667, 48.521267 ], [ -0.3162538, 48.5216159 ], [ -0.3175515, 48.521947 ], [ -0.3182753, 48.5222897 ], [ -0.3184507, 48.5222983 ], [ -0.3201045, 48.5231155 ], [ -0.3228275, 48.521254 ], [ -0.3231998, 48.5211832 ], [ -0.3252126, 48.5193261 ], [ -0.3247944, 48.518993 ], [ -0.325196, 48.5182741 ], [ -0.3254707, 48.5174119 ], [ -0.3259829, 48.5171536 ], [ -0.3264205, 48.5170873 ], [ -0.326772, 48.516946 ], [ -0.3279645, 48.5163039 ], [ -0.3287842, 48.5150826 ], [ -0.3295471, 48.5146128 ], [ -0.3296862, 48.5140291 ], [ -0.3295542, 48.5137428 ], [ -0.3296841, 48.5135258 ], [ -0.330286, 48.5132298 ], [ -0.3307588, 48.512801499999988 ], [ -0.33161, 48.5125264 ], [ -0.3327002, 48.5113001 ], [ -0.3340357, 48.5106287 ], [ -0.3347728, 48.5104361 ], [ -0.3361366, 48.5094659 ], [ -0.3359927, 48.5085884 ], [ -0.3357085, 48.5085307 ], [ -0.3357668, 48.5083184 ], [ -0.3355223, 48.5080524 ], [ -0.3357485, 48.5077534 ], [ -0.3357023, 48.507367599999988 ], [ -0.335369, 48.506707 ], [ -0.3352745, 48.5066061 ], [ -0.3349212, 48.5065062 ], [ -0.3348976, 48.5058145 ], [ -0.3347368, 48.505566 ], [ -0.3347446, 48.5053488 ], [ -0.3348943, 48.5049538 ], [ -0.3351875, 48.5046853 ], [ -0.3353579, 48.50436 ], [ -0.3355432, 48.5038011 ], [ -0.3357287, 48.50299 ], [ -0.3357828, 48.5019665 ], [ -0.3371863, 48.5007917 ], [ -0.3379318, 48.5003287 ], [ -0.3388905, 48.5001505 ], [ -0.3393647, 48.5003847 ], [ -0.340922, 48.5007344 ], [ -0.342165, 48.5007012 ], [ -0.3425912, 48.5007766 ], [ -0.3428845, 48.5007242 ], [ -0.3434168, 48.500828 ], [ -0.3456337, 48.500726 ], [ -0.3464109, 48.500974199999987 ], [ -0.3465483, 48.5011306 ], [ -0.3473039, 48.5014001 ], [ -0.3481105, 48.501408 ], [ -0.3484544, 48.5013398 ], [ -0.3489425, 48.5011964 ], [ -0.3497079, 48.5007507 ], [ -0.3501067, 48.5010339 ], [ -0.350427, 48.500978 ], [ -0.3506252, 48.5006447 ], [ -0.3509748, 48.5005187 ], [ -0.3509846, 48.5000574 ], [ -0.3513952, 48.4997829 ], [ -0.351467, 48.499634099999987 ], [ -0.3518684, 48.4995336 ], [ -0.3521799, 48.4988531 ], [ -0.3526852, 48.498132 ], [ -0.3531942, 48.4977026 ], [ -0.3535573, 48.4967064 ], [ -0.3537802, 48.4966335 ], [ -0.3539865, 48.4964061 ], [ -0.3538868, 48.4963297 ], [ -0.3539017, 48.4960547 ], [ -0.3551833, 48.4957798 ], [ -0.3559305, 48.4957065 ], [ -0.3554881, 48.4944665 ], [ -0.3553962, 48.4926692 ], [ -0.353755, 48.4926165 ], [ -0.353667, 48.4922138 ], [ -0.3529891, 48.4921844 ], [ -0.3512065, 48.4904258 ], [ -0.3493665, 48.4888489 ], [ -0.3497534, 48.4884805 ], [ -0.3501672, 48.4876431 ], [ -0.3509399, 48.4870586 ], [ -0.3504267, 48.4866373 ], [ -0.3506445, 48.4865267 ], [ -0.3511409, 48.4864739 ], [ -0.3519282, 48.4860753 ], [ -0.3518648, 48.485825 ], [ -0.352587, 48.4848763 ], [ -0.3526196, 48.4844747 ], [ -0.3527568, 48.4843538 ], [ -0.3527753, 48.4841551 ], [ -0.3531565, 48.4837194 ] ] ] ] } },
{ "type": "Feature", "properties": { "code_departement": 53.0, "code_rne": "0530584X", "multisecteur": 0.0 }, "geometry": { "type": "MultiPolygon", "coordinates": [ [ [ [ -1.075393, 47.7744544 ], [ -1.0750381, 47.7742369 ], [ -1.0731168, 47.7740794 ], [ -1.0669512, 47.7731042 ], [ -1.0646963, 47.7733024 ], [ -1.063342, 47.7732674 ], [ -1.0618738, 47.7728444 ], [ -1.0610001, 47.7727476 ], [ -1.0599113, 47.7730017 ], [ -1.0587408, 47.7731675 ], [ -1.0580363, 47.7730108 ], [ -1.054638, 47.7732223 ], [ -1.0524514, 47.7736162 ], [ -1.0517452, 47.773665 ], [ -1.0499651, 47.7737086 ], [ -1.047344, 47.773628 ], [ -1.046998, 47.7732795 ], [ -1.046216, 47.772965 ], [ -1.0457859, 47.7728825 ], [ -1.0454834, 47.7730534 ], [ -1.0436086, 47.7726775 ], [ -1.0413479, 47.7723419 ], [ -1.0414763, 47.771165 ], [ -1.0411034, 47.771077 ], [ -1.0410043, 47.7714805 ], [ -1.0407509, 47.7714523 ], [ -1.0407646, 47.7709814 ], [ -1.039317, 47.7707205 ], [ -1.03927, 47.7717909 ], [ -1.0405722, 47.7719154 ], [ -1.040524, 47.7722316 ], [ -1.0387046, 47.7720736 ], [ -1.0368017, 47.7711506 ], [ -1.0338692, 47.7707696 ], [ -1.0336003, 47.7706788 ], [ -1.0315197, 47.770601799999987 ], [ -1.0308549, 47.7707905 ], [ -1.0297904, 47.7707848 ], [ -1.0279196, 47.7743603 ], [ -1.0254809, 47.7732105 ], [ -1.0246758, 47.7750262 ], [ -1.0278016, 47.7755035 ], [ -1.0271964, 47.7768158 ], [ -1.0257977, 47.7764764 ], [ -1.025444, 47.7773501 ], [ -1.0233733, 47.7769833 ], [ -1.0232455, 47.7773256 ], [ -1.0223708, 47.777197099999988 ], [ -1.0221772, 47.7776778 ], [ -1.022412, 47.7777427 ], [ -1.0223546, 47.7782737 ], [ -1.0196405, 47.7777784 ], [ -1.0198308, 47.7764931 ], [ -1.0206475, 47.7765966 ], [ -1.0208027, 47.7760154 ], [ -1.0196121, 47.775669699999987 ], [ -1.019485, 47.7759688 ], [ -1.0181114, 47.7757131 ], [ -1.0184318, 47.7748235 ], [ -1.0198785, 47.7752667 ], [ -1.0210801, 47.7739368 ], [ -1.0227209, 47.7743319 ], [ -1.0233758, 47.7726331 ], [ -1.0227422, 47.7725107 ], [ -1.020788, 47.7718596 ], [ -1.0198753, 47.7717765 ], [ -1.0180329, 47.7713126 ], [ -1.0184849, 47.7706951 ], [ -1.0180457, 47.7704911 ], [ -1.0156172, 47.769877 ], [ -1.0156261, 47.7696946 ], [ -1.014246, 47.7696347 ], [ -1.014522, 47.7675174 ], [ -1.0133672, 47.7668982 ], [ -1.0130942, 47.7671608 ], [ -1.0098736, 47.7677038 ], [ -1.0090624, 47.7680785 ], [ -1.0061866, 47.7683212 ], [ -1.0065303, 47.7668495 ], [ -1.0067672, 47.7666413 ], [ -1.0071675, 47.7664897 ], [ -1.0071578, 47.7664324 ], [ -1.0052008, 47.765791899999989 ], [ -1.0023051, 47.7650385 ], [ -0.9997559, 47.7642722 ], [ -0.9985146, 47.7642957 ], [ -0.9968454, 47.7641383 ], [ -0.9943721, 47.764184 ], [ -0.9928887, 47.7641346 ], [ -0.9908463, 47.7642403 ], [ -0.989931, 47.7639588 ], [ -0.9886778, 47.7638411 ], [ -0.9885776, 47.7636102 ], [ -0.9866183, 47.7631318 ], [ -0.9866437, 47.7630597 ], [ -0.984215, 47.7625936 ], [ -0.9834439, 47.762345 ], [ -0.9823166, 47.7618381 ], [ -0.9815358, 47.7616205 ], [ -0.9800879, 47.7616319 ], [ -0.9787061, 47.7618492 ], [ -0.9785723, 47.7622224 ], [ -0.9777297, 47.7625727 ], [ -0.9770395, 47.7631017 ], [ -0.9769237, 47.7632877 ], [ -0.9757194, 47.7640018 ], [ -0.9755872, 47.766025 ], [ -0.9705453, 47.7656834 ], [ -0.9704953, 47.7659987 ], [ -0.9706801, 47.7664691 ], [ -0.9699835, 47.7666991 ], [ -0.969515, 47.766779 ], [ -0.9689344, 47.7667726 ], [ -0.9677406, 47.7665914 ], [ -0.9661999, 47.7667058 ], [ -0.9661453, 47.7668869 ], [ -0.9635607, 47.7668402 ], [ -0.9633805, 47.7676331 ], [ -0.9626049, 47.7675926 ], [ -0.960994, 47.7673201 ], [ -0.9607381, 47.7672224 ], [ -0.9602278, 47.7672802 ], [ -0.9595736, 47.7676502 ], [ -0.9517087, 47.7666977 ], [ -0.9517153, 47.7673977 ], [ -0.9516283, 47.7676313 ], [ -0.9513376, 47.7679105 ], [ -0.9506704, 47.7682485 ], [ -0.9504944, 47.7685257 ], [ -0.9518817, 47.7695846 ], [ -0.9525816, 47.7704405 ], [ -0.9534013, 47.7733037 ], [ -0.9542771, 47.7751395 ], [ -0.9551162, 47.7764818 ], [ -0.955295, 47.7769633 ], [ -0.9554197, 47.7779927 ], [ -0.9553873, 47.7793717 ], [ -0.955992, 47.7791431 ], [ -0.956789, 47.7790738 ], [ -0.957402, 47.7795145 ], [ -0.9579828, 47.7794327 ], [ -0.9585588, 47.779752 ], [ -0.9599015, 47.779649799999987 ], [ -0.9602919, 47.779828599999988 ], [ -0.9604601, 47.7801662 ], [ -0.9612292, 47.7804934 ], [ -0.9616385, 47.7805688 ], [ -0.96261, 47.780526 ], [ -0.9630441, 47.7800896 ], [ -0.9632529, 47.7800383 ], [ -0.9639862, 47.7801009 ], [ -0.9646537, 47.7796926 ], [ -0.9655235, 47.7793802 ], [ -0.9662607, 47.779549 ], [ -0.9668119, 47.7793564 ], [ -0.9672173, 47.779522 ], [ -0.9676311, 47.7795124 ], [ -0.9676303, 47.7797891 ], [ -0.9681407, 47.7799097 ], [ -0.9682742, 47.7801944 ], [ -0.968586, 47.7802866 ], [ -0.968947, 47.7809854 ], [ -0.9688021, 47.78123 ], [ -0.9690062, 47.7813673 ], [ -0.9689884, 47.7815409 ], [ -0.9691856, 47.7818541 ], [ -0.9696138, 47.7822343 ], [ -0.9703465, 47.782414 ], [ -0.9703693, 47.7827188 ], [ -0.9705204, 47.7829155 ], [ -0.9715436, 47.7829565 ], [ -0.9720054, 47.7833031 ], [ -0.9722194, 47.7832868 ], [ -0.9724806, 47.783132 ], [ -0.9728603, 47.7832741 ], [ -0.9735998, 47.7831507 ], [ -0.9740958, 47.7832754 ], [ -0.9745642, 47.7832442 ], [ -0.974714, 47.7831562 ], [ -0.9751132, 47.7832381 ], [ -0.9753903, 47.7830629 ], [ -0.975622, 47.7831929 ], [ -0.9760411, 47.783076 ], [ -0.9776898, 47.7830416 ], [ -0.9779629, 47.7828494 ], [ -0.9780533, 47.7826102 ], [ -0.9784893, 47.7824151 ], [ -0.9787318, 47.7824033 ], [ -0.9793146, 47.7829377 ], [ -0.9797847, 47.7831623 ], [ -0.9800649, 47.7830113 ], [ -0.980243, 47.7826042 ], [ -0.9812558, 47.7827735 ], [ -0.9814029, 47.7828811 ], [ -0.9816996, 47.7835045 ], [ -0.9820258, 47.7835926 ], [ -0.9823644, 47.7835252 ], [ -0.9827965, 47.7835817 ], [ -0.9833223, 47.7841757 ], [ -0.9840319, 47.784384 ], [ -0.9847067, 47.7841998 ], [ -0.9851224, 47.784197299999988 ], [ -0.9856657, 47.7839355 ], [ -0.9861912, 47.7837941 ], [ -0.9871435, 47.7837257 ], [ -0.9876151, 47.7834537 ], [ -0.9884608, 47.783515 ], [ -0.989055, 47.7830766 ], [ -0.9893973, 47.7830063 ], [ -0.9897478, 47.7832756 ], [ -0.9894225, 47.7834308 ], [ -0.9894697, 47.7840069 ], [ -0.9905894, 47.7842805 ], [ -0.9908521, 47.7845023 ], [ -0.9910263, 47.7845441 ], [ -0.9927806, 47.7845437 ], [ -0.9934927, 47.7843753 ], [ -0.9945488, 47.7837318 ], [ -0.9949183, 47.7833813 ], [ -0.9951652, 47.7832683 ], [ -0.9955576, 47.7827782 ], [ -0.9959391, 47.7828021 ], [ -0.9961982, 47.782531 ], [ -0.9966034, 47.7824253 ], [ -0.9974932, 47.782380499999988 ], [ -0.9980631, 47.7824385 ], [ -0.9996401, 47.7832282 ], [ -1.0000587, 47.7836383 ], [ -1.001008, 47.7839033 ], [ -1.0012091, 47.7840703 ], [ -1.0013128, 47.7848805 ], [ -1.0008733, 47.7851164 ], [ -1.0008963, 47.785476 ], [ -1.0018975, 47.7861637 ], [ -1.0018551, 47.7864886 ], [ -1.0021239, 47.7872716 ], [ -1.0023715, 47.7875227 ], [ -1.001656, 47.7878058 ], [ -1.0016859, 47.7880787 ], [ -1.0012108, 47.7884824 ], [ -1.000848, 47.7889752 ], [ -1.0007216, 47.7897824 ], [ -1.0007929, 47.7901621 ], [ -1.0008992, 47.7902594 ], [ -1.0016954, 47.7902133 ], [ -1.002442, 47.7904842 ], [ -1.0027681, 47.7905533 ], [ -1.0032154, 47.7905083 ], [ -1.0036315, 47.7907067 ], [ -1.0038809, 47.7907333 ], [ -1.0042871, 47.7903193 ], [ -1.0044787, 47.7903425 ], [ -1.0054577, 47.790717199999989 ], [ -1.0063126, 47.7911647 ], [ -1.0069896, 47.791666 ], [ -1.0074701, 47.792364199999987 ], [ -1.0083044, 47.7927872 ], [ -1.0093784, 47.7927702 ], [ -1.0099098, 47.7928827 ], [ -1.0104283, 47.7927892 ], [ -1.0109775, 47.7928362 ], [ -1.0112554, 47.7929393 ], [ -1.011783, 47.7929131 ], [ -1.0122807, 47.793074499999989 ], [ -1.0130287, 47.7931165 ], [ -1.0142078, 47.7927561 ], [ -1.0146551, 47.7929409 ], [ -1.0148194, 47.792956 ], [ -1.0152664, 47.7928009 ], [ -1.0161329, 47.7929938 ], [ -1.0163129, 47.7929345 ], [ -1.0171013, 47.7929426 ], [ -1.0182403, 47.7927079 ], [ -1.0197929, 47.7927943 ], [ -1.021243, 47.7931356 ], [ -1.0187369, 47.7972067 ], [ -1.0187274, 47.7981073 ], [ -1.0184476, 47.7989704 ], [ -1.0174745, 47.8004835 ], [ -1.0171892, 47.8012566 ], [ -1.0155256, 47.801349699999989 ], [ -1.0155459, 47.8018492 ], [ -1.0135337, 47.8019839 ], [ -1.013055, 47.8019679 ], [ -1.012989, 47.8013772 ], [ -1.0116319, 47.8011011 ], [ -1.0111563, 47.8040858 ], [ -1.0104859, 47.8061752 ], [ -1.0109624, 47.808411799999988 ], [ -1.0107198, 47.8098593 ], [ -1.0090852, 47.8125395 ], [ -1.0087314, 47.8128688 ], [ -1.0082247, 47.813654 ], [ -1.0078339, 47.8145036 ], [ -1.0079375, 47.8156815 ], [ -1.0076066, 47.817716 ], [ -1.0069421, 47.81987 ], [ -1.0066392, 47.8224892 ], [ -1.0073818, 47.8234118 ], [ -1.0071498, 47.8245751 ], [ -1.0067893, 47.8248172 ], [ -1.0057821, 47.8260475 ], [ -1.0056176, 47.8260666 ], [ -1.0054049, 47.8263686 ], [ -1.0044635, 47.8268396 ], [ -1.002548, 47.8274719 ], [ -1.0012463, 47.8282941 ], [ -1.0007777, 47.8290382 ], [ -1.0005149, 47.8292806 ], [ -0.9993772, 47.8295618 ], [ -1.0000401, 47.8312748 ], [ -1.0008857, 47.8314136 ], [ -1.0014187, 47.8323245 ], [ -1.0013693, 47.8326281 ], [ -1.0006603, 47.8333615 ], [ -1.0004919, 47.8339863 ], [ -1.0015001, 47.8339564 ], [ -1.0027593, 47.8343613 ], [ -1.0057187, 47.8346305 ], [ -1.0074751, 47.834903 ], [ -1.0097261, 47.8350062 ], [ -1.0146752, 47.8355324 ], [ -1.0160398, 47.8355253 ], [ -1.0168058, 47.8354243 ], [ -1.0194994, 47.8345308 ], [ -1.0203199, 47.8346027 ], [ -1.0240595, 47.8343734 ], [ -1.0271199, 47.8344376 ], [ -1.0311964, 47.8324041 ], [ -1.0346357, 47.8297399 ], [ -1.0353646, 47.8296283 ], [ -1.0356409, 47.8287203 ], [ -1.0366124, 47.8282425 ], [ -1.0377008, 47.8274904 ], [ -1.038392, 47.8267952 ], [ -1.0392458, 47.8255104 ], [ -1.0405166, 47.8244834 ], [ -1.0417363, 47.823313 ], [ -1.046026, 47.8228856 ], [ -1.0506193, 47.820983 ], [ -1.0525165, 47.8198927 ], [ -1.0544213, 47.8194114 ], [ -1.0549566, 47.8191315 ], [ -1.0563933, 47.818058 ], [ -1.058151, 47.8162992 ], [ -1.0594324, 47.8155762 ], [ -1.0604276, 47.8164312 ], [ -1.0616297, 47.8177873 ], [ -1.062395, 47.8190639 ], [ -1.0627149, 47.81938 ], [ -1.0626592, 47.8194909 ], [ -1.0655482, 47.820875 ], [ -1.0712535, 47.8229479 ], [ -1.0738047, 47.8239514 ], [ -1.0762172, 47.8245759 ], [ -1.0794506, 47.8250148 ], [ -1.0815906, 47.8253999 ], [ -1.0847461, 47.8262524 ], [ -1.0885108, 47.827646 ], [ -1.0915853, 47.8290076 ], [ -1.0956119, 47.8305459 ], [ -1.097245, 47.831088099999988 ], [ -1.0982076, 47.831542 ], [ -1.0985367, 47.8317486 ], [ -1.0989174, 47.8321732 ], [ -1.1006331, 47.8356216 ], [ -1.1016999, 47.8371118 ], [ -1.1029316, 47.839091 ], [ -1.1030607, 47.8392713 ], [ -1.103246, 47.8393306 ], [ -1.1042538, 47.8410085 ], [ -1.1053473, 47.8443146 ], [ -1.1052267, 47.844608099999988 ], [ -1.1045706, 47.8452989 ], [ -1.1046338, 47.8464628 ], [ -1.1043304, 47.8473359 ], [ -1.1043413, 47.8480304 ], [ -1.1042004, 47.8480786 ], [ -1.1045133, 47.8488192 ], [ -1.105763, 47.850228199999989 ], [ -1.1074461, 47.8511479 ], [ -1.1056948, 47.8527053 ], [ -1.1039436, 47.8526378 ], [ -1.1027881, 47.8529152 ], [ -1.1023259, 47.8541607 ], [ -1.1021474, 47.8550735 ], [ -1.0997331, 47.8549687 ], [ -1.0979591, 47.8545018 ], [ -1.0969594, 47.8564689 ], [ -1.0961713, 47.8560612 ], [ -1.0934719, 47.855749 ], [ -1.0933394, 47.8584771 ], [ -1.0930659, 47.8596365 ], [ -1.0913082, 47.8650123 ], [ -1.0899365, 47.8675808 ], [ -1.0909311, 47.8673144 ], [ -1.0911631, 47.8684644 ], [ -1.0915905, 47.8724291 ], [ -1.0925931, 47.8735504 ], [ -1.0935065, 47.8740168 ], [ -1.0938509, 47.8741058 ], [ -1.0946788, 47.8741255 ], [ -1.0958637, 47.8770166 ], [ -1.0960174, 47.8785568 ], [ -1.0963448, 47.8803171 ], [ -1.0962462, 47.8805323 ], [ -1.096407, 47.8817829 ], [ -1.1010177, 47.8811532 ], [ -1.1018541, 47.881297 ], [ -1.1024255, 47.8812373 ], [ -1.1037424, 47.8808911 ], [ -1.1100447, 47.8819015 ], [ -1.1144093, 47.8834896 ], [ -1.115687, 47.8837097 ], [ -1.1168146, 47.8844803 ], [ -1.1169888, 47.8844633 ], [ -1.1204385, 47.885651599999989 ], [ -1.1276472, 47.8863832 ], [ -1.1315403, 47.886877 ], [ -1.1328725, 47.8869174 ], [ -1.1407025, 47.8881364 ], [ -1.1441757, 47.8888086 ], [ -1.1436772, 47.8886018 ], [ -1.142528, 47.8868228 ], [ -1.1431121, 47.8867878 ], [ -1.1447058, 47.886864 ], [ -1.1452715, 47.8848955 ], [ -1.1460564, 47.884841599999987 ], [ -1.1475291, 47.884485 ], [ -1.1482044, 47.8848459 ], [ -1.1487343, 47.884683 ], [ -1.1497005, 47.8854392 ], [ -1.1498951, 47.8854602 ], [ -1.1500263, 47.885151 ], [ -1.1525276, 47.8851156 ], [ -1.152781, 47.8852887 ], [ -1.1528221, 47.8855909 ], [ -1.1531459, 47.8856029 ], [ -1.1538748, 47.885415699999989 ], [ -1.1552368, 47.8846718 ], [ -1.1555331, 47.885102 ], [ -1.1560155, 47.8852228 ], [ -1.1561195, 47.8854561 ], [ -1.156972, 47.8854439 ], [ -1.1571873, 47.8856607 ], [ -1.1577894, 47.8855141 ], [ -1.1582987, 47.8862341 ], [ -1.1581241, 47.8877498 ], [ -1.158472, 47.8894192 ], [ -1.1590925, 47.8894215 ], [ -1.158783, 47.890806 ], [ -1.1590533, 47.8907847 ], [ -1.1591258, 47.892872 ], [ -1.159057, 47.8950536 ], [ -1.1585365, 47.8962094 ], [ -1.1589525, 47.8962163 ], [ -1.1589127, 47.8964268 ], [ -1.1584632, 47.8964535 ], [ -1.1580593, 47.8970455 ], [ -1.1569733, 47.8979627 ], [ -1.1572138, 47.8982786 ], [ -1.1572503, 47.8984882 ], [ -1.1571622, 47.8993988 ], [ -1.1569228, 47.8997462 ], [ -1.1571512, 47.8997877 ], [ -1.1578064, 47.9002475 ], [ -1.1578455, 47.9008319 ], [ -1.1574956, 47.902234 ], [ -1.1574299, 47.9030194 ], [ -1.1584541, 47.902629 ], [ -1.1589059, 47.9026319 ], [ -1.1593957, 47.902537 ], [ -1.1605155, 47.9017421 ], [ -1.1613327, 47.9019429 ], [ -1.1615987, 47.9019344 ], [ -1.1623619, 47.9013269 ], [ -1.1649897, 47.9011859 ], [ -1.1652434, 47.9010714 ], [ -1.1653407, 47.9005687 ], [ -1.1652269, 47.9002294 ], [ -1.1659563, 47.9001476 ], [ -1.1704024, 47.8985035 ], [ -1.1741308, 47.8980267 ], [ -1.1752545, 47.8977974 ], [ -1.1755153, 47.8976205 ], [ -1.1759484, 47.8975898 ], [ -1.1761364, 47.8973902 ], [ -1.1768278, 47.8970817 ], [ -1.1771147, 47.897067 ], [ -1.178203, 47.8966596 ], [ -1.178827, 47.896534699999989 ], [ -1.1800163, 47.8957596 ], [ -1.1802373, 47.8958599 ], [ -1.180719, 47.8949829 ], [ -1.1819231, 47.8921029 ], [ -1.1824605, 47.8920693 ], [ -1.1836209, 47.8921541 ], [ -1.1843435, 47.8923275 ], [ -1.1860916, 47.8923715 ], [ -1.1879057, 47.8923509 ], [ -1.190207, 47.8920001 ], [ -1.1918534, 47.8922315 ], [ -1.1920176, 47.8913424 ], [ -1.1930717, 47.8909118 ], [ -1.1946274, 47.889827 ], [ -1.1960442, 47.8895104 ], [ -1.1967908, 47.8891241 ], [ -1.1971144, 47.8880319 ], [ -1.1974001, 47.8856812 ], [ -1.1974461, 47.8838401 ], [ -1.1985085, 47.8823664 ], [ -1.1975121, 47.8809141 ], [ -1.1975205, 47.8805974 ], [ -1.1977751, 47.8799881 ], [ -1.1972968, 47.8800043 ], [ -1.1969765, 47.8797832 ], [ -1.196848, 47.8795301 ], [ -1.196978, 47.8791082 ], [ -1.1964388, 47.8786931 ], [ -1.1969822, 47.8779751 ], [ -1.1972063, 47.8778617 ], [ -1.1966966, 47.8773274 ], [ -1.195925, 47.8771757 ], [ -1.1953668, 47.876892899999987 ], [ -1.1942474, 47.8766463 ], [ -1.1924396, 47.8756204 ], [ -1.1915272, 47.8749735 ], [ -1.1909122, 47.873887 ], [ -1.1902512, 47.8739638 ], [ -1.1900598, 47.8731171 ], [ -1.1896569, 47.8720689 ], [ -1.1888796, 47.8706547 ], [ -1.1887817, 47.8697029 ], [ -1.18905, 47.867214 ], [ -1.1892876, 47.8671523 ], [ -1.1897908, 47.8668414 ], [ -1.1910938, 47.8658206 ], [ -1.1937369, 47.8651159 ], [ -1.1965146, 47.8642514 ], [ -1.1971967, 47.8639007 ], [ -1.1979201, 47.8629879 ], [ -1.1986534, 47.8617612 ], [ -1.198884, 47.8607643 ], [ -1.199519, 47.8604801 ], [ -1.20042, 47.8594258 ], [ -1.2016173, 47.8588854 ], [ -1.20196, 47.858612699999988 ], [ -1.2023465, 47.8581833 ], [ -1.2031324, 47.8568952 ], [ -1.2034347, 47.8570601 ], [ -1.2034127, 47.8575611 ], [ -1.2064585, 47.8587172 ], [ -1.208013, 47.857919699999989 ], [ -1.208622, 47.856682 ], [ -1.2102148, 47.8573476 ], [ -1.2113544, 47.856537 ], [ -1.2119762, 47.8566435 ], [ -1.2120466, 47.8568726 ], [ -1.2130206, 47.8573171 ], [ -1.2157721, 47.8574462 ], [ -1.216703, 47.8566728 ], [ -1.2181386, 47.8550385 ], [ -1.2189961, 47.8543037 ], [ -1.2202652, 47.8535244 ], [ -1.2207032, 47.8534915 ], [ -1.2214894, 47.8530387 ], [ -1.2219751, 47.8529671 ], [ -1.2229175, 47.8524248 ], [ -1.2234109, 47.851102 ], [ -1.2232915, 47.8507124 ], [ -1.2220294, 47.8504497 ], [ -1.2214594, 47.8504053 ], [ -1.2215662, 47.8501148 ], [ -1.2212301, 47.850030499999988 ], [ -1.2215758, 47.8494439 ], [ -1.2180717, 47.8488707 ], [ -1.2176614, 47.8486944 ], [ -1.217675, 47.8479378 ], [ -1.2164098, 47.8474497 ], [ -1.2153136, 47.8473206 ], [ -1.2147279, 47.8470262 ], [ -1.214828, 47.8464476 ], [ -1.2153028, 47.84597 ], [ -1.2151771, 47.8453301 ], [ -1.2145312, 47.8449865 ], [ -1.2146633, 47.8447447 ], [ -1.2138134, 47.844258 ], [ -1.2141386, 47.843429699999987 ], [ -1.2141416, 47.8429618 ], [ -1.2147831, 47.8418671 ], [ -1.2146073, 47.8414408 ], [ -1.2145206, 47.8407869 ], [ -1.2150662, 47.8387385 ], [ -1.2152777, 47.8366291 ], [ -1.2157254, 47.8365021 ], [ -1.2160643, 47.8361168 ], [ -1.2165846, 47.8349138 ], [ -1.2167106, 47.8343099 ], [ -1.2163993, 47.8337605 ], [ -1.2166496, 47.8332549 ], [ -1.2161438, 47.8330883 ], [ -1.2161418, 47.8323881 ], [ -1.2159011, 47.832239099999988 ], [ -1.215958, 47.8316746 ], [ -1.2164309, 47.8318649 ], [ -1.2165236, 47.831145 ], [ -1.2169055, 47.8302561 ], [ -1.2173381, 47.8303442 ], [ -1.2186866, 47.8294079 ], [ -1.2188691, 47.8290777 ], [ -1.2190336, 47.8282661 ], [ -1.2194764, 47.8278256 ], [ -1.2194867, 47.8276017 ], [ -1.2206351, 47.8267095 ], [ -1.2214459, 47.8262847 ], [ -1.2215528, 47.8260131 ], [ -1.2218616, 47.8256892 ], [ -1.2218056, 47.8252866 ], [ -1.2222043, 47.8246792 ], [ -1.2222834, 47.8237209 ], [ -1.2225076, 47.8231072 ], [ -1.2222006, 47.8229488 ], [ -1.2225497, 47.822728 ], [ -1.2221386, 47.8225734 ], [ -1.2207457, 47.8216331 ], [ -1.2200984, 47.8209975 ], [ -1.2201377, 47.8206167 ], [ -1.2203927, 47.8202713 ], [ -1.2212537, 47.8199582 ], [ -1.2221278, 47.8195067 ], [ -1.2227593, 47.8193199 ], [ -1.2229442, 47.8193222 ], [ -1.2229604, 47.8194424 ], [ -1.2230702, 47.8194763 ], [ -1.2236616, 47.8194919 ], [ -1.223745, 47.8196322 ], [ -1.2239897, 47.8196135 ], [ -1.2242222, 47.8197601 ], [ -1.2243788, 47.8197437 ], [ -1.224743, 47.8201839 ], [ -1.226064, 47.8205229 ], [ -1.226568, 47.8205335 ], [ -1.2270866, 47.82034 ], [ -1.2275206, 47.8202774 ], [ -1.2277365, 47.8200317 ], [ -1.2279017, 47.8199717 ], [ -1.2283858, 47.8201516 ], [ -1.2288079, 47.8201417 ], [ -1.2288848, 47.8200831 ], [ -1.2288158, 47.8199558 ], [ -1.2289207, 47.8199286 ], [ -1.2296118, 47.8201542 ], [ -1.2304596, 47.8202975 ], [ -1.2315595, 47.8203461 ], [ -1.2319082, 47.8204227 ], [ -1.2320678, 47.8202764 ], [ -1.2324564, 47.8201821 ], [ -1.2326575, 47.8199676 ], [ -1.2330148, 47.8199006 ], [ -1.2330763, 47.8194639 ], [ -1.2336223, 47.8192621 ], [ -1.2338492, 47.8193558 ], [ -1.2340706, 47.8192621 ], [ -1.2340415, 47.819064 ], [ -1.234615, 47.8189225 ], [ -1.2348657, 47.8183907 ], [ -1.2354018, 47.8180991 ], [ -1.2354211, 47.817956 ], [ -1.2349498, 47.8175656 ], [ -1.2336841, 47.816863299999987 ], [ -1.234652, 47.814904 ], [ -1.2376144, 47.811076299999989 ], [ -1.2381134, 47.8098171 ], [ -1.238757, 47.8095991 ], [ -1.2387429, 47.8094221 ], [ -1.238237, 47.8093205 ], [ -1.2379014, 47.8091218 ], [ -1.2378592, 47.8088439 ], [ -1.2376575, 47.8087304 ], [ -1.2372436, 47.808658 ], [ -1.2372246, 47.8085703 ], [ -1.2373845, 47.8084284 ], [ -1.237141, 47.8083273 ], [ -1.2364384, 47.8084257 ], [ -1.2362445, 47.808595 ], [ -1.2358181, 47.8087005 ], [ -1.2354537, 47.8085442 ], [ -1.2351307, 47.8086551 ], [ -1.2345988, 47.8087122 ], [ -1.2344302, 47.8086119 ], [ -1.234357, 47.8084154 ], [ -1.2337939, 47.8083167 ], [ -1.2329642, 47.8083981 ], [ -1.2326083, 47.808566 ], [ -1.2320837, 47.8085471 ], [ -1.2316904, 47.8082792 ], [ -1.2310327, 47.8080344 ], [ -1.2308713, 47.8080069 ], [ -1.2306029, 47.8081148 ], [ -1.2304067, 47.8080525 ], [ -1.2298582, 47.8073314 ], [ -1.2296321, 47.8071629 ], [ -1.2261433, 47.8053511 ], [ -1.2234306, 47.8049037 ], [ -1.2181433, 47.8036702 ], [ -1.2154673, 47.8035818 ], [ -1.2137113, 47.802964499999987 ], [ -1.2133605, 47.8015423 ], [ -1.2131453, 47.8011904 ], [ -1.2125447, 47.8008533 ], [ -1.2116017, 47.8007034 ], [ -1.2112774, 47.8005771 ], [ -1.2111991, 47.8003997 ], [ -1.2113418, 47.8002089 ], [ -1.2110782, 47.7998696 ], [ -1.2096861, 47.7990138 ], [ -1.2097544, 47.7988464 ], [ -1.2114904, 47.7970364 ], [ -1.2116933, 47.7967271 ], [ -1.2112811, 47.7966735 ], [ -1.2106681, 47.7964657 ], [ -1.2087507, 47.796222799999988 ], [ -1.2061701, 47.7952376 ], [ -1.205721, 47.7952411 ], [ -1.2035659, 47.7955771 ], [ -1.2015346, 47.7952959 ], [ -1.1987839, 47.7952197 ], [ -1.1969548, 47.7953132 ], [ -1.1961383, 47.7935606 ], [ -1.1953, 47.7922604 ], [ -1.1948087, 47.7919156 ], [ -1.1937198, 47.7896077 ], [ -1.193079, 47.7888591 ], [ -1.1930437, 47.7874282 ], [ -1.1932925, 47.787395 ], [ -1.1933188, 47.7858465 ], [ -1.191999, 47.7856279 ], [ -1.189706, 47.7854982 ], [ -1.1871364, 47.7849989 ], [ -1.1862321, 47.7849267 ], [ -1.1850116, 47.7848649 ], [ -1.1832235, 47.7849315 ], [ -1.1779644, 47.7846651 ], [ -1.1781558, 47.7838678 ], [ -1.176654, 47.7836123 ], [ -1.1744952, 47.7834865 ], [ -1.1726508, 47.7830232 ], [ -1.1707049, 47.782833 ], [ -1.171089, 47.7802452 ], [ -1.1711049, 47.7792722 ], [ -1.1665299, 47.7790602 ], [ -1.1645924, 47.7788209 ], [ -1.1606792, 47.7789141 ], [ -1.1531555, 47.7782332 ], [ -1.1491426, 47.7752661 ], [ -1.1440422, 47.774533 ], [ -1.1409021, 47.774883 ], [ -1.1403781, 47.7748844 ], [ -1.1392394, 47.7752167 ], [ -1.1370977, 47.7753573 ], [ -1.1376404, 47.7767991 ], [ -1.1379315, 47.7784606 ], [ -1.1384604, 47.7788826 ], [ -1.1384778, 47.779569699999989 ], [ -1.1395633, 47.7820909 ], [ -1.1381662, 47.7825071 ], [ -1.1370718, 47.7822078 ], [ -1.1371337, 47.7825914 ], [ -1.1364091, 47.7824034 ], [ -1.1325821, 47.7837985 ], [ -1.1317005, 47.7836557 ], [ -1.1309348, 47.78368 ], [ -1.1295059, 47.783963 ], [ -1.1269386, 47.7839832 ], [ -1.1247253, 47.7842045 ], [ -1.1237712, 47.7839714 ], [ -1.1223912, 47.7840416 ], [ -1.120429, 47.7836042 ], [ -1.119336, 47.7835976 ], [ -1.1175673, 47.78343 ], [ -1.1160047, 47.7833867 ], [ -1.1138144, 47.7828338 ], [ -1.1124941, 47.7827585 ], [ -1.111492, 47.7824918 ], [ -1.11083, 47.7824033 ], [ -1.1098449, 47.7821152 ], [ -1.1081153, 47.781847 ], [ -1.1043789, 47.7823971 ], [ -1.0988487, 47.7819159 ], [ -1.0962301, 47.7815452 ], [ -1.0945311, 47.7817426 ], [ -1.0933923, 47.7820257 ], [ -1.0926853, 47.781352899999987 ], [ -1.0910329, 47.7809754 ], [ -1.090672, 47.7806987 ], [ -1.0899732, 47.7803752 ], [ -1.0898138, 47.7801978 ], [ -1.0898972, 47.7800651 ], [ -1.0896279, 47.779623 ], [ -1.0897535, 47.7792563 ], [ -1.0881294, 47.7785849 ], [ -1.0880269, 47.7784506 ], [ -1.087437, 47.7782044 ], [ -1.0871292, 47.7782007 ], [ -1.0864472, 47.7778343 ], [ -1.0861094, 47.7774748 ], [ -1.0861963, 47.777214 ], [ -1.0865181, 47.7768774 ], [ -1.0867173, 47.7761468 ], [ -1.085755, 47.7762209 ], [ -1.0849306, 47.7760713 ], [ -1.0840518, 47.7758217 ], [ -1.0824023, 47.7750771 ], [ -1.0807951, 47.7747447 ], [ -1.075393, 47.7744544 ] ] ] ] } },
{ "type": "Feature", "properties": { "code_departement": 53.0, "code_rne": "0530779J", "multisecteur": 0.0 }, "geometry": { "type": "MultiPolygon", "coordinates": [ [ [ [ -0.6901935, 47.8197523 ], [ -0.6901517, 47.8193341 ], [ -0.6891822, 47.8186788 ], [ -0.6889573, 47.8183399 ], [ -0.6884765, 47.8185235 ], [ -0.688006, 47.8188815 ], [ -0.6884844, 47.8194817 ], [ -0.6887571, 47.8195535 ], [ -0.6888481, 47.8196872 ], [ -0.6887602, 47.8199376 ], [ -0.689037, 47.8202605 ], [ -0.6901935, 47.8197523 ] ] ], [ [ [ -0.6911356, 47.8220271 ], [ -0.6906875, 47.8213425 ], [ -0.6903827, 47.8212726 ], [ -0.6902439, 47.8211411 ], [ -0.6903982, 47.8209466 ], [ -0.6902119, 47.819914 ], [ -0.6894095, 47.8202144 ], [ -0.6893799, 47.8203684 ], [ -0.6891767, 47.8204444 ], [ -0.6892368, 47.8206818 ], [ -0.6896372, 47.8207379 ], [ -0.6897553, 47.8208511 ], [ -0.6896901, 47.8210163 ], [ -0.689789, 47.8214689 ], [ -0.6906514, 47.8221103 ], [ -0.6911356, 47.8220271 ] ] ], [ [ [ -0.6948982, 47.8204015 ], [ -0.6931531, 47.8204932 ], [ -0.6937141, 47.8215743 ], [ -0.6944724, 47.8216846 ], [ -0.6944706, 47.8212598 ], [ -0.6949625, 47.8209367 ], [ -0.6950464, 47.8205801 ], [ -0.6948982, 47.8204015 ] ] ], [ [ [ -0.6930371, 47.821669 ], [ -0.6933109, 47.8210772 ], [ -0.6928189, 47.8215364 ], [ -0.6930371, 47.821669 ] ] ], [ [ [ -0.6923504, 47.8223455 ], [ -0.6925019, 47.8223665 ], [ -0.6924299, 47.822222 ], [ -0.6922339, 47.8221884 ], [ -0.6923504, 47.8223455 ] ] ], [ [ [ -0.6916899, 47.822374 ], [ -0.6912449, 47.8220993 ], [ -0.6910725, 47.8224122 ], [ -0.6912624, 47.822531 ], [ -0.6916899, 47.822374 ] ] ], [ [ [ -0.6857869, 47.8226839 ], [ -0.685611, 47.822507 ], [ -0.6852266, 47.8226824 ], [ -0.6858782, 47.823009 ], [ -0.6857869, 47.8226839 ] ] ], [ [ [ -0.6855813, 47.8244526 ], [ -0.6855737, 47.8245112 ], [ -0.6862372, 47.8248111 ], [ -0.686374, 47.8248092 ], [ -0.6863355, 47.8245113 ], [ -0.6859741, 47.824453 ], [ -0.6856913, 47.8243104 ], [ -0.6853995, 47.8240372 ], [ -0.6847228, 47.8240131 ], [ -0.6844183, 47.8240822 ], [ -0.6844534, 47.8242476 ], [ -0.6839849, 47.8244104 ], [ -0.684094, 47.8246376 ], [ -0.6849135, 47.8247625 ], [ -0.6848202, 47.8243881 ], [ -0.685085, 47.8243289 ], [ -0.6851099, 47.8244229 ], [ -0.6853287, 47.8243819 ], [ -0.6853429, 47.8244689 ], [ -0.6855813, 47.8244526 ] ], [ [ -0.6843818, 47.8245222 ], [ -0.6844613, 47.8242691 ], [ -0.6847573, 47.8243565 ], [ -0.6843818, 47.8245222 ] ] ], [ [ [ -0.6775882, 47.8144788 ], [ -0.6769688, 47.8141572 ], [ -0.6766665, 47.8144048 ], [ -0.6766158, 47.8145672 ], [ -0.6764015, 47.8145215 ], [ -0.6762645, 47.8143167 ], [ -0.675945, 47.8142431 ], [ -0.6768315, 47.8139054 ], [ -0.6771741, 47.803880899999989 ], [ -0.6768693, 47.8017692 ], [ -0.6760985, 47.8005437 ], [ -0.6753136, 47.7999458 ], [ -0.672521, 47.7984873 ], [ -0.6715735, 47.7977602 ], [ -0.6703211, 47.7965092 ], [ -0.669639, 47.7955377 ], [ -0.6689692, 47.7942811 ], [ -0.6686501, 47.7927558 ], [ -0.6687263, 47.7908379 ], [ -0.6677366, 47.7909491 ], [ -0.6669315, 47.7909076 ], [ -0.6658473, 47.7905028 ], [ -0.6656949, 47.7903481 ], [ -0.6644521, 47.7899878 ], [ -0.6643083, 47.789822 ], [ -0.6639285, 47.7898393 ], [ -0.6629744, 47.7894592 ], [ -0.6627506, 47.7894518 ], [ -0.6623623, 47.7892486 ], [ -0.661195, 47.7890725 ], [ -0.6607056, 47.789168 ], [ -0.6603125, 47.7890127 ], [ -0.6600651, 47.7891475 ], [ -0.6596845, 47.7891729 ], [ -0.6592825, 47.7893548 ], [ -0.6587957, 47.78978 ], [ -0.6579867, 47.789953 ], [ -0.6575845, 47.7902683 ], [ -0.6573803, 47.790681 ], [ -0.6571969, 47.7906976 ], [ -0.6568359, 47.7905422 ], [ -0.6562541, 47.7909658 ], [ -0.655499, 47.792021 ], [ -0.6548223, 47.792544 ], [ -0.6541927, 47.7937142 ], [ -0.6542291, 47.7941653 ], [ -0.6541543, 47.7942632 ], [ -0.6536734, 47.7944061 ], [ -0.6530266, 47.7944506 ], [ -0.6525155, 47.794699 ], [ -0.6522015, 47.7950134 ], [ -0.6509644, 47.7955943 ], [ -0.650535, 47.7968376 ], [ -0.6503471, 47.7970218 ], [ -0.6505932, 47.7972952 ], [ -0.6505899, 47.7977738 ], [ -0.6504664, 47.798525399999988 ], [ -0.650267, 47.7990101 ], [ -0.6488451, 47.8004068 ], [ -0.6476394, 47.8010957 ], [ -0.647123, 47.800878499999989 ], [ -0.6469364, 47.800868 ], [ -0.6462591, 47.8015613 ], [ -0.6457556, 47.8018238 ], [ -0.6453515, 47.8021706 ], [ -0.6451075, 47.8024945 ], [ -0.6452395, 47.8027219 ], [ -0.6450085, 47.8028057 ], [ -0.644888, 47.802959 ], [ -0.6450889, 47.8032951 ], [ -0.6449304, 47.8035577 ], [ -0.6450073, 47.8038599 ], [ -0.6448035, 47.8046131 ], [ -0.644512, 47.8048871 ], [ -0.6442629, 47.805312 ], [ -0.6432121, 47.8061366 ], [ -0.6425987, 47.8068648 ], [ -0.6422717, 47.8070696 ], [ -0.6408603, 47.8071999 ], [ -0.6400258, 47.807403 ], [ -0.6426609, 47.8107894 ], [ -0.6618343, 47.8170741 ], [ -0.6663348, 47.8167328 ], [ -0.6672929, 47.8162119 ], [ -0.6674736, 47.8155628 ], [ -0.6728303, 47.8151563 ], [ -0.6731684, 47.8150547 ], [ -0.67328, 47.8122705 ], [ -0.6742492, 47.8136771 ], [ -0.6735975, 47.8150767 ], [ -0.6738266, 47.8153991 ], [ -0.6742249, 47.8155475 ], [ -0.6743006, 47.815515 ], [ -0.674338, 47.8151498 ], [ -0.6744528, 47.8151105 ], [ -0.6745092, 47.815192 ], [ -0.6743403, 47.8155013 ], [ -0.6748472, 47.8152973 ], [ -0.6745064, 47.814862399999988 ], [ -0.6745184, 47.8141219 ], [ -0.6748899, 47.81511 ], [ -0.6751443, 47.8150354 ], [ -0.6752806, 47.8144033 ], [ -0.6760435, 47.8147752 ], [ -0.6757998, 47.815134 ], [ -0.6762211, 47.8151423 ], [ -0.6762277, 47.8152234 ], [ -0.676763, 47.8155389 ], [ -0.6773458, 47.8151917 ], [ -0.6767851, 47.8152798 ], [ -0.6767581, 47.8149895 ], [ -0.6763435, 47.8149254 ], [ -0.6766242, 47.8145784 ], [ -0.6772723, 47.8147254 ], [ -0.6775882, 47.8144788 ] ], [ [ -0.67425, 47.8151461 ], [ -0.674061, 47.8152292 ], [ -0.6740326, 47.8150736 ], [ -0.673766, 47.8150838 ], [ -0.6741388, 47.8148489 ], [ -0.67423, 47.8146838 ], [ -0.67425, 47.8151461 ] ] ], [ [ [ -0.6755221, 47.8153649 ], [ -0.6757243, 47.815171 ], [ -0.6756209, 47.8149761 ], [ -0.675545, 47.8151164 ], [ -0.675455, 47.814944 ], [ -0.6753927, 47.8152874 ], [ -0.6755221, 47.8153649 ] ] ], [ [ [ -0.6753121, 47.8150785 ], [ -0.675149, 47.8150785 ], [ -0.6751312, 47.8152228 ], [ -0.6753915, 47.8152868 ], [ -0.6753121, 47.8150785 ] ] ], [ [ [ -0.6774853, 47.8157784 ], [ -0.6771632, 47.8157338 ], [ -0.6773236, 47.8156614 ], [ -0.677171, 47.8154814 ], [ -0.6767745, 47.8155553 ], [ -0.676999, 47.8159181 ], [ -0.6773874, 47.8159494 ], [ -0.6777758, 47.8159025 ], [ -0.6782244, 47.815459499999989 ], [ -0.6779631, 47.8154382 ], [ -0.6774853, 47.8157784 ] ] ], [ [ [ -0.6789539, 47.8177469 ], [ -0.6790453, 47.8176775 ], [ -0.6789772, 47.8171554 ], [ -0.6782741, 47.8169865 ], [ -0.6778905, 47.8176052 ], [ -0.6789539, 47.8177469 ] ] ], [ [ [ -0.6711317, 47.8177167 ], [ -0.6711272, 47.8185723 ], [ -0.6726687, 47.820386899999988 ], [ -0.672562, 47.8209632 ], [ -0.6721615, 47.8217932 ], [ -0.6695088, 47.8228423 ], [ -0.6665105, 47.8192873 ], [ -0.6651992, 47.8228845 ], [ -0.6691053, 47.8242446 ], [ -0.6692533, 47.8246098 ], [ -0.6710593, 47.824253 ], [ -0.6743031, 47.8229037 ], [ -0.6748811, 47.8222318 ], [ -0.6749619, 47.8219245 ], [ -0.6748373, 47.8218183 ], [ -0.6741191, 47.8218112 ], [ -0.6737235, 47.8216915 ], [ -0.672519, 47.8216966 ], [ -0.6733519, 47.8212276 ], [ -0.6737304, 47.8211499 ], [ -0.6742192, 47.8212513 ], [ -0.6747252, 47.8212586 ], [ -0.6748707, 47.8210838 ], [ -0.6759209, 47.8211062 ], [ -0.6763871, 47.8206931 ], [ -0.6764807, 47.8205004 ], [ -0.6764107, 47.8204013 ], [ -0.6764761, 47.820127 ], [ -0.6758541, 47.8199282 ], [ -0.675294, 47.8198748 ], [ -0.6748443, 47.8204624 ], [ -0.6735108, 47.8203983 ], [ -0.6735216, 47.8196418 ], [ -0.673289, 47.8193159 ], [ -0.6720243, 47.8179993 ], [ -0.6714378, 47.8177603 ], [ -0.6711317, 47.8177167 ] ], [ [ -0.675619, 47.8208899 ], [ -0.6755372, 47.8205816 ], [ -0.6761093, 47.820794 ], [ -0.675619, 47.8208899 ] ] ], [ [ [ -0.6777652, 47.8221718 ], [ -0.6782669, 47.8223699 ], [ -0.6783594, 47.8219808 ], [ -0.6774805, 47.8216775 ], [ -0.6772058, 47.8212717 ], [ -0.6767229, 47.8214112 ], [ -0.6763305, 47.8217251 ], [ -0.6770929, 47.8219821 ], [ -0.6771003, 47.8221149 ], [ -0.6777652, 47.8221718 ] ] ], [ [ [ -0.6837008, 47.8238473 ], [ -0.6824863, 47.8233302 ], [ -0.6821156, 47.8229063 ], [ -0.6814784, 47.8227816 ], [ -0.6809134, 47.8224394 ], [ -0.6807533, 47.8224284 ], [ -0.6803187, 47.8225847 ], [ -0.6802814, 47.8228918 ], [ -0.6803657, 47.8230154 ], [ -0.6805711, 47.8227935 ], [ -0.680856, 47.8228969 ], [ -0.6807595, 47.8231946 ], [ -0.680966, 47.8230391 ], [ -0.6809823, 47.8229258 ], [ -0.68123, 47.822996 ], [ -0.6810982, 47.823037299999989 ], [ -0.6811203, 47.8232272 ], [ -0.6812316, 47.8231531 ], [ -0.681449, 47.8232896 ], [ -0.6815007, 47.8232076 ], [ -0.6818681, 47.8232854 ], [ -0.6818142, 47.8233622 ], [ -0.6819638, 47.8234838 ], [ -0.6821158, 47.823479399999989 ], [ -0.6821275, 47.8237089 ], [ -0.6823534, 47.8237325 ], [ -0.6822478, 47.8240677 ], [ -0.6825316, 47.8238568 ], [ -0.6827763, 47.8238059 ], [ -0.682873, 47.823923099999988 ], [ -0.6827346, 47.8239566 ], [ -0.6826173, 47.8242209 ], [ -0.6828857, 47.8241984 ], [ -0.6829972, 47.824023 ], [ -0.6836621, 47.8241825 ], [ -0.6837008, 47.8238473 ] ] ], [ [ [ -0.6771858, 47.8274941 ], [ -0.6768533, 47.827062 ], [ -0.6763898, 47.8276731 ], [ -0.6765383, 47.8277711 ], [ -0.6768998, 47.8277725 ], [ -0.6770357, 47.8279147 ], [ -0.6773264, 47.8278825 ], [ -0.6770631, 47.827716099999989 ], [ -0.6771858, 47.8274941 ] ] ], [ [ [ -0.7027072, 47.8468087 ], [ -0.7020919, 47.847448 ], [ -0.6999346, 47.8490469 ], [ -0.6993277, 47.8496544 ], [ -0.6986535, 47.8507938 ], [ -0.6981071, 47.8519445 ], [ -0.6964276, 47.8548932 ], [ -0.6958268, 47.8564537 ], [ -0.6947048, 47.8587991 ], [ -0.6939622, 47.8609606 ], [ -0.6937306, 47.8621535 ], [ -0.6937637, 47.8625138 ], [ -0.6940295, 47.8632172 ], [ -0.6948413, 47.8648016 ], [ -0.695367, 47.8648716 ], [ -0.6973049, 47.8690892 ], [ -0.6981578, 47.869993 ], [ -0.699477, 47.8706686 ], [ -0.7020914, 47.871214 ], [ -0.7039811, 47.8727536 ], [ -0.7045205, 47.8733645 ], [ -0.7047018, 47.8740237 ], [ -0.7046941, 47.8746997 ], [ -0.7045151, 47.8757045 ], [ -0.7030396, 47.8789919 ], [ -0.7025006, 47.8796936 ], [ -0.7016878, 47.8804626 ], [ -0.700401, 47.881351 ], [ -0.6993365, 47.8818351 ], [ -0.6987175, 47.8824087 ], [ -0.6980152, 47.8835552 ], [ -0.6975536, 47.8851185 ], [ -0.6969225, 47.8863845 ], [ -0.6963398, 47.8871542 ], [ -0.6947007, 47.8888141 ], [ -0.6942171, 47.8897185 ], [ -0.693533, 47.8901861 ], [ -0.692023, 47.8905859 ], [ -0.6914428, 47.8909303 ], [ -0.6909084, 47.8914507 ], [ -0.6905273, 47.8921546 ], [ -0.6902952, 47.8929395 ], [ -0.6900543, 47.8945796 ], [ -0.689768, 47.8952976 ], [ -0.6897424, 47.8956615 ], [ -0.6899195, 47.8959938 ], [ -0.690527, 47.8966567 ], [ -0.6912432, 47.8971306 ], [ -0.6929258, 47.8979768 ], [ -0.6949794, 47.9002051 ], [ -0.6959821, 47.9014438 ], [ -0.696713, 47.902165 ], [ -0.6980047, 47.9030126 ], [ -0.7010772, 47.9043987 ], [ -0.7019408, 47.9048688 ], [ -0.7031852, 47.9059576 ], [ -0.7043434, 47.9068093 ], [ -0.7063467, 47.9077876 ], [ -0.7088464, 47.90887 ], [ -0.7100788, 47.9095346 ], [ -0.7155104, 47.9100944 ], [ -0.7178935, 47.9106559 ], [ -0.720177, 47.9109809 ], [ -0.7215848, 47.9113534 ], [ -0.7232955, 47.9121289 ], [ -0.724456, 47.9130822 ], [ -0.7262796, 47.9140505 ], [ -0.7275817, 47.9152246 ], [ -0.7279428, 47.9156141 ], [ -0.7296409, 47.9184927 ], [ -0.7301093, 47.9190932 ], [ -0.7313358, 47.9203138 ], [ -0.7318163, 47.9210481 ], [ -0.732147, 47.9226422 ], [ -0.7321315, 47.9230319 ], [ -0.7318038, 47.9236324 ], [ -0.7267091, 47.9278891 ], [ -0.7258902, 47.928826 ], [ -0.7249627, 47.9302411 ], [ -0.7240797, 47.9318701 ], [ -0.7236138, 47.9322218 ], [ -0.7223886, 47.9325292 ], [ -0.7212105, 47.9326106 ], [ -0.7170804, 47.9325595 ], [ -0.7146619, 47.9322144 ], [ -0.713828, 47.9319263 ], [ -0.7130451, 47.931352 ], [ -0.711689, 47.9305759 ], [ -0.7098986, 47.9291657 ], [ -0.7093429, 47.9289265 ], [ -0.7090753, 47.9288944 ], [ -0.7081914, 47.92908 ], [ -0.7073395, 47.9295493 ], [ -0.7061268, 47.9304011 ], [ -0.7058941, 47.9306959 ], [ -0.70582, 47.931037 ], [ -0.7058428, 47.9316885 ], [ -0.7059822, 47.9321869 ], [ -0.7066618, 47.9332979 ], [ -0.7082332, 47.9346231 ], [ -0.70878, 47.9352527 ], [ -0.70896, 47.9384399 ], [ -0.7091189, 47.9390052 ], [ -0.7093557, 47.939496 ], [ -0.7113366, 47.9420515 ], [ -0.7114931, 47.9425628 ], [ -0.7114808, 47.9430776 ], [ -0.7118593, 47.9436377 ], [ -0.7129046, 47.9445867 ], [ -0.7136391, 47.9449257 ], [ -0.7150101, 47.9453355 ], [ -0.7161613, 47.9455757 ], [ -0.7167136, 47.9456681 ], [ -0.7188604, 47.945801 ], [ -0.7194635, 47.9461216 ], [ -0.7197301, 47.9465384 ], [ -0.7199672, 47.9476228 ], [ -0.71986, 47.9501083 ], [ -0.7200084, 47.9516694 ], [ -0.7199302, 47.952772 ], [ -0.7196565, 47.9533626 ], [ -0.7195047, 47.9542188 ], [ -0.7195308, 47.9551838 ], [ -0.7197169, 47.9557338 ], [ -0.7203798, 47.956311 ], [ -0.7213402, 47.9567905 ], [ -0.7227805, 47.9571881 ], [ -0.7243705, 47.9573305 ], [ -0.7256972, 47.9576768 ], [ -0.7270683, 47.9584441 ], [ -0.7285021, 47.9594734 ], [ -0.7292932, 47.9601357 ], [ -0.7296878, 47.9606728 ], [ -0.7299078, 47.9617785 ], [ -0.7298469, 47.9634291 ], [ -0.7296363, 47.9640773 ], [ -0.7290599, 47.9648262 ], [ -0.7276086, 47.9659543 ], [ -0.7266497, 47.9665118 ], [ -0.7245613, 47.9673555 ], [ -0.7235191, 47.9676246 ], [ -0.7226474, 47.9681063 ], [ -0.7211813, 47.9693699 ], [ -0.7204712, 47.9697077 ], [ -0.72017, 47.9701956 ], [ -0.7201931, 47.9704859 ], [ -0.7203708, 47.9707424 ], [ -0.7210566, 47.9711865 ], [ -0.7220639, 47.9715645 ], [ -0.7235948, 47.9719674 ], [ -0.7245591, 47.972362 ], [ -0.7252211, 47.9728104 ], [ -0.7257607, 47.9737285 ], [ -0.7258875, 47.9742344 ], [ -0.725821, 47.9755023 ], [ -0.7256801, 47.9761707 ], [ -0.7258284, 47.9769814 ], [ -0.726337, 47.9777644 ], [ -0.726969, 47.9785092 ], [ -0.7273251, 47.9788592 ], [ -0.728671, 47.9798328 ], [ -0.7290637, 47.9802644 ], [ -0.7292383, 47.9805905 ], [ -0.7293364, 47.981527 ], [ -0.7299207, 47.9814787 ], [ -0.730196, 47.9813853 ], [ -0.7309116, 47.9808959 ], [ -0.7312791, 47.980226599999988 ], [ -0.7318883, 47.9797892 ], [ -0.7320031, 47.9794756 ], [ -0.7322652, 47.9792529 ], [ -0.7322969, 47.978751 ], [ -0.732408, 47.9786141 ], [ -0.7337338, 47.9777206 ], [ -0.7346509, 47.9772725 ], [ -0.7352714, 47.9770906 ], [ -0.7361127, 47.9769774 ], [ -0.7365875, 47.976974 ], [ -0.7370322, 47.977059 ], [ -0.7379786, 47.9769892 ], [ -0.7391389, 47.9765847 ], [ -0.7394555, 47.9761278 ], [ -0.739878, 47.9760873 ], [ -0.7376991, 47.9729124 ], [ -0.7395345, 47.9700431 ], [ -0.7411712, 47.9687882 ], [ -0.7422681, 47.9676406 ], [ -0.742136, 47.9673277 ], [ -0.7427817, 47.9668972 ], [ -0.7427718, 47.9664524 ], [ -0.7442759, 47.9655081 ], [ -0.7458604, 47.9637458 ], [ -0.7460981, 47.9638436 ], [ -0.7515819, 47.9635785 ], [ -0.7528442, 47.9634085 ], [ -0.7583534, 47.9623665 ], [ -0.7614749, 47.9609305 ], [ -0.7571144, 47.9589105 ], [ -0.756768, 47.9586792 ], [ -0.7564846, 47.9582756 ], [ -0.7555756, 47.954609 ], [ -0.7562462, 47.9524892 ], [ -0.756209, 47.9521165 ], [ -0.755359, 47.9507003 ], [ -0.7532402, 47.9435244 ], [ -0.7520307, 47.9417242 ], [ -0.7498448, 47.9360143 ], [ -0.7473488, 47.9337452 ], [ -0.7452689, 47.931042 ], [ -0.7447885, 47.9310745 ], [ -0.7444221, 47.9308591 ], [ -0.7441435, 47.9302941 ], [ -0.7423225, 47.9304765 ], [ -0.741718, 47.93063 ], [ -0.7420095, 47.9292512 ], [ -0.7420483, 47.9283382 ], [ -0.7439664, 47.9283735 ], [ -0.7437943, 47.9279294 ], [ -0.7442606, 47.9278325 ], [ -0.7452548, 47.927863 ], [ -0.7457121, 47.9280556 ], [ -0.7459862, 47.9280072 ], [ -0.7461685, 47.9282158 ], [ -0.7464248, 47.9282572 ], [ -0.7463101, 47.92836 ], [ -0.7463659, 47.9284483 ], [ -0.7468269, 47.9285219 ], [ -0.7470545, 47.9286506 ], [ -0.7474262, 47.9285424 ], [ -0.7476496, 47.928592 ], [ -0.7478999, 47.92853 ], [ -0.7483922, 47.9287431 ], [ -0.748563, 47.9286746 ], [ -0.7486738, 47.9284782 ], [ -0.7489562, 47.9285106 ], [ -0.7491396, 47.9282597 ], [ -0.7493372, 47.9282867 ], [ -0.7496291, 47.9282062 ], [ -0.7498995, 47.9279544 ], [ -0.7506214, 47.9280205 ], [ -0.7506816, 47.9279618 ], [ -0.7506001, 47.9278527 ], [ -0.7511476, 47.9277838 ], [ -0.7517971, 47.9278316 ], [ -0.7519754, 47.9276988 ], [ -0.7521238, 47.9277689 ], [ -0.7521714, 47.9279124 ], [ -0.7523462, 47.9278618 ], [ -0.752882, 47.9280645 ], [ -0.7530795, 47.9280149 ], [ -0.7532975, 47.9280827 ], [ -0.7533984, 47.9279741 ], [ -0.7536442, 47.9279617 ], [ -0.7540628, 47.9281186 ], [ -0.7543112, 47.9281053 ], [ -0.7548136, 47.9283099 ], [ -0.7550192, 47.9285052 ], [ -0.7550875, 47.9288264 ], [ -0.7553439, 47.9289065 ], [ -0.7550307, 47.929065199999989 ], [ -0.7556631, 47.929818 ], [ -0.7559962, 47.9296569 ], [ -0.7568972, 47.92962 ], [ -0.7568372, 47.9292462 ], [ -0.7563602, 47.9285308 ], [ -0.7561456, 47.9283962 ], [ -0.7560539, 47.9280865 ], [ -0.7563837, 47.9276894 ], [ -0.7568545, 47.9266896 ], [ -0.7566344, 47.9266101 ], [ -0.7569089, 47.9262473 ], [ -0.7582528, 47.9252925 ], [ -0.7597244, 47.9239849 ], [ -0.7608636, 47.9234519 ], [ -0.76275, 47.9218706 ], [ -0.7631899, 47.9215917 ], [ -0.7614085, 47.919738699999989 ], [ -0.7609369, 47.9193637 ], [ -0.7605183, 47.9186392 ], [ -0.7600752, 47.9181173 ], [ -0.7593692, 47.9165524 ], [ -0.7598438, 47.9161389 ], [ -0.7598218, 47.9157531 ], [ -0.7595583, 47.9155715 ], [ -0.7592736, 47.9144859 ], [ -0.7596732, 47.9142614 ], [ -0.7592676, 47.9133608 ], [ -0.7596751, 47.9133621 ], [ -0.7604903, 47.9129513 ], [ -0.7602221, 47.9126463 ], [ -0.759951, 47.9118468 ], [ -0.7596738, 47.9117179 ], [ -0.7600294, 47.9103811 ], [ -0.761039, 47.910747 ], [ -0.761265, 47.910911 ], [ -0.7615221, 47.9096603 ], [ -0.7616943, 47.9094628 ], [ -0.7630566, 47.9098697 ], [ -0.7633099, 47.9089065 ], [ -0.7633542, 47.9082474 ], [ -0.7635828, 47.9078418 ], [ -0.7634589, 47.9076638 ], [ -0.7634162, 47.9072885 ], [ -0.7635369, 47.906817 ], [ -0.7642125, 47.9056493 ], [ -0.7665548, 47.9054048 ], [ -0.7664588, 47.9047132 ], [ -0.7678954, 47.9043382 ], [ -0.7702467, 47.9041636 ], [ -0.7701241, 47.9024755 ], [ -0.7706431, 47.9017281 ], [ -0.7738299, 47.9009445 ], [ -0.7751027, 47.900699 ], [ -0.7760554, 47.9006233 ], [ -0.7782258, 47.9010535 ], [ -0.7678899, 47.8912794 ], [ -0.7686957, 47.8900444 ], [ -0.7698402, 47.888957 ], [ -0.7702008, 47.8888292 ], [ -0.7719926, 47.8886329 ], [ -0.7720345, 47.8884306 ], [ -0.7722886, 47.8883116 ], [ -0.7723471, 47.8880601 ], [ -0.7725606, 47.8878794 ], [ -0.7725781, 47.8875409 ], [ -0.773597, 47.8871766 ], [ -0.7746689, 47.8870863 ], [ -0.7754912, 47.886839 ], [ -0.7760621, 47.8867486 ], [ -0.7781415, 47.8867177 ], [ -0.7798501, 47.8874609 ], [ -0.780655, 47.8874025 ], [ -0.7817447, 47.8874864 ], [ -0.7822259, 47.8875853 ], [ -0.7826588, 47.8877758 ], [ -0.7837107, 47.888833 ], [ -0.7832245, 47.8891163 ], [ -0.7831042, 47.8893445 ], [ -0.7837202, 47.8894923 ], [ -0.7841267, 47.889781899999988 ], [ -0.7845933, 47.8903705 ], [ -0.785113, 47.8904069 ], [ -0.786081, 47.8902495 ], [ -0.7862788, 47.8907504 ], [ -0.7867406, 47.8911761 ], [ -0.7863382, 47.8915819 ], [ -0.787396, 47.891819 ], [ -0.7908319, 47.8920396 ], [ -0.79219, 47.8919407 ], [ -0.7926854, 47.8921247 ], [ -0.7939589, 47.8920052 ], [ -0.7962399, 47.8919981 ], [ -0.7990753, 47.8913341 ], [ -0.7997324, 47.8912867 ], [ -0.8013598, 47.8916385 ], [ -0.8023888, 47.8919395 ], [ -0.8028442, 47.891995 ], [ -0.8033878, 47.8925135 ], [ -0.8041606, 47.8927542 ], [ -0.8052915, 47.8927563 ], [ -0.8065266, 47.8926423 ], [ -0.8074658, 47.8930173 ], [ -0.8069489, 47.8935999 ], [ -0.8065486, 47.8942562 ], [ -0.8057052, 47.894826 ], [ -0.8056189, 47.8954532 ], [ -0.8058112, 47.8956128 ], [ -0.8061831, 47.8957169 ], [ -0.8068487, 47.8962558 ], [ -0.807048, 47.8969971 ], [ -0.8062463, 47.8977377 ], [ -0.8059432, 47.8981448 ], [ -0.8059064, 47.8983416 ], [ -0.8064136, 47.8985386 ], [ -0.8087973, 47.8990442 ], [ -0.8105637, 47.9006925 ], [ -0.8114768, 47.9010178 ], [ -0.8133379, 47.9019863 ], [ -0.8137729, 47.9021299 ], [ -0.8143994, 47.9021203 ], [ -0.8154228, 47.9015951 ], [ -0.8160626, 47.9015292 ], [ -0.8171953, 47.9012572 ], [ -0.819484, 47.9017603 ], [ -0.8199848, 47.9026306 ], [ -0.8206629, 47.903041 ], [ -0.8217556, 47.9033469 ], [ -0.8223744, 47.9036782 ], [ -0.8230483, 47.904532 ], [ -0.8234775, 47.9048352 ], [ -0.8237169, 47.904885 ], [ -0.8244082, 47.9046228 ], [ -0.825416, 47.9043828 ], [ -0.8267547, 47.9042346 ], [ -0.8274538, 47.9042469 ], [ -0.8289492, 47.904563 ], [ -0.8317251, 47.904331 ], [ -0.8343989, 47.9038184 ], [ -0.8357241, 47.9052266 ], [ -0.8360269, 47.9062087 ], [ -0.8362467, 47.9064313 ], [ -0.8369363, 47.9068313 ], [ -0.8379495, 47.9055359 ], [ -0.8381468, 47.9054853 ], [ -0.8382853, 47.9055654 ], [ -0.83851, 47.9052815 ], [ -0.8388863, 47.904278 ], [ -0.839681, 47.9030942 ], [ -0.8402577, 47.9029528 ], [ -0.8408277, 47.903145 ], [ -0.842078, 47.903405899999989 ], [ -0.842723, 47.9033938 ], [ -0.8434411, 47.9031873 ], [ -0.8444497, 47.9030336 ], [ -0.8460041, 47.9025907 ], [ -0.8463982, 47.9023714 ], [ -0.8466661, 47.9020184 ], [ -0.8474929, 47.9015021 ], [ -0.8475427, 47.9010797 ], [ -0.8474612, 47.9007868 ], [ -0.8471248, 47.9000103 ], [ -0.8465729, 47.8993094 ], [ -0.8464852, 47.8988212 ], [ -0.8465293, 47.898376399999989 ], [ -0.8473885, 47.8969399 ], [ -0.847399, 47.8962161 ], [ -0.8470241, 47.8959049 ], [ -0.846294, 47.8957036 ], [ -0.845104, 47.8950524 ], [ -0.8442693, 47.8947563 ], [ -0.8443987, 47.8945448 ], [ -0.8441284, 47.8941238 ], [ -0.8441125, 47.8938315 ], [ -0.8445636, 47.8931968 ], [ -0.844622, 47.8928742 ], [ -0.8443461, 47.8925426 ], [ -0.8435908, 47.8920294 ], [ -0.8431962, 47.8899294 ], [ -0.8439017, 47.8890719 ], [ -0.841499, 47.8885434 ], [ -0.8408012, 47.8881382 ], [ -0.8392398, 47.8877379 ], [ -0.8385735, 47.8873425 ], [ -0.838162, 47.8867649 ], [ -0.8376091, 47.8866217 ], [ -0.8373637, 47.8863766 ], [ -0.833979, 47.8840643 ], [ -0.833552, 47.883735 ], [ -0.8335179, 47.8835217 ], [ -0.8318529, 47.8829472 ], [ -0.8313078, 47.8825766 ], [ -0.8308499, 47.8823933 ], [ -0.8303437, 47.8819314 ], [ -0.8302234, 47.8816569 ], [ -0.8304556, 47.8808646 ], [ -0.8308424, 47.8805266 ], [ -0.830359, 47.8802496 ], [ -0.8311612, 47.8792836 ], [ -0.8315577, 47.8786165 ], [ -0.8316422, 47.878284 ], [ -0.8316675, 47.877856 ], [ -0.8314362, 47.877415799999987 ], [ -0.8308215, 47.8774539 ], [ -0.8305867, 47.8772813 ], [ -0.830608, 47.8769815 ], [ -0.8309808, 47.8767288 ], [ -0.8308561, 47.8765229 ], [ -0.8309207, 47.8762856 ], [ -0.8316358, 47.8758207 ], [ -0.8316803, 47.8752687 ], [ -0.8326984, 47.8747705 ], [ -0.833269, 47.8739554 ], [ -0.8340122, 47.8734175 ], [ -0.8343692, 47.8737239 ], [ -0.8346709, 47.8737293 ], [ -0.8348171, 47.8736029 ], [ -0.8346761, 47.8734679 ], [ -0.8347707, 47.8732755 ], [ -0.8353292, 47.8731086 ], [ -0.8357397, 47.8727663 ], [ -0.836304, 47.8726073 ], [ -0.8370123, 47.8721408 ], [ -0.8387695, 47.8711994 ], [ -0.8391797, 47.8712229 ], [ -0.83965, 47.871394 ], [ -0.8407887, 47.8712873 ], [ -0.8417768, 47.8704332 ], [ -0.8420805, 47.870317799999988 ], [ -0.8423039, 47.8698708 ], [ -0.8425997, 47.8697205 ], [ -0.8430261, 47.869821 ], [ -0.8433951, 47.8697566 ], [ -0.8439454, 47.8700522 ], [ -0.8445109, 47.8705193 ], [ -0.8449343, 47.8705406 ], [ -0.8450342, 47.8706265 ], [ -0.8449369, 47.8707982 ], [ -0.8450782, 47.8710305 ], [ -0.8447998, 47.8711613 ], [ -0.8448789, 47.8712731 ], [ -0.8455013, 47.8713068 ], [ -0.8457272, 47.8710597 ], [ -0.8456946, 47.8713869 ], [ -0.8460441, 47.8714232 ], [ -0.8466473, 47.871043 ], [ -0.8466562, 47.8707589 ], [ -0.8464102, 47.8706913 ], [ -0.8464038, 47.8704176 ], [ -0.8462694, 47.8702814 ], [ -0.8463291, 47.8701623 ], [ -0.8465906, 47.8701682 ], [ -0.846737, 47.870303 ], [ -0.8471405, 47.8703646 ], [ -0.8472683, 47.869762099999988 ], [ -0.8475825, 47.8694779 ], [ -0.8477663, 47.8694466 ], [ -0.8479384, 47.8695292 ], [ -0.8479923, 47.869331 ], [ -0.8481713, 47.8692873 ], [ -0.84866, 47.8695822 ], [ -0.8491572, 47.8695136 ], [ -0.8497102, 47.869199 ], [ -0.8495222, 47.8688781 ], [ -0.8500625, 47.8687207 ], [ -0.8505669, 47.868399499999988 ], [ -0.8519037, 47.8682935 ], [ -0.8523534, 47.8684012 ], [ -0.8537723, 47.8685042 ], [ -0.854249, 47.8686705 ], [ -0.8545275, 47.868264 ], [ -0.8548026, 47.8682532 ], [ -0.8548845, 47.8681829 ], [ -0.85487, 47.8676328 ], [ -0.8546682, 47.8674899 ], [ -0.8541931, 47.8674568 ], [ -0.8539322, 47.8673122 ], [ -0.8542091, 47.8668472 ], [ -0.8538938, 47.8667837 ], [ -0.8536929, 47.8662857 ], [ -0.8541006, 47.8655379 ], [ -0.85403, 47.8651366 ], [ -0.8544979, 47.8649049 ], [ -0.8549833, 47.8649881 ], [ -0.8550474, 47.8648004 ], [ -0.8549269, 47.864653 ], [ -0.8550414, 47.8645708 ], [ -0.8555303, 47.8645917 ], [ -0.8558056, 47.8647133 ], [ -0.8561592, 47.8645854 ], [ -0.8566362, 47.8645706 ], [ -0.8572083, 47.8649257 ], [ -0.8573415, 47.8648979 ], [ -0.857546, 47.8646894 ], [ -0.8582612, 47.8648947 ], [ -0.8587976, 47.8648509 ], [ -0.8588742, 47.8647439 ], [ -0.8587434, 47.8643805 ], [ -0.8592118, 47.8643958 ], [ -0.859951, 47.864230899999988 ], [ -0.8599234, 47.8641083 ], [ -0.8596094, 47.863861 ], [ -0.8597263, 47.8636823 ], [ -0.8597115, 47.8634783 ], [ -0.8592981, 47.8630963 ], [ -0.8596043, 47.8627952 ], [ -0.860642, 47.8622609 ], [ -0.8612349, 47.8623126 ], [ -0.8618449, 47.8619915 ], [ -0.8629243, 47.8618478 ], [ -0.8631428, 47.8621083 ], [ -0.8634785, 47.8622873 ], [ -0.8638278, 47.8627453 ], [ -0.8652165, 47.8631338 ], [ -0.8663204, 47.863821 ], [ -0.8672151, 47.8637509 ], [ -0.8679115, 47.8634216 ], [ -0.8691095, 47.8633433 ], [ -0.8705658, 47.8630781 ], [ -0.8715381, 47.8630072 ], [ -0.8715014, 47.8613099 ], [ -0.8715894, 47.8609926 ], [ -0.8709616, 47.8607745 ], [ -0.8706207, 47.8605253 ], [ -0.8704824, 47.8603722 ], [ -0.8704825, 47.859952299999989 ], [ -0.8698655, 47.8595879 ], [ -0.8708475, 47.8587509 ], [ -0.8725081, 47.8567542 ], [ -0.8724128, 47.8560725 ], [ -0.8714219, 47.8560152 ], [ -0.8701027, 47.8551261 ], [ -0.8702779, 47.8548122 ], [ -0.8706771, 47.8545953 ], [ -0.8706092, 47.8543606 ], [ -0.870976, 47.853296 ], [ -0.8714912, 47.8532006 ], [ -0.8720101, 47.8525689 ], [ -0.8724564, 47.852392 ], [ -0.8727588, 47.8517477 ], [ -0.8727683, 47.8515293 ], [ -0.8725689, 47.8513097 ], [ -0.8722876, 47.8513073 ], [ -0.8720586, 47.8514347 ], [ -0.8718694, 47.8514103 ], [ -0.8717456, 47.8509422 ], [ -0.8721425, 47.8507868 ], [ -0.8723114, 47.8506055 ], [ -0.8740328, 47.8497043 ], [ -0.8765028, 47.8487522 ], [ -0.8775784, 47.848194 ], [ -0.8799122, 47.8472112 ], [ -0.8803132, 47.8468744 ], [ -0.8804035, 47.8464974 ], [ -0.8810462, 47.8459869 ], [ -0.8811949, 47.8454764 ], [ -0.8821083, 47.8453363 ], [ -0.8822703, 47.8452273 ], [ -0.8823901, 47.845035 ], [ -0.882447, 47.8445132 ], [ -0.8809462, 47.844453799999989 ], [ -0.8809646, 47.843845 ], [ -0.879803, 47.8434266 ], [ -0.8780627, 47.8423047 ], [ -0.8775691, 47.8418687 ], [ -0.876877, 47.8414825 ], [ -0.8741531, 47.8409112 ], [ -0.8743474, 47.8399784 ], [ -0.8738801, 47.8395731 ], [ -0.8741689, 47.8391833 ], [ -0.8740877, 47.8388589 ], [ -0.873702, 47.8383418 ], [ -0.8731118, 47.8379378 ], [ -0.8729773, 47.8374151 ], [ -0.8717295, 47.8370788 ], [ -0.8704482, 47.8368886 ], [ -0.8695436, 47.8369446 ], [ -0.8694947, 47.8368057 ], [ -0.8688754, 47.8363702 ], [ -0.869138, 47.8351243 ], [ -0.8688553, 47.8348624 ], [ -0.8669268, 47.833925 ], [ -0.8666428, 47.8336631 ], [ -0.8666414, 47.8311807 ], [ -0.8651073, 47.8314124 ], [ -0.8648321, 47.830204099999989 ], [ -0.8644139, 47.8301945 ], [ -0.8641582, 47.8287396 ], [ -0.8633487, 47.8283914 ], [ -0.8628119, 47.8279838 ], [ -0.8626952, 47.8277768 ], [ -0.8626893, 47.8271444 ], [ -0.8613084, 47.8269422 ], [ -0.8610406, 47.8257967 ], [ -0.8606398, 47.8252161 ], [ -0.8605298, 47.8238681 ], [ -0.8583789, 47.8235271 ], [ -0.8583624, 47.8216039 ], [ -0.858935, 47.8200739 ], [ -0.8563644, 47.8195701 ], [ -0.8561563, 47.8200942 ], [ -0.8549761, 47.8197609 ], [ -0.8532624, 47.8190433 ], [ -0.8528558, 47.8176789 ], [ -0.8520876, 47.8176384 ], [ -0.852954, 47.8166349 ], [ -0.8535475, 47.8133066 ], [ -0.8509314, 47.813499 ], [ -0.8502026, 47.8133923 ], [ -0.8452113, 47.8104493 ], [ -0.8456701, 47.809635 ], [ -0.8461733, 47.8090661 ], [ -0.8466757, 47.8078196 ], [ -0.8462424, 47.807395 ], [ -0.8459876, 47.8066663 ], [ -0.8446552, 47.8052025 ], [ -0.8441696, 47.8049238 ], [ -0.8438957, 47.8048715 ], [ -0.8424761, 47.8050695 ], [ -0.8416921, 47.8038445 ], [ -0.8415629, 47.8022601 ], [ -0.8410921, 47.8013718 ], [ -0.8400565, 47.8011616 ], [ -0.8405679, 47.7992624 ], [ -0.8408376, 47.7974974 ], [ -0.8405446, 47.7971249 ], [ -0.8396497, 47.7968254 ], [ -0.839941, 47.7954714 ], [ -0.842274, 47.7946127 ], [ -0.8419904, 47.7943337 ], [ -0.8416142, 47.7935873 ], [ -0.8408299, 47.7930408 ], [ -0.8404498, 47.7926109 ], [ -0.8398676, 47.7921776 ], [ -0.8398006, 47.791176 ], [ -0.8392874, 47.7904945 ], [ -0.8390642, 47.7897918 ], [ -0.8391338, 47.789422699999989 ], [ -0.8430168, 47.7889412 ], [ -0.8443929, 47.7891474 ], [ -0.8455791, 47.789113 ], [ -0.8468816, 47.7888936 ], [ -0.8466453, 47.7879002 ], [ -0.8467609, 47.7865601 ], [ -0.8466647, 47.7860064 ], [ -0.8463145, 47.7857494 ], [ -0.8460422, 47.7856628 ], [ -0.8458362, 47.785365899999988 ], [ -0.845951, 47.7850116 ], [ -0.8463837, 47.7846162 ], [ -0.845872, 47.7839005 ], [ -0.8453738, 47.7827616 ], [ -0.8453945, 47.7822897 ], [ -0.8452245, 47.7814734 ], [ -0.8456093, 47.7811004 ], [ -0.8454929, 47.7808213 ], [ -0.8458865, 47.7803857 ], [ -0.8458466, 47.7802969 ], [ -0.8453876, 47.7802345 ], [ -0.8453003, 47.7801554 ], [ -0.8453283, 47.7797291 ], [ -0.8456529, 47.7794112 ], [ -0.8456375, 47.7791792 ], [ -0.8455764, 47.7790929 ], [ -0.845253, 47.7790567 ], [ -0.8452616, 47.7790104 ], [ -0.8446171, 47.7792668 ], [ -0.844156, 47.779546 ], [ -0.8437033, 47.7796635 ], [ -0.8423065, 47.7791669 ], [ -0.8400059, 47.778818 ], [ -0.8377587, 47.7780771 ], [ -0.8370958, 47.7777835 ], [ -0.8368212, 47.7777573 ], [ -0.8367308, 47.7762447 ], [ -0.8359745, 47.7736545 ], [ -0.8354357, 47.7735793 ], [ -0.8353696, 47.7697149 ], [ -0.8340166, 47.7698583 ], [ -0.8316432, 47.7706623 ], [ -0.8305933, 47.7708021 ], [ -0.8285886, 47.7709182 ], [ -0.8219991, 47.7704181 ], [ -0.816133, 47.771261 ], [ -0.8159342, 47.7695527 ], [ -0.8163335, 47.7688396 ], [ -0.8157144, 47.7687606 ], [ -0.8147404, 47.7673506 ], [ -0.813944, 47.7665512 ], [ -0.8111103, 47.7641592 ], [ -0.8083016, 47.7650445 ], [ -0.806374, 47.7661417 ], [ -0.8052106, 47.765273 ], [ -0.8014908, 47.7655489 ], [ -0.8013046, 47.7650368 ], [ -0.8016756, 47.7637768 ], [ -0.8016109, 47.7635266 ], [ -0.7993844, 47.763507 ], [ -0.7965624, 47.7636463 ], [ -0.7967098, 47.7634271 ], [ -0.7965435, 47.7630819 ], [ -0.796133, 47.7627231 ], [ -0.7949635, 47.7626277 ], [ -0.7938655, 47.7621479 ], [ -0.7938463, 47.761916 ], [ -0.7923954, 47.7615287 ], [ -0.7910139, 47.7609518 ], [ -0.7903447, 47.760412099999989 ], [ -0.7900742, 47.7595035 ], [ -0.788769, 47.7587592 ], [ -0.7883195, 47.7588647 ], [ -0.7880712, 47.7587547 ], [ -0.7876719, 47.7580261 ], [ -0.7887793, 47.7570459 ], [ -0.7891838, 47.7563831 ], [ -0.7894189, 47.755669 ], [ -0.7898735, 47.755448 ], [ -0.7898918, 47.7553113 ], [ -0.789631, 47.7551386 ], [ -0.7893621, 47.7545905 ], [ -0.7892266, 47.7545264 ], [ -0.7890991, 47.7540304 ], [ -0.7885845, 47.7538966 ], [ -0.7878465, 47.7535718 ], [ -0.7875335, 47.753586399999989 ], [ -0.7873062, 47.7533217 ], [ -0.7867824, 47.7530385 ], [ -0.7863667, 47.7530556 ], [ -0.7861118, 47.7525908 ], [ -0.7853199, 47.7525975 ], [ -0.7845941, 47.7512594 ], [ -0.7833848, 47.7501866 ], [ -0.7827961, 47.7503823 ], [ -0.7817641, 47.750995 ], [ -0.7820524, 47.7513479 ], [ -0.781994, 47.7514841 ], [ -0.7817528, 47.751418 ], [ -0.781009, 47.7518385 ], [ -0.7803255, 47.7519786 ], [ -0.7786519, 47.7514407 ], [ -0.7778916, 47.7513643 ], [ -0.7767303, 47.7513802 ], [ -0.7761752, 47.7516549 ], [ -0.7758151, 47.751964799999989 ], [ -0.7745194, 47.7526292 ], [ -0.7731631, 47.7532118 ], [ -0.7721518, 47.753139 ], [ -0.7711853, 47.7532071 ], [ -0.7707386, 47.7534089 ], [ -0.7704514, 47.7537119 ], [ -0.7698529, 47.7537312 ], [ -0.7691379, 47.7532208 ], [ -0.7689163, 47.7529585 ], [ -0.7685176, 47.7529137 ], [ -0.768441, 47.7527189 ], [ -0.767977, 47.7526194 ], [ -0.76781, 47.7529599 ], [ -0.7674389, 47.7530404 ], [ -0.7681133, 47.754054 ], [ -0.7661319, 47.7545278 ], [ -0.7658022, 47.7547033 ], [ -0.7653126, 47.754601 ], [ -0.764946, 47.7538946 ], [ -0.7639379, 47.7536027 ], [ -0.7623042, 47.7535327 ], [ -0.7619895, 47.75375 ], [ -0.7613427, 47.7539565 ], [ -0.7596339, 47.7539402 ], [ -0.7592387, 47.7537177 ], [ -0.7589846, 47.75326 ], [ -0.7580025, 47.753033 ], [ -0.7571198, 47.7520368 ], [ -0.7574288, 47.7516061 ], [ -0.7573958, 47.7514035 ], [ -0.7576303, 47.7513194 ], [ -0.7577986, 47.7511103 ], [ -0.7578277, 47.7507283 ], [ -0.7573725, 47.750223 ], [ -0.7574374, 47.750101 ], [ -0.7567361, 47.749819 ], [ -0.7565822, 47.7496455 ], [ -0.7559747, 47.7495191 ], [ -0.7556993, 47.7492513 ], [ -0.7549177, 47.749043 ], [ -0.755703, 47.7479599 ], [ -0.7561723, 47.7469609 ], [ -0.7575911, 47.7469793 ], [ -0.7577869, 47.7465739 ], [ -0.756697, 47.7464827 ], [ -0.7542991, 47.745956 ], [ -0.7555045, 47.7446162 ], [ -0.7581082, 47.7454678 ], [ -0.7583298, 47.7451814 ], [ -0.7586762, 47.7452252 ], [ -0.7590272, 47.7450121 ], [ -0.7566359, 47.7442933 ], [ -0.7543443, 47.7431306 ], [ -0.7532941, 47.7435454 ], [ -0.7518682, 47.743575899999989 ], [ -0.7516454, 47.7434091 ], [ -0.7515298, 47.7427163 ], [ -0.7513042, 47.7421505 ], [ -0.750676, 47.7423733 ], [ -0.750592, 47.7419958 ], [ -0.7501796, 47.7417927 ], [ -0.749454, 47.7410699 ], [ -0.7492315, 47.7404706 ], [ -0.7479082, 47.7392263 ], [ -0.7454645, 47.7392559 ], [ -0.7454886, 47.7423701 ], [ -0.7437402, 47.7420504 ], [ -0.7439141, 47.7396804 ], [ -0.7437934, 47.7390653 ], [ -0.7418825, 47.7392643 ], [ -0.7419, 47.7378788 ], [ -0.7407632, 47.7382017 ], [ -0.7393968, 47.7383931 ], [ -0.7393516, 47.7386613 ], [ -0.7388526, 47.738689 ], [ -0.7387898, 47.7397731 ], [ -0.7376367, 47.7397487 ], [ -0.7367409, 47.7411073 ], [ -0.7359278, 47.7410567 ], [ -0.7364971, 47.740451 ], [ -0.7364665, 47.7400717 ], [ -0.7372613, 47.7397481 ], [ -0.7368339, 47.738494 ], [ -0.7363227, 47.7374534 ], [ -0.7353346, 47.7374191 ], [ -0.7349235, 47.7386802 ], [ -0.7354589, 47.7402571 ], [ -0.7344648, 47.7405583 ], [ -0.734452, 47.7406416 ], [ -0.7349031, 47.7413786 ], [ -0.7335964, 47.7412419 ], [ -0.7329892, 47.7410207 ], [ -0.7317426, 47.7419517 ], [ -0.7321085, 47.7427302 ], [ -0.7328255, 47.7436012 ], [ -0.7329135, 47.745104 ], [ -0.7327966, 47.7456268 ], [ -0.7331256, 47.7455757 ], [ -0.7335244, 47.7456801 ], [ -0.7332377, 47.7461632 ], [ -0.7336445, 47.7462881 ], [ -0.7336405, 47.747602 ], [ -0.7318992, 47.74748 ], [ -0.7315275, 47.7485623 ], [ -0.7286732, 47.7482289 ], [ -0.728634, 47.7484897 ], [ -0.7301794, 47.748674699999988 ], [ -0.7300672, 47.7490378 ], [ -0.7291431, 47.749197 ], [ -0.7290945, 47.749513 ], [ -0.7273621, 47.7495583 ], [ -0.7272549, 47.7500114 ], [ -0.7291972, 47.7501405 ], [ -0.7285161, 47.7510587 ], [ -0.7286125, 47.7527208 ], [ -0.7284156, 47.7527712 ], [ -0.7281674, 47.7542632 ], [ -0.7287058, 47.7543388 ], [ -0.7282363, 47.756601 ], [ -0.7303334, 47.7570856 ], [ -0.7300385, 47.758215899999989 ], [ -0.7303156, 47.7581278 ], [ -0.7303136, 47.7581945 ], [ -0.7298578, 47.7594128 ], [ -0.7298373, 47.7603208 ], [ -0.7294403, 47.7608525 ], [ -0.7293493, 47.7611554 ], [ -0.7282333, 47.7614586 ], [ -0.7276651, 47.7621038 ], [ -0.7268788, 47.7623631 ], [ -0.7258739, 47.7630124 ], [ -0.725647, 47.763016 ], [ -0.7253479, 47.7634012 ], [ -0.725622, 47.7637466 ], [ -0.7256974, 47.7640605 ], [ -0.7256046, 47.764186 ], [ -0.7259983, 47.7649411 ], [ -0.7262385, 47.765146099999988 ], [ -0.7271459, 47.7654506 ], [ -0.7271053, 47.7659015 ], [ -0.7252877, 47.7656341 ], [ -0.7248713, 47.7665007 ], [ -0.7235972, 47.7662646 ], [ -0.7229371, 47.765827 ], [ -0.7225104, 47.766565899999989 ], [ -0.7222276, 47.7668217 ], [ -0.7221701, 47.7669551 ], [ -0.7235957, 47.7672368 ], [ -0.7241799, 47.7672381 ], [ -0.7248618, 47.7674903 ], [ -0.7254567, 47.7679129 ], [ -0.7250928, 47.7683092 ], [ -0.7246586, 47.7692277 ], [ -0.7244845, 47.7693359 ], [ -0.7238013, 47.7694856 ], [ -0.7226261, 47.7705303 ], [ -0.721903, 47.771313799999987 ], [ -0.7213087, 47.7718175 ], [ -0.7207223, 47.7721659 ], [ -0.7203277, 47.7726199 ], [ -0.7192499, 47.7730335 ], [ -0.7178907, 47.7731317 ], [ -0.7173024, 47.7732819 ], [ -0.7165244, 47.773644499999989 ], [ -0.7159828, 47.7741185 ], [ -0.7163635, 47.7742866 ], [ -0.7170524, 47.7748108 ], [ -0.717249, 47.7755389 ], [ -0.7176983, 47.7758868 ], [ -0.7183554, 47.7762038 ], [ -0.718148, 47.7772142 ], [ -0.7181658, 47.777583 ], [ -0.717757, 47.7775861 ], [ -0.7172599, 47.7773208 ], [ -0.7164938, 47.7772226 ], [ -0.7152973, 47.7771632 ], [ -0.7141574, 47.7773219 ], [ -0.7138249, 47.7774802 ], [ -0.7134073, 47.7778359 ], [ -0.7120959, 47.7785244 ], [ -0.7117081, 47.7786557 ], [ -0.7105056, 47.7789136 ], [ -0.7091006, 47.7794879 ], [ -0.7083165, 47.779265 ], [ -0.7074017, 47.7796039 ], [ -0.7071624, 47.7797764 ], [ -0.7076156, 47.780372 ], [ -0.707114, 47.7809042 ], [ -0.7065296, 47.7812273 ], [ -0.7063783, 47.781223 ], [ -0.7059623, 47.7814317 ], [ -0.7050039, 47.7809142 ], [ -0.7046946, 47.7805997 ], [ -0.703259, 47.7804487 ], [ -0.7032049, 47.7807468 ], [ -0.6995157, 47.7805589 ], [ -0.6995944, 47.7819593 ], [ -0.6982639, 47.7819356 ], [ -0.6986752, 47.7825434 ], [ -0.6995732, 47.783307 ], [ -0.7000382, 47.7841113 ], [ -0.7009084, 47.7847821 ], [ -0.7010014, 47.7851765 ], [ -0.7020199, 47.7869211 ], [ -0.7004562, 47.786948 ], [ -0.6989015, 47.7867773 ], [ -0.6987908, 47.7880891 ], [ -0.6967098, 47.788213399999989 ], [ -0.6971945, 47.7890315 ], [ -0.6970707, 47.7905392 ], [ -0.6994555, 47.790071 ], [ -0.6995563, 47.7907517 ], [ -0.6998428, 47.7910067 ], [ -0.6997841, 47.7911428 ], [ -0.6992713, 47.7915167 ], [ -0.6994564, 47.7933705 ], [ -0.6996119, 47.7935494 ], [ -0.6987193, 47.7943462 ], [ -0.6989247, 47.7950298 ], [ -0.69883, 47.7951869 ], [ -0.6978484, 47.7959162 ], [ -0.6974588, 47.7963898 ], [ -0.6951826, 47.7963653 ], [ -0.6945255, 47.79655 ], [ -0.693644, 47.7964886 ], [ -0.6936612, 47.7967169 ], [ -0.6939025, 47.7970138 ], [ -0.6938281, 47.7973874 ], [ -0.693479, 47.7980399 ], [ -0.6931805, 47.7980547 ], [ -0.6924693, 47.7982889 ], [ -0.69174, 47.7976073 ], [ -0.6910565, 47.7973549 ], [ -0.6905498, 47.7978178 ], [ -0.6911033, 47.7981635 ], [ -0.6912359, 47.798398 ], [ -0.6911214, 47.7985981 ], [ -0.6906742, 47.7988203 ], [ -0.6906062, 47.8001721 ], [ -0.6901299, 47.8002268 ], [ -0.6901677, 47.8008869 ], [ -0.6889179, 47.8009335 ], [ -0.6891244, 47.8019046 ], [ -0.6899132, 47.8018635 ], [ -0.6903526, 47.8019506 ], [ -0.6905996, 47.8022537 ], [ -0.6906743, 47.8028289 ], [ -0.6878557, 47.8031834 ], [ -0.6887362, 47.8058308 ], [ -0.688286, 47.8064739 ], [ -0.6875711, 47.8058864 ], [ -0.6863007, 47.8071031 ], [ -0.6861394, 47.8071487 ], [ -0.6856395, 47.80725 ], [ -0.6855464, 47.8066205 ], [ -0.6831475, 47.8073798 ], [ -0.6826317, 47.8072131 ], [ -0.6824809, 47.8072944 ], [ -0.681833, 47.8073256 ], [ -0.6815598, 47.8075135 ], [ -0.6807871, 47.8074405 ], [ -0.6805674, 47.807842 ], [ -0.6795035, 47.8079128 ], [ -0.6793537, 47.8105947 ], [ -0.6786922, 47.8143266 ], [ -0.6790441, 47.8153676 ], [ -0.679578, 47.8158578 ], [ -0.6811228, 47.8165336 ], [ -0.6816152, 47.8165195 ], [ -0.683301, 47.8162212 ], [ -0.6846749, 47.8158035 ], [ -0.6848197, 47.815743 ], [ -0.6884644, 47.8121597 ], [ -0.6904746, 47.8138055 ], [ -0.6910597, 47.8144196 ], [ -0.6928318, 47.8155455 ], [ -0.6938597, 47.8163698 ], [ -0.6944251, 47.8170945 ], [ -0.6956741, 47.8177676 ], [ -0.6968614, 47.8189364 ], [ -0.6979631, 47.819629 ], [ -0.6988115, 47.8202899 ], [ -0.6995209, 47.8212117 ], [ -0.6995789, 47.8214272 ], [ -0.6994052, 47.8222099 ], [ -0.6970353, 47.8230816 ], [ -0.6956246, 47.8234153 ], [ -0.6951691, 47.8234709 ], [ -0.6945542, 47.8233588 ], [ -0.6940192, 47.8233676 ], [ -0.6936114, 47.8231046 ], [ -0.6923134, 47.8230697 ], [ -0.6919076, 47.8231448 ], [ -0.6916873, 47.8228981 ], [ -0.6915044, 47.8228458 ], [ -0.6911884, 47.8229486 ], [ -0.6912997, 47.8231431 ], [ -0.6918165, 47.8234397 ], [ -0.6918923, 47.8236806 ], [ -0.691593, 47.8241338 ], [ -0.6915879, 47.824475 ], [ -0.6902599, 47.8248202 ], [ -0.690631, 47.825429 ], [ -0.6914362, 47.8259955 ], [ -0.6926101, 47.8256653 ], [ -0.6927968, 47.8258759 ], [ -0.6928289, 47.8259726 ], [ -0.6919734, 47.8272725 ], [ -0.6935465, 47.827050899999989 ], [ -0.6937552, 47.826898299999989 ], [ -0.6941192, 47.8270175 ], [ -0.6942743, 47.8279445 ], [ -0.6939457, 47.8281354 ], [ -0.69379, 47.8285542 ], [ -0.6937921, 47.82893 ], [ -0.6945657, 47.829356 ], [ -0.6943077, 47.8296641 ], [ -0.693831, 47.8298951 ], [ -0.6934543, 47.8297961 ], [ -0.6935882, 47.8296091 ], [ -0.6936112, 47.8294019 ], [ -0.6934691, 47.8292095 ], [ -0.6935702, 47.8289992 ], [ -0.6931495, 47.828805 ], [ -0.6928908, 47.8283157 ], [ -0.6927276, 47.828268 ], [ -0.6925595, 47.827864 ], [ -0.6919992, 47.8275893 ], [ -0.6917694, 47.8273476 ], [ -0.6910031, 47.8271876 ], [ -0.6901185, 47.8274694 ], [ -0.6893533, 47.8275613 ], [ -0.6888856, 47.8270735 ], [ -0.6880088, 47.8271349 ], [ -0.6879185, 47.8272701 ], [ -0.6872033, 47.8274001 ], [ -0.6874533, 47.8269751 ], [ -0.6875758, 47.8269957 ], [ -0.6879508, 47.8268133 ], [ -0.6879777, 47.8266957 ], [ -0.6888682, 47.8269605 ], [ -0.6889098, 47.826601 ], [ -0.6892985, 47.8261966 ], [ -0.6890478, 47.8258849 ], [ -0.6887134, 47.8258127 ], [ -0.6883054, 47.8260499 ], [ -0.6887576, 47.8262142 ], [ -0.6882472, 47.8262823 ], [ -0.6882121, 47.8263497 ], [ -0.6876077, 47.8259669 ], [ -0.687165, 47.8260226 ], [ -0.686952, 47.8263385 ], [ -0.6861609, 47.8265835 ], [ -0.68595, 47.8268834 ], [ -0.6860822, 47.8274429 ], [ -0.6863765, 47.827835099999987 ], [ -0.6868389, 47.8276833 ], [ -0.6875846, 47.8277393 ], [ -0.6879435, 47.8274842 ], [ -0.688826, 47.8279134 ], [ -0.6880066, 47.8278568 ], [ -0.6871804, 47.8281386 ], [ -0.6864267, 47.8279378 ], [ -0.685931, 47.8288565 ], [ -0.685645, 47.8289859 ], [ -0.6854279, 47.8293962 ], [ -0.6855742, 47.8298683 ], [ -0.6860466, 47.8305639 ], [ -0.6854411, 47.8315767 ], [ -0.685462, 47.832242 ], [ -0.6850558, 47.8323695 ], [ -0.6841907, 47.8334098 ], [ -0.6833538, 47.8327025 ], [ -0.6818141, 47.8322117 ], [ -0.6804573, 47.8315541 ], [ -0.6791874, 47.8315794 ], [ -0.680505, 47.8285869 ], [ -0.6808461, 47.8280776 ], [ -0.6807615, 47.8279672 ], [ -0.6811843, 47.8269284 ], [ -0.6811359, 47.826227 ], [ -0.6813482, 47.8260807 ], [ -0.6815039, 47.8252171 ], [ -0.6817657, 47.8246666 ], [ -0.6814587, 47.8243937 ], [ -0.6815983, 47.8241 ], [ -0.6819842, 47.8239488 ], [ -0.682064, 47.823763 ], [ -0.6816695, 47.8235094 ], [ -0.6817581, 47.8234009 ], [ -0.6815665, 47.8233241 ], [ -0.6815786, 47.8235326 ], [ -0.6813891, 47.8235927 ], [ -0.6813025, 47.8239308 ], [ -0.6805609, 47.8241022 ], [ -0.68059, 47.8242429 ], [ -0.6803849, 47.8246332 ], [ -0.6797975, 47.8248554 ], [ -0.6788028, 47.8250469 ], [ -0.6792007, 47.82696 ], [ -0.6791212, 47.8272074 ], [ -0.6785752, 47.8282871 ], [ -0.6774254, 47.8297632 ], [ -0.6764912, 47.8311973 ], [ -0.6730871, 47.8315752 ], [ -0.6650151, 47.8327855 ], [ -0.6629104, 47.8340944 ], [ -0.6592517, 47.8333896 ], [ -0.649309, 47.8360882 ], [ -0.6462589, 47.8323614 ], [ -0.6417268, 47.8258686 ], [ -0.6359882, 47.8284262 ], [ -0.6318773, 47.8299536 ], [ -0.6195777, 47.8352412 ], [ -0.6193835, 47.8361798 ], [ -0.6189318, 47.8369154 ], [ -0.6189387, 47.8374296 ], [ -0.619105, 47.8376308 ], [ -0.6193115, 47.8377155 ], [ -0.620525, 47.8379095 ], [ -0.6240545, 47.8388816 ], [ -0.6229859, 47.840284 ], [ -0.6237908, 47.8406655 ], [ -0.6233228, 47.8410052 ], [ -0.6239077, 47.8412997 ], [ -0.6244538, 47.8418919 ], [ -0.6488396, 47.8363547 ], [ -0.6514603, 47.843187 ], [ -0.6559697, 47.861263 ], [ -0.6565614, 47.8615977 ], [ -0.6577285, 47.8607766 ], [ -0.6588607, 47.8603034 ], [ -0.6598467, 47.8595167 ], [ -0.6616774, 47.8586145 ], [ -0.6619312, 47.8583732 ], [ -0.6623144, 47.8576008 ], [ -0.6626808, 47.8573245 ], [ -0.6633836, 47.8569349 ], [ -0.6648037, 47.8566797 ], [ -0.6655357, 47.8561806 ], [ -0.6655313, 47.8560188 ], [ -0.6653935, 47.8559342 ], [ -0.664251, 47.8558285 ], [ -0.6625151, 47.8558728 ], [ -0.6625258, 47.8548823 ], [ -0.6635631, 47.8547634 ], [ -0.6639389, 47.8541381 ], [ -0.6641379, 47.8532778 ], [ -0.6639919, 47.8526742 ], [ -0.6640799, 47.8520687 ], [ -0.664723, 47.8507774 ], [ -0.6650197, 47.8504014 ], [ -0.6653749, 47.8501932 ], [ -0.6652177, 47.844336299999988 ], [ -0.6642419, 47.8356341 ], [ -0.6724192, 47.837378 ], [ -0.6790261, 47.8349062 ], [ -0.6794823, 47.8350317 ], [ -0.6809408, 47.8347475 ], [ -0.6811346, 47.8342082 ], [ -0.6822373, 47.8340238 ], [ -0.6831004, 47.8341429 ], [ -0.6834224, 47.8340842 ], [ -0.6843311, 47.8336468 ], [ -0.6849848, 47.833641899999989 ], [ -0.6880306, 47.8328638 ], [ -0.6887812, 47.8327833 ], [ -0.6894384, 47.8324997 ], [ -0.690066, 47.8324505 ], [ -0.6903047, 47.8323089 ], [ -0.6914496, 47.8326325 ], [ -0.6915693, 47.832736 ], [ -0.6913122, 47.8329322 ], [ -0.6916819, 47.8330169 ], [ -0.6917937, 47.8328646 ], [ -0.6921981, 47.8327078 ], [ -0.692655, 47.832266399999988 ], [ -0.6925679, 47.8318648 ], [ -0.6927442, 47.8315798 ], [ -0.692758, 47.8313143 ], [ -0.6931703, 47.830746 ], [ -0.6934267, 47.8305982 ], [ -0.6943899, 47.8308613 ], [ -0.6944451, 47.8312157 ], [ -0.6943593, 47.8314592 ], [ -0.6950379, 47.8319449 ], [ -0.6954853, 47.8324691 ], [ -0.6962816, 47.831939 ], [ -0.6960033, 47.8316902 ], [ -0.6962047, 47.8314781 ], [ -0.6964121, 47.831533099999987 ], [ -0.6969305, 47.8315031 ], [ -0.6971054, 47.831053399999988 ], [ -0.6975663, 47.8309799 ], [ -0.6977511, 47.8307216 ], [ -0.6977367, 47.8305241 ], [ -0.6969641, 47.8296026 ], [ -0.6969239, 47.8292418 ], [ -0.6972091, 47.8293192 ], [ -0.6975569, 47.8292924 ], [ -0.6981889, 47.8296191 ], [ -0.6985335, 47.8294388 ], [ -0.698568, 47.829166 ], [ -0.6988861, 47.8290582 ], [ -0.6991563, 47.8292138 ], [ -0.6989751, 47.8293868 ], [ -0.6990758, 47.8294935 ], [ -0.6994033, 47.8295785 ], [ -0.6996894, 47.829761399999988 ], [ -0.6994198, 47.8299505 ], [ -0.6996268, 47.8301127 ], [ -0.7003135, 47.8305156 ], [ -0.7004389, 47.8304911 ], [ -0.7012268, 47.8308875 ], [ -0.7014721, 47.8307651 ], [ -0.7016365, 47.8308273 ], [ -0.7015039, 47.8310837 ], [ -0.7012438, 47.830981 ], [ -0.7009135, 47.8310906 ], [ -0.7008711, 47.8313538 ], [ -0.7006194, 47.831744799999989 ], [ -0.7002165, 47.8317167 ], [ -0.699529, 47.831854 ], [ -0.6990887, 47.8314067 ], [ -0.6991091, 47.8311782 ], [ -0.6988199, 47.8310844 ], [ -0.6985732, 47.8311068 ], [ -0.6983574, 47.8308808 ], [ -0.6981055, 47.8311037 ], [ -0.6981198, 47.8313486 ], [ -0.6978718, 47.831474 ], [ -0.6974878, 47.8312916 ], [ -0.6972232, 47.8313195 ], [ -0.6972523, 47.8314078 ], [ -0.69703, 47.8315866 ], [ -0.6972147, 47.8318358 ], [ -0.696987, 47.8320796 ], [ -0.6969903, 47.8323911 ], [ -0.6966925, 47.8332737 ], [ -0.6967652, 47.8333961 ], [ -0.697271, 47.8336586 ], [ -0.6983009, 47.8340362 ], [ -0.699443, 47.8341821 ], [ -0.6996741, 47.8340235 ], [ -0.6998517, 47.8336566 ], [ -0.7002617, 47.8335079 ], [ -0.7003399, 47.8335557 ], [ -0.7006831, 47.8338699 ], [ -0.7002819, 47.8340924 ], [ -0.7000317, 47.8343958 ], [ -0.7000024, 47.8349355 ], [ -0.6997905, 47.8352144 ], [ -0.7002275, 47.8354036 ], [ -0.7001926, 47.8355081 ], [ -0.7006771, 47.8356597 ], [ -0.7009203, 47.8360373 ], [ -0.7014638, 47.8365555 ], [ -0.7030941, 47.8375517 ], [ -0.7030938, 47.8383658 ], [ -0.7016126, 47.8397926 ], [ -0.7006938, 47.8417197 ], [ -0.6996499, 47.8432088 ], [ -0.6977337, 47.8454962 ], [ -0.6987848, 47.8458946 ], [ -0.6989985, 47.8463492 ], [ -0.698961, 47.8464837 ], [ -0.6987653, 47.8465764 ], [ -0.6989731, 47.8467545 ], [ -0.6986783, 47.8469026 ], [ -0.6989364, 47.8470728 ], [ -0.7000717, 47.8469991 ], [ -0.700458, 47.846877 ], [ -0.7008745, 47.8471873 ], [ -0.7018314, 47.8465147 ], [ -0.7020942, 47.8467136 ], [ -0.7027072, 47.8468087 ] ], [ [ -0.7229817, 47.8230788 ], [ -0.7226832, 47.8232868 ], [ -0.7226895, 47.8235247 ], [ -0.7230111, 47.823707 ], [ -0.7228859, 47.8238095 ], [ -0.722399, 47.8237174 ], [ -0.7220315, 47.8237983 ], [ -0.7219708, 47.822629 ], [ -0.722448, 47.8224397 ], [ -0.7227519, 47.822422 ], [ -0.7231277, 47.8225554 ], [ -0.7232753, 47.8224954 ], [ -0.7233344, 47.8218937 ], [ -0.7230625, 47.8215221 ], [ -0.7231192, 47.8213835 ], [ -0.7233504, 47.821327 ], [ -0.7238045, 47.8208961 ], [ -0.7237156, 47.8203831 ], [ -0.7230531, 47.819957 ], [ -0.7230523, 47.8190853 ], [ -0.7223478, 47.8185665 ], [ -0.7222936, 47.8174695 ], [ -0.7308252, 47.8103472 ], [ -0.7313604, 47.8102927 ], [ -0.7360457, 47.8142811 ], [ -0.7271023, 47.8191469 ], [ -0.7266869, 47.8195879 ], [ -0.7252395, 47.8203844 ], [ -0.7248559, 47.8208855 ], [ -0.7248067, 47.8212205 ], [ -0.7245027, 47.8215617 ], [ -0.7246494, 47.8218893 ], [ -0.7239022, 47.8221405 ], [ -0.7236943, 47.8225419 ], [ -0.7238358, 47.8228083 ], [ -0.7236228, 47.8230361 ], [ -0.7235289, 47.8230918 ], [ -0.7229817, 47.8230788 ] ], [ [ -0.7141702, 47.8178764 ], [ -0.7140151, 47.8179098 ], [ -0.7141921, 47.8178004 ], [ -0.7141702, 47.8178764 ] ], [ [ -0.7139998, 47.8198223 ], [ -0.7139638, 47.8195357 ], [ -0.7141679, 47.8192873 ], [ -0.7141022, 47.8195494 ], [ -0.7142054, 47.8197701 ], [ -0.7139998, 47.8198223 ] ], [ [ -0.7205351, 47.8217458 ], [ -0.720628, 47.821925 ], [ -0.7206461, 47.8217678 ], [ -0.7209875, 47.8217115 ], [ -0.7207994, 47.8218093 ], [ -0.7207851, 47.8220362 ], [ -0.7206069, 47.8219685 ], [ -0.7202575, 47.8219765 ], [ -0.7197389, 47.8212089 ], [ -0.7206013, 47.8211276 ], [ -0.7206951, 47.8211934 ], [ -0.7205106, 47.8212544 ], [ -0.7201099, 47.8215988 ], [ -0.720583, 47.821674599999987 ], [ -0.7209603, 47.8216129 ], [ -0.7205351, 47.8217458 ] ], [ [ -0.7209124, 47.8225813 ], [ -0.7210646, 47.8227019 ], [ -0.720871, 47.8227735 ], [ -0.7211659, 47.8228417 ], [ -0.7210605, 47.823054 ], [ -0.7206248, 47.8230583 ], [ -0.7202209, 47.8228927 ], [ -0.7205333, 47.8224669 ], [ -0.721012, 47.822523 ], [ -0.7215428, 47.8224284 ], [ -0.7219097, 47.8226103 ], [ -0.7211912, 47.8227525 ], [ -0.7211079, 47.8227159 ], [ -0.7214077, 47.8225255 ], [ -0.7209124, 47.8225813 ] ], [ [ -0.7220394, 47.8239594 ], [ -0.722417, 47.8241481 ], [ -0.7223068, 47.8241622 ], [ -0.7224333, 47.824254 ], [ -0.7223665, 47.8243701 ], [ -0.7221699, 47.8243822 ], [ -0.722733, 47.8245821 ], [ -0.7215196, 47.8246082 ], [ -0.7212855, 47.8244798 ], [ -0.7220308, 47.8244009 ], [ -0.7217005, 47.8243664 ], [ -0.7217005, 47.8242637 ], [ -0.7215499, 47.8242567 ], [ -0.7217925, 47.8241725 ], [ -0.7215783, 47.8241539 ], [ -0.7220394, 47.8239594 ] ], [ [ -0.722057, 47.8248196 ], [ -0.7220515, 47.8247571 ], [ -0.7227289, 47.8247335 ], [ -0.7227293, 47.8247911 ], [ -0.722057, 47.8248196 ] ], [ [ -0.7227396, 47.8248866 ], [ -0.722221, 47.824932 ], [ -0.722058, 47.824848 ], [ -0.7227396, 47.8248866 ] ], [ [ -0.7223042, 47.8249894 ], [ -0.7226996, 47.8249731 ], [ -0.7224565, 47.825114199999987 ], [ -0.7223042, 47.8249894 ] ], [ [ -0.7223496, 47.825527699999988 ], [ -0.7221119, 47.8251774 ], [ -0.7221099, 47.824986 ], [ -0.7224401, 47.8251358 ], [ -0.7224721, 47.8253419 ], [ -0.7223496, 47.825527699999988 ] ], [ [ -0.7215147, 47.825011499999988 ], [ -0.7218803, 47.8249657 ], [ -0.7217893, 47.8251937 ], [ -0.7220516, 47.8253182 ], [ -0.7219998, 47.8260251 ], [ -0.7217422, 47.8260824 ], [ -0.7214409, 47.8256208 ], [ -0.7216655, 47.8252217 ], [ -0.7215147, 47.825011499999988 ] ], [ [ -0.7209635, 47.8370685 ], [ -0.7215797, 47.8367335 ], [ -0.7220716, 47.836913 ], [ -0.7219654, 47.8374776 ], [ -0.7222537, 47.8379377 ], [ -0.7215828, 47.8379852 ], [ -0.7215741, 47.8378521 ], [ -0.721716, 47.8377878 ], [ -0.7215717, 47.8377005 ], [ -0.7215711, 47.8375277 ], [ -0.7214389, 47.8374834 ], [ -0.7214593, 47.8373818 ], [ -0.7212576, 47.8373839 ], [ -0.7210263, 47.83724 ], [ -0.7208366, 47.8373577 ], [ -0.7209796, 47.8373789 ], [ -0.7210389, 47.8376059 ], [ -0.7213045, 47.8374972 ], [ -0.7214257, 47.8376443 ], [ -0.7213692, 47.8377882 ], [ -0.7209785, 47.8378855 ], [ -0.7208845, 47.837751 ], [ -0.7205692, 47.8376235 ], [ -0.7204606, 47.8373849 ], [ -0.7205669, 47.8369964 ], [ -0.7209635, 47.8370685 ] ], [ [ -0.7280756, 47.8410388 ], [ -0.7290751, 47.8402646 ], [ -0.7298215, 47.8403136 ], [ -0.7276526, 47.8421625 ], [ -0.7279115, 47.8415951 ], [ -0.7276408, 47.8416119 ], [ -0.7280756, 47.8410388 ] ], [ [ -0.6960795, 47.8238352 ], [ -0.6958303, 47.8240509 ], [ -0.6952751, 47.8235473 ], [ -0.6960795, 47.8238352 ] ], [ [ -0.6953157, 47.8242022 ], [ -0.6952633, 47.8240143 ], [ -0.6955709, 47.8241571 ], [ -0.6954825, 47.8242897 ], [ -0.6953157, 47.8242022 ] ], [ [ -0.6945561, 47.8248711 ], [ -0.694236, 47.8247105 ], [ -0.6946238, 47.8245923 ], [ -0.6945397, 47.8244934 ], [ -0.6949425, 47.8245106 ], [ -0.6950602, 47.8243021 ], [ -0.695174, 47.8243683 ], [ -0.6951852, 47.8244386 ], [ -0.6949485, 47.8245161 ], [ -0.6949351, 47.8246561 ], [ -0.6946305, 47.8245983 ], [ -0.6945561, 47.8248711 ] ], [ [ -0.6946473, 47.8260503 ], [ -0.6953436, 47.8262756 ], [ -0.6954891, 47.8264689 ], [ -0.6955143, 47.8268063 ], [ -0.6954439, 47.8268816 ], [ -0.6946433, 47.8270021 ], [ -0.6941434, 47.8268417 ], [ -0.6940926, 47.8267067 ], [ -0.6945619, 47.8263525 ], [ -0.6946473, 47.8260503 ] ], [ [ -0.6970057, 47.8265553 ], [ -0.6976588, 47.8265793 ], [ -0.6978193, 47.8266844 ], [ -0.6983857, 47.826818 ], [ -0.6982385, 47.8268813 ], [ -0.6982251, 47.8270077 ], [ -0.6980575, 47.827046 ], [ -0.6981527, 47.8275233 ], [ -0.6979079, 47.8274492 ], [ -0.6975133, 47.8275531 ], [ -0.6973369, 47.8274658 ], [ -0.6971651, 47.8275235 ], [ -0.6970409, 47.8274222 ], [ -0.6971024, 47.8271233 ], [ -0.6969396, 47.8267554 ], [ -0.6970057, 47.8265553 ] ], [ [ -0.687203, 47.8290449 ], [ -0.6874798, 47.8283745 ], [ -0.6872436, 47.8281682 ], [ -0.6883345, 47.8283683 ], [ -0.6881748, 47.82863 ], [ -0.6882047, 47.8288752 ], [ -0.6877744, 47.8291361 ], [ -0.687203, 47.8290449 ] ], [ [ -0.7011936, 47.8289117 ], [ -0.7014006, 47.8289164 ], [ -0.7016715, 47.8290653 ], [ -0.7014699, 47.8291511 ], [ -0.7013605, 47.8290712 ], [ -0.7011748, 47.8291472 ], [ -0.701422, 47.829335 ], [ -0.7011485, 47.8292993 ], [ -0.7009524, 47.8293789 ], [ -0.7006578, 47.8292528 ], [ -0.7001686, 47.8292486 ], [ -0.7003125, 47.8291007 ], [ -0.7002063, 47.8290477 ], [ -0.7001761, 47.8291061 ], [ -0.6999606, 47.8290289 ], [ -0.6999428, 47.828875 ], [ -0.7004821, 47.8289203 ], [ -0.7007302, 47.8291103 ], [ -0.7011936, 47.8289117 ] ], [ [ -0.6879685, 47.8297517 ], [ -0.6880975, 47.8298568 ], [ -0.6885536, 47.8307242 ], [ -0.6871782, 47.8299799 ], [ -0.6872967, 47.8298518 ], [ -0.6876733, 47.8297182 ], [ -0.6879685, 47.8297517 ] ], [ [ -0.7011201, 47.8298765 ], [ -0.7015482, 47.8298079 ], [ -0.7015139, 47.8298765 ], [ -0.7011201, 47.8298765 ] ], [ [ -0.7013994, 47.830196 ], [ -0.7015841, 47.8302397 ], [ -0.7016187, 47.8303278 ], [ -0.7012041, 47.8302514 ], [ -0.7013994, 47.830196 ] ], [ [ -0.7012777, 47.8317586 ], [ -0.7014137, 47.8316951 ], [ -0.7013676, 47.8317837 ], [ -0.7012777, 47.8317586 ] ], [ [ -0.7013645, 47.8320333 ], [ -0.7010326, 47.8320289 ], [ -0.7010313, 47.8320264 ], [ -0.7013017, 47.8319417 ], [ -0.7013645, 47.8320333 ] ], [ [ -0.7133199, 47.8335978 ], [ -0.7126549, 47.8333883 ], [ -0.7116199, 47.8334024 ], [ -0.7113458, 47.8330954 ], [ -0.7113492, 47.8327866 ], [ -0.7127115, 47.8332164 ], [ -0.7132119, 47.8329237 ], [ -0.7140055, 47.8332168 ], [ -0.7143827, 47.8336785 ], [ -0.713866, 47.8337877 ], [ -0.7134176, 47.83398 ], [ -0.7133199, 47.8335978 ] ], [ [ -0.7407999, 47.7422778 ], [ -0.7405155, 47.7416147 ], [ -0.7403547, 47.7414937 ], [ -0.740145, 47.7403524 ], [ -0.7401763, 47.7396964 ], [ -0.7406244, 47.7395712 ], [ -0.7407347, 47.7398101 ], [ -0.7409564, 47.7399237 ], [ -0.7420809, 47.7399968 ], [ -0.7427838, 47.7417287 ], [ -0.7407999, 47.7422778 ] ] ], [ [ [ -0.7001267, 47.8289592 ], [ -0.7000319, 47.8290476 ], [ -0.7001974, 47.8290343 ], [ -0.7001267, 47.8289592 ] ] ] ] } },
{ "type": "Feature", "properties": { "code_departement": 53.0, "code_rne": "0530790W", "multisecteur": 0.0 }, "geometry": { "type": "MultiPolygon", "coordinates": [ [ [ [ -0.7850476, 48.071172 ], [ -0.7855504, 48.0710279 ], [ -0.7857518, 48.0710584 ], [ -0.7858592, 48.0709606 ], [ -0.7867647, 48.07084 ], [ -0.7867767, 48.0707358 ], [ -0.7866107, 48.0705749 ], [ -0.7857479, 48.0706712 ], [ -0.7852771, 48.0710667 ], [ -0.7850534, 48.0709757 ], [ -0.7849131, 48.0711307 ], [ -0.7850476, 48.071172 ] ] ], [ [ [ -0.7863732, 48.0709611 ], [ -0.786319, 48.0712025 ], [ -0.7865647, 48.0713176 ], [ -0.7868636, 48.0710553 ], [ -0.78677, 48.0709124 ], [ -0.7866879, 48.0709069 ], [ -0.7866126, 48.0710863 ], [ -0.7865411, 48.0709566 ], [ -0.7863732, 48.0709611 ] ] ], [ [ [ -0.7857715, 48.0711005 ], [ -0.7858441, 48.0712229 ], [ -0.7860089, 48.0711032 ], [ -0.7857715, 48.0711005 ] ] ], [ [ [ -0.7853364, 48.0711198 ], [ -0.7854091, 48.0713114 ], [ -0.7856191, 48.0713343 ], [ -0.7857293, 48.071233 ], [ -0.7855773, 48.071133 ], [ -0.7853364, 48.0711198 ] ] ], [ [ [ -0.7852932, 48.0713469 ], [ -0.7851578, 48.0712045 ], [ -0.7849156, 48.071406499999988 ], [ -0.7846158, 48.0712878 ], [ -0.7848985, 48.0711299 ], [ -0.7846178, 48.0710254 ], [ -0.784455, 48.0708654 ], [ -0.7841904, 48.0709074 ], [ -0.7839072, 48.071091 ], [ -0.7840941, 48.0713341 ], [ -0.7838959, 48.0713625 ], [ -0.7840743, 48.071705699999988 ], [ -0.7849341, 48.0716536 ], [ -0.7852932, 48.0713469 ] ], [ [ -0.7841077, 48.0713409 ], [ -0.7842023, 48.0712695 ], [ -0.7846122, 48.0712873 ], [ -0.7844682, 48.0713876 ], [ -0.7841077, 48.0713409 ] ] ], [ [ [ -0.7837553, 48.0714778 ], [ -0.7838187, 48.0713846 ], [ -0.7836745, 48.0713228 ], [ -0.7837888, 48.071158 ], [ -0.7835689, 48.0712212 ], [ -0.7836449, 48.071311099999988 ], [ -0.7834383, 48.071373 ], [ -0.7834366, 48.0712993 ], [ -0.7833305, 48.0712889 ], [ -0.7833305, 48.0715501 ], [ -0.7836712, 48.0713282 ], [ -0.7837553, 48.0714778 ] ] ], [ [ [ -0.7894485, 48.0729335 ], [ -0.7896477, 48.0725062 ], [ -0.7892992, 48.0722789 ], [ -0.7888358, 48.0723789 ], [ -0.7875773, 48.0721929 ], [ -0.7860303, 48.0718385 ], [ -0.7858118, 48.0718344 ], [ -0.7856955, 48.0720434 ], [ -0.7859908, 48.0723953 ], [ -0.788922, 48.0729294 ], [ -0.7894485, 48.0729335 ] ] ], [ [ [ -0.7858366, 48.0733435 ], [ -0.7857161, 48.073308 ], [ -0.7856841, 48.07353 ], [ -0.7858366, 48.0733435 ] ] ], [ [ [ -0.7869002, 48.0737142 ], [ -0.7871339, 48.0738315 ], [ -0.7872106, 48.073791 ], [ -0.7872069, 48.0736446 ], [ -0.7869002, 48.0737142 ] ] ], [ [ [ -0.7886571, 48.0741296 ], [ -0.7885145, 48.0743051 ], [ -0.7889403, 48.0743801 ], [ -0.7888046, 48.074129 ], [ -0.7886571, 48.0741296 ] ] ], [ [ [ -0.7900435, 48.0743669 ], [ -0.7913355, 48.0746793 ], [ -0.7922099, 48.0746992 ], [ -0.7918882, 48.0744663 ], [ -0.7901178, 48.074054499999988 ], [ -0.7900435, 48.0743669 ] ] ], [ [ [ -0.7892814, 48.0750687 ], [ -0.790078, 48.0751635 ], [ -0.7906058, 48.0750687 ], [ -0.7906283, 48.0746785 ], [ -0.7899839, 48.074492 ], [ -0.7893069, 48.0749529 ], [ -0.7892814, 48.0750687 ] ] ], [ [ [ -0.7896432, 48.0776175 ], [ -0.7899387, 48.0774602 ], [ -0.7895234, 48.0773695 ], [ -0.7891789, 48.0775566 ], [ -0.7892449, 48.0776262 ], [ -0.7896432, 48.0776175 ] ] ], [ [ [ -0.7898739, 48.0781332 ], [ -0.7902848, 48.0781992 ], [ -0.7903001, 48.0781065 ], [ -0.790257, 48.0779152 ], [ -0.7900522, 48.0777768 ], [ -0.7898739, 48.0781332 ] ] ], [ [ [ -0.7650989, 48.0683318 ], [ -0.7650321, 48.068446 ], [ -0.765217, 48.0684717 ], [ -0.7652755, 48.0685821 ], [ -0.7655714, 48.0685129 ], [ -0.765672, 48.0683776 ], [ -0.7655582, 48.0680686 ], [ -0.7651075, 48.0680793 ], [ -0.7650786, 48.0682042 ], [ -0.7651534, 48.0682085 ], [ -0.7650739, 48.0682657 ], [ -0.7652722, 48.0683006 ], [ -0.7652585, 48.0684178 ], [ -0.7650989, 48.0683318 ] ] ], [ [ [ -0.7652677, 48.0687109 ], [ -0.7652802, 48.0687968 ], [ -0.7653704, 48.0687556 ], [ -0.7652677, 48.0687109 ] ] ], [ [ [ -0.7654683, 48.0691767 ], [ -0.765429, 48.0690584 ], [ -0.7652473, 48.069084 ], [ -0.765272, 48.0691435 ], [ -0.76538, 48.0691304 ], [ -0.7653458, 48.0691855 ], [ -0.7654683, 48.0691767 ] ] ], [ [ [ -0.7831959, 48.071291599999988 ], [ -0.7833104, 48.0712109 ], [ -0.7834307, 48.071256 ], [ -0.7834879, 48.0711642 ], [ -0.7832712, 48.0709398 ], [ -0.783092, 48.0711872 ], [ -0.782961, 48.0711745 ], [ -0.7831745, 48.0712162 ], [ -0.7831959, 48.071291599999988 ] ] ], [ [ [ -0.780488, 48.0714114 ], [ -0.7804039, 48.0713276 ], [ -0.7801067, 48.0714434 ], [ -0.7801911, 48.0714747 ], [ -0.780488, 48.0714114 ] ] ], [ [ [ -0.7828088, 48.071865 ], [ -0.783061, 48.0715687 ], [ -0.7829155, 48.0713847 ], [ -0.782656, 48.0713131 ], [ -0.7827142, 48.071161 ], [ -0.782826, 48.0711568 ], [ -0.7826023, 48.071129199999987 ], [ -0.782535, 48.0712059 ], [ -0.7823807, 48.0708461 ], [ -0.7819237, 48.07085 ], [ -0.7815409, 48.0709571 ], [ -0.7808232, 48.0709547 ], [ -0.7807827, 48.0713361 ], [ -0.7806589, 48.0713546 ], [ -0.7807619, 48.0714119 ], [ -0.780732, 48.0714881 ], [ -0.7805596, 48.0714873 ], [ -0.7805106, 48.0716413 ], [ -0.7809225, 48.0716237 ], [ -0.7807857, 48.0714075 ], [ -0.7808856, 48.0713951 ], [ -0.7808724, 48.071158 ], [ -0.7810083, 48.0713399 ], [ -0.7814022, 48.0713099 ], [ -0.7814335, 48.071219299999989 ], [ -0.7815481, 48.0713127 ], [ -0.7812379, 48.071531 ], [ -0.7809143, 48.0714031 ], [ -0.7810151, 48.0716638 ], [ -0.7812507, 48.0715812 ], [ -0.7817875, 48.0716682 ], [ -0.782103, 48.0715268 ], [ -0.7828088, 48.071865 ] ], [ [ -0.7824052, 48.0711156 ], [ -0.7826128, 48.0713179 ], [ -0.7825714, 48.071536099999989 ], [ -0.7822426, 48.0714528 ], [ -0.7821449, 48.0712512 ], [ -0.7817668, 48.0713614 ], [ -0.7816417, 48.0713026 ], [ -0.7817119, 48.0711805 ], [ -0.781862, 48.0712551 ], [ -0.7818917, 48.0711905 ], [ -0.7822827, 48.0711843 ], [ -0.7823392, 48.0712373 ], [ -0.7824052, 48.0711156 ] ] ], [ [ [ -0.7738715, 48.072205 ], [ -0.7738097, 48.0723305 ], [ -0.7744823, 48.0723139 ], [ -0.7741419, 48.072139899999989 ], [ -0.7738715, 48.072205 ] ] ], [ [ [ -0.7738111, 48.0729697 ], [ -0.773989, 48.0731862 ], [ -0.7741352, 48.0731319 ], [ -0.7738111, 48.0729697 ] ] ], [ [ [ -0.7742436, 48.0735956 ], [ -0.7736115, 48.0735164 ], [ -0.7734812, 48.0739303 ], [ -0.7741912, 48.0736874 ], [ -0.7742436, 48.0735956 ] ] ], [ [ [ -0.7748298, 48.0745288 ], [ -0.7745499, 48.0745128 ], [ -0.7743897, 48.0745762 ], [ -0.7748298, 48.0745288 ] ] ], [ [ [ -0.7742892, 48.0745047 ], [ -0.77406, 48.0744768 ], [ -0.7740012, 48.0745786 ], [ -0.7741209, 48.074949 ], [ -0.7744535, 48.0748287 ], [ -0.7742892, 48.0745047 ] ] ], [ [ [ -0.7755919, 48.075236 ], [ -0.7750994, 48.0754848 ], [ -0.775073, 48.0755989 ], [ -0.7753335, 48.0756095 ], [ -0.7756434, 48.0754517 ], [ -0.7755919, 48.075236 ] ] ], [ [ [ -0.7747616, 48.075444 ], [ -0.7748366, 48.0755227 ], [ -0.774923, 48.0755251 ], [ -0.7748651, 48.0754022 ], [ -0.7747616, 48.075444 ] ] ], [ [ [ -0.7755481, 48.0760977 ], [ -0.7759289, 48.0760299 ], [ -0.7758378, 48.0758535 ], [ -0.7758325, 48.0758565 ], [ -0.7755481, 48.0760977 ] ] ], [ [ [ -0.7751431, 48.0767825 ], [ -0.775717, 48.0768845 ], [ -0.7761796, 48.0768354 ], [ -0.7758696, 48.0765059 ], [ -0.7753612, 48.0765565 ], [ -0.7751431, 48.0767825 ] ] ], [ [ [ -0.7379141, 48.0413538 ], [ -0.7377212, 48.0410333 ], [ -0.7370686, 48.0407058 ], [ -0.7375168, 48.0406507 ], [ -0.7382574, 48.0403304 ], [ -0.7379929, 48.0400306 ], [ -0.7371911, 48.0400322 ], [ -0.7367733, 48.0403712 ], [ -0.736829, 48.0406634 ], [ -0.7367248, 48.0408847 ], [ -0.7370234, 48.0411355 ], [ -0.7379141, 48.0413538 ] ] ], [ [ [ -0.7358449, 48.0418242 ], [ -0.7361985, 48.0415395 ], [ -0.7362626, 48.0413235 ], [ -0.7359846, 48.0409705 ], [ -0.7359542, 48.0406025 ], [ -0.7346136, 48.0402516 ], [ -0.7342558, 48.0406925 ], [ -0.733679, 48.0411539 ], [ -0.7337332, 48.0412158 ], [ -0.7344526, 48.0413548 ], [ -0.7347821, 48.0417215 ], [ -0.7347992, 48.0412617 ], [ -0.7350605, 48.041075299999989 ], [ -0.7351252, 48.041141 ], [ -0.7355177, 48.0410064 ], [ -0.7357102, 48.0412534 ], [ -0.7351596, 48.0412398 ], [ -0.7348599, 48.0417774 ], [ -0.7351502, 48.0420329 ], [ -0.7358449, 48.0418242 ] ] ], [ [ [ -0.7474401, 48.057428 ], [ -0.747297, 48.0572796 ], [ -0.7471626, 48.0574098 ], [ -0.7472772, 48.0575442 ], [ -0.7473817, 48.057504 ], [ -0.7477413, 48.0576419 ], [ -0.7475996, 48.0574211 ], [ -0.7474401, 48.057428 ] ] ], [ [ [ -0.746426, 48.0578495 ], [ -0.7467055, 48.0575482 ], [ -0.7463626, 48.0573098 ], [ -0.7461961, 48.0574726 ], [ -0.746268, 48.0576997 ], [ -0.746426, 48.0578495 ] ] ], [ [ [ -0.7493174, 48.057885899999988 ], [ -0.7487994, 48.0577334 ], [ -0.7487549, 48.0579289 ], [ -0.749065, 48.0580932 ], [ -0.7493174, 48.057885899999988 ] ] ], [ [ [ -0.7486187, 48.0580405 ], [ -0.7480839, 48.0577408 ], [ -0.7476725, 48.0578388 ], [ -0.7477213, 48.0580328 ], [ -0.7479786, 48.0579373 ], [ -0.7484899, 48.0581954 ], [ -0.7486187, 48.0580405 ] ] ], [ [ [ -0.7496848, 48.0579503 ], [ -0.7493143, 48.0582542 ], [ -0.7494975, 48.0583537 ], [ -0.7498355, 48.0580721 ], [ -0.7496848, 48.0579503 ] ] ], [ [ [ -0.7485205, 48.0582235 ], [ -0.7484637, 48.0584428 ], [ -0.7486852, 48.0584269 ], [ -0.7488826, 48.0582912 ], [ -0.7485205, 48.0582235 ] ] ], [ [ [ -0.7497529, 48.0589698 ], [ -0.7501811, 48.059131799999989 ], [ -0.7502419, 48.0589892 ], [ -0.7500375, 48.0589367 ], [ -0.7501151, 48.0588969 ], [ -0.7500301, 48.0587513 ], [ -0.7498476, 48.0587608 ], [ -0.7497529, 48.0589698 ] ] ], [ [ [ -0.7504597, 48.058917699999988 ], [ -0.7502847, 48.0589454 ], [ -0.7506158, 48.0591516 ], [ -0.7506986, 48.059025 ], [ -0.7504597, 48.058917699999988 ] ] ], [ [ [ -0.7649691, 48.0676883 ], [ -0.7647962, 48.067645 ], [ -0.7646918, 48.0677683 ], [ -0.7649303, 48.0678895 ], [ -0.7649146, 48.067957 ], [ -0.7656427, 48.0679346 ], [ -0.7651753, 48.06767 ], [ -0.764989, 48.0676858 ], [ -0.7649901, 48.067791799999988 ], [ -0.7649691, 48.0676883 ] ] ], [ [ [ -0.7651586, 48.0690468 ], [ -0.7655629, 48.0689183 ], [ -0.7649954, 48.068983 ], [ -0.7651336, 48.0688783 ], [ -0.7651286, 48.0686601 ], [ -0.7649516, 48.0684557 ], [ -0.7643128, 48.0683098 ], [ -0.7636869, 48.0684665 ], [ -0.7638765, 48.0690879 ], [ -0.7649326, 48.0692938 ], [ -0.7651165, 48.0692252 ], [ -0.7651586, 48.0690468 ] ] ], [ [ [ -0.7613028, 48.0707192 ], [ -0.76114, 48.0703896 ], [ -0.7610159, 48.070397 ], [ -0.7613028, 48.0707192 ] ] ], [ [ [ -0.7612282, 48.070768 ], [ -0.7610466, 48.0705295 ], [ -0.7611444, 48.070771 ], [ -0.7612282, 48.070768 ] ] ], [ [ [ -0.7655242, 48.0810869 ], [ -0.7654912, 48.0812324 ], [ -0.7656586, 48.0814477 ], [ -0.7658952, 48.0812575 ], [ -0.7658516, 48.0811554 ], [ -0.7655242, 48.0810869 ] ] ], [ [ [ -0.7616587, 47.960854399999988 ], [ -0.7583534, 47.9623665 ], [ -0.7528442, 47.9634085 ], [ -0.7515819, 47.9635785 ], [ -0.7460981, 47.9638436 ], [ -0.7458604, 47.9637458 ], [ -0.7442759, 47.9655081 ], [ -0.7427718, 47.9664524 ], [ -0.7427817, 47.9668972 ], [ -0.742136, 47.9673277 ], [ -0.7422681, 47.9676406 ], [ -0.7411712, 47.9687882 ], [ -0.7395345, 47.9700431 ], [ -0.7376991, 47.9729124 ], [ -0.739878, 47.9760873 ], [ -0.7394555, 47.9761278 ], [ -0.7391389, 47.9765847 ], [ -0.7379786, 47.9769892 ], [ -0.7370322, 47.977059 ], [ -0.7365875, 47.976974 ], [ -0.7361127, 47.9769774 ], [ -0.734851, 47.9771995 ], [ -0.7330227, 47.9781396 ], [ -0.7323453, 47.9786764 ], [ -0.7322652, 47.9792529 ], [ -0.7320031, 47.9794756 ], [ -0.7318684, 47.9798114 ], [ -0.7312791, 47.980226599999988 ], [ -0.7309116, 47.9808959 ], [ -0.7301217, 47.9814174 ], [ -0.7293364, 47.981527 ], [ -0.7290351, 47.9825456 ], [ -0.7285465, 47.9831728 ], [ -0.7285298, 47.9834319 ], [ -0.7292762, 47.984065 ], [ -0.7304496, 47.9847206 ], [ -0.7323799, 47.9855476 ], [ -0.7334723, 47.9858715 ], [ -0.7343375, 47.9860188 ], [ -0.7355523, 47.9860604 ], [ -0.736338, 47.985879499999989 ], [ -0.7372663, 47.9853986 ], [ -0.7379174, 47.9853833 ], [ -0.7385976, 47.9855887 ], [ -0.7393683, 47.9860697 ], [ -0.7398651, 47.9866629 ], [ -0.7401616, 47.9874408 ], [ -0.7403914, 47.988548 ], [ -0.7420093, 47.9881974 ], [ -0.7429373, 47.9882633 ], [ -0.7448804, 47.9889051 ], [ -0.7457016, 47.9894735 ], [ -0.7465451, 47.9893304 ], [ -0.7473608, 47.9888711 ], [ -0.7482337, 47.9885756 ], [ -0.7486624, 47.9882043 ], [ -0.7492767, 47.9890901 ], [ -0.7504855, 47.9905057 ], [ -0.751003, 47.9905171 ], [ -0.7529009, 47.9915791 ], [ -0.7549261, 47.9918622 ], [ -0.7554735, 47.9920105 ], [ -0.7556064, 47.9921621 ], [ -0.756305, 47.9923235 ], [ -0.7563155, 47.9925466 ], [ -0.7555754, 47.992691 ], [ -0.7554876, 47.9928335 ], [ -0.7563016, 47.9933345 ], [ -0.7570868, 47.9935815 ], [ -0.7570575, 47.9939815 ], [ -0.7573247, 47.994191 ], [ -0.7579517, 47.9941944 ], [ -0.7584303, 47.9943178 ], [ -0.7586744, 47.9940695 ], [ -0.7588424, 47.9940164 ], [ -0.7601039, 47.9938625 ], [ -0.7606311, 47.9940276 ], [ -0.76203, 47.994127 ], [ -0.762454, 47.9944459 ], [ -0.76266, 47.9944933 ], [ -0.7628677, 47.9944308 ], [ -0.7629484, 47.9942264 ], [ -0.763185, 47.9941738 ], [ -0.7636075, 47.9944531 ], [ -0.7649939, 47.9944889 ], [ -0.7656679, 47.9947943 ], [ -0.7666939, 47.9947822 ], [ -0.7672587, 47.9952128 ], [ -0.7676952, 47.9952916 ], [ -0.7683372, 47.9951088 ], [ -0.768203, 47.9958636 ], [ -0.7672083, 47.9965045 ], [ -0.7675729, 47.9968938 ], [ -0.7675673, 47.9971174 ], [ -0.7673604, 47.9974727 ], [ -0.7675755, 47.9977415 ], [ -0.7675197, 47.9979378 ], [ -0.7677025, 47.9980365 ], [ -0.7676809, 47.9982228 ], [ -0.7683702, 47.9987422 ], [ -0.7688037, 47.9988165 ], [ -0.7691959, 47.9991409 ], [ -0.7691573, 47.9993332 ], [ -0.7688451, 47.9996243 ], [ -0.7688113, 47.9998659 ], [ -0.7682926, 48.0001042 ], [ -0.7684935, 48.0010221 ], [ -0.7682557, 48.0015856 ], [ -0.7684931, 48.0020537 ], [ -0.7691958, 48.0026474 ], [ -0.7698325, 48.0034441 ], [ -0.7698121, 48.0035916 ], [ -0.7696351, 48.0036315 ], [ -0.769634, 48.0045028 ], [ -0.7697939, 48.0051643 ], [ -0.769991, 48.0054823 ], [ -0.7699848, 48.0058663 ], [ -0.7700974, 48.0060898 ], [ -0.7707338, 48.0065811 ], [ -0.7709983, 48.0069014 ], [ -0.7711651, 48.0085088 ], [ -0.7713355, 48.0086952 ], [ -0.7715082, 48.0088383 ], [ -0.7718265, 48.0088975 ], [ -0.7740958, 48.0087499 ], [ -0.7769337, 48.0084434 ], [ -0.7781475, 48.0082387 ], [ -0.7794865, 48.0077371 ], [ -0.7793562, 48.0084692 ], [ -0.780157, 48.0084029 ], [ -0.7806637, 48.0082037 ], [ -0.7806626, 48.0094471 ], [ -0.7826237, 48.0092723 ], [ -0.7836151, 48.0093728 ], [ -0.7837545, 48.009708 ], [ -0.7836878, 48.0106156 ], [ -0.7824898, 48.0109118 ], [ -0.7818508, 48.0115522 ], [ -0.7815322, 48.0122796 ], [ -0.7828153, 48.0125167 ], [ -0.7836121, 48.0121676 ], [ -0.7841496, 48.0116665 ], [ -0.7845976, 48.0119792 ], [ -0.7848191, 48.0122603 ], [ -0.7850362, 48.0139264 ], [ -0.7861647, 48.0138603 ], [ -0.7867487, 48.0136703 ], [ -0.7875143, 48.013543 ], [ -0.7879182, 48.0132957 ], [ -0.788134, 48.0139465 ], [ -0.7886177, 48.0139696 ], [ -0.7891743, 48.0141102 ], [ -0.7901612, 48.0141109 ], [ -0.7913215, 48.0143564 ], [ -0.7910207, 48.0151994 ], [ -0.7908323, 48.0163191 ], [ -0.7910766, 48.0192428 ], [ -0.7953389, 48.0190558 ], [ -0.7931685, 48.0222377 ], [ -0.7961942, 48.0229671 ], [ -0.7984907, 48.0239597 ], [ -0.7971858, 48.0258767 ], [ -0.7955304, 48.0271022 ], [ -0.7951816, 48.027463 ], [ -0.7946989, 48.0279994 ], [ -0.7937499, 48.0294498 ], [ -0.7931987, 48.0300983 ], [ -0.8030261, 48.0323712 ], [ -0.8014974, 48.0352117 ], [ -0.8009584, 48.0352264 ], [ -0.800398, 48.0363824 ], [ -0.8002027, 48.0364869 ], [ -0.790505, 48.0372349 ], [ -0.7889808, 48.0374849 ], [ -0.7881065, 48.0378446 ], [ -0.780988, 48.0390602 ], [ -0.7819682, 48.0434392 ], [ -0.7801357, 48.0474205 ], [ -0.7763359, 48.0511092 ], [ -0.7754166, 48.0517336 ], [ -0.7741298, 48.0539894 ], [ -0.773705, 48.0545483 ], [ -0.7741123, 48.0555224 ], [ -0.7739515, 48.056051599999989 ], [ -0.7729974, 48.0569783 ], [ -0.7719584, 48.0573113 ], [ -0.7707932, 48.0575503 ], [ -0.7693923, 48.0581816 ], [ -0.7683735, 48.0582613 ], [ -0.7675614, 48.0580036 ], [ -0.7669394, 48.0583556 ], [ -0.7660465, 48.0584432 ], [ -0.7660055, 48.0586942 ], [ -0.7658914, 48.0587597 ], [ -0.7659898, 48.0588852 ], [ -0.7658598, 48.0589468 ], [ -0.7658257, 48.0591832 ], [ -0.7654138, 48.0594627 ], [ -0.7655831, 48.0596704 ], [ -0.7655765, 48.0597737 ], [ -0.7653443, 48.0598904 ], [ -0.7653749, 48.06017 ], [ -0.7650882, 48.0601353 ], [ -0.7650319, 48.0603772 ], [ -0.7646349, 48.060584 ], [ -0.7644704, 48.0605851 ], [ -0.7644571, 48.060667 ], [ -0.7643261, 48.0606189 ], [ -0.7641406, 48.0606818 ], [ -0.7642772, 48.0603355 ], [ -0.764172, 48.060258 ], [ -0.7639163, 48.0602665 ], [ -0.7636786, 48.0600427 ], [ -0.7632556, 48.060223 ], [ -0.7635003, 48.0606346 ], [ -0.7633127, 48.0610834 ], [ -0.7640778, 48.0618208 ], [ -0.7651087, 48.0630906 ], [ -0.7656024, 48.0634704 ], [ -0.7658515, 48.063995299999988 ], [ -0.7669827, 48.0652309 ], [ -0.7670631, 48.0654417 ], [ -0.7679233, 48.0664858 ], [ -0.7681063, 48.0669532 ], [ -0.7684215, 48.0671075 ], [ -0.7696184, 48.0684401 ], [ -0.7701932, 48.0695917 ], [ -0.7705233, 48.0699565 ], [ -0.7706291, 48.0702904 ], [ -0.7711212, 48.0710186 ], [ -0.772279, 48.0710642 ], [ -0.7727727, 48.0710168 ], [ -0.773509, 48.0711441 ], [ -0.7736085, 48.0713159 ], [ -0.773901, 48.0713102 ], [ -0.7739116, 48.0714094 ], [ -0.774127, 48.071515 ], [ -0.7743652, 48.0712013 ], [ -0.7739732, 48.0710542 ], [ -0.7737271, 48.0710718 ], [ -0.7736814, 48.0709894 ], [ -0.7737197, 48.0708592 ], [ -0.7741841, 48.0706523 ], [ -0.7744589, 48.0709022 ], [ -0.7750047, 48.0707368 ], [ -0.7752274, 48.0708217 ], [ -0.775524, 48.0707318 ], [ -0.776165, 48.0707424 ], [ -0.7762449, 48.0706816 ], [ -0.7763403, 48.0707401 ], [ -0.7765902, 48.0706958 ], [ -0.7768676, 48.0707587 ], [ -0.777224, 48.0706719 ], [ -0.7776591, 48.0706736 ], [ -0.7777191, 48.070959599999988 ], [ -0.778144, 48.0708894 ], [ -0.7781531, 48.0712172 ], [ -0.7783612, 48.0713233 ], [ -0.7787662, 48.0713379 ], [ -0.7791454, 48.0712127 ], [ -0.778845, 48.070886 ], [ -0.7785873, 48.0707562 ], [ -0.77807, 48.070735 ], [ -0.7782486, 48.0705654 ], [ -0.7783478, 48.0706336 ], [ -0.7787248, 48.0706081 ], [ -0.7788371, 48.0706612 ], [ -0.7790346, 48.0705745 ], [ -0.7791313, 48.0706399 ], [ -0.7793326, 48.0706144 ], [ -0.7793669, 48.0705203 ], [ -0.7795633, 48.070585 ], [ -0.7797568, 48.070497 ], [ -0.7800842, 48.0705542 ], [ -0.7802122, 48.070672 ], [ -0.7803056, 48.0705559 ], [ -0.7805334, 48.0705779 ], [ -0.7806112, 48.070432 ], [ -0.7808221, 48.0705442 ], [ -0.7810197, 48.0704977 ], [ -0.7811904, 48.0707203 ], [ -0.7814742, 48.0705663 ], [ -0.7816261, 48.0705891 ], [ -0.7816933, 48.0704594 ], [ -0.7819604, 48.0705542 ], [ -0.7822704, 48.0704011 ], [ -0.7823595, 48.0701982 ], [ -0.7825493, 48.0704713 ], [ -0.7828669, 48.0704636 ], [ -0.7829118, 48.0703449 ], [ -0.78322, 48.0705209 ], [ -0.7834607, 48.0704556 ], [ -0.7835675, 48.0705509 ], [ -0.7836134, 48.0704189 ], [ -0.7837464, 48.0703972 ], [ -0.7838964, 48.0703911 ], [ -0.7840463, 48.0704872 ], [ -0.7842595, 48.0703824 ], [ -0.784374, 48.0704535 ], [ -0.7846653, 48.0703368 ], [ -0.7848761, 48.0703733 ], [ -0.7849331, 48.0704908 ], [ -0.7851943, 48.0704295 ], [ -0.7852335, 48.0702795 ], [ -0.7853674, 48.070359 ], [ -0.7857787, 48.0703586 ], [ -0.7859384, 48.0702976 ], [ -0.7864253, 48.0702978 ], [ -0.7865244, 48.070211 ], [ -0.7867108, 48.0703062 ], [ -0.7868472, 48.0702037 ], [ -0.787072, 48.070249 ], [ -0.7872059, 48.0701494 ], [ -0.7872655, 48.0702293 ], [ -0.7875143, 48.0702092 ], [ -0.787668, 48.0703096 ], [ -0.7877297, 48.0702051 ], [ -0.7878548, 48.0702763 ], [ -0.7879253, 48.0702135 ], [ -0.7881404, 48.0703449 ], [ -0.7882823, 48.0701838 ], [ -0.7883612, 48.0702336 ], [ -0.7889417, 48.0701625 ], [ -0.7893317, 48.070294 ], [ -0.7897513, 48.0702854 ], [ -0.7899693, 48.0701957 ], [ -0.7903005, 48.0702857 ], [ -0.7904778, 48.0701565 ], [ -0.7906643, 48.0701565 ], [ -0.7909987, 48.0703019 ], [ -0.7913204, 48.0700204 ], [ -0.791644, 48.0699561 ], [ -0.7918675, 48.0699945 ], [ -0.7921733, 48.0696869 ], [ -0.7928154, 48.0694345 ], [ -0.7929346, 48.0695139 ], [ -0.7941571, 48.0692328 ], [ -0.7958142, 48.0692933 ], [ -0.7961785, 48.0691486 ], [ -0.7964354, 48.0692375 ], [ -0.7967399, 48.0689585 ], [ -0.7972777, 48.0690956 ], [ -0.7978136, 48.0688347 ], [ -0.7980129, 48.0688563 ], [ -0.7985977, 48.0692307 ], [ -0.7987052, 48.0689567 ], [ -0.7993829, 48.0682805 ], [ -0.799524, 48.0685728 ], [ -0.7998981, 48.0686991 ], [ -0.8003388, 48.0685407 ], [ -0.8006215, 48.068769 ], [ -0.8008384, 48.0686702 ], [ -0.8012127, 48.0686918 ], [ -0.8013378, 48.0688062 ], [ -0.8016608, 48.0686364 ], [ -0.8019835, 48.0687498 ], [ -0.802171, 48.0691441 ], [ -0.8030959, 48.0678095 ], [ -0.803273, 48.0668516 ], [ -0.8031527, 48.0662248 ], [ -0.8035161, 48.0654284 ], [ -0.8035685, 48.0650546 ], [ -0.8044537, 48.0642809 ], [ -0.8061275, 48.0633358 ], [ -0.8061651, 48.0628868 ], [ -0.8060169, 48.0626204 ], [ -0.8057384, 48.0607294 ], [ -0.8055011, 48.0600281 ], [ -0.806421, 48.0597947 ], [ -0.8059315, 48.0594168 ], [ -0.8051442, 48.0585035 ], [ -0.8051803, 48.0581834 ], [ -0.8054041, 48.0578573 ], [ -0.8037188, 48.0572964 ], [ -0.8019989, 48.0563087 ], [ -0.8005116, 48.0556396 ], [ -0.798914, 48.0550065 ], [ -0.796718, 48.0543287 ], [ -0.7963026, 48.0539142 ], [ -0.7965144, 48.0539262 ], [ -0.7994287, 48.0513772 ], [ -0.7994765, 48.0512378 ], [ -0.8017658, 48.0493071 ], [ -0.8031228, 48.0476974 ], [ -0.8046261, 48.0461821 ], [ -0.8056302, 48.0445252 ], [ -0.805664, 48.0441367 ], [ -0.8060001, 48.0439898 ], [ -0.808299, 48.043879399999987 ], [ -0.8088103, 48.0437034 ], [ -0.8090454, 48.0437219 ], [ -0.8092546, 48.0436232 ], [ -0.8096204, 48.043069 ], [ -0.8104758, 48.04228 ], [ -0.8107226, 48.0421621 ], [ -0.8112574, 48.0420881 ], [ -0.8108878, 48.0412847 ], [ -0.8124769, 48.0409269 ], [ -0.8118653, 48.0396728 ], [ -0.8158717, 48.0389888 ], [ -0.8159113, 48.038774 ], [ -0.8178893, 48.0386513 ], [ -0.8184489, 48.0390151 ], [ -0.8185426, 48.0394562 ], [ -0.8201001, 48.0386453 ], [ -0.8206848, 48.0388723 ], [ -0.8216299, 48.0380262 ], [ -0.8219606, 48.0380668 ], [ -0.8220858, 48.0382934 ], [ -0.8227663, 48.0379505 ], [ -0.8235549, 48.0387691 ], [ -0.8260989, 48.0369431 ], [ -0.8275658, 48.0383161 ], [ -0.8295681, 48.0372671 ], [ -0.8311236, 48.0385076 ], [ -0.8336868, 48.0370807 ], [ -0.8350274, 48.0365046 ], [ -0.8350674, 48.0385394 ], [ -0.8347971, 48.0391654 ], [ -0.8349646, 48.0400861 ], [ -0.8353424, 48.0403864 ], [ -0.8357371, 48.0405312 ], [ -0.8371231, 48.0408221 ], [ -0.8378811, 48.0414181 ], [ -0.8379603, 48.0418435 ], [ -0.8384816, 48.0422878 ], [ -0.8384363, 48.0424965 ], [ -0.8385751, 48.0430776 ], [ -0.8390788, 48.0432981 ], [ -0.8402927, 48.0434729 ], [ -0.841928, 48.0439015 ], [ -0.8424122, 48.043928 ], [ -0.842708, 48.0441337 ], [ -0.8435347, 48.0444365 ], [ -0.8490347, 48.047364099999989 ], [ -0.8499941, 48.0476976 ], [ -0.8514076, 48.0480108 ], [ -0.8510967, 48.0485949 ], [ -0.852211, 48.0488764 ], [ -0.8530632, 48.047553 ], [ -0.8543865, 48.0479916 ], [ -0.8622683, 48.0477692 ], [ -0.8624279, 48.0486848 ], [ -0.8623688, 48.0489435 ], [ -0.8625449, 48.049644 ], [ -0.8627913, 48.049963 ], [ -0.8627302, 48.0502308 ], [ -0.862853, 48.0503484 ], [ -0.8627079, 48.0506243 ], [ -0.8628783, 48.0507314 ], [ -0.8634215, 48.050791 ], [ -0.8636317, 48.0509463 ], [ -0.8635808, 48.0511146 ], [ -0.863245, 48.0511716 ], [ -0.8632723, 48.0513978 ], [ -0.8635894, 48.0516919 ], [ -0.8635515, 48.0518724 ], [ -0.8641987, 48.0527846 ], [ -0.8645455, 48.0528606 ], [ -0.8649004, 48.0532661 ], [ -0.8648091, 48.053488 ], [ -0.8648275, 48.0544757 ], [ -0.8644443, 48.0548406 ], [ -0.8645869, 48.0552657 ], [ -0.865238, 48.0561029 ], [ -0.8653637, 48.056333 ], [ -0.8653758, 48.056665099999989 ], [ -0.8655603, 48.0568716 ], [ -0.8662447, 48.056914 ], [ -0.8667646, 48.0570582 ], [ -0.8673948, 48.0576087 ], [ -0.8672104, 48.0579544 ], [ -0.8673395, 48.0581943 ], [ -0.8668538, 48.0586455 ], [ -0.8670965, 48.0590618 ], [ -0.8670284, 48.0591956 ], [ -0.8667596, 48.0593423 ], [ -0.8667913, 48.0594647 ], [ -0.8671051, 48.0595463 ], [ -0.8673841, 48.0593362 ], [ -0.8675256, 48.0593234 ], [ -0.867481, 48.0595961 ], [ -0.8678973, 48.0596644 ], [ -0.8677111, 48.059875 ], [ -0.8680662, 48.0602841 ], [ -0.8682403, 48.0603676 ], [ -0.8684723, 48.060269 ], [ -0.8692348, 48.0601826 ], [ -0.8693599, 48.0602947 ], [ -0.8695396, 48.0602897 ], [ -0.8715356, 48.059961 ], [ -0.8724702, 48.0600051 ], [ -0.8727939, 48.0600935 ], [ -0.8732509, 48.0600208 ], [ -0.8736823, 48.0597273 ], [ -0.8738123, 48.0597771 ], [ -0.873829, 48.0599874 ], [ -0.8741927, 48.059906 ], [ -0.8743381, 48.0602031 ], [ -0.8744686, 48.060187 ], [ -0.8745265, 48.0599689 ], [ -0.874613, 48.0599571 ], [ -0.8750052, 48.0601919 ], [ -0.8751488, 48.060061 ], [ -0.8754749, 48.0600719 ], [ -0.8757344, 48.059945399999989 ], [ -0.876124, 48.0600352 ], [ -0.8767398, 48.0598915 ], [ -0.8770206, 48.0595057 ], [ -0.8772124, 48.0595372 ], [ -0.8776961, 48.0598096 ], [ -0.8784184, 48.0598182 ], [ -0.8787737, 48.0596047 ], [ -0.8791732, 48.0595546 ], [ -0.879717, 48.0592907 ], [ -0.8806611, 48.0593181 ], [ -0.8810798, 48.0592539 ], [ -0.8816175, 48.05931 ], [ -0.8827843, 48.0590021 ], [ -0.8828784, 48.0575016 ], [ -0.883103, 48.0571554 ], [ -0.8844282, 48.056315299999987 ], [ -0.8848955, 48.0559259 ], [ -0.885178, 48.0555454 ], [ -0.8856417, 48.0552904 ], [ -0.8860574, 48.0548208 ], [ -0.886449, 48.0539321 ], [ -0.886977, 48.0534003 ], [ -0.8877619, 48.0529076 ], [ -0.8883175, 48.0527875 ], [ -0.8886722, 48.0526046 ], [ -0.8885318, 48.0519181 ], [ -0.8885572, 48.05071 ], [ -0.888416, 48.0501425 ], [ -0.8878895, 48.0496149 ], [ -0.887289, 48.0492887 ], [ -0.8870499, 48.0487957 ], [ -0.8876571, 48.0485008 ], [ -0.8880907, 48.047618 ], [ -0.8892914, 48.0465683 ], [ -0.8903156, 48.0450929 ], [ -0.8904591, 48.0449791 ], [ -0.89113, 48.0450398 ], [ -0.8940381, 48.0447364 ], [ -0.8942104, 48.045361299999989 ], [ -0.8949266, 48.04518 ], [ -0.8951655, 48.0452126 ], [ -0.8957866, 48.0451263 ], [ -0.8973095, 48.0446226 ], [ -0.8989579, 48.0437815 ], [ -0.8999033, 48.0434285 ], [ -0.9001712, 48.0430898 ], [ -0.9005033, 48.0421625 ], [ -0.9022054, 48.0404483 ], [ -0.9026626, 48.040107 ], [ -0.9037478, 48.0401025 ], [ -0.9046353, 48.0399136 ], [ -0.9049006, 48.0396309 ], [ -0.9053319, 48.0394129 ], [ -0.9057349, 48.0384102 ], [ -0.9064361, 48.0379725 ], [ -0.9077447, 48.0377741 ], [ -0.9088489, 48.0380446 ], [ -0.9093492, 48.0375244 ], [ -0.9096535, 48.037353 ], [ -0.9098703, 48.0367592 ], [ -0.90967, 48.0358306 ], [ -0.9096645, 48.035265 ], [ -0.9102006, 48.034539 ], [ -0.9103617, 48.0340462 ], [ -0.9108935, 48.0337168 ], [ -0.9109376, 48.0334774 ], [ -0.9121219, 48.0331615 ], [ -0.9136704, 48.0322846 ], [ -0.9142787, 48.0329167 ], [ -0.9146082, 48.0330679 ], [ -0.9146314, 48.0334357 ], [ -0.915227, 48.03366 ], [ -0.9151275, 48.0338039 ], [ -0.9153324, 48.0341412 ], [ -0.9160934, 48.0347854 ], [ -0.916213, 48.034985899999988 ], [ -0.9177332, 48.0343974 ], [ -0.9178181, 48.0344009 ], [ -0.9180882, 48.0348739 ], [ -0.9188971, 48.0346776 ], [ -0.9199555, 48.0349288 ], [ -0.9214906, 48.0340352 ], [ -0.9223772, 48.0336173 ], [ -0.9220791, 48.0334561 ], [ -0.9223834, 48.0332486 ], [ -0.9228336, 48.0331606 ], [ -0.923219, 48.0332126 ], [ -0.9246682, 48.0337346 ], [ -0.9254564, 48.0340372 ], [ -0.9259388, 48.0343112 ], [ -0.9266682, 48.0344905 ], [ -0.9273277, 48.0347604 ], [ -0.9277021, 48.034738 ], [ -0.9263692, 48.0339734 ], [ -0.9254959, 48.0332655 ], [ -0.9236459, 48.0310351 ], [ -0.923793, 48.0284173 ], [ -0.9235534, 48.0282108 ], [ -0.9213269, 48.0248099 ], [ -0.920647, 48.0239901 ], [ -0.9207425, 48.0236112 ], [ -0.921166, 48.0231466 ], [ -0.9239215, 48.0212365 ], [ -0.9228396, 48.019994 ], [ -0.9213509, 48.01772 ], [ -0.9205693, 48.0160882 ], [ -0.9203769, 48.0153395 ], [ -0.9176394, 48.0155479 ], [ -0.9125549, 48.0167434 ], [ -0.9100392, 48.017046 ], [ -0.9080641, 48.0170333 ], [ -0.904756, 48.016499 ], [ -0.9034045, 48.0166547 ], [ -0.9026909, 48.0164846 ], [ -0.9023292, 48.0160957 ], [ -0.9023236, 48.0158013 ], [ -0.9027329, 48.0143947 ], [ -0.9030678, 48.0141836 ], [ -0.9033955, 48.0137645 ], [ -0.9036491, 48.0136525 ], [ -0.904146, 48.0135991 ], [ -0.9049989, 48.0130554 ], [ -0.9052164, 48.0125823 ], [ -0.9047729, 48.0119754 ], [ -0.904782, 48.0116444 ], [ -0.9051333, 48.0114363 ], [ -0.9053464, 48.011504 ], [ -0.9056835, 48.0114325 ], [ -0.9059973, 48.0112635 ], [ -0.9067977, 48.0110278 ], [ -0.9073738, 48.0107005 ], [ -0.9076629, 48.0103422 ], [ -0.9079281, 48.0102605 ], [ -0.9082579, 48.01029 ], [ -0.9084247, 48.0101854 ], [ -0.9085217, 48.0098434 ], [ -0.9089794, 48.0093137 ], [ -0.9092043, 48.0087962 ], [ -0.9083455, 48.0083851 ], [ -0.9078218, 48.0082935 ], [ -0.9075001, 48.0083186 ], [ -0.9072217, 48.0084215 ], [ -0.9068592, 48.0087309 ], [ -0.9060272, 48.0090838 ], [ -0.9049499, 48.0093151 ], [ -0.9033038, 48.0094248 ], [ -0.9022585, 48.0093973 ], [ -0.9021636, 48.0090031 ], [ -0.901418, 48.0089612 ], [ -0.8988187, 48.0092014 ], [ -0.8983098, 48.0091273 ], [ -0.8974868, 48.0088735 ], [ -0.8969974, 48.0084455 ], [ -0.8969084, 48.0080016 ], [ -0.896666, 48.0078096 ], [ -0.8952627, 48.0075335 ], [ -0.8937238, 48.0076034 ], [ -0.8922066, 48.0074401 ], [ -0.8917291, 48.0070442 ], [ -0.8913202, 48.0068333 ], [ -0.8904327, 48.0075826 ], [ -0.8894768, 48.0076016 ], [ -0.8894491, 48.0077008 ], [ -0.8879674, 48.0077822 ], [ -0.8879066, 48.0080149 ], [ -0.8856329, 48.0081531 ], [ -0.8846992, 48.0081281 ], [ -0.8846546, 48.0078484 ], [ -0.8825075, 48.0080302 ], [ -0.8804289, 48.0079366 ], [ -0.8792485, 48.0080441 ], [ -0.8779179, 48.0077681 ], [ -0.8743889, 48.007634 ], [ -0.8726173, 48.0074419 ], [ -0.8717375, 48.0075105 ], [ -0.8716263, 48.0072195 ], [ -0.8697561, 48.0074234 ], [ -0.8672398, 48.0057655 ], [ -0.8661527, 48.0055139 ], [ -0.8649755, 48.0054255 ], [ -0.8644481, 48.0041788 ], [ -0.8650402, 48.00337 ], [ -0.8650641, 48.0031629 ], [ -0.8648472, 48.0029691 ], [ -0.8637547, 48.0026789 ], [ -0.8636246, 48.0017056 ], [ -0.8630379, 47.9999941 ], [ -0.8623119, 47.9989124 ], [ -0.8618607, 47.9985605 ], [ -0.8613576, 47.9983987 ], [ -0.8613688, 47.9976874 ], [ -0.8612401, 47.9974862 ], [ -0.861753, 47.9930518 ], [ -0.8628284, 47.9929084 ], [ -0.8634924, 47.9929019 ], [ -0.8639631, 47.9925828 ], [ -0.8646038, 47.9924049 ], [ -0.8652745, 47.9920135 ], [ -0.8660541, 47.9913472 ], [ -0.8663596, 47.9904398 ], [ -0.8669894, 47.9899649 ], [ -0.8670875, 47.9895265 ], [ -0.8669842, 47.9892326 ], [ -0.8663522, 47.9883155 ], [ -0.8638515, 47.9877598 ], [ -0.8634999, 47.987521799999989 ], [ -0.8633592, 47.9868074 ], [ -0.8630901, 47.9862829 ], [ -0.8612835, 47.9856359 ], [ -0.8604912, 47.9852429 ], [ -0.8598314, 47.9850483 ], [ -0.8595879, 47.9846347 ], [ -0.8592012, 47.9843555 ], [ -0.858943, 47.9842198 ], [ -0.8585974, 47.9841915 ], [ -0.8584607, 47.9840464 ], [ -0.8579838, 47.9838927 ], [ -0.8566709, 47.9850863 ], [ -0.8559195, 47.9851245 ], [ -0.854795, 47.9856795 ], [ -0.8543969, 47.9861475 ], [ -0.854097, 47.9862141 ], [ -0.8532441, 47.9866466 ], [ -0.8532367, 47.9870064 ], [ -0.8529417, 47.9869728 ], [ -0.8525927, 47.9874897 ], [ -0.8516612, 47.9879869 ], [ -0.8506335, 47.9882504 ], [ -0.8497149, 47.9878182 ], [ -0.8493434, 47.987379 ], [ -0.8493403, 47.9870214 ], [ -0.8496374, 47.9863828 ], [ -0.8477002, 47.9859309 ], [ -0.8470364, 47.9861418 ], [ -0.8467501, 47.986044 ], [ -0.8467267, 47.9856474 ], [ -0.8449807, 47.985610799999989 ], [ -0.8441428, 47.9857527 ], [ -0.8438743, 47.9851785 ], [ -0.8426492, 47.9852366 ], [ -0.8404445, 47.9858709 ], [ -0.8396528, 47.9861679 ], [ -0.8388214, 47.9855302 ], [ -0.8377025, 47.9864235 ], [ -0.8375406, 47.9866712 ], [ -0.8373512, 47.9866323 ], [ -0.837202, 47.9864624 ], [ -0.8368624, 47.985684199999987 ], [ -0.8361486, 47.9858346 ], [ -0.8363508, 47.9864028 ], [ -0.8348032, 47.9868272 ], [ -0.8335255, 47.987623 ], [ -0.8333103, 47.987357 ], [ -0.8330312, 47.9865796 ], [ -0.8328453, 47.9855874 ], [ -0.832178, 47.9856199 ], [ -0.8315116, 47.985387599999989 ], [ -0.8304343, 47.985411 ], [ -0.8297336, 47.9852978 ], [ -0.8283291, 47.9854553 ], [ -0.8282371, 47.9851844 ], [ -0.8277296, 47.9854793 ], [ -0.8260157, 47.9836385 ], [ -0.8238334, 47.9822419 ], [ -0.8233233, 47.9827414 ], [ -0.8229474, 47.982776099999988 ], [ -0.8225031, 47.982068 ], [ -0.8217929, 47.9814127 ], [ -0.8212668, 47.9811334 ], [ -0.8207055, 47.9804768 ], [ -0.8200087, 47.9791876 ], [ -0.8196892, 47.9778096 ], [ -0.8195262, 47.9762184 ], [ -0.8191328, 47.9752094 ], [ -0.8187733, 47.975304 ], [ -0.8181545, 47.974743 ], [ -0.8178242, 47.9746645 ], [ -0.8168466, 47.9746539 ], [ -0.8165085, 47.9743 ], [ -0.8158504, 47.9741989 ], [ -0.8153474, 47.973698 ], [ -0.8149807, 47.9731703 ], [ -0.814836, 47.9730993 ], [ -0.8139519, 47.9732487 ], [ -0.8137995, 47.9730338 ], [ -0.8137624, 47.9727224 ], [ -0.813807, 47.9715902 ], [ -0.8141248, 47.9706933 ], [ -0.8137244, 47.9698099 ], [ -0.8122663, 47.9689364 ], [ -0.8109091, 47.9674334 ], [ -0.8103154, 47.9672734 ], [ -0.8095867, 47.9667672 ], [ -0.8086304, 47.9659865 ], [ -0.8075978, 47.9649829 ], [ -0.8067347, 47.965947 ], [ -0.80615, 47.9661191 ], [ -0.8041322, 47.9663782 ], [ -0.8038816, 47.965616 ], [ -0.8028613, 47.9657373 ], [ -0.8026269, 47.9654061 ], [ -0.8021717, 47.9654001 ], [ -0.8009984, 47.9658561 ], [ -0.8008874, 47.96573 ], [ -0.800926, 47.9654449 ], [ -0.8017994, 47.9650905 ], [ -0.8016614, 47.9644949 ], [ -0.8008343, 47.9640541 ], [ -0.8005861, 47.9641666 ], [ -0.7995034, 47.9627988 ], [ -0.8004232, 47.962643799999988 ], [ -0.800811, 47.9624953 ], [ -0.7997771, 47.9622944 ], [ -0.7993388, 47.9622807 ], [ -0.7991503, 47.9611858 ], [ -0.7989087, 47.9609035 ], [ -0.797053, 47.9598472 ], [ -0.7960668, 47.9590186 ], [ -0.7957409, 47.9589634 ], [ -0.7954593, 47.9590211 ], [ -0.7948924, 47.958916 ], [ -0.7945452, 47.958975 ], [ -0.7945885, 47.9586429 ], [ -0.7943162, 47.9571813 ], [ -0.7943409, 47.9559156 ], [ -0.7948335, 47.9539716 ], [ -0.7947313, 47.9535001 ], [ -0.7956089, 47.9526257 ], [ -0.7957528, 47.9522192 ], [ -0.7925932, 47.9527853 ], [ -0.7906516, 47.9527723 ], [ -0.7893882, 47.9525662 ], [ -0.7892529, 47.9545761 ], [ -0.7899271, 47.9549075 ], [ -0.7899276, 47.9550832 ], [ -0.7890266, 47.9558754 ], [ -0.7881645, 47.9564249 ], [ -0.7879092, 47.9568313 ], [ -0.7874804, 47.9571181 ], [ -0.7867788, 47.9578489 ], [ -0.7860206, 47.9582383 ], [ -0.7845005, 47.9586656 ], [ -0.7836498, 47.9591507 ], [ -0.7827229, 47.9594698 ], [ -0.7807838, 47.9597395 ], [ -0.7798488, 47.9600966 ], [ -0.7791969, 47.9600959 ], [ -0.7766344, 47.9606162 ], [ -0.7752539, 47.9607273 ], [ -0.7736995, 47.9610691 ], [ -0.7729396, 47.9611539 ], [ -0.7690872, 47.9612496 ], [ -0.7669634, 47.9608294 ], [ -0.7662044, 47.9609835 ], [ -0.7651681, 47.9609356 ], [ -0.7636025, 47.9606489 ], [ -0.7627313, 47.960413699999989 ], [ -0.7623604, 47.9604418 ], [ -0.7617278, 47.9606188 ], [ -0.7616587, 47.960854399999988 ] ], [ [ -0.7881413, 48.0525533 ], [ -0.7882423, 48.0519779 ], [ -0.7890996, 48.0518596 ], [ -0.7915731, 48.0526983 ], [ -0.7915906, 48.0528711 ], [ -0.7908231, 48.0535953 ], [ -0.7905058, 48.0537555 ], [ -0.7902794, 48.0537503 ], [ -0.7887916, 48.0534085 ], [ -0.7881413, 48.0525533 ] ], [ [ -0.7687949, 48.0631878 ], [ -0.7694268, 48.0631448 ], [ -0.7699851, 48.0635061 ], [ -0.770153, 48.0638592 ], [ -0.7699607, 48.0638563 ], [ -0.7698237, 48.0636825 ], [ -0.7696829, 48.0636952 ], [ -0.7687949, 48.0631878 ] ], [ [ -0.7694866, 48.0642092 ], [ -0.7698518, 48.063881 ], [ -0.7699247, 48.063916 ], [ -0.7694866, 48.0642092 ] ], [ [ -0.771093, 48.0639354 ], [ -0.7715034, 48.0639895 ], [ -0.7709466, 48.0644205 ], [ -0.7707927, 48.0642061 ], [ -0.771093, 48.0639354 ] ], [ [ -0.7692035, 48.0648197 ], [ -0.7700978, 48.0640271 ], [ -0.7702644, 48.0640957 ], [ -0.7697325, 48.0644931 ], [ -0.7704074, 48.0641671 ], [ -0.7704493, 48.0642763 ], [ -0.7699522, 48.0648427 ], [ -0.7695271, 48.0649981 ], [ -0.7692035, 48.0648197 ] ], [ [ -0.7707196, 48.0643933 ], [ -0.7709989, 48.0644935 ], [ -0.7708566, 48.0646013 ], [ -0.7700879, 48.0648029 ], [ -0.7707196, 48.0643933 ] ], [ [ -0.7657634, 48.0602901 ], [ -0.7656768, 48.0604289 ], [ -0.7655066, 48.060295 ], [ -0.765687, 48.0602263 ], [ -0.7657634, 48.0602901 ] ], [ [ -0.7668689, 48.0606954 ], [ -0.7670946, 48.0609011 ], [ -0.7668011, 48.0609994 ], [ -0.7665351, 48.0610218 ], [ -0.7661987, 48.0608594 ], [ -0.7663858, 48.0606052 ], [ -0.7665524, 48.0605856 ], [ -0.7668689, 48.0606954 ] ], [ [ -0.7653482, 48.0602732 ], [ -0.7656506, 48.0605253 ], [ -0.7655823, 48.0605811 ], [ -0.7657568, 48.0604997 ], [ -0.7659054, 48.0607543 ], [ -0.7659756, 48.0607209 ], [ -0.7660495, 48.0610115 ], [ -0.765981, 48.0610908 ], [ -0.7663031, 48.0610598 ], [ -0.7664943, 48.0612316 ], [ -0.7664203, 48.0613013 ], [ -0.766592, 48.0613376 ], [ -0.7666862, 48.0616067 ], [ -0.7668109, 48.0616086 ], [ -0.766272, 48.062175 ], [ -0.7661632, 48.0620912 ], [ -0.7662491, 48.0617762 ], [ -0.7661604, 48.0613859 ], [ -0.7659313, 48.0611172 ], [ -0.7657654, 48.0610867 ], [ -0.7657723, 48.0608282 ], [ -0.7656495, 48.0606777 ], [ -0.76545, 48.0606438 ], [ -0.7654279, 48.060447 ], [ -0.7652352, 48.0604398 ], [ -0.7653482, 48.0602732 ] ], [ [ -0.7672713, 48.061472 ], [ -0.7682837, 48.0622213 ], [ -0.768198, 48.0629226 ], [ -0.7682744, 48.0631301 ], [ -0.7678398, 48.0630724 ], [ -0.7681539, 48.0629343 ], [ -0.7680676, 48.062750199999989 ], [ -0.767948, 48.0628252 ], [ -0.767948, 48.0626574 ], [ -0.767411, 48.0623675 ], [ -0.7673917, 48.0620912 ], [ -0.7671325, 48.0619673 ], [ -0.7672437, 48.0618827 ], [ -0.7669002, 48.0618321 ], [ -0.7669564, 48.0617822 ], [ -0.766736, 48.0614833 ], [ -0.766736, 48.06133 ], [ -0.7671369, 48.0611883 ], [ -0.7672713, 48.061472 ] ], [ [ -0.7684315, 48.0630216 ], [ -0.768626, 48.0628711 ], [ -0.7686798, 48.0628682 ], [ -0.7686924, 48.0630663 ], [ -0.7684315, 48.0631461 ], [ -0.7684315, 48.0630216 ] ], [ [ -0.7691139, 48.0634733 ], [ -0.7696843, 48.0638011 ], [ -0.7687889, 48.0645564 ], [ -0.7682091, 48.0638153 ], [ -0.768473, 48.0633122 ], [ -0.7686844, 48.0632504 ], [ -0.7689189, 48.063426 ], [ -0.768875, 48.0635311 ], [ -0.7691139, 48.0634733 ] ] ] ] } },
{ "type": "Feature", "properties": { "code_departement": 53.0, "code_rne": "0530791X", "multisecteur": 0.0 }, "geometry": { "type": "MultiPolygon", "coordinates": [ [ [ [ -0.413046, 47.9160497 ], [ -0.4124717, 47.916079 ], [ -0.4107143, 47.9172777 ], [ -0.4100806, 47.9179672 ], [ -0.4089785, 47.9186676 ], [ -0.4082602, 47.9190001 ], [ -0.406128, 47.9191845 ], [ -0.4047428, 47.9208821 ], [ -0.4035994, 47.9207739 ], [ -0.4025007, 47.9207976 ], [ -0.4025383, 47.9202966 ], [ -0.4023106, 47.9197978 ], [ -0.4023969, 47.9195971 ], [ -0.4042612, 47.9186405 ], [ -0.4047136, 47.918549 ], [ -0.4052246, 47.9182631 ], [ -0.4059638, 47.917984 ], [ -0.4060502, 47.9175554 ], [ -0.4064834, 47.9171231 ], [ -0.4065427, 47.9168583 ], [ -0.4063959, 47.9165545 ], [ -0.405836, 47.9161194 ], [ -0.4054112, 47.9150121 ], [ -0.4049993, 47.9146493 ], [ -0.4047502, 47.914734 ], [ -0.4040005, 47.9143279 ], [ -0.403294, 47.9141754 ], [ -0.4024887, 47.9137366 ], [ -0.4015878, 47.913833 ], [ -0.401586, 47.9141609 ], [ -0.4008684, 47.9145258 ], [ -0.400541, 47.9151253 ], [ -0.4003176, 47.9152976 ], [ -0.3996962, 47.9154705 ], [ -0.3993381, 47.9157376 ], [ -0.3980836, 47.9155856 ], [ -0.3968237, 47.9161869 ], [ -0.3964678, 47.9166143 ], [ -0.3962005, 47.9175669 ], [ -0.3968864, 47.9175849 ], [ -0.3970153, 47.9177992 ], [ -0.3964189, 47.9182362 ], [ -0.3960423, 47.9187804 ], [ -0.396971, 47.9195975 ], [ -0.3962985, 47.9203529 ], [ -0.3949948, 47.9209645 ], [ -0.395626, 47.9219055 ], [ -0.3956015, 47.9227161 ], [ -0.3969993, 47.9257941 ], [ -0.3950544, 47.9264593 ], [ -0.3947286, 47.9266462 ], [ -0.3941535, 47.9273141 ], [ -0.3935915, 47.9276213 ], [ -0.3929054, 47.9277276 ], [ -0.392539, 47.9279084 ], [ -0.3918711, 47.9275872 ], [ -0.391364, 47.9275794 ], [ -0.3910534, 47.927668499999989 ], [ -0.390677, 47.9276298 ], [ -0.3901784, 47.9278811 ], [ -0.3898031, 47.9283847 ], [ -0.3888418, 47.9292177 ], [ -0.3879952, 47.9296871 ], [ -0.3873249, 47.9297479 ], [ -0.3868605, 47.9297586 ], [ -0.3866554, 47.9296736 ], [ -0.3861898, 47.9297293 ], [ -0.3849606, 47.9305674 ], [ -0.384835, 47.9309097 ], [ -0.3832279, 47.9306975 ], [ -0.3823055, 47.9309889 ], [ -0.3818343, 47.9309556 ], [ -0.3811198, 47.9307014 ], [ -0.3797856, 47.9311974 ], [ -0.377576, 47.9325122 ], [ -0.3773037, 47.9327614 ], [ -0.3766692, 47.932922 ], [ -0.3760773, 47.9330363 ], [ -0.3754109, 47.932969 ], [ -0.3742716, 47.932000099999989 ], [ -0.3738322, 47.9317929 ], [ -0.3733309, 47.9318559 ], [ -0.3729623, 47.9322142 ], [ -0.3726177, 47.9323385 ], [ -0.3716148, 47.9319548 ], [ -0.3715037, 47.932021 ], [ -0.3703893, 47.9319062 ], [ -0.368524, 47.9313652 ], [ -0.3658771, 47.9307781 ], [ -0.3641105, 47.930481099999987 ], [ -0.3619774, 47.9299414 ], [ -0.3593563, 47.9319593 ], [ -0.3577349, 47.9339775 ], [ -0.3565744, 47.9340449 ], [ -0.3553658, 47.9339884 ], [ -0.3548171, 47.933769 ], [ -0.3547108, 47.933614399999989 ], [ -0.3538064, 47.933302499999989 ], [ -0.351752, 47.9335205 ], [ -0.3506671, 47.9337461 ], [ -0.3499687, 47.9336597 ], [ -0.349325, 47.9333781 ], [ -0.3491067, 47.9334456 ], [ -0.3487565, 47.933397 ], [ -0.3482921, 47.9334724 ], [ -0.3458093, 47.9333162 ], [ -0.3448916, 47.9334297 ], [ -0.3438624, 47.933178 ], [ -0.3418871, 47.9329928 ], [ -0.3414998, 47.9323562 ], [ -0.341377, 47.9317472 ], [ -0.3404945, 47.9313543 ], [ -0.3400514, 47.9307031 ], [ -0.3388123, 47.9306077 ], [ -0.3385186, 47.930732299999988 ], [ -0.3385152, 47.9311053 ], [ -0.3380281, 47.9316497 ], [ -0.3379645, 47.9320874 ], [ -0.3376714, 47.9324561 ], [ -0.3373734, 47.9326609 ], [ -0.3369055, 47.932767 ], [ -0.3361529, 47.9327136 ], [ -0.3355148, 47.932583099999988 ], [ -0.3347118, 47.9326888 ], [ -0.3341407, 47.9329428 ], [ -0.3336814, 47.9334612 ], [ -0.3331007, 47.9336695 ], [ -0.3328576, 47.9338529 ], [ -0.332885, 47.9341404 ], [ -0.3326728, 47.9349004 ], [ -0.3332655, 47.9355654 ], [ -0.3329358, 47.9358009 ], [ -0.3329258, 47.9360263 ], [ -0.3331035, 47.936187 ], [ -0.3335799, 47.9362392 ], [ -0.3339294, 47.936467099999987 ], [ -0.3341263, 47.9367642 ], [ -0.3342969, 47.9374953 ], [ -0.3341684, 47.9376673 ], [ -0.3338914, 47.9377401 ], [ -0.3337303, 47.9379914 ], [ -0.3330334, 47.9382706 ], [ -0.3323124, 47.9381245 ], [ -0.3315482, 47.9381443 ], [ -0.3312454, 47.9380611 ], [ -0.3307915, 47.9376632 ], [ -0.3301468, 47.9374734 ], [ -0.3302609, 47.9370918 ], [ -0.3297824, 47.9368775 ], [ -0.3284395, 47.9368183 ], [ -0.3269134, 47.9364868 ], [ -0.3268138, 47.9361375 ], [ -0.3265545, 47.936064699999989 ], [ -0.3259932, 47.9360706 ], [ -0.3252649, 47.9361913 ], [ -0.3248517, 47.9361219 ], [ -0.3243193, 47.9357325 ], [ -0.3241847, 47.9355093 ], [ -0.3240338, 47.9355614 ], [ -0.323532, 47.9353819 ], [ -0.3234106, 47.9354565 ], [ -0.3201302, 47.9353421 ], [ -0.3197862, 47.9355644 ], [ -0.3176584, 47.9364325 ], [ -0.3171281, 47.9368051 ], [ -0.3156776, 47.937318 ], [ -0.3139686, 47.9381337 ], [ -0.3126953, 47.9396162 ], [ -0.3119913, 47.9400846 ], [ -0.3115932, 47.9401922 ], [ -0.3103841, 47.9407514 ], [ -0.3086411, 47.9409402 ], [ -0.3073581, 47.9407457 ], [ -0.3061051, 47.9407297 ], [ -0.306014, 47.9409241 ], [ -0.3052883, 47.9410247 ], [ -0.3045965, 47.9412171 ], [ -0.3042761, 47.9416035 ], [ -0.3039638, 47.9417114 ], [ -0.30139, 47.9424233 ], [ -0.300504, 47.9427697 ], [ -0.2974143, 47.9434654 ], [ -0.2960992, 47.9439175 ], [ -0.2957068, 47.9446581 ], [ -0.2942952, 47.9451112 ], [ -0.2936652, 47.9455017 ], [ -0.2935445, 47.9454358 ], [ -0.293414, 47.945558299999988 ], [ -0.2915376, 47.948913 ], [ -0.2909306, 47.9495461 ], [ -0.2906504, 47.9510356 ], [ -0.2871814, 47.9515272 ], [ -0.2866495, 47.9520312 ], [ -0.2862316, 47.9522321 ], [ -0.28532, 47.9525161 ], [ -0.2835858, 47.9532221 ], [ -0.2817374, 47.9537952 ], [ -0.2812773, 47.953662199999989 ], [ -0.2806586, 47.9538902 ], [ -0.2804688, 47.9544855 ], [ -0.2801332, 47.9546957 ], [ -0.2795915, 47.95539 ], [ -0.2792005, 47.9557017 ], [ -0.2781527, 47.9561048 ], [ -0.2777153, 47.9563602 ], [ -0.2770225, 47.9571694 ], [ -0.2765438, 47.9574746 ], [ -0.2799237, 47.9579405 ], [ -0.2813447, 47.9580423 ], [ -0.2822693, 47.9580317 ], [ -0.2825451, 47.9581123 ], [ -0.2836358, 47.9585754 ], [ -0.2833956, 47.9589829 ], [ -0.2837356, 47.9590167 ], [ -0.2856346, 47.9596472 ], [ -0.2868841, 47.9599455 ], [ -0.287752, 47.9602734 ], [ -0.2882925, 47.960751 ], [ -0.288702, 47.961407 ], [ -0.2891457, 47.9614261 ], [ -0.2903428, 47.9617204 ], [ -0.2944957, 47.9620823 ], [ -0.2950433, 47.962348 ], [ -0.2968241, 47.9627997 ], [ -0.2961178, 47.9643373 ], [ -0.2986664, 47.9645612 ], [ -0.299538, 47.9644286 ], [ -0.300597, 47.9644854 ], [ -0.3011663, 47.9648621 ], [ -0.3012952, 47.9651665 ], [ -0.3017735, 47.9655034 ], [ -0.3022827, 47.9655819 ], [ -0.3025011, 47.965773 ], [ -0.3025789, 47.9660528 ], [ -0.3019918, 47.9660801 ], [ -0.3014768, 47.9662954 ], [ -0.3014251, 47.9669075 ], [ -0.3011383, 47.9672128 ], [ -0.3012704, 47.9674388 ], [ -0.3012963, 47.9678749 ], [ -0.3017786, 47.9686639 ], [ -0.3016984, 47.9689256 ], [ -0.3005877, 47.9690964 ], [ -0.3002202, 47.9693976 ], [ -0.2993401, 47.9695881 ], [ -0.2990186, 47.9699169 ], [ -0.2984574, 47.9701884 ], [ -0.297935, 47.9701779 ], [ -0.2978734, 47.970675 ], [ -0.2973267, 47.9715676 ], [ -0.2974295, 47.9722718 ], [ -0.2979618, 47.9723766 ], [ -0.2980766, 47.9725184 ], [ -0.2979926, 47.9727631 ], [ -0.2984607, 47.9728706 ], [ -0.2990955, 47.9736518 ], [ -0.3004472, 47.9741632 ], [ -0.3012959, 47.9750392 ], [ -0.3011492, 47.9752892 ], [ -0.3011353, 47.9756481 ], [ -0.3002225, 47.9761754 ], [ -0.2996785, 47.9762078 ], [ -0.2996448, 47.9764637 ], [ -0.2992634, 47.9767797 ], [ -0.2986216, 47.9777399 ], [ -0.2985144, 47.9781509 ], [ -0.2989141, 47.9789899 ], [ -0.2986189, 47.9793774 ], [ -0.2988171, 47.9795871 ], [ -0.2994621, 47.9797122 ], [ -0.2999459, 47.9799851 ], [ -0.3004899, 47.9801464 ], [ -0.3034948, 47.9794567 ], [ -0.3040817, 47.9795744 ], [ -0.304658, 47.9795654 ], [ -0.3047473, 47.9797493 ], [ -0.3045776, 47.9801468 ], [ -0.3047262, 47.9805506 ], [ -0.3045937, 47.9809011 ], [ -0.3038898, 47.980929 ], [ -0.3035102, 47.9811451 ], [ -0.3033859, 47.9813026 ], [ -0.3035237, 47.9815554 ], [ -0.3034303, 47.9817787 ], [ -0.3032937, 47.9818888 ], [ -0.3027959, 47.9819091 ], [ -0.3025102, 47.9820396 ], [ -0.3019978, 47.9825143 ], [ -0.3016866, 47.9830743 ], [ -0.3021932, 47.9836473 ], [ -0.3028709, 47.9836724 ], [ -0.3040322, 47.9844162 ], [ -0.3044733, 47.9845416 ], [ -0.3047192, 47.9844185 ], [ -0.3052431, 47.9845154 ], [ -0.3054005, 47.984629 ], [ -0.3054352, 47.9848406 ], [ -0.305642, 47.9851023 ], [ -0.3054317, 47.9854298 ], [ -0.3054832, 47.9856751 ], [ -0.3052728, 47.985808 ], [ -0.3050859, 47.9860808 ], [ -0.305516, 47.9863299 ], [ -0.3057593, 47.9865951 ], [ -0.3057347, 47.9869533 ], [ -0.3060397, 47.9876923 ], [ -0.3062079, 47.9878065 ], [ -0.3067225, 47.9879253 ], [ -0.3058884, 47.988599099999988 ], [ -0.3049525, 47.9902233 ], [ -0.3064068, 47.9916595 ], [ -0.3067876, 47.9917416 ], [ -0.3075374, 47.9918664 ], [ -0.3085576, 47.991744 ], [ -0.3102843, 47.9917405 ], [ -0.3102712, 47.991467 ], [ -0.310406, 47.9913263 ], [ -0.3108586, 47.9917198 ], [ -0.3110288, 47.9922095 ], [ -0.3109279, 47.9924195 ], [ -0.3109952, 47.9926383 ], [ -0.3112843, 47.992776 ], [ -0.3118855, 47.992842 ], [ -0.3122368, 47.9932446 ], [ -0.3131137, 47.9936639 ], [ -0.313435, 47.9941016 ], [ -0.3134352, 47.994298 ], [ -0.3132393, 47.9945989 ], [ -0.3128828, 47.9947351 ], [ -0.3122185, 47.9946691 ], [ -0.311855, 47.994821699999989 ], [ -0.311793, 47.9949459 ], [ -0.3125152, 47.9959812 ], [ -0.3124135, 47.9969929 ], [ -0.3127376, 47.9973909 ], [ -0.3131112, 47.9975064 ], [ -0.3131616, 47.997605 ], [ -0.3130705, 47.9978435 ], [ -0.3125086, 47.9980638 ], [ -0.3123208, 47.9982358 ], [ -0.3124083, 47.9984549 ], [ -0.3123499, 47.9988312 ], [ -0.3127146, 47.9989542 ], [ -0.3129993, 47.9992795 ], [ -0.313217, 47.9992832 ], [ -0.3133517, 47.9991633 ], [ -0.3135417, 47.9991327 ], [ -0.3137701, 47.9991794 ], [ -0.3138913, 47.999294 ], [ -0.3133123, 47.999585 ], [ -0.3133373, 47.9996843 ], [ -0.3129605, 48.000011 ], [ -0.3130189, 48.0002364 ], [ -0.3129263, 48.000429 ], [ -0.312729, 48.0005787 ], [ -0.3123268, 48.0014655 ], [ -0.3118504, 48.0020031 ], [ -0.3119467, 48.0022328 ], [ -0.3117866, 48.0023994 ], [ -0.3111534, 48.0027469 ], [ -0.3108982, 48.003172 ], [ -0.310251, 48.0034046 ], [ -0.309866, 48.0036866 ], [ -0.3096998, 48.0044415 ], [ -0.309287, 48.0048152 ], [ -0.3089421, 48.0049663 ], [ -0.3085746, 48.0057234 ], [ -0.3088451, 48.0057563 ], [ -0.3123494, 48.0054748 ], [ -0.3166989, 48.0053387 ], [ -0.3211861, 48.0065433 ], [ -0.3220142, 48.0067991 ], [ -0.3220047, 48.0069687 ], [ -0.3229688, 48.0069964 ], [ -0.3245728, 48.0071681 ], [ -0.3266711, 48.0077933 ], [ -0.3285365, 48.0084728 ], [ -0.3319119, 48.0101309 ], [ -0.3342168, 48.0109222 ], [ -0.3348723, 48.0115683 ], [ -0.3369718, 48.0117402 ], [ -0.3386865, 48.0117276 ], [ -0.3396184, 48.0116462 ], [ -0.3414271, 48.0118894 ], [ -0.3379267, 48.0183487 ], [ -0.33709, 48.0203467 ], [ -0.3364896, 48.0204061 ], [ -0.336186, 48.0210425 ], [ -0.335178, 48.0223258 ], [ -0.3342273, 48.0247315 ], [ -0.3339792, 48.025142 ], [ -0.3336425, 48.0262549 ], [ -0.3336225, 48.026662599999987 ], [ -0.3338308, 48.0272629 ], [ -0.3336738, 48.0274772 ], [ -0.3332323, 48.0275888 ], [ -0.3332381, 48.0277228 ], [ -0.3335223, 48.0280147 ], [ -0.334017, 48.0282574 ], [ -0.3349053, 48.0284402 ], [ -0.3352283, 48.0285788 ], [ -0.3350233, 48.0303554 ], [ -0.334548, 48.0317424 ], [ -0.3344909, 48.0324556 ], [ -0.3538067, 48.0331946 ], [ -0.3546357, 48.0321207 ], [ -0.3550992, 48.0322948 ], [ -0.3553051, 48.03228 ], [ -0.3557774, 48.0318297 ], [ -0.3578915, 48.0307344 ], [ -0.3577054, 48.0300876 ], [ -0.3578068, 48.0285103 ], [ -0.3590107, 48.0270627 ], [ -0.3593824, 48.0257046 ], [ -0.3600462, 48.0247183 ], [ -0.3610689, 48.0238235 ], [ -0.3615789, 48.0235874 ], [ -0.3620781, 48.0234767 ], [ -0.3626762, 48.023719 ], [ -0.3637541, 48.0234189 ], [ -0.3646329, 48.0229452 ], [ -0.3649062, 48.0222375 ], [ -0.3648974, 48.0219523 ], [ -0.3653128, 48.0217494 ], [ -0.3657855, 48.0217503 ], [ -0.3664722, 48.0192681 ], [ -0.367441, 48.0174876 ], [ -0.3673981, 48.0164124 ], [ -0.369554, 48.0155022 ], [ -0.3699226, 48.0157889 ], [ -0.3720068, 48.0169596 ], [ -0.3733195, 48.0179235 ], [ -0.3743692, 48.0185329 ], [ -0.3748544, 48.0192153 ], [ -0.3762709, 48.0190476 ], [ -0.3771449, 48.0167743 ], [ -0.3786323, 48.0171937 ], [ -0.3777899, 48.0191832 ], [ -0.3777088, 48.0196593 ], [ -0.3780886, 48.0200141 ], [ -0.3784043, 48.0200177 ], [ -0.379054, 48.0197837 ], [ -0.3798404, 48.0196522 ], [ -0.3802368, 48.0194057 ], [ -0.3808402, 48.0193091 ], [ -0.3814608, 48.0189787 ], [ -0.381666, 48.0189539 ], [ -0.382269, 48.0192518 ], [ -0.3833661, 48.0189185 ], [ -0.383826, 48.0188881 ], [ -0.3842663, 48.0185927 ], [ -0.3850653, 48.0188273 ], [ -0.3852559, 48.0192046 ], [ -0.3855315, 48.0192309 ], [ -0.3861576, 48.0188183 ], [ -0.38736, 48.0187054 ], [ -0.3875237, 48.018452 ], [ -0.3881798, 48.0182566 ], [ -0.3888573, 48.0176615 ], [ -0.3897581, 48.0170942 ], [ -0.3900274, 48.0168144 ], [ -0.3903621, 48.0166733 ], [ -0.3909644, 48.0166451 ], [ -0.3918537, 48.0167591 ], [ -0.3927965, 48.0165959 ], [ -0.3935254, 48.0172234 ], [ -0.3938765, 48.017297 ], [ -0.3943486, 48.0171222 ], [ -0.3947819, 48.016762 ], [ -0.3960475, 48.0161274 ], [ -0.3969263, 48.0165163 ], [ -0.3970568, 48.0163333 ], [ -0.3971455, 48.0163343 ], [ -0.3992581, 48.0175181 ], [ -0.3997197, 48.0179119 ], [ -0.3999457, 48.0186503 ], [ -0.3997966, 48.0191302 ], [ -0.4002258, 48.0196258 ], [ -0.4002745, 48.0199658 ], [ -0.4005149, 48.020238 ], [ -0.4011934, 48.0207264 ], [ -0.4021949, 48.0211632 ], [ -0.4040072, 48.0213062 ], [ -0.404678, 48.0214651 ], [ -0.4064537, 48.0220397 ], [ -0.4076999, 48.0227107 ], [ -0.4082246, 48.0228937 ], [ -0.4091047, 48.0226538 ], [ -0.4095908, 48.0228838 ], [ -0.4098068, 48.0228604 ], [ -0.4128759, 48.0238559 ], [ -0.4140354, 48.0240132 ], [ -0.4148547, 48.0239336 ], [ -0.4150509, 48.0238315 ], [ -0.4155173, 48.023818 ], [ -0.4163496, 48.0240244 ], [ -0.4171411, 48.024470699999988 ], [ -0.4187924, 48.0251532 ], [ -0.4209553, 48.025856 ], [ -0.4218143, 48.0264111 ], [ -0.4221181, 48.0267067 ], [ -0.4225061, 48.0268305 ], [ -0.4229486, 48.0275256 ], [ -0.4241618, 48.0282622 ], [ -0.4244454, 48.0287242 ], [ -0.4248111, 48.0290621 ], [ -0.4267361, 48.0297573 ], [ -0.4284063, 48.0308517 ], [ -0.4285139, 48.0305017 ], [ -0.4285295, 48.029333 ], [ -0.4290539, 48.027292 ], [ -0.4296821, 48.0263342 ], [ -0.4305701, 48.025512 ], [ -0.431104, 48.0247794 ], [ -0.4314319, 48.024451 ], [ -0.4322811, 48.0239849 ], [ -0.4331572, 48.0231036 ], [ -0.4352014, 48.0220576 ], [ -0.4369719, 48.0200242 ], [ -0.4373062, 48.019465 ], [ -0.4389076, 48.0181788 ], [ -0.4403352, 48.0175659 ], [ -0.4415385, 48.0168894 ], [ -0.442422, 48.0161069 ], [ -0.4429177, 48.0154087 ], [ -0.4430502, 48.0153607 ], [ -0.443304, 48.0150317 ], [ -0.4436895, 48.0150763 ], [ -0.4442428, 48.0148934 ], [ -0.4445835, 48.0152401 ], [ -0.4442844, 48.015553399999988 ], [ -0.4449386, 48.016117 ], [ -0.4451691, 48.0167714 ], [ -0.4461113, 48.0170347 ], [ -0.4472885, 48.0177947 ], [ -0.4477494, 48.0179649 ], [ -0.4499573, 48.0166364 ], [ -0.4505547, 48.0165324 ], [ -0.451368, 48.0166932 ], [ -0.4537546, 48.0178392 ], [ -0.4545801, 48.0172385 ], [ -0.4574962, 48.0185355 ], [ -0.4583116, 48.0176377 ], [ -0.4584486, 48.0167951 ], [ -0.4591323, 48.0155058 ], [ -0.4607029, 48.0137788 ], [ -0.4611962, 48.014547 ], [ -0.4611072, 48.0147469 ], [ -0.4614863, 48.0152474 ], [ -0.4630194, 48.0138502 ], [ -0.4641508, 48.0136404 ], [ -0.4656972, 48.0131876 ], [ -0.4674489, 48.0123424 ], [ -0.46818, 48.0123146 ], [ -0.4691872, 48.012483 ], [ -0.4695992, 48.0127483 ], [ -0.4704387, 48.0126109 ], [ -0.4714698, 48.0126129 ], [ -0.4745149, 48.01354 ], [ -0.4759997, 48.0133142 ], [ -0.4772047, 48.0132857 ], [ -0.4780867, 48.0134894 ], [ -0.4791177, 48.0139597 ], [ -0.4799323, 48.0145679 ], [ -0.4800389, 48.0148819 ], [ -0.4805871, 48.0150935 ], [ -0.4817074, 48.015041499999988 ], [ -0.4824963, 48.0152379 ], [ -0.4836921, 48.0157204 ], [ -0.4841173, 48.0157358 ], [ -0.4845108, 48.0159214 ], [ -0.4846952, 48.0162753 ], [ -0.4842117, 48.0164761 ], [ -0.4843791, 48.0166333 ], [ -0.4843867, 48.0169727 ], [ -0.4845837, 48.0172533 ], [ -0.4852262, 48.0175099 ], [ -0.4859706, 48.0180274 ], [ -0.4860465, 48.0182017 ], [ -0.4859427, 48.0185218 ], [ -0.4856028, 48.0187427 ], [ -0.4852559, 48.0194294 ], [ -0.4852365, 48.0204191 ], [ -0.485357, 48.0207191 ], [ -0.483982, 48.0224533 ], [ -0.4840535, 48.0234978 ], [ -0.4837224, 48.0235671 ], [ -0.4833735, 48.0233054 ], [ -0.4831161, 48.0233319 ], [ -0.483277, 48.0235731 ], [ -0.4835677, 48.0237275 ], [ -0.483378, 48.0239655 ], [ -0.4834224, 48.0243146 ], [ -0.4839206, 48.0244575 ], [ -0.4845788, 48.0244812 ], [ -0.4847297, 48.0246731 ], [ -0.4854363, 48.0250242 ], [ -0.4855034, 48.0251456 ], [ -0.485429, 48.0253415 ], [ -0.4858387, 48.0256491 ], [ -0.4858849, 48.0264531 ], [ -0.4854536, 48.027529699999988 ], [ -0.4853022, 48.0277386 ], [ -0.4842436, 48.0283456 ], [ -0.4840638, 48.0285707 ], [ -0.4841731, 48.0287422 ], [ -0.4841858, 48.0294048 ], [ -0.4850347, 48.0294688 ], [ -0.4850806, 48.0297179 ], [ -0.4855098, 48.0298114 ], [ -0.4858777, 48.0299933 ], [ -0.4860554, 48.0302241 ], [ -0.4856239, 48.0305449 ], [ -0.4854353, 48.0309027 ], [ -0.4847015, 48.031772 ], [ -0.4844887, 48.0322927 ], [ -0.4840854, 48.0327559 ], [ -0.4825591, 48.0333776 ], [ -0.4822725, 48.0335942 ], [ -0.4819708, 48.0341327 ], [ -0.4820215, 48.034596 ], [ -0.4821291, 48.0347018 ], [ -0.4825655, 48.0347403 ], [ -0.4830885, 48.0350356 ], [ -0.482823, 48.0354082 ], [ -0.4828758, 48.0354769 ], [ -0.4836429, 48.035765 ], [ -0.4843509, 48.0352783 ], [ -0.4856303, 48.0356377 ], [ -0.4863956, 48.0359402 ], [ -0.4870895, 48.0360952 ], [ -0.4881452, 48.0365864 ], [ -0.4902072, 48.0371621 ], [ -0.4912747, 48.0376051 ], [ -0.4915742, 48.0379304 ], [ -0.494062, 48.0387492 ], [ -0.4953681, 48.0393473 ], [ -0.4985574, 48.0404956 ], [ -0.4994334, 48.0407839 ], [ -0.5000727, 48.0405991 ], [ -0.5023878, 48.0413824 ], [ -0.5030919, 48.0419956 ], [ -0.5039272, 48.0425598 ], [ -0.506339, 48.043624699999988 ], [ -0.5087105, 48.0443017 ], [ -0.5087636, 48.0445352 ], [ -0.5103224, 48.0447869 ], [ -0.5121031, 48.045446299999988 ], [ -0.5145073, 48.0459879 ], [ -0.5168301, 48.0467175 ], [ -0.5181335, 48.0470254 ], [ -0.5191201, 48.0473769 ], [ -0.5211227, 48.047916 ], [ -0.5224274, 48.048203 ], [ -0.5251726, 48.0485343 ], [ -0.526681, 48.0464155 ], [ -0.5270868, 48.0460133 ], [ -0.5281257, 48.0466055 ], [ -0.5282815, 48.0462414 ], [ -0.528542, 48.0460994 ], [ -0.5300606, 48.0468727 ], [ -0.5321964, 48.0474337 ], [ -0.5327941, 48.047795 ], [ -0.5335687, 48.048451 ], [ -0.5355678, 48.0494367 ], [ -0.5370753, 48.0499211 ], [ -0.5383029, 48.0504184 ], [ -0.5389953, 48.0505876 ], [ -0.5391967, 48.0503239 ], [ -0.5398072, 48.050292 ], [ -0.5400065, 48.050159 ], [ -0.5403021, 48.0501799 ], [ -0.5403962, 48.0500996 ], [ -0.5404484, 48.0496557 ], [ -0.5406079, 48.0495293 ], [ -0.5413476, 48.0495809 ], [ -0.5416338, 48.0495219 ], [ -0.5419309, 48.0492634 ], [ -0.5424884, 48.049163799999988 ], [ -0.5430757, 48.048765 ], [ -0.5432657, 48.0484927 ], [ -0.5429819, 48.0475644 ], [ -0.5430159, 48.0473706 ], [ -0.5432227, 48.047168 ], [ -0.5430622, 48.0468576 ], [ -0.5431838, 48.0463873 ], [ -0.543868, 48.045992 ], [ -0.5440695, 48.0459517 ], [ -0.5442853, 48.0460452 ], [ -0.5447338, 48.0457416 ], [ -0.5448453, 48.0455617 ], [ -0.5458825, 48.0452431 ], [ -0.5458787, 48.0449252 ], [ -0.5462226, 48.0445248 ], [ -0.5465325, 48.044438 ], [ -0.5469783, 48.0437535 ], [ -0.5470763, 48.0437334 ], [ -0.54719, 48.0438453 ], [ -0.5474929, 48.0437551 ], [ -0.5478556, 48.0438964 ], [ -0.5487784, 48.0438956 ], [ -0.5491798, 48.0436502 ], [ -0.5490045, 48.0434402 ], [ -0.5490383, 48.0433635 ], [ -0.5495206, 48.0430445 ], [ -0.5495686, 48.042898 ], [ -0.5493932, 48.0428465 ], [ -0.5494107, 48.0427676 ], [ -0.5501077, 48.0425043 ], [ -0.5502962, 48.0425319 ], [ -0.5504909, 48.0423297 ], [ -0.5504504, 48.0422066 ], [ -0.5510671, 48.0420682 ], [ -0.5511949, 48.0421715 ], [ -0.551343, 48.0420364 ], [ -0.5516725, 48.042022 ], [ -0.5517803, 48.0418269 ], [ -0.551602, 48.0417521 ], [ -0.551625, 48.0416955 ], [ -0.5521235, 48.0413175 ], [ -0.5526308, 48.0414102 ], [ -0.5527747, 48.0412528 ], [ -0.5529653, 48.0414308 ], [ -0.5530511, 48.0412678 ], [ -0.5529799, 48.0411078 ], [ -0.5531389, 48.0410949 ], [ -0.5532737, 48.0411629 ], [ -0.5532266, 48.0413013 ], [ -0.5533592, 48.041436 ], [ -0.5537698, 48.0411488 ], [ -0.5536641, 48.0409557 ], [ -0.5537123, 48.040793 ], [ -0.5541959, 48.0406342 ], [ -0.5544672, 48.0406729 ], [ -0.5544615, 48.040447799999988 ], [ -0.5546765, 48.04039 ], [ -0.5547047, 48.0402486 ], [ -0.5551431, 48.0400967 ], [ -0.5556212, 48.0400354 ], [ -0.5562369, 48.040063599999989 ], [ -0.5568025, 48.040324 ], [ -0.5575366, 48.0412134 ], [ -0.5578862, 48.0414793 ], [ -0.5596149, 48.0420774 ], [ -0.5610092, 48.0423154 ], [ -0.5614106, 48.0424519 ], [ -0.5617041, 48.0427015 ], [ -0.5618395, 48.0430163 ], [ -0.5620842, 48.0431801 ], [ -0.5620792, 48.0432847 ], [ -0.5618459, 48.0432711 ], [ -0.56166, 48.043383 ], [ -0.5613193, 48.0434302 ], [ -0.5603451, 48.0438858 ], [ -0.5599548, 48.0446326 ], [ -0.558885, 48.0458036 ], [ -0.5579931, 48.0464656 ], [ -0.5575534, 48.0466186 ], [ -0.5569716, 48.0471559 ], [ -0.5566772, 48.0477737 ], [ -0.5561857, 48.0480156 ], [ -0.5561628, 48.0484748 ], [ -0.5567088, 48.048782599999988 ], [ -0.5572549, 48.0484535 ], [ -0.5576074, 48.0487599 ], [ -0.5572298, 48.049219 ], [ -0.5571782, 48.0494899 ], [ -0.557537, 48.0499313 ], [ -0.5573543, 48.0502512 ], [ -0.5558598, 48.0511422 ], [ -0.5558021, 48.0513241 ], [ -0.5564976, 48.0517571 ], [ -0.5574271, 48.0525127 ], [ -0.5559465, 48.0534123 ], [ -0.5569232, 48.0540701 ], [ -0.5571109, 48.0540842 ], [ -0.5572562, 48.0540474 ], [ -0.5582568, 48.0532434 ], [ -0.5587873, 48.05314 ], [ -0.5590009, 48.0533596 ], [ -0.5601052, 48.0539171 ], [ -0.5600476, 48.054099 ], [ -0.5595312, 48.0544714 ], [ -0.5595436, 48.0546962 ], [ -0.5601691, 48.0550853 ], [ -0.560314, 48.055262 ], [ -0.5598586, 48.0555433 ], [ -0.5583548, 48.0550402 ], [ -0.5581537, 48.0550454 ], [ -0.5581644, 48.0552252 ], [ -0.5588633, 48.0557473 ], [ -0.5605588, 48.0560653 ], [ -0.5613232, 48.0565421 ], [ -0.5615021, 48.0570231 ], [ -0.5632771, 48.0573829 ], [ -0.564557, 48.0579918 ], [ -0.5653515, 48.0573993 ], [ -0.5673212, 48.0545481 ], [ -0.5688375, 48.0528464 ], [ -0.570371, 48.0506245 ], [ -0.5734197, 48.0513445 ], [ -0.5790111, 48.0535833 ], [ -0.5794291, 48.0538427 ], [ -0.5805882, 48.054174 ], [ -0.5838017, 48.0540492 ], [ -0.5859054, 48.0543013 ], [ -0.5856089, 48.0530393 ], [ -0.5852348, 48.0526742 ], [ -0.5851974, 48.0523006 ], [ -0.5847912, 48.0521148 ], [ -0.5848011, 48.0520433 ], [ -0.5854874, 48.0514846 ], [ -0.5858548, 48.0508393 ], [ -0.5862631, 48.0508971 ], [ -0.5865731, 48.0507921 ], [ -0.5878628, 48.0494836 ], [ -0.5881078, 48.0494905 ], [ -0.5891727, 48.0487113 ], [ -0.5905373, 48.0482904 ], [ -0.5911259, 48.0480157 ], [ -0.5915606, 48.0477106 ], [ -0.5917196, 48.0474796 ], [ -0.5916697, 48.0471406 ], [ -0.5912399, 48.0463701 ], [ -0.5917635, 48.0458703 ], [ -0.5920881, 48.0453091 ], [ -0.5923464, 48.0451364 ], [ -0.5923801, 48.0449804 ], [ -0.5919861, 48.0444799 ], [ -0.5910279, 48.0441371 ], [ -0.5909998, 48.043901 ], [ -0.5903216, 48.0431714 ], [ -0.5902155, 48.0431124 ], [ -0.5897785, 48.0431663 ], [ -0.5894848, 48.0430546 ], [ -0.5894941, 48.0429939 ], [ -0.5902145, 48.0418901 ], [ -0.5907367, 48.0412706 ], [ -0.5910214, 48.0410727 ], [ -0.5914635, 48.0409754 ], [ -0.5919453, 48.0405337 ], [ -0.5927935, 48.0400683 ], [ -0.5938489, 48.0380056 ], [ -0.5943893, 48.0381899 ], [ -0.5947373, 48.0384288 ], [ -0.5953044, 48.0385106 ], [ -0.5955877, 48.0387272 ], [ -0.5971842, 48.0388369 ], [ -0.5971879, 48.038950299999989 ], [ -0.5975141, 48.039007 ], [ -0.5975875, 48.0391966 ], [ -0.5978885, 48.0393766 ], [ -0.5981077, 48.0404274 ], [ -0.600101, 48.0412754 ], [ -0.6005743, 48.0416176 ], [ -0.6009435, 48.0420685 ], [ -0.6021857, 48.0424574 ], [ -0.6032631, 48.043148699999989 ], [ -0.6037577, 48.0433696 ], [ -0.6049346, 48.0438056 ], [ -0.6051892, 48.0438356 ], [ -0.6061062, 48.0444579 ], [ -0.6065053, 48.0445186 ], [ -0.6071233, 48.0448546 ], [ -0.6075993, 48.0449211 ], [ -0.6078121, 48.0441795 ], [ -0.6105726, 48.0443354 ], [ -0.6109673, 48.0428747 ], [ -0.6112818, 48.0427588 ], [ -0.6130941, 48.0432725 ], [ -0.6140696, 48.0437488 ], [ -0.6153497, 48.0441193 ], [ -0.6158358, 48.0443728 ], [ -0.6169548, 48.0444898 ], [ -0.6219963, 48.0443104 ], [ -0.6224602, 48.0443556 ], [ -0.62278, 48.0444943 ], [ -0.622976, 48.0443748 ], [ -0.6231684, 48.0440653 ], [ -0.624924, 48.0441986 ], [ -0.6252365, 48.0433674 ], [ -0.6257506, 48.0433813 ], [ -0.626447, 48.04384 ], [ -0.6275188, 48.0438178 ], [ -0.6275653, 48.0434569 ], [ -0.6281687, 48.043441 ], [ -0.6287292, 48.0426625 ], [ -0.6287629, 48.0420768 ], [ -0.6275415, 48.041837 ], [ -0.6275942, 48.0415661 ], [ -0.6293491, 48.0416912 ], [ -0.628975, 48.0414469 ], [ -0.6288668, 48.0411431 ], [ -0.6289638, 48.0406383 ], [ -0.6292596, 48.0402112 ], [ -0.6308291, 48.0406294 ], [ -0.6310399, 48.040804 ], [ -0.6306992, 48.0422991 ], [ -0.6338602, 48.0430257 ], [ -0.634117, 48.0418945 ], [ -0.6352604, 48.0419943 ], [ -0.6354371, 48.0414573 ], [ -0.6353635, 48.041324499999988 ], [ -0.6349893, 48.0412559 ], [ -0.6352894, 48.0391125 ], [ -0.6360388, 48.0392479 ], [ -0.636454, 48.0380567 ], [ -0.6360203, 48.037844 ], [ -0.6361433, 48.0372295 ], [ -0.6359779, 48.0368751 ], [ -0.6379475, 48.0360611 ], [ -0.6394894, 48.0357477 ], [ -0.639852, 48.0356095 ], [ -0.6416994, 48.0338407 ], [ -0.6424464, 48.0333365 ], [ -0.6443765, 48.0332407 ], [ -0.6447437, 48.0327411 ], [ -0.6452764, 48.0313102 ], [ -0.6457927, 48.0304204 ], [ -0.6467167, 48.0292711 ], [ -0.6481726, 48.0270504 ], [ -0.6496148, 48.0234446 ], [ -0.6494998, 48.0232184 ], [ -0.649858, 48.0223172 ], [ -0.6497503, 48.0207161 ], [ -0.6499168, 48.0205605 ], [ -0.6499761, 48.0203299 ], [ -0.6506506, 48.0199855 ], [ -0.6513155, 48.0195208 ], [ -0.6514527, 48.0191742 ], [ -0.6517376, 48.0189825 ], [ -0.6523728, 48.0188862 ], [ -0.6525818, 48.0190166 ], [ -0.6525389, 48.0191918 ], [ -0.6529471, 48.0191917 ], [ -0.6537355, 48.0190582 ], [ -0.6543857, 48.0187128 ], [ -0.6550062, 48.0187341 ], [ -0.6553077, 48.0186085 ], [ -0.6553982, 48.0183832 ], [ -0.6557881, 48.0181188 ], [ -0.6559886, 48.0178135 ], [ -0.6559985, 48.0175492 ], [ -0.6555526, 48.0174109 ], [ -0.6555381, 48.0171032 ], [ -0.6552769, 48.0169573 ], [ -0.6554468, 48.016579 ], [ -0.6552655, 48.016345 ], [ -0.6552305, 48.015993 ], [ -0.6549417, 48.0157975 ], [ -0.6544813, 48.0156433 ], [ -0.6542816, 48.0154739 ], [ -0.6541854, 48.0149949 ], [ -0.6534146, 48.0145837 ], [ -0.6529204, 48.0145639 ], [ -0.6527199, 48.0143621 ], [ -0.652453, 48.0137235 ], [ -0.652721, 48.0133278 ], [ -0.6528779, 48.0127401 ], [ -0.6537649, 48.012131499999988 ], [ -0.654386, 48.0120653 ], [ -0.6556033, 48.0121563 ], [ -0.6565082, 48.0126219 ], [ -0.6576284, 48.0127267 ], [ -0.6578424, 48.0128308 ], [ -0.6577533, 48.0127273 ], [ -0.6577503, 48.0121778 ], [ -0.6574242, 48.0120637 ], [ -0.6523995, 48.0116442 ], [ -0.6508008, 48.0116109 ], [ -0.6487129, 48.012055 ], [ -0.6460971, 48.0123605 ], [ -0.6434263, 48.0124531 ], [ -0.6404321, 48.0122549 ], [ -0.6386422, 48.011822 ], [ -0.6382808, 48.0118368 ], [ -0.6363601, 48.0114539 ], [ -0.6305306, 48.0098278 ], [ -0.6290279, 48.0095463 ], [ -0.6263519, 48.0086982 ], [ -0.6259452, 48.0083865 ], [ -0.6254319, 48.0082023 ], [ -0.6249312, 48.008243 ], [ -0.6228843, 48.0078745 ], [ -0.6232312, 48.0066855 ], [ -0.6233004, 48.0040097 ], [ -0.623256, 48.0036741 ], [ -0.622654, 48.0022522 ], [ -0.6227073, 48.0002065 ], [ -0.6228766, 47.9990905 ], [ -0.6237847, 47.9959429 ], [ -0.623049, 47.9952917 ], [ -0.6228975, 47.9949802 ], [ -0.623204, 47.9944779 ], [ -0.6236095, 47.9933421 ], [ -0.6238074, 47.9932927 ], [ -0.6247006, 47.9936751 ], [ -0.6271907, 47.9943496 ], [ -0.6275549, 47.9943176 ], [ -0.6279019, 47.9945637 ], [ -0.6285981, 47.994871 ], [ -0.6305699, 47.995246099999989 ], [ -0.6305368, 47.9947832 ], [ -0.6308057, 47.9944182 ], [ -0.631185, 47.9941362 ], [ -0.6317859, 47.9938564 ], [ -0.6338937, 47.9938471 ], [ -0.63436, 47.9939732 ], [ -0.6379649, 47.9940698 ], [ -0.6380853, 47.9928535 ], [ -0.6380781, 47.9926303 ], [ -0.6379394, 47.9925067 ], [ -0.6379533, 47.9919279 ], [ -0.6381708, 47.9917527 ], [ -0.6396391, 47.9919496 ], [ -0.6406291, 47.9921775 ], [ -0.6438426, 47.9922248 ], [ -0.6441435, 47.9917794 ], [ -0.6443594, 47.9904313 ], [ -0.6446736, 47.990063 ], [ -0.6451967, 47.9898252 ], [ -0.6452557, 47.9896882 ], [ -0.6463679, 47.989624 ], [ -0.6482067, 47.989277799999989 ], [ -0.6491396, 47.9889299 ], [ -0.6505424, 47.9885458 ], [ -0.6514847, 47.9881409 ], [ -0.652173, 47.9877105 ], [ -0.6526889, 47.9870179 ], [ -0.6529494, 47.9860864 ], [ -0.6532685, 47.9857711 ], [ -0.6538716, 47.9855451 ], [ -0.6559463, 47.9853139 ], [ -0.6570329, 47.9846865 ], [ -0.6591946, 47.9847039 ], [ -0.6591467, 47.9840693 ], [ -0.6595072, 47.983537399999989 ], [ -0.6594117, 47.9830485 ], [ -0.6580914, 47.98204 ], [ -0.6588557, 47.9819343 ], [ -0.6596741, 47.9821079 ], [ -0.6599089, 47.9815835 ], [ -0.6611565, 47.9814824 ], [ -0.662399, 47.9815203 ], [ -0.6631404, 47.9813954 ], [ -0.6641941, 47.9814391 ], [ -0.6646963, 47.9818703 ], [ -0.6648735, 47.9819305 ], [ -0.6650126, 47.9818262 ], [ -0.6664768, 47.981385 ], [ -0.66668, 47.9810445 ], [ -0.667141, 47.9806869 ], [ -0.6689227, 47.9802961 ], [ -0.669289, 47.9800829 ], [ -0.6705431, 47.9796302 ], [ -0.6708733, 47.979264 ], [ -0.6721684, 47.9793263 ], [ -0.6730864, 47.9790967 ], [ -0.6736248, 47.9793159 ], [ -0.6742239, 47.9791503 ], [ -0.6752772, 47.9790345 ], [ -0.6755702, 47.9788875 ], [ -0.6760263, 47.9787894 ], [ -0.6763735, 47.9784552 ], [ -0.6773795, 47.9784904 ], [ -0.6775816, 47.9783084 ], [ -0.6784637, 47.978124 ], [ -0.6792855, 47.9781514 ], [ -0.6799078, 47.9782644 ], [ -0.6808721, 47.9782387 ], [ -0.6812482, 47.9784963 ], [ -0.6820642, 47.9788076 ], [ -0.6827887, 47.9796552 ], [ -0.6826275, 47.9799035 ], [ -0.6828716, 47.9800382 ], [ -0.6835349, 47.9801985 ], [ -0.6842085, 47.9781152 ], [ -0.6857572, 47.9763639 ], [ -0.6861908, 47.9753458 ], [ -0.685535, 47.975061 ], [ -0.684764, 47.9749509 ], [ -0.6844144, 47.9746898 ], [ -0.6834355, 47.972825 ], [ -0.6834159, 47.9724662 ], [ -0.6852844, 47.9728265 ], [ -0.6883339, 47.9729236 ], [ -0.6907545, 47.9742566 ], [ -0.6912292, 47.9745994 ], [ -0.691405, 47.974369499999987 ], [ -0.6931308, 47.9747793 ], [ -0.6933468, 47.9751635 ], [ -0.6935685, 47.9751304 ], [ -0.6936239, 47.9752899 ], [ -0.6937491, 47.9753346 ], [ -0.693865, 47.9752652 ], [ -0.6939819, 47.974921 ], [ -0.6944065, 47.9749302 ], [ -0.6945783, 47.9744302 ], [ -0.6951593, 47.9745659 ], [ -0.6953677, 47.9745143 ], [ -0.6952935, 47.9740662 ], [ -0.6950809, 47.9739423 ], [ -0.6951792, 47.973832 ], [ -0.6953634, 47.9737992 ], [ -0.6957624, 47.9739217 ], [ -0.69619, 47.9739353 ], [ -0.6964034, 47.9740709 ], [ -0.6964954, 47.974005899999987 ], [ -0.6966946, 47.9736879 ], [ -0.696693, 47.9733564 ], [ -0.6969816, 47.9731672 ], [ -0.6970191, 47.9729344 ], [ -0.6972581, 47.9728026 ], [ -0.6974302, 47.9725774 ], [ -0.6974001, 47.9723576 ], [ -0.6972022, 47.9723287 ], [ -0.697091, 47.9720808 ], [ -0.697145, 47.9719701 ], [ -0.6973432, 47.9719657 ], [ -0.6974827, 47.9718117 ], [ -0.6968136, 47.9714508 ], [ -0.6964898, 47.9711168 ], [ -0.6958592, 47.9709817 ], [ -0.6943156, 47.9700663 ], [ -0.6926576, 47.9694526 ], [ -0.6920181, 47.9691115 ], [ -0.6919763, 47.9689362 ], [ -0.6917951, 47.9687806 ], [ -0.6919553, 47.9684035 ], [ -0.6917212, 47.9683172 ], [ -0.6916198, 47.9680933 ], [ -0.6918356, 47.9679361 ], [ -0.6918272, 47.967585 ], [ -0.6921821, 47.9675378 ], [ -0.6920247, 47.9672626 ], [ -0.692551, 47.9669415 ], [ -0.6926279, 47.9666202 ], [ -0.6925526, 47.9664253 ], [ -0.6931123, 47.9662563 ], [ -0.6931292, 47.9660567 ], [ -0.69348, 47.9660465 ], [ -0.6936064, 47.9659543 ], [ -0.6935981, 47.9656618 ], [ -0.6944453, 47.9650964 ], [ -0.6952056, 47.9642256 ], [ -0.6955116, 47.9639979 ], [ -0.6959055, 47.9638558 ], [ -0.6962818, 47.9634043 ], [ -0.6965195, 47.9632743 ], [ -0.6969102, 47.9623945 ], [ -0.6967996, 47.9621745 ], [ -0.6969717, 47.9618538 ], [ -0.6968858, 47.961506 ], [ -0.697382, 47.9606967 ], [ -0.6973325, 47.9600649 ], [ -0.696654, 47.9598178 ], [ -0.69645, 47.9596233 ], [ -0.6948556, 47.9596482 ], [ -0.6943706, 47.9595608 ], [ -0.6932005, 47.9588993 ], [ -0.692372, 47.9583263 ], [ -0.6921517, 47.9579945 ], [ -0.6918147, 47.9563726 ], [ -0.6919695, 47.955475799999988 ], [ -0.6921994, 47.9552722 ], [ -0.6916514, 47.9550678 ], [ -0.6914503, 47.9547218 ], [ -0.6904731, 47.9539201 ], [ -0.6898712, 47.953539 ], [ -0.6890075, 47.9527112 ], [ -0.6873514, 47.9514604 ], [ -0.6862815, 47.9499219 ], [ -0.6860703, 47.9498547 ], [ -0.6856294, 47.9483342 ], [ -0.6858415, 47.9459266 ], [ -0.6839524, 47.9457958 ], [ -0.681757, 47.9457538 ], [ -0.6784775, 47.946648499999988 ], [ -0.677889, 47.9467471 ], [ -0.6767275, 47.947788 ], [ -0.6757172, 47.9479935 ], [ -0.6753834, 47.9481499 ], [ -0.6742688, 47.9481073 ], [ -0.6739123, 47.9482067 ], [ -0.6735923, 47.948446499999989 ], [ -0.6732879, 47.9483308 ], [ -0.6730995, 47.9484565 ], [ -0.6725519, 47.9485466 ], [ -0.671969, 47.9483594 ], [ -0.6716049, 47.9485618 ], [ -0.6711054, 47.948494499999988 ], [ -0.6708428, 47.9487496 ], [ -0.669849, 47.949368 ], [ -0.6699093, 47.9499292 ], [ -0.6697825, 47.9501124 ], [ -0.6696042, 47.949745 ], [ -0.6683495, 47.9492094 ], [ -0.6683031, 47.948965799999989 ], [ -0.6681043, 47.9489405 ], [ -0.6679204, 47.9487246 ], [ -0.6676831, 47.9488032 ], [ -0.6676099, 47.9486767 ], [ -0.6671957, 47.9487554 ], [ -0.6669169, 47.9486803 ], [ -0.6668889, 47.9484505 ], [ -0.6665245, 47.9483196 ], [ -0.6666055, 47.9481522 ], [ -0.6661832, 47.9476113 ], [ -0.6661164, 47.9471107 ], [ -0.6659793, 47.9468735 ], [ -0.6650051, 47.9462237 ], [ -0.6643596, 47.9455754 ], [ -0.6637366, 47.9456426 ], [ -0.6631835, 47.945458 ], [ -0.6630332, 47.9450294 ], [ -0.6629441, 47.9449817 ], [ -0.6626572, 47.9450411 ], [ -0.6622742, 47.9448539 ], [ -0.6620693, 47.9442946 ], [ -0.6618122, 47.9440089 ], [ -0.6613008, 47.9436897 ], [ -0.661112, 47.943228 ], [ -0.6608593, 47.9431025 ], [ -0.6605047, 47.942492 ], [ -0.6571503, 47.9407478 ], [ -0.6561472, 47.9404331 ], [ -0.6558157, 47.9404677 ], [ -0.6554319, 47.9403851 ], [ -0.6535558, 47.9405354 ], [ -0.6522263, 47.9395119 ], [ -0.6506722, 47.9393341 ], [ -0.6497049, 47.9389939 ], [ -0.6491196, 47.9385949 ], [ -0.6490141, 47.9381522 ], [ -0.6482645, 47.9381891 ], [ -0.6480224, 47.9381002 ], [ -0.6477404, 47.937645 ], [ -0.6477375, 47.9373108 ], [ -0.6476215, 47.9371063 ], [ -0.6472503, 47.9369133 ], [ -0.6466841, 47.9367516 ], [ -0.6460753, 47.9362624 ], [ -0.6456421, 47.9361813 ], [ -0.6446745, 47.9363041 ], [ -0.6439884, 47.936893 ], [ -0.642562, 47.9372463 ], [ -0.6404906, 47.9373438 ], [ -0.6400187, 47.9372657 ], [ -0.6398611, 47.9368642 ], [ -0.6397257, 47.9356531 ], [ -0.639241, 47.9353501 ], [ -0.6390118, 47.9348617 ], [ -0.6388014, 47.9346872 ], [ -0.6381178, 47.9344345 ], [ -0.6376908, 47.9339955 ], [ -0.6370015, 47.9337375 ], [ -0.6357528, 47.9335131 ], [ -0.6351637, 47.9335449 ], [ -0.6349167, 47.9333642 ], [ -0.6346552, 47.9333039 ], [ -0.6340134, 47.9333084 ], [ -0.6325663, 47.9330262 ], [ -0.6322044, 47.9330653 ], [ -0.6304451, 47.9337053 ], [ -0.6281367, 47.934373 ], [ -0.6274689, 47.9343901 ], [ -0.6255074, 47.9340344 ], [ -0.6249547, 47.9337335 ], [ -0.6241985, 47.9330073 ], [ -0.6233721, 47.9326049 ], [ -0.6223117, 47.9322916 ], [ -0.6216078, 47.9319359 ], [ -0.6209575, 47.9318361 ], [ -0.6207328, 47.9318638 ], [ -0.6204588, 47.9320713 ], [ -0.6197277, 47.9323974 ], [ -0.6193861, 47.9324602 ], [ -0.6188791, 47.9324371 ], [ -0.6185206, 47.9321923 ], [ -0.6171515, 47.9327768 ], [ -0.6133573, 47.9308612 ], [ -0.6127857, 47.9305383 ], [ -0.6126147, 47.9303499 ], [ -0.6124789, 47.9303649 ], [ -0.6115328, 47.9296994 ], [ -0.6113118, 47.9293278 ], [ -0.6090366, 47.9280608 ], [ -0.6082163, 47.9277662 ], [ -0.6076077, 47.9276471 ], [ -0.6075855, 47.9272424 ], [ -0.6079383, 47.9263784 ], [ -0.6061923, 47.9262879 ], [ -0.6059781, 47.9272377 ], [ -0.6049697, 47.9271732 ], [ -0.6049089, 47.9272651 ], [ -0.6014807, 47.927036099999988 ], [ -0.599859, 47.9267615 ], [ -0.598905, 47.926471 ], [ -0.5974636, 47.9258323 ], [ -0.5976232, 47.9252013 ], [ -0.5962143, 47.9248814 ], [ -0.5954931, 47.9240503 ], [ -0.5944036, 47.9211261 ], [ -0.5917555, 47.921881 ], [ -0.5912501, 47.9211857 ], [ -0.5906619, 47.9199811 ], [ -0.5901533, 47.9195363 ], [ -0.589672, 47.9183457 ], [ -0.5893175, 47.9183944 ], [ -0.5887537, 47.9172314 ], [ -0.5893527, 47.9171708 ], [ -0.5891239, 47.9166823 ], [ -0.5903478, 47.9157962 ], [ -0.5908658, 47.9156092 ], [ -0.590379, 47.9141583 ], [ -0.5898956, 47.9137083 ], [ -0.5898403, 47.9135055 ], [ -0.5893557, 47.9134527 ], [ -0.5883908, 47.9131147 ], [ -0.5875807, 47.912689 ], [ -0.586416, 47.9114958 ], [ -0.5852371, 47.9106876 ], [ -0.585699, 47.9104231 ], [ -0.5858871, 47.910193 ], [ -0.5858526, 47.9095644 ], [ -0.5881253, 47.9095075 ], [ -0.5874284, 47.9090297 ], [ -0.5860331, 47.9082697 ], [ -0.5852003, 47.9074654 ], [ -0.5845178, 47.906943 ], [ -0.5819437, 47.9054324 ], [ -0.5805468, 47.9043877 ], [ -0.5788816, 47.9039934 ], [ -0.5785766, 47.9045162 ], [ -0.5782104, 47.904490499999987 ], [ -0.5767824, 47.9040764 ], [ -0.575982, 47.9041278 ], [ -0.5753136, 47.9049058 ], [ -0.5742528, 47.9068804 ], [ -0.5759644, 47.9082201 ], [ -0.5729952, 47.9094349 ], [ -0.5727277, 47.9094421 ], [ -0.5721786, 47.908948 ], [ -0.5707238, 47.908277 ], [ -0.5703894, 47.9082854 ], [ -0.5669326, 47.9094841 ], [ -0.5659507, 47.9097068 ], [ -0.5639445, 47.9103407 ], [ -0.5621818, 47.9113275 ], [ -0.5616605, 47.911028 ], [ -0.5590427, 47.9104561 ], [ -0.5581313, 47.9096927 ], [ -0.5579848, 47.9090675 ], [ -0.5577916, 47.9088832 ], [ -0.5567554, 47.9085966 ], [ -0.5557776, 47.9086425 ], [ -0.5552785, 47.9085918 ], [ -0.5548227, 47.9084489 ], [ -0.5523285, 47.9066776 ], [ -0.5518425, 47.9065833 ], [ -0.5513066, 47.9066239 ], [ -0.5499367, 47.9070761 ], [ -0.5478895, 47.9074777 ], [ -0.5466064, 47.9078065 ], [ -0.5444411, 47.9079251 ], [ -0.5440576, 47.9075997 ], [ -0.5427684, 47.907495399999988 ], [ -0.540947, 47.9071261 ], [ -0.5382844, 47.906138 ], [ -0.5379378, 47.9059421 ], [ -0.537546, 47.9050098 ], [ -0.536418, 47.904288 ], [ -0.5356774, 47.9039905 ], [ -0.5356606, 47.904463 ], [ -0.5357492, 47.9046063 ], [ -0.5330446, 47.9073282 ], [ -0.5314476, 47.9086987 ], [ -0.5309367, 47.9090753 ], [ -0.5309431, 47.9089896 ], [ -0.5300335, 47.9090935 ], [ -0.527912, 47.9096915 ], [ -0.5274108, 47.9105155 ], [ -0.5269439, 47.9105269 ], [ -0.5254828, 47.910114899999989 ], [ -0.5214655, 47.9102328 ], [ -0.5180958, 47.9104978 ], [ -0.5127632, 47.9102801 ], [ -0.5117087, 47.9104612 ], [ -0.5110708, 47.9104812 ], [ -0.5100396, 47.9107517 ], [ -0.5095917, 47.9110092 ], [ -0.5090873, 47.9108585 ], [ -0.5081147, 47.911065 ], [ -0.5077204, 47.9110597 ], [ -0.507294, 47.9109734 ], [ -0.5057216, 47.9103339 ], [ -0.5054551, 47.9099914 ], [ -0.5041804, 47.9096809 ], [ -0.501304, 47.9083055 ], [ -0.4990039, 47.9075796 ], [ -0.4984424, 47.9074765 ], [ -0.4978196, 47.9074798 ], [ -0.4961174, 47.9071044 ], [ -0.4955736, 47.9068224 ], [ -0.4953393, 47.9066015 ], [ -0.4947457, 47.9065795 ], [ -0.4936734, 47.906267299999989 ], [ -0.4929083, 47.9053514 ], [ -0.4928655, 47.9045987 ], [ -0.4927475, 47.9043535 ], [ -0.4917493, 47.9035175 ], [ -0.4913059, 47.9030299 ], [ -0.4906649, 47.9026535 ], [ -0.4898992, 47.9025204 ], [ -0.4886762, 47.9026639 ], [ -0.4874475, 47.9029059 ], [ -0.486493, 47.9027955 ], [ -0.4860708, 47.9025882 ], [ -0.4855552, 47.9024684 ], [ -0.485167, 47.9022493 ], [ -0.4847177, 47.9022609 ], [ -0.483795, 47.9019189 ], [ -0.4835279, 47.9019323 ], [ -0.4832284, 47.9015123 ], [ -0.4826842, 47.9013447 ], [ -0.4811399, 47.9012473 ], [ -0.4802576, 47.9010726 ], [ -0.4789803, 47.9005925 ], [ -0.475716, 47.899127199999988 ], [ -0.4758625, 47.8986021 ], [ -0.4755933, 47.8976012 ], [ -0.4743833, 47.8975127 ], [ -0.4715898, 47.896890899999988 ], [ -0.4714626, 47.8966659 ], [ -0.4700435, 47.8961259 ], [ -0.4677212, 47.8954964 ], [ -0.4672975, 47.8955729 ], [ -0.4666438, 47.8953868 ], [ -0.4655393, 47.8953762 ], [ -0.46535, 47.8950611 ], [ -0.4653491, 47.8945143 ], [ -0.4647134, 47.8931692 ], [ -0.4631135, 47.8927489 ], [ -0.4630806, 47.8920391 ], [ -0.4613609, 47.8918565 ], [ -0.4605495, 47.8921678 ], [ -0.4595058, 47.8916509 ], [ -0.4584649, 47.8914627 ], [ -0.4567028, 47.890875 ], [ -0.4547214, 47.8904352 ], [ -0.4538746, 47.8915628 ], [ -0.4533953, 47.8923894 ], [ -0.4536704, 47.8929525 ], [ -0.4535651, 47.8934952 ], [ -0.4531847, 47.8939271 ], [ -0.4523124, 47.8938401 ], [ -0.4514296, 47.8935913 ], [ -0.450196, 47.8930358 ], [ -0.4493816, 47.89283 ], [ -0.4490502, 47.892883 ], [ -0.4489239, 47.8930209 ], [ -0.4491619, 47.8937355 ], [ -0.4491857, 47.8941843 ], [ -0.4489495, 47.894775 ], [ -0.4493852, 47.8954396 ], [ -0.4493242, 47.8955315 ], [ -0.4469775, 47.8963382 ], [ -0.4443209, 47.8958163 ], [ -0.4441078, 47.8964954 ], [ -0.4413633, 47.8965183 ], [ -0.4409597, 47.895996 ], [ -0.4409268, 47.8955916 ], [ -0.4407793, 47.8954247 ], [ -0.4397458, 47.8958045 ], [ -0.4381351, 47.8955887 ], [ -0.4377259, 47.8957845 ], [ -0.4374767, 47.8955152 ], [ -0.4373383, 47.8956733 ], [ -0.4370802, 47.8957628 ], [ -0.4360338, 47.8955314 ], [ -0.4351497, 47.8955311 ], [ -0.434314, 47.8950781 ], [ -0.4334952, 47.8947823 ], [ -0.433094, 47.8947922 ], [ -0.4325041, 47.8950311 ], [ -0.4322943, 47.8961164 ], [ -0.4330961, 47.896501 ], [ -0.4327895, 47.8971244 ], [ -0.431934, 47.8971107 ], [ -0.4314263, 47.8974417 ], [ -0.4300306, 47.8976095 ], [ -0.4293619, 47.8976255 ], [ -0.4290141, 47.8973636 ], [ -0.4275723, 47.8979372 ], [ -0.4268588, 47.898359799999987 ], [ -0.4263878, 47.8983258 ], [ -0.424606, 47.897513 ], [ -0.4233086, 47.8970032 ], [ -0.4230412, 47.897010099999989 ], [ -0.4226798, 47.8977836 ], [ -0.4217076, 47.8983912 ], [ -0.420645, 47.8992365 ], [ -0.4202648, 47.8989287 ], [ -0.4188715, 47.8981153 ], [ -0.4177356, 47.8976791 ], [ -0.4173884, 47.897655 ], [ -0.4175694, 47.8960138 ], [ -0.417351, 47.895659 ], [ -0.4169335, 47.895354 ], [ -0.4166858, 47.8944604 ], [ -0.4155682, 47.8945362 ], [ -0.4148311, 47.8944045 ], [ -0.4147347, 47.895674799999988 ], [ -0.414197, 47.8966029 ], [ -0.4134334, 47.8962468 ], [ -0.4125507, 47.8959978 ], [ -0.4118788, 47.8959227 ], [ -0.4109866, 47.8953586 ], [ -0.4109308, 47.8956368 ], [ -0.4103364, 47.8956622 ], [ -0.4100669, 47.8958448 ], [ -0.4093329, 47.8959291 ], [ -0.4090691, 47.8964512 ], [ -0.4087044, 47.8965717 ], [ -0.4083756, 47.8969785 ], [ -0.4077691, 47.8970042 ], [ -0.4068622, 47.8974827 ], [ -0.4068076, 47.8978014 ], [ -0.4065208, 47.8981944 ], [ -0.405723, 47.8986211 ], [ -0.4056593, 47.898922899999988 ], [ -0.4052529, 47.8990392 ], [ -0.4051307, 47.8991607 ], [ -0.4040516, 47.8993164 ], [ -0.4041954, 47.8996563 ], [ -0.4040082, 47.9001211 ], [ -0.404042, 47.9003769 ], [ -0.4043526, 47.9007912 ], [ -0.404214, 47.9009286 ], [ -0.4041853, 47.901608599999989 ], [ -0.4036347, 47.9022975 ], [ -0.4034172, 47.902792 ], [ -0.4037175, 47.9029824 ], [ -0.4038407, 47.9031914 ], [ -0.4043165, 47.904427 ], [ -0.4044896, 47.9046193 ], [ -0.4055841, 47.9047641 ], [ -0.4059395, 47.9052916 ], [ -0.4068197, 47.9053966 ], [ -0.4073312, 47.9056637 ], [ -0.4078421, 47.9058173 ], [ -0.408399, 47.906457 ], [ -0.4067166, 47.9073381 ], [ -0.4067283, 47.9075621 ], [ -0.4075589, 47.908083 ], [ -0.4075722, 47.9083528 ], [ -0.4073193, 47.9086286 ], [ -0.4057422, 47.9093563 ], [ -0.4062622, 47.9105059 ], [ -0.4070837, 47.9109055 ], [ -0.4079617, 47.9118925 ], [ -0.4093703, 47.9132325 ], [ -0.4103899, 47.9139613 ], [ -0.4123525, 47.9157266 ], [ -0.4127832, 47.916006 ], [ -0.413046, 47.9160497 ] ] ] ] } },
{ "type": "Feature", "properties": { "code_departement": 53.0, "code_rne": "0530792Y", "multisecteur": 0.0 }, "geometry": { "type": "MultiPolygon", "coordinates": [ [ [ [ -0.5041633, 48.2107259 ], [ -0.5051121, 48.2105041 ], [ -0.5054373, 48.2103485 ], [ -0.5061538, 48.2102417 ], [ -0.5067816, 48.2098961 ], [ -0.5089796, 48.210608 ], [ -0.5098819, 48.2111261 ], [ -0.510216, 48.2109009 ], [ -0.5110423, 48.2114123 ], [ -0.5116083, 48.2119385 ], [ -0.5126558, 48.2126333 ], [ -0.5129571, 48.2132107 ], [ -0.5133047, 48.2143019 ], [ -0.5151674, 48.2141239 ], [ -0.5157418, 48.214169 ], [ -0.5161739, 48.214284 ], [ -0.5167572, 48.2154321 ], [ -0.5167306, 48.2168109 ], [ -0.5160299, 48.2176829 ], [ -0.5160532, 48.218174 ], [ -0.5164066, 48.2184805 ], [ -0.5172771, 48.2188221 ], [ -0.5187352, 48.2188597 ], [ -0.51986, 48.2191351 ], [ -0.5201445, 48.2192581 ], [ -0.5206251, 48.219713 ], [ -0.5208308, 48.2193629 ], [ -0.5241294, 48.2193725 ], [ -0.5248881, 48.2197138 ], [ -0.5260711, 48.2201117 ], [ -0.5265839, 48.2197379 ], [ -0.5276589, 48.2203543 ], [ -0.5275923, 48.2201041 ], [ -0.527989, 48.219568 ], [ -0.5287203, 48.2192976 ], [ -0.5320714, 48.2208753 ], [ -0.5326074, 48.2210494 ], [ -0.5340801, 48.2213448 ], [ -0.5353258, 48.2219128 ], [ -0.5363362, 48.2222068 ], [ -0.5366362, 48.2228013 ], [ -0.5365844, 48.223073 ], [ -0.5363293, 48.2233491 ], [ -0.5364762, 48.2235698 ], [ -0.537371, 48.2240699 ], [ -0.5371212, 48.2245251 ], [ -0.5358665, 48.2248509 ], [ -0.5354832, 48.2250632 ], [ -0.5354668, 48.225623 ], [ -0.5357766, 48.2264847 ], [ -0.5372117, 48.2263967 ], [ -0.5394344, 48.2259545 ], [ -0.5410492, 48.2259331 ], [ -0.5419077, 48.2260118 ], [ -0.5409929, 48.2302337 ], [ -0.5408288, 48.2331686 ], [ -0.54074, 48.2332126 ], [ -0.5424237, 48.2359182 ], [ -0.5425197, 48.2364449 ], [ -0.5422862, 48.2369824 ], [ -0.5418279, 48.2376267 ], [ -0.5417888, 48.2381277 ], [ -0.5419909, 48.2386071 ], [ -0.5428355, 48.239278 ], [ -0.5431325, 48.2398455 ], [ -0.5436151, 48.2402048 ], [ -0.5496126, 48.2370444 ], [ -0.5609737, 48.2312686 ], [ -0.5614007, 48.2314827 ], [ -0.5628845, 48.2315361 ], [ -0.5663168, 48.2327115 ], [ -0.5682967, 48.2332021 ], [ -0.569037, 48.2331842 ], [ -0.5699299, 48.2328915 ], [ -0.5709114, 48.2323953 ], [ -0.5722385, 48.2320246 ], [ -0.5763009, 48.2318341 ], [ -0.5764982, 48.231403 ], [ -0.5775045, 48.2313329 ], [ -0.5783905, 48.2315357 ], [ -0.5798804, 48.2316788 ], [ -0.5799382, 48.2314978 ], [ -0.5801579, 48.231456 ], [ -0.5838909, 48.2272131 ], [ -0.5867785, 48.2235704 ], [ -0.5876034, 48.222182499999988 ], [ -0.5882709, 48.2213165 ], [ -0.5887435, 48.2203186 ], [ -0.5887389, 48.2191415 ], [ -0.5891174, 48.2184058 ], [ -0.5891755, 48.2179924 ], [ -0.5882509, 48.2171991 ], [ -0.5883816, 48.2171194 ], [ -0.5879749, 48.2166292 ], [ -0.5879583, 48.215593 ], [ -0.5870316, 48.2148078 ], [ -0.5868472, 48.2145531 ], [ -0.5856234, 48.211381 ], [ -0.5872892, 48.2112836 ], [ -0.5916665, 48.2119611 ], [ -0.5921592, 48.2120722 ], [ -0.5938769, 48.2129333 ], [ -0.5962711, 48.2128667 ], [ -0.5968004, 48.2127227 ], [ -0.5973057, 48.2129982 ], [ -0.5992797, 48.212639 ], [ -0.5996907, 48.2127174 ], [ -0.6009408, 48.2126694 ], [ -0.6024802, 48.2124576 ], [ -0.6032963, 48.2124696 ], [ -0.6035294, 48.212331 ], [ -0.6039931, 48.2122736 ], [ -0.6049925, 48.2122449 ], [ -0.6059201, 48.2128435 ], [ -0.6061605, 48.2132244 ], [ -0.6067471, 48.2136442 ], [ -0.6068171, 48.2142933 ], [ -0.6084903, 48.215977 ], [ -0.6087493, 48.2156457 ], [ -0.6100542, 48.2148032 ], [ -0.6103193, 48.214542 ], [ -0.6105928, 48.2138329 ], [ -0.6107777, 48.2121834 ], [ -0.6113451, 48.2117508 ], [ -0.6115652, 48.2112847 ], [ -0.6118124, 48.2112925 ], [ -0.6122239, 48.2104927 ], [ -0.6118176, 48.2099322 ], [ -0.6125892, 48.2095501 ], [ -0.6133335, 48.2089662 ], [ -0.6139109, 48.2087404 ], [ -0.6151101, 48.2077751 ], [ -0.6152618, 48.2070976 ], [ -0.6157154, 48.2064415 ], [ -0.6158588, 48.2046617 ], [ -0.6164788, 48.2047616 ], [ -0.6199541, 48.2043327 ], [ -0.6206883, 48.2035652 ], [ -0.6209386, 48.2035594 ], [ -0.6217977, 48.2030808 ], [ -0.6224318, 48.2032685 ], [ -0.622475, 48.2029366 ], [ -0.6218885, 48.2018918 ], [ -0.6217967, 48.201437 ], [ -0.6216676, 48.2013239 ], [ -0.6216164, 48.2008913 ], [ -0.6217339, 48.2004643 ], [ -0.6193981, 48.2001766 ], [ -0.6207519, 48.199682 ], [ -0.6211106, 48.1993521 ], [ -0.6219146, 48.1982096 ], [ -0.6225541, 48.1976928 ], [ -0.6233053, 48.1967816 ], [ -0.6238267, 48.1963693 ], [ -0.6246325, 48.1961563 ], [ -0.6245047, 48.195550399999988 ], [ -0.6241344, 48.1951808 ], [ -0.6247508, 48.1946628 ], [ -0.6248009, 48.1942541 ], [ -0.6249485, 48.1940488 ], [ -0.6246835, 48.192682399999988 ], [ -0.6249458, 48.1923437 ], [ -0.6249431, 48.1915196 ], [ -0.6251911, 48.1912661 ], [ -0.6253505, 48.1912144 ], [ -0.6263132, 48.1910893 ], [ -0.6267967, 48.1909312 ], [ -0.6277477, 48.1903625 ], [ -0.6278121, 48.1901236 ], [ -0.6275918, 48.1896025 ], [ -0.6268028, 48.1888638 ], [ -0.62756, 48.1869075 ], [ -0.6277246, 48.1867151 ], [ -0.6273919, 48.1846185 ], [ -0.6276137, 48.1845928 ], [ -0.6277701, 48.184125 ], [ -0.6279883, 48.18383 ], [ -0.6276799, 48.1835179 ], [ -0.6278271, 48.1830342 ], [ -0.6281954, 48.1825725 ], [ -0.6282229, 48.1823456 ], [ -0.6286017, 48.181997 ], [ -0.6292282, 48.1817841 ], [ -0.6317649, 48.1802657 ], [ -0.6319714, 48.1798027 ], [ -0.6320285, 48.1789092 ], [ -0.6318404, 48.1783493 ], [ -0.6318537, 48.1778571 ], [ -0.6313945, 48.1766444 ], [ -0.6309771, 48.1748836 ], [ -0.6307959, 48.173503 ], [ -0.6308048, 48.1712436 ], [ -0.6314962, 48.1703711 ], [ -0.6310467, 48.1695724 ], [ -0.6310884, 48.1691217 ], [ -0.6315381, 48.1687502 ], [ -0.6319928, 48.1684687 ], [ -0.6323912, 48.168369 ], [ -0.6325432, 48.1686796 ], [ -0.6339201, 48.1684553 ], [ -0.6352687, 48.1691893 ], [ -0.6358015, 48.169182799999987 ], [ -0.6369274, 48.169321 ], [ -0.638354, 48.1697211 ], [ -0.6396084, 48.1698878 ], [ -0.640181, 48.1700674 ], [ -0.6414196, 48.17102 ], [ -0.6423848, 48.1714451 ], [ -0.6471184, 48.1715447 ], [ -0.6475682, 48.1705895 ], [ -0.6474144, 48.1701178 ], [ -0.6484686, 48.1701347 ], [ -0.6486593, 48.1698153 ], [ -0.6493356, 48.1692359 ], [ -0.6502656, 48.1686253 ], [ -0.651403, 48.1680154 ], [ -0.6512463, 48.1678527 ], [ -0.6527905, 48.1673617 ], [ -0.6535928, 48.1692059 ], [ -0.6562623, 48.1688458 ], [ -0.6569625, 48.1711192 ], [ -0.6573804, 48.1713783 ], [ -0.6596159, 48.1721368 ], [ -0.6600708, 48.1716075 ], [ -0.6607979, 48.1711985 ], [ -0.6612499, 48.1705521 ], [ -0.6614243, 48.1704647 ], [ -0.661274, 48.1700649 ], [ -0.66153, 48.1698336 ], [ -0.6619301, 48.1697779 ], [ -0.6624659, 48.1704161 ], [ -0.6628605, 48.1704156 ], [ -0.6636402, 48.1708436 ], [ -0.6644152, 48.1710087 ], [ -0.6650869, 48.171353499999988 ], [ -0.6651138, 48.1714689 ], [ -0.6650082, 48.171519 ], [ -0.6663856, 48.1725625 ], [ -0.6695847, 48.1739295 ], [ -0.66955, 48.174263 ], [ -0.6723469, 48.1731563 ], [ -0.6734112, 48.1729484 ], [ -0.6767033, 48.1728639 ], [ -0.6787578, 48.1716963 ], [ -0.6827156, 48.1687813 ], [ -0.6838536, 48.1671433 ], [ -0.682201, 48.166694 ], [ -0.68109, 48.1660927 ], [ -0.6807508, 48.1660565 ], [ -0.6797602, 48.1663522 ], [ -0.6790958, 48.1662676 ], [ -0.6775422, 48.1658467 ], [ -0.6762621, 48.1656596 ], [ -0.6765595, 48.165 ], [ -0.6754842, 48.1645236 ], [ -0.6760135, 48.1641973 ], [ -0.6760462, 48.1638936 ], [ -0.6765812, 48.1636877 ], [ -0.6772485, 48.163176 ], [ -0.6774529, 48.162322 ], [ -0.6773738, 48.1621155 ], [ -0.6770892, 48.161837 ], [ -0.6765928, 48.16163 ], [ -0.6765896, 48.161449 ], [ -0.6769579, 48.1611313 ], [ -0.6777807, 48.1607849 ], [ -0.6780069, 48.1607662 ], [ -0.6781512, 48.1608472 ], [ -0.6784761, 48.159848 ], [ -0.6784703, 48.1589925 ], [ -0.6787813, 48.1582964 ], [ -0.6790425, 48.1580639 ], [ -0.6801727, 48.1576296 ], [ -0.6801232, 48.1567258 ], [ -0.6802711, 48.1562015 ], [ -0.6798677, 48.1557646 ], [ -0.6785548, 48.1554326 ], [ -0.6778291, 48.1553723 ], [ -0.6768748, 48.1554534 ], [ -0.6761999, 48.1554087 ], [ -0.6758663, 48.1547543 ], [ -0.6763268, 48.1545625 ], [ -0.67657, 48.1541118 ], [ -0.6768797, 48.1537832 ], [ -0.6770417, 48.1532107 ], [ -0.6731245, 48.1542398 ], [ -0.6688591, 48.1547735 ], [ -0.6660304, 48.1550596 ], [ -0.6636047, 48.1548891 ], [ -0.6598822, 48.1550614 ], [ -0.6495465, 48.1563546 ], [ -0.6404359, 48.15504 ], [ -0.6362212, 48.1542621 ], [ -0.635607, 48.152928 ], [ -0.6347089, 48.151791 ], [ -0.6332168, 48.1495508 ], [ -0.6329508, 48.149637399999989 ], [ -0.6326136, 48.1495883 ], [ -0.6320936, 48.1493278 ], [ -0.6312236, 48.1486358 ], [ -0.6291191, 48.1465901 ], [ -0.6288165, 48.1464958 ], [ -0.6289168, 48.1460162 ], [ -0.6287333, 48.1452454 ], [ -0.6291385, 48.1428963 ], [ -0.6286941, 48.1421876 ], [ -0.627787, 48.1415804 ], [ -0.6266774, 48.1395536 ], [ -0.628652, 48.1384218 ], [ -0.6288288, 48.137802 ], [ -0.6281661, 48.1373621 ], [ -0.6267657, 48.1369981 ], [ -0.6269294, 48.1367759 ], [ -0.6273546, 48.1350892 ], [ -0.6271976, 48.1341356 ], [ -0.6273947, 48.1329306 ], [ -0.6251572, 48.1328166 ], [ -0.6249597, 48.1320173 ], [ -0.625074, 48.1309572 ], [ -0.6255955, 48.130616 ], [ -0.6259162, 48.1305827 ], [ -0.62684, 48.1298093 ], [ -0.6267257, 48.1295759 ], [ -0.6263421, 48.1293779 ], [ -0.6266422, 48.1291236 ], [ -0.6259156, 48.1284767 ], [ -0.625102, 48.1272289 ], [ -0.6238757, 48.1273378 ], [ -0.6235122, 48.1272562 ], [ -0.6230607, 48.1272845 ], [ -0.6225891, 48.1270981 ], [ -0.6218572, 48.127099 ], [ -0.6208663, 48.1269132 ], [ -0.6209049, 48.1272994 ], [ -0.6199132, 48.1272785 ], [ -0.6198237, 48.1268759 ], [ -0.619165, 48.1270222 ], [ -0.6182548, 48.1268151 ], [ -0.6188612, 48.1255326 ], [ -0.6199925, 48.1245881 ], [ -0.6201431, 48.1240358 ], [ -0.621709, 48.123189599999989 ], [ -0.6219818, 48.1202816 ], [ -0.6217683, 48.1182461 ], [ -0.6218772, 48.1177941 ], [ -0.6216347, 48.1158649 ], [ -0.6212832, 48.1156036 ], [ -0.6211289, 48.1148634 ], [ -0.6201441, 48.1149405 ], [ -0.6185276, 48.1131985 ], [ -0.6174299, 48.1137087 ], [ -0.6166859, 48.1128803 ], [ -0.6163793, 48.1118016 ], [ -0.6155415, 48.1118435 ], [ -0.614869, 48.1117659 ], [ -0.6141404, 48.1119486 ], [ -0.6135837, 48.1119315 ], [ -0.6128885, 48.1117186 ], [ -0.611461, 48.1114372 ], [ -0.6112807, 48.1104717 ], [ -0.610833, 48.1104746 ], [ -0.6093348, 48.1102223 ], [ -0.6081856, 48.1101359 ], [ -0.6070914, 48.1097316 ], [ -0.6068817, 48.1088066 ], [ -0.605852, 48.1079878 ], [ -0.6056594, 48.1076676 ], [ -0.6055764, 48.1071612 ], [ -0.6057503, 48.10632 ], [ -0.6053873, 48.1056122 ], [ -0.6047016, 48.1052405 ], [ -0.6044232, 48.1051805 ], [ -0.6043038, 48.104732 ], [ -0.6026295, 48.1046346 ], [ -0.6016923, 48.1047164 ], [ -0.6008347, 48.1046831 ], [ -0.6005989, 48.1048155 ], [ -0.6006647, 48.1046361 ], [ -0.6002481, 48.1043254 ], [ -0.5993958, 48.1043704 ], [ -0.5986637, 48.1043234 ], [ -0.594849, 48.1006962 ], [ -0.5942554, 48.1007278 ], [ -0.5950823, 48.0999748 ], [ -0.5951636, 48.099548 ], [ -0.5941139, 48.099517 ], [ -0.5912714, 48.0991659 ], [ -0.5895998, 48.0987683 ], [ -0.5894847, 48.0983601 ], [ -0.5896122, 48.0981589 ], [ -0.5886428, 48.0979633 ], [ -0.5876728, 48.0959751 ], [ -0.5870623, 48.0958558 ], [ -0.586111, 48.09444 ], [ -0.5838046, 48.0916177 ], [ -0.581196, 48.0906026 ], [ -0.5802866, 48.0905168 ], [ -0.5798436, 48.0900303 ], [ -0.5774505, 48.0887005 ], [ -0.5755633, 48.0879921 ], [ -0.5750161, 48.0875539 ], [ -0.5733657, 48.0870851 ], [ -0.5727119, 48.0868212 ], [ -0.5702739, 48.085518699999987 ], [ -0.5701592, 48.0853925 ], [ -0.5710691, 48.083439 ], [ -0.5711424, 48.0828126 ], [ -0.5703643, 48.0826965 ], [ -0.5678638, 48.0814401 ], [ -0.5675049, 48.0813609 ], [ -0.5653558, 48.081307 ], [ -0.5654095, 48.0820035 ], [ -0.5658722, 48.0834028 ], [ -0.5658098, 48.0843118 ], [ -0.5631851, 48.0840057 ], [ -0.5628399, 48.0836703 ], [ -0.5617795, 48.0830159 ], [ -0.5609785, 48.08266 ], [ -0.5602392, 48.0824815 ], [ -0.5593635, 48.0825927 ], [ -0.5583885, 48.082887 ], [ -0.5577851, 48.0833295 ], [ -0.5565745, 48.0845172 ], [ -0.5560535, 48.0843672 ], [ -0.5550535, 48.0843298 ], [ -0.5549978, 48.0831614 ], [ -0.5553233, 48.0817049 ], [ -0.5552454, 48.0811254 ], [ -0.554807, 48.080863 ], [ -0.5545584, 48.0802255 ], [ -0.5547823, 48.0794162 ], [ -0.5545313, 48.0786626 ], [ -0.5548924, 48.0778356 ], [ -0.5546925, 48.07762 ], [ -0.5547133, 48.0771303 ], [ -0.5545624, 48.0767655 ], [ -0.5547717, 48.0764187 ], [ -0.5547364, 48.0763135 ], [ -0.5554637, 48.0754358 ], [ -0.5566619, 48.0747051 ], [ -0.5573133, 48.0741386 ], [ -0.5574509, 48.0735463 ], [ -0.5568434, 48.0731674 ], [ -0.5566072, 48.0728529 ], [ -0.5567119, 48.0725913 ], [ -0.5574773, 48.0718808 ], [ -0.5577219, 48.0714411 ], [ -0.5567881, 48.0712261 ], [ -0.5579803, 48.0706676 ], [ -0.5588831, 48.0700827 ], [ -0.5600082, 48.0691074 ], [ -0.5608797, 48.0681784 ], [ -0.5612316, 48.0687344 ], [ -0.5636544, 48.0699051 ], [ -0.5643703, 48.0703572 ], [ -0.5645028, 48.0716251 ], [ -0.5671011, 48.0721671 ], [ -0.5692919, 48.0727853 ], [ -0.5694295, 48.0726532 ], [ -0.5704465, 48.0726863 ], [ -0.5734662, 48.0733955 ], [ -0.5766402, 48.0744981 ], [ -0.5766002, 48.0746425 ], [ -0.5774875, 48.075002 ], [ -0.578237, 48.0755503 ], [ -0.5797244, 48.0761384 ], [ -0.5812284, 48.0769106 ], [ -0.5841254, 48.0776881 ], [ -0.586473, 48.0778157 ], [ -0.587668, 48.0780333 ], [ -0.5883171, 48.0771794 ], [ -0.5917303, 48.0773023 ], [ -0.5939421, 48.0772727 ], [ -0.5977856, 48.0770418 ], [ -0.5980324, 48.076737 ], [ -0.5982398, 48.0766243 ], [ -0.5994108, 48.0761535 ], [ -0.5996694, 48.076121199999989 ], [ -0.599889, 48.0753786 ], [ -0.6002766, 48.0746749 ], [ -0.6012066, 48.0737258 ], [ -0.6018206, 48.0726756 ], [ -0.6024584, 48.0720751 ], [ -0.6034025, 48.070682399999988 ], [ -0.6044769, 48.0685596 ], [ -0.604402, 48.0684268 ], [ -0.6033735, 48.0680475 ], [ -0.6033833, 48.0678364 ], [ -0.6031166, 48.0676896 ], [ -0.603784, 48.0666747 ], [ -0.6049523, 48.0661687 ], [ -0.6048241, 48.0658258 ], [ -0.6038841, 48.0653826 ], [ -0.6038069, 48.0649012 ], [ -0.6035816, 48.0644739 ], [ -0.603863, 48.0641068 ], [ -0.6042806, 48.0639048 ], [ -0.6045285, 48.0635387 ], [ -0.6044712, 48.0632702 ], [ -0.6041924, 48.0629455 ], [ -0.604741, 48.0622395 ], [ -0.6049124, 48.0614028 ], [ -0.6062955, 48.061683 ], [ -0.6064341, 48.0598537 ], [ -0.6067844, 48.0594133 ], [ -0.6065048, 48.0591948 ], [ -0.6063903, 48.0583434 ], [ -0.6061111, 48.05817 ], [ -0.6047536, 48.0578891 ], [ -0.6047457, 48.0577542 ], [ -0.6059216, 48.0571849 ], [ -0.6064826, 48.0564066 ], [ -0.6074682, 48.0560214 ], [ -0.6091231, 48.0556203 ], [ -0.6096469, 48.0553817 ], [ -0.6098995, 48.0551055 ], [ -0.6100228, 48.0545099 ], [ -0.6092873, 48.0539109 ], [ -0.6108724, 48.0544965 ], [ -0.6106065, 48.0550298 ], [ -0.611581, 48.055153 ], [ -0.6122037, 48.0545124 ], [ -0.6123266, 48.0541681 ], [ -0.6111472, 48.0528729 ], [ -0.6107394, 48.0521152 ], [ -0.6097513, 48.0512401 ], [ -0.6081487, 48.0502002 ], [ -0.6069034, 48.0495114 ], [ -0.6067584, 48.0493357 ], [ -0.6073087, 48.0471613 ], [ -0.607843, 48.0459334 ], [ -0.6078065, 48.0452598 ], [ -0.6075993, 48.0449211 ], [ -0.6071233, 48.0448546 ], [ -0.6065053, 48.0445186 ], [ -0.6061062, 48.0444579 ], [ -0.6051892, 48.0438356 ], [ -0.6049346, 48.0438056 ], [ -0.6037577, 48.0433696 ], [ -0.6032631, 48.043148699999989 ], [ -0.6021857, 48.0424574 ], [ -0.6009435, 48.0420685 ], [ -0.6005743, 48.0416176 ], [ -0.600101, 48.0412754 ], [ -0.5981077, 48.0404274 ], [ -0.5978885, 48.0393766 ], [ -0.5975875, 48.0391966 ], [ -0.5975141, 48.039007 ], [ -0.5971879, 48.038950299999989 ], [ -0.5971842, 48.0388369 ], [ -0.5955877, 48.0387272 ], [ -0.5953044, 48.0385106 ], [ -0.5947373, 48.0384288 ], [ -0.5943893, 48.0381899 ], [ -0.5938489, 48.0380056 ], [ -0.5927935, 48.0400683 ], [ -0.5919453, 48.0405337 ], [ -0.5914635, 48.0409754 ], [ -0.5910214, 48.0410727 ], [ -0.5907367, 48.0412706 ], [ -0.5902145, 48.0418901 ], [ -0.5894941, 48.0429939 ], [ -0.5894848, 48.0430546 ], [ -0.5897785, 48.0431663 ], [ -0.5902155, 48.0431124 ], [ -0.5903216, 48.0431714 ], [ -0.5909998, 48.043901 ], [ -0.5910279, 48.0441371 ], [ -0.5919861, 48.0444799 ], [ -0.5923801, 48.0449804 ], [ -0.5923464, 48.0451364 ], [ -0.5920881, 48.0453091 ], [ -0.5917635, 48.0458703 ], [ -0.5912399, 48.0463701 ], [ -0.5916697, 48.0471406 ], [ -0.5917196, 48.0474796 ], [ -0.5915606, 48.0477106 ], [ -0.5911259, 48.0480157 ], [ -0.5905373, 48.0482904 ], [ -0.5891727, 48.0487113 ], [ -0.5881078, 48.0494905 ], [ -0.5878628, 48.0494836 ], [ -0.5865731, 48.0507921 ], [ -0.5862631, 48.0508971 ], [ -0.5858548, 48.0508393 ], [ -0.5854874, 48.0514846 ], [ -0.5848011, 48.0520433 ], [ -0.5847912, 48.0521148 ], [ -0.5851974, 48.0523006 ], [ -0.5852348, 48.0526742 ], [ -0.5856089, 48.0530393 ], [ -0.5859054, 48.0543013 ], [ -0.5838017, 48.0540492 ], [ -0.5805882, 48.054174 ], [ -0.5794291, 48.0538427 ], [ -0.5790111, 48.0535833 ], [ -0.5734197, 48.0513445 ], [ -0.570371, 48.0506245 ], [ -0.5688375, 48.0528464 ], [ -0.5673212, 48.0545481 ], [ -0.5653515, 48.0573993 ], [ -0.564557, 48.0579918 ], [ -0.5632771, 48.0573829 ], [ -0.5615021, 48.0570231 ], [ -0.5613232, 48.0565421 ], [ -0.5605588, 48.0560653 ], [ -0.5588633, 48.0557473 ], [ -0.5581644, 48.0552252 ], [ -0.5581537, 48.0550454 ], [ -0.5583548, 48.0550402 ], [ -0.5598586, 48.0555433 ], [ -0.560314, 48.055262 ], [ -0.5601691, 48.0550853 ], [ -0.5595436, 48.0546962 ], [ -0.5595312, 48.0544714 ], [ -0.5600476, 48.054099 ], [ -0.5601052, 48.0539171 ], [ -0.5590009, 48.0533596 ], [ -0.5587873, 48.05314 ], [ -0.5582568, 48.0532434 ], [ -0.5572562, 48.0540474 ], [ -0.5571109, 48.0540842 ], [ -0.5569232, 48.0540701 ], [ -0.5559465, 48.0534123 ], [ -0.5574271, 48.0525127 ], [ -0.5564976, 48.0517571 ], [ -0.5558021, 48.0513241 ], [ -0.5558598, 48.0511422 ], [ -0.5573543, 48.0502512 ], [ -0.557537, 48.0499313 ], [ -0.5571782, 48.0494899 ], [ -0.5572298, 48.049219 ], [ -0.5576074, 48.0487599 ], [ -0.5572549, 48.0484535 ], [ -0.5567088, 48.048782599999988 ], [ -0.5561628, 48.0484748 ], [ -0.5561857, 48.0480156 ], [ -0.5566772, 48.0477737 ], [ -0.5569716, 48.0471559 ], [ -0.5575534, 48.0466186 ], [ -0.5579931, 48.0464656 ], [ -0.558885, 48.0458036 ], [ -0.5599548, 48.0446326 ], [ -0.5603451, 48.0438858 ], [ -0.5613193, 48.0434302 ], [ -0.56166, 48.043383 ], [ -0.5618459, 48.0432711 ], [ -0.5620792, 48.0432847 ], [ -0.5620842, 48.0431801 ], [ -0.5618395, 48.0430163 ], [ -0.5617041, 48.0427015 ], [ -0.5614106, 48.0424519 ], [ -0.5610092, 48.0423154 ], [ -0.5596149, 48.0420774 ], [ -0.5578862, 48.0414793 ], [ -0.5575366, 48.0412134 ], [ -0.5568025, 48.040324 ], [ -0.5562369, 48.040063599999989 ], [ -0.5556212, 48.0400354 ], [ -0.5551431, 48.0400967 ], [ -0.5547047, 48.0402486 ], [ -0.5546765, 48.04039 ], [ -0.5544615, 48.040447799999988 ], [ -0.5544672, 48.0406729 ], [ -0.5541959, 48.0406342 ], [ -0.5537123, 48.040793 ], [ -0.5536641, 48.0409557 ], [ -0.5537698, 48.0411488 ], [ -0.5533592, 48.041436 ], [ -0.5532266, 48.0413013 ], [ -0.5532737, 48.0411629 ], [ -0.5531389, 48.0410949 ], [ -0.5529799, 48.0411078 ], [ -0.5530511, 48.0412678 ], [ -0.5529653, 48.0414308 ], [ -0.5527747, 48.0412528 ], [ -0.5526308, 48.0414102 ], [ -0.5521235, 48.0413175 ], [ -0.551625, 48.0416955 ], [ -0.551602, 48.0417521 ], [ -0.5517803, 48.0418269 ], [ -0.5516725, 48.042022 ], [ -0.551343, 48.0420364 ], [ -0.5511949, 48.0421715 ], [ -0.5510671, 48.0420682 ], [ -0.5504504, 48.0422066 ], [ -0.5504909, 48.0423297 ], [ -0.5502962, 48.0425319 ], [ -0.5501077, 48.0425043 ], [ -0.5494107, 48.0427676 ], [ -0.5493932, 48.0428465 ], [ -0.5495686, 48.042898 ], [ -0.5495206, 48.0430445 ], [ -0.5490383, 48.0433635 ], [ -0.5490045, 48.0434402 ], [ -0.5491798, 48.0436502 ], [ -0.5487784, 48.0438956 ], [ -0.5478556, 48.0438964 ], [ -0.5474929, 48.0437551 ], [ -0.54719, 48.0438453 ], [ -0.5470763, 48.0437334 ], [ -0.5469783, 48.0437535 ], [ -0.5465325, 48.044438 ], [ -0.5462226, 48.0445248 ], [ -0.5458787, 48.0449252 ], [ -0.5458825, 48.0452431 ], [ -0.5448453, 48.0455617 ], [ -0.5447338, 48.0457416 ], [ -0.5442853, 48.0460452 ], [ -0.5440695, 48.0459517 ], [ -0.543868, 48.045992 ], [ -0.5431838, 48.0463873 ], [ -0.5430622, 48.0468576 ], [ -0.5432227, 48.047168 ], [ -0.5430159, 48.0473706 ], [ -0.5429819, 48.0475644 ], [ -0.5432657, 48.0484927 ], [ -0.5430757, 48.048765 ], [ -0.5424884, 48.049163799999988 ], [ -0.5419309, 48.0492634 ], [ -0.5416338, 48.0495219 ], [ -0.5413476, 48.0495809 ], [ -0.5406079, 48.0495293 ], [ -0.5404484, 48.0496557 ], [ -0.5403962, 48.0500996 ], [ -0.5403021, 48.0501799 ], [ -0.5400065, 48.050159 ], [ -0.5398072, 48.050292 ], [ -0.5391967, 48.0503239 ], [ -0.5389953, 48.0505876 ], [ -0.5383029, 48.0504184 ], [ -0.5370753, 48.0499211 ], [ -0.5355678, 48.0494367 ], [ -0.5335687, 48.048451 ], [ -0.5327941, 48.047795 ], [ -0.5321964, 48.0474337 ], [ -0.5300606, 48.0468727 ], [ -0.528542, 48.0460994 ], [ -0.5282815, 48.0462414 ], [ -0.5281257, 48.0466055 ], [ -0.5270868, 48.0460133 ], [ -0.526681, 48.0464155 ], [ -0.5251726, 48.0485343 ], [ -0.5224274, 48.048203 ], [ -0.5211227, 48.047916 ], [ -0.5191201, 48.0473769 ], [ -0.5181335, 48.0470254 ], [ -0.5168301, 48.0467175 ], [ -0.5145073, 48.0459879 ], [ -0.5121031, 48.045446299999988 ], [ -0.5103224, 48.0447869 ], [ -0.5102128, 48.0450784 ], [ -0.5115143, 48.0474843 ], [ -0.5117385, 48.0475226 ], [ -0.5118113, 48.0478709 ], [ -0.5122875, 48.0486304 ], [ -0.5123723, 48.0499268 ], [ -0.5126017, 48.050428 ], [ -0.5126526, 48.0509921 ], [ -0.5124942, 48.0517436 ], [ -0.5116041, 48.0528061 ], [ -0.5114604, 48.0535751 ], [ -0.5111116, 48.0545746 ], [ -0.5111778, 48.0548437 ], [ -0.5095317, 48.0580815 ], [ -0.5093206, 48.0591732 ], [ -0.5094926, 48.0597599 ], [ -0.5097227, 48.0599269 ], [ -0.5097503, 48.0609097 ], [ -0.5103649, 48.0611202 ], [ -0.5106245, 48.0622375 ], [ -0.5124465, 48.0624182 ], [ -0.5130595, 48.0625837 ], [ -0.5132746, 48.0628484 ], [ -0.5131217, 48.0633376 ], [ -0.5161795, 48.0643588 ], [ -0.5155588, 48.0654528 ], [ -0.5151107, 48.0666174 ], [ -0.5145566, 48.0673383 ], [ -0.5143598, 48.0674099 ], [ -0.5133043, 48.0682918 ], [ -0.5166864, 48.0690519 ], [ -0.5170523, 48.0684519 ], [ -0.5167841, 48.0681365 ], [ -0.5163291, 48.0680853 ], [ -0.5164623, 48.0676426 ], [ -0.5172309, 48.0674386 ], [ -0.5175747, 48.0671329 ], [ -0.5176991, 48.067003 ], [ -0.5178782, 48.0662194 ], [ -0.5183727, 48.0665028 ], [ -0.5183774, 48.0665927 ], [ -0.5188423, 48.0664915 ], [ -0.5189705, 48.0663985 ], [ -0.5194391, 48.0667952 ], [ -0.5190297, 48.0669849 ], [ -0.5190207, 48.0672536 ], [ -0.519576, 48.0676 ], [ -0.5197346, 48.0680456 ], [ -0.520148, 48.0682603 ], [ -0.5210966, 48.068417499999988 ], [ -0.5211713, 48.0685504 ], [ -0.5211317, 48.0690461 ], [ -0.5207327, 48.0703605 ], [ -0.5209483, 48.071398 ], [ -0.520432, 48.0717387 ], [ -0.5191491, 48.0722535 ], [ -0.5186667, 48.0727994 ], [ -0.5186066, 48.0730678 ], [ -0.5179031, 48.0739085 ], [ -0.5175432, 48.0741751 ], [ -0.5161706, 48.0745755 ], [ -0.5150761, 48.074528 ], [ -0.5121414, 48.0750461 ], [ -0.5124529, 48.0756277 ], [ -0.5124112, 48.0757884 ], [ -0.5113232, 48.0758398 ], [ -0.5108723, 48.0760532 ], [ -0.5099465, 48.0763006 ], [ -0.5085801, 48.0769979 ], [ -0.5082078, 48.0773225 ], [ -0.5076386, 48.0784879 ], [ -0.5068444, 48.0792016 ], [ -0.5067271, 48.0795194 ], [ -0.5058319, 48.0803513 ], [ -0.5050265, 48.081585 ], [ -0.5048496, 48.0820398 ], [ -0.5050694, 48.0823944 ], [ -0.5054217, 48.082701 ], [ -0.5060309, 48.0837782 ], [ -0.5049811, 48.084267 ], [ -0.5030538, 48.0846991 ], [ -0.5003791, 48.0856811 ], [ -0.4992471, 48.0862093 ], [ -0.498344, 48.086782 ], [ -0.4966718, 48.0880665 ], [ -0.496283, 48.0885699 ], [ -0.4960398, 48.089141 ], [ -0.4961057, 48.0907892 ], [ -0.4963648, 48.0914534 ], [ -0.4962413, 48.0918624 ], [ -0.4959091, 48.0923704 ], [ -0.4944895, 48.0939996 ], [ -0.4940595, 48.0950419 ], [ -0.4930974, 48.0957217 ], [ -0.4922472, 48.0966927 ], [ -0.4922092, 48.0969316 ], [ -0.4927241, 48.0984152 ], [ -0.4926386, 48.0992184 ], [ -0.4902769, 48.0991903 ], [ -0.4853777, 48.0985706 ], [ -0.4855872, 48.1004424 ], [ -0.4858634, 48.1011242 ], [ -0.4858841, 48.1027431 ], [ -0.4862104, 48.1038152 ], [ -0.4866223, 48.103985 ], [ -0.4882117, 48.1060609 ], [ -0.4887273, 48.1069041 ], [ -0.489771, 48.1075982 ], [ -0.4915909, 48.1094142 ], [ -0.4926912, 48.1107994 ], [ -0.4938673, 48.1120706 ], [ -0.4940688, 48.1126564 ], [ -0.4993519, 48.1121456 ], [ -0.5070088, 48.1129529 ], [ -0.5089582, 48.1131002 ], [ -0.5111169, 48.1136664 ], [ -0.5133447, 48.114481 ], [ -0.51515, 48.1157989 ], [ -0.5162388, 48.1163321 ], [ -0.5170796, 48.1165773 ], [ -0.5183884, 48.1167174 ], [ -0.5186237, 48.1167969 ], [ -0.5202213, 48.1177805 ], [ -0.522213, 48.1193063 ], [ -0.5235031, 48.1201748 ], [ -0.524579, 48.1211172 ], [ -0.5263532, 48.1233916 ], [ -0.5265969, 48.1239185 ], [ -0.5267603, 48.1250981 ], [ -0.5290054, 48.1287176 ], [ -0.5276627, 48.1290622 ], [ -0.5267249, 48.1286588 ], [ -0.5262188, 48.1293 ], [ -0.5251548, 48.1295056 ], [ -0.5259844, 48.1311499 ], [ -0.5266108, 48.1327534 ], [ -0.5221901, 48.1330891 ], [ -0.5228047, 48.1357261 ], [ -0.5175238, 48.1374744 ], [ -0.5156443, 48.1375206 ], [ -0.5149146, 48.137718 ], [ -0.5145221, 48.1379071 ], [ -0.5118517, 48.1382425 ], [ -0.5091018, 48.1383541 ], [ -0.5091768, 48.1397462 ], [ -0.5076407, 48.1399189 ], [ -0.5070056, 48.1406089 ], [ -0.5079906, 48.1426548 ], [ -0.5083344, 48.1437173 ], [ -0.5089394, 48.1440722 ], [ -0.5087937, 48.1446143 ], [ -0.5083028, 48.1447199 ], [ -0.5081691, 48.1441663 ], [ -0.5077291, 48.1444109 ], [ -0.5075765, 48.1444235 ], [ -0.5074474, 48.1439995 ], [ -0.5071868, 48.1439658 ], [ -0.5062707, 48.1442561 ], [ -0.5058989, 48.1447175 ], [ -0.5054064, 48.1447384 ], [ -0.5051117, 48.1448814 ], [ -0.5048988, 48.1447562 ], [ -0.504471, 48.1447789 ], [ -0.5041888, 48.1447044 ], [ -0.5035616, 48.1451905 ], [ -0.5029262, 48.1450869 ], [ -0.5023086, 48.1447242 ], [ -0.5014364, 48.1450059 ], [ -0.5010235, 48.1452947 ], [ -0.5004077, 48.1452842 ], [ -0.4994348, 48.1449203 ], [ -0.4980181, 48.1438095 ], [ -0.4984093, 48.1437015 ], [ -0.4981977, 48.1431484 ], [ -0.4980237, 48.1429806 ], [ -0.4976674, 48.1428831 ], [ -0.4973867, 48.142506 ], [ -0.4969926, 48.1424285 ], [ -0.4967833, 48.142214 ], [ -0.4966916, 48.1418051 ], [ -0.4964317, 48.1416606 ], [ -0.4948533, 48.1414795 ], [ -0.4946797, 48.1411946 ], [ -0.4937592, 48.1408076 ], [ -0.4935244, 48.1409001 ], [ -0.4934226, 48.1411715 ], [ -0.4931508, 48.1412742 ], [ -0.4894933, 48.1412582 ], [ -0.4890563, 48.1415692 ], [ -0.4890571, 48.1416827 ], [ -0.4893169, 48.1419281 ], [ -0.4891605, 48.142270499999988 ], [ -0.4893867, 48.1424151 ], [ -0.4894067, 48.1426974 ], [ -0.4898763, 48.143123 ], [ -0.4898648, 48.1434989 ], [ -0.4900892, 48.1437796 ], [ -0.4900275, 48.143985 ], [ -0.4904388, 48.1440998 ], [ -0.4905705, 48.1442391 ], [ -0.4903397, 48.1445765 ], [ -0.4906799, 48.145732 ], [ -0.4905666, 48.1463793 ], [ -0.4898333, 48.1472378 ], [ -0.4891172, 48.1476445 ], [ -0.4882658, 48.1484074 ], [ -0.4877091, 48.1487607 ], [ -0.486347, 48.1491477 ], [ -0.4858846, 48.1496271 ], [ -0.4865674, 48.1505499 ], [ -0.4865229, 48.1509556 ], [ -0.4879229, 48.1532615 ], [ -0.4879637, 48.1546735 ], [ -0.4876126, 48.1552891 ], [ -0.4878045, 48.1560535 ], [ -0.48756, 48.1565093 ], [ -0.487289, 48.1567893 ], [ -0.4866149, 48.1568948 ], [ -0.4868529, 48.157748 ], [ -0.4872048, 48.1578781 ], [ -0.4869494, 48.1581891 ], [ -0.4869009, 48.1592696 ], [ -0.4873146, 48.1594393 ], [ -0.4883099, 48.1605862 ], [ -0.4874165, 48.1618376 ], [ -0.4881871, 48.1622939 ], [ -0.4888956, 48.1635006 ], [ -0.4891854, 48.1636281 ], [ -0.490113, 48.1637907 ], [ -0.490845, 48.1643139 ], [ -0.49121, 48.1646427 ], [ -0.4924528, 48.1663334 ], [ -0.4926412, 48.1662909 ], [ -0.4938558, 48.1672898 ], [ -0.4947555, 48.1677631 ], [ -0.4955285, 48.1683743 ], [ -0.4962434, 48.1691673 ], [ -0.4964954, 48.1701056 ], [ -0.4986006, 48.1717193 ], [ -0.5021437, 48.1750531 ], [ -0.5026617, 48.1759402 ], [ -0.5031598, 48.1764235 ], [ -0.5039177, 48.1767648 ], [ -0.5043501, 48.1772942 ], [ -0.5051829, 48.1777685 ], [ -0.5054136, 48.1783029 ], [ -0.5059057, 48.1786963 ], [ -0.5069448, 48.1792554 ], [ -0.5072397, 48.179497 ], [ -0.5063739, 48.1808783 ], [ -0.5059851, 48.1813096 ], [ -0.5059898, 48.1820291 ], [ -0.5049392, 48.1835897 ], [ -0.5048354, 48.1840134 ], [ -0.5045718, 48.1844247 ], [ -0.5035468, 48.1849109 ], [ -0.5031464, 48.184966 ], [ -0.5030177, 48.1852391 ], [ -0.5025975, 48.1856866 ], [ -0.5009561, 48.1866883 ], [ -0.5003227, 48.1869665 ], [ -0.4994351, 48.1860939 ], [ -0.4973931, 48.1866615 ], [ -0.4969438, 48.1870765 ], [ -0.4965485, 48.18729 ], [ -0.494585, 48.1880678 ], [ -0.4932078, 48.1883428 ], [ -0.4913995, 48.1885971 ], [ -0.490513, 48.1886152 ], [ -0.490273, 48.1887133 ], [ -0.4893255, 48.1885819 ], [ -0.4888814, 48.1886086 ], [ -0.4885508, 48.1891686 ], [ -0.4875935, 48.1896644 ], [ -0.4883629, 48.1899533 ], [ -0.4887904, 48.1905315 ], [ -0.4899076, 48.194592 ], [ -0.4902537, 48.1955077 ], [ -0.491124, 48.1967708 ], [ -0.4914307, 48.1991449 ], [ -0.4919438, 48.1994477 ], [ -0.4923379, 48.2001917 ], [ -0.492753, 48.2007216 ], [ -0.496027, 48.2037131 ], [ -0.4964559, 48.2038823 ], [ -0.4971597, 48.2048648 ], [ -0.4977192, 48.2052562 ], [ -0.4980097, 48.2056547 ], [ -0.4979866, 48.2064642 ], [ -0.4996835, 48.2104724 ], [ -0.5000934, 48.210598 ], [ -0.5005642, 48.2105859 ], [ -0.5017645, 48.2103773 ], [ -0.5026192, 48.209997099999988 ], [ -0.5032918, 48.2099808 ], [ -0.5037017, 48.2101055 ], [ -0.5041633, 48.2107259 ] ] ] ] } },
{ "type": "Feature", "properties": { "code_departement": 53.0, "code_rne": "0530793Z", "multisecteur": 0.0 }, "geometry": { "type": "MultiPolygon", "coordinates": [ [ [ [ -0.8601806, 48.501522099999988 ], [ -0.8605338, 48.5013503 ], [ -0.8610926, 48.5014474 ], [ -0.8611907, 48.5014181 ], [ -0.8611261, 48.501277 ], [ -0.8614969, 48.5011406 ], [ -0.8616404, 48.5013035 ], [ -0.8617468, 48.5012946 ], [ -0.861909, 48.5010687 ], [ -0.8622354, 48.5010283 ], [ -0.8627872, 48.5006996 ], [ -0.8628958, 48.5007213 ], [ -0.8629912, 48.500929899999988 ], [ -0.8633942, 48.5009006 ], [ -0.8632991, 48.5008055 ], [ -0.863369, 48.500723 ], [ -0.8637673, 48.5007029 ], [ -0.8639385, 48.5005811 ], [ -0.8635789, 48.500464 ], [ -0.8636568, 48.5002516 ], [ -0.8639303, 48.500322 ], [ -0.8638204, 48.5002283 ], [ -0.8639107, 48.500093 ], [ -0.8639954, 48.5000659 ], [ -0.8640411, 48.5001518 ], [ -0.864193, 48.5001162 ], [ -0.8643044, 48.4999369 ], [ -0.8646195, 48.4997249 ], [ -0.8653059, 48.499623299999989 ], [ -0.8652378, 48.4998948 ], [ -0.8654662, 48.4999225 ], [ -0.8655192, 48.4998145 ], [ -0.8660168, 48.4997074 ], [ -0.8658366, 48.499579 ], [ -0.8657827, 48.4993817 ], [ -0.866002, 48.4992683 ], [ -0.8660213, 48.499401 ], [ -0.866512, 48.4994201 ], [ -0.866397, 48.4992942 ], [ -0.8661622, 48.4992721 ], [ -0.8661688, 48.4992142 ], [ -0.8663849, 48.4992045 ], [ -0.8665311, 48.4991097 ], [ -0.8668526, 48.4992055 ], [ -0.8669118, 48.4991081 ], [ -0.8667009, 48.4989862 ], [ -0.8668823, 48.4989469 ], [ -0.8671476, 48.4987401 ], [ -0.8673294, 48.4987432 ], [ -0.8677261, 48.4985357 ], [ -0.8683824, 48.4986143 ], [ -0.8686722, 48.4983914 ], [ -0.8689272, 48.4983948 ], [ -0.869097, 48.4982344 ], [ -0.8693615, 48.4983663 ], [ -0.8695302, 48.4981554 ], [ -0.8696851, 48.4981053 ], [ -0.8698932, 48.4982075 ], [ -0.8699969, 48.4985293 ], [ -0.870411, 48.4983375 ], [ -0.8705151, 48.4980954 ], [ -0.8706687, 48.4981931 ], [ -0.8711303, 48.4981672 ], [ -0.8713412, 48.498399 ], [ -0.8714487, 48.4982397 ], [ -0.8719597, 48.498278 ], [ -0.8720029, 48.4985143 ], [ -0.8722141, 48.4984939 ], [ -0.8722963, 48.4985786 ], [ -0.8720657, 48.4989977 ], [ -0.8721036, 48.4992181 ], [ -0.8722554, 48.4992356 ], [ -0.8724923, 48.499140499999989 ], [ -0.8725846, 48.4991799 ], [ -0.8725572, 48.4992852 ], [ -0.8726607, 48.4992738 ], [ -0.872799, 48.4993845 ], [ -0.8732072, 48.4993154 ], [ -0.8737032, 48.4994802 ], [ -0.8737564, 48.4995947 ], [ -0.8734987, 48.4995743 ], [ -0.8733907, 48.4996525 ], [ -0.8739195, 48.4999136 ], [ -0.8739653, 48.5001472 ], [ -0.8740894, 48.5001404 ], [ -0.8741096, 48.5000101 ], [ -0.8746213, 48.5000933 ], [ -0.8748425, 48.499969 ], [ -0.8750106, 48.5000617 ], [ -0.8755001, 48.4998818 ], [ -0.875539, 48.4996554 ], [ -0.8759273, 48.4994635 ], [ -0.8769036, 48.4992506 ], [ -0.8773035, 48.4992708 ], [ -0.8775511, 48.4993753 ], [ -0.8777536, 48.4993102 ], [ -0.8779699, 48.4993391 ], [ -0.8784519, 48.4991865 ], [ -0.8785635, 48.4992297 ], [ -0.8783723, 48.4993557 ], [ -0.8787579, 48.4993656 ], [ -0.8788111, 48.4995539 ], [ -0.8789591, 48.4994473 ], [ -0.8790078, 48.4996114 ], [ -0.8791799, 48.4996653 ], [ -0.8792604, 48.4995086 ], [ -0.8795132, 48.4994076 ], [ -0.879929, 48.4995507 ], [ -0.8799417, 48.4994846 ], [ -0.8796843, 48.499357 ], [ -0.8797027, 48.4992771 ], [ -0.8799043, 48.4993273 ], [ -0.8798232, 48.499238 ], [ -0.8799277, 48.4991301 ], [ -0.8801804, 48.4993588 ], [ -0.8804823, 48.4992633 ], [ -0.8808546, 48.4993854 ], [ -0.8810764, 48.4992691 ], [ -0.8813018, 48.4994212 ], [ -0.8813836, 48.4993365 ], [ -0.8813093, 48.4990841 ], [ -0.8817334, 48.4990819 ], [ -0.8817564, 48.4987704 ], [ -0.8820355, 48.4988802 ], [ -0.8822051, 48.4987179 ], [ -0.8824621, 48.4987104 ], [ -0.8825212, 48.4985022 ], [ -0.8828493, 48.498596 ], [ -0.8828496, 48.4984348 ], [ -0.8830973, 48.498614 ], [ -0.8832781, 48.4985667 ], [ -0.8830951, 48.4984195 ], [ -0.8831591, 48.4982949 ], [ -0.8835833, 48.4980766 ], [ -0.8838487, 48.4980364 ], [ -0.8839031, 48.4979842 ], [ -0.8837493, 48.4978658 ], [ -0.8838329, 48.4976956 ], [ -0.8839914, 48.497639 ], [ -0.8840622, 48.4976989 ], [ -0.8843078, 48.4975936 ], [ -0.884319, 48.4977995 ], [ -0.8844624, 48.4977227 ], [ -0.8847883, 48.4977679 ], [ -0.8849425, 48.4976178 ], [ -0.8849531, 48.497431 ], [ -0.8852053, 48.4974156 ], [ -0.8853595, 48.4975754 ], [ -0.8857393, 48.497562 ], [ -0.8863243, 48.4977023 ], [ -0.8864246, 48.4976297 ], [ -0.8865957, 48.4977069 ], [ -0.8865977, 48.497533 ], [ -0.8868077, 48.4974775 ], [ -0.886735, 48.4976672 ], [ -0.8869355, 48.497721 ], [ -0.8869205, 48.4975909 ], [ -0.8870616, 48.4976673 ], [ -0.8871497, 48.4975762 ], [ -0.8872566, 48.4975916 ], [ -0.8874517, 48.4973168 ], [ -0.8876509, 48.4974445 ], [ -0.8877897, 48.4971959 ], [ -0.8879646, 48.4972523 ], [ -0.8881155, 48.497423 ], [ -0.8880651, 48.4978038 ], [ -0.8881417, 48.497831 ], [ -0.8882667, 48.4976891 ], [ -0.8886706, 48.4976174 ], [ -0.8885416, 48.4975045 ], [ -0.8888563, 48.497324899999988 ], [ -0.8891769, 48.497372 ], [ -0.8891632, 48.4972608 ], [ -0.8895783, 48.4971382 ], [ -0.8899221, 48.4971323 ], [ -0.8904351, 48.4968318 ], [ -0.8905933, 48.4969365 ], [ -0.8906279, 48.4967822 ], [ -0.8909968, 48.4968044 ], [ -0.8913432, 48.4967246 ], [ -0.8914091, 48.4965891 ], [ -0.8915838, 48.496569 ], [ -0.8918915, 48.4967525 ], [ -0.8920919, 48.4967144 ], [ -0.8920608, 48.4966236 ], [ -0.8926651, 48.496148 ], [ -0.8926408, 48.4960029 ], [ -0.8928195, 48.4958547 ], [ -0.8928045, 48.4956526 ], [ -0.8931295, 48.4954303 ], [ -0.8930852, 48.4952173 ], [ -0.893313, 48.4951639 ], [ -0.8931771, 48.4950855 ], [ -0.8932549, 48.4950199 ], [ -0.8934858, 48.4951367 ], [ -0.8934847, 48.4950304 ], [ -0.8937323, 48.4950079 ], [ -0.8937397, 48.4949428 ], [ -0.8935187, 48.494887 ], [ -0.8935498, 48.4947761 ], [ -0.8938612, 48.4947722 ], [ -0.8937098, 48.4946681 ], [ -0.8937361, 48.4945475 ], [ -0.8946826, 48.4944642 ], [ -0.894977, 48.4945969 ], [ -0.8951955, 48.4948563 ], [ -0.8952268, 48.494713 ], [ -0.8955011, 48.4947022 ], [ -0.8954861, 48.4948098 ], [ -0.8958093, 48.49491 ], [ -0.8965476, 48.4947056 ], [ -0.8973331, 48.4942808 ], [ -0.8977251, 48.4941941 ], [ -0.8990129, 48.4941996 ], [ -0.8996869, 48.4940792 ], [ -0.8998302, 48.4944393 ], [ -0.9000179, 48.4944304 ], [ -0.9007893, 48.4939611 ], [ -0.9010783, 48.4935832 ], [ -0.9016197, 48.4933564 ], [ -0.9019351, 48.4929506 ], [ -0.902391, 48.4926303 ], [ -0.9035079, 48.4921802 ], [ -0.9036628, 48.492185 ], [ -0.9040842, 48.4925134 ], [ -0.9056041, 48.4918149 ], [ -0.906401, 48.4912699 ], [ -0.9066847, 48.4907318 ], [ -0.9069115, 48.4906109 ], [ -0.907688, 48.4898116 ], [ -0.9085869, 48.4895091 ], [ -0.9084446, 48.4892913 ], [ -0.9080176, 48.4894882 ], [ -0.9077143, 48.489364 ], [ -0.9074697, 48.489118 ], [ -0.9077355, 48.4890309 ], [ -0.9078381, 48.488243 ], [ -0.9075597, 48.4881081 ], [ -0.9075778, 48.487459 ], [ -0.9074446, 48.4873634 ], [ -0.906948, 48.4873716 ], [ -0.9066821, 48.4876227 ], [ -0.9062897, 48.4873014 ], [ -0.9068123, 48.486642 ], [ -0.906012, 48.4863198 ], [ -0.9066161, 48.4857721 ], [ -0.9055642, 48.4845457 ], [ -0.9054302, 48.4841475 ], [ -0.9047628, 48.4837552 ], [ -0.9043088, 48.4836071 ], [ -0.9036681, 48.4841199 ], [ -0.9028438, 48.4835301 ], [ -0.9019816, 48.4831765 ], [ -0.9005108, 48.4828565 ], [ -0.90055, 48.4825273 ], [ -0.8987704, 48.4825174 ], [ -0.8996003, 48.4818173 ], [ -0.9009145, 48.4810706 ], [ -0.9013412, 48.4809242 ], [ -0.9010961, 48.4806332 ], [ -0.9011937, 48.4805436 ], [ -0.9021569, 48.4804705 ], [ -0.9028028, 48.4805753 ], [ -0.90344, 48.4804904 ], [ -0.9037427, 48.4805705 ], [ -0.9038487, 48.4805202 ], [ -0.9042669, 48.4797688 ], [ -0.9046906, 48.4794369 ], [ -0.9047257, 48.479016 ], [ -0.9050643, 48.4785959 ], [ -0.9059197, 48.4770762 ], [ -0.9064962, 48.4763213 ], [ -0.9064439, 48.4761474 ], [ -0.9069843, 48.4751821 ], [ -0.907813, 48.4754133 ], [ -0.9080877, 48.4749368 ], [ -0.9084441, 48.4745927 ], [ -0.9088564, 48.4744179 ], [ -0.9094319, 48.4743052 ], [ -0.909685, 48.4739033 ], [ -0.9099353, 48.4728628 ], [ -0.9099623, 48.4721351 ], [ -0.9101411, 48.4719166 ], [ -0.9103526, 48.4711197 ], [ -0.9108156, 48.4705532 ], [ -0.9107443, 48.4703601 ], [ -0.9094503, 48.4696813 ], [ -0.9095236, 48.4686836 ], [ -0.9117681, 48.4669955 ], [ -0.9102928, 48.466283 ], [ -0.9112838, 48.4653865 ], [ -0.9107173, 48.464382 ], [ -0.9100573, 48.4638309 ], [ -0.9100137, 48.4626461 ], [ -0.9102779, 48.4617754 ], [ -0.9105622, 48.4613562 ], [ -0.9109737, 48.4603536 ], [ -0.9119226, 48.4592946 ], [ -0.913078, 48.4577541 ], [ -0.9119577, 48.4574217 ], [ -0.9129068, 48.4547495 ], [ -0.9118934, 48.4545433 ], [ -0.9118206, 48.4544557 ], [ -0.9122708, 48.4540832 ], [ -0.912024, 48.4533699 ], [ -0.912119, 48.4527371 ], [ -0.9127921, 48.4515944 ], [ -0.913552, 48.4507632 ], [ -0.9146153, 48.4501507 ], [ -0.9145446, 48.4498387 ], [ -0.9143299, 48.4496648 ], [ -0.9144366, 48.4494622 ], [ -0.9155517, 48.4499982 ], [ -0.9157514, 48.4502438 ], [ -0.9169244, 48.4508473 ], [ -0.9177894, 48.4511719 ], [ -0.9185883, 48.4513706 ], [ -0.9184798, 48.4509149 ], [ -0.9190187, 48.450988 ], [ -0.9194775, 48.450151399999989 ], [ -0.9205648, 48.4504956 ], [ -0.9210392, 48.4499773 ], [ -0.9213387, 48.4492198 ], [ -0.9223959, 48.4480201 ], [ -0.9215454, 48.4477816 ], [ -0.9222896, 48.4467068 ], [ -0.9215048, 48.4464589 ], [ -0.9241183, 48.4457581 ], [ -0.9241753, 48.4453437 ], [ -0.924886, 48.4451247 ], [ -0.9262614, 48.4452864 ], [ -0.9264405, 48.4441869 ], [ -0.9263365, 48.4430509 ], [ -0.9241486, 48.4427054 ], [ -0.9240614, 48.4424624 ], [ -0.9259992, 48.4419623 ], [ -0.9273433, 48.4417052 ], [ -0.9275316, 48.4411279 ], [ -0.9274826, 48.440708 ], [ -0.9283112, 48.4404382 ], [ -0.9278831, 48.4396742 ], [ -0.9270076, 48.4395879 ], [ -0.9265102, 48.4394539 ], [ -0.925829, 48.4396683 ], [ -0.924801, 48.4392619 ], [ -0.9258377, 48.4386799 ], [ -0.9258677, 48.4379412 ], [ -0.927599, 48.4380478 ], [ -0.9276736, 48.4378877 ], [ -0.928834, 48.4379087 ], [ -0.9302557, 48.4377139 ], [ -0.9294752, 48.4370534 ], [ -0.9285067, 48.4348372 ], [ -0.9276685, 48.4340012 ], [ -0.9271811, 48.4319185 ], [ -0.9269047, 48.4300694 ], [ -0.9266086, 48.4293857 ], [ -0.9265662, 48.4281305 ], [ -0.9264135, 48.4277356 ], [ -0.9257383, 48.427141 ], [ -0.9237119, 48.4239122 ], [ -0.9244146, 48.4232638 ], [ -0.9233564, 48.4214901 ], [ -0.9227416, 48.420017 ], [ -0.9234332, 48.4195663 ], [ -0.9218423, 48.417506599999989 ], [ -0.9210902, 48.4164407 ], [ -0.9207431, 48.4157613 ], [ -0.921929, 48.4151159 ], [ -0.9221368, 48.415254 ], [ -0.922414, 48.4151061 ], [ -0.9240725, 48.4138694 ], [ -0.9251429, 48.4134358 ], [ -0.9260487, 48.4132455 ], [ -0.9255431, 48.4118751 ], [ -0.9256931, 48.4113287 ], [ -0.9255889, 48.4108043 ], [ -0.9251836, 48.4099431 ], [ -0.9248029, 48.4097918 ], [ -0.9252124, 48.4092062 ], [ -0.9256549, 48.4088808 ], [ -0.9263151, 48.4080663 ], [ -0.9282966, 48.40757 ], [ -0.928591, 48.4071468 ], [ -0.9285659, 48.4069558 ], [ -0.9291935, 48.4063396 ], [ -0.93094, 48.405579 ], [ -0.9311739, 48.4053776 ], [ -0.9316045, 48.4045157 ], [ -0.9323221, 48.4040541 ], [ -0.9328089, 48.4034732 ], [ -0.9332801, 48.4031531 ], [ -0.9339253, 48.402375 ], [ -0.9335728, 48.4017138 ], [ -0.9329174, 48.4008195 ], [ -0.9326522, 48.4007652 ], [ -0.9322985, 48.4004671 ], [ -0.9322626, 48.4002593 ], [ -0.9324126, 48.3999138 ], [ -0.9317962, 48.3996298 ], [ -0.9316062, 48.3992956 ], [ -0.9310828, 48.3987915 ], [ -0.9306939, 48.3986197 ], [ -0.9305937, 48.3984375 ], [ -0.9302454, 48.3982112 ], [ -0.9299353, 48.397863 ], [ -0.928946, 48.3964645 ], [ -0.9290172, 48.3960964 ], [ -0.9288812, 48.3956334 ], [ -0.9286918, 48.3954163 ], [ -0.9263002, 48.394526299999988 ], [ -0.924965, 48.3943967 ], [ -0.9240913, 48.3939086 ], [ -0.9239242, 48.3935908 ], [ -0.9219764, 48.3934985 ], [ -0.9215544, 48.393408 ], [ -0.9207124, 48.393072 ], [ -0.9203902, 48.3926701 ], [ -0.9208235, 48.3925314 ], [ -0.921354, 48.3919004 ], [ -0.9215687, 48.391461 ], [ -0.9215103, 48.3909873 ], [ -0.9209082, 48.3906577 ], [ -0.9204475, 48.3902649 ], [ -0.9200469, 48.390153 ], [ -0.9196865, 48.3897091 ], [ -0.919035, 48.3894055 ], [ -0.9206721, 48.3870219 ], [ -0.9209479, 48.3869659 ], [ -0.9207844, 48.3867867 ], [ -0.9211586, 48.3867094 ], [ -0.9210746, 48.3865978 ], [ -0.9212067, 48.3865196 ], [ -0.9211368, 48.3862534 ], [ -0.9212159, 48.3859184 ], [ -0.9214347, 48.3857698 ], [ -0.9214035, 48.3854231 ], [ -0.9212907, 48.385434 ], [ -0.9211198, 48.385301 ], [ -0.9211458, 48.3851596 ], [ -0.9213172, 48.3851008 ], [ -0.921441, 48.3851651 ], [ -0.9216952, 48.3850558 ], [ -0.9218906, 48.3850827 ], [ -0.9219012, 48.3848436 ], [ -0.9221341, 48.3847936 ], [ -0.9228143, 48.3843765 ], [ -0.9229705, 48.3843686 ], [ -0.9230838, 48.384237 ], [ -0.9228653, 48.3842262 ], [ -0.9228477, 48.3841178 ], [ -0.9231801, 48.3839879 ], [ -0.9227849, 48.3836749 ], [ -0.9227516, 48.3835553 ], [ -0.9231771, 48.3834214 ], [ -0.9235222, 48.3829551 ], [ -0.9234759, 48.3827692 ], [ -0.9238017, 48.3825323 ], [ -0.9237696, 48.3817218 ], [ -0.9241845, 48.3815009 ], [ -0.9245132, 48.3809234 ], [ -0.9245373, 48.3808118 ], [ -0.9242564, 48.380472499999989 ], [ -0.9243219, 48.3802091 ], [ -0.9244909, 48.3801179 ], [ -0.9247332, 48.3801216 ], [ -0.924815, 48.3800207 ], [ -0.9249783, 48.3801252 ], [ -0.9253412, 48.380042 ], [ -0.926346, 48.3792295 ], [ -0.9263215, 48.3789376 ], [ -0.9266634, 48.3779209 ], [ -0.9271484, 48.3777346 ], [ -0.9274399, 48.3774547 ], [ -0.9279531, 48.3775557 ], [ -0.9275978, 48.3771621 ], [ -0.927871, 48.3769819 ], [ -0.9278692, 48.3767946 ], [ -0.9277696, 48.3765655 ], [ -0.9273497, 48.3761398 ], [ -0.9273239, 48.3758849 ], [ -0.9271627, 48.3757182 ], [ -0.9268099, 48.375774 ], [ -0.9262626, 48.3753796 ], [ -0.925826, 48.3749464 ], [ -0.9255921, 48.3745488 ], [ -0.9255715, 48.374181899999989 ], [ -0.925716, 48.3739619 ], [ -0.9252088, 48.3727644 ], [ -0.9253242, 48.3724273 ], [ -0.925431, 48.3723913 ], [ -0.9255798, 48.3720306 ], [ -0.9260578, 48.3719129 ], [ -0.9268784, 48.3718947 ], [ -0.9270278, 48.3715592 ], [ -0.9270223, 48.3714134 ], [ -0.9267982, 48.3712371 ], [ -0.9267425, 48.3709435 ], [ -0.9265639, 48.3707972 ], [ -0.9264046, 48.3704016 ], [ -0.9260317, 48.3701699 ], [ -0.9260277, 48.3699529 ], [ -0.9234282, 48.3701381 ], [ -0.9227773, 48.370311 ], [ -0.9225316, 48.3705696 ], [ -0.9224376, 48.3711943 ], [ -0.9218119, 48.371596 ], [ -0.9213743, 48.3717844 ], [ -0.9211282, 48.3716745 ], [ -0.9197482, 48.3717157 ], [ -0.9190331, 48.3719529 ], [ -0.9181918, 48.3724374 ], [ -0.9178809, 48.3727828 ], [ -0.9177691, 48.3727703 ], [ -0.9175932, 48.3732048 ], [ -0.9170737, 48.3732914 ], [ -0.9164003, 48.3737064 ], [ -0.9157621, 48.3738158 ], [ -0.9142961, 48.3747542 ], [ -0.9141378, 48.3747351 ], [ -0.9138303, 48.3745273 ], [ -0.9127504, 48.3733875 ], [ -0.9116391, 48.3729711 ], [ -0.9114118, 48.3727507 ], [ -0.9113758, 48.3724853 ], [ -0.9107071, 48.372111 ], [ -0.9106262, 48.3719497 ], [ -0.9097802, 48.3712273 ], [ -0.9098667, 48.3707002 ], [ -0.909602, 48.3703585 ], [ -0.9093015, 48.3701721 ], [ -0.9090505, 48.370159699999988 ], [ -0.9087646, 48.3700052 ], [ -0.907704, 48.3692502 ], [ -0.9071052, 48.3694708 ], [ -0.9067594, 48.3694741 ], [ -0.9022026, 48.3692983 ], [ -0.9021235, 48.3691982 ], [ -0.9015758, 48.3690325 ], [ -0.9005606, 48.3690155 ], [ -0.8996369, 48.3689009 ], [ -0.8983432, 48.368975 ], [ -0.8974409, 48.3695686 ], [ -0.8970969, 48.3695781 ], [ -0.8961101, 48.3699448 ], [ -0.8951533, 48.370151 ], [ -0.8941401, 48.370215 ], [ -0.8931375, 48.3703866 ], [ -0.8918239, 48.3703388 ], [ -0.8905827, 48.3701166 ], [ -0.88959, 48.3700754 ], [ -0.8889854, 48.370381699999989 ], [ -0.8879561, 48.3706866 ], [ -0.8858449, 48.3708766 ], [ -0.884881, 48.3711505 ], [ -0.8819811, 48.3662635 ], [ -0.8814068, 48.3661742 ], [ -0.8812908, 48.3663618 ], [ -0.8806458, 48.3665973 ], [ -0.8799093, 48.3670583 ], [ -0.8794026, 48.3672082 ], [ -0.8793719, 48.3673416 ], [ -0.8790329, 48.3674743 ], [ -0.8786937, 48.3674386 ], [ -0.8779531, 48.367625 ], [ -0.8767452, 48.3674691 ], [ -0.8760397, 48.3677453 ], [ -0.8749011, 48.3666953 ], [ -0.8729457, 48.3653838 ], [ -0.8716094, 48.3646763 ], [ -0.870317, 48.3656292 ], [ -0.8701375, 48.365927 ], [ -0.8694109, 48.366615499999988 ], [ -0.8685261, 48.3673046 ], [ -0.868296, 48.3673734 ], [ -0.8681931, 48.3675002 ], [ -0.8677163, 48.3675788 ], [ -0.8666687, 48.3687561 ], [ -0.8663967, 48.3688821 ], [ -0.8656542, 48.369612499999988 ], [ -0.8652456, 48.3697736 ], [ -0.8649603, 48.3700126 ], [ -0.8645322, 48.370054499999988 ], [ -0.8633172, 48.3705751 ], [ -0.8629385, 48.3708487 ], [ -0.8629315, 48.3710102 ], [ -0.8631199, 48.3712742 ], [ -0.8620931, 48.3720572 ], [ -0.861806, 48.3725106 ], [ -0.8617681, 48.3728965 ], [ -0.8614701, 48.3733484 ], [ -0.861573, 48.3738108 ], [ -0.8619732, 48.3741418 ], [ -0.8621884, 48.3748815 ], [ -0.8620958, 48.3750935 ], [ -0.8618013, 48.3752247 ], [ -0.8613821, 48.3755924 ], [ -0.8613946, 48.3757442 ], [ -0.8602233, 48.3764931 ], [ -0.8596332, 48.3766691 ], [ -0.8584585, 48.3768749 ], [ -0.8567193, 48.3773855 ], [ -0.8566069, 48.376701 ], [ -0.8563649, 48.3762405 ], [ -0.8562563, 48.3739858 ], [ -0.8549008, 48.3723708 ], [ -0.8540631, 48.3716396 ], [ -0.8534639, 48.3698288 ], [ -0.8536747, 48.369458 ], [ -0.8535546, 48.3693142 ], [ -0.852147, 48.3694393 ], [ -0.8518558, 48.3693028 ], [ -0.8514202, 48.3685973 ], [ -0.8491245, 48.3680585 ], [ -0.8483625, 48.3681193 ], [ -0.8482885, 48.3673299 ], [ -0.847669, 48.3671961 ], [ -0.8472941, 48.3673379 ], [ -0.8471042, 48.3671432 ], [ -0.8470394, 48.3668868 ], [ -0.8451713, 48.3651136 ], [ -0.8442874, 48.363931699999988 ], [ -0.8437704, 48.3641818 ], [ -0.8435308, 48.3635113 ], [ -0.8408324, 48.3636916 ], [ -0.8395074, 48.3640201 ], [ -0.8390626, 48.3645372 ], [ -0.8386373, 48.3648041 ], [ -0.8382443, 48.3649195 ], [ -0.837703, 48.3652442 ], [ -0.8372789, 48.3652678 ], [ -0.8366374, 48.3656282 ], [ -0.8362372, 48.3657376 ], [ -0.8354664, 48.3665119 ], [ -0.8353453, 48.3665564 ], [ -0.8351239, 48.366469 ], [ -0.8344718, 48.3665721 ], [ -0.8342727, 48.3665299 ], [ -0.8343187, 48.3667338 ], [ -0.834078, 48.3667884 ], [ -0.8339425, 48.3671549 ], [ -0.8329322, 48.3670741 ], [ -0.8330316, 48.3641354 ], [ -0.8328127, 48.3639326 ], [ -0.8302617, 48.3631306 ], [ -0.8278441, 48.3650697 ], [ -0.8258236, 48.3661141 ], [ -0.8236239, 48.3657564 ], [ -0.8224511, 48.3661357 ], [ -0.8210398, 48.3663199 ], [ -0.8197814, 48.3663209 ], [ -0.8192709, 48.366068 ], [ -0.8175635, 48.3660285 ], [ -0.8173893, 48.3662728 ], [ -0.8172141, 48.366355 ], [ -0.8172428, 48.3665262 ], [ -0.816893, 48.3667725 ], [ -0.8167569, 48.3672435 ], [ -0.8167844, 48.3674363 ], [ -0.8173385, 48.3679561 ], [ -0.8169568, 48.3693835 ], [ -0.8171073, 48.3708595 ], [ -0.8165324, 48.3708735 ], [ -0.816405, 48.3709433 ], [ -0.8161375, 48.3714861 ], [ -0.815002, 48.3722703 ], [ -0.8142099, 48.3730912 ], [ -0.813896, 48.3732931 ], [ -0.8133741, 48.3734784 ], [ -0.8129165, 48.3733949 ], [ -0.8126185, 48.3736297 ], [ -0.8110402, 48.373939 ], [ -0.8109235, 48.3740815 ], [ -0.8101267, 48.3744665 ], [ -0.8096586, 48.3745563 ], [ -0.8071504, 48.3742154 ], [ -0.8060582, 48.3741434 ], [ -0.8053011, 48.3741244 ], [ -0.8037232, 48.3742535 ], [ -0.8036056, 48.3730575 ], [ -0.8037057, 48.3725544 ], [ -0.8033381, 48.3719573 ], [ -0.803307, 48.3717151 ], [ -0.8023867, 48.3713078 ], [ -0.8022751, 48.3708863 ], [ -0.8025245, 48.3700541 ], [ -0.8028918, 48.369526199999989 ], [ -0.8028923, 48.3680192 ], [ -0.8030246, 48.3678294 ], [ -0.8037323, 48.367297799999989 ], [ -0.80432, 48.3671627 ], [ -0.8043516, 48.36646 ], [ -0.8040685, 48.3661521 ], [ -0.8039682, 48.3654014 ], [ -0.8041996, 48.3645275 ], [ -0.8047229, 48.3636324 ], [ -0.8050703, 48.3632403 ], [ -0.8052785, 48.3630174 ], [ -0.805602, 48.3629494 ], [ -0.805245, 48.3627041 ], [ -0.8053439, 48.362464 ], [ -0.8055939, 48.3622579 ], [ -0.8060361, 48.3621869 ], [ -0.8063646, 48.362225 ], [ -0.8072529, 48.3617803 ], [ -0.8078316, 48.3617265 ], [ -0.8079758, 48.3616462 ], [ -0.8086421, 48.3610483 ], [ -0.8088008, 48.3606649 ], [ -0.8087855, 48.3604348 ], [ -0.8089247, 48.3602475 ], [ -0.8095356, 48.3599486 ], [ -0.8098111, 48.3595533 ], [ -0.8096958, 48.358391499999989 ], [ -0.8093562, 48.3579196 ], [ -0.8087557, 48.3573922 ], [ -0.808879, 48.3572837 ], [ -0.8083632, 48.3560222 ], [ -0.807169, 48.3539015 ], [ -0.8068197, 48.3534624 ], [ -0.805402, 48.3522478 ], [ -0.8041342, 48.3507141 ], [ -0.8033444, 48.3517888 ], [ -0.8030977, 48.3523579 ], [ -0.8002193, 48.3525089 ], [ -0.8001367, 48.3527124 ], [ -0.7984642, 48.3526445 ], [ -0.7966928, 48.3517691 ], [ -0.796478, 48.3517688 ], [ -0.7959797, 48.3527854 ], [ -0.7938713, 48.3521451 ], [ -0.7937414, 48.3524059 ], [ -0.7935184, 48.3524419 ], [ -0.7934264, 48.3525728 ], [ -0.7931235, 48.3526815 ], [ -0.7925013, 48.3534797 ], [ -0.7930271, 48.3542123 ], [ -0.7922508, 48.3541849 ], [ -0.7921159, 48.3541145 ], [ -0.7918327, 48.3541785 ], [ -0.7907408, 48.3541045 ], [ -0.7906303, 48.3539774 ], [ -0.7904245, 48.3539155 ], [ -0.7875055, 48.3532785 ], [ -0.7871626, 48.3533588 ], [ -0.786731, 48.3532762 ], [ -0.7855255, 48.3525816 ], [ -0.7843002, 48.3520983 ], [ -0.7834048, 48.3512794 ], [ -0.7829848, 48.3514531 ], [ -0.7814834, 48.3526928 ], [ -0.7798004, 48.3530987 ], [ -0.7786866, 48.3539035 ], [ -0.7778455, 48.354913 ], [ -0.7768991, 48.3554899 ], [ -0.7786667, 48.357915 ], [ -0.7798928, 48.358972 ], [ -0.78113, 48.3597693 ], [ -0.7822446, 48.3608344 ], [ -0.7827832, 48.3617638 ], [ -0.7830388, 48.361916 ], [ -0.7832735, 48.362566 ], [ -0.7831789, 48.3628681 ], [ -0.7823367, 48.3629031 ], [ -0.7804967, 48.3625403 ], [ -0.7792916, 48.363094 ], [ -0.7783601, 48.3631661 ], [ -0.7782147, 48.3635499 ], [ -0.7770009, 48.3636436 ], [ -0.7758079, 48.3634258 ], [ -0.7745969, 48.3636896 ], [ -0.7739763, 48.3639508 ], [ -0.7730162, 48.3640769 ], [ -0.77242, 48.3640373 ], [ -0.7723533, 48.3638242 ], [ -0.7719648, 48.3636834 ], [ -0.7707964, 48.365241 ], [ -0.7709069, 48.3659149 ], [ -0.7706026, 48.3667793 ], [ -0.7699702, 48.3678749 ], [ -0.7698273, 48.3686919 ], [ -0.7703037, 48.3691523 ], [ -0.7699496, 48.3694914 ], [ -0.7694355, 48.3696943 ], [ -0.7692687, 48.3698563 ], [ -0.7686677, 48.3700718 ], [ -0.7670642, 48.3717278 ], [ -0.7661526, 48.3746652 ], [ -0.7661119, 48.3752484 ], [ -0.7659811, 48.3753093 ], [ -0.7656587, 48.3752448 ], [ -0.7647123, 48.3752631 ], [ -0.7643396, 48.375175 ], [ -0.7626951, 48.3752615 ], [ -0.7619855, 48.3751507 ], [ -0.7617318, 48.3748922 ], [ -0.7617621, 48.3743715 ], [ -0.7616611, 48.3742252 ], [ -0.760451, 48.3738457 ], [ -0.7601687, 48.3737925 ], [ -0.759335, 48.3738181 ], [ -0.7589936, 48.3736749 ], [ -0.7587315, 48.3732797 ], [ -0.7589614, 48.3717682 ], [ -0.7586738, 48.3702804 ], [ -0.7587859, 48.3696554 ], [ -0.7588095, 48.3682829 ], [ -0.7580755, 48.3678288 ], [ -0.7565907, 48.3674057 ], [ -0.7558978, 48.3669584 ], [ -0.7548662, 48.366501199999988 ], [ -0.754445, 48.3664515 ], [ -0.7534642, 48.3665348 ], [ -0.7528356, 48.3664773 ], [ -0.7520265, 48.3663525 ], [ -0.7509994, 48.3659959 ], [ -0.7493146, 48.3658737 ], [ -0.7481723, 48.365872 ], [ -0.7467676, 48.3660777 ], [ -0.7463457, 48.366037 ], [ -0.7459848, 48.3662078 ], [ -0.7456862, 48.366247 ], [ -0.7448605, 48.3662119 ], [ -0.7437243, 48.3663343 ], [ -0.7426426, 48.3663108 ], [ -0.7421516, 48.3661723 ], [ -0.7419512, 48.3660156 ], [ -0.741837, 48.3657589 ], [ -0.7413598, 48.3654173 ], [ -0.7410492, 48.3642058 ], [ -0.7405847, 48.3637368 ], [ -0.7402419, 48.3637053 ], [ -0.7397511, 48.3635325 ], [ -0.7391554, 48.3635757 ], [ -0.7387535, 48.3638352 ], [ -0.7383862, 48.3643151 ], [ -0.7382533, 48.3643472 ], [ -0.7358558, 48.3642193 ], [ -0.7351079, 48.3638124 ], [ -0.7343258, 48.3635534 ], [ -0.7339974, 48.3637826 ], [ -0.733169, 48.3641086 ], [ -0.7329185, 48.3644453 ], [ -0.7322094, 48.3646226 ], [ -0.7318088, 48.3651306 ], [ -0.7318391, 48.3652332 ], [ -0.7320058, 48.3652784 ], [ -0.7316225, 48.3653805 ], [ -0.7312688, 48.3656538 ], [ -0.7325949, 48.3666649 ], [ -0.7329251, 48.3671462 ], [ -0.7329818, 48.3677164 ], [ -0.7325505, 48.368628 ], [ -0.7326691, 48.368946699999988 ], [ -0.7325452, 48.3693919 ], [ -0.7328927, 48.3700979 ], [ -0.732802, 48.3703242 ], [ -0.7323049, 48.3709 ], [ -0.7322967, 48.3712795 ], [ -0.7326948, 48.371918099999988 ], [ -0.7325633, 48.3726924 ], [ -0.7311969, 48.3744494 ], [ -0.7307973, 48.3751817 ], [ -0.7308184, 48.375326 ], [ -0.7304539, 48.3756392 ], [ -0.7303254, 48.3758856 ], [ -0.7302648, 48.376327 ], [ -0.731185, 48.3779012 ], [ -0.7312343, 48.3784626 ], [ -0.7314953, 48.3791101 ], [ -0.7318372, 48.3793182 ], [ -0.7319094, 48.3794582 ], [ -0.7324955, 48.3797153 ], [ -0.7339786, 48.3796767 ], [ -0.7359009, 48.3802817 ], [ -0.7344852, 48.3815549 ], [ -0.7375839, 48.382102 ], [ -0.7385847, 48.3823523 ], [ -0.7386223, 48.3826151 ], [ -0.7380476, 48.3838122 ], [ -0.7376222, 48.384067 ], [ -0.737759, 48.3844887 ], [ -0.7375196, 48.3845062 ], [ -0.7370069, 48.3848637 ], [ -0.7364594, 48.3860455 ], [ -0.7357052, 48.385840599999987 ], [ -0.735419, 48.385904499999988 ], [ -0.7333965, 48.3873562 ], [ -0.7338777, 48.3885525 ], [ -0.7338289, 48.3889314 ], [ -0.7342214, 48.3896026 ], [ -0.7343319, 48.3904152 ], [ -0.7346709, 48.3914366 ], [ -0.7346856, 48.391891 ], [ -0.7339275, 48.3929651 ], [ -0.7331703, 48.3935951 ], [ -0.7322702, 48.3948033 ], [ -0.7319437, 48.3961277 ], [ -0.7314524, 48.396771 ], [ -0.7310863, 48.3971581 ], [ -0.7301747, 48.3975759 ], [ -0.7292737, 48.3985265 ], [ -0.7284271, 48.3999564 ], [ -0.7283613, 48.4009168 ], [ -0.728395, 48.4014669 ], [ -0.7288703, 48.401379 ], [ -0.7305013, 48.4013195 ], [ -0.7304243, 48.4019686 ], [ -0.7333826, 48.40197 ], [ -0.7341251, 48.4021412 ], [ -0.7347743, 48.4026539 ], [ -0.7348377, 48.4030888 ], [ -0.7350186, 48.4032164 ], [ -0.7350166, 48.4038352 ], [ -0.7355936, 48.4042079 ], [ -0.7358604, 48.4041553 ], [ -0.7363312, 48.4045944 ], [ -0.7364915, 48.4048127 ], [ -0.7363957, 48.4050634 ], [ -0.7366508, 48.4054166 ], [ -0.7358711, 48.4054475 ], [ -0.7351658, 48.4066378 ], [ -0.7349754, 48.4074616 ], [ -0.734663, 48.4076904 ], [ -0.7345068, 48.408062699999988 ], [ -0.7338841, 48.4078473 ], [ -0.7337147, 48.4084903 ], [ -0.7332861, 48.4085317 ], [ -0.7331276, 48.4086799 ], [ -0.7332708, 48.4088114 ], [ -0.7331774, 48.4095331 ], [ -0.7314959, 48.4096671 ], [ -0.7303217, 48.4103723 ], [ -0.729837, 48.411338699999988 ], [ -0.7298092, 48.4120142 ], [ -0.7287768, 48.4128509 ], [ -0.7281477, 48.4136318 ], [ -0.7276329, 48.4149945 ], [ -0.7272492, 48.4153641 ], [ -0.7266579, 48.4156502 ], [ -0.7262135, 48.4161559 ], [ -0.7261031, 48.4165638 ], [ -0.7261528, 48.4174169 ], [ -0.726041, 48.4178248 ], [ -0.7265214, 48.4189508 ], [ -0.7275055, 48.4186902 ], [ -0.7284369, 48.4185646 ], [ -0.7291475, 48.418034299999988 ], [ -0.7304783, 48.4175123 ], [ -0.7333095, 48.4157327 ], [ -0.7337306, 48.4156798 ], [ -0.7342927, 48.4154036 ], [ -0.734583, 48.4149198 ], [ -0.7354331, 48.4148489 ], [ -0.7354124, 48.4151485 ], [ -0.7364581, 48.415507399999989 ], [ -0.7363726, 48.4172348 ], [ -0.7370781, 48.4170342 ], [ -0.7383653, 48.4179907 ], [ -0.7395887, 48.4176909 ], [ -0.7406595, 48.4169384 ], [ -0.7412805, 48.416844 ], [ -0.7418995, 48.4164732 ], [ -0.7421772, 48.4160222 ], [ -0.7428305, 48.4156963 ], [ -0.743265, 48.4159465 ], [ -0.7435415, 48.4163142 ], [ -0.7441173, 48.416230299999988 ], [ -0.7443849, 48.4159984 ], [ -0.7446524, 48.4159729 ], [ -0.7450451, 48.416908 ], [ -0.7466757, 48.4171194 ], [ -0.7469704, 48.4183873 ], [ -0.7480375, 48.4181338 ], [ -0.7481684, 48.4192104 ], [ -0.7490424, 48.4191332 ], [ -0.7493328, 48.4194861 ], [ -0.7495238, 48.419925 ], [ -0.74919, 48.4200446 ], [ -0.7498115, 48.420468 ], [ -0.7504392, 48.4210534 ], [ -0.7507536, 48.4209651 ], [ -0.7509213, 48.4215128 ], [ -0.7516349, 48.4222216 ], [ -0.7518372, 48.4223259 ], [ -0.7529619, 48.4222714 ], [ -0.7532965, 48.4220879 ], [ -0.7538888, 48.4220061 ], [ -0.7546781, 48.4217091 ], [ -0.7572431, 48.4211721 ], [ -0.7579894, 48.42088 ], [ -0.7582683, 48.4209198 ], [ -0.7585641, 48.4208186 ], [ -0.7585646, 48.4213923 ], [ -0.7603648, 48.4217972 ], [ -0.7605961, 48.4222862 ], [ -0.7620816, 48.4223579 ], [ -0.761981, 48.422806 ], [ -0.7620669, 48.4231168 ], [ -0.7635681, 48.4255603 ], [ -0.7646016, 48.42799 ], [ -0.7645717, 48.4288943 ], [ -0.7649491, 48.4298541 ], [ -0.7618765, 48.4306406 ], [ -0.7611865, 48.4303599 ], [ -0.759604, 48.4303164 ], [ -0.7595952, 48.4307995 ], [ -0.7587826, 48.4309234 ], [ -0.7577999, 48.4308645 ], [ -0.7562249, 48.431246699999988 ], [ -0.7548096, 48.4317257 ], [ -0.7551915, 48.4327124 ], [ -0.7546717, 48.4327874 ], [ -0.7540628, 48.4327698 ], [ -0.7541001, 48.4329127 ], [ -0.7553069, 48.4354432 ], [ -0.7554757, 48.436061099999989 ], [ -0.7557147, 48.4364138 ], [ -0.7565422, 48.4370829 ], [ -0.7576094, 48.4366374 ], [ -0.7584223, 48.4364775 ], [ -0.7590787, 48.4361559 ], [ -0.7604866, 48.4362913 ], [ -0.7616378, 48.4365466 ], [ -0.7626879, 48.4365818 ], [ -0.7645586, 48.4363378 ], [ -0.7648886, 48.4365606 ], [ -0.7647364, 48.4379497 ], [ -0.7649913, 48.4384829 ], [ -0.7651143, 48.4391419 ], [ -0.7663551, 48.4407011 ], [ -0.7667934, 48.4407359 ], [ -0.7670389, 48.4408749 ], [ -0.767271, 48.4408828 ], [ -0.7685531, 48.4415464 ], [ -0.7687047, 48.4416965 ], [ -0.7692781, 48.4418962 ], [ -0.7697964, 48.4415546 ], [ -0.769898, 48.4415748 ], [ -0.7704923, 48.442367399999988 ], [ -0.7713393, 48.4427755 ], [ -0.7728851, 48.4430379 ], [ -0.7733976, 48.4429928 ], [ -0.7739905, 48.4427281 ], [ -0.7745037, 48.4432963 ], [ -0.7745812, 48.4439972 ], [ -0.775363, 48.4457763 ], [ -0.7763764, 48.4457495 ], [ -0.7785067, 48.4460986 ], [ -0.7797889, 48.4460641 ], [ -0.7800048, 48.4474082 ], [ -0.7798592, 48.4483567 ], [ -0.7794754, 48.4492489 ], [ -0.7787827, 48.4502716 ], [ -0.7781533, 48.4508375 ], [ -0.7779029, 48.4509517 ], [ -0.7776071, 48.4516384 ], [ -0.7777787, 48.45408 ], [ -0.7780624, 48.4542971 ], [ -0.7775249, 48.4554814 ], [ -0.7785855, 48.4560889 ], [ -0.7789269, 48.4572768 ], [ -0.7788988, 48.457864 ], [ -0.7786822, 48.4581663 ], [ -0.7785897, 48.4588754 ], [ -0.7778746, 48.459362 ], [ -0.7775414, 48.4601319 ], [ -0.7774242, 48.4607616 ], [ -0.777518, 48.461444 ], [ -0.7778892, 48.461972499999987 ], [ -0.7779288, 48.4622595 ], [ -0.7778855, 48.4631633 ], [ -0.7777072, 48.4637715 ], [ -0.777891, 48.4655336 ], [ -0.7792722, 48.4650618 ], [ -0.7804872, 48.4661543 ], [ -0.7808283, 48.4661903 ], [ -0.7812866, 48.4659532 ], [ -0.7818529, 48.4660126 ], [ -0.7830388, 48.4652921 ], [ -0.7846936, 48.4640505 ], [ -0.7868272, 48.4658432 ], [ -0.7871111, 48.4658359 ], [ -0.7878816, 48.4653655 ], [ -0.7885407, 48.4650779 ], [ -0.7894837, 48.4650081 ], [ -0.7905045, 48.465116 ], [ -0.7919193, 48.4654482 ], [ -0.7920239, 48.4657898 ], [ -0.795535, 48.4661747 ], [ -0.796761, 48.4661985 ], [ -0.7966623, 48.4657513 ], [ -0.7973742, 48.4654646 ], [ -0.7975627, 48.4652803 ], [ -0.7965772, 48.4637321 ], [ -0.7964927, 48.4634637 ], [ -0.7979661, 48.4632004 ], [ -0.7990688, 48.462757 ], [ -0.798582, 48.46228 ], [ -0.798332, 48.4617269 ], [ -0.7987051, 48.4614555 ], [ -0.7985808, 48.46131 ], [ -0.7985296, 48.4609766 ], [ -0.7985852, 48.4606037 ], [ -0.7982961, 48.4602203 ], [ -0.7984612, 48.4598818 ], [ -0.7987592, 48.4596768 ], [ -0.7986261, 48.45941 ], [ -0.798668, 48.4592222 ], [ -0.7993596, 48.4590487 ], [ -0.7997327, 48.4588719 ], [ -0.7999342, 48.458961 ], [ -0.8002775, 48.4588581 ], [ -0.8010491, 48.458500099999988 ], [ -0.8016084, 48.4583327 ], [ -0.8024501, 48.4583246 ], [ -0.8031935, 48.4582314 ], [ -0.8036097, 48.4580695 ], [ -0.8041157, 48.4579884 ], [ -0.8047806, 48.4577086 ], [ -0.8059711, 48.4577686 ], [ -0.8062682, 48.4577194 ], [ -0.8066775, 48.4578 ], [ -0.8080859, 48.4574287 ], [ -0.8084904, 48.4572923 ], [ -0.8090596, 48.4568138 ], [ -0.8096515, 48.4565174 ], [ -0.8098111, 48.4565708 ], [ -0.8104887, 48.4563185 ], [ -0.8125046, 48.455027 ], [ -0.8131555, 48.4552087 ], [ -0.8133112, 48.4554685 ], [ -0.8138372, 48.4558686 ], [ -0.8138716, 48.4562125 ], [ -0.814126, 48.4563772 ], [ -0.8142187, 48.4566841 ], [ -0.8146571, 48.4568285 ], [ -0.8148575, 48.4572012 ], [ -0.8154261, 48.4575153 ], [ -0.8154796, 48.4578973 ], [ -0.8156476, 48.4580855 ], [ -0.8159546, 48.4582287 ], [ -0.8160598, 48.4584838 ], [ -0.8154325, 48.458722 ], [ -0.8153658, 48.45907 ], [ -0.8146084, 48.4594375 ], [ -0.8144035, 48.4598224 ], [ -0.8146372, 48.4600382 ], [ -0.8145963, 48.4603701 ], [ -0.8147716, 48.4607887 ], [ -0.8156011, 48.4612267 ], [ -0.8155897, 48.4615721 ], [ -0.8159704, 48.4619102 ], [ -0.8162051, 48.4623449 ], [ -0.8161416, 48.462663 ], [ -0.8159, 48.4629158 ], [ -0.8158436, 48.4637228 ], [ -0.8154034, 48.4637604 ], [ -0.8154955, 48.4640015 ], [ -0.8154326, 48.4640684 ], [ -0.814328, 48.4641687 ], [ -0.8141304, 48.4642444 ], [ -0.8143584, 48.4649594 ], [ -0.8146543, 48.465285 ], [ -0.8147988, 48.4656145 ], [ -0.815336, 48.4676759 ], [ -0.8158418, 48.4679821 ], [ -0.81603, 48.4682237 ], [ -0.8163546, 48.4682358 ], [ -0.8165472, 48.468444 ], [ -0.8170382, 48.4685291 ], [ -0.8177057, 48.4684319 ], [ -0.8178861, 48.4685297 ], [ -0.8181262, 48.4684787 ], [ -0.8184011, 48.4686824 ], [ -0.818433, 48.4688607 ], [ -0.8179699, 48.4696069 ], [ -0.8176163, 48.469847 ], [ -0.8174903, 48.4701636 ], [ -0.8169681, 48.4703948 ], [ -0.815885, 48.4705503 ], [ -0.8157808, 48.470830199999988 ], [ -0.8154265, 48.4707641 ], [ -0.8152293, 48.4708839 ], [ -0.8151976, 48.4710056 ], [ -0.8154076, 48.4710998 ], [ -0.8153186, 48.4714962 ], [ -0.8151129, 48.4718721 ], [ -0.8147321, 48.4719618 ], [ -0.8147801, 48.4722314 ], [ -0.8155247, 48.4728964 ], [ -0.816457, 48.4727899 ], [ -0.8164045, 48.4729618 ], [ -0.8165266, 48.4730587 ], [ -0.816407, 48.4733508 ], [ -0.8165916, 48.473579 ], [ -0.816738, 48.4736365 ], [ -0.8168891, 48.4734416 ], [ -0.8172038, 48.4737467 ], [ -0.8174836, 48.4737008 ], [ -0.8175492, 48.4738391 ], [ -0.8178204, 48.4738809 ], [ -0.8177921, 48.4741808 ], [ -0.8180365, 48.4742071 ], [ -0.8183153, 48.4749475 ], [ -0.8188209, 48.4751015 ], [ -0.8189408, 48.4750373 ], [ -0.8190836, 48.4747283 ], [ -0.819318, 48.4746928 ], [ -0.8194565, 48.4749018 ], [ -0.8194272, 48.4750946 ], [ -0.8196448, 48.4751245 ], [ -0.819657, 48.4752736 ], [ -0.8198569, 48.4752474 ], [ -0.8200972, 48.4753288 ], [ -0.8203565, 48.4757834 ], [ -0.8205119, 48.4757604 ], [ -0.8204458, 48.475577 ], [ -0.8209881, 48.4756208 ], [ -0.820626, 48.4758936 ], [ -0.8208812, 48.4760871 ], [ -0.821093, 48.4761127 ], [ -0.8223487, 48.4752023 ], [ -0.8238298, 48.475023 ], [ -0.8240607, 48.4750877 ], [ -0.8241686, 48.4752481 ], [ -0.8245331, 48.4752508 ], [ -0.825074, 48.4756098 ], [ -0.8256473, 48.4755769 ], [ -0.8264556, 48.475849 ], [ -0.8265327, 48.475996 ], [ -0.826269, 48.4761324 ], [ -0.8263269, 48.4762954 ], [ -0.826828, 48.4761819 ], [ -0.8272126, 48.476663099999989 ], [ -0.8270172, 48.476881899999988 ], [ -0.8269555, 48.477391 ], [ -0.8266823, 48.477453 ], [ -0.8264874, 48.4773998 ], [ -0.8262744, 48.4775436 ], [ -0.8263346, 48.477663199999988 ], [ -0.8266981, 48.4777073 ], [ -0.8266276, 48.4779852 ], [ -0.8263291, 48.4780336 ], [ -0.8261489, 48.4779034 ], [ -0.8258547, 48.4780308 ], [ -0.8263807, 48.478258 ], [ -0.8263493, 48.4786084 ], [ -0.8260868, 48.4787799 ], [ -0.8263077, 48.478984499999989 ], [ -0.8267374, 48.4790066 ], [ -0.8273586, 48.4792964 ], [ -0.8287567, 48.4793531 ], [ -0.8290136, 48.4793268 ], [ -0.8292691, 48.4791717 ], [ -0.8296518, 48.4793476 ], [ -0.8297942, 48.4792755 ], [ -0.8298217, 48.4791512 ], [ -0.829783, 48.4790669 ], [ -0.8295278, 48.4789851 ], [ -0.8296373, 48.4788527 ], [ -0.8299879, 48.4787559 ], [ -0.8304614, 48.4787658 ], [ -0.831739, 48.4789911 ], [ -0.8323108, 48.4792888 ], [ -0.8327004, 48.4797635 ], [ -0.8327111, 48.47991 ], [ -0.8323997, 48.4800236 ], [ -0.832426, 48.4803839 ], [ -0.8314632, 48.481149 ], [ -0.8313849, 48.4813011 ], [ -0.8315684, 48.4815879 ], [ -0.8316195, 48.4821401 ], [ -0.8321142, 48.4827168 ], [ -0.832048, 48.4831648 ], [ -0.831829, 48.4833754 ], [ -0.8312825, 48.4835912 ], [ -0.8312364, 48.4836827 ], [ -0.8316403, 48.4843533 ], [ -0.8320921, 48.4845107 ], [ -0.8321953, 48.4846245 ], [ -0.8324065, 48.4846042 ], [ -0.8325132, 48.4845809 ], [ -0.8326279, 48.4843151 ], [ -0.8334949, 48.4841655 ], [ -0.8342138, 48.4838442 ], [ -0.8349095, 48.4838163 ], [ -0.835188, 48.4837343 ], [ -0.8353375, 48.4840177 ], [ -0.8356361, 48.484063 ], [ -0.8357648, 48.4838958 ], [ -0.8361756, 48.4840104 ], [ -0.8360865, 48.4843123 ], [ -0.8361519, 48.4845579 ], [ -0.836409, 48.484535199999989 ], [ -0.8366429, 48.4846024 ], [ -0.8367056, 48.4843293 ], [ -0.8369852, 48.4842806 ], [ -0.8372631, 48.4845427 ], [ -0.8375711, 48.4844931 ], [ -0.837804, 48.4845847 ], [ -0.8378903, 48.4847629 ], [ -0.8374569, 48.484876 ], [ -0.8372715, 48.4850828 ], [ -0.8377905, 48.4852138 ], [ -0.8378235, 48.4853325 ], [ -0.8376984, 48.4854185 ], [ -0.83757, 48.4857739 ], [ -0.8379642, 48.4859026 ], [ -0.8380443, 48.4861458 ], [ -0.8378348, 48.4864309 ], [ -0.8381849, 48.4864007 ], [ -0.8383179, 48.4865333 ], [ -0.8385728, 48.4865917 ], [ -0.838337, 48.4869245 ], [ -0.8384039, 48.487061 ], [ -0.8385015, 48.4870795 ], [ -0.8386459, 48.4869793 ], [ -0.8389118, 48.487059 ], [ -0.8388223, 48.4872609 ], [ -0.8390087, 48.4875125 ], [ -0.8386837, 48.487922 ], [ -0.8385639, 48.4883023 ], [ -0.8387021, 48.4883582 ], [ -0.8388806, 48.4882426 ], [ -0.8392582, 48.4884222 ], [ -0.8391666, 48.4886692 ], [ -0.8395617, 48.4887177 ], [ -0.8394584, 48.4888985 ], [ -0.8396711, 48.4891015 ], [ -0.8395664, 48.4891706 ], [ -0.839629, 48.4894334 ], [ -0.8389934, 48.4896169 ], [ -0.8391168, 48.4896931 ], [ -0.8393815, 48.4896251 ], [ -0.839244, 48.4897637 ], [ -0.839546, 48.4898548 ], [ -0.8397763, 48.490187 ], [ -0.8401326, 48.490297899999987 ], [ -0.8405014, 48.4906526 ], [ -0.8404341, 48.4906953 ], [ -0.8400214, 48.4906113 ], [ -0.8398205, 48.4906989 ], [ -0.83977, 48.4910455 ], [ -0.8403748, 48.4913294 ], [ -0.8401601, 48.4913202 ], [ -0.8398126, 48.491553 ], [ -0.8401213, 48.4918636 ], [ -0.8402998, 48.4922848 ], [ -0.841111, 48.49239 ], [ -0.8410334, 48.492551 ], [ -0.8407298, 48.4926978 ], [ -0.840605, 48.4929369 ], [ -0.8403179, 48.4930867 ], [ -0.8403244, 48.4933972 ], [ -0.8401926, 48.4935411 ], [ -0.8402561, 48.4936678 ], [ -0.8401519, 48.4938729 ], [ -0.8404577, 48.4939414 ], [ -0.8405891, 48.49383 ], [ -0.8408808, 48.4939088 ], [ -0.8406511, 48.4940288 ], [ -0.840958, 48.4941305 ], [ -0.8406385, 48.4943012 ], [ -0.8407657, 48.4944277 ], [ -0.8410638, 48.4944279 ], [ -0.8412352, 48.494344 ], [ -0.8414801, 48.4944136 ], [ -0.8415064, 48.4946604 ], [ -0.8418008, 48.4948328 ], [ -0.8414539, 48.4949809 ], [ -0.8413772, 48.4951536 ], [ -0.8419909, 48.4951707 ], [ -0.8417266, 48.4954846 ], [ -0.8418154, 48.495642 ], [ -0.8444347, 48.4963246 ], [ -0.844469, 48.496976499999988 ], [ -0.8445821, 48.4970043 ], [ -0.8448299, 48.4968162 ], [ -0.8450123, 48.4968643 ], [ -0.8449839, 48.4970688 ], [ -0.8452313, 48.4971157 ], [ -0.845861, 48.497479 ], [ -0.8456797, 48.4976497 ], [ -0.845625, 48.4978829 ], [ -0.8458065, 48.4980851 ], [ -0.8459164, 48.4980131 ], [ -0.8461821, 48.4980504 ], [ -0.8463404, 48.4982317 ], [ -0.8460176, 48.4983944 ], [ -0.8459718, 48.4985274 ], [ -0.8457592, 48.4985856 ], [ -0.8456955, 48.4987146 ], [ -0.8455309, 48.4987065 ], [ -0.8455068, 48.4990621 ], [ -0.8462463, 48.4993507 ], [ -0.8463353, 48.4995108 ], [ -0.8465715, 48.4996464 ], [ -0.8476831, 48.4995212 ], [ -0.8478959, 48.4994476 ], [ -0.8481362, 48.4992138 ], [ -0.8481457, 48.4987884 ], [ -0.848301, 48.4986527 ], [ -0.8483153, 48.4984775 ], [ -0.8485258, 48.4983365 ], [ -0.8487864, 48.4983605 ], [ -0.8490776, 48.4980439 ], [ -0.8491968, 48.4977293 ], [ -0.8496825, 48.4976253 ], [ -0.8504514, 48.4976328 ], [ -0.8506997, 48.4982093 ], [ -0.8510276, 48.4979681 ], [ -0.8514153, 48.4979339 ], [ -0.8513462, 48.498210799999988 ], [ -0.8513806, 48.4984565 ], [ -0.8514767, 48.498493 ], [ -0.8517137, 48.4984898 ], [ -0.8515811, 48.4982536 ], [ -0.8516638, 48.4981798 ], [ -0.8518856, 48.4982663 ], [ -0.8520027, 48.498421 ], [ -0.852289, 48.4984261 ], [ -0.85231, 48.4982876 ], [ -0.852161, 48.4981592 ], [ -0.8522124, 48.4980098 ], [ -0.8524574, 48.4980622 ], [ -0.8526184, 48.4983533 ], [ -0.8527694, 48.4982142 ], [ -0.8529265, 48.4981938 ], [ -0.8531492, 48.4983847 ], [ -0.8527016, 48.4984533 ], [ -0.8526795, 48.4986683 ], [ -0.8528426, 48.4986757 ], [ -0.8531562, 48.499014 ], [ -0.8534469, 48.4988398 ], [ -0.853614, 48.4988632 ], [ -0.8537688, 48.4991446 ], [ -0.8536054, 48.4993174 ], [ -0.8538021, 48.4994497 ], [ -0.8539635, 48.4993598 ], [ -0.8539746, 48.4991415 ], [ -0.8542125, 48.4991338 ], [ -0.8546354, 48.4997235 ], [ -0.8548908, 48.4995855 ], [ -0.8550689, 48.4995923 ], [ -0.8552064, 48.4996932 ], [ -0.85547, 48.4996099 ], [ -0.8558192, 48.4999913 ], [ -0.8559898, 48.5000623 ], [ -0.856289, 48.5000399 ], [ -0.8565958, 48.4998255 ], [ -0.8567975, 48.4998235 ], [ -0.8574027, 48.5004235 ], [ -0.8576382, 48.5003996 ], [ -0.8575447, 48.5000505 ], [ -0.8576345, 48.4999809 ], [ -0.8578201, 48.5000352 ], [ -0.8580113, 48.5004424 ], [ -0.8587886, 48.5004154 ], [ -0.8590131, 48.5004837 ], [ -0.8592291, 48.5006929 ], [ -0.8589593, 48.5007836 ], [ -0.8589792, 48.5009991 ], [ -0.8591914, 48.5010823 ], [ -0.859408, 48.5008032 ], [ -0.8595933, 48.500835 ], [ -0.8597307, 48.5009341 ], [ -0.8595224, 48.5010868 ], [ -0.859506, 48.5012882 ], [ -0.8598254, 48.5012994 ], [ -0.8601806, 48.501522099999988 ] ] ] ] } },
{ "type": "Feature", "properties": { "code_departement": 53.0, "code_rne": "0530803K", "multisecteur": 0.0 }, "geometry": { "type": "MultiPolygon", "coordinates": [ [ [ [ -0.5632834, 48.406087299999989 ], [ -0.5647223, 48.396117 ], [ -0.5642682, 48.3941466 ], [ -0.5639735, 48.3921544 ], [ -0.5637277, 48.3913405 ], [ -0.5618177, 48.3876794 ], [ -0.5610845, 48.3845611 ], [ -0.5605429, 48.3833526 ], [ -0.5600887, 48.3819361 ], [ -0.5591317, 48.3803807 ], [ -0.5580546, 48.37823 ], [ -0.5581066, 48.3780997 ], [ -0.5584806, 48.3780326 ], [ -0.558558, 48.3779177 ], [ -0.559852, 48.3784012 ], [ -0.5611113, 48.3776726 ], [ -0.5624644, 48.3770933 ], [ -0.5632984, 48.3769728 ], [ -0.5647916, 48.3769639 ], [ -0.5666572, 48.3766267 ], [ -0.568018, 48.376719 ], [ -0.568673, 48.3764696 ], [ -0.5694619, 48.3757443 ], [ -0.570305, 48.3752019 ], [ -0.5710265, 48.374539 ], [ -0.5712505, 48.3744737 ], [ -0.5715202, 48.3740459 ], [ -0.5715653, 48.3738545 ], [ -0.5713741, 48.3729101 ], [ -0.5717127, 48.3724622 ], [ -0.5720835, 48.3709767 ], [ -0.5724006, 48.3704917 ], [ -0.5702321, 48.3701464 ], [ -0.5690224, 48.3696497 ], [ -0.5687005, 48.3692685 ], [ -0.5684478, 48.3691293 ], [ -0.5671945, 48.3687267 ], [ -0.5660442, 48.3685659 ], [ -0.5653357, 48.3687421 ], [ -0.5647331, 48.3689638 ], [ -0.564495, 48.3691799 ], [ -0.5640286, 48.3692984 ], [ -0.5632415, 48.3692915 ], [ -0.5616835, 48.369777 ], [ -0.5610003, 48.3697678 ], [ -0.5594328, 48.3700734 ], [ -0.5576002, 48.3706373 ], [ -0.5573146, 48.3705513 ], [ -0.5570306, 48.3707282 ], [ -0.5552235, 48.3711689 ], [ -0.5547782, 48.3714209 ], [ -0.5544421, 48.3717678 ], [ -0.5541222, 48.3718143 ], [ -0.5542213, 48.3720203 ], [ -0.5538644, 48.3723786 ], [ -0.5529717, 48.3726702 ], [ -0.5527369, 48.372697 ], [ -0.5522801, 48.3725973 ], [ -0.5511318, 48.3699056 ], [ -0.5508343, 48.3666012 ], [ -0.5509345, 48.3623222 ], [ -0.551845, 48.3598345 ], [ -0.5517793, 48.3595023 ], [ -0.5511232, 48.359132 ], [ -0.5519908, 48.3581928 ], [ -0.5521636, 48.3576491 ], [ -0.5518675, 48.3559468 ], [ -0.5518919, 48.3554066 ], [ -0.5510996, 48.3508373 ], [ -0.5515091, 48.3474982 ], [ -0.5514215, 48.3471406 ], [ -0.5489842, 48.343556299999989 ], [ -0.5486019, 48.3427563 ], [ -0.5485534, 48.3416365 ], [ -0.5482286, 48.3409663 ], [ -0.5471035, 48.339768 ], [ -0.5468723, 48.3396839 ], [ -0.5457289, 48.3398155 ], [ -0.5450654, 48.339793 ], [ -0.5421318, 48.3394593 ], [ -0.5384737, 48.3391977 ], [ -0.5362784, 48.338532 ], [ -0.535739, 48.3385454 ], [ -0.5347489, 48.338929 ], [ -0.5327839, 48.3393181 ], [ -0.5321745, 48.3392949 ], [ -0.5308772, 48.3387842 ], [ -0.5293659, 48.3378828 ], [ -0.5289388, 48.3377172 ], [ -0.5285641, 48.3374681 ], [ -0.5281783, 48.3369527 ], [ -0.5277637, 48.3365905 ], [ -0.5267972, 48.336178 ], [ -0.5254182, 48.3351717 ], [ -0.5247634, 48.335155099999987 ], [ -0.5237747, 48.3348126 ], [ -0.522425, 48.3341828 ], [ -0.5213762, 48.3339708 ], [ -0.519146, 48.3339282 ], [ -0.5177407, 48.334142 ], [ -0.5167493, 48.3345263 ], [ -0.5161485, 48.3346306 ], [ -0.5134674, 48.3348741 ], [ -0.512081, 48.3342794 ], [ -0.5095147, 48.3335504 ], [ -0.5088873, 48.3331962 ], [ -0.5054578, 48.3328286 ], [ -0.504106, 48.3327714 ], [ -0.5041183, 48.3329962 ], [ -0.5052754, 48.3331925 ], [ -0.5053535, 48.333371199999988 ], [ -0.5049857, 48.3340548 ], [ -0.5034226, 48.3338669 ], [ -0.502752, 48.3339372 ], [ -0.5020327, 48.3344133 ], [ -0.500971, 48.3340683 ], [ -0.5008074, 48.3337606 ], [ -0.5007875, 48.3332181 ], [ -0.5005432, 48.3330182 ], [ -0.4998685, 48.3328445 ], [ -0.4993838, 48.3328877 ], [ -0.4984536, 48.3327918 ], [ -0.4977591, 48.3328484 ], [ -0.4966191, 48.3327668 ], [ -0.4956858, 48.3329502 ], [ -0.4942389, 48.3334729 ], [ -0.4932303, 48.334007 ], [ -0.4915457, 48.3352644 ], [ -0.4902369, 48.3373428 ], [ -0.4864493, 48.3410307 ], [ -0.486172, 48.3416764 ], [ -0.4860318, 48.3428225 ], [ -0.4850723, 48.3447348 ], [ -0.4844027, 48.3455983 ], [ -0.4836974, 48.3462089 ], [ -0.4819504, 48.3488594 ], [ -0.4818923, 48.349185299999988 ], [ -0.4819982, 48.3497036 ], [ -0.4819678, 48.3511634 ], [ -0.4821173, 48.3520326 ], [ -0.4820955, 48.3530914 ], [ -0.4828814, 48.3552278 ], [ -0.4835406, 48.3566935 ], [ -0.4811545, 48.3568393 ], [ -0.4804632, 48.3565408 ], [ -0.4795801, 48.3564272 ], [ -0.478838, 48.3564445 ], [ -0.4765178, 48.3572196 ], [ -0.4765663, 48.3576054 ], [ -0.4740184, 48.3581053 ], [ -0.4682299, 48.3587459 ], [ -0.4659999, 48.3596839 ], [ -0.4647983, 48.359946 ], [ -0.4630502, 48.3600773 ], [ -0.4609125, 48.3604883 ], [ -0.4570016, 48.3603639 ], [ -0.456751, 48.3602505 ], [ -0.4564438, 48.3602244 ], [ -0.4562023, 48.3600441 ], [ -0.4541961, 48.3598469 ], [ -0.4507165, 48.3604238 ], [ -0.4489893, 48.3605237 ], [ -0.4489329, 48.3599103 ], [ -0.4488021, 48.3597502 ], [ -0.4489078, 48.3594049 ], [ -0.4472615, 48.358573 ], [ -0.4467112, 48.3584035 ], [ -0.44059, 48.3572469 ], [ -0.4355274, 48.3571922 ], [ -0.4350283, 48.3571229 ], [ -0.4341573, 48.3568609 ], [ -0.4270619, 48.3575438 ], [ -0.4212481, 48.3573652 ], [ -0.4149865, 48.3570723 ], [ -0.4138683, 48.3571865 ], [ -0.4113285, 48.3576514 ], [ -0.4062344, 48.3583186 ], [ -0.402417, 48.358902 ], [ -0.3868218, 48.3606764 ], [ -0.3868738, 48.3608541 ], [ -0.387151, 48.3609831 ], [ -0.387374, 48.3613828 ], [ -0.388348, 48.3619448 ], [ -0.3911531, 48.3630937 ], [ -0.3916152, 48.3637847 ], [ -0.3919522, 48.3640857 ], [ -0.3921746, 48.364789 ], [ -0.392237, 48.3654202 ], [ -0.393281, 48.366814 ], [ -0.393174, 48.3671035 ], [ -0.3932187, 48.3674399 ], [ -0.3936111, 48.3677618 ], [ -0.3939191, 48.3686184 ], [ -0.3943034, 48.368772199999988 ], [ -0.3945801, 48.3691434 ], [ -0.3946776, 48.3696485 ], [ -0.3950957, 48.370075 ], [ -0.3951866, 48.3704146 ], [ -0.3956031, 48.3710889 ], [ -0.3952564, 48.3721245 ], [ -0.3951394, 48.3735975 ], [ -0.3947714, 48.3738647 ], [ -0.3944285, 48.3749173 ], [ -0.3946845, 48.3749883 ], [ -0.394591, 48.3752989 ], [ -0.3953608, 48.3762728 ], [ -0.3957925, 48.3766567 ], [ -0.3964778, 48.3769711 ], [ -0.3974084, 48.3775451 ], [ -0.3989476, 48.3782078 ], [ -0.3995927, 48.3786522 ], [ -0.3999354, 48.379143 ], [ -0.3999489, 48.379708199999989 ], [ -0.3995468, 48.3801159 ], [ -0.3986184, 48.3805388 ], [ -0.3983242, 48.3807561 ], [ -0.3967557, 48.3825067 ], [ -0.3960602, 48.3827473 ], [ -0.3955895, 48.3832254 ], [ -0.3947444, 48.3844572 ], [ -0.3925831, 48.3849234 ], [ -0.3915809, 48.3855456 ], [ -0.3906048, 48.385881499999989 ], [ -0.3893084, 48.386512 ], [ -0.3892389, 48.3866491 ], [ -0.3893307, 48.3868581 ], [ -0.3890884, 48.3870199 ], [ -0.3873711, 48.3877074 ], [ -0.3845277, 48.3884614 ], [ -0.3824772, 48.3891827 ], [ -0.3823228, 48.389367199999988 ], [ -0.3823881, 48.3895625 ], [ -0.3818749, 48.3902012 ], [ -0.3814661, 48.3903408 ], [ -0.3814294, 48.390506599999988 ], [ -0.3808633, 48.3911441 ], [ -0.3801211, 48.3912076 ], [ -0.3797702, 48.3915967 ], [ -0.3794501, 48.3917904 ], [ -0.3791842, 48.3918404 ], [ -0.3788711, 48.392101399999987 ], [ -0.3775924, 48.3922117 ], [ -0.3780887, 48.3923398 ], [ -0.3783092, 48.3926145 ], [ -0.3785978, 48.3927927 ], [ -0.3792105, 48.3937631 ], [ -0.3810165, 48.393861 ], [ -0.3815051, 48.3941839 ], [ -0.3771169, 48.3973112 ], [ -0.376842, 48.3988418 ], [ -0.3758591, 48.4007176 ], [ -0.3757006, 48.4015758 ], [ -0.375382, 48.4019423 ], [ -0.3741284, 48.4025111 ], [ -0.3739508, 48.4030105 ], [ -0.3711083, 48.4062791 ], [ -0.3703582, 48.4076575 ], [ -0.3699951, 48.4091446 ], [ -0.3685385, 48.4091256 ], [ -0.3679024, 48.4093715 ], [ -0.3676053, 48.4096105 ], [ -0.3673922, 48.410231599999989 ], [ -0.3675529, 48.4103134 ], [ -0.3677051, 48.4109151 ], [ -0.367362, 48.411639 ], [ -0.3675123, 48.4131817 ], [ -0.3673872, 48.4136994 ], [ -0.367697, 48.4142903 ], [ -0.3670974, 48.4149611 ], [ -0.3670076, 48.4158173 ], [ -0.3680484, 48.418717 ], [ -0.3679838, 48.4199245 ], [ -0.3687865, 48.4230128 ], [ -0.3694625, 48.4233646 ], [ -0.3698317, 48.423826 ], [ -0.3695906, 48.4249809 ], [ -0.3691614, 48.425672 ], [ -0.36871, 48.4273255 ], [ -0.3677839, 48.4290879 ], [ -0.3690115, 48.4292196 ], [ -0.3690484, 48.4296688 ], [ -0.3716579, 48.4317683 ], [ -0.3715756, 48.432804399999988 ], [ -0.3719809, 48.4327947 ], [ -0.3718692, 48.4332472 ], [ -0.3728164, 48.4345746 ], [ -0.3729186, 48.4356603 ], [ -0.3732778, 48.4357113 ], [ -0.3737225, 48.4359139 ], [ -0.3735025, 48.4371231 ], [ -0.3731146, 48.4374466 ], [ -0.3741546, 48.4379627 ], [ -0.3740414, 48.4383703 ], [ -0.3747934, 48.4385326 ], [ -0.3748859, 48.4390252 ], [ -0.3754769, 48.4387022 ], [ -0.3759826, 48.4386122 ], [ -0.3784099, 48.4388573 ], [ -0.3790823, 48.4390435 ], [ -0.3799604, 48.4391247 ], [ -0.381986, 48.4390777 ], [ -0.3824267, 48.4397423 ], [ -0.3818952, 48.4399376 ], [ -0.3825013, 48.4412161 ], [ -0.3825162, 48.4419522 ], [ -0.3826189, 48.441907 ], [ -0.3857237, 48.4430844 ], [ -0.3856914, 48.4437598 ], [ -0.3858942, 48.4437558 ], [ -0.3860866, 48.4435711 ], [ -0.3862893, 48.4435662 ], [ -0.3868388, 48.4437333 ], [ -0.3873984, 48.4440802 ], [ -0.3869417, 48.4444057 ], [ -0.3868815, 48.4445425 ], [ -0.3877806, 48.4449265 ], [ -0.3878354, 48.4457345 ], [ -0.3896698, 48.4459081 ], [ -0.390124, 48.4468424 ], [ -0.3897765, 48.4479392 ], [ -0.3895107, 48.448035 ], [ -0.3894109, 48.4487123 ], [ -0.3901529, 48.4486947 ], [ -0.3900649, 48.4495968 ], [ -0.3911743, 48.4497758 ], [ -0.3920251, 48.4497253 ], [ -0.3935138, 48.4498061 ], [ -0.3937602, 48.4500359 ], [ -0.393733, 48.4503068 ], [ -0.3938088, 48.4504739 ], [ -0.3941128, 48.4506543 ], [ -0.3941569, 48.451106 ], [ -0.3944947, 48.4516825 ], [ -0.3943541, 48.4520837 ], [ -0.3946, 48.4524314 ], [ -0.3945414, 48.4525096 ], [ -0.3946655, 48.4525862 ], [ -0.394661, 48.4527268 ], [ -0.394512, 48.4528499 ], [ -0.3946311, 48.4530167 ], [ -0.3945781, 48.4530984 ], [ -0.3947683, 48.4531929 ], [ -0.3947317, 48.453673 ], [ -0.3946001, 48.4537938 ], [ -0.3942228, 48.4539036 ], [ -0.3941003, 48.4545636 ], [ -0.3935199, 48.4547783 ], [ -0.393473, 48.4550786 ], [ -0.3937156, 48.455376 ], [ -0.3934842, 48.455441099999987 ], [ -0.3935024, 48.4559116 ], [ -0.3939193, 48.4560365 ], [ -0.3933159, 48.4567327 ], [ -0.393336, 48.4567916 ], [ -0.3936106, 48.4567891 ], [ -0.3937136, 48.4569158 ], [ -0.3938792, 48.4569237 ], [ -0.393908, 48.4570327 ], [ -0.3933316, 48.457289599999989 ], [ -0.3931411, 48.4575679 ], [ -0.3932913, 48.4576915 ], [ -0.3932536, 48.4577583 ], [ -0.392768, 48.4579532 ], [ -0.3927361, 48.4580243 ], [ -0.3930612, 48.458196 ], [ -0.3931457, 48.4583926 ], [ -0.3929197, 48.4586251 ], [ -0.3927828, 48.4586218 ], [ -0.3928546, 48.4588322 ], [ -0.3924004, 48.4588218 ], [ -0.3924273, 48.4590696 ], [ -0.3928547, 48.4591888 ], [ -0.3928781, 48.4593007 ], [ -0.3927403, 48.4593263 ], [ -0.3932133, 48.4594802 ], [ -0.3932844, 48.4595754 ], [ -0.3933058, 48.459718 ], [ -0.3929307, 48.4597584 ], [ -0.392912, 48.4599508 ], [ -0.393134, 48.4600552 ], [ -0.3933846, 48.4599931 ], [ -0.393411, 48.4601724 ], [ -0.392955, 48.4604475 ], [ -0.3931034, 48.4605243 ], [ -0.3929721, 48.4605451 ], [ -0.3930924, 48.4607299 ], [ -0.3932506, 48.4606848 ], [ -0.3933095, 48.4605706 ], [ -0.393564, 48.4606741 ], [ -0.3935534, 48.4607833 ], [ -0.3932791, 48.4608128 ], [ -0.3934312, 48.460903 ], [ -0.3933017, 48.4610364 ], [ -0.3936972, 48.4610178 ], [ -0.3936775, 48.4610904 ], [ -0.3935692, 48.4610899 ], [ -0.3935826, 48.4612769 ], [ -0.3932683, 48.4613993 ], [ -0.393269, 48.4614929 ], [ -0.3934389, 48.461462 ], [ -0.3935168, 48.4616407 ], [ -0.3936069, 48.4616516 ], [ -0.3935887, 48.4617476 ], [ -0.3934193, 48.461829 ], [ -0.3938682, 48.4619242 ], [ -0.3935481, 48.4620612 ], [ -0.3935642, 48.4621859 ], [ -0.3933732, 48.4621842 ], [ -0.3935619, 48.462276 ], [ -0.3935984, 48.4624218 ], [ -0.3938791, 48.4624065 ], [ -0.3937023, 48.4624998 ], [ -0.3936684, 48.4626449 ], [ -0.393912, 48.4626442 ], [ -0.3940011, 48.4628065 ], [ -0.3940608, 48.4627048 ], [ -0.3939154, 48.462528 ], [ -0.3940927, 48.4624644 ], [ -0.3946253, 48.4625572 ], [ -0.3949337, 48.4621747 ], [ -0.3947456, 48.4618001 ], [ -0.395145, 48.4616959 ], [ -0.3950799, 48.4613583 ], [ -0.3955971, 48.4612327 ], [ -0.3954983, 48.4611086 ], [ -0.3957623, 48.4609624 ], [ -0.3958612, 48.4607533 ], [ -0.3957007, 48.4606373 ], [ -0.3958694, 48.4605451 ], [ -0.3961599, 48.4605998 ], [ -0.3962871, 48.4604305 ], [ -0.3961685, 48.4603763 ], [ -0.3962422, 48.4602805 ], [ -0.3964693, 48.4602344 ], [ -0.3967787, 48.4603282 ], [ -0.3970567, 48.4602104 ], [ -0.3971584, 48.4602966 ], [ -0.3972998, 48.4602223 ], [ -0.3974911, 48.46027 ], [ -0.3981194, 48.4602303 ], [ -0.3998205, 48.461056 ], [ -0.4001043, 48.4613189 ], [ -0.4002901, 48.4620348 ], [ -0.4011338, 48.4626445 ], [ -0.4017793, 48.463349099999988 ], [ -0.4026142, 48.4637799 ], [ -0.4029745, 48.4642216 ], [ -0.4029143, 48.4643575 ], [ -0.4009835, 48.4649423 ], [ -0.4005898, 48.465176 ], [ -0.401169, 48.4658825 ], [ -0.4014691, 48.46646 ], [ -0.4014736, 48.46655 ], [ -0.4013413, 48.4665979 ], [ -0.4010917, 48.4676144 ], [ -0.4005491, 48.4682054 ], [ -0.40024, 48.4688049 ], [ -0.3999799, 48.468888 ], [ -0.3999268, 48.4692596 ], [ -0.3995637, 48.4697572 ], [ -0.39863, 48.4700387 ], [ -0.3980667, 48.4705834 ], [ -0.3975978, 48.4708697 ], [ -0.3971903, 48.4720843 ], [ -0.3963662, 48.4734955 ], [ -0.3962438, 48.4735503 ], [ -0.3956943, 48.4743504 ], [ -0.3958093, 48.4745371 ], [ -0.3956142, 48.4747443 ], [ -0.395701, 48.4749138 ], [ -0.3955929, 48.4750223 ], [ -0.3957895, 48.4751715 ], [ -0.3961713, 48.4752759 ], [ -0.3962686, 48.4753982 ], [ -0.3962625, 48.4755128 ], [ -0.3960496, 48.4756125 ], [ -0.3962942, 48.475918 ], [ -0.3963547, 48.4763097 ], [ -0.3967041, 48.4765392 ], [ -0.3976096, 48.476824 ], [ -0.397725, 48.4769539 ], [ -0.3976896, 48.4770351 ], [ -0.3973549, 48.4771365 ], [ -0.3977449, 48.4774909 ], [ -0.3979765, 48.4784118 ], [ -0.3974196, 48.4790346 ], [ -0.3974025, 48.479398 ], [ -0.3975537, 48.4796629 ], [ -0.3974781, 48.4798973 ], [ -0.397547, 48.480062 ], [ -0.3977168, 48.4801534 ], [ -0.397848, 48.4806098 ], [ -0.3976289, 48.4811176 ], [ -0.3976936, 48.4812382 ], [ -0.3980262, 48.4813755 ], [ -0.3979544, 48.4816459 ], [ -0.3978071, 48.4817563 ], [ -0.3978644, 48.4821185 ], [ -0.397931, 48.4823093 ], [ -0.3983103, 48.4826253 ], [ -0.3981679, 48.4827896 ], [ -0.3977576, 48.4828329 ], [ -0.3977181, 48.4829547 ], [ -0.3979465, 48.4831768 ], [ -0.3982059, 48.4837736 ], [ -0.3986851, 48.4842704 ], [ -0.3990917, 48.4850269 ], [ -0.3990812, 48.4850956 ], [ -0.3984052, 48.4852608 ], [ -0.3983539, 48.4853469 ], [ -0.3985508, 48.485897799999989 ], [ -0.3990118, 48.4863024 ], [ -0.3990215, 48.4864516 ], [ -0.3986687, 48.4867975 ], [ -0.3982453, 48.4868898 ], [ -0.3980032, 48.4870426 ], [ -0.3981992, 48.4873701 ], [ -0.3977355, 48.487469 ], [ -0.3975873, 48.48771 ], [ -0.3973596, 48.4876454 ], [ -0.3973689, 48.4878522 ], [ -0.3969624, 48.4881844 ], [ -0.3968228, 48.488183 ], [ -0.3966404, 48.4880442 ], [ -0.3964031, 48.4881248 ], [ -0.3962625, 48.4883377 ], [ -0.3964903, 48.4883627 ], [ -0.3965031, 48.488456 ], [ -0.3959676, 48.4886154 ], [ -0.3957676, 48.488748 ], [ -0.3956216, 48.4892349 ], [ -0.3956565, 48.4897534 ], [ -0.3957455, 48.4899354 ], [ -0.3959336, 48.489849 ], [ -0.3960831, 48.4899402 ], [ -0.3960855, 48.4906037 ], [ -0.3958537, 48.4906851 ], [ -0.3954517, 48.4905652 ], [ -0.3953898, 48.4908019 ], [ -0.3946813, 48.4913453 ], [ -0.3942494, 48.4915369 ], [ -0.3942327, 48.4916985 ], [ -0.3946263, 48.4916891 ], [ -0.3946846, 48.4917946 ], [ -0.393901, 48.4921618 ], [ -0.3937264, 48.4921641 ], [ -0.3933884, 48.4923845 ], [ -0.3929635, 48.492307499999988 ], [ -0.3927214, 48.4924594 ], [ -0.3926741, 48.492567 ], [ -0.3928747, 48.4927152 ], [ -0.3924529, 48.4930208 ], [ -0.3923134, 48.4932733 ], [ -0.3919689, 48.4934966 ], [ -0.3916744, 48.493866 ], [ -0.3917689, 48.494092 ], [ -0.3919519, 48.4940517 ], [ -0.3920417, 48.4941617 ], [ -0.3916188, 48.4945574 ], [ -0.3918719, 48.4950346 ], [ -0.3921359, 48.4952827 ], [ -0.391949, 48.4959751 ], [ -0.3920198, 48.4961694 ], [ -0.392336, 48.4965961 ], [ -0.3929694, 48.4967752 ], [ -0.3930786, 48.4970179 ], [ -0.3933905, 48.4970648 ], [ -0.3935135, 48.4971658 ], [ -0.3935008, 48.4973246 ], [ -0.3932949, 48.4974719 ], [ -0.3933881, 48.4979284 ], [ -0.3930803, 48.497966 ], [ -0.3929103, 48.4978925 ], [ -0.3928034, 48.4979586 ], [ -0.3926674, 48.4982642 ], [ -0.3926565, 48.4990595 ], [ -0.3920808, 48.4997729 ], [ -0.3920364, 48.4999462 ], [ -0.3923052, 48.5000997 ], [ -0.3923195, 48.5003838 ], [ -0.3928182, 48.5004074 ], [ -0.3930327, 48.5007902 ], [ -0.3932579, 48.5008999 ], [ -0.393243, 48.5010246 ], [ -0.3930749, 48.501087 ], [ -0.3935316, 48.501255 ], [ -0.3937294, 48.5016329 ], [ -0.3936326, 48.5018527 ], [ -0.3929356, 48.502285 ], [ -0.3927663, 48.5025581 ], [ -0.3926936, 48.503466 ], [ -0.3921907, 48.5046771 ], [ -0.3919186, 48.5057699 ], [ -0.3921881, 48.5071506 ], [ -0.3912768, 48.5081869 ], [ -0.3911541, 48.5084902 ], [ -0.3911793, 48.5087966 ], [ -0.3927347, 48.5094833 ], [ -0.3934007, 48.5096389 ], [ -0.3947693, 48.5101824 ], [ -0.3973398, 48.5106194 ], [ -0.398416, 48.5106427 ], [ -0.3991814, 48.5103668 ], [ -0.3992785, 48.510193 ], [ -0.3991177, 48.5099698 ], [ -0.3985828, 48.5097879 ], [ -0.398372, 48.5095247 ], [ -0.3981427, 48.508873 ], [ -0.3983542, 48.5085816 ], [ -0.3985801, 48.5085121 ], [ -0.3997595, 48.5085197 ], [ -0.4015886, 48.5082431 ], [ -0.4021833, 48.5079686 ], [ -0.4025566, 48.5076446 ], [ -0.4031353, 48.5073128 ], [ -0.4046819, 48.5070488 ], [ -0.4051647, 48.5067621 ], [ -0.4054635, 48.5063763 ], [ -0.4057846, 48.5061663 ], [ -0.407446, 48.5055847 ], [ -0.4084991, 48.5055463 ], [ -0.4091909, 48.505621 ], [ -0.4102161, 48.5059671 ], [ -0.4109358, 48.5064894 ], [ -0.413055, 48.5065509 ], [ -0.4139803, 48.5070466 ], [ -0.4145235, 48.5070021 ], [ -0.414962, 48.5067446 ], [ -0.415266, 48.5067512 ], [ -0.4158318, 48.5071581 ], [ -0.4161505, 48.5078063 ], [ -0.4162843, 48.5079258 ], [ -0.4165622, 48.5079898 ], [ -0.4176127, 48.5078074 ], [ -0.4183175, 48.5074152 ], [ -0.4186064, 48.5073367 ], [ -0.4204591, 48.5072158 ], [ -0.4212317, 48.5070531 ], [ -0.4223565, 48.507117 ], [ -0.4232181, 48.5068221 ], [ -0.4237258, 48.5068155 ], [ -0.4245309, 48.507067 ], [ -0.4256822, 48.5075992 ], [ -0.4256397, 48.5078616 ], [ -0.4248031, 48.5082684 ], [ -0.4244332, 48.5085807 ], [ -0.4242504, 48.5091019 ], [ -0.4246105, 48.5095724 ], [ -0.4247858, 48.5096213 ], [ -0.4258789, 48.5094899 ], [ -0.4265097, 48.5097697 ], [ -0.4272874, 48.5098283 ], [ -0.4279433, 48.5100165 ], [ -0.4292897, 48.5110005 ], [ -0.4296087, 48.5111327 ], [ -0.4310453, 48.5114036 ], [ -0.4318584, 48.5113414 ], [ -0.4322243, 48.5113822 ], [ -0.43239, 48.5115133 ], [ -0.4323926, 48.5116978 ], [ -0.4316167, 48.512224499999988 ], [ -0.4316301, 48.5125123 ], [ -0.4323877, 48.5130513 ], [ -0.4332824, 48.5134271 ], [ -0.4337333, 48.5137103 ], [ -0.434209, 48.5137515 ], [ -0.4352636, 48.5135283 ], [ -0.4362634, 48.5134804 ], [ -0.4367123, 48.5131136 ], [ -0.4376707, 48.512062 ], [ -0.4381215, 48.5117861 ], [ -0.438587, 48.5116519 ], [ -0.439076, 48.5117719 ], [ -0.4401569, 48.5123007 ], [ -0.4412767, 48.512596 ], [ -0.4434176, 48.5133336 ], [ -0.4439728, 48.5138001 ], [ -0.4444679, 48.5144881 ], [ -0.4450404, 48.5150748 ], [ -0.4454724, 48.5150902 ], [ -0.446001, 48.5153378 ], [ -0.4473587, 48.5154145 ], [ -0.4477382, 48.5153333 ], [ -0.4482265, 48.5148031 ], [ -0.4499528, 48.5133357 ], [ -0.4505742, 48.5129134 ], [ -0.451106, 48.5127781 ], [ -0.4516485, 48.5127426 ], [ -0.452953, 48.5129802 ], [ -0.4534328, 48.5130014 ], [ -0.4540061, 48.5128991 ], [ -0.4551594, 48.5125288 ], [ -0.4561134, 48.5127118 ], [ -0.4562192, 48.5126718 ], [ -0.4564654, 48.5120496 ], [ -0.4566543, 48.5118505 ], [ -0.4586184, 48.5120004 ], [ -0.4593018, 48.5122327 ], [ -0.4602979, 48.5124378 ], [ -0.4612897, 48.5128438 ], [ -0.461505, 48.5128411 ], [ -0.4617647, 48.5127309 ], [ -0.4620029, 48.5123782 ], [ -0.462236, 48.5122336 ], [ -0.4626884, 48.5122708 ], [ -0.4629284, 48.5124169 ], [ -0.4629844, 48.5125468 ], [ -0.4629094, 48.5130118 ], [ -0.4625002, 48.5133407 ], [ -0.4625283, 48.5134794 ], [ -0.4627199, 48.5135279 ], [ -0.4640433, 48.5134145 ], [ -0.4643643, 48.5131044 ], [ -0.464875, 48.512977 ], [ -0.4658162, 48.513008 ], [ -0.4666151, 48.513181 ], [ -0.4669956, 48.5131555 ], [ -0.468222, 48.5125389 ], [ -0.4695273, 48.5122964 ], [ -0.4701389, 48.5119958 ], [ -0.4700434, 48.5114331 ], [ -0.4707153, 48.5103842 ], [ -0.4707355, 48.5100343 ], [ -0.4705441, 48.5097229 ], [ -0.4701548, 48.5095326 ], [ -0.4696981, 48.5094297 ], [ -0.4688372, 48.5094855 ], [ -0.4685978, 48.5092467 ], [ -0.4683737, 48.5086859 ], [ -0.4686016, 48.5084236 ], [ -0.4688212, 48.5083217 ], [ -0.4697904, 48.508306 ], [ -0.4710271, 48.5078475 ], [ -0.4720329, 48.507647 ], [ -0.4722036, 48.5072774 ], [ -0.4721565, 48.5070572 ], [ -0.4715738, 48.5064638 ], [ -0.4718079, 48.5060706 ], [ -0.4722982, 48.5058014 ], [ -0.4736015, 48.5058372 ], [ -0.4738527, 48.5057632 ], [ -0.4737803, 48.5045479 ], [ -0.4735926, 48.5036988 ], [ -0.473664, 48.503405 ], [ -0.47384, 48.5031991 ], [ -0.4741704, 48.5030732 ], [ -0.475072, 48.5029991 ], [ -0.4757281, 48.5024504 ], [ -0.4760451, 48.5023889 ], [ -0.4764248, 48.5025561 ], [ -0.4766767, 48.5027793 ], [ -0.4765654, 48.5032868 ], [ -0.4766994, 48.5034071 ], [ -0.4768721, 48.5034165 ], [ -0.4773992, 48.5028653 ], [ -0.4780673, 48.5017021 ], [ -0.4782782, 48.5015933 ], [ -0.4788049, 48.501893 ], [ -0.4793366, 48.5020449 ], [ -0.4798192, 48.5024351 ], [ -0.4801209, 48.5025721 ], [ -0.4804362, 48.5030752 ], [ -0.4807695, 48.5030349 ], [ -0.4809859, 48.5029268 ], [ -0.481111, 48.5025863 ], [ -0.4810913, 48.5021457 ], [ -0.4812703, 48.5019855 ], [ -0.4817919, 48.5020243 ], [ -0.4820437, 48.5022051 ], [ -0.482179, 48.5024677 ], [ -0.4821301, 48.5029355 ], [ -0.4822062, 48.5030197 ], [ -0.4827218, 48.5029479 ], [ -0.4832255, 48.5023316 ], [ -0.4835875, 48.5023336 ], [ -0.4837342, 48.5025238 ], [ -0.4838068, 48.502922399999989 ], [ -0.4844721, 48.5037385 ], [ -0.4845903, 48.5041915 ], [ -0.4846959, 48.5042722 ], [ -0.4864507, 48.5042306 ], [ -0.4866341, 48.5039524 ], [ -0.4865281, 48.503336 ], [ -0.4866265, 48.503207 ], [ -0.4867895, 48.5031509 ], [ -0.4873532, 48.5032127 ], [ -0.4874853, 48.5033448 ], [ -0.487349, 48.504025 ], [ -0.4873998, 48.5042189 ], [ -0.4878118, 48.5043419 ], [ -0.4880394, 48.5043001 ], [ -0.4882684, 48.5040773 ], [ -0.4884921, 48.5032224 ], [ -0.4885716, 48.5023205 ], [ -0.4884281, 48.5014666 ], [ -0.4886652, 48.501303 ], [ -0.4889061, 48.5012788 ], [ -0.4894738, 48.5013593 ], [ -0.4917332, 48.5019386 ], [ -0.4929082, 48.501759 ], [ -0.4931442, 48.5018232 ], [ -0.4966391, 48.5034547 ], [ -0.498098, 48.5039142 ], [ -0.4996977, 48.5041498 ], [ -0.5000942, 48.5043245 ], [ -0.5002807, 48.5044577 ], [ -0.50047, 48.5048375 ], [ -0.5004829, 48.505782599999989 ], [ -0.5003913, 48.5060744 ], [ -0.4992266, 48.5068165 ], [ -0.499124, 48.5070041 ], [ -0.4992552, 48.5073865 ], [ -0.4995308, 48.5074558 ], [ -0.4999387, 48.507435699999988 ], [ -0.5010169, 48.507286 ], [ -0.503754, 48.5066118 ], [ -0.5042333, 48.5063834 ], [ -0.5047563, 48.5059159 ], [ -0.5050076, 48.5059238 ], [ -0.5065175, 48.5064762 ], [ -0.5071474, 48.506898 ], [ -0.5073039, 48.5070905 ], [ -0.5072652, 48.5071997 ], [ -0.5067544, 48.5073031 ], [ -0.5066251, 48.5074573 ], [ -0.5067037, 48.5078214 ], [ -0.5069024, 48.5080767 ], [ -0.5073488, 48.5082067 ], [ -0.5084429, 48.5082752 ], [ -0.5097286, 48.5090387 ], [ -0.5098933, 48.5090707 ], [ -0.5100862, 48.5090164 ], [ -0.5108803, 48.5081852 ], [ -0.5118509, 48.5077252 ], [ -0.5125726, 48.5071491 ], [ -0.513194, 48.5061294 ], [ -0.513207, 48.5053717 ], [ -0.5134831, 48.5046387 ], [ -0.5146259, 48.5036548 ], [ -0.5151142, 48.5036215 ], [ -0.5153622, 48.5036835 ], [ -0.5158327, 48.5039901 ], [ -0.5165691, 48.5041619 ], [ -0.5169057, 48.504088 ], [ -0.5173749, 48.5034681 ], [ -0.5174417, 48.5031302 ], [ -0.516819, 48.5025336 ], [ -0.5168058, 48.5023368 ], [ -0.5169503, 48.5021272 ], [ -0.5168813, 48.5018663 ], [ -0.5162929, 48.5007897 ], [ -0.5165139, 48.5001852 ], [ -0.5162423, 48.499975299999988 ], [ -0.5157466, 48.4998775 ], [ -0.5156855, 48.4997532 ], [ -0.5162082, 48.499102 ], [ -0.516229, 48.4989069 ], [ -0.5160403, 48.4985586 ], [ -0.5161743, 48.4982736 ], [ -0.5165313, 48.4981019 ], [ -0.5185433, 48.4975146 ], [ -0.5191872, 48.497419 ], [ -0.520187, 48.4973974 ], [ -0.5205516, 48.4972579 ], [ -0.5209489, 48.4963735 ], [ -0.5208605, 48.4955414 ], [ -0.5210063, 48.4952921 ], [ -0.5213102, 48.495238099999987 ], [ -0.5219022, 48.4953367 ], [ -0.5224509, 48.4955392 ], [ -0.5230871, 48.4956104 ], [ -0.524336, 48.4962109 ], [ -0.5247399, 48.4962133 ], [ -0.5263365, 48.49592 ], [ -0.5268943, 48.4959746 ], [ -0.5272269, 48.4961052 ], [ -0.5277063, 48.496525 ], [ -0.5279586, 48.4965688 ], [ -0.5282502, 48.4964935 ], [ -0.5284508, 48.4962318 ], [ -0.5284498, 48.4959752 ], [ -0.5279443, 48.4955913 ], [ -0.5279075, 48.4953871 ], [ -0.5280424, 48.4952561 ], [ -0.5284088, 48.4952047 ], [ -0.5295643, 48.4952631 ], [ -0.5306287, 48.4951342 ], [ -0.5308738, 48.4949711 ], [ -0.531, 48.4947324 ], [ -0.5310512, 48.4941653 ], [ -0.5312181, 48.494028899999989 ], [ -0.5323123, 48.494021599999989 ], [ -0.5327178, 48.4938654 ], [ -0.5330728, 48.4932236 ], [ -0.5349086, 48.4915751 ], [ -0.5360615, 48.4911535 ], [ -0.5360864, 48.4909799 ], [ -0.5369908, 48.4907899 ], [ -0.5377125, 48.4904235 ], [ -0.5378665, 48.489754399999988 ], [ -0.5378652, 48.4889314 ], [ -0.5380308, 48.488574299999989 ], [ -0.5385422, 48.488042199999988 ], [ -0.5388606, 48.4870593 ], [ -0.5394105, 48.4859749 ], [ -0.5394377, 48.4852537 ], [ -0.5391486, 48.4844419 ], [ -0.5392361, 48.4841926 ], [ -0.5401922, 48.4837471 ], [ -0.5412449, 48.4836104 ], [ -0.5427107, 48.4835315 ], [ -0.5434509, 48.4834203 ], [ -0.544425, 48.4831219 ], [ -0.5452834, 48.4827361 ], [ -0.5459781, 48.4822326 ], [ -0.5473231, 48.4817512 ], [ -0.5479604, 48.4811801 ], [ -0.5494376, 48.4805515 ], [ -0.5496051, 48.4803241 ], [ -0.5502876, 48.4785612 ], [ -0.5500739, 48.4765828 ], [ -0.5501778, 48.4750371 ], [ -0.5503621, 48.4741581 ], [ -0.5506212, 48.4737028 ], [ -0.5512269, 48.4733272 ], [ -0.5548974, 48.4727337 ], [ -0.5559072, 48.4727053 ], [ -0.5561209, 48.4724611 ], [ -0.5573168, 48.4721038 ], [ -0.5593027, 48.4720505 ], [ -0.5598311, 48.4720941 ], [ -0.561107, 48.4725962 ], [ -0.5617787, 48.4730947 ], [ -0.5623498, 48.4739664 ], [ -0.5632422, 48.4758181 ], [ -0.5640396, 48.4767118 ], [ -0.5644095, 48.4769726 ], [ -0.5649956, 48.4770874 ], [ -0.5656541, 48.4769713 ], [ -0.5659152, 48.4767878 ], [ -0.5666681, 48.4758485 ], [ -0.5673698, 48.4743559 ], [ -0.5676531, 48.4730461 ], [ -0.5679354, 48.472636 ], [ -0.5681676, 48.4723859 ], [ -0.568802, 48.4721957 ], [ -0.5693294, 48.4718259 ], [ -0.5695615, 48.4712759 ], [ -0.5708068, 48.4694959 ], [ -0.5722279, 48.4686679 ], [ -0.5725259, 48.4685905 ], [ -0.5731705, 48.468689 ], [ -0.5739326, 48.4690029 ], [ -0.5753965, 48.4699962 ], [ -0.5766117, 48.4705395 ], [ -0.5772372, 48.4706765 ], [ -0.5781915, 48.4707296 ], [ -0.5792567, 48.4706615 ], [ -0.5800107, 48.470736 ], [ -0.5859761, 48.4720814 ], [ -0.586721, 48.4721219 ], [ -0.5881632, 48.4719811 ], [ -0.5913583, 48.4715098 ], [ -0.5928951, 48.4709914 ], [ -0.5939991, 48.4704221 ], [ -0.5944248, 48.4701121 ], [ -0.5947727, 48.4696747 ], [ -0.594823, 48.469421 ], [ -0.5948084, 48.4685164 ], [ -0.5945545, 48.4672012 ], [ -0.594698, 48.4666088 ], [ -0.5945103, 48.4662407 ], [ -0.5940629, 48.4660553 ], [ -0.5911662, 48.4658548 ], [ -0.5899715, 48.465374 ], [ -0.5896907, 48.4651286 ], [ -0.5887977, 48.4636147 ], [ -0.5884202, 48.4631435 ], [ -0.5875148, 48.4624972 ], [ -0.5865215, 48.4613764 ], [ -0.5855577, 48.4607454 ], [ -0.5852601, 48.460414 ], [ -0.585002, 48.4594888 ], [ -0.5847934, 48.4577436 ], [ -0.5848186, 48.456546 ], [ -0.5830418, 48.4534459 ], [ -0.5830794, 48.4525487 ], [ -0.5833231, 48.4516174 ], [ -0.5828232, 48.4505599 ], [ -0.5827506, 48.4501704 ], [ -0.582987, 48.4496076 ], [ -0.583832, 48.448541 ], [ -0.5841606, 48.4482979 ], [ -0.58568, 48.4475144 ], [ -0.5863902, 48.4470508 ], [ -0.5865358, 48.446864399999988 ], [ -0.5864677, 48.4465414 ], [ -0.5862212, 48.4463813 ], [ -0.586079, 48.4461416 ], [ -0.5860967, 48.4453702 ], [ -0.5844729, 48.443376799999989 ], [ -0.5842016, 48.4428519 ], [ -0.5842495, 48.4426019 ], [ -0.5856332, 48.4414587 ], [ -0.5857457, 48.4406483 ], [ -0.5856093, 48.4403553 ], [ -0.5854455, 48.4402756 ], [ -0.5844159, 48.4402806 ], [ -0.5835834, 48.4400023 ], [ -0.5819732, 48.4389765 ], [ -0.581295, 48.4383396 ], [ -0.5812124, 48.4377639 ], [ -0.5813482, 48.4373141 ], [ -0.5812681, 48.4371319 ], [ -0.579893, 48.4358811 ], [ -0.5780901, 48.4365128 ], [ -0.5778641, 48.4364926 ], [ -0.577633, 48.4365779 ], [ -0.5770239, 48.4365359 ], [ -0.5764994, 48.4366454 ], [ -0.5761191, 48.4368442 ], [ -0.5758789, 48.4366551 ], [ -0.5751939, 48.436791 ], [ -0.5741841, 48.4374248 ], [ -0.5738805, 48.437896 ], [ -0.573734, 48.4378518 ], [ -0.5735958, 48.4376308 ], [ -0.573036, 48.4377575 ], [ -0.5723009, 48.4376752 ], [ -0.5719489, 48.4374931 ], [ -0.571767, 48.4370879 ], [ -0.5714116, 48.4368771 ], [ -0.5714073, 48.4366737 ], [ -0.5710402, 48.4358733 ], [ -0.5706845, 48.4355779 ], [ -0.5706666, 48.435455 ], [ -0.5699739, 48.43494 ], [ -0.5698624, 48.4346741 ], [ -0.569069, 48.4343297 ], [ -0.56887, 48.4341105 ], [ -0.5687998, 48.4338335 ], [ -0.5683819, 48.4336984 ], [ -0.5681437, 48.4334588 ], [ -0.5681943, 48.4331078 ], [ -0.5677778, 48.4327746 ], [ -0.5674838, 48.4326501 ], [ -0.5672669, 48.4322064 ], [ -0.5669729, 48.4320009 ], [ -0.5668962, 48.4317483 ], [ -0.5667743, 48.4317475 ], [ -0.5665783, 48.4317507 ], [ -0.5664301, 48.4319398 ], [ -0.565249, 48.4323022 ], [ -0.5646608, 48.432907 ], [ -0.5634268, 48.4336682 ], [ -0.5626, 48.4335498 ], [ -0.5611441, 48.4339322 ], [ -0.5603308, 48.434551899999988 ], [ -0.5598738, 48.4346971 ], [ -0.5598147, 48.4349627 ], [ -0.5594683, 48.4351433 ], [ -0.559411, 48.4353963 ], [ -0.5577269, 48.4359475 ], [ -0.5574445, 48.4357543 ], [ -0.5577393, 48.435351 ], [ -0.5578421, 48.4340331 ], [ -0.5574564, 48.4317555 ], [ -0.5575695, 48.4310676 ], [ -0.5582427, 48.4298794 ], [ -0.5579715, 48.4274741 ], [ -0.5571987, 48.4274919 ], [ -0.5550286, 48.4267563 ], [ -0.5553668, 48.4261762 ], [ -0.5558151, 48.4250424 ], [ -0.5557333, 48.4237751 ], [ -0.5560582, 48.4224983 ], [ -0.5560554, 48.4218779 ], [ -0.5543543, 48.4218514 ], [ -0.554123, 48.421373 ], [ -0.5538392, 48.4200775 ], [ -0.5536434, 48.4197825 ], [ -0.5529183, 48.4193243 ], [ -0.5515094, 48.4187766 ], [ -0.5510161, 48.4188634 ], [ -0.5506045, 48.4186993 ], [ -0.5492215, 48.418674 ], [ -0.5478757, 48.4190592 ], [ -0.5471121, 48.4191109 ], [ -0.5463628, 48.4189946 ], [ -0.5460302, 48.4184363 ], [ -0.5449309, 48.418725 ], [ -0.5435055, 48.418854 ], [ -0.540851, 48.4193935 ], [ -0.5361381, 48.4199665 ], [ -0.5333168, 48.4187115 ], [ -0.5328127, 48.418559 ], [ -0.532147, 48.4185581 ], [ -0.5309054, 48.4183619 ], [ -0.5278289, 48.4180374 ], [ -0.526161, 48.4180204 ], [ -0.524702, 48.4179107 ], [ -0.5240731, 48.4180141 ], [ -0.522477, 48.4179579 ], [ -0.5214128, 48.4180859 ], [ -0.5205417, 48.4186134 ], [ -0.5189239, 48.4191621 ], [ -0.5182071, 48.4192662 ], [ -0.5174792, 48.4196291 ], [ -0.5171224, 48.4193723 ], [ -0.5170791, 48.418564 ], [ -0.5173169, 48.4169837 ], [ -0.5168072, 48.4163207 ], [ -0.5149495, 48.4144765 ], [ -0.514868, 48.4142088 ], [ -0.5162554, 48.4136354 ], [ -0.5186785, 48.4122271 ], [ -0.5190115, 48.4121299 ], [ -0.5191358, 48.4119461 ], [ -0.5189193, 48.4116814 ], [ -0.5186492, 48.4116885 ], [ -0.5179171, 48.4118859 ], [ -0.5160836, 48.410118499999989 ], [ -0.5156119, 48.4101046 ], [ -0.5147978, 48.4103088 ], [ -0.5143538, 48.4097177 ], [ -0.5140931, 48.4089546 ], [ -0.5142455, 48.408443 ], [ -0.514828, 48.4077684 ], [ -0.5149806, 48.4073199 ], [ -0.5155309, 48.4070748 ], [ -0.5159208, 48.4067571 ], [ -0.5163558, 48.4065875 ], [ -0.5156316, 48.4062748 ], [ -0.5154827, 48.40601 ], [ -0.515076, 48.4058347 ], [ -0.5130596, 48.4056568 ], [ -0.5125072, 48.4058506 ], [ -0.5119981, 48.405922399999987 ], [ -0.5106213, 48.4058425 ], [ -0.5100122, 48.4058975 ], [ -0.5084251, 48.4063128 ], [ -0.5073142, 48.4063069 ], [ -0.5061902, 48.4064276 ], [ -0.5055439, 48.4063908 ], [ -0.5045243, 48.4061103 ], [ -0.5035664, 48.4055371 ], [ -0.5023959, 48.4050214 ], [ -0.5017742, 48.4049669 ], [ -0.5015208, 48.4048789 ], [ -0.5014082, 48.4047525 ], [ -0.5001362, 48.4044371 ], [ -0.4996675, 48.4039196 ], [ -0.4990935, 48.4026713 ], [ -0.4985367, 48.4022924 ], [ -0.4984893, 48.4018651 ], [ -0.4979775, 48.400941 ], [ -0.497699, 48.4000694 ], [ -0.4972879, 48.3996438 ], [ -0.4961127, 48.3987492 ], [ -0.4957706, 48.3976723 ], [ -0.4958677, 48.3970994 ], [ -0.4960428, 48.3968042 ], [ -0.4969064, 48.395943 ], [ -0.4972176, 48.3953962 ], [ -0.4972268, 48.3951492 ], [ -0.4969902, 48.394642 ], [ -0.4974497, 48.3937441 ], [ -0.49754, 48.3928661 ], [ -0.497724, 48.3927247 ], [ -0.498876, 48.3924187 ], [ -0.5001191, 48.3919182 ], [ -0.5011691, 48.3916647 ], [ -0.5023026, 48.3925228 ], [ -0.5026651, 48.3926877 ], [ -0.5053345, 48.3933796 ], [ -0.5065468, 48.3934905 ], [ -0.5092224, 48.3944569 ], [ -0.5095712, 48.3948203 ], [ -0.5096987, 48.395292 ], [ -0.5095649, 48.3961839 ], [ -0.510404, 48.3967804 ], [ -0.5114583, 48.3989591 ], [ -0.5120289, 48.3994429 ], [ -0.5125154, 48.3997005 ], [ -0.5131711, 48.3995766 ], [ -0.5144994, 48.3997623 ], [ -0.5160786, 48.3996146 ], [ -0.5188802, 48.4002339 ], [ -0.5194935, 48.4002022 ], [ -0.5205625, 48.4002722 ], [ -0.5208895, 48.4002084 ], [ -0.5212776, 48.3999447 ], [ -0.522007, 48.3996493 ], [ -0.5220562, 48.3994956 ], [ -0.5230198, 48.3990617 ], [ -0.5248515, 48.39891 ], [ -0.526802, 48.3991365 ], [ -0.5274342, 48.3990259 ], [ -0.5283889, 48.3989848 ], [ -0.5289353, 48.3986624 ], [ -0.5292315, 48.3987841 ], [ -0.5300855, 48.3988749 ], [ -0.5308424, 48.3991297 ], [ -0.532316, 48.3991227 ], [ -0.5330416, 48.3993748 ], [ -0.5337249, 48.3994805 ], [ -0.5356433, 48.3992891 ], [ -0.5385634, 48.3997162 ], [ -0.5393957, 48.3994626 ], [ -0.5401082, 48.3993999 ], [ -0.5418232, 48.4000844 ], [ -0.5426964, 48.4006194 ], [ -0.543017, 48.4007007 ], [ -0.5431563, 48.4008614 ], [ -0.5434631, 48.4018608 ], [ -0.5450567, 48.4018672 ], [ -0.5452934, 48.402368 ], [ -0.5457216, 48.4024399 ], [ -0.5461394, 48.4027795 ], [ -0.5469443, 48.4032435 ], [ -0.5469707, 48.4034337 ], [ -0.5471396, 48.4034709 ], [ -0.5472666, 48.4037697 ], [ -0.5469325, 48.4038698 ], [ -0.5472302, 48.4046732 ], [ -0.5476988, 48.4046627 ], [ -0.548297, 48.4048475 ], [ -0.5483613, 48.4051193 ], [ -0.5481719, 48.4057797 ], [ -0.5481985, 48.4061328 ], [ -0.5487933, 48.4065896 ], [ -0.549261, 48.4067044 ], [ -0.5495282, 48.4068765 ], [ -0.5495994, 48.4077299 ], [ -0.5499864, 48.4086522 ], [ -0.5505029, 48.40887 ], [ -0.5515608, 48.4088122 ], [ -0.5521488, 48.4088657 ], [ -0.5537396, 48.4094268 ], [ -0.555867, 48.4100015 ], [ -0.556495, 48.4102861 ], [ -0.5575169, 48.4105157 ], [ -0.558499, 48.4108357 ], [ -0.5591387, 48.4112136 ], [ -0.5599765, 48.4120386 ], [ -0.5606109, 48.4124572 ], [ -0.5614622, 48.4128234 ], [ -0.5621964, 48.4086479 ], [ -0.562644, 48.4081868 ], [ -0.5632834, 48.406087299999989 ] ] ] ] } },
{ "type": "Feature", "properties": { "code_departement": 53.0, "code_rne": "0530804L", "multisecteur": 0.0 }, "geometry": { "type": "MultiPolygon", "coordinates": [ [ [ [ -1.0029481, 48.4890934 ], [ -1.0031304, 48.4891566 ], [ -1.0034622, 48.4891175 ], [ -1.0041851, 48.4892859 ], [ -1.0041843, 48.4895958 ], [ -1.0044562, 48.4896776 ], [ -1.004554, 48.489876 ], [ -1.0049798, 48.4899689 ], [ -1.0049664, 48.4902368 ], [ -1.0050541, 48.4902672 ], [ -1.0060282, 48.4905307 ], [ -1.0065303, 48.4902552 ], [ -1.007502, 48.4904341 ], [ -1.0076359, 48.4907674 ], [ -1.0078595, 48.4909093 ], [ -1.0079712, 48.4912181 ], [ -1.0082542, 48.4914103 ], [ -1.0082697, 48.4916314 ], [ -1.0090578, 48.492102 ], [ -1.0093694, 48.4925085 ], [ -1.00999, 48.4924362 ], [ -1.0101149, 48.4925455 ], [ -1.0104818, 48.4926475 ], [ -1.0106623, 48.492527 ], [ -1.0108567, 48.4925168 ], [ -1.0109538, 48.4927414 ], [ -1.0112566, 48.4927843 ], [ -1.0116802, 48.4926709 ], [ -1.0117961, 48.4928039 ], [ -1.0117205, 48.4930209 ], [ -1.0119225, 48.4931456 ], [ -1.0126135, 48.4934095 ], [ -1.0130858, 48.4934539 ], [ -1.0131689, 48.4935475 ], [ -1.0133478, 48.4935297 ], [ -1.0135488, 48.493359 ], [ -1.0139182, 48.4935465 ], [ -1.0146544, 48.4934612 ], [ -1.0155821, 48.4929939 ], [ -1.0157556, 48.4927989 ], [ -1.0160887, 48.4927074 ], [ -1.0165618, 48.4923734 ], [ -1.0167881, 48.4924081 ], [ -1.0168982, 48.4920945 ], [ -1.0171843, 48.4921137 ], [ -1.0172863, 48.4922778 ], [ -1.0176304, 48.4924535 ], [ -1.0177046, 48.4926789 ], [ -1.0180134, 48.4927999 ], [ -1.0180964, 48.4930169 ], [ -1.0179097, 48.4934096 ], [ -1.0174489, 48.4934279 ], [ -1.017224, 48.4936409 ], [ -1.0175454, 48.4940147 ], [ -1.017433, 48.4942103 ], [ -1.0175804, 48.4943837 ], [ -1.0174381, 48.4948425 ], [ -1.0178427, 48.4948883 ], [ -1.0179743, 48.4951378 ], [ -1.0179247, 48.4952683 ], [ -1.0181536, 48.4954966 ], [ -1.0185189, 48.495577 ], [ -1.018704, 48.4954284 ], [ -1.0191463, 48.4953287 ], [ -1.0197555, 48.4954432 ], [ -1.020103, 48.4952909 ], [ -1.0208503, 48.4954224 ], [ -1.0209436, 48.4955966 ], [ -1.0214341, 48.4957719 ], [ -1.0212794, 48.4961573 ], [ -1.021415, 48.4963887 ], [ -1.0216813, 48.4964859 ], [ -1.0217853, 48.496639099999989 ], [ -1.0215584, 48.4971098 ], [ -1.0216058, 48.497232499999988 ], [ -1.021093, 48.497403 ], [ -1.0207369, 48.4973367 ], [ -1.0203542, 48.4975073 ], [ -1.0204786, 48.4976625 ], [ -1.0208499, 48.4976797 ], [ -1.020991, 48.4975569 ], [ -1.0211539, 48.4976487 ], [ -1.0210841, 48.4980465 ], [ -1.0215446, 48.498077699999989 ], [ -1.022132, 48.4985983 ], [ -1.0227755, 48.4986116 ], [ -1.0233946, 48.4989608 ], [ -1.0238091, 48.4989224 ], [ -1.02399, 48.4986659 ], [ -1.024236, 48.4985864 ], [ -1.0246983, 48.4985707 ], [ -1.0256089, 48.4981624 ], [ -1.0260047, 48.4981625 ], [ -1.0263414, 48.4982763 ], [ -1.0263183, 48.498505 ], [ -1.0264976, 48.4986691 ], [ -1.0266141, 48.4989679 ], [ -1.0268811, 48.4991444 ], [ -1.0268482, 48.4992986 ], [ -1.0265817, 48.4994103 ], [ -1.0265968, 48.5000304 ], [ -1.0287199, 48.4999683 ], [ -1.0287878, 48.5002696 ], [ -1.0290149, 48.5005618 ], [ -1.030102, 48.5009501 ], [ -1.0303289, 48.5011865 ], [ -1.0307475, 48.5013948 ], [ -1.031185, 48.501497 ], [ -1.031551, 48.5016917 ], [ -1.032004, 48.5016601 ], [ -1.0321862, 48.501844 ], [ -1.0325385, 48.5018068 ], [ -1.032676, 48.5017094 ], [ -1.0329667, 48.5017698 ], [ -1.0331427, 48.501644 ], [ -1.0335581, 48.5016524 ], [ -1.0338493, 48.501738 ], [ -1.0340024, 48.501649 ], [ -1.0341423, 48.5017929 ], [ -1.0344017, 48.5018003 ], [ -1.0348214, 48.5015473 ], [ -1.035141, 48.5016671 ], [ -1.0354251, 48.5015367 ], [ -1.0358193, 48.5016917 ], [ -1.0358475, 48.5018998 ], [ -1.0360578, 48.5020962 ], [ -1.0362293, 48.5025272 ], [ -1.0362202, 48.502832 ], [ -1.0369852, 48.5031032 ], [ -1.037058, 48.5031683 ], [ -1.0369771, 48.5036142 ], [ -1.0370702, 48.5038192 ], [ -1.037397, 48.5037864 ], [ -1.0375298, 48.5038909 ], [ -1.0374734, 48.5043207 ], [ -1.0377589, 48.504788399999988 ], [ -1.0377038, 48.5049182 ], [ -1.0380733, 48.5050695 ], [ -1.0381589, 48.5054765 ], [ -1.0380682, 48.5056894 ], [ -1.0385185, 48.5057804 ], [ -1.0384658, 48.5059768 ], [ -1.0386459, 48.5059923 ], [ -1.0388941, 48.5058001 ], [ -1.0390283, 48.5058703 ], [ -1.0390308, 48.5060792 ], [ -1.0394084, 48.5062474 ], [ -1.0397502, 48.506179 ], [ -1.0398935, 48.5060156 ], [ -1.0402807, 48.5059925 ], [ -1.0404914, 48.5061222 ], [ -1.0404836, 48.5063387 ], [ -1.0406187, 48.5063674 ], [ -1.0411462, 48.506335 ], [ -1.0414105, 48.5061936 ], [ -1.0417552, 48.5062341 ], [ -1.0418415, 48.5059637 ], [ -1.0422274, 48.5058524 ], [ -1.0433648, 48.5059244 ], [ -1.0436206, 48.5060778 ], [ -1.0440197, 48.506103 ], [ -1.0441486, 48.5062094 ], [ -1.0443913, 48.5058417 ], [ -1.0447145, 48.5058487 ], [ -1.0449829, 48.5060242 ], [ -1.0449272, 48.5061459 ], [ -1.0450549, 48.5062542 ], [ -1.0453841, 48.5062349 ], [ -1.0457217, 48.5064287 ], [ -1.0459837, 48.5068549 ], [ -1.046381, 48.5068738 ], [ -1.0468545, 48.5070378 ], [ -1.0469009, 48.5072173 ], [ -1.0472273, 48.5073007 ], [ -1.0472176, 48.5075965 ], [ -1.0475161, 48.5076881 ], [ -1.0477076, 48.5074474 ], [ -1.0478207, 48.5074895 ], [ -1.0480523, 48.5079256 ], [ -1.0480021, 48.508312 ], [ -1.047861, 48.5084681 ], [ -1.0479969, 48.5087706 ], [ -1.0480775, 48.5088319 ], [ -1.0484493, 48.508748 ], [ -1.0484847, 48.5090666 ], [ -1.0483622, 48.5091996 ], [ -1.0486822, 48.5095517 ], [ -1.0484888, 48.509769 ], [ -1.0489866, 48.5099124 ], [ -1.0491284, 48.5102391 ], [ -1.0493795, 48.5101557 ], [ -1.0498232, 48.5101424 ], [ -1.0500333, 48.5098443 ], [ -1.0501973, 48.5097729 ], [ -1.050428, 48.5097597 ], [ -1.0506897, 48.509847099999988 ], [ -1.050799, 48.5095777 ], [ -1.0513333, 48.5095982 ], [ -1.0522547, 48.5091181 ], [ -1.0529001, 48.5092249 ], [ -1.0536503, 48.5095128 ], [ -1.0543198, 48.5098781 ], [ -1.0544168, 48.5101505 ], [ -1.0548605, 48.5105758 ], [ -1.0550325, 48.5111167 ], [ -1.055328, 48.5112219 ], [ -1.0551108, 48.5114986 ], [ -1.0553335, 48.5118009 ], [ -1.0551868, 48.5120951 ], [ -1.0555859, 48.5123481 ], [ -1.0555134, 48.5128117 ], [ -1.0558181, 48.5129301 ], [ -1.0560523, 48.5132941 ], [ -1.0565642, 48.513303699999987 ], [ -1.0565369, 48.5135118 ], [ -1.0566236, 48.513598 ], [ -1.0567799, 48.5136215 ], [ -1.0570537, 48.5134806 ], [ -1.0572668, 48.5135004 ], [ -1.0572896, 48.5136023 ], [ -1.0571057, 48.5138013 ], [ -1.0575379, 48.5139379 ], [ -1.0577806, 48.5141656 ], [ -1.0584689, 48.5143529 ], [ -1.0589262, 48.514376 ], [ -1.0596263, 48.5141728 ], [ -1.0606814, 48.5147006 ], [ -1.0607726, 48.5148452 ], [ -1.0606241, 48.5149935 ], [ -1.0601742, 48.514944 ], [ -1.0599973, 48.5150942 ], [ -1.0600476, 48.5154104 ], [ -1.0601714, 48.5154503 ], [ -1.0612094, 48.5155842 ], [ -1.0609765, 48.5152373 ], [ -1.061031, 48.5150489 ], [ -1.0612146, 48.5148463 ], [ -1.0620583, 48.5146409 ], [ -1.0624313, 48.5143984 ], [ -1.0625419, 48.5141983 ], [ -1.0624619, 48.513602899999988 ], [ -1.0625807, 48.5135096 ], [ -1.0630334, 48.5134554 ], [ -1.0631546, 48.5133567 ], [ -1.0631964, 48.5128652 ], [ -1.0629352, 48.5126256 ], [ -1.0629302, 48.5120718 ], [ -1.0625865, 48.5116782 ], [ -1.0623303, 48.5117653 ], [ -1.0621507, 48.5116877 ], [ -1.061669, 48.5110862 ], [ -1.0616289, 48.5109372 ], [ -1.0619297, 48.510445 ], [ -1.0628807, 48.5104007 ], [ -1.0636173, 48.5102845 ], [ -1.0637778, 48.5102214 ], [ -1.0638879, 48.5100501 ], [ -1.0641064, 48.5100183 ], [ -1.064523, 48.5101103 ], [ -1.0649611, 48.5103583 ], [ -1.0658488, 48.5104604 ], [ -1.0661543, 48.5105535 ], [ -1.0662213, 48.5106485 ], [ -1.0665393, 48.5106925 ], [ -1.0672004, 48.5104591 ], [ -1.067623, 48.5104365 ], [ -1.0679179, 48.5104994 ], [ -1.0682997, 48.5102998 ], [ -1.0686882, 48.5102577 ], [ -1.0692123, 48.5099191 ], [ -1.0700798, 48.5088174 ], [ -1.0701046, 48.508595 ], [ -1.0699538, 48.5083812 ], [ -1.0694169, 48.5080483 ], [ -1.0692599, 48.5077024 ], [ -1.0687621, 48.5073492 ], [ -1.0685884, 48.5069102 ], [ -1.067913, 48.5061902 ], [ -1.0672839, 48.5057695 ], [ -1.0670659, 48.505371599999989 ], [ -1.0669503, 48.5047027 ], [ -1.0671403, 48.5045124 ], [ -1.067707, 48.5043921 ], [ -1.0677551, 48.504120199999988 ], [ -1.0678634, 48.5040489 ], [ -1.0686237, 48.5040121 ], [ -1.0691262, 48.5033949 ], [ -1.0698954, 48.5031064 ], [ -1.070338, 48.5027147 ], [ -1.0721907, 48.5021522 ], [ -1.0733255, 48.5019466 ], [ -1.0737958, 48.5021025 ], [ -1.0743168, 48.5021621 ], [ -1.0745908, 48.5022689 ], [ -1.0747741, 48.5024473 ], [ -1.0754465, 48.5024998 ], [ -1.076526, 48.5024718 ], [ -1.0770206, 48.502244 ], [ -1.0770332, 48.5020742 ], [ -1.0767253, 48.5014615 ], [ -1.0765145, 48.501366 ], [ -1.0759787, 48.5013781 ], [ -1.0754859, 48.5010023 ], [ -1.0753911, 48.500829 ], [ -1.0754169, 48.5006723 ], [ -1.0757862, 48.5002966 ], [ -1.0759169, 48.4999381 ], [ -1.0758887, 48.4996625 ], [ -1.0754764, 48.4991884 ], [ -1.0754323, 48.4989692 ], [ -1.0758351, 48.4986762 ], [ -1.0762523, 48.4973998 ], [ -1.0761854, 48.4972724 ], [ -1.0758192, 48.497094 ], [ -1.075824, 48.496738 ], [ -1.0754407, 48.4959918 ], [ -1.0758581, 48.4954325 ], [ -1.075652, 48.4945775 ], [ -1.0760698, 48.494024499999988 ], [ -1.076178, 48.4935154 ], [ -1.0772822, 48.4929361 ], [ -1.0773014, 48.4926085 ], [ -1.0777747, 48.4922986 ], [ -1.0781851, 48.4918079 ], [ -1.0785838, 48.4902944 ], [ -1.0785329, 48.4894665 ], [ -1.0781827, 48.4888147 ], [ -1.0777402, 48.4883696 ], [ -1.0769358, 48.487818 ], [ -1.0763926, 48.4875763 ], [ -1.0754861, 48.4875426 ], [ -1.0744388, 48.4876677 ], [ -1.0737964, 48.487824 ], [ -1.0728109, 48.487557 ], [ -1.0723086, 48.4871968 ], [ -1.0715129, 48.4868619 ], [ -1.0708276, 48.4871115 ], [ -1.0705571, 48.4871352 ], [ -1.0702683, 48.4869578 ], [ -1.0699265, 48.4865182 ], [ -1.0699653, 48.4856035 ], [ -1.0702811, 48.48529 ], [ -1.0710982, 48.4851854 ], [ -1.0715943, 48.4847333 ], [ -1.0722562, 48.4843755 ], [ -1.0732728, 48.484274799999987 ], [ -1.0746386, 48.483891 ], [ -1.0764052, 48.483625 ], [ -1.0769296, 48.483416 ], [ -1.0780019, 48.4826378 ], [ -1.0781931, 48.4826402 ], [ -1.0784238, 48.4828187 ], [ -1.0785816, 48.4828088 ], [ -1.0788076, 48.482630799999988 ], [ -1.0788476, 48.4820655 ], [ -1.0789812, 48.4818321 ], [ -1.0788563, 48.4815671 ], [ -1.0785389, 48.4813366 ], [ -1.0780408, 48.4812033 ], [ -1.077334, 48.4812969 ], [ -1.0769867, 48.4814133 ], [ -1.0767539, 48.4816087 ], [ -1.0765077, 48.4816307 ], [ -1.0759835, 48.4818423 ], [ -1.0750754, 48.481996 ], [ -1.0747574, 48.4822105 ], [ -1.0743198, 48.4823688 ], [ -1.0739382, 48.4823927 ], [ -1.0730647, 48.4822056 ], [ -1.0729195, 48.482116 ], [ -1.0728874, 48.4819297 ], [ -1.0731745, 48.4816307 ], [ -1.0733038, 48.4811678 ], [ -1.0736865, 48.480879 ], [ -1.0741318, 48.4806799 ], [ -1.0744228, 48.480397 ], [ -1.0747658, 48.4803132 ], [ -1.0750624, 48.4800841 ], [ -1.0751698, 48.4798273 ], [ -1.0750845, 48.479305 ], [ -1.075237, 48.4790016 ], [ -1.0750949, 48.478375 ], [ -1.0752841, 48.4781253 ], [ -1.0752247, 48.4777094 ], [ -1.0753646, 48.477383 ], [ -1.0752694, 48.4770467 ], [ -1.0748701, 48.4764055 ], [ -1.0748608, 48.476077 ], [ -1.0739609, 48.4762475 ], [ -1.0738871, 48.4760996 ], [ -1.074213, 48.4756552 ], [ -1.074244, 48.4752523 ], [ -1.0740046, 48.4739147 ], [ -1.0732412, 48.4734167 ], [ -1.0724591, 48.4734291 ], [ -1.071876, 48.4733167 ], [ -1.0717377, 48.4734377 ], [ -1.0716051, 48.4734404 ], [ -1.0711679, 48.4732699 ], [ -1.0711216, 48.4731273 ], [ -1.070663, 48.472962 ], [ -1.0705322, 48.4724287 ], [ -1.0713934, 48.4724235 ], [ -1.0715888, 48.4722528 ], [ -1.0719247, 48.4723566 ], [ -1.0720726, 48.47222 ], [ -1.0719245, 48.4720404 ], [ -1.0721628, 48.4718809 ], [ -1.0720567, 48.4714918 ], [ -1.0721132, 48.470998 ], [ -1.0720035, 48.4705964 ], [ -1.071779, 48.470287 ], [ -1.0717328, 48.4697968 ], [ -1.0713867, 48.4694735 ], [ -1.0710511, 48.4693914 ], [ -1.0707237, 48.4696233 ], [ -1.0702499, 48.4698026 ], [ -1.069889, 48.46976 ], [ -1.0696889, 48.4698354 ], [ -1.0692375, 48.4702499 ], [ -1.0680567, 48.4707273 ], [ -1.0675544, 48.4706797 ], [ -1.0666352, 48.4704076 ], [ -1.0660477, 48.4701332 ], [ -1.0656905, 48.4697022 ], [ -1.0656924, 48.4695688 ], [ -1.0659454, 48.4693899 ], [ -1.0662229, 48.4688462 ], [ -1.0656678, 48.4680806 ], [ -1.0654856, 48.4679842 ], [ -1.0647269, 48.4681048 ], [ -1.0645081, 48.468078 ], [ -1.0639112, 48.4672797 ], [ -1.0641143, 48.4669817 ], [ -1.0642114, 48.4665388 ], [ -1.0645774, 48.4663677 ], [ -1.0647339, 48.4661146 ], [ -1.0644726, 48.465766 ], [ -1.0645883, 48.4655116 ], [ -1.064317, 48.4652795 ], [ -1.0643492, 48.4651009 ], [ -1.0647081, 48.4648031 ], [ -1.0648067, 48.464606 ], [ -1.0657204, 48.4640225 ], [ -1.0660664, 48.4633828 ], [ -1.0661369, 48.4629642 ], [ -1.0665015, 48.4626184 ], [ -1.0667482, 48.4620622 ], [ -1.0668492, 48.461984 ], [ -1.0672041, 48.4620376 ], [ -1.0673503, 48.4619137 ], [ -1.0674565, 48.461502 ], [ -1.0674242, 48.4612067 ], [ -1.0670465, 48.4609296 ], [ -1.0671379, 48.4599419 ], [ -1.0670622, 48.4597175 ], [ -1.0664195, 48.4587297 ], [ -1.0656694, 48.4579456 ], [ -1.065617, 48.4572159 ], [ -1.0651681, 48.4568232 ], [ -1.0651678, 48.456435 ], [ -1.0654123, 48.4559897 ], [ -1.0656424, 48.4558494 ], [ -1.0655478, 48.4553788 ], [ -1.0658923, 48.4547742 ], [ -1.0658643, 48.4545878 ], [ -1.0656293, 48.4543338 ], [ -1.0661074, 48.4539318 ], [ -1.0661317, 48.4537211 ], [ -1.0659909, 48.4534953 ], [ -1.0663501, 48.4527308 ], [ -1.0662125, 48.4522653 ], [ -1.0658228, 48.4521823 ], [ -1.0652292, 48.4514234 ], [ -1.0662038, 48.4510171 ], [ -1.0665423, 48.450964 ], [ -1.0673323, 48.4505343 ], [ -1.0674987, 48.4503051 ], [ -1.0674663, 48.4497991 ], [ -1.0676464, 48.4493794 ], [ -1.0679222, 48.4490943 ], [ -1.0683898, 48.4488378 ], [ -1.0688811, 48.4485912 ], [ -1.071372, 48.4478499 ], [ -1.0718151, 48.4478879 ], [ -1.0719982, 48.4478221 ], [ -1.0722021, 48.4472395 ], [ -1.0731046, 48.4462536 ], [ -1.0758077, 48.4450905 ], [ -1.0770674, 48.4441905 ], [ -1.0781408, 48.4435942 ], [ -1.0787558, 48.4435109 ], [ -1.0795737, 48.4435639 ], [ -1.0799709, 48.4427511 ], [ -1.0800011, 48.4423907 ], [ -1.0812102, 48.4411374 ], [ -1.0809243, 48.4402996 ], [ -1.0809748, 48.4400429 ], [ -1.0812596, 48.4398583 ], [ -1.08115, 48.4396153 ], [ -1.0809564, 48.4395283 ], [ -1.0808453, 48.4388817 ], [ -1.0811097, 48.438487 ], [ -1.081798, 48.4384597 ], [ -1.0822594, 48.4379853 ], [ -1.0821141, 48.4378579 ], [ -1.0821477, 48.4377162 ], [ -1.0817037, 48.4372991 ], [ -1.0819364, 48.4366353 ], [ -1.0817183, 48.4364941 ], [ -1.0819796, 48.4361113 ], [ -1.0821885, 48.4359951 ], [ -1.0821683, 48.435734599999989 ], [ -1.0824087, 48.4354146 ], [ -1.0826686, 48.435275 ], [ -1.0823984, 48.4351942 ], [ -1.0824764, 48.4350141 ], [ -1.0826591, 48.4348736 ], [ -1.0829373, 48.4348478 ], [ -1.083264, 48.4344537 ], [ -1.0830289, 48.4342843 ], [ -1.0834408, 48.4339584 ], [ -1.0835944, 48.4336712 ], [ -1.0834609, 48.4333821 ], [ -1.0833264, 48.4333065 ], [ -1.0831092, 48.4336636 ], [ -1.0829958, 48.4336684 ], [ -1.0828383, 48.4335396 ], [ -1.0829795, 48.4334239 ], [ -1.0826955, 48.4334265 ], [ -1.0824651, 48.4332497 ], [ -1.0824141, 48.4331164 ], [ -1.0826172, 48.4330643 ], [ -1.0826239, 48.4329245 ], [ -1.082311, 48.4327298 ], [ -1.0819992, 48.4327415 ], [ -1.0818453, 48.4325729 ], [ -1.0821999, 48.4324328 ], [ -1.0820577, 48.432153 ], [ -1.082339, 48.4319938 ], [ -1.0819746, 48.4317469 ], [ -1.0821554, 48.4316866 ], [ -1.0821864, 48.4314937 ], [ -1.0819413, 48.431458 ], [ -1.0825804, 48.4305198 ], [ -1.0823425, 48.430419 ], [ -1.0824848, 48.4302826 ], [ -1.0828723, 48.4304089 ], [ -1.0829582, 48.4303645 ], [ -1.0828933, 48.4301568 ], [ -1.0825274, 48.4301343 ], [ -1.082586, 48.4300341 ], [ -1.0823563, 48.4297438 ], [ -1.0820495, 48.4297156 ], [ -1.0814661, 48.4292105 ], [ -1.0808929, 48.4290285 ], [ -1.080795, 48.4288832 ], [ -1.0805782, 48.4290546 ], [ -1.0803264, 48.428984 ], [ -1.0803033, 48.428774 ], [ -1.0805471, 48.4287593 ], [ -1.0803997, 48.428604 ], [ -1.0806231, 48.4285693 ], [ -1.0804238, 48.4283392 ], [ -1.080297, 48.4283274 ], [ -1.0802991, 48.4285111 ], [ -1.0800464, 48.4284639 ], [ -1.0800631, 48.4282616 ], [ -1.0803689, 48.4281556 ], [ -1.0803849, 48.4279956 ], [ -1.0802571, 48.4278666 ], [ -1.0800241, 48.4278116 ], [ -1.0801342, 48.4274871 ], [ -1.0799413, 48.427582 ], [ -1.0796077, 48.4275223 ], [ -1.0798176, 48.4274016 ], [ -1.0795295, 48.4273341 ], [ -1.0797425, 48.4271493 ], [ -1.0796066, 48.4271242 ], [ -1.0796909, 48.4268502 ], [ -1.0793541, 48.426714 ], [ -1.0795223, 48.4265443 ], [ -1.0794787, 48.426489 ], [ -1.0791972, 48.426541 ], [ -1.0790479, 48.4263966 ], [ -1.0794582, 48.4263122 ], [ -1.0792906, 48.4261234 ], [ -1.0793344, 48.4259733 ], [ -1.0791263, 48.4256634 ], [ -1.0790445, 48.4256391 ], [ -1.0788303, 48.4257906 ], [ -1.0786754, 48.4255573 ], [ -1.0784234, 48.4256236 ], [ -1.0783699, 48.4255101 ], [ -1.0784856, 48.4253431 ], [ -1.0782237, 48.4252647 ], [ -1.078666, 48.425018 ], [ -1.0786405, 48.4249675 ], [ -1.0784723, 48.4249976 ], [ -1.0783185, 48.4248822 ], [ -1.0784078, 48.4246377 ], [ -1.0781964, 48.4245306 ], [ -1.0782349, 48.4242067 ], [ -1.0786542, 48.4240815 ], [ -1.0786794, 48.4240221 ], [ -1.0785308, 48.423974 ], [ -1.0787685, 48.4237578 ], [ -1.078683, 48.4236679 ], [ -1.0784135, 48.4238231 ], [ -1.0783149, 48.4237554 ], [ -1.078416, 48.4236987 ], [ -1.0783415, 48.4234887 ], [ -1.0785552, 48.423433599999989 ], [ -1.0784251, 48.4231705 ], [ -1.0786268, 48.4231537 ], [ -1.0786656, 48.4229037 ], [ -1.078405, 48.4228946 ], [ -1.0780815, 48.4225635 ], [ -1.0783083, 48.4225557 ], [ -1.0785412, 48.422417 ], [ -1.0782639, 48.4223851 ], [ -1.0783322, 48.4221837 ], [ -1.0780672, 48.4221523 ], [ -1.0781606, 48.421995 ], [ -1.0783622, 48.4219079 ], [ -1.0781046, 48.4215357 ], [ -1.0778642, 48.4214899 ], [ -1.0777561, 48.4215792 ], [ -1.0775187, 48.4215369 ], [ -1.0774708, 48.421426 ], [ -1.077459, 48.420839 ], [ -1.0776208, 48.4207434 ], [ -1.0775777, 48.4205719 ], [ -1.0777496, 48.4204849 ], [ -1.0780167, 48.420491 ], [ -1.0779907, 48.4202964 ], [ -1.0782418, 48.4203752 ], [ -1.0783962, 48.4203419 ], [ -1.078231, 48.4199738 ], [ -1.0783076, 48.4198973 ], [ -1.0784657, 48.4199819 ], [ -1.0785725, 48.4199107 ], [ -1.0785178, 48.4194333 ], [ -1.0786495, 48.4192117 ], [ -1.0785137, 48.4191362 ], [ -1.0785029, 48.4188222 ], [ -1.0786452, 48.4183551 ], [ -1.0791066, 48.4182492 ], [ -1.0790292, 48.4180023 ], [ -1.0795612, 48.4179858 ], [ -1.0796485, 48.4178729 ], [ -1.0795876, 48.4177515 ], [ -1.0797729, 48.4177677 ], [ -1.080319, 48.4174984 ], [ -1.0802619, 48.4174428 ], [ -1.0799312, 48.4175226 ], [ -1.0798682, 48.4174257 ], [ -1.0796923, 48.417409199999987 ], [ -1.0797929, 48.4172409 ], [ -1.0799694, 48.4173348 ], [ -1.0803567, 48.4171999 ], [ -1.0802136, 48.4170291 ], [ -1.0804609, 48.4169386 ], [ -1.0802071, 48.4167195 ], [ -1.0803876, 48.4164826 ], [ -1.0801087, 48.4166373 ], [ -1.079962, 48.4166126 ], [ -1.0801727, 48.4165558 ], [ -1.0801782, 48.4163826 ], [ -1.0803699, 48.4163418 ], [ -1.0801343, 48.4162355 ], [ -1.0801648, 48.416175 ], [ -1.080356, 48.416163 ], [ -1.0803454, 48.4159571 ], [ -1.0800887, 48.4159623 ], [ -1.0800982, 48.4159106 ], [ -1.080155, 48.4157357 ], [ -1.0805198, 48.4156754 ], [ -1.080483, 48.4153938 ], [ -1.0806842, 48.415301299999989 ], [ -1.0804087, 48.415064 ], [ -1.0806659, 48.4149956 ], [ -1.0805958, 48.4148954 ], [ -1.0806718, 48.4148099 ], [ -1.0805255, 48.4146518 ], [ -1.0805024, 48.4147553 ], [ -1.080278, 48.4148108 ], [ -1.0803058, 48.4145063 ], [ -1.0800871, 48.4144435 ], [ -1.0800512, 48.4141727 ], [ -1.0803053, 48.4141514 ], [ -1.0803525, 48.414080399999989 ], [ -1.0800363, 48.413703 ], [ -1.0798834, 48.4136857 ], [ -1.0797426, 48.4137716 ], [ -1.079687, 48.4137177 ], [ -1.0797764, 48.413666 ], [ -1.0796473, 48.4136425 ], [ -1.0794297, 48.4138194 ], [ -1.0793222, 48.4136897 ], [ -1.0791214, 48.4136831 ], [ -1.0791736, 48.4135534 ], [ -1.0789215, 48.4135315 ], [ -1.0789092, 48.4132679 ], [ -1.0787971, 48.4132358 ], [ -1.0784179, 48.4134065 ], [ -1.0783781, 48.4131556 ], [ -1.0779597, 48.4129601 ], [ -1.0778527, 48.4127494 ], [ -1.0776194, 48.4125862 ], [ -1.0776204, 48.4124763 ], [ -1.0774648, 48.412512299999989 ], [ -1.0773779, 48.4124036 ], [ -1.0775727, 48.4122978 ], [ -1.0771354, 48.4122254 ], [ -1.0771069, 48.4119634 ], [ -1.0769624, 48.4120188 ], [ -1.0767329, 48.4119735 ], [ -1.0769453, 48.4119203 ], [ -1.0770214, 48.4118032 ], [ -1.0766923, 48.4118695 ], [ -1.0764272, 48.4116093 ], [ -1.0766575, 48.4116302 ], [ -1.0765409, 48.4114702 ], [ -1.0767979, 48.4113983 ], [ -1.0764775, 48.411385 ], [ -1.0766985, 48.4111117 ], [ -1.0765129, 48.4110748 ], [ -1.0762313, 48.411316899999989 ], [ -1.0761565, 48.4112943 ], [ -1.0762732, 48.4111587 ], [ -1.0760948, 48.4111442 ], [ -1.0759982, 48.4109628 ], [ -1.0758342, 48.4110117 ], [ -1.0757909, 48.4107681 ], [ -1.0756185, 48.4106209 ], [ -1.075686, 48.4105321 ], [ -1.0758366, 48.4105378 ], [ -1.0756986, 48.410311 ], [ -1.0755213, 48.4102928 ], [ -1.0756095, 48.410069 ], [ -1.0753266, 48.4100679 ], [ -1.0752625, 48.4100098 ], [ -1.0754105, 48.4098759 ], [ -1.0752426, 48.4097348 ], [ -1.0753527, 48.4096545 ], [ -1.0751178, 48.4096445 ], [ -1.0752081, 48.4095522 ], [ -1.0751358, 48.4094925 ], [ -1.0748395, 48.4094748 ], [ -1.0744693, 48.4090632 ], [ -1.074494, 48.4089813 ], [ -1.0746301, 48.408973 ], [ -1.0744868, 48.408905 ], [ -1.0744666, 48.408749799999988 ], [ -1.0745803, 48.4086459 ], [ -1.0743336, 48.4085706 ], [ -1.0742897, 48.4087199 ], [ -1.0741777, 48.408758 ], [ -1.0741897, 48.4085639 ], [ -1.073869, 48.4085641 ], [ -1.0737369, 48.4084659 ], [ -1.0737132, 48.4086478 ], [ -1.0734361, 48.4084781 ], [ -1.0732254, 48.4086745 ], [ -1.0731221, 48.4086339 ], [ -1.0732248, 48.4085277 ], [ -1.0731048, 48.4084976 ], [ -1.0731386, 48.4083748 ], [ -1.07303, 48.4084398 ], [ -1.072951, 48.4083461 ], [ -1.0726483, 48.4084556 ], [ -1.0724606, 48.408408 ], [ -1.0725716, 48.4083213 ], [ -1.072756, 48.4083447 ], [ -1.0728603, 48.4082411 ], [ -1.0727787, 48.4081656 ], [ -1.0723587, 48.4082286 ], [ -1.0722835, 48.4080267 ], [ -1.0720953, 48.4080945 ], [ -1.0717244, 48.4079874 ], [ -1.0718386, 48.4077501 ], [ -1.0715021, 48.4078076 ], [ -1.0714703, 48.4079042 ], [ -1.0710037, 48.40775 ], [ -1.070814, 48.407816 ], [ -1.0709155, 48.4076071 ], [ -1.0708039, 48.4075983 ], [ -1.0706995, 48.4077704 ], [ -1.0706205, 48.4075713 ], [ -1.0703542, 48.4075219 ], [ -1.0702842, 48.4073342 ], [ -1.0701024, 48.4073639 ], [ -1.0701811, 48.4072441 ], [ -1.0699716, 48.4071945 ], [ -1.0698806, 48.4070328 ], [ -1.0702068, 48.4070342 ], [ -1.0702496, 48.4068877 ], [ -1.0699991, 48.4068332 ], [ -1.0698904, 48.4066523 ], [ -1.069967, 48.406593799999989 ], [ -1.0700622, 48.4067049 ], [ -1.0700967, 48.4066082 ], [ -1.0701967, 48.4066075 ], [ -1.0703845, 48.4066911 ], [ -1.0704224, 48.4064989 ], [ -1.0699479, 48.4065215 ], [ -1.0702011, 48.4064722 ], [ -1.0701076, 48.406347499999988 ], [ -1.0697971, 48.4063564 ], [ -1.0698183, 48.4062638 ], [ -1.0699832, 48.4062446 ], [ -1.0699472, 48.4061107 ], [ -1.0696858, 48.4059161 ], [ -1.0694833, 48.4059384 ], [ -1.0692727, 48.4058573 ], [ -1.0691155, 48.4056618 ], [ -1.0690053, 48.4057061 ], [ -1.0690185, 48.4055625 ], [ -1.0686934, 48.4055223 ], [ -1.0686536, 48.404957 ], [ -1.0681927, 48.4046827 ], [ -1.0682448, 48.4045702 ], [ -1.0680659, 48.4044087 ], [ -1.0679502, 48.4044172 ], [ -1.0679244, 48.4042938 ], [ -1.0682696, 48.4043135 ], [ -1.0682629, 48.4042272 ], [ -1.0682079, 48.4040408 ], [ -1.0679273, 48.4040514 ], [ -1.0680326, 48.4038559 ], [ -1.0679519, 48.4038442 ], [ -1.0679243, 48.4036812 ], [ -1.0680863, 48.4036765 ], [ -1.0679881, 48.4036313 ], [ -1.0680359, 48.4034441 ], [ -1.0678817, 48.403462 ], [ -1.0678171, 48.4033092 ], [ -1.067985, 48.4032242 ], [ -1.0679837, 48.4030855 ], [ -1.0676046, 48.4029769 ], [ -1.0677405, 48.4029317 ], [ -1.0675137, 48.4025882 ], [ -1.0675554, 48.4021489 ], [ -1.0672947, 48.401857 ], [ -1.0673522, 48.4017955 ], [ -1.0671724, 48.4016233 ], [ -1.0670748, 48.4016907 ], [ -1.0670043, 48.4015489 ], [ -1.0665884, 48.4014011 ], [ -1.0662737, 48.401390199999987 ], [ -1.0661656, 48.4012345 ], [ -1.0660019, 48.4012005 ], [ -1.0658229, 48.4007931 ], [ -1.065622, 48.4007316 ], [ -1.0649871, 48.4002372 ], [ -1.0650587, 48.3999554 ], [ -1.0648778, 48.3998211 ], [ -1.0648524, 48.3996499 ], [ -1.0644375, 48.3995506 ], [ -1.0643524, 48.3996743 ], [ -1.063977, 48.3995088 ], [ -1.0636501, 48.3994975 ], [ -1.0632183, 48.3990745 ], [ -1.0629847, 48.3985375 ], [ -1.0629352, 48.3981068 ], [ -1.0625499, 48.3973759 ], [ -1.0622577, 48.3970427 ], [ -1.0622956, 48.3965008 ], [ -1.0627273, 48.3957167 ], [ -1.0627338, 48.3953633 ], [ -1.0625861, 48.3949576 ], [ -1.0630066, 48.3944829 ], [ -1.0627712, 48.3940621 ], [ -1.0627978, 48.3939162 ], [ -1.062664, 48.3938658 ], [ -1.0625413, 48.3936601 ], [ -1.0623918, 48.3935644 ], [ -1.0622988, 48.3935865 ], [ -1.0623234, 48.3934487 ], [ -1.0621355, 48.3934164 ], [ -1.0622542, 48.3932186 ], [ -1.0621479, 48.3931736 ], [ -1.0622178, 48.3931154 ], [ -1.0621141, 48.3930685 ], [ -1.0621401, 48.3929505 ], [ -1.0616487, 48.3926124 ], [ -1.0614292, 48.3925208 ], [ -1.0612278, 48.3925575 ], [ -1.0604257, 48.3922598 ], [ -1.0602697, 48.3922714 ], [ -1.0603427, 48.3920617 ], [ -1.0600787, 48.3919005 ], [ -1.0602933, 48.3916319 ], [ -1.0596974, 48.3911668 ], [ -1.0594343, 48.3906326 ], [ -1.0585171, 48.3902289 ], [ -1.0582712, 48.3896544 ], [ -1.0581367, 48.3884375 ], [ -1.0572155, 48.3877529 ], [ -1.0567578, 48.3872199 ], [ -1.0565581, 48.3868241 ], [ -1.0564563, 48.3862051 ], [ -1.0556887, 48.385250299999988 ], [ -1.0542979, 48.3843313 ], [ -1.0541758, 48.3838887 ], [ -1.0535272, 48.3827569 ], [ -1.0530231, 48.3809724 ], [ -1.0503582, 48.380787 ], [ -1.0492322, 48.3808102 ], [ -1.0480961, 48.3792464 ], [ -1.0478283, 48.3790168 ], [ -1.0476546, 48.3793777 ], [ -1.0473596, 48.379586 ], [ -1.0470333, 48.3796332 ], [ -1.0465536, 48.379691 ], [ -1.0434925, 48.3795577 ], [ -1.0432261, 48.3801722 ], [ -1.0419716, 48.3799321 ], [ -1.0408461, 48.3799273 ], [ -1.0391848, 48.3796191 ], [ -1.0380185, 48.379576 ], [ -1.0361504, 48.3788632 ], [ -1.0347082, 48.3789961 ], [ -1.0340654, 48.3791486 ], [ -1.0332842, 48.3789779 ], [ -1.0321047, 48.3792028 ], [ -1.0304847, 48.3791147 ], [ -1.0298262, 48.3790092 ], [ -1.0295071, 48.3790624 ], [ -1.0293915, 48.378896 ], [ -1.0285581, 48.3784316 ], [ -1.0279963, 48.3776652 ], [ -1.0275787, 48.3776326 ], [ -1.0273811, 48.377542 ], [ -1.0254395, 48.3774395 ], [ -1.0237593, 48.377199399999988 ], [ -1.0233115, 48.3769317 ], [ -1.0231072, 48.3766837 ], [ -1.023169, 48.3765537 ], [ -1.0230515, 48.3764505 ], [ -1.0228436, 48.3764197 ], [ -1.0223673, 48.3757431 ], [ -1.021523, 48.3756835 ], [ -1.0212378, 48.3755085 ], [ -1.020533, 48.3752739 ], [ -1.0196796, 48.3752543 ], [ -1.0190949, 48.3753354 ], [ -1.0186514, 48.375282 ], [ -1.0180025, 48.3750184 ], [ -1.0173752, 48.375091 ], [ -1.0178095, 48.3747583 ], [ -1.0180838, 48.3742427 ], [ -1.0184231, 48.37387 ], [ -1.0180737, 48.3735791 ], [ -1.0176184, 48.3733721 ], [ -1.0151658, 48.3730373 ], [ -1.011632, 48.3720535 ], [ -1.0119374, 48.3710946 ], [ -1.0126074, 48.3703071 ], [ -1.0124839, 48.3701239 ], [ -1.0112764, 48.3694306 ], [ -1.0086175, 48.3695089 ], [ -1.0080513, 48.3694587 ], [ -1.0079969, 48.369757 ], [ -1.0058225, 48.3697873 ], [ -1.002901, 48.3703753 ], [ -1.0003493, 48.3705651 ], [ -0.999118, 48.3705526 ], [ -0.998346, 48.3707129 ], [ -0.997784, 48.3709139 ], [ -0.9950186, 48.3711919 ], [ -0.9925094, 48.3716575 ], [ -0.9918898, 48.3701038 ], [ -0.9910486, 48.3702961 ], [ -0.9899864, 48.3703202 ], [ -0.9895427, 48.3700676 ], [ -0.9891217, 48.3699538 ], [ -0.9889042, 48.369743199999988 ], [ -0.988463, 48.3697373 ], [ -0.987901, 48.3699022 ], [ -0.9877232, 48.3697514 ], [ -0.9874657, 48.3696898 ], [ -0.9870431, 48.3692518 ], [ -0.9828625, 48.3696763 ], [ -0.9819219, 48.3696629 ], [ -0.9817844, 48.3695612 ], [ -0.9818221, 48.3692555 ], [ -0.9822548, 48.3686139 ], [ -0.982111, 48.3684828 ], [ -0.9811449, 48.3681504 ], [ -0.98097, 48.3682878 ], [ -0.980604, 48.3682389 ], [ -0.9796126, 48.3683226 ], [ -0.9790505, 48.3686127 ], [ -0.9790723, 48.3683111 ], [ -0.9793825, 48.3678899 ], [ -0.9792427, 48.3672937 ], [ -0.9784885, 48.3658849 ], [ -0.9783904, 48.3653928 ], [ -0.9782446, 48.3652166 ], [ -0.9780438, 48.3641883 ], [ -0.9779034, 48.364102 ], [ -0.9767816, 48.3641397 ], [ -0.9758277, 48.3640754 ], [ -0.9749375, 48.3645674 ], [ -0.9723737, 48.3648435 ], [ -0.9688436, 48.3642656 ], [ -0.9673867, 48.3642342 ], [ -0.9627148, 48.3649699 ], [ -0.9610137, 48.3650719 ], [ -0.9583677, 48.365873799999989 ], [ -0.9561661, 48.3663131 ], [ -0.955682, 48.3658987 ], [ -0.9554888, 48.3654502 ], [ -0.9555979, 48.3653016 ], [ -0.95555, 48.3647906 ], [ -0.9551147, 48.3645925 ], [ -0.9542464, 48.3638865 ], [ -0.9524318, 48.3613275 ], [ -0.9522922, 48.3608547 ], [ -0.9513644, 48.360415499999988 ], [ -0.9506682, 48.3599117 ], [ -0.9506772, 48.3595817 ], [ -0.9504708, 48.3592625 ], [ -0.9495918, 48.3583586 ], [ -0.9496181, 48.3575749 ], [ -0.9492971, 48.3573676 ], [ -0.9492201, 48.3551182 ], [ -0.9485811, 48.3546188 ], [ -0.9482089, 48.3536944 ], [ -0.9478067, 48.3536474 ], [ -0.9473184, 48.3528503 ], [ -0.9472437, 48.3525393 ], [ -0.9465985, 48.3523338 ], [ -0.9462633, 48.3521171 ], [ -0.94603, 48.3523221 ], [ -0.9455631, 48.3524034 ], [ -0.9448388, 48.3526753 ], [ -0.9440262, 48.352779 ], [ -0.9434889, 48.3526969 ], [ -0.9431656, 48.3528734 ], [ -0.9428818, 48.3529099 ], [ -0.9427495, 48.3531818 ], [ -0.9425187, 48.353150799999987 ], [ -0.9421984, 48.3532227 ], [ -0.9419788, 48.353448 ], [ -0.9416649, 48.35339 ], [ -0.9411721, 48.3536487 ], [ -0.9411824, 48.3538402 ], [ -0.9415508, 48.3539415 ], [ -0.9415979, 48.3540651 ], [ -0.9414332, 48.3543012 ], [ -0.9412013, 48.3543999 ], [ -0.9410897, 48.3546415 ], [ -0.9415458, 48.35501 ], [ -0.9412913, 48.3552401 ], [ -0.941035, 48.3553009 ], [ -0.9408708, 48.3556342 ], [ -0.9410868, 48.355900899999988 ], [ -0.9415107, 48.3558588 ], [ -0.9412659, 48.3562165 ], [ -0.9416361, 48.3565393 ], [ -0.941205, 48.3566671 ], [ -0.9411569, 48.3567822 ], [ -0.9413599, 48.3568403 ], [ -0.9414567, 48.3570317 ], [ -0.9417984, 48.3571176 ], [ -0.9415135, 48.3573019 ], [ -0.9418347, 48.3575128 ], [ -0.942036, 48.357547499999988 ], [ -0.9421399, 48.357671 ], [ -0.9423118, 48.3576915 ], [ -0.9424831, 48.3575794 ], [ -0.9427807, 48.3575461 ], [ -0.9428052, 48.3576201 ], [ -0.9426068, 48.3577681 ], [ -0.9426019, 48.3579917 ], [ -0.9430214, 48.3579263 ], [ -0.9435919, 48.3580172 ], [ -0.9437589, 48.3582621 ], [ -0.9435853, 48.3583625 ], [ -0.9436976, 48.3587055 ], [ -0.9440268, 48.3588603 ], [ -0.9441467, 48.3591248 ], [ -0.9445353, 48.3590614 ], [ -0.9446071, 48.3591175 ], [ -0.9438073, 48.3595198 ], [ -0.9435961, 48.3601457 ], [ -0.9428578, 48.360718899999988 ], [ -0.9426515, 48.360996 ], [ -0.9424491, 48.3610019 ], [ -0.9423569, 48.3607815 ], [ -0.9418405, 48.3605825 ], [ -0.9415472, 48.3607634 ], [ -0.941455, 48.3609935 ], [ -0.9413537, 48.3609762 ], [ -0.9410031, 48.3613851 ], [ -0.9407181, 48.3615315 ], [ -0.9403924, 48.3615505 ], [ -0.9404169, 48.3625991 ], [ -0.9400466, 48.3632132 ], [ -0.93988, 48.3632809 ], [ -0.9397626, 48.363464 ], [ -0.9395781, 48.3634738 ], [ -0.9392016, 48.3637529 ], [ -0.9388635, 48.364274 ], [ -0.9381624, 48.3646415 ], [ -0.9378865, 48.3646768 ], [ -0.9379107, 48.3648912 ], [ -0.937587, 48.3651182 ], [ -0.9374707, 48.3650987 ], [ -0.9373958, 48.3648931 ], [ -0.9370496, 48.3647109 ], [ -0.9367258, 48.364791 ], [ -0.9365143, 48.3647656 ], [ -0.9362979, 48.3648719 ], [ -0.9362061, 48.3647831 ], [ -0.9364674, 48.3646438 ], [ -0.9364632, 48.3645701 ], [ -0.935031, 48.3645258 ], [ -0.9348894, 48.3644224 ], [ -0.9347014, 48.3645836 ], [ -0.9328921, 48.3651355 ], [ -0.9324431, 48.3654225 ], [ -0.9320721, 48.3654501 ], [ -0.9315644, 48.3659471 ], [ -0.931053, 48.3661406 ], [ -0.930595, 48.3664333 ], [ -0.9294098, 48.3665834 ], [ -0.9280315, 48.3670426 ], [ -0.9276333, 48.3669973 ], [ -0.9273571, 48.3671181 ], [ -0.9273702, 48.3675645 ], [ -0.9271827, 48.3679689 ], [ -0.9269721, 48.3681722 ], [ -0.9265794, 48.3683618 ], [ -0.9268371, 48.3690244 ], [ -0.9265218, 48.3692375 ], [ -0.925982, 48.3700292 ], [ -0.9260868, 48.3702203 ], [ -0.9264046, 48.3704016 ], [ -0.9265639, 48.3707972 ], [ -0.9267425, 48.3709435 ], [ -0.9267982, 48.3712371 ], [ -0.9270223, 48.3714134 ], [ -0.9269561, 48.371848 ], [ -0.9260578, 48.3719129 ], [ -0.9255798, 48.3720306 ], [ -0.9252088, 48.3727644 ], [ -0.925716, 48.3739619 ], [ -0.9255715, 48.374181899999989 ], [ -0.9256151, 48.374621 ], [ -0.9262626, 48.3753796 ], [ -0.9268099, 48.375774 ], [ -0.9271627, 48.3757182 ], [ -0.9273239, 48.3758849 ], [ -0.9273497, 48.3761398 ], [ -0.9277696, 48.3765655 ], [ -0.9278692, 48.3767946 ], [ -0.927871, 48.3769819 ], [ -0.9275978, 48.3771621 ], [ -0.9279531, 48.3775557 ], [ -0.9274399, 48.3774547 ], [ -0.9271484, 48.3777346 ], [ -0.9266634, 48.3779209 ], [ -0.9263215, 48.3789376 ], [ -0.926346, 48.3792295 ], [ -0.9253412, 48.380042 ], [ -0.9249783, 48.3801252 ], [ -0.924815, 48.3800207 ], [ -0.9247332, 48.3801216 ], [ -0.9244909, 48.3801179 ], [ -0.9243219, 48.3802091 ], [ -0.9242564, 48.380472499999989 ], [ -0.9245373, 48.3808118 ], [ -0.9245132, 48.3809234 ], [ -0.9241845, 48.3815009 ], [ -0.9237696, 48.3817218 ], [ -0.9238017, 48.3825323 ], [ -0.9234759, 48.3827692 ], [ -0.9235222, 48.3829551 ], [ -0.9231771, 48.3834214 ], [ -0.9227516, 48.3835553 ], [ -0.9227849, 48.3836749 ], [ -0.9231801, 48.3839879 ], [ -0.9228477, 48.3841178 ], [ -0.9228653, 48.3842262 ], [ -0.9230838, 48.384237 ], [ -0.9229705, 48.3843686 ], [ -0.9228143, 48.3843765 ], [ -0.9221341, 48.3847936 ], [ -0.9219012, 48.3848436 ], [ -0.9218906, 48.3850827 ], [ -0.9216952, 48.3850558 ], [ -0.921441, 48.3851651 ], [ -0.9213172, 48.3851008 ], [ -0.9211458, 48.3851596 ], [ -0.9211198, 48.385301 ], [ -0.9212907, 48.385434 ], [ -0.9214035, 48.3854231 ], [ -0.9214347, 48.3857698 ], [ -0.9212159, 48.3859184 ], [ -0.9211368, 48.3862534 ], [ -0.9212067, 48.3865196 ], [ -0.9210746, 48.3865978 ], [ -0.9211586, 48.3867094 ], [ -0.9207844, 48.3867867 ], [ -0.9209479, 48.3869659 ], [ -0.9206721, 48.3870219 ], [ -0.919035, 48.3894055 ], [ -0.9196865, 48.3897091 ], [ -0.9200469, 48.390153 ], [ -0.9204475, 48.3902649 ], [ -0.9209082, 48.3906577 ], [ -0.9215103, 48.3909873 ], [ -0.9215687, 48.391461 ], [ -0.921354, 48.3919004 ], [ -0.9208235, 48.3925314 ], [ -0.9203902, 48.3926701 ], [ -0.9207124, 48.393072 ], [ -0.9215544, 48.393408 ], [ -0.9219764, 48.3934985 ], [ -0.9239242, 48.3935908 ], [ -0.9240913, 48.3939086 ], [ -0.924965, 48.3943967 ], [ -0.9263002, 48.394526299999988 ], [ -0.9286918, 48.3954163 ], [ -0.9288812, 48.3956334 ], [ -0.9290172, 48.3960964 ], [ -0.928946, 48.3964645 ], [ -0.9299353, 48.397863 ], [ -0.9302454, 48.3982112 ], [ -0.9305937, 48.3984375 ], [ -0.9306939, 48.3986197 ], [ -0.9310828, 48.3987915 ], [ -0.9316062, 48.3992956 ], [ -0.9317962, 48.3996298 ], [ -0.9324126, 48.3999138 ], [ -0.9322626, 48.4002593 ], [ -0.9322985, 48.4004671 ], [ -0.9326522, 48.4007652 ], [ -0.9329174, 48.4008195 ], [ -0.9335728, 48.4017138 ], [ -0.9339253, 48.402375 ], [ -0.9332801, 48.4031531 ], [ -0.9328089, 48.4034732 ], [ -0.9323221, 48.4040541 ], [ -0.9316045, 48.4045157 ], [ -0.9311739, 48.4053776 ], [ -0.93094, 48.405579 ], [ -0.9291935, 48.4063396 ], [ -0.9285659, 48.4069558 ], [ -0.928591, 48.4071468 ], [ -0.9282966, 48.40757 ], [ -0.9263151, 48.4080663 ], [ -0.9256549, 48.4088808 ], [ -0.9252124, 48.4092062 ], [ -0.9248029, 48.4097918 ], [ -0.9251836, 48.4099431 ], [ -0.9255889, 48.4108043 ], [ -0.9256931, 48.4113287 ], [ -0.9255431, 48.4118751 ], [ -0.9260487, 48.4132455 ], [ -0.9251429, 48.4134358 ], [ -0.9240725, 48.4138694 ], [ -0.922414, 48.4151061 ], [ -0.9221368, 48.415254 ], [ -0.921929, 48.4151159 ], [ -0.9207431, 48.4157613 ], [ -0.9210902, 48.4164407 ], [ -0.9218423, 48.417506599999989 ], [ -0.9234332, 48.4195663 ], [ -0.9227416, 48.420017 ], [ -0.9233564, 48.4214901 ], [ -0.9244146, 48.4232638 ], [ -0.9237119, 48.4239122 ], [ -0.9257383, 48.427141 ], [ -0.9264135, 48.4277356 ], [ -0.9265662, 48.4281305 ], [ -0.9266086, 48.4293857 ], [ -0.9269047, 48.4300694 ], [ -0.9271811, 48.4319185 ], [ -0.9276685, 48.4340012 ], [ -0.9285067, 48.4348372 ], [ -0.9294752, 48.4370534 ], [ -0.9302557, 48.4377139 ], [ -0.928834, 48.4379087 ], [ -0.9276736, 48.4378877 ], [ -0.927599, 48.4380478 ], [ -0.9258677, 48.4379412 ], [ -0.9258377, 48.4386799 ], [ -0.924801, 48.4392619 ], [ -0.925829, 48.4396683 ], [ -0.9265102, 48.4394539 ], [ -0.9270076, 48.4395879 ], [ -0.9278831, 48.4396742 ], [ -0.9283112, 48.4404382 ], [ -0.9274826, 48.440708 ], [ -0.9275316, 48.4411279 ], [ -0.9273433, 48.4417052 ], [ -0.9259992, 48.4419623 ], [ -0.9240614, 48.4424624 ], [ -0.9241486, 48.4427054 ], [ -0.9263365, 48.4430509 ], [ -0.9264405, 48.4441869 ], [ -0.9262614, 48.4452864 ], [ -0.924886, 48.4451247 ], [ -0.9241753, 48.4453437 ], [ -0.9241183, 48.4457581 ], [ -0.9215048, 48.4464589 ], [ -0.9222896, 48.4467068 ], [ -0.9215454, 48.4477816 ], [ -0.9223959, 48.4480201 ], [ -0.9213387, 48.4492198 ], [ -0.9210392, 48.4499773 ], [ -0.9205648, 48.4504956 ], [ -0.9194775, 48.450151399999989 ], [ -0.9190187, 48.450988 ], [ -0.9184798, 48.4509149 ], [ -0.9185883, 48.4513706 ], [ -0.9177894, 48.4511719 ], [ -0.9169244, 48.4508473 ], [ -0.9157514, 48.4502438 ], [ -0.9155517, 48.4499982 ], [ -0.9144366, 48.4494622 ], [ -0.9143299, 48.4496648 ], [ -0.9145446, 48.4498387 ], [ -0.9146153, 48.4501507 ], [ -0.913552, 48.4507632 ], [ -0.9127921, 48.4515944 ], [ -0.912119, 48.4527371 ], [ -0.912024, 48.4533699 ], [ -0.9122708, 48.4540832 ], [ -0.9118206, 48.4544557 ], [ -0.9118934, 48.4545433 ], [ -0.9129068, 48.4547495 ], [ -0.9119577, 48.4574217 ], [ -0.913078, 48.4577541 ], [ -0.9119226, 48.4592946 ], [ -0.9109737, 48.4603536 ], [ -0.9105622, 48.4613562 ], [ -0.9102779, 48.4617754 ], [ -0.9100137, 48.4626461 ], [ -0.9100573, 48.4638309 ], [ -0.9107173, 48.464382 ], [ -0.9112838, 48.4653865 ], [ -0.9102928, 48.466283 ], [ -0.9117681, 48.4669955 ], [ -0.9095236, 48.4686836 ], [ -0.9094503, 48.4696813 ], [ -0.9107443, 48.4703601 ], [ -0.9108156, 48.4705532 ], [ -0.9103526, 48.4711197 ], [ -0.9101411, 48.4719166 ], [ -0.9099623, 48.4721351 ], [ -0.9099353, 48.4728628 ], [ -0.909685, 48.4739033 ], [ -0.9094319, 48.4743052 ], [ -0.9088564, 48.4744179 ], [ -0.9084441, 48.4745927 ], [ -0.9080877, 48.4749368 ], [ -0.907813, 48.4754133 ], [ -0.9069843, 48.4751821 ], [ -0.9064439, 48.4761474 ], [ -0.9064962, 48.4763213 ], [ -0.9059197, 48.4770762 ], [ -0.9050643, 48.4785959 ], [ -0.9047257, 48.479016 ], [ -0.9046906, 48.4794369 ], [ -0.9042669, 48.4797688 ], [ -0.9038487, 48.4805202 ], [ -0.9037427, 48.4805705 ], [ -0.90344, 48.4804904 ], [ -0.9028028, 48.4805753 ], [ -0.9021569, 48.4804705 ], [ -0.9011937, 48.4805436 ], [ -0.9010961, 48.4806332 ], [ -0.9013412, 48.4809242 ], [ -0.9009145, 48.4810706 ], [ -0.8996003, 48.4818173 ], [ -0.8987704, 48.4825174 ], [ -0.90055, 48.4825273 ], [ -0.9005108, 48.4828565 ], [ -0.9019816, 48.4831765 ], [ -0.9028438, 48.4835301 ], [ -0.9036681, 48.4841199 ], [ -0.9043088, 48.4836071 ], [ -0.9047628, 48.4837552 ], [ -0.9054302, 48.4841475 ], [ -0.9055642, 48.4845457 ], [ -0.9066161, 48.4857721 ], [ -0.906012, 48.4863198 ], [ -0.9068123, 48.486642 ], [ -0.9062897, 48.4873014 ], [ -0.9066821, 48.4876227 ], [ -0.906948, 48.4873716 ], [ -0.9074446, 48.4873634 ], [ -0.9075778, 48.487459 ], [ -0.9075597, 48.4881081 ], [ -0.9078381, 48.488243 ], [ -0.9077355, 48.4890309 ], [ -0.9074697, 48.489118 ], [ -0.9077143, 48.489364 ], [ -0.9080176, 48.4894882 ], [ -0.9084446, 48.4892913 ], [ -0.9085869, 48.4895091 ], [ -0.907688, 48.4898116 ], [ -0.9069115, 48.4906109 ], [ -0.9066847, 48.4907318 ], [ -0.906401, 48.4912699 ], [ -0.9056041, 48.4918149 ], [ -0.9040842, 48.4925134 ], [ -0.9036628, 48.492185 ], [ -0.9035079, 48.4921802 ], [ -0.902391, 48.4926303 ], [ -0.9019351, 48.4929506 ], [ -0.9016197, 48.4933564 ], [ -0.9010783, 48.4935832 ], [ -0.9007893, 48.4939611 ], [ -0.9000179, 48.4944304 ], [ -0.8998302, 48.4944393 ], [ -0.8996869, 48.4940792 ], [ -0.8990129, 48.4941996 ], [ -0.8977251, 48.4941941 ], [ -0.8973331, 48.4942808 ], [ -0.8965476, 48.4947056 ], [ -0.8958093, 48.49491 ], [ -0.896352, 48.4953569 ], [ -0.8963385, 48.4956303 ], [ -0.8967185, 48.4955476 ], [ -0.8969299, 48.495583 ], [ -0.8969372, 48.4957917 ], [ -0.8973389, 48.4964 ], [ -0.8974946, 48.4964354 ], [ -0.8975209, 48.4965886 ], [ -0.8980058, 48.4971139 ], [ -0.8983129, 48.4971795 ], [ -0.8988099, 48.4976487 ], [ -0.8991325, 48.4977957 ], [ -0.9000394, 48.4977623 ], [ -0.900062, 48.4976292 ], [ -0.8999587, 48.4975515 ], [ -0.900585, 48.497426399999988 ], [ -0.9007208, 48.4971761 ], [ -0.9007236, 48.4972489 ], [ -0.900856, 48.4972806 ], [ -0.9013127, 48.4971891 ], [ -0.9012205, 48.4971155 ], [ -0.9014293, 48.4970627 ], [ -0.9014269, 48.4969385 ], [ -0.9016286, 48.4969544 ], [ -0.9017584, 48.4967313 ], [ -0.9018968, 48.4968249 ], [ -0.9021241, 48.4967102 ], [ -0.9021922, 48.4968242 ], [ -0.9023294, 48.4968467 ], [ -0.9024298, 48.4967209 ], [ -0.9025628, 48.4967598 ], [ -0.9029095, 48.4964845 ], [ -0.9031631, 48.4963951 ], [ -0.9032362, 48.4964494 ], [ -0.9034381, 48.4964121 ], [ -0.9034616, 48.4965645 ], [ -0.9035707, 48.4964645 ], [ -0.903723, 48.4965082 ], [ -0.903755, 48.4966458 ], [ -0.9038355, 48.496581 ], [ -0.9041277, 48.4965921 ], [ -0.9046013, 48.4961451 ], [ -0.9048463, 48.4960866 ], [ -0.9054825, 48.4960405 ], [ -0.9055769, 48.496161699999988 ], [ -0.9057272, 48.4960513 ], [ -0.9059402, 48.4961632 ], [ -0.9060095, 48.4960745 ], [ -0.906117, 48.4962078 ], [ -0.9062481, 48.4961126 ], [ -0.9062978, 48.4962523 ], [ -0.9064323, 48.496129 ], [ -0.906885, 48.4962033 ], [ -0.9070355, 48.4963136 ], [ -0.9073244, 48.4961897 ], [ -0.9075577, 48.4963559 ], [ -0.9077549, 48.4962926 ], [ -0.9090148, 48.4966313 ], [ -0.9091872, 48.496762499999988 ], [ -0.9090526, 48.496902 ], [ -0.9091947, 48.4968631 ], [ -0.9093897, 48.4969702 ], [ -0.9092324, 48.4970961 ], [ -0.9105368, 48.4993598 ], [ -0.9116589, 48.4995588 ], [ -0.9133863, 48.4996045 ], [ -0.9135245, 48.4997135 ], [ -0.9143057, 48.4998111 ], [ -0.9146981, 48.4997856 ], [ -0.9146013, 48.499959 ], [ -0.9151299, 48.4998137 ], [ -0.9157937, 48.4999737 ], [ -0.9160481, 48.4997509 ], [ -0.9163683, 48.4997377 ], [ -0.9164515, 48.499889 ], [ -0.9166912, 48.4998504 ], [ -0.9169162, 48.5000691 ], [ -0.9174931, 48.5001347 ], [ -0.9179594, 48.5002995 ], [ -0.9222269, 48.5029949 ], [ -0.9224513, 48.5031496 ], [ -0.9225386, 48.5034466 ], [ -0.9227493, 48.503473 ], [ -0.9227825, 48.5037898 ], [ -0.923087, 48.5041094 ], [ -0.9230573, 48.5043284 ], [ -0.923288, 48.5043685 ], [ -0.9230878, 48.5046822 ], [ -0.9232404, 48.5050015 ], [ -0.9229376, 48.5052285 ], [ -0.9231287, 48.5055366 ], [ -0.9230346, 48.5057829 ], [ -0.9232009, 48.5059035 ], [ -0.9231159, 48.505981 ], [ -0.9229723, 48.5059101 ], [ -0.9228549, 48.5059897 ], [ -0.9229917, 48.5061518 ], [ -0.9229137, 48.5062498 ], [ -0.9230332, 48.50629 ], [ -0.9229877, 48.5064059 ], [ -0.9228628, 48.5064028 ], [ -0.9228299, 48.5064706 ], [ -0.9230928, 48.506542 ], [ -0.9229558, 48.5067582 ], [ -0.9230426, 48.5068679 ], [ -0.9228646, 48.5069882 ], [ -0.9227579, 48.5072475 ], [ -0.9228284, 48.5073569 ], [ -0.9224976, 48.5077902 ], [ -0.9222494, 48.5079696 ], [ -0.922098, 48.5079394 ], [ -0.9220513, 48.5080392 ], [ -0.9216217, 48.5080948 ], [ -0.9216704, 48.5082382 ], [ -0.9214688, 48.508225 ], [ -0.9211091, 48.5085089 ], [ -0.9211004, 48.5085921 ], [ -0.9213624, 48.508778 ], [ -0.9208943, 48.5091717 ], [ -0.9207403, 48.5094506 ], [ -0.9207935, 48.5095452 ], [ -0.9204667, 48.5098875 ], [ -0.9209513, 48.5102957 ], [ -0.9211851, 48.5103952 ], [ -0.92136, 48.5103768 ], [ -0.921399, 48.5105178 ], [ -0.9215716, 48.510542699999988 ], [ -0.9216821, 48.5104787 ], [ -0.9218067, 48.5105314 ], [ -0.9222092, 48.5111098 ], [ -0.9224002, 48.511235 ], [ -0.9224683, 48.511385 ], [ -0.9223333, 48.5114102 ], [ -0.9223505, 48.5115861 ], [ -0.9224766, 48.5115865 ], [ -0.9224653, 48.5117246 ], [ -0.9226831, 48.5118823 ], [ -0.9224926, 48.5119273 ], [ -0.9225919, 48.5120762 ], [ -0.9223388, 48.512299 ], [ -0.9224241, 48.5124601 ], [ -0.9230582, 48.5130723 ], [ -0.9232818, 48.5131253 ], [ -0.9235292, 48.513315299999988 ], [ -0.9238171, 48.513394 ], [ -0.9240564, 48.5131861 ], [ -0.9243888, 48.5133346 ], [ -0.9251115, 48.5133909 ], [ -0.9255531, 48.513116 ], [ -0.925791, 48.5132153 ], [ -0.9263696, 48.513175399999987 ], [ -0.9265549, 48.5132594 ], [ -0.9271466, 48.513232599999988 ], [ -0.9273448, 48.513326 ], [ -0.9296999, 48.5136931 ], [ -0.9297915, 48.5137936 ], [ -0.9299405, 48.5138094 ], [ -0.9299368, 48.5139239 ], [ -0.9304982, 48.5139621 ], [ -0.9307445, 48.5141187 ], [ -0.9307825, 48.5140463 ], [ -0.9309393, 48.5140772 ], [ -0.9310439, 48.514243 ], [ -0.931274, 48.5142012 ], [ -0.9319665, 48.5143062 ], [ -0.9334567, 48.514781 ], [ -0.9334844, 48.5149503 ], [ -0.9349974, 48.5150957 ], [ -0.93519, 48.5150073 ], [ -0.9358363, 48.5149661 ], [ -0.935872, 48.5151162 ], [ -0.9362834, 48.5151071 ], [ -0.9376465, 48.515006 ], [ -0.9377554, 48.514922299999988 ], [ -0.9381255, 48.5148866 ], [ -0.9394001, 48.5150515 ], [ -0.9404334, 48.5148749 ], [ -0.9410809, 48.5149579 ], [ -0.9411683, 48.5148766 ], [ -0.9412839, 48.5149178 ], [ -0.9418238, 48.5148323 ], [ -0.9419939, 48.5150023 ], [ -0.9430037, 48.5148742 ], [ -0.9432966, 48.5149104 ], [ -0.9436078, 48.5148307 ], [ -0.9440747, 48.514837799999988 ], [ -0.9440512, 48.5147593 ], [ -0.9442364, 48.5147351 ], [ -0.9442111, 48.5146684 ], [ -0.9445419, 48.514561 ], [ -0.9446121, 48.5144488 ], [ -0.9447962, 48.5144805 ], [ -0.9454711, 48.5143698 ], [ -0.9463735, 48.5141291 ], [ -0.9466715, 48.5141976 ], [ -0.9468258, 48.5144473 ], [ -0.9476726, 48.5147641 ], [ -0.9482639, 48.5151453 ], [ -0.9487162, 48.5151915 ], [ -0.949138, 48.5153738 ], [ -0.94961, 48.5157734 ], [ -0.9508907, 48.516037 ], [ -0.9523505, 48.5168414 ], [ -0.9535342, 48.5169686 ], [ -0.9537472, 48.5170606 ], [ -0.953911, 48.5169858 ], [ -0.9554086, 48.5172836 ], [ -0.9557169, 48.5168779 ], [ -0.9560392, 48.5169987 ], [ -0.9564115, 48.5166323 ], [ -0.9572461, 48.5161406 ], [ -0.9575661, 48.5158183 ], [ -0.9577847, 48.5157867 ], [ -0.9581301, 48.5151898 ], [ -0.958816, 48.514866 ], [ -0.959454, 48.5146962 ], [ -0.9601824, 48.514307099999989 ], [ -0.9602586, 48.5141307 ], [ -0.9619904, 48.5136721 ], [ -0.9621482, 48.5135182 ], [ -0.9630178, 48.5130956 ], [ -0.9632512, 48.5128843 ], [ -0.96329, 48.5121957 ], [ -0.963767, 48.5118528 ], [ -0.9638527, 48.5116059 ], [ -0.964122, 48.5113483 ], [ -0.9643436, 48.511285 ], [ -0.9643702, 48.5110986 ], [ -0.9640164, 48.5102926 ], [ -0.9632308, 48.5091001 ], [ -0.9632808, 48.5088652 ], [ -0.9629664, 48.5081848 ], [ -0.9630161, 48.5080354 ], [ -0.9626788, 48.5077152 ], [ -0.9623665, 48.5070087 ], [ -0.9620708, 48.5068807 ], [ -0.9622544, 48.5058487 ], [ -0.9620741, 48.5052386 ], [ -0.9622417, 48.5044602 ], [ -0.9621603, 48.5040828 ], [ -0.9623751, 48.5035532 ], [ -0.963051, 48.5029911 ], [ -0.9634268, 48.5029065 ], [ -0.9638103, 48.5026721 ], [ -0.9642673, 48.5025677 ], [ -0.9644708, 48.5024456 ], [ -0.9647966, 48.5019492 ], [ -0.9646921, 48.5012493 ], [ -0.9649532, 48.5011352 ], [ -0.9656333, 48.5005936 ], [ -0.9659393, 48.5004636 ], [ -0.966063, 48.5002712 ], [ -0.966227, 48.5002901 ], [ -0.9662801, 48.5001856 ], [ -0.9666367, 48.5000089 ], [ -0.9671597, 48.5001139 ], [ -0.967507, 48.5002788 ], [ -0.9677531, 48.5007372 ], [ -0.9681366, 48.5010225 ], [ -0.9695029, 48.5010597 ], [ -0.969569, 48.5010025 ], [ -0.9702168, 48.5011088 ], [ -0.9703866, 48.5010067 ], [ -0.9707325, 48.5009744 ], [ -0.9708182, 48.5008716 ], [ -0.9713541, 48.5008068 ], [ -0.9714881, 48.5004817 ], [ -0.9718075, 48.5002251 ], [ -0.9717777, 48.4997604 ], [ -0.9713018, 48.4991323 ], [ -0.9711325, 48.4987398 ], [ -0.9711213, 48.4984133 ], [ -0.971309, 48.4978674 ], [ -0.9712716, 48.497176 ], [ -0.9708278, 48.4963982 ], [ -0.9708277, 48.4960578 ], [ -0.9710168, 48.4957452 ], [ -0.9714289, 48.4954954 ], [ -0.9718378, 48.4954007 ], [ -0.9721338, 48.4947819 ], [ -0.9720853, 48.4946961 ], [ -0.9722633, 48.4944704 ], [ -0.9726633, 48.4942768 ], [ -0.9737633, 48.4940923 ], [ -0.976931, 48.4929927 ], [ -0.9771797, 48.4932879 ], [ -0.9773345, 48.493327799999989 ], [ -0.977626, 48.4932225 ], [ -0.9780112, 48.4935123 ], [ -0.9784762, 48.4935867 ], [ -0.9785913, 48.4934604 ], [ -0.9788562, 48.4934866 ], [ -0.9794461, 48.4933128 ], [ -0.9796533, 48.4930969 ], [ -0.9798425, 48.4931969 ], [ -0.9801313, 48.4930746 ], [ -0.9801802, 48.4931648 ], [ -0.9804613, 48.4931896 ], [ -0.9805691, 48.4930932 ], [ -0.9807064, 48.4931337 ], [ -0.981098, 48.493026 ], [ -0.9815482, 48.4931018 ], [ -0.9827349, 48.4929179 ], [ -0.9830945, 48.4929779 ], [ -0.9831641, 48.4930728 ], [ -0.9838795, 48.4931605 ], [ -0.9851074, 48.4931616 ], [ -0.9855301, 48.4933393 ], [ -0.985634, 48.4935826 ], [ -0.9859408, 48.4937317 ], [ -0.985887, 48.4938975 ], [ -0.9861724, 48.4939627 ], [ -0.9864147, 48.493905 ], [ -0.9872898, 48.4940792 ], [ -0.9876696, 48.4937268 ], [ -0.9887298, 48.4935723 ], [ -0.9887575, 48.4937398 ], [ -0.9889343, 48.4937312 ], [ -0.9889178, 48.4938173 ], [ -0.9892603, 48.4939184 ], [ -0.9893603, 48.4940222 ], [ -0.9899794, 48.493805 ], [ -0.9899797, 48.4935069 ], [ -0.9898347, 48.493382 ], [ -0.9901006, 48.4932074 ], [ -0.9905755, 48.4931265 ], [ -0.9908725, 48.4932183 ], [ -0.9910505, 48.4931889 ], [ -0.9911291, 48.4932773 ], [ -0.9917429, 48.4932413 ], [ -0.9923974, 48.4930797 ], [ -0.9931338, 48.4927135 ], [ -0.9937019, 48.492771 ], [ -0.9941051, 48.4926728 ], [ -0.9943488, 48.492706 ], [ -0.9944128, 48.4926741 ], [ -0.9943134, 48.4926144 ], [ -0.9944514, 48.4925584 ], [ -0.9950282, 48.4925687 ], [ -0.9952943, 48.4924337 ], [ -0.9957668, 48.4924448 ], [ -0.9961873, 48.4923261 ], [ -0.9964581, 48.4920738 ], [ -0.997197, 48.4918832 ], [ -0.9970837, 48.4916762 ], [ -0.9972353, 48.4916747 ], [ -0.9973213, 48.4915583 ], [ -0.9976024, 48.4914768 ], [ -0.9976341, 48.4913415 ], [ -0.9979148, 48.4912546 ], [ -0.9978026, 48.4910629 ], [ -0.9980207, 48.4909556 ], [ -0.9979626, 48.4908864 ], [ -0.998226, 48.4909289 ], [ -0.998437, 48.4908344 ], [ -0.9985069, 48.4907032 ], [ -0.9983661, 48.4906152 ], [ -0.9985344, 48.4903177 ], [ -0.9988709, 48.4904117 ], [ -0.9990423, 48.4903141 ], [ -0.9991647, 48.4901775 ], [ -0.9988721, 48.4899298 ], [ -0.998963, 48.4898069 ], [ -0.9994201, 48.4896348 ], [ -0.9999148, 48.4895821 ], [ -1.000048, 48.4897118 ], [ -1.0007012, 48.4894106 ], [ -1.0014373, 48.489414599999989 ], [ -1.0025021, 48.4892508 ], [ -1.0029481, 48.4890934 ] ] ] ] } },
{ "type": "Feature", "properties": { "code_departement": 53.0, "code_rne": "0530826K", "multisecteur": 0.0 }, "geometry": { "type": "MultiPolygon", "coordinates": [ [ [ [ -0.6145574, 48.2970548 ], [ -0.6140525, 48.2971086 ], [ -0.6138619, 48.2972494 ], [ -0.6142168, 48.2972891 ], [ -0.6145243, 48.2972186 ], [ -0.6145574, 48.2970548 ] ] ], [ [ [ -0.5979442, 48.3049639 ], [ -0.5977978, 48.3053839 ], [ -0.5982038, 48.3054111 ], [ -0.5984827, 48.3051535 ], [ -0.5982135, 48.304933 ], [ -0.5979442, 48.3049639 ] ] ], [ [ [ -0.717697, 48.3618727 ], [ -0.7187016, 48.362032 ], [ -0.7190924, 48.3617856 ], [ -0.7196239, 48.3616572 ], [ -0.7208907, 48.3616435 ], [ -0.7214307, 48.3610807 ], [ -0.7218245, 48.3608783 ], [ -0.7221047, 48.3608263 ], [ -0.7223594, 48.3609119 ], [ -0.7228478, 48.3613388 ], [ -0.7232263, 48.3615494 ], [ -0.7236857, 48.3616421 ], [ -0.7252588, 48.3616404 ], [ -0.7255506, 48.3617537 ], [ -0.7257128, 48.3621737 ], [ -0.7258505, 48.3622856 ], [ -0.7269507, 48.3623815 ], [ -0.7273983, 48.3625944 ], [ -0.7278762, 48.362701 ], [ -0.7285971, 48.362726 ], [ -0.7291159, 48.3626475 ], [ -0.7295705, 48.3626918 ], [ -0.7314394, 48.3625914 ], [ -0.732749, 48.3627042 ], [ -0.7333559, 48.363028199999988 ], [ -0.7336544, 48.3632917 ], [ -0.7351079, 48.3638124 ], [ -0.7359709, 48.3642409 ], [ -0.738334, 48.364342 ], [ -0.7387535, 48.3638352 ], [ -0.7391554, 48.3635757 ], [ -0.7397511, 48.3635325 ], [ -0.7402419, 48.3637053 ], [ -0.7405847, 48.3637368 ], [ -0.7410492, 48.3642058 ], [ -0.7413598, 48.3654173 ], [ -0.741837, 48.3657589 ], [ -0.7419512, 48.3660156 ], [ -0.7421516, 48.3661723 ], [ -0.7426426, 48.3663108 ], [ -0.7437243, 48.3663343 ], [ -0.7448605, 48.3662119 ], [ -0.7456862, 48.366247 ], [ -0.7459848, 48.3662078 ], [ -0.7463457, 48.366037 ], [ -0.7467676, 48.3660777 ], [ -0.7481723, 48.365872 ], [ -0.7493146, 48.3658737 ], [ -0.7509994, 48.3659959 ], [ -0.7520265, 48.3663525 ], [ -0.7528356, 48.3664773 ], [ -0.7534642, 48.3665348 ], [ -0.754445, 48.3664515 ], [ -0.7548662, 48.366501199999988 ], [ -0.7558978, 48.3669584 ], [ -0.7565907, 48.3674057 ], [ -0.7580755, 48.3678288 ], [ -0.7588095, 48.3682829 ], [ -0.7587859, 48.3696554 ], [ -0.7586738, 48.3702804 ], [ -0.7589614, 48.3717682 ], [ -0.7587315, 48.3732797 ], [ -0.7589936, 48.3736749 ], [ -0.759335, 48.3738181 ], [ -0.7601687, 48.3737925 ], [ -0.760451, 48.3738457 ], [ -0.7616611, 48.3742252 ], [ -0.7617621, 48.3743715 ], [ -0.7617318, 48.3748922 ], [ -0.7619855, 48.3751507 ], [ -0.7626951, 48.3752615 ], [ -0.7643396, 48.375175 ], [ -0.7647123, 48.3752631 ], [ -0.7656587, 48.3752448 ], [ -0.7659811, 48.3753093 ], [ -0.7661119, 48.3752484 ], [ -0.7661526, 48.3746652 ], [ -0.7670642, 48.3717278 ], [ -0.7686677, 48.3700718 ], [ -0.7692687, 48.3698563 ], [ -0.7694355, 48.3696943 ], [ -0.7699496, 48.3694914 ], [ -0.7703037, 48.3691523 ], [ -0.7698273, 48.3686919 ], [ -0.7699702, 48.3678749 ], [ -0.7706026, 48.3667793 ], [ -0.7709069, 48.3659149 ], [ -0.7707964, 48.365241 ], [ -0.7719648, 48.3636834 ], [ -0.7723533, 48.3638242 ], [ -0.77242, 48.3640373 ], [ -0.7730162, 48.3640769 ], [ -0.7739763, 48.3639508 ], [ -0.7745969, 48.3636896 ], [ -0.7758079, 48.3634258 ], [ -0.7770009, 48.3636436 ], [ -0.7782147, 48.3635499 ], [ -0.7783601, 48.3631661 ], [ -0.7792916, 48.363094 ], [ -0.7804967, 48.3625403 ], [ -0.7823367, 48.3629031 ], [ -0.7831789, 48.3628681 ], [ -0.7832735, 48.362566 ], [ -0.7830388, 48.361916 ], [ -0.7827832, 48.3617638 ], [ -0.7822446, 48.3608344 ], [ -0.78113, 48.3597693 ], [ -0.7798928, 48.358972 ], [ -0.7786667, 48.357915 ], [ -0.7768991, 48.3554899 ], [ -0.7778455, 48.354913 ], [ -0.7786866, 48.3539035 ], [ -0.7798004, 48.3530987 ], [ -0.7814834, 48.3526928 ], [ -0.7829848, 48.3514531 ], [ -0.7834048, 48.3512794 ], [ -0.7843002, 48.3520983 ], [ -0.7855255, 48.3525816 ], [ -0.786731, 48.3532762 ], [ -0.7871626, 48.3533588 ], [ -0.7875055, 48.3532785 ], [ -0.7904245, 48.3539155 ], [ -0.7906303, 48.3539774 ], [ -0.7907408, 48.3541045 ], [ -0.7914925, 48.3541642 ], [ -0.7921159, 48.3541145 ], [ -0.7922508, 48.3541849 ], [ -0.7930271, 48.3542123 ], [ -0.7925013, 48.3534797 ], [ -0.7931235, 48.3526815 ], [ -0.7934264, 48.3525728 ], [ -0.7935184, 48.3524419 ], [ -0.7937414, 48.3524059 ], [ -0.7938713, 48.3521451 ], [ -0.7959797, 48.3527854 ], [ -0.796478, 48.3517688 ], [ -0.7966928, 48.3517691 ], [ -0.7984642, 48.3526445 ], [ -0.8001367, 48.3527124 ], [ -0.8002193, 48.3525089 ], [ -0.8030977, 48.3523579 ], [ -0.8033444, 48.3517888 ], [ -0.8041342, 48.3507141 ], [ -0.8035568, 48.3499049 ], [ -0.8029905, 48.3488206 ], [ -0.8021783, 48.3488007 ], [ -0.8004973, 48.348108 ], [ -0.7999359, 48.347763 ], [ -0.7989661, 48.3473384 ], [ -0.7985531, 48.3472147 ], [ -0.7985, 48.3470597 ], [ -0.7990176, 48.3467242 ], [ -0.7987212, 48.346604899999988 ], [ -0.799014, 48.3463938 ], [ -0.7996537, 48.3456148 ], [ -0.8012103, 48.3455783 ], [ -0.8027208, 48.3454451 ], [ -0.803312, 48.343885 ], [ -0.8042559, 48.3423081 ], [ -0.8044042, 48.3419115 ], [ -0.8037692, 48.3412023 ], [ -0.803394, 48.340927 ], [ -0.8032481, 48.3405534 ], [ -0.8032587, 48.3401765 ], [ -0.8034123, 48.3400022 ], [ -0.8029819, 48.3397684 ], [ -0.8024847, 48.3389647 ], [ -0.8023358, 48.3385119 ], [ -0.8024923, 48.3382844 ], [ -0.8031525, 48.3354384 ], [ -0.8061067, 48.3363297 ], [ -0.8063139, 48.3359808 ], [ -0.8063665, 48.3356629 ], [ -0.805718, 48.3339814 ], [ -0.8051593, 48.3340273 ], [ -0.8036391, 48.3345634 ], [ -0.8030389, 48.3346692 ], [ -0.8021632, 48.3335822 ], [ -0.8035789, 48.3328152 ], [ -0.8058309, 48.3322375 ], [ -0.8075683, 48.3313997 ], [ -0.8105099, 48.3295261 ], [ -0.8108277, 48.3291762 ], [ -0.8113238, 48.3283244 ], [ -0.8084619, 48.3274518 ], [ -0.8078398, 48.3271989 ], [ -0.807226, 48.3270799 ], [ -0.8065879, 48.3267915 ], [ -0.8062134, 48.3261712 ], [ -0.802791, 48.3225692 ], [ -0.8028759, 48.322099 ], [ -0.8027032, 48.3216155 ], [ -0.8027017, 48.3211831 ], [ -0.8030878, 48.3202087 ], [ -0.8023118, 48.3196572 ], [ -0.8018502, 48.3195477 ], [ -0.8013821, 48.319089 ], [ -0.8015338, 48.318123 ], [ -0.8019383, 48.3180577 ], [ -0.8019835, 48.3178608 ], [ -0.8019708, 48.3175351 ], [ -0.8015713, 48.3165481 ], [ -0.8018734, 48.3159439 ], [ -0.802007, 48.3151389 ], [ -0.8017626, 48.3146909 ], [ -0.8009147, 48.3146371 ], [ -0.7995553, 48.3136143 ], [ -0.7990244, 48.3133683 ], [ -0.7979384, 48.3130465 ], [ -0.795365, 48.3128841 ], [ -0.7952968, 48.312387199999989 ], [ -0.7951873, 48.312272799999988 ], [ -0.794661, 48.3121662 ], [ -0.7934335, 48.3122407 ], [ -0.7928504, 48.3129936 ], [ -0.7927483, 48.3133382 ], [ -0.7921841, 48.3138094 ], [ -0.7914113, 48.314217 ], [ -0.7902414, 48.3145481 ], [ -0.7900298, 48.3143288 ], [ -0.7900163, 48.3141041 ], [ -0.7904611, 48.313642099999988 ], [ -0.7907544, 48.312914799999987 ], [ -0.7906633, 48.3116125 ], [ -0.7910169, 48.3107482 ], [ -0.790963, 48.3098501 ], [ -0.790532, 48.3088334 ], [ -0.790117, 48.3066335 ], [ -0.7898386, 48.3061795 ], [ -0.7890862, 48.3054424 ], [ -0.7887662, 48.3049924 ], [ -0.7887927, 48.3040854 ], [ -0.7891767, 48.3038686 ], [ -0.7890034, 48.3032427 ], [ -0.7879468, 48.3015615 ], [ -0.7880026, 48.3013796 ], [ -0.7901101, 48.3002744 ], [ -0.7806937, 48.2950505 ], [ -0.7874064, 48.2892843 ], [ -0.7887901, 48.2881986 ], [ -0.7907775, 48.2863883 ], [ -0.7982541, 48.279978 ], [ -0.8247025, 48.25755 ], [ -0.8225444, 48.256456 ], [ -0.8216887, 48.2556694 ], [ -0.8212234, 48.2546467 ], [ -0.821002, 48.2532126 ], [ -0.8206249, 48.2527734 ], [ -0.819436, 48.2520399 ], [ -0.8189358, 48.2515588 ], [ -0.8184691, 48.2505362 ], [ -0.8181114, 48.2490614 ], [ -0.8172781, 48.2477425 ], [ -0.8165508, 48.2468625 ], [ -0.8157763, 48.2462984 ], [ -0.8146787, 48.245967199999988 ], [ -0.814603, 48.2458345 ], [ -0.8148301, 48.2451335 ], [ -0.8131396, 48.2438946 ], [ -0.8128704, 48.2439014 ], [ -0.8103884, 48.2449949 ], [ -0.8097101, 48.2454429 ], [ -0.8085364, 48.246408599999988 ], [ -0.8081209, 48.2465373 ], [ -0.8078575, 48.2464944 ], [ -0.8072778, 48.2466104 ], [ -0.8057153, 48.2472913 ], [ -0.8053397, 48.2471692 ], [ -0.8046266, 48.247398499999989 ], [ -0.8034924, 48.2476052 ], [ -0.8033193, 48.2479162 ], [ -0.8022765, 48.2482686 ], [ -0.8009601, 48.2485668 ], [ -0.7990293, 48.2484253 ], [ -0.7979629, 48.2482624 ], [ -0.7971161, 48.2482472 ], [ -0.7958204, 48.2487023 ], [ -0.7951986, 48.2488331 ], [ -0.7950668, 48.2489689 ], [ -0.7943311, 48.2492222 ], [ -0.7919561, 48.2498434 ], [ -0.78709, 48.2520795 ], [ -0.7860823, 48.2521145 ], [ -0.7854189, 48.252024 ], [ -0.7843747, 48.2522458 ], [ -0.7841274, 48.2525032 ], [ -0.7824226, 48.2522785 ], [ -0.7815034, 48.2513675 ], [ -0.7814285, 48.2510745 ], [ -0.7801805, 48.2498857 ], [ -0.7792354, 48.2494773 ], [ -0.7784011, 48.248995 ], [ -0.7767518, 48.2485658 ], [ -0.7757382, 48.2481037 ], [ -0.7750447, 48.2479862 ], [ -0.7747707, 48.2477392 ], [ -0.7743883, 48.2476532 ], [ -0.7741297, 48.2473381 ], [ -0.7741105, 48.2472774 ], [ -0.7742573, 48.2472178 ], [ -0.77523, 48.2469777 ], [ -0.7761027, 48.2461139 ], [ -0.7765114, 48.2453235 ], [ -0.7771013, 48.2446912 ], [ -0.7747413, 48.244146 ], [ -0.7745843, 48.2439501 ], [ -0.7740555, 48.2436841 ], [ -0.7739195, 48.2433858 ], [ -0.7734904, 48.2430996 ], [ -0.7734334, 48.2427375 ], [ -0.7736836, 48.2419944 ], [ -0.7735744, 48.2418619 ], [ -0.7733341, 48.2418209 ], [ -0.7727812, 48.2409729 ], [ -0.772826, 48.2405436 ], [ -0.7727364, 48.2403294 ], [ -0.7721891, 48.2401055 ], [ -0.7717285, 48.2398121 ], [ -0.7713834, 48.2383818 ], [ -0.7714552, 48.23784 ], [ -0.7718434, 48.2375916 ], [ -0.7720123, 48.2370124 ], [ -0.7726484, 48.2362921 ], [ -0.7731253, 48.2355707 ], [ -0.7731291, 48.2350589 ], [ -0.7728038, 48.2350161 ], [ -0.7727742, 48.234791 ], [ -0.7730597, 48.2346729 ], [ -0.7730078, 48.2344935 ], [ -0.772759, 48.2345212 ], [ -0.7725533, 48.2343603 ], [ -0.7727067, 48.234168 ], [ -0.7717409, 48.2338043 ], [ -0.7717553, 48.2339867 ], [ -0.7716491, 48.2341045 ], [ -0.7713807, 48.234141 ], [ -0.7709605, 48.2338643 ], [ -0.7710648, 48.2335511 ], [ -0.7707949, 48.2334535 ], [ -0.7705795, 48.2335522 ], [ -0.770363, 48.233297 ], [ -0.769932, 48.2331333 ], [ -0.7694644, 48.2331744 ], [ -0.7688799, 48.2334479 ], [ -0.7683175, 48.2335217 ], [ -0.7664673, 48.2335177 ], [ -0.7656986, 48.2332891 ], [ -0.7653334, 48.2337817 ], [ -0.7650485, 48.2336062 ], [ -0.7648755, 48.2331478 ], [ -0.7647175, 48.2329934 ], [ -0.7640615, 48.2327558 ], [ -0.7638435, 48.2327429 ], [ -0.7622663, 48.2333525 ], [ -0.761781, 48.2333347 ], [ -0.7616489, 48.2333911 ], [ -0.7618055, 48.2349625 ], [ -0.7617049, 48.2355746 ], [ -0.7615328, 48.2358269 ], [ -0.7613837, 48.235684 ], [ -0.7600772, 48.2360814 ], [ -0.7605223, 48.2368392 ], [ -0.7606033, 48.2371807 ], [ -0.7600416, 48.2372463 ], [ -0.7590916, 48.2371793 ], [ -0.75871, 48.2374824 ], [ -0.7586417, 48.2379043 ], [ -0.7587432, 48.237947 ], [ -0.7585955, 48.2380697 ], [ -0.7586403, 48.2382061 ], [ -0.7580105, 48.2386595 ], [ -0.7568775, 48.237992 ], [ -0.7553455, 48.237593 ], [ -0.7549378, 48.2395733 ], [ -0.7551343, 48.2399274 ], [ -0.7537016, 48.2404494 ], [ -0.75372, 48.2407641 ], [ -0.7546156, 48.2431705 ], [ -0.7560922, 48.2442108 ], [ -0.7561023, 48.2443906 ], [ -0.7547842, 48.2448757 ], [ -0.7533119, 48.2451828 ], [ -0.7534256, 48.2453593 ], [ -0.7531503, 48.2453753 ], [ -0.7521072, 48.2456705 ], [ -0.7520567, 48.2455478 ], [ -0.7518572, 48.2455109 ], [ -0.7496079, 48.2461021 ], [ -0.7496113, 48.2468514 ], [ -0.7486057, 48.2466681 ], [ -0.7483064, 48.2465172 ], [ -0.7471925, 48.2464057 ], [ -0.746416, 48.2465997 ], [ -0.7463364, 48.2466941 ], [ -0.7438488, 48.2475756 ], [ -0.7435389, 48.2474845 ], [ -0.7427353, 48.2475064 ], [ -0.7411284, 48.247251 ], [ -0.7405539, 48.2469656 ], [ -0.7398267, 48.2467337 ], [ -0.7395213, 48.2467254 ], [ -0.7376216, 48.2469413 ], [ -0.7358779, 48.247609 ], [ -0.7346097, 48.2475834 ], [ -0.7338007, 48.2470153 ], [ -0.7334309, 48.2464397 ], [ -0.7329123, 48.2463345 ], [ -0.7322675, 48.2463134 ], [ -0.731677, 48.246106 ], [ -0.72984, 48.2469999 ], [ -0.728859, 48.2472399 ], [ -0.7287666, 48.2474959 ], [ -0.7284404, 48.2476323 ], [ -0.7282923, 48.2479982 ], [ -0.7281681, 48.2480733 ], [ -0.7279663, 48.2481364 ], [ -0.7272134, 48.2480944 ], [ -0.7266154, 48.2482763 ], [ -0.726534, 48.2484608 ], [ -0.7253039, 48.2485167 ], [ -0.7245435, 48.2481768 ], [ -0.723683, 48.2484237 ], [ -0.7225144, 48.2482236 ], [ -0.7205993, 48.2484722 ], [ -0.7193281, 48.2487861 ], [ -0.7179064, 48.2492803 ], [ -0.7174928, 48.2492672 ], [ -0.7130999, 48.2519437 ], [ -0.7119008, 48.2528614 ], [ -0.7113661, 48.2528151 ], [ -0.7100955, 48.2522587 ], [ -0.7093731, 48.251423 ], [ -0.7060267, 48.2506525 ], [ -0.7059434, 48.2503507 ], [ -0.7055314, 48.2502267 ], [ -0.7054492, 48.249959 ], [ -0.7059954, 48.249287 ], [ -0.7059432, 48.2486798 ], [ -0.7050929, 48.2487082 ], [ -0.7045838, 48.2480468 ], [ -0.7035822, 48.248207 ], [ -0.7026543, 48.2484559 ], [ -0.7019302, 48.2487452 ], [ -0.7009797, 48.2486345 ], [ -0.7008401, 48.2485479 ], [ -0.7010585, 48.2476826 ], [ -0.7009249, 48.2473544 ], [ -0.7007931, 48.24711 ], [ -0.7001278, 48.246566 ], [ -0.6994297, 48.2463996 ], [ -0.6991097, 48.246202499999988 ], [ -0.6980033, 48.2457913 ], [ -0.6980224, 48.2456213 ], [ -0.6978407, 48.2454153 ], [ -0.6956585, 48.2439884 ], [ -0.6949325, 48.2438084 ], [ -0.6939994, 48.2437709 ], [ -0.6934579, 48.2435483 ], [ -0.6933899, 48.243309 ], [ -0.6934715, 48.2431461 ], [ -0.694695, 48.2415171 ], [ -0.6955415, 48.2412231 ], [ -0.6956374, 48.2410535 ], [ -0.6947571, 48.2399019 ], [ -0.694128, 48.2396613 ], [ -0.6937688, 48.2397104 ], [ -0.6932139, 48.2395088 ], [ -0.6924059, 48.2383685 ], [ -0.6923632, 48.2377393 ], [ -0.6921076, 48.2374978 ], [ -0.6916209, 48.2374211 ], [ -0.6905742, 48.2375322 ], [ -0.6901477, 48.2373717 ], [ -0.689842, 48.2367804 ], [ -0.6899031, 48.2364786 ], [ -0.6892265, 48.2361151 ], [ -0.6889441, 48.2355871 ], [ -0.6888298, 48.2348205 ], [ -0.6889445, 48.2340702 ], [ -0.6884917, 48.2338231 ], [ -0.6881945, 48.2337567 ], [ -0.6880375, 48.233613 ], [ -0.6880552, 48.233481 ], [ -0.6884255, 48.233089299999989 ], [ -0.6882666, 48.2328988 ], [ -0.6883144, 48.2325613 ], [ -0.6865506, 48.232865 ], [ -0.6837061, 48.2331006 ], [ -0.6829133, 48.233080199999989 ], [ -0.681079, 48.2327429 ], [ -0.6773044, 48.2328839 ], [ -0.676168, 48.2329634 ], [ -0.6756949, 48.2330619 ], [ -0.6754288, 48.2331522 ], [ -0.6747982, 48.2337951 ], [ -0.6744629, 48.2344198 ], [ -0.6732917, 48.2351814 ], [ -0.6728969, 48.2357071 ], [ -0.6723874, 48.2366768 ], [ -0.6705861, 48.2383622 ], [ -0.6669911, 48.2411302 ], [ -0.6650857, 48.2421189 ], [ -0.662841, 48.2430172 ], [ -0.6608973, 48.2440772 ], [ -0.6579749, 48.2450856 ], [ -0.6575355, 48.2451073 ], [ -0.6568862, 48.2449815 ], [ -0.6561505, 48.2445827 ], [ -0.6554756, 48.2440866 ], [ -0.654722, 48.2439532 ], [ -0.653972, 48.2439701 ], [ -0.6528329, 48.2441305 ], [ -0.6522426, 48.2443109 ], [ -0.6519971, 48.2445238 ], [ -0.6516967, 48.2451312 ], [ -0.6515935, 48.2456667 ], [ -0.6515646, 48.2489481 ], [ -0.6516766, 48.2508163 ], [ -0.6515429, 48.2514563 ], [ -0.6515453, 48.2524255 ], [ -0.6517378, 48.2540363 ], [ -0.6525269, 48.2551846 ], [ -0.6528339, 48.2560335 ], [ -0.6530357, 48.2596644 ], [ -0.6518793, 48.2632391 ], [ -0.6507108, 48.2652991 ], [ -0.6496986, 48.2674155 ], [ -0.6493164, 48.2676425 ], [ -0.6484602, 48.2678842 ], [ -0.645679, 48.2683222 ], [ -0.6432351, 48.2688588 ], [ -0.6414479, 48.269000299999988 ], [ -0.6346681, 48.2706762 ], [ -0.63396, 48.2709916 ], [ -0.6324356, 48.2720698 ], [ -0.6308077, 48.2728035 ], [ -0.6303565, 48.2732064 ], [ -0.6297155, 48.2741052 ], [ -0.6292007, 48.2761106 ], [ -0.629138, 48.276807 ], [ -0.6291925, 48.2827679 ], [ -0.6294914, 48.2850095 ], [ -0.6293933, 48.2856421 ], [ -0.6321258, 48.2862842 ], [ -0.6325317, 48.2863185 ], [ -0.6326537, 48.2860905 ], [ -0.6329904, 48.286082 ], [ -0.6341128, 48.2864861 ], [ -0.6351833, 48.2850436 ], [ -0.6356403, 48.2842343 ], [ -0.637065, 48.2850686 ], [ -0.6370236, 48.2861498 ], [ -0.6364055, 48.2872253 ], [ -0.6364336, 48.2873389 ], [ -0.6370392, 48.2876076 ], [ -0.6371053, 48.2877235 ], [ -0.6374387, 48.2877835 ], [ -0.6379884, 48.2880306 ], [ -0.6321854, 48.2897496 ], [ -0.6317638, 48.2899808 ], [ -0.6303087, 48.2911277 ], [ -0.6222293, 48.2911022 ], [ -0.6213316, 48.2915096 ], [ -0.6204844, 48.2928489 ], [ -0.6204922, 48.2935259 ], [ -0.6205306, 48.2936488 ], [ -0.6230228, 48.2954663 ], [ -0.6226518, 48.2957567 ], [ -0.6225005, 48.2968621 ], [ -0.6220225, 48.2974496 ], [ -0.6216018, 48.2977987 ], [ -0.6212715, 48.2985319 ], [ -0.6202231, 48.2989698 ], [ -0.6200089, 48.2991292 ], [ -0.6197975, 48.2995159 ], [ -0.6195048, 48.299638 ], [ -0.6192399, 48.3000892 ], [ -0.6186589, 48.3006734 ], [ -0.6181727, 48.3010028 ], [ -0.6180849, 48.3013058 ], [ -0.6173976, 48.302144 ], [ -0.6173111, 48.3026772 ], [ -0.6165654, 48.303179 ], [ -0.6158733, 48.3042139 ], [ -0.6148678, 48.3047361 ], [ -0.6134206, 48.3045643 ], [ -0.6118146, 48.3046359 ], [ -0.611246, 48.305359 ], [ -0.6111946, 48.3057914 ], [ -0.6114181, 48.3064213 ], [ -0.6114389, 48.307296 ], [ -0.6118114, 48.3077311 ], [ -0.6129289, 48.3086406 ], [ -0.6129991, 48.3089013 ], [ -0.6128168, 48.3097843 ], [ -0.6131364, 48.3106489 ], [ -0.6125048, 48.3122502 ], [ -0.6123935, 48.3132496 ], [ -0.6115425, 48.3136338 ], [ -0.6058014, 48.314009 ], [ -0.6050975, 48.3147453 ], [ -0.60606, 48.3171844 ], [ -0.6072238, 48.3192048 ], [ -0.6066771, 48.3212496 ], [ -0.6040551, 48.3231908 ], [ -0.6083256, 48.3244912 ], [ -0.6094132, 48.3247281 ], [ -0.6155836, 48.3268003 ], [ -0.6142102, 48.3273936 ], [ -0.6007085, 48.330149399999989 ], [ -0.5988559, 48.3323433 ], [ -0.5986137, 48.3339526 ], [ -0.5991491, 48.3341213 ], [ -0.5994539, 48.3343705 ], [ -0.59978, 48.3342994 ], [ -0.6000914, 48.3344286 ], [ -0.6005938, 48.3347033 ], [ -0.6009991, 48.3351197 ], [ -0.6017173, 48.3354086 ], [ -0.6021321, 48.3348186 ], [ -0.6033084, 48.3335526 ], [ -0.6039587, 48.3326159 ], [ -0.6044212, 48.3328405 ], [ -0.6046741, 48.3327652 ], [ -0.6055693, 48.3327416 ], [ -0.606081, 48.3325206 ], [ -0.6070566, 48.3322702 ], [ -0.6070993, 48.3321843 ], [ -0.6076451, 48.332146 ], [ -0.6077879, 48.3320624 ], [ -0.608138, 48.3320851 ], [ -0.6083379, 48.3319871 ], [ -0.6084258, 48.3320484 ], [ -0.6088859, 48.3319821 ], [ -0.6099014, 48.3319979 ], [ -0.6102658, 48.332112 ], [ -0.611211, 48.3327569 ], [ -0.6118299, 48.3329172 ], [ -0.6121991, 48.3329041 ], [ -0.6131938, 48.332618 ], [ -0.6140503, 48.3325018 ], [ -0.6162362, 48.332507 ], [ -0.6182503, 48.3322149 ], [ -0.6189025, 48.3324093 ], [ -0.6194458, 48.3326881 ], [ -0.6195459, 48.333593799999989 ], [ -0.6201173, 48.3341636 ], [ -0.6222374, 48.3355271 ], [ -0.6221474, 48.3357704 ], [ -0.622311, 48.3359878 ], [ -0.6241924, 48.337238899999988 ], [ -0.6243338, 48.3374093 ], [ -0.6246271, 48.3383324 ], [ -0.6260492, 48.3406792 ], [ -0.6280809, 48.3430865 ], [ -0.6286978, 48.3434315 ], [ -0.6316198, 48.3473615 ], [ -0.6352919, 48.345461 ], [ -0.6400628, 48.3427313 ], [ -0.6420075, 48.3403784 ], [ -0.6451705, 48.339039 ], [ -0.6463829, 48.339008799999988 ], [ -0.6470443, 48.3387669 ], [ -0.6490135, 48.3366383 ], [ -0.6491465, 48.3354201 ], [ -0.6494475, 48.3350082 ], [ -0.6511746, 48.3333445 ], [ -0.6531412, 48.3323499 ], [ -0.6537878, 48.331839 ], [ -0.6544765, 48.3309216 ], [ -0.6560827, 48.3306918 ], [ -0.6561948, 48.330284 ], [ -0.6581325, 48.3299647 ], [ -0.6589126, 48.3294506 ], [ -0.6596693, 48.3287562 ], [ -0.6603432, 48.3275699 ], [ -0.6606089, 48.3263034 ], [ -0.6608754, 48.326251 ], [ -0.6612879, 48.3263761 ], [ -0.6623375, 48.3265138 ], [ -0.6636371, 48.3292144 ], [ -0.6639454, 48.3295101 ], [ -0.6647777, 48.3300185 ], [ -0.6653377, 48.3301659 ], [ -0.6684749, 48.3306046 ], [ -0.6720477, 48.3313801 ], [ -0.6732807, 48.3319002 ], [ -0.6738042, 48.3320461 ], [ -0.6756278, 48.3323173 ], [ -0.676779, 48.3323996 ], [ -0.6778231, 48.332631 ], [ -0.680332, 48.3336609 ], [ -0.6816478, 48.3347431 ], [ -0.6822067, 48.335067 ], [ -0.6852593, 48.3359691 ], [ -0.6879843, 48.3364931 ], [ -0.6892076, 48.3370809 ], [ -0.689847, 48.3372997 ], [ -0.6905479, 48.33772 ], [ -0.690986, 48.3378604 ], [ -0.6920191, 48.3379705 ], [ -0.6928072, 48.337766699999989 ], [ -0.6936714, 48.3376829 ], [ -0.6941678, 48.337481 ], [ -0.6947917, 48.3373616 ], [ -0.6955556, 48.3374089 ], [ -0.6956675, 48.3368866 ], [ -0.6973561, 48.3369248 ], [ -0.6977425, 48.3365993 ], [ -0.698203, 48.3354626 ], [ -0.6987049, 48.3348201 ], [ -0.6989715, 48.3347685 ], [ -0.7002031, 48.3350515 ], [ -0.7035238, 48.3362258 ], [ -0.7048169, 48.3373805 ], [ -0.705236, 48.3379231 ], [ -0.7055543, 48.3385869 ], [ -0.70677, 48.3396008 ], [ -0.7073046, 48.3402082 ], [ -0.7088011, 48.3409495 ], [ -0.7087767, 48.3411214 ], [ -0.7085206, 48.3413212 ], [ -0.7082732, 48.3434267 ], [ -0.7113297, 48.3481613 ], [ -0.7113692, 48.3488356 ], [ -0.7118051, 48.3493641 ], [ -0.7119251, 48.3502611 ], [ -0.7124203, 48.3506526 ], [ -0.7126426, 48.3510068 ], [ -0.7126924, 48.3516358 ], [ -0.7123222, 48.3522301 ], [ -0.7122729, 48.352546 ], [ -0.713947, 48.3535959 ], [ -0.7141246, 48.353585 ], [ -0.7146061, 48.3538392 ], [ -0.7147522, 48.3540138 ], [ -0.7148256, 48.3543835 ], [ -0.7152387, 48.3548371 ], [ -0.7154506, 48.3553114 ], [ -0.7157344, 48.3556358 ], [ -0.7160891, 48.3565253 ], [ -0.7169222, 48.3574323 ], [ -0.7172508, 48.3580858 ], [ -0.7169438, 48.3585034 ], [ -0.7166533, 48.3586188 ], [ -0.7165447, 48.3591284 ], [ -0.7166938, 48.3593831 ], [ -0.716937, 48.3594394 ], [ -0.7171729, 48.3597365 ], [ -0.7178032, 48.3600301 ], [ -0.7178534, 48.3605113 ], [ -0.7176501, 48.3611148 ], [ -0.717765, 48.3615165 ], [ -0.717697, 48.3618727 ] ], [ [ -0.6368856, 48.2992989 ], [ -0.6380546, 48.3001151 ], [ -0.6369043, 48.3002632 ], [ -0.636069, 48.3000195 ], [ -0.6349821, 48.299593 ], [ -0.6332543, 48.2986653 ], [ -0.6342603, 48.2981281 ], [ -0.6348117, 48.298071 ], [ -0.6352836, 48.2978958 ], [ -0.6368856, 48.2992989 ] ] ] ] } },
{ "type": "Feature", "properties": { "code_departement": 53.0, "code_rne": "0530827L", "multisecteur": 0.0 }, "geometry": { "type": "MultiPolygon", "coordinates": [ [ [ [ -0.5444779, 47.8118797 ], [ -0.54531, 47.81186 ], [ -0.5451978, 47.8116451 ], [ -0.5445624, 47.8115493 ], [ -0.5438854, 47.8118599 ], [ -0.5441929, 47.8118868 ], [ -0.5440064, 47.8120393 ], [ -0.5443033, 47.812161 ], [ -0.5444055, 47.812358 ], [ -0.5446067, 47.8124006 ], [ -0.5448617, 47.8124029 ], [ -0.5454411, 47.8120222 ], [ -0.5453154, 47.8118688 ], [ -0.5441792, 47.8119945 ], [ -0.5444779, 47.8118797 ] ] ], [ [ [ -0.7207075, 47.8010513 ], [ -0.7211656, 47.8013275 ], [ -0.722297, 47.801204899999988 ], [ -0.7227431, 47.8010312 ], [ -0.7208452, 47.8006888 ], [ -0.7207075, 47.8010513 ] ] ], [ [ [ -0.7269619, 47.8225394 ], [ -0.7262917, 47.8224217 ], [ -0.7262346, 47.8222668 ], [ -0.7258124, 47.8219156 ], [ -0.7255352, 47.8218246 ], [ -0.7251314, 47.8219223 ], [ -0.7246494, 47.8218893 ], [ -0.7245027, 47.8215617 ], [ -0.7248067, 47.8212205 ], [ -0.7248559, 47.8208855 ], [ -0.7252395, 47.8203844 ], [ -0.7266869, 47.8195879 ], [ -0.7271023, 47.8191469 ], [ -0.7360457, 47.8142811 ], [ -0.7313604, 47.8102927 ], [ -0.7308252, 47.8103472 ], [ -0.7222936, 47.8174695 ], [ -0.7223478, 47.8185665 ], [ -0.7230523, 47.8190853 ], [ -0.7230531, 47.819957 ], [ -0.7237156, 47.8203831 ], [ -0.7238045, 47.8208961 ], [ -0.7233504, 47.821327 ], [ -0.7231192, 47.8213835 ], [ -0.7230625, 47.8215221 ], [ -0.7233344, 47.8218937 ], [ -0.7232753, 47.8224954 ], [ -0.7231277, 47.8225554 ], [ -0.7227519, 47.822422 ], [ -0.722448, 47.8224397 ], [ -0.7219708, 47.822629 ], [ -0.7215428, 47.8224284 ], [ -0.721012, 47.822523 ], [ -0.7205333, 47.8224669 ], [ -0.7202209, 47.8228927 ], [ -0.7206248, 47.8230583 ], [ -0.7210605, 47.823054 ], [ -0.7211892, 47.8229248 ], [ -0.721965, 47.8227478 ], [ -0.7220394, 47.8239594 ], [ -0.7215783, 47.8241539 ], [ -0.7217925, 47.8241725 ], [ -0.7215499, 47.8242567 ], [ -0.7217005, 47.8242637 ], [ -0.7217005, 47.8243664 ], [ -0.7220308, 47.8244009 ], [ -0.7212855, 47.8244798 ], [ -0.7215196, 47.8246082 ], [ -0.7215334, 47.8249253 ], [ -0.7219226, 47.8249186 ], [ -0.7220579, 47.8248492 ], [ -0.722221, 47.824932 ], [ -0.7227333, 47.8249188 ], [ -0.722058, 47.824848 ], [ -0.7227293, 47.8247911 ], [ -0.7227289, 47.8247335 ], [ -0.7220515, 47.8247571 ], [ -0.722043, 47.8246133 ], [ -0.722733, 47.8245821 ], [ -0.7221699, 47.8243822 ], [ -0.7223665, 47.8243701 ], [ -0.7224333, 47.824254 ], [ -0.7223068, 47.8241622 ], [ -0.722417, 47.8241481 ], [ -0.7221816, 47.823980299999988 ], [ -0.7227093, 47.8240361 ], [ -0.7230111, 47.823707 ], [ -0.7226895, 47.8235247 ], [ -0.7226832, 47.8232868 ], [ -0.7229817, 47.8230788 ], [ -0.7235289, 47.8230918 ], [ -0.7238358, 47.8228083 ], [ -0.7243673, 47.8227745 ], [ -0.7249691, 47.8228802 ], [ -0.7253246, 47.8227516 ], [ -0.7259293, 47.8227257 ], [ -0.7262104, 47.823136 ], [ -0.7266509, 47.8232445 ], [ -0.7274737, 47.8228997 ], [ -0.7269619, 47.8225394 ] ], [ [ -0.7210651, 47.8226978 ], [ -0.7209124, 47.8225813 ], [ -0.7214077, 47.8225255 ], [ -0.7211079, 47.8227159 ], [ -0.7211659, 47.8228417 ], [ -0.720871, 47.8227735 ], [ -0.7210651, 47.8226978 ] ] ], [ [ [ -0.7197389, 47.8212089 ], [ -0.7202575, 47.8219765 ], [ -0.7206069, 47.8219685 ], [ -0.7207851, 47.8220362 ], [ -0.7207994, 47.8218093 ], [ -0.7209875, 47.8217115 ], [ -0.7206461, 47.8217678 ], [ -0.720628, 47.821925 ], [ -0.7205351, 47.8217458 ], [ -0.7209603, 47.8216129 ], [ -0.720583, 47.821674599999987 ], [ -0.7201099, 47.8215988 ], [ -0.7205106, 47.8212544 ], [ -0.7206951, 47.8211934 ], [ -0.7206013, 47.8211276 ], [ -0.7197389, 47.8212089 ] ] ], [ [ [ -0.7205817, 47.8240744 ], [ -0.7205102, 47.8241079 ], [ -0.7205629, 47.824231 ], [ -0.7206, 47.8242243 ], [ -0.7205817, 47.8240744 ] ] ], [ [ [ -0.7206599, 47.8242473 ], [ -0.7207297, 47.8243521 ], [ -0.7208374, 47.8242842 ], [ -0.7206599, 47.8242473 ] ] ], [ [ [ -0.7224565, 47.825114199999987 ], [ -0.7226996, 47.8249731 ], [ -0.7223042, 47.8249894 ], [ -0.7224565, 47.825114199999987 ] ] ], [ [ [ -0.7224721, 47.8253419 ], [ -0.7224401, 47.8251358 ], [ -0.7221099, 47.824986 ], [ -0.7221119, 47.8251774 ], [ -0.7223496, 47.825527699999988 ], [ -0.7224721, 47.8253419 ] ] ], [ [ [ -0.7219998, 47.8260251 ], [ -0.7220516, 47.8253182 ], [ -0.7217893, 47.8251937 ], [ -0.7218803, 47.8249657 ], [ -0.7215124, 47.8250074 ], [ -0.7216655, 47.8252217 ], [ -0.7214409, 47.8256208 ], [ -0.7217422, 47.8260824 ], [ -0.7219998, 47.8260251 ] ] ], [ [ [ -0.7210378, 47.8309343 ], [ -0.721086, 47.8306763 ], [ -0.7209237, 47.8307081 ], [ -0.7208577, 47.8309624 ], [ -0.7210378, 47.8309343 ] ] ], [ [ [ -0.7230211, 47.8309836 ], [ -0.7230004, 47.8306358 ], [ -0.7229485, 47.8306335 ], [ -0.722883, 47.8309729 ], [ -0.7230211, 47.8309836 ] ] ], [ [ [ -0.7234972, 47.8307139 ], [ -0.7231823, 47.8306482 ], [ -0.7231742, 47.8310122 ], [ -0.7229743, 47.8311139 ], [ -0.7227961, 47.8310128 ], [ -0.7226219, 47.8306589 ], [ -0.7226302, 47.8309957 ], [ -0.7224848, 47.8311186 ], [ -0.7223402, 47.8309999 ], [ -0.7224999, 47.8309956 ], [ -0.7223852, 47.8306687 ], [ -0.7223391, 47.8309998 ], [ -0.7222054, 47.8310718 ], [ -0.722168, 47.8306764 ], [ -0.721657, 47.8306965 ], [ -0.721657, 47.8309658 ], [ -0.7219948, 47.8311344 ], [ -0.722035, 47.8312404 ], [ -0.7216266, 47.8310748 ], [ -0.7215912, 47.831117 ], [ -0.7213558, 47.8306794 ], [ -0.7211856, 47.8310718 ], [ -0.720915, 47.8310588 ], [ -0.7208473, 47.830965 ], [ -0.7202706, 47.8309915 ], [ -0.7202162, 47.8308754 ], [ -0.7204372, 47.8309097 ], [ -0.7204686, 47.8306531 ], [ -0.7201262, 47.8306442 ], [ -0.7200488, 47.830895 ], [ -0.7198499, 47.8305356 ], [ -0.7194631, 47.8306174 ], [ -0.7194454, 47.8307763 ], [ -0.719816, 47.8307203 ], [ -0.7197462, 47.8310537 ], [ -0.7199243, 47.831215 ], [ -0.7207317, 47.8313549 ], [ -0.7212302, 47.8312701 ], [ -0.7218885, 47.8314337 ], [ -0.7220375, 47.8313653 ], [ -0.723381, 47.8313617 ], [ -0.7235574, 47.8313035 ], [ -0.7238146, 47.8310514 ], [ -0.7234533, 47.8311139 ], [ -0.7233397, 47.8310108 ], [ -0.7235145, 47.8310045 ], [ -0.7234972, 47.8307139 ] ] ], [ [ [ -0.7245999, 47.830892399999989 ], [ -0.7241901, 47.8307871 ], [ -0.7239666, 47.8310516 ], [ -0.7244328, 47.8313807 ], [ -0.7245999, 47.830892399999989 ] ] ], [ [ [ -0.7263378, 47.8306928 ], [ -0.7260957, 47.8306267 ], [ -0.72577, 47.831207 ], [ -0.7255261, 47.8311475 ], [ -0.7256077, 47.8310877 ], [ -0.7254164, 47.8305978 ], [ -0.7252507, 47.8311188 ], [ -0.7250692, 47.831092 ], [ -0.7252304, 47.8305804 ], [ -0.725129, 47.8305781 ], [ -0.7248166, 47.8308142 ], [ -0.7249605, 47.8310842 ], [ -0.7246643, 47.8316229 ], [ -0.725347, 47.8316445 ], [ -0.7256732, 47.8315513 ], [ -0.7258226, 47.8312771 ], [ -0.7264492, 47.8309171 ], [ -0.7263378, 47.8306928 ] ] ], [ [ [ -0.7264384, 47.83178 ], [ -0.726585, 47.8320251 ], [ -0.7272046, 47.8314469 ], [ -0.7268395, 47.8312102 ], [ -0.7264384, 47.83178 ] ] ], [ [ [ -0.7288849, 47.8319087 ], [ -0.7285665, 47.8317408 ], [ -0.727992, 47.8316682 ], [ -0.7281135, 47.8320995 ], [ -0.7288849, 47.8319087 ] ] ], [ [ [ -0.7297856, 47.8323715 ], [ -0.7296846, 47.8322455 ], [ -0.7291318, 47.8325293 ], [ -0.7290313, 47.832468 ], [ -0.729396, 47.8320601 ], [ -0.7289914, 47.831989 ], [ -0.7282346, 47.8325945 ], [ -0.7287338, 47.8327289 ], [ -0.7290567, 47.8326535 ], [ -0.7295496, 47.832656299999989 ], [ -0.7297652, 47.8325673 ], [ -0.7297856, 47.8323715 ] ] ], [ [ [ -0.7267163, 47.8322487 ], [ -0.7271264, 47.8328013 ], [ -0.7275413, 47.8327026 ], [ -0.7274436, 47.8320273 ], [ -0.7267163, 47.8322487 ] ] ], [ [ [ -0.7255712, 47.8356956 ], [ -0.7249842, 47.8356959 ], [ -0.7245878, 47.8359042 ], [ -0.7241102, 47.8358969 ], [ -0.7236537, 47.8356715 ], [ -0.7232335, 47.8358187 ], [ -0.7228422, 47.835832 ], [ -0.7225215, 47.8355948 ], [ -0.7214602, 47.8353106 ], [ -0.7210452, 47.8356018 ], [ -0.7205707, 47.8355613 ], [ -0.7199756, 47.8356823 ], [ -0.7202409, 47.8361185 ], [ -0.7204517, 47.8356911 ], [ -0.7206281, 47.8357553 ], [ -0.7206262, 47.8362986 ], [ -0.7207678, 47.8359448 ], [ -0.7210032, 47.8357526 ], [ -0.7211618, 47.8359041 ], [ -0.7211426, 47.8363637 ], [ -0.7212139, 47.8363879 ], [ -0.7216113, 47.8360878 ], [ -0.7220304, 47.8360212 ], [ -0.7221972, 47.8360823 ], [ -0.7224185, 47.8360429 ], [ -0.722781, 47.8361978 ], [ -0.7230341, 47.836081799999988 ], [ -0.7234329, 47.836165 ], [ -0.7231163, 47.8360482 ], [ -0.7232073, 47.8360186 ], [ -0.7233528, 47.8360395 ], [ -0.7234405, 47.8361455 ], [ -0.7237147, 47.8360471 ], [ -0.7240097, 47.836252 ], [ -0.7245408, 47.8361959 ], [ -0.7247544, 47.8363766 ], [ -0.7248249, 47.8366305 ], [ -0.7255036, 47.8364941 ], [ -0.7254592, 47.8359919 ], [ -0.7255712, 47.8356956 ] ] ], [ [ [ -0.736454, 47.8359631 ], [ -0.7365354, 47.8330447 ], [ -0.7358404, 47.8332498 ], [ -0.7340939, 47.8346418 ], [ -0.7331091, 47.8355712 ], [ -0.732249, 47.8354497 ], [ -0.7316754, 47.835532 ], [ -0.7314692, 47.835890299999988 ], [ -0.7316504, 47.8366857 ], [ -0.7323434, 47.8386714 ], [ -0.7335626, 47.8382771 ], [ -0.7346559, 47.8377972 ], [ -0.7359964, 47.8361422 ], [ -0.736454, 47.8359631 ] ] ], [ [ [ -0.7265931, 47.8364553 ], [ -0.7264815, 47.8373392 ], [ -0.7265565, 47.8382447 ], [ -0.7279696, 47.8378065 ], [ -0.7297311, 47.8377659 ], [ -0.7296982, 47.8375711 ], [ -0.7303776, 47.8366647 ], [ -0.7306663, 47.8365781 ], [ -0.7314452, 47.8358984 ], [ -0.7304488, 47.8361664 ], [ -0.7290754, 47.8359743 ], [ -0.7287866, 47.8356356 ], [ -0.728161, 47.8352069 ], [ -0.728051, 47.8350267 ], [ -0.7271495, 47.8348911 ], [ -0.726116, 47.8352139 ], [ -0.7255742, 47.8356939 ], [ -0.7265931, 47.8364553 ] ] ], [ [ [ -0.7208845, 47.837751 ], [ -0.7209785, 47.8378855 ], [ -0.7213692, 47.8377882 ], [ -0.7214257, 47.8376443 ], [ -0.7212962, 47.8374934 ], [ -0.7210389, 47.8376059 ], [ -0.7209796, 47.8373789 ], [ -0.7208366, 47.8373577 ], [ -0.7210263, 47.83724 ], [ -0.7212576, 47.8373839 ], [ -0.7214593, 47.8373818 ], [ -0.7214389, 47.8374834 ], [ -0.7215711, 47.8375277 ], [ -0.7215717, 47.8377005 ], [ -0.721716, 47.8377878 ], [ -0.7215741, 47.8378521 ], [ -0.7215828, 47.8379852 ], [ -0.7222537, 47.8379377 ], [ -0.7219654, 47.8374776 ], [ -0.7220716, 47.836913 ], [ -0.7215797, 47.8367335 ], [ -0.7209635, 47.8370685 ], [ -0.7205669, 47.8369964 ], [ -0.7204996, 47.8375136 ], [ -0.7205692, 47.8376235 ], [ -0.7208845, 47.837751 ] ] ], [ [ [ -0.7290751, 47.8402646 ], [ -0.7280756, 47.8410388 ], [ -0.7276408, 47.8416119 ], [ -0.7279115, 47.8415951 ], [ -0.7276526, 47.8421625 ], [ -0.7298215, 47.8403136 ], [ -0.7290751, 47.8402646 ] ] ], [ [ [ -0.7466856, 47.8529968 ], [ -0.7482204, 47.852818 ], [ -0.7491771, 47.8523851 ], [ -0.7402534, 47.842495 ], [ -0.7363952, 47.8438408 ], [ -0.7345222, 47.8452388 ], [ -0.7293516, 47.8535792 ], [ -0.7299297, 47.854024 ], [ -0.7298398, 47.8542124 ], [ -0.729944, 47.8544569 ], [ -0.7308227, 47.8548073 ], [ -0.7311264, 47.8550139 ], [ -0.7315091, 47.8555838 ], [ -0.7316165, 47.8556263 ], [ -0.7318565, 47.8555169 ], [ -0.7323743, 47.8557409 ], [ -0.7327716, 47.855585 ], [ -0.7361628, 47.8553031 ], [ -0.7371044, 47.8549109 ], [ -0.7375154, 47.8545689 ], [ -0.7391563, 47.8542598 ], [ -0.7405372, 47.8536049 ], [ -0.7413245, 47.8533608 ], [ -0.7429771, 47.8530477 ], [ -0.7443586, 47.8529909 ], [ -0.7451376, 47.852857 ], [ -0.7466856, 47.8529968 ] ] ], [ [ [ -0.7140151, 47.8179098 ], [ -0.7142024, 47.8178884 ], [ -0.7143915, 47.8175421 ], [ -0.7141921, 47.8178004 ], [ -0.7140151, 47.8179098 ] ] ], [ [ [ -0.714241, 47.8179161 ], [ -0.7144147, 47.8177714 ], [ -0.7144463, 47.8177232 ], [ -0.714241, 47.8179161 ] ] ], [ [ [ -0.7145523, 47.8180421 ], [ -0.7147289, 47.818083 ], [ -0.7148787, 47.8177199 ], [ -0.7145523, 47.8180421 ] ] ], [ [ [ -0.7143884, 47.8179786 ], [ -0.714522, 47.8180136 ], [ -0.7145626, 47.8178753 ], [ -0.7143884, 47.8179786 ] ] ], [ [ [ -0.7142566, 47.8179592 ], [ -0.7142576, 47.818031 ], [ -0.7143538, 47.8178798 ], [ -0.7142566, 47.8179592 ] ] ], [ [ [ -0.7152236, 47.8177274 ], [ -0.7150436, 47.8177861 ], [ -0.7147519, 47.8181544 ], [ -0.7148509, 47.8180917 ], [ -0.7149631, 47.8181931 ], [ -0.7151465, 47.8179672 ], [ -0.7153872, 47.8180363 ], [ -0.7154729, 47.8179793 ], [ -0.715411, 47.8179404 ], [ -0.7156872, 47.8178647 ], [ -0.7152236, 47.8177274 ] ] ], [ [ [ -0.7151718, 47.8182205 ], [ -0.715182, 47.8180524 ], [ -0.7150446, 47.818206 ], [ -0.7151718, 47.8182205 ] ] ], [ [ [ -0.7142054, 47.8197701 ], [ -0.7141022, 47.8195494 ], [ -0.7141679, 47.8192873 ], [ -0.7139214, 47.8197134 ], [ -0.7139998, 47.8198223 ], [ -0.7142054, 47.8197701 ] ] ], [ [ [ -0.7106619, 47.8225056 ], [ -0.7108905, 47.8223478 ], [ -0.7105753, 47.8223213 ], [ -0.7106619, 47.8225056 ] ] ], [ [ [ -0.7102556, 47.8226325 ], [ -0.7103163, 47.8226128 ], [ -0.7102969, 47.8225575 ], [ -0.7102556, 47.8226325 ] ] ], [ [ [ -0.7190977, 47.8225287 ], [ -0.7189893, 47.8223037 ], [ -0.7184894, 47.8221751 ], [ -0.7188301, 47.8226129 ], [ -0.7190977, 47.8225287 ] ] ], [ [ [ -0.7100647, 47.82248 ], [ -0.7099344, 47.8226664 ], [ -0.7099973, 47.8229638 ], [ -0.7106011, 47.8229435 ], [ -0.7104699, 47.8226422 ], [ -0.7105755, 47.8225817 ], [ -0.7109659, 47.8228413 ], [ -0.7105573, 47.8225548 ], [ -0.7105501, 47.82248 ], [ -0.710649, 47.8225091 ], [ -0.7104852, 47.8223936 ], [ -0.7101143, 47.8224643 ], [ -0.7104277, 47.8225724 ], [ -0.710471, 47.8224728 ], [ -0.710536, 47.8225539 ], [ -0.7101752, 47.8226925 ], [ -0.7101294, 47.8227925 ], [ -0.7100729, 47.8226698 ], [ -0.7102366, 47.8226297 ], [ -0.7100647, 47.82248 ] ] ], [ [ [ -0.7108574, 47.8224883 ], [ -0.7107135, 47.822516 ], [ -0.7109673, 47.822840799999987 ], [ -0.7110297, 47.8228269 ], [ -0.7108574, 47.8224883 ] ] ], [ [ [ -0.7192008, 47.8231307 ], [ -0.7188923, 47.8231587 ], [ -0.719005, 47.8230641 ], [ -0.7188966, 47.8229248 ], [ -0.7194128, 47.8227593 ], [ -0.7192019, 47.8225938 ], [ -0.71881, 47.8227938 ], [ -0.7188207, 47.822903 ], [ -0.718469, 47.8228319 ], [ -0.7184263, 47.8226287 ], [ -0.7186788, 47.8227165 ], [ -0.7184571, 47.8225321 ], [ -0.7184161, 47.8226113 ], [ -0.7174008, 47.8224106 ], [ -0.717265, 47.8225175 ], [ -0.7176141, 47.8233454 ], [ -0.7176625, 47.8243453 ], [ -0.7177951, 47.8245451 ], [ -0.7188161, 47.8240461 ], [ -0.719631, 47.8234944 ], [ -0.71979, 47.8235443 ], [ -0.7200135, 47.8230952 ], [ -0.719391, 47.8233533 ], [ -0.7192232, 47.8232182 ], [ -0.7194328, 47.8232011 ], [ -0.7199176, 47.8229164 ], [ -0.7197786, 47.8228846 ], [ -0.7192008, 47.8231307 ] ] ], [ [ [ -0.7194042, 47.8250439 ], [ -0.7207171, 47.8243725 ], [ -0.7204325, 47.8242838 ], [ -0.7204372, 47.8239918 ], [ -0.7203103, 47.8240981 ], [ -0.7202288, 47.8239748 ], [ -0.7203445, 47.8239895 ], [ -0.7203605, 47.8238611 ], [ -0.720182, 47.8238809 ], [ -0.7200392, 47.8240086 ], [ -0.7200687, 47.8238335 ], [ -0.7202284, 47.8237809 ], [ -0.7200123, 47.8237715 ], [ -0.7199805, 47.8237042 ], [ -0.7180505, 47.8251063 ], [ -0.7180788, 47.8251809 ], [ -0.7194042, 47.8250439 ] ] ], [ [ [ -0.7146673, 47.8285392 ], [ -0.7146611, 47.8287105 ], [ -0.7148276, 47.8290216 ], [ -0.7152508, 47.828772 ], [ -0.7148205, 47.8287492 ], [ -0.7150554, 47.8286374 ], [ -0.7146673, 47.8285392 ] ] ], [ [ [ -0.716441, 47.8288754 ], [ -0.7167693, 47.8287687 ], [ -0.7171093, 47.829005 ], [ -0.7175142, 47.8287042 ], [ -0.7175928, 47.8287499 ], [ -0.7174891, 47.8288852 ], [ -0.7175856, 47.829257 ], [ -0.7181593, 47.8291861 ], [ -0.7178574, 47.8292766 ], [ -0.7181268, 47.8293988 ], [ -0.7179529, 47.8295018 ], [ -0.7170523, 47.8296993 ], [ -0.7173614, 47.82989 ], [ -0.7179587, 47.8297414 ], [ -0.7179655, 47.8295525 ], [ -0.7183425, 47.8296732 ], [ -0.7180328, 47.830274 ], [ -0.7181577, 47.8303092 ], [ -0.718412, 47.8301554 ], [ -0.7183725, 47.8298154 ], [ -0.7185796, 47.8299038 ], [ -0.718594, 47.829649 ], [ -0.7188251, 47.8298526 ], [ -0.7185947, 47.8299092 ], [ -0.7185813, 47.8300972 ], [ -0.7188335, 47.8300732 ], [ -0.7189812, 47.8299737 ], [ -0.7192483, 47.8299828 ], [ -0.7194072, 47.829883 ], [ -0.7193693, 47.829601 ], [ -0.7191305, 47.8295828 ], [ -0.7189299, 47.8294363 ], [ -0.7189256, 47.8292526 ], [ -0.719177, 47.8291038 ], [ -0.7190992, 47.8285592 ], [ -0.718763, 47.8283505 ], [ -0.7171072, 47.8277301 ], [ -0.7167802, 47.8275149 ], [ -0.7162879, 47.8274959 ], [ -0.7158901, 47.8276157 ], [ -0.715615, 47.8278159 ], [ -0.7149011, 47.8281048 ], [ -0.7146805, 47.8277878 ], [ -0.7143635, 47.8279023 ], [ -0.7144272, 47.8281787 ], [ -0.714609, 47.8282502 ], [ -0.7146675, 47.8285383 ], [ -0.715115, 47.8284884 ], [ -0.7147664, 47.8284182 ], [ -0.71496, 47.8281492 ], [ -0.7150211, 47.8283817 ], [ -0.7153571, 47.8284243 ], [ -0.7150941, 47.8286628 ], [ -0.7153309, 47.8288262 ], [ -0.7155131, 47.8287707 ], [ -0.7155122, 47.8284827 ], [ -0.7160346, 47.828474 ], [ -0.7159703, 47.8287844 ], [ -0.7160781, 47.8287926 ], [ -0.716136, 47.8285114 ], [ -0.7163158, 47.8286005 ], [ -0.7161193, 47.8288412 ], [ -0.7163255, 47.8287815 ], [ -0.7163763, 47.8286599 ], [ -0.7165116, 47.8287024 ], [ -0.716441, 47.8288754 ] ] ], [ [ [ -0.7107047, 47.8288714 ], [ -0.7102058, 47.8291816 ], [ -0.7097851, 47.8291705 ], [ -0.70994, 47.8289426 ], [ -0.7098521, 47.828893 ], [ -0.7101104, 47.8287912 ], [ -0.7098864, 47.8286897 ], [ -0.7102278, 47.8285902 ], [ -0.7100906, 47.8284067 ], [ -0.7097973, 47.8284752 ], [ -0.7098075, 47.8286741 ], [ -0.7088992, 47.829202 ], [ -0.7090273, 47.8295515 ], [ -0.7091555, 47.829645 ], [ -0.7093554, 47.8294924 ], [ -0.7097493, 47.829358 ], [ -0.7099614, 47.8294846 ], [ -0.7103146, 47.8299138 ], [ -0.7109683, 47.8295265 ], [ -0.7112392, 47.8294803 ], [ -0.7111779, 47.8293167 ], [ -0.7107047, 47.8288714 ] ] ], [ [ [ -0.7175766, 47.8292653 ], [ -0.7174193, 47.8293235 ], [ -0.7173839, 47.8291655 ], [ -0.7171003, 47.8290316 ], [ -0.7167987, 47.8290521 ], [ -0.7166184, 47.8289075 ], [ -0.7165443, 47.8289889 ], [ -0.7163422, 47.8288631 ], [ -0.7156583, 47.8288072 ], [ -0.7157389, 47.8287738 ], [ -0.7156433, 47.8285716 ], [ -0.7156205, 47.8287842 ], [ -0.7153896, 47.8289013 ], [ -0.7159702, 47.8293495 ], [ -0.7165885, 47.8294417 ], [ -0.7170523, 47.8296993 ], [ -0.7178447, 47.8294219 ], [ -0.7175766, 47.8292653 ] ] ], [ [ [ -0.7142797, 47.8295924 ], [ -0.7140523, 47.8296662 ], [ -0.7137623, 47.8293205 ], [ -0.7133997, 47.8296139 ], [ -0.7132761, 47.8296272 ], [ -0.7130633, 47.8295301 ], [ -0.7126781, 47.8291342 ], [ -0.7125909, 47.8291797 ], [ -0.7126148, 47.8295245 ], [ -0.7124195, 47.829608699999987 ], [ -0.7122465, 47.8295679 ], [ -0.7122802, 47.8295148 ], [ -0.7124218, 47.829579 ], [ -0.7124676, 47.8292138 ], [ -0.7118587, 47.8292181 ], [ -0.7116566, 47.8295226 ], [ -0.7118517, 47.8299117 ], [ -0.7132968, 47.8301218 ], [ -0.7137782, 47.8299065 ], [ -0.7142301, 47.8299367 ], [ -0.7142797, 47.8295924 ] ] ], [ [ [ -0.710602, 47.8307076 ], [ -0.7104403, 47.8308992 ], [ -0.7104757, 47.8309483 ], [ -0.7106447, 47.8308065 ], [ -0.710602, 47.8307076 ] ] ], [ [ [ -0.7134176, 47.83398 ], [ -0.7143827, 47.8336785 ], [ -0.714091, 47.833273 ], [ -0.7132119, 47.8329237 ], [ -0.7127115, 47.8332164 ], [ -0.7113492, 47.8327866 ], [ -0.7113458, 47.8330954 ], [ -0.7116199, 47.8334024 ], [ -0.7126549, 47.8333883 ], [ -0.7133098, 47.833592 ], [ -0.7134176, 47.83398 ] ] ], [ [ [ -0.7201202, 47.8350514 ], [ -0.7193702, 47.8349888 ], [ -0.7195022, 47.8351302 ], [ -0.7195297, 47.8355395 ], [ -0.7197212, 47.8353805 ], [ -0.7198944, 47.8353755 ], [ -0.7201202, 47.8350514 ] ] ], [ [ [ -0.7056585, 47.8162528 ], [ -0.7055361, 47.8169926 ], [ -0.7063889, 47.8167293 ], [ -0.7070075, 47.8160463 ], [ -0.7064133, 47.8158288 ], [ -0.7056585, 47.8162528 ] ] ], [ [ [ -0.709111, 47.8226317 ], [ -0.7091165, 47.8226869 ], [ -0.7091488, 47.8226504 ], [ -0.709111, 47.8226317 ] ] ], [ [ [ -0.7090107, 47.8227713 ], [ -0.7090605, 47.822841399999987 ], [ -0.709137, 47.8227276 ], [ -0.7093309, 47.8232598 ], [ -0.7095379, 47.8230757 ], [ -0.7099192, 47.8229757 ], [ -0.7098458, 47.8226961 ], [ -0.7097089, 47.8226898 ], [ -0.7097042, 47.8225301 ], [ -0.709539, 47.8225932 ], [ -0.7094225, 47.8222905 ], [ -0.7093144, 47.8223729 ], [ -0.7095608, 47.822821 ], [ -0.7093027, 47.8226507 ], [ -0.7094421, 47.822611699999989 ], [ -0.7092841, 47.8225287 ], [ -0.7093271, 47.8226066 ], [ -0.7090661, 47.8225287 ], [ -0.7095353, 47.822959 ], [ -0.7092298, 47.8226819 ], [ -0.7093846, 47.8228886 ], [ -0.7090424, 47.8226528 ], [ -0.7089072, 47.8227133 ], [ -0.7086734, 47.8224942 ], [ -0.7084317, 47.822794 ], [ -0.7086216, 47.822845 ], [ -0.7087481, 47.8226706 ], [ -0.7087645, 47.822986 ], [ -0.7088121, 47.8228216 ], [ -0.7090107, 47.8227713 ] ] ], [ [ [ -0.7081249, 47.822791 ], [ -0.7079597, 47.8226938 ], [ -0.7079346, 47.8228305 ], [ -0.7081251, 47.8228051 ], [ -0.7082883, 47.823048 ], [ -0.7083889, 47.823031 ], [ -0.7084005, 47.822845 ], [ -0.7082602, 47.8228126 ], [ -0.7082599, 47.8226468 ], [ -0.7081249, 47.822791 ] ] ], [ [ [ -0.7098189, 47.8246192 ], [ -0.7097421, 47.8244377 ], [ -0.7094035, 47.8244576 ], [ -0.7095731, 47.8245956 ], [ -0.7098189, 47.8246192 ] ] ], [ [ [ -0.6940879, 47.8248518 ], [ -0.6942516, 47.824735 ], [ -0.6946762, 47.8249686 ], [ -0.6952354, 47.8249614 ], [ -0.6962629, 47.824495399999989 ], [ -0.6964275, 47.8240307 ], [ -0.696258, 47.8236971 ], [ -0.6970353, 47.8230816 ], [ -0.6994052, 47.8222099 ], [ -0.6995789, 47.8214272 ], [ -0.7006941, 47.821325 ], [ -0.7024262, 47.821325 ], [ -0.7029538, 47.8214091 ], [ -0.7031893, 47.8215058 ], [ -0.7033032, 47.8216684 ], [ -0.7031819, 47.8217938 ], [ -0.703411, 47.8220913 ], [ -0.703806, 47.8219727 ], [ -0.7037723, 47.822098 ], [ -0.7034533, 47.8221749 ], [ -0.7036196, 47.8222568 ], [ -0.7038524, 47.8221905 ], [ -0.7040669, 47.8218081 ], [ -0.7045087, 47.8214156 ], [ -0.7044425, 47.821180399999989 ], [ -0.7039905, 47.8209691 ], [ -0.7030084, 47.8211867 ], [ -0.7031141, 47.8210415 ], [ -0.7039195, 47.8208397 ], [ -0.7038556, 47.8206133 ], [ -0.7028908, 47.8202628 ], [ -0.7028965, 47.8199056 ], [ -0.7023966, 47.819448099999988 ], [ -0.7021502, 47.8196242 ], [ -0.7011271, 47.820054 ], [ -0.7013287, 47.8198325 ], [ -0.7020506, 47.8194964 ], [ -0.7017217, 47.8192403 ], [ -0.7017596, 47.8191302 ], [ -0.7012367, 47.8190229 ], [ -0.6999407, 47.8196615 ], [ -0.6988572, 47.8203299 ], [ -0.6979631, 47.819629 ], [ -0.6968614, 47.8189364 ], [ -0.6956741, 47.8177676 ], [ -0.6944251, 47.8170945 ], [ -0.6938597, 47.8163698 ], [ -0.6928318, 47.8155455 ], [ -0.6910597, 47.8144196 ], [ -0.6904746, 47.8138055 ], [ -0.6884644, 47.8121597 ], [ -0.6848197, 47.815743 ], [ -0.683581, 47.8161554 ], [ -0.6816152, 47.8165195 ], [ -0.6811228, 47.8165336 ], [ -0.6799875, 47.8160836 ], [ -0.679439, 47.8157569 ], [ -0.6790441, 47.8153676 ], [ -0.6786922, 47.8143266 ], [ -0.6793537, 47.8105947 ], [ -0.6795035, 47.8079128 ], [ -0.6805674, 47.807842 ], [ -0.6807871, 47.8074405 ], [ -0.6815598, 47.8075135 ], [ -0.681833, 47.8073256 ], [ -0.6824809, 47.8072944 ], [ -0.6826317, 47.8072131 ], [ -0.6831475, 47.8073798 ], [ -0.6855464, 47.8066205 ], [ -0.6856395, 47.80725 ], [ -0.6861394, 47.8071487 ], [ -0.6863007, 47.8071031 ], [ -0.6875711, 47.8058864 ], [ -0.688286, 47.8064739 ], [ -0.6887362, 47.8058308 ], [ -0.6878557, 47.8031834 ], [ -0.6906743, 47.8028289 ], [ -0.6905996, 47.8022537 ], [ -0.6903526, 47.8019506 ], [ -0.6899132, 47.8018635 ], [ -0.6891244, 47.8019046 ], [ -0.6889179, 47.8009335 ], [ -0.6901677, 47.8008869 ], [ -0.6901299, 47.8002268 ], [ -0.6906062, 47.8001721 ], [ -0.6906742, 47.7988203 ], [ -0.6911214, 47.7985981 ], [ -0.6912359, 47.798398 ], [ -0.6911033, 47.7981635 ], [ -0.6905498, 47.7978178 ], [ -0.6910565, 47.7973549 ], [ -0.69174, 47.7976073 ], [ -0.6924693, 47.7982889 ], [ -0.6931805, 47.7980547 ], [ -0.693479, 47.7980399 ], [ -0.6938281, 47.7973874 ], [ -0.6939025, 47.7970138 ], [ -0.6936612, 47.7967169 ], [ -0.693644, 47.7964886 ], [ -0.6945255, 47.79655 ], [ -0.6951826, 47.7963653 ], [ -0.6974588, 47.7963898 ], [ -0.6978484, 47.7959162 ], [ -0.69883, 47.7951869 ], [ -0.6989247, 47.7950298 ], [ -0.6987193, 47.7943462 ], [ -0.6996119, 47.7935494 ], [ -0.6994564, 47.7933705 ], [ -0.6992713, 47.7915167 ], [ -0.6997841, 47.7911428 ], [ -0.6998428, 47.7910067 ], [ -0.6995563, 47.7907517 ], [ -0.6994555, 47.790071 ], [ -0.6970707, 47.7905392 ], [ -0.6971945, 47.7890315 ], [ -0.6967098, 47.788213399999989 ], [ -0.6987908, 47.7880891 ], [ -0.6989015, 47.7867773 ], [ -0.7004562, 47.786948 ], [ -0.7020199, 47.7869211 ], [ -0.7010014, 47.7851765 ], [ -0.7009084, 47.7847821 ], [ -0.7000382, 47.7841113 ], [ -0.6995732, 47.783307 ], [ -0.6986752, 47.7825434 ], [ -0.6982639, 47.7819356 ], [ -0.6995944, 47.7819593 ], [ -0.6995157, 47.7805589 ], [ -0.7032049, 47.7807468 ], [ -0.703259, 47.7804487 ], [ -0.7046946, 47.7805997 ], [ -0.7050039, 47.7809142 ], [ -0.7059623, 47.7814317 ], [ -0.7063783, 47.781223 ], [ -0.7065296, 47.7812273 ], [ -0.707114, 47.7809042 ], [ -0.7076156, 47.780372 ], [ -0.7071624, 47.7797764 ], [ -0.7074017, 47.7796039 ], [ -0.7083165, 47.779265 ], [ -0.7091006, 47.7794879 ], [ -0.7105056, 47.7789136 ], [ -0.7117081, 47.7786557 ], [ -0.7120959, 47.7785244 ], [ -0.7134073, 47.7778359 ], [ -0.7138249, 47.7774802 ], [ -0.7141574, 47.7773219 ], [ -0.7152973, 47.7771632 ], [ -0.7164938, 47.7772226 ], [ -0.7172599, 47.7773208 ], [ -0.717757, 47.7775861 ], [ -0.7181658, 47.777583 ], [ -0.718148, 47.7772142 ], [ -0.7183554, 47.7762038 ], [ -0.7176983, 47.7758868 ], [ -0.717249, 47.7755389 ], [ -0.7170524, 47.7748108 ], [ -0.7163635, 47.7742866 ], [ -0.7159828, 47.7741185 ], [ -0.7165244, 47.773644499999989 ], [ -0.7173024, 47.7732819 ], [ -0.7178907, 47.7731317 ], [ -0.7192499, 47.7730335 ], [ -0.7203277, 47.7726199 ], [ -0.7207223, 47.7721659 ], [ -0.7213087, 47.7718175 ], [ -0.721903, 47.771313799999987 ], [ -0.7226261, 47.7705303 ], [ -0.7238013, 47.7694856 ], [ -0.7244845, 47.7693359 ], [ -0.7246586, 47.7692277 ], [ -0.7250928, 47.7683092 ], [ -0.7254567, 47.7679129 ], [ -0.7248618, 47.7674903 ], [ -0.7241799, 47.7672381 ], [ -0.7235957, 47.7672368 ], [ -0.7221701, 47.7669551 ], [ -0.7222276, 47.7668217 ], [ -0.7225104, 47.766565899999989 ], [ -0.7229371, 47.765827 ], [ -0.7235972, 47.7662646 ], [ -0.7248713, 47.7665007 ], [ -0.7252877, 47.7656341 ], [ -0.7271053, 47.7659015 ], [ -0.7271459, 47.7654506 ], [ -0.7262385, 47.765146099999988 ], [ -0.7259983, 47.7649411 ], [ -0.7256046, 47.764186 ], [ -0.7256974, 47.7640605 ], [ -0.725622, 47.7637466 ], [ -0.7253479, 47.7634012 ], [ -0.725647, 47.763016 ], [ -0.7258739, 47.7630124 ], [ -0.7268788, 47.7623631 ], [ -0.7276651, 47.7621038 ], [ -0.7282333, 47.7614586 ], [ -0.7293493, 47.7611554 ], [ -0.7294403, 47.7608525 ], [ -0.7298373, 47.7603208 ], [ -0.7298578, 47.7594128 ], [ -0.7303136, 47.7581945 ], [ -0.7303156, 47.7581278 ], [ -0.7300385, 47.758215899999989 ], [ -0.7303334, 47.7570856 ], [ -0.7282363, 47.756601 ], [ -0.7287058, 47.7543388 ], [ -0.7281674, 47.7542632 ], [ -0.7284156, 47.7527712 ], [ -0.7286125, 47.7527208 ], [ -0.7285161, 47.7510587 ], [ -0.7291972, 47.7501405 ], [ -0.7272549, 47.7500114 ], [ -0.7273621, 47.7495583 ], [ -0.7290945, 47.749513 ], [ -0.7291431, 47.749197 ], [ -0.7300672, 47.7490378 ], [ -0.7301794, 47.748674699999988 ], [ -0.728634, 47.7484897 ], [ -0.7286732, 47.7482289 ], [ -0.7315275, 47.7485623 ], [ -0.7318992, 47.74748 ], [ -0.7336405, 47.747602 ], [ -0.7336445, 47.7462881 ], [ -0.7332377, 47.7461632 ], [ -0.7335244, 47.7456801 ], [ -0.7331256, 47.7455757 ], [ -0.7327966, 47.7456268 ], [ -0.7329135, 47.745104 ], [ -0.7328255, 47.7436012 ], [ -0.7321085, 47.7427302 ], [ -0.7317426, 47.7419517 ], [ -0.7314207, 47.7421232 ], [ -0.7291035, 47.7427206 ], [ -0.7281699, 47.7431811 ], [ -0.7277371, 47.7436391 ], [ -0.7259467, 47.742395 ], [ -0.7253269, 47.7420516 ], [ -0.7241138, 47.7418587 ], [ -0.7238993, 47.7427639 ], [ -0.7228138, 47.7425038 ], [ -0.7205127, 47.7426274 ], [ -0.7203714, 47.7417525 ], [ -0.7201104, 47.741076 ], [ -0.718664, 47.7417681 ], [ -0.7185041, 47.741182 ], [ -0.7160534, 47.7409788 ], [ -0.7156873, 47.7411301 ], [ -0.7153801, 47.7420103 ], [ -0.7146483, 47.7422443 ], [ -0.7142683, 47.7427141 ], [ -0.7140963, 47.7431206 ], [ -0.7137127, 47.7433463 ], [ -0.713513, 47.7436437 ], [ -0.7131257, 47.7436073 ], [ -0.7119837, 47.7432264 ], [ -0.7117191, 47.7432636 ], [ -0.7111921, 47.7435218 ], [ -0.7111466, 47.7439035 ], [ -0.7102913, 47.7439757 ], [ -0.7102976, 47.7446413 ], [ -0.7093802, 47.7445308 ], [ -0.7083166, 47.7442978 ], [ -0.7059836, 47.744232 ], [ -0.7060404, 47.7438014 ], [ -0.7049951, 47.7437912 ], [ -0.7058033, 47.7426015 ], [ -0.704715, 47.7424539 ], [ -0.7034097, 47.7424511 ], [ -0.7024116, 47.7426025 ], [ -0.7023048, 47.7423536 ], [ -0.7004829, 47.7430672 ], [ -0.7001062, 47.7425484 ], [ -0.6988901, 47.7415408 ], [ -0.6986403, 47.7410612 ], [ -0.6984159, 47.7409269 ], [ -0.6976035, 47.7407309 ], [ -0.6969575, 47.7407378 ], [ -0.6967364, 47.74067 ], [ -0.696071, 47.7407063 ], [ -0.6953241, 47.740857 ], [ -0.6938907, 47.740586 ], [ -0.6933876, 47.7404019 ], [ -0.6932824, 47.7404637 ], [ -0.6924539, 47.7404971 ], [ -0.6905875, 47.7403001 ], [ -0.6894496, 47.739936799999988 ], [ -0.688579, 47.739421 ], [ -0.6872468, 47.739356699999988 ], [ -0.6861526, 47.7390244 ], [ -0.6857379, 47.7388041 ], [ -0.6855354, 47.7385609 ], [ -0.6852851, 47.7384382 ], [ -0.6849819, 47.738399099999988 ], [ -0.6845065, 47.7384978 ], [ -0.6838355, 47.7392046 ], [ -0.6834265, 47.7394518 ], [ -0.6832178, 47.739698 ], [ -0.6825546, 47.7400163 ], [ -0.6820003, 47.7400175 ], [ -0.6814215, 47.740224 ], [ -0.6808074, 47.7402668 ], [ -0.6802173, 47.7404457 ], [ -0.6796052, 47.7404992 ], [ -0.6791137, 47.7407697 ], [ -0.678349, 47.7408775 ], [ -0.6777095, 47.7406498 ], [ -0.6759605, 47.7410292 ], [ -0.674646, 47.7409894 ], [ -0.6736293, 47.7411222 ], [ -0.6732656, 47.741021 ], [ -0.6714118, 47.7413333 ], [ -0.6708893, 47.7411758 ], [ -0.6703869, 47.7412123 ], [ -0.6700669, 47.7411241 ], [ -0.6693944, 47.7414453 ], [ -0.6688938, 47.7414682 ], [ -0.668557, 47.7413697 ], [ -0.668311, 47.741172 ], [ -0.6671177, 47.7406229 ], [ -0.6670443, 47.739926 ], [ -0.6662464, 47.739395 ], [ -0.6665337, 47.7389896 ], [ -0.6663898, 47.7389184 ], [ -0.6663025, 47.7379805 ], [ -0.6658724, 47.7377858 ], [ -0.6648768, 47.7377008 ], [ -0.6646637, 47.7376129 ], [ -0.6639481, 47.7370352 ], [ -0.6636767, 47.7364689 ], [ -0.6631417, 47.7360702 ], [ -0.6620294, 47.7356086 ], [ -0.6615295, 47.7355639 ], [ -0.6607627, 47.735368 ], [ -0.6602612, 47.735436 ], [ -0.659599, 47.7359063 ], [ -0.6588447, 47.7361245 ], [ -0.6573556, 47.7361459 ], [ -0.6562601, 47.7359675 ], [ -0.655979, 47.7358799 ], [ -0.6558367, 47.7356951 ], [ -0.6550205, 47.735499 ], [ -0.6540734, 47.7350492 ], [ -0.6542908, 47.7345379 ], [ -0.6545022, 47.7342916 ], [ -0.6543455, 47.7342073 ], [ -0.6542082, 47.7338214 ], [ -0.6536423, 47.7333994 ], [ -0.6522759, 47.7340782 ], [ -0.6513025, 47.7343942 ], [ -0.6505448, 47.7345431 ], [ -0.6493307, 47.7346396 ], [ -0.6489788, 47.7347478 ], [ -0.6459759, 47.7371589 ], [ -0.6452992, 47.7367178 ], [ -0.6452351, 47.7362494 ], [ -0.643907, 47.7355979 ], [ -0.6433491, 47.7356423 ], [ -0.6425853, 47.7359968 ], [ -0.6421823, 47.7363734 ], [ -0.6417683, 47.736998 ], [ -0.6415703, 47.7370916 ], [ -0.6412466, 47.7369476 ], [ -0.6408637, 47.7363288 ], [ -0.6403421, 47.736083799999989 ], [ -0.6384724, 47.73595 ], [ -0.6380774, 47.7360335 ], [ -0.6372152, 47.7359251 ], [ -0.6366492, 47.7355391 ], [ -0.6359212, 47.7352238 ], [ -0.6358932, 47.7355968 ], [ -0.6351571, 47.7357891 ], [ -0.634911, 47.736313 ], [ -0.6348906, 47.7369128 ], [ -0.6344409, 47.7372521 ], [ -0.6339387, 47.7374082 ], [ -0.6334879, 47.7373601 ], [ -0.6330638, 47.7375651 ], [ -0.6322997, 47.7371122 ], [ -0.6321674, 47.7369154 ], [ -0.6311137, 47.7370157 ], [ -0.6297175, 47.7369897 ], [ -0.6294579, 47.7371194 ], [ -0.6288934, 47.737929799999989 ], [ -0.6282084, 47.7385195 ], [ -0.6268679, 47.7376844 ], [ -0.623171, 47.7377855 ], [ -0.6208818, 47.7368644 ], [ -0.6206813, 47.7365084 ], [ -0.6186567, 47.736453 ], [ -0.6154329, 47.7358887 ], [ -0.6108197, 47.7356906 ], [ -0.6100873, 47.7369241 ], [ -0.6093713, 47.7372571 ], [ -0.6083851, 47.7375064 ], [ -0.6077388, 47.7378832 ], [ -0.6073081, 47.7385244 ], [ -0.6071553, 47.739363499999989 ], [ -0.6062546, 47.7400462 ], [ -0.6059934, 47.7405877 ], [ -0.6041484, 47.743206 ], [ -0.6028096, 47.7428256 ], [ -0.6019019, 47.7437825 ], [ -0.6002121, 47.743111 ], [ -0.59965, 47.7438842 ], [ -0.5987082, 47.7445547 ], [ -0.5981341, 47.7447967 ], [ -0.597357, 47.7459081 ], [ -0.5963753, 47.7459103 ], [ -0.5964787, 47.746591 ], [ -0.5965994, 47.7467747 ], [ -0.5965494, 47.7469051 ], [ -0.595759, 47.7477421 ], [ -0.5952343, 47.7478456 ], [ -0.5948749, 47.7489522 ], [ -0.5945943, 47.749287 ], [ -0.5926377, 47.7501463 ], [ -0.5921444, 47.7506551 ], [ -0.5919797, 47.7509476 ], [ -0.5919733, 47.751228 ], [ -0.592399, 47.7519339 ], [ -0.5920695, 47.7524549 ], [ -0.5919889, 47.7527862 ], [ -0.5915739, 47.7526944 ], [ -0.5913598, 47.7529668 ], [ -0.5912011, 47.753505 ], [ -0.5906855, 47.7538623 ], [ -0.5902783, 47.7545406 ], [ -0.589376, 47.7555234 ], [ -0.588721, 47.7560345 ], [ -0.5863162, 47.7568893 ], [ -0.5851493, 47.7587261 ], [ -0.5848799, 47.7589119 ], [ -0.5851946, 47.7595762 ], [ -0.5854014, 47.7625061 ], [ -0.5856476, 47.7630274 ], [ -0.5859718, 47.7633562 ], [ -0.5868905, 47.7628713 ], [ -0.5884869, 47.7625277 ], [ -0.5890606, 47.7632075 ], [ -0.5894376, 47.7632509 ], [ -0.5896737, 47.763422 ], [ -0.5897911, 47.7636572 ], [ -0.5897334, 47.7641086 ], [ -0.5914083, 47.7642356 ], [ -0.5918913, 47.764482 ], [ -0.5924521, 47.7645945 ], [ -0.5951974, 47.7642661 ], [ -0.5951619, 47.7648672 ], [ -0.5954286, 47.7651563 ], [ -0.595888, 47.7653693 ], [ -0.5954156, 47.7661505 ], [ -0.5954467, 47.7670848 ], [ -0.5955851, 47.767313 ], [ -0.5941726, 47.7682636 ], [ -0.5946134, 47.7685762 ], [ -0.595413, 47.7680093 ], [ -0.5956621, 47.7679782 ], [ -0.5974676, 47.7686696 ], [ -0.5975348, 47.7683594 ], [ -0.5984249, 47.7686177 ], [ -0.6002987, 47.7689358 ], [ -0.6003224, 47.7690242 ], [ -0.5989819, 47.7706401 ], [ -0.5986863, 47.7708017 ], [ -0.5988036, 47.770855 ], [ -0.5978738, 47.7719758 ], [ -0.5946334, 47.7736656 ], [ -0.591334, 47.7733958 ], [ -0.586505, 47.7760849 ], [ -0.5840055, 47.7759828 ], [ -0.5825118, 47.7751034 ], [ -0.578053, 47.7766595 ], [ -0.5753548, 47.7766168 ], [ -0.5761928, 47.7810245 ], [ -0.5775146, 47.7815327 ], [ -0.576993, 47.7844311 ], [ -0.5811571, 47.7853403 ], [ -0.5828761, 47.7861307 ], [ -0.5823357, 47.7870627 ], [ -0.5775857, 47.7929176 ], [ -0.5770547, 47.792848 ], [ -0.5762737, 47.7930034 ], [ -0.5757564, 47.7933831 ], [ -0.575915, 47.793654 ], [ -0.5751131, 47.7940569 ], [ -0.5754879, 47.79444 ], [ -0.5757093, 47.7948495 ], [ -0.5757963, 47.7951229 ], [ -0.5755726, 47.7953987 ], [ -0.5738689, 47.7935476 ], [ -0.5684929, 47.7906858 ], [ -0.5619724, 47.7917264 ], [ -0.5589675, 47.7940684 ], [ -0.557365, 47.7986623 ], [ -0.5581954, 47.7997766 ], [ -0.5656056, 47.7996293 ], [ -0.5661648, 47.8006804 ], [ -0.5672011, 47.8015372 ], [ -0.5676724, 47.8022436 ], [ -0.5681088, 47.8036051 ], [ -0.567905, 47.8043951 ], [ -0.5670011, 47.806548 ], [ -0.5670168, 47.8067421 ], [ -0.5671202, 47.8069687 ], [ -0.5683527, 47.8081952 ], [ -0.5686058, 47.8089776 ], [ -0.5688634, 47.8093283 ], [ -0.5682472, 47.8100705 ], [ -0.5680636, 47.8101653 ], [ -0.5685227, 47.8103693 ], [ -0.5685568, 47.8104791 ], [ -0.5671624, 47.8112441 ], [ -0.5669598, 47.8112548 ], [ -0.5667358, 47.8117833 ], [ -0.5656708, 47.8129346 ], [ -0.5658372, 47.8155738 ], [ -0.5657613, 47.8164762 ], [ -0.5655287, 47.8173761 ], [ -0.5662807, 47.8173595 ], [ -0.566242, 47.8193148 ], [ -0.5666948, 47.8192055 ], [ -0.5689795, 47.8189656 ], [ -0.5702791, 47.8198333 ], [ -0.5720976, 47.8200013 ], [ -0.5734102, 47.8208811 ], [ -0.5746938, 47.8205149 ], [ -0.5757138, 47.8203657 ], [ -0.5781347, 47.8196261 ], [ -0.5789516, 47.8192614 ], [ -0.5780018, 47.8188634 ], [ -0.5764771, 47.817873 ], [ -0.5768282, 47.8175442 ], [ -0.5774136, 47.8172597 ], [ -0.5783997, 47.8169656 ], [ -0.5787507, 47.8172711 ], [ -0.5792849, 47.8172584 ], [ -0.5800969, 47.8174381 ], [ -0.5806732, 47.817098 ], [ -0.5803547, 47.8168779 ], [ -0.5811046, 47.8168307 ], [ -0.5821391, 47.8169171 ], [ -0.5817906, 47.8181575 ], [ -0.5818968, 47.8180453 ], [ -0.5827713, 47.8177437 ], [ -0.5835376, 47.8176023 ], [ -0.5838273, 47.817297 ], [ -0.5840098, 47.8172257 ], [ -0.5848049, 47.8172338 ], [ -0.5851557, 47.8170807 ], [ -0.5854803, 47.8170347 ], [ -0.5862226, 47.8165777 ], [ -0.5869751, 47.8173809 ], [ -0.5872874, 47.8179452 ], [ -0.5868143, 47.8196363 ], [ -0.5868052, 47.820354699999989 ], [ -0.5891818, 47.8210603 ], [ -0.5890655, 47.8213783 ], [ -0.589552, 47.8216886 ], [ -0.5898716, 47.8214482 ], [ -0.5908971, 47.8220348 ], [ -0.5902148, 47.8225296 ], [ -0.5912199, 47.8233277 ], [ -0.5907328, 47.823721 ], [ -0.5907545, 47.8241807 ], [ -0.5911462, 47.824236299999988 ], [ -0.5924826, 47.8238196 ], [ -0.5937358, 47.8236578 ], [ -0.5937614, 47.8238173 ], [ -0.5945459, 47.8238059 ], [ -0.5952695, 47.8236071 ], [ -0.5956089, 47.8236003 ], [ -0.5964243, 47.8251528 ], [ -0.5973105, 47.8252202 ], [ -0.5993528, 47.8261404 ], [ -0.5991609, 47.824848 ], [ -0.5985461, 47.8237507 ], [ -0.5984616, 47.8234307 ], [ -0.6008865, 47.8234427 ], [ -0.6008792, 47.823197 ], [ -0.6020177, 47.8230205 ], [ -0.6022385, 47.8234156 ], [ -0.6043908, 47.8230178 ], [ -0.605722, 47.8226057 ], [ -0.6064083, 47.8225467 ], [ -0.6071607, 47.8225551 ], [ -0.6082274, 47.8227006 ], [ -0.6091908, 47.8226448 ], [ -0.6101013, 47.8223807 ], [ -0.6138116, 47.823434 ], [ -0.6149487, 47.8233142 ], [ -0.6163796, 47.8235034 ], [ -0.6175871, 47.8238103 ], [ -0.6177712, 47.824156 ], [ -0.6188213, 47.824056 ], [ -0.620226, 47.8241946 ], [ -0.6209383, 47.8243402 ], [ -0.6212311, 47.8242779 ], [ -0.621557, 47.8247607 ], [ -0.6205654, 47.8254049 ], [ -0.6202931, 47.8258863 ], [ -0.620715, 47.8261481 ], [ -0.6210116, 47.8266335 ], [ -0.621272, 47.8279012 ], [ -0.6211579, 47.8287597 ], [ -0.6206453, 47.8302297 ], [ -0.6205166, 47.8318176 ], [ -0.6201631, 47.8322645 ], [ -0.6199277, 47.8343089 ], [ -0.6196605, 47.8348252 ], [ -0.6193835, 47.8361798 ], [ -0.6189318, 47.8369154 ], [ -0.6189387, 47.8374296 ], [ -0.619105, 47.8376308 ], [ -0.6193115, 47.8377155 ], [ -0.620525, 47.8379095 ], [ -0.6240545, 47.8388816 ], [ -0.6229859, 47.840284 ], [ -0.6237908, 47.8406655 ], [ -0.6233228, 47.8410052 ], [ -0.6239077, 47.8412997 ], [ -0.6244828, 47.8419234 ], [ -0.6250082, 47.8426018 ], [ -0.6253111, 47.8431763 ], [ -0.62456, 47.8433094 ], [ -0.6251075, 47.8448998 ], [ -0.6266374, 47.8455498 ], [ -0.6268624, 47.8465708 ], [ -0.6291488, 47.8494371 ], [ -0.6271523, 47.8495611 ], [ -0.62608, 47.8497158 ], [ -0.6260158, 47.8505008 ], [ -0.62823, 47.8504268 ], [ -0.6284549, 47.8505848 ], [ -0.6295238, 47.850831 ], [ -0.6294523, 47.8514882 ], [ -0.6303582, 47.8517196 ], [ -0.6301118, 47.8526182 ], [ -0.6283011, 47.8521734 ], [ -0.6282268, 47.8523198 ], [ -0.6255602, 47.8520419 ], [ -0.6253231, 47.8521574 ], [ -0.6252883, 47.8525486 ], [ -0.6249921, 47.8532307 ], [ -0.6250843, 47.8536784 ], [ -0.6282834, 47.8558921 ], [ -0.6291809, 47.8564094 ], [ -0.6300068, 47.8567226 ], [ -0.6288084, 47.8577958 ], [ -0.6284762, 47.8583799 ], [ -0.627919, 47.8590423 ], [ -0.6263065, 47.8604048 ], [ -0.6267531, 47.8608469 ], [ -0.6278964, 47.8614548 ], [ -0.6292153, 47.8627699 ], [ -0.6300324, 47.8632275 ], [ -0.6285589, 47.8643902 ], [ -0.6283365, 47.8647016 ], [ -0.6279808, 47.8647469 ], [ -0.6276761, 47.8650698 ], [ -0.627308, 47.8657569 ], [ -0.6261723, 47.8667705 ], [ -0.6254997, 47.8670778 ], [ -0.6242981, 47.8671086 ], [ -0.623843, 47.8673452 ], [ -0.6235245, 47.8676226 ], [ -0.6253287, 47.8691624 ], [ -0.6258093, 47.8692583 ], [ -0.6265188, 47.869531 ], [ -0.6270977, 47.8699501 ], [ -0.6272648, 47.8702197 ], [ -0.6269949, 47.8706398 ], [ -0.6263615, 47.8710512 ], [ -0.6262171, 47.8713089 ], [ -0.6262371, 47.8716218 ], [ -0.6254791, 47.8724624 ], [ -0.6267983, 47.8743874 ], [ -0.6266739, 47.8750949 ], [ -0.6257225, 47.8759676 ], [ -0.6243652, 47.8765447 ], [ -0.6238395, 47.8775339 ], [ -0.6235748, 47.8778349 ], [ -0.621883, 47.8788691 ], [ -0.6214433, 47.8789998 ], [ -0.6210764, 47.8788634 ], [ -0.620041, 47.8795675 ], [ -0.6196637, 47.879671 ], [ -0.6191729, 47.8804078 ], [ -0.6173771, 47.880901 ], [ -0.6163993, 47.8808195 ], [ -0.6157353, 47.8812174 ], [ -0.6148357, 47.8815965 ], [ -0.6145486, 47.8818837 ], [ -0.6141894, 47.8826471 ], [ -0.6138524, 47.8829494 ], [ -0.6135189, 47.8830479 ], [ -0.6131287, 47.8837302 ], [ -0.6117118, 47.8845387 ], [ -0.6085371, 47.8871121 ], [ -0.607693, 47.8874624 ], [ -0.6076597, 47.8880364 ], [ -0.6072999, 47.8882403 ], [ -0.6064965, 47.8883821 ], [ -0.6057237, 47.8888762 ], [ -0.6039971, 47.8888959 ], [ -0.6034214, 47.8891163 ], [ -0.6029189, 47.8891128 ], [ -0.6026822, 47.8892173 ], [ -0.601916, 47.8891373 ], [ -0.599843, 47.889145 ], [ -0.5997708, 47.8902716 ], [ -0.599356, 47.8912267 ], [ -0.5993716, 47.8914965 ], [ -0.5998629, 47.891867 ], [ -0.6003953, 47.8918759 ], [ -0.6005494, 47.8922315 ], [ -0.600412, 47.8929519 ], [ -0.5991168, 47.8936052 ], [ -0.5979268, 47.8937363 ], [ -0.5971459, 47.8936981 ], [ -0.5966915, 47.8937534 ], [ -0.596619, 47.8938683 ], [ -0.5966965, 47.8939848 ], [ -0.5943349, 47.8948166 ], [ -0.5935668, 47.8954213 ], [ -0.5933183, 47.8957874 ], [ -0.5934754, 47.896188 ], [ -0.5944365, 47.8975225 ], [ -0.5944001, 47.8981516 ], [ -0.5934766, 47.8986195 ], [ -0.592455, 47.8994994 ], [ -0.5920664, 47.8997348 ], [ -0.5914115, 47.8999755 ], [ -0.5909063, 47.9005288 ], [ -0.5901891, 47.9010165 ], [ -0.5895409, 47.9012373 ], [ -0.588603, 47.9012164 ], [ -0.5867832, 47.9009919 ], [ -0.5808834, 47.9005405 ], [ -0.5808017, 47.900879 ], [ -0.5788816, 47.9039934 ], [ -0.5805468, 47.9043877 ], [ -0.5819437, 47.9054324 ], [ -0.5845178, 47.906943 ], [ -0.5852003, 47.9074654 ], [ -0.5860331, 47.9082697 ], [ -0.5874284, 47.9090297 ], [ -0.5881253, 47.9095075 ], [ -0.5858526, 47.9095644 ], [ -0.5858871, 47.910193 ], [ -0.585699, 47.9104231 ], [ -0.5852371, 47.9106876 ], [ -0.586416, 47.9114958 ], [ -0.5875807, 47.912689 ], [ -0.5883908, 47.9131147 ], [ -0.5893557, 47.9134527 ], [ -0.5898403, 47.9135055 ], [ -0.5898956, 47.9137083 ], [ -0.590379, 47.9141583 ], [ -0.5908658, 47.9156092 ], [ -0.5903478, 47.9157962 ], [ -0.5891239, 47.9166823 ], [ -0.5893527, 47.9171708 ], [ -0.5887537, 47.9172314 ], [ -0.5893175, 47.9183944 ], [ -0.589672, 47.9183457 ], [ -0.5901533, 47.9195363 ], [ -0.5906619, 47.9199811 ], [ -0.5912501, 47.9211857 ], [ -0.5917555, 47.921881 ], [ -0.5944036, 47.9211261 ], [ -0.5954931, 47.9240503 ], [ -0.5962143, 47.9248814 ], [ -0.5976232, 47.9252013 ], [ -0.5974636, 47.9258323 ], [ -0.598905, 47.926471 ], [ -0.599859, 47.9267615 ], [ -0.6014807, 47.927036099999988 ], [ -0.6049089, 47.9272651 ], [ -0.6049697, 47.9271732 ], [ -0.6059781, 47.9272377 ], [ -0.6061923, 47.9262879 ], [ -0.6079383, 47.9263784 ], [ -0.6075855, 47.9272424 ], [ -0.6076077, 47.9276471 ], [ -0.6082163, 47.9277662 ], [ -0.6090366, 47.9280608 ], [ -0.6113118, 47.9293278 ], [ -0.6115328, 47.9296994 ], [ -0.6124789, 47.9303649 ], [ -0.6126147, 47.9303499 ], [ -0.6127857, 47.9305383 ], [ -0.6133573, 47.9308612 ], [ -0.6171515, 47.9327768 ], [ -0.6185206, 47.9321923 ], [ -0.6188791, 47.9324371 ], [ -0.6193861, 47.9324602 ], [ -0.6197277, 47.9323974 ], [ -0.6204588, 47.9320713 ], [ -0.6207328, 47.9318638 ], [ -0.6209575, 47.9318361 ], [ -0.6216078, 47.9319359 ], [ -0.6223117, 47.9322916 ], [ -0.6233721, 47.9326049 ], [ -0.6241985, 47.9330073 ], [ -0.6249547, 47.9337335 ], [ -0.6255074, 47.9340344 ], [ -0.6274689, 47.9343901 ], [ -0.6281367, 47.934373 ], [ -0.6304451, 47.9337053 ], [ -0.6322044, 47.9330653 ], [ -0.6325663, 47.9330262 ], [ -0.6340134, 47.9333084 ], [ -0.6346552, 47.9333039 ], [ -0.6349167, 47.9333642 ], [ -0.6351637, 47.9335449 ], [ -0.6357528, 47.9335131 ], [ -0.6370015, 47.9337375 ], [ -0.6376908, 47.9339955 ], [ -0.6381178, 47.9344345 ], [ -0.6388014, 47.9346872 ], [ -0.6390118, 47.9348617 ], [ -0.639241, 47.9353501 ], [ -0.6397257, 47.9356531 ], [ -0.6398611, 47.9368642 ], [ -0.6400187, 47.9372657 ], [ -0.6404906, 47.9373438 ], [ -0.642562, 47.9372463 ], [ -0.6439884, 47.936893 ], [ -0.6446745, 47.9363041 ], [ -0.6456421, 47.9361813 ], [ -0.6460753, 47.9362624 ], [ -0.6466841, 47.9367516 ], [ -0.6472503, 47.9369133 ], [ -0.6476215, 47.9371063 ], [ -0.6477375, 47.9373108 ], [ -0.6477404, 47.937645 ], [ -0.6480224, 47.9381002 ], [ -0.6482645, 47.9381891 ], [ -0.6490141, 47.9381522 ], [ -0.6491196, 47.9385949 ], [ -0.6497049, 47.9389939 ], [ -0.6506722, 47.9393341 ], [ -0.6522263, 47.9395119 ], [ -0.6535558, 47.9405354 ], [ -0.6554319, 47.9403851 ], [ -0.6558157, 47.9404677 ], [ -0.6561472, 47.9404331 ], [ -0.6571503, 47.9407478 ], [ -0.6605047, 47.942492 ], [ -0.6608593, 47.9431025 ], [ -0.661112, 47.943228 ], [ -0.6613008, 47.9436897 ], [ -0.6618122, 47.9440089 ], [ -0.6620693, 47.9442946 ], [ -0.6622742, 47.9448539 ], [ -0.6626572, 47.9450411 ], [ -0.6629441, 47.9449817 ], [ -0.6630332, 47.9450294 ], [ -0.6631835, 47.945458 ], [ -0.6637366, 47.9456426 ], [ -0.6643596, 47.9455754 ], [ -0.6650051, 47.9462237 ], [ -0.6659793, 47.9468735 ], [ -0.6661164, 47.9471107 ], [ -0.6661832, 47.9476113 ], [ -0.6666055, 47.9481522 ], [ -0.6665245, 47.9483196 ], [ -0.6668889, 47.9484505 ], [ -0.6669169, 47.9486803 ], [ -0.6671957, 47.9487554 ], [ -0.6676099, 47.9486767 ], [ -0.6676831, 47.9488032 ], [ -0.6679204, 47.9487246 ], [ -0.6681043, 47.9489405 ], [ -0.6683031, 47.948965799999989 ], [ -0.6683495, 47.9492094 ], [ -0.6696042, 47.949745 ], [ -0.6697825, 47.9501124 ], [ -0.6699093, 47.9499292 ], [ -0.669849, 47.949368 ], [ -0.6708428, 47.9487496 ], [ -0.6711054, 47.948494499999988 ], [ -0.6716049, 47.9485618 ], [ -0.671969, 47.9483594 ], [ -0.6725519, 47.9485466 ], [ -0.6730995, 47.9484565 ], [ -0.6732879, 47.9483308 ], [ -0.6735923, 47.948446499999989 ], [ -0.6739123, 47.9482067 ], [ -0.6742688, 47.9481073 ], [ -0.6753834, 47.9481499 ], [ -0.6757172, 47.9479935 ], [ -0.6767275, 47.947788 ], [ -0.677889, 47.9467471 ], [ -0.6784775, 47.946648499999988 ], [ -0.681757, 47.9457538 ], [ -0.6839524, 47.9457958 ], [ -0.6858415, 47.9459266 ], [ -0.6856294, 47.9483342 ], [ -0.6860703, 47.9498547 ], [ -0.6862815, 47.9499219 ], [ -0.6873514, 47.9514604 ], [ -0.6890075, 47.9527112 ], [ -0.6898712, 47.953539 ], [ -0.6904731, 47.9539201 ], [ -0.6914503, 47.9547218 ], [ -0.6916514, 47.9550678 ], [ -0.6921994, 47.9552722 ], [ -0.6928063, 47.9538963 ], [ -0.693244, 47.9532294 ], [ -0.6951788, 47.95201 ], [ -0.6962093, 47.9520568 ], [ -0.6968581, 47.9523211 ], [ -0.6976567, 47.9521185 ], [ -0.6998724, 47.9510261 ], [ -0.7001419, 47.9510636 ], [ -0.7002838, 47.9511952 ], [ -0.7004864, 47.9512347 ], [ -0.7006895, 47.9511662 ], [ -0.7010346, 47.9495399 ], [ -0.7013716, 47.9491419 ], [ -0.7017049, 47.9491332 ], [ -0.7025471, 47.9497869 ], [ -0.7040824, 47.9512043 ], [ -0.7057813, 47.9524471 ], [ -0.7062551, 47.9525682 ], [ -0.7074794, 47.9516647 ], [ -0.7081316, 47.9509999 ], [ -0.7091395, 47.9506645 ], [ -0.7097464, 47.9503111 ], [ -0.7101998, 47.9498346 ], [ -0.710724, 47.9498892 ], [ -0.7151863, 47.9490364 ], [ -0.7153103, 47.948988299999989 ], [ -0.7155461, 47.9486214 ], [ -0.7159151, 47.9484133 ], [ -0.7172789, 47.9484332 ], [ -0.7178618, 47.9485598 ], [ -0.718269, 47.948419 ], [ -0.7188274, 47.9483499 ], [ -0.7190371, 47.948606399999989 ], [ -0.7199728, 47.9486011 ], [ -0.7198682, 47.9469196 ], [ -0.7197301, 47.9465384 ], [ -0.7192839, 47.9459885 ], [ -0.7188604, 47.945801 ], [ -0.7167136, 47.9456681 ], [ -0.7161613, 47.9455757 ], [ -0.7139879, 47.9450435 ], [ -0.7129046, 47.9445867 ], [ -0.7118593, 47.9436377 ], [ -0.7114808, 47.9430776 ], [ -0.7114931, 47.9425628 ], [ -0.7113366, 47.9420515 ], [ -0.7093557, 47.939496 ], [ -0.7091189, 47.9390052 ], [ -0.70896, 47.9384399 ], [ -0.70878, 47.9352527 ], [ -0.7082332, 47.9346231 ], [ -0.7066618, 47.9332979 ], [ -0.7058972, 47.9319111 ], [ -0.7058139, 47.9314678 ], [ -0.7058941, 47.9306959 ], [ -0.7062486, 47.9302829 ], [ -0.707769, 47.9292889 ], [ -0.7084128, 47.9290064 ], [ -0.7090753, 47.9288944 ], [ -0.7093429, 47.9289265 ], [ -0.7098986, 47.9291657 ], [ -0.711689, 47.9305759 ], [ -0.7130451, 47.931352 ], [ -0.713828, 47.9319263 ], [ -0.7144792, 47.9321706 ], [ -0.7165033, 47.932512 ], [ -0.7180263, 47.932589 ], [ -0.7216713, 47.9326051 ], [ -0.7227238, 47.9324726 ], [ -0.7233432, 47.9323205 ], [ -0.7238251, 47.9321007 ], [ -0.7240797, 47.9318701 ], [ -0.7249627, 47.9302411 ], [ -0.7258902, 47.928826 ], [ -0.7267091, 47.9278891 ], [ -0.7318038, 47.9236324 ], [ -0.7321315, 47.9230319 ], [ -0.732147, 47.9226422 ], [ -0.7319704, 47.9215423 ], [ -0.7316502, 47.9207065 ], [ -0.7296409, 47.9184927 ], [ -0.7279428, 47.9156141 ], [ -0.7269533, 47.9145977 ], [ -0.7262796, 47.9140505 ], [ -0.724456, 47.9130822 ], [ -0.7232955, 47.9121289 ], [ -0.7215848, 47.9113534 ], [ -0.720177, 47.9109809 ], [ -0.7178935, 47.9106559 ], [ -0.7155104, 47.9100944 ], [ -0.7100788, 47.9095346 ], [ -0.7088464, 47.90887 ], [ -0.7063467, 47.9077876 ], [ -0.7043434, 47.9068093 ], [ -0.7031852, 47.9059576 ], [ -0.7019408, 47.9048688 ], [ -0.7010772, 47.9043987 ], [ -0.6980047, 47.9030126 ], [ -0.696713, 47.902165 ], [ -0.6959821, 47.9014438 ], [ -0.6949794, 47.9002051 ], [ -0.6929258, 47.8979768 ], [ -0.6912432, 47.8971306 ], [ -0.690527, 47.8966567 ], [ -0.6899195, 47.8959938 ], [ -0.6897424, 47.8956615 ], [ -0.689768, 47.8952976 ], [ -0.6900543, 47.8945796 ], [ -0.6902952, 47.8929395 ], [ -0.6905273, 47.8921546 ], [ -0.6909084, 47.8914507 ], [ -0.6914428, 47.8909303 ], [ -0.692023, 47.8905859 ], [ -0.693533, 47.8901861 ], [ -0.6942171, 47.8897185 ], [ -0.6947007, 47.8888141 ], [ -0.6963398, 47.8871542 ], [ -0.6969225, 47.8863845 ], [ -0.6975536, 47.8851185 ], [ -0.6980152, 47.8835552 ], [ -0.6987175, 47.8824087 ], [ -0.6993365, 47.8818351 ], [ -0.700401, 47.881351 ], [ -0.7016878, 47.8804626 ], [ -0.7025006, 47.8796936 ], [ -0.7032248, 47.8787086 ], [ -0.7038368, 47.8771531 ], [ -0.7043546, 47.8761493 ], [ -0.7045794, 47.8754367 ], [ -0.7047124, 47.8744829 ], [ -0.7046008, 47.8735557 ], [ -0.7044254, 47.8732288 ], [ -0.7039811, 47.8727536 ], [ -0.7022988, 47.8713462 ], [ -0.7018784, 47.8711559 ], [ -0.7005848, 47.8709426 ], [ -0.699477, 47.8706686 ], [ -0.6981578, 47.869993 ], [ -0.6976679, 47.8695147 ], [ -0.6970354, 47.8686427 ], [ -0.695367, 47.8648716 ], [ -0.6948413, 47.8648016 ], [ -0.6937637, 47.8625138 ], [ -0.6937306, 47.8621535 ], [ -0.6939622, 47.8609606 ], [ -0.6947048, 47.8587991 ], [ -0.6968227, 47.8541068 ], [ -0.6993277, 47.8496544 ], [ -0.6999346, 47.8490469 ], [ -0.7020919, 47.847448 ], [ -0.7025158, 47.8470391 ], [ -0.7038321, 47.8453775 ], [ -0.7040633, 47.8448927 ], [ -0.7040988, 47.8439825 ], [ -0.7054831, 47.8437129 ], [ -0.7051474, 47.8431213 ], [ -0.7051094, 47.8426106 ], [ -0.7045969, 47.8422178 ], [ -0.7045223, 47.8419963 ], [ -0.703867, 47.8418626 ], [ -0.7038945, 47.8420425 ], [ -0.7035908, 47.8421456 ], [ -0.7006938, 47.8417197 ], [ -0.7016126, 47.8397926 ], [ -0.7030938, 47.8383658 ], [ -0.7030941, 47.8375517 ], [ -0.703623, 47.836783 ], [ -0.703728, 47.8362916 ], [ -0.7025375, 47.8352456 ], [ -0.7021395, 47.8350919 ], [ -0.701006, 47.8351111 ], [ -0.7007226, 47.8354015 ], [ -0.7006771, 47.8356597 ], [ -0.7001926, 47.8355081 ], [ -0.7002275, 47.8354036 ], [ -0.6997905, 47.8352144 ], [ -0.7000024, 47.8349355 ], [ -0.7000317, 47.8343958 ], [ -0.7002819, 47.8340924 ], [ -0.7006831, 47.8338699 ], [ -0.7002617, 47.8335079 ], [ -0.6998517, 47.8336566 ], [ -0.6996741, 47.8340235 ], [ -0.699443, 47.8341821 ], [ -0.6983009, 47.8340362 ], [ -0.697271, 47.8336586 ], [ -0.6967652, 47.8333961 ], [ -0.6966925, 47.8332737 ], [ -0.6969903, 47.8323911 ], [ -0.696987, 47.8320796 ], [ -0.6972147, 47.8318358 ], [ -0.69703, 47.8315866 ], [ -0.6972523, 47.8314078 ], [ -0.6972232, 47.8313195 ], [ -0.6974878, 47.8312916 ], [ -0.6978718, 47.831474 ], [ -0.6981198, 47.8313486 ], [ -0.6981055, 47.8311037 ], [ -0.6983574, 47.8308808 ], [ -0.6985732, 47.8311068 ], [ -0.6988199, 47.8310844 ], [ -0.6991091, 47.8311782 ], [ -0.6990887, 47.8314067 ], [ -0.699529, 47.831854 ], [ -0.7002165, 47.8317167 ], [ -0.7006194, 47.831744799999989 ], [ -0.7008468, 47.8318243 ], [ -0.7010454, 47.8321407 ], [ -0.7013434, 47.8321286 ], [ -0.701414, 47.8316958 ], [ -0.7012506, 47.8316373 ], [ -0.7013885, 47.8315604 ], [ -0.7014033, 47.8313816 ], [ -0.7015735, 47.8311944 ], [ -0.7015039, 47.8310837 ], [ -0.7016365, 47.8308273 ], [ -0.7014721, 47.8307651 ], [ -0.7013994, 47.8305557 ], [ -0.7016358, 47.8302966 ], [ -0.7012706, 47.8301532 ], [ -0.7012366, 47.8299843 ], [ -0.7014682, 47.8299278 ], [ -0.7015815, 47.8297757 ], [ -0.7013536, 47.8296133 ], [ -0.7014222, 47.8292914 ], [ -0.7011683, 47.8291696 ], [ -0.7013605, 47.8290712 ], [ -0.7014699, 47.8291511 ], [ -0.7016715, 47.8290653 ], [ -0.7012226, 47.8288971 ], [ -0.7007302, 47.8291103 ], [ -0.7003177, 47.8288749 ], [ -0.6998095, 47.8288629 ], [ -0.699627, 47.8289309 ], [ -0.699627, 47.8291466 ], [ -0.7000228, 47.8290539 ], [ -0.7001761, 47.8291061 ], [ -0.7001686, 47.8292486 ], [ -0.7006578, 47.8292528 ], [ -0.7007562, 47.8293275 ], [ -0.7008351, 47.8295443 ], [ -0.7006066, 47.8295828 ], [ -0.7002366, 47.8298665 ], [ -0.7005432, 47.8302151 ], [ -0.7004389, 47.8304911 ], [ -0.7003135, 47.8305156 ], [ -0.6994198, 47.8299505 ], [ -0.6996894, 47.829761399999988 ], [ -0.6994033, 47.8295785 ], [ -0.6990758, 47.8294935 ], [ -0.6989751, 47.8293868 ], [ -0.6991563, 47.8292138 ], [ -0.6988861, 47.8290582 ], [ -0.698568, 47.829166 ], [ -0.6985335, 47.8294388 ], [ -0.6981889, 47.8296191 ], [ -0.6978004, 47.8293661 ], [ -0.6975569, 47.8292924 ], [ -0.6972091, 47.8293192 ], [ -0.6969836, 47.8292152 ], [ -0.6968954, 47.829474399999988 ], [ -0.6969641, 47.8296026 ], [ -0.6965437, 47.8297048 ], [ -0.6965252, 47.8294575 ], [ -0.6962705, 47.8294595 ], [ -0.6961698, 47.8297343 ], [ -0.6957975, 47.8297882 ], [ -0.695423, 47.8300188 ], [ -0.6958181, 47.8301147 ], [ -0.6959375, 47.8300028 ], [ -0.6963093, 47.8299166 ], [ -0.6963072, 47.8297945 ], [ -0.6965037, 47.8297469 ], [ -0.6966317, 47.8299198 ], [ -0.6964226, 47.8301482 ], [ -0.696874, 47.8304587 ], [ -0.696874, 47.8306065 ], [ -0.6973135, 47.8307695 ], [ -0.6969305, 47.8315031 ], [ -0.6964121, 47.831533099999987 ], [ -0.6962047, 47.8314781 ], [ -0.6960033, 47.8316902 ], [ -0.6962816, 47.831939 ], [ -0.6954853, 47.8324691 ], [ -0.6950379, 47.8319449 ], [ -0.6943593, 47.8314592 ], [ -0.6944451, 47.8312157 ], [ -0.6943899, 47.8308613 ], [ -0.6934267, 47.8305982 ], [ -0.6934461, 47.8303892 ], [ -0.6939797, 47.8302851 ], [ -0.693831, 47.8298951 ], [ -0.6943077, 47.8296641 ], [ -0.6945615, 47.8293788 ], [ -0.6940898, 47.8290412 ], [ -0.6937921, 47.82893 ], [ -0.69379, 47.8285542 ], [ -0.6939457, 47.8281354 ], [ -0.6942743, 47.8279445 ], [ -0.6941775, 47.8274723 ], [ -0.6947103, 47.8269602 ], [ -0.695497, 47.8268694 ], [ -0.6954247, 47.8263672 ], [ -0.695047, 47.8261068 ], [ -0.6946473, 47.8260503 ], [ -0.6945619, 47.8263525 ], [ -0.6940926, 47.8267067 ], [ -0.6941192, 47.8270175 ], [ -0.6937552, 47.826898299999989 ], [ -0.6935465, 47.827050899999989 ], [ -0.6919734, 47.8272725 ], [ -0.6928289, 47.8259726 ], [ -0.6927968, 47.8258759 ], [ -0.6926101, 47.8256653 ], [ -0.6914362, 47.8259955 ], [ -0.690631, 47.825429 ], [ -0.6902599, 47.8248202 ], [ -0.6915879, 47.824475 ], [ -0.6924763, 47.8247761 ], [ -0.6939476, 47.8236431 ], [ -0.6942162, 47.8242265 ], [ -0.6941868, 47.8246455 ], [ -0.6939764, 47.8247294 ], [ -0.6940879, 47.8248518 ] ], [ [ -0.6691409, 47.7946032 ], [ -0.669639, 47.7955377 ], [ -0.6703211, 47.7965092 ], [ -0.6715735, 47.7977602 ], [ -0.672805, 47.7986694 ], [ -0.6740301, 47.7992337 ], [ -0.6758699, 47.800332 ], [ -0.6765647, 47.801213 ], [ -0.6768693, 47.8017692 ], [ -0.6771741, 47.803880899999989 ], [ -0.6768315, 47.8139054 ], [ -0.675945, 47.8142431 ], [ -0.6762645, 47.8143167 ], [ -0.6764015, 47.8145215 ], [ -0.6766158, 47.8145672 ], [ -0.6763435, 47.8149254 ], [ -0.6767581, 47.8149895 ], [ -0.6767851, 47.8152798 ], [ -0.6773458, 47.8151917 ], [ -0.676763, 47.8155389 ], [ -0.6762277, 47.8152234 ], [ -0.6762211, 47.8151423 ], [ -0.6757998, 47.815134 ], [ -0.6760435, 47.8147752 ], [ -0.6752806, 47.8144033 ], [ -0.6751443, 47.8150354 ], [ -0.6748899, 47.81511 ], [ -0.6745184, 47.8141219 ], [ -0.6745064, 47.814862399999988 ], [ -0.6748472, 47.8152973 ], [ -0.6743403, 47.8155013 ], [ -0.6745092, 47.815192 ], [ -0.6744528, 47.8151105 ], [ -0.674338, 47.8151498 ], [ -0.6742249, 47.8155475 ], [ -0.6737344, 47.8153477 ], [ -0.6735975, 47.8150767 ], [ -0.6742492, 47.8136771 ], [ -0.67328, 47.8122705 ], [ -0.6731684, 47.8150547 ], [ -0.6728303, 47.8151563 ], [ -0.6674736, 47.8155628 ], [ -0.6691858, 47.8060211 ], [ -0.6691409, 47.7946032 ] ], [ [ -0.5889313, 47.7798741 ], [ -0.5892028, 47.7800363 ], [ -0.5891361, 47.780143699999989 ], [ -0.588567, 47.7803363 ], [ -0.5883113, 47.780358899999989 ], [ -0.5878759, 47.7801343 ], [ -0.5873072, 47.7800656 ], [ -0.5874976, 47.7794992 ], [ -0.5882456, 47.7797535 ], [ -0.5882903, 47.7798712 ], [ -0.5889313, 47.7798741 ] ], [ [ -0.5888172, 47.7804827 ], [ -0.5892447, 47.7804064 ], [ -0.5895846, 47.7804779 ], [ -0.5904484, 47.7812682 ], [ -0.5887762, 47.7814536 ], [ -0.5888172, 47.7804827 ] ], [ [ -0.6789772, 47.8171554 ], [ -0.6790453, 47.8176775 ], [ -0.6789539, 47.8177469 ], [ -0.6778905, 47.8176052 ], [ -0.6782741, 47.8169865 ], [ -0.6789772, 47.8171554 ] ], [ [ -0.6928189, 47.8215364 ], [ -0.6933109, 47.8210772 ], [ -0.6930371, 47.821669 ], [ -0.6928189, 47.8215364 ] ], [ [ -0.6824863, 47.8233302 ], [ -0.6837008, 47.8238473 ], [ -0.6836621, 47.8241825 ], [ -0.6829972, 47.824023 ], [ -0.6828857, 47.8241984 ], [ -0.6826173, 47.8242209 ], [ -0.6827346, 47.8239566 ], [ -0.682873, 47.823923099999988 ], [ -0.6827763, 47.8238059 ], [ -0.6825316, 47.8238568 ], [ -0.6822478, 47.8240677 ], [ -0.6823534, 47.8237325 ], [ -0.6821275, 47.8237089 ], [ -0.6821158, 47.823479399999989 ], [ -0.6819638, 47.8234838 ], [ -0.6818142, 47.8233622 ], [ -0.6818681, 47.8232854 ], [ -0.6815007, 47.8232076 ], [ -0.681449, 47.8232896 ], [ -0.6812316, 47.8231531 ], [ -0.6811203, 47.8232272 ], [ -0.6810982, 47.823037299999989 ], [ -0.68123, 47.822996 ], [ -0.6809823, 47.8229258 ], [ -0.680966, 47.8230391 ], [ -0.6807595, 47.8231946 ], [ -0.680856, 47.8228969 ], [ -0.6805711, 47.8227935 ], [ -0.6803657, 47.8230154 ], [ -0.6802814, 47.8228918 ], [ -0.6803187, 47.8225847 ], [ -0.6807533, 47.8224284 ], [ -0.6809134, 47.8224394 ], [ -0.6814784, 47.8227816 ], [ -0.6821156, 47.8229063 ], [ -0.6824863, 47.8233302 ] ], [ [ -0.6912997, 47.8231431 ], [ -0.6911884, 47.8229486 ], [ -0.6915044, 47.8228458 ], [ -0.6916873, 47.8228981 ], [ -0.6919076, 47.8231448 ], [ -0.6916216, 47.8232794 ], [ -0.6912997, 47.8231431 ] ], [ [ -0.6815665, 47.8233241 ], [ -0.6817581, 47.8234009 ], [ -0.6815786, 47.8235326 ], [ -0.6815665, 47.8233241 ] ], [ [ -0.6847228, 47.8240131 ], [ -0.6853995, 47.8240372 ], [ -0.6859741, 47.824453 ], [ -0.6863355, 47.8245113 ], [ -0.686374, 47.8248092 ], [ -0.6862372, 47.8248111 ], [ -0.6855737, 47.8245112 ], [ -0.6855813, 47.8244526 ], [ -0.6853429, 47.8244689 ], [ -0.6853287, 47.8243819 ], [ -0.6851099, 47.8244229 ], [ -0.685085, 47.8243289 ], [ -0.6848202, 47.8243881 ], [ -0.6849135, 47.8247625 ], [ -0.684094, 47.8246376 ], [ -0.6839849, 47.8244104 ], [ -0.6844534, 47.8242476 ], [ -0.6844183, 47.8240822 ], [ -0.6847228, 47.8240131 ] ], [ [ -0.6931495, 47.828805 ], [ -0.6935702, 47.8289992 ], [ -0.6934691, 47.8292095 ], [ -0.6936112, 47.8294019 ], [ -0.6934543, 47.8297961 ], [ -0.6930731, 47.8298363 ], [ -0.6926263, 47.8301648 ], [ -0.6919282, 47.8303639 ], [ -0.6913123, 47.8303743 ], [ -0.6910251, 47.8303192 ], [ -0.6907641, 47.8301648 ], [ -0.6893137, 47.830232 ], [ -0.6890451, 47.8295943 ], [ -0.6884663, 47.8289945 ], [ -0.6882047, 47.8288752 ], [ -0.6881582, 47.8287233 ], [ -0.6883345, 47.8283683 ], [ -0.6887988, 47.8279262 ], [ -0.6893533, 47.8275613 ], [ -0.6901185, 47.8274694 ], [ -0.6910031, 47.8271876 ], [ -0.6917694, 47.8273476 ], [ -0.6919992, 47.8275893 ], [ -0.6925595, 47.827864 ], [ -0.6927276, 47.828268 ], [ -0.6928908, 47.8283157 ], [ -0.6929719, 47.8285872 ], [ -0.6931509, 47.8287039 ], [ -0.6931495, 47.828805 ] ], [ [ -0.6916819, 47.8330169 ], [ -0.6913122, 47.8329322 ], [ -0.6915693, 47.832736 ], [ -0.6914496, 47.8326325 ], [ -0.6903047, 47.8323089 ], [ -0.6903857, 47.8316069 ], [ -0.6911166, 47.8313649 ], [ -0.6920721, 47.8314341 ], [ -0.6926702, 47.8316279 ], [ -0.6925679, 47.8318648 ], [ -0.692655, 47.832266399999988 ], [ -0.6921981, 47.8327078 ], [ -0.6917937, 47.8328646 ], [ -0.6916819, 47.8330169 ] ], [ [ -0.6755221, 47.8153649 ], [ -0.6753927, 47.8152874 ], [ -0.675455, 47.814944 ], [ -0.675545, 47.8151164 ], [ -0.6756209, 47.8149761 ], [ -0.6757243, 47.815171 ], [ -0.6755221, 47.8153649 ] ], [ [ -0.6753121, 47.8150785 ], [ -0.6753915, 47.8152868 ], [ -0.6751312, 47.8152228 ], [ -0.675149, 47.8150785 ], [ -0.6753121, 47.8150785 ] ], [ [ -0.6774853, 47.8157784 ], [ -0.6779631, 47.8154382 ], [ -0.6782244, 47.815459499999989 ], [ -0.6777758, 47.8159025 ], [ -0.6773874, 47.8159494 ], [ -0.676999, 47.8159181 ], [ -0.6767789, 47.8155963 ], [ -0.677171, 47.8154814 ], [ -0.6773236, 47.8156614 ], [ -0.6771632, 47.8157338 ], [ -0.6774853, 47.8157784 ] ], [ [ -0.6730109, 47.8201857 ], [ -0.6734227, 47.8201057 ], [ -0.6731255, 47.8200752 ], [ -0.672935, 47.8199305 ], [ -0.6725001, 47.8185494 ], [ -0.6735216, 47.8196418 ], [ -0.6735799, 47.8199421 ], [ -0.6734851, 47.820281 ], [ -0.6731381, 47.8202833 ], [ -0.6730109, 47.8201857 ] ], [ [ -0.6729017, 47.8200325 ], [ -0.6726687, 47.820386899999988 ], [ -0.6723038, 47.819903499999988 ], [ -0.67268, 47.8200576 ], [ -0.6729017, 47.8200325 ] ], [ [ -0.6726462, 47.8205435 ], [ -0.673061, 47.8205715 ], [ -0.6731629, 47.8205152 ], [ -0.6729325, 47.820414 ], [ -0.6734991, 47.8203497 ], [ -0.6734956, 47.8205779 ], [ -0.673826, 47.8206169 ], [ -0.673993, 47.8205099 ], [ -0.673993, 47.8206752 ], [ -0.673837, 47.8206229 ], [ -0.6738075, 47.8208611 ], [ -0.6740225, 47.8209311 ], [ -0.6741147, 47.8208243 ], [ -0.6741714, 47.820927 ], [ -0.6748583, 47.8210209 ], [ -0.6748199, 47.820526799999989 ], [ -0.6750399, 47.8202535 ], [ -0.6755372, 47.8205816 ], [ -0.675619, 47.8208899 ], [ -0.6761093, 47.820794 ], [ -0.6761695, 47.8209065 ], [ -0.6759209, 47.8211062 ], [ -0.6748707, 47.8210838 ], [ -0.6747252, 47.8212586 ], [ -0.6742192, 47.8212513 ], [ -0.6737304, 47.8211499 ], [ -0.6733519, 47.8212276 ], [ -0.672519, 47.8216966 ], [ -0.6721615, 47.8217932 ], [ -0.672562, 47.8209632 ], [ -0.6726462, 47.8205435 ] ], [ [ -0.6774805, 47.8216775 ], [ -0.6783594, 47.8219808 ], [ -0.6782669, 47.8223699 ], [ -0.6777652, 47.8221718 ], [ -0.6771003, 47.8221149 ], [ -0.6770929, 47.8219821 ], [ -0.6763305, 47.8217251 ], [ -0.6767229, 47.8214112 ], [ -0.677107, 47.8212688 ], [ -0.6772169, 47.8212831 ], [ -0.6774805, 47.8216775 ] ], [ [ -0.6770357, 47.8279147 ], [ -0.6768998, 47.8277725 ], [ -0.6765383, 47.8277711 ], [ -0.6763898, 47.8276731 ], [ -0.6768533, 47.827062 ], [ -0.6771858, 47.8274941 ], [ -0.6770631, 47.827716099999989 ], [ -0.6773264, 47.8278825 ], [ -0.6770357, 47.8279147 ] ] ], [ [ [ -0.6741388, 47.8148489 ], [ -0.673766, 47.8150838 ], [ -0.6740326, 47.8150736 ], [ -0.674061, 47.8152292 ], [ -0.67425, 47.8151461 ], [ -0.67423, 47.8146838 ], [ -0.6741388, 47.8148489 ] ] ], [ [ [ -0.6843818, 47.8245222 ], [ -0.6847573, 47.8243565 ], [ -0.6844613, 47.8242691 ], [ -0.6843818, 47.8245222 ] ] ], [ [ [ -0.6734743, 47.820646 ], [ -0.6730383, 47.8206226 ], [ -0.6727429, 47.8208892 ], [ -0.6731843, 47.8207847 ], [ -0.6731588, 47.8209279 ], [ -0.6734844, 47.8207584 ], [ -0.6734393, 47.8209747 ], [ -0.6738, 47.8208631 ], [ -0.6734743, 47.820646 ] ] ], [ [ [ -0.7091417, 47.82542 ], [ -0.709408, 47.8253171 ], [ -0.7092571, 47.825192 ], [ -0.7091108, 47.8252097 ], [ -0.7090159, 47.8253381 ], [ -0.7091417, 47.82542 ] ] ], [ [ [ -0.6982251, 47.8270077 ], [ -0.6982385, 47.8268813 ], [ -0.6983857, 47.826818 ], [ -0.698283, 47.8267539 ], [ -0.6978193, 47.8266844 ], [ -0.6976588, 47.8265793 ], [ -0.6970057, 47.8265553 ], [ -0.6969396, 47.8267554 ], [ -0.6971164, 47.8272947 ], [ -0.6970409, 47.8274222 ], [ -0.6971651, 47.8275235 ], [ -0.6973369, 47.8274658 ], [ -0.6975133, 47.8275531 ], [ -0.6979079, 47.8274492 ], [ -0.6981527, 47.8275233 ], [ -0.6980575, 47.827046 ], [ -0.6982251, 47.8270077 ] ] ], [ [ [ -0.7081233, 47.8274306 ], [ -0.7079284, 47.8273825 ], [ -0.7078218, 47.8274858 ], [ -0.7079791, 47.8276178 ], [ -0.7081673, 47.8275211 ], [ -0.7081233, 47.8274306 ] ] ], [ [ [ -0.7084758, 47.8276576 ], [ -0.7088198, 47.8279175 ], [ -0.7091576, 47.8275901 ], [ -0.7091513, 47.8274529 ], [ -0.7086343, 47.8271696 ], [ -0.7084576, 47.8273322 ], [ -0.7084758, 47.8276576 ] ] ], [ [ [ -0.7094692, 47.8284562 ], [ -0.7097404, 47.8284311 ], [ -0.7099588, 47.8282742 ], [ -0.7100522, 47.828268 ], [ -0.7101143, 47.828392 ], [ -0.7103864, 47.828392 ], [ -0.7102338, 47.8282688 ], [ -0.7102049, 47.8281005 ], [ -0.7104225, 47.8279105 ], [ -0.7101965, 47.8275593 ], [ -0.7107356, 47.827444299999989 ], [ -0.7109808, 47.827491 ], [ -0.710757, 47.8272215 ], [ -0.7100934, 47.8272622 ], [ -0.7100322, 47.8274819 ], [ -0.7097629, 47.8277762 ], [ -0.709776, 47.8279256 ], [ -0.7094719, 47.8281958 ], [ -0.7092667, 47.8282373 ], [ -0.7087786, 47.8280441 ], [ -0.7084135, 47.8284926 ], [ -0.7085593, 47.8285136 ], [ -0.7087301, 47.8287509 ], [ -0.7091266, 47.8286983 ], [ -0.7094692, 47.8284562 ] ] ], [ [ [ -0.7068009, 47.8281951 ], [ -0.7067609, 47.8280597 ], [ -0.7064096, 47.8280474 ], [ -0.7062433, 47.8279534 ], [ -0.7064932, 47.8279011 ], [ -0.7063165, 47.8278036 ], [ -0.706256, 47.8276431 ], [ -0.7064273, 47.827642 ], [ -0.7066136, 47.8274987 ], [ -0.7062898, 47.8273372 ], [ -0.7063412, 47.8272036 ], [ -0.7060421, 47.827148199999989 ], [ -0.7056737, 47.8275728 ], [ -0.7056287, 47.8278051 ], [ -0.7057449, 47.8278521 ], [ -0.7059998, 47.8283645 ], [ -0.706134, 47.8283968 ], [ -0.7058523, 47.828588 ], [ -0.7060899, 47.8287847 ], [ -0.7058118, 47.828868799999988 ], [ -0.7057413, 47.829059 ], [ -0.7056109, 47.8290856 ], [ -0.7053332, 47.8289791 ], [ -0.7050585, 47.8290869 ], [ -0.7049609, 47.8289387 ], [ -0.7053363, 47.8289531 ], [ -0.7051798, 47.8282175 ], [ -0.7046964, 47.828271699999988 ], [ -0.7046906, 47.8282135 ], [ -0.7051833, 47.8281589 ], [ -0.7051888, 47.8279528 ], [ -0.7050398, 47.8278606 ], [ -0.7046831, 47.8279256 ], [ -0.7046581, 47.8278555 ], [ -0.7049118, 47.8278313 ], [ -0.7052356, 47.8275908 ], [ -0.7048415, 47.8270947 ], [ -0.7045477, 47.8270643 ], [ -0.7044957, 47.827459 ], [ -0.7048088, 47.8276382 ], [ -0.7047139, 47.8276776 ], [ -0.7048154, 47.8277167 ], [ -0.7046578, 47.8278549 ], [ -0.7045085, 47.8278052 ], [ -0.7041066, 47.8279423 ], [ -0.704107, 47.8283843 ], [ -0.703365, 47.8284601 ], [ -0.703365, 47.8283241 ], [ -0.7035657, 47.8282689 ], [ -0.7035121, 47.8280739 ], [ -0.7033219, 47.8281107 ], [ -0.7032131, 47.8284147 ], [ -0.7030693, 47.8284165 ], [ -0.7030783, 47.8283384 ], [ -0.702879, 47.8282999 ], [ -0.7025274, 47.8284318 ], [ -0.7028437, 47.8284238 ], [ -0.7030941, 47.828588599999989 ], [ -0.7034096, 47.8285876 ], [ -0.7035177, 47.8285124 ], [ -0.7036361, 47.8285551 ], [ -0.7037873, 47.8287821 ], [ -0.7040071, 47.8288283 ], [ -0.7041618, 47.8290127 ], [ -0.7045308, 47.8291446 ], [ -0.7048183, 47.8291362 ], [ -0.7049846, 47.829328 ], [ -0.705126, 47.829187 ], [ -0.7052519, 47.8292115 ], [ -0.7051766, 47.8295019 ], [ -0.7055214, 47.8296247 ], [ -0.7057644, 47.829524 ], [ -0.705762, 47.8294425 ], [ -0.7053803, 47.8294203 ], [ -0.7060627, 47.8293711 ], [ -0.7061946, 47.8296166 ], [ -0.7066936, 47.8297114 ], [ -0.7072022, 47.829594 ], [ -0.7068915, 47.829326099999989 ], [ -0.7069594, 47.8289377 ], [ -0.7064513, 47.8287967 ], [ -0.706227, 47.8285813 ], [ -0.7068009, 47.8281951 ] ], [ [ -0.7047956, 47.8285778 ], [ -0.7045069, 47.8285918 ], [ -0.7046944, 47.828412 ], [ -0.7047956, 47.8285778 ] ], [ [ -0.7061879, 47.8291115 ], [ -0.7060024, 47.8289517 ], [ -0.7063089, 47.8289317 ], [ -0.7063301, 47.829129 ], [ -0.7061879, 47.8291115 ] ] ], [ [ [ -0.7072859, 47.8295767 ], [ -0.7074037, 47.8297819 ], [ -0.7077998, 47.8297563 ], [ -0.7077717, 47.8295993 ], [ -0.7075679, 47.8295209 ], [ -0.7072859, 47.8295767 ] ] ], [ [ [ -0.7091735, 47.8301882 ], [ -0.7089747, 47.8300277 ], [ -0.7086434, 47.8300892 ], [ -0.7085858, 47.830198599999989 ], [ -0.7088119, 47.8304872 ], [ -0.7091735, 47.8301882 ] ] ], [ [ [ -0.7094393, 47.8304812 ], [ -0.7092278, 47.830371 ], [ -0.7091803, 47.8302444 ], [ -0.7088113, 47.8305041 ], [ -0.7086176, 47.8308497 ], [ -0.7087255, 47.8309314 ], [ -0.7091136, 47.8309177 ], [ -0.7094393, 47.8304812 ] ] ], [ [ [ -0.7104194, 47.8304722 ], [ -0.7101437, 47.8307923 ], [ -0.7099888, 47.8307489 ], [ -0.709774, 47.8310309 ], [ -0.7102246, 47.8310447 ], [ -0.7105657, 47.8306169 ], [ -0.7102478, 47.8308499 ], [ -0.7104194, 47.8304722 ] ] ], [ [ [ -0.7055169, 47.8354724 ], [ -0.7068582, 47.8355571 ], [ -0.7085356, 47.8355555 ], [ -0.7086486, 47.8352615 ], [ -0.7080549, 47.8350074 ], [ -0.7065105, 47.8347432 ], [ -0.7055169, 47.8354724 ] ] ], [ [ [ -0.7128062, 47.8481921 ], [ -0.7131887, 47.8486089 ], [ -0.7137654, 47.8484149 ], [ -0.7145082, 47.8487296 ], [ -0.7117542, 47.8445283 ], [ -0.7078995, 47.8443045 ], [ -0.7077818, 47.844378 ], [ -0.7081134, 47.8447214 ], [ -0.708484, 47.8447583 ], [ -0.708848, 47.845237 ], [ -0.7092305, 47.8453852 ], [ -0.7091395, 47.8455197 ], [ -0.7091891, 47.845674 ], [ -0.7112706, 47.8465397 ], [ -0.7117374, 47.8465546 ], [ -0.7123142, 47.8466868 ], [ -0.7124322, 47.8469966 ], [ -0.7124377, 47.8476118 ], [ -0.7126658, 47.8478299 ], [ -0.7128062, 47.8481921 ] ] ] ] } },
{ "type": "Feature", "properties": { "code_departement": 53.0, "code_rne": "0530914F", "multisecteur": 0.0 }, "geometry": { "type": "MultiPolygon", "coordinates": [ [ [ [ -0.6788697, 48.1022397 ], [ -0.6809307, 48.0999115 ], [ -0.6811915, 48.0998727 ], [ -0.6817504, 48.1000381 ], [ -0.6822311, 48.1000465 ], [ -0.682414, 48.09993 ], [ -0.6828458, 48.0993148 ], [ -0.6833142, 48.0990506 ], [ -0.6838658, 48.0985316 ], [ -0.6848122, 48.0986425 ], [ -0.6853292, 48.0977057 ], [ -0.6864236, 48.0967192 ], [ -0.6876607, 48.0960815 ], [ -0.6882362, 48.0961391 ], [ -0.6890058, 48.0955853 ], [ -0.6893277, 48.0951888 ], [ -0.6894059, 48.0944792 ], [ -0.6897529, 48.0939981 ], [ -0.6904612, 48.0942632 ], [ -0.6908126, 48.0941721 ], [ -0.6915337, 48.0932531 ], [ -0.6919827, 48.0923076 ], [ -0.6934513, 48.0924273 ], [ -0.6935451, 48.0921721 ], [ -0.6934737, 48.091651 ], [ -0.6920827, 48.0906973 ], [ -0.6908808, 48.0904891 ], [ -0.6907751, 48.0889366 ], [ -0.6909445, 48.0876269 ], [ -0.6897251, 48.0874732 ], [ -0.6898977, 48.0869228 ], [ -0.6899841, 48.0857905 ], [ -0.6883004, 48.0856117 ], [ -0.6869332, 48.0856527 ], [ -0.6873462, 48.0838633 ], [ -0.6876658, 48.0833758 ], [ -0.6878344, 48.082767 ], [ -0.6881088, 48.08248 ], [ -0.6885953, 48.0814946 ], [ -0.6888263, 48.0804316 ], [ -0.6887838, 48.080207699999988 ], [ -0.6884602, 48.0802511 ], [ -0.6878078, 48.0800527 ], [ -0.6871857, 48.0788821 ], [ -0.6853038, 48.0769736 ], [ -0.6814687, 48.0774386 ], [ -0.6796538, 48.0775143 ], [ -0.6788629, 48.0774498 ], [ -0.6781756, 48.0772704 ], [ -0.6786145, 48.076082 ], [ -0.6787561, 48.0746974 ], [ -0.6781411, 48.0748229 ], [ -0.6764823, 48.0749369 ], [ -0.6756705, 48.0747839 ], [ -0.6750179, 48.0747745 ], [ -0.6739457, 48.0743945 ], [ -0.6736316, 48.074362 ], [ -0.6736055, 48.0739871 ], [ -0.6730668, 48.0738364 ], [ -0.6728956, 48.0737129 ], [ -0.6730459, 48.0733605 ], [ -0.674082, 48.0721769 ], [ -0.6734409, 48.0718104 ], [ -0.6741758, 48.0711677 ], [ -0.6735238, 48.0707791 ], [ -0.6724562, 48.0704241 ], [ -0.6725187, 48.0697763 ], [ -0.6727744, 48.0692584 ], [ -0.6726125, 48.0691139 ], [ -0.6707617, 48.0688419 ], [ -0.6667277, 48.0680011 ], [ -0.6656807, 48.0676913 ], [ -0.664067, 48.0675614 ], [ -0.6637626, 48.0678042 ], [ -0.662902, 48.0680508 ], [ -0.6621945, 48.0681791 ], [ -0.6610934, 48.0682512 ], [ -0.6606619, 48.0684448 ], [ -0.6602485, 48.0688405 ], [ -0.6598607, 48.0689859 ], [ -0.6584627, 48.0690798 ], [ -0.6572398, 48.0689664 ], [ -0.6572357, 48.068499 ], [ -0.6567364, 48.0687424 ], [ -0.6558545, 48.0690103 ], [ -0.6553639, 48.0694382 ], [ -0.6544724, 48.0697433 ], [ -0.6540281, 48.0698102 ], [ -0.6539019, 48.0697151 ], [ -0.6537657, 48.0693202 ], [ -0.6534478, 48.0689787 ], [ -0.6532042, 48.0688566 ], [ -0.6524052, 48.0688291 ], [ -0.6518683, 48.0686053 ], [ -0.6516343, 48.0684675 ], [ -0.6508879, 48.0676421 ], [ -0.6499564, 48.0670376 ], [ -0.6491969, 48.0668018 ], [ -0.6478712, 48.0668329 ], [ -0.6480584, 48.0656885 ], [ -0.6482309, 48.0655777 ], [ -0.6481774, 48.0652119 ], [ -0.6467537, 48.0646398 ], [ -0.6461667, 48.0644886 ], [ -0.6453092, 48.0644089 ], [ -0.6450563, 48.0642879 ], [ -0.6442514, 48.0641344 ], [ -0.6431883, 48.0643079 ], [ -0.6388576, 48.0639671 ], [ -0.6383629, 48.0640824 ], [ -0.6367986, 48.0642001 ], [ -0.6350597, 48.06467 ], [ -0.6335716, 48.0654861 ], [ -0.6328623, 48.065999 ], [ -0.6318654, 48.0673738 ], [ -0.6302111, 48.0688643 ], [ -0.630001, 48.0708156 ], [ -0.6300761, 48.0716745 ], [ -0.6298026, 48.0717433 ], [ -0.6272627, 48.0702803 ], [ -0.6264412, 48.0692561 ], [ -0.6211903, 48.0709284 ], [ -0.6205208, 48.0709454 ], [ -0.6189459, 48.0704002 ], [ -0.6183337, 48.0703515 ], [ -0.6171885, 48.071628 ], [ -0.6155809, 48.0728052 ], [ -0.6151734, 48.0736086 ], [ -0.6125701, 48.0726084 ], [ -0.6107023, 48.0719865 ], [ -0.610081, 48.0718434 ], [ -0.6097624, 48.0719009 ], [ -0.6087876, 48.0717389 ], [ -0.6078677, 48.0716906 ], [ -0.6071732, 48.0713425 ], [ -0.6055138, 48.0712708 ], [ -0.6034025, 48.070682399999988 ], [ -0.6024584, 48.0720751 ], [ -0.6018206, 48.0726756 ], [ -0.6012066, 48.0737258 ], [ -0.6002766, 48.0746749 ], [ -0.599889, 48.0753786 ], [ -0.5996694, 48.076121199999989 ], [ -0.5994108, 48.0761535 ], [ -0.5982398, 48.0766243 ], [ -0.5980324, 48.076737 ], [ -0.5977856, 48.0770418 ], [ -0.5939421, 48.0772727 ], [ -0.5917303, 48.0773023 ], [ -0.5883171, 48.0771794 ], [ -0.587668, 48.0780333 ], [ -0.586473, 48.0778157 ], [ -0.5841254, 48.0776881 ], [ -0.5812284, 48.0769106 ], [ -0.5797244, 48.0761384 ], [ -0.578237, 48.0755503 ], [ -0.5774875, 48.075002 ], [ -0.5766002, 48.0746425 ], [ -0.5766402, 48.0744981 ], [ -0.5734662, 48.0733955 ], [ -0.5704465, 48.0726863 ], [ -0.5694295, 48.0726532 ], [ -0.5692919, 48.0727853 ], [ -0.5671011, 48.0721671 ], [ -0.5645028, 48.0716251 ], [ -0.5643703, 48.0703572 ], [ -0.5636544, 48.0699051 ], [ -0.5612316, 48.0687344 ], [ -0.5608797, 48.0681784 ], [ -0.5600082, 48.0691074 ], [ -0.5588831, 48.0700827 ], [ -0.5579803, 48.0706676 ], [ -0.5567881, 48.0712261 ], [ -0.5577219, 48.0714411 ], [ -0.5574773, 48.0718808 ], [ -0.5567119, 48.0725913 ], [ -0.5566072, 48.0728529 ], [ -0.5568434, 48.0731674 ], [ -0.5574509, 48.0735463 ], [ -0.5573133, 48.0741386 ], [ -0.5566619, 48.0747051 ], [ -0.5554637, 48.0754358 ], [ -0.5547364, 48.0763135 ], [ -0.5547717, 48.0764187 ], [ -0.5545431, 48.076858 ], [ -0.5547133, 48.0771303 ], [ -0.5546925, 48.07762 ], [ -0.5548924, 48.0778356 ], [ -0.5545313, 48.0786626 ], [ -0.5547823, 48.0794162 ], [ -0.5545584, 48.0802255 ], [ -0.554807, 48.080863 ], [ -0.5552454, 48.0811254 ], [ -0.5553233, 48.0817049 ], [ -0.5549978, 48.0831614 ], [ -0.5550535, 48.0843298 ], [ -0.5560535, 48.0843672 ], [ -0.5565745, 48.0845172 ], [ -0.5577851, 48.0833295 ], [ -0.5583885, 48.082887 ], [ -0.5593635, 48.0825927 ], [ -0.5602392, 48.0824815 ], [ -0.5609785, 48.08266 ], [ -0.5617795, 48.0830159 ], [ -0.5628399, 48.0836703 ], [ -0.5631851, 48.0840057 ], [ -0.5658098, 48.0843118 ], [ -0.5658722, 48.0834028 ], [ -0.5654095, 48.0820035 ], [ -0.5653558, 48.081307 ], [ -0.5675049, 48.0813609 ], [ -0.5678638, 48.0814401 ], [ -0.5703643, 48.0826965 ], [ -0.5711424, 48.0828126 ], [ -0.5710691, 48.083439 ], [ -0.5701592, 48.0853925 ], [ -0.5702739, 48.085518699999987 ], [ -0.5727119, 48.0868212 ], [ -0.5733657, 48.0870851 ], [ -0.5750161, 48.0875539 ], [ -0.5755633, 48.0879921 ], [ -0.5774505, 48.0887005 ], [ -0.5798436, 48.0900303 ], [ -0.5802866, 48.0905168 ], [ -0.581196, 48.0906026 ], [ -0.5838046, 48.0916177 ], [ -0.586111, 48.09444 ], [ -0.5870623, 48.0958558 ], [ -0.5876728, 48.0959751 ], [ -0.5886428, 48.0979633 ], [ -0.5896122, 48.0981589 ], [ -0.5894847, 48.0983601 ], [ -0.5895998, 48.0987683 ], [ -0.5912714, 48.0991659 ], [ -0.5941139, 48.099517 ], [ -0.5951636, 48.099548 ], [ -0.5950823, 48.0999748 ], [ -0.5942554, 48.1007278 ], [ -0.594849, 48.1006962 ], [ -0.5986637, 48.1043234 ], [ -0.5993958, 48.1043704 ], [ -0.6002481, 48.1043254 ], [ -0.6006647, 48.1046361 ], [ -0.6005989, 48.1048155 ], [ -0.6008347, 48.1046831 ], [ -0.6016923, 48.1047164 ], [ -0.6026295, 48.1046346 ], [ -0.6043038, 48.104732 ], [ -0.6044232, 48.1051805 ], [ -0.6047016, 48.1052405 ], [ -0.6053873, 48.1056122 ], [ -0.6057503, 48.10632 ], [ -0.6055764, 48.1071612 ], [ -0.6056594, 48.1076676 ], [ -0.605852, 48.1079878 ], [ -0.6068817, 48.1088066 ], [ -0.6070914, 48.1097316 ], [ -0.6081856, 48.1101359 ], [ -0.6093348, 48.1102223 ], [ -0.610833, 48.1104746 ], [ -0.6112807, 48.1104717 ], [ -0.611461, 48.1114372 ], [ -0.6128885, 48.1117186 ], [ -0.6135837, 48.1119315 ], [ -0.6141404, 48.1119486 ], [ -0.614869, 48.1117659 ], [ -0.6155415, 48.1118435 ], [ -0.6163793, 48.1118016 ], [ -0.6166859, 48.1128803 ], [ -0.6174299, 48.1137087 ], [ -0.6185276, 48.1131985 ], [ -0.6201441, 48.1149405 ], [ -0.6211289, 48.1148634 ], [ -0.6212832, 48.1156036 ], [ -0.6216347, 48.1158649 ], [ -0.6218772, 48.1177941 ], [ -0.6217683, 48.1182461 ], [ -0.6219818, 48.1202816 ], [ -0.621709, 48.123189599999989 ], [ -0.6201431, 48.1240358 ], [ -0.6199925, 48.1245881 ], [ -0.6188612, 48.1255326 ], [ -0.6182548, 48.1268151 ], [ -0.619165, 48.1270222 ], [ -0.6198237, 48.1268759 ], [ -0.6199132, 48.1272785 ], [ -0.6209049, 48.1272994 ], [ -0.6208663, 48.1269132 ], [ -0.6218572, 48.127099 ], [ -0.6225891, 48.1270981 ], [ -0.6230607, 48.1272845 ], [ -0.6235122, 48.1272562 ], [ -0.6238757, 48.1273378 ], [ -0.625102, 48.1272289 ], [ -0.6259156, 48.1284767 ], [ -0.6266422, 48.1291236 ], [ -0.6263421, 48.1293779 ], [ -0.6267257, 48.1295759 ], [ -0.62684, 48.1298093 ], [ -0.6259162, 48.1305827 ], [ -0.6255955, 48.130616 ], [ -0.625074, 48.1309572 ], [ -0.6249597, 48.1320173 ], [ -0.6251572, 48.1328166 ], [ -0.6273947, 48.1329306 ], [ -0.6271976, 48.1341356 ], [ -0.6273546, 48.1350892 ], [ -0.6269294, 48.1367759 ], [ -0.6267657, 48.1369981 ], [ -0.6281661, 48.1373621 ], [ -0.6288288, 48.137802 ], [ -0.628652, 48.1384218 ], [ -0.6266774, 48.1395536 ], [ -0.627787, 48.1415804 ], [ -0.6286941, 48.1421876 ], [ -0.6291385, 48.1428963 ], [ -0.6287333, 48.1452454 ], [ -0.6289168, 48.1460162 ], [ -0.6288165, 48.1464958 ], [ -0.6291191, 48.1465901 ], [ -0.6312236, 48.1486358 ], [ -0.6320936, 48.1493278 ], [ -0.6326136, 48.1495883 ], [ -0.6329508, 48.149637399999989 ], [ -0.6332168, 48.1495508 ], [ -0.6347089, 48.151791 ], [ -0.635607, 48.152928 ], [ -0.6362212, 48.1542621 ], [ -0.6404359, 48.15504 ], [ -0.6495465, 48.1563546 ], [ -0.6598822, 48.1550614 ], [ -0.6636047, 48.1548891 ], [ -0.6660304, 48.1550596 ], [ -0.6724348, 48.1543487 ], [ -0.6738083, 48.1540834 ], [ -0.6806705, 48.1522372 ], [ -0.6817455, 48.1520352 ], [ -0.6817097, 48.1518507 ], [ -0.6812645, 48.1518358 ], [ -0.6799645, 48.1511278 ], [ -0.6797338, 48.1504441 ], [ -0.6797142, 48.1497952 ], [ -0.6795533, 48.1497075 ], [ -0.6795914, 48.1495784 ], [ -0.680131, 48.1490931 ], [ -0.6843205, 48.1414604 ], [ -0.6850058, 48.1409813 ], [ -0.6853848, 48.140202 ], [ -0.6855067, 48.1393262 ], [ -0.6858617, 48.1384918 ], [ -0.685069, 48.1381454 ], [ -0.6849922, 48.1366399 ], [ -0.6877279, 48.1367129 ], [ -0.687902, 48.134368 ], [ -0.688237, 48.1344827 ], [ -0.6885497, 48.1344513 ], [ -0.6886401, 48.1336837 ], [ -0.6885931, 48.1328754 ], [ -0.6882245, 48.1322996 ], [ -0.687912, 48.1315427 ], [ -0.6879993, 48.1307311 ], [ -0.6885436, 48.1297385 ], [ -0.689063, 48.1293538 ], [ -0.6892353, 48.1288538 ], [ -0.6897318, 48.1281212 ], [ -0.6893789, 48.1274413 ], [ -0.6896995, 48.1254621 ], [ -0.6888382, 48.1223767 ], [ -0.6883584, 48.1217297 ], [ -0.6878376, 48.1213226 ], [ -0.6878261, 48.1210608 ], [ -0.6876856, 48.1210337 ], [ -0.6874041, 48.1201425 ], [ -0.6874424, 48.1200549 ], [ -0.6877528, 48.1200307 ], [ -0.6886217, 48.1195657 ], [ -0.6894573, 48.1196062 ], [ -0.6895146, 48.1195018 ], [ -0.6893856, 48.1193301 ], [ -0.689971, 48.1191407 ], [ -0.6890014, 48.1175459 ], [ -0.6920739, 48.1160615 ], [ -0.690595, 48.1146872 ], [ -0.6904264, 48.1140845 ], [ -0.6911126, 48.1131612 ], [ -0.6915596, 48.112995 ], [ -0.6913702, 48.1125748 ], [ -0.6922917, 48.1114587 ], [ -0.692199, 48.1109022 ], [ -0.6928511, 48.1093773 ], [ -0.6924076, 48.1086129 ], [ -0.6923849, 48.1076714 ], [ -0.6921753, 48.107541 ], [ -0.6912977, 48.1074739 ], [ -0.6889889, 48.1070391 ], [ -0.6884339, 48.1067384 ], [ -0.6882768, 48.1063371 ], [ -0.6877871, 48.1059894 ], [ -0.687234, 48.1057337 ], [ -0.6851857, 48.1051573 ], [ -0.6854806, 48.1044293 ], [ -0.6853415, 48.1043435 ], [ -0.6841672, 48.1040911 ], [ -0.683295, 48.10414 ], [ -0.6829807, 48.1040687 ], [ -0.6823377, 48.1037384 ], [ -0.6805927, 48.103247 ], [ -0.6788697, 48.1022397 ] ] ], [ [ [ -0.7711212, 48.0710186 ], [ -0.7709621, 48.0708449 ], [ -0.7694839, 48.0710078 ], [ -0.7692146, 48.0709641 ], [ -0.7688093, 48.0710164 ], [ -0.7686408, 48.0709376 ], [ -0.7678683, 48.0710892 ], [ -0.7675114, 48.0709625 ], [ -0.7673079, 48.0709899 ], [ -0.7670817, 48.0708243 ], [ -0.7669932, 48.0710429 ], [ -0.7668863, 48.0710456 ], [ -0.7668563, 48.0707313 ], [ -0.7666548, 48.0705567 ], [ -0.7665061, 48.0706905 ], [ -0.7665544, 48.0710594 ], [ -0.7668018, 48.0711057 ], [ -0.7667776, 48.0712216 ], [ -0.7665696, 48.0712755 ], [ -0.7664789, 48.0707165 ], [ -0.76633, 48.0708302 ], [ -0.76634, 48.0710876 ], [ -0.7661765, 48.0710712 ], [ -0.7661765, 48.0709709 ], [ -0.7658712, 48.0708675 ], [ -0.7658003, 48.071018 ], [ -0.7659578, 48.0711989 ], [ -0.765786, 48.0713413 ], [ -0.7656397, 48.0713453 ], [ -0.76523, 48.071157 ], [ -0.7648942, 48.0711689 ], [ -0.7642472, 48.0715482 ], [ -0.7641863, 48.0718209 ], [ -0.7642732, 48.07214 ], [ -0.7640976, 48.0722908 ], [ -0.7634102, 48.0722982 ], [ -0.7632969, 48.0719859 ], [ -0.7630303, 48.0717674 ], [ -0.7632444, 48.0714617 ], [ -0.763143, 48.0713578 ], [ -0.7627662, 48.0712646 ], [ -0.7625106, 48.0714012 ], [ -0.7623878, 48.0717299 ], [ -0.7616353, 48.0719789 ], [ -0.7614765, 48.0720036 ], [ -0.7610078, 48.0716598 ], [ -0.7607032, 48.0715787 ], [ -0.7603589, 48.0715903 ], [ -0.7601735, 48.0716781 ], [ -0.7598687, 48.0715287 ], [ -0.7594643, 48.0716743 ], [ -0.7590513, 48.0717261 ], [ -0.758986, 48.0718189 ], [ -0.7585372, 48.0719574 ], [ -0.758359, 48.071855 ], [ -0.7583707, 48.0717828 ], [ -0.7581088, 48.0718126 ], [ -0.758135, 48.0716445 ], [ -0.7580455, 48.0716487 ], [ -0.7579838, 48.0715173 ], [ -0.7578222, 48.0715178 ], [ -0.7578401, 48.0714236 ], [ -0.7577066, 48.0713443 ], [ -0.7577671, 48.0712812 ], [ -0.7575948, 48.0712243 ], [ -0.7573905, 48.0709081 ], [ -0.7571333, 48.0707523 ], [ -0.7568051, 48.0700693 ], [ -0.7563739, 48.0698882 ], [ -0.7562269, 48.069933 ], [ -0.7560537, 48.0697107 ], [ -0.7562434, 48.0694875 ], [ -0.7559017, 48.0695013 ], [ -0.7558391, 48.0694168 ], [ -0.7559355, 48.0693065 ], [ -0.7556734, 48.0692425 ], [ -0.7556698, 48.0690853 ], [ -0.7554908, 48.0690326 ], [ -0.7556727, 48.0689217 ], [ -0.7554741, 48.068885 ], [ -0.7554271, 48.0687387 ], [ -0.7555775, 48.0685033 ], [ -0.7550639, 48.0682608 ], [ -0.7546906, 48.0684323 ], [ -0.7543976, 48.0683434 ], [ -0.7541962, 48.0688274 ], [ -0.7537733, 48.068654 ], [ -0.753663, 48.0687546 ], [ -0.7530574, 48.0689147 ], [ -0.7528556, 48.068936 ], [ -0.7526701, 48.0688562 ], [ -0.752482, 48.0693716 ], [ -0.7524398, 48.0702454 ], [ -0.7517584, 48.0695764 ], [ -0.751189, 48.0694619 ], [ -0.7508255, 48.0695712 ], [ -0.751025, 48.0702587 ], [ -0.7505775, 48.0702523 ], [ -0.750032, 48.0699044 ], [ -0.7491148, 48.0697233 ], [ -0.7490388, 48.0707262 ], [ -0.7474937, 48.071453 ], [ -0.7460874, 48.0706666 ], [ -0.7455457, 48.0706512 ], [ -0.7445985, 48.0719998 ], [ -0.744403, 48.0721496 ], [ -0.7436564, 48.07221 ], [ -0.7403266, 48.072177499999988 ], [ -0.7403541, 48.0723673 ], [ -0.7365908, 48.0758776 ], [ -0.736515, 48.0764514 ], [ -0.7356681, 48.0771747 ], [ -0.7352905, 48.0776335 ], [ -0.7352328, 48.0778056 ], [ -0.7354288, 48.0784498 ], [ -0.7355493, 48.0786342 ], [ -0.7367089, 48.0789449 ], [ -0.7382704, 48.0792489 ], [ -0.7414615, 48.078697 ], [ -0.7418976, 48.0784367 ], [ -0.7434385, 48.0782717 ], [ -0.7437534, 48.0779994 ], [ -0.744163, 48.0778696 ], [ -0.7450268, 48.0773582 ], [ -0.7462642, 48.0772832 ], [ -0.7474896, 48.076947 ], [ -0.7484095, 48.0767956 ], [ -0.7496606, 48.0763059 ], [ -0.7498539, 48.0761618 ], [ -0.7512625, 48.0759645 ], [ -0.7516719, 48.076027 ], [ -0.7524161, 48.0759226 ], [ -0.7532246, 48.0759548 ], [ -0.7540916, 48.0762585 ], [ -0.7559479, 48.07656 ], [ -0.756741, 48.0764638 ], [ -0.7573581, 48.0765999 ], [ -0.7580366, 48.0766101 ], [ -0.7589248, 48.0765017 ], [ -0.7597926, 48.077211299999988 ], [ -0.7600589, 48.0771681 ], [ -0.7602531, 48.0770271 ], [ -0.7602148, 48.076572 ], [ -0.7619258, 48.0764299 ], [ -0.7625937, 48.0761861 ], [ -0.763312, 48.0763894 ], [ -0.7637767, 48.0763586 ], [ -0.7642699, 48.0764966 ], [ -0.7648044, 48.0764396 ], [ -0.7651918, 48.0765071 ], [ -0.7655515, 48.0766463 ], [ -0.765226, 48.0768495 ], [ -0.7650572, 48.0774616 ], [ -0.7648808, 48.0774921 ], [ -0.7652655, 48.0777552 ], [ -0.7650358, 48.0777496 ], [ -0.7650177, 48.0781612 ], [ -0.7648558, 48.0785129 ], [ -0.7650059, 48.0786407 ], [ -0.7649782, 48.0788867 ], [ -0.7651738, 48.0789142 ], [ -0.7650896, 48.07916 ], [ -0.7652946, 48.0791731 ], [ -0.7651899, 48.0794051 ], [ -0.765308, 48.0794137 ], [ -0.7654, 48.0796997 ], [ -0.7654843, 48.0797097 ], [ -0.7654056, 48.0798311 ], [ -0.7655511, 48.0799819 ], [ -0.7655485, 48.0801725 ], [ -0.7657323, 48.0803296 ], [ -0.7655971, 48.0803907 ], [ -0.7656283, 48.0805626 ], [ -0.7657964, 48.0805854 ], [ -0.7657291, 48.0807038 ], [ -0.765939, 48.0807491 ], [ -0.7659695, 48.0808289 ], [ -0.7658296, 48.0809052 ], [ -0.765944, 48.0810215 ], [ -0.7659127, 48.0811418 ], [ -0.7660392, 48.081165 ], [ -0.7660103, 48.0813563 ], [ -0.7661427, 48.0814522 ], [ -0.7660212, 48.081526 ], [ -0.7661916, 48.0817767 ], [ -0.7664898, 48.0816464 ], [ -0.7666119, 48.0817293 ], [ -0.7661811, 48.0818529 ], [ -0.7661152, 48.0819888 ], [ -0.766361, 48.0819417 ], [ -0.7666285, 48.0820618 ], [ -0.7668367, 48.082018 ], [ -0.7669721, 48.0821486 ], [ -0.7676339, 48.0817937 ], [ -0.7677943, 48.0818791 ], [ -0.7678771, 48.0817544 ], [ -0.76797, 48.081791 ], [ -0.7680674, 48.081688899999989 ], [ -0.7684311, 48.0817083 ], [ -0.768412, 48.0814666 ], [ -0.7689666, 48.0817895 ], [ -0.7693358, 48.0817551 ], [ -0.7698361, 48.0819629 ], [ -0.7700589, 48.0821913 ], [ -0.770299, 48.082224 ], [ -0.7699479, 48.0825227 ], [ -0.7702258, 48.0826097 ], [ -0.7699805, 48.0827911 ], [ -0.7703145, 48.0828046 ], [ -0.7704563, 48.0829286 ], [ -0.7704817, 48.0831003 ], [ -0.7703801, 48.0831863 ], [ -0.7705251, 48.0833144 ], [ -0.7704427, 48.0834822 ], [ -0.7706781, 48.0836097 ], [ -0.7705284, 48.0837317 ], [ -0.7707534, 48.0838817 ], [ -0.7697403, 48.0848658 ], [ -0.7698564, 48.0854247 ], [ -0.7706162, 48.0857367 ], [ -0.7727569, 48.0855045 ], [ -0.7722334, 48.0845365 ], [ -0.7721349, 48.0840241 ], [ -0.7718236, 48.0836373 ], [ -0.7717292, 48.0829796 ], [ -0.7713287, 48.0823411 ], [ -0.7715601, 48.0818586 ], [ -0.7713625, 48.0812424 ], [ -0.7713958, 48.0808863 ], [ -0.770986, 48.0801163 ], [ -0.771012, 48.0797434 ], [ -0.7705631, 48.0793037 ], [ -0.7706708, 48.078892599999989 ], [ -0.7703388, 48.0782384 ], [ -0.7703534, 48.0776858 ], [ -0.7700296, 48.0771263 ], [ -0.7705546, 48.0766132 ], [ -0.7705594, 48.0762088 ], [ -0.7707352, 48.0757917 ], [ -0.7706653, 48.0750993 ], [ -0.771185, 48.074752 ], [ -0.7713157, 48.0744296 ], [ -0.7707365, 48.0738638 ], [ -0.7707995, 48.0735218 ], [ -0.7706693, 48.0732644 ], [ -0.7714239, 48.072443 ], [ -0.7710275, 48.0720884 ], [ -0.7709386, 48.07181 ], [ -0.7709343, 48.0714327 ], [ -0.7711212, 48.0710186 ] ], [ [ -0.7670907, 48.071045399999988 ], [ -0.7671053, 48.071204599999987 ], [ -0.767039, 48.0711828 ], [ -0.7670907, 48.071045399999988 ] ], [ [ -0.7675028, 48.0742407 ], [ -0.7672571, 48.0743547 ], [ -0.7668484, 48.0738811 ], [ -0.7672019, 48.0736454 ], [ -0.7674886, 48.0736403 ], [ -0.7677144, 48.0737392 ], [ -0.7672888, 48.0738929 ], [ -0.7674245, 48.073917 ], [ -0.7678001, 48.0737718 ], [ -0.7682001, 48.0739051 ], [ -0.7685923, 48.0742017 ], [ -0.7685934, 48.0744168 ], [ -0.7681871, 48.0746102 ], [ -0.7674211, 48.0743598 ], [ -0.767682, 48.0742293 ], [ -0.7673666, 48.0741243 ], [ -0.7672149, 48.0741499 ], [ -0.7675028, 48.0742407 ] ], [ [ -0.7509456, 48.074789 ], [ -0.7512244, 48.0747855 ], [ -0.7514247, 48.0748659 ], [ -0.7517442, 48.0751851 ], [ -0.7515988, 48.0754779 ], [ -0.751289, 48.0756616 ], [ -0.7511185, 48.0755506 ], [ -0.7509787, 48.0751357 ], [ -0.7506204, 48.0749094 ], [ -0.7509456, 48.074789 ] ], [ [ -0.7672815, 48.0752155 ], [ -0.7671883, 48.0752265 ], [ -0.767262, 48.0751265 ], [ -0.767033, 48.0749487 ], [ -0.7670187, 48.0746435 ], [ -0.7672346, 48.0744263 ], [ -0.7680838, 48.0746718 ], [ -0.7675591, 48.0750719 ], [ -0.7672869, 48.0751265 ], [ -0.7672815, 48.0752155 ] ], [ [ -0.765514, 48.0788355 ], [ -0.7652929, 48.0786835 ], [ -0.7650559, 48.078632899999988 ], [ -0.7652226, 48.0783913 ], [ -0.7654982, 48.0782374 ], [ -0.7657536, 48.0781332 ], [ -0.7665654, 48.0783914 ], [ -0.7664959, 48.0786609 ], [ -0.765514, 48.0788355 ] ] ], [ [ [ -0.764818, 48.0804763 ], [ -0.7647498, 48.08066 ], [ -0.7651125, 48.0807037 ], [ -0.7653797, 48.0808288 ], [ -0.7654384, 48.0807355 ], [ -0.7653432, 48.080535 ], [ -0.7655838, 48.0803901 ], [ -0.765284, 48.0802825 ], [ -0.7651705, 48.0800636 ], [ -0.7649891, 48.079981 ], [ -0.7648563, 48.080199 ], [ -0.7649561, 48.0804276 ], [ -0.764818, 48.0804763 ] ] ], [ [ [ -0.7757336, 48.0879724 ], [ -0.7755156, 48.0874566 ], [ -0.7737314, 48.0872229 ], [ -0.7729649, 48.0876581 ], [ -0.7733847, 48.088923 ], [ -0.7734014, 48.0896226 ], [ -0.7746016, 48.0892715 ], [ -0.774872, 48.0892917 ], [ -0.7752893, 48.0890918 ], [ -0.7753591, 48.0888833 ], [ -0.7760245, 48.0885602 ], [ -0.7772572, 48.0897351 ], [ -0.7766308, 48.0887843 ], [ -0.7757336, 48.0879724 ] ] ] ] } }
]
}
